id,brand_name,product_name,release_year,source_url
45001,David Walker,E155 Looms (Eau de Parfum),,https://www.trendyol.com/david-walker/e155-looms-50-ml-erkek-parfum-nature-p-37871042
45002,David Walker,E157 Black Mod (Eau de Parfum),,https://www.trendyol.com/david-walker/e157-black-mod-50-ml-erkek-parfum-woody-p-37959067
45003,David Walker,E158 Red Mod (Eau de Parfum),,https://www.trendyol.com/david-walker/e158-red-mod-50-ml-erkek-parfum-citrus-p-37872957
45004,David Walker,E161 Morris (Eau de Parfum),,https://www.trendyol.com/david-walker/e161-morris-50-ml-erkek-parfum-woody-p-41853265
45005,David Walker,E162 Tiguan (Eau de Parfum),,https://www.trendyol.com/david-walker/e162-tiguan-50-ml-erkek-parfum-citrus-p-37871088
45006,David Walker,E163 Gold (Eau de Parfum),,https://www.trendyol.com/david-walker/e163-gold-50-ml-erkek-parfum-aromatic-p-37871550
45007,David Walker,E164 Blue Motion (Eau de Parfum),,https://www.trendyol.com/david-walker/e164-blue-motion-50-ml-erkek-parfum-citrus-p-37871243
45008,David Walker,E165 Marc (Eau de Parfum),,https://www.trendyol.com/david-walker/e165-marc-50-ml-erkek-parfum-woody-p-37872075
45009,David Walker,E167 Vitali (Eau de Parfum),,https://www.trendyol.com/david-walker/e167-vitali-50-ml-erkek-parfum-woody-p-37871066
45010,David Walker,E168 Acqua (Eau de Parfum),,https://www.trendyol.com/david-walker/e168-acqua-50-ml-erkek-parfum-citrus-p-37871010
45011,David Walker,E169 Hampton (Eau de Parfum),,https://www.trendyol.com/david-walker/e169-hampton-50-ml-erkek-parfum-aromatic-p-37871048
45012,David Walker,E170 Marvel (Eau de Parfum),,https://www.trendyol.com/david-walker/e170-marvel-50-ml-erkek-parfum-citrus-p-37955426
45013,David Walker,E171 Montclair (Eau de Parfum),,https://www.trendyol.com/david-walker/e171-montclair-50-ml-erkek-parfum-aromatic-p-37871846
45014,David Walker,E172 Strong (Eau de Parfum),,https://www.trendyol.com/david-walker/e172-strong-50-ml-erkek-parfum-aromatic-p-37958721
45015,David Walker,E173 Luck (Eau de Parfum),,https://www.trendyol.com/david-walker/e173-luck-man-50-ml-erkek-parfum-aromatic-p-37871523
45016,David Walker,E174 Zoro (Eau de Parfum),,https://www.trendyol.com/david-walker/e174-zoro-50-ml-erkek-parfum-woody-p-37870698
45017,David Walker,E176 Kingdom (Eau de Parfum),,https://www.trendyol.com/david-walker/e176-kingdom-50-ml-erkek-parfum-citrus-p-72447433
45018,David Walker,E177 Tentative (Eau de Parfum),,https://www.trendyol.com/david-walker/e177-tentative-50-ml-erkek-parfum-aromatic-p-269330046
45019,David Walker,E178 Orient (Eau de Parfum),,https://www.trendyol.com/david-walker/e178-orient-50-ml-erkek-parfum-woody-p-788676859
45020,David Walker,E179 Robin (Eau de Parfum),,https://www.trendyol.com/david-walker/e179-robin-50-ml-erkek-parfum-citrus-p-778487062
45021,David Walker,E18 Nino (Eau de Parfum),,https://www.trendyol.com/david-walker/e18-nino-50-ml-erkek-parfum-nature-p-37871231
45022,David Walker,E183 River (Eau de Parfum),,https://www.trendyol.com/david-walker/e183-river-50-ml-erkek-parfum-aromatic-p-788677576
45023,David Walker,E184 Stand With Me (Eau de Parfum),,https://www.trendyol.com/david-walker/e184-stand-with-me-50-ml-erkek-parfum-aromatic-p-788688903
45024,David Walker,E185 Borisso (Eau de Parfum),,https://www.trendyol.com/david-walker/e185-borisso-50-ml-erkek-parfum-aromatic-p-808039522
45025,David Walker,E186 Miles (Eau de Parfum),,https://www.trendyol.com/david-walker/e186-miles-50-ml-erkek-parfum-citrus-p-869671821
45026,David Walker,E188 Lizbon (Eau de Parfum),,https://www.trendyol.com/david-walker/e188-lizbon-50-ml-erkek-parfum-woody-p-877236050
45027,David Walker,E189 Nite (Eau de Parfum),,https://www.trendyol.com/david-walker/e189-nite-50-ml-erkek-parfum-woody-p-962573872
45028,David Walker,E19 Cactus (Eau de Parfum),,https://www.trendyol.com/david-walker/e19-cactus-50-ml-erkek-parfum-woody-p-41848704
45029,David Walker,E191 Medio Oriente (Eau de Parfum),,https://www.trendyol.com/david-walker/e191-medio-oriente-50-ml-erkek-parfum-p-1155816071
45030,David Walker,E2 Keumo (Eau de Parfum),,https://www.trendyol.com/david-walker/e2-keumo-50-ml-erkek-parfum-woody-p-37871075
45031,David Walker,E20 Herros (Eau de Parfum),,https://www.trendyol.com/david-walker/e20-herros-50-ml-erkek-parfum-aromatic-p-37871152
45032,David Walker,E200 Casttle (Eau de Parfum),,https://www.trendyol.com/david-walker/e200-casttle-50-ml-erkek-parfum-citrus-p-267134506
45033,David Walker,E22 Huget (Eau de Parfum),,https://www.trendyol.com/david-walker/e22-huget-50-ml-erkek-parfum-citrus-p-37871147
45034,David Walker,E23 Comer (Eau de Parfum),,https://www.trendyol.com/david-walker/e23-comer-50-ml-erkek-parfum-nature-p-41848496
45035,David Walker,E26 Contario (Eau de Parfum),,https://www.trendyol.com/david-walker/e26-contario-50-ml-erkek-parfum-nature-p-41848989
45036,David Walker,E27 Fantastic (Eau de Parfum),,https://www.trendyol.com/david-walker/e27-fantastic-50-ml-erkek-parfum-oriental-p-37872017
45037,David Walker,E29 Smore (Eau de Parfum),,https://www.trendyol.com/david-walker/e29-smore-50-ml-erkek-parfum-oriental-p-37871045
45038,David Walker,E30 Caravel (Eau de Parfum),,https://www.trendyol.com/david-walker/e30-caravel-50-ml-erkek-parfum-aromatic-p-37871111
45039,David Walker,E31 Victor (Eau de Parfum),,https://www.trendyol.com/david-walker/e31-victor-50-ml-erkek-parfum-fruity-p-37870868
45040,David Walker,E34 Givert (Eau de Parfum),,https://www.trendyol.com/david-walker/e34-givert-50-ml-erkek-parfum-woody-p-37871019
45041,David Walker,E35 Sport (Eau de Parfum),,https://www.trendyol.com/david-walker/e35-sport-50-ml-erkek-parfum-fruity-woody-p-37956530
45042,David Walker,E37 Cologne (Eau de Parfum),,https://www.trendyol.com/david-walker/e37-cologne-50-ml-erkek-parfum-nature-p-37871054
45043,David Walker,E39 Lecme (Eau de Parfum),,https://www.trendyol.com/david-walker/e39-lecme-50-ml-erkek-parfum-woody-p-41848610
45044,David Walker,E42 Manuel (Eau de Parfum),,https://www.trendyol.com/david-walker/e42-manuel-50-ml-erkek-parfum-nature-p-37871089
45045,David Walker,E44 Dragster (Eau de Parfum),,https://www.trendyol.com/david-walker/e44-dragster-50-ml-erkek-parfum-citrus-p-37871118
45046,David Walker,E45 Lilyum (Eau de Parfum),,https://www.trendyol.com/david-walker/e45-lilyum-50-ml-erkek-parfum-woody-p-41849412
45047,David Walker,E47 Elios Di (Eau de Parfum),,https://www.trendyol.com/david-walker/e47-elios-di-50-ml-erkek-parfum-woody-p-37958683
45048,David Walker,E49 Centrue (Eau de Parfum),,https://www.trendyol.com/david-walker/e49-centrue-50-ml-erkek-parfum-woody-p-41849598
45049,David Walker,E5 Zoro (Eau de Parfum),,https://www.trendyol.com/david-walker/e5-zoro-50-ml-erkek-parfum-woody-p-37871583
45050,David Walker,E52 Yesterday (Eau de Parfum),,https://www.trendyol.com/david-walker/e52-yesterday-50-ml-erkek-parfum-citrus-p-37958019
45051,David Walker,E54 Nonses (Eau de Parfum),,https://www.trendyol.com/david-walker/e54-nonses-50-ml-erkek-parfum-citrus-p-37871140
45052,David Walker,E6 Smith (Eau de Parfum),,https://www.trendyol.com/david-walker/e6-smith-50-ml-erkek-parfum-nature-p-37870998
45053,David Walker,E62 Idefox (Eau de Toilette),,https://www.trendyol.com/david-walker/e62-idefox-50-ml-erkek-parfum-floral-fruity-p-37956589
45054,David Walker,E63 Mamilo (Eau de Parfum),,https://www.trendyol.com/david-walker/e63-mamilo-50-ml-erkek-parfum-aromatic-p-37870763
45055,David Walker,E66 Pinoccio (Eau de Parfum),,https://www.trendyol.com/david-walker/e66-pinoccio-50-ml-erkek-parfum-fresh-p-37871174
45056,David Walker,E67 Tom (Eau de Parfum),,https://www.trendyol.com/david-walker/e67-tom-50-ml-erkek-parfum-aromatic-p-37871592
45057,David Walker,E68 Romano (Eau de Parfum),,https://www.trendyol.com/david-walker/e68-romano-50-ml-erkek-parfum-fresh-p-37872914
45058,David Walker,E69 Rock (Eau de Parfum),,https://www.trendyol.com/david-walker/e69-rock-50-ml-erkek-parfum-fresh-p-37955358
45059,David Walker,E7 Mania (Eau de Parfum),,https://www.trendyol.com/david-walker/e7-mania-50-ml-erkek-parfum-citrus-p-37956716
45060,David Walker,E70 Royamania (Eau de Parfum),,https://www.trendyol.com/david-walker/e70-royamania-50-ml-erkek-parfum-nature-p-37870942
45061,David Walker,E71 Batacian (Eau de Parfum),,https://www.trendyol.com/david-walker/e71-batacian-50-ml-erkek-parfum-woody-p-37870884
45062,David Walker,E72 Vincet (Eau de Parfum),,https://www.trendyol.com/david-walker/e72-vincet-50-ml-erkek-parfum-nature-p-37871110
45063,David Walker,E74 Parcorus (Eau de Parfum),,https://www.trendyol.com/david-walker/e74-parcorus-50-ml-erkek-parfum-citrus-p-41849366
45064,David Walker,E75 Dustin (Eau de Parfum),,https://www.trendyol.com/david-walker/e75-dustin-50-ml-erkek-parfum-citrus-p-37871011
45065,David Walker,E78 Jewelli (Eau de Parfum),,https://www.trendyol.com/david-walker/e78-jewelli-50-ml-erkek-parfum-citrus-p-37872199
45066,David Walker,E8 Navigeteur (Eau de Parfum),,https://www.trendyol.com/david-walker/e8-navigeteur-50-ml-erkek-parfum-woody-p-41849012
45067,David Walker,E81 Flash Two (Eau de Parfum),,https://www.trendyol.com/david-walker/e81-flash-two-50-ml-erkek-parfum-woody-p-37957417
45068,David Walker,E82 Blues (Eau de Parfum),,https://www.trendyol.com/david-walker/e82-blues-50-ml-erkek-parfum-citrus-p-37870995
45069,David Walker,E87 Diegor (Eau de Parfum),,https://www.trendyol.com/david-walker/e87-diegor-50-ml-erkek-parfum-aromatic-p-37871955
45070,David Walker,E88 Walles (Eau de Parfum),,https://www.trendyol.com/david-walker/e88-walles-50-ml-erkek-parfum-citrus-p-37871859
45071,David Walker,E89 Minni Two (Eau de Parfum),,https://www.trendyol.com/david-walker/e89-minni-two-50-ml-erkek-parfum-woody-p-37871033
45072,David Walker,E91 Harbor (Eau de Parfum),,https://www.trendyol.com/david-walker/e91-harbor-50-ml-erkek-parfum-woody-p-37870973
45073,David Walker,E94 Sure (Eau de Parfum),,https://www.trendyol.com/david-walker/e94-sure-50-ml-erkek-parfum-citrus-p-37870894
45074,David Walker,E97 Bavari (Eau de Parfum),,https://www.trendyol.com/david-walker/e97-bavari-50-ml-erkek-parfum-aromatic-p-37871567
45075,David Walker,E98 Keyloc (Eau de Parfum),,https://www.trendyol.com/david-walker/e98-keyloc-50-ml-erkek-parfum-aromatic-p-37870980
45076,David Walker,E99 Delist (Eau de Parfum),,https://www.trendyol.com/david-walker/e99-delist-50-ml-erkek-parfum-aromatic-p-37872887
45077,David Walker,FIDEL E73 (Eau de Parfum),,https://www.trendyol.com/david-walker/fidel-e73-50ml-odunsu-erkek-parfum-p-37871052
45078,David Walker,FRETON E80 (Eau de Parfum),,https://www.trendyol.com/david-walker/freton-e80-50ml-odunsu-erkek-parfum-p-37871072
45079,David Walker,FROUDE B112 Meyve (Eau de Parfum),,https://www.trendyol.com/david-walker/froude-b112-50ml-meyve-kadin-parfum-p-38032845
45080,David Walker,Green (Eau de Parfum),,https://www.trendyol.com/david-walker/green-50-ml-unisex-parfum-p-689265408
45081,David Walker,HEARTY E106 Ferah (Eau de Parfum),,https://www.trendyol.com/david-walker/hearty-e106-50ml-ferah-erkek-parfum-p-37955549
45082,David Walker,HOMES E107 (Eau de Parfum),,https://www.trendyol.com/david-walker/homes-e107-50ml-odunsu-erkek-parfum-p-37872128
45083,David Walker,Ittercul B29 Çiçek (Eau de Parfum),,https://www.trendyol.com/david-walker/ittercul-b29-edp-50ml-cicek-kadin-parfum-8682530302315-p-38014305
45084,David Walker,Jeuel B130 Sofistike (Eau de Parfum),,https://www.trendyol.com/david-walker/jeuel-b130-sofistike-edp-50ml-kadin-parfum-8682530303329-p-38015027
45085,David Walker,LBE AMELIA (Eau de Parfum),,https://www.trendyol.com/david-walker/lbe-amelia-50ml-kadin-parfum-p-33812913
45086,David Walker,LBE AMETHYTS (Eau de Parfum),,https://www.trendyol.com/david-walker/lbe-amethyts-50-ml-kadin-parfum-p-72403845
45087,David Walker,LBE INFINITE (Eau de Parfum),,https://www.trendyol.com/david-walker/lbe-infinite-50ml-erkek-parfum-p-136682164
45088,David Walker,LBE ROSE MUSK (Eau de Parfum),,https://www.trendyol.com/david-walker/lbe-rose-musk-50ml-unisex-parfum-p-111788414
45089,David Walker,LBE SPARKLES (Eau de Parfum),,https://www.trendyol.com/david-walker/lbe-sparkles-50ml-unisex-parfum-p-33819854
45090,David Walker,MANIA B83 Ferah&Çiçek (Eau de Parfum),,https://www.trendyol.com/david-walker/mania-b83-50ml-ferah-cicek-kadin-parfum-p-38014026
45091,David Walker,Nıche Voltage Two (Eau de Parfum),,https://www.trendyol.com/david-walker/niche-voltage-two-50ml-parfum-p-847837955
45092,David Walker,NICHE BARNEY (Eau de Parfum),,https://www.trendyol.com/david-walker/niche-barney-50ml-parfum-p-982476729
45093,David Walker,NICHE BRENTY (Eau de Parfum),,https://www.trendyol.com/david-walker/niche-brenty-50ml-parfum-p-1195246409
45094,David Walker,NICHE BROMLEY (Eau de Parfum),,https://www.trendyol.com/david-walker/niche-bromley-50ml-parfum-p-1197695880
45095,David Walker,NICHE CHARONNE (Eau de Parfum),,https://www.trendyol.com/david-walker/niche-charonne-50ml-parfum-p-1197793007
45096,David Walker,NICHE COSTARIKA (Eau de Parfum),,https://www.trendyol.com/david-walker/niche-costarika-50ml-parfum-p-1197793438
45097,David Walker,NICHE ESPRADO (Eau de Parfum),,https://www.trendyol.com/david-walker/niche-esprado-50ml-parfum-p-847308976
45098,David Walker,NICHE HACKNEY (Eau de Parfum),,https://www.trendyol.com/david-walker/niche-hackney-50ml-parfum-p-1195312389
45099,David Walker,NICHE HAMLEST (Eau de Parfum),,https://www.trendyol.com/david-walker/niche-hamlest-50ml-parfum-p-1195219798
45100,David Walker,NICHE HARINGEY (Eau de Parfum),,https://www.trendyol.com/david-walker/niche-haringey-50ml-parfum-p-1195180553
45101,David Walker,NICHE HARROW (Eau de Parfum),,https://www.trendyol.com/david-walker/niche-harrow-50ml-parfum-p-1204182325
45102,David Walker,NICHE JARDIN (Eau de Parfum),,https://www.trendyol.com/david-walker/niche-jardin-50ml-parfum-p-1197974648
45103,David Walker,NICHE JAVEL (Eau de Parfum),,https://www.trendyol.com/david-walker/niche-javel-50ml-parfum-p-1198009389
45104,David Walker,NICHE KINGSTON (Eau de Parfum),,https://www.trendyol.com/david-walker/niche-kingston-50ml-parfum-p-1195894967
45105,David Walker,Niche Marlıne (Eau de Parfum),,https://www.trendyol.com/david-walker/niche-marline-50ml-parfum-p-879438959
45106,David Walker,NICHE MERTON (Eau de Parfum),,https://www.trendyol.com/david-walker/niche-merton-50ml-parfum-p-1195309102
45107,David Walker,NICHE MR.Morris (Eau de Parfum),,https://www.trendyol.com/david-walker/niche-mr-morris-50ml-parfum-p-879458592
45108,David Walker,NICHE NARCOSE (Eau de Parfum),,https://www.trendyol.com/david-walker/niche-narcose-50ml-parfum-p-848229904
45109,David Walker,Niche NEW FLOWER (Eau de Parfum),,https://www.trendyol.com/david-walker/niche-new-flower-50ml-parfum-p-879439181
45110,David Walker,NICHE SOUTHWARK (Eau de Parfum),,https://www.trendyol.com/david-walker/niche-southwark-50ml-parfum-p-1195234072
45111,David Walker,Niche VICTOR (Eau de Parfum),,https://www.trendyol.com/david-walker/niche-victor-50ml-parfum-p-879451340
45112,David Walker,NICHE VOLTAGE ONE (Eau de Parfum),,https://www.trendyol.com/david-walker/niche-voltage-one-50ml-parfum-p-847331453
45113,David Walker,NICHE WALKER 01 (Eau de Parfum),,https://www.trendyol.com/david-walker/niche-walker-01-50ml-parfum-p-1179472944
45114,David Walker,NICHE WALKER 02 (Eau de Parfum),,https://www.trendyol.com/david-walker/niche-walker-02-50ml-parfum-p-1195127207
45115,David Walker,NICHE WALKER 03 (Eau de Parfum),,https://www.trendyol.com/david-walker/niche-walker-03-50ml-parfum-p-1195149058
45116,David Walker,NICHE WALKER 04 (Eau de Parfum),,https://www.trendyol.com/david-walker/niche-walker-04-50ml-parfum-p-1195163203
45117,David Walker,NICHE WALKER 06 (Eau de Parfum),,https://www.trendyol.com/david-walker/niche-walker-06-50ml-parfum-p-1204093233
45118,David Walker,Niche WORLD OF LEGEND (Eau de Parfum),,https://www.trendyol.com/david-walker/niche-world-of-legend-50ml-parfum-p-879440361
45119,David Walker,NICHE X MARIA (Eau de Parfum),,https://www.trendyol.com/david-walker/niche-x-maria-50ml-parfum-p-879391079
45120,David Walker,Orange (Eau de Parfum),,https://www.trendyol.com/david-walker/orange-unisex-parfum-p-689272982
45121,David Walker,ORANGE TREE 1982 (Eau de Parfum),1982,https://www.trendyol.com/david-walker/orange-tree-1982-p-859956807
45122,David Walker,Purple (Eau de Parfum),,https://www.trendyol.com/david-walker/purple-unisex-parfum-p-690624588
45123,David Walker,PURPLE VIOLET 1982 (Eau de Parfum),1982,https://www.trendyol.com/david-walker/purple-violet-1982-p-859957962
45124,David Walker,QUARTES E110 Çiçek&Vanilya (Eau de Parfum),,https://www.trendyol.com/david-walker/quartes-e110-50ml-cicek-vanilya-erkek-parfum-p-37957500
45125,David Walker,RED LEAVES 1982 (Eau de Parfum),1982,https://www.trendyol.com/david-walker/red-leaves-1982-p-859957943
45126,David Walker,RESIDENSE E111 Ferah (Eau de Parfum),,https://www.trendyol.com/david-walker/residense-e111-50ml-ferah-erkek-parfum-p-37871482
45127,David Walker,Rouge (Eau de Parfum),,https://www.trendyol.com/david-walker/rouge-unisex-parfum-p-689282946
45128,David Walker,SALLY E105 (Eau de Parfum),,https://www.trendyol.com/david-walker/sally-e105-50ml-odunsu-erkek-parfum-p-37871083
45129,David Walker,SECRET E96 Ferah& (Eau de Parfum),,https://www.trendyol.com/david-walker/secret-e96-50ml-ferah-oryantal-erkek-parfum-p-41848624
45130,David Walker,Tamarıx (Eau de Parfum),,https://www.trendyol.com/david-walker/tamarix-edp-50ml-kadin-parfum-8682530302742-p-38014455
45131,David Walker,TORQUISE JAWELR 1982 (Eau de Parfum),1982,https://www.trendyol.com/david-walker/torquise-jawelr-1982-p-859958064
45132,David Walker,TOUREG E86 (Eau de Parfum),,https://www.trendyol.com/david-walker/toureg-e86-50ml-odunsu-erkek-parfum-p-41849397
45133,David Walker,Turquoıse (Eau de Parfum),,https://www.trendyol.com/david-walker/turquoise-unisex-parfum-p-922332997
45134,David Walker,UNIQUE BLACK 1987 (Eau de Parfum),1987,https://www.trendyol.com/david-walker/unique-black-1987-100ml-unisex-parfum-p-863345790
45135,David Walker,UNIQUE BLUE 1987 (Eau de Parfum),1987,https://www.trendyol.com/david-walker/unique-blue-1987-100ml-unisex-parfum-p-863424113
45136,David Walker,UNIQUE PURPLE 1987 (Eau de Parfum),1987,https://www.trendyol.com/david-walker/unique-purple-1987-100ml-unisex-parfum-p-863363467
45137,David Walker,UNIQUE ROUGE 1987 (Eau de Parfum),1987,https://www.trendyol.com/david-walker/unique-rouge-1987-100ml-unisex-parfum-p-899210538
45138,David Walker,VALNES E187 Exclusive (Eau de Parfum),,https://www.trendyol.com/david-walker/valnes-e187-exclusive-50-ml-erkek-parfum-amber-p-962571747
45139,David Walker,White (Eau de Parfum),,https://www.trendyol.com/david-walker/white-50ml-unisex-parfum-p-689265921
45140,David Yurman,Anvil,2018,https://www.fragrantica.com/perfume/David-Yurman/Anvil-63403.html
45141,David Yurman,Armory,2020,https://www.fragrantica.com/perfume/David-Yurman/Armory-63404.html
45142,David Yurman,David Yurman Fragrance,2008,https://www.fragrantica.com/perfume/David-Yurman/David-Yurman-Fragrance-3084.html
45143,David Yurman,David Yurman Limited Edition,2011,https://www.fragrantica.com/perfume/David-Yurman/David-Yurman-Limited-Edition-13660.html
45144,David Yurman,Delicate Essence,2011,https://www.fragrantica.com/perfume/David-Yurman/Delicate-Essence-11009.html
45145,David Yurman,Exotic Essence,2011,https://www.fragrantica.com/perfume/David-Yurman/Exotic-Essence-11007.html
45146,David Yurman,Fresh Essence,2011,https://www.fragrantica.com/perfume/David-Yurman/Fresh-Essence-11008.html
45147,David Yurman,Imperial,2018,https://www.fragrantica.com/perfume/David-Yurman/Imperial-63405.html
45148,David Yurman,Patron,2018,https://www.fragrantica.com/perfume/David-Yurman/Patron-63406.html
45149,David Yurman,Pave,2020,https://www.fragrantica.com/perfume/David-Yurman/Pave-63409.html
45150,David Yurman,Prive,2018,https://www.fragrantica.com/perfume/David-Yurman/Prive-63407.html
45151,David Yurman,Summer Essence,2012,https://www.fragrantica.com/perfume/David-Yurman/Summer-Essence-15182.html
45152,David Yurman,Voyage,2019,https://www.fragrantica.com/perfume/David-Yurman/Voyage-63408.html
45153,Davidoff,Adventure Amazonia,2009,https://www.fragrantica.com/perfume/Davidoff/Adventure-Amazonia-5209.html
45154,Davidoff,Adventure Davidoff 2008 After Shave,2008,https://www.parfumo.com/Perfumes/Davidoff/Adventure_After_Shave
45155,Davidoff,Adventure (Eau de Toilette),2008,https://www.fragrantica.com/perfume/Davidoff/Adventure-1728.html
45156,Davidoff,Adventure Eau Fraiche,2010,https://www.fragrantica.com/perfume/Davidoff/Adventure-Eau-Fraiche-7728.html
45157,Davidoff,Champion Davidoff 2010 After Shave,2010,https://www.parfumo.com/Perfumes/Davidoff/Champion_After_Shave
45158,Davidoff,Champion (Eau de Toilette),2010,https://www.fragrantica.com/perfume/Davidoff/Champion-9109.html
45159,Davidoff,Champion Energy (After Shave),2011,https://www.fragrantica.com/perfume/Davidoff/Champion-Energy-12612.html
45160,Davidoff,Champion Energy Davidoff 2011 Eau de Toilette,2011,https://www.parfumo.com/Perfumes/Davidoff/Champion_Energy_Eau_de_Toilette
45161,Davidoff,Cool Elixir,2025,https://www.fragrantica.com/perfume/Davidoff/Cool-Elixir-104238.html
45162,Davidoff,Cool Elixir Floral Vanilla,2026,https://www.fragrantica.com/perfume/Davidoff/Cool-Elixir-Floral-Vanilla-122739.html
45163,Davidoff,Cool Elixir Safran Mineral,2026,https://www.fragrantica.com/perfume/Davidoff/Cool-Elixir-Safran-Mineral-122738.html
45164,Davidoff,Cool Elixir Woman,2025,https://www.fragrantica.com/perfume/Davidoff/Cool-Elixir-Woman-106121.html
45165,Davidoff,Cool Water (After Shave),1988,https://www.fragrantica.com/perfume/Davidoff/Cool-Water-507.html
45166,Davidoff,Cool Water Aquaman 2020,2020,https://huggingface.co/datasets/doevent/perfume
45167,Davidoff,Cool Water Aquaman Collector,2020,https://www.fragrantica.com/perfume/Davidoff/Cool-Water-Aquaman-Collector-60889.html
45168,Davidoff,Cool Water Aquaman Collector Edition,2020,https://www.parfumo.com/Perfumes/Davidoff/cool-water-aquaman-collector-edition
45169,Davidoff,Cool Water Caribbean Summer Edition,2018,https://www.fragrantica.com/perfume/Davidoff/Cool-Water-Caribbean-Summer-Edition-49659.html
45170,Davidoff,Cool Water Cool Summer,2009,https://www.parfumo.com/Perfumes/Davidoff/Cool_Water_Cool_Summer
45171,Davidoff,Cool Water Coral Reef Edition,2014,https://www.parfumo.com/Perfumes/Davidoff/Cool_Water_Coral_Reef_Edition
45172,Davidoff,Cool Water Davidoff Body Spray,,https://www.parfumo.com/Perfumes/Davidoff/cool-water-body-spray
45173,Davidoff,Cool Water Deep Davidoff 2004 After Shave,2004,https://www.parfumo.com/Perfumes/Davidoff/Cool_Water_Deep_After_Shave
45174,Davidoff,Cool Water Deep (Eau de Toilette),,https://www.fragrantica.com/perfume/Davidoff/Cool-Water-Deep-511.html
45175,Davidoff,Cool Water Deep Sea Scent and Sun,2005,https://www.fragrantica.com/perfume/Davidoff/Cool-Water-Deep-Sea-Scent-and-Sun-1327.html
45176,Davidoff,"Cool Water Deep Sea, Scents and Sun",,https://www.parfumo.com/Perfumes/Davidoff/Cool_Water_Deep_Sea_Scents_and_Sun
45177,Davidoff,Cool Water Deep Summer Fizz,,https://www.fragrantica.com/perfume/Davidoff/Cool-Water-Deep-Summer-Fizz-512.html
45178,Davidoff,Cool Water (Eau de Toilette),1996,https://www.fragrantica.com/perfume/Davidoff/Cool-Water-508.html
45179,Davidoff,Cool Water Energizing Cologne (Eau de Cologne),2002,https://www.parfumo.com/Perfumes/Davidoff/cool-water-energizing-cologne
45180,Davidoff,Cool Water Exotic Summer,2016,https://www.fragrantica.com/perfume/Davidoff/Cool-Water-Exotic-Summer-35371.html
45181,Davidoff,Cool Water Freeze Me,2008,https://www.fragrantica.com/perfume/Davidoff/Cool-Water-Freeze-Me-2690.html
45182,Davidoff,Cool Water Frozen,2001,https://www.fragrantica.com/perfume/Davidoff/Cool-Water-Frozen-1331.html
45183,Davidoff,Cool Water Frozen,2004,https://www.fragrantica.com/perfume/Davidoff/Cool-Water-Frozen-1332.html
45184,Davidoff,Cool Water Frozen Fragrance,2004,https://www.parfumo.com/Perfumes/Davidoff/cool-water-frozen-fragrance
45185,Davidoff,Cool Water Game,2006,https://www.fragrantica.com/perfume/Davidoff/Cool-Water-Game-1316.html
45186,Davidoff,Cool Water Game for Him,2006,https://www.fragrantica.com/perfume/Davidoff/Cool-Water-Game-for-Him-1317.html
45187,Davidoff,Cool Water Game... for Man Davidoff 2006 After Shave,2006,https://www.parfumo.com/Perfumes/Davidoff/cool-water-game-for-man-after-shave
45188,Davidoff,Cool Water Game... for Man Davidoff 2006 Eau de Toilette,2006,https://www.parfumo.com/Perfumes/Davidoff/cool-water-game-for-man-eau-de-toilette
45189,Davidoff,Cool Water Game... for Man Happy Summer,2007,https://www.parfumo.com/Perfumes/Davidoff/cool-water-game-for-man-happy-summer
45190,Davidoff,Cool Water Game... for Woman,2006,https://www.parfumo.com/Perfumes/Davidoff/cool-water-game-for-woman
45191,Davidoff,Cool Water Game... for Woman Happy Summer,2007,https://www.parfumo.com/Perfumes/Davidoff/cool-water-game-for-woman-happy-summer
45192,Davidoff,Cool Water Game Happy Summer,2007,https://www.fragrantica.com/perfume/Davidoff/Cool-Water-Game-Happy-Summer-1321.html
45193,Davidoff,Cool Water Game Happy Summer For Men,2007,https://www.fragrantica.com/perfume/Davidoff/Cool-Water-Game-Happy-Summer-For-Men-1322.html
45194,Davidoff,Cool Water Grapefruit & Sage,2022,https://www.fragrantica.com/perfume/Davidoff/Cool-Water-Grapefruit-Sage-74605.html
45195,Davidoff,Cool Water Happy Summer,2007,https://www.parfumo.com/Perfumes/Davidoff/Cool_Water_Happy_Summer
45196,Davidoff,Cool Water Happy Summer Man,2007,https://www.fragrantica.com/perfume/Davidoff/Cool-Water-Happy-Summer-Man-44590.html
45197,Davidoff,Cool Water Happy Summer Woman,2007,https://www.fragrantica.com/perfume/Davidoff/Cool-Water-Happy-Summer-Woman-44589.html
45198,Davidoff,Cool Water Ice Fresh,2010,https://www.parfumo.com/Perfumes/Davidoff/Cool_Water_Ice_Fresh
45199,Davidoff,Cool Water Intense,2019,https://www.fragrantica.com/perfume/Davidoff/Cool-Water-Intense-55266.html
45200,Davidoff,Cool Water Intense for Her,2019,https://www.fragrantica.com/perfume/Davidoff/Cool-Water-Intense-for-Her-55267.html
45201,Davidoff,Cool Water Into the Ocean,2013,https://www.parfumo.com/Perfumes/Davidoff/Cool_Water_Into_the_Ocean
45202,Davidoff,Cool Water Into The Ocean for Men,2013,https://www.fragrantica.com/perfume/Davidoff/Cool-Water-Into-The-Ocean-for-Men-17479.html
45203,Davidoff,Cool Water Into The Ocean for Women,2013,https://www.fragrantica.com/perfume/Davidoff/Cool-Water-Into-The-Ocean-for-Women-17480.html
45204,Davidoff,Cool Water Jasmine & Tangerine,2022,https://www.fragrantica.com/perfume/Davidoff/Cool-Water-Jasmine-Tangerine-91347.html
45205,Davidoff,Cool Water Love The Ocean 2015,2015,https://huggingface.co/datasets/doevent/perfume
45206,Davidoff,Cool Water Man Cool Summer,2009,https://www.fragrantica.com/perfume/Davidoff/Cool-Water-Man-Cool-Summer-5578.html
45207,Davidoff,Cool Water Man Summer Edition 2019,2019,https://www.fragrantica.com/perfume/Davidoff/Cool-Water-Man-Summer-Edition-2019-54312.html
45208,Davidoff,Cool Water Man Summer Seas,2015,https://www.fragrantica.com/perfume/Davidoff/Cool-Water-Man-Summer-Seas-29540.html
45209,Davidoff,Cool Water Mediterranean Summer Edition 2019,2019,https://huggingface.co/datasets/doevent/perfume
45210,Davidoff,Cool Water Mera Collector,2020,https://www.fragrantica.com/perfume/Davidoff/Cool-Water-Mera-Collector-60890.html
45211,Davidoff,Cool Water Mera Collector Edition,2020,https://www.parfumo.com/Perfumes/Davidoff/cool-water-mera-collector-edition
45212,Davidoff,Cool Water Night Dive Davidoff 2014 After Shave,2014,https://www.parfumo.com/Perfumes/Davidoff/Cool_Water_Night_Dive_After_Shave
45213,Davidoff,Cool Water Night Dive (Eau de Toilette),2014,https://www.fragrantica.com/perfume/Davidoff/Cool-Water-Night-Dive-23045.html
45214,Davidoff,Cool Water Night Dive Woman,2014,https://www.fragrantica.com/perfume/Davidoff/Cool-Water-Night-Dive-Woman-25581.html
45215,Davidoff,Cool Water Ocean Extreme,2016,https://www.fragrantica.com/perfume/Davidoff/Cool-Water-Ocean-Extreme-39241.html
45216,Davidoff,Cool Water Ocean Radiance,2003,https://www.fragrantica.com/perfume/Davidoff/Cool-Water-Ocean-Radiance-1324.html
45217,Davidoff,Cool Water Oceanic Edition,2023,https://www.fragrantica.com/perfume/Davidoff/Cool-Water-Oceanic-Edition-84033.html
45218,Davidoff,Cool Water Oceanic Edition for Her,2023,https://www.parfumo.com/Perfumes/Davidoff/cool-water-oceanic-edition-for-her
45219,Davidoff,Cool Water Odyssey Parfum,,https://huggingface.co/datasets/doevent/perfume
45220,Davidoff,Cool Water Pacific Summer Edition,,https://www.parfumo.com/Perfumes/Davidoff/Cool_Water_Pacific_Summer_Edition
45221,Davidoff,Cool Water Pacific Summer Edition for Men,2017,https://www.fragrantica.com/perfume/Davidoff/Cool-Water-Pacific-Summer-Edition-for-Men-45648.html
45222,Davidoff,Cool Water Pacific Summer Edition for Women,2017,https://www.fragrantica.com/perfume/Davidoff/Cool-Water-Pacific-Summer-Edition-for-Women-45649.html
45223,Davidoff,Cool Water Parfum,2021,https://www.fragrantica.com/perfume/Davidoff/Cool-Water-Parfum-66525.html
45224,Davidoff,Cool Water Parfum for Her,2021,https://www.fragrantica.com/perfume/Davidoff/Cool-Water-Parfum-for-Her-66526.html
45225,Davidoff,Cool Water Pure Pacific,2012,https://www.parfumo.com/Perfumes/Davidoff/Cool_Water_Pure_Pacific
45226,Davidoff,Cool Water Pure Pacific for Her,2012,https://www.fragrantica.com/perfume/Davidoff/Cool-Water-Pure-Pacific-for-Her-14565.html
45227,Davidoff,Cool Water Pure Pacific for Him,2012,https://www.fragrantica.com/perfume/Davidoff/Cool-Water-Pure-Pacific-for-Him-14564.html
45228,Davidoff,Cool Water Reborn Davidoff 2024 Eau de Parfum Intense,2024,https://www.parfumo.com/Perfumes/Davidoff/cool-water-reborn-eau-de-parfum-intense
45229,Davidoff,Cool Water Reborn Eau de Parfum,2023,https://www.fragrantica.com/perfume/Davidoff/Cool-Water-Reborn-Eau-de-Parfum-88711.html
45230,Davidoff,Cool Water Reborn Eau de Parfum Intense,2024,https://www.fragrantica.com/perfume/Davidoff/Cool-Water-Reborn-Eau-de-Parfum-Intense-101322.html
45231,Davidoff,Cool Water Reborn (Eau de Toilette),2022,https://www.fragrantica.com/perfume/Davidoff/Cool-Water-Reborn-73603.html
45232,Davidoff,Cool Water Reborn For Her Eau de Parfum Intense,2024,https://www.fragrantica.com/perfume/Davidoff/Cool-Water-Reborn-For-Her-Eau-de-Parfum-Intense-95268.html
45233,Davidoff,Cool Water Reborn for Her (Eau de Toilette),2022,https://www.fragrantica.com/perfume/Davidoff/Cool-Water-Reborn-for-Her-73604.html
45234,Davidoff,Cool Water Sea Rose,2013,https://www.fragrantica.com/perfume/Davidoff/Cool-Water-Sea-Rose-18087.html
45235,Davidoff,Cool Water Sea Rose Caribbean Summer Edition,,https://www.parfumo.com/Perfumes/Davidoff/Cool_Water_Sea_Rose_Caribbean_Summer_Edition
45236,Davidoff,Cool Water Sea Rose Exotic Summer,2016,https://www.fragrantica.com/perfume/Davidoff/Cool-Water-Sea-Rose-Exotic-Summer-35373.html
45237,Davidoff,Cool Water Sea Rose Pacific Summer Edition,,https://www.parfumo.com/Perfumes/Davidoff/Cool_Water_Sea_Rose_Pacific_Summer_Edition
45238,Davidoff,Cool Water Sea Rose Summer Edition,,https://www.parfumo.com/Perfumes/Davidoff/Cool_Water_Sea_Rose_Summer_Edition
45239,Davidoff,Cool Water Sea Rose Summer Seas,2015,https://www.fragrantica.com/perfume/Davidoff/Cool-Water-Sea-Rose-Summer-Seas-29544.html
45240,Davidoff,Cool Water Sea Scent and Sun,2005,https://www.fragrantica.com/perfume/Davidoff/Cool-Water-Sea-Scent-and-Sun-1329.html
45241,Davidoff,"Cool Water Sea, Scents and Sun",2005,https://www.parfumo.com/Perfumes/Davidoff/Cool_Water_Sea_Scents_and_Sun
45242,Davidoff,Cool Water Sensual Essence,2012,https://www.fragrantica.com/perfume/Davidoff/Cool-Water-Sensual-Essence-14721.html
45243,Davidoff,Cool Water Street Fighter 2021,2021,https://huggingface.co/datasets/doevent/perfume
45244,Davidoff,Cool Water Street Fighter Champion Edition,,https://www.parfumo.com/Perfumes/Davidoff/cool-water-street-fighter-champion-edition
45245,Davidoff,Cool Water Street Fighter Champion Edition for Her,2021,https://www.parfumo.com/Perfumes/Davidoff/cool-water-street-fighter-champion-edition-for-her
45246,Davidoff,Cool Water Street Fighter Champion Summer Edition For Her,2021,https://www.fragrantica.com/perfume/Davidoff/Cool-Water-Street-Fighter-Champion-Summer-Edition-For-Her-66375.html
45247,Davidoff,Cool Water Street Fighter Champion Summer Edition For Him,2021,https://www.fragrantica.com/perfume/Davidoff/Cool-Water-Street-Fighter-Champion-Summer-Edition-For-Him-66374.html
45248,Davidoff,Cool Water Summer Dive,2011,https://www.parfumo.com/Perfumes/Davidoff/Cool_Water_Summer_Dive
45249,Davidoff,Cool Water Summer Fizz,2006,https://www.fragrantica.com/perfume/Davidoff/Cool-Water-Summer-Fizz-35856.html
45250,Davidoff,Cool Water Summer Seas,,https://www.parfumo.com/Perfumes/Davidoff/Cool_Water_Man_Summer_Seas
45251,Davidoff,Cool Water Summer Seas 2015,2015,https://huggingface.co/datasets/doevent/perfume
45252,Davidoff,Cool Water Tender Sea Rose,2015,https://www.fragrantica.com/perfume/Davidoff/Cool-Water-Tender-Sea-Rose-31422.html
45253,Davidoff,Cool Water The Coolest Edition,2018,https://www.parfumo.com/Perfumes/Davidoff/Cool_Water_The_Coolest_Edition
45254,Davidoff,Cool Water Wave,2007,https://www.fragrantica.com/perfume/Davidoff/Cool-Water-Wave-1318.html
45255,Davidoff,Cool Water Wave,2017,https://www.fragrantica.com/perfume/Davidoff/Cool-Water-Wave-44618.html
45256,Davidoff,Cool Water Wave for Men,2017,https://www.parfumo.com/Perfumes/Davidoff/Cool_Water_Wave_2017
45257,Davidoff,Cool Water Wave for Women,2007,https://www.parfumo.com/Perfumes/Davidoff/Cool_Water_Wave_2007
45258,Davidoff,Cool Water Wave for Women,2018,https://www.parfumo.com/Perfumes/Davidoff/Cool_Water_Wave_for_Women_2018
45259,Davidoff,Cool Water Woman,1996,https://www.parfumo.com/Perfumes/Davidoff/Cool_Water_Women
45260,Davidoff,Cool Water Woman Caribbean Summer Edition,2018,https://www.fragrantica.com/perfume/Davidoff/Cool-Water-Woman-Caribbean-Summer-Edition-49658.html
45261,Davidoff,Cool Water Woman Cool Summer,2009,https://www.fragrantica.com/perfume/Davidoff/Cool-Water-Woman-Cool-Summer-5577.html
45262,Davidoff,Cool Water Woman Exotic Summer,2016,https://www.fragrantica.com/perfume/Davidoff/Cool-Water-Woman-Exotic-Summer-35372.html
45263,Davidoff,Cool Water Woman Freeze Me,2008,https://www.fragrantica.com/perfume/Davidoff/Cool-Water-Woman-Freeze-Me-2650.html
45264,Davidoff,Cool Water Woman Frozen Fragrance,2004,https://www.parfumo.com/Perfumes/Davidoff/cool-water-woman-frozen-fragrance
45265,Davidoff,Cool Water Woman Ice Fresh,2010,https://www.parfumo.com/Perfumes/Davidoff/Cool_Water_Woman_Ice_Fresh
45266,Davidoff,Cool Water Woman Into the Ocean,2013,https://www.parfumo.com/Perfumes/Davidoff/Cool_Water_Woman_Into_the_Ocean
45267,Davidoff,Cool Water Woman Jasmine & Tangerine 2022,2022,https://huggingface.co/datasets/doevent/perfume
45268,Davidoff,Cool Water Woman Mediterranean Summer Edition 2019,2019,https://huggingface.co/datasets/doevent/perfume
45269,Davidoff,Cool Water Woman Mera 2020,2020,https://huggingface.co/datasets/doevent/perfume
45270,Davidoff,Cool Water Woman Odyssey Parfum,,https://huggingface.co/datasets/doevent/perfume
45271,Davidoff,Cool Water Woman Pure Pacific,2012,https://www.parfumo.com/Perfumes/Davidoff/Cool_Water_Woman_Pure_Pacific
45272,Davidoff,Cool Water Woman Reborn Eau De Parfum,,https://huggingface.co/datasets/doevent/perfume
45273,Davidoff,Cool Water Woman Sea Rose,,https://huggingface.co/datasets/doevent/perfume
45274,Davidoff,Cool Water Woman Sea Rose Exotic Summer 2016,2016,https://huggingface.co/datasets/doevent/perfume
45275,Davidoff,Cool Water Woman Sea Rose Mediterranean Summer '19,,https://huggingface.co/datasets/doevent/perfume
45276,Davidoff,Cool Water Woman Sea Rose Pacific Summer Edition,2017,https://www.fragrantica.com/perfume/Davidoff/Cool-Water-Woman-Sea-Rose-Pacific-Summer-Edition-45650.html
45277,Davidoff,Cool Water Woman Sea Rose Summer Seas 2015,2015,https://huggingface.co/datasets/doevent/perfume
45278,Davidoff,"Cool Water Woman Sea, Scents and Sun",,https://www.parfumo.com/Perfumes/Davidoff/Cool_Water_Women_Sea_Scents_and_Sun
45279,Davidoff,Cool Water Woman Searose Summer Edition 2019,2019,https://www.fragrantica.com/perfume/Davidoff/Cool-Water-Woman-Searose-Summer-Edition-2019-54307.html
45280,Davidoff,Cool Water Woman Sensual Essence,,https://huggingface.co/datasets/doevent/perfume
45281,Davidoff,Cool Water Woman Street Fighter 2021,2021,https://huggingface.co/datasets/doevent/perfume
45282,Davidoff,Cool Water Woman Summer Edition 2019,2019,https://www.fragrantica.com/perfume/Davidoff/Cool-Water-Woman-Summer-Edition-2019-54343.html
45283,Davidoff,Cool Water Woman Summer Fizz,2006,https://www.fragrantica.com/perfume/Davidoff/Cool-Water-Woman-Summer-Fizz-1319.html
45284,Davidoff,Cool Water Woman Summer Seas,2015,https://www.fragrantica.com/perfume/Davidoff/Cool-Water-Woman-Summer-Seas-29543.html
45285,Davidoff,Cool Water Woman Tender Sea Rose 2015,2015,https://huggingface.co/datasets/doevent/perfume
45286,Davidoff,Cool Water Woman Wave,2018,https://www.fragrantica.com/perfume/Davidoff/Cool-Water-Woman-Wave-50290.html
45287,Davidoff,Davidoff (After Shave),1984,https://www.fragrantica.com/perfume/Davidoff/Davidoff-1333.html
45288,Davidoff,Davidoff Agar Blend,2015,https://www.fragrantica.com/perfume/Davidoff/Davidoff-Agar-Blend-34586.html
45289,Davidoff,Davidoff Amber Blend,2016,https://www.fragrantica.com/perfume/Davidoff/Davidoff-Amber-Blend-42133.html
45290,Davidoff,Davidoff Cool Water Man Coral Reef Edition,2014,https://www.fragrantica.com/perfume/Davidoff/Davidoff-Cool-Water-Man-Coral-Reef-Edition-23599.html
45291,Davidoff,Davidoff Cool Water Men Ice Fresh,2010,https://www.fragrantica.com/perfume/Davidoff/Davidoff-Cool-Water-Men-Ice-Fresh-7932.html
45292,Davidoff,Davidoff Cool Water National Geographic Pristine Seas,2015,https://www.fragrantica.com/perfume/Davidoff/Davidoff-Cool-Water-National-Geographic-Pristine-Seas-31842.html
45293,Davidoff,Davidoff Cool Water Sea Rose Coral Reef Edition,2014,https://www.fragrantica.com/perfume/Davidoff/Davidoff-Cool-Water-Sea-Rose-Coral-Reef-Edition-23601.html
45294,Davidoff,Davidoff Cool Water Summer Dive Man,2011,https://www.fragrantica.com/perfume/Davidoff/Davidoff-Cool-Water-Summer-Dive-Man-11346.html
45295,Davidoff,Davidoff Cool Water Summer Dive Woman,2011,https://www.fragrantica.com/perfume/Davidoff/Davidoff-Cool-Water-Summer-Dive-Woman-11347.html
45296,Davidoff,Davidoff Cool Water Woman Coral Reef Edition,2014,https://www.fragrantica.com/perfume/Davidoff/Davidoff-Cool-Water-Woman-Coral-Reef-Edition-23600.html
45297,Davidoff,Davidoff Cool Water Woman Sea Rose Caribbean Summer Edition,2018,https://www.fragrantica.com/perfume/Davidoff/Davidoff-Cool-Water-Woman-Sea-Rose-Caribbean-Summer-Edition-49660.html
45298,Davidoff,Davidoff Cool Water Women Ice Fresh,2010,https://www.fragrantica.com/perfume/Davidoff/Davidoff-Cool-Water-Women-Ice-Fresh-7931.html
45299,Davidoff,Davidoff Davidoff 1984 After Shave,1984,https://www.parfumo.com/Perfumes/Davidoff/Davidoff_After_Shave
45300,Davidoff,Davidoff Davidoff 1984 Eau de Toilette,1984,https://www.parfumo.com/Perfumes/Davidoff/Davidoff_Eau_de_Toilette
45301,Davidoff,Davidoff Leather Blend,2014,https://www.fragrantica.com/perfume/Davidoff/Davidoff-Leather-Blend-28390.html
45302,Davidoff,Echo (Apres Rasage) (After Shave),2003,https://www.parfumo.com/Perfumes/Davidoff/Echo_Apres_Rasage
45303,Davidoff,Echo (Eau de Toilette),2003,https://www.fragrantica.com/perfume/Davidoff/Echo-587.html
45304,Davidoff,Echo Summer Fizz,2006,https://www.fragrantica.com/perfume/Davidoff/Echo-Summer-Fizz-1326.html
45305,Davidoff,Echo Woman,2004,https://www.fragrantica.com/perfume/Davidoff/Echo-Woman-588.html
45306,Davidoff,Echo Woman Summer Fizz,2006,https://www.parfumo.com/Perfumes/Davidoff/Echo_Woman_Summer_Fizz
45307,Davidoff,Echo Women Summer Fizz,2006,https://www.fragrantica.com/perfume/Davidoff/Echo-Women-Summer-Fizz-1325.html
45308,Davidoff,Good Life,1998,https://www.fragrantica.com/perfume/Davidoff/Good-Life-510.html
45309,Davidoff,Good Life for Men Davidoff 1998 After Shave,1998,https://www.parfumo.com/Perfumes/Davidoff/Good_Life_for_Men_After_Shave
45310,Davidoff,Good Life for Men Davidoff 1998 Eau de Toilette,1998,https://www.parfumo.com/Perfumes/Davidoff/Good_Life_for_Men_Eau_de_Toilette
45311,Davidoff,Good Life Woman Davidoff 1999 Eau de Parfum,1999,https://www.parfumo.com/Perfumes/Davidoff/Good_Life_Woman_Eau_de_Parfum
45312,Davidoff,Good Life Woman Davidoff 1999 Parfum,1999,https://www.parfumo.com/Perfumes/Davidoff/Good_Life_Woman_Parfum
45313,Davidoff,Good Life Woman Davidoff Solid Fragrance,,https://www.parfumo.com/Perfumes/Davidoff/Good_Life_Woman_Solid_Fragrance
45314,Davidoff,Good Life Women,1999,https://www.fragrantica.com/perfume/Davidoff/Good-Life-Women-589.html
45315,Davidoff,Goodlife,,https://huggingface.co/datasets/doevent/perfume
45316,Davidoff,Horizon,2016,https://www.fragrantica.com/perfume/Davidoff/Horizon-35819.html
45317,Davidoff,Horizon Extreme,2017,https://www.fragrantica.com/perfume/Davidoff/Horizon-Extreme-42144.html
45318,Davidoff,Hot Water (After Shave),2009,https://www.fragrantica.com/perfume/Davidoff/Hot-Water-6282.html
45319,Davidoff,Hot Water Davidoff 2009 Eau de Toilette,2009,https://www.parfumo.com/Perfumes/Davidoff/Hot_Water_Eau_de_Toilette
45320,Davidoff,Hot Water Night,2012,https://www.fragrantica.com/perfume/Davidoff/Hot-Water-Night-17283.html
45321,Davidoff,Indigo,2025,https://www.fragrantica.com/perfume/Davidoff/Indigo-102429.html
45322,Davidoff,Relax Davidoff 1990 After Shave,1990,https://www.parfumo.com/Perfumes/Davidoff/Relax_After_Shave
45323,Davidoff,Relax (Eau de Toilette),1990,https://www.fragrantica.com/perfume/Davidoff/Relax-1320.html
45324,Davidoff,Run Wild,2019,https://www.fragrantica.com/perfume/Davidoff/Run-Wild-54931.html
45325,Davidoff,Run Wild for Her,2019,https://www.fragrantica.com/perfume/Davidoff/Run-Wild-for-Her-54932.html
45326,Davidoff,Run Wild For Him,,https://huggingface.co/datasets/doevent/perfume
45327,Davidoff,Silver Shadow (After Shave),2005,https://www.fragrantica.com/perfume/Davidoff/Silver-Shadow-1314.html
45328,Davidoff,Silver Shadow Altitude (After Shave),2007,https://www.fragrantica.com/perfume/Davidoff/Silver-Shadow-Altitude-1315.html
45329,Davidoff,Silver Shadow Altitude Davidoff 2007 Eau de Toilette,2007,https://www.parfumo.com/Perfumes/Davidoff/Silver_Shadow_Altitude_Eau_de_Toilette
45330,Davidoff,Silver Shadow Davidoff 2005 Eau de Toilette,2005,https://www.parfumo.com/Perfumes/Davidoff/Silver_Shadow_Eau_de_Toilette
45331,Davidoff,Silver Shadow Private,2008,https://www.fragrantica.com/perfume/Davidoff/Silver-Shadow-Private-4625.html
45332,Davidoff,Silver Shadow Pure Blend,2005,https://www.fragrantica.com/perfume/Davidoff/Silver-Shadow-Pure-Blend-1334.html
45333,Davidoff,The Brilliant Game,2014,https://www.fragrantica.com/perfume/Davidoff/The-Brilliant-Game-28801.html
45334,Davidoff,The Game Davidoff 2012 After Shave,2012,https://www.parfumo.com/Perfumes/Davidoff/The_Game_After_Shave
45335,Davidoff,The Game (Eau de Toilette),2012,https://www.fragrantica.com/perfume/Davidoff/The-Game-17087.html
45336,Davidoff,The Game Intense,2013,https://www.fragrantica.com/perfume/Davidoff/The-Game-Intense-18863.html
45337,Davidoff,Wood Blend,2017,https://www.fragrantica.com/perfume/Davidoff/Wood-Blend-47523.html
45338,Davidoff,Zino Davidoff,1986,https://www.fragrantica.com/perfume/Davidoff/Zino-Davidoff-590.html
45339,Davidoff,Zino Davidoff 1986 After Shave,1986,https://www.parfumo.com/Perfumes/Davidoff/Zino_After_Shave
45340,Davidoff,Zino Davidoff 1986 Eau de Toilette,1986,https://www.parfumo.com/Perfumes/Davidoff/Zino_Eau_de_Toilette
45341,Day Three,Ámbar Dominicano,2023,https://www.fragrantica.com/perfume/Day-Three/Ambar-Dominicano-82919.html
45342,Day Three,Aylan,2024,https://www.fragrantica.com/perfume/Day-Three/Aylan-99233.html
45343,Day Three,Baní,2023,https://www.fragrantica.com/perfume/Day-Three/Bani-82916.html
45344,Day Three,Del Mar,2023,https://www.fragrantica.com/perfume/Day-Three/Del-Mar-82921.html
45345,Day Three,Desert Rain,2025,https://www.fragrantica.com/perfume/Day-Three/Desert-Rain-112338.html
45346,Day Three,Downtown Deja-Vu,2023,https://www.fragrantica.com/perfume/Day-Three/Downtown-Deja-Vu-82922.html
45347,Day Three,Edge of Eden,2026,https://www.fragrantica.com/perfume/Day-Three/Edge-of-Eden-129820.html
45348,Day Three,Escándalo,2024,https://www.fragrantica.com/perfume/Day-Three/Escandalo-94878.html
45349,Day Three,Filosofía,2023,https://www.fragrantica.com/perfume/Day-Three/Filosofia-88644.html
45350,Day Three,Frost,2026,https://www.fragrantica.com/perfume/Day-Three/Frost-138732.html
45351,Day Three,La Tacita de Café,2023,https://www.fragrantica.com/perfume/Day-Three/La-Tacita-de-Cafe-82918.html
45352,Day Three,Midnight Raspberry,2025,https://www.fragrantica.com/perfume/Day-Three/Midnight-Raspberry-117127.html
45353,Day Three,Midnight Whisper,2023,https://www.fragrantica.com/perfume/Day-Three/Midnight-Whisper-82923.html
45354,Day Three,Royal Reflection,2025,https://www.fragrantica.com/perfume/Day-Three/Royal-Reflection-106296.html
45355,Day Three,Say Less,2023,https://www.fragrantica.com/perfume/Day-Three/Say-Less-82917.html
45356,Day Three,Silent Rescue,2023,https://www.fragrantica.com/perfume/Day-Three/Silent-Rescue-82920.html
45357,Day Three,Tres Oros,2025,https://www.fragrantica.com/perfume/Day-Three/Tres-Oros-103113.html
45358,DayNa Decker,Bardou,,https://www.fragrantica.com/perfume/DayNa-Decker/Bardou-11377.html
45359,DayNa Decker,Ella,2010,https://www.fragrantica.com/perfume/DayNa-Decker/Ella-11374.html
45360,DayNa Decker,Indigo,,https://www.fragrantica.com/perfume/DayNa-Decker/Indigo-11379.html
45361,DayNa Decker,Le Petit Parfum Amoura,2009,https://www.fragrantica.com/perfume/DayNa-Decker/Le-Petit-Parfum-Amoura-11385.html
45362,DayNa Decker,Le Petit Parfum Jacaranda Blossoms,2009,https://www.fragrantica.com/perfume/DayNa-Decker/Le-Petit-Parfum-Jacaranda-Blossoms-11383.html
45363,DayNa Decker,Le Petit Parfum Khaya,2009,https://www.fragrantica.com/perfume/DayNa-Decker/Le-Petit-Parfum-Khaya-11382.html
45364,DayNa Decker,Le Petit Parfum Opoponax,2009,https://www.fragrantica.com/perfume/DayNa-Decker/Le-Petit-Parfum-Opoponax-11381.html
45365,DayNa Decker,Le Petit Parfum Pink Couture,2009,https://www.fragrantica.com/perfume/DayNa-Decker/Le-Petit-Parfum-Pink-Couture-11384.html
45366,DayNa Decker,Leila,,https://www.fragrantica.com/perfume/DayNa-Decker/Leila-11376.html
45367,DayNa Decker,Manzanita,,https://www.fragrantica.com/perfume/DayNa-Decker/Manzanita-11389.html
45368,DayNa Decker,Sierra,,https://www.fragrantica.com/perfume/DayNa-Decker/Sierra-11375.html
45369,DayNa Decker,Taiga,,https://www.fragrantica.com/perfume/DayNa-Decker/Taiga-11378.html
45370,DayNa Decker,Viva,,https://www.fragrantica.com/perfume/DayNa-Decker/Viva-11390.html
45371,DayNa Decker,Yasmin,,https://www.fragrantica.com/perfume/DayNa-Decker/Yasmin-11380.html
45372,De Bijenkorf,150,2020,https://www.fragrantica.com/perfume/De-Bijenkorf/150-72278.html
45373,De Dallad Perfumes Olfactive Galleries,Bad Rumours,2022,https://www.fragrantica.com/perfume/De-Dallad-Perfumes-Olfactive-Galleries/Bad-Rumours-73315.html
45374,De Dallad Perfumes Olfactive Galleries,Berlin High,2022,https://www.fragrantica.com/perfume/De-Dallad-Perfumes-Olfactive-Galleries/Berlin-High-73314.html
45375,De Dallad Perfumes Olfactive Galleries,Black Moon,2022,https://www.fragrantica.com/perfume/De-Dallad-Perfumes-Olfactive-Galleries/Black-Moon-73306.html
45376,De Dallad Perfumes Olfactive Galleries,Bleakly Park,2022,https://www.fragrantica.com/perfume/De-Dallad-Perfumes-Olfactive-Galleries/Bleakly-Park-73304.html
45377,De Dallad Perfumes Olfactive Galleries,Evening Chess,2023,https://www.fragrantica.com/perfume/De-Dallad-Perfumes-Olfactive-Galleries/Evening-Chess-84418.html
45378,De Dallad Perfumes Olfactive Galleries,Fallen Leaves,2022,https://www.fragrantica.com/perfume/De-Dallad-Perfumes-Olfactive-Galleries/Fallen-Leaves-73305.html
45379,De Dallad Perfumes Olfactive Galleries,Fallen Leaves Intense,2023,https://www.fragrantica.com/perfume/De-Dallad-Perfumes-Olfactive-Galleries/Fallen-Leaves-Intense-84414.html
45380,De Dallad Perfumes Olfactive Galleries,Hekayat,2024,https://www.fragrantica.com/perfume/De-Dallad-Perfumes-Olfactive-Galleries/Hekayat-95757.html
45381,De Dallad Perfumes Olfactive Galleries,Poets Of Chicago,2024,https://www.fragrantica.com/perfume/De-Dallad-Perfumes-Olfactive-Galleries/Poets-Of-Chicago-95755.html
45382,De Dallad Perfumes Olfactive Galleries,Quench The Fire,2023,https://www.fragrantica.com/perfume/De-Dallad-Perfumes-Olfactive-Galleries/Quench-The-Fire-84419.html
45383,De Dallad Perfumes Olfactive Galleries,Rome Affairs,2024,https://www.fragrantica.com/perfume/De-Dallad-Perfumes-Olfactive-Galleries/Rome-Affairs-95754.html
45384,De Dallad Perfumes Olfactive Galleries,Sounds Of Silent,2023,https://www.fragrantica.com/perfume/De-Dallad-Perfumes-Olfactive-Galleries/Sounds-Of-Silent-84415.html
45385,De Dallad Perfumes Olfactive Galleries,Twelfth Night,2024,https://www.fragrantica.com/perfume/De-Dallad-Perfumes-Olfactive-Galleries/Twelfth-Night-95756.html
45386,De Gabor,Alchermes,2024,https://www.fragrantica.com/perfume/De-Gabor/Alchermes-90724.html
45387,De Gabor,Amber Forever,2026,https://www.fragrantica.com/perfume/De-Gabor/Amber-Forever-140746.html
45388,De Gabor,Astroberry,2026,https://www.fragrantica.com/perfume/De-Gabor/Astroberry-140760.html
45389,De Gabor,Astronaut,2022,https://www.fragrantica.com/perfume/De-Gabor/Astronaut-80708.html
45390,De Gabor,Astronaut Cosmo Cologne Forte (Eau de Cologne),2026,https://www.fragrantica.com/perfume/De-Gabor/Astronaut-Cosmo-Cologne-Forte-140759.html
45391,De Gabor,Darling,2016,https://www.fragrantica.com/perfume/De-Gabor/Darling-54889.html
45392,De Gabor,Darling Rouge,2022,https://www.fragrantica.com/perfume/De-Gabor/Darling-Rouge-77931.html
45393,De Gabor,De la Lune,2025,https://www.fragrantica.com/perfume/De-Gabor/De-la-Lune-115353.html
45394,De Gabor,Fond d'Amour,2024,https://www.fragrantica.com/perfume/De-Gabor/Fond-d-Amour-98739.html
45395,De Gabor,Geisha Diva,2021,https://www.fragrantica.com/perfume/De-Gabor/Geisha-Diva-69896.html
45396,De Gabor,Genders,2019,https://www.fragrantica.com/perfume/De-Gabor/Genders-54887.html
45397,De Gabor,Leather Forever,2019,https://www.fragrantica.com/perfume/De-Gabor/Leather-Forever-54888.html
45398,De Gabor,Leather Forever Royal Arabian Edition,2022,https://www.fragrantica.com/perfume/De-Gabor/Leather-Forever-Royal-Arabian-Edition-74855.html
45399,De Gabor,Stardust Musk,2021,https://www.fragrantica.com/perfume/De-Gabor/Stardust-Musk-69895.html
45400,De Gabor,Stardust Musk Limited Edition,2022,https://www.fragrantica.com/perfume/De-Gabor/Stardust-Musk-Limited-Edition-80709.html
45401,De Gabor,Top Gold,2026,https://www.fragrantica.com/perfume/De-Gabor/Top-Gold-140743.html
45402,De La Patagonia,Asher,2024,https://www.fragrantica.com/perfume/De-La-Patagonia/Asher-134955.html
45403,De La Patagonia,Ko,2024,https://www.fragrantica.com/perfume/De-La-Patagonia/Ko-134957.html
45404,De La Patagonia,Kosten,2024,https://www.fragrantica.com/perfume/De-La-Patagonia/Kosten-134956.html
45405,De Lavie Parfums,Amour,2025,https://www.fragrantica.com/perfume/De-Lavie-Parfums/Amour-100962.html
45406,De Lavie Parfums,D’Belle,2026,https://www.fragrantica.com/perfume/De-Lavie-Parfums/D-Belle-126705.html
45407,De Lavie Parfums,Emotion,2025,https://www.fragrantica.com/perfume/De-Lavie-Parfums/Emotion-100960.html
45408,De Lavie Parfums,Enigmatic,2026,https://www.fragrantica.com/perfume/De-Lavie-Parfums/Enigmatic-126708.html
45409,De Lavie Parfums,Essence,2025,https://www.fragrantica.com/perfume/De-Lavie-Parfums/Essence-100959.html
45410,De Lavie Parfums,Exotics,2025,https://www.fragrantica.com/perfume/De-Lavie-Parfums/Exotics-100954.html
45411,De Lavie Parfums,Flawless,2025,https://www.fragrantica.com/perfume/De-Lavie-Parfums/Flawless-100963.html
45412,De Lavie Parfums,For Ever,2026,https://www.fragrantica.com/perfume/De-Lavie-Parfums/For-Ever-126710.html
45413,De Lavie Parfums,In Love,2026,https://www.fragrantica.com/perfume/De-Lavie-Parfums/In-Love-131652.html
45414,De Lavie Parfums,Leather Smell,2025,https://www.fragrantica.com/perfume/De-Lavie-Parfums/Leather-Smell-100955.html
45415,De Lavie Parfums,LI.33,2025,https://www.fragrantica.com/perfume/De-Lavie-Parfums/LI-33-100958.html
45416,De Lavie Parfums,Love Again,2026,https://www.fragrantica.com/perfume/De-Lavie-Parfums/Love-Again-131653.html
45417,De Lavie Parfums,Love Drop,2025,https://www.fragrantica.com/perfume/De-Lavie-Parfums/Love-Drop-100957.html
45418,De Lavie Parfums,Lovely Bee,2026,https://www.fragrantica.com/perfume/De-Lavie-Parfums/Lovely-Bee-126709.html
45419,De Lavie Parfums,Lusty,2025,https://www.fragrantica.com/perfume/De-Lavie-Parfums/Lusty-100956.html
45420,De Lavie Parfums,Noise,2026,https://www.fragrantica.com/perfume/De-Lavie-Parfums/Noise-126707.html
45421,De Lavie Parfums,Tonka,2025,https://www.fragrantica.com/perfume/De-Lavie-Parfums/Tonka-100961.html
45422,De Lavie Parfums,Venus,2026,https://www.fragrantica.com/perfume/De-Lavie-Parfums/Venus-126706.html
45423,De Leon,Amber Absolute,2017,https://www.fragrantica.com/perfume/De-Leon/Amber-Absolute-46285.html
45424,De Leon,Azalee,2017,https://www.fragrantica.com/perfume/De-Leon/Azalee-46284.html
45425,De Leon,Ghost Black,2017,https://www.fragrantica.com/perfume/De-Leon/Ghost-Black-46283.html
45426,De Leon,Grey Vetiver,2017,https://www.fragrantica.com/perfume/De-Leon/Grey-Vetiver-46282.html
45427,De Leon,Memphis,2017,https://www.fragrantica.com/perfume/De-Leon/Memphis-46281.html
45428,De Leon,Noble Oud,2017,https://www.fragrantica.com/perfume/De-Leon/Noble-Oud-46280.html
45429,De Leon,Noir Extreme,2017,https://www.fragrantica.com/perfume/De-Leon/Noir-Extreme-46279.html
45430,De Leon,Revenge,2017,https://www.fragrantica.com/perfume/De-Leon/Revenge-46278.html
45431,De Leon,Santal Blanc,2017,https://www.fragrantica.com/perfume/De-Leon/Santal-Blanc-46277.html
45432,De Palazzo,Palais la Nuit,2020,https://www.fragrantica.com/perfume/De-Palazzo/Palais-la-Nuit-135371.html
45433,De Rauch,Belle De Rauch,1966,https://www.fragrantica.com/perfume/De-Rauch/Belle-De-Rauch-47859.html
45434,De Rauch,Eau Fraîche De Rauch,1974,https://www.fragrantica.com/perfume/De-Rauch/Eau-Fraiche-De-Rauch-47862.html
45435,De Rauch,Miss De Rauch,1960,https://www.fragrantica.com/perfume/De-Rauch/Miss-De-Rauch-47860.html
45436,De Rauch,Monsieur De Rauch,1973,https://www.fragrantica.com/perfume/De-Rauch/Monsieur-De-Rauch-47853.html
45437,De Rauch,Royal De Rauch,1973,https://www.fragrantica.com/perfume/De-Rauch/Royal-De-Rauch-47861.html
45438,De Rauch,Vacarme,1966,https://www.fragrantica.com/perfume/De-Rauch/Vacarme-47854.html
45439,De Ruy,Acqua di Fiori,,https://www.parfumo.com/Perfumes/De_Ruy/acqua-di-fiori
45440,De Ruy,Agua de Colonia 1916,1998,https://www.parfumo.com/Perfumes/De_Ruy/Agua_de_Colonia_1916
45441,De Ruy,Agua de Colonia 1916 - Limón & Tonka,2009,https://www.parfumo.com/Perfumes/De_Ruy/agua-de-colonia-1916-limon-tonka
45442,De Ruy,Agua de Luna Elixir Floral,2019,https://www.parfumo.com/Perfumes/De_Ruy/agua-de-luna-elixir-floral
45443,De Ruy,Agua Fresca de Flores Blancas,,https://www.parfumo.com/Perfumes/De_Ruy/Agua_Fresca_de_Flores_Blancas
45444,De Ruy,Agua Fresca de Naranjos,2003,https://www.parfumo.com/Perfumes/De_Ruy/agua-fresca-de-naranjos
45445,De Ruy,Agua Fresca de Violetas,,https://www.parfumo.com/Perfumes/De_Ruy/Agua_Fresca_de_Violetas
45446,De Ruy,Andros,2007,https://www.parfumo.com/Perfumes/De_Ruy/andros
45447,De Ruy,Anouk Rose & Noir,2007,https://www.parfumo.com/Perfumes/De_Ruy/anouk-rose-noir
45448,De Ruy,Apotheke De Ruy - Zesty Flirt,,https://www.parfumo.com/Perfumes/De_Ruy/Apotheke_De_Ruy__Zesty_Flirt
45449,De Ruy,Brummel De Ruy 2008 After Shave Lotion,2008,https://www.parfumo.com/Perfumes/De_Ruy/Brummel_After_Shave_Lotion
45450,De Ruy,Brummel De Ruy Eau de Cologne,,https://www.parfumo.com/Perfumes/De_Ruy/Brummel_Eau_de_Cologne
45451,De Ruy,Brummel Sport De Ruy Eau de Toilette,,https://www.parfumo.com/Perfumes/De_Ruy/brummel-sport-eau-de-toilette
45452,De Ruy,Farala,,https://www.parfumo.com/Perfumes/De_Ruy/farala
45453,DE WOUD,Enchantress,2025,https://www.fragrantica.com/perfume/DE-WOUD/Enchantress-129701.html
45454,DE WOUD,Reverie,2025,https://www.fragrantica.com/perfume/DE-WOUD/Reverie-129700.html
45455,DE WOUD,Witch's Mix,2025,https://www.fragrantica.com/perfume/DE-WOUD/Witch-s-Mix-129699.html
45456,De'Xandra,Belle,2023,https://www.fragrantica.com/perfume/De-Xandra/Belle-118062.html
45457,De'Xandra,Blaze,2023,https://www.fragrantica.com/perfume/De-Xandra/Blaze-117586.html
45458,De'Xandra,Chaleur,2023,https://www.fragrantica.com/perfume/De-Xandra/Chaleur-118067.html
45459,De'Xandra,Clubman,2024,https://www.fragrantica.com/perfume/De-Xandra/Clubman-117557.html
45460,De'Xandra,Credence,2023,https://www.fragrantica.com/perfume/De-Xandra/Credence-117581.html
45461,De'Xandra,Dark Amberwood,2024,https://www.fragrantica.com/perfume/De-Xandra/Dark-Amberwood-117558.html
45462,De'Xandra,Delina,2025,https://www.fragrantica.com/perfume/De-Xandra/Delina-118170.html
45463,De'Xandra,Devotion,2023,https://www.fragrantica.com/perfume/De-Xandra/Devotion-117590.html
45464,De'Xandra,Elenor,2023,https://www.fragrantica.com/perfume/De-Xandra/Elenor-117599.html
45465,De'Xandra,Epice,2023,https://www.fragrantica.com/perfume/De-Xandra/Epice-117561.html
45466,De'Xandra,Good Berry,2025,https://www.fragrantica.com/perfume/De-Xandra/Good-Berry-118169.html
45467,De'Xandra,Grandeur,2023,https://www.fragrantica.com/perfume/De-Xandra/Grandeur-117580.html
45468,De'Xandra,Helena,2023,https://www.fragrantica.com/perfume/De-Xandra/Helena-117602.html
45469,De'Xandra,Heroic,2023,https://www.fragrantica.com/perfume/De-Xandra/Heroic-117578.html
45470,De'Xandra,Himeros,2023,https://www.fragrantica.com/perfume/De-Xandra/Himeros-117584.html
45471,De'Xandra,Juliet,2023,https://www.fragrantica.com/perfume/De-Xandra/Juliet-118064.html
45472,De'Xandra,La Femme,2023,https://www.fragrantica.com/perfume/De-Xandra/La-Femme-117591.html
45473,De'Xandra,Lady Rose,2023,https://www.fragrantica.com/perfume/De-Xandra/Lady-Rose-117594.html
45474,De'Xandra,Le Verre,2023,https://www.fragrantica.com/perfume/De-Xandra/Le-Verre-117600.html
45475,De'Xandra,Lourve,2022,https://www.fragrantica.com/perfume/De-Xandra/Lourve-118063.html
45476,De'Xandra,Lozen,2023,https://www.fragrantica.com/perfume/De-Xandra/Lozen-117598.html
45477,De'Xandra,Luvia,2023,https://www.fragrantica.com/perfume/De-Xandra/Luvia-117597.html
45478,De'Xandra,Majestic,2024,https://www.fragrantica.com/perfume/De-Xandra/Majestic-117559.html
45479,De'Xandra,Marilyn,2023,https://www.fragrantica.com/perfume/De-Xandra/Marilyn-117593.html
45480,De'Xandra,Mercy,2023,https://www.fragrantica.com/perfume/De-Xandra/Mercy-117596.html
45481,De'Xandra,Nemesis,2023,https://www.fragrantica.com/perfume/De-Xandra/Nemesis-117560.html
45482,De'Xandra,Olivia,2023,https://www.fragrantica.com/perfume/De-Xandra/Olivia-117592.html
45483,De'Xandra,Posh,2023,https://www.fragrantica.com/perfume/De-Xandra/Posh-117595.html
45484,De'Xandra,Prade,2025,https://www.fragrantica.com/perfume/De-Xandra/Prade-118168.html
45485,De'Xandra,Romeo,2023,https://www.fragrantica.com/perfume/De-Xandra/Romeo-117583.html
45486,De'Xandra,Rough,2023,https://www.fragrantica.com/perfume/De-Xandra/Rough-117582.html
45487,De'Xandra,Sabels,2025,https://www.fragrantica.com/perfume/De-Xandra/Sabels-118167.html
45488,De'Xandra,Savage,2023,https://www.fragrantica.com/perfume/De-Xandra/Savage-117563.html
45489,De'Xandra,Scandal J,2025,https://www.fragrantica.com/perfume/De-Xandra/Scandal-J-118166.html
45490,De'Xandra,Stella,2023,https://www.fragrantica.com/perfume/De-Xandra/Stella-118065.html
45491,De'Xandra,Swims,2025,https://www.fragrantica.com/perfume/De-Xandra/Swims-118171.html
45492,De'Xandra,Titus,2023,https://www.fragrantica.com/perfume/De-Xandra/Titus-117579.html
45493,De'Xandra,Valerie,2022,https://www.fragrantica.com/perfume/De-Xandra/Valerie-118066.html
45494,De'Xandra,Vanille,2025,https://www.fragrantica.com/perfume/De-Xandra/Vanille-118165.html
45495,De'Xandra,Victoria,2023,https://www.fragrantica.com/perfume/De-Xandra/Victoria-117601.html
45496,De'Xandra,Vigor,2023,https://www.fragrantica.com/perfume/De-Xandra/Vigor-117562.html
45497,De'Xandra,Woodbine,2023,https://www.fragrantica.com/perfume/De-Xandra/Woodbine-117588.html
45498,De'Xandra,Your Way,2025,https://www.fragrantica.com/perfume/De-Xandra/Your-Way-118164.html
45499,De'Xandra,Zahra,2023,https://www.fragrantica.com/perfume/De-Xandra/Zahra-118068.html
45500,De'Xandra,Zephyr,2023,https://www.fragrantica.com/perfume/De-Xandra/Zephyr-117587.html
45501,Dear Diary,Deep Deep in the Baltic,2015,https://www.fragrantica.com/perfume/Dear-Diary/Deep-Deep-in-the-Baltic-36463.html
45502,Dear Diary,Desert Nights to Remember,2015,https://www.fragrantica.com/perfume/Dear-Diary/Desert-Nights-to-Remember-36464.html
45503,Dear Diary,Longevity of Life,2015,https://www.fragrantica.com/perfume/Dear-Diary/Longevity-of-Life-36465.html
45504,Dear Diary,Mediterranean Breeze,2015,https://www.fragrantica.com/perfume/Dear-Diary/Mediterranean-Breeze-36466.html
45505,Dear Diary,Sakura Blossom in Curitiba,2015,https://www.fragrantica.com/perfume/Dear-Diary/Sakura-Blossom-in-Curitiba-36467.html
45506,Dear Diary,The Great Battle in the Garden,2015,https://www.fragrantica.com/perfume/Dear-Diary/The-Great-Battle-in-the-Garden-36468.html
45507,Dear Diary,Two Sences Combined in One,2015,https://www.fragrantica.com/perfume/Dear-Diary/Two-Sences-Combined-in-One-36469.html
45508,Death of The Night,Otma,2023,https://www.fragrantica.com/perfume/Death-of-The-Night/Otma-80448.html
45509,Debaucherous Bath,Alice's Nightmare in Wonderland Perfume (Parfum),,https://www.fragrantica.com/perfume/Debaucherous-Bath/Alice-s-Nightmare-in-Wonderland-Perfume-63672.html
45510,Debaucherous Bath,Cherry Bomb Perfume (Parfum),,https://www.fragrantica.com/perfume/Debaucherous-Bath/Cherry-Bomb-Perfume-63682.html
45511,Debaucherous Bath,Cheshire Moon Perfume (Parfum),,https://www.fragrantica.com/perfume/Debaucherous-Bath/Cheshire-Moon-Perfume-63683.html
45512,Debaucherous Bath,Chocolade Perfume (Parfum),,https://www.fragrantica.com/perfume/Debaucherous-Bath/Chocolade-Perfume-63674.html
45513,Debaucherous Bath,Doll Part Perfume (Parfum),,https://www.fragrantica.com/perfume/Debaucherous-Bath/Doll-Part-Perfume-63680.html
45514,Debaucherous Bath,Gentlemen's Club Perfume (Parfum),,https://www.fragrantica.com/perfume/Debaucherous-Bath/Gentlemen-s-Club-Perfume-63678.html
45515,Debaucherous Bath,Lebkuchen Perfume (Parfum),,https://www.fragrantica.com/perfume/Debaucherous-Bath/Lebkuchen-Perfume-63675.html
45516,Debaucherous Bath,Rabbits Down Hole Perfume (Parfum),,https://www.fragrantica.com/perfume/Debaucherous-Bath/Rabbits-Down-Hole-Perfume-63677.html
45517,Debaucherous Bath,Raven Perfume (Parfum),,https://www.fragrantica.com/perfume/Debaucherous-Bath/Raven-Perfume-63676.html
45518,Debaucherous Bath,Sankt Nikolaus Perfume (Parfum),,https://www.fragrantica.com/perfume/Debaucherous-Bath/Sankt-Nikolaus-Perfume-63673.html
45519,Debaucherous Bath,Stollen Perfume (Parfum),,https://www.fragrantica.com/perfume/Debaucherous-Bath/Stollen-Perfume-63681.html
45520,Debaucherous Bath,Turkish Mocha Perfume (Parfum),,https://www.fragrantica.com/perfume/Debaucherous-Bath/Turkish-Mocha-Perfume-63679.html
45521,DEBAUCHERY,DB01,2025,https://www.fragrantica.com/perfume/DEBAUCHERY/DB01-110613.html
45522,DEBAUCHERY,DB99,2025,https://www.fragrantica.com/perfume/DEBAUCHERY/DB99-134065.html
45523,Deborah,Accordo di Fior di Loto,,https://www.parfumo.com/Perfumes/Deborah/accordo-di-fior-di-loto
45524,Deborah,Accordo di Fior di Patchouli,2016,https://www.fragrantica.com/perfume/Deborah/Accordo-di-Fior-di-Patchouli-42544.html
45525,Deborah,Accordo di Fresca Fresia,2016,https://www.fragrantica.com/perfume/Deborah/Accordo-di-Fresca-Fresia-42547.html
45526,Deborah,Accordo di Iris,2001,https://www.parfumo.com/Perfumes/Deborah/Accordo_di_Iris
45527,Deborah,Accordo di Mandorlo Ambrato,2016,https://www.fragrantica.com/perfume/Deborah/Accordo-di-Mandorlo-Ambrato-42545.html
45528,Deborah,Accordo di Papavero Nero,2016,https://www.fragrantica.com/perfume/Deborah/Accordo-di-Papavero-Nero-42543.html
45529,Deborah,Accordo di Rosa Vellutata,2016,https://www.fragrantica.com/perfume/Deborah/Accordo-di-Rosa-Vellutata-42548.html
45530,Deborah,Accordo di Rosa Violetta,2016,https://www.fragrantica.com/perfume/Deborah/Accordo-di-Rosa-Violetta-42546.html
45531,Deborah,Amber & Blackcurrant,1991,https://www.parfumo.com/Perfumes/Deborah/Amber__Blackcurrant
45532,Deborah,Amber Flower,,https://www.parfumo.com/Perfumes/Deborah/Amber_Flower
45533,Deborah,Be Gourmand - Bon Bon,2006,https://www.fragrantica.com/perfume/Deborah/Be-Gourmand-Bon-Bon-1689.html
45534,Deborah,Be Gourmand - Candy Fruit,2007,https://www.fragrantica.com/perfume/Deborah/Be-Gourmand-Candy-Fruit-1691.html
45535,Deborah,Be Gourmand - Lovely Cream,2007,https://www.fragrantica.com/perfume/Deborah/Be-Gourmand-Lovely-Cream-1694.html
45536,Deborah,Be Gourmand - Soft Sugar,2007,https://www.fragrantica.com/perfume/Deborah/Be-Gourmand-Soft-Sugar-1692.html
45537,Deborah,Be Gourmand - Sweet Mandy,2007,https://www.fragrantica.com/perfume/Deborah/Be-Gourmand-Sweet-Mandy-1693.html
45538,Deborah,Fantasy Flowers Green,2005,https://www.fragrantica.com/perfume/Deborah/Fantasy-Flowers-Green-14306.html
45539,Deborah,Fantasy Flowers Sky Blue,2005,https://www.fragrantica.com/perfume/Deborah/Fantasy-Flowers-Sky-Blue-14307.html
45540,Deborah,Fisichella,2006,https://www.fragrantica.com/perfume/Deborah/Fisichella-5990.html
45541,Deborah,Frutti Rossi,,https://www.fragrantica.com/perfume/Deborah/Frutti-Rossi-5111.html
45542,Deborah,Funny Flowers Dark Blue,2005,https://www.fragrantica.com/perfume/Deborah/Funny-Flowers-Dark-Blue-14311.html
45543,Deborah,Funny Flowers Red,2005,https://www.fragrantica.com/perfume/Deborah/Funny-Flowers-Red-14312.html
45544,Deborah,Funny Flowers White,2005,https://www.fragrantica.com/perfume/Deborah/Funny-Flowers-White-14313.html
45545,Deborah,Grand Prix,1991,https://www.fragrantica.com/perfume/Deborah/Grand-Prix-38749.html
45546,Deborah,Grand Prix Extreme,1994,https://www.fragrantica.com/perfume/Deborah/Grand-Prix-Extreme-38750.html
45547,Deborah,Independent,2025,https://www.fragrantica.com/perfume/Deborah/Independent-132917.html
45548,Deborah,Mandorla,,https://www.fragrantica.com/perfume/Deborah/Mandorla-5109.html
45549,Deborah,Romantic,2025,https://www.fragrantica.com/perfume/Deborah/Romantic-132919.html
45550,Deborah,Sensual,2025,https://www.fragrantica.com/perfume/Deborah/Sensual-132918.html
45551,Deborah,Vaniglia,,https://www.fragrantica.com/perfume/Deborah/Vaniglia-5108.html
45552,Deborah,Vee Is Around for Her,2006,https://www.fragrantica.com/perfume/Deborah/Vee-Is-Around-for-Her-14324.html
45553,Deborah,Vee Is Around for Him,2006,https://www.fragrantica.com/perfume/Deborah/Vee-Is-Around-for-Him-14325.html
45554,Deborah,Wild,2025,https://www.fragrantica.com/perfume/Deborah/Wild-132920.html
45555,Decantology,Blueberry Pie,2024,https://www.fragrantica.com/perfume/Decantology/Blueberry-Pie-98353.html
45556,Decantology,Cookie,2024,https://www.fragrantica.com/perfume/Decantology/Cookie-98355.html
45557,Decantology,Mixology,2024,https://www.fragrantica.com/perfume/Decantology/Mixology-98354.html
45558,Decantology,Paleontology,2024,https://www.fragrantica.com/perfume/Decantology/Paleontology-98352.html
45559,DECÀRT,Bright Bloom,2025,https://www.fragrantica.com/perfume/DECART/Bright-Bloom-138180.html
45560,DECÀRT,Cypress Echo,2025,https://www.fragrantica.com/perfume/DECART/Cypress-Echo-138177.html
45561,DECÀRT,Mint Horizon,2025,https://www.fragrantica.com/perfume/DECART/Mint-Horizon-138182.html
45562,DECÀRT,Royal Tobacco,2025,https://www.fragrantica.com/perfume/DECART/Royal-Tobacco-138176.html
45563,DECÀRT,Soft Floral,2025,https://www.fragrantica.com/perfume/DECART/Soft-Floral-138183.html
45564,DECÀRT,Vessens,2025,https://www.fragrantica.com/perfume/DECART/Vessens-138178.html
45565,DECÀRT,Warm Gold,2025,https://www.fragrantica.com/perfume/DECART/Warm-Gold-138181.html
45566,Decennial,Bois Bourbon,2012,https://www.fragrantica.com/perfume/Decennial/Bois-Bourbon-16878.html
45567,Decennial,Lys du Desert,2012,https://www.fragrantica.com/perfume/Decennial/Lys-du-Desert-16876.html
45568,Decennial,Nuit Epicee,2012,https://www.fragrantica.com/perfume/Decennial/Nuit-Epicee-16875.html
45569,Decennial,Santal Sacre,2012,https://www.fragrantica.com/perfume/Decennial/Santal-Sacre-16877.html
45570,Dechkotzar,La Fenêtre,2022,https://www.fragrantica.com/perfume/Dechkotzar/La-Fenetre-77887.html
45571,Deck of Scarlet,I'm Expensive,2024,https://www.fragrantica.com/perfume/Deck-of-Scarlet/I-m-Expensive-93174.html
45572,Deck of Scarlet,Maximalist,2024,https://www.fragrantica.com/perfume/Deck-of-Scarlet/Maximalist-93175.html
45573,Deck of Scarlet,Not Your Girl,2024,https://www.fragrantica.com/perfume/Deck-of-Scarlet/Not-Your-Girl-93176.html
45574,Deck of Scarlet,Power Suit,2021,https://www.fragrantica.com/perfume/Deck-of-Scarlet/Power-Suit-72816.html
45575,Deck of Scarlet,Scarlet,2021,https://www.fragrantica.com/perfume/Deck-of-Scarlet/Scarlet-72817.html
45576,Deck of Scarlet,Siren Spell,2025,https://www.fragrantica.com/perfume/Deck-of-Scarlet/Siren-Spell-136921.html
45577,Deck of Scarlet,Solar Aura,2024,https://www.fragrantica.com/perfume/Deck-of-Scarlet/Solar-Aura-93178.html
45578,Deck of Scarlet,Your Majesty,2024,https://www.fragrantica.com/perfume/Deck-of-Scarlet/Your-Majesty-93177.html
45579,Declaration Grooming / L&L Grooming,After the Rain,2015,https://www.parfumo.com/Perfumes/Declaration_Grooming/after-the-rain
45580,Declaration Grooming / L&L Grooming,Albizia Declaration Grooming / L&L Grooming 2007 Eau de Parfum,2007,https://www.parfumo.com/Perfumes/Declaration_Grooming/albizia-eau-de-parfum
45581,Declaration Grooming / L&L Grooming,Albizia Declaration Grooming / L&L Grooming 2015 Aftershave (After Shave),2015,https://www.parfumo.com/Perfumes/Declaration_Grooming/albizia-aftershave
45582,Declaration Grooming / L&L Grooming,Apogee Declaration Grooming / L&L Grooming 2010 Aftershave Splash,2010,https://www.parfumo.com/Perfumes/Declaration_Grooming/apogee-aftershave-splash
45583,Declaration Grooming / L&L Grooming,Apogee Declaration Grooming / L&L Grooming 2015 Eau de Parfum,2015,https://www.parfumo.com/Perfumes/Declaration_Grooming/apogee-eau-de-parfum
45584,Declaration Grooming / L&L Grooming,Auryn Declaration Grooming / L&L Grooming 2006 Aftershave (After Shave),2006,https://www.parfumo.com/Perfumes/Declaration_Grooming/auryn-aftershave
45585,Declaration Grooming / L&L Grooming,Auryn Declaration Grooming / L&L Grooming Eau de Parfum,,https://www.parfumo.com/Perfumes/Declaration_Grooming/auryn-eau-de-parfum
45586,Declaration Grooming / L&L Grooming,Bandwagon Declaration Grooming / L&L Grooming 1994 Eau de Parfum,1994,https://www.parfumo.com/Perfumes/Declaration_Grooming/Bandwagon_Eau_de_Parfum
45587,Declaration Grooming / L&L Grooming,Bandwagon Declaration Grooming / L&L Grooming 2007 Aftershave (After Shave),2007,https://www.parfumo.com/Perfumes/Declaration_Grooming/Bandwagon_Aftershave
45588,Declaration Grooming / L&L Grooming,Contemplation Declaration Grooming / L&L Grooming 2006 Aftershave Splash,2006,https://www.parfumo.com/Perfumes/Declaration_Grooming/contemplation-aftershave-splash
45589,Declaration Grooming / L&L Grooming,Contemplation Declaration Grooming / L&L Grooming Eau de Parfum,,https://www.parfumo.com/Perfumes/Declaration_Grooming/contemplation-eau-de-parfum
45590,Declaration Grooming / L&L Grooming,Cuir et Épices,2010,https://www.parfumo.com/Perfumes/Declaration_Grooming/cuir-et-epices
45591,Declaration Grooming / L&L Grooming,Daemon Declaration Grooming / L&L Grooming 2003 Eau de Parfum,2003,https://www.parfumo.com/Perfumes/Declaration_Grooming/daemon-eau-de-parfum
45592,Declaration Grooming / L&L Grooming,Daemon Declaration Grooming / L&L Grooming Aftershave Splash,,https://www.parfumo.com/Perfumes/Declaration_Grooming/daemon-aftershave-splash
45593,Declaration Grooming / L&L Grooming,Darkfall Declaration Grooming / L&L Grooming 2015 Aftershave (After Shave),2015,https://www.parfumo.com/Perfumes/Declaration_Grooming/Darkfall_Aftershave
45594,Declaration Grooming / L&L Grooming,Darkfall Declaration Grooming / L&L Grooming Eau de Parfum,,https://www.parfumo.com/Perfumes/Declaration_Grooming/Darkfall_Eau_de_Parfum
45595,Declassified,At First Blush,2024,https://www.fragrantica.com/perfume/Declassified/At-First-Blush-119705.html
45596,Declassified,Cedar Blue,2024,https://www.fragrantica.com/perfume/Declassified/Cedar-Blue-119701.html
45597,Declassified,Crystal Rouge,2025,https://www.fragrantica.com/perfume/Declassified/Crystal-Rouge-119709.html
45598,Declassified,J'asmine Desire,2025,https://www.fragrantica.com/perfume/Declassified/J-asmine-Desire-119714.html
45599,Declassified,Subtil 33,2024,https://www.fragrantica.com/perfume/Declassified/Subtil-33-119702.html
45600,Declassified,White Tobacco,2024,https://www.fragrantica.com/perfume/Declassified/White-Tobacco-119700.html
45601,Decleor,Aromantic,1999,https://www.fragrantica.com/perfume/Decleor/Aromantic-3195.html
45602,Decleor,L'original,2000,https://www.fragrantica.com/perfume/Decleor/L-original-3196.html
45603,Decleor,Un Air de Java,2000,https://www.fragrantica.com/perfume/Decleor/Un-Air-de-Java-3197.html
45604,Declination,Declination in Black,2025,https://www.fragrantica.com/perfume/Declination/Declination-in-Black-112577.html
45605,Declination,Declination in Blue,2025,https://www.fragrantica.com/perfume/Declination/Declination-in-Blue-112578.html
45606,Declination,Declination in Green,2025,https://www.fragrantica.com/perfume/Declination/Declination-in-Green-112579.html
45607,Declination,Declination in Red,2025,https://www.fragrantica.com/perfume/Declination/Declination-in-Red-112580.html
45608,Declination,Declination in White,2025,https://www.fragrantica.com/perfume/Declination/Declination-in-White-112575.html
45609,Declination,Declination in Yellow,2025,https://www.fragrantica.com/perfume/Declination/Declination-in-Yellow-112576.html
45610,DECO,Legends & Love,,https://www.fragrantica.com/perfume/DECO/Legends-Love-10372.html
45611,Deco London,Constance,2015,https://www.fragrantica.com/perfume/Deco-London/Constance-31921.html
45612,Deco London,Ernest,2015,https://www.fragrantica.com/perfume/Deco-London/Ernest-31923.html
45613,Deco London,Lawrence,2015,https://www.fragrantica.com/perfume/Deco-London/Lawrence-31924.html
45614,Deco London,Loretta,2015,https://www.fragrantica.com/perfume/Deco-London/Loretta-31919.html
45615,Deco London,Millicent,2015,https://www.fragrantica.com/perfume/Deco-London/Millicent-31920.html
45616,Deco London,Quentin,2015,https://www.fragrantica.com/perfume/Deco-London/Quentin-31922.html
45617,Deconstructing Eden,Ahava,,https://www.parfumo.com/Perfumes/Deconstructing_Eden/ahava
45618,Deconstructing Eden,Anniversary Collection - Eve,,https://www.parfumo.com/Perfumes/Deconstructing_Eden/anniversary-collection-eve
45619,Deconstructing Eden,Anniversary Collection - Forbidden Fruit,,https://www.parfumo.com/Perfumes/Deconstructing_Eden/anniversary-collection-forbidden-fruit
45620,Deconstructing Eden,Aurora Borealis,,https://www.parfumo.com/Perfumes/Deconstructing_Eden/aurora-borealis
45621,Deconstructing Eden,Autumn '15 (Fougère Version),2001,https://www.parfumo.com/Perfumes/Deconstructing_Eden/autumn-15-fougere-version
45622,Deconstructing Eden,Autumn '15 (Gourmand Version),,https://www.parfumo.com/Perfumes/Deconstructing_Eden/autumn-15-gourmand-version
45623,Deconstructing Eden,California Poppy,2019,https://www.fragrantica.com/perfume/Deconstructing-Eden/California-Poppy-101230.html
45624,Deconstructing Eden,Cancer,2016,https://www.fragrantica.com/perfume/Deconstructing-Eden/Cancer-101265.html
45625,Deconstructing Eden,Capricorn,2016,https://www.fragrantica.com/perfume/Deconstructing-Eden/Capricorn-101352.html
45626,Deconstructing Eden,Dawn Patrol,2025,https://www.fragrantica.com/perfume/Deconstructing-Eden/Dawn-Patrol-109278.html
45627,Deconstructing Eden,Deconstructing Eden,,https://www.parfumo.com/Perfumes/Deconstructing_Eden/916
45628,Deconstructing Eden,Gemini,2016,https://www.fragrantica.com/perfume/Deconstructing-Eden/Gemini-101263.html
45629,Deconstructing Eden,GHOST CURRENT,2025,https://www.fragrantica.com/perfume/Deconstructing-Eden/GHOST-CURRENT-109279.html
45630,Deconstructing Eden,Haunted,,https://www.fragrantica.com/perfume/Deconstructing-Eden/Haunted-101260.html
45631,Deconstructing Eden,Leo,2016,https://www.fragrantica.com/perfume/Deconstructing-Eden/Leo-101262.html
45632,Deconstructing Eden,LOWBURN,2025,https://www.fragrantica.com/perfume/Deconstructing-Eden/LOWBURN-109277.html
45633,Deconstructing Eden,Scorpio,2016,https://www.fragrantica.com/perfume/Deconstructing-Eden/Scorpio-101261.html
45634,Deconstructing Eden,Taurus,2016,https://www.fragrantica.com/perfume/Deconstructing-Eden/Taurus-101264.html
45635,Decorté,Adrer,,https://www.fragrantica.com/perfume/Decorte/Adrer-137941.html
45636,Decorté,AQ,2023,https://www.fragrantica.com/perfume/Decorte/AQ-85365.html
45637,Decorté,Charmanié シャルマニエ Decorté 2007 Eau de Cologne,2007,https://www.parfumo.com/Perfumes/Decorte/Charmanie__Eau_de_Cologne
45638,Decorté,Charmanié (Parfum),,https://www.fragrantica.com/perfume/Decorte/Charmanie-137942.html
45639,Decorté,Envision I - Aura of Happiness インビジョン No.1,,https://www.parfumo.com/Perfumes/Decorte/Envision_I__Aura_of_Happiness__No_1
45640,Decorté,Envision II - Wind of Hope インビジョン No.2,2002,https://www.parfumo.com/Perfumes/Decorte/Envision_II__Wind_of_Hope__No_2
45641,Decorté,Envision III - Sheer Eminence インビジョン No.3,,https://www.parfumo.com/Perfumes/Decorte/Envision_III__Sheer_Eminence__No_3
45642,Decorté,Envision No. 1,,https://www.fragrantica.com/perfume/Decorte/Envision-No-1-137939.html
45643,Decorté,Envision No. 2,,https://www.fragrantica.com/perfume/Decorte/Envision-No-2-137938.html
45644,Decorté,Envision No. 3,,https://www.fragrantica.com/perfume/Decorte/Envision-No-3-137936.html
45645,Decorté,Envision No. 4,,https://www.fragrantica.com/perfume/Decorte/Envision-No-4-137937.html
45646,Decorté,Kimono Hikari,1983,https://www.parfumo.com/Perfumes/Decorte/kimono-hikari
45647,Decorté,Kimono Hikari Water-Based Fragrance,2024,https://www.fragrantica.com/perfume/Decorte/Kimono-Hikari-Water-Based-Fragrance-94851.html
45648,Decorté,Kimono Kihin,2020,https://www.fragrantica.com/perfume/Decorte/Kimono-Kihin-62771.html
45649,Decorté,Kimono Mai,2006,https://www.parfumo.com/Perfumes/Decorte/kimono-mai
45650,Decorté,Kimono Mai Water-Based Fragrance,2024,https://www.fragrantica.com/perfume/Decorte/Kimono-Mai-Water-Based-Fragrance-94850.html
45651,Decorté,Kimono Rin,2020,https://www.fragrantica.com/perfume/Decorte/Kimono-Rin-62774.html
45652,Decorté,Kimono Sakura Water-Based Cologne (Eau de Cologne),2026,https://www.fragrantica.com/perfume/Decorte/Kimono-Sakura-Water-Based-Cologne-137935.html
45653,Decorté,Kimono Tsuya,2021,https://www.fragrantica.com/perfume/Decorte/Kimono-Tsuya-94849.html
45654,Decorté,Kimono Urara,2020,https://www.fragrantica.com/perfume/Decorte/Kimono-Urara-62773.html
45655,Decorté,Kimono Yui,2020,https://www.fragrantica.com/perfume/Decorte/Kimono-Yui-62772.html
45656,Decorté,La Vallière ラヴァリエール Decorté 2002 Parfum,2002,https://www.parfumo.com/Perfumes/Decorte/La_Valliere__Parfum
45657,Decorté,La Vallière (Eau de Toilette),,https://www.fragrantica.com/perfume/Decorte/La-Valliere-137940.html
45658,Decorté,Parfum Decorte パルファン デコルテ Decorté 1966 Parfum,1966,https://www.parfumo.com/Perfumes/Decorte/Parfum_Decorte___Parfum
45659,Decorté,Parfum Decorte パルファン デコルテ Decorté 2006 Eau de Cologne,2006,https://www.parfumo.com/Perfumes/Decorte/Parfum_Decorte___Eau_de_Cologne
45660,Decorté,Vice & Virtue,2011,https://www.fragrantica.com/perfume/Decorte/Vice-Virtue-11535.html
45661,Decorum Stockholm,Noble Black,2018,https://www.fragrantica.com/perfume/Decorum-Stockholm/Noble-Black-50860.html
45662,Decorum Stockholm,Noble White,2018,https://www.fragrantica.com/perfume/Decorum-Stockholm/Noble-White-50861.html
45663,Decorum Stockholm,Sovereign Black,2018,https://www.fragrantica.com/perfume/Decorum-Stockholm/Sovereign-Black-50862.html
45664,Decorum Stockholm,Sovereign White,2018,https://www.fragrantica.com/perfume/Decorum-Stockholm/Sovereign-White-50863.html
45665,Decorum Stockholm,Wise Black,2018,https://www.fragrantica.com/perfume/Decorum-Stockholm/Wise-Black-50864.html
45666,Decorum Stockholm,Wise White,2018,https://www.fragrantica.com/perfume/Decorum-Stockholm/Wise-White-50865.html
45667,Decotto Di Neve,6E5,,https://www.fragrantica.com/perfume/Decotto-Di-Neve/6E5-51677.html
45668,Decotto Di Neve,Boulevard Al Mare,,https://www.fragrantica.com/perfume/Decotto-Di-Neve/Boulevard-Al-Mare-47718.html
45669,Decotto Di Neve,Felicità Per La Madre,,https://www.fragrantica.com/perfume/Decotto-Di-Neve/Felicita-Per-La-Madre-47719.html
45670,Decotto Di Neve,Fiore Di Felce,,https://www.fragrantica.com/perfume/Decotto-Di-Neve/Fiore-Di-Felce-51674.html
45671,Decotto Di Neve,Forza Nella Comprensione,,https://www.fragrantica.com/perfume/Decotto-Di-Neve/Forza-Nella-Comprensione-47720.html
45672,Decotto Di Neve,Glicosidi Cardiaci,,https://www.fragrantica.com/perfume/Decotto-Di-Neve/Glicosidi-Cardiaci-51675.html
45673,Decotto Di Neve,Gravità Dentro Di Noi,,https://www.fragrantica.com/perfume/Decotto-Di-Neve/Gravita-Dentro-Di-Noi-47722.html
45674,Decotto Di Neve,Gravità Intorno A Noi,,https://www.fragrantica.com/perfume/Decotto-Di-Neve/Gravita-Intorno-A-Noi-47723.html
45675,Decotto Di Neve,Gravità Tra Noi,,https://www.fragrantica.com/perfume/Decotto-Di-Neve/Gravita-Tra-Noi-47724.html
45676,Decotto Di Neve,Orizzonte Degli Eventi,,https://www.fragrantica.com/perfume/Decotto-Di-Neve/Orizzonte-Degli-Eventi-51678.html
45677,Decotto Di Neve,Rosso Ortodosso,,https://www.fragrantica.com/perfume/Decotto-Di-Neve/Rosso-Ortodosso-51679.html
45678,Decotto Di Neve,Scopritore Di Marmellata,,https://www.fragrantica.com/perfume/Decotto-Di-Neve/Scopritore-Di-Marmellata-47721.html
45679,Decotto Di Neve,Umanamente,,https://www.fragrantica.com/perfume/Decotto-Di-Neve/Umanamente-51673.html
45680,Decotto Di Neve,Vecchia Aiuola,,https://www.fragrantica.com/perfume/Decotto-Di-Neve/Vecchia-Aiuola-51676.html
45681,DedCool,Aura,2024,https://www.fragrantica.com/perfume/DedCool/Aura-94028.html
45682,DedCool,Cosmic Release,,https://www.parfumo.com/Perfumes/Dedcool/cosmic-release
45683,DedCool,Fragrance 01 Taunt,2018,https://www.fragrantica.com/perfume/DedCool/Fragrance-01-Taunt-52312.html
45684,DedCool,Fragrance 02,2018,https://www.fragrantica.com/perfume/DedCool/Fragrance-02-52313.html
45685,DedCool,Fragrance 03 Blonde,2018,https://www.fragrantica.com/perfume/DedCool/Fragrance-03-Blonde-52314.html
45686,DedCool,Fragrance 04,2018,https://www.fragrantica.com/perfume/DedCool/Fragrance-04-52315.html
45687,DedCool,Fragrance 05 Spring,2018,https://www.fragrantica.com/perfume/DedCool/Fragrance-05-Spring-52316.html
45688,DedCool,Fragrance Number 01 - Taunt,,https://www.parfumo.com/Perfumes/Dedcool/Fragrance_Number_01__Taunt_Eau_de_Parfum
45689,DedCool,Fragrance Number 02,,https://www.parfumo.com/Perfumes/Dedcool/Fragrance_Number_02_Eau_de_Parfum
45690,DedCool,Fragrance Number 03 - Blonde,,https://www.parfumo.com/Perfumes/Dedcool/Fragrance_Number_03__Blonde_Eau_de_Parfum
45691,DedCool,Fragrance Number 04,,https://www.parfumo.com/Perfumes/Dedcool/Fragrance_Number_04_Eau_de_Parfum
45692,DedCool,Fragrance Number 05 - Spring,,https://www.parfumo.com/Perfumes/Dedcool/Fragrance_Number_05__Spring_Eau_de_Parfum
45693,DedCool,Ivy Blanc,2018,https://www.fragrantica.com/perfume/DedCool/Ivy-Blanc-52321.html
45694,DedCool,Madonna (Lilly),2018,https://www.fragrantica.com/perfume/DedCool/Madonna-Lilly-52320.html
45695,DedCool,Milk,2018,https://www.fragrantica.com/perfume/DedCool/Milk-67819.html
45696,DedCool,Mineral Milk,2020,https://www.fragrantica.com/perfume/DedCool/Mineral-Milk-129455.html
45697,DedCool,Mocha Magic,2026,https://www.fragrantica.com/perfume/DedCool/Mocha-Magic-142776.html
45698,DedCool,Mochi Milk,2025,https://www.fragrantica.com/perfume/DedCool/Mochi-Milk-104275.html
45699,DedCool,"Pet Fragrance 01 ""Taunt"" (Parfum)",,https://dedcool.com/products/pet-fragrance-01-taunt
45700,DedCool,Red Dakota,2018,https://www.fragrantica.com/perfume/DedCool/Red-Dakota-52322.html
45701,DedCool,Rocco (Mint),2018,https://www.fragrantica.com/perfume/DedCool/Rocco-Mint-52323.html
45702,DedCool,Roll-On Number 01 - Taunt,,https://www.parfumo.com/Perfumes/Dedcool/Roll_On_Number_01__Taunt_Fragrance_Oil
45703,DedCool,Roll-On Number 02,,https://www.parfumo.com/Perfumes/Dedcool/Roll_On_Number_02_Fragrance_Oil
45704,DedCool,Roll-On Number 03 - Blonde,,https://www.parfumo.com/Perfumes/Dedcool/Roll_On_Number_03__Blonde_Fragrance_Oil
45705,DedCool,Roll-On Number 04,,https://www.parfumo.com/Perfumes/Dedcool/Roll_On_Number_04_Fragrance_Oil
45706,DedCool,Roll-On Number 05 - Spring,,https://www.parfumo.com/Perfumes/Dedcool/Roll_On_Number_05__Spring_Fragrance_Oil
45707,DedCool,"Room + Linen in 01 ""Taunt""",,https://dedcool.com/products/room-linen-spray-01
45708,DedCool,Smiley Face Garden,,https://www.parfumo.com/Perfumes/Dedcool/smiley-face-garden
45709,DedCool,Sunlit Blooms,2024,https://www.fragrantica.com/perfume/DedCool/Sunlit-Blooms-92002.html
45710,DedCool,Taunt Poop Drops,,https://dedcool.com/products/taunt-poop-drops
45711,DedCool,Velvet (Monroe),2018,https://www.fragrantica.com/perfume/DedCool/Velvet-Monroe-52319.html
45712,DedCool,Xtra Milk,2022,https://www.fragrantica.com/perfume/DedCool/Xtra-Milk-87591.html
45713,Dedé Arte Profumata,Amai Arashiyama,2022,https://www.fragrantica.com/perfume/Dede-Arte-Profumata/Amai-Arashiyama-78966.html
45714,Dedé Arte Profumata,Belle Arti,2023,https://www.fragrantica.com/perfume/Dede-Arte-Profumata/Belle-Arti-88966.html
45715,Dedé Arte Profumata,Bocca di Fragola,2025,https://www.fragrantica.com/perfume/Dede-Arte-Profumata/Bocca-di-Fragola-103922.html
45716,Dedé Arte Profumata,Burro di Jophiel,2022,https://www.fragrantica.com/perfume/Dede-Arte-Profumata/Burro-di-Jophiel-78975.html
45717,Dedé Arte Profumata,Clementín Café,2024,https://www.fragrantica.com/perfume/Dede-Arte-Profumata/Clementin-Cafe-103921.html
45718,Dedé Arte Profumata,Elleboro Ligure,2023,https://www.fragrantica.com/perfume/Dede-Arte-Profumata/Elleboro-Ligure-83768.html
45719,Dedé Arte Profumata,Gelsomino d'Estate,2023,https://www.fragrantica.com/perfume/Dede-Arte-Profumata/Gelsomino-d-Estate-83769.html
45720,Dedé Arte Profumata,La Mandorla e il Cocchiere,2023,https://www.fragrantica.com/perfume/Dede-Arte-Profumata/La-Mandorla-e-il-Cocchiere-80012.html
45721,Dedé Arte Profumata,Lunadinotte,2026,https://www.fragrantica.com/perfume/Dede-Arte-Profumata/Lunadinotte-134590.html
45722,Dedé Arte Profumata,Ode al Fico,2025,https://www.fragrantica.com/perfume/Dede-Arte-Profumata/Ode-al-Fico-116792.html
45723,Dedé Arte Profumata,Specchio delle Brame,2026,https://www.fragrantica.com/perfume/Dede-Arte-Profumata/Specchio-delle-Brame-123746.html
45724,Dedé Arte Profumata,Un Assenzio,2022,https://www.fragrantica.com/perfume/Dede-Arte-Profumata/Un-Assenzio-78974.html
45725,Dedé Arte Profumata,Un Ciliegio sul Mare,2022,https://www.fragrantica.com/perfume/Dede-Arte-Profumata/Un-Ciliegio-sul-Mare-78973.html
45726,Dedé Arte Profumata,Un Cocco,2025,https://www.fragrantica.com/perfume/Dede-Arte-Profumata/Un-Cocco-112546.html
45727,Dedé Arte Profumata,Una Vaniglia Sognante,2025,https://www.fragrantica.com/perfume/Dede-Arte-Profumata/Una-Vaniglia-Sognante-108312.html
45728,Dedé Arte Profumata,VaniCocca,2022,https://www.fragrantica.com/perfume/Dede-Arte-Profumata/VaniCocca-78971.html
45729,Dedé Arte Profumata,Zucchero di Neroli,2022,https://www.fragrantica.com/perfume/Dede-Arte-Profumata/Zucchero-di-Neroli-78976.html
45730,Dee April,Dee April Parfum I,,https://www.fragrantica.com/perfume/Dee-April/Dee-April-Parfum-I-101018.html
45731,Dee April,Dee April Parfum ll,,https://www.fragrantica.com/perfume/Dee-April/Dee-April-Parfum-ll-101019.html
45732,Dee April,Parfum,,https://www.fragrantica.com/perfume/Dee-April/Parfum-89416.html
45733,Deep Field Perfumes,Arroyo,,https://www.fragrantica.com/perfume/Deep-Field-Perfumes/Arroyo-99851.html
45734,Deep Field Perfumes,Aubade,,https://www.fragrantica.com/perfume/Deep-Field-Perfumes/Aubade-99852.html
45735,Deep Field Perfumes,Cave Art,,https://www.fragrantica.com/perfume/Deep-Field-Perfumes/Cave-Art-99853.html
45736,Deep Field Perfumes,Desert Flower,,https://www.fragrantica.com/perfume/Deep-Field-Perfumes/Desert-Flower-99854.html
45737,Deep Field Perfumes,Dirtbag,,https://www.fragrantica.com/perfume/Deep-Field-Perfumes/Dirtbag-99855.html
45738,Deep Field Perfumes,Forest Bath,,https://www.fragrantica.com/perfume/Deep-Field-Perfumes/Forest-Bath-99856.html
45739,Deep Field Perfumes,Jade Fir,,https://www.fragrantica.com/perfume/Deep-Field-Perfumes/Jade-Fir-99857.html
45740,Deep Field Perfumes,Laniakea,,https://www.fragrantica.com/perfume/Deep-Field-Perfumes/Laniakea-99858.html
45741,Deep Field Perfumes,Lazy Sunshine,,https://www.fragrantica.com/perfume/Deep-Field-Perfumes/Lazy-Sunshine-99859.html
45742,Deep Field Perfumes,Luminiferous Aether,,https://www.fragrantica.com/perfume/Deep-Field-Perfumes/Luminiferous-Aether-99860.html
45743,Deep Field Perfumes,Ochre,,https://www.fragrantica.com/perfume/Deep-Field-Perfumes/Ochre-99861.html
45744,Deep Field Perfumes,Orange Blossom no.5,,https://www.fragrantica.com/perfume/Deep-Field-Perfumes/Orange-Blossom-no-5-99862.html
45745,Deep Field Perfumes,Palm Fronds,,https://www.fragrantica.com/perfume/Deep-Field-Perfumes/Palm-Fronds-99863.html
45746,Deep Field Perfumes,Rose Gold,,https://www.fragrantica.com/perfume/Deep-Field-Perfumes/Rose-Gold-99864.html
45747,Deep Field Perfumes,Rose no.2,,https://www.fragrantica.com/perfume/Deep-Field-Perfumes/Rose-no-2-99865.html
45748,Deep Field Perfumes,Santalum Aurum,,https://www.fragrantica.com/perfume/Deep-Field-Perfumes/Santalum-Aurum-99866.html
45749,Deep Field Perfumes,Slowdrift,,https://www.fragrantica.com/perfume/Deep-Field-Perfumes/Slowdrift-99867.html
45750,Deep Field Perfumes,Tiki Frequency,,https://www.fragrantica.com/perfume/Deep-Field-Perfumes/Tiki-Frequency-99868.html
45751,Deep Field Perfumes,Vellichor,,https://www.fragrantica.com/perfume/Deep-Field-Perfumes/Vellichor-99869.html
45752,Deep Field Perfumes,Viridian,,https://www.fragrantica.com/perfume/Deep-Field-Perfumes/Viridian-99870.html
45753,Deep Midnight Perfumes,A Study in Brown,2009,https://www.parfumo.com/Perfumes/Deep_Midnight_Perfumes/A_Study_in_Brown
45754,Deep Midnight Perfumes,Aerissa,2007,https://www.parfumo.com/Perfumes/Deep_Midnight_Perfumes/aerissa
45755,Deep Midnight Perfumes,Agent of Chaos,,https://www.parfumo.com/Perfumes/Deep_Midnight_Perfumes/Agent_of_Chaos
45756,Deep Midnight Perfumes,Alicindra,2004,https://www.parfumo.com/Perfumes/Deep_Midnight_Perfumes/Alicindra
45757,Deep Midnight Perfumes,Amor Fati,,https://www.parfumo.com/Perfumes/Deep_Midnight_Perfumes/amor-fati
45758,Deep Midnight Perfumes,Atlantis,1996,https://www.parfumo.com/Perfumes/Deep_Midnight_Perfumes/Atlantis
45759,Deep Midnight Perfumes,Aurora Borealis,2007,https://www.parfumo.com/Perfumes/Deep_Midnight_Perfumes/Aurora_Borealis
45760,Deep Midnight Perfumes,Avalon Myst,,https://www.parfumo.com/Perfumes/Deep_Midnight_Perfumes/Avalon_Myst
45761,Deep Midnight Perfumes,Bats in the Belfry,2008,https://www.parfumo.com/Perfumes/Deep_Midnight_Perfumes/Bats_in_the_Belfry
45762,Deep Midnight Perfumes,Bellemira,,https://www.parfumo.com/Perfumes/Deep_Midnight_Perfumes/bellemira
45763,DeFacto,Amber Sandalwood (Eau de Parfum),,https://www.trendyol.com/defacto/unisex-amber-sandalwood-100-ml-parfum-g5247axns-p-1060704082
45764,DeFacto,Ayıcıklı Fuşya Dekoratif Mum (Eau de Cologne),,https://www.trendyol.com/defacto/ayicikli-fusya-dekoratif-mum-h6745axns-p-1160604259
45765,DeFacto,Black (Eau de Parfum),,https://www.fragrantica.com/perfume/DeFacto/Black-137209.html
45766,DeFacto,Black Shıne (Eau de Parfum),,https://www.trendyol.com/defacto/kadin-100-ml-defacto-black-shine-parfum-k0444azns-p-33465580
45767,DeFacto,Black Shine,,https://www.fragrantica.com/perfume/DeFacto/Black-Shine-137210.html
45768,DeFacto,Blue (Eau de Parfum),,https://www.trendyol.com/defacto/blue-erkek-aromatik-50-ml-parfum-l4179azns-p-192946438
45769,DeFacto,Blush Pearl (Eau de Parfum),,https://www.trendyol.com/defacto/kadin-50-ml-blush-pearl-parfum-h2268axns-p-1142220093
45770,DeFacto,Burning Wood (Eau de Parfum),,https://www.trendyol.com/defacto/erkek-100-ml-burning-wood-parfum-i0222axns-p-1176611080
45771,DeFacto,Choice (Eau de Parfum),,https://www.trendyol.com/defacto/kadin-100-ml-defacto-choice-parfum-k0444azns-p-33465608
45772,DeFacto,Crimson Edge (Eau de Parfum),,https://www.trendyol.com/defacto/erkek-100-ml-crimson-edge-parfum-h9659axns-p-1173547831
45773,DeFacto,Dark Lands (Eau de Parfum),,https://www.trendyol.com/defacto/erkek-100-ml-dark-lands-parfum-e9402axns-p-946352123
45774,DeFacto,Dark Wood,2025,https://www.fragrantica.com/perfume/DeFacto/Dark-Wood-125165.html
45775,DeFacto,DESERT STONE (Eau de Parfum),,https://www.trendyol.com/defacto/erkek-15-ml-desert-stone-parfum-g4705axns-p-1071491318
45776,DeFacto,Dusk Blue Turunçgil (Eau de Parfum),,https://www.trendyol.com/defacto/erkek-defacto-dusk-blue-turuncgil-100-ml-parfum-y2390azns-p-292670050
45777,DeFacto,Dusk Turquaz (Eau de Parfum),,https://www.fragrantica.com/perfume/DeFacto/Dusk-Turquaz-137211.html
45778,DeFacto,Echo (Eau de Parfum),,https://www.trendyol.com/defacto/erkek-100-ml-wooden-echo-parfum-g3134axns-p-1034355717
45779,DeFacto,Gold (Eau de Parfum),,https://www.trendyol.com/defacto/erkek-100-ml-defacto-gold-parfum-h1464axns-p-1127418465
45780,DeFacto,Gold Sparkle (Eau de Parfum),,https://www.trendyol.com/defacto/kadin-50-ml-gold-sparkle-parfum-b7238axns-p-860357844
45781,DeFacto,Gourmand (Body Mist),,https://www.trendyol.com/defacto/kadin-gourmand-fruity-90-ml-vucut-spreyi-h1446axns-p-1200706705
45782,DeFacto,Guarda (Eau de Parfum),,https://www.trendyol.com/defacto/erkek-75-ml-guarda-parfum-n2210azns-p-34249417
45783,DeFacto,Intense Leather (Eau de Parfum),,https://www.trendyol.com/defacto/erkek-100-ml-intense-leather-parfum-i0193axns-p-1186524594
45784,DeFacto,Jaquette x Sunny Touch (Eau de Parfum),,https://www.trendyol.com/defacto/jaquette-x-defacto100-ml-sunny-touch-parfum-i4417axns-p-1186524403
45785,DeFacto,Jaquette x Tropical Crush (Body Mist),,https://www.trendyol.com/defacto/jaquette-x-defacto-100-ml-tropical-crush-vucut-spreyi-i5651axns-p-1185304998
45786,DeFacto,Kadın 90 ml Vücut Spreyi H1446AXNSPN101 (Body Mist),,https://www.trendyol.com/defacto/kadin-90-ml-vucut-spreyi-h1446axnspn101-p-1200706626
45787,DeFacto,Kadın 90 ml Vücut Spreyi H1446AXNSWT1 (Body Mist),,https://www.trendyol.com/defacto/kadin-90-ml-vucut-spreyi-h1446axnswt1-p-1200706425
45788,DeFacto,Lilac (Eau de Parfum),,https://www.trendyol.com/defacto/kadin-50-ml-defacto-lilac-parfum-l8103azns-p-35041066
45789,DeFacto,Lilac Pearl,,https://www.fragrantica.com/perfume/DeFacto/Lilac-Pearl-142170.html
45790,DeFacto,Manuka x None Elegant Fashion Girl (Eau de Parfum),,https://www.trendyol.com/defacto/manuka-x-defacto-kadin-none-elegant-fashion-girl-parfum-i0098axns-p-1162588882
45791,DeFacto,Meyvemsi (Body Mist),,https://www.trendyol.com/defacto/kadin-ciceksi-meyvemsi-90-ml-vucut-spreyi-h1447axnspr200-p-1200979805
45792,DeFacto,Moonlit Grace (Body Mist),,https://www.trendyol.com/defacto/kadin-90-ml-moonlit-grace-vucut-spreyi-h3939axnsgd1-p-1200978860
45793,DeFacto,Mystıc Aura (Eau de Parfum),,https://www.trendyol.com/defacto/kadin-defacto-mystic-aura-aromatik-100-ml-parfum-e4222axns-p-921564060
45794,DeFacto,Mystic Accord (Eau de Parfum),,https://www.trendyol.com/defacto/kadin-100-ml-mystic-accord-parfum-i0221axns-p-1176611837
45795,DeFacto,Mystic Bangkok,,https://www.fragrantica.com/perfume/DeFacto/Mystic-Bangkok-142169.html
45796,DeFacto,Navy Blue,2025,https://www.fragrantica.com/perfume/DeFacto/Navy-Blue-125164.html
45797,DeFacto,Navy (Eau de Parfum),,https://www.trendyol.com/defacto/navy-erkek-aromatik-50-ml-parfum-l4179azns-p-35134640
45798,DeFacto,NBA Amber (Eau de Parfum),,https://www.trendyol.com/defacto/erkek-nba-amber-parfum-100-ml-g4688axns-p-1176608794
45799,DeFacto,NBA Boston Celtics (Eau de Cologne),,https://www.trendyol.com/defacto/erkek-100-ml-nba-boston-celtics-g4701axns-p-1176612792
45800,DeFacto,Nba Chıcago Bulls (Eau de Parfum),,https://www.trendyol.com/defacto/erkek-100-ml-nba-chicago-bulls-parfum-g4684axns-p-1186524432
45801,DeFacto,Nba Houston Rockets (Eau de Toilette),,https://www.trendyol.com/defacto/erkek-100-ml-nba-houston-rockets-parfum-g6960axns-p-1186524542
45802,DeFacto,Nba Los Angeles (Eau de Parfum),,https://www.trendyol.com/defacto/erkek-100-ml-nba-los-angeles-g4685axns-p-1176610554
45803,DeFacto,Nba Mılwaukee (Eau de Toilette),,https://www.trendyol.com/defacto/erkek-100-ml-nba-milwaukee-g4686axns-p-1176605782
45804,DeFacto,Ocean Aqua (Eau de Parfum),,https://www.trendyol.com/defacto/ocean-aqua-erkek-parfum-100-ml-r4168azns-p-66288334
45805,DeFacto,Of Dreams (Eau de Parfum),,https://www.trendyol.com/defacto/kadin-defacto-garden-of-dreams-aromatik-100-ml-parfum-e4222axns-p-938164649
45806,DeFacto,Oud King (Eau de Parfum),,https://www.trendyol.com/defacto/erkek-100-ml-oud-king-parfum-g3134axns-p-1034353915
45807,DeFacto,Pink,,https://www.fragrantica.com/perfume/DeFacto/Pink-137207.html
45808,DeFacto,Pink Magnolia (Eau de Parfum),,https://www.trendyol.com/defacto/kadin-50-ml-pink-magnolia-parfum-i0232axns-p-1173547778
45809,DeFacto,Pink Meyvemsi (Eau de Parfum),,https://www.trendyol.com/defacto/kadin-pink-ciceksi-meyvemsi-50-ml-parfum-l8103azns-p-6585484
45810,DeFacto,Prague (Eau de Parfum),,https://www.trendyol.com/defacto/kadin-defacto-prague-odunsu-50-ml-parfum-w7272azns-p-845500272
45811,DeFacto,Rose,2019,https://www.fragrantica.com/perfume/DeFacto/Rose-70078.html
45812,DeFacto,Rose Sparkle,,https://www.fragrantica.com/perfume/DeFacto/Rose-Sparkle-142171.html
45813,DeFacto,Shımmer Romance Parıltılı Vücut Yağı (Body Mist),,https://www.trendyol.com/defacto/kadin-defacto-shimmer-romance-floral-fruity-100-ml-pariltili-vucut-yagi-e9461axns-p-959467321
45814,DeFacto,Spicy Wood,,https://www.fragrantica.com/perfume/DeFacto/Spicy-Wood-142172.html
45815,DeFacto,Sueno (Eau de Parfum),,https://www.trendyol.com/defacto/erkek-defacto-sueno-man-baharatli-75-ml-parfum-n2210azns-p-34250288
45816,DeFacto,Unisex Fresh 100 ml Parfüm G5256AXNS (Eau de Parfum),,https://www.trendyol.com/defacto/unisex-fresh-100-ml-parfum-g5256axns-p-1060704264
45817,DeFacto,Warm Spicy,,https://www.fragrantica.com/perfume/DeFacto/Warm-Spicy-142173.html
45818,DeFacto,White,,https://www.fragrantica.com/perfume/DeFacto/White-137208.html
45819,DeFacto,White Meyvemsi (Eau de Parfum),,https://www.trendyol.com/defacto/kadin-defacto-white-for-women-ciceksi-meyvemsi-50-ml-parfum-l8103azns-p-35134632
45820,DeFacto,Wood (Eau de Parfum),,https://www.trendyol.com/defacto/erkek-defacto-spicy-wood-aromatik-75-ml-parfum-z0241azns-p-773991799
45821,DefineMe,Audry,2015,https://www.fragrantica.com/perfume/DefineMe/Audry-36313.html
45822,DefineMe,Clara,2015,https://www.fragrantica.com/perfume/DefineMe/Clara-36314.html
45823,DefineMe,Delphine,2017,https://www.fragrantica.com/perfume/DefineMe/Delphine-68417.html
45824,DefineMe,Harper,2015,https://www.fragrantica.com/perfume/DefineMe/Harper-36315.html
45825,DefineMe,Lalawoo,2024,https://www.fragrantica.com/perfume/DefineMe/Lalawoo-100610.html
45826,DefineMe,Nearly Noon,2024,https://www.fragrantica.com/perfume/DefineMe/Nearly-Noon-100084.html
45827,DefineMe,Nearly Nude,2025,https://www.fragrantica.com/perfume/DefineMe/Nearly-Nude-115454.html
45828,DefineMe,Payton,2015,https://www.fragrantica.com/perfume/DefineMe/Payton-36316.html
45829,DefineMe,Rami,2025,https://www.fragrantica.com/perfume/DefineMe/Rami-112884.html
45830,DefineMe,Sofia Isabel,2015,https://www.fragrantica.com/perfume/DefineMe/Sofia-Isabel-36317.html
45831,DefineMe Creative Studio,Ariel,2020,https://www.fragrantica.com/perfume/DefineMe-Creative-Studio/Ariel-60432.html
45832,DefineMe Creative Studio,Barbie,2023,https://www.fragrantica.com/perfume/DefineMe-Creative-Studio/Barbie-83825.html
45833,DefineMe Creative Studio,Ken™,2024,https://www.fragrantica.com/perfume/DefineMe-Creative-Studio/Ken-92164.html
45834,DeGrhaal,Ambra Telluris,2024,https://www.fragrantica.com/perfume/DeGrhaal/Ambra-Telluris-102942.html
45835,DeGrhaal,Anima Mineralis,2024,https://www.fragrantica.com/perfume/DeGrhaal/Anima-Mineralis-102943.html
45836,DeGrhaal,Anti Parfum,2024,https://www.fragrantica.com/perfume/DeGrhaal/Anti-Parfum-102945.html
45837,DeGrhaal,Dark Matter,2024,https://www.fragrantica.com/perfume/DeGrhaal/Dark-Matter-102946.html
45838,DeGrhaal,Liqueur d'Osmanthus,2024,https://www.fragrantica.com/perfume/DeGrhaal/Liqueur-d-Osmanthus-102948.html
45839,DeGrhaal,Narcotika,2024,https://www.fragrantica.com/perfume/DeGrhaal/Narcotika-102944.html
45840,DeGrhaal,Olibanum,2024,https://www.fragrantica.com/perfume/DeGrhaal/Olibanum-102949.html
45841,DeGrhaal,Rosa Astralis,2024,https://www.fragrantica.com/perfume/DeGrhaal/Rosa-Astralis-102947.html
45842,Dehnee,Nujoom,2026,https://www.fragrantica.com/perfume/Dehnee/Nujoom-124608.html
45843,Del Río,Agua de Mar,2025,https://www.fragrantica.com/perfume/Del-Rio/Agua-de-Mar-115979.html
45844,Del Río,Árboles,2024,https://www.fragrantica.com/perfume/Del-Rio/Arboles-115977.html
45845,Del Río,Gran Vino,2025,https://www.fragrantica.com/perfume/Del-Rio/Gran-Vino-115980.html
45846,Del Río,Recuerdo,2025,https://www.fragrantica.com/perfume/Del-Rio/Recuerdo-115982.html
45847,Del Río,Rosas,2024,https://www.fragrantica.com/perfume/Del-Rio/Rosas-115978.html
45848,Del Río,ÚNICA,2025,https://www.fragrantica.com/perfume/Del-Rio/UNICA-115981.html
45849,Delarom,Envolee de Freesia,2011,https://www.fragrantica.com/perfume/Delarom/Envolee-de-Freesia-12547.html
45850,Delarom,Orangia Bellissima,2008,https://www.fragrantica.com/perfume/Delarom/Orangia-Bellissima-11135.html
45851,Délavure,Brimley,2026,https://www.fragrantica.com/perfume/Delavure/Brimley-135337.html
45852,Délavure,Brise de Biscuit,2026,https://www.fragrantica.com/perfume/Delavure/Brise-de-Biscuit-135336.html
45853,Délavure,Willow Wynne,2026,https://www.fragrantica.com/perfume/Delavure/Willow-Wynne-135335.html
45854,Delft Blue Cosmetics,Delft Blue Gold Edition,2025,https://www.fragrantica.com/perfume/Delft-Blue-Cosmetics/Delft-Blue-Gold-Edition-136430.html
45855,Delikad,Aventuras no Safari Blue Kids,2017,https://www.fragrantica.com/perfume/Delikad/Aventuras-no-Safari-Blue-Kids-79990.html
45856,Delikad,Aventuras no Safari Green Kids,2017,https://www.fragrantica.com/perfume/Delikad/Aventuras-no-Safari-Green-Kids-79988.html
45857,Delikad,Aventuras no Safari Pink Kids,2017,https://www.fragrantica.com/perfume/Delikad/Aventuras-no-Safari-Pink-Kids-79991.html
45858,Delikad,Aventuras no Safari Yellow Kids,2017,https://www.fragrantica.com/perfume/Delikad/Aventuras-no-Safari-Yellow-Kids-79989.html
45859,Delikad,Delikad Baby,2018,https://www.fragrantica.com/perfume/Delikad/Delikad-Baby-79987.html
45860,Delikad,Delikad Dream Butterfly,2019,https://www.fragrantica.com/perfume/Delikad/Delikad-Dream-Butterfly-70941.html
45861,Delikad,Delikad Freedom Butterfly,2023,https://www.fragrantica.com/perfume/Delikad/Delikad-Freedom-Butterfly-83573.html
45862,Delikad,Delikad Ilusion Butterfly,2019,https://www.fragrantica.com/perfume/Delikad/Delikad-Ilusion-Butterfly-70940.html
45863,Delikad,Delikad Love Butterfly,2019,https://www.fragrantica.com/perfume/Delikad/Delikad-Love-Butterfly-70942.html
45864,Delikad,Delikad Secret Butterfly,2019,https://www.fragrantica.com/perfume/Delikad/Delikad-Secret-Butterfly-70871.html
45865,Delikad,Delikad Shine Butterfly,2019,https://www.fragrantica.com/perfume/Delikad/Delikad-Shine-Butterfly-70943.html
45866,Delikad,Delikad Surprise Butterfly,2019,https://www.fragrantica.com/perfume/Delikad/Delikad-Surprise-Butterfly-70944.html
45867,Delikad,Fairy Wings,2018,https://www.fragrantica.com/perfume/Delikad/Fairy-Wings-64724.html
45868,Delikad,Let's Fly,2018,https://www.fragrantica.com/perfume/Delikad/Let-s-Fly-79986.html
45869,Delikad,Let's Game,2019,https://www.fragrantica.com/perfume/Delikad/Let-s-Game-79980.html
45870,Delikad,Let's Run,2019,https://www.fragrantica.com/perfume/Delikad/Let-s-Run-79984.html
45871,Delikad,Let's SK8,2019,https://www.fragrantica.com/perfume/Delikad/Let-s-SK8-79983.html
45872,Delikad,Let's Surf,2018,https://www.fragrantica.com/perfume/Delikad/Let-s-Surf-79985.html
45873,Delikad,Let's Toys,2019,https://www.fragrantica.com/perfume/Delikad/Let-s-Toys-79981.html
45874,Delikad,Lovely Jasmim,2023,https://www.fragrantica.com/perfume/Delikad/Lovely-Jasmim-91731.html
45875,Delikad,Lucky Charm,2018,https://www.fragrantica.com/perfume/Delikad/Lucky-Charm-64722.html
45876,Delikad,Mystery of Unicorn,2022,https://www.fragrantica.com/perfume/Delikad/Mystery-of-Unicorn-91733.html
45877,Delikad,Pretty Rose,2023,https://www.fragrantica.com/perfume/Delikad/Pretty-Rose-91730.html
45878,Delikad,Secret of Mermaid,2022,https://www.fragrantica.com/perfume/Delikad/Secret-of-Mermaid-91732.html
45879,Delikad,Secret Potion,2021,https://www.fragrantica.com/perfume/Delikad/Secret-Potion-66481.html
45880,Delikad,Star Dust,2018,https://www.fragrantica.com/perfume/Delikad/Star-Dust-64723.html
45881,Delikad,Ursinha Animadinha,2020,https://www.fragrantica.com/perfume/Delikad/Ursinha-Animadinha-79979.html
45882,Delikad,Ursinha Carinhosa,2020,https://www.fragrantica.com/perfume/Delikad/Ursinha-Carinhosa-79978.html
45883,Delikad,Ursinho Boa Sorte,2020,https://www.fragrantica.com/perfume/Delikad/Ursinho-Boa-Sorte-79976.html
45884,Delikad,Ursinho Meus Sonhos,2020,https://www.fragrantica.com/perfume/Delikad/Ursinho-Meus-Sonhos-79977.html
45885,Delisea,Adarce,2019,https://www.fragrantica.com/perfume/Delisea/Adarce-90643.html
45886,Delisea,Coral,2019,https://www.fragrantica.com/perfume/Delisea/Coral-90644.html
45887,Delisea,Kay,2019,https://www.fragrantica.com/perfume/Delisea/Kay-90645.html
45888,Delisea,Sea Bloom,2019,https://www.fragrantica.com/perfume/Delisea/Sea-Bloom-90646.html
45889,Delisea,Suna,2019,https://www.fragrantica.com/perfume/Delisea/Suna-90647.html
45890,Delisea,Wave,2019,https://www.fragrantica.com/perfume/Delisea/Wave-90648.html
45891,Delle Grazie,Paris Rouge,2007,https://www.fragrantica.com/perfume/Delle-Grazie/Paris-Rouge-4645.html
45892,DELMA PARFUMS,Crème d'Ivoire,2026,https://www.fragrantica.com/perfume/DELMA-PARFUMS/Creme-d-Ivoire-138656.html
45893,Delrio Perfume,Oud Arabe,2026,https://www.fragrantica.com/perfume/Delrio-Perfume/Oud-Arabe-122881.html
45894,Delroba,Black Musk,,https://www.fragrantica.com/perfume/Delroba/Black-Musk-102041.html
45895,Delroba,Cashmere Bouquet,,https://www.fragrantica.com/perfume/Delroba/Cashmere-Bouquet-102044.html
45896,Delroba,Emerald Haze,2022,https://www.fragrantica.com/perfume/Delroba/Emerald-Haze-101985.html
45897,Delroba,Mystique Mirage,,https://www.fragrantica.com/perfume/Delroba/Mystique-Mirage-102039.html
45898,Delroba,Rose Musk,,https://www.fragrantica.com/perfume/Delroba/Rose-Musk-102040.html
45899,Delroba,Sweet Amber,,https://www.fragrantica.com/perfume/Delroba/Sweet-Amber-102042.html
45900,Delta Goodrem,Bloom,2026,https://www.fragrantica.com/perfume/Delta-Goodrem/Bloom-129923.html
45901,Delta Goodrem,Delta,2017,https://www.fragrantica.com/perfume/Delta-Goodrem/Delta-45077.html
45902,Delta Goodrem,Destiny,2019,https://www.fragrantica.com/perfume/Delta-Goodrem/Destiny-110651.html
45903,Delta Goodrem,Dream by Delta Goodrem,2018,https://www.fragrantica.com/perfume/Delta-Goodrem/Dream-by-Delta-Goodrem-106871.html
45904,Delta Goodrem,Night,2024,https://www.fragrantica.com/perfume/Delta-Goodrem/Night-110652.html
45905,Delta Goodrem,Power,2023,https://www.fragrantica.com/perfume/Delta-Goodrem/Power-90295.html
45906,Delta Goodrem,Power Intense,2023,https://www.fragrantica.com/perfume/Delta-Goodrem/Power-Intense-90296.html
45907,Delta Goodrem,Within,2025,https://www.fragrantica.com/perfume/Delta-Goodrem/Within-124950.html
45908,Delta Parfum,Blue Light,2025,https://www.fragrantica.com/perfume/Delta-Parfum/Blue-Light-117679.html
45909,Delta Parfum,Demon,,https://www.fragrantica.com/perfume/Delta-Parfum/Demon-122331.html
45910,Delta Parfum,Demon Ice,,https://www.fragrantica.com/perfume/Delta-Parfum/Demon-Ice-122333.html
45911,Delta Parfum,Demon Noir,,https://www.fragrantica.com/perfume/Delta-Parfum/Demon-Noir-122332.html
45912,Delta Parfum,Princess Anna,,https://www.fragrantica.com/perfume/Delta-Parfum/Princess-Anna-137837.html
45913,Delure,Delure Extrait de Parfum,2025,https://www.fragrantica.com/perfume/Delure/Delure-Extrait-de-Parfum-116071.html
45914,DeMer Parfum Limited,Ambre DeMer,2023,https://www.fragrantica.com/perfume/DeMer-Parfum-Limited/Ambre-DeMer-79808.html
45915,DeMer Parfum Limited,Cobblestone Phantoms,2022,https://www.fragrantica.com/perfume/DeMer-Parfum-Limited/Cobblestone-Phantoms-79819.html
45916,DeMer Parfum Limited,DeMer Holiday,2022,https://www.fragrantica.com/perfume/DeMer-Parfum-Limited/DeMer-Holiday-79822.html
45917,DeMer Parfum Limited,Endless Numbered Days,2023,https://www.fragrantica.com/perfume/DeMer-Parfum-Limited/Endless-Numbered-Days-79810.html
45918,DeMer Parfum Limited,Framboise Précieux,2023,https://www.fragrantica.com/perfume/DeMer-Parfum-Limited/Framboise-Precieux-79815.html
45919,DeMer Parfum Limited,Gâteau Et Encens,2022,https://www.fragrantica.com/perfume/DeMer-Parfum-Limited/Gateau-Et-Encens-79816.html
45920,DeMer Parfum Limited,Gentleman's Nostalgia,2023,https://www.fragrantica.com/perfume/DeMer-Parfum-Limited/Gentleman-s-Nostalgia-79814.html
45921,DeMer Parfum Limited,Santalorium,2023,https://www.fragrantica.com/perfume/DeMer-Parfum-Limited/Santalorium-79817.html
45922,DeMer Parfum Limited,Seaside Pancakes,2022,https://www.fragrantica.com/perfume/DeMer-Parfum-Limited/Seaside-Pancakes-79809.html
45923,DeMer Parfum Limited,Smoked Velvet,2022,https://www.fragrantica.com/perfume/DeMer-Parfum-Limited/Smoked-Velvet-79811.html
45924,DeMer Parfum Limited,Starstricken,2023,https://www.fragrantica.com/perfume/DeMer-Parfum-Limited/Starstricken-79812.html
45925,DeMer Parfum Limited,Sweet Reverie,2022,https://www.fragrantica.com/perfume/DeMer-Parfum-Limited/Sweet-Reverie-79813.html
45926,DeMer Parfum Limited,Tabac Opus,2022,https://www.fragrantica.com/perfume/DeMer-Parfum-Limited/Tabac-Opus-79820.html
45927,DeMer Parfum Limited,Vellichor Geist,2022,https://www.fragrantica.com/perfume/DeMer-Parfum-Limited/Vellichor-Geist-79821.html
45928,DeMer Parfum Limited,Venom,2022,https://www.fragrantica.com/perfume/DeMer-Parfum-Limited/Venom-79824.html
45929,DeMer Parfum Limited,Wayward Labdanum,2023,https://www.fragrantica.com/perfume/DeMer-Parfum-Limited/Wayward-Labdanum-79823.html
45930,Demeter Fragrance,Almond,,https://www.fragrantica.com/perfume/Demeter-Fragrance/Almond-7763.html
45931,Demeter Fragrance,Aloe Vera,2014,https://www.fragrantica.com/perfume/Demeter-Fragrance/Aloe-Vera-27573.html
45932,Demeter Fragrance,Always Calm,,https://www.fragrantica.com/perfume/Demeter-Fragrance/Always-Calm-7722.html
45933,Demeter Fragrance,Always Energetic,,https://www.fragrantica.com/perfume/Demeter-Fragrance/Always-Energetic-7723.html
45934,Demeter Fragrance,Always Focused,,https://www.fragrantica.com/perfume/Demeter-Fragrance/Always-Focused-7724.html
45935,Demeter Fragrance,Always Happy,,https://www.fragrantica.com/perfume/Demeter-Fragrance/Always-Happy-7720.html
45936,Demeter Fragrance,Always Sexy,,https://www.fragrantica.com/perfume/Demeter-Fragrance/Always-Sexy-7719.html
45937,Demeter Fragrance,Amber,2000,https://www.fragrantica.com/perfume/Demeter-Fragrance/Amber-12801.html
45938,Demeter Fragrance,Ambergris,2018,https://www.fragrantica.com/perfume/Demeter-Fragrance/Ambergris-53783.html
45939,Demeter Fragrance,Amethyst Petals,2020,https://www.fragrantica.com/perfume/Demeter-Fragrance/Amethyst-Petals-127261.html
45940,Demeter Fragrance,Amsterdam,,https://www.fragrantica.com/perfume/Demeter-Fragrance/Amsterdam-133586.html
45941,Demeter Fragrance,Angel Food,,https://www.fragrantica.com/perfume/Demeter-Fragrance/Angel-Food-7742.html
45942,Demeter Fragrance,Aphrodite's Slipper Orchid,2015,https://www.fragrantica.com/perfume/Demeter-Fragrance/Aphrodite-s-Slipper-Orchid-35112.html
45943,Demeter Fragrance,Apple Blossom,,https://www.fragrantica.com/perfume/Demeter-Fragrance/Apple-Blossom-7764.html
45944,Demeter Fragrance,Apple Pie,2003,https://www.fragrantica.com/perfume/Demeter-Fragrance/Apple-Pie-2241.html
45945,Demeter Fragrance,Aquarius,2015,https://www.fragrantica.com/perfume/Demeter-Fragrance/Aquarius-70130.html
45946,Demeter Fragrance,Argan,2018,https://www.fragrantica.com/perfume/Demeter-Fragrance/Argan-53770.html
45947,Demeter Fragrance,Aries,2015,https://www.fragrantica.com/perfume/Demeter-Fragrance/Aries-70120.html
45948,Demeter Fragrance,Asian Pear,2015,https://www.fragrantica.com/perfume/Demeter-Fragrance/Asian-Pear-30756.html
45949,Demeter Fragrance,Baby Powder,,https://www.fragrantica.com/perfume/Demeter-Fragrance/Baby-Powder-7776.html
45950,Demeter Fragrance,Baby's Head,2015,https://www.fragrantica.com/perfume/Demeter-Fragrance/Baby-s-Head-30171.html
45951,Demeter Fragrance,Baby Shampoo,2016,https://www.fragrantica.com/perfume/Demeter-Fragrance/Baby-Shampoo-37348.html
45952,Demeter Fragrance,Badtz-Maru,2010,https://www.fragrantica.com/perfume/Demeter-Fragrance/Badtz-Maru-10594.html
45953,Demeter Fragrance,Baihao Yinzhen Tea,2015,https://www.fragrantica.com/perfume/Demeter-Fragrance/Baihao-Yinzhen-Tea-30044.html
45954,Demeter Fragrance,Bamboo,,https://www.fragrantica.com/perfume/Demeter-Fragrance/Bamboo-8862.html
45955,Demeter Fragrance,Banana Flambee,,https://www.fragrantica.com/perfume/Demeter-Fragrance/Banana-Flambee-7741.html
45956,Demeter Fragrance,Barbados Cherry,2011,https://www.fragrantica.com/perfume/Demeter-Fragrance/Barbados-Cherry-13273.html
45957,Demeter Fragrance,Basil,,https://www.fragrantica.com/perfume/Demeter-Fragrance/Basil-17887.html
45958,Demeter Fragrance,BBQ,2017,https://www.fragrantica.com/perfume/Demeter-Fragrance/BBQ-46625.html
45959,Demeter Fragrance,Beeswax,2008,https://www.fragrantica.com/perfume/Demeter-Fragrance/Beeswax-4744.html
45960,Demeter Fragrance,Beetroot,,https://www.fragrantica.com/perfume/Demeter-Fragrance/Beetroot-19899.html
45961,Demeter Fragrance,Belle,2018,https://www.fragrantica.com/perfume/Demeter-Fragrance/Belle-53773.html
45962,Demeter Fragrance,Between the Sheets,,https://www.fragrantica.com/perfume/Demeter-Fragrance/Between-the-Sheets-4970.html
45963,Demeter Fragrance,Bird of Paradise,,https://www.fragrantica.com/perfume/Demeter-Fragrance/Bird-of-Paradise-17889.html
45964,Demeter Fragrance,Birthday Cake,,https://www.fragrantica.com/perfume/Demeter-Fragrance/Birthday-Cake-8861.html
45965,Demeter Fragrance,Black Bamboo,,https://www.fragrantica.com/perfume/Demeter-Fragrance/Black-Bamboo-17888.html
45966,Demeter Fragrance,Black Ginger,2012,https://www.fragrantica.com/perfume/Demeter-Fragrance/Black-Ginger-16065.html
45967,Demeter Fragrance,Black Pepper,,https://www.fragrantica.com/perfume/Demeter-Fragrance/Black-Pepper-8863.html
45968,Demeter Fragrance,Black Russian,,https://www.fragrantica.com/perfume/Demeter-Fragrance/Black-Russian-7714.html
45969,Demeter Fragrance,Black Tea,2020,https://www.fragrantica.com/perfume/Demeter-Fragrance/Black-Tea-129449.html
45970,Demeter Fragrance,Blackberry Pie,2014,https://www.fragrantica.com/perfume/Demeter-Fragrance/Blackberry-Pie-44652.html
45971,Demeter Fragrance,Blood Lime,2016,https://www.fragrantica.com/perfume/Demeter-Fragrance/Blood-Lime-38651.html
45972,Demeter Fragrance,Blue Spruce,2016,https://www.fragrantica.com/perfume/Demeter-Fragrance/Blue-Spruce-35109.html
45973,Demeter Fragrance,Blueberry,,https://www.fragrantica.com/perfume/Demeter-Fragrance/Blueberry-17882.html
45974,Demeter Fragrance,Bonfire,2009,https://www.fragrantica.com/perfume/Demeter-Fragrance/Bonfire-6943.html
45975,Demeter Fragrance,Bourbon,,https://www.fragrantica.com/perfume/Demeter-Fragrance/Bourbon-8853.html
45976,Demeter Fragrance,Brownie,,https://www.fragrantica.com/perfume/Demeter-Fragrance/Brownie-8854.html
45977,Demeter Fragrance,Bubble Bath Mr. Bubble,2015,https://www.parfumo.com/Perfumes/Demeter_Fragrance_Library/bubble-bath-mr-bubble
45978,Demeter Fragrance,Bubble Gum,,https://www.fragrantica.com/perfume/Demeter-Fragrance/Bubble-Gum-7760.html
45979,Demeter Fragrance,Bulgarian Rose,2000,https://www.fragrantica.com/perfume/Demeter-Fragrance/Bulgarian-Rose-15673.html
45980,Demeter Fragrance,Burn for Her,2014,https://www.fragrantica.com/perfume/Demeter-Fragrance/Burn-for-Her-26010.html
45981,Demeter Fragrance,Burn for Him,2014,https://www.fragrantica.com/perfume/Demeter-Fragrance/Burn-for-Him-26009.html
45982,Demeter Fragrance,Butter Cookies,,https://www.parfumo.com/Perfumes/Demeter_Fragrance_Library/Butter_Cookies
45983,Demeter Fragrance,Butterscotch,,https://www.fragrantica.com/perfume/Demeter-Fragrance/Butterscotch-19893.html
45984,Demeter Fragrance,Caipirinha,2016,https://www.fragrantica.com/perfume/Demeter-Fragrance/Caipirinha-40371.html
45985,Demeter Fragrance,Calypso Orchid,2015,https://www.fragrantica.com/perfume/Demeter-Fragrance/Calypso-Orchid-35111.html
45986,Demeter Fragrance,Cancer,2015,https://www.fragrantica.com/perfume/Demeter-Fragrance/Cancer-70123.html
45987,Demeter Fragrance,Candy Cane Truffle,2013,https://www.fragrantica.com/perfume/Demeter-Fragrance/Candy-Cane-Truffle-23284.html
45988,Demeter Fragrance,Cannabis Flower,,https://www.fragrantica.com/perfume/Demeter-Fragrance/Cannabis-Flower-7770.html
45989,Demeter Fragrance,Cappuccino,,https://www.parfumo.com/Perfumes/Demeter_Fragrance_Library/Cappuccino
45990,Demeter Fragrance,Capricorn,2015,https://www.fragrantica.com/perfume/Demeter-Fragrance/Capricorn-70129.html
45991,Demeter Fragrance,Caramel,,https://www.fragrantica.com/perfume/Demeter-Fragrance/Caramel-7754.html
45992,Demeter Fragrance,Cardamom,2015,https://www.fragrantica.com/perfume/Demeter-Fragrance/Cardamom-30757.html
45993,Demeter Fragrance,Caribbean Sea,2015,https://www.fragrantica.com/perfume/Demeter-Fragrance/Caribbean-Sea-30754.html
45994,Demeter Fragrance,Cattleya Orchid,2015,https://www.fragrantica.com/perfume/Demeter-Fragrance/Cattleya-Orchid-35113.html
45995,Demeter Fragrance,Cedar,2021,https://www.fragrantica.com/perfume/Demeter-Fragrance/Cedar-71436.html
45996,Demeter Fragrance,Celery,,https://www.fragrantica.com/perfume/Demeter-Fragrance/Celery-17875.html
45997,Demeter Fragrance,Chai Tea,2009,https://www.fragrantica.com/perfume/Demeter-Fragrance/Chai-Tea-7395.html
45998,Demeter Fragrance,Chamomile Tea,,https://www.fragrantica.com/perfume/Demeter-Fragrance/Chamomile-Tea-17920.html
45999,Demeter Fragrance,Champagne Brut,,https://www.fragrantica.com/perfume/Demeter-Fragrance/Champagne-Brut-8860.html
46000,Demeter Fragrance,Cherry Blossom,2000,https://www.fragrantica.com/perfume/Demeter-Fragrance/Cherry-Blossom-12385.html46001,Demeter Fragrance,Cherry Cream,2019,https://www.fragrantica.com/perfume/Demeter-Fragrance/Cherry-Cream-70175.html
46002,Demeter Fragrance,Cherry Cream Very Cherry Cream,,https://www.parfumo.com/Perfumes/Demeter_Fragrance_Library/Cherry_Cream
46003,Demeter Fragrance,Chipotle Pepper,2015,https://www.fragrantica.com/perfume/Demeter-Fragrance/Chipotle-Pepper-29568.html
46004,Demeter Fragrance,Chococat,2010,https://www.fragrantica.com/perfume/Demeter-Fragrance/Chococat-10595.html
46005,Demeter Fragrance,Chocolate Chip Cookie,,https://www.fragrantica.com/perfume/Demeter-Fragrance/Chocolate-Chip-Cookie-7740.html
46006,Demeter Fragrance,Chocolate Covered Cherries,,https://www.fragrantica.com/perfume/Demeter-Fragrance/Chocolate-Covered-Cherries-7704.html
46007,Demeter Fragrance,Chocolate Milk,2025,https://www.fragrantica.com/perfume/Demeter-Fragrance/Chocolate-Milk-113904.html
46008,Demeter Fragrance,Chocolate Mint,,https://www.fragrantica.com/perfume/Demeter-Fragrance/Chocolate-Mint-17899.html
46009,Demeter Fragrance,Chocolate Mint Nach 8,,https://www.parfumo.com/Perfumes/Demeter_Fragrance_Library/Chocolate_Mint
46010,Demeter Fragrance,Christmas Bouquet,,https://www.fragrantica.com/perfume/Demeter-Fragrance/Christmas-Bouquet-13997.html
46011,Demeter Fragrance,Christmas In New York,2009,https://www.fragrantica.com/perfume/Demeter-Fragrance/Christmas-In-New-York-7534.html
46012,Demeter Fragrance,Christmas Tree,,https://www.fragrantica.com/perfume/Demeter-Fragrance/Christmas-Tree-2240.html
46013,Demeter Fragrance,Chrysanthemum,2011,https://www.fragrantica.com/perfume/Demeter-Fragrance/Chrysanthemum-13996.html
46014,Demeter Fragrance,Churros,2019,https://www.parfumo.com/Perfumes/Demeter_Fragrance_Library/churros
46015,Demeter Fragrance,Cinderella,2018,https://www.fragrantica.com/perfume/Demeter-Fragrance/Cinderella-53771.html
46016,Demeter Fragrance,Cinnamon Bark,,https://www.fragrantica.com/perfume/Demeter-Fragrance/Cinnamon-Bark-8849.html
46017,Demeter Fragrance,Cinnamon Bun,,https://www.fragrantica.com/perfume/Demeter-Fragrance/Cinnamon-Bun-7753.html
46018,Demeter Fragrance,Cinnamon Toast,,https://www.fragrantica.com/perfume/Demeter-Fragrance/Cinnamon-Toast-8850.html
46019,Demeter Fragrance,Clean Sheets Clean Linen,2013,https://www.parfumo.com/Perfumes/Demeter_Fragrance_Library/Clean_Sheets_Clean_Linen
46020,Demeter Fragrance,Clean Skin,2012,https://www.fragrantica.com/perfume/Demeter-Fragrance/Clean-Skin-15276.html
46021,Demeter Fragrance,Clean Windows,,https://www.fragrantica.com/perfume/Demeter-Fragrance/Clean-Windows-19917.html
46022,Demeter Fragrance,Clove,2017,https://www.fragrantica.com/perfume/Demeter-Fragrance/Clove-69694.html
46023,Demeter Fragrance,Clover,,https://www.fragrantica.com/perfume/Demeter-Fragrance/Clover-17968.html
46024,Demeter Fragrance,Coconut,2000,https://www.fragrantica.com/perfume/Demeter-Fragrance/Coconut-14707.html
46025,Demeter Fragrance,Condensed Milk,,https://www.fragrantica.com/perfume/Demeter-Fragrance/Condensed-Milk-7765.html
46026,Demeter Fragrance,Coriander Tea,,https://www.fragrantica.com/perfume/Demeter-Fragrance/Coriander-Tea-17918.html
46027,Demeter Fragrance,Cosmopolitan Cocktail,2004,https://www.fragrantica.com/perfume/Demeter-Fragrance/Cosmopolitan-Cocktail-4971.html
46028,Demeter Fragrance,Cotton Candy,,https://www.fragrantica.com/perfume/Demeter-Fragrance/Cotton-Candy-7743.html
46029,Demeter Fragrance,Cranberry,2012,https://www.fragrantica.com/perfume/Demeter-Fragrance/Cranberry-17337.html
46030,Demeter Fragrance,Crayon,,https://www.fragrantica.com/perfume/Demeter-Fragrance/Crayon-7783.html
46031,Demeter Fragrance,Crème Anglaise,2017,https://www.fragrantica.com/perfume/Demeter-Fragrance/Creme-Anglaise-61179.html
46032,Demeter Fragrance,Crème Brulee,,https://www.fragrantica.com/perfume/Demeter-Fragrance/Creme-Brulee-19914.html
46033,Demeter Fragrance,Croquembouche,,https://www.fragrantica.com/perfume/Demeter-Fragrance/Croquembouche-19920.html
46034,Demeter Fragrance,Cucumber,2000,https://www.fragrantica.com/perfume/Demeter-Fragrance/Cucumber-15597.html
46035,Demeter Fragrance,Cupcake,2017,https://www.fragrantica.com/perfume/Demeter-Fragrance/Cupcake-43423.html
46036,Demeter Fragrance,Cypress,,https://www.fragrantica.com/perfume/Demeter-Fragrance/Cypress-7786.html
46037,Demeter Fragrance,Daffodil,,https://www.fragrantica.com/perfume/Demeter-Fragrance/Daffodil-37370.html
46038,Demeter Fragrance,Daisy,2012,https://www.fragrantica.com/perfume/Demeter-Fragrance/Daisy-15166.html
46039,Demeter Fragrance,Dandelion,2000,https://www.fragrantica.com/perfume/Demeter-Fragrance/Dandelion-9143.html
46040,Demeter Fragrance,Daphne,,https://www.fragrantica.com/perfume/Demeter-Fragrance/Daphne-19877.html
46041,Demeter Fragrance,Dark Chocolate,,https://www.fragrantica.com/perfume/Demeter-Fragrance/Dark-Chocolate-19903.html
46042,Demeter Fragrance,Dark Roses,2021,https://www.fragrantica.com/perfume/Demeter-Fragrance/Dark-Roses-70144.html
46043,Demeter Fragrance,Demeter Naturals - Geranium,2010,https://www.parfumo.com/Perfumes/Demeter_Fragrance_Library/Demeter_Naturals_Geranium
46044,Demeter Fragrance,Demeter Naturals - Lavender,2010,https://www.parfumo.com/Perfumes/Demeter_Fragrance_Library/Demeter_Naturals_Lavender
46045,Demeter Fragrance,Demeter Naturals - Lilac,2010,https://www.parfumo.com/Perfumes/Demeter_Fragrance_Library/Demeter_Naturals_Lilac
46046,Demeter Fragrance,Demeter Naturals - Mimosa,2010,https://www.parfumo.com/Perfumes/Demeter_Fragrance_Library/Demeter_Naturals_Mimosa
46047,Demeter Fragrance,Demeter Naturals - Patchouli,2010,https://www.parfumo.com/Perfumes/Demeter_Fragrance_Library/Demeter_Naturals_Patchouli
46048,Demeter Fragrance,Demeter Naturals - Rose,2010,https://www.parfumo.com/Perfumes/Demeter_Fragrance_Library/Demeter_Naturals_Rose
46049,Demeter Fragrance,Demeter Naturals - Sage,2010,https://www.parfumo.com/Perfumes/Demeter_Fragrance_Library/Demeter_Naturals_Sage
46050,Demeter Fragrance,Demeter Naturals - Sunflower,2010,https://www.parfumo.com/Perfumes/Demeter_Fragrance_Library/Demeter_Naturals_Sunflower
46051,Demeter Fragrance,Demeter Naturals - Vanilla Bark,2010,https://www.parfumo.com/Perfumes/Demeter_Fragrance_Library/Demeter_Naturals_Vanilla_Bark
46052,Demeter Fragrance,Demeter Naturals - Vetiver,2010,https://www.parfumo.com/Perfumes/Demeter_Fragrance_Library/Demeter_Naturals_Vetiver
46053,Demeter Fragrance,Destination Collection Cuba,2015,https://www.fragrantica.com/perfume/Demeter-Fragrance/Destination-Collection-Cuba-31639.html
46054,Demeter Fragrance,Destination Collection Great Barrier Reef,2015,https://www.fragrantica.com/perfume/Demeter-Fragrance/Destination-Collection-Great-Barrier-Reef-31637.html
46055,Demeter Fragrance,Destination Collection Ireland,2016,https://www.fragrantica.com/perfume/Demeter-Fragrance/Destination-Collection-Ireland-38652.html
46056,Demeter Fragrance,Destination Collection - Morocco,2018,https://www.parfumo.com/Perfumes/Demeter_Fragrance_Library/Destination_Collection__Morocco
46057,Demeter Fragrance,Destination Collection - New Zealand,2003,https://www.parfumo.com/Perfumes/Demeter_Fragrance_Library/Destination_Collection__New_Zealand
46058,Demeter Fragrance,Destination Collection New Zeeland,2015,https://www.fragrantica.com/perfume/Demeter-Fragrance/Destination-Collection-New-Zeeland-31638.html
46059,Demeter Fragrance,Destination Collection - Thailand,2019,https://www.parfumo.com/Perfumes/Demeter_Fragrance_Library/Destination_Collection__Thailand
46060,Demeter Fragrance,Devils Food,,https://www.fragrantica.com/perfume/Demeter-Fragrance/Devils-Food-7758.html
46061,Demeter Fragrance,Dirt,,https://www.fragrantica.com/perfume/Demeter-Fragrance/Dirt-7782.html
46062,Demeter Fragrance,Dragon Fruit,2012,https://www.fragrantica.com/perfume/Demeter-Fragrance/Dragon-Fruit-16066.html
46063,Demeter Fragrance,Dregs,,https://www.fragrantica.com/perfume/Demeter-Fragrance/Dregs-19918.html
46064,Demeter Fragrance,Dulce de Leche,,https://www.fragrantica.com/perfume/Demeter-Fragrance/Dulce-de-Leche-19886.html
46065,Demeter Fragrance,Dust,,https://www.fragrantica.com/perfume/Demeter-Fragrance/Dust-19919.html
46066,Demeter Fragrance,Earl Grey Tea,1996,https://www.fragrantica.com/perfume/Demeter-Fragrance/Earl-Grey-Tea-4972.html
46067,Demeter Fragrance,Earthworm,,https://www.fragrantica.com/perfume/Demeter-Fragrance/Earthworm-17909.html
46068,Demeter Fragrance,Egg Nog,,https://www.fragrantica.com/perfume/Demeter-Fragrance/Egg-Nog-7718.html
46069,Demeter Fragrance,Elvira's Black Roses,,https://www.fragrantica.com/perfume/Demeter-Fragrance/Elvira-s-Black-Roses-19901.html
46070,Demeter Fragrance,Elvira’s Sexy Witch,2017,https://www.fragrantica.com/perfume/Demeter-Fragrance/Elvira-s-Sexy-Witch-48095.html
46071,Demeter Fragrance,Elvira's Vamp,,https://www.fragrantica.com/perfume/Demeter-Fragrance/Elvira-s-Vamp-19929.html
46072,Demeter Fragrance,Elvira's Zombie,,https://www.fragrantica.com/perfume/Demeter-Fragrance/Elvira-s-Zombie-19875.html
46073,Demeter Fragrance,Espresso,,https://www.fragrantica.com/perfume/Demeter-Fragrance/Espresso-7787.html
46074,Demeter Fragrance,Exotic Tuberose,2018,https://www.fragrantica.com/perfume/Demeter-Fragrance/Exotic-Tuberose-89711.html
46075,Demeter Fragrance,Fiery Curry,,https://www.fragrantica.com/perfume/Demeter-Fragrance/Fiery-Curry-7773.html
46076,Demeter Fragrance,Fig Leaf,,https://www.fragrantica.com/perfume/Demeter-Fragrance/Fig-Leaf-7781.html
46077,Demeter Fragrance,Finnish Snowfield,2016,https://www.parfumo.com/Perfumes/Demeter_Fragrance_Library/Finnish_Snowfield
46078,Demeter Fragrance,Firefly,,https://www.fragrantica.com/perfume/Demeter-Fragrance/Firefly-19890.html
46079,Demeter Fragrance,Fireplace,,https://www.fragrantica.com/perfume/Demeter-Fragrance/Fireplace-19889.html
46080,Demeter Fragrance,First Kiss,2016,https://www.fragrantica.com/perfume/Demeter-Fragrance/First-Kiss-39743.html
46081,Demeter Fragrance,First Love,2015,https://www.fragrantica.com/perfume/Demeter-Fragrance/First-Love-30042.html
46082,Demeter Fragrance,First Response – Boston,2013,https://www.fragrantica.com/perfume/Demeter-Fragrance/First-Response-Boston-18380.html
46083,Demeter Fragrance,Flower Show,2000,https://www.fragrantica.com/perfume/Demeter-Fragrance/Flower-Show-15598.html
46084,Demeter Fragrance,Flowering Tonka,,https://www.fragrantica.com/perfume/Demeter-Fragrance/Flowering-Tonka-19902.html
46085,Demeter Fragrance,Folding Money,2023,https://www.parfumo.com/Perfumes/Demeter_Fragrance_Library/folding-money
46086,Demeter Fragrance,Four Leaf Clover Clover,2009,https://www.parfumo.com/Perfumes/Demeter_Fragrance_Library/Four_Leaf_Clover_Clover
46087,Demeter Fragrance,Frangipani,,https://www.fragrantica.com/perfume/Demeter-Fragrance/Frangipani-17870.html
46088,Demeter Fragrance,Frankincense,2015,https://www.fragrantica.com/perfume/Demeter-Fragrance/Frankincense-30758.html
46089,Demeter Fragrance,Fraser Fir,,https://www.fragrantica.com/perfume/Demeter-Fragrance/Fraser-Fir-17892.html
46090,Demeter Fragrance,Freesia,,https://www.fragrantica.com/perfume/Demeter-Fragrance/Freesia-17884.html
46091,Demeter Fragrance,Fresh Brewed Coffee,2013,https://www.fragrantica.com/perfume/Demeter-Fragrance/Fresh-Brewed-Coffee-45250.html
46092,Demeter Fragrance,Fresh Brewed Coffee,2017,https://www.fragrantica.com/perfume/Demeter-Fragrance/Fresh-Brewed-Coffee-47465.html
46093,Demeter Fragrance,Fresh Ginger,,https://www.fragrantica.com/perfume/Demeter-Fragrance/Fresh-Ginger-7771.html
46094,Demeter Fragrance,Fresh Hay,,https://www.fragrantica.com/perfume/Demeter-Fragrance/Fresh-Hay-17891.html
46095,Demeter Fragrance,Frozen Margarita,,https://www.fragrantica.com/perfume/Demeter-Fragrance/Frozen-Margarita-19908.html
46096,Demeter Fragrance,Frozen Pond,,https://www.fragrantica.com/perfume/Demeter-Fragrance/Frozen-Pond-19921.html
46097,Demeter Fragrance,Fruit Cake,2013,https://www.fragrantica.com/perfume/Demeter-Fragrance/Fruit-Cake-45496.html
46098,Demeter Fragrance,Fruit Salad,2007,https://www.parfumo.com/Perfumes/Demeter_Fragrance_Library/Fruit_Salad
46099,Demeter Fragrance,Funeral Home,,https://www.fragrantica.com/perfume/Demeter-Fragrance/Funeral-Home-8018.html
46100,Demeter Fragrance,Fuzzy Balls New Balls,2016,https://www.parfumo.com/Perfumes/Demeter_Fragrance_Library/Fuzzy_Balls_New_Balls
46101,Demeter Fragrance,Fuzzy Navel,2000,https://www.fragrantica.com/perfume/Demeter-Fragrance/Fuzzy-Navel-7711.html
46102,Demeter Fragrance,Fuzzy Sweater,2019,https://www.fragrantica.com/perfume/Demeter-Fragrance/Fuzzy-Sweater-53777.html
46103,Demeter Fragrance,Gardenia,,https://www.fragrantica.com/perfume/Demeter-Fragrance/Gardenia-17898.html
46104,Demeter Fragrance,Gemini,2015,https://www.fragrantica.com/perfume/Demeter-Fragrance/Gemini-70122.html
46105,Demeter Fragrance,Geranium,,https://www.fragrantica.com/perfume/Demeter-Fragrance/Geranium-19909.html
46106,Demeter Fragrance,Geranium Eau de Toilette,,https://www.fragrantica.com/perfume/Demeter-Fragrance/Geranium-Eau-de-Toilette-15173.html
46107,Demeter Fragrance,Giant Sequoia,2008,https://www.fragrantica.com/perfume/Demeter-Fragrance/Giant-Sequoia-4793.html
46108,Demeter Fragrance,Gin & Tonic,,https://www.fragrantica.com/perfume/Demeter-Fragrance/Gin-Tonic-7713.html
46109,Demeter Fragrance,Ginger Cookie,,https://www.fragrantica.com/perfume/Demeter-Fragrance/Ginger-Cookie-7756.html
46110,Demeter Fragrance,Gingerale,2000,https://www.fragrantica.com/perfume/Demeter-Fragrance/Gingerale-10176.html
46111,Demeter Fragrance,Gingerbread,,https://www.fragrantica.com/perfume/Demeter-Fragrance/Gingerbread-8852.html
46112,Demeter Fragrance,Gingseng Root,,https://www.fragrantica.com/perfume/Demeter-Fragrance/Gingseng-Root-19882.html
46113,Demeter Fragrance,Ginseng Root,,https://www.fragrantica.com/perfume/Demeter-Fragrance/Ginseng-Root-7774.html
46114,Demeter Fragrance,Glue,,https://www.fragrantica.com/perfume/Demeter-Fragrance/Glue-19922.html
46115,Demeter Fragrance,Gold,2019,https://www.fragrantica.com/perfume/Demeter-Fragrance/Gold-121294.html
46116,Demeter Fragrance,Golden Delicious,,https://www.fragrantica.com/perfume/Demeter-Fragrance/Golden-Delicious-17886.html
46117,Demeter Fragrance,Graham Cracker,2000,https://www.fragrantica.com/perfume/Demeter-Fragrance/Graham-Cracker-15599.html
46118,Demeter Fragrance,Grape Leaf,,https://www.fragrantica.com/perfume/Demeter-Fragrance/Grape-Leaf-17910.html
46119,Demeter Fragrance,Grapefruit Tea,,https://www.fragrantica.com/perfume/Demeter-Fragrance/Grapefruit-Tea-17913.html
46120,Demeter Fragrance,Grass,,https://www.fragrantica.com/perfume/Demeter-Fragrance/Grass-8016.html
46121,Demeter Fragrance,Green Picnic,2017,https://www.parfumo.com/Perfumes/Demeter_Fragrance_Library/Green_Picnic
46122,Demeter Fragrance,Green Tea,,https://www.fragrantica.com/perfume/Demeter-Fragrance/Green-Tea-7769.html
46123,Demeter Fragrance,Green Tomato,,https://www.fragrantica.com/perfume/Demeter-Fragrance/Green-Tomato-14919.html
46124,Demeter Fragrance,Greenhouse,,https://www.fragrantica.com/perfume/Demeter-Fragrance/Greenhouse-17903.html
46125,Demeter Fragrance,Haunted Souls,2024,https://www.fragrantica.com/perfume/Demeter-Fragrance/Haunted-Souls-99275.html
46126,Demeter Fragrance,Hawaiian Vanilla,,https://www.fragrantica.com/perfume/Demeter-Fragrance/Hawaiian-Vanilla-17872.html
46127,Demeter Fragrance,Heather,,https://www.fragrantica.com/perfume/Demeter-Fragrance/Heather-8865.html
46128,Demeter Fragrance,Heliotrope,2000,https://www.fragrantica.com/perfume/Demeter-Fragrance/Heliotrope-15600.html
46129,Demeter Fragrance,Hello Kitty,2010,https://www.fragrantica.com/perfume/Demeter-Fragrance/Hello-Kitty-8837.html
46130,Demeter Fragrance,Hello Kitty Spring,,https://www.fragrantica.com/perfume/Demeter-Fragrance/Hello-Kitty-Spring-19916.html
46131,Demeter Fragrance,Hershey’s Milk Chocolate Kisses,2000,https://www.fragrantica.com/perfume/Demeter-Fragrance/Hershey-s-Milk-Chocolate-Kisses-7729.html
46132,Demeter Fragrance,Hershey’s Special Dark,2008,https://www.fragrantica.com/perfume/Demeter-Fragrance/Hershey-s-Special-Dark-7730.html
46133,Demeter Fragrance,Hibiscus,2018,https://www.fragrantica.com/perfume/Demeter-Fragrance/Hibiscus-53782.html
46134,Demeter Fragrance,Hibiscus Tea,,https://www.fragrantica.com/perfume/Demeter-Fragrance/Hibiscus-Tea-17915.html
46135,Demeter Fragrance,Holy Smoke,2000,https://www.fragrantica.com/perfume/Demeter-Fragrance/Holy-Smoke-10174.html
46136,Demeter Fragrance,Holy Water,2009,https://www.fragrantica.com/perfume/Demeter-Fragrance/Holy-Water-5967.html
46137,Demeter Fragrance,Honey,,https://www.fragrantica.com/perfume/Demeter-Fragrance/Honey-17906.html
46138,Demeter Fragrance,Honeydew Melon,,https://www.fragrantica.com/perfume/Demeter-Fragrance/Honeydew-Melon-17896.html
46139,Demeter Fragrance,Honeysuckle,1998,https://www.fragrantica.com/perfume/Demeter-Fragrance/Honeysuckle-4973.html
46140,Demeter Fragrance,Hot Fudge Sundae,2017,https://www.parfumo.com/Perfumes/Demeter_Fragrance_Library/Hot_Fudge_Sundae
46141,Demeter Fragrance,Hot Toddy,,https://www.fragrantica.com/perfume/Demeter-Fragrance/Hot-Toddy-17907.html
46142,Demeter Fragrance,HOTKISS Double Trouble,2007,https://www.fragrantica.com/perfume/Demeter-Fragrance/HOTKISS-Double-Trouble-4975.html
46143,Demeter Fragrance,HOTKISS Girly Girl,2007,https://www.fragrantica.com/perfume/Demeter-Fragrance/HOTKISS-Girly-Girl-4974.html
46144,Demeter Fragrance,HOTKISS Heart Breaker,2007,https://www.fragrantica.com/perfume/Demeter-Fragrance/HOTKISS-Heart-Breaker-4976.html
46145,Demeter Fragrance,HOTKISS Sugar Addict,2007,https://www.fragrantica.com/perfume/Demeter-Fragrance/HOTKISS-Sugar-Addict-4977.html
46146,Demeter Fragrance,HOTKISS Sweet Talker,2007,https://www.fragrantica.com/perfume/Demeter-Fragrance/HOTKISS-Sweet-Talker-4978.html
46147,Demeter Fragrance,Humidor,,https://www.fragrantica.com/perfume/Demeter-Fragrance/Humidor-19923.html
46148,Demeter Fragrance,Hyacinth,2018,https://www.fragrantica.com/perfume/Demeter-Fragrance/Hyacinth-92823.html
46149,Demeter Fragrance,Iced Berries,,https://www.fragrantica.com/perfume/Demeter-Fragrance/Iced-Berries-19910.html
46150,Demeter Fragrance,Icelandic Aurora Demeter Fragrance Library / The Library Of Fragrance 2016 Cushion Perfume,2016,https://www.parfumo.com/Perfumes/Demeter_Fragrance_Library/Icelandic_Aurora_Cushion_Perfume
46151,Demeter Fragrance,Icelandic Aurora Demeter Fragrance Library / The Library Of Fragrance 2016 Eau de Toilette,2016,https://www.parfumo.com/Perfumes/Demeter_Fragrance_Library/Icelandic_Aurora_Eau_de_Toilette
46152,Demeter Fragrance,Incense,2000,https://www.fragrantica.com/perfume/Demeter-Fragrance/Incense-12188.html
46153,Demeter Fragrance,Iris,,https://www.fragrantica.com/perfume/Demeter-Fragrance/Iris-17921.html
46154,Demeter Fragrance,Irish Cream,2015,https://www.fragrantica.com/perfume/Demeter-Fragrance/Irish-Cream-30327.html
46155,Demeter Fragrance,Ivy,,https://www.fragrantica.com/perfume/Demeter-Fragrance/Ivy-17871.html
46156,Demeter Fragrance,Jasmine,2009,https://www.fragrantica.com/perfume/Demeter-Fragrance/Jasmine-5877.html
46157,Demeter Fragrance,Jelly Belly Blueberry Muffin,,https://www.fragrantica.com/perfume/Demeter-Fragrance/Jelly-Belly-Blueberry-Muffin-7699.html
46158,Demeter Fragrance,Jelly Belly Fruit Salad,,https://www.fragrantica.com/perfume/Demeter-Fragrance/Jelly-Belly-Fruit-Salad-7701.html
46159,Demeter Fragrance,Jelly Belly Hot Fudge Sundae,,https://www.fragrantica.com/perfume/Demeter-Fragrance/Jelly-Belly-Hot-Fudge-Sundae-7700.html
46160,Demeter Fragrance,Jelly Belly Mango Pineapple Salsa,,https://www.fragrantica.com/perfume/Demeter-Fragrance/Jelly-Belly-Mango-Pineapple-Salsa-7703.html
46161,Demeter Fragrance,Jelly Belly Sugar and Spice,,https://www.fragrantica.com/perfume/Demeter-Fragrance/Jelly-Belly-Sugar-and-Spice-7698.html
46162,Demeter Fragrance,Jelly Belly Wild Blackberry Peach Cobbler,,https://www.fragrantica.com/perfume/Demeter-Fragrance/Jelly-Belly-Wild-Blackberry-Peach-Cobbler-7702.html
46163,Demeter Fragrance,Jelly Doughnut,2017,https://www.fragrantica.com/perfume/Demeter-Fragrance/Jelly-Doughnut-69695.html
46164,Demeter Fragrance,Jolly Rancher New Green Apple,,https://www.fragrantica.com/perfume/Demeter-Fragrance/Jolly-Rancher-New-Green-Apple-7733.html
46165,Demeter Fragrance,Jolly Rancher Smooth Watermelon,,https://www.fragrantica.com/perfume/Demeter-Fragrance/Jolly-Rancher-Smooth-Watermelon-7732.html
46166,Demeter Fragrance,Junior Mints,2008,https://www.fragrantica.com/perfume/Demeter-Fragrance/Junior-Mints-4408.html
46167,Demeter Fragrance,Kahala Blue Hawaiian,,https://www.fragrantica.com/perfume/Demeter-Fragrance/Kahala-Blue-Hawaiian-45732.html
46168,Demeter Fragrance,Kahala Hawaiian Surf,,https://www.fragrantica.com/perfume/Demeter-Fragrance/Kahala-Hawaiian-Surf-8867.html
46169,Demeter Fragrance,Kahala Macadamia Nut,2005,https://www.fragrantica.com/perfume/Demeter-Fragrance/Kahala-Macadamia-Nut-45733.html
46170,Demeter Fragrance,Kamikaze,,https://www.fragrantica.com/perfume/Demeter-Fragrance/Kamikaze-19891.html
46171,Demeter Fragrance,Kelp,2019,https://www.parfumo.com/Perfumes/Demeter_Fragrance_Library/Kelp
46172,Demeter Fragrance,Kitten Fur,2017,https://www.fragrantica.com/perfume/Demeter-Fragrance/Kitten-Fur-44166.html
46173,Demeter Fragrance,Kitten Fur Grumpy Cat,2019,https://www.fragrantica.com/perfume/Demeter-Fragrance/Kitten-Fur-Grumpy-Cat-53778.html
46174,Demeter Fragrance,La Vida Latina Saguaro Cactus,2009,https://www.fragrantica.com/perfume/Demeter-Fragrance/La-Vida-Latina-Saguaro-Cactus-6756.html
46175,Demeter Fragrance,La Vida Latina Sweet Cilantro,2009,https://www.fragrantica.com/perfume/Demeter-Fragrance/La-Vida-Latina-Sweet-Cilantro-6757.html
46176,Demeter Fragrance,Laundromat,,https://www.fragrantica.com/perfume/Demeter-Fragrance/Laundromat-7777.html
46177,Demeter Fragrance,Lava Rock,,https://www.fragrantica.com/perfume/Demeter-Fragrance/Lava-Rock-19888.html
46178,Demeter Fragrance,Lavender,,https://www.fragrantica.com/perfume/Demeter-Fragrance/Lavender-19879.html
46179,Demeter Fragrance,Lavender Eau de Toilette,,https://www.fragrantica.com/perfume/Demeter-Fragrance/Lavender-Eau-de-Toilette-15170.html
46180,Demeter Fragrance,Lavender Martini,,https://www.fragrantica.com/perfume/Demeter-Fragrance/Lavender-Martini-7717.html
46181,Demeter Fragrance,Leather,,https://www.fragrantica.com/perfume/Demeter-Fragrance/Leather-43367.html
46182,Demeter Fragrance,Lemon Meringue,2014,https://www.fragrantica.com/perfume/Demeter-Fragrance/Lemon-Meringue-28050.html
46183,Demeter Fragrance,Leo,2015,https://www.fragrantica.com/perfume/Demeter-Fragrance/Leo-70124.html
46184,Demeter Fragrance,Lettuce,1998,https://www.parfumo.com/Perfumes/Demeter_Fragrance_Library/Lettuce
46185,Demeter Fragrance,Libra,2015,https://www.fragrantica.com/perfume/Demeter-Fragrance/Libra-70126.html
46186,Demeter Fragrance,Licorice,,https://www.fragrantica.com/perfume/Demeter-Fragrance/Licorice-17894.html
46187,Demeter Fragrance,Lilac,2009,https://www.fragrantica.com/perfume/Demeter-Fragrance/Lilac-5879.html
46188,Demeter Fragrance,Lilac Eau de Toilette,,https://www.fragrantica.com/perfume/Demeter-Fragrance/Lilac-Eau-de-Toilette-15167.html
46189,Demeter Fragrance,Lily Of The Valley,2000,https://www.fragrantica.com/perfume/Demeter-Fragrance/Lily-Of-The-Valley-15603.html
46190,Demeter Fragrance,Lime,,https://www.fragrantica.com/perfume/Demeter-Fragrance/Lime-17881.html
46191,Demeter Fragrance,Linden,,https://www.fragrantica.com/perfume/Demeter-Fragrance/Linden-8864.html
46192,Demeter Fragrance,Linen,2015,https://www.fragrantica.com/perfume/Demeter-Fragrance/Linen-30753.html
46193,Demeter Fragrance,Little Twin Stars,2010,https://www.fragrantica.com/perfume/Demeter-Fragrance/Little-Twin-Stars-8839.html
46194,Demeter Fragrance,Lobster,,https://www.fragrantica.com/perfume/Demeter-Fragrance/Lobster-19897.html
46195,Demeter Fragrance,Log Cabin,,https://www.fragrantica.com/perfume/Demeter-Fragrance/Log-Cabin-40226.html
46196,Demeter Fragrance,Lotus Flower,2014,https://www.fragrantica.com/perfume/Demeter-Fragrance/Lotus-Flower-26008.html
46197,Demeter Fragrance,Lychee,,https://www.fragrantica.com/perfume/Demeter-Fragrance/Lychee-7772.html
46198,Demeter Fragrance,Macadamia Nut,,https://www.fragrantica.com/perfume/Demeter-Fragrance/Macadamia-Nut-19912.html
46199,Demeter Fragrance,Madeleine,2000,https://www.fragrantica.com/perfume/Demeter-Fragrance/Madeleine-15604.html
46200,Demeter Fragrance,Magnolia,,https://www.fragrantica.com/perfume/Demeter-Fragrance/Magnolia-17885.html
46201,Demeter Fragrance,Mahogany,,https://www.fragrantica.com/perfume/Demeter-Fragrance/Mahogany-7775.html
46202,Demeter Fragrance,Malaga Cooler,,https://www.fragrantica.com/perfume/Demeter-Fragrance/Malaga-Cooler-19881.html
46203,Demeter Fragrance,Mama's Kuchenteig,,https://www.parfumo.com/Perfumes/Demeter_Fragrance_Library/Mama_s_Kuchenteig
46204,Demeter Fragrance,Mandarin Orange,2017,https://www.fragrantica.com/perfume/Demeter-Fragrance/Mandarin-Orange-69696.html
46205,Demeter Fragrance,Mango,2000,https://www.fragrantica.com/perfume/Demeter-Fragrance/Mango-14708.html
46206,Demeter Fragrance,Maple Syrup,,https://www.fragrantica.com/perfume/Demeter-Fragrance/Maple-Syrup-17895.html
46207,Demeter Fragrance,Marshmallow,,https://www.fragrantica.com/perfume/Demeter-Fragrance/Marshmallow-7755.html
46208,Demeter Fragrance,Martini,,https://www.fragrantica.com/perfume/Demeter-Fragrance/Martini-15630.html
46209,Demeter Fragrance,Mesquite,,https://www.fragrantica.com/perfume/Demeter-Fragrance/Mesquite-19887.html
46210,Demeter Fragrance,Meyer Lemon,,https://www.fragrantica.com/perfume/Demeter-Fragrance/Meyer-Lemon-17897.html
46211,Demeter Fragrance,Mildew,,https://www.fragrantica.com/perfume/Demeter-Fragrance/Mildew-19885.html
46212,Demeter Fragrance,Mimosa,,https://www.fragrantica.com/perfume/Demeter-Fragrance/Mimosa-15169.html
46213,Demeter Fragrance,Mint Chocolate Chip,2015,https://www.parfumo.com/Perfumes/Demeter_Fragrance_Library/Mint_Chocolate_Chip
46214,Demeter Fragrance,Mint Julep,,https://www.fragrantica.com/perfume/Demeter-Fragrance/Mint-Julep-19895.html
46215,Demeter Fragrance,Mistletoe,2011,https://www.fragrantica.com/perfume/Demeter-Fragrance/Mistletoe-14138.html
46216,Demeter Fragrance,Mojito,,https://www.fragrantica.com/perfume/Demeter-Fragrance/Mojito-7715.html
46217,Demeter Fragrance,Molasses,2013,https://www.fragrantica.com/perfume/Demeter-Fragrance/Molasses-43133.html
46218,Demeter Fragrance,Moomin - Hug Me,2017,https://www.parfumo.com/Perfumes/Demeter_Fragrance_Library/Moomin__Hug_Me
46219,Demeter Fragrance,Moomin - Kiss Me,2017,https://www.parfumo.com/Perfumes/Demeter_Fragrance_Library/Moomin__Kiss_Me
46220,Demeter Fragrance,Moomin - Love Me,2017,https://www.parfumo.com/Perfumes/Demeter_Fragrance_Library/Moomin__Love_Me
46221,Demeter Fragrance,Moonbeam,2012,https://www.fragrantica.com/perfume/Demeter-Fragrance/Moonbeam-16064.html
46222,Demeter Fragrance,Morocco,2018,https://www.fragrantica.com/perfume/Demeter-Fragrance/Morocco-53779.html
46223,Demeter Fragrance,Moscow Mule,2021,https://www.fragrantica.com/perfume/Demeter-Fragrance/Moscow-Mule-69192.html
46224,Demeter Fragrance,Mountain Air,2015,https://www.fragrantica.com/perfume/Demeter-Fragrance/Mountain-Air-30326.html
46225,Demeter Fragrance,Mountain Laurel,2019,https://www.fragrantica.com/perfume/Demeter-Fragrance/Mountain-Laurel-70174.html
46226,Demeter Fragrance,Mr. Bubble,2015,https://www.fragrantica.com/perfume/Demeter-Fragrance/Mr-Bubble-31390.html
46227,Demeter Fragrance,Mulled Cider,2009,https://www.fragrantica.com/perfume/Demeter-Fragrance/Mulled-Cider-6942.html
46228,Demeter Fragrance,Mushroom,,https://www.fragrantica.com/perfume/Demeter-Fragrance/Mushroom-19898.html
46229,Demeter Fragrance,Musk #15,,https://www.fragrantica.com/perfume/Demeter-Fragrance/Musk-15-57179.html
46230,Demeter Fragrance,Musk #7,2014,https://www.fragrantica.com/perfume/Demeter-Fragrance/Musk-7-57177.html
46231,Demeter Fragrance,Musk #9,2014,https://www.fragrantica.com/perfume/Demeter-Fragrance/Musk-9-57178.html
46232,Demeter Fragrance,My Melody,2010,https://www.fragrantica.com/perfume/Demeter-Fragrance/My-Melody-8838.html
46233,Demeter Fragrance,Myrrh,2015,https://www.fragrantica.com/perfume/Demeter-Fragrance/Myrrh-45497.html
46234,Demeter Fragrance,Mystical Blooms,2021,https://www.fragrantica.com/perfume/Demeter-Fragrance/Mystical-Blooms-112532.html
46235,Demeter Fragrance,Natural Attraction - Always Focused,1988,https://www.parfumo.com/Perfumes/Demeter_Fragrance_Library/Natural_Attraction_Always_Focused
46236,Demeter Fragrance,Natural Attraction - Always Sexy,,https://www.parfumo.com/Perfumes/Demeter_Fragrance_Library/Natural_Attraction_Always_Sexy
46237,Demeter Fragrance,Necco Sweethearts Be My Valentine,,https://www.fragrantica.com/perfume/Demeter-Fragrance/Necco-Sweethearts-Be-My-Valentine-7705.html
46238,Demeter Fragrance,Necco Sweethearts Call Me,,https://www.fragrantica.com/perfume/Demeter-Fragrance/Necco-Sweethearts-Call-Me-7707.html
46239,Demeter Fragrance,Necco Sweethearts Love Me,,https://www.fragrantica.com/perfume/Demeter-Fragrance/Necco-Sweethearts-Love-Me-7706.html
46240,Demeter Fragrance,Neroli,,https://www.fragrantica.com/perfume/Demeter-Fragrance/Neroli-17905.html
46241,Demeter Fragrance,Never Lonely,,https://www.fragrantica.com/perfume/Demeter-Fragrance/Never-Lonely-7721.html
46242,Demeter Fragrance,New Baby,2015,https://www.fragrantica.com/perfume/Demeter-Fragrance/New-Baby-30325.html
46243,Demeter Fragrance,New Balls,2016,https://www.fragrantica.com/perfume/Demeter-Fragrance/New-Balls-39571.html
46244,Demeter Fragrance,New Car,2018,https://www.fragrantica.com/perfume/Demeter-Fragrance/New-Car-53768.html
46245,Demeter Fragrance,New Leaf,,https://www.fragrantica.com/perfume/Demeter-Fragrance/New-Leaf-17914.html
46246,Demeter Fragrance,New York Nights,2013,https://www.fragrantica.com/perfume/Demeter-Fragrance/New-York-Nights-21981.html
46247,Demeter Fragrance,New Zealand,,https://www.fragrantica.com/perfume/Demeter-Fragrance/New-Zealand-7785.html
46248,Demeter Fragrance,Nitro Coffee,2017,https://www.fragrantica.com/perfume/Demeter-Fragrance/Nitro-Coffee-47464.html
46249,Demeter Fragrance,Norwegian Wood,2016,https://www.parfumo.com/Perfumes/Demeter_Fragrance_Library/Norwegian_Wood
46250,Demeter Fragrance,Nutmeg Ice Cream,2016,https://www.fragrantica.com/perfume/Demeter-Fragrance/Nutmeg-Ice-Cream-36195.html
46251,Demeter Fragrance,Ocean,2000,https://www.fragrantica.com/perfume/Demeter-Fragrance/Ocean-14709.html
46252,Demeter Fragrance,Ocean Breeze,2017,https://www.parfumo.com/Perfumes/Demeter_Fragrance_Library/Ocean_Breeze
46253,Demeter Fragrance,Old Books,2020,https://www.fragrantica.com/perfume/Demeter-Fragrance/Old-Books-127260.html
46254,Demeter Fragrance,Olive Flower,,https://www.fragrantica.com/perfume/Demeter-Fragrance/Olive-Flower-17873.html
46255,Demeter Fragrance,Ominous Mist,2020,https://www.fragrantica.com/perfume/Demeter-Fragrance/Ominous-Mist-112533.html
46256,Demeter Fragrance,Orange Blossom,2014,https://www.fragrantica.com/perfume/Demeter-Fragrance/Orange-Blossom-69459.html
46257,Demeter Fragrance,Orange Cream Pop,,https://www.fragrantica.com/perfume/Demeter-Fragrance/Orange-Cream-Pop-7737.html
46258,Demeter Fragrance,Orange Cream Pop Orange Cremecicle,2003,https://www.parfumo.com/Perfumes/Demeter_Fragrance_Library/Sweet_Delights_Orange_Cream_Pop
46259,Demeter Fragrance,Orange Juice,2000,https://www.fragrantica.com/perfume/Demeter-Fragrance/Orange-Juice-14710.html
46260,Demeter Fragrance,Orange Rim Cleaner,,https://www.fragrantica.com/perfume/Demeter-Fragrance/Orange-Rim-Cleaner-19892.html
46261,Demeter Fragrance,Orchid,,https://www.fragrantica.com/perfume/Demeter-Fragrance/Orchid-17877.html
46262,Demeter Fragrance,Orchid Collection - Aphrodite's Slipper,2015,https://www.parfumo.com/Perfumes/Demeter_Fragrance_Library/Orchid_Collection__Aphrodite_s_Slipper
46263,Demeter Fragrance,Oud,2013,https://www.fragrantica.com/perfume/Demeter-Fragrance/Oud-17363.html
46264,Demeter Fragrance,Paint,,https://www.fragrantica.com/perfume/Demeter-Fragrance/Paint-19874.html
46265,Demeter Fragrance,Paperback,,https://www.fragrantica.com/perfume/Demeter-Fragrance/Paperback-19913.html
46266,Demeter Fragrance,Parsley,,https://www.fragrantica.com/perfume/Demeter-Fragrance/Parsley-17878.html
46267,Demeter Fragrance,Passion Fruit,,https://www.fragrantica.com/perfume/Demeter-Fragrance/Passion-Fruit-17876.html
46268,Demeter Fragrance,Patchouli,,https://www.fragrantica.com/perfume/Demeter-Fragrance/Patchouli-19906.html
46269,Demeter Fragrance,Patchouli Eau de Toilette,,https://www.fragrantica.com/perfume/Demeter-Fragrance/Patchouli-Eau-de-Toilette-15176.html
46270,Demeter Fragrance,PB & J,2020,https://www.fragrantica.com/perfume/Demeter-Fragrance/PB-J-87380.html
46271,Demeter Fragrance,Peach,,https://www.fragrantica.com/perfume/Demeter-Fragrance/Peach-17912.html
46272,Demeter Fragrance,Peony,,https://www.fragrantica.com/perfume/Demeter-Fragrance/Peony-17917.html
46273,Demeter Fragrance,Persimmon,,https://www.fragrantica.com/perfume/Demeter-Fragrance/Persimmon-17879.html
46274,Demeter Fragrance,Petrichor,2017,https://www.fragrantica.com/perfume/Demeter-Fragrance/Petrichor-44994.html
46275,Demeter Fragrance,Picnic na Trave,2015,https://www.fragrantica.com/perfume/Demeter-Fragrance/Picnic-na-Trave-35647.html
46276,Demeter Fragrance,Pina Colada,2000,https://www.fragrantica.com/perfume/Demeter-Fragrance/Pina-Colada-14711.html
46277,Demeter Fragrance,Pineapple,,https://www.fragrantica.com/perfume/Demeter-Fragrance/Pineapple-7784.html
46278,Demeter Fragrance,Pink Grapefruit,2009,https://www.fragrantica.com/perfume/Demeter-Fragrance/Pink-Grapefruit-6890.html
46279,Demeter Fragrance,Pink Lemonade,,https://www.fragrantica.com/perfume/Demeter-Fragrance/Pink-Lemonade-7780.html
46280,Demeter Fragrance,Pipe Tobacco,2000,https://www.fragrantica.com/perfume/Demeter-Fragrance/Pipe-Tobacco-12794.html
46281,Demeter Fragrance,Pisces,2015,https://www.fragrantica.com/perfume/Demeter-Fragrance/Pisces-70131.html
46282,Demeter Fragrance,Pistachio Ice Cream,2014,https://www.fragrantica.com/perfume/Demeter-Fragrance/Pistachio-Ice-Cream-26382.html
46283,Demeter Fragrance,Pixie Dust,2013,https://www.fragrantica.com/perfume/Demeter-Fragrance/Pixie-Dust-21469.html
46284,Demeter Fragrance,Pizza,2013,https://www.fragrantica.com/perfume/Demeter-Fragrance/Pizza-22207.html
46285,Demeter Fragrance,Plantain,2015,https://www.fragrantica.com/perfume/Demeter-Fragrance/Plantain-30755.html
46286,Demeter Fragrance,Play-Doh,,https://www.fragrantica.com/perfume/Demeter-Fragrance/Play-Doh-7779.html
46287,Demeter Fragrance,Plum Blossom,2011,https://www.fragrantica.com/perfume/Demeter-Fragrance/Plum-Blossom-12274.html
46288,Demeter Fragrance,Poison Ivy,,https://www.fragrantica.com/perfume/Demeter-Fragrance/Poison-Ivy-19904.html
46289,Demeter Fragrance,Pomander,2018,https://www.fragrantica.com/perfume/Demeter-Fragrance/Pomander-53780.html
46290,Demeter Fragrance,Pomegranate,2000,https://www.fragrantica.com/perfume/Demeter-Fragrance/Pomegranate-15601.html
46291,Demeter Fragrance,Popcorn,,https://www.fragrantica.com/perfume/Demeter-Fragrance/Popcorn-17883.html
46292,Demeter Fragrance,Prickly Pear,,https://www.fragrantica.com/perfume/Demeter-Fragrance/Prickly-Pear-19905.html
46293,Demeter Fragrance,Privet,,https://www.fragrantica.com/perfume/Demeter-Fragrance/Privet-17890.html
46294,Demeter Fragrance,Progulka po Neskuchnomu Sady,2015,https://www.fragrantica.com/perfume/Demeter-Fragrance/Progulka-po-Neskuchnomu-Sady-35645.html
46295,Demeter Fragrance,Provence Meadow,2014,https://www.fragrantica.com/perfume/Demeter-Fragrance/Provence-Meadow-25475.html
46296,Demeter Fragrance,Prune,,https://www.fragrantica.com/perfume/Demeter-Fragrance/Prune-19880.html
46297,Demeter Fragrance,Pruning Shears,1998,https://www.fragrantica.com/perfume/Demeter-Fragrance/Pruning-Shears-10227.html
46298,Demeter Fragrance,Pumpkin Pie,2011,https://www.fragrantica.com/perfume/Demeter-Fragrance/Pumpkin-Pie-13995.html
46299,Demeter Fragrance,Pumpkin Spice Latte,2020,https://www.fragrantica.com/perfume/Demeter-Fragrance/Pumpkin-Spice-Latte-70909.html
46300,Demeter Fragrance,Punch,,https://www.fragrantica.com/perfume/Demeter-Fragrance/Punch-19911.html
46301,Demeter Fragrance,Puppy's Breath,2020,https://www.fragrantica.com/perfume/Demeter-Fragrance/Puppy-s-Breath-68373.html
46302,Demeter Fragrance,Pure Soap,2009,https://www.fragrantica.com/perfume/Demeter-Fragrance/Pure-Soap-5878.html
46303,Demeter Fragrance,Purple Iris,2017,https://www.fragrantica.com/perfume/Demeter-Fragrance/Purple-Iris-44992.html
46304,Demeter Fragrance,Quince,,https://www.fragrantica.com/perfume/Demeter-Fragrance/Quince-17901.html
46305,Demeter Fragrance,Rain,2009,https://www.fragrantica.com/perfume/Demeter-Fragrance/Rain-5965.html
46306,Demeter Fragrance,Raspberry,2016,https://www.fragrantica.com/perfume/Demeter-Fragrance/Raspberry-39744.html
46307,Demeter Fragrance,Raspberry Jam,,https://www.fragrantica.com/perfume/Demeter-Fragrance/Raspberry-Jam-17874.html
46308,Demeter Fragrance,Red Poppies,2009,https://www.fragrantica.com/perfume/Demeter-Fragrance/Red-Poppies-6889.html
46309,Demeter Fragrance,Redhead in Bed,,https://www.fragrantica.com/perfume/Demeter-Fragrance/Redhead-in-Bed-7708.html
46310,Demeter Fragrance,Reese's Peanut Butter Cups,,https://www.fragrantica.com/perfume/Demeter-Fragrance/Reese-s-Peanut-Butter-Cups-7731.html
46311,Demeter Fragrance,Rice Paddy,2013,https://www.fragrantica.com/perfume/Demeter-Fragrance/Rice-Paddy-18374.html
46312,Demeter Fragrance,Riding Crop,,https://www.fragrantica.com/perfume/Demeter-Fragrance/Riding-Crop-17923.html
46313,Demeter Fragrance,Rooibos Red Tea,,https://www.fragrantica.com/perfume/Demeter-Fragrance/Rooibos-Red-Tea-99278.html
46314,Demeter Fragrance,Rose,,https://www.fragrantica.com/perfume/Demeter-Fragrance/Rose-15171.html
46315,Demeter Fragrance,Royal Apricot,,https://www.fragrantica.com/perfume/Demeter-Fragrance/Royal-Apricot-94376.html
46316,Demeter Fragrance,Rubber,,https://www.fragrantica.com/perfume/Demeter-Fragrance/Rubber-19924.html
46317,Demeter Fragrance,Russian Leather,2000,https://www.fragrantica.com/perfume/Demeter-Fragrance/Russian-Leather-12795.html
46318,Demeter Fragrance,Rye Bread,,https://www.fragrantica.com/perfume/Demeter-Fragrance/Rye-Bread-8866.html
46319,Demeter Fragrance,Saddle,,https://www.fragrantica.com/perfume/Demeter-Fragrance/Saddle-17900.html
46320,Demeter Fragrance,Saffron,2016,https://www.fragrantica.com/perfume/Demeter-Fragrance/Saffron-41475.html
46321,Demeter Fragrance,Sage,,https://www.fragrantica.com/perfume/Demeter-Fragrance/Sage-15168.html
46322,Demeter Fragrance,Sagittarius,2015,https://www.fragrantica.com/perfume/Demeter-Fragrance/Sagittarius-70128.html
46323,Demeter Fragrance,Salt Air,2000,https://www.fragrantica.com/perfume/Demeter-Fragrance/Salt-Air-10175.html
46324,Demeter Fragrance,Saltwater Taffy,2013,https://www.fragrantica.com/perfume/Demeter-Fragrance/Saltwater-Taffy-20847.html
46325,Demeter Fragrance,Sambuca,,https://www.fragrantica.com/perfume/Demeter-Fragrance/Sambuca-19900.html
46326,Demeter Fragrance,Sandalwood,,https://www.fragrantica.com/perfume/Demeter-Fragrance/Sandalwood-17925.html
46327,Demeter Fragrance,Sanrio,2010,https://www.fragrantica.com/perfume/Demeter-Fragrance/Sanrio-10593.html
46328,Demeter Fragrance,Sawdust,,https://www.fragrantica.com/perfume/Demeter-Fragrance/Sawdust-17902.html
46329,Demeter Fragrance,Scorpio,2015,https://www.fragrantica.com/perfume/Demeter-Fragrance/Scorpio-70127.html
46330,Demeter Fragrance,Scottish Shortbread,,https://www.fragrantica.com/perfume/Demeter-Fragrance/Scottish-Shortbread-19915.html
46331,Demeter Fragrance,Sex on the Beach,,https://www.fragrantica.com/perfume/Demeter-Fragrance/Sex-on-the-Beach-7709.html
46332,Demeter Fragrance,Sex on the Beach South Beach,,https://www.fragrantica.com/perfume/Demeter-Fragrance/Sex-on-the-Beach-South-Beach-7710.html
46333,Demeter Fragrance,Shadow Flowers,2020,https://www.fragrantica.com/perfume/Demeter-Fragrance/Shadow-Flowers-112534.html
46334,Demeter Fragrance,Sheerest Musk,2017,https://www.fragrantica.com/perfume/Demeter-Fragrance/Sheerest-Musk-57176.html
46335,Demeter Fragrance,Siberian Pine,,https://www.fragrantica.com/perfume/Demeter-Fragrance/Siberian-Pine-120763.html
46336,Demeter Fragrance,Silvery Tip Pekoe,2014,https://www.parfumo.com/Perfumes/Demeter_Fragrance_Library/Silvery_Tip_Pekoe
46337,Demeter Fragrance,Silvery Tip Pekoe Tea,2015,https://www.fragrantica.com/perfume/Demeter-Fragrance/Silvery-Tip-Pekoe-Tea-30043.html
46338,Demeter Fragrance,Snow,2000,https://www.fragrantica.com/perfume/Demeter-Fragrance/Snow-2239.html
46339,Demeter Fragrance,Snow White,2018,https://www.fragrantica.com/perfume/Demeter-Fragrance/Snow-White-53772.html
46340,Demeter Fragrance,Soft Tuberose,2018,https://www.fragrantica.com/perfume/Demeter-Fragrance/Soft-Tuberose-53775.html
46341,Demeter Fragrance,Sour Apple Lollipop,,https://www.parfumo.com/Perfumes/Demeter_Fragrance_Library/Sour_Apple_Lollipop
46342,Demeter Fragrance,Sour AppleLollipop,,https://www.fragrantica.com/perfume/Demeter-Fragrance/Sour-AppleLollipop-17922.html
46343,Demeter Fragrance,Spacewalk,2019,https://www.fragrantica.com/perfume/Demeter-Fragrance/Spacewalk-70173.html
46344,Demeter Fragrance,Spicy Pineapple Salsa Mango Pineapple Salsa,,https://www.parfumo.com/Perfumes/Demeter_Fragrance_Library/Spicy_Pineapple_Salsa
46345,Demeter Fragrance,Spring Break,,https://www.fragrantica.com/perfume/Demeter-Fragrance/Spring-Break-17908.html
46346,Demeter Fragrance,Stable,,https://www.fragrantica.com/perfume/Demeter-Fragrance/Stable-19926.html
46347,Demeter Fragrance,Steam Room,,https://www.fragrantica.com/perfume/Demeter-Fragrance/Steam-Room-19896.html
46348,Demeter Fragrance,Sticky Toffee,,https://www.fragrantica.com/perfume/Demeter-Fragrance/Sticky-Toffee-17926.html
46349,Demeter Fragrance,Sticky Toffee Pudding,2000,https://www.parfumo.com/Perfumes/Demeter_Fragrance_Library/Sticky_Toffee_Pudding
46350,Demeter Fragrance,Strawberry Ice Cream,2000,https://www.fragrantica.com/perfume/Demeter-Fragrance/Strawberry-Ice-Cream-14713.html
46351,Demeter Fragrance,Strawberry Icecream,,https://www.parfumo.com/Perfumes/Demeter_Fragrance_Library/Strawberry_Icecream
46352,Demeter Fragrance,Stringbean,,https://www.fragrantica.com/perfume/Demeter-Fragrance/Stringbean-19925.html
46353,Demeter Fragrance,Sugar Cane,,https://www.fragrantica.com/perfume/Demeter-Fragrance/Sugar-Cane-17911.html
46354,Demeter Fragrance,Sugar Cookie,,https://www.fragrantica.com/perfume/Demeter-Fragrance/Sugar-Cookie-7739.html
46355,Demeter Fragrance,Sugar Plum,2012,https://www.fragrantica.com/perfume/Demeter-Fragrance/Sugar-Plum-17108.html
46356,Demeter Fragrance,Sunflower,,https://www.fragrantica.com/perfume/Demeter-Fragrance/Sunflower-15172.html
46357,Demeter Fragrance,Sunshine,2013,https://www.fragrantica.com/perfume/Demeter-Fragrance/Sunshine-18379.html
46358,Demeter Fragrance,Suntan Lotion,2000,https://www.fragrantica.com/perfume/Demeter-Fragrance/Suntan-Lotion-14712.html
46359,Demeter Fragrance,Sushi,,https://www.fragrantica.com/perfume/Demeter-Fragrance/Sushi-8851.html
46360,Demeter Fragrance,Sweet Citrus Demeter Fragrance Library / The Library Of Fragrance 2016 Cushion Perfume,2016,https://www.parfumo.com/Perfumes/Demeter_Fragrance_Library/Sweet_Citrus_Cushion_Perfume
46361,Demeter Fragrance,Sweet Orange,2000,https://www.fragrantica.com/perfume/Demeter-Fragrance/Sweet-Orange-14714.html
46362,Demeter Fragrance,Sweet Pea,,https://www.fragrantica.com/perfume/Demeter-Fragrance/Sweet-Pea-17919.html
46363,Demeter Fragrance,Sweet Tea,2021,https://www.fragrantica.com/perfume/Demeter-Fragrance/Sweet-Tea-92001.html
46364,Demeter Fragrance,Swimming Pool,,https://www.fragrantica.com/perfume/Demeter-Fragrance/Swimming-Pool-17927.html
46365,Demeter Fragrance,Tangerine,,https://www.fragrantica.com/perfume/Demeter-Fragrance/Tangerine-17916.html
46366,Demeter Fragrance,Tarnish,,https://www.fragrantica.com/perfume/Demeter-Fragrance/Tarnish-19927.html
46367,Demeter Fragrance,Taurus,2015,https://www.fragrantica.com/perfume/Demeter-Fragrance/Taurus-70121.html
46368,Demeter Fragrance,Tea Olive,2018,https://www.fragrantica.com/perfume/Demeter-Fragrance/Tea-Olive-53781.html
46369,Demeter Fragrance,Thailand,2019,https://www.fragrantica.com/perfume/Demeter-Fragrance/Thailand-53776.html
46370,Demeter Fragrance,The Little Mermaid,2018,https://www.fragrantica.com/perfume/Demeter-Fragrance/The-Little-Mermaid-53774.html
46371,Demeter Fragrance,This Is Not A Pipe,,https://www.fragrantica.com/perfume/Demeter-Fragrance/This-Is-Not-A-Pipe-19878.html
46372,Demeter Fragrance,Thunderstorm,2009,https://www.fragrantica.com/perfume/Demeter-Fragrance/Thunderstorm-5966.html
46373,Demeter Fragrance,Tiger Lily,,https://www.fragrantica.com/perfume/Demeter-Fragrance/Tiger-Lily-17869.html
46374,Demeter Fragrance,Times Square,2013,https://www.fragrantica.com/perfume/Demeter-Fragrance/Times-Square-21979.html
46375,Demeter Fragrance,Tiramisu,,https://www.parfumo.com/Perfumes/Demeter_Fragrance_Library/Tiramisu
46376,Demeter Fragrance,To Yo Ran Orchid,2015,https://www.fragrantica.com/perfume/Demeter-Fragrance/To-Yo-Ran-Orchid-35114.html
46377,Demeter Fragrance,Tomato,1996,https://www.fragrantica.com/perfume/Demeter-Fragrance/Tomato-14918.html
46378,Demeter Fragrance,Tomato Seeds,2000,https://www.fragrantica.com/perfume/Demeter-Fragrance/Tomato-Seeds-15602.html
46379,Demeter Fragrance,Tootsie Roll,,https://www.fragrantica.com/perfume/Demeter-Fragrance/Tootsie-Roll-7734.html
46380,Demeter Fragrance,Transfixed,2021,https://www.fragrantica.com/perfume/Demeter-Fragrance/Transfixed-70146.html
46381,Demeter Fragrance,Tropical Dots,,https://www.fragrantica.com/perfume/Demeter-Fragrance/Tropical-Dots-7735.html
46382,Demeter Fragrance,Tuman na Andreevskom Prudu,2015,https://www.fragrantica.com/perfume/Demeter-Fragrance/Tuman-na-Andreevskom-Prudu-35646.html
46383,Demeter Fragrance,Turmeric,2019,https://www.parfumo.com/Perfumes/Demeter_Fragrance_Library/Turmeric
46384,Demeter Fragrance,Turpentine,,https://www.fragrantica.com/perfume/Demeter-Fragrance/Turpentine-19907.html
46385,Demeter Fragrance,Twilight Orchid,2015,https://www.fragrantica.com/perfume/Demeter-Fragrance/Twilight-Orchid-35110.html
46386,Demeter Fragrance,Valentine,2016,https://www.fragrantica.com/perfume/Demeter-Fragrance/Valentine-34772.html
46387,Demeter Fragrance,Vampire Blooms,2021,https://www.fragrantica.com/perfume/Demeter-Fragrance/Vampire-Blooms-70145.html
46388,Demeter Fragrance,Vanilla Bark,,https://www.fragrantica.com/perfume/Demeter-Fragrance/Vanilla-Bark-15174.html
46389,Demeter Fragrance,Vanilla Cake Batter,,https://www.fragrantica.com/perfume/Demeter-Fragrance/Vanilla-Cake-Batter-6030.html
46390,Demeter Fragrance,Vanilla Cookie Dough,,https://www.fragrantica.com/perfume/Demeter-Fragrance/Vanilla-Cookie-Dough-19876.html
46391,Demeter Fragrance,Vanilla Ice Cream,,https://www.fragrantica.com/perfume/Demeter-Fragrance/Vanilla-Ice-Cream-7757.html
46392,Demeter Fragrance,Vetiver,,https://www.fragrantica.com/perfume/Demeter-Fragrance/Vetiver-17893.html
46393,Demeter Fragrance,Vetiver Eau de Toilette,,https://www.fragrantica.com/perfume/Demeter-Fragrance/Vetiver-Eau-de-Toilette-15175.html
46394,Demeter Fragrance,Vintage Naturals 2009 Geranium,2009,https://www.fragrantica.com/perfume/Demeter-Fragrance/Vintage-Naturals-2009-Geranium-6245.html
46395,Demeter Fragrance,Vintage Naturals 2009 Lavender,2009,https://www.fragrantica.com/perfume/Demeter-Fragrance/Vintage-Naturals-2009-Lavender-6247.html
46396,Demeter Fragrance,Vintage Naturals 2009 Mimosa,2009,https://www.fragrantica.com/perfume/Demeter-Fragrance/Vintage-Naturals-2009-Mimosa-6248.html
46397,Demeter Fragrance,Vintage Naturals 2009 Patchouli,2009,https://www.fragrantica.com/perfume/Demeter-Fragrance/Vintage-Naturals-2009-Patchouli-6249.html
46398,Demeter Fragrance,Vintage Naturals 2009 Rosebush,2009,https://www.fragrantica.com/perfume/Demeter-Fragrance/Vintage-Naturals-2009-Rosebush-6251.html
46399,Demeter Fragrance,Vinyl,,https://www.fragrantica.com/perfume/Demeter-Fragrance/Vinyl-19884.html
46400,Demeter Fragrance,Violet,,https://www.fragrantica.com/perfume/Demeter-Fragrance/Violet-17868.html
46401,Demeter Fragrance,Virgo,2015,https://www.fragrantica.com/perfume/Demeter-Fragrance/Virgo-70125.html
46402,Demeter Fragrance,Waffle Cone,,https://www.parfumo.com/Perfumes/Demeter_Fragrance_Library/Waffle_Cone
46403,Demeter Fragrance,Waffles,,https://www.fragrantica.com/perfume/Demeter-Fragrance/Waffles-19883.html
46404,Demeter Fragrance,Waffles Waffle,,https://www.parfumo.com/Perfumes/Demeter_Fragrance_Library/Waffles_Waffle
46405,Demeter Fragrance,Wall Street,2013,https://www.fragrantica.com/perfume/Demeter-Fragrance/Wall-Street-21980.html
46406,Demeter Fragrance,Watermelon Blossom,2021,https://www.fragrantica.com/perfume/Demeter-Fragrance/Watermelon-Blossom-68754.html
46407,Demeter Fragrance,Watermelon Lollipop,,https://www.fragrantica.com/perfume/Demeter-Fragrance/Watermelon-Lollipop-16305.html
46408,Demeter Fragrance,Wet Garden,,https://www.fragrantica.com/perfume/Demeter-Fragrance/Wet-Garden-7778.html
46409,Demeter Fragrance,Wet Garden Sommerregen,2002,https://www.parfumo.com/Perfumes/Demeter_Fragrance_Library/Wet_Garden_Sommerregen
46410,Demeter Fragrance,Whiskey Tobacco,,https://www.fragrantica.com/perfume/Demeter-Fragrance/Whiskey-Tobacco-17904.html
46411,Demeter Fragrance,White Bouquet,2009,https://www.fragrantica.com/perfume/Demeter-Fragrance/White-Bouquet-5457.html
46412,Demeter Fragrance,White Musk Studio 2014 - Musk #15,2014,https://www.parfumo.com/Perfumes/Demeter_Fragrance_Library/White_Musk_Studio_2014_Musk_15
46413,Demeter Fragrance,White Musk Studio 2014 - Musk #7,2014,https://www.parfumo.com/Perfumes/Demeter_Fragrance_Library/White_Musk_Studio_2014_Musk_7
46414,Demeter Fragrance,White Musk Studio 2014 - Musk #9,2014,https://www.parfumo.com/Perfumes/Demeter_Fragrance_Library/White_Musk_Studio_2014_Musk_9
46415,Demeter Fragrance,White Russian,,https://www.fragrantica.com/perfume/Demeter-Fragrance/White-Russian-7716.html
46416,Demeter Fragrance,White Sangria,2013,https://www.fragrantica.com/perfume/Demeter-Fragrance/White-Sangria-18836.html
46417,Demeter Fragrance,Wildflowers,2016,https://www.fragrantica.com/perfume/Demeter-Fragrance/Wildflowers-38101.html
46418,Demeter Fragrance,Wisteria,,https://www.fragrantica.com/perfume/Demeter-Fragrance/Wisteria-17924.html
46419,Demeter Fragrance,Witching Hour,2021,https://www.fragrantica.com/perfume/Demeter-Fragrance/Witching-Hour-70143.html
46420,Demeter Fragrance,Yellow Iris,2017,https://www.fragrantica.com/perfume/Demeter-Fragrance/Yellow-Iris-44993.html
46421,Demeter Fragrance,Ylang-Ylang,,https://www.fragrantica.com/perfume/Demeter-Fragrance/Ylang-Ylang-17880.html
46422,Demeter Fragrance,Yuzu Marmalade,2018,https://www.parfumo.com/Perfumes/Demeter_Fragrance_Library/Yuzu_Marmalade
46423,Demeter Fragrance,Yuzu Marmelade,2018,https://www.fragrantica.com/perfume/Demeter-Fragrance/Yuzu-Marmelade-53769.html
46424,Demeter Fragrance,Zombie Dog,2016,https://www.fragrantica.com/perfume/Demeter-Fragrance/Zombie-Dog-45495.html
46425,Demeter Fragrance,Zombie for Her,2013,https://www.fragrantica.com/perfume/Demeter-Fragrance/Zombie-for-Her-18189.html
46426,Demeter Fragrance,Zombie for Him,2013,https://www.fragrantica.com/perfume/Demeter-Fragrance/Zombie-for-Him-18190.html
46427,Demeter Fragrance Library,01-00®,,https://www.parfumo.com/Perfumes/Demeter_Fragrance_Library/01_01_00_R
46428,Demeter Fragrance Library,Amazon Lily,,https://www.parfumo.com/Perfumes/Demeter_Fragrance_Library/Amazon_Lily
46429,Demeter Fragrance Library,Baby Powder Demeter Fragrance Library / The Library Of Fragrance 2016 Cushion Perfume (Parfum),2016,https://www.parfumo.com/Perfumes/Demeter_Fragrance_Library/Baby_Powder_Cushion_Perfume
46430,Demeter Fragrance Library,Bella Donna,,https://www.parfumo.com/Perfumes/Demeter_Fragrance_Library/Bella_Donna
46431,Demeter Fragrance Library,Bonheur de Vůně - Baby Room,,https://www.parfumo.com/Perfumes/Demeter_Fragrance_Library/Bonheur_de_Vn_Baby_Room
46432,Demeter Fragrance Library,Bonheur de Vůně - Diet,,https://www.parfumo.com/Perfumes/Demeter_Fragrance_Library/Bonheur_de_Vn_Diet
46433,Demeter Fragrance Library,Bonheur de Vůně - Tears,,https://www.parfumo.com/Perfumes/Demeter_Fragrance_Library/Bonheur_de_Vn_Tears
46434,Demeter Fragrance Library,Burn by Brimstone for Her,,https://www.parfumo.com/Perfumes/Demeter_Fragrance_Library/Burn_by_Brimstone_for_Her
46435,Demeter Fragrance Library,Burn by Brimstone for Him,,https://www.parfumo.com/Perfumes/Demeter_Fragrance_Library/Burn_by_Brimstone_for_Him
46436,Demeter Fragrance Library,Caravan NYC,,https://www.parfumo.com/Perfumes/Demeter_Fragrance_Library/Caravan_NYC
46437,Demeter Fragrance Library,Carrot,,https://www.parfumo.com/Perfumes/Demeter_Fragrance_Library/Carrot
46438,Demeter Fragrance Library,Clean Soap Demeter Fragrance Library / The Library Of Fragrance 2016 Cushion Perfume (Parfum),2016,https://www.parfumo.com/Perfumes/Demeter_Fragrance_Library/Clean_Soap_Cushion_Perfume
46439,Demeter Fragrance Library,Cuba,,https://huggingface.co/datasets/doevent/perfume
46440,Demeter Fragrance Library,Fuzzy Navel Demeter Fragrance Library / The Library Of Fragrance 2016 Cushion Perfume (Parfum),2016,https://www.parfumo.com/Perfumes/Demeter_Fragrance_Library/Fuzzy_Navel_Cushion_Perfume
46441,Demeter Fragrance Library,Fuzzy Sweater The Library Of Fragrance,,https://huggingface.co/datasets/doevent/perfume
46442,Demeter Fragrance Library,Ginger Sushi,,https://www.parfumo.com/Perfumes/Demeter_Fragrance_Library/Ginger_Sushi
46443,Demeter Fragrance Library,Great Barrier Reef,,https://huggingface.co/datasets/doevent/perfume
46444,Demeter Fragrance Library,Hedwig,,https://www.parfumo.com/Perfumes/Demeter_Fragrance_Library/Hedwig
46445,Demeter Fragrance Library,Hershey's Milk Chocolate Kisses,,https://www.parfumo.com/Perfumes/Demeter_Fragrance_Library/Hershey_s_Milk_Chocolate_Kisses
46446,Demeter Fragrance Library,Ireland,,https://huggingface.co/datasets/doevent/perfume
46447,Demeter Fragrance Library,Kahala Collection - Blue Hawaiian,,https://www.parfumo.com/Perfumes/Demeter_Fragrance_Library/Kahala_Collection_Blue_Hawaiian
46448,Demeter Fragrance Library,Kahala Collection - Guava Nectar,,https://www.parfumo.com/Perfumes/Demeter_Fragrance_Library/Kahala_Collection_Guava_Nectar
46449,Demeter Fragrance Library,Kahala Collection - Hawaiian Surf,,https://www.parfumo.com/Perfumes/Demeter_Fragrance_Library/Kahala_Collection_Hawaiian_Surf
46450,Demeter Fragrance Library,Kahala Collection - Papaya,,https://www.parfumo.com/Perfumes/Demeter_Fragrance_Library/Kahala_Collection_Papaya
46451,Demeter Fragrance Library,Kahala Pina Colada,,https://huggingface.co/datasets/doevent/perfume
46452,Demeter Fragrance Library,Kiwi,,https://www.parfumo.com/Perfumes/Demeter_Fragrance_Library/Kiwi
46453,Demeter Fragrance Library,Monk Fruit,,https://www.parfumo.com/Perfumes/Demeter_Fragrance_Library/monk-fruit
46454,Demeter Fragrance Library,Natural Attraction - Always Calm,,https://www.parfumo.com/Perfumes/Demeter_Fragrance_Library/Natural_Attraction_Always_Calm
46455,Demeter Fragrance Library,Natural Attraction - Always Energetic,,https://www.parfumo.com/Perfumes/Demeter_Fragrance_Library/Natural_Attraction_Always_Energetic
46456,Demeter Fragrance Library,Natural Attraction - Always Happy,,https://www.parfumo.com/Perfumes/Demeter_Fragrance_Library/Natural_Attraction_Always_Happy
46457,Demeter Fragrance Library,Natural Attraction - Never Lonely,,https://www.parfumo.com/Perfumes/Demeter_Fragrance_Library/Natural_Attraction_Never_Lonely
46458,Demeter Fragrance Library,Nigel Barker - New York Nights,,https://www.parfumo.com/Perfumes/Demeter_Fragrance_Library/Nigel_Barker_New_York_Nights
46459,Demeter Fragrance Library,Nigel Barker - Times Square,,https://www.parfumo.com/Perfumes/Demeter_Fragrance_Library/Nigel_Barker_Times_Square
46460,Demeter Fragrance Library,Nigel Barker - Wall Street,,https://www.parfumo.com/Perfumes/Demeter_Fragrance_Library/Nigel_Barker_Wall_Street
46461,Demeter Fragrance Library,Noteworthy,,https://www.parfumo.com/Perfumes/Demeter_Fragrance_Library/Noteworthy
46462,Demeter Fragrance Library,Orange Creme Pop (Orange Cremecicle),,https://huggingface.co/datasets/doevent/perfume
46463,Demeter Fragrance Library,Orchid Collection - Calypso,,https://www.parfumo.com/Perfumes/Demeter_Fragrance_Library/Orchid_Collection__Calypso
46464,Demeter Fragrance Library,Orchid Collection - Cattleya,,https://www.parfumo.com/Perfumes/Demeter_Fragrance_Library/Orchid_Collection__Cattleya
46465,Demeter Fragrance Library,Orchid Collection - To Yo Ran,,https://www.parfumo.com/Perfumes/Demeter_Fragrance_Library/Orchid_Collection__To_Yo_Ran
46466,Demeter Fragrance Library,Orchid Collection - Twilight,,https://www.parfumo.com/Perfumes/Demeter_Fragrance_Library/Orchid_Collection__Twilight
46467,Demeter Fragrance Library,Pinkitude No. 1,,https://www.parfumo.com/Perfumes/Demeter_Fragrance_Library/Pinkitude_no_1
46468,Demeter Fragrance Library,Power Over Breast Cancer No. 1,,https://www.parfumo.com/Perfumes/Demeter_Fragrance_Library/Power_Over_Breast_Cancer_No_1
46469,Demeter Fragrance Library,Power Over Breast Cancer No. 2,,https://www.parfumo.com/Perfumes/Demeter_Fragrance_Library/Power_Over_Breast_Cancer_No_2
46470,Demeter Fragrance Library,Raisin,,https://www.parfumo.com/Perfumes/Demeter_Fragrance_Library/Raisin
46471,Demeter Fragrance Library,Rice Flower,,https://huggingface.co/datasets/doevent/perfume
46472,Demeter Fragrance Library,Saguaro Cactus,,https://www.parfumo.com/Perfumes/Demeter_Fragrance_Library/Saguaro_Cactus
46473,Demeter Fragrance Library,Sambucca,,https://www.parfumo.com/Perfumes/Demeter_Fragrance_Library/Sambucca
46474,Demeter Fragrance Library,Spicy Floral Demeter Fragrance Library / The Library Of Fragrance 2003 Cushion Perfume (Parfum),2003,https://www.parfumo.com/Perfumes/Demeter_Fragrance_Library/Spicy_Floral_Cushion_Perfume
46475,Demeter Fragrance Library,Sweet Baby Demeter Fragrance Library / The Library Of Fragrance 2016 Cushion Perfume (Parfum),2016,https://www.parfumo.com/Perfumes/Demeter_Fragrance_Library/Sweet_Baby_Cushion_Perfume
46476,Demeter Fragrance Library,Sweet Cilantro,,https://www.parfumo.com/Perfumes/Demeter_Fragrance_Library/Sweet_Cilantro
46477,Demeter Fragrance Library,Sweetpea,,https://huggingface.co/datasets/doevent/perfume
46478,Demeter Fragrance Library,Tahitian Vanilla,,https://www.parfumo.com/Perfumes/Demeter_Fragrance_Library/Tahitian_Vanilla
46479,Demeter Fragrance Library,Thailand The Library Of Fragrance,,https://huggingface.co/datasets/doevent/perfume
46480,Demeter Fragrance Library,To-Yo-Ran,,https://huggingface.co/datasets/doevent/perfume
46481,Demeter Fragrance Library,Tootsie - Junior Mints,,https://www.parfumo.com/Perfumes/Demeter_Fragrance_Library/Tootsie_Junior_Mints
46482,Demeter Fragrance Library,Tootsie - Tropical Dots,,https://www.parfumo.com/Perfumes/Demeter_Fragrance_Library/Tootsie_Tropical_Dots
46483,Demeter Fragrance Library,White Musk Demeter Fragrance Library / The Library Of Fragrance 2016 Cushion Perfume (Parfum),2016,https://www.parfumo.com/Perfumes/Demeter_Fragrance_Library/White_Musk_Cushion_Perfume
46484,Demeter Fragrance Library,Wintergreen,,https://www.parfumo.com/Perfumes/Demeter_Fragrance_Library/wintergreen
46485,Demeter Fragrance Library,Zodiac Collection - Aquarius,,https://www.parfumo.com/Perfumes/Demeter_Fragrance_Library/Zodiac_Collection__Aquarius
46486,Demeter Fragrance Library,Zodiac Collection - Aries,,https://www.parfumo.com/Perfumes/Demeter_Fragrance_Library/Zodiac_Collection__Aries
46487,Demeter Fragrance Library,Zodiac Collection - Cancer,,https://www.parfumo.com/Perfumes/Demeter_Fragrance_Library/Zodiac_Collection__Cancer
46488,Demeter Fragrance Library,Zodiac Collection - Capricorn,,https://www.parfumo.com/Perfumes/Demeter_Fragrance_Library/Zodiac_Collection__Capricorn
46489,Demeter Fragrance Library,Zodiac Collection - Gemini,,https://www.parfumo.com/Perfumes/Demeter_Fragrance_Library/Zodiac_Collection__Gemini
46490,Demeter Fragrance Library,Zodiac Collection - Leo,,https://www.parfumo.com/Perfumes/Demeter_Fragrance_Library/Zodiac_Collection__Leo
46491,Demeter Fragrance Library,Zodiac Collection - Libra,,https://www.parfumo.com/Perfumes/Demeter_Fragrance_Library/Zodiac_Collection__Libra
46492,Demeter Fragrance Library,Zodiac Collection - Pisces,,https://www.parfumo.com/Perfumes/Demeter_Fragrance_Library/Zodiac_Collection__Pisces
46493,Demeter Fragrance Library,Zodiac Collection - Sagittarius,,https://www.parfumo.com/Perfumes/Demeter_Fragrance_Library/Zodiac_Collection__Sagittarius
46494,Demeter Fragrance Library,Zodiac Collection - Scorpio,,https://www.parfumo.com/Perfumes/Demeter_Fragrance_Library/Zodiac_Collection__Scorpio
46495,Demeter Fragrance Library,Zodiac Collection - Taurus,,https://www.parfumo.com/Perfumes/Demeter_Fragrance_Library/Zodiac_Collection__Taurus
46496,Demeter Fragrance Library,Zodiac Collection - Virgo,,https://www.parfumo.com/Perfumes/Demeter_Fragrance_Library/Zodiac_Collection__Virgo
46497,Demolished,Brutal,,https://www.fragrantica.com/perfume/Demolished/Brutal-121429.html
46498,Demolished,Enigma,2020,https://www.fragrantica.com/perfume/Demolished/Enigma-121431.html
46499,Demolished,Libertino,,https://www.fragrantica.com/perfume/Demolished/Libertino-121432.html
46500,Demolished,Mundano,2021,https://www.fragrantica.com/perfume/Demolished/Mundano-121430.html
46501,Demolished,Oud Sublime,,https://www.fragrantica.com/perfume/Demolished/Oud-Sublime-121428.html
46502,Denenes,Colonia muy suave,,https://www.fragrantica.com/perfume/Denenes/Colonia-muy-suave-36275.html
46503,Denim,Aqua,,https://www.fragrantica.com/perfume/Denim/Aqua-44574.html
46504,Denim,Azure,2016,https://www.fragrantica.com/perfume/Denim/Azure-44548.html
46505,Denim,Black,,https://www.fragrantica.com/perfume/Denim/Black-25633.html
46506,Denim,Chill,,https://www.fragrantica.com/perfume/Denim/Chill-25638.html
46507,Denim,Denim 1976,2016,https://www.fragrantica.com/perfume/Denim/Denim-1976-44547.html
46508,Denim,Denim Gold,2016,https://www.fragrantica.com/perfume/Denim/Denim-Gold-111222.html
46509,Denim,Heat,,https://www.fragrantica.com/perfume/Denim/Heat-25637.html
46510,Denim,Illusion,,https://www.fragrantica.com/perfume/Denim/Illusion-25636.html
46511,Denim,Musk,,https://www.fragrantica.com/perfume/Denim/Musk-25634.html
46512,Denim,Original,,https://www.fragrantica.com/perfume/Denim/Original-25632.html
46513,Denim,Raw Passion,,https://www.fragrantica.com/perfume/Denim/Raw-Passion-44549.html
46514,Denim,River,,https://www.fragrantica.com/perfume/Denim/River-44575.html
46515,Denim,Sync,,https://www.fragrantica.com/perfume/Denim/Sync-25640.html
46516,Denim,Temptation,,https://www.fragrantica.com/perfume/Denim/Temptation-25635.html
46517,Denim,Vibe,,https://www.fragrantica.com/perfume/Denim/Vibe-25639.html
46518,Denim,Wild,,https://www.fragrantica.com/perfume/Denim/Wild-44546.html
46519,Denis Durand Parfums Elixirs Grasse,Feu De Joie Sur Le Mont Olympe,2024,https://www.fragrantica.com/perfume/Denis-Durand-Parfums-Elixirs-Grasse/Feu-De-Joie-Sur-Le-Mont-Olympe-98159.html
46520,Denis Durand Parfums Elixirs Grasse,L'Âme d'Iris,2022,https://www.fragrantica.com/perfume/Denis-Durand-Parfums-Elixirs-Grasse/L-Ame-d-Iris-98160.html
46521,Denis Durand Parfums Elixirs Grasse,Le Philtre D’Amour De Phyllis,2024,https://www.fragrantica.com/perfume/Denis-Durand-Parfums-Elixirs-Grasse/Le-Philtre-D-Amour-De-Phyllis-98155.html
46522,Denis Durand Parfums Elixirs Grasse,N°11 Jus d'Apollon,2022,https://www.fragrantica.com/perfume/Denis-Durand-Parfums-Elixirs-Grasse/N011-Jus-d-Apollon-98161.html
46523,Denis Durand Parfums Elixirs Grasse,Narcisse au Miroir,2022,https://www.fragrantica.com/perfume/Denis-Durand-Parfums-Elixirs-Grasse/Narcisse-au-Miroir-98165.html
46524,Denis Durand Parfums Elixirs Grasse,Un Faune A Travers Champs,2024,https://www.fragrantica.com/perfume/Denis-Durand-Parfums-Elixirs-Grasse/Un-Faune-A-Travers-Champs-98158.html
46525,Denis Durand Parfums Elixirs Grasse,Vénus Céleste,2022,https://www.fragrantica.com/perfume/Denis-Durand-Parfums-Elixirs-Grasse/Venus-Celeste-98166.html
46526,Denis Simachev,From Russia With Love (Фром Раша виз Лавэ),2014,https://www.fragrantica.com/perfume/Denis-Simachev/From-Russia-With-Love-From-Rasa-viz-Lave-29323.html
46527,Denis Simachev,Nothing is Sacred (Ничё Святова),2014,https://www.fragrantica.com/perfume/Denis-Simachev/Nothing-is-Sacred-Nice-Svatova-29324.html
46528,Denis Simachev,Our Everything (Наше Все),2014,https://www.fragrantica.com/perfume/Denis-Simachev/Our-Everything-Nase-Vse-29325.html
46529,Denise Quiñones,Caribe,2021,https://www.fragrantica.com/perfume/Denise-Quinones/Caribe-127687.html
46530,Denise Quiñones,Deseo,2016,https://www.fragrantica.com/perfume/Denise-Quinones/Deseo-127685.html
46531,Denise Quiñones,Dulce Amor,2018,https://www.fragrantica.com/perfume/Denise-Quinones/Dulce-Amor-127686.html
46532,Denise Quiñones,King,2023,https://www.fragrantica.com/perfume/Denise-Quinones/King-127683.html
46533,Denise Quiñones,Queen,2023,https://www.fragrantica.com/perfume/Denise-Quinones/Queen-127684.html
46534,Denise Richards,Denise Richards,2012,https://www.fragrantica.com/perfume/Denise-Richards/Denise-Richards-15139.html
46535,Dennis Basso,Dennis Basso,2012,https://www.fragrantica.com/perfume/Dennis-Basso/Dennis-Basso-16870.html
46536,Dennis Basso,Dennis Basso Summer,2014,https://www.fragrantica.com/perfume/Dennis-Basso/Dennis-Basso-Summer-26205.html
46537,Deo Beauty,Amber Luxe,2026,https://www.fragrantica.com/perfume/Deo-Beauty/Amber-Luxe-133521.html
46538,Deo Beauty,Bella Seduzione,2026,https://www.fragrantica.com/perfume/Deo-Beauty/Bella-Seduzione-130406.html
46539,Deo Beauty,Cherry Bloom,2026,https://www.fragrantica.com/perfume/Deo-Beauty/Cherry-Bloom-133520.html
46540,Deo Beauty,Coconut,2024,https://www.fragrantica.com/perfume/Deo-Beauty/Coconut-133526.html
46541,Deo Beauty,Del'luxe,2026,https://www.fragrantica.com/perfume/Deo-Beauty/Del-luxe-130404.html
46542,Deo Beauty,Del'luxe Rouge,2026,https://www.fragrantica.com/perfume/Deo-Beauty/Del-luxe-Rouge-130410.html
46543,Deo Beauty,Deo Rare,2026,https://www.fragrantica.com/perfume/Deo-Beauty/Deo-Rare-130401.html
46544,Deo Beauty,Dragon Fruit,2026,https://www.fragrantica.com/perfume/Deo-Beauty/Dragon-Fruit-133525.html
46545,Deo Beauty,Dynastie,2026,https://www.fragrantica.com/perfume/Deo-Beauty/Dynastie-130411.html
46546,Deo Beauty,E Se...,2026,https://www.fragrantica.com/perfume/Deo-Beauty/E-Se-130405.html
46547,Deo Beauty,E Se... Light,2026,https://www.fragrantica.com/perfume/Deo-Beauty/E-Se-Light-130402.html
46548,Deo Beauty,E Se... Pure,2026,https://www.fragrantica.com/perfume/Deo-Beauty/E-Se-Pure-130413.html
46549,Deo Beauty,Fortune,2026,https://www.fragrantica.com/perfume/Deo-Beauty/Fortune-130414.html
46550,Deo Beauty,Fortune Intense,2026,https://www.fragrantica.com/perfume/Deo-Beauty/Fortune-Intense-130399.html
46551,Deo Beauty,Fortune Platinum,2026,https://www.fragrantica.com/perfume/Deo-Beauty/Fortune-Platinum-133394.html
46552,Deo Beauty,Frost Kiss,2026,https://www.fragrantica.com/perfume/Deo-Beauty/Frost-Kiss-133522.html
46553,Deo Beauty,Grateful Year Candy Pop,2025,https://www.fragrantica.com/perfume/Deo-Beauty/Grateful-Year-Candy-Pop-133532.html
46554,Deo Beauty,Grateful Year #Explode,2025,https://www.fragrantica.com/perfume/Deo-Beauty/Grateful-Year-Explode-133535.html
46555,Deo Beauty,Grateful Year Godness,2025,https://www.fragrantica.com/perfume/Deo-Beauty/Grateful-Year-Godness-133533.html
46556,Deo Beauty,Grateful Year Success,2025,https://www.fragrantica.com/perfume/Deo-Beauty/Grateful-Year-Success-133534.html
46557,Deo Beauty,Jump Seduction,2026,https://www.fragrantica.com/perfume/Deo-Beauty/Jump-Seduction-130412.html
46558,Deo Beauty,La Mia Passione,2026,https://www.fragrantica.com/perfume/Deo-Beauty/La-Mia-Passione-130407.html
46559,Deo Beauty,Love Summer Mar de Curaçao,2025,https://www.fragrantica.com/perfume/Deo-Beauty/Love-Summer-Mar-de-Curacao-133531.html
46560,Deo Beauty,Love Summer Sol de Cancún,2025,https://www.fragrantica.com/perfume/Deo-Beauty/Love-Summer-Sol-de-Cancun-133528.html
46561,Deo Beauty,Lover Summer Lua de Bahamas,2025,https://www.fragrantica.com/perfume/Deo-Beauty/Lover-Summer-Lua-de-Bahamas-133530.html
46562,Deo Beauty,Majestic,2026,https://www.fragrantica.com/perfume/Deo-Beauty/Majestic-130397.html
46563,Deo Beauty,Maracujá,2024,https://www.fragrantica.com/perfume/Deo-Beauty/Maracuja-133527.html
46564,Deo Beauty,My Moments,2026,https://www.fragrantica.com/perfume/Deo-Beauty/My-Moments-130409.html
46565,Deo Beauty,Mystéré,2026,https://www.fragrantica.com/perfume/Deo-Beauty/Mystere-130403.html
46566,Deo Beauty,Oud Passion,2026,https://www.fragrantica.com/perfume/Deo-Beauty/Oud-Passion-130400.html
46567,Deo Beauty,Valen,2026,https://www.fragrantica.com/perfume/Deo-Beauty/Valen-130398.html
46568,Deo Beauty,Watermelon,2024,https://www.fragrantica.com/perfume/Deo-Beauty/Watermelon-133524.html
46569,Deo Beauty,Winter Bloom,2026,https://www.fragrantica.com/perfume/Deo-Beauty/Winter-Bloom-133523.html
46570,Depot,No. 904 Classic Cologne (Eau de Cologne),,https://www.fragrantica.com/perfume/Depot/No-904-Classic-Cologne-142481.html
46571,Depot,No. 905 Dark Tea,2020,https://www.fragrantica.com/perfume/Depot/No-905-Dark-Tea-137013.html
46572,Depot,No. 905 Mystic Amber,,https://www.fragrantica.com/perfume/Depot/No-905-Mystic-Amber-142482.html
46573,Depot,No. 905 Oriental Soul,,https://www.fragrantica.com/perfume/Depot/No-905-Oriental-Soul-142483.html
46574,Depot,No. 905 White Cedar,,https://www.fragrantica.com/perfume/Depot/No-905-White-Cedar-142484.html
46575,Der Duft,Act,2021,https://www.fragrantica.com/perfume/Der-Duft/Act-65068.html
46576,Der Duft,Bubble,2020,https://www.fragrantica.com/perfume/Der-Duft/Bubble-61786.html
46577,Der Duft,Canvas,2022,https://www.fragrantica.com/perfume/Der-Duft/Canvas-73385.html
46578,Der Duft,Cinematic,2020,https://www.fragrantica.com/perfume/Der-Duft/Cinematic-61785.html
46579,Der Duft,Grasse,2020,https://www.fragrantica.com/perfume/Der-Duft/Grasse-60214.html
46580,Der Duft,In Flagranti,,https://www.fragrantica.com/perfume/Der-Duft/In-Flagranti-84780.html
46581,Der Duft,Match,2021,https://www.fragrantica.com/perfume/Der-Duft/Match-68841.html
46582,Der Duft,Monopteros,2020,https://www.fragrantica.com/perfume/Der-Duft/Monopteros-61787.html
46583,Der Duft,Playground,2025,https://www.fragrantica.com/perfume/Der-Duft/Playground-104527.html
46584,Der Duft,Pride,2020,https://www.fragrantica.com/perfume/Der-Duft/Pride-60215.html
46585,Der Duft,Privilege,2022,https://www.fragrantica.com/perfume/Der-Duft/Privilege-77896.html
46586,Deraah Private,222,2017,https://www.fragrantica.com/perfume/Deraah-Private/222-80599.html
46587,Deraah Private,555,2017,https://www.fragrantica.com/perfume/Deraah-Private/555-80597.html
46588,Deraah Private,Amber Gris,2024,https://www.fragrantica.com/perfume/Deraah-Private/Amber-Gris-111333.html
46589,Deraah Private,Blanc TubeRose,,https://www.fragrantica.com/perfume/Deraah-Private/Blanc-TubeRose-80149.html
46590,Deraah Private,Brown Vanilla,2024,https://www.fragrantica.com/perfume/Deraah-Private/Brown-Vanilla-111328.html
46591,Deraah Private,Cashmeran,2022,https://www.fragrantica.com/perfume/Deraah-Private/Cashmeran-80153.html
46592,Deraah Private,Cuir Rouge,2024,https://www.fragrantica.com/perfume/Deraah-Private/Cuir-Rouge-111330.html
46593,Deraah Private,Gourmand,2022,https://www.fragrantica.com/perfume/Deraah-Private/Gourmand-80157.html
46594,Deraah Private,Le Santal,2024,https://www.fragrantica.com/perfume/Deraah-Private/Le-Santal-111335.html
46595,Deraah Private,Musk Aqua,2022,https://www.fragrantica.com/perfume/Deraah-Private/Musk-Aqua-80158.html
46596,Deraah Private,Nuit Tobacco,2024,https://www.fragrantica.com/perfume/Deraah-Private/Nuit-Tobacco-111332.html
46597,Deraah Private,Patchouli Elixir,2024,https://www.fragrantica.com/perfume/Deraah-Private/Patchouli-Elixir-111329.html
46598,Deraah Private,Peony Jardin,2024,https://www.fragrantica.com/perfume/Deraah-Private/Peony-Jardin-111331.html
46599,Deraah Private,Perfect Oud,2022,https://www.fragrantica.com/perfume/Deraah-Private/Perfect-Oud-80152.html
46600,Deraah Private,Perfume 1976,2025,https://www.fragrantica.com/perfume/Deraah-Private/Perfume-1976-111326.html
46601,Deraah Private,Red Iris,2024,https://www.fragrantica.com/perfume/Deraah-Private/Red-Iris-111334.html
46602,Deraah Private,Rich Leather,2022,https://www.fragrantica.com/perfume/Deraah-Private/Rich-Leather-80155.html
46603,Deraah Private,Rose Powder,2024,https://www.fragrantica.com/perfume/Deraah-Private/Rose-Powder-109893.html
46604,Deraah Private,Royal Agar,2024,https://www.fragrantica.com/perfume/Deraah-Private/Royal-Agar-111325.html
46605,Deraah Private,Spice Amber,2022,https://www.fragrantica.com/perfume/Deraah-Private/Spice-Amber-80154.html
46606,Deraah Private,Splendid Wood,2022,https://www.fragrantica.com/perfume/Deraah-Private/Splendid-Wood-80596.html
46607,Deraah Private,Sweet Powder,2022,https://www.fragrantica.com/perfume/Deraah-Private/Sweet-Powder-80159.html
46608,Deraah Private,Velvet Cotton,2024,https://www.fragrantica.com/perfume/Deraah-Private/Velvet-Cotton-111327.html
46609,Derbe,Acqua degli Speziali,,https://www.fragrantica.com/perfume/Derbe/Acqua-degli-Speziali-34913.html
46610,Derbe,Acqua del Benessere,,https://www.fragrantica.com/perfume/Derbe/Acqua-del-Benessere-34908.html
46611,Derbe,Aurea,2025,https://www.fragrantica.com/perfume/Derbe/Aurea-118482.html
46612,Derbe,Baby Profumo,,https://www.fragrantica.com/perfume/Derbe/Baby-Profumo-34909.html
46613,Derbe,Boy Profumo,,https://www.fragrantica.com/perfume/Derbe/Boy-Profumo-34910.html
46614,Derbe,Camelia e Coriandolo,,https://www.fragrantica.com/perfume/Derbe/Camelia-e-Coriandolo-37273.html
46615,Derbe,Canapa e Mirto,,https://www.fragrantica.com/perfume/Derbe/Canapa-e-Mirto-37274.html
46616,Derbe,Caramel,,https://www.fragrantica.com/perfume/Derbe/Caramel-37275.html
46617,Derbe,Cedro & Pepe Rosa,,https://www.fragrantica.com/perfume/Derbe/Cedro-Pepe-Rosa-37269.html
46618,Derbe,Fiori Bianchi e Foglie Verdi,,https://www.fragrantica.com/perfume/Derbe/Fiori-Bianchi-e-Foglie-Verdi-37277.html
46619,Derbe,Fiori del Chianti,,https://www.fragrantica.com/perfume/Derbe/Fiori-del-Chianti-37278.html
46620,Derbe,Florealis,2025,https://www.fragrantica.com/perfume/Derbe/Florealis-106825.html
46621,Derbe,Frangipani,,https://www.fragrantica.com/perfume/Derbe/Frangipani-37279.html
46622,Derbe,Ginger e Jasmine,,https://www.fragrantica.com/perfume/Derbe/Ginger-e-Jasmine-37280.html
46623,Derbe,Girl Profumo,,https://www.fragrantica.com/perfume/Derbe/Girl-Profumo-34911.html
46624,Derbe,Lavanda,,https://www.fragrantica.com/perfume/Derbe/Lavanda-37266.html
46625,Derbe,Liquirizia e Mandarino,,https://www.fragrantica.com/perfume/Derbe/Liquirizia-e-Mandarino-37281.html
46626,Derbe,Mela e Tulipani,,https://www.fragrantica.com/perfume/Derbe/Mela-e-Tulipani-37282.html
46627,Derbe,Nontiscordardime,,https://www.fragrantica.com/perfume/Derbe/Nontiscordardime-37283.html
46628,Derbe,Olivo e Girasole,,https://www.fragrantica.com/perfume/Derbe/Olivo-e-Girasole-37308.html
46629,Derbe,Papavero e Fico,,https://www.fragrantica.com/perfume/Derbe/Papavero-e-Fico-37309.html
46630,Derbe,Peonia e Lime,,https://www.fragrantica.com/perfume/Derbe/Peonia-e-Lime-37310.html
46631,Derbe,Pepe & Pompelmo,,https://www.fragrantica.com/perfume/Derbe/Pepe-Pompelmo-34914.html
46632,Derbe,Rosa e Mora,,https://www.fragrantica.com/perfume/Derbe/Rosa-e-Mora-37311.html
46633,Derbe,Sakura,2025,https://www.fragrantica.com/perfume/Derbe/Sakura-118481.html
46634,Derbe,Silenzio Verde,2025,https://www.fragrantica.com/perfume/Derbe/Silenzio-Verde-118480.html
46635,Derbe,Sogno d'Estate,2025,https://www.fragrantica.com/perfume/Derbe/Sogno-d-Estate-118479.html
46636,Derbe,Spezie e Patchouli,,https://www.fragrantica.com/perfume/Derbe/Spezie-e-Patchouli-37312.html
46637,Derbe,Te' Bianco,,https://www.fragrantica.com/perfume/Derbe/Te-Bianco-37271.html
46638,Derbe,Te' Nero,,https://www.fragrantica.com/perfume/Derbe/Te-Nero-34918.html
46639,Derbe,Terre di Amerigo,,https://www.fragrantica.com/perfume/Derbe/Terre-di-Amerigo-37313.html
46640,Derbe,Young,,https://www.fragrantica.com/perfume/Derbe/Young-34912.html
46641,Derek Lam 10 Crosby,2am Kiss,2015,https://www.fragrantica.com/perfume/Derek-Lam-10-Crosby/2am-Kiss-35615.html
46642,Derek Lam 10 Crosby,A Hold On Me,2020,https://www.fragrantica.com/perfume/Derek-Lam-10-Crosby/A-Hold-On-Me-59605.html
46643,Derek Lam 10 Crosby,Afloat,2015,https://www.fragrantica.com/perfume/Derek-Lam-10-Crosby/Afloat-35610.html
46644,Derek Lam 10 Crosby,Blackout,2015,https://www.fragrantica.com/perfume/Derek-Lam-10-Crosby/Blackout-35614.html
46645,Derek Lam 10 Crosby,Drunk On Youth,2015,https://www.fragrantica.com/perfume/Derek-Lam-10-Crosby/Drunk-On-Youth-35609.html
46646,Derek Lam 10 Crosby,Ellipsis,2015,https://www.fragrantica.com/perfume/Derek-Lam-10-Crosby/Ellipsis-35613.html
46647,Derek Lam 10 Crosby,Give Me The Night,2020,https://www.fragrantica.com/perfume/Derek-Lam-10-Crosby/Give-Me-The-Night-59606.html
46648,Derek Lam 10 Crosby,Hi-Fi,2015,https://www.fragrantica.com/perfume/Derek-Lam-10-Crosby/Hi-Fi-35608.html
46649,Derek Lam 10 Crosby,Looking Glass,2015,https://www.fragrantica.com/perfume/Derek-Lam-10-Crosby/Looking-Glass-35607.html
46650,Derek Lam 10 Crosby,Love Deluxe,2020,https://www.fragrantica.com/perfume/Derek-Lam-10-Crosby/Love-Deluxe-59604.html
46651,Derek Lam 10 Crosby,Rain Day,2015,https://www.fragrantica.com/perfume/Derek-Lam-10-Crosby/Rain-Day-35611.html
46652,Derek Lam 10 Crosby,Silent St.,2015,https://www.fragrantica.com/perfume/Derek-Lam-10-Crosby/Silent-St-35606.html
46653,Derek Lam 10 Crosby,Something Wild,2015,https://www.fragrantica.com/perfume/Derek-Lam-10-Crosby/Something-Wild-35612.html
46654,Dermacol,Aquarelle,,https://www.fragrantica.com/perfume/Dermacol/Aquarelle-119666.html
46655,Dermacol,Aromatic Bergamot & Vetiver,,https://www.parfumo.com/Perfumes/Dermacol/Aromatic_Bergamot__Vetiver
46656,Dermacol,Black Amber and Patchouli,,https://www.fragrantica.com/perfume/Dermacol/Black-Amber-and-Patchouli-119678.html
46657,Dermacol,Blackcurrant and Praline,1998,https://www.fragrantica.com/perfume/Dermacol/Blackcurrant-and-Praline-119677.html
46658,Dermacol,Cannabis Garden,,https://www.fragrantica.com/perfume/Dermacol/Cannabis-Garden-119676.html
46659,Dermacol,Cashmere Wood & Lavandin,,https://www.parfumo.com/Perfumes/Dermacol/Cashmere_Wood__Lavandin
46660,Dermacol,Delicious Freesia & Geranium,1998,https://www.parfumo.com/Perfumes/Dermacol/Delicious_Freesia__Geranium
46661,Dermacol,Dolce Identita,,https://www.fragrantica.com/perfume/Dermacol/Dolce-Identita-119675.html
46662,Dermacol,Downtown,,https://www.fragrantica.com/perfume/Dermacol/Downtown-119679.html
46663,Dermacol,Eternal Victory,,https://www.fragrantica.com/perfume/Dermacol/Eternal-Victory-119674.html
46664,Dermacol,Everlasting Incense & Spices,2008,https://www.parfumo.com/Perfumes/Dermacol/Everlasting_Incense__Spices
46665,Dermacol,Fresh Pine and Pepper,,https://www.fragrantica.com/perfume/Dermacol/Fresh-Pine-and-Pepper-119673.html
46666,Dermacol,Honey Pomelo and Neroli,2015,https://www.fragrantica.com/perfume/Dermacol/Honey-Pomelo-and-Neroli-119672.html
46667,Dermacol,Iluze,2004,https://www.parfumo.com/Perfumes/Dermacol/iluze
46668,Dermacol,Japanese Garden,,https://www.fragrantica.com/perfume/Dermacol/Japanese-Garden-88411.html
46669,Dermacol,Lilly of the Valley and Fresh Citrus,,https://www.fragrantica.com/perfume/Dermacol/Lilly-of-the-Valley-and-Fresh-Citrus-119665.html
46670,Dermacol,Lily of the Valley & Fresh Citrus,1994,https://www.parfumo.com/Perfumes/Dermacol/Lily_of_the_Valley__Fresh_Citrus
46671,Dermacol,Love Day,2007,https://www.parfumo.com/Perfumes/Dermacol/love-day
46672,Dermacol,Magnolia and Passion Fruit,,https://www.fragrantica.com/perfume/Dermacol/Magnolia-and-Passion-Fruit-119670.html
46673,Dermacol,Marine Wood & Coriander,,https://www.parfumo.com/Perfumes/Dermacol/Marine_Wood__Coriander
46674,Dermacol,Paradiso,,https://www.fragrantica.com/perfume/Dermacol/Paradiso-119667.html
46675,Dermacol,Rose Flower,,https://www.fragrantica.com/perfume/Dermacol/Rose-Flower-119671.html
46676,Dermacol,Sea Salt and Lime,,https://www.fragrantica.com/perfume/Dermacol/Sea-Salt-and-Lime-119669.html
46677,Dermacol,Sweet Jasmine and Patchouli,,https://www.fragrantica.com/perfume/Dermacol/Sweet-Jasmine-and-Patchouli-119664.html
46678,Dermacol,Sweet Orange and Honeysuckle,,https://www.fragrantica.com/perfume/Dermacol/Sweet-Orange-and-Honeysuckle-119668.html
46679,Dermacol,Vanilla Morning,,https://www.fragrantica.com/perfume/Dermacol/Vanilla-Morning-119663.html
46680,Dermika,Rosarium New Garden,2008,https://www.fragrantica.com/perfume/Dermika/Rosarium-New-Garden-45978.html
46681,Des Filles a la Vanille,A Minuit Sur Le Pont Des Soupirs,,https://www.fragrantica.com/perfume/Des-Filles-a-la-Vanille/A-Minuit-Sur-Le-Pont-Des-Soupirs-37409.html
46682,Des Filles a la Vanille,Ambre Chinoise,,https://www.fragrantica.com/perfume/Des-Filles-a-la-Vanille/Ambre-Chinoise-9861.html
46683,Des Filles a la Vanille,Ambre ...Princesse hippie,1951,https://www.parfumo.com/Perfumes/Des_Filles_a_la_Vanille/Ambre__Princesse_hippie
46684,Des Filles a la Vanille,Avec Toi sous les Etoiles,,https://www.fragrantica.com/perfume/Des-Filles-a-la-Vanille/Avec-Toi-sous-les-Etoiles-9860.html
46685,Des Filles a la Vanille,Bouquet De Diamants,,https://www.fragrantica.com/perfume/Des-Filles-a-la-Vanille/Bouquet-De-Diamants-37435.html
46686,Des Filles a la Vanille,Cœur de fille... Jeux interdits,2002,https://www.parfumo.com/Perfumes/Des_Filles_a_la_Vanille/Cur_de_fille__Jeux_interdits
46687,Des Filles a la Vanille,Cœur Volé,2004,https://www.parfumo.com/Perfumes/Des_Filles_a_la_Vanille/Couer_Vole
46688,Des Filles a la Vanille,Cœur volé...à Bali,,https://www.parfumo.com/Perfumes/Des_Filles_a_la_Vanille/Cur_vole___Bali
46689,Des Filles a la Vanille,Chagrin d'Amour,2015,https://www.parfumo.com/Perfumes/Des_Filles_a_la_Vanille/Chagrin_d_Amour
46690,Des Filles a la Vanille,Chagrin d'Amour Bye Bye,,https://www.fragrantica.com/perfume/Des-Filles-a-la-Vanille/Chagrin-d-Amour-Bye-Bye-37396.html
46691,Des Filles a la Vanille,Coeur de Fille Jeux Interdits,,https://www.fragrantica.com/perfume/Des-Filles-a-la-Vanille/Coeur-de-Fille-Jeux-Interdits-37403.html
46692,Des Filles a la Vanille,Coeur Ocean,,https://www.fragrantica.com/perfume/Des-Filles-a-la-Vanille/Coeur-Ocean-37433.html
46693,Des Filles a la Vanille,Comment Ne Pas T'aimer,,https://www.fragrantica.com/perfume/Des-Filles-a-la-Vanille/Comment-Ne-Pas-T-aimer-37408.html
46694,Des Filles a la Vanille,Garcon Manque,2000,https://www.fragrantica.com/perfume/Des-Filles-a-la-Vanille/Garcon-Manque-9870.html
46695,Des Filles a la Vanille,Hello Mademoiselle,,https://www.fragrantica.com/perfume/Des-Filles-a-la-Vanille/Hello-Mademoiselle-37434.html
46696,Des Filles a la Vanille,Imma,,https://www.fragrantica.com/perfume/Des-Filles-a-la-Vanille/Imma-9868.html
46697,Des Filles a la Vanille,Je Suis Tombee En Amour,,https://www.fragrantica.com/perfume/Des-Filles-a-la-Vanille/Je-Suis-Tombee-En-Amour-37407.html
46698,Des Filles a la Vanille,Je T'aime,2000,https://www.fragrantica.com/perfume/Des-Filles-a-la-Vanille/Je-T-aime-9874.html
46699,Des Filles a la Vanille,Je Voudrais Vous Revoir,,https://www.fragrantica.com/perfume/Des-Filles-a-la-Vanille/Je-Voudrais-Vous-Revoir-37395.html
46700,Des Filles a la Vanille,L'Ambre De Tes Yeux,,https://www.fragrantica.com/perfume/Des-Filles-a-la-Vanille/L-Ambre-De-Tes-Yeux-37431.html
46701,Des Filles a la Vanille,L'Important C'est D'Aimer,,https://www.fragrantica.com/perfume/Des-Filles-a-la-Vanille/L-Important-C-est-D-Aimer-37460.html
46702,Des Filles a la Vanille,Le Coeur Des Filles C'est Complique,,https://www.fragrantica.com/perfume/Des-Filles-a-la-Vanille/Le-Coeur-Des-Filles-C-est-Complique-37406.html
46703,Des Filles a la Vanille,Le Diable Au Coeur,,https://www.fragrantica.com/perfume/Des-Filles-a-la-Vanille/Le-Diable-Au-Coeur-37397.html
46704,Des Filles a la Vanille,Loin Des Yeux Pres Du Coeur,,https://www.fragrantica.com/perfume/Des-Filles-a-la-Vanille/Loin-Des-Yeux-Pres-Du-Coeur-37398.html
46705,Des Filles a la Vanille,Maman Je T'aime Pour La Vie,,https://www.fragrantica.com/perfume/Des-Filles-a-la-Vanille/Maman-Je-T-aime-Pour-La-Vie-37414.html
46706,Des Filles a la Vanille,Mon Coeur n'Appartient Qu'a Toi,,https://www.fragrantica.com/perfume/Des-Filles-a-la-Vanille/Mon-Coeur-n-Appartient-Qu-a-Toi-37418.html
46707,Des Filles a la Vanille,Mon Demon Mon Amour,,https://www.fragrantica.com/perfume/Des-Filles-a-la-Vanille/Mon-Demon-Mon-Amour-37405.html
46708,Des Filles a la Vanille,Mon Petit Papillon de Lune,,https://www.fragrantica.com/perfume/Des-Filles-a-la-Vanille/Mon-Petit-Papillon-de-Lune-37401.html
46709,Des Filles a la Vanille,Musc De Saint Tropez,,https://www.fragrantica.com/perfume/Des-Filles-a-la-Vanille/Musc-De-Saint-Tropez-37432.html
46710,Des Filles a la Vanille,Musc Venitien,,https://www.fragrantica.com/perfume/Des-Filles-a-la-Vanille/Musc-Venitien-9876.html
46711,Des Filles a la Vanille,Mysterieux Patchouli,,https://www.fragrantica.com/perfume/Des-Filles-a-la-Vanille/Mysterieux-Patchouli-37425.html
46712,Des Filles a la Vanille,Nuit d'Ambre,,https://www.fragrantica.com/perfume/Des-Filles-a-la-Vanille/Nuit-d-Ambre-37393.html
46713,Des Filles a la Vanille,Patchouli,2000,https://www.fragrantica.com/perfume/Des-Filles-a-la-Vanille/Patchouli-9875.html
46714,Des Filles a la Vanille,Patchouli Bella Vita,,https://www.fragrantica.com/perfume/Des-Filles-a-la-Vanille/Patchouli-Bella-Vita-37423.html
46715,Des Filles a la Vanille,Patchouli Bouquet De Diamants,,https://www.fragrantica.com/perfume/Des-Filles-a-la-Vanille/Patchouli-Bouquet-De-Diamants-37428.html
46716,Des Filles a la Vanille,Patchouli Chic et Boheme,,https://www.fragrantica.com/perfume/Des-Filles-a-la-Vanille/Patchouli-Chic-et-Boheme-37419.html
46717,Des Filles a la Vanille,Patchouli Dentelles Et Courtisane,,https://www.fragrantica.com/perfume/Des-Filles-a-la-Vanille/Patchouli-Dentelles-Et-Courtisane-37427.html
46718,Des Filles a la Vanille,Patchouli Divine Feline,,https://www.fragrantica.com/perfume/Des-Filles-a-la-Vanille/Patchouli-Divine-Feline-37416.html
46719,Des Filles a la Vanille,Patchouli Et Merveilles,,https://www.fragrantica.com/perfume/Des-Filles-a-la-Vanille/Patchouli-Et-Merveilles-37424.html
46720,Des Filles a la Vanille,Patchouli Intime Secret,,https://www.fragrantica.com/perfume/Des-Filles-a-la-Vanille/Patchouli-Intime-Secret-9877.html
46721,Des Filles a la Vanille,Patchouli La Belle Italienne,,https://www.fragrantica.com/perfume/Des-Filles-a-la-Vanille/Patchouli-La-Belle-Italienne-37430.html
46722,Des Filles a la Vanille,Patchouli Mon Bijou,,https://www.fragrantica.com/perfume/Des-Filles-a-la-Vanille/Patchouli-Mon-Bijou-37421.html
46723,Des Filles a la Vanille,Patchouli Perle D'Azur,,https://www.fragrantica.com/perfume/Des-Filles-a-la-Vanille/Patchouli-Perle-D-Azur-37422.html
46724,Des Filles a la Vanille,Patchouli Princesse Hippie,,https://www.fragrantica.com/perfume/Des-Filles-a-la-Vanille/Patchouli-Princesse-Hippie-9881.html
46725,Des Filles a la Vanille,Patchouli Rue Des Rosiers,,https://www.fragrantica.com/perfume/Des-Filles-a-la-Vanille/Patchouli-Rue-Des-Rosiers-37426.html
46726,Des Filles a la Vanille,Patchouli Tendre Soupir,,https://www.fragrantica.com/perfume/Des-Filles-a-la-Vanille/Patchouli-Tendre-Soupir-9878.html
46727,Des Filles a la Vanille,Patchouli Toi Mon Amour,,https://www.fragrantica.com/perfume/Des-Filles-a-la-Vanille/Patchouli-Toi-Mon-Amour-37402.html
46728,Des Filles a la Vanille,Patchouli Tu Es Ma Preference,,https://www.fragrantica.com/perfume/Des-Filles-a-la-Vanille/Patchouli-Tu-Es-Ma-Preference-37417.html
46729,Des Filles a la Vanille,Patchouli Version Love,,https://www.fragrantica.com/perfume/Des-Filles-a-la-Vanille/Patchouli-Version-Love-37420.html
46730,Des Filles a la Vanille,Petits Secrets Entre Nous,,https://www.fragrantica.com/perfume/Des-Filles-a-la-Vanille/Petits-Secrets-Entre-Nous-37400.html
46731,Des Filles a la Vanille,Pour Un Baiser De Toi,,https://www.fragrantica.com/perfume/Des-Filles-a-la-Vanille/Pour-Un-Baiser-De-Toi-37415.html
46732,Des Filles a la Vanille,Prete-Moi Ton Coeur,,https://www.fragrantica.com/perfume/Des-Filles-a-la-Vanille/Prete-Moi-Ton-Coeur-37404.html
46733,Des Filles a la Vanille,Princesse De Boheme,,https://www.fragrantica.com/perfume/Des-Filles-a-la-Vanille/Princesse-De-Boheme-37449.html
46734,Des Filles a la Vanille,Quelqu'un m'a dit Je T'aime,,https://www.fragrantica.com/perfume/Des-Filles-a-la-Vanille/Quelqu-un-m-a-dit-Je-T-aime-9879.html
46735,Des Filles a la Vanille,Revka Mon Ocean,,https://www.fragrantica.com/perfume/Des-Filles-a-la-Vanille/Revka-Mon-Ocean-37394.html
46736,Des Filles a la Vanille,Riviere de Janvier,2000,https://www.fragrantica.com/perfume/Des-Filles-a-la-Vanille/Riviere-de-Janvier-9873.html
46737,Des Filles a la Vanille,Toi Mon Amour,,https://www.fragrantica.com/perfume/Des-Filles-a-la-Vanille/Toi-Mon-Amour-37399.html
46738,Des Filles a la Vanille,Toi Mon Ange,2000,https://www.fragrantica.com/perfume/Des-Filles-a-la-Vanille/Toi-Mon-Ange-9871.html
46739,Des Filles a la Vanille,Toi Mon Demon,2000,https://www.fragrantica.com/perfume/Des-Filles-a-la-Vanille/Toi-Mon-Demon-9872.html
46740,Des Filles a la Vanille,Tous Mes Reves Sont Pour Toi,,https://www.fragrantica.com/perfume/Des-Filles-a-la-Vanille/Tous-Mes-Reves-Sont-Pour-Toi-37413.html
46741,Des Filles a la Vanille,Vanilla Girls,,https://www.fragrantica.com/perfume/Des-Filles-a-la-Vanille/Vanilla-Girls-9880.html
46742,Des Filles a la Vanille,Vanille,2000,https://www.fragrantica.com/perfume/Des-Filles-a-la-Vanille/Vanille-9869.html
46743,Des Filles a la Vanille,Vanille Des Marquises,,https://www.fragrantica.com/perfume/Des-Filles-a-la-Vanille/Vanille-Des-Marquises-37461.html
46744,Des Filles a la Vanille,Vanille Intime Secret,,https://www.fragrantica.com/perfume/Des-Filles-a-la-Vanille/Vanille-Intime-Secret-37392.html
46745,Des Filles a la Vanille,Wood Et Merveilles,,https://www.fragrantica.com/perfume/Des-Filles-a-la-Vanille/Wood-Et-Merveilles-37429.html
46746,Desigual,Cashmere Musk,2015,https://www.fragrantica.com/perfume/Desigual/Cashmere-Musk-32619.html
46747,Desigual,Dark,2015,https://www.fragrantica.com/perfume/Desigual/Dark-42292.html
46748,Desigual,Dark Fresh,2015,https://www.fragrantica.com/perfume/Desigual/Dark-Fresh-30501.html
46749,Desigual,Dark Fresh Festival Man,2019,https://www.fragrantica.com/perfume/Desigual/Dark-Fresh-Festival-Man-54293.html
46750,Desigual,Fresh,2015,https://www.fragrantica.com/perfume/Desigual/Fresh-30500.html
46751,Desigual,Fresh Bloom,2017,https://www.fragrantica.com/perfume/Desigual/Fresh-Bloom-46051.html
46752,Desigual,Fresh Festival Woman,2019,https://www.fragrantica.com/perfume/Desigual/Fresh-Festival-Woman-54294.html
46753,Desigual,Fresh World,2018,https://www.fragrantica.com/perfume/Desigual/Fresh-World-51200.html
46754,Desigual,Fun,2014,https://www.fragrantica.com/perfume/Desigual/Fun-21943.html
46755,Desigual,Love,2014,https://www.fragrantica.com/perfume/Desigual/Love-21942.html
46756,Desigual,Oriental Velvet,2015,https://www.fragrantica.com/perfume/Desigual/Oriental-Velvet-32621.html
46757,Desigual,Oud Organza,2015,https://www.fragrantica.com/perfume/Desigual/Oud-Organza-32618.html
46758,Desigual,Satin Secrets,2015,https://www.fragrantica.com/perfume/Desigual/Satin-Secrets-32620.html
46759,Desigual,Sex,2014,https://www.fragrantica.com/perfume/Desigual/Sex-21941.html
46760,Desigual,Silk Rose,2015,https://www.fragrantica.com/perfume/Desigual/Silk-Rose-32622.html
46761,Desigual,You,2015,https://www.fragrantica.com/perfume/Desigual/You-32617.html
46762,DeskLab Parfums,Aurora,2025,https://www.fragrantica.com/perfume/DeskLab-Parfums/Aurora-118841.html
46763,DeskLab Parfums,Black Berries,2026,https://www.fragrantica.com/perfume/DeskLab-Parfums/Black-Berries-136345.html
46764,DeskLab Parfums,Del'irios,2025,https://www.fragrantica.com/perfume/DeskLab-Parfums/Del-irios-118847.html
46765,DeskLab Parfums,Dirty Guava,2025,https://www.fragrantica.com/perfume/DeskLab-Parfums/Dirty-Guava-118845.html
46766,DeskLab Parfums,Dirty Melon,2026,https://www.fragrantica.com/perfume/DeskLab-Parfums/Dirty-Melon-131439.html
46767,DeskLab Parfums,El Camino,2025,https://www.fragrantica.com/perfume/DeskLab-Parfums/El-Camino-118842.html
46768,DeskLab Parfums,El Yunque,2025,https://www.fragrantica.com/perfume/DeskLab-Parfums/El-Yunque-118844.html
46769,DeskLab Parfums,Habacuc,2026,https://www.fragrantica.com/perfume/DeskLab-Parfums/Habacuc-136344.html
46770,Destino Paris,Aurora,2022,https://www.fragrantica.com/perfume/Destino-Paris/Aurora-78269.html
46771,Destino Paris,London Twilight,2022,https://www.fragrantica.com/perfume/Destino-Paris/London-Twilight-78270.html
46772,Destino Paris,Mykonos Sunset,2022,https://www.fragrantica.com/perfume/Destino-Paris/Mykonos-Sunset-78271.html
46773,Destino Paris,Portofino Sunrise,2022,https://www.fragrantica.com/perfume/Destino-Paris/Portofino-Sunrise-78272.html
46774,Destino Paris,Shanghai Shades,2022,https://www.fragrantica.com/perfume/Destino-Paris/Shanghai-Shades-78273.html
46775,Detaille,1905,1905,https://www.fragrantica.com/perfume/Detaille/1905-9586.html
46776,Detaille,Aeroplane,,https://www.fragrantica.com/perfume/Detaille/Aeroplane-9591.html
46777,Detaille,Akuri,2015,https://www.fragrantica.com/perfume/Detaille/Akuri-44139.html
46778,Detaille,Alizee,,https://www.fragrantica.com/perfume/Detaille/Alizee-9587.html
46779,Detaille,Amber Dream,2024,https://www.fragrantica.com/perfume/Detaille/Amber-Dream-90828.html
46780,Detaille,Bois d'Oud,2014,https://www.fragrantica.com/perfume/Detaille/Bois-d-Oud-26473.html
46781,Detaille,Cherubin,,https://www.fragrantica.com/perfume/Detaille/Cherubin-9596.html
46782,Detaille,Dolcia,,https://www.fragrantica.com/perfume/Detaille/Dolcia-9589.html
46783,Detaille,Escrimeur,,https://www.fragrantica.com/perfume/Detaille/Escrimeur-9592.html
46784,Detaille,Fleur,,https://www.fragrantica.com/perfume/Detaille/Fleur-9597.html
46785,Detaille,Fleur de Peau,2014,https://www.fragrantica.com/perfume/Detaille/Fleur-de-Peau-26474.html
46786,Detaille,Jump,2016,https://www.fragrantica.com/perfume/Detaille/Jump-44140.html
46787,Detaille,Miles,,https://www.fragrantica.com/perfume/Detaille/Miles-9595.html
46788,Detaille,Osmose,2014,https://www.fragrantica.com/perfume/Detaille/Osmose-26475.html
46789,Detaille,Par 4,,https://www.fragrantica.com/perfume/Detaille/Par-4-9594.html
46790,Detaille,Paradisii,,https://www.fragrantica.com/perfume/Detaille/Paradisii-9598.html
46791,Detaille,Rose Nuit,2014,https://www.fragrantica.com/perfume/Detaille/Rose-Nuit-26472.html
46792,Detaille,Shéliane,,https://www.fragrantica.com/perfume/Detaille/Sheliane-9588.html
46793,Detaille,Sofia,,https://www.fragrantica.com/perfume/Detaille/Sofia-9590.html
46794,Detaille,Yachting,,https://www.fragrantica.com/perfume/Detaille/Yachting-9593.html
46795,Deux*Trois.,Come On,2026,https://www.fragrantica.com/perfume/Deux-Trois/Come-On-136520.html
46796,Deux*Trois.,Lume,2026,https://www.fragrantica.com/perfume/Deux-Trois/Lume-136518.html
46797,Deux*Trois.,Nhim,2026,https://www.fragrantica.com/perfume/Deux-Trois/Nhim-136521.html
46798,Deux*Trois.,Night Rider,2026,https://www.fragrantica.com/perfume/Deux-Trois/Night-Rider-136517.html
46799,Deux*Trois.,Sojour,2026,https://www.fragrantica.com/perfume/Deux-Trois/Sojour-136519.html
46800,Devertere,Babydoll Vanilla,2026,https://www.fragrantica.com/perfume/Devertere/Babydoll-Vanilla-138688.html
46801,Devertere,Chillin' (à la Tropézienne),2025,https://www.fragrantica.com/perfume/Devertere/Chillin-a-la-Tropezienne-108545.html
46802,Devertere,Green Ice,2026,https://www.fragrantica.com/perfume/Devertere/Green-Ice-138155.html
46803,Devertere,Just for One Day,2026,https://www.fragrantica.com/perfume/Devertere/Just-for-One-Day-128577.html
46804,Devertere,OUDONISM,2025,https://www.fragrantica.com/perfume/Devertere/OUDONISM-108543.html
46805,Devertere,Panama Affair,2026,https://www.fragrantica.com/perfume/Devertere/Panama-Affair-142230.html
46806,Devertere,Promise Her The Moon,2025,https://www.fragrantica.com/perfume/Devertere/Promise-Her-The-Moon-115418.html
46807,Devertere,Suedexcess,2025,https://www.fragrantica.com/perfume/Devertere/Suedexcess-108547.html
46808,Devertere,Sunset Colada,2025,https://www.fragrantica.com/perfume/Devertere/Sunset-Colada-108546.html
46809,Devertere,The Way You Kiss Me,2025,https://www.fragrantica.com/perfume/Devertere/The-Way-You-Kiss-Me-108544.html
46810,Dévier,Acid Rain,,https://www.fragrantica.com/perfume/Devier/Acid-Rain-96409.html
46811,Dévier,Alma Del Mar,2024,https://www.fragrantica.com/perfume/Devier/Alma-Del-Mar-102638.html
46812,Dévier,Amber Arabian,,https://www.fragrantica.com/perfume/Devier/Amber-Arabian-96411.html
46813,Dévier,Aurora Pacific,2024,https://www.fragrantica.com/perfume/Devier/Aurora-Pacific-102637.html
46814,Dévier,Black Religion,,https://www.fragrantica.com/perfume/Devier/Black-Religion-96412.html
46815,Dévier,Cabo Cristal,2024,https://www.fragrantica.com/perfume/Devier/Cabo-Cristal-102639.html
46816,Dévier,D'Christian,,https://www.fragrantica.com/perfume/Devier/D-Christian-96414.html
46817,Dévier,D'Exotic,,https://www.fragrantica.com/perfume/Devier/D-Exotic-96434.html
46818,Dévier,D'Istambul,,https://www.fragrantica.com/perfume/Devier/D-Istambul-96435.html
46819,Dévier,D'Narcoide,,https://www.fragrantica.com/perfume/Devier/D-Narcoide-96415.html
46820,Dévier,D'Seven,,https://www.fragrantica.com/perfume/Devier/D-Seven-96438.html
46821,Dévier,Deep Smoke,,https://www.fragrantica.com/perfume/Devier/Deep-Smoke-96408.html
46822,Dévier,Forgive Us,,https://www.fragrantica.com/perfume/Devier/Forgive-Us-96404.html
46823,Dévier,Fresh Orient,,https://www.fragrantica.com/perfume/Devier/Fresh-Orient-96436.html
46824,Dévier,Gold Edition,,https://www.fragrantica.com/perfume/Devier/Gold-Edition-96439.html
46825,Dévier,Imagine,,https://www.fragrantica.com/perfume/Devier/Imagine-96405.html
46826,Dévier,Night Secret,,https://www.fragrantica.com/perfume/Devier/Night-Secret-96416.html
46827,Dévier,Oud Silence,,https://www.fragrantica.com/perfume/Devier/Oud-Silence-96437.html
46828,Dévier,Penth House,,https://www.fragrantica.com/perfume/Devier/Penth-House-96413.html
46829,Dévier,Sandal Oud,,https://www.fragrantica.com/perfume/Devier/Sandal-Oud-96410.html
46830,Dévier,Sinfonia 2.1,2024,https://www.fragrantica.com/perfume/Devier/Sinfonia-2-1-102636.html
46831,Dévier,Soul Inside,,https://www.fragrantica.com/perfume/Devier/Soul-Inside-96417.html
46832,Dévier,Spice Mexican,,https://www.fragrantica.com/perfume/Devier/Spice-Mexican-96407.html
46833,Dévier,Strong as Metal,,https://www.fragrantica.com/perfume/Devier/Strong-as-Metal-96406.html
46834,Devota & Lomba,Collage,2011,https://www.fragrantica.com/perfume/Devota-Lomba/Collage-14526.html
46835,Devota & Lomba,Devota & Lomba,2003,https://www.fragrantica.com/perfume/Devota-Lomba/Devota-Lomba-19368.html
46836,Devota & Lomba,Infusión Adictiva,,https://www.fragrantica.com/perfume/Devota-Lomba/Infusion-Adictiva-84972.html
46837,Devota & Lomba,Paraíso Escarchado,,https://www.fragrantica.com/perfume/Devota-Lomba/Paraiso-Escarchado-84973.html
46838,DFG1924,Aroma Arancio Verde,2017,https://www.fragrantica.com/perfume/DFG1924/Aroma-Arancio-Verde-43852.html
46839,DFG1924,Aroma Blu,2017,https://www.fragrantica.com/perfume/DFG1924/Aroma-Blu-43853.html
46840,DFG1924,Aroma Caldo,2017,https://www.fragrantica.com/perfume/DFG1924/Aroma-Caldo-43859.html
46841,DFG1924,Aroma d’Inverno,2017,https://www.fragrantica.com/perfume/DFG1924/Aroma-d-Inverno-43858.html
46842,DFG1924,Aroma Frutta d'Estate,2017,https://www.fragrantica.com/perfume/DFG1924/Aroma-Frutta-d-Estate-43854.html
46843,DFG1924,Aroma Fruttato,2017,https://www.fragrantica.com/perfume/DFG1924/Aroma-Fruttato-43856.html
46844,DFG1924,Aroma Intenso,2017,https://www.fragrantica.com/perfume/DFG1924/Aroma-Intenso-43861.html
46845,DFG1924,Aroma Vivienne,2017,https://www.fragrantica.com/perfume/DFG1924/Aroma-Vivienne-43862.html
46846,DFG1924,Cento Orizzonti,2017,https://www.fragrantica.com/perfume/DFG1924/Cento-Orizzonti-43848.html
46847,DFG1924,Ghiaccio Bollente,2017,https://www.fragrantica.com/perfume/DFG1924/Ghiaccio-Bollente-43857.html
46848,DFG1924,Il Giardino di Freya,2017,https://www.fragrantica.com/perfume/DFG1924/Il-Giardino-di-Freya-43847.html
46849,DFG1924,Il Mercante di Sogni,2017,https://www.fragrantica.com/perfume/DFG1924/Il-Mercante-di-Sogni-43849.html
46850,DFG1924,Il Risveglio delle Esperidi,2017,https://www.fragrantica.com/perfume/DFG1924/Il-Risveglio-delle-Esperidi-43850.html
46851,DFG1924,Il Sentiero degli Dei,2019,https://www.fragrantica.com/perfume/DFG1924/Il-Sentiero-degli-Dei-55032.html
46852,DFG1924,La Baia di Jasmine,2019,https://www.fragrantica.com/perfume/DFG1924/La-Baia-di-Jasmine-55033.html
46853,DFG1924,La Fontana di Titti,2017,https://www.fragrantica.com/perfume/DFG1924/La-Fontana-di-Titti-43855.html
46854,DFG1924,La Sorgente di Ninfee,2017,https://www.fragrantica.com/perfume/DFG1924/La-Sorgente-di-Ninfee-43851.html
46855,DFG1924,Narciso,2017,https://www.fragrantica.com/perfume/DFG1924/Narciso-43863.html
46856,DFG1924,Non Dire No,2019,https://www.fragrantica.com/perfume/DFG1924/Non-Dire-No-55034.html
46857,DFG1924,Noor,2017,https://www.fragrantica.com/perfume/DFG1924/Noor-43860.html
46858,Dhamma Perfumes,Golden Sun,2020,https://www.fragrantica.com/perfume/Dhamma-Perfumes/Golden-Sun-113856.html
46859,Di Caprio Parfum,Angel Text,2025,https://www.fragrantica.com/perfume/Di-Caprio-Parfum/Angel-Text-115286.html
46860,Di Caprio Parfum,Anmar,2025,https://www.fragrantica.com/perfume/Di-Caprio-Parfum/Anmar-115281.html
46861,Di Caprio Parfum,Fantôme Noir,2025,https://www.fragrantica.com/perfume/Di-Caprio-Parfum/Fantome-Noir-115283.html
46862,Di Caprio Parfum,Fraîche Molécules,2025,https://www.fragrantica.com/perfume/Di-Caprio-Parfum/Fraiche-Molecules-115280.html
46863,Di Caprio Parfum,Las Palmas,2025,https://www.fragrantica.com/perfume/Di-Caprio-Parfum/Las-Palmas-115284.html
46864,Di Caprio Parfum,Light Pink,2025,https://www.fragrantica.com/perfume/Di-Caprio-Parfum/Light-Pink-115282.html
46865,Di Caprio Parfum,Magical Elixir,2025,https://www.fragrantica.com/perfume/Di-Caprio-Parfum/Magical-Elixir-115279.html
46866,Di Caprio Parfum,Maschio,2025,https://www.fragrantica.com/perfume/Di-Caprio-Parfum/Maschio-115287.html
46867,Di Caprio Parfum,Miso Mi,2025,https://www.fragrantica.com/perfume/Di-Caprio-Parfum/Miso-Mi-115290.html
46868,Di Caprio Parfum,Ocean Scent,2025,https://www.fragrantica.com/perfume/Di-Caprio-Parfum/Ocean-Scent-115289.html
46869,Di Caprio Parfum,Out of Control,2025,https://www.fragrantica.com/perfume/Di-Caprio-Parfum/Out-of-Control-115288.html
46870,Di Caprio Parfum,Overdose Floral,2025,https://www.fragrantica.com/perfume/Di-Caprio-Parfum/Overdose-Floral-115285.html
46871,Di Palomo,Black Cherry & Almond,2000,https://www.fragrantica.com/perfume/Di-Palomo/Black-Cherry-Almond-47731.html
46872,Di Palomo,Orange Blossom,2000,https://www.fragrantica.com/perfume/Di-Palomo/Orange-Blossom-47733.html
46873,Di Palomo,Per Lui,2000,https://www.fragrantica.com/perfume/Di-Palomo/Per-Lui-47732.html
46874,Di Palomo,White Grape,2000,https://www.fragrantica.com/perfume/Di-Palomo/White-Grape-47734.html
46875,Di Palomo,Wild Fig & Grape,2000,https://www.fragrantica.com/perfume/Di-Palomo/Wild-Fig-Grape-47735.html
46876,DI SER,Adameku,,https://www.fragrantica.com/perfume/DI-SER/Adameku-41042.html
46877,DI SER,Akanesasu,,https://www.fragrantica.com/perfume/DI-SER/Akanesasu-41043.html
46878,DI SER,Diana,,https://www.fragrantica.com/perfume/DI-SER/Diana-14510.html
46879,DI SER,Hana Hiraku,2025,https://www.fragrantica.com/perfume/DI-SER/Hana-Hiraku-106047.html
46880,DI SER,Hana Matsuri,2021,https://www.fragrantica.com/perfume/DI-SER/Hana-Matsuri-68760.html
46881,DI SER,Hana No Oto,2022,https://www.fragrantica.com/perfume/DI-SER/Hana-No-Oto-78327.html
46882,DI SER,Haruka Sorayori,2024,https://www.fragrantica.com/perfume/DI-SER/Haruka-Sorayori-106046.html
46883,DI SER,Hasunoito,2000,https://www.fragrantica.com/perfume/DI-SER/Hasunoito-41024.html
46884,DI SER,Hikaru Daichi,2022,https://www.fragrantica.com/perfume/DI-SER/Hikaru-Daichi-73230.html
46885,DI SER,Hoshi Tsukiyo,2022,https://www.fragrantica.com/perfume/DI-SER/Hoshi-Tsukiyo-73239.html
46886,DI SER,Iris,,https://www.fragrantica.com/perfume/DI-SER/Iris-14511.html
46887,DI SER,Izayoi,2023,https://www.fragrantica.com/perfume/DI-SER/Izayoi-79913.html
46888,DI SER,Jinko,2018,https://www.fragrantica.com/perfume/DI-SER/Jinko-49582.html
46889,DI SER,Kagiroi (Eau de Parfum),2020,https://www.fragrantica.com/perfume/DI-SER/Kagiroi-62539.html
46890,DI SER,Kamikura,2024,https://www.fragrantica.com/perfume/DI-SER/Kamikura-92365.html
46891,DI SER,Kanami,2021,https://www.fragrantica.com/perfume/DI-SER/Kanami-70229.html
46892,DI SER,Kaze,2000,https://www.fragrantica.com/perfume/DI-SER/Kaze-14505.html
46893,DI SER,Kazehikaru,,https://www.fragrantica.com/perfume/DI-SER/Kazehikaru-41044.html
46894,DI SER,Keman,2019,https://www.fragrantica.com/perfume/DI-SER/Keman-57806.html
46895,DI SER,Kumo no Koromo,2024,https://www.fragrantica.com/perfume/DI-SER/Kumo-no-Koromo-101128.html
46896,DI SER,Kurokami,,https://www.fragrantica.com/perfume/DI-SER/Kurokami-41041.html
46897,DI SER,Kyara,2000,https://www.fragrantica.com/perfume/DI-SER/Kyara-14508.html
46898,DI SER,Lucia,,https://www.fragrantica.com/perfume/DI-SER/Lucia-14512.html
46899,DI SER,Manaka,2017,https://www.fragrantica.com/perfume/DI-SER/Manaka-46643.html
46900,DI SER,Mizu,2000,https://www.fragrantica.com/perfume/DI-SER/Mizu-14506.html
46901,DI SER,Muse,,https://www.fragrantica.com/perfume/DI-SER/Muse-14513.html
46902,DI SER,Sasora,2000,https://www.fragrantica.com/perfume/DI-SER/Sasora-14509.html
46903,DI SER,Shiragoromo,2000,https://www.fragrantica.com/perfume/DI-SER/Shiragoromo-41025.html
46904,DI SER,Sola,2020,https://www.fragrantica.com/perfume/DI-SER/Sola-62538.html
46905,DI SER,Taiyo,2000,https://www.fragrantica.com/perfume/DI-SER/Taiyo-14507.html
46906,DI SER,Tsuki,2000,https://www.fragrantica.com/perfume/DI-SER/Tsuki-14504.html
46907,DI SER,Tsuzumi Boshi,2021,https://www.fragrantica.com/perfume/DI-SER/Tsuzumi-Boshi-70230.html
46908,DI SER,Zuko,2025,https://www.fragrantica.com/perfume/DI-SER/Zuko-106045.html
46909,Diadema Exclusif,Absolu Gelsomino,,https://www.fragrantica.com/perfume/Diadema-Exclusif/Absolu-Gelsomino-30759.html
46910,Diadema Exclusif,Absolu Neroli,,https://www.fragrantica.com/perfume/Diadema-Exclusif/Absolu-Neroli-30760.html
46911,Diadema Exclusif,Absolu Rosa Di Maggio,,https://www.fragrantica.com/perfume/Diadema-Exclusif/Absolu-Rosa-Di-Maggio-30761.html
46912,Diadema Exclusif,Absolu Vaniglia,,https://www.fragrantica.com/perfume/Diadema-Exclusif/Absolu-Vaniglia-30762.html
46913,Diadema Exclusif,Acqua Ghiaccia,,https://www.fragrantica.com/perfume/Diadema-Exclusif/Acqua-Ghiaccia-105676.html
46914,Diadema Exclusif,Anemos,,https://www.fragrantica.com/perfume/Diadema-Exclusif/Anemos-105674.html
46915,Diadema Exclusif,Anuar,,https://www.fragrantica.com/perfume/Diadema-Exclusif/Anuar-24175.html
46916,Diadema Exclusif,Armonie Della Sera,,https://www.fragrantica.com/perfume/Diadema-Exclusif/Armonie-Della-Sera-24173.html
46917,Diadema Exclusif,Baratti,,https://www.fragrantica.com/perfume/Diadema-Exclusif/Baratti-105675.html
46918,Diadema Exclusif,Floremì,2018,https://www.fragrantica.com/perfume/Diadema-Exclusif/Floremi-105958.html
46919,Diadema Exclusif,Milonga,,https://www.fragrantica.com/perfume/Diadema-Exclusif/Milonga-24174.html
46920,Diadema Exclusif,Mystes,2022,https://www.fragrantica.com/perfume/Diadema-Exclusif/Mystes-105956.html
46921,Diadema Exclusif,Nero di Polpo,2024,https://www.fragrantica.com/perfume/Diadema-Exclusif/Nero-di-Polpo-105955.html
46922,Diadema Exclusif,Notte d'Incanto,2024,https://www.fragrantica.com/perfume/Diadema-Exclusif/Notte-d-Incanto-105957.html
46923,Diadema Exclusif,Qbhanera,2016,https://www.fragrantica.com/perfume/Diadema-Exclusif/Qbhanera-37462.html
46924,Diadema Exclusif,Saddisale,,https://www.fragrantica.com/perfume/Diadema-Exclusif/Saddisale-105678.html
46925,Diadema Exclusif,Solleone,,https://www.fragrantica.com/perfume/Diadema-Exclusif/Solleone-105677.html
46926,Diadema Exclusif,Tamerici Uomo,,https://www.fragrantica.com/perfume/Diadema-Exclusif/Tamerici-Uomo-105679.html
46927,Diadema Exclusif,Terra Marique,,https://www.fragrantica.com/perfume/Diadema-Exclusif/Terra-Marique-105673.html
46928,Diana Bolocco,Diana Bolocco,,https://www.fragrantica.com/perfume/Diana-Bolocco/Diana-Bolocco-134605.html
46929,Diana Bolocco,Viva,,https://www.fragrantica.com/perfume/Diana-Bolocco/Viva-134609.html
46930,Diana de Silva,Divina,1996,https://www.fragrantica.com/perfume/Diana-de-Silva/Divina-23563.html
46931,Diana de Silva,Ettore Bugatti,1993,https://www.fragrantica.com/perfume/Diana-de-Silva/Ettore-Bugatti-23566.html
46932,Diana de Silva,Genny,,https://www.fragrantica.com/perfume/Diana-de-Silva/Genny-23565.html
46933,Diana de Silva,Genny Shine,,https://www.fragrantica.com/perfume/Diana-de-Silva/Genny-Shine-23564.html
46934,Diana Drummond,Sable,2023,https://www.fragrantica.com/perfume/Diana-Drummond/Sable-110708.html
46935,Diana Drummond,Sable Classic,1950,https://www.fragrantica.com/perfume/Diana-Drummond/Sable-Classic-110711.html
46936,Diana Drummond,Scottish Orchis,2023,https://www.fragrantica.com/perfume/Diana-Drummond/Scottish-Orchis-110709.html
46937,Diana Drummond,Scottish Orchis Classic,1950,https://www.fragrantica.com/perfume/Diana-Drummond/Scottish-Orchis-Classic-110712.html
46938,Diana Drummond,The Stuart White Rose,2023,https://www.fragrantica.com/perfume/Diana-Drummond/The-Stuart-White-Rose-110710.html
46939,Diana Drummond,The Stuart White Rose Classic,1950,https://www.fragrantica.com/perfume/Diana-Drummond/The-Stuart-White-Rose-Classic-110713.html
46940,Diana Ross,Diamond Diana,2017,https://www.fragrantica.com/perfume/Diana-Ross/Diamond-Diana-47653.html
46941,Diana Vreeland,Absolutely Vital,2014,https://www.fragrantica.com/perfume/Diana-Vreeland/Absolutely-Vital-26726.html
46942,Diana Vreeland,Daringly Different,2015,https://www.fragrantica.com/perfume/Diana-Vreeland/Daringly-Different-31786.html
46943,Diana Vreeland,Devastatingly Chic,2015,https://www.fragrantica.com/perfume/Diana-Vreeland/Devastatingly-Chic-32204.html
46944,Diana Vreeland,Empress of Fashion,2018,https://www.fragrantica.com/perfume/Diana-Vreeland/Empress-of-Fashion-51199.html
46945,Diana Vreeland,Extravagance Russe,2014,https://www.fragrantica.com/perfume/Diana-Vreeland/Extravagance-Russe-26724.html
46946,Diana Vreeland,Full Gallop,2016,https://www.fragrantica.com/perfume/Diana-Vreeland/Full-Gallop-42252.html
46947,Diana Vreeland,Outrageous Collection Daringly Different,2016,https://www.fragrantica.com/perfume/Diana-Vreeland/Outrageous-Collection-Daringly-Different-39239.html
46948,Diana Vreeland,Outrageous Collection Outrageously Vibrant,2016,https://www.fragrantica.com/perfume/Diana-Vreeland/Outrageous-Collection-Outrageously-Vibrant-39238.html
46949,Diana Vreeland,Outrageous Collection Simply Divine,2016,https://www.fragrantica.com/perfume/Diana-Vreeland/Outrageous-Collection-Simply-Divine-39237.html
46950,Diana Vreeland,Outrageously Vibrant,2014,https://www.fragrantica.com/perfume/Diana-Vreeland/Outrageously-Vibrant-26728.html
46951,Diana Vreeland,Perfectly Marvelous,2014,https://www.fragrantica.com/perfume/Diana-Vreeland/Perfectly-Marvelous-26725.html
46952,Diana Vreeland,Simply Divine,2014,https://www.fragrantica.com/perfume/Diana-Vreeland/Simply-Divine-26727.html
46953,Diana Vreeland,Smashingly Brilliant,2015,https://www.fragrantica.com/perfume/Diana-Vreeland/Smashingly-Brilliant-30357.html
46954,Diana Vreeland,Staggeringly Beautiful,2018,https://www.fragrantica.com/perfume/Diana-Vreeland/Staggeringly-Beautiful-50749.html
46955,Diana Vreeland,Vivaciously Bold,2016,https://www.fragrantica.com/perfume/Diana-Vreeland/Vivaciously-Bold-35884.html
46956,Diana Vreeland,Wildly Attractive,2017,https://www.fragrantica.com/perfume/Diana-Vreeland/Wildly-Attractive-45953.html
46957,Diana zur Löwen,Addictive Vanilla,2023,https://www.fragrantica.com/perfume/Diana-zur-Loewen/Addictive-Vanilla-130378.html
46958,Diana zur Löwen,Candy Cloud,2026,https://www.fragrantica.com/perfume/Diana-zur-Loewen/Candy-Cloud-133269.html
46959,Diana zur Löwen,Cherry Obsession,2026,https://www.fragrantica.com/perfume/Diana-zur-Loewen/Cherry-Obsession-133271.html
46960,Diana zur Löwen,Electric Rose Intense,2023,https://www.fragrantica.com/perfume/Diana-zur-Loewen/Electric-Rose-Intense-130382.html
46961,Diana zur Löwen,Forever Gold,2024,https://www.fragrantica.com/perfume/Diana-zur-Loewen/Forever-Gold-130376.html
46962,Diana zur Löwen,Golden Moments,2025,https://www.fragrantica.com/perfume/Diana-zur-Loewen/Golden-Moments-130384.html
46963,Diana zur Löwen,Intense Moments,2025,https://www.fragrantica.com/perfume/Diana-zur-Loewen/Intense-Moments-130377.html
46964,Diana zur Löwen,Intense Supreme Dose,2025,https://www.fragrantica.com/perfume/Diana-zur-Loewen/Intense-Supreme-Dose-130380.html
46965,Diana zur Löwen,Miracle Water,2025,https://www.fragrantica.com/perfume/Diana-zur-Loewen/Miracle-Water-130381.html
46966,Diana zur Löwen,Seductive Night,2023,https://www.fragrantica.com/perfume/Diana-zur-Loewen/Seductive-Night-130379.html
46967,Diana zur Löwen,Vanilla Moments,2025,https://www.fragrantica.com/perfume/Diana-zur-Loewen/Vanilla-Moments-130383.html
46968,Diane Castel,Allegria,2023,https://www.fragrantica.com/perfume/Diane-Castel/Allegria-92735.html
46969,Diane Castel,Aquilae - Oud du Désert,2020,https://www.fragrantica.com/perfume/Diane-Castel/Aquilae-Oud-du-Desert-92730.html
46970,Diane Castel,Ayesha,,https://www.fragrantica.com/perfume/Diane-Castel/Ayesha-92716.html
46971,Diane Castel,Bleu Barbade,,https://www.fragrantica.com/perfume/Diane-Castel/Bleu-Barbade-92722.html
46972,Diane Castel,Chorus,,https://www.fragrantica.com/perfume/Diane-Castel/Chorus-92715.html
46973,Diane Castel,Eleganza,2020,https://www.fragrantica.com/perfume/Diane-Castel/Eleganza-92728.html
46974,Diane Castel,Favoloso,,https://www.fragrantica.com/perfume/Diane-Castel/Favoloso-92727.html
46975,Diane Castel,Folie Oud,2023,https://www.fragrantica.com/perfume/Diane-Castel/Folie-Oud-92734.html
46976,Diane Castel,Gold Lion,2023,https://www.fragrantica.com/perfume/Diane-Castel/Gold-Lion-92737.html
46977,Diane Castel,Lady D.,,https://www.fragrantica.com/perfume/Diane-Castel/Lady-D-92721.html
46978,Diane Castel,Mitali,2020,https://www.fragrantica.com/perfume/Diane-Castel/Mitali-92731.html
46979,Diane Castel,My Divine,2021,https://www.fragrantica.com/perfume/Diane-Castel/My-Divine-92729.html
46980,Diane Castel,Offense,,https://www.fragrantica.com/perfume/Diane-Castel/Offense-92718.html
46981,Diane Castel,Onyx Tiger,2024,https://www.fragrantica.com/perfume/Diane-Castel/Onyx-Tiger-92733.html
46982,Diane Castel,Oratorio,,https://www.fragrantica.com/perfume/Diane-Castel/Oratorio-92732.html
46983,Diane Castel,Poudre D'ivoire,,https://www.fragrantica.com/perfume/Diane-Castel/Poudre-D-ivoire-92724.html
46984,Diane Castel,Prodigio,2020,https://www.fragrantica.com/perfume/Diane-Castel/Prodigio-92726.html
46985,Diane Castel,Rose d'Artiste,,https://www.fragrantica.com/perfume/Diane-Castel/Rose-d-Artiste-92725.html
46986,Diane Castel,Silver Wolf,2023,https://www.fragrantica.com/perfume/Diane-Castel/Silver-Wolf-92736.html
46987,Diane Castel,So Musk,,https://www.fragrantica.com/perfume/Diane-Castel/So-Musk-92719.html
46988,Diane Castel,Tentaion Oud,,https://www.fragrantica.com/perfume/Diane-Castel/Tentaion-Oud-92723.html
46989,Diane Castel,Very Oud,2017,https://www.fragrantica.com/perfume/Diane-Castel/Very-Oud-92720.html
46990,Diane Pernet,In Pursuit Of Magic,2014,https://www.fragrantica.com/perfume/Diane-Pernet/In-Pursuit-Of-Magic-29259.html
46991,Diane Pernet,Love Affair,2016,https://www.fragrantica.com/perfume/Diane-Pernet/Love-Affair-41005.html
46992,Diane Pernet,Shaded,2014,https://www.fragrantica.com/perfume/Diane-Pernet/Shaded-29258.html
46993,Diane Pernet,To Be Honest,2014,https://www.fragrantica.com/perfume/Diane-Pernet/To-Be-Honest-29256.html
46994,Diane Pernet,Wanted,2014,https://www.fragrantica.com/perfume/Diane-Pernet/Wanted-29257.html
46995,Diane von Furstenberg,D,2003,https://www.fragrantica.com/perfume/Diane-von-Furstenberg/D-9719.html
46996,Diane von Furstenberg,Diane,2011,https://www.fragrantica.com/perfume/Diane-von-Furstenberg/Diane-12470.html
46997,Diane von Furstenberg,Diane Eau de Toilette,2011,https://www.fragrantica.com/perfume/Diane-von-Furstenberg/Diane-Eau-de-Toilette-13609.html
46998,Diane von Furstenberg,Love Diane,2012,https://www.fragrantica.com/perfume/Diane-von-Furstenberg/Love-Diane-16074.html
46999,Diane von Furstenberg,Sunny Diane,2012,https://www.fragrantica.com/perfume/Diane-von-Furstenberg/Sunny-Diane-14489.html
47000,Diane von Furstenberg,Tatiana,1975,https://www.fragrantica.com/perfume/Diane-von-Furstenberg/Tatiana-9718.html47001,Diane von Furstenberg,Volcan d'Amour,1981,https://www.fragrantica.com/perfume/Diane-von-Furstenberg/Volcan-d-Amour-12469.html
47002,Dianne Brill Cosmetics,Dianne Brill,2008,https://www.fragrantica.com/perfume/Dianne-Brill-Cosmetics/Dianne-Brill-5256.html
47003,Dicora Urban Fit,Dubai,,https://www.fragrantica.com/perfume/Dicora-Urban-Fit/Dubai-139341.html
47004,Dicora Urban Fit,L.A.,,https://www.fragrantica.com/perfume/Dicora-Urban-Fit/L-A-139336.html
47005,Dicora Urban Fit,London,,https://www.fragrantica.com/perfume/Dicora-Urban-Fit/London-139335.html
47006,Dicora Urban Fit,Miami,,https://www.fragrantica.com/perfume/Dicora-Urban-Fit/Miami-139338.html
47007,Dicora Urban Fit,NYC,,https://www.fragrantica.com/perfume/Dicora-Urban-Fit/NYC-139334.html
47008,Dicora Urban Fit,Paris,,https://www.fragrantica.com/perfume/Dicora-Urban-Fit/Paris-139337.html
47009,Dicora Urban Fit,Tokyo,,https://www.fragrantica.com/perfume/Dicora-Urban-Fit/Tokyo-139349.html
47010,Dicora Urban Fit,Vienna,,https://www.fragrantica.com/perfume/Dicora-Urban-Fit/Vienna-139339.html
47011,DIEM,Always July,2024,https://www.fragrantica.com/perfume/DIEM/Always-July-96157.html
47012,DIEM,Begin Again,2025,https://www.fragrantica.com/perfume/DIEM/Begin-Again-115467.html
47013,DIEM,Catching Dusk,2023,https://www.fragrantica.com/perfume/DIEM/Catching-Dusk-96165.html
47014,DIEM,Chapter Two,2025,https://www.fragrantica.com/perfume/DIEM/Chapter-Two-115469.html
47015,DIEM,Dare You,2025,https://www.fragrantica.com/perfume/DIEM/Dare-You-115470.html
47016,DIEM,Deep Silence,2025,https://www.fragrantica.com/perfume/DIEM/Deep-Silence-115461.html
47017,DIEM,Jump Ship,2024,https://www.fragrantica.com/perfume/DIEM/Jump-Ship-96162.html
47018,DIEM,Liquid Light,2024,https://www.fragrantica.com/perfume/DIEM/Liquid-Light-96164.html
47019,DIEM,Love Tangle,2024,https://www.fragrantica.com/perfume/DIEM/Love-Tangle-96158.html
47020,DIEM,Lunar Bud,2022,https://www.fragrantica.com/perfume/DIEM/Lunar-Bud-96174.html
47021,DIEM,Neon Nectar,2024,https://www.fragrantica.com/perfume/DIEM/Neon-Nectar-96156.html
47022,DIEM,New Leaf,2023,https://www.fragrantica.com/perfume/DIEM/New-Leaf-96173.html
47023,DIEM,No Reason,2024,https://www.fragrantica.com/perfume/DIEM/No-Reason-96155.html
47024,DIEM,No Strings,,https://www.fragrantica.com/perfume/DIEM/No-Strings-115466.html
47025,DIEM,Off Piste,2023,https://www.fragrantica.com/perfume/DIEM/Off-Piste-96172.html
47026,DIEM,Primal Draw,,https://www.fragrantica.com/perfume/DIEM/Primal-Draw-115464.html
47027,DIEM,Quiet Riot,2025,https://www.fragrantica.com/perfume/DIEM/Quiet-Riot-115471.html
47028,DIEM,Self Made,2024,https://www.fragrantica.com/perfume/DIEM/Self-Made-96161.html
47029,DIEM,Slow Exhale,2023,https://www.fragrantica.com/perfume/DIEM/Slow-Exhale-96171.html
47030,DIEM,Stay Close,2024,https://www.fragrantica.com/perfume/DIEM/Stay-Close-96159.html
47031,DIEM,Two Halves,2024,https://www.fragrantica.com/perfume/DIEM/Two-Halves-96163.html
47032,Diesel,Bad,2016,https://www.fragrantica.com/perfume/Diesel/Bad-39383.html
47033,Diesel,Bad Intense,2017,https://www.fragrantica.com/perfume/Diesel/Bad-Intense-46070.html
47034,Diesel,D,2022,https://www.parfumo.com/Perfumes/Diesel/d
47035,Diesel,D by Diesel,2022,https://www.fragrantica.com/perfume/Diesel/D-by-Diesel-74965.html
47036,Diesel,D Red,2024,https://www.parfumo.com/Perfumes/Diesel/d-red
47037,Diesel,D Red by Diesel,2024,https://www.fragrantica.com/perfume/Diesel/D-Red-by-Diesel-89328.html
47038,Diesel,D Red Le Parfum,2025,https://www.fragrantica.com/perfume/Diesel/D-Red-Le-Parfum-111209.html
47039,Diesel,Diesel Diesel 1995 After Shave Lotion,1995,https://www.parfumo.com/Perfumes/Diesel/Diesel_After_Shave_Lotion
47040,Diesel,Diesel Diesel 1995 Eau de Toilette,1995,https://www.parfumo.com/Perfumes/Diesel/Diesel_Eau_de_Toilette
47041,Diesel,Diesel (Eau de Toilette),1996,https://www.fragrantica.com/perfume/Diesel/Diesel-7542.html
47042,Diesel,Diesel Fuel For Life Cologne for Men (Eau de Cologne),2008,https://www.fragrantica.com/perfume/Diesel/Diesel-Fuel-For-Life-Cologne-for-Men-3609.html
47043,Diesel,Diesel Fuel For Life Cologne for Women (Eau de Cologne),2008,https://www.fragrantica.com/perfume/Diesel/Diesel-Fuel-For-Life-Cologne-for-Women-3610.html
47044,Diesel,Diesel Fuel for Life Unlimited,2008,https://www.fragrantica.com/perfume/Diesel/Diesel-Fuel-for-Life-Unlimited-3789.html
47045,Diesel,Diesel Fuel For Life Unlimited Eau de Toilette,2009,https://www.fragrantica.com/perfume/Diesel/Diesel-Fuel-For-Life-Unlimited-Eau-de-Toilette-38344.html
47046,Diesel,Diesel Fuel For Life Unlimited Pour Femme,,https://huggingface.co/datasets/doevent/perfume
47047,Diesel,Diesel Green Feminine,2004,https://www.fragrantica.com/perfume/Diesel/Diesel-Green-Feminine-491.html
47048,Diesel,Diesel Green Feminine Special Edition,2003,https://www.fragrantica.com/perfume/Diesel/Diesel-Green-Feminine-Special-Edition-4855.html
47049,Diesel,Diesel Green Masculine (After Shave),,https://www.fragrantica.com/perfume/Diesel/Diesel-Green-Masculine-492.html
47050,Diesel,Diesel Green Masculine Diesel 2001 Eau de Toilette,2001,https://www.parfumo.com/Perfumes/Diesel/Diesel_Green_Masculine_Eau_de_Toilette
47051,Diesel,Diesel Green Masculine Special Edition,2003,https://www.fragrantica.com/perfume/Diesel/Diesel-Green-Masculine-Special-Edition-4856.html
47052,Diesel,Diesel Zero Plus Feminine,2000,https://www.fragrantica.com/perfume/Diesel/Diesel-Zero-Plus-Feminine-3017.html
47053,Diesel,Fuel for Life Denim Collection Femme,2011,https://www.fragrantica.com/perfume/Diesel/Fuel-for-Life-Denim-Collection-Femme-11575.html
47054,Diesel,Fuel for Life Denim Collection Homme,2011,https://www.fragrantica.com/perfume/Diesel/Fuel-for-Life-Denim-Collection-Homme-11576.html
47055,Diesel,Fuel For Life Femme,2007,https://www.fragrantica.com/perfume/Diesel/Fuel-For-Life-Femme-1606.html
47056,Diesel,Fuel for Life Femme Luxury Limited Edition,,https://www.parfumo.com/Perfumes/Diesel/fuel-for-life-femme-luxury-limited-edition
47057,Diesel,Fuel for Life Femme Summer Edition 2009,2009,https://www.parfumo.com/Perfumes/Diesel/Fuel_for_Life_Femme_Summer_Edition_2009
47058,Diesel,Fuel for Life Femme Summer Edition 2010,2010,https://www.parfumo.com/Perfumes/Diesel/Fuel_for_Life_Femme_Summer_Edition_2010
47059,Diesel,Fuel For Life He Summer,2009,https://www.fragrantica.com/perfume/Diesel/Fuel-For-Life-He-Summer-5969.html
47060,Diesel,Fuel for Life Homme (After Shave),2007,https://www.fragrantica.com/perfume/Diesel/Fuel-for-Life-Homme-1605.html
47061,Diesel,Fuel for Life Homme Diesel 2007 Eau de Toilette,2007,https://www.parfumo.com/Perfumes/Diesel/Fuel_for_Life_Homme_Eau_de_Toilette
47062,Diesel,Fuel for Life Homme Luxury Limited Edition,,https://www.parfumo.com/Perfumes/Diesel/fuel-for-life-homme-luxury-limited-edition
47063,Diesel,Fuel for Life Homme Summer Edition 2009,2009,https://www.parfumo.com/Perfumes/Diesel/Fuel_for_Life_Homme_Summer_Edition_2009
47064,Diesel,Fuel for Life Homme Summer Edition 2010,2010,https://www.parfumo.com/Perfumes/Diesel/Fuel_for_Life_Homme_Summer_Edition_2010
47065,Diesel,Fuel for Life l’Eau,2012,https://www.fragrantica.com/perfume/Diesel/Fuel-for-Life-l-Eau-15017.html
47066,Diesel,Fuel For Life She Summer,2009,https://www.fragrantica.com/perfume/Diesel/Fuel-For-Life-She-Summer-5968.html
47067,Diesel,Fuel For Life Spirit,2013,https://www.fragrantica.com/perfume/Diesel/Fuel-For-Life-Spirit-17821.html
47068,Diesel,Fuel for Life Summer,2010,https://www.fragrantica.com/perfume/Diesel/Fuel-for-Life-Summer-8471.html
47069,Diesel,Loverdose Eau De Parfum,,https://huggingface.co/datasets/doevent/perfume
47070,Diesel,Loverdose (Eau de Toilette),2011,https://www.fragrantica.com/perfume/Diesel/Loverdose-12446.html
47071,Diesel,Loverdose L'Eau de Toilette,2012,https://www.fragrantica.com/perfume/Diesel/Loverdose-L-Eau-de-Toilette-15055.html
47072,Diesel,Loverdose Red Kiss,2015,https://www.fragrantica.com/perfume/Diesel/Loverdose-Red-Kiss-29771.html
47073,Diesel,Loverdose Tattoo,2013,https://www.fragrantica.com/perfume/Diesel/Loverdose-Tattoo-18714.html
47074,Diesel,Loverdose Tattoo Eau de Toilette,2014,https://www.fragrantica.com/perfume/Diesel/Loverdose-Tattoo-Eau-de-Toilette-24899.html
47075,Diesel,Only Desire,2026,https://www.fragrantica.com/perfume/Diesel/Only-Desire-134082.html
47076,Diesel,Only The Brave by Bunka,2009,https://www.fragrantica.com/perfume/Diesel/Only-The-Brave-by-Bunka-7200.html
47077,Diesel,Only The Brave Captain America,2011,https://www.fragrantica.com/perfume/Diesel/Only-The-Brave-Captain-America-12363.html
47078,Diesel,Only The Brave Diesel 2009 Lotion Après-Rasage,2009,https://www.parfumo.com/Perfumes/Diesel/Only_The_Brave_Lotion_Apres_Rasage
47079,Diesel,Only The Brave Eau de Parfum,2025,https://www.fragrantica.com/perfume/Diesel/Only-The-Brave-Eau-de-Parfum-102006.html
47080,Diesel,Only The Brave (Eau de Toilette),2009,https://www.fragrantica.com/perfume/Diesel/Only-The-Brave-5532.html
47081,Diesel,Only The Brave Extreme,2016,https://www.fragrantica.com/perfume/Diesel/Only-The-Brave-Extreme-36305.html
47082,Diesel,Only The Brave High,2017,https://www.fragrantica.com/perfume/Diesel/Only-The-Brave-High-43412.html
47083,Diesel,Only The Brave Iron Man,2010,https://www.fragrantica.com/perfume/Diesel/Only-The-Brave-Iron-Man-8515.html
47084,Diesel,Only The Brave Music Animation,2010,https://www.fragrantica.com/perfume/Diesel/Only-The-Brave-Music-Animation-8077.html
47085,Diesel,Only The Brave Silver,2018,https://www.fragrantica.com/perfume/Diesel/Only-The-Brave-Silver-48462.html
47086,Diesel,Only The Brave Street,2018,https://www.fragrantica.com/perfume/Diesel/Only-The-Brave-Street-50761.html
47087,Diesel,Only The Brave Tattoo,2012,https://www.fragrantica.com/perfume/Diesel/Only-The-Brave-Tattoo-14383.html
47088,Diesel,Only The Brave Wild,2014,https://www.fragrantica.com/perfume/Diesel/Only-The-Brave-Wild-26131.html
47089,Diesel,Plus Plus Feminine,1997,https://www.fragrantica.com/perfume/Diesel/Plus-Plus-Feminine-3670.html
47090,Diesel,Plus Plus Masculine Diesel 1997 After Shave,1997,https://www.parfumo.com/Perfumes/Diesel/Plus_Plus_Masculine_After_Shave
47091,Diesel,Plus Plus Masculine (Eau de Toilette),1997,https://www.fragrantica.com/perfume/Diesel/Plus-Plus-Masculine-494.html
47092,Diesel,Sound Of The Brave,2021,https://www.fragrantica.com/perfume/Diesel/Sound-Of-The-Brave-68101.html
47093,Diesel,Spirit Of The Brave,2019,https://www.fragrantica.com/perfume/Diesel/Spirit-Of-The-Brave-55037.html
47094,Diesel,Spirit Of The Brave Intense,2020,https://www.fragrantica.com/perfume/Diesel/Spirit-Of-The-Brave-Intense-61143.html
47095,Diesel,Zero Plus Masculine (After Shave),2003,https://www.fragrantica.com/perfume/Diesel/Zero-Plus-Masculine-493.html
47096,Diesel,Zero Plus Masculine Diesel 1999 Eau de Toilette,1999,https://www.parfumo.com/Perfumes/Diesel/Zero_Plus_Masculine_Eau_de_Toilette
47097,Dieter Bohlen,Provocation for Men,2005,https://www.fragrantica.com/perfume/Dieter-Bohlen/Provocation-for-Men-12932.html
47098,Dieter Bohlen,Provocation for Women,2005,https://www.fragrantica.com/perfume/Dieter-Bohlen/Provocation-for-Women-12931.html
47099,Different Ego,Angelina,2025,https://www.fragrantica.com/perfume/Different-Ego/Angelina-103231.html
47100,Different Ego,La Diva,2025,https://www.fragrantica.com/perfume/Different-Ego/La-Diva-103230.html
47101,Different Ego,Love Me,2025,https://www.fragrantica.com/perfume/Different-Ego/Love-Me-103226.html
47102,Different Ego,Mad About the Boy,2025,https://www.fragrantica.com/perfume/Different-Ego/Mad-About-the-Boy-103229.html
47103,Different Ego,Miss Daddy's Babe,2025,https://www.fragrantica.com/perfume/Different-Ego/Miss-Daddy-s-Babe-103228.html
47104,Different Ego,Preppy Girl,2025,https://www.fragrantica.com/perfume/Different-Ego/Preppy-Girl-103232.html
47105,Diffractive Studio,Black Cat,2026,https://www.fragrantica.com/perfume/Diffractive-Studio/Black-Cat-129462.html
47106,Diffractive Studio,Critical Thinking,,https://www.fragrantica.com/perfume/Diffractive-Studio/Critical-Thinking-127274.html
47107,Diffractive Studio,Pop Culture,2025,https://www.fragrantica.com/perfume/Diffractive-Studio/Pop-Culture-110437.html
47108,Dilís Parfum,#1 Amber Rouge,2023,https://www.fragrantica.com/perfume/Dilis-Parfum/1-Amber-Rouge-82867.html
47109,Dilís Parfum,#1 Black Smoke,2025,https://www.fragrantica.com/perfume/Dilis-Parfum/1-Black-Smoke-116853.html
47110,Dilís Parfum,#1 yuzu/peach,2024,https://www.fragrantica.com/perfume/Dilis-Parfum/1-yuzu-peach-97942.html
47111,Dilís Parfum,#10 Tomato/Leaf,2026,https://www.fragrantica.com/perfume/Dilis-Parfum/10-Tomato-Leaf-140555.html
47112,Dilís Parfum,#2 citrus/basil,2024,https://www.fragrantica.com/perfume/Dilis-Parfum/2-citrus-basil-97943.html
47113,Dilís Parfum,#2 Cold Galaxy,2025,https://www.fragrantica.com/perfume/Dilis-Parfum/2-Cold-Galaxy-116854.html
47114,Dilís Parfum,#2 Wild Water,2023,https://www.fragrantica.com/perfume/Dilis-Parfum/2-Wild-Water-82868.html
47115,Dilís Parfum,#3 cedar/fig,2024,https://www.fragrantica.com/perfume/Dilis-Parfum/3-cedar-fig-97944.html
47116,Dilís Parfum,#3 Dry Leather,2025,https://www.fragrantica.com/perfume/Dilis-Parfum/3-Dry-Leather-116855.html
47117,Dilís Parfum,#3 Pink Pepper,2023,https://www.fragrantica.com/perfume/Dilis-Parfum/3-Pink-Pepper-82869.html
47118,Dilís Parfum,#4 Azure Stone,2025,https://www.fragrantica.com/perfume/Dilis-Parfum/4-Azure-Stone-116856.html
47119,Dilís Parfum,#4 Be Bad,2023,https://www.fragrantica.com/perfume/Dilis-Parfum/4-Be-Bad-82870.html
47120,Dilís Parfum,#4 gin/tonic,2024,https://www.fragrantica.com/perfume/Dilis-Parfum/4-gin-tonic-97945.html
47121,Dilís Parfum,#5 Flower Overdose,2023,https://www.fragrantica.com/perfume/Dilis-Parfum/5-Flower-Overdose-82871.html
47122,Dilís Parfum,#5 Silent Moon,2026,https://www.fragrantica.com/perfume/Dilis-Parfum/5-Silent-Moon-140550.html
47123,Dilís Parfum,#5 vetiver/vanilla,2024,https://www.fragrantica.com/perfume/Dilis-Parfum/5-vetiver-vanilla-97946.html
47124,Dilís Parfum,#6 bergamot/mint,2025,https://www.fragrantica.com/perfume/Dilis-Parfum/6-bergamot-mint-116544.html
47125,Dilís Parfum,#6 Salty Wood,2024,https://www.fragrantica.com/perfume/Dilis-Parfum/6-Salty-Wood-116545.html
47126,Dilís Parfum,#7 Musc Nectar,2025,https://www.fragrantica.com/perfume/Dilis-Parfum/7-Musc-Nectar-116546.html
47127,Dilís Parfum,#7 wood/honey,2025,https://www.fragrantica.com/perfume/Dilis-Parfum/7-wood-honey-121180.html
47128,Dilís Parfum,#8 Pineapple/Orange,2026,https://www.fragrantica.com/perfume/Dilis-Parfum/8-Pineapple-Orange-140552.html
47129,Dilís Parfum,#8 Pure Touch,2025,https://www.fragrantica.com/perfume/Dilis-Parfum/8-Pure-Touch-116547.html
47130,Dilís Parfum,#9 Mandarin/Rhubarb,2026,https://www.fragrantica.com/perfume/Dilis-Parfum/9-Mandarin-Rhubarb-140554.html
47131,Dilís Parfum,#9 Rose Desire,2026,https://www.fragrantica.com/perfume/Dilis-Parfum/9-Rose-Desire-140549.html
47132,Dilís Parfum,Acumen Ambre,2019,https://www.fragrantica.com/perfume/Dilis-Parfum/Acumen-Ambre-60194.html
47133,Dilís Parfum,Acumen Indigo,2019,https://www.fragrantica.com/perfume/Dilis-Parfum/Acumen-Indigo-60195.html
47134,Dilís Parfum,Acumen Noir,2019,https://www.fragrantica.com/perfume/Dilis-Parfum/Acumen-Noir-60196.html
47135,Dilís Parfum,Acumen Saphir,2020,https://www.fragrantica.com/perfume/Dilis-Parfum/Acumen-Saphir-67199.html
47136,Dilís Parfum,Acumen Vert,2019,https://www.fragrantica.com/perfume/Dilis-Parfum/Acumen-Vert-60193.html
47137,Dilís Parfum,Air White,2015,https://www.fragrantica.com/perfume/Dilis-Parfum/Air-White-30845.html
47138,Dilís Parfum,Alpha & Omega,2009,https://www.fragrantica.com/perfume/Dilis-Parfum/Alpha-Omega-30883.html
47139,Dilís Parfum,Amber Legacy,2025,https://www.fragrantica.com/perfume/Dilis-Parfum/Amber-Legacy-116861.html
47140,Dilís Parfum,Aqua Blue,2010,https://www.fragrantica.com/perfume/Dilis-Parfum/Aqua-Blue-31028.html
47141,Dilís Parfum,Aqua Cool,2010,https://www.fragrantica.com/perfume/Dilis-Parfum/Aqua-Cool-31029.html
47142,Dilís Parfum,Atlantica Femme Alpha & Omega,2011,https://www.fragrantica.com/perfume/Dilis-Parfum/Atlantica-Femme-Alpha-Omega-30881.html
47143,Dilís Parfum,Atlantica Femme Behind The Destiny,2011,https://www.fragrantica.com/perfume/Dilis-Parfum/Atlantica-Femme-Behind-The-Destiny-30880.html
47144,Dilís Parfum,Atlantica Femme Belle,2015,https://www.fragrantica.com/perfume/Dilis-Parfum/Atlantica-Femme-Belle-33168.html
47145,Dilís Parfum,Atlantica Femme Taboo,2011,https://www.fragrantica.com/perfume/Dilis-Parfum/Atlantica-Femme-Taboo-30882.html
47146,Dilís Parfum,Atlantica Femme Violet,2015,https://www.fragrantica.com/perfume/Dilis-Parfum/Atlantica-Femme-Violet-33167.html
47147,Dilís Parfum,Atlantica Mercury,2015,https://www.fragrantica.com/perfume/Dilis-Parfum/Atlantica-Mercury-32358.html
47148,Dilís Parfum,Atlantica Odyssey,2013,https://www.fragrantica.com/perfume/Dilis-Parfum/Atlantica-Odyssey-30884.html
47149,Dilís Parfum,Atlantica Silver Moon,2019,https://www.fragrantica.com/perfume/Dilis-Parfum/Atlantica-Silver-Moon-53488.html
47150,Dilís Parfum,Behind The Destiny,2009,https://www.fragrantica.com/perfume/Dilis-Parfum/Behind-The-Destiny-30885.html
47151,Dilís Parfum,Belle,2021,https://www.fragrantica.com/perfume/Dilis-Parfum/Belle-73322.html
47152,Dilís Parfum,Bely Lotos,2009,https://www.fragrantica.com/perfume/Dilis-Parfum/Bely-Lotos-30974.html
47153,Dilís Parfum,Blackman Original,2014,https://www.fragrantica.com/perfume/Dilis-Parfum/Blackman-Original-30976.html
47154,Dilís Parfum,Blooming,2025,https://www.fragrantica.com/perfume/Dilis-Parfum/Blooming-116859.html
47155,Dilís Parfum,Blooming Rose,2021,https://www.fragrantica.com/perfume/Dilis-Parfum/Blooming-Rose-73343.html
47156,Dilís Parfum,Blue Ray,2014,https://www.fragrantica.com/perfume/Dilis-Parfum/Blue-Ray-31022.html
47157,Dilís Parfum,Breeze,2021,https://www.fragrantica.com/perfume/Dilis-Parfum/Breeze-73327.html
47158,Dilís Parfum,Bright Evening,2023,https://www.fragrantica.com/perfume/Dilis-Parfum/Bright-Evening-116551.html
47159,Dilís Parfum,California,2023,https://www.fragrantica.com/perfume/Dilis-Parfum/California-92466.html
47160,Dilís Parfum,Candy Passion,2023,https://www.fragrantica.com/perfume/Dilis-Parfum/Candy-Passion-82872.html
47161,Dilís Parfum,Charming,2025,https://www.fragrantica.com/perfume/Dilis-Parfum/Charming-116858.html
47162,Dilís Parfum,Cherry Blossom,2023,https://www.fragrantica.com/perfume/Dilis-Parfum/Cherry-Blossom-82873.html
47163,Dilís Parfum,Cherry Lips,2021,https://www.fragrantica.com/perfume/Dilis-Parfum/Cherry-Lips-73398.html
47164,Dilís Parfum,Christian Dubois Absolute,2019,https://www.fragrantica.com/perfume/Dilis-Parfum/Christian-Dubois-Absolute-60197.html
47165,Dilís Parfum,Christian Dubois Dynamic,2019,https://www.fragrantica.com/perfume/Dilis-Parfum/Christian-Dubois-Dynamic-53494.html
47166,Dilís Parfum,Christian Dubois Energy,2019,https://www.fragrantica.com/perfume/Dilis-Parfum/Christian-Dubois-Energy-60198.html
47167,Dilís Parfum,Christian Dubois Gallant,2019,https://www.fragrantica.com/perfume/Dilis-Parfum/Christian-Dubois-Gallant-53498.html
47168,Dilís Parfum,Christian Dubois Inspired,2019,https://www.fragrantica.com/perfume/Dilis-Parfum/Christian-Dubois-Inspired-60199.html
47169,Dilís Parfum,Christian Dubois Intense,2019,https://www.fragrantica.com/perfume/Dilis-Parfum/Christian-Dubois-Intense-53491.html
47170,Dilís Parfum,Christian Dubois Original,2019,https://www.fragrantica.com/perfume/Dilis-Parfum/Christian-Dubois-Original-53490.html
47171,Dilís Parfum,Cold Fougère,2023,https://www.fragrantica.com/perfume/Dilis-Parfum/Cold-Fougere-82875.html
47172,Dilís Parfum,Combat,2001,https://www.fragrantica.com/perfume/Dilis-Parfum/Combat-35642.html
47173,Dilís Parfum,Crystal,2023,https://www.fragrantica.com/perfume/Dilis-Parfum/Crystal-82880.html
47174,Dilís Parfum,Dark Night,2023,https://www.fragrantica.com/perfume/Dilis-Parfum/Dark-Night-116556.html
47175,Dilís Parfum,Désert Rain,2023,https://www.fragrantica.com/perfume/Dilis-Parfum/Desert-Rain-82876.html
47176,Dilís Parfum,Dilis Classic Collection No. 1,1998,https://www.fragrantica.com/perfume/Dilis-Parfum/Dilis-Classic-Collection-No-1-30852.html
47177,Dilís Parfum,Dilis Classic Collection No. 10,1999,https://www.fragrantica.com/perfume/Dilis-Parfum/Dilis-Classic-Collection-No-10-30860.html
47178,Dilís Parfum,Dilis Classic Collection No. 11,1998,https://www.fragrantica.com/perfume/Dilis-Parfum/Dilis-Classic-Collection-No-11-30861.html
47179,Dilís Parfum,Dilis Classic Collection No. 12,1998,https://www.fragrantica.com/perfume/Dilis-Parfum/Dilis-Classic-Collection-No-12-30862.html
47180,Dilís Parfum,Dilis Classic Collection No. 13,2010,https://www.fragrantica.com/perfume/Dilis-Parfum/Dilis-Classic-Collection-No-13-30863.html
47181,Dilís Parfum,Dilis Classic Collection No. 15,2001,https://www.fragrantica.com/perfume/Dilis-Parfum/Dilis-Classic-Collection-No-15-30866.html
47182,Dilís Parfum,Dilis Classic Collection No. 16,2010,https://www.fragrantica.com/perfume/Dilis-Parfum/Dilis-Classic-Collection-No-16-30867.html
47183,Dilís Parfum,Dilis Classic Collection No. 17,2008,https://www.fragrantica.com/perfume/Dilis-Parfum/Dilis-Classic-Collection-No-17-30868.html
47184,Dilís Parfum,Dilis Classic Collection No. 18,2001,https://www.fragrantica.com/perfume/Dilis-Parfum/Dilis-Classic-Collection-No-18-30870.html
47185,Dilís Parfum,Dilis Classic Collection No. 19,2008,https://www.fragrantica.com/perfume/Dilis-Parfum/Dilis-Classic-Collection-No-19-30871.html
47186,Dilís Parfum,Dilis Classic Collection No. 2,1998,https://www.fragrantica.com/perfume/Dilis-Parfum/Dilis-Classic-Collection-No-2-30853.html
47187,Dilís Parfum,Dilis Classic Collection No. 20,2001,https://www.fragrantica.com/perfume/Dilis-Parfum/Dilis-Classic-Collection-No-20-30872.html
47188,Dilís Parfum,Dilis Classic Collection No. 21,2002,https://www.fragrantica.com/perfume/Dilis-Parfum/Dilis-Classic-Collection-No-21-30873.html
47189,Dilís Parfum,Dilis Classic Collection No. 22,2002,https://www.fragrantica.com/perfume/Dilis-Parfum/Dilis-Classic-Collection-No-22-30874.html
47190,Dilís Parfum,Dilis Classic Collection No. 23,2002,https://www.fragrantica.com/perfume/Dilis-Parfum/Dilis-Classic-Collection-No-23-36112.html
47191,Dilís Parfum,Dilis Classic Collection No. 24,2002,https://www.fragrantica.com/perfume/Dilis-Parfum/Dilis-Classic-Collection-No-24-30875.html
47192,Dilís Parfum,Dilis Classic Collection No. 26,2002,https://www.fragrantica.com/perfume/Dilis-Parfum/Dilis-Classic-Collection-No-26-30876.html
47193,Dilís Parfum,Dilis Classic Collection No. 27,2014,https://www.fragrantica.com/perfume/Dilis-Parfum/Dilis-Classic-Collection-No-27-30848.html
47194,Dilís Parfum,Dilis Classic Collection No. 28,2014,https://www.fragrantica.com/perfume/Dilis-Parfum/Dilis-Classic-Collection-No-28-30849.html
47195,Dilís Parfum,Dilis Classic Collection No. 29,2014,https://www.fragrantica.com/perfume/Dilis-Parfum/Dilis-Classic-Collection-No-29-30850.html
47196,Dilís Parfum,Dilis Classic Collection No. 3,1999,https://www.fragrantica.com/perfume/Dilis-Parfum/Dilis-Classic-Collection-No-3-30855.html
47197,Dilís Parfum,Dilis Classic Collection No. 30,2014,https://www.fragrantica.com/perfume/Dilis-Parfum/Dilis-Classic-Collection-No-30-30851.html
47198,Dilís Parfum,Dilis Classic Collection No. 31,2015,https://www.fragrantica.com/perfume/Dilis-Parfum/Dilis-Classic-Collection-No-31-32359.html
47199,Dilís Parfum,Dilis Classic Collection No. 32,2015,https://www.fragrantica.com/perfume/Dilis-Parfum/Dilis-Classic-Collection-No-32-32360.html
47200,Dilís Parfum,Dilis Classic Collection No. 33,2015,https://www.fragrantica.com/perfume/Dilis-Parfum/Dilis-Classic-Collection-No-33-32361.html
47201,Dilís Parfum,Dilis Classic Collection No. 34,2015,https://www.fragrantica.com/perfume/Dilis-Parfum/Dilis-Classic-Collection-No-34-32362.html
47202,Dilís Parfum,Dilis Classic Collection No. 35,2016,https://www.fragrantica.com/perfume/Dilis-Parfum/Dilis-Classic-Collection-No-35-41802.html
47203,Dilís Parfum,Dilis Classic Collection No. 36,2016,https://www.fragrantica.com/perfume/Dilis-Parfum/Dilis-Classic-Collection-No-36-41803.html
47204,Dilís Parfum,Dilis Classic Collection No. 37,2017,https://www.fragrantica.com/perfume/Dilis-Parfum/Dilis-Classic-Collection-No-37-47160.html
47205,Dilís Parfum,Dilis Classic Collection No. 38,2017,https://www.fragrantica.com/perfume/Dilis-Parfum/Dilis-Classic-Collection-No-38-47161.html
47206,Dilís Parfum,Dilis Classic Collection No. 39,2019,https://www.fragrantica.com/perfume/Dilis-Parfum/Dilis-Classic-Collection-No-39-53489.html
47207,Dilís Parfum,Dilis Classic Collection No. 4,2012,https://www.fragrantica.com/perfume/Dilis-Parfum/Dilis-Classic-Collection-No-4-30856.html
47208,Dilís Parfum,Dilis Classic Collection No. 40,2019,https://www.fragrantica.com/perfume/Dilis-Parfum/Dilis-Classic-Collection-No-40-60232.html
47209,Dilís Parfum,Dilis Classic Collection No. 41,2019,https://www.fragrantica.com/perfume/Dilis-Parfum/Dilis-Classic-Collection-No-41-60233.html
47210,Dilís Parfum,Dilis Classic Collection No. 42,2020,https://www.fragrantica.com/perfume/Dilis-Parfum/Dilis-Classic-Collection-No-42-67153.html
47211,Dilís Parfum,Dilis Classic Collection No. 43,2021,https://www.fragrantica.com/perfume/Dilis-Parfum/Dilis-Classic-Collection-No-43-73319.html
47212,Dilís Parfum,Dilis Classic Collection № 46,2023,https://www.fragrantica.com/perfume/Dilis-Parfum/Dilis-Classic-Collection-46-115195.html
47213,Dilís Parfum,Dilis Classic Collection № 47,2024,https://www.fragrantica.com/perfume/Dilis-Parfum/Dilis-Classic-Collection-47-115196.html
47214,Dilís Parfum,Dilis Classic Collection № 48,2025,https://www.fragrantica.com/perfume/Dilis-Parfum/Dilis-Classic-Collection-48-115197.html
47215,Dilís Parfum,Dilis Classic Collection No. 49,2026,https://www.fragrantica.com/perfume/Dilis-Parfum/Dilis-Classic-Collection-No-49-140551.html
47216,Dilís Parfum,Dilis Classic Collection No. 5,1998,https://www.fragrantica.com/perfume/Dilis-Parfum/Dilis-Classic-Collection-No-5-30857.html
47217,Dilís Parfum,Dilis Classic Collection No. 6,,https://www.fragrantica.com/perfume/Dilis-Parfum/Dilis-Classic-Collection-No-6-39107.html
47218,Dilís Parfum,Dilis Classic Collection No. 8,1998,https://www.fragrantica.com/perfume/Dilis-Parfum/Dilis-Classic-Collection-No-8-30858.html
47219,Dilís Parfum,Dilis Classic Collection No. 9,1999,https://www.fragrantica.com/perfume/Dilis-Parfum/Dilis-Classic-Collection-No-9-30859.html
47220,Dilís Parfum,Dilis Classic Collection Nº44,2023,https://www.fragrantica.com/perfume/Dilis-Parfum/Dilis-Classic-Collection-No44-82878.html
47221,Dilís Parfum,Dilis Classic Collection Nº45,2023,https://www.fragrantica.com/perfume/Dilis-Parfum/Dilis-Classic-Collection-No45-82879.html
47222,Dilís Parfum,Diplomat,2002,https://www.fragrantica.com/perfume/Dilis-Parfum/Diplomat-35643.html
47223,Dilís Parfum,Dushistaya Akaciya,2009,https://www.fragrantica.com/perfume/Dilis-Parfum/Dushistaya-Akaciya-30969.html
47224,Dilís Parfum,Eclatic Mood,2021,https://www.fragrantica.com/perfume/Dilis-Parfum/Eclatic-Mood-73394.html
47225,Dilís Parfum,Emmi,2020,https://www.fragrantica.com/perfume/Dilis-Parfum/Emmi-67154.html
47226,Dilís Parfum,Esthet,2023,https://www.fragrantica.com/perfume/Dilis-Parfum/Esthet-116540.html
47227,Dilís Parfum,Eva,2020,https://www.fragrantica.com/perfume/Dilis-Parfum/Eva-67155.html
47228,Dilís Parfum,Exotic Seduction,2023,https://www.fragrantica.com/perfume/Dilis-Parfum/Exotic-Seduction-123502.html
47229,Dilís Parfum,FENOMENE Adept,2023,https://www.fragrantica.com/perfume/Dilis-Parfum/FENOMENE-Adept-116541.html
47230,Dilís Parfum,Fenomene Glow,2025,https://www.fragrantica.com/perfume/Dilis-Parfum/Fenomene-Glow-115186.html
47231,Dilís Parfum,Fenomene Inspo,2023,https://www.fragrantica.com/perfume/Dilis-Parfum/Fenomene-Inspo-115181.html
47232,Dilís Parfum,Fènomène Muse,2023,https://www.fragrantica.com/perfume/Dilis-Parfum/Fenomene-Muse-115185.html
47233,Dilís Parfum,Flambee,,https://www.fragrantica.com/perfume/Dilis-Parfum/Flambee-33296.html
47234,Dilís Parfum,Floral Passion,2021,https://www.fragrantica.com/perfume/Dilis-Parfum/Floral-Passion-73339.html
47235,Dilís Parfum,Fluelle Beauty,2020,https://www.fragrantica.com/perfume/Dilis-Parfum/Fluelle-Beauty-67194.html
47236,Dilís Parfum,Fluelle Fantasy,2020,https://www.fragrantica.com/perfume/Dilis-Parfum/Fluelle-Fantasy-67197.html
47237,Dilís Parfum,Fluelle Mystery,2020,https://www.fragrantica.com/perfume/Dilis-Parfum/Fluelle-Mystery-67198.html
47238,Dilís Parfum,For Her,2021,https://www.fragrantica.com/perfume/Dilis-Parfum/For-Her-73324.html
47239,Dilís Parfum,For Him,2021,https://www.fragrantica.com/perfume/Dilis-Parfum/For-Him-73323.html
47240,Dilís Parfum,Frozen Bliss,2026,https://www.fragrantica.com/perfume/Dilis-Parfum/Frozen-Bliss-140556.html
47241,Dilís Parfum,Frozen Morning,2023,https://www.fragrantica.com/perfume/Dilis-Parfum/Frozen-Morning-116553.html
47242,Dilís Parfum,Gentle Touch,2016,https://www.fragrantica.com/perfume/Dilis-Parfum/Gentle-Touch-35327.html
47243,Dilís Parfum,Ginger Élixir,2023,https://www.fragrantica.com/perfume/Dilis-Parfum/Ginger-Elixir-82877.html
47244,Dilís Parfum,Glacé,2024,https://www.fragrantica.com/perfume/Dilis-Parfum/Glace-116851.html
47245,Dilís Parfum,Glam Cocktail,2023,https://www.fragrantica.com/perfume/Dilis-Parfum/Glam-Cocktail-123503.html
47246,Dilís Parfum,Glitter Night,2023,https://www.fragrantica.com/perfume/Dilis-Parfum/Glitter-Night-92342.html
47247,Dilís Parfum,Great Oak,2025,https://www.fragrantica.com/perfume/Dilis-Parfum/Great-Oak-116862.html
47248,Dilís Parfum,Hawaii,2023,https://www.fragrantica.com/perfume/Dilis-Parfum/Hawaii-92465.html
47249,Dilís Parfum,Imperatric Lady,2021,https://www.fragrantica.com/perfume/Dilis-Parfum/Imperatric-Lady-73392.html
47250,Dilís Parfum,Impérieux,2024,https://www.fragrantica.com/perfume/Dilis-Parfum/Imperieux-116849.html
47251,Dilís Parfum,In Red,2021,https://www.fragrantica.com/perfume/Dilis-Parfum/In-Red-73393.html
47252,Dilís Parfum,Indonesia,2023,https://www.fragrantica.com/perfume/Dilis-Parfum/Indonesia-92468.html
47253,Dilís Parfum,Intimission Amo,2017,https://www.fragrantica.com/perfume/Dilis-Parfum/Intimission-Amo-47542.html
47254,Dilís Parfum,Intimission Due,2016,https://www.fragrantica.com/perfume/Dilis-Parfum/Intimission-Due-39230.html
47255,Dilís Parfum,Intimission Lei,2017,https://www.fragrantica.com/perfume/Dilis-Parfum/Intimission-Lei-47540.html
47256,Dilís Parfum,Intimission Mia,2017,https://www.fragrantica.com/perfume/Dilis-Parfum/Intimission-Mia-47543.html
47257,Dilís Parfum,Intimission Tre,2016,https://www.fragrantica.com/perfume/Dilis-Parfum/Intimission-Tre-39231.html
47258,Dilís Parfum,Intimission Uno,2016,https://www.fragrantica.com/perfume/Dilis-Parfum/Intimission-Uno-39227.html
47259,Dilís Parfum,Jeune et Jolie,2015,https://www.fragrantica.com/perfume/Dilis-Parfum/Jeune-et-Jolie-30843.html
47260,Dilís Parfum,KAORIaka,2013,https://www.fragrantica.com/perfume/Dilis-Parfum/KAORIaka-30877.html
47261,Dilís Parfum,KAORIkuro,2013,https://www.fragrantica.com/perfume/Dilis-Parfum/KAORIkuro-30879.html
47262,Dilís Parfum,KAORIshiro,2013,https://www.fragrantica.com/perfume/Dilis-Parfum/KAORIshiro-30878.html
47263,Dilís Parfum,Krasny Mak,2006,https://www.fragrantica.com/perfume/Dilis-Parfum/Krasny-Mak-30959.html
47264,Dilís Parfum,Landysh,1999,https://www.fragrantica.com/perfume/Dilis-Parfum/Landysh-30972.html
47265,Dilís Parfum,Libre,2021,https://www.fragrantica.com/perfume/Dilis-Parfum/Libre-73321.html
47266,Dilís Parfum,Lili,2020,https://www.fragrantica.com/perfume/Dilis-Parfum/Lili-67156.html
47267,Dilís Parfum,Look At Me,2016,https://www.fragrantica.com/perfume/Dilis-Parfum/Look-At-Me-35314.html
47268,Dilís Parfum,Love In The Air,2016,https://www.fragrantica.com/perfume/Dilis-Parfum/Love-In-The-Air-35315.html
47269,Dilís Parfum,Luminous,2025,https://www.fragrantica.com/perfume/Dilis-Parfum/Luminous-116857.html
47270,Dilís Parfum,Magnolia,1999,https://www.fragrantica.com/perfume/Dilis-Parfum/Magnolia-30958.html
47271,Dilís Parfum,Majskaya Siren',2002,https://www.fragrantica.com/perfume/Dilis-Parfum/Majskaya-Siren-30965.html
47272,Dilís Parfum,Mary Ann Blossom,2019,https://www.fragrantica.com/perfume/Dilis-Parfum/Mary-Ann-Blossom-60200.html
47273,Dilís Parfum,Mary Ann Flora,2019,https://www.fragrantica.com/perfume/Dilis-Parfum/Mary-Ann-Flora-60202.html
47274,Dilís Parfum,Mary Ann Powder,2019,https://www.fragrantica.com/perfume/Dilis-Parfum/Mary-Ann-Powder-60201.html
47275,Dilís Parfum,Mary Ann Sorbet,2019,https://www.fragrantica.com/perfume/Dilis-Parfum/Mary-Ann-Sorbet-60203.html
47276,Dilís Parfum,Midnight Fever,2016,https://www.fragrantica.com/perfume/Dilis-Parfum/Midnight-Fever-35328.html
47277,Dilís Parfum,Mimoza,2006,https://www.fragrantica.com/perfume/Dilis-Parfum/Mimoza-30967.html
47278,Dilís Parfum,Mojito Vibe,2026,https://www.fragrantica.com/perfume/Dilis-Parfum/Mojito-Vibe-140557.html
47279,Dilís Parfum,Moonlight,2023,https://www.fragrantica.com/perfume/Dilis-Parfum/Moonlight-82881.html
47280,Dilís Parfum,Mystic Stone,2025,https://www.fragrantica.com/perfume/Dilis-Parfum/Mystic-Stone-116860.html
47281,Dilís Parfum,Nezhny Pion,2002,https://www.fragrantica.com/perfume/Dilis-Parfum/Nezhny-Pion-30964.html
47282,Dilís Parfum,Nochnaya Fialka,2006,https://www.fragrantica.com/perfume/Dilis-Parfum/Nochnaya-Fialka-30966.html
47283,Dilís Parfum,Nuelle Innocent,2012,https://www.fragrantica.com/perfume/Dilis-Parfum/Nuelle-Innocent-30888.html
47284,Dilís Parfum,Nuelle Naive,2016,https://www.fragrantica.com/perfume/Dilis-Parfum/Nuelle-Naive-39225.html
47285,Dilís Parfum,Nuelle Romantique,2012,https://www.fragrantica.com/perfume/Dilis-Parfum/Nuelle-Romantique-30889.html
47286,Dilís Parfum,Nuelle Tendre,2012,https://www.fragrantica.com/perfume/Dilis-Parfum/Nuelle-Tendre-30887.html
47287,Dilís Parfum,Queen's,2015,https://www.fragrantica.com/perfume/Dilis-Parfum/Queen-s-30844.html
47288,Dilís Parfum,Rainy Day,2023,https://www.fragrantica.com/perfume/Dilis-Parfum/Rainy-Day-116557.html
47289,Dilís Parfum,Revisee,2025,https://www.fragrantica.com/perfume/Dilis-Parfum/Revisee-116852.html
47290,Dilís Parfum,Revisee éclat,2026,https://www.fragrantica.com/perfume/Dilis-Parfum/Revisee-eclat-140548.html
47291,Dilís Parfum,Right Man,2014,https://www.fragrantica.com/perfume/Dilis-Parfum/Right-Man-31021.html
47292,Dilís Parfum,Rose et Noir,2015,https://www.fragrantica.com/perfume/Dilis-Parfum/Rose-et-Noir-30846.html
47293,Dilís Parfum,Royal Peony,2021,https://www.fragrantica.com/perfume/Dilis-Parfum/Royal-Peony-73375.html
47294,Dilís Parfum,Salty Breeze,2021,https://www.fragrantica.com/perfume/Dilis-Parfum/Salty-Breeze-73342.html
47295,Dilís Parfum,Scandinavia,2023,https://www.fragrantica.com/perfume/Dilis-Parfum/Scandinavia-92467.html
47296,Dilís Parfum,Scento Classic,2023,https://www.fragrantica.com/perfume/Dilis-Parfum/Scento-Classic-105902.html
47297,Dilís Parfum,Séduisant,2024,https://www.fragrantica.com/perfume/Dilis-Parfum/Seduisant-116850.html
47298,Dilís Parfum,Senti #Bloom,2019,https://www.fragrantica.com/perfume/Dilis-Parfum/Senti-Bloom-53128.html
47299,Dilís Parfum,Senti #Free,2019,https://www.fragrantica.com/perfume/Dilis-Parfum/Senti-Free-53129.html
47300,Dilís Parfum,Senti #Sensual,2019,https://www.fragrantica.com/perfume/Dilis-Parfum/Senti-Sensual-53154.html
47301,Dilís Parfum,Senti #Soar,2019,https://www.fragrantica.com/perfume/Dilis-Parfum/Senti-Soar-53155.html
47302,Dilís Parfum,Sexy Twenty,,https://www.fragrantica.com/perfume/Dilis-Parfum/Sexy-Twenty-37978.html
47303,Dilís Parfum,SOI,2021,https://www.fragrantica.com/perfume/Dilis-Parfum/SOI-73320.html
47304,Dilís Parfum,Sparkling Mood,2023,https://www.fragrantica.com/perfume/Dilis-Parfum/Sparkling-Mood-92341.html
47305,Dilís Parfum,Stargate,2014,https://www.fragrantica.com/perfume/Dilis-Parfum/Stargate-31024.html
47306,Dilís Parfum,Stark Bravery,2020,https://www.fragrantica.com/perfume/Dilis-Parfum/Stark-Bravery-67244.html
47307,Dilís Parfum,Stark Power,2020,https://www.fragrantica.com/perfume/Dilis-Parfum/Stark-Power-67243.html
47308,Dilís Parfum,Stark Will,2020,https://www.fragrantica.com/perfume/Dilis-Parfum/Stark-Will-67234.html
47309,Dilís Parfum,Summer Vibes,2023,https://www.fragrantica.com/perfume/Dilis-Parfum/Summer-Vibes-82874.html
47310,Dilís Parfum,Sunrise,2020,https://www.fragrantica.com/perfume/Dilis-Parfum/Sunrise-67188.html
47311,Dilís Parfum,Sunset,2020,https://www.fragrantica.com/perfume/Dilis-Parfum/Sunset-67193.html
47312,Dilís Parfum,Sweet & Hot,2015,https://www.fragrantica.com/perfume/Dilis-Parfum/Sweet-Hot-30847.html
47313,Dilís Parfum,Sweet Vanilla,2021,https://www.fragrantica.com/perfume/Dilis-Parfum/Sweet-Vanilla-73341.html
47314,Dilís Parfum,Taboo,2009,https://www.fragrantica.com/perfume/Dilis-Parfum/Taboo-30886.html
47315,Dilís Parfum,Triumph,2025,https://www.fragrantica.com/perfume/Dilis-Parfum/Triumph-116542.html
47316,Dilís Parfum,Tropic Pineapple,2021,https://www.fragrantica.com/perfume/Dilis-Parfum/Tropic-Pineapple-73340.html
47317,Dilís Parfum,Twee Coral,2019,https://www.fragrantica.com/perfume/Dilis-Parfum/Twee-Coral-60237.html
47318,Dilís Parfum,Twee Fuchsia,2019,https://www.fragrantica.com/perfume/Dilis-Parfum/Twee-Fuchsia-60235.html
47319,Dilís Parfum,Twee Greenery,2019,https://www.fragrantica.com/perfume/Dilis-Parfum/Twee-Greenery-60236.html
47320,Dilís Parfum,Twee Ocean,2019,https://www.fragrantica.com/perfume/Dilis-Parfum/Twee-Ocean-60234.html
47321,Dilís Parfum,Urban,2021,https://www.fragrantica.com/perfume/Dilis-Parfum/Urban-73325.html
47322,Dilís Parfum,Vanilla Intense,2023,https://www.fragrantica.com/perfume/Dilis-Parfum/Vanilla-Intense-123504.html
47323,Dilís Parfum,Vivat,2014,https://www.fragrantica.com/perfume/Dilis-Parfum/Vivat-31023.html
47324,Dilís Parfum,Wild,2021,https://www.fragrantica.com/perfume/Dilis-Parfum/Wild-73326.html
47325,Dilís Parfum,You're The Reason,2025,https://www.fragrantica.com/perfume/Dilis-Parfum/You-re-The-Reason-121179.html
47326,Dilís Parfum,Zhasmin,2006,https://www.fragrantica.com/perfume/Dilis-Parfum/Zhasmin-30973.html
47327,Dilís Parfum,Zolotaya Roza,2001,https://www.fragrantica.com/perfume/Dilis-Parfum/Zolotaya-Roza-30968.html
47328,Dilli House,Prem Rouge (Layer 1/2),2026,https://www.fragrantica.com/perfume/Dilli-House/Prem-Rouge-Layer-1-2-127219.html
47329,Dilli House,Prem Rouge (Layer 2/2),2026,https://www.fragrantica.com/perfume/Dilli-House/Prem-Rouge-Layer-2-2-127220.html
47330,Dilo,Cactus Flower,2025,https://www.fragrantica.com/perfume/Dilo/Cactus-Flower-113976.html
47331,Dilo,Desert Kush,2025,https://www.fragrantica.com/perfume/Dilo/Desert-Kush-113975.html
47332,Dilo,Hinoki Sesame,2025,https://www.fragrantica.com/perfume/Dilo/Hinoki-Sesame-113974.html
47333,Dilo,Palo Santo,,https://www.fragrantica.com/perfume/Dilo/Palo-Santo-113973.html
47334,DIME Beauty,7 Summers,2021,https://www.fragrantica.com/perfume/DIME-Beauty/7-Summers-73531.html
47335,DIME Beauty,Core Memory,,https://www.fragrantica.com/perfume/DIME-Beauty/Core-Memory-99184.html
47336,DIME Beauty,Dans Les Bois,,https://www.fragrantica.com/perfume/DIME-Beauty/Dans-Les-Bois-99160.html
47337,DIME Beauty,Felt Cute,,https://www.fragrantica.com/perfume/DIME-Beauty/Felt-Cute-99163.html
47338,DIME Beauty,"I Love Your Smell, Baby",2020,https://www.fragrantica.com/perfume/DIME-Beauty/I-Love-Your-Smell-Baby-73533.html
47339,DIME Beauty,Lovely Sweet Dreams,2020,https://www.fragrantica.com/perfume/DIME-Beauty/Lovely-Sweet-Dreams-73534.html
47340,DIME Beauty,Malibu Night,2021,https://www.fragrantica.com/perfume/DIME-Beauty/Malibu-Night-73532.html
47341,DIME Beauty,No. 1 Cologne (Eau de Cologne),,https://www.fragrantica.com/perfume/DIME-Beauty/No-1-Cologne-99155.html
47342,DIME Beauty,Running Late,,https://www.fragrantica.com/perfume/DIME-Beauty/Running-Late-99161.html
47343,DIME Beauty,Stay Awhile,2026,https://www.fragrantica.com/perfume/DIME-Beauty/Stay-Awhile-138855.html
47344,DIME Beauty,Tuesday Date Night,,https://www.fragrantica.com/perfume/DIME-Beauty/Tuesday-Date-Night-99183.html
47345,DIME Beauty,Voir Le Bon,2024,https://www.fragrantica.com/perfume/DIME-Beauty/Voir-Le-Bon-99147.html
47346,Dina Cosmetics,Black Platinium,,https://www.fragrantica.com/perfume/Dina-Cosmetics/Black-Platinium-20651.html
47347,Dina Cosmetics,Black Platinum,,https://www.parfumo.com/Perfumes/Dina_Cosmetics/Black_Platinum
47348,Dina Cosmetics,Bravery,2010,https://www.parfumo.com/Perfumes/Dina_Cosmetics/Bravery
47349,Dina Cosmetics,Brin d'Amour,,https://www.parfumo.com/Perfumes/Dina_Cosmetics/Brin_d_Amour
47350,Dina Cosmetics,Cachotterie,,https://www.fragrantica.com/perfume/Dina-Cosmetics/Cachotterie-20675.html
47351,Dina Cosmetics,Coral Light,,https://www.fragrantica.com/perfume/Dina-Cosmetics/Coral-Light-20676.html
47352,Dina Cosmetics,Dagger,,https://www.fragrantica.com/perfume/Dina-Cosmetics/Dagger-20652.html
47353,Dina Cosmetics,Dagger for Her,,https://www.fragrantica.com/perfume/Dina-Cosmetics/Dagger-for-Her-20662.html
47354,Dina Cosmetics,Dagger Metal,,https://www.fragrantica.com/perfume/Dina-Cosmetics/Dagger-Metal-20653.html
47355,Dina Cosmetics,Dagger Night,,https://www.fragrantica.com/perfume/Dina-Cosmetics/Dagger-Night-20654.html
47356,Dina Cosmetics,Edward Vibes,2015,https://www.parfumo.com/Perfumes/Dina_Cosmetics/Edward_Vibes
47357,Dina Cosmetics,Efory,,https://www.fragrantica.com/perfume/Dina-Cosmetics/Efory-20677.html
47358,Dina Cosmetics,Empire 50 Chic,,https://www.fragrantica.com/perfume/Dina-Cosmetics/Empire-50-Chic-20656.html
47359,Dina Cosmetics,Empire 50 Elegant,,https://www.fragrantica.com/perfume/Dina-Cosmetics/Empire-50-Elegant-20655.html
47360,Dina Cosmetics,Empire 50 Precious,,https://www.fragrantica.com/perfume/Dina-Cosmetics/Empire-50-Precious-20660.html
47361,Dina Cosmetics,Empire 50 Sweet,,https://www.fragrantica.com/perfume/Dina-Cosmetics/Empire-50-Sweet-20661.html
47362,Dina Cosmetics,et alors ...,1989,https://www.parfumo.com/Perfumes/Dina_Cosmetics/et_alors__
47363,Dina Cosmetics,et alors ... Homme,2008,https://www.parfumo.com/Perfumes/Dina_Cosmetics/et_alors___Homme
47364,Dina Cosmetics,French Style,,https://www.fragrantica.com/perfume/Dina-Cosmetics/French-Style-20658.html
47365,Dina Cosmetics,French Style Blue Dream,,https://www.fragrantica.com/perfume/Dina-Cosmetics/French-Style-Blue-Dream-20659.html
47366,Dina Cosmetics,French Style So Men,,https://www.fragrantica.com/perfume/Dina-Cosmetics/French-Style-So-Men-20657.html
47367,Dina Cosmetics,Imperial Silver Black,,https://www.fragrantica.com/perfume/Dina-Cosmetics/Imperial-Silver-Black-20663.html
47368,Dina Cosmetics,Imperial Silver Brown,,https://www.fragrantica.com/perfume/Dina-Cosmetics/Imperial-Silver-Brown-20664.html
47369,Dina Cosmetics,Imperial Silver Pink,,https://www.fragrantica.com/perfume/Dina-Cosmetics/Imperial-Silver-Pink-20665.html
47370,Dina Cosmetics,Imperial Silver Purple,,https://www.fragrantica.com/perfume/Dina-Cosmetics/Imperial-Silver-Purple-20666.html
47371,Dina Cosmetics,Lovely Me,,https://www.fragrantica.com/perfume/Dina-Cosmetics/Lovely-Me-20678.html
47372,Dina Cosmetics,Momento,,https://www.fragrantica.com/perfume/Dina-Cosmetics/Momento-20667.html
47373,Dina Cosmetics,Once Again,,https://www.fragrantica.com/perfume/Dina-Cosmetics/Once-Again-20679.html
47374,Dina Cosmetics,Posh Femme,,https://www.fragrantica.com/perfume/Dina-Cosmetics/Posh-Femme-20669.html
47375,Dina Cosmetics,Posh Homme,,https://www.fragrantica.com/perfume/Dina-Cosmetics/Posh-Homme-20668.html
47376,Dina Cosmetics,Pretty Lovely Me,,https://www.fragrantica.com/perfume/Dina-Cosmetics/Pretty-Lovely-Me-20680.html
47377,Dina Cosmetics,Pure And Sensual,,https://www.fragrantica.com/perfume/Dina-Cosmetics/Pure-And-Sensual-20670.html
47378,Dina Cosmetics,Rue Du Prince,,https://www.fragrantica.com/perfume/Dina-Cosmetics/Rue-Du-Prince-20673.html
47379,Dina Cosmetics,Rue Princesse,,https://www.fragrantica.com/perfume/Dina-Cosmetics/Rue-Princesse-20671.html
47380,Dina Cosmetics,Runaway,,https://www.fragrantica.com/perfume/Dina-Cosmetics/Runaway-20674.html
47381,Dina Cosmetics,Unfair,,https://www.fragrantica.com/perfume/Dina-Cosmetics/Unfair-20672.html
47382,Dina Merrill,Amaranthe,1969,https://www.fragrantica.com/perfume/Dina-Merrill/Amaranthe-132169.html
47383,Dionne Warwick,Dionne,1986,https://www.fragrantica.com/perfume/Dionne-Warwick/Dionne-136419.html
47384,Dior,Addict Peachy Glow Eau de Parfum,2025,https://www.fragrantica.com/perfume/Dior/Addict-Peachy-Glow-Eau-de-Parfum-121566.html
47385,Dior,Addict Purple Glow Eau De Parfum,2025,https://www.fragrantica.com/perfume/Dior/Addict-Purple-Glow-Eau-De-Parfum-121565.html
47386,Dior,Addict Rosy Glow Eau de Parfum,2025,https://www.fragrantica.com/perfume/Dior/Addict-Rosy-Glow-Eau-de-Parfum-121567.html
47387,Dior,Addict To Life,2011,https://www.fragrantica.com/perfume/Dior/Addict-To-Life-12109.html
47388,Dior,Ambre Elixir Precieux,2014,https://www.fragrantica.com/perfume/Dior/Ambre-Elixir-Precieux-22983.html
47389,Dior,Ambre Nuit,2009,https://www.fragrantica.com/perfume/Dior/Ambre-Nuit-7092.html
47390,Dior,Ambre Nuit,2018,https://www.fragrantica.com/perfume/Dior/Ambre-Nuit-48395.html
47391,Dior,Ambre Nuit Esprit De Parfum (Extrait de Parfum),2024,https://www.fragrantica.com/perfume/Dior/Ambre-Nuit-Esprit-De-Parfum-95986.html
47392,Dior,Ambre Nuit New Look Limited Edition,2022,https://www.fragrantica.com/perfume/Dior/Ambre-Nuit-New-Look-Limited-Edition-71824.html
47393,Dior,Aqua Fahrenheit,2011,https://www.fragrantica.com/perfume/Dior/Aqua-Fahrenheit-11388.html
47394,Dior,Balade Sauvage,2018,https://www.fragrantica.com/perfume/Dior/Balade-Sauvage-48398.html
47395,Dior,Belle De Jour,2018,https://www.fragrantica.com/perfume/Dior/Belle-De-Jour-48394.html
47396,Dior,Bois d'Argent,2004,https://www.fragrantica.com/perfume/Dior/Bois-d-Argent-1377.html
47397,Dior,Bois D'Argent,2018,https://www.fragrantica.com/perfume/Dior/Bois-D-Argent-48396.html
47398,Dior,Bois d’Argent Esprit de Parfum (Extrait de Parfum),2025,https://www.fragrantica.com/perfume/Dior/Bois-d-Argent-Esprit-de-Parfum-108727.html
47399,Dior,Bois Talisman,2025,https://www.fragrantica.com/perfume/Dior/Bois-Talisman-100813.html
47400,Dior,Bonne Étoile,2023,https://www.parfumo.com/Perfumes/Dior/bonne-etoile
47401,Dior,Bonne Étoile Baby Dior,2023,https://www.fragrantica.com/perfume/Dior/Bonne-Etoile-Baby-Dior-87597.html
47402,Dior,Bracelet Poison,,https://www.parfumo.com/Perfumes/Dior/Bracelet_Poison
47403,Dior,Cheval Blanc Paris,2021,https://www.fragrantica.com/perfume/Dior/Cheval-Blanc-Paris-69283.html
47404,Dior,Chris 1947,2003,https://www.fragrantica.com/perfume/Dior/Chris-1947-1383.html
47405,Dior,Cologne Blanche (Eau de Cologne),2004,https://www.fragrantica.com/perfume/Dior/Cologne-Blanche-1379.html
47406,Dior,Cologne Royale (Eau de Cologne),2010,https://www.parfumo.com/Perfumes/Dior/La_Collection_Couturier_Parfumeur_Cologne_Royale
47407,Dior,Cruise Collection Escale a Parati,2012,https://www.fragrantica.com/perfume/Dior/Cruise-Collection-Escale-a-Parati-14833.html
47408,Dior,Cruise Collection Escale a Pondichery,2009,https://www.fragrantica.com/perfume/Dior/Cruise-Collection-Escale-a-Pondichery-6027.html
47409,Dior,Cruise Collection - Escale a Portofino,2008,https://www.fragrantica.com/perfume/Dior/Cruise-Collection-Escale-a-Portofino-3291.html
47410,Dior,Cruise Collection - Escale a Portofino Limited Edition,2023,https://www.fragrantica.com/perfume/Dior/Cruise-Collection-Escale-a-Portofino-Limited-Edition-82987.html
47411,Dior,Cruise Collection Escale Aux Marquises,2010,https://www.fragrantica.com/perfume/Dior/Cruise-Collection-Escale-Aux-Marquises-8824.html
47412,Dior,Cuir Cannage,2014,https://www.fragrantica.com/perfume/Dior/Cuir-Cannage-25228.html
47413,Dior,Cuir Saddle,2025,https://www.fragrantica.com/perfume/Dior/Cuir-Saddle-119743.html
47414,Dior,Dior Addict 2,2005,https://www.fragrantica.com/perfume/Dior/Dior-Addict-2-217.html
47415,Dior,Dior Addict 2 Eau Fraiche,2009,https://www.fragrantica.com/perfume/Dior/Dior-Addict-2-Eau-Fraiche-6687.html
47416,Dior,Dior Addict 2 Girly Collector,,https://www.parfumo.com/Perfumes/Dior/Dior_Addict_2_Girly_Collector
47417,Dior,Dior Addict 2 Logomania,2006,https://www.fragrantica.com/perfume/Dior/Dior-Addict-2-Logomania-1247.html
47418,Dior,Dior Addict 2 Sparkle in Pink,,https://www.fragrantica.com/perfume/Dior/Dior-Addict-2-Sparkle-in-Pink-6209.html
47419,Dior,Dior Addict 2 Summer Breeze,2006,https://www.fragrantica.com/perfume/Dior/Dior-Addict-2-Summer-Breeze-3190.html
47420,Dior,Dior Addict 2 Summer Litchi,2008,https://www.fragrantica.com/perfume/Dior/Dior-Addict-2-Summer-Litchi-3442.html
47421,Dior,Dior Addict 2 Summer Peonies,2007,https://www.fragrantica.com/perfume/Dior/Dior-Addict-2-Summer-Peonies-1246.html
47422,Dior,Dior Addict Dior Twist,2004,https://www.fragrantica.com/perfume/Dior/Dior-Addict-Dior-Twist-1384.html
47423,Dior,Dior Addict Eau de Parfum,2012,https://www.fragrantica.com/perfume/Dior/Dior-Addict-Eau-de-Parfum-15270.html
47424,Dior,Dior Addict Eau de Parfum (2014),2014,https://www.fragrantica.com/perfume/Dior/Dior-Addict-Eau-de-Parfum-2014-28201.html
47425,Dior,Dior Addict Eau de Toilette,2014,https://www.fragrantica.com/perfume/Dior/Dior-Addict-Eau-de-Toilette-25159.html
47426,Dior,Dior Addict Eau Delice,2013,https://www.fragrantica.com/perfume/Dior/Dior-Addict-Eau-Delice-18123.html
47427,Dior,Dior Addict Eau Fraîche,2004,https://www.parfumo.com/Perfumes/Dior/Dior_Addict_Eau_Frache
47428,Dior,Dior Addict Eau Fraîche,2012,https://www.parfumo.com/Perfumes/Dior/Dior_Addict_Eau_Fraiche_2012
47429,Dior,Dior Addict Eau Fraîche,2014,https://www.parfumo.com/Perfumes/Dior/Dior_Addict_Eau_Fraiche_2014
47430,Dior,Dior Addict Eau Fraiche 2004,2004,https://www.fragrantica.com/perfume/Dior/Dior-Addict-Eau-Fraiche-2004-216.html
47431,Dior,Dior Addict Eau Fraiche 2012,2012,https://www.fragrantica.com/perfume/Dior/Dior-Addict-Eau-Fraiche-2012-15268.html
47432,Dior,Dior Addict Eau Fraiche 2014,2014,https://www.fragrantica.com/perfume/Dior/Dior-Addict-Eau-Fraiche-2014-25611.html
47433,Dior,Dior Addict Eau Sensuelle,2012,https://www.fragrantica.com/perfume/Dior/Dior-Addict-Eau-Sensuelle-15269.html
47434,Dior,Dior Addict Édition Limitée,,https://www.parfumo.com/Perfumes/Dior/Dior_Addict_Edition_Limitee
47435,Dior,Dior Addict extrait de parfum,2002,https://www.fragrantica.com/perfume/Dior/Dior-Addict-extrait-de-parfum-114371.html
47436,Dior,Dior Addict Limited Edition Collect It,,https://www.fragrantica.com/perfume/Dior/Dior-Addict-Limited-Edition-Collect-It-3041.html
47437,Dior,Dior Addict (Parfum),2002,https://www.fragrantica.com/perfume/Dior/Dior-Addict-215.html
47438,Dior,Dior Addict Shine,2007,https://www.fragrantica.com/perfume/Dior/Dior-Addict-Shine-1513.html
47439,Dior,Dior Bronze - Sweet Sun,2004,https://www.parfumo.com/Perfumes/Dior/Bronze_Sweet_Sun
47440,Dior,Dior Dior,1976,https://www.fragrantica.com/perfume/Dior/Dior-Dior-2607.html
47441,Dior,Dior Grand Bal,2012,https://www.fragrantica.com/perfume/Dior/Dior-Grand-Bal-14984.html
47442,Dior,Dior Homme 2005,2005,https://www.fragrantica.com/perfume/Dior/Dior-Homme-2005-230.html
47443,Dior,Dior Homme 2020,2020,https://www.fragrantica.com/perfume/Dior/Dior-Homme-2020-58714.html
47444,Dior,Dior Homme Cologne 2013 (Eau de Cologne),2013,https://www.fragrantica.com/perfume/Dior/Dior-Homme-Cologne-2013-17256.html
47445,Dior,Dior Homme Cologne 2022 (Eau de Cologne),2022,https://www.fragrantica.com/perfume/Dior/Dior-Homme-Cologne-2022-72062.html
47446,Dior,Dior Homme Cologne (Eau de Cologne),2007,https://www.fragrantica.com/perfume/Dior/Dior-Homme-Cologne-1770.html
47447,Dior,Dior Homme Dior 2011 Lotion Après-Rasage,2011,https://www.parfumo.com/Perfumes/Dior/Dior_Homme_2011_Lotion_Apres_Rasage
47448,Dior,Dior Homme Dior 2020 Lotion Après Rasage,2020,https://www.parfumo.com/Perfumes/Dior/dior-homme-2020-lotion-apres-rasage
47449,Dior,Dior Homme (Eau de Toilette),2011,https://www.fragrantica.com/perfume/Dior/Dior-Homme-13015.html
47450,Dior,Dior Homme Eau for Men Dior 2014 Lotion Après-Rasage,2014,https://www.parfumo.com/Perfumes/Dior/Dior_Homme_Eau_for_Men_Lotion_Apres_Rasage
47451,Dior,Dior Homme Eau for Men (Eau de Toilette),2014,https://www.fragrantica.com/perfume/Dior/Dior-Homme-Eau-for-Men-22860.html
47452,Dior,Dior Homme Intense,2007,https://www.parfumo.com/Perfumes/Dior/Dior_Homme_Intense
47453,Dior,Dior Homme Intense,2011,https://www.parfumo.com/Perfumes/Dior/Dior_Homme_Intense_2011
47454,Dior,Dior Homme Intense 2007,2007,https://www.fragrantica.com/perfume/Dior/Dior-Homme-Intense-2007-1771.html
47455,Dior,Dior Homme Intense 2011,2011,https://www.fragrantica.com/perfume/Dior/Dior-Homme-Intense-2011-13016.html
47456,Dior,Dior Homme Intense 2025,2025,https://www.fragrantica.com/perfume/Dior/Dior-Homme-Intense-2025-101596.html
47457,Dior,Dior Homme Original (Eau de Toilette),2021,https://www.fragrantica.com/perfume/Dior/Dior-Homme-Original-69010.html
47458,Dior,Dior Homme Parfum,2014,https://www.fragrantica.com/perfume/Dior/Dior-Homme-Parfum-27417.html
47459,Dior,Dior Homme Parfum 2025,2025,https://www.fragrantica.com/perfume/Dior/Dior-Homme-Parfum-2025-101016.html
47460,Dior,Dior Homme Sport 2012,2012,https://www.fragrantica.com/perfume/Dior/Dior-Homme-Sport-2012-14719.html
47461,Dior,Dior Homme Sport 2017,2017,https://www.fragrantica.com/perfume/Dior/Dior-Homme-Sport-2017-42974.html
47462,Dior,Dior Homme Sport 2021,2022,https://www.fragrantica.com/perfume/Dior/Dior-Homme-Sport-2021-71326.html
47463,Dior,Dior Homme Sport (After Shave),2008,https://www.fragrantica.com/perfume/Dior/Dior-Homme-Sport-4033.html
47464,Dior,Dior Homme Sport Dior 2008 Eau de Toilette,2008,https://www.parfumo.com/Perfumes/Dior/Dior_Homme_Sport_2008_Eau_de_Toilette
47465,Dior,Dior Homme Sport Dior 2012 Eau de Toilette,2012,https://www.parfumo.com/Perfumes/Dior/Dior_Homme_Sport_2012_Eau_de_Toilette
47466,Dior,Dior Homme Sport Dior 2012 Lotion Après-Rasage,2012,https://www.parfumo.com/Perfumes/Dior/Dior_Homme_Sport_2012_Lotion_Apres_Rasage
47467,Dior,Dior Homme Sport Very Cool Spray,,https://www.fragrantica.com/perfume/Dior/Dior-Homme-Sport-Very-Cool-Spray-48208.html
47468,Dior,Dior Homme Voyage,2009,https://www.fragrantica.com/perfume/Dior/Dior-Homme-Voyage-6017.html
47469,Dior,"Dior Me, Dior Me Not",2004,https://www.fragrantica.com/perfume/Dior/Dior-Me-Dior-Me-Not-1380.html
47470,Dior,Dior Miss Dior Blooming Bouquet Bobby Limited Edition,2021,https://www.fragrantica.com/perfume/Dior/Dior-Miss-Dior-Blooming-Bouquet-Bobby-Limited-Edition-64707.html
47471,Dior,Dior Paradise,2026,https://www.fragrantica.com/perfume/Dior/Dior-Paradise-132884.html
47472,Dior,Dior Passage No.4,2007,https://www.fragrantica.com/perfume/Dior/Dior-Passage-No-4-1788.html
47473,Dior,Dior Passage No.8,2007,https://www.fragrantica.com/perfume/Dior/Dior-Passage-No-8-1789.html
47474,Dior,Dior Passage No.9,2007,https://www.fragrantica.com/perfume/Dior/Dior-Passage-No-9-1790.html
47475,Dior,Dior Star,2005,https://www.fragrantica.com/perfume/Dior/Dior-Star-1296.html
47476,Dior,Diorama,1948,https://www.fragrantica.com/perfume/Dior/Diorama-2608.html
47477,Dior,Dioramour,2018,https://www.fragrantica.com/perfume/Dior/Dioramour-48397.html
47478,Dior,Diorella (Eau de Toilette),1972,https://www.fragrantica.com/perfume/Dior/Diorella-226.html
47479,Dior,Diorella Parfum,1972,https://www.fragrantica.com/perfume/Dior/Diorella-Parfum-33613.html
47480,Dior,Dioressence Dior Eau de Cologne Concentré,,https://www.parfumo.com/Perfumes/Dior/Dioressence_Eau_de_Cologne_Concentre_90
47481,Dior,Dioressence Dior Eau Parfumée,,https://www.parfumo.com/Perfumes/Dior/Dioressence_Eau_Parfumee_83
47482,Dior,Dioressence Dior Esprit de Parfum,,https://www.parfumo.com/Perfumes/Dior/Dioressence_Esprit_de_Parfum
47483,Dior,Dioressence (Eau de Toilette),1969,https://www.fragrantica.com/perfume/Dior/Dioressence-225.html
47484,Dior,Dioressence Eau Parfumee,1969,https://www.fragrantica.com/perfume/Dior/Dioressence-Eau-Parfumee-63691.html
47485,Dior,Dioressence Parfum,1979,https://www.fragrantica.com/perfume/Dior/Dioressence-Parfum-33768.html
47486,Dior,Diorever,2000,https://www.fragrantica.com/perfume/Dior/Diorever-29353.html
47487,Dior,Diorissima,2018,https://www.fragrantica.com/perfume/Dior/Diorissima-48391.html
47488,Dior,Diorissimo (2024),2024,https://www.fragrantica.com/perfume/Dior/Diorissimo-2024-92648.html
47489,Dior,Diorissimo Dior 1956 Eau de Toilette,1956,https://www.parfumo.com/Perfumes/Dior/Diorissimo_1956_Eau_de_Toilette
47490,Dior,Diorissimo Dior 1956 Parfum,1956,https://www.parfumo.com/Perfumes/Dior/Diorissimo_1956_Parfum
47491,Dior,Diorissimo Dior 2009 Eau de Toilette,2009,https://www.parfumo.com/Perfumes/Dior/Diorissimo_2009_Eau_de_Toilette
47492,Dior,Diorissimo Dior Eau de Cologne,,https://www.parfumo.com/Perfumes/Dior/Diorissimo_1956_Eau_de_Cologne
47493,Dior,Diorissimo (Eau de Parfum),1956,https://www.fragrantica.com/perfume/Dior/Diorissimo-224.html
47494,Dior,Diorissimo Extrait de Parfum,2014,https://www.fragrantica.com/perfume/Dior/Diorissimo-Extrait-de-Parfum-26210.html
47495,Dior,Dioriviera,2023,https://www.fragrantica.com/perfume/Dior/Dioriviera-81847.html
47496,Dior,Diorling Dior 1963 Parfum,1963,https://www.parfumo.com/Perfumes/Dior/Diorling_1963_Parfum
47497,Dior,Diorling Dior Eau de Cologne,,https://www.parfumo.com/Perfumes/Dior/Diorling_1963_Eau_de_Cologne
47498,Dior,Diorling (Eau de Toilette),1963,https://www.fragrantica.com/perfume/Dior/Diorling-6376.html
47499,Dior,Dolce Vita Dior Parfum Solide,,https://www.parfumo.com/Perfumes/Dior/Dolce_Vita_Parfum_Solide
47500,Dior,Dolce Vita (Eau de Toilette),1994,https://www.fragrantica.com/perfume/Dior/Dolce-Vita-222.html
47501,Dior,Dolce Vita Édition Limitée Saint Louis,,https://www.parfumo.com/Perfumes/Dior/Dolce_Vita_Edition_Limitee_Saint_Louis
47502,Dior,Dolce Vita Parfum,1994,https://www.fragrantica.com/perfume/Dior/Dolce-Vita-Parfum-33769.html
47503,Dior,Dune Dior 1994 Esprit de Parfum,1994,https://www.parfumo.com/Perfumes/Dior/Dune_Esprit_de_Parfum
47504,Dior,Dune Dior Brume Parfumée,,https://www.parfumo.com/Perfumes/Dior/Dune_Brume_Parfumee
47505,Dior,Dune Dior Parfum Solide,,https://www.parfumo.com/Perfumes/Dior/Dune_Parfum_Solide
47506,Dior,Dune (Eau de Toilette),1991,https://www.fragrantica.com/perfume/Dior/Dune-221.html
47507,Dior,Dune Esprit de Parfum (Extrait de Parfum),1994,https://www.fragrantica.com/perfume/Dior/Dune-Esprit-de-Parfum-29213.html
47508,Dior,Dune Parfum,1991,https://www.fragrantica.com/perfume/Dior/Dune-Parfum-85003.html
47509,Dior,Dune pour Homme Dior 1997 Lotion Après-Rasage,1997,https://www.parfumo.com/Perfumes/Dior/Dune_pour_Homme_Lotion_Apres_Rasage
47510,Dior,Dune pour Homme Dior Eau Tonique pour le Corps,,https://www.parfumo.com/Perfumes/Dior/dune-pour-homme-eau-tonique-pour-le-corps
47511,Dior,Dune Pour Homme (Eau de Toilette),1997,https://www.fragrantica.com/perfume/Dior/Dune-Pour-Homme-235.html
47512,Dior,Dune Sun,2003,https://www.fragrantica.com/perfume/Dior/Dune-Sun-1381.html
47513,Dior,Eau de Cologne aux Fleurs Fraîches,1950,https://www.fragrantica.com/perfume/Dior/Eau-de-Cologne-aux-Fleurs-Fraiches-87549.html
47514,Dior,Eau de Cologne Fraîche,1952,https://www.fragrantica.com/perfume/Dior/Eau-de-Cologne-Fraiche-69860.html
47515,Dior,Eau de Dior - Coloressence Energisante,2000,https://www.parfumo.com/Perfumes/Dior/Eau_de_Dior_Coloressence_Energisante
47516,Dior,Eau de Dior Coloressence Energizing,2000,https://www.fragrantica.com/perfume/Dior/Eau-de-Dior-Coloressence-Energizing-1386.html
47517,Dior,Eau de Dior - Coloressence Relaxante,2000,https://www.parfumo.com/Perfumes/Dior/Eau_de_Dior_Coloressence_Relaxante
47518,Dior,Eau de Dior Coloressence Relaxing,2000,https://www.fragrantica.com/perfume/Dior/Eau-de-Dior-Coloressence-Relaxing-1387.html
47519,Dior,Eau de Dolce Vita,1998,https://www.fragrantica.com/perfume/Dior/Eau-de-Dolce-Vita-2578.html
47520,Dior,Eau Fraiche,1952,https://www.fragrantica.com/perfume/Dior/Eau-Fraiche-227.html
47521,Dior,Eau Noire,2004,https://www.fragrantica.com/perfume/Dior/Eau-Noire-1378.html
47522,Dior,Eau Sauvage 100% Glaçon,2001,https://www.fragrantica.com/perfume/Dior/Eau-Sauvage-100-Glacon-36113.html
47523,Dior,Eau Sauvage Cologne (Eau de Cologne),2015,https://www.fragrantica.com/perfume/Dior/Eau-Sauvage-Cologne-30854.html
47524,Dior,Eau Sauvage Dior 1966 Lotion Après-Rasage,1966,https://www.parfumo.com/Perfumes/Dior/Eau_Sauvage_Lotion_Apres_Rasage
47525,Dior,Eau Sauvage Dior 1966 Lotion Avant-Rasage,1966,https://www.parfumo.com/Perfumes/Dior/Eau_Sauvage_Lotion_Avant_Rasage
47526,Dior,Eau Sauvage (Eau de Toilette),1966,https://www.fragrantica.com/perfume/Dior/Eau-Sauvage-231.html
47527,Dior,Eau Sauvage Extreme,1984,https://www.fragrantica.com/perfume/Dior/Eau-Sauvage-Extreme-232.html
47528,Dior,Eau Sauvage Extreme 2010,2010,https://www.fragrantica.com/perfume/Dior/Eau-Sauvage-Extreme-2010-72771.html
47529,Dior,Eau Sauvage Extrême Dior 1982 Eau de Toilette Concentrée,1982,https://www.parfumo.com/Perfumes/Dior/Eau_Sauvage_Extrme_1982_Eau_de_Toilette_Concentree
47530,Dior,Eau Sauvage Extrême Dior 1982 Lotion Après-Rasage,1982,https://www.parfumo.com/Perfumes/Dior/Eau_Sauvage_Extrme_1982_Lotion_Apres_Rasage
47531,Dior,Eau Sauvage Extrême Intense,,https://huggingface.co/datasets/doevent/perfume
47532,Dior,Eau Sauvage Fraicheur Cuir,2007,https://www.fragrantica.com/perfume/Dior/Eau-Sauvage-Fraicheur-Cuir-1242.html
47533,Dior,Eau Sauvage Parfum,2012,https://www.fragrantica.com/perfume/Dior/Eau-Sauvage-Parfum-14811.html
47534,Dior,Eau Sauvage Parfum 2017,2017,https://www.fragrantica.com/perfume/Dior/Eau-Sauvage-Parfum-2017-43977.html
47535,Dior,Eau Svelte,1995,https://www.fragrantica.com/perfume/Dior/Eau-Svelte-15703.html
47536,Dior,Eden-Roc,2021,https://www.fragrantica.com/perfume/Dior/Eden-Roc-66856.html
47537,Dior,Escale à Parati,2012,https://www.parfumo.com/Perfumes/Dior/Escale_a_Parati
47538,Dior,Escale à Pondichéry,2009,https://www.parfumo.com/Perfumes/Dior/Escale_a_Pondichery
47539,Dior,Escale à Portofino,2008,https://www.parfumo.com/Perfumes/Dior/Escale_a_Portofino
47540,Dior,Escale aux Marquises,2010,https://www.parfumo.com/Perfumes/Dior/Escale_aux_Marquises
47541,Dior,Fahrenheit 0 Degré,2002,https://www.parfumo.com/Perfumes/Dior/Fahrenheit_0_Degre
47542,Dior,Fahrenheit 0 Degree,2003,https://www.fragrantica.com/perfume/Dior/Fahrenheit-0-Degree-2609.html
47543,Dior,Fahrenheit 32 Dior 2007 Lotion Après-Rasage,2007,https://www.parfumo.com/Perfumes/Dior/Fahrenheit_32_Lotion_Apres_Rasage
47544,Dior,Fahrenheit 32 (Eau de Toilette),2007,https://www.fragrantica.com/perfume/Dior/Fahrenheit-32-987.html
47545,Dior,Fahrenheit Absolute,2009,https://www.fragrantica.com/perfume/Dior/Fahrenheit-Absolute-6555.html
47546,Dior,Fahrenheit Cologne (Eau de Cologne),2015,https://www.fragrantica.com/perfume/Dior/Fahrenheit-Cologne-34582.html
47547,Dior,Fahrenheit Dior 1988 After-Shave Lotion,1988,https://www.parfumo.com/Perfumes/Dior/Fahrenheit_After_Shave_Lotion
47548,Dior,Fahrenheit Dior 1988 Eau de Toilette,1988,https://www.parfumo.com/Perfumes/Dior/Fahrenheit_Eau_de_Toilette
47549,Dior,Fahrenheit Dior Eau Tonique pour le Corps,,https://www.parfumo.com/Perfumes/Dior/Fahrenheit_Eau_Tonique_pour_le_Corps
47550,Dior,Fahrenheit Édition Limitée,,https://www.parfumo.com/Perfumes/Dior/Fahrenheit_Edition_Limitee
47551,Dior,Fahrenheit Fresh,2004,https://www.parfumo.com/Perfumes/Dior/Fahrenheit_Fresh
47552,Dior,Fahrenheit Le Parfum,2014,https://www.fragrantica.com/perfume/Dior/Fahrenheit-Le-Parfum-23099.html
47553,Dior,Fahrenheit (Parfum),1988,https://www.fragrantica.com/perfume/Dior/Fahrenheit-228.html
47554,Dior,Fahrenheit Summer,2002,https://www.fragrantica.com/perfume/Dior/Fahrenheit-Summer-229.html
47555,Dior,Fahrenheit Summer 2001,2001,https://www.parfumo.com/Perfumes/Dior/Fahrenheit_Summer_2001
47556,Dior,Fahrenheit Summer 2006,2006,https://www.fragrantica.com/perfume/Dior/Fahrenheit-Summer-2006-2610.html
47557,Dior,Fahrenheit Summer 2007,2007,https://www.fragrantica.com/perfume/Dior/Fahrenheit-Summer-2007-4134.html
47558,Dior,Fève Délicieuse,2015,https://www.fragrantica.com/perfume/Dior/Feve-Delicieuse-30164.html
47559,Dior,Fève Délicieuse (2018),2018,https://www.fragrantica.com/perfume/Dior/Feve-Delicieuse-2018-48392.html
47560,Dior,Forever and Ever,2002,https://www.fragrantica.com/perfume/Dior/Forever-and-Ever-1244.html
47561,Dior,Forever and Ever Dior,2006,https://www.fragrantica.com/perfume/Dior/Forever-and-Ever-Dior-1245.html
47562,Dior,Grand Bal (2018),2018,https://www.fragrantica.com/perfume/Dior/Grand-Bal-2018-48389.html
47563,Dior,Granville,2010,https://www.parfumo.com/Perfumes/Dior/La_Collection_Couturier_Parfumeur_Granville
47564,Dior,Gris Dior,2017,https://www.fragrantica.com/perfume/Dior/Gris-Dior-48387.html
47565,Dior,Gris Dior Dior 2023 Brume de Parfum pour les Cheveux,2023,https://www.parfumo.com/Perfumes/Dior/gris-dior-brume-de-parfum-pour-les-cheveux
47566,Dior,Gris Dior Esprit De Parfum (Extrait de Parfum),2024,https://www.fragrantica.com/perfume/Dior/Gris-Dior-Esprit-De-Parfum-95984.html
47567,Dior,Gris Dior Gris Montaigne Dior 2013 Eau de Parfum,2013,https://www.parfumo.com/Perfumes/Dior/gris-dior-gris-montaigne-eau-de-parfum
47568,Dior,Gris Dior New Look Limited Edition,2022,https://www.fragrantica.com/perfume/Dior/Gris-Dior-New-Look-Limited-Edition-71823.html
47569,Dior,Gris Montaigne,2013,https://www.fragrantica.com/perfume/Dior/Gris-Montaigne-17842.html
47570,Dior,Happy Hour,2018,https://www.fragrantica.com/perfume/Dior/Happy-Hour-48388.html
47571,Dior,Higher Black,2002,https://www.fragrantica.com/perfume/Dior/Higher-Black-11792.html
47572,Dior,Higher Dior 2001 After-Shave Lotion,2001,https://www.parfumo.com/Perfumes/Dior/Higher_After_Shave_Lotion
47573,Dior,Higher (Eau de Toilette),2001,https://www.fragrantica.com/perfume/Dior/Higher-233.html
47574,Dior,Higher Energy Dior 2003 Lotion Après-Rasage,2003,https://www.parfumo.com/Perfumes/Dior/Higher_Energy_Lotion_Apres_Rasage
47575,Dior,Higher Energy (Eau de Toilette),2003,https://www.fragrantica.com/perfume/Dior/Higher-Energy-234.html
47576,Dior,Higher Limited Edition Black,2002,https://www.parfumo.com/Perfumes/Dior/Higher_Limited_Edition_Black
47577,Dior,Holy Peony,2019,https://www.fragrantica.com/perfume/Dior/Holy-Peony-53124.html
47578,Dior,Hypnotic Poison Collector 2008,2008,https://www.parfumo.com/Perfumes/Dior/Hypnotic_Poison_Collector_2008
47579,Dior,Hypnotic Poison Collector Rubis,2009,https://www.fragrantica.com/perfume/Dior/Hypnotic-Poison-Collector-Rubis-65948.html
47580,Dior,Hypnotic Poison Diable Rouge (Eau de Parfum),1998,https://www.fragrantica.com/perfume/Dior/Hypnotic-Poison-Diable-Rouge-29212.html
47581,Dior,Hypnotic Poison Eau de Parfum,2014,https://www.fragrantica.com/perfume/Dior/Hypnotic-Poison-Eau-de-Parfum-23098.html
47582,Dior,Hypnotic Poison (Eau de Toilette),1998,https://www.fragrantica.com/perfume/Dior/Hypnotic-Poison-219.html
47583,Dior,Hypnotic Poison Eau Secrete,2013,https://www.fragrantica.com/perfume/Dior/Hypnotic-Poison-Eau-Secrete-17218.html
47584,Dior,Hypnotic Poison Eau Sensuelle,2010,https://www.fragrantica.com/perfume/Dior/Hypnotic-Poison-Eau-Sensuelle-9600.html
47585,Dior,Hypnotic Poison Elixir,2008,https://www.fragrantica.com/perfume/Dior/Hypnotic-Poison-Elixir-3911.html
47586,Dior,Hypnotic Poison Extrait de Parfum,2000,https://www.fragrantica.com/perfume/Dior/Hypnotic-Poison-Extrait-de-Parfum-11402.html
47587,Dior,Hypnotic Poison Parfum,,https://huggingface.co/datasets/doevent/perfume
47588,Dior,Hypnotic Poison Roller Pearl,2019,https://www.fragrantica.com/perfume/Dior/Hypnotic-Poison-Roller-Pearl-53828.html
47589,Dior,I ♥,2002,https://www.parfumo.com/Perfumes/Dior/I__Dior_I_Love_Dior
47590,Dior,I Love Dior,2002,https://www.fragrantica.com/perfume/Dior/I-Love-Dior-1382.html
47591,Dior,J'adior Solid Perfume J'adore L'Or,2025,https://www.fragrantica.com/perfume/Dior/J-adior-Solid-Perfume-J-adore-L-Or-117030.html
47592,Dior,J'Adore Absolu,2018,https://www.fragrantica.com/perfume/Dior/J-Adore-Absolu-51818.html
47593,Dior,J'adore Adoration en or Limited Edition,2000,https://www.fragrantica.com/perfume/Dior/J-adore-Adoration-en-or-Limited-Edition-212.html
47594,Dior,J'adore Amphoras Jewel Box,,https://www.parfumo.com/Perfumes/Dior/j-adore-amphoras-jewel-box
47595,Dior,J'Adore Anniversaire en Or,2004,https://www.fragrantica.com/perfume/Dior/J-Adore-Anniversaire-en-Or-4497.html
47596,Dior,J'adore Body Mist,2020,https://www.fragrantica.com/perfume/Dior/J-adore-Body-Mist-66239.html
47597,Dior,J'Adore Collector Anniversary Edition,2009,https://www.fragrantica.com/perfume/Dior/J-Adore-Collector-Anniversary-Edition-7023.html
47598,Dior,J'adore Dior 2002 Eau de Toilette,2002,https://www.parfumo.com/Perfumes/Dior/J_adore_L_Eau_de_Toilette_2002
47599,Dior,J'adore Dior 2011 Eau de Toilette,2011,https://www.parfumo.com/Perfumes/Dior/J_adore_L_Eau_de_Toilette
47600,Dior,J'adore Dior 2013 Voile de Parfum,2013,https://www.parfumo.com/Perfumes/Dior/J_Adore_Voile_de_Parfum
47601,Dior,J'adore Dior 2015 Touche de Parfum,2015,https://www.parfumo.com/Perfumes/Dior/J_adore_Touche_de_Parfum
47602,Dior,J'adore Dior 2016 Eau de Toilette,2016,https://www.parfumo.com/Perfumes/Dior/J_adore_Eau_de_Toilette_2016
47603,Dior,J'adore Dior 2018 Brume Corps,2018,https://www.parfumo.com/Perfumes/Dior/j-adore-brume-corps
47604,Dior,J'adore Dior 2020 Eau de Parfum Infinissime,2020,https://www.parfumo.com/Perfumes/Dior/j-adore-eau-de-parfum-infinissime
47605,Dior,J'adore Dior Parfum Cheveux,,https://www.parfumo.com/Perfumes/Dior/j-adore-parfum-cheveux
47606,Dior,J'adore (Eau de Parfum),1999,https://www.fragrantica.com/perfume/Dior/J-adore-210.html
47607,Dior,J'adore Eau de Parfum Infinissime x India Mahdavi,2021,https://www.fragrantica.com/perfume/Dior/J-adore-Eau-de-Parfum-Infinissime-x-India-Mahdavi-71116.html
47608,Dior,J'adore Eau de Toilette 2002,2002,https://www.fragrantica.com/perfume/Dior/J-adore-Eau-de-Toilette-2002-5.html
47609,Dior,J'adore Eau de Toilette 2011,2011,https://www.fragrantica.com/perfume/Dior/J-adore-Eau-de-Toilette-2011-13017.html
47610,Dior,J'Adore Eau De Toilette Roller Pearl,,https://huggingface.co/datasets/doevent/perfume
47611,Dior,J'Adore Extrait de Parfum,2000,https://www.fragrantica.com/perfume/Dior/J-Adore-Extrait-de-Parfum-11398.html
47612,Dior,J'Adore Extrait de Parfum,2014,https://www.fragrantica.com/perfume/Dior/J-Adore-Extrait-de-Parfum-26206.html
47613,Dior,J'Adore Gold Supreme (Divinement Or),2006,https://www.fragrantica.com/perfume/Dior/J-Adore-Gold-Supreme-Divinement-Or-4498.html
47614,Dior,J’Adore Hair Mist,2017,https://www.fragrantica.com/perfume/Dior/J-Adore-Hair-Mist-46218.html
47615,Dior,J'Adore In Joy,2017,https://www.fragrantica.com/perfume/Dior/J-Adore-In-Joy-43704.html
47616,Dior,J'Adore Infinissime,2020,https://www.fragrantica.com/perfume/Dior/J-Adore-Infinissime-62638.html
47617,Dior,J'adore Intense,2026,https://www.fragrantica.com/perfume/Dior/J-adore-Intense-126252.html
47618,Dior,J'Adore L'Absolu,2007,https://www.fragrantica.com/perfume/Dior/J-Adore-L-Absolu-4496.html
47619,Dior,J'Adore L'Absolu,2012,https://www.fragrantica.com/perfume/Dior/J-Adore-L-Absolu-17148.html
47620,Dior,J'adore L'Absolu (Concrète de Parfum),2008,https://www.parfumo.com/Perfumes/Dior/J_adore_L_Absolu_Concrete_de_Parfum
47621,Dior,J'adore L'Absolu Dior 2007 Eau de Parfum Absolue,2007,https://www.parfumo.com/Perfumes/Dior/J_adore_L_Absolu_2007_Eau_de_Parfum_Absolue
47622,Dior,J'adore L'Absolu Limited Edition,2012,https://www.parfumo.com/Perfumes/Dior/J_adore_L_Absolu_Limited_Edition
47623,Dior,J'adore L'Eau,2009,https://www.parfumo.com/Perfumes/Dior/J_adore_L_Eau_Cologne_Florale
47624,Dior,J'adore L'eau Cologne Florale (Eau de Cologne),2009,https://www.fragrantica.com/perfume/Dior/J-adore-L-eau-Cologne-Florale-5626.html
47625,Dior,J'Adore L'Or,2010,https://www.fragrantica.com/perfume/Dior/J-Adore-L-Or-10371.html
47626,Dior,J'Adore L'Or (2017),2017,https://www.fragrantica.com/perfume/Dior/J-Adore-L-Or-2017-47398.html
47627,Dior,J'adore L'Or (2023),2023,https://www.fragrantica.com/perfume/Dior/J-adore-L-Or-2023-84202.html
47628,Dior,J'adore L'Or Édition d'Exception,,https://www.parfumo.com/Perfumes/Dior/J_adore_L_Or_Edition_d_Exception
47629,Dior,J'adore Le Jasmin,2007,https://www.fragrantica.com/perfume/Dior/J-adore-Le-Jasmin-3178.html
47630,Dior,J'adore Le Jasmin Summer Fragrance,2007,https://www.parfumo.com/Perfumes/Dior/J_Adore_Le_Jasmin
47631,Dior,J'adore Lumiere Eau de Toilette,2016,https://www.fragrantica.com/perfume/Dior/J-adore-Lumiere-Eau-de-Toilette-36495.html
47632,Dior,J'adore Parfum d'Eau,2022,https://www.fragrantica.com/perfume/Dior/J-adore-Parfum-d-Eau-75642.html
47633,Dior,J'Adore Roller Pearl,2019,https://www.fragrantica.com/perfume/Dior/J-Adore-Roller-Pearl-53834.html
47634,Dior,J'Adore Shimmering Hair Mist,2026,https://www.fragrantica.com/perfume/Dior/J-Adore-Shimmering-Hair-Mist-138067.html
47635,Dior,J'Adore Summer Fragrance,2004,https://www.fragrantica.com/perfume/Dior/J-Adore-Summer-Fragrance-4499.html
47636,Dior,J’adore Touche de Parfum,2015,https://www.fragrantica.com/perfume/Dior/J-adore-Touche-de-Parfum-31714.html
47637,Dior,J'Adore Voile de Parfum,2013,https://www.fragrantica.com/perfume/Dior/J-Adore-Voile-de-Parfum-17513.html
47638,Dior,J'adore x India Mahdavi,,https://www.parfumo.com/Perfumes/Dior/j-adore-x-india-mahdavi
47639,Dior,Jasmin des Anges Dior 2023 Brume de Parfum pour les Cheveux (Body Mist),2023,https://www.parfumo.com/Perfumes/Dior/jasmin-des-anges-brume-de-parfum-pour-les-cheveux
47640,Dior,Jasmin Des Anges (Eau de Parfum),2018,https://www.fragrantica.com/perfume/Dior/Jasmin-Des-Anges-48383.html
47641,Dior,Jasmin des Anges Esprit de Parfum (Extrait de Parfum),2026,https://www.fragrantica.com/perfume/Dior/Jasmin-des-Anges-Esprit-de-Parfum-139159.html
47642,Dior,Jasmin Elixir Precieux,2022,https://www.fragrantica.com/perfume/Dior/Jasmin-Elixir-Precieux-76182.html
47643,Dior,Joy by Dior,2018,https://www.fragrantica.com/perfume/Dior/Joy-by-Dior-51285.html
47644,Dior,Joy by Dior Intense,2019,https://www.fragrantica.com/perfume/Dior/Joy-by-Dior-Intense-56214.html
47645,Dior,Joy Dior 2018 Eau de Parfum,2018,https://www.parfumo.com/Perfumes/Dior/Joy
47646,Dior,Joy Dior 2019 Eau de Parfum Intense,2019,https://www.parfumo.com/Perfumes/Dior/joy-eau-de-parfum-intense
47647,Dior,Jules (2016),2016,https://www.fragrantica.com/perfume/Dior/Jules-2016-40736.html
47648,Dior,Jules Dior 1980 Lotion Après-Rasage,1980,https://www.parfumo.com/Perfumes/Dior/Jules_Lotion_Apres_Rasage
47649,Dior,Jules (Eau de Toilette),1980,https://www.fragrantica.com/perfume/Dior/Jules-1243.html
47650,Dior,L'or J'adore The Absolute Perfume (Parfum),2007,https://www.fragrantica.com/perfume/Dior/L-or-J-adore-The-Absolute-Perfume-211.html
47651,Dior,La Colle Noire,2016,https://www.fragrantica.com/perfume/Dior/La-Colle-Noire-38153.html
47652,Dior,La Colle Noire (2018),2018,https://www.fragrantica.com/perfume/Dior/La-Colle-Noire-2018-48393.html
47653,Dior,La Collection Couturier Parfumeur Cologne Royale (Eau de Cologne),2010,https://www.fragrantica.com/perfume/Dior/La-Collection-Couturier-Parfumeur-Cologne-Royale-10627.html
47654,Dior,La Collection Couturier Parfumeur Granville,2010,https://www.fragrantica.com/perfume/Dior/La-Collection-Couturier-Parfumeur-Granville-10630.html
47655,Dior,La Collection Couturier Parfumeur Leather Oud,2010,https://www.fragrantica.com/perfume/Dior/La-Collection-Couturier-Parfumeur-Leather-Oud-10631.html
47656,Dior,La Collection Couturier Parfumeur Milly-la-Foret,2010,https://www.fragrantica.com/perfume/Dior/La-Collection-Couturier-Parfumeur-Milly-la-Foret-10633.html
47657,Dior,La Collection Couturier Parfumeur Mitzah,2010,https://www.fragrantica.com/perfume/Dior/La-Collection-Couturier-Parfumeur-Mitzah-10629.html
47658,Dior,La Collection Couturier Parfumeur New Look 1947,2010,https://www.fragrantica.com/perfume/Dior/La-Collection-Couturier-Parfumeur-New-Look-1947-10628.html
47659,Dior,La Collection Couturier Parfumeur Patchouli Imperial,2011,https://www.fragrantica.com/perfume/Dior/La-Collection-Couturier-Parfumeur-Patchouli-Imperial-13292.html
47660,Dior,La Collection Couturier Parfumeur Vetiver,2010,https://www.fragrantica.com/perfume/Dior/La-Collection-Couturier-Parfumeur-Vetiver-10632.html
47661,Dior,La Collection Particulière - Passage No. 4,,https://www.parfumo.com/Perfumes/Dior/La_Collection_Particuliere_Passage_No_4
47662,Dior,La Collection Particulière - Passage No. 8,,https://www.parfumo.com/Perfumes/Dior/La_Collection_Particuliere_Passage_No_8
47663,Dior,La Collection Particulière - Passage No. 9,2007,https://www.parfumo.com/Perfumes/Dior/La_Collection_Particuliere_Passage_No_9
47664,Dior,Le Muguet,2025,https://www.fragrantica.com/perfume/Dior/Le-Muguet-107960.html
47665,Dior,Le Nectar de J'Adore,2025,https://www.fragrantica.com/perfume/Dior/Le-Nectar-de-J-Adore-118816.html
47666,Dior,Leather Oud,2018,https://www.fragrantica.com/perfume/Dior/Leather-Oud-48386.html
47667,Dior,Les Creations de Monsieur Dior Diorama,2010,https://www.fragrantica.com/perfume/Dior/Les-Creations-de-Monsieur-Dior-Diorama-10408.html
47668,Dior,Les Creations de Monsieur Dior Diorella,2009,https://www.fragrantica.com/perfume/Dior/Les-Creations-de-Monsieur-Dior-Diorella-7372.html
47669,Dior,Les Creations de Monsieur Dior Dioressence,2009,https://www.fragrantica.com/perfume/Dior/Les-Creations-de-Monsieur-Dior-Dioressence-7371.html
47670,Dior,Les Creations de Monsieur Dior Diorissimo Eau de Parfum,2009,https://www.fragrantica.com/perfume/Dior/Les-Creations-de-Monsieur-Dior-Diorissimo-Eau-de-Parfum-7370.html
47671,Dior,Les Creations de Monsieur Dior Diorissimo Eau de Toilette,2009,https://www.fragrantica.com/perfume/Dior/Les-Creations-de-Monsieur-Dior-Diorissimo-Eau-de-Toilette-7369.html
47672,Dior,Les Creations de Monsieur Dior Diorissimo Extrait de Parfum,2009,https://www.fragrantica.com/perfume/Dior/Les-Creations-de-Monsieur-Dior-Diorissimo-Extrait-de-Parfum-7368.html
47673,Dior,Les Creations de Monsieur Dior Diorling,2012,https://www.fragrantica.com/perfume/Dior/Les-Creations-de-Monsieur-Dior-Diorling-13698.html
47674,Dior,Les Creations de Monsieur Dior Eau Fraiche,2009,https://www.fragrantica.com/perfume/Dior/Les-Creations-de-Monsieur-Dior-Eau-Fraiche-7373.html
47675,Dior,Les Creations de Monsieur Dior Forever and Ever,2009,https://www.fragrantica.com/perfume/Dior/Les-Creations-de-Monsieur-Dior-Forever-and-Ever-7374.html
47676,Dior,Lily,1999,https://www.fragrantica.com/perfume/Dior/Lily-2002.html
47677,Dior,Lily Dior,2004,https://www.fragrantica.com/perfume/Dior/Lily-Dior-2003.html
47678,Dior,Lucky,2018,https://www.fragrantica.com/perfume/Dior/Lucky-48385.html
47679,Dior,Lucky Esprit De Parfum (Extrait de Parfum),2024,https://www.fragrantica.com/perfume/Dior/Lucky-Esprit-De-Parfum-95987.html
47680,Dior,Midnight Charm,2006,https://www.fragrantica.com/perfume/Dior/Midnight-Charm-697.html
47681,Dior,Midnight Poison Collector 2008,2008,https://www.parfumo.com/Perfumes/Dior/Midnight_Poison_Collector_2008
47682,Dior,Midnight Poison (Eau de Parfum),2007,https://www.fragrantica.com/perfume/Dior/Midnight-Poison-1282.html
47683,Dior,Midnight Poison Elixir,2008,https://www.fragrantica.com/perfume/Dior/Midnight-Poison-Elixir-3909.html
47684,Dior,Midnight Poison Extrait de Parfum,2007,https://www.fragrantica.com/perfume/Dior/Midnight-Poison-Extrait-de-Parfum-11401.html
47685,Dior,Milly-la-Forêt,2010,https://www.parfumo.com/Perfumes/Dior/La_Collection_Couturier_Parfumeur_MillylaFort
47686,Dior,Miss Dior (2012),2012,https://www.fragrantica.com/perfume/Dior/Miss-Dior-2012-17796.html
47687,Dior,Miss Dior Absolutely Blooming,2016,https://www.fragrantica.com/perfume/Dior/Miss-Dior-Absolutely-Blooming-39070.html
47688,Dior,Miss Dior Absolutely Blooming Roller Pearl,2018,https://www.fragrantica.com/perfume/Dior/Miss-Dior-Absolutely-Blooming-Roller-Pearl-48406.html
47689,Dior,Miss Dior Blooming Bouquet (2023),2023,https://www.fragrantica.com/perfume/Dior/Miss-Dior-Blooming-Bouquet-2023-78945.html
47690,Dior,Miss Dior Blooming Bouquet Couture Edition,2011,https://www.fragrantica.com/perfume/Dior/Miss-Dior-Blooming-Bouquet-Couture-Edition-23281.html
47691,Dior,Miss Dior Blooming Bouquet Dior 2023 Parfum Solide,2023,https://www.parfumo.com/Perfumes/Dior/miss-dior-blooming-bouquet-2023-parfum-solide
47692,Dior,Miss Dior Blooming Bouquet (Eau de Toilette),2014,https://www.fragrantica.com/perfume/Dior/Miss-Dior-Blooming-Bouquet-23280.html
47693,Dior,Miss Dior Blooming Bouquet Hair Mist,2025,https://www.fragrantica.com/perfume/Dior/Miss-Dior-Blooming-Bouquet-Hair-Mist-107260.html
47694,Dior,Miss Dior Blooming Bouquet Roller Pearl,2018,https://www.fragrantica.com/perfume/Dior/Miss-Dior-Blooming-Bouquet-Roller-Pearl-48407.html
47695,Dior,Miss Dior Blooming Bouquet Roller-Pearl,2026,https://www.fragrantica.com/perfume/Dior/Miss-Dior-Blooming-Bouquet-Roller-Pearl-135013.html
47696,Dior,Miss Dior Bobby Limited Edition,2022,https://www.fragrantica.com/perfume/Dior/Miss-Dior-Bobby-Limited-Edition-75538.html
47697,Dior,Miss Dior Brume Soyeuse pour le Corps (Body Mist),2016,https://www.fragrantica.com/perfume/Dior/Miss-Dior-Brume-Soyeuse-pour-le-Corps-37572.html
47698,Dior,Miss Dior Cherie 2007,2007,https://www.fragrantica.com/perfume/Dior/Miss-Dior-Cherie-2007-1514.html
47699,Dior,Miss Dior Chérie Blooming Bouquet,2008,https://www.parfumo.com/Perfumes/Dior/Miss_Dior_Cherie_Blooming_Bouquet
47700,Dior,Miss Dior Cherie Blooming Bouquet 2007,2008,https://www.fragrantica.com/perfume/Dior/Miss-Dior-Cherie-Blooming-Bouquet-2007-3738.html
47701,Dior,Miss Dior Cherie Blooming Bouquet 2011,2011,https://www.fragrantica.com/perfume/Dior/Miss-Dior-Cherie-Blooming-Bouquet-2011-13143.html
47702,Dior,Miss Dior Cherie Eau de Parfum,2011,https://www.fragrantica.com/perfume/Dior/Miss-Dior-Cherie-Eau-de-Parfum-11588.html
47703,Dior,Miss Dior Cherie Eau de Printemps,2008,https://www.fragrantica.com/perfume/Dior/Miss-Dior-Cherie-Eau-de-Printemps-2521.html
47704,Dior,Miss Dior Cherie (Eau de Toilette),2005,https://www.fragrantica.com/perfume/Dior/Miss-Dior-Cherie-213.html
47705,Dior,Miss Dior Cherie Eau De Toilette 2010,2010,https://www.fragrantica.com/perfume/Dior/Miss-Dior-Cherie-Eau-De-Toilette-2010-8208.html
47706,Dior,Miss Dior Cherie Extrait de Parfum,2005,https://www.fragrantica.com/perfume/Dior/Miss-Dior-Cherie-Extrait-de-Parfum-11399.html
47707,Dior,Miss Dior Cherie L'Eau,2009,https://www.fragrantica.com/perfume/Dior/Miss-Dior-Cherie-L-Eau-5722.html
47708,Dior,Miss Dior Couture Edition,2011,https://www.fragrantica.com/perfume/Dior/Miss-Dior-Couture-Edition-13763.html
47709,Dior,Miss Dior Dior 1992 Extrait de Parfum Original,1992,https://www.parfumo.com/Perfumes/Dior/Miss_Dior_Original
47710,Dior,Miss Dior Dior 2012 Eau de Parfum,2012,https://www.parfumo.com/Perfumes/Dior/Miss_Dior_Eau_de_Parfum_2012
47711,Dior,Miss Dior Dior 2015 Parfum pour les Cheveux,2015,https://www.parfumo.com/Perfumes/Dior/Miss_Dior_Parfum_pour_les_Cheveux
47712,Dior,Miss Dior Dior 2017 Eau de Parfum,2017,https://www.parfumo.com/Perfumes/Dior/Miss_Dior_2017_Eau_de_Parfum
47713,Dior,Miss Dior Dior 2021 Eau de Parfum,2021,https://www.parfumo.com/Perfumes/Dior/miss-dior-2021-eau-de-parfum
47714,Dior,Miss Dior Dior 2023 Parfum Solide,2023,https://www.parfumo.com/Perfumes/Dior/miss-dior-2021-parfum-solide
47715,Dior,Miss Dior Dior Brume pour le Corps,,https://www.parfumo.com/Perfumes/Dior/miss-dior-brume-pour-le-corps
47716,Dior,Miss Dior Dior Esprit de Parfum Original,,https://www.parfumo.com/Perfumes/Dior/Miss_Dior_Original_Esprit_de_Parfum
47717,Dior,Miss Dior (Eau de Cologne),1947,https://www.fragrantica.com/perfume/Dior/Miss-Dior-223.html
47718,Dior,Miss Dior Eau de Parfum (2017),2017,https://www.fragrantica.com/perfume/Dior/Miss-Dior-Eau-de-Parfum-2017-45202.html
47719,Dior,Miss Dior Eau de Parfum (2021),2021,https://www.fragrantica.com/perfume/Dior/Miss-Dior-Eau-de-Parfum-2021-68905.html
47720,Dior,Miss Dior Eau de Parfum (2026),2026,https://www.fragrantica.com/perfume/Dior/Miss-Dior-Eau-de-Parfum-2026-139149.html
47721,Dior,Miss Dior Eau de Parfum Hair Mist,2025,https://www.fragrantica.com/perfume/Dior/Miss-Dior-Eau-de-Parfum-Hair-Mist-107262.html
47722,Dior,Miss Dior Eau de Parfum Roller-Pearl,2026,https://www.fragrantica.com/perfume/Dior/Miss-Dior-Eau-de-Parfum-Roller-Pearl-135010.html
47723,Dior,Miss Dior Eau De Toilette,2013,https://www.fragrantica.com/perfume/Dior/Miss-Dior-Eau-De-Toilette-17478.html
47724,Dior,Miss Dior Eau de Toilette 2019,2019,https://www.fragrantica.com/perfume/Dior/Miss-Dior-Eau-de-Toilette-2019-53144.html
47725,Dior,Miss Dior Eau de Toilette Originale,2011,https://www.fragrantica.com/perfume/Dior/Miss-Dior-Eau-de-Toilette-Originale-23282.html
47726,Dior,Miss Dior Eau de Toilette Roller Pearl 2019,2019,https://www.fragrantica.com/perfume/Dior/Miss-Dior-Eau-de-Toilette-Roller-Pearl-2019-53145.html
47727,Dior,Miss Dior Eau Fraiche,2012,https://www.fragrantica.com/perfume/Dior/Miss-Dior-Eau-Fraiche-14152.html
47728,Dior,Miss Dior Edition d’Exception,2015,https://www.fragrantica.com/perfume/Dior/Miss-Dior-Edition-d-Exception-30169.html
47729,Dior,Miss Dior Edition D'Exception 2015,2015,https://huggingface.co/datasets/doevent/perfume
47730,Dior,Miss Dior Esprit de Parfum (Extrait de Parfum),1990,https://www.fragrantica.com/perfume/Dior/Miss-Dior-Esprit-de-Parfum-23283.html
47731,Dior,Miss Dior Essence,2025,https://www.fragrantica.com/perfume/Dior/Miss-Dior-Essence-112972.html
47732,Dior,Miss Dior Essence by Maison Février,2025,https://www.fragrantica.com/perfume/Dior/Miss-Dior-Essence-by-Maison-Fevrier-118329.html
47733,Dior,Miss Dior Extrait de Parfum,2014,https://www.fragrantica.com/perfume/Dior/Miss-Dior-Extrait-de-Parfum-26208.html
47734,Dior,Miss Dior Le Parfum,2012,https://www.fragrantica.com/perfume/Dior/Miss-Dior-Le-Parfum-15967.html
47735,Dior,Miss Dior Le Parfum Edition d’Exception,2013,https://www.fragrantica.com/perfume/Dior/Miss-Dior-Le-Parfum-Edition-d-Exception-30168.html
47736,Dior,Miss Dior Le Parfum Édition d'Exception 2017,2017,https://www.parfumo.com/Perfumes/Dior/miss-dior-le-parfum-edition-d-exception-2017
47737,Dior,Miss Dior Love Edition,,https://www.parfumo.com/Perfumes/Dior/miss-dior-love-edition
47738,Dior,Miss Dior Love Edition 2019,2019,https://huggingface.co/datasets/doevent/perfume
47739,Dior,Miss Dior Original Extrait de Parfum,2014,https://www.fragrantica.com/perfume/Dior/Miss-Dior-Original-Extrait-de-Parfum-26209.html
47740,Dior,Miss Dior Originale Harrods 175 Anniversary Edition Amphora,2024,https://www.fragrantica.com/perfume/Dior/Miss-Dior-Originale-Harrods-175-Anniversary-Edition-Amphora-97340.html
47741,Dior,Miss Dior Parfum,1947,https://www.fragrantica.com/perfume/Dior/Miss-Dior-Parfum-11400.html
47742,Dior,Miss Dior Parfum,2024,https://www.parfumo.com/Perfumes/Dior/miss-dior-parfum
47743,Dior,Miss Dior Parfum (2024),2024,https://www.fragrantica.com/perfume/Dior/Miss-Dior-Parfum-2024-89584.html
47744,Dior,Miss Dior Parfum Hair Mist,2025,https://www.fragrantica.com/perfume/Dior/Miss-Dior-Parfum-Hair-Mist-107261.html
47745,Dior,Miss Dior Parfum pour Cheveux,2015,https://www.fragrantica.com/perfume/Dior/Miss-Dior-Parfum-pour-Cheveux-29770.html
47746,Dior,Miss Dior Parfum Roller-Pearl,2026,https://www.fragrantica.com/perfume/Dior/Miss-Dior-Parfum-Roller-Pearl-135007.html
47747,Dior,Miss Dior Rose Essence,2022,https://www.fragrantica.com/perfume/Dior/Miss-Dior-Rose-Essence-73762.html
47748,Dior,Miss Dior Rose N'Roses Dior 2021 Parfum pour les Cheveux,2021,https://www.parfumo.com/Perfumes/Dior/miss-dior-rose-n-roses-parfum-pour-les-cheveux
47749,Dior,Miss Dior Rose N'Roses (Eau de Toilette),2020,https://www.fragrantica.com/perfume/Dior/Miss-Dior-Rose-N-Roses-58562.html
47750,Dior,Miss Dior Rose N'Roses Roller Pearl,2021,https://www.fragrantica.com/perfume/Dior/Miss-Dior-Rose-N-Roses-Roller-Pearl-65505.html
47751,Dior,Miss Dior Special Edition,,https://www.parfumo.com/Perfumes/Dior/miss-dior-special-edition
47752,Dior,Miss Dioramour,2026,https://www.fragrantica.com/perfume/Dior/Miss-Dioramour-124285.html
47753,Dior,Mitzah,2010,https://www.parfumo.com/Perfumes/Dior/La_Collection_Couturier_Parfumeur_Mitzah
47754,Dior,Musc Elixir Precieux,2014,https://www.fragrantica.com/perfume/Dior/Musc-Elixir-Precieux-22984.html
47755,Dior,New Look,2023,https://www.parfumo.com/Perfumes/Dior/new-look
47756,Dior,New Look 1947,2018,https://www.fragrantica.com/perfume/Dior/New-Look-1947-48382.html
47757,Dior,New Look 2024,2024,https://www.fragrantica.com/perfume/Dior/New-Look-2024-88939.html
47758,Dior,Oud Elixir Precieux,2014,https://www.fragrantica.com/perfume/Dior/Oud-Elixir-Precieux-22985.html
47759,Dior,Oud Ispahan,2012,https://www.fragrantica.com/perfume/Dior/Oud-Ispahan-15231.html
47760,Dior,Oud Ispahan,2018,https://www.fragrantica.com/perfume/Dior/Oud-Ispahan-48384.html
47761,Dior,Oud Ispahan Esprit De Parfum (Extrait de Parfum),2024,https://www.fragrantica.com/perfume/Dior/Oud-Ispahan-Esprit-De-Parfum-95985.html
47762,Dior,Oud Ispahan New Look Limited Edition,2022,https://www.fragrantica.com/perfume/Dior/Oud-Ispahan-New-Look-Limited-Edition-71825.html
47763,Dior,Oud Rosewood Dior 2023 Brume de Parfum pour les Cheveux (Body Mist),2023,https://www.parfumo.com/Perfumes/Dior/oud-rosewood-brume-de-parfum-pour-les-cheveux
47764,Dior,Oud Rosewood (Eau de Parfum),2020,https://www.fragrantica.com/perfume/Dior/Oud-Rosewood-60318.html
47765,Dior,Patchouli Elixir Precieux,2022,https://www.fragrantica.com/perfume/Dior/Patchouli-Elixir-Precieux-76183.html
47766,Dior,Patchouli Imperial,2018,https://www.fragrantica.com/perfume/Dior/Patchouli-Imperial-48381.html
47767,Dior,Poison Dior 1985 Esprit de Parfum,1985,https://www.parfumo.com/Perfumes/Dior/Poison_Esprit_de_Parfum
47768,Dior,Poison Dior Parfum Solide,,https://www.parfumo.com/Perfumes/Dior/poison-parfum-solide
47769,Dior,Poison Eau de Cologne,1985,https://www.fragrantica.com/perfume/Dior/Poison-Eau-de-Cologne-42581.html
47770,Dior,Poison (Eau de Toilette),1985,https://www.fragrantica.com/perfume/Dior/Poison-218.html
47771,Dior,Poison Esprit de Parfum (Extrait de Parfum),1990,https://www.fragrantica.com/perfume/Dior/Poison-Esprit-de-Parfum-34811.html
47772,Dior,Poison Extrait de Parfum,2014,https://www.fragrantica.com/perfume/Dior/Poison-Extrait-de-Parfum-26207.html
47773,Dior,Poison Girl (Eau de Parfum),2016,https://www.fragrantica.com/perfume/Dior/Poison-Girl-35561.html
47774,Dior,Poison Girl Eau De Toilette,2017,https://www.fragrantica.com/perfume/Dior/Poison-Girl-Eau-De-Toilette-41809.html
47775,Dior,Poison Girl Eau de Toilette Roller Pearl,2018,https://www.fragrantica.com/perfume/Dior/Poison-Girl-Eau-de-Toilette-Roller-Pearl-53830.html
47776,Dior,Poison Girl Unexpected,2018,https://www.fragrantica.com/perfume/Dior/Poison-Girl-Unexpected-48031.html
47777,Dior,Poison Girl Unexpected Roller Pearl,2018,https://www.fragrantica.com/perfume/Dior/Poison-Girl-Unexpected-Roller-Pearl-53831.html
47778,Dior,Poison Parfum,1992,https://www.fragrantica.com/perfume/Dior/Poison-Parfum-99474.html
47779,Dior,Poison Pendentif Doré,,https://www.parfumo.com/Perfumes/Dior/poison-pendentif-dore
47780,Dior,Pure Poison,2004,https://www.fragrantica.com/perfume/Dior/Pure-Poison-214.html
47781,Dior,Pure Poison Elixir,2006,https://www.fragrantica.com/perfume/Dior/Pure-Poison-Elixir-796.html
47782,Dior,Purple Oud,2018,https://www.fragrantica.com/perfume/Dior/Purple-Oud-48376.html
47783,Dior,Remember Me,2000,https://www.fragrantica.com/perfume/Dior/Remember-Me-2001.html
47784,Dior,Rose Elixir Precieux,2014,https://www.fragrantica.com/perfume/Dior/Rose-Elixir-Precieux-22982.html
47785,Dior,Rose Gipsy,2018,https://www.fragrantica.com/perfume/Dior/Rose-Gipsy-48390.html
47786,Dior,Rose Kabuki Dior 2023 Brume de Parfum pour les Cheveux (Body Mist),2023,https://www.parfumo.com/Perfumes/Dior/rose-kabuki-brume-de-parfum-pour-les-cheveux
47787,Dior,Rose Kabuki (Eau de Parfum),2018,https://www.fragrantica.com/perfume/Dior/Rose-Kabuki-48380.html
47788,Dior,Rose Star,2025,https://www.fragrantica.com/perfume/Dior/Rose-Star-106146.html
47789,Dior,Rouge Trafalgar,2020,https://www.fragrantica.com/perfume/Dior/Rouge-Trafalgar-58665.html
47790,Dior,Rouge Trafalgar Esprit De Parfum (Extrait de Parfum),2024,https://www.fragrantica.com/perfume/Dior/Rouge-Trafalgar-Esprit-De-Parfum-95983.html
47791,Dior,Sakura,2018,https://www.fragrantica.com/perfume/Dior/Sakura-48379.html
47792,Dior,Santal Noir,2018,https://www.fragrantica.com/perfume/Dior/Santal-Noir-48378.html
47793,Dior,Sauvage Dior 2015 Lotion Après-Rasage,2015,https://www.parfumo.com/Perfumes/Dior/Sauvage_Lotion_Apres_Rasage
47794,Dior,Sauvage Eau de Parfum,2018,https://www.fragrantica.com/perfume/Dior/Sauvage-Eau-de-Parfum-48100.html
47795,Dior,Sauvage Eau de Parfum Into The Wild,2025,https://www.fragrantica.com/perfume/Dior/Sauvage-Eau-de-Parfum-Into-The-Wild-114983.html
47796,Dior,Sauvage (Eau de Toilette),2015,https://www.fragrantica.com/perfume/Dior/Sauvage-31861.html
47797,Dior,Sauvage Eau de Toilette Into The Wild,2025,https://www.fragrantica.com/perfume/Dior/Sauvage-Eau-de-Toilette-Into-The-Wild-114982.html
47798,Dior,Sauvage Eau Forte,2024,https://www.fragrantica.com/perfume/Dior/Sauvage-Eau-Forte-95863.html
47799,Dior,Sauvage Elixir,2021,https://www.fragrantica.com/perfume/Dior/Sauvage-Elixir-68415.html
47800,Dior,Sauvage Elixir Baccarat Edition 2023,2023,https://huggingface.co/datasets/doevent/perfume
47801,Dior,Sauvage Elixir x Baccarat,,https://www.parfumo.com/Perfumes/Dior/sauvage-elixir-x-baccarat
47802,Dior,Sauvage Extrait,2026,https://www.fragrantica.com/perfume/Dior/Sauvage-Extrait-138704.html
47803,Dior,Sauvage Parfum,2019,https://www.fragrantica.com/perfume/Dior/Sauvage-Parfum-56324.html
47804,Dior,Sauvage Parfum Into The Wild,2025,https://www.fragrantica.com/perfume/Dior/Sauvage-Parfum-Into-The-Wild-114984.html
47805,Dior,Sauvage Rare Blend,2025,https://www.fragrantica.com/perfume/Dior/Sauvage-Rare-Blend-118815.html
47806,Dior,Sauvage Very Cool Spray,2017,https://www.fragrantica.com/perfume/Dior/Sauvage-Very-Cool-Spray-43933.html
47807,Dior,Souffle De Soie,2018,https://www.fragrantica.com/perfume/Dior/Souffle-De-Soie-48377.html
47808,Dior,Spice Blend,2019,https://www.fragrantica.com/perfume/Dior/Spice-Blend-56055.html
47809,Dior,Sweet Sun,2004,https://www.fragrantica.com/perfume/Dior/Sweet-Sun-1295.html
47810,Dior,Tendre Poison Brume Parfumée (Body Mist),2020,https://www.fragrantica.com/perfume/Dior/Tendre-Poison-Brume-Parfumee-101009.html
47811,Dior,Tendre Poison Dior Brume Parfumée,,https://www.parfumo.com/Perfumes/Dior/Tendre_Poison_Brume_Parfumee
47812,Dior,Tendre Poison Dior Parfum Solide,,https://www.parfumo.com/Perfumes/Dior/tendre-poison-parfum-solide
47813,Dior,Tendre Poison (Eau de Toilette),1994,https://www.fragrantica.com/perfume/Dior/Tendre-Poison-220.html
47814,Dior,Tendre Poison Parfum,1994,https://www.fragrantica.com/perfume/Dior/Tendre-Poison-Parfum-78485.html
47815,Dior,Terra Bella,2018,https://www.fragrantica.com/perfume/Dior/Terra-Bella-48374.html
47816,Dior,The Cachemire,2018,https://www.fragrantica.com/perfume/Dior/The-Cachemire-48371.html
47817,Dior,Tobacolor,2021,https://www.fragrantica.com/perfume/Dior/Tobacolor-65551.html
47818,Dior,Vanilla Diorama,2021,https://www.fragrantica.com/perfume/Dior/Vanilla-Diorama-68198.html
47819,Dior,Vétiver,2010,https://www.parfumo.com/Perfumes/Dior/La_Collection_Couturier_Parfumeur_Vetiver
47820,Diptyque,34 Boulevard Saint Germain,2011,https://www.fragrantica.com/perfume/Diptyque/34-Boulevard-Saint-Germain-12208.html
47821,Diptyque,34 Boulevard Saint Germain : Benjoin Bohème,,https://huggingface.co/datasets/doevent/perfume
47822,Diptyque,34 Boulevard Saint Germain Eau de Parfum,2018,https://www.fragrantica.com/perfume/Diptyque/34-Boulevard-Saint-Germain-Eau-de-Parfum-51383.html
47823,Diptyque,34 Boulevard Saint Germain : Eau Mage,,https://huggingface.co/datasets/doevent/perfume
47824,Diptyque,34 Boulevard Saint Germain : Kimonanthe,,https://huggingface.co/datasets/doevent/perfume
47825,Diptyque,34 Boulevard Saint Germain L'Eau Du Trente-Quatre,,https://huggingface.co/datasets/doevent/perfume
47826,Diptyque,34 Boulevard Saint Germain : Opôné,,https://huggingface.co/datasets/doevent/perfume
47827,Diptyque,34 Boulevard Saint Germain Solid Perfume,2011,https://www.fragrantica.com/perfume/Diptyque/34-Boulevard-Saint-Germain-Solid-Perfume-106894.html
47828,Diptyque,Benjoin Bohème,2015,https://www.fragrantica.com/perfume/Diptyque/Benjoin-Boheme-40942.html
47829,Diptyque,Bois Corsé,2024,https://www.fragrantica.com/perfume/Diptyque/Bois-Corse-96742.html
47830,Diptyque,Boulevard Saint Germain Diptyque 2011 Eau de Toilette,2011,https://www.parfumo.com/Perfumes/Diptyque/34_Boulevard_Saint_Germain_Eau_de_Toilette
47831,Diptyque,Boulevard Saint Germain Diptyque 2011 Parfum Solide,2011,https://www.parfumo.com/Perfumes/Diptyque/34-boulevard-saint-germain-parfum-solide
47832,Diptyque,Boulevard Saint Germain Diptyque 2018 Eau de Parfum,2018,https://www.parfumo.com/Perfumes/Diptyque/34_Boulevard_Saint_Germain_Eau_de_Parfum
47833,Diptyque,Citronnelle & Geranium,2021,https://www.fragrantica.com/perfume/Diptyque/Citronnelle-Geranium-67807.html
47834,Diptyque,Citronnelle & Geranium Body Mist,,https://huggingface.co/datasets/doevent/perfume
47835,Diptyque,Corail Oscuro,2024,https://www.fragrantica.com/perfume/Diptyque/Corail-Oscuro-96741.html
47836,Diptyque,Do Son Diptyque 2005 Huile Parfum (Perfume Oil),2005,https://www.parfumo.com/Perfumes/Diptyque/Do_Son_Huile_Parfum
47837,Diptyque,Do Son Diptyque 2005 Parfum Solide,2005,https://www.parfumo.com/Perfumes/Diptyque/do-son-parfum-solide
47838,Diptyque,Do Son Diptyque Brume Corps (Body Mist),,https://www.parfumo.com/Perfumes/Diptyque/do-son-brume-corps
47839,Diptyque,Do Son Diptyque Parfum Cheveux (Hair Mist),,https://www.parfumo.com/Perfumes/Diptyque/do-son-parfum-cheveux
47840,Diptyque,Do Son Eau de Parfum,2013,https://www.fragrantica.com/perfume/Diptyque/Do-Son-Eau-de-Parfum-49098.html
47841,Diptyque,Do Son Eau de Toilette,2005,https://www.fragrantica.com/perfume/Diptyque/Do-Son-Eau-de-Toilette-6501.html
47842,Diptyque,Do Son Édition Limitée 2015,2015,https://www.parfumo.com/Perfumes/Diptyque/Do_Son_Limited_Edition
47843,Diptyque,Do Son Édition Limitée 2019,2019,https://www.parfumo.com/Perfumes/Diptyque/Do_Son_Limited_Edition_2019
47844,Diptyque,Do Son Édition Limitée 2020,2020,https://www.parfumo.com/Perfumes/Diptyque/do-son-dition-limite-2020
47845,Diptyque,Do Son Édition Limitée 2021,2021,https://www.parfumo.com/Perfumes/Diptyque/do-son-edition-limitee-2021
47846,Diptyque,Do Son Édition Limitée 2022 Diptyque 2022 Eau de Parfum,2022,https://www.parfumo.com/Perfumes/Diptyque/do-son-edition-limitee-2022-eau-de-parfum
47847,Diptyque,Do Son Édition Limitée 2022 Diptyque 2022 Eau de Toilette,2022,https://www.parfumo.com/Perfumes/Diptyque/do-son-edition-limitee-2022-eau-de-toilette
47848,Diptyque,Do Son Édition Limitée 2023 Diptyque 2023 Eau de Parfum,2023,https://www.parfumo.com/Perfumes/Diptyque/do-son-edition-limitee-2023-eau-de-parfum
47849,Diptyque,Do Son Édition Limitée 2023 Diptyque 2023 Eau de Toilette,2023,https://www.parfumo.com/Perfumes/Diptyque/do-son-edition-limitee-2023-eau-de-toilette
47850,Diptyque,Do Son Édition Limitée 2024 Diptyque 2024 Eau de Parfum,2024,https://www.parfumo.com/Perfumes/Diptyque/do-son-edition-limitee-2024-eau-de-parfum
47851,Diptyque,Do Son Édition Limitée 2024 Diptyque 2024 Eau de Toilette,2024,https://www.parfumo.com/Perfumes/Diptyque/do-son-edition-limitee-2024-eau-de-toilette
47852,Diptyque,Do Son Limited Edition,2019,https://www.fragrantica.com/perfume/Diptyque/Do-Son-Limited-Edition-55613.html
47853,Diptyque,Do Son Limited Edition,2024,https://www.fragrantica.com/perfume/Diptyque/Do-Son-Limited-Edition-90244.html
47854,Diptyque,Do Son Solid Perfume,2012,https://www.fragrantica.com/perfume/Diptyque/Do-Son-Solid-Perfume-106890.html
47855,Diptyque,Eau Capitale Diptyque 2020 Parfum Solide,2020,https://www.parfumo.com/Perfumes/Diptyque/eau-capitale-parfum-solide
47856,Diptyque,Eau Capitale Diptyque Parfum Cheveux,,https://www.parfumo.com/Perfumes/Diptyque/eau-capitale-parfum-cheveux
47857,Diptyque,Eau Capitale Eau de Parfum,2019,https://www.fragrantica.com/perfume/Diptyque/Eau-Capitale-Eau-de-Parfum-58391.html
47858,Diptyque,Eau Capitale Solid Perfume,2020,https://www.fragrantica.com/perfume/Diptyque/Eau-Capitale-Solid-Perfume-106895.html
47859,Diptyque,Eau d'Elide,1988,https://www.fragrantica.com/perfume/Diptyque/Eau-d-Elide-3830.html
47860,Diptyque,Eau de 34,2013,https://www.fragrantica.com/perfume/Diptyque/Eau-de-34-17482.html
47861,Diptyque,Eau de Lavande,2014,https://www.fragrantica.com/perfume/Diptyque/Eau-de-Lavande-24917.html
47862,Diptyque,Eau de Lierre Eau de Toilette,2006,https://www.fragrantica.com/perfume/Diptyque/Eau-de-Lierre-Eau-de-Toilette-6500.html
47863,Diptyque,Eau de Minthé,2019,https://www.fragrantica.com/perfume/Diptyque/Eau-de-Minthe-54387.html
47864,Diptyque,Eau des Sens Diptyque Parfum Cheveux,,https://www.parfumo.com/Perfumes/Diptyque/eau-des-sens-parfum-cheveux
47865,Diptyque,Eau des Sens Eau de Toilette,2016,https://www.fragrantica.com/perfume/Diptyque/Eau-des-Sens-Eau-de-Toilette-35678.html
47866,Diptyque,Eau des Sens Édition Limitée 2019,2019,https://www.parfumo.com/Perfumes/Diptyque/Eau_des_Sens_Limited_Edition_2019
47867,Diptyque,Eau des Sens Édition Limitée 2020,2020,https://www.parfumo.com/Perfumes/Diptyque/eau-des-sens-edition-limitee-2020
47868,Diptyque,Eau des Sens Limited Edition,2019,https://www.fragrantica.com/perfume/Diptyque/Eau-des-Sens-Limited-Edition-55616.html
47869,Diptyque,Eau Dominotee,2017,https://www.fragrantica.com/perfume/Diptyque/Eau-Dominotee-42827.html
47870,Diptyque,Eau Duelle Eau de Parfum,2013,https://www.fragrantica.com/perfume/Diptyque/Eau-Duelle-Eau-de-Parfum-49100.html
47871,Diptyque,Eau Duelle Eau de Toilette,2010,https://www.fragrantica.com/perfume/Diptyque/Eau-Duelle-Eau-de-Toilette-9241.html
47872,Diptyque,Eau Lente Eau de Toilette,1986,https://www.fragrantica.com/perfume/Diptyque/Eau-Lente-Eau-de-Toilette-3829.html
47873,Diptyque,Eau Mage Eau de Parfum,2015,https://www.fragrantica.com/perfume/Diptyque/Eau-Mage-Eau-de-Parfum-42153.html
47874,Diptyque,Eau Mage (Eau de Toilette),2011,https://www.fragrantica.com/perfume/Diptyque/Eau-Mage-13297.html
47875,Diptyque,Eau Moheli,2013,https://www.fragrantica.com/perfume/Diptyque/Eau-Moheli-18180.html
47876,Diptyque,Eau Mohéli Édition Limitée 2020,2020,https://www.parfumo.com/Perfumes/Diptyque/eau-moheli-edition-limitee-2020
47877,Diptyque,Eau Nabati,2023,https://www.fragrantica.com/perfume/Diptyque/Eau-Nabati-80355.html
47878,Diptyque,Eau Particulière,2011,https://www.parfumo.com/Perfumes/Diptyque/Eau_Particuliere
47879,Diptyque,Eau Plurielle,2015,https://www.fragrantica.com/perfume/Diptyque/Eau-Plurielle-29372.html
47880,Diptyque,Eau Rihla Eau de Parfum,2021,https://www.fragrantica.com/perfume/Diptyque/Eau-Rihla-Eau-de-Parfum-66765.html
47881,Diptyque,Eau Rose Diptyque Parfum Cheveux,,https://www.parfumo.com/Perfumes/Diptyque/eau-rose-parfum-cheveux
47882,Diptyque,Eau Rose Diptyque Parfum Solide,,https://www.parfumo.com/Perfumes/Diptyque/Eau_Rose_Parfum_Solide
47883,Diptyque,Eau Rose Eau De Parfum,2022,https://www.fragrantica.com/perfume/Diptyque/Eau-Rose-Eau-De-Parfum-71661.html
47884,Diptyque,Eau Rose (Eau de Toilette),2012,https://www.fragrantica.com/perfume/Diptyque/Eau-Rose-14214.html
47885,Diptyque,Eau Rose Édition Limitée 2020,2020,https://www.parfumo.com/Perfumes/Diptyque/eau-rose-edition-limitee-2020
47886,Diptyque,Eau Rose Solid perfume,2013,https://www.fragrantica.com/perfume/Diptyque/Eau-Rose-Solid-perfume-106889.html
47887,Diptyque,Essences Insensées 2015,2015,https://www.fragrantica.com/perfume/Diptyque/Essences-Insensees-2015-31894.html
47888,Diptyque,Essences Insensées Diptyque 2016 Parfum Solide,2016,https://www.parfumo.com/Perfumes/Diptyque/essences-insensees-2016-parfum-solide
47889,Diptyque,Essences Insensees (Eau de Parfum),2014,https://www.fragrantica.com/perfume/Diptyque/Essences-Insensees-26771.html
47890,Diptyque,Essences Insensées Rose de Mai Eau de Parfum,2016,https://www.fragrantica.com/perfume/Diptyque/Essences-Insensees-Rose-de-Mai-Eau-de-Parfum-44027.html
47891,Diptyque,Essences Insensées Tiare,2019,https://www.fragrantica.com/perfume/Diptyque/Essences-Insensees-Tiare-55687.html
47892,Diptyque,Fleur de Peau,2018,https://www.fragrantica.com/perfume/Diptyque/Fleur-de-Peau-131717.html
47893,Diptyque,Fleur de Peau Diptyque Parfum Cheveux (Hair Mist),,https://www.parfumo.com/Perfumes/Diptyque/fleur-de-peau-parfum-cheveux
47894,Diptyque,Fleur de Peau Eau de Parfum,2018,https://www.fragrantica.com/perfume/Diptyque/Fleur-de-Peau-Eau-de-Parfum-48681.html
47895,Diptyque,Fleur de Peau Eau de Toilette,2025,https://www.fragrantica.com/perfume/Diptyque/Fleur-de-Peau-Eau-de-Toilette-112975.html
47896,Diptyque,Fleur de Peau Multiuse Fragrance,2020,https://www.fragrantica.com/perfume/Diptyque/Fleur-de-Peau-Multiuse-Fragrance-61029.html
47897,Diptyque,Florabellio Eau de Toilette,2015,https://www.fragrantica.com/perfume/Diptyque/Florabellio-Eau-de-Toilette-30194.html
47898,Diptyque,Geranium Odorata,2014,https://www.fragrantica.com/perfume/Diptyque/Geranium-Odorata-24919.html
47899,Diptyque,Ilio Diptyque 2021 Parfum Cheveux,2021,https://www.parfumo.com/Perfumes/Diptyque/ilio-parfum-cheveux
47900,Diptyque,Ilio (Eau de Toilette),2021,https://www.fragrantica.com/perfume/Diptyque/Ilio-67808.html
47901,Diptyque,Ilio Edition Limitée 2024,2024,https://www.parfumo.com/Perfumes/Diptyque/ilio-edition-limitee-2024
47902,Diptyque,Ilio Limited Edition,2023,https://www.fragrantica.com/perfume/Diptyque/Ilio-Limited-Edition-82763.html
47903,Diptyque,Impossible Bouquet Do Son,2020,https://www.fragrantica.com/perfume/Diptyque/Impossible-Bouquet-Do-Son-59803.html
47904,Diptyque,Impossible Bouquet Eau des Sens,2020,https://www.fragrantica.com/perfume/Diptyque/Impossible-Bouquet-Eau-des-Sens-59805.html
47905,Diptyque,Impossible Bouquet Eau Moheli,2020,https://www.fragrantica.com/perfume/Diptyque/Impossible-Bouquet-Eau-Moheli-59807.html
47906,Diptyque,Impossible Bouquet Eau Rose,2020,https://www.fragrantica.com/perfume/Diptyque/Impossible-Bouquet-Eau-Rose-59804.html
47907,Diptyque,Impossible Bouquet L'Ombre Dans L'Eau,2020,https://www.fragrantica.com/perfume/Diptyque/Impossible-Bouquet-L-Ombre-Dans-L-Eau-59806.html
47908,Diptyque,Impossible Bouquet Olene,2020,https://www.fragrantica.com/perfume/Diptyque/Impossible-Bouquet-Olene-59808.html
47909,Diptyque,Jardin Clos,2003,https://www.fragrantica.com/perfume/Diptyque/Jardin-Clos-3831.html
47910,Diptyque,Kimonanthe,2017,https://www.fragrantica.com/perfume/Diptyque/Kimonanthe-42943.html
47911,Diptyque,Kyoto,2021,https://www.fragrantica.com/perfume/Diptyque/Kyoto-69014.html
47912,Diptyque,L'Autre Eau de Toilette,1973,https://www.fragrantica.com/perfume/Diptyque/L-Autre-Eau-de-Toilette-3832.html
47913,Diptyque,L'Eau de L'Eau,2008,https://www.fragrantica.com/perfume/Diptyque/L-Eau-de-L-Eau-3834.html
47914,Diptyque,L'Eau de Neroli,2008,https://www.fragrantica.com/perfume/Diptyque/L-Eau-de-Neroli-3835.html
47915,Diptyque,L'Eau de Tarocco,2009,https://www.fragrantica.com/perfume/Diptyque/L-Eau-de-Tarocco-7832.html
47916,Diptyque,L'eau des Hesperides,2008,https://www.fragrantica.com/perfume/Diptyque/L-eau-des-Hesperides-3836.html
47917,Diptyque,L’Eau des Hesperides Dream Summer Garden Edition,2025,https://www.fragrantica.com/perfume/Diptyque/L-Eau-des-Hesperides-Dream-Summer-Garden-Edition-107902.html
47918,Diptyque,L'Eau du Trente-Quatre,2013,https://www.fragrantica.com/perfume/Diptyque/L-Eau-du-Trente-Quatre-67921.html
47919,Diptyque,L'Eau Eau de Toilette,1968,https://www.fragrantica.com/perfume/Diptyque/L-Eau-Eau-de-Toilette-3833.html
47920,Diptyque,L'Eau Papier,2023,https://www.fragrantica.com/perfume/Diptyque/L-Eau-Papier-78658.html
47921,Diptyque,L'Eau Papier Édition Limitée 2023,2023,https://www.parfumo.com/Perfumes/Diptyque/l-eau-papier-edition-limitee-2023
47922,Diptyque,L'Eau Papier Hair Mist,2024,https://www.fragrantica.com/perfume/Diptyque/L-Eau-Papier-Hair-Mist-97734.html
47923,Diptyque,L'Eau Papier Solid Perfume,,https://www.fragrantica.com/perfume/Diptyque/L-Eau-Papier-Solid-Perfume-106886.html
47924,Diptyque,L'Eau Trois Eau de Toilette,1975,https://www.fragrantica.com/perfume/Diptyque/L-Eau-Trois-Eau-de-Toilette-3828.html
47925,Diptyque,L'Ombre dans L'Eau Diptyque 2012 Eau de Parfum,2012,https://www.parfumo.com/Perfumes/Diptyque/L_Ombre_dans_L_Eau_Eau_de_Parfum
47926,Diptyque,L'Ombre dans L'Eau Diptyque Huile Parfum,,https://www.parfumo.com/Perfumes/Diptyque/L_Ombre_dans_L_Eau_Huile_Parfum
47927,Diptyque,L'Ombre dans L'Eau Diptyque Parfum Solide,,https://www.parfumo.com/Perfumes/Diptyque/l-ombre-dans-l-eau-parfum-solide
47928,Diptyque,L’Ombre Dans L’Eau Eau de Parfum,2012,https://www.fragrantica.com/perfume/Diptyque/L-Ombre-Dans-L-Eau-Eau-de-Parfum-49099.html
47929,Diptyque,L'Ombre Dans L'Eau Eau de Toilette,1983,https://www.fragrantica.com/perfume/Diptyque/L-Ombre-Dans-L-Eau-Eau-de-Toilette-3962.html
47930,Diptyque,L'Ombre dans L'Eau Édition Limitée 2015,2015,https://www.parfumo.com/Perfumes/Diptyque/L_Ombre_dans_L_Eau_Limited_Edition
47931,Diptyque,L'Ombre dans L'Eau Édition Limitée 2019,2019,https://www.parfumo.com/Perfumes/Diptyque/L_Ombre_dans_L_Eau_Limited_Edition_2019
47932,Diptyque,L'Ombre dans L'Eau Édition Limitée 2020,2020,https://www.parfumo.com/Perfumes/Diptyque/l-ombre-dans-l-eau-edition-limitee-2020
47933,Diptyque,L'Ombre Dans L'Eau Limited Edition,2019,https://www.fragrantica.com/perfume/Diptyque/L-Ombre-Dans-L-Eau-Limited-Edition-55614.html
47934,Diptyque,L'Ombre dans l'Eau Solid Perfume,2012,https://www.fragrantica.com/perfume/Diptyque/L-Ombre-dans-l-Eau-Solid-Perfume-106893.html
47935,Diptyque,Lazulio,2025,https://www.fragrantica.com/perfume/Diptyque/Lazulio-112766.html
47936,Diptyque,Lilyphéa,2024,https://www.fragrantica.com/perfume/Diptyque/Lilyphea-96740.html
47937,Diptyque,Lunamaris,2024,https://www.fragrantica.com/perfume/Diptyque/Lunamaris-96739.html
47938,Diptyque,Ofresia Eau de Toilette,1999,https://www.fragrantica.com/perfume/Diptyque/Ofresia-Eau-de-Toilette-3961.html
47939,Diptyque,Olene Eau de Toilette,1988,https://www.fragrantica.com/perfume/Diptyque/Olene-Eau-de-Toilette-3960.html
47940,Diptyque,Olène Édition Limitée 2020,2020,https://www.parfumo.com/Perfumes/Diptyque/olene-edition-limitee-2020
47941,Diptyque,Ôponé Diptyque 2007 Eau de Parfum,2007,https://www.parfumo.com/Perfumes/Diptyque/Opone_Eau_de_Parfum
47942,Diptyque,Ôponé (Eau de Toilette),2001,https://www.fragrantica.com/perfume/Diptyque/Opone-3959.html
47943,Diptyque,Opsis,2022,https://www.fragrantica.com/perfume/Diptyque/Opsis-75187.html
47944,Diptyque,Orphéon,2026,https://www.fragrantica.com/perfume/Diptyque/Orpheon-125429.html
47945,Diptyque,Orphéon Eau de Parfum,2021,https://www.fragrantica.com/perfume/Diptyque/Orpheon-Eau-de-Parfum-65738.html
47946,Diptyque,Orphéon Solid Perfume,2021,https://www.fragrantica.com/perfume/Diptyque/Orpheon-Solid-Perfume-106892.html
47947,Diptyque,Othoniel Rosa,2020,https://www.fragrantica.com/perfume/Diptyque/Othoniel-Rosa-61622.html
47948,Diptyque,Oud Palao Eau de Parfum,2015,https://www.fragrantica.com/perfume/Diptyque/Oud-Palao-Eau-de-Parfum-31738.html
47949,Diptyque,Oyedo Eau de Toilette,2000,https://www.fragrantica.com/perfume/Diptyque/Oyedo-Eau-de-Toilette-3958.html
47950,Diptyque,Particuliere Eau Parfume,2011,https://www.fragrantica.com/perfume/Diptyque/Particuliere-Eau-Parfume-13296.html
47951,Diptyque,Philosykos Diptyque 2011 Parfum Solide,2011,https://www.parfumo.com/Perfumes/Diptyque/philosykos-parfum-solide
47952,Diptyque,Philosykos Diptyque Huile Parfum,,https://www.parfumo.com/Perfumes/Diptyque/Philosykos_Huile_Parfum
47953,Diptyque,Philosykos Eau de Parfum,1996,https://www.fragrantica.com/perfume/Diptyque/Philosykos-Eau-de-Parfum-3865.html
47954,Diptyque,Philosykos Eau de Parfum 2012,2012,https://www.fragrantica.com/perfume/Diptyque/Philosykos-Eau-de-Parfum-2012-56405.html
47955,Diptyque,Philosykos Eau de Toilette,1996,https://www.fragrantica.com/perfume/Diptyque/Philosykos-Eau-de-Toilette-72040.html
47956,Diptyque,Philosykos Édition Limitée 2015,2015,https://www.parfumo.com/Perfumes/Diptyque/Philosykos_Limited_Edition
47957,Diptyque,Philosykos Édition Limitée 2019,2019,https://www.parfumo.com/Perfumes/Diptyque/Philosykos_Limited_Edition_2019
47958,Diptyque,Philosykos Limited Edition,2019,https://www.fragrantica.com/perfume/Diptyque/Philosykos-Limited-Edition-55615.html
47959,Diptyque,Philosykos Solid Perfume,,https://www.fragrantica.com/perfume/Diptyque/Philosykos-Solid-Perfume-106887.html
47960,Diptyque,Rosaviola,2016,https://www.parfumo.com/Perfumes/Diptyque/Rosaviola
47961,Diptyque,Rose Roche,2024,https://www.fragrantica.com/perfume/Diptyque/Rose-Roche-96738.html
47962,Diptyque,Tam Dao Eau de Parfum,2013,https://www.fragrantica.com/perfume/Diptyque/Tam-Dao-Eau-de-Parfum-49104.html
47963,Diptyque,Tam Dao Eau de Toilette,2003,https://www.fragrantica.com/perfume/Diptyque/Tam-Dao-Eau-de-Toilette-3956.html
47964,Diptyque,Tam Dao Édition Limitée 2019,2019,https://www.parfumo.com/Perfumes/Diptyque/Tam_Dao_Limited_Edition_2019
47965,Diptyque,Tam Dao Limited Edition,2019,https://www.fragrantica.com/perfume/Diptyque/Tam-Dao-Limited-Edition-55612.html
47966,Diptyque,Tempo Eau de Parfum,2018,https://www.fragrantica.com/perfume/Diptyque/Tempo-Eau-de-Parfum-48680.html
47967,Diptyque,Venise,2021,https://www.fragrantica.com/perfume/Diptyque/Venise-69015.html
47968,Diptyque,Vetyverio Eau De Parfum,2017,https://www.fragrantica.com/perfume/Diptyque/Vetyverio-Eau-De-Parfum-46627.html
47969,Diptyque,Vetyverio Eau de Toilette,2010,https://www.fragrantica.com/perfume/Diptyque/Vetyverio-Eau-de-Toilette-8787.html
47970,Diptyque,Vinaigre de Toilette,1975,https://www.fragrantica.com/perfume/Diptyque/Vinaigre-de-Toilette-8777.html
47971,Diptyque,Vinaigre de Toilette Edition Méditerranée,2021,https://www.fragrantica.com/perfume/Diptyque/Vinaigre-de-Toilette-Edition-Mediterranee-67809.html
47972,Diptyque,Virgilio,1990,https://www.fragrantica.com/perfume/Diptyque/Virgilio-3957.html
47973,Diptyque,Volutes Diptyque Parfum Solide (Solid Perfume),,https://www.parfumo.com/Perfumes/Diptyque/volutes-parfum-solide
47974,Diptyque,Volutes Eau de Parfum,2012,https://www.fragrantica.com/perfume/Diptyque/Volutes-Eau-de-Parfum-49101.html
47975,Diptyque,Volutes Eau de Toilette,2012,https://www.fragrantica.com/perfume/Diptyque/Volutes-Eau-de-Toilette-15230.html
47976,Dirhams Dubai,Luxury Leather,2024,https://www.fragrantica.com/perfume/Dirhams-Dubai/Luxury-Leather-96506.html
47977,DIRISTA,BENEATH THE SNOW,2023,https://www.fragrantica.com/perfume/DIRISTA/BENEATH-THE-SNOW-108107.html
47978,DIRISTA,MAHOGANY BROWN,2023,https://www.fragrantica.com/perfume/DIRISTA/MAHOGANY-BROWN-108109.html
47979,DIRISTA,RELIEF,2023,https://www.fragrantica.com/perfume/DIRISTA/RELIEF-108108.html
47980,Dirk Bikkembergs,Dirk,2016,https://www.fragrantica.com/perfume/Dirk-Bikkembergs/Dirk-38665.html
47981,Dirty Soul Soap Co.,Banana Candy,2019,https://www.parfumo.com/Perfumes/dirty-soul-soap-co/banana-candy
47982,Dirty Soul Soap Co.,Banana Milk,2007,https://www.parfumo.com/Perfumes/dirty-soul-soap-co/banana-milk
47983,Dirty Soul Soap Co.,Banana Split,2015,https://www.parfumo.com/Perfumes/dirty-soul-soap-co/banana-split
47984,Dirty Soul Soap Co.,Blue Raspberry,,https://www.parfumo.com/Perfumes/dirty-soul-soap-co/blue-raspberry
47985,Dirty Soul Soap Co.,Brown Sugar Bubble Tea,2008,https://www.parfumo.com/Perfumes/dirty-soul-soap-co/brown-sugar-bubble-tea
47986,Dirty Soul Soap Co.,Bubble Tea,1984,https://www.parfumo.com/Perfumes/dirty-soul-soap-co/bubble-tea
47987,Dirty Soul Soap Co.,Candy Cane Marshmallow,,https://www.parfumo.com/Perfumes/dirty-soul-soap-co/candy-cane-marshmallow
47988,Dirty Soul Soap Co.,Candy Corn,,https://www.parfumo.com/Perfumes/dirty-soul-soap-co/candy-corn
47989,Dirty Soul Soap Co.,Cherry Almond,2007,https://www.parfumo.com/Perfumes/dirty-soul-soap-co/cherry-almond
47990,-DIS,DIS-1 (Decay),2020,https://www.fragrantica.com/perfume/DIS/DIS-1-Decay-64356.html
47991,-DIS,DIS-2 (Concrete),2020,https://www.fragrantica.com/perfume/DIS/DIS-2-Concrete-64357.html
47992,-DIS,DIS-3 (Paradox),2020,https://www.fragrantica.com/perfume/DIS/DIS-3-Paradox-64358.html
47993,Discothèque,All Night Until First Light,2024,https://www.fragrantica.com/perfume/Discotheque/All-Night-Until-First-Light-98390.html
47994,Discothèque,Baise Moi On The Dancefloor,2024,https://www.fragrantica.com/perfume/Discotheque/Baise-Moi-On-The-Dancefloor-98389.html
47995,Discothèque,Body Heat,2025,https://www.fragrantica.com/perfume/Discotheque/Body-Heat-121527.html
47996,Discothèque,Call For A Good Time,2024,https://www.fragrantica.com/perfume/Discotheque/Call-For-A-Good-Time-98388.html
47997,Discothèque,Dark Imagination,2024,https://www.fragrantica.com/perfume/Discotheque/Dark-Imagination-98385.html
47998,Discothèque,[Eye Contact],2025,https://www.fragrantica.com/perfume/Discotheque/Eye-Contact-121603.html
47999,Discothèque,"Heathens, Cowboys And The Santa Ana Winds",2024,https://www.fragrantica.com/perfume/Discotheque/Heathens-Cowboys-And-The-Santa-Ana-Winds-98387.html
48000,Discothèque,Lola At Coat Check,2024,https://www.fragrantica.com/perfume/Discotheque/Lola-At-Coat-Check-98386.html48001,Discothèque,Next To Me Or Nothing,2026,https://www.fragrantica.com/perfume/Discotheque/Next-To-Me-Or-Nothing-135201.html
48002,Discothèque,"Sweat, Tears, Paradise",2024,https://www.fragrantica.com/perfume/Discotheque/Sweat-Tears-Paradise-98384.html
48003,Discovery Perfumes,Amaro Averna,2017,https://www.fragrantica.com/perfume/Discovery-Perfumes/Amaro-Averna-50134.html
48004,Discovery Perfumes,Cassis And Fig,2018,https://www.fragrantica.com/perfume/Discovery-Perfumes/Cassis-And-Fig-50135.html
48005,Discovery Perfumes,Cours Saleya,2018,https://www.fragrantica.com/perfume/Discovery-Perfumes/Cours-Saleya-50136.html
48006,Discovery Perfumes,Leather Of Grasse,2018,https://www.fragrantica.com/perfume/Discovery-Perfumes/Leather-Of-Grasse-50137.html
48007,Discovery Perfumes,Night of Nordlys,2019,https://www.fragrantica.com/perfume/Discovery-Perfumes/Night-of-Nordlys-54206.html
48008,Discovery Perfumes,Sorrento,2016,https://www.fragrantica.com/perfume/Discovery-Perfumes/Sorrento-50133.html
48009,Disney,Bambi Let's Dream,2012,https://www.fragrantica.com/perfume/Disney/Bambi-Let-s-Dream-15712.html
48010,Disney,Beauty True Princess,,https://www.fragrantica.com/perfume/Disney/Beauty-True-Princess-15890.html
48011,Disney,Cars,2025,https://www.fragrantica.com/perfume/Disney/Cars-114774.html
48012,Disney,Cinderella,2020,https://www.fragrantica.com/perfume/Disney/Cinderella-64424.html
48013,Disney,Coco Teenage Boy,2019,https://www.fragrantica.com/perfume/Disney/Coco-Teenage-Boy-54316.html
48014,Disney,Coco Teenage Girl,2019,https://www.fragrantica.com/perfume/Disney/Coco-Teenage-Girl-54315.html
48015,Disney,Disney Princess,,https://www.fragrantica.com/perfume/Disney/Disney-Princess-57951.html
48016,Disney,Disney Tinker Bell,,https://www.fragrantica.com/perfume/Disney/Disney-Tinker-Bell-28295.html
48017,Disney,Fairies,,https://www.fragrantica.com/perfume/Disney/Fairies-15891.html
48018,Disney,Fairies Discover The Magic,,https://www.fragrantica.com/perfume/Disney/Fairies-Discover-The-Magic-15894.html
48019,Disney,Fairies Pixies Posies,,https://www.fragrantica.com/perfume/Disney/Fairies-Pixies-Posies-15893.html
48020,Disney,Frozen,2013,https://www.fragrantica.com/perfume/Disney/Frozen-57950.html
48021,Disney,Frozen Anna Eau de Toilette,,https://www.fragrantica.com/perfume/Disney/Frozen-Anna-Eau-de-Toilette-58346.html
48022,Disney,Frozen Elsa Eau de Toilette,,https://www.fragrantica.com/perfume/Disney/Frozen-Elsa-Eau-de-Toilette-58345.html
48023,Disney,Frozen in a Bottle,2017,https://www.fragrantica.com/perfume/Disney/Frozen-in-a-Bottle-43814.html
48024,Disney,Hannah Montana,,https://www.fragrantica.com/perfume/Disney/Hannah-Montana-16685.html
48025,Disney,Hannah Montana Forever,2010,https://www.fragrantica.com/perfume/Disney/Hannah-Montana-Forever-15836.html
48026,Disney,Hannah Montana Make It Rock,2000,https://www.fragrantica.com/perfume/Disney/Hannah-Montana-Make-It-Rock-15832.html
48027,Disney,Hannah Montana Secret Pop Star,2000,https://www.fragrantica.com/perfume/Disney/Hannah-Montana-Secret-Pop-Star-15833.html
48028,Disney,Hannah Montana Secret Star,2008,https://www.fragrantica.com/perfume/Disney/Hannah-Montana-Secret-Star-15835.html
48029,Disney,High School Musical Gabriella,,https://www.fragrantica.com/perfume/Disney/High-School-Musical-Gabriella-15883.html
48030,Disney,Little Mermaid,2020,https://www.fragrantica.com/perfume/Disney/Little-Mermaid-64422.html
48031,Disney,Pixie Dust,2011,https://www.fragrantica.com/perfume/Disney/Pixie-Dust-16029.html
48032,Disney,Princess Anna,,https://www.fragrantica.com/perfume/Disney/Princess-Anna-64425.html
48033,Disney,Princess Ariel,,https://www.fragrantica.com/perfume/Disney/Princess-Ariel-28293.html
48034,Disney,Princess Aurora,,https://www.fragrantica.com/perfume/Disney/Princess-Aurora-15888.html
48035,Disney,Princess Belle,,https://www.fragrantica.com/perfume/Disney/Princess-Belle-15885.html
48036,Disney,Princess Cinderella,,https://www.fragrantica.com/perfume/Disney/Princess-Cinderella-15886.html
48037,Disney,Princess Elsa,,https://www.fragrantica.com/perfume/Disney/Princess-Elsa-58344.html
48038,Disney,Princess Rapunzel,,https://www.fragrantica.com/perfume/Disney/Princess-Rapunzel-28294.html
48039,Disney,Princess Secret Heart,,https://www.fragrantica.com/perfume/Disney/Princess-Secret-Heart-15892.html
48040,Disney,Princess Sleeping Beauty,,https://www.fragrantica.com/perfume/Disney/Princess-Sleeping-Beauty-15887.html
48041,Disney,Princess Snow White,,https://www.fragrantica.com/perfume/Disney/Princess-Snow-White-15884.html
48042,Disney,Princess Tiana,,https://www.fragrantica.com/perfume/Disney/Princess-Tiana-15889.html
48043,Disney,Secret Wishes,,https://www.fragrantica.com/perfume/Disney/Secret-Wishes-15895.html
48044,Disney,Sleeping Beauty,2020,https://www.fragrantica.com/perfume/Disney/Sleeping-Beauty-64423.html
48045,Disney,Star Wars,2016,https://www.fragrantica.com/perfume/Disney/Star-Wars-39079.html
48046,Disney,Star Wars Dark,2016,https://www.fragrantica.com/perfume/Disney/Star-Wars-Dark-42170.html
48047,Disney,Star Wars Droid,2016,https://www.fragrantica.com/perfume/Disney/Star-Wars-Droid-42167.html
48048,Disney,Star Wars Galaxy,2016,https://www.fragrantica.com/perfume/Disney/Star-Wars-Galaxy-42166.html
48049,Disney,Star Wars Light,2016,https://www.fragrantica.com/perfume/Disney/Star-Wars-Light-42171.html
48050,Disney,Star Wars Revenge,2016,https://www.fragrantica.com/perfume/Disney/Star-Wars-Revenge-42168.html
48051,Disney,Star Wars Rey,2016,https://www.fragrantica.com/perfume/Disney/Star-Wars-Rey-42169.html
48052,Disney,Stitch,,https://www.fragrantica.com/perfume/Disney/Stitch-98445.html
48053,Disney,Stitch Eau de Toilette,2025,https://www.fragrantica.com/perfume/Disney/Stitch-Eau-de-Toilette-109117.html
48054,Disney,The Nightmare Before Christmas (Jack),2021,https://www.fragrantica.com/perfume/Disney/The-Nightmare-Before-Christmas-Jack-70946.html
48055,Disney,The Nightmare Before Christmas (Sally),,https://www.fragrantica.com/perfume/Disney/The-Nightmare-Before-Christmas-Sally-98259.html
48056,Disney,The Nightmare Before Christmas (Zero),,https://www.fragrantica.com/perfume/Disney/The-Nightmare-Before-Christmas-Zero-98261.html
48057,Disney,Winnie the Pooh,,https://www.fragrantica.com/perfume/Disney/Winnie-the-Pooh-98262.html
48058,Disney,Wonder,2012,https://www.fragrantica.com/perfume/Disney/Wonder-39257.html
48059,Disney Jasmine Collection by Sephora,A Whole New World,2013,https://www.fragrantica.com/perfume/Disney-Jasmine-Collection-by-Sephora/A-Whole-New-World-18417.html
48060,Disney Jasmine Collection by Sephora,Ariel Collection Kiss The Girl,2013,https://www.fragrantica.com/perfume/Disney-Jasmine-Collection-by-Sephora/Ariel-Collection-Kiss-The-Girl-20523.html
48061,Disney Jasmine Collection by Sephora,So This Is Love,2012,https://www.fragrantica.com/perfume/Disney-Jasmine-Collection-by-Sephora/So-This-Is-Love-18416.html
48062,Dissident Parfums,Coeur Fauve,2025,https://www.fragrantica.com/perfume/Dissident-Parfums/Coeur-Fauve-105200.html
48063,Dissident Parfums,Sleep No More,2024,https://www.fragrantica.com/perfume/Dissident-Parfums/Sleep-No-More-105201.html
48064,Dissident Parfums,Umbra Veris,2026,https://www.fragrantica.com/perfume/Dissident-Parfums/Umbra-Veris-129948.html
48065,Distillery Series,Alabama Moonshine,2018,https://www.fragrantica.com/perfume/Distillery-Series/Alabama-Moonshine-76798.html
48066,Distillery Series,Ale,2018,https://www.fragrantica.com/perfume/Distillery-Series/Ale-76803.html
48067,Distillery Series,IPA,2018,https://www.fragrantica.com/perfume/Distillery-Series/IPA-76801.html
48068,Distillery Series,Kentucky Bourbon,2018,https://www.fragrantica.com/perfume/Distillery-Series/Kentucky-Bourbon-76799.html
48069,Distillery Series,Lager,2018,https://www.fragrantica.com/perfume/Distillery-Series/Lager-76804.html
48070,Distillery Series,New York Rye,2018,https://www.fragrantica.com/perfume/Distillery-Series/New-York-Rye-76797.html
48071,Distillery Series,Stout,2018,https://www.fragrantica.com/perfume/Distillery-Series/Stout-76802.html
48072,Distillery Series,Tennessee Whiskey,2018,https://www.fragrantica.com/perfume/Distillery-Series/Tennessee-Whiskey-76805.html
48073,Distillery Series,Tequila Reposado,2018,https://www.fragrantica.com/perfume/Distillery-Series/Tequila-Reposado-76800.html
48074,Dita Von Teese,Dita Von Teese,2011,https://www.fragrantica.com/perfume/Dita-Von-Teese/Dita-Von-Teese-13494.html
48075,Dita Von Teese,Erotique,2013,https://www.fragrantica.com/perfume/Dita-Von-Teese/Erotique-19801.html
48076,Dita Von Teese,FleurTeese,2013,https://www.fragrantica.com/perfume/Dita-Von-Teese/FleurTeese-17824.html
48077,Dita Von Teese,Rouge,2012,https://www.fragrantica.com/perfume/Dita-Von-Teese/Rouge-16756.html
48078,Dita Von Teese,Vaniteese,2023,https://www.fragrantica.com/perfume/Dita-Von-Teese/Vaniteese-87448.html
48079,Dita Von Teese,Vedette,2023,https://www.fragrantica.com/perfume/Dita-Von-Teese/Vedette-87452.html
48080,Dita Von Teese,Victresse,2023,https://www.fragrantica.com/perfume/Dita-Von-Teese/Victresse-87451.html
48081,Divage,Be My Valentine,,https://www.fragrantica.com/perfume/Divage/Be-My-Valentine-32807.html
48082,Divage,Dance Me!,2013,https://www.fragrantica.com/perfume/Divage/Dance-Me-32806.html
48083,Divage,Dream Me!,2013,https://www.fragrantica.com/perfume/Divage/Dream-Me-32800.html
48084,Divage,Enjoy Me!,,https://www.fragrantica.com/perfume/Divage/Enjoy-Me-32803.html
48085,Divage,Follow Me!,2013,https://www.fragrantica.com/perfume/Divage/Follow-Me-32804.html
48086,Divage,Fun Me!,2013,https://www.fragrantica.com/perfume/Divage/Fun-Me-32802.html
48087,Divage,Kiss Me!,2013,https://www.fragrantica.com/perfume/Divage/Kiss-Me-32805.html
48088,Divage,Look at Me!,2013,https://www.fragrantica.com/perfume/Divage/Look-at-Me-32799.html
48089,Divage,Love Me!,2013,https://www.fragrantica.com/perfume/Divage/Love-Me-32798.html
48090,Divage,Rock Me!,2013,https://www.fragrantica.com/perfume/Divage/Rock-Me-32801.html
48091,Divage,Taste Me!,2013,https://www.fragrantica.com/perfume/Divage/Taste-Me-32821.html
48092,Divage,Touch Me!,,https://www.fragrantica.com/perfume/Divage/Touch-Me-32808.html
48093,DiVina Terra,01 Divina,2019,https://www.fragrantica.com/perfume/DiVina-Terra/01-Divina-57634.html
48094,DiVina Terra,02 Fioraie,2019,https://www.fragrantica.com/perfume/DiVina-Terra/02-Fioraie-57635.html
48095,DiVina Terra,03 Fortuna,2019,https://www.fragrantica.com/perfume/DiVina-Terra/03-Fortuna-57636.html
48096,DiVina Terra,04 In Amore,2019,https://www.fragrantica.com/perfume/DiVina-Terra/04-In-Amore-57637.html
48097,DiVina Terra,05 Terra,2019,https://www.fragrantica.com/perfume/DiVina-Terra/05-Terra-57633.html
48098,DiVina Terra,06 Vita,2019,https://www.fragrantica.com/perfume/DiVina-Terra/06-Vita-57638.html
48099,DiVina Terra,07 Intesa,2019,https://www.fragrantica.com/perfume/DiVina-Terra/07-Intesa-57639.html
48100,DiVina Terra,08 Per Sempre,2020,https://www.fragrantica.com/perfume/DiVina-Terra/08-Per-Sempre-65332.html
48101,DiVina Terra,09 Tesoro Mio,2020,https://www.fragrantica.com/perfume/DiVina-Terra/09-Tesoro-Mio-65333.html
48102,DiVina Terra,10 Bellezza,2020,https://www.fragrantica.com/perfume/DiVina-Terra/10-Bellezza-65334.html
48103,DiVina Terra,Ci Vediamo,2024,https://www.fragrantica.com/perfume/DiVina-Terra/Ci-Vediamo-103881.html
48104,DiVina Terra,Forza d'Animo,2021,https://www.fragrantica.com/perfume/DiVina-Terra/Forza-d-Animo-103883.html
48105,DiVina Terra,SEGRETI DIVINI I,2025,https://www.fragrantica.com/perfume/DiVina-Terra/SEGRETI-DIVINI-I-112715.html
48106,DiVina Terra,SEGRETI DIVINI II,2025,https://www.fragrantica.com/perfume/DiVina-Terra/SEGRETI-DIVINI-II-112716.html
48107,DiVina Terra,SEGRETI DIVINI III,2025,https://www.fragrantica.com/perfume/DiVina-Terra/SEGRETI-DIVINI-III-112717.html
48108,DiVina Terra,Ti Sento,2023,https://www.fragrantica.com/perfume/DiVina-Terra/Ti-Sento-103882.html
48109,Divine,Divine,1986,https://www.fragrantica.com/perfume/Divine/Divine-42.html
48110,Divine,Divine Intense,2021,https://www.fragrantica.com/perfume/Divine/Divine-Intense-67467.html
48111,Divine,"Divine, l’été clair d’iris",2024,https://www.fragrantica.com/perfume/Divine/Divine-l-ete-clair-d-iris-94692.html
48112,Divine,"Divine, l'été fleur d'orange",2023,https://www.fragrantica.com/perfume/Divine/Divine-l-ete-fleur-d-orange-83821.html
48113,Divine,Divine l’été Narguilé,2022,https://www.fragrantica.com/perfume/Divine/Divine-l-ete-Narguile-75625.html
48114,Divine,Divine l’été Orange Rouge,2022,https://www.fragrantica.com/perfume/Divine/Divine-l-ete-Orange-Rouge-75624.html
48115,Divine,Eau Divine,2009,https://www.fragrantica.com/perfume/Divine/Eau-Divine-14991.html
48116,Divine,L'Ame Soeur,2004,https://www.fragrantica.com/perfume/Divine/L-Ame-Soeur-41.html
48117,Divine,l'esprit libre,2021,https://www.fragrantica.com/perfume/Divine/l-esprit-libre-68566.html
48118,Divine,L'etre Aime Femme,2008,https://www.fragrantica.com/perfume/Divine/L-etre-Aime-Femme-7297.html
48119,Divine,L'etre Aime Homme,2008,https://www.fragrantica.com/perfume/Divine/L-etre-Aime-Homme-7085.html
48120,Divine,L'homme Accompli,2016,https://www.fragrantica.com/perfume/Divine/L-homme-Accompli-42607.html
48121,Divine,L'Homme de Coeur,2002,https://www.fragrantica.com/perfume/Divine/L-Homme-de-Coeur-40.html
48122,Divine,L'Homme Infini,2012,https://www.fragrantica.com/perfume/Divine/L-Homme-Infini-17083.html
48123,Divine,L'Homme Sage,2005,https://www.fragrantica.com/perfume/Divine/L-Homme-Sage-43.html
48124,Divine,L'Infante,2000,https://www.fragrantica.com/perfume/Divine/L-Infante-44.html
48125,Divine,L'inspiratrice,2006,https://www.fragrantica.com/perfume/Divine/L-inspiratrice-1015.html
48126,Divine,Spirituelle,2014,https://www.fragrantica.com/perfume/Divine/Spirituelle-29029.html
48127,Diviny,Noble Presence,2026,https://www.fragrantica.com/perfume/Diviny/Noble-Presence-126981.html
48128,Diviny,Noble Presence For Her,2026,https://www.fragrantica.com/perfume/Diviny/Noble-Presence-For-Her-126984.html
48129,Divona,Auria,2017,https://www.fragrantica.com/perfume/Divona/Auria-46011.html
48130,Divona,Briar,2017,https://www.fragrantica.com/perfume/Divona/Briar-46021.html
48131,Divona,Brook,2017,https://www.fragrantica.com/perfume/Divona/Brook-46017.html
48132,Divona,Calima,2017,https://www.fragrantica.com/perfume/Divona/Calima-46013.html
48133,Divona,Coral,2017,https://www.fragrantica.com/perfume/Divona/Coral-46018.html
48134,Divona,Ember,2017,https://www.fragrantica.com/perfume/Divona/Ember-46015.html
48135,Divona,Lux,2017,https://www.fragrantica.com/perfume/Divona/Lux-46016.html
48136,Divona,Sierra,2017,https://www.fragrantica.com/perfume/Divona/Sierra-46023.html
48137,Divona,Siren,2017,https://www.fragrantica.com/perfume/Divona/Siren-46019.html
48138,Divona,Spark,2017,https://www.fragrantica.com/perfume/Divona/Spark-46014.html
48139,Divona,Willow,2017,https://www.fragrantica.com/perfume/Divona/Willow-46020.html
48140,Divona,Zephyr,2017,https://www.fragrantica.com/perfume/Divona/Zephyr-46012.html
48141,DIWAN,ACQUA Extrait de Parfum,2022,https://www.fragrantica.com/perfume/DIWAN/ACQUA-Extrait-de-Parfum-74128.html
48142,DIWAN,AJAM - عجم,2025,https://www.fragrantica.com/perfume/DIWAN/AJAM-jm-113215.html
48143,DIWAN,BAYAT - بيات,2025,https://www.fragrantica.com/perfume/DIWAN/BAYAT-byat-113219.html
48144,DIWAN,DARK AFGANO Extrait de Parfum,2022,https://www.fragrantica.com/perfume/DIWAN/DARK-AFGANO-Extrait-de-Parfum-74125.html
48145,DIWAN,DEEP IN THE SEA,2022,https://www.fragrantica.com/perfume/DIWAN/DEEP-IN-THE-SEA-77915.html
48146,DIWAN,DESERT Extrait de Parfum,2022,https://www.fragrantica.com/perfume/DIWAN/DESERT-Extrait-de-Parfum-74129.html
48147,DIWAN,ELIXIR,2022,https://www.fragrantica.com/perfume/DIWAN/ELIXIR-77916.html
48148,DIWAN,EMPEROR Extrait de Parfum,2022,https://www.fragrantica.com/perfume/DIWAN/EMPEROR-Extrait-de-Parfum-74130.html
48149,DIWAN,FLAME,2022,https://www.fragrantica.com/perfume/DIWAN/FLAME-77917.html
48150,DIWAN,GRIS,2022,https://www.fragrantica.com/perfume/DIWAN/GRIS-77918.html
48151,DIWAN,HEGAZ,2024,https://www.fragrantica.com/perfume/DIWAN/HEGAZ-95522.html
48152,DIWAN,KURD - كرد,2025,https://www.fragrantica.com/perfume/DIWAN/KURD-krd-113213.html
48153,DIWAN,LAMI - لامي,2025,https://www.fragrantica.com/perfume/DIWAN/LAMI-lamy-113220.html
48154,DIWAN,NAHAWAND,2024,https://www.fragrantica.com/perfume/DIWAN/NAHAWAND-95524.html
48155,DIWAN,NAIRUZ - نوروز,2025,https://www.fragrantica.com/perfume/DIWAN/NAIRUZ-nwrwz-113217.html
48156,DIWAN,NAUGHTY Extrait de Parfum,2022,https://www.fragrantica.com/perfume/DIWAN/NAUGHTY-Extrait-de-Parfum-74131.html
48157,DIWAN,OFFICIAL,2022,https://www.fragrantica.com/perfume/DIWAN/OFFICIAL-77919.html
48158,DIWAN,PURA Extrait de Parfum,2022,https://www.fragrantica.com/perfume/DIWAN/PURA-Extrait-de-Parfum-74132.html
48159,DIWAN,RAST,2024,https://www.fragrantica.com/perfume/DIWAN/RAST-95523.html
48160,DIWAN,SABA - صبا,2025,https://www.fragrantica.com/perfume/DIWAN/SABA-ba-113214.html
48161,DIWAN,SEA SALT Extrait de Parfum,2022,https://www.fragrantica.com/perfume/DIWAN/SEA-SALT-Extrait-de-Parfum-74133.html
48162,DIWAN,SIKAH,2024,https://www.fragrantica.com/perfume/DIWAN/SIKAH-95521.html
48163,DIWAN,SMOKED OUD,2022,https://www.fragrantica.com/perfume/DIWAN/SMOKED-OUD-77920.html
48164,DIWAN,TORNADO,2022,https://www.fragrantica.com/perfume/DIWAN/TORNADO-77921.html
48165,Dixit & Zak,Anbar,2022,https://www.fragrantica.com/perfume/Dixit-Zak/Anbar-77563.html
48166,Dixit & Zak,Brindaban,,https://www.fragrantica.com/perfume/Dixit-Zak/Brindaban-57172.html
48167,Dixit & Zak,Charbagh,,https://www.fragrantica.com/perfume/Dixit-Zak/Charbagh-57173.html
48168,Dixit & Zak,Emperor Hind,2019,https://www.fragrantica.com/perfume/Dixit-Zak/Emperor-Hind-58831.html
48169,Dixit & Zak,Emperor's Court,2002,https://www.parfumo.com/Perfumes/Dixit__Zak/emperor-s-court
48170,Dixit & Zak,Emperor’s Court,2021,https://www.fragrantica.com/perfume/Dixit-Zak/Emperor-s-Court-70621.html
48171,Dixit & Zak,Ghaliyah Ghazali,2022,https://www.fragrantica.com/perfume/Dixit-Zak/Ghaliyah-Ghazali-81892.html
48172,Dixit & Zak,Ghaliyah Hind,2021,https://www.fragrantica.com/perfume/Dixit-Zak/Ghaliyah-Hind-68604.html
48173,Dixit & Zak,Ghaliyah Reflection,2023,https://www.fragrantica.com/perfume/Dixit-Zak/Ghaliyah-Reflection-89463.html
48174,Dixit & Zak,Hindi Tabac,2022,https://www.fragrantica.com/perfume/Dixit-Zak/Hindi-Tabac-74621.html
48175,Dixit & Zak,Jackfruit,2015,https://www.parfumo.com/Perfumes/Dixit__Zak/jackfruit
48176,Dixit & Zak,Kashmir Nuit,2020,https://www.fragrantica.com/perfume/Dixit-Zak/Kashmir-Nuit-63013.html
48177,Dixit & Zak,Lucky Santal,2021,https://www.fragrantica.com/perfume/Dixit-Zak/Lucky-Santal-71950.html
48178,Dixit & Zak,Only Oud,2022,https://www.fragrantica.com/perfume/Dixit-Zak/Only-Oud-112619.html
48179,Dixit & Zak,Oud Berry,2023,https://www.fragrantica.com/perfume/Dixit-Zak/Oud-Berry-87940.html
48180,Dixit & Zak,Oud Mon Cheri,2022,https://www.fragrantica.com/perfume/Dixit-Zak/Oud-Mon-Cheri-81891.html
48181,Dixit & Zak,Oud Rosa,,https://www.fragrantica.com/perfume/Dixit-Zak/Oud-Rosa-75336.html
48182,Dixit & Zak,Paradis Tropical,2021,https://www.fragrantica.com/perfume/Dixit-Zak/Paradis-Tropical-65331.html
48183,Dixit & Zak,Persian Musk,2023,https://www.fragrantica.com/perfume/Dixit-Zak/Persian-Musk-87939.html
48184,Dixit & Zak,Rising Cologne (Eau de Cologne),2022,https://www.fragrantica.com/perfume/Dixit-Zak/Rising-Cologne-72758.html
48185,Dixit & Zak,Rising Mysore,2019,https://www.fragrantica.com/perfume/Dixit-Zak/Rising-Mysore-57841.html
48186,Dixit & Zak,Rising Mysore 2,2020,https://www.fragrantica.com/perfume/Dixit-Zak/Rising-Mysore-2-62924.html
48187,Dixit & Zak,Rising Mysore 3,2021,https://www.fragrantica.com/perfume/Dixit-Zak/Rising-Mysore-3-67799.html
48188,Dixit & Zak,Santal Oud,2021,https://www.fragrantica.com/perfume/Dixit-Zak/Santal-Oud-70619.html
48189,Dixit & Zak,The Nightingale,2021,https://www.fragrantica.com/perfume/Dixit-Zak/The-Nightingale-70620.html
48190,Dixit & Zak,Tibetan Ensens,2023,https://www.fragrantica.com/perfume/Dixit-Zak/Tibetan-Ensens-81893.html
48191,Dixit & Zak,Vintage 84,2021,https://www.fragrantica.com/perfume/Dixit-Zak/Vintage-84-65330.html
48192,Dixit & Zak,Yellow Lemon Tree,2021,https://www.fragrantica.com/perfume/Dixit-Zak/Yellow-Lemon-Tree-67798.html
48193,Dkhoon Emirates,Abu Dhabi,2024,https://www.fragrantica.com/perfume/Dkhoon-Emirates/Abu-Dhabi-110721.html
48194,Dkhoon Emirates,ALHILAL 37,2024,https://www.fragrantica.com/perfume/Dkhoon-Emirates/ALHILAL-37-110728.html
48195,Dkhoon Emirates,ALHILAL 7,2024,https://www.fragrantica.com/perfume/Dkhoon-Emirates/ALHILAL-7-110725.html
48196,Dkhoon Emirates,ALHILAL 9,2024,https://www.fragrantica.com/perfume/Dkhoon-Emirates/ALHILAL-9-110730.html
48197,Dkhoon Emirates,Balqees,2022,https://www.fragrantica.com/perfume/Dkhoon-Emirates/Balqees-110717.html
48198,Dkhoon Emirates,Couture,2023,https://www.fragrantica.com/perfume/Dkhoon-Emirates/Couture-110732.html
48199,Dkhoon Emirates,Crown Black,2021,https://www.fragrantica.com/perfume/Dkhoon-Emirates/Crown-Black-76483.html
48200,Dkhoon Emirates,Crown Brown,2021,https://www.fragrantica.com/perfume/Dkhoon-Emirates/Crown-Brown-76471.html
48201,Dkhoon Emirates,Crown Gold,2021,https://www.fragrantica.com/perfume/Dkhoon-Emirates/Crown-Gold-76482.html
48202,Dkhoon Emirates,Diamond,2022,https://www.fragrantica.com/perfume/Dkhoon-Emirates/Diamond-76392.html
48203,Dkhoon Emirates,Dkhoon Amber,2021,https://www.fragrantica.com/perfume/Dkhoon-Emirates/Dkhoon-Amber-76467.html
48204,Dkhoon Emirates,Dkhoon Leather,2021,https://www.fragrantica.com/perfume/Dkhoon-Emirates/Dkhoon-Leather-76464.html
48205,Dkhoon Emirates,Dkhoon Oud,2022,https://www.fragrantica.com/perfume/Dkhoon-Emirates/Dkhoon-Oud-76465.html
48206,Dkhoon Emirates,Dkhoon Patchouli,2022,https://www.fragrantica.com/perfume/Dkhoon-Emirates/Dkhoon-Patchouli-76391.html
48207,Dkhoon Emirates,Dkhoon Rose,2021,https://www.fragrantica.com/perfume/Dkhoon-Emirates/Dkhoon-Rose-76463.html
48208,Dkhoon Emirates,Dkhoon Tobacco,2022,https://www.fragrantica.com/perfume/Dkhoon-Emirates/Dkhoon-Tobacco-76466.html
48209,Dkhoon Emirates,Dkhoon Velvet,2024,https://www.fragrantica.com/perfume/Dkhoon-Emirates/Dkhoon-Velvet-110722.html
48210,Dkhoon Emirates,Dkhoon Velvet Body Spray (Body Mist),2024,https://www.fragrantica.com/perfume/Dkhoon-Emirates/Dkhoon-Velvet-Body-Spray-110735.html
48211,Dkhoon Emirates,Dubai,2024,https://www.fragrantica.com/perfume/Dkhoon-Emirates/Dubai-110719.html
48212,Dkhoon Emirates,Ghawi,,https://www.fragrantica.com/perfume/Dkhoon-Emirates/Ghawi-107785.html
48213,Dkhoon Emirates,Gold Tears,2021,https://www.fragrantica.com/perfume/Dkhoon-Emirates/Gold-Tears-76475.html
48214,Dkhoon Emirates,Golden Sheikh Zayed,2022,https://www.fragrantica.com/perfume/Dkhoon-Emirates/Golden-Sheikh-Zayed-110737.html
48215,Dkhoon Emirates,Haneet,2024,https://www.fragrantica.com/perfume/Dkhoon-Emirates/Haneet-110724.html
48216,Dkhoon Emirates,HILAL 77,2024,https://www.fragrantica.com/perfume/Dkhoon-Emirates/HILAL-77-110729.html
48217,Dkhoon Emirates,HILAL 8,2024,https://www.fragrantica.com/perfume/Dkhoon-Emirates/HILAL-8-110726.html
48218,Dkhoon Emirates,Kahilan,2024,https://www.fragrantica.com/perfume/Dkhoon-Emirates/Kahilan-110723.html
48219,Dkhoon Emirates,Khayal,2021,https://www.fragrantica.com/perfume/Dkhoon-Emirates/Khayal-76476.html
48220,Dkhoon Emirates,Memories,,https://www.fragrantica.com/perfume/Dkhoon-Emirates/Memories-107784.html
48221,Dkhoon Emirates,Muscat,2024,https://www.fragrantica.com/perfume/Dkhoon-Emirates/Muscat-110718.html
48222,Dkhoon Emirates,MUSK ALRUMAAN,2024,https://www.fragrantica.com/perfume/Dkhoon-Emirates/MUSK-ALRUMAAN-110734.html
48223,Dkhoon Emirates,Musk Khaas,2024,https://www.fragrantica.com/perfume/Dkhoon-Emirates/Musk-Khaas-110731.html
48224,Dkhoon Emirates,Om Al-Shioukh,2021,https://www.fragrantica.com/perfume/Dkhoon-Emirates/Om-Al-Shioukh-76470.html
48225,Dkhoon Emirates,Onyx,2021,https://www.fragrantica.com/perfume/Dkhoon-Emirates/Onyx-76481.html
48226,Dkhoon Emirates,Private 2nd December,2021,https://www.fragrantica.com/perfume/Dkhoon-Emirates/Private-2nd-December-76477.html
48227,Dkhoon Emirates,Private Musk VIP,2021,https://www.fragrantica.com/perfume/Dkhoon-Emirates/Private-Musk-VIP-76478.html
48228,Dkhoon Emirates,Private Velvet & Rose,2021,https://www.fragrantica.com/perfume/Dkhoon-Emirates/Private-Velvet-Rose-110739.html
48229,Dkhoon Emirates,QUEEN,2023,https://www.fragrantica.com/perfume/Dkhoon-Emirates/QUEEN-110733.html
48230,Dkhoon Emirates,Riyadh,2024,https://www.fragrantica.com/perfume/Dkhoon-Emirates/Riyadh-110720.html
48231,Dkhoon Emirates,Sapphire,2021,https://www.fragrantica.com/perfume/Dkhoon-Emirates/Sapphire-76480.html
48232,Dkhoon Emirates,Sheikh Khalifa,2021,https://www.fragrantica.com/perfume/Dkhoon-Emirates/Sheikh-Khalifa-76472.html
48233,Dkhoon Emirates,Signature Black,2022,https://www.fragrantica.com/perfume/Dkhoon-Emirates/Signature-Black-76469.html
48234,Dkhoon Emirates,Signature Gold,2021,https://www.fragrantica.com/perfume/Dkhoon-Emirates/Signature-Gold-110715.html
48235,Dkhoon Emirates,Signature Rose,2021,https://www.fragrantica.com/perfume/Dkhoon-Emirates/Signature-Rose-76468.html
48236,Dkhoon Emirates,Signature Rose Gold,2023,https://www.fragrantica.com/perfume/Dkhoon-Emirates/Signature-Rose-Gold-110714.html
48237,Dkhoon Emirates,Signature Silver,2021,https://www.fragrantica.com/perfume/Dkhoon-Emirates/Signature-Silver-76474.html
48238,Dkhoon Emirates,Signature White,2022,https://www.fragrantica.com/perfume/Dkhoon-Emirates/Signature-White-110716.html
48239,Dkhoon Emirates,So Sweety,2022,https://www.fragrantica.com/perfume/Dkhoon-Emirates/So-Sweety-110738.html
48240,Dkhoon Emirates,Vanilla Wood,2024,https://www.fragrantica.com/perfume/Dkhoon-Emirates/Vanilla-Wood-110736.html
48241,Dkhoon Emirates,Zayed Oriental,2021,https://www.fragrantica.com/perfume/Dkhoon-Emirates/Zayed-Oriental-76479.html
48242,DKHOUN,Bianca,2023,https://www.fragrantica.com/perfume/DKHOUN/Bianca-139078.html
48243,DKHOUN,Blooming,2024,https://www.fragrantica.com/perfume/DKHOUN/Blooming-139073.html
48244,DKHOUN,BLU,2023,https://www.fragrantica.com/perfume/DKHOUN/BLU-139075.html
48245,DKHOUN,Blu Sky Air,2025,https://www.fragrantica.com/perfume/DKHOUN/Blu-Sky-Air-139084.html
48246,DKHOUN,Blu Sky Mirage,2025,https://www.fragrantica.com/perfume/DKHOUN/Blu-Sky-Mirage-139083.html
48247,DKHOUN,Clouds,2025,https://www.fragrantica.com/perfume/DKHOUN/Clouds-139092.html
48248,DKHOUN,Ebony,2025,https://www.fragrantica.com/perfume/DKHOUN/Ebony-139072.html
48249,DKHOUN,Elixir,2025,https://www.fragrantica.com/perfume/DKHOUN/Elixir-139074.html
48250,DKHOUN,Emeraude Flower,2017,https://www.fragrantica.com/perfume/DKHOUN/Emeraude-Flower-139066.html
48251,DKHOUN,For Her,2024,https://www.fragrantica.com/perfume/DKHOUN/For-Her-139090.html
48252,DKHOUN,GHSUK,2025,https://www.fragrantica.com/perfume/DKHOUN/GHSUK-139070.html
48253,DKHOUN,Iconic Soul,2026,https://www.fragrantica.com/perfume/DKHOUN/Iconic-Soul-139095.html
48254,DKHOUN,Iconic Touch,2026,https://www.fragrantica.com/perfume/DKHOUN/Iconic-Touch-139082.html
48255,DKHOUN,Immortal Tobacco,2022,https://www.fragrantica.com/perfume/DKHOUN/Immortal-Tobacco-139069.html
48256,DKHOUN,Infinite,2024,https://www.fragrantica.com/perfume/DKHOUN/Infinite-139080.html
48257,DKHOUN,Lady,2024,https://www.fragrantica.com/perfume/DKHOUN/Lady-139089.html
48258,DKHOUN,Maknoun Ocean,2017,https://www.fragrantica.com/perfume/DKHOUN/Maknoun-Ocean-139079.html
48259,DKHOUN,MISS,2024,https://www.fragrantica.com/perfume/DKHOUN/MISS-139088.html
48260,DKHOUN,Moonbeam,2025,https://www.fragrantica.com/perfume/DKHOUN/Moonbeam-139091.html
48261,DKHOUN,Mukhallat Dkhoun,2025,https://www.fragrantica.com/perfume/DKHOUN/Mukhallat-Dkhoun-139071.html
48262,DKHOUN,PRIME MAX,2019,https://www.fragrantica.com/perfume/DKHOUN/PRIME-MAX-139067.html
48263,DKHOUN,Princess,2024,https://www.fragrantica.com/perfume/DKHOUN/Princess-139087.html
48264,DKHOUN,Rosso,2023,https://www.fragrantica.com/perfume/DKHOUN/Rosso-139077.html
48265,DKHOUN,Special Musk,2024,https://www.fragrantica.com/perfume/DKHOUN/Special-Musk-139093.html
48266,DKHOUN,SPOT,2023,https://www.fragrantica.com/perfume/DKHOUN/SPOT-139086.html
48267,DKHOUN,Switch,2024,https://www.fragrantica.com/perfume/DKHOUN/Switch-139081.html
48268,DKHOUN,Thati,2016,https://www.fragrantica.com/perfume/DKHOUN/Thati-139068.html
48269,DKHOUN,Verde,2023,https://www.fragrantica.com/perfume/DKHOUN/Verde-139076.html
48270,DKHOUN,WHARF,2012,https://www.fragrantica.com/perfume/DKHOUN/WHARF-139094.html
48271,DKHOUN,White Tea,2021,https://www.fragrantica.com/perfume/DKHOUN/White-Tea-139085.html
48272,DKNY,Be 100% Delicious,,https://www.parfumo.com/Perfumes/DKNY/be-100-delicious
48273,DKNY,Be Delicious Art,,https://www.parfumo.com/Perfumes/DKNY/Be_Delicious_Art
48274,DKNY,Be Delicious Charmingly Delicious,,https://www.parfumo.com/Perfumes/DKNY/Be_Delicious_Charmingly_Delicious
48275,DKNY,Be Delicious City Blossom Avenue Iris,,https://www.parfumo.com/Perfumes/DKNY/Be_Delicious_City_Blossom_Avenue_Iris
48276,DKNY,Be Delicious City Blossom Empire Apple,,https://www.parfumo.com/Perfumes/DKNY/Be_Delicious_City_Blossom_Empire_Apple
48277,DKNY,Be Delicious City Blossom Rooftop Peony,,https://www.parfumo.com/Perfumes/DKNY/Be_Delicious_City_Blossom_Rooftop_Peony
48278,DKNY,Be Delicious City Blossom Terrace Orchid,,https://www.parfumo.com/Perfumes/DKNY/Be_Delicious_City_Blossom_Terrace_Orchid
48279,DKNY,Be Delicious City Blossom Urban Violet,,https://www.parfumo.com/Perfumes/DKNY/Be_Delicious_City_Blossom_Urban_Violet
48280,DKNY,Be Delicious City Brooklyn Girl,,https://www.parfumo.com/Perfumes/DKNY/Be_Delicious_City_Brooklyn_Girl
48281,DKNY,Be Delicious City Chelsea Girl,,https://www.parfumo.com/Perfumes/DKNY/Be_Delicious_City_Chelsea_Girl
48282,DKNY,Be Delicious City Nolita Girl,,https://www.parfumo.com/Perfumes/DKNY/Be_Delicious_City_Nolita_Girl
48283,DKNY,Be Delicious Coconuts About Summer,,https://www.parfumo.com/Perfumes/DKNY/be-delicious-coconuts-about-summer
48284,DKNY,Be Delicious Coconuts About Summer 2021,2021,https://huggingface.co/datasets/doevent/perfume
48285,DKNY,Be Delicious DKNY / Donna Karan 2004 Eau de Parfum,2004,https://www.parfumo.com/Perfumes/DKNY/DKNY_Be_Delicious
48286,DKNY,Be Delicious DKNY / Donna Karan 2010 Eau de Toilette,2010,https://www.parfumo.com/Perfumes/DKNY/Be_Delicious_Eau_de_Toilette
48287,DKNY,Be Delicious DKNY / Donna Karan Fragrance Mist (Body Mist),,https://www.parfumo.com/Perfumes/DKNY/be-delicious-fragrance-mist
48288,DKNY,Be Delicious DKNY / Donna Karan Solid Perfume,,https://www.parfumo.com/Perfumes/DKNY/Be_Delicious_Solid_Perfume
48289,DKNY,Be Delicious Eau De Parfum,,https://huggingface.co/datasets/doevent/perfume
48290,DKNY,Be Delicious Eau De Toilette,,https://huggingface.co/datasets/doevent/perfume
48291,DKNY,Be Delicious Eau So Intense,,https://www.parfumo.com/Perfumes/DKNY/Be_Delicious_Eau_So_Intense
48292,DKNY,Be Delicious Electric Bright Crush,,https://www.parfumo.com/Perfumes/DKNY/Be_Delicious_Electric_Bright_Crush
48293,DKNY,Be Delicious Electric Citrus Pulse,,https://www.parfumo.com/Perfumes/DKNY/Be_Delicious_Electric_Citrus_Pulse
48294,DKNY,Be Delicious Electric Loving Glow,,https://www.parfumo.com/Perfumes/DKNY/Be_Delicious_Electric_Loving_Glow
48295,DKNY,Be Delicious Electric Vivid Orchid,,https://www.parfumo.com/Perfumes/DKNY/Be_Delicious_Electric_Vivid_Orchid
48296,DKNY,Be Delicious Flower Pop - Blue Pop,,https://www.parfumo.com/Perfumes/DKNY/Be_Delicious_Flower_Pop__Blue_Pop
48297,DKNY,Be Delicious Flower Pop - Pink Pop,,https://www.parfumo.com/Perfumes/DKNY/Be_Delicious_Flower_Pop__Pink_Pop
48298,DKNY,Be Delicious Flower Pop - Violet Pop,,https://www.parfumo.com/Perfumes/DKNY/Be_Delicious_Flower_Pop__Violet_Pop
48299,DKNY,Be Delicious Fresh Blossom,,https://huggingface.co/datasets/doevent/perfume
48300,DKNY,Be Delicious Fresh Blossom Art,,https://www.parfumo.com/Perfumes/DKNY/Fresh_Blossom_Art
48301,DKNY,Be Delicious Fresh Blossom Crystallized,,https://www.parfumo.com/Perfumes/DKNY/Be_Delicious_Fresh_Blossom_Crystallized
48302,DKNY,Be Delicious Fresh Blossom DKNY / Donna Karan 2009 Eau de Parfum,2009,https://www.parfumo.com/Perfumes/DKNY/be-delicious-fresh-blossom-eau-de-parfum
48303,DKNY,Be Delicious Fresh Blossom DKNY / Donna Karan Fragrance Mist (Body Mist),,https://www.parfumo.com/Perfumes/DKNY/be-delicious-fresh-blossom-fragrance-mist
48304,DKNY,Be Delicious Fresh Blossom Eau So Intense,,https://www.parfumo.com/Perfumes/DKNY/Be_Delicious_Fresh_Blossom_Eau_So_Intense
48305,DKNY,Be Delicious Fresh Blossom Juiced,,https://www.parfumo.com/Perfumes/DKNY/Be_Delicious_Fresh_Blossom_Juiced
48306,DKNY,Be Delicious Fresh Blossom Pop Art Edition,,https://www.parfumo.com/Perfumes/DKNY/DKNY_Fresh_Blossom_Pop_Art_Edition
48307,DKNY,Be Delicious Fresh Blossom Skin DKNY / Donna Karan 2013 Hydrating Eau de Toilette,2013,https://www.parfumo.com/Perfumes/DKNY/be-delicious-fresh-blossom-skin-hydrating-eau-de-toilette
48308,DKNY,Be Delicious Fresh Blossom Sparkling Apple,,https://www.parfumo.com/Perfumes/DKNY/Be_Delicious_Fresh_Blossom_Sparkling_Apple
48309,DKNY,Be Delicious Guava Goddess,,https://www.parfumo.com/Perfumes/DKNY/be-delicious-guava-goddess
48310,DKNY,Be Delicious Holiday Edition,,https://www.parfumo.com/Perfumes/DKNY/be-delicious-holiday-edition
48311,DKNY,Be Delicious Icy Apple Be Delicious Crystallized,,https://www.parfumo.com/Perfumes/DKNY/Be_Delicious_Icy_Apple_Be_Delicious_Crystallized
48312,DKNY,Be Delicious Juiced,,https://www.parfumo.com/Perfumes/DKNY/Be_Delicious_Juiced
48313,DKNY,Be Delicious ♥ London,,https://www.parfumo.com/Perfumes/DKNY/Be_Delicious_Heart_London
48314,DKNY,Be Delicious Men Art,,https://www.parfumo.com/Perfumes/DKNY/Be_Delicious_Art_Men
48315,DKNY,Be Delicious Men DKNY / Donna Karan 2004 Eau de Toilette,2004,https://www.parfumo.com/Perfumes/DKNY/Be_Delicious_Men_Eau_de_Toilette
48316,DKNY,Be Delicious Men DKNY / Donna Karan After Shave,,https://www.parfumo.com/Perfumes/DKNY/Be_Delicious_Men_After_Shave
48317,DKNY,Be Delicious Men Picnic in the Park,,https://www.parfumo.com/Perfumes/DKNY/Be_Delicious_Men_Picnic_in_the_Park
48318,DKNY,Be Delicious ♥ NYC,,https://www.parfumo.com/Perfumes/DKNY/Be_Delicious_Heart_NYC
48319,DKNY,Be Delicious Orchard St.,,https://www.parfumo.com/Perfumes/DKNY/be-delicious-orchard-st
48320,DKNY,Be Delicious ♥ Paris,,https://www.parfumo.com/Perfumes/DKNY/Be_Delicious_Heart_Paris
48321,DKNY,Be Delicious Picnic in the Park,,https://www.parfumo.com/Perfumes/DKNY/Be_Delicious_Picnic_in_the_Park
48322,DKNY,Be Delicious Pool Party Bay Breeze,,https://www.parfumo.com/Perfumes/DKNY/Be_Delicious_Pool_Party_Bay_Breeze
48323,DKNY,Be Delicious Pool Party Bay Breeze 2019,2019,https://huggingface.co/datasets/doevent/perfume
48324,DKNY,Be Delicious Pool Party Lime Mojito,,https://www.parfumo.com/Perfumes/DKNY/Be_Delicious_Pool_Party_Lime_Mojito
48325,DKNY,Be Delicious Pool Party Lime Mojito 2019,2019,https://huggingface.co/datasets/doevent/perfume
48326,DKNY,Be Delicious Pool Party Mai Tai,,https://www.parfumo.com/Perfumes/DKNY/Be_Delicious_Pool_Party_Mai_Tai
48327,DKNY,Be Delicious Pool Party Mai Tai 2019,2019,https://huggingface.co/datasets/doevent/perfume
48328,DKNY,Be Delicious Pop Art Edition,,https://www.parfumo.com/Perfumes/DKNY/DKNY_Be_Delicious_Pop_Art_Edition
48329,DKNY,Be Delicious ♥ Rio,,https://www.parfumo.com/Perfumes/DKNY/Be_Delicious_Heart_Rio
48330,DKNY,Be Delicious Shimmer & Shine,,https://www.parfumo.com/Perfumes/DKNY/be-delicious-shimmer-shine
48331,DKNY,Be Delicious Skin DKNY / Donna Karan 2000 Hydrating Eau de Toilette,2000,https://www.parfumo.com/Perfumes/DKNY/be-delicious-skin-hydrating-eau-de-toilette
48332,DKNY,Be Delicious Sparkling Apple 2012,2012,https://www.parfumo.com/Perfumes/DKNY/Be_Delicious_Sparkling_Apple
48333,DKNY,Be Delicious Sparkling Apple 2014,2014,https://www.parfumo.com/Perfumes/DKNY/Be_Delicious_Sparkling_Apple_2014
48334,DKNY,Be Delicious Summer Squeeze 2020,2020,https://huggingface.co/datasets/doevent/perfume
48335,DKNY,Be Delicious Summer Squeeze Edition,,https://www.parfumo.com/Perfumes/DKNY/be-delicious-summer-squeeze-edition
48336,DKNY,Be Desired,,https://www.parfumo.com/Perfumes/DKNY/Be_Desired
48337,DKNY,Be Extra Delicious,,https://www.parfumo.com/Perfumes/DKNY/be-extra-delicious
48338,DKNY,Be Extra Delicious 2020,2020,https://huggingface.co/datasets/doevent/perfume
48339,DKNY,Be Tempted,,https://www.parfumo.com/Perfumes/DKNY/Be_Tempted
48340,DKNY,Be Tempted Eau So Blush,,https://www.parfumo.com/Perfumes/DKNY/Be_Tempted_Eau_So_Blush
48341,DKNY,Be Tempted Icy Apple,,https://www.parfumo.com/Perfumes/DKNY/Be_Tempted_Icy_Apple
48342,DKNY,Be Tempted Icy Apple 2017,2017,https://huggingface.co/datasets/doevent/perfume
48343,DKNY,Black Cashmere,,https://www.parfumo.com/Perfumes/DKNY/Black_Cashmere
48344,DKNY,Cashmere & Palo Santo,,https://www.parfumo.com/Perfumes/DKNY/cashmere-palo-santo
48345,DKNY,Cashmere & Tiaré Flower,,https://www.parfumo.com/Perfumes/DKNY/cashmere-tiare-flower
48346,DKNY,Cashmere & Tunisian Neroli,,https://www.parfumo.com/Perfumes/DKNY/cashmere-tunisian-neroli
48347,DKNY,Cashmere & Wild Fig,,https://www.parfumo.com/Perfumes/DKNY/cashmere-wild-fig
48348,DKNY,Cashmere Aura,,https://www.parfumo.com/Perfumes/DKNY/Cashmere_Aura
48349,DKNY,Cashmere Mist,,https://huggingface.co/datasets/doevent/perfume
48350,DKNY,Cashmere Mist Collector'S Edition 2021,2021,https://huggingface.co/datasets/doevent/perfume
48351,DKNY,Cashmere Mist DKNY / Donna Karan 1994 Eau de Toilette,1994,https://www.parfumo.com/Perfumes/DKNY/Cashmere_Mist_Eau_de_Toilette
48352,DKNY,Cashmere Mist DKNY / Donna Karan 1994 Perfume (Parfum),1994,https://www.parfumo.com/Perfumes/DKNY/Cashmere_Mist_Perfume
48353,DKNY,Cashmere Mist DKNY / Donna Karan Eau de Parfum,,https://www.parfumo.com/Perfumes/DKNY/Cashmere_Mist_Eau_de_Parfum
48354,DKNY,Cashmere Mist Eau De Toilette,,https://huggingface.co/datasets/doevent/perfume
48355,DKNY,Cashmere Mist Essence,,https://www.parfumo.com/Perfumes/DKNY/Cashmere_Mist_Essence
48356,DKNY,Cashmere Mist Gold Essence,,https://www.parfumo.com/Perfumes/DKNY/Cashmere_Mist_Gold_Essence
48357,DKNY,Cashmere Mist Limited Edition,,https://www.parfumo.com/Perfumes/DKNY/Cashmere_Mist_Limited_Edition
48358,DKNY,Cashmere Mist Limited Edition 2009,2009,https://www.parfumo.com/Perfumes/DKNY/cashmere-mist-limited-edition-2009
48359,DKNY,Cashmere Mist Limited Edition 2011,2011,https://www.parfumo.com/Perfumes/DKNY/cashmere-mist-limited-edition-2011
48360,DKNY,Cashmere Mist Liquid Nude,,https://www.parfumo.com/Perfumes/DKNY/Cashmere_Mist_Liquid_Nude
48361,DKNY,Cashmere Mist Luxe,,https://www.parfumo.com/Perfumes/DKNY/Cashmere_Mist_Luxe
48362,DKNY,Cashmere Mist Pearl Essence,,https://www.parfumo.com/Perfumes/DKNY/Cashmere_Mist_Pearl_Essence
48363,DKNY,Cashmere Mist Pure Cashmere DKNY / Donna Karan 2004 Eau de Parfum,2004,https://www.parfumo.com/Perfumes/DKNY/Cashmere_Mist_Pure_Cashmere_Eau_de_Parfum
48364,DKNY,Cashmere Mist Pure Cashmere DKNY / Donna Karan 2004 Solid Perfume,2004,https://www.parfumo.com/Perfumes/DKNY/Cashmere_Mist_Pure_Cashmere_Solid_Perfume
48365,DKNY,Cashmere Veil,,https://www.parfumo.com/Perfumes/DKNY/Cashmere_Veil
48366,DKNY,Chaos,,https://www.parfumo.com/Perfumes/DKNY/Chaos_2008
48367,DKNY,Chaos DKNY / Donna Karan 1996 Eau de Parfum,1996,https://www.parfumo.com/Perfumes/DKNY/Chaos_1996_Eau_de_Parfum
48368,DKNY,Chaos DKNY / Donna Karan 1996 Parfum,1996,https://www.parfumo.com/Perfumes/DKNY/Chaos_1996_Parfum
48369,DKNY,City Men,,https://www.parfumo.com/Perfumes/DKNY/DKNY_City_for_Men
48370,DKNY,City Women,,https://www.parfumo.com/Perfumes/DKNY/DKNY_City
48371,DKNY,Delicious Candy Apples Fresh Orange,,https://www.parfumo.com/Perfumes/DKNY/Delicious_Candy_Apples_Fresh_Orange
48372,DKNY,Delicious Candy Apples Juicy Berry,,https://www.parfumo.com/Perfumes/DKNY/Delicious_Candy_Apples_Juicy_Berry
48373,DKNY,Delicious Candy Apples Ripe Raspberry,,https://www.parfumo.com/Perfumes/DKNY/Delicious_Candy_Apples_Ripe_Raspberry
48374,DKNY,Delicious Candy Apples Sweet Caramel,,https://www.parfumo.com/Perfumes/DKNY/Delicious_Candy_Apples_Sweet_Caramel
48375,DKNY,Delicious Candy Apples Sweet Strawberry,,https://www.parfumo.com/Perfumes/DKNY/Delicious_Candy_Apples_Sweet_Strawberry
48376,DKNY,Delicious Delights Cool Swirl,,https://www.parfumo.com/Perfumes/DKNY/Delicious_Delights_Cool_Swirl
48377,DKNY,Delicious Delights Dreamsicle,,https://www.parfumo.com/Perfumes/DKNY/Delicious_Delights_Dreamsicle
48378,DKNY,Delicious Delights Fruity Rooty,,https://www.parfumo.com/Perfumes/DKNY/Delicious_Delights_Fruity_Rooty
48379,DKNY,Delicious Night,,https://www.parfumo.com/Perfumes/DKNY/DKNY_Delicious_Night
48380,DKNY,DK Men,,https://www.parfumo.com/Perfumes/DKNY/DK_Men
48381,DKNY,DK Men Fuel Michael Andretti Limited Edition,,https://www.parfumo.com/Perfumes/DKNY/DK_Men_Fuel_Michael_Andretti_Limited_Edition
48382,DKNY,DK Men Unleaded,,https://www.parfumo.com/Perfumes/DKNY/DK_Men_Unleaded
48383,DKNY,DKNY 24/7,,https://www.parfumo.com/Perfumes/DKNY/dkny-24-7
48384,DKNY,Dkny Be Delicious Art 2013,2013,https://huggingface.co/datasets/doevent/perfume
48385,DKNY,Dkny Be Delicious Fresh Blossom Art 2013,2013,https://huggingface.co/datasets/doevent/perfume
48386,DKNY,Dkny Be Delicious Guava Goddess 2022,2022,https://huggingface.co/datasets/doevent/perfume
48387,DKNY,Dkny Be Delicious Orchard St 2023,2023,https://huggingface.co/datasets/doevent/perfume
48388,DKNY,Dkny Be Delicious Skin 2013,2013,https://huggingface.co/datasets/doevent/perfume
48389,DKNY,Dkny Be Tempted Eau So Blush 2016,2016,https://huggingface.co/datasets/doevent/perfume
48390,DKNY,DKNY Energy Men,,https://www.parfumo.com/Perfumes/DKNY/DKNY_Energy_Men
48391,DKNY,DKNY Energy Women,,https://www.parfumo.com/Perfumes/DKNY/DKNY_Energy_Women
48392,DKNY,Dkny For Men,,https://huggingface.co/datasets/doevent/perfume
48393,DKNY,DKNY Men Art,,https://www.parfumo.com/Perfumes/DKNY/Art_Men
48394,DKNY,DKNY Men DKNY / Donna Karan 2000 After Shave,2000,https://www.parfumo.com/Perfumes/DKNY/DKNY_Men_2000_After_Shave
48395,DKNY,DKNY Men DKNY / Donna Karan 2000 Eau de Toilette,2000,https://www.parfumo.com/Perfumes/DKNY/DKNY_Men_2000_Eau_de_Toilette
48396,DKNY,DKNY Men DKNY / Donna Karan 2009 After Shave,2009,https://www.parfumo.com/Perfumes/DKNY/DKNY_Men_2009_After_Shave
48397,DKNY,DKNY Men DKNY / Donna Karan 2009 Eau de Toilette,2009,https://www.parfumo.com/Perfumes/DKNY/DKNY_Men_2009_Eau_de_Toilette
48398,DKNY,DKNY Men Summer 2009,2009,https://www.parfumo.com/Perfumes/DKNY/DKNY_Men_Summer_2009
48399,DKNY,DKNY Men Summer 2010,2010,https://www.parfumo.com/Perfumes/DKNY/DKNY_Men_Summer_2010
48400,DKNY,DKNY Men Summer 2011,2011,https://www.parfumo.com/Perfumes/DKNY/DKNY_Men_Summer_2011
48401,DKNY,DKNY Men Summer 2012,2012,https://www.parfumo.com/Perfumes/DKNY/DKNY_Men_Summer_2012
48402,DKNY,DKNY Men Summer 2014,2014,https://www.parfumo.com/Perfumes/DKNY/DKNY_Men_Summer_2014
48403,DKNY,DKNY Men Summer 2015,2015,https://www.parfumo.com/Perfumes/DKNY/DKNY_Men_Summer_2015
48404,DKNY,DKNY Men Summer 2016,2016,https://www.parfumo.com/Perfumes/DKNY/DKNY_Men_Summer_2016
48405,DKNY,DKNY Men Summer 2017,2017,https://www.parfumo.com/Perfumes/DKNY/DKNY_Men_Summer_2017
48406,DKNY,DKNY Men Summer 2018,2018,https://www.parfumo.com/Perfumes/DKNY/DKNY_Men_Summer_2018
48407,DKNY,DKNY Men Summer 2019,2019,https://www.parfumo.com/Perfumes/DKNY/DKNY_Men_Summer_2019
48408,DKNY,DKNY Men Summer 2020,2020,https://www.parfumo.com/Perfumes/DKNY/dkny-men-summer-2020
48409,DKNY,Dkny Myny,,https://huggingface.co/datasets/doevent/perfume
48410,DKNY,DKNY Stories DKNY / Donna Karan 2011 Eau de Parfum,2011,https://www.parfumo.com/Perfumes/DKNY/dkny-stories-eau-de-parfum
48411,DKNY,DKNY Stories DKNY / Donna Karan 2019 Eau de Toilette,2019,https://www.parfumo.com/Perfumes/DKNY/dkny-stories-eau-de-toilette
48412,DKNY,DKNY Women Art,,https://www.parfumo.com/Perfumes/DKNY/Art_Women
48413,DKNY,Dkny Women Eau De Parfum,,https://huggingface.co/datasets/doevent/perfume
48414,DKNY,Dkny Women Eau De Toilette,,https://huggingface.co/datasets/doevent/perfume
48415,DKNY,DKNY Women (Energizing Eau de Parfum),,https://www.parfumo.com/Perfumes/DKNY/DKNY_Women
48416,DKNY,DKNY Women (Energizing Eau de Toilette),,https://www.parfumo.com/Perfumes/DKNY/DKNY_Women_Energizing
48417,DKNY,Dkny Women Fall 2013,2013,https://huggingface.co/datasets/doevent/perfume
48418,DKNY,Dkny Women Fall 2019,2019,https://huggingface.co/datasets/doevent/perfume
48419,DKNY,Dkny Women Fall 2020,2020,https://huggingface.co/datasets/doevent/perfume
48420,DKNY,Dkny Women Fall 2021,2021,https://huggingface.co/datasets/doevent/perfume
48421,DKNY,DKNY Women Gold,,https://www.parfumo.com/Perfumes/DKNY/DKNY_Women_Gold
48422,DKNY,DKNY Women Limited Edition 2009,2009,https://www.parfumo.com/Perfumes/DKNY/DKNY_Women_Limited_Edition_2009
48423,DKNY,DKNY Women Limited Edition 2010,2010,https://www.parfumo.com/Perfumes/DKNY/DKNY_Women_Limited_Edition_2010
48424,DKNY,DKNY Women Limited Edition 2012 - Heart,2012,https://www.parfumo.com/Perfumes/DKNY/DKNY_Women_Heart
48425,DKNY,DKNY Women Limited Edition 2013 - Fall,2013,https://www.parfumo.com/Perfumes/DKNY/DKNY_Woman_Fall
48426,DKNY,DKNY Women Limited Edition 2014 - Sparkling Fall,2014,https://www.parfumo.com/Perfumes/DKNY/DKNY_Women_Sparkling_Fall
48427,DKNY,DKNY Women Limited Edition 2015 - Fall Metallic City,2015,https://www.parfumo.com/Perfumes/DKNY/DKNY_Women_Fall_2015
48428,DKNY,DKNY Women Limited Edition 2018 - Fall,2018,https://www.parfumo.com/Perfumes/DKNY/DKNY_Women_Limited_Edition_2018__Fall
48429,DKNY,DKNY Women Limited Edition 2019 - Fall,2019,https://www.parfumo.com/Perfumes/DKNY/dkny-women-limited-edition-2019-fall
48430,DKNY,DKNY Women Limited Edition 2020 - Fall,2020,https://www.parfumo.com/Perfumes/DKNY/dkny-women-limited-edition-2020-fall
48431,DKNY,DKNY Women Summer 2006,2006,https://www.parfumo.com/Perfumes/DKNY/DKNY_Women_Summer_2006
48432,DKNY,DKNY Women Summer 2007,2007,https://www.parfumo.com/Perfumes/DKNY/DKNY_Women_Summer_2007
48433,DKNY,DKNY Women Summer 2009,2009,https://www.parfumo.com/Perfumes/DKNY/DKNY_Women_Summer_2009
48434,DKNY,DKNY Women Summer 2010,2010,https://www.parfumo.com/Perfumes/DKNY/DKNY_Women_Summer_2010
48435,DKNY,DKNY Women Summer 2011,2011,https://www.parfumo.com/Perfumes/DKNY/DKNY_Women_Summer_2011
48436,DKNY,DKNY Women Summer 2012,2012,https://www.parfumo.com/Perfumes/DKNY/DKNY_Women_Summer_2012
48437,DKNY,DKNY Women Summer 2014,2014,https://www.parfumo.com/Perfumes/DKNY/DKNY_Women_Summer_2014
48438,DKNY,DKNY Women Summer 2015,2015,https://www.parfumo.com/Perfumes/DKNY/DKNY_Women_Summer_2015
48439,DKNY,DKNY Women Summer 2016,2016,https://www.parfumo.com/Perfumes/DKNY/DKNY_Women_Summer_2016
48440,DKNY,DKNY Women Summer 2017,2017,https://www.parfumo.com/Perfumes/DKNY/DKNY_Women_Summer_2017
48441,DKNY,DKNY Women Summer 2018,2018,https://www.parfumo.com/Perfumes/DKNY/DKNY_Women_Summer_2018
48442,DKNY,DKNY Women Summer 2019,2019,https://www.parfumo.com/Perfumes/DKNY/DKNY_Women_Summer_2019
48443,DKNY,DKNY Women Summer 2020,2020,https://www.parfumo.com/Perfumes/DKNY/dkny-women-summer-2020
48444,DKNY,DKNY Women Summer 2021,2021,https://www.parfumo.com/Perfumes/DKNY/dkny-women-summer-2021
48445,DKNY,DKNY Women Summer 2022,2022,https://www.parfumo.com/Perfumes/DKNY/dkny-women-summer-2022
48446,DKNY,DKNY Women To Go,,https://www.parfumo.com/Perfumes/DKNY/DKNY_To_Go_Women
48447,DKNY,Donna Karan 24K Gold and Black Edition,,https://www.parfumo.com/Perfumes/DKNY/Donna_Karan_24K_Gold_and_Black_Edition
48448,DKNY,Donna Karan 24K Gold Edition,,https://www.parfumo.com/Perfumes/DKNY/Donna_Karan_24K_Gold_Edition
48449,DKNY,Donna Karan Collector's Edition,,https://www.parfumo.com/Perfumes/DKNY/Donna_Karan_Collector_s_Edition
48450,DKNY,Donna Karan DKNY / Donna Karan 1992 Parfum,1992,https://www.parfumo.com/Perfumes/DKNY/Donna_Karan_Parfum
48451,DKNY,Donna Karan DKNY / Donna Karan 2006 Eau de Parfum,2006,https://www.parfumo.com/Perfumes/DKNY/Donna_Karan_Eau_de_Parfum
48452,DKNY,Donna Karan Essence: Jasmine,,https://www.parfumo.com/Perfumes/DKNY/Donna_Karan_Essence_Jasmine
48453,DKNY,Donna Karan Essence: Labdanum,,https://www.parfumo.com/Perfumes/DKNY/Donna_Karan_Essence_Labdanum
48454,DKNY,Donna Karan Essence: Lavender,,https://www.parfumo.com/Perfumes/DKNY/Donna_Karan_Essence_Lavender
48455,DKNY,Donna Karan Essence: Wenge,,https://www.parfumo.com/Perfumes/DKNY/Donna_Karan_Essence_Wenge
48456,DKNY,Donna Karan Pendant,,https://www.parfumo.com/Perfumes/DKNY/Donna_Karan_Pendant
48457,DKNY,Donna Karan Signature,,https://www.parfumo.com/Perfumes/DKNY/Donna_Karan_Signature
48458,DKNY,Donna Karan Woman,,https://www.parfumo.com/Perfumes/DKNY/Woman
48459,DKNY,Fuel for Men,,https://www.parfumo.com/Perfumes/DKNY/Fuel_for_Men
48460,DKNY,Gold DKNY / Donna Karan 1995 Eau de Toilette,1995,https://www.parfumo.com/Perfumes/DKNY/Gold_Eau_de_Toilette
48461,DKNY,Gold DKNY / Donna Karan 2006 Eau de Parfum,2006,https://www.parfumo.com/Perfumes/DKNY/Gold
48462,DKNY,Gold DKNY / Donna Karan 2007 Sparkling Eau de Toilette,2007,https://www.parfumo.com/Perfumes/DKNY/Gold_Sparkling
48463,DKNY,Golden Delicious,,https://huggingface.co/datasets/doevent/perfume
48464,DKNY,Golden Delicious Art,,https://www.parfumo.com/Perfumes/DKNY/Golden_Delicious_Art
48465,DKNY,Golden Delicious DKNY / Donna Karan 2011 Eau de Parfum,2011,https://www.parfumo.com/Perfumes/DKNY/golden-delicious-eau-de-parfum
48466,DKNY,Golden Delicious DKNY / Donna Karan Fragrance Mist (Body Mist),,https://www.parfumo.com/Perfumes/DKNY/golden-delicious-fragrance-mist
48467,DKNY,Golden Delicious Eau So Intense,,https://www.parfumo.com/Perfumes/DKNY/Golden_Delicious_Intense
48468,DKNY,Golden Delicious Million Dollar Bottle,,https://www.parfumo.com/Perfumes/DKNY/Golden_Delicious_Million_Dollar_Bottle
48469,DKNY,Golden Delicious Skin DKNY / Donna Karan 2013 Hydrating Eau de Toilette,2013,https://www.parfumo.com/Perfumes/DKNY/golden-delicious-skin-hydrating-eau-de-toilette
48470,DKNY,Golden Delicious Sparkling Apple,,https://www.parfumo.com/Perfumes/DKNY/Golden_Delicious_Sparkling_Apple
48471,DKNY,Iris,,https://www.parfumo.com/Perfumes/DKNY/Iris
48472,DKNY,Liquid Cashmere,,https://www.parfumo.com/Perfumes/DKNY/Liquid_Cashmere
48473,DKNY,Liquid Cashmere Acqua,,https://huggingface.co/datasets/doevent/perfume
48474,DKNY,Liquid Cashmere Aqua,,https://www.parfumo.com/Perfumes/DKNY/Liquid_Cashmere_Aqua
48475,DKNY,Liquid Cashmere Black,,https://www.parfumo.com/Perfumes/DKNY/Liquid_Cashmere_Black
48476,DKNY,Liquid Cashmere Blush,,https://www.parfumo.com/Perfumes/DKNY/Liquid_Cashmere_Blush
48477,DKNY,Liquid Cashmere Limited Edition,,https://www.parfumo.com/Perfumes/DKNY/Liquid_Cashmere_Limited_Edition
48478,DKNY,Liquid Cashmere White,,https://www.parfumo.com/Perfumes/DKNY/Liquid_Cashmere_White
48479,DKNY,Love from New York Men,,https://www.parfumo.com/Perfumes/DKNY/DKNY_Love_from_New_York_for_Men
48480,DKNY,Love from New York Women,,https://www.parfumo.com/Perfumes/DKNY/DKNY_Love_from_New_York_for_Women
48481,DKNY,Mandarin Neroli,,https://www.parfumo.com/Perfumes/DKNY/Mandarin_Neroli
48482,DKNY,My NY,,https://www.parfumo.com/Perfumes/DKNY/My_NY
48483,DKNY,Nectar Love,,https://www.parfumo.com/Perfumes/DKNY/Nectar_Love
48484,DKNY,Pure DKNY - Rose A Drop of Rose,,https://www.parfumo.com/Perfumes/DKNY/Pure_DKNY_A_Drop_of_Rose
48485,DKNY,Pure DKNY - Vanilla A Drop of Vanilla,,https://www.parfumo.com/Perfumes/DKNY/Pure_DKNY
48486,DKNY,Pure DKNY - Verbena A Drop of Verbena,,https://www.parfumo.com/Perfumes/DKNY/Pure_DKNY_Verbena
48487,DKNY,Puredkny A Drop Of Rose,,https://huggingface.co/datasets/doevent/perfume
48488,DKNY,Puredkny A Drop Of Vanilla,,https://huggingface.co/datasets/doevent/perfume
48489,DKNY,Puredkny A Drop Of Verbena,,https://huggingface.co/datasets/doevent/perfume
48490,DKNY,Red Delicious,,https://www.parfumo.com/Perfumes/DKNY/DKNY_Red_Delicious
48491,DKNY,Red Delicious Charmingly Delicious,,https://www.parfumo.com/Perfumes/DKNY/Red_Delicious_Charmingly_Delicious
48492,DKNY,Red Delicious Men,,https://www.parfumo.com/Perfumes/DKNY/DKNY_Red_Delicious_Men
48493,DKNY,Stories Eau De Parfum,,https://huggingface.co/datasets/doevent/perfume
48494,DKNY,Stories Eau De Toilette,,https://huggingface.co/datasets/doevent/perfume
48495,DKNY,Sweet Delicious Creamy Meringue,,https://www.parfumo.com/Perfumes/DKNY/Sweet_Delicious_Creamy_Meringue
48496,DKNY,Sweet Delicious Pink Macaron,,https://www.parfumo.com/Perfumes/DKNY/Sweet_Delicious_Pink_Macaroon
48497,DKNY,Sweet Delicious Tart Key Lime,,https://www.parfumo.com/Perfumes/DKNY/Sweet_Delicious_Tart_Key_Lime
48498,DL & Co,Angels Trumpet,2008,https://www.fragrantica.com/perfume/DL-Co/Angels-Trumpet-6073.html
48499,DL & Co,Lady Rhubarb,2008,https://www.fragrantica.com/perfume/DL-Co/Lady-Rhubarb-6074.html
48500,DL & Co,Thorn Apple,2008,https://www.fragrantica.com/perfume/DL-Co/Thorn-Apple-6075.html
48501,DL & Co,Timeless: Cassis Pocket Watch,,https://www.fragrantica.com/perfume/DL-Co/Timeless-Cassis-Pocket-Watch-6077.html
48502,DL & Co,Timeless: Lily of the Valley Pocket Watch,,https://www.fragrantica.com/perfume/DL-Co/Timeless-Lily-of-the-Valley-Pocket-Watch-6078.html
48503,DL & Co,Timeless: Yuzu Flower pocket Watch,,https://www.fragrantica.com/perfume/DL-Co/Timeless-Yuzu-Flower-pocket-Watch-6076.html
48504,DNR,Missing DNR collection delicious destinations,2020,https://www.fragrantica.com/perfume/DNR/Missing-DNR-collection-delicious-destinations-120358.html
48505,Do Brasil,Flor do Brasil,,https://www.fragrantica.com/perfume/Do-Brasil/Flor-do-Brasil-33385.html
48506,Do Brasil,Maracuja da Bahia,,https://www.fragrantica.com/perfume/Do-Brasil/Maracuja-da-Bahia-33386.html
48507,Do Brasil,Orquídea,,https://www.fragrantica.com/perfume/Do-Brasil/Orquidea-33387.html
48508,Do Brasil,Paraiso,,https://www.fragrantica.com/perfume/Do-Brasil/Paraiso-33389.html
48509,Do Brasil,Tucuma,,https://www.fragrantica.com/perfume/Do-Brasil/Tucuma-33388.html
48510,Docteur Renaud,Bouquet Fruité,2019,https://www.fragrantica.com/perfume/Docteur-Renaud/Bouquet-Fruite-55723.html
48511,Docteur Renaud,Brassée de Roses,2019,https://www.fragrantica.com/perfume/Docteur-Renaud/Brassee-de-Roses-55721.html
48512,Docteur Renaud,Brin de Poésie,2019,https://www.fragrantica.com/perfume/Docteur-Renaud/Brin-de-Poesie-55725.html
48513,Docteur Renaud,Granité d'Été,2019,https://www.fragrantica.com/perfume/Docteur-Renaud/Granite-d-Ete-55722.html
48514,Docteur Renaud,Pêché Gourmand,2019,https://www.fragrantica.com/perfume/Docteur-Renaud/Peche-Gourmand-55724.html
48515,Doctor Sweet Tooth,Banana Coconut,2007,https://www.fragrantica.com/perfume/Doctor-Sweet-Tooth/Banana-Coconut-60955.html
48516,Doctor Sweet Tooth,Cannoli,2007,https://www.fragrantica.com/perfume/Doctor-Sweet-Tooth/Cannoli-60952.html
48517,Doctor Sweet Tooth,Cherry Vanilla,2007,https://www.fragrantica.com/perfume/Doctor-Sweet-Tooth/Cherry-Vanilla-60947.html
48518,Doctor Sweet Tooth,Chocolate Cream Pie,2007,https://www.fragrantica.com/perfume/Doctor-Sweet-Tooth/Chocolate-Cream-Pie-60954.html
48519,Doctor Sweet Tooth,Creamy Coconut,2007,https://www.fragrantica.com/perfume/Doctor-Sweet-Tooth/Creamy-Coconut-60956.html
48520,Doctor Sweet Tooth,Gummy Bears,2007,https://www.fragrantica.com/perfume/Doctor-Sweet-Tooth/Gummy-Bears-60948.html
48521,Doctor Sweet Tooth,Pink Marshmallow,2007,https://www.fragrantica.com/perfume/Doctor-Sweet-Tooth/Pink-Marshmallow-60949.html
48522,Doctor Sweet Tooth,Pumpkin Firewood,2007,https://www.fragrantica.com/perfume/Doctor-Sweet-Tooth/Pumpkin-Firewood-60951.html
48523,Doctor Sweet Tooth,Pumpkin Spice,2007,https://www.fragrantica.com/perfume/Doctor-Sweet-Tooth/Pumpkin-Spice-60950.html
48524,Doctor Sweet Tooth,Sugar Cookie,2007,https://www.fragrantica.com/perfume/Doctor-Sweet-Tooth/Sugar-Cookie-60953.html
48525,DOCUMENTS 闻献,12° Excite 12度 心潮沸腾,2020,https://www.fragrantica.com/perfume/DOCUMENTS-wen-xian/120-Excite-12du-xin-chao-fei-teng-93766.html
48526,DOCUMENTS 闻献,5° Loose 5度 灵魂弛放,2020,https://www.fragrantica.com/perfume/DOCUMENTS-wen-xian/50-Loose-5du-ling-hun-chi-fang-93768.html
48527,DOCUMENTS 闻献,53°Peace 53度 无妄之境,,https://www.fragrantica.com/perfume/DOCUMENTS-wen-xian/530Peace-53du-wu-wang-zhi-jing-105204.html
48528,DOCUMENTS 闻献,Auter 秋冬,,https://www.fragrantica.com/perfume/DOCUMENTS-wen-xian/Auter-qiu-dong-112359.html
48529,DOCUMENTS 闻献,Chén 丹沉,2025,https://www.fragrantica.com/perfume/DOCUMENTS-wen-xian/Chen-dan-chen-117152.html
48530,DOCUMENTS 闻献,Eclipse 午月升,2020,https://www.fragrantica.com/perfume/DOCUMENTS-wen-xian/Eclipse-wu-yue-sheng-93771.html
48531,DOCUMENTS 闻献,Feather 羽化仙,2020,https://www.fragrantica.com/perfume/DOCUMENTS-wen-xian/Feather-yu-hua-xian-93767.html
48532,DOCUMENTS 闻献,Horse,2026,https://www.fragrantica.com/perfume/DOCUMENTS-wen-xian/Horse-125213.html
48533,DOCUMENTS 闻献,Hug 相拥之后,,https://www.fragrantica.com/perfume/DOCUMENTS-wen-xian/Hug-xiang-yong-zhi-hou-112000.html
48534,DOCUMENTS 闻献,Inter Cedar Eau de Parfum 杉间,2025,https://www.fragrantica.com/perfume/DOCUMENTS-wen-xian/Inter-Cedar-Eau-de-Parfum-shan-jian-105206.html
48535,DOCUMENTS 闻献,Inter Cedar Parfum 杉间,,https://www.fragrantica.com/perfume/DOCUMENTS-wen-xian/Inter-Cedar-Parfum-shan-jian-111254.html
48536,DOCUMENTS 闻献,Jade 茉白玉,,https://www.fragrantica.com/perfume/DOCUMENTS-wen-xian/Jade-mo-bai-yu-105203.html
48537,DOCUMENTS 闻献,Lay 芳草留痕,,https://www.fragrantica.com/perfume/DOCUMENTS-wen-xian/Lay-fang-cao-liu-hen-111998.html
48538,DOCUMENTS 闻献,Lilac 子丁吟,,https://www.fragrantica.com/perfume/DOCUMENTS-wen-xian/Lilac-zi-ding-yin-93769.html
48539,DOCUMENTS 闻献,Lóng 龙吟,2025,https://www.fragrantica.com/perfume/DOCUMENTS-wen-xian/Long-long-yin-117153.html
48540,DOCUMENTS 闻献,Mean 柔韧荆棘,2020,https://www.fragrantica.com/perfume/DOCUMENTS-wen-xian/Mean-rou-ren-jing-ji-93762.html
48541,DOCUMENTS 闻献,Naive 初熟之物,2020,https://www.fragrantica.com/perfume/DOCUMENTS-wen-xian/Naive-chu-shu-zhi-wu-93759.html
48542,DOCUMENTS 闻献,Off 夜漠回声,2020,https://www.fragrantica.com/perfume/DOCUMENTS-wen-xian/Off-ye-mo-hui-sheng-93761.html
48543,DOCUMENTS 闻献,Pepper Bud 椒芽,,https://www.fragrantica.com/perfume/DOCUMENTS-wen-xian/Pepper-Bud-jiao-ya-111255.html
48544,DOCUMENTS 闻献,Sensitive 体物入微,2020,https://www.fragrantica.com/perfume/DOCUMENTS-wen-xian/Sensitive-ti-wu-ru-wei-93758.html
48545,DOCUMENTS 闻献,Shè 红麝,2025,https://www.fragrantica.com/perfume/DOCUMENTS-wen-xian/She-hong-she-117151.html
48546,DOCUMENTS 闻献,Shy 腹语之术,2020,https://www.fragrantica.com/perfume/DOCUMENTS-wen-xian/Shy-fu-yu-zhi-shu-91605.html
48547,DOCUMENTS 闻献,Sit 席地而坐,,https://www.fragrantica.com/perfume/DOCUMENTS-wen-xian/Sit-xi-de-er-zuo-105205.html
48548,DOCUMENTS 闻献,Snow 松拂雪,2020,https://www.fragrantica.com/perfume/DOCUMENTS-wen-xian/Snow-song-fu-xue-93774.html
48549,DOCUMENTS 闻献,Sprimmer 春夏,,https://www.fragrantica.com/perfume/DOCUMENTS-wen-xian/Sprimmer-chun-xia-112356.html
48550,DOCUMENTS 闻献,Stubborn 妥协尽头,2020,https://www.fragrantica.com/perfume/DOCUMENTS-wen-xian/Stubborn-tuo-xie-jin-tou-93764.html
48551,DOCUMENTS 闻献,Sutumn 夏秋,,https://www.fragrantica.com/perfume/DOCUMENTS-wen-xian/Sutumn-xia-qiu-112358.html
48552,DOCUMENTS 闻献,Tán 赤檀,2025,https://www.fragrantica.com/perfume/DOCUMENTS-wen-xian/Tan-chi-tan-117150.html
48553,DOCUMENTS 闻献,Think 灵光没顶,2020,https://www.fragrantica.com/perfume/DOCUMENTS-wen-xian/Think-ling-guang-mei-ding-93765.html
48554,DOCUMENTS 闻献,Thunder 逐浪山,2020,https://www.fragrantica.com/perfume/DOCUMENTS-wen-xian/Thunder-zhu-lang-shan-93770.html
48555,DOCUMENTS 闻献,Void 空无一木,2020,https://www.fragrantica.com/perfume/DOCUMENTS-wen-xian/Void-kong-wu-yi-mu-93773.html
48556,DOCUMENTS 闻献,Winning 冬春,,https://www.fragrantica.com/perfume/DOCUMENTS-wen-xian/Winning-dong-chun-112357.html
48557,DOCUMENTS 闻献,Wonder 羁旅归途,2020,https://www.fragrantica.com/perfume/DOCUMENTS-wen-xian/Wonder-ji-lu-gui-tu-93772.html
48558,Dofta,Aqua Pure Extrait de Parfum,2018,https://www.fragrantica.com/perfume/Dofta/Aqua-Pure-Extrait-de-Parfum-49992.html
48559,Dofta,Black Orchid,2018,https://www.fragrantica.com/perfume/Dofta/Black-Orchid-49986.html
48560,Dofta,Champagne,2018,https://www.fragrantica.com/perfume/Dofta/Champagne-49989.html
48561,Dofta,Champagne Extrait de Parfum,2018,https://www.fragrantica.com/perfume/Dofta/Champagne-Extrait-de-Parfum-49993.html
48562,Dofta,Cool Cotton,2018,https://www.fragrantica.com/perfume/Dofta/Cool-Cotton-49990.html
48563,Dofta,Midnight Mood,2018,https://www.fragrantica.com/perfume/Dofta/Midnight-Mood-49987.html
48564,Dofta,Oriental Nights,2018,https://www.fragrantica.com/perfume/Dofta/Oriental-Nights-49988.html
48565,Dofta,Oriental Nights Extrait de Parfum,2018,https://www.fragrantica.com/perfume/Dofta/Oriental-Nights-Extrait-de-Parfum-49994.html
48566,Dofta,Peony Bloom,2018,https://www.fragrantica.com/perfume/Dofta/Peony-Bloom-49991.html
48567,Dofta,Pinkish Extrait de Parfum,2018,https://www.fragrantica.com/perfume/Dofta/Pinkish-Extrait-de-Parfum-49995.html
48568,Dofta,Something Blue Extrait de Parfum,2018,https://www.fragrantica.com/perfume/Dofta/Something-Blue-Extrait-de-Parfum-49996.html
48569,Dofta,White Nights Extrait de Parfum,2018,https://www.fragrantica.com/perfume/Dofta/White-Nights-Extrait-de-Parfum-49997.html
48570,Dog Generation,Oh My Cat,2001,https://www.fragrantica.com/perfume/Dog-Generation/Oh-My-Cat-44997.html
48571,Dog Generation,Oh My Dog,2000,https://www.fragrantica.com/perfume/Dog-Generation/Oh-My-Dog-44998.html
48572,Dogwood & Fir,Dark & Moody,2024,https://www.fragrantica.com/perfume/Dogwood-Fir/Dark-Moody-99973.html
48573,Dogwood & Fir,Soft & Muted,2024,https://www.fragrantica.com/perfume/Dogwood-Fir/Soft-Muted-99976.html
48574,Doktor Michalis S.A,Beau Mec,1980,https://www.fragrantica.com/perfume/Doktor-Michalis-S-A/Beau-Mec-66302.html
48575,Dolce,Bella,,https://www.fragrantica.com/perfume/Dolce/Bella-139642.html
48576,Dolce,Classic,,https://www.fragrantica.com/perfume/Dolce/Classic-139649.html
48577,Dolce,Luna,,https://www.fragrantica.com/perfume/Dolce/Luna-139645.html
48578,Dolce&Gabbana,By,1997,https://www.fragrantica.com/perfume/Dolce-Gabbana/By-490.html
48579,Dolce&Gabbana,By,1999,https://www.fragrantica.com/perfume/Dolce-Gabbana/By-489.html
48580,Dolce&Gabbana,By Man,1998,https://www.parfumo.com/Perfumes/Dolce_Gabbana/By_Man
48581,Dolce&Gabbana,By Man Re-Edition 1997,2026,https://www.fragrantica.com/perfume/Dolce-Gabbana/By-Man-Re-Edition-1997-141750.html
48582,Dolce&Gabbana,By Woman Dolce & Gabbana 1997 Eau de Parfum,1997,https://www.parfumo.com/Perfumes/Dolce_Gabbana/by-woman-eau-de-parfum
48583,Dolce&Gabbana,By Woman Dolce & Gabbana Compact Parfum,,https://www.parfumo.com/Perfumes/Dolce_Gabbana/by-woman-compact-parfum
48584,Dolce&Gabbana,By Woman Re-Edition 1997,2026,https://www.fragrantica.com/perfume/Dolce-Gabbana/By-Woman-Re-Edition-1997-141751.html
48585,Dolce & Gabbana,D&G : 1 Le Bateleur,,https://huggingface.co/datasets/doevent/perfume
48586,Dolce & Gabbana,D&G : 10 La Roue De La Fortune,,https://huggingface.co/datasets/doevent/perfume
48587,Dolce & Gabbana,D&G : 11 La Force,,https://huggingface.co/datasets/doevent/perfume
48588,Dolce & Gabbana,D&G : 14 La Temperance,,https://huggingface.co/datasets/doevent/perfume
48589,Dolce & Gabbana,D&G : 18 La Lune,,https://huggingface.co/datasets/doevent/perfume
48590,Dolce & Gabbana,D&G : 21 Le Fou,,https://huggingface.co/datasets/doevent/perfume
48591,Dolce & Gabbana,D&G : 3 L'Impératrice,,https://huggingface.co/datasets/doevent/perfume
48592,Dolce & Gabbana,D&G : 4 L'Empereur,,https://huggingface.co/datasets/doevent/perfume
48593,Dolce & Gabbana,D&G : 6 L'Amoureux,,https://huggingface.co/datasets/doevent/perfume
48594,Dolce&Gabbana,D&G Anthology L'Amoureux 6,2009,https://www.fragrantica.com/perfume/Dolce-Gabbana/D-G-Anthology-L-Amoureux-6-6087.html
48595,Dolce&Gabbana,D&G Anthology L'Empereur 4,2012,https://www.fragrantica.com/perfume/Dolce-Gabbana/D-G-Anthology-L-Empereur-4-14407.html
48596,Dolce&Gabbana,D&G Anthology L'Imperatrice 3,2009,https://www.fragrantica.com/perfume/Dolce-Gabbana/D-G-Anthology-L-Imperatrice-3-6086.html
48597,Dolce&Gabbana,D&G Anthology La Force 11,2009,https://www.fragrantica.com/perfume/Dolce-Gabbana/D-G-Anthology-La-Force-11-6842.html
48598,Dolce&Gabbana,D&G Anthology La Lune 18,2009,https://www.fragrantica.com/perfume/Dolce-Gabbana/D-G-Anthology-La-Lune-18-6089.html
48599,Dolce&Gabbana,D&G Anthology La Roue de La Fortune 10,2009,https://www.fragrantica.com/perfume/Dolce-Gabbana/D-G-Anthology-La-Roue-de-La-Fortune-10-6088.html
48600,Dolce&Gabbana,D&G Anthology La Temperance 14,2011,https://www.fragrantica.com/perfume/Dolce-Gabbana/D-G-Anthology-La-Temperance-14-12483.html
48601,Dolce&Gabbana,D&G Anthology Le Bateleur 1,2009,https://www.fragrantica.com/perfume/Dolce-Gabbana/D-G-Anthology-Le-Bateleur-1-6085.html
48602,Dolce&Gabbana,D&G Anthology Le Fou 21,2011,https://www.fragrantica.com/perfume/Dolce-Gabbana/D-G-Anthology-Le-Fou-21-12484.html
48603,Dolce&Gabbana,D&G Feminine,1999,https://www.fragrantica.com/perfume/Dolce-Gabbana/D-G-Feminine-487.html
48604,Dolce&Gabbana,D&G Masculine Dolce & Gabbana 1999 After Shave,1999,https://www.parfumo.com/Perfumes/Dolce_Gabbana/DG_Masculine_After_Shave
48605,Dolce&Gabbana,D&G Masculine (Eau de Toilette),1999,https://www.fragrantica.com/perfume/Dolce-Gabbana/D-G-Masculine-488.html
48606,Dolce&Gabbana,Devotion,2023,https://www.fragrantica.com/perfume/Dolce-Gabbana/Devotion-84951.html
48607,Dolce&Gabbana,Devotion Intense,2024,https://www.fragrantica.com/perfume/Dolce-Gabbana/Devotion-Intense-96028.html
48608,Dolce&Gabbana,Devotion Pour Homme,2025,https://www.fragrantica.com/perfume/Dolce-Gabbana/Devotion-Pour-Homme-101353.html
48609,Dolce&Gabbana,Devotion Pour Homme Parfum,2025,https://www.fragrantica.com/perfume/Dolce-Gabbana/Devotion-Pour-Homme-Parfum-112765.html
48610,Dolce&Gabbana,Devotion Sacred Heart Limited Edition,2025,https://www.fragrantica.com/perfume/Dolce-Gabbana/Devotion-Sacred-Heart-Limited-Edition-113726.html
48611,Dolce&Gabbana,DGVIB3 Eau de Parfum,2023,https://www.fragrantica.com/perfume/Dolce-Gabbana/DGVIB3-Eau-de-Parfum-87434.html
48612,Dolce&Gabbana,Dolce Alcohol Free Perfume Gel,2026,https://www.fragrantica.com/perfume/Dolce-Gabbana/Dolce-Alcohol-Free-Perfume-Gel-126491.html
48613,Dolce & Gabbana,Dolce & Gabbana Dolce & Gabbana 1992 Eau de Toilette,1992,https://www.parfumo.com/Perfumes/Dolce_Gabbana/dolce-gabbana-1992-eau-de-toilette
48614,Dolce&Gabbana,Dolce & Gabbana Dolce & Gabbana 1992 Parfum,1992,https://www.parfumo.com/Perfumes/Dolce_Gabbana/dolce-gabbana-1992-parfum
48615,Dolce & Gabbana,Dolce & Gabbana Dolce & Gabbana 2013 Eau sans Alcool,2013,https://www.parfumo.com/Perfumes/Dolce_Gabbana/Dolce_Gabbana_Eau_Sans_Alcool_Alcohol_Free_Scented_Water
48616,Dolce&Gabbana,Dolce&Gabbana (Eau de Toilette),1992,https://www.fragrantica.com/perfume/Dolce-Gabbana/Dolce-Gabbana-484.html
48617,Dolce&Gabbana,Dolce&Gabbana Perfume for Babies,2013,https://www.fragrantica.com/perfume/Dolce-Gabbana/Dolce-Gabbana-Perfume-for-Babies-23597.html
48618,Dolce&Gabbana,Dolce & Gabbana pour Femme Dolce & Gabbana Parfum Solide,,https://www.parfumo.com/Perfumes/Dolce_Gabbana/Dolce__Gabbana_pour_Femme_Parfum_Solide
48619,Dolce&Gabbana,Dolce&Gabbana Pour Femme (Eau de Parfum),2012,https://www.fragrantica.com/perfume/Dolce-Gabbana/Dolce-Gabbana-Pour-Femme-15335.html
48620,Dolce&Gabbana,Dolce&Gabbana Pour Femme Intense,2013,https://www.fragrantica.com/perfume/Dolce-Gabbana/Dolce-Gabbana-Pour-Femme-Intense-18837.html
48621,Dolce&Gabbana,Dolce&Gabbana pour Homme (1994),1994,https://www.fragrantica.com/perfume/Dolce-Gabbana/Dolce-Gabbana-pour-Homme-1994-483.html
48622,Dolce&Gabbana,Dolce&Gabbana Pour Homme (2012),2012,https://www.fragrantica.com/perfume/Dolce-Gabbana/Dolce-Gabbana-Pour-Homme-2012-15336.html
48623,Dolce&Gabbana,Dolce & Gabbana pour Homme Dolce & Gabbana 1994 After Shave,1994,https://www.parfumo.com/Perfumes/Dolce_Gabbana/Dolce__Gabbana_pour_Homme_1994_After_Shave
48624,Dolce&Gabbana,Dolce & Gabbana pour Homme Dolce & Gabbana 1994 Eau de Toilette,1994,https://www.parfumo.com/Perfumes/Dolce_Gabbana/Dolce__Gabbana_pour_Homme_1994_Eau_de_Toilette
48625,Dolce&Gabbana,Dolce & Gabbana pour Homme Dolce & Gabbana 2012 After Shave Lotion,2012,https://www.parfumo.com/Perfumes/Dolce_Gabbana/Dolce__Gabbana_pour_Homme_2012_After_Shave_Lotion
48626,Dolce&Gabbana,Dolce & Gabbana pour Homme Dolce & Gabbana 2012 Eau de Toilette,2012,https://www.parfumo.com/Perfumes/Dolce_Gabbana/Dolce__Gabbana_pour_Homme_2012_Eau_de_Toilette
48627,Dolce&Gabbana,Dolce&Gabbana Pour Homme Intenso (After Shave),2014,https://www.fragrantica.com/perfume/Dolce-Gabbana/Dolce-Gabbana-Pour-Homme-Intenso-28935.html
48628,Dolce&Gabbana,Dolce & Gabbana pour Homme Intenso Dolce & Gabbana 2014 Eau de Parfum,2014,https://www.parfumo.com/Perfumes/Dolce_Gabbana/Dolce__Gabbana_pour_Homme_Intenso_Eau_de_Parfum
48629,Dolce&Gabbana,Dolce&Gabbana The Only One 2,2019,https://www.fragrantica.com/perfume/Dolce-Gabbana/Dolce-Gabbana-The-Only-One-2-53428.html
48630,Dolce&Gabbana,Dolce Blue Jasmine,2024,https://www.fragrantica.com/perfume/Dolce-Gabbana/Dolce-Blue-Jasmine-90660.html
48631,Dolce&Gabbana,Dolce Blue Jasmine Alcohol Free Perfume Gel,2026,https://www.fragrantica.com/perfume/Dolce-Gabbana/Dolce-Blue-Jasmine-Alcohol-Free-Perfume-Gel-126492.html
48632,Dolce&Gabbana,Dolce Dolce & Gabbana Solid Perfume,,https://www.parfumo.com/Perfumes/Dolce_Gabbana/Dolce_Solid_Perfume
48633,Dolce&Gabbana,Dolce (Eau de Parfum),2014,https://www.fragrantica.com/perfume/Dolce-Gabbana/Dolce-22955.html
48634,Dolce&Gabbana,Dolce Floral Drops,2015,https://www.fragrantica.com/perfume/Dolce-Gabbana/Dolce-Floral-Drops-29524.html
48635,Dolce&Gabbana,Dolce Garden,2018,https://www.fragrantica.com/perfume/Dolce-Gabbana/Dolce-Garden-48151.html
48636,Dolce&Gabbana,Dolce Lily,2022,https://www.fragrantica.com/perfume/Dolce-Gabbana/Dolce-Lily-72055.html
48637,Dolce&Gabbana,Dolce Magnolia,2026,https://www.fragrantica.com/perfume/Dolce-Gabbana/Dolce-Magnolia-126394.html
48638,Dolce&Gabbana,Dolce Peony,2019,https://www.fragrantica.com/perfume/Dolce-Gabbana/Dolce-Peony-53803.html
48639,Dolce&Gabbana,Dolce Rosa Excelsa,2016,https://www.fragrantica.com/perfume/Dolce-Gabbana/Dolce-Rosa-Excelsa-32612.html
48640,Dolce&Gabbana,Dolce Rose,2021,https://www.fragrantica.com/perfume/Dolce-Gabbana/Dolce-Rose-64693.html
48641,Dolce&Gabbana,Dolce Shine,2020,https://www.fragrantica.com/perfume/Dolce-Gabbana/Dolce-Shine-59129.html
48642,Dolce&Gabbana,Dolce Violet,2023,https://www.fragrantica.com/perfume/Dolce-Gabbana/Dolce-Violet-80038.html
48643,Dolce&Gabbana,Dolce Violet Alcohol Free Perfume Gel,2026,https://www.fragrantica.com/perfume/Dolce-Gabbana/Dolce-Violet-Alcohol-Free-Perfume-Gel-126493.html
48644,Dolce&Gabbana,Fefé,2024,https://www.fragrantica.com/perfume/Dolce-Gabbana/Fefe-95982.html
48645,Dolce&Gabbana,Fruit Collection - Lemon,2020,https://www.parfumo.com/Perfumes/Dolce_Gabbana/fruit-collection-lemon
48646,Dolce&Gabbana,Fruit Collection - Orange,2020,https://www.parfumo.com/Perfumes/Dolce_Gabbana/fruit-collection-orange
48647,Dolce&Gabbana,Fruit Collection - Pineapple,2020,https://www.parfumo.com/Perfumes/Dolce_Gabbana/fruit-collection-pineapple
48648,Dolce&Gabbana,K by Dolce & Gabbana,2019,https://www.fragrantica.com/perfume/Dolce-Gabbana/K-by-Dolce-Gabbana-56358.html
48649,Dolce&Gabbana,K by Dolce & Gabbana Eau de Parfum,2020,https://www.fragrantica.com/perfume/Dolce-Gabbana/K-by-Dolce-Gabbana-Eau-de-Parfum-62311.html
48650,Dolce&Gabbana,K by Dolce & Gabbana Eau de Parfum Intense,2024,https://www.fragrantica.com/perfume/Dolce-Gabbana/K-by-Dolce-Gabbana-Eau-de-Parfum-Intense-89373.html
48651,Dolce&Gabbana,K by Dolce & Gabbana Elixir,2026,https://www.fragrantica.com/perfume/Dolce-Gabbana/K-by-Dolce-Gabbana-Elixir-125736.html
48652,Dolce&Gabbana,K by Dolce & Gabbana Parfum,2025,https://www.fragrantica.com/perfume/Dolce-Gabbana/K-by-Dolce-Gabbana-Parfum-103329.html
48653,Dolce&Gabbana,K Dolce & Gabbana 2019 After Shave Lotion,2019,https://www.parfumo.com/Perfumes/Dolce_Gabbana/k-after-shave-lotion
48654,Dolce&Gabbana,K Dolce & Gabbana 2019 Eau de Toilette,2019,https://www.parfumo.com/Perfumes/Dolce_Gabbana/k-eau-de-toilette
48655,Dolce&Gabbana,K Dolce & Gabbana 2020 Eau de Parfum,2020,https://www.parfumo.com/Perfumes/Dolce_Gabbana/k-eau-de-parfum
48656,Dolce&Gabbana,K Dolce & Gabbana 2024 Eau de Parfum Intense,2024,https://www.parfumo.com/Perfumes/Dolce_Gabbana/k-eau-de-parfum-intense
48657,Dolce&Gabbana,L'Amoureux,2009,https://www.parfumo.com/Perfumes/Dolce_Gabbana/DG_Anthology_L_Amoureaux_6
48658,Dolce&Gabbana,L'eau The One,2008,https://www.fragrantica.com/perfume/Dolce-Gabbana/L-eau-The-One-4494.html
48659,Dolce&Gabbana,L'Empereur,2009,https://www.parfumo.com/Perfumes/Dolce_Gabbana/4_L_Empereur
48660,Dolce&Gabbana,L'Impératrice,2009,https://www.parfumo.com/Perfumes/Dolce_Gabbana/l-imperatrice
48661,Dolce&Gabbana,L'Imperatrice Limited Edition,2020,https://www.fragrantica.com/perfume/Dolce-Gabbana/L-Imperatrice-Limited-Edition-63485.html
48662,Dolce&Gabbana,L'Imperatrice Royale,2025,https://www.fragrantica.com/perfume/Dolce-Gabbana/L-Imperatrice-Royale-102672.html
48663,Dolce&Gabbana,La Force,2000,https://www.parfumo.com/Perfumes/Dolce_Gabbana/11_La_Force
48664,Dolce&Gabbana,La Lune,2009,https://www.parfumo.com/Perfumes/Dolce_Gabbana/DG_Anthology_La_Lune_18
48665,Dolce&Gabbana,La Roue de La Fortune,2009,https://www.parfumo.com/Perfumes/Dolce_Gabbana/DG_Anthology_La_Roue_de_La_Fortune_10
48666,Dolce&Gabbana,La Tempérance,2011,https://www.parfumo.com/Perfumes/Dolce_Gabbana/14_La_Temperance
48667,Dolce&Gabbana,Le Bateleur,2009,https://www.parfumo.com/Perfumes/Dolce_Gabbana/DG_Anthology_Le_Bateleur_1
48668,Dolce&Gabbana,Le Fou,2011,https://www.parfumo.com/Perfumes/Dolce_Gabbana/21_Le_Fou
48669,Dolce&Gabbana,Lemon,2020,https://www.fragrantica.com/perfume/Dolce-Gabbana/Lemon-59230.html
48670,Dolce&Gabbana,Light Blue,2001,https://www.fragrantica.com/perfume/Dolce-Gabbana/Light-Blue-485.html
48671,Dolce&Gabbana,Light Blue Capri In Love Eau de Parfum,2025,https://www.fragrantica.com/perfume/Dolce-Gabbana/Light-Blue-Capri-In-Love-Eau-de-Parfum-104638.html
48672,Dolce&Gabbana,Light Blue Capri In Love Pour Homme Eau de Parfum,2025,https://www.fragrantica.com/perfume/Dolce-Gabbana/Light-Blue-Capri-In-Love-Pour-Homme-Eau-de-Parfum-104639.html
48673,Dolce&Gabbana,Light Blue Capri In Love Pour Homme Travel Retail Exclusive,2026,https://www.fragrantica.com/perfume/Dolce-Gabbana/Light-Blue-Capri-In-Love-Pour-Homme-Travel-Retail-Exclusive-129330.html
48674,Dolce&Gabbana,Light Blue Capri In Love Travel Retail Exclusive,2026,https://www.fragrantica.com/perfume/Dolce-Gabbana/Light-Blue-Capri-In-Love-Travel-Retail-Exclusive-129331.html
48675,Dolce & Gabbana,Light Blue Discover Vulcano 2014,2014,https://huggingface.co/datasets/doevent/perfume
48676,Dolce&Gabbana,Light Blue Discover Vulcano Pour Homme,2014,https://www.fragrantica.com/perfume/Dolce-Gabbana/Light-Blue-Discover-Vulcano-Pour-Homme-23619.html
48677,Dolce&Gabbana,Light Blue Dolce & Gabbana 2019 Body & Hair Spray,2019,https://www.parfumo.com/Perfumes/Dolce_Gabbana/light-blue-body-hair-spray
48678,Dolce&Gabbana,Light Blue Dreaming in Portofino,2012,https://www.fragrantica.com/perfume/Dolce-Gabbana/Light-Blue-Dreaming-in-Portofino-14799.html
48679,Dolce&Gabbana,Light Blue Eau de Parfum,2026,https://www.fragrantica.com/perfume/Dolce-Gabbana/Light-Blue-Eau-de-Parfum-128390.html
48680,Dolce&Gabbana,Light Blue Eau de Toilette,2025,https://www.fragrantica.com/perfume/Dolce-Gabbana/Light-Blue-Eau-de-Toilette-104985.html
48681,Dolce&Gabbana,Light Blue Eau Intense,2017,https://www.fragrantica.com/perfume/Dolce-Gabbana/Light-Blue-Eau-Intense-44034.html
48682,Dolce&Gabbana,Light Blue Eau Intense Pour Homme,2017,https://www.fragrantica.com/perfume/Dolce-Gabbana/Light-Blue-Eau-Intense-Pour-Homme-44035.html
48683,Dolce&Gabbana,Light Blue Escape to Panarea,2014,https://www.fragrantica.com/perfume/Dolce-Gabbana/Light-Blue-Escape-to-Panarea-23620.html
48684,Dolce&Gabbana,Light Blue Forever,2021,https://www.fragrantica.com/perfume/Dolce-Gabbana/Light-Blue-Forever-66555.html
48685,Dolce&Gabbana,Light Blue Forever pour Homme,2021,https://www.fragrantica.com/perfume/Dolce-Gabbana/Light-Blue-Forever-pour-Homme-66556.html
48686,Dolce&Gabbana,Light Blue Italian Love,2022,https://www.fragrantica.com/perfume/Dolce-Gabbana/Light-Blue-Italian-Love-72621.html
48687,Dolce&Gabbana,Light Blue Italian Zest,2018,https://www.fragrantica.com/perfume/Dolce-Gabbana/Light-Blue-Italian-Zest-49201.html
48688,Dolce&Gabbana,Light Blue Italian Zest Pour Homme,2018,https://www.fragrantica.com/perfume/Dolce-Gabbana/Light-Blue-Italian-Zest-Pour-Homme-49202.html
48689,Dolce&Gabbana,Light Blue Living Stromboli,2012,https://www.fragrantica.com/perfume/Dolce-Gabbana/Light-Blue-Living-Stromboli-14800.html
48690,Dolce&Gabbana,Light Blue Love in Capri,2016,https://www.fragrantica.com/perfume/Dolce-Gabbana/Light-Blue-Love-in-Capri-36601.html
48691,Dolce&Gabbana,Light Blue Love is Love,2020,https://www.parfumo.com/Perfumes/Dolce_Gabbana/light-blue-love-is-love
48692,Dolce&Gabbana,Light Blue Love Is Love Pour Femme,2020,https://www.fragrantica.com/perfume/Dolce-Gabbana/Light-Blue-Love-Is-Love-Pour-Femme-60037.html
48693,Dolce&Gabbana,Light Blue Love Is Love Pour Homme,2020,https://www.fragrantica.com/perfume/Dolce-Gabbana/Light-Blue-Love-Is-Love-Pour-Homme-60038.html
48694,Dolce&Gabbana,Light Blue Perfume Gel,2026,https://www.fragrantica.com/perfume/Dolce-Gabbana/Light-Blue-Perfume-Gel-130522.html
48695,Dolce&Gabbana,Light Blue pour Homme (After Shave),2007,https://www.fragrantica.com/perfume/Dolce-Gabbana/Light-Blue-pour-Homme-1068.html
48696,Dolce&Gabbana,Light Blue Pour Homme Beauty of Capri,2016,https://www.fragrantica.com/perfume/Dolce-Gabbana/Light-Blue-Pour-Homme-Beauty-of-Capri-36602.html
48697,Dolce&Gabbana,Light Blue pour Homme Dolce & Gabbana 2019 Body Spray,2019,https://www.parfumo.com/Perfumes/Dolce_Gabbana/light-blue-pour-homme-body-spray
48698,Dolce&Gabbana,Light Blue Pour Homme Eau de Parfum,2026,https://www.fragrantica.com/perfume/Dolce-Gabbana/Light-Blue-Pour-Homme-Eau-de-Parfum-128389.html
48699,Dolce&Gabbana,Light Blue Pour Homme Eau de Toilette,2025,https://www.fragrantica.com/perfume/Dolce-Gabbana/Light-Blue-Pour-Homme-Eau-de-Toilette-104984.html
48700,Dolce&Gabbana,Light Blue pour Homme Italian Love,2022,https://www.fragrantica.com/perfume/Dolce-Gabbana/Light-Blue-pour-Homme-Italian-Love-72622.html
48701,Dolce&Gabbana,Light Blue pour Homme Living Stromboli,2012,https://www.parfumo.com/Perfumes/Dolce_Gabbana/Light_Blue_pour_Homme_Living_Stromboli
48702,Dolce&Gabbana,Light Blue Pour Homme Summer Vibes,2023,https://www.fragrantica.com/perfume/Dolce-Gabbana/Light-Blue-Pour-Homme-Summer-Vibes-80377.html
48703,Dolce&Gabbana,Light Blue pour Homme Swimming in Lipari,2015,https://www.parfumo.com/Perfumes/Dolce_Gabbana/Light_Blue_pour_Homme_Swimming_in_Lipari
48704,Dolce&Gabbana,Light Blue Summer Vibes,2023,https://www.fragrantica.com/perfume/Dolce-Gabbana/Light-Blue-Summer-Vibes-80376.html
48705,Dolce&Gabbana,Light Blue Sun,2019,https://www.fragrantica.com/perfume/Dolce-Gabbana/Light-Blue-Sun-54493.html
48706,Dolce&Gabbana,Light Blue Sun Pour Homme,2019,https://www.fragrantica.com/perfume/Dolce-Gabbana/Light-Blue-Sun-Pour-Homme-54494.html
48707,Dolce&Gabbana,Light Blue Sunset in Salina,2015,https://www.fragrantica.com/perfume/Dolce-Gabbana/Light-Blue-Sunset-in-Salina-29959.html
48708,Dolce&Gabbana,Light Blue Swimming in Lipari,2015,https://www.fragrantica.com/perfume/Dolce-Gabbana/Light-Blue-Swimming-in-Lipari-29960.html
48709,Dolce&Gabbana,Masculine Re-Edition 1999,2025,https://www.fragrantica.com/perfume/Dolce-Gabbana/Masculine-Re-Edition-1999-115379.html
48710,Dolce&Gabbana,My Devotion Eau de Parfum Intense,2025,https://www.fragrantica.com/perfume/Dolce-Gabbana/My-Devotion-Eau-de-Parfum-Intense-113886.html
48711,Dolce&Gabbana,My Devotion Sacred Heart Limited Edition,2026,https://www.fragrantica.com/perfume/Dolce-Gabbana/My-Devotion-Sacred-Heart-Limited-Edition-132575.html
48712,Dolce&Gabbana,Orange,2020,https://www.fragrantica.com/perfume/Dolce-Gabbana/Orange-59229.html
48713,Dolce&Gabbana,Pineapple,2020,https://www.fragrantica.com/perfume/Dolce-Gabbana/Pineapple-59231.html
48714,Dolce&Gabbana,Q,2023,https://www.parfumo.com/Perfumes/Dolce_Gabbana/q
48715,Dolce&Gabbana,Q by Dolce & Gabbana,2023,https://www.fragrantica.com/perfume/Dolce-Gabbana/Q-by-Dolce-Gabbana-78873.html
48716,Dolce&Gabbana,Q by Dolce & Gabbana Eau de Parfum Intense,2024,https://www.fragrantica.com/perfume/Dolce-Gabbana/Q-by-Dolce-Gabbana-Eau-de-Parfum-Intense-89376.html
48717,Dolce&Gabbana,Q by Dolce & Gabbana Elixir,2026,https://www.fragrantica.com/perfume/Dolce-Gabbana/Q-by-Dolce-Gabbana-Elixir-125737.html
48718,Dolce&Gabbana,Q by Dolce & Gabbana Parfum,2025,https://www.fragrantica.com/perfume/Dolce-Gabbana/Q-by-Dolce-Gabbana-Parfum-103330.html
48719,Dolce&Gabbana,Q Dolce & Gabbana 2024 Eau de Parfum Intense,2024,https://www.parfumo.com/Perfumes/Dolce_Gabbana/q-eau-de-parfum-intense
48720,Dolce&Gabbana,Rose The One,2009,https://www.fragrantica.com/perfume/Dolce-Gabbana/Rose-The-One-6461.html
48721,Dolce&Gabbana,Sicily,2003,https://www.fragrantica.com/perfume/Dolce-Gabbana/Sicily-486.html
48722,Dolce&Gabbana,Sicily Re-Edition 2003,2025,https://www.fragrantica.com/perfume/Dolce-Gabbana/Sicily-Re-Edition-2003-115376.html
48723,Dolce&Gabbana,The One Baroque,2018,https://www.fragrantica.com/perfume/Dolce-Gabbana/The-One-Baroque-48999.html
48724,Dolce & Gabbana,The One Baroque Collector,,https://www.parfumo.com/Perfumes/Dolce_Gabbana/The_One_Baroque_Collector
48725,Dolce&Gabbana,The One Baroque For Men,2018,https://www.fragrantica.com/perfume/Dolce-Gabbana/The-One-Baroque-For-Men-49000.html
48726,Dolce&Gabbana,The One Collector For Men,2014,https://www.fragrantica.com/perfume/Dolce-Gabbana/The-One-Collector-For-Men-27419.html
48727,Dolce&Gabbana,The One Collector For Women,2014,https://www.fragrantica.com/perfume/Dolce-Gabbana/The-One-Collector-For-Women-27418.html
48728,Dolce & Gabbana,The One Collector's Edition,,https://www.parfumo.com/Perfumes/Dolce_Gabbana/The_One_Collector_s_Edition
48729,Dolce&Gabbana,The One Desire,2013,https://www.fragrantica.com/perfume/Dolce-Gabbana/The-One-Desire-17124.html
48730,Dolce&Gabbana,The One (Eau de Parfum),2006,https://www.fragrantica.com/perfume/Dolce-Gabbana/The-One-698.html
48731,Dolce&Gabbana,The One Eau de Parfum Intense,2025,https://www.fragrantica.com/perfume/Dolce-Gabbana/The-One-Eau-de-Parfum-Intense-121010.html
48732,Dolce&Gabbana,The One Eau de Toilette,2017,https://www.fragrantica.com/perfume/Dolce-Gabbana/The-One-Eau-de-Toilette-46273.html
48733,Dolce&Gabbana,The One Essence,2015,https://www.fragrantica.com/perfume/Dolce-Gabbana/The-One-Essence-31968.html
48734,Dolce & Gabbana,The One for Men Baroque Collector,,https://www.parfumo.com/Perfumes/Dolce_Gabbana/The_One_for_Men_Baroque_Collector
48735,Dolce & Gabbana,The One for Men Collector's Edition,,https://www.parfumo.com/Perfumes/Dolce_Gabbana/The_One_for_Men_Collector_s_Edition
48736,Dolce&Gabbana,The One for Men Dolce & Gabbana 2008 After Shave Lotion,2008,https://www.parfumo.com/Perfumes/Dolce_Gabbana/The_One_for_Men_After_Shave_Lotion
48737,Dolce&Gabbana,The One for Men Dolce & Gabbana 2020 Eau de Parfum Intense,2020,https://www.parfumo.com/Perfumes/Dolce_Gabbana/the-one-for-men-eau-de-parfum-intense
48738,Dolce&Gabbana,The One for Men Eau de Parfum,2015,https://www.fragrantica.com/perfume/Dolce-Gabbana/The-One-for-Men-Eau-de-Parfum-31909.html
48739,Dolce&Gabbana,The One For Men Eau de Parfum Intense,2020,https://www.fragrantica.com/perfume/Dolce-Gabbana/The-One-For-Men-Eau-de-Parfum-Intense-59313.html
48740,Dolce&Gabbana,The One for Men (Eau de Toilette),2008,https://www.fragrantica.com/perfume/Dolce-Gabbana/The-One-for-Men-2056.html
48741,Dolce & Gabbana,The One For Men Grey,,https://huggingface.co/datasets/doevent/perfume
48742,Dolce&Gabbana,The One for Men Platinum Limited Edition,2013,https://www.fragrantica.com/perfume/Dolce-Gabbana/The-One-for-Men-Platinum-Limited-Edition-22108.html
48743,Dolce & Gabbana,The One For Men Sport,,https://huggingface.co/datasets/doevent/perfume
48744,Dolce&Gabbana,The One Gentleman (After Shave),2010,https://www.fragrantica.com/perfume/Dolce-Gabbana/The-One-Gentleman-8907.html
48745,Dolce&Gabbana,The One Gentleman Dolce & Gabbana 2010 Eau de Toilette,2010,https://www.parfumo.com/Perfumes/Dolce_Gabbana/The_One_Gentleman_Eau_de_Toilette
48746,Dolce&Gabbana,The One Gold,2021,https://www.fragrantica.com/perfume/Dolce-Gabbana/The-One-Gold-69001.html
48747,Dolce&Gabbana,The One Gold For Men,2021,https://www.fragrantica.com/perfume/Dolce-Gabbana/The-One-Gold-For-Men-69000.html
48748,Dolce&Gabbana,The One Gold Limited Edition,2013,https://www.fragrantica.com/perfume/Dolce-Gabbana/The-One-Gold-Limited-Edition-22107.html
48749,Dolce&Gabbana,The One Grey,2018,https://www.fragrantica.com/perfume/Dolce-Gabbana/The-One-Grey-50611.html
48750,Dolce&Gabbana,The One Lace Edition,2011,https://www.fragrantica.com/perfume/Dolce-Gabbana/The-One-Lace-Edition-13498.html
48751,Dolce&Gabbana,The One Luminous Night,2021,https://www.fragrantica.com/perfume/Dolce-Gabbana/The-One-Luminous-Night-65224.html
48752,Dolce & Gabbana,The One Men Brown Edition 2014,2014,https://huggingface.co/datasets/doevent/perfume
48753,Dolce&Gabbana,The One Mysterious Night,2018,https://www.fragrantica.com/perfume/Dolce-Gabbana/The-One-Mysterious-Night-50207.html
48754,Dolce&Gabbana,The One Pour Homme Eau de Parfum,2025,https://www.fragrantica.com/perfume/Dolce-Gabbana/The-One-Pour-Homme-Eau-de-Parfum-121024.html
48755,Dolce&Gabbana,The One Pour Homme Parfum,2025,https://www.fragrantica.com/perfume/Dolce-Gabbana/The-One-Pour-Homme-Parfum-121009.html
48756,Dolce&Gabbana,The One Royal Night,2015,https://www.fragrantica.com/perfume/Dolce-Gabbana/The-One-Royal-Night-33180.html
48757,Dolce&Gabbana,The One Sport (After Shave),2012,https://www.fragrantica.com/perfume/Dolce-Gabbana/The-One-Sport-14225.html
48758,Dolce&Gabbana,The One Sport Dolce & Gabbana 2012 Eau de Toilette,2012,https://www.parfumo.com/Perfumes/Dolce_Gabbana/The_One_Sport_Eau_de_Toilette
48759,Dolce&Gabbana,The Only One Dolce & Gabbana 2018 Eau de Parfum,2018,https://www.parfumo.com/Perfumes/Dolce_Gabbana/the-only-one-eau-de-parfum
48760,Dolce & Gabbana,The Only One Dolce & Gabbana 2019 Hair Mist,2019,https://www.parfumo.com/Perfumes/Dolce_Gabbana/the-only-one-hair-mist
48761,Dolce&Gabbana,The Only One Dolce & Gabbana 2020 Eau de Parfum Intense,2020,https://www.parfumo.com/Perfumes/Dolce_Gabbana/the-only-one-eau-de-parfum-intense
48762,Dolce&Gabbana,The Only One Eau de Parfum Intense,2020,https://www.fragrantica.com/perfume/Dolce-Gabbana/The-Only-One-Eau-de-Parfum-Intense-59312.html
48763,Dolce&Gabbana,The Only One (Hair Mist),2018,https://www.fragrantica.com/perfume/Dolce-Gabbana/The-Only-One-51249.html
48764,Dolce&Gabbana,Velvet Amber Skin,2017,https://www.fragrantica.com/perfume/Dolce-Gabbana/Velvet-Amber-Skin-46198.html
48765,Dolce&Gabbana,Velvet Amber Sun,2017,https://www.fragrantica.com/perfume/Dolce-Gabbana/Velvet-Amber-Sun-46199.html
48766,Dolce&Gabbana,Velvet Bergamot,2014,https://www.fragrantica.com/perfume/Dolce-Gabbana/Velvet-Bergamot-25154.html
48767,Dolce&Gabbana,Velvet Black Patchouli,2021,https://www.fragrantica.com/perfume/Dolce-Gabbana/Velvet-Black-Patchouli-65937.html
48768,Dolce&Gabbana,Velvet Blue Musk,2023,https://www.fragrantica.com/perfume/Dolce-Gabbana/Velvet-Blue-Musk-85511.html
48769,Dolce&Gabbana,Velvet Blue Musk Hair Mist,2026,https://www.fragrantica.com/perfume/Dolce-Gabbana/Velvet-Blue-Musk-Hair-Mist-135675.html
48770,Dolce&Gabbana,Velvet Blue Musk Velvet Oriental Musk,2019,https://www.parfumo.com/Perfumes/Dolce_Gabbana/velvet-blue-musk-velvet-oriental-musk
48771,Dolce&Gabbana,Velvet Crystal Smoke,2026,https://www.fragrantica.com/perfume/Dolce-Gabbana/Velvet-Crystal-Smoke-125240.html
48772,Dolce&Gabbana,Velvet Cypress,2017,https://www.fragrantica.com/perfume/Dolce-Gabbana/Velvet-Cypress-42825.html
48773,Dolce&Gabbana,Velvet Desert Oud,2013,https://www.fragrantica.com/perfume/Dolce-Gabbana/Velvet-Desert-Oud-18165.html
48774,Dolce&Gabbana,Velvet Desert Oud Hair Mist,2026,https://www.fragrantica.com/perfume/Dolce-Gabbana/Velvet-Desert-Oud-Hair-Mist-135673.html
48775,Dolce&Gabbana,Velvet Desert Oud Limited Edition,2026,https://www.fragrantica.com/perfume/Dolce-Gabbana/Velvet-Desert-Oud-Limited-Edition-127304.html
48776,Dolce&Gabbana,Velvet Desire,2011,https://www.fragrantica.com/perfume/Dolce-Gabbana/Velvet-Desire-13746.html
48777,Dolce&Gabbana,Velvet Exotic Leather,2015,https://www.fragrantica.com/perfume/Dolce-Gabbana/Velvet-Exotic-Leather-31355.html
48778,Dolce&Gabbana,Velvet Ginestra,2016,https://www.fragrantica.com/perfume/Dolce-Gabbana/Velvet-Ginestra-36811.html
48779,Dolce&Gabbana,Velvet Honey Santal,2025,https://www.fragrantica.com/perfume/Dolce-Gabbana/Velvet-Honey-Santal-115372.html
48780,Dolce&Gabbana,Velvet Incenso,2018,https://www.fragrantica.com/perfume/Dolce-Gabbana/Velvet-Incenso-49694.html
48781,Dolce&Gabbana,Velvet Infusion,2024,https://www.fragrantica.com/perfume/Dolce-Gabbana/Velvet-Infusion-97831.html
48782,Dolce&Gabbana,Velvet Love,2011,https://www.fragrantica.com/perfume/Dolce-Gabbana/Velvet-Love-13747.html
48783,Dolce&Gabbana,Velvet Mimosa Bloom,2015,https://www.fragrantica.com/perfume/Dolce-Gabbana/Velvet-Mimosa-Bloom-31356.html
48784,Dolce&Gabbana,Velvet Mughetto,2020,https://www.fragrantica.com/perfume/Dolce-Gabbana/Velvet-Mughetto-60621.html
48785,Dolce&Gabbana,Velvet Oriental Musk,2019,https://www.fragrantica.com/perfume/Dolce-Gabbana/Velvet-Oriental-Musk-55167.html
48786,Dolce&Gabbana,Velvet Passion Oud,2025,https://www.fragrantica.com/perfume/Dolce-Gabbana/Velvet-Passion-Oud-115374.html
48787,Dolce&Gabbana,Velvet Passion Oud Hair Mist,2026,https://www.fragrantica.com/perfume/Dolce-Gabbana/Velvet-Passion-Oud-Hair-Mist-135674.html
48788,Dolce&Gabbana,Velvet Patchouli,2011,https://www.fragrantica.com/perfume/Dolce-Gabbana/Velvet-Patchouli-13744.html
48789,Dolce&Gabbana,Velvet Pure,2016,https://www.fragrantica.com/perfume/Dolce-Gabbana/Velvet-Pure-39623.html
48790,Dolce&Gabbana,Velvet Rose,2014,https://www.fragrantica.com/perfume/Dolce-Gabbana/Velvet-Rose-25153.html
48791,Dolce&Gabbana,Velvet Sicily,2018,https://www.fragrantica.com/perfume/Dolce-Gabbana/Velvet-Sicily-51464.html
48792,Dolce&Gabbana,Velvet Sublime,2011,https://www.fragrantica.com/perfume/Dolce-Gabbana/Velvet-Sublime-13748.html
48793,Dolce&Gabbana,Velvet Tender Oud,2013,https://www.fragrantica.com/perfume/Dolce-Gabbana/Velvet-Tender-Oud-18164.html
48794,Dolce&Gabbana,Velvet Vetiver,2011,https://www.fragrantica.com/perfume/Dolce-Gabbana/Velvet-Vetiver-13745.html
48795,Dolce&Gabbana,Velvet Wood,2011,https://www.fragrantica.com/perfume/Dolce-Gabbana/Velvet-Wood-13743.html
48796,Dolce&Gabbana,Velvet Zafferano,2024,https://www.fragrantica.com/perfume/Dolce-Gabbana/Velvet-Zafferano-97640.html
48797,Dolce&Gabbana,Velvet Zafferano Limited Edition,2025,https://www.fragrantica.com/perfume/Dolce-Gabbana/Velvet-Zafferano-Limited-Edition-103770.html
48798,Dolce&Gabbana,Your Devotion Eau de Parfum Intense,2026,https://www.fragrantica.com/perfume/Dolce-Gabbana/Your-Devotion-Eau-de-Parfum-Intense-135822.html
48799,Dolce Fiore,Avventurina,2019,https://www.fragrantica.com/perfume/Dolce-Fiore/Avventurina-54213.html
48800,Dolce Fiore,Cameo,2019,https://www.fragrantica.com/perfume/Dolce-Fiore/Cameo-54219.html
48801,Dolce Fiore,Fenicio,2019,https://www.fragrantica.com/perfume/Dolce-Fiore/Fenicio-54217.html
48802,Dolce Fiore,Filigrana,2019,https://www.fragrantica.com/perfume/Dolce-Fiore/Filigrana-54214.html
48803,Dolce Fiore,Incalmo,2019,https://www.fragrantica.com/perfume/Dolce-Fiore/Incalmo-54215.html
48804,Dolce Fiore,Lattimo,2019,https://www.fragrantica.com/perfume/Dolce-Fiore/Lattimo-54216.html
48805,Dolce Fiore,Murrine,2019,https://www.fragrantica.com/perfume/Dolce-Fiore/Murrine-54218.html
48806,Dolce Nude,Candy Mallow,2023,https://www.fragrantica.com/perfume/Dolce-Nude/Candy-Mallow-128652.html
48807,Dolce Nude,Cherry Pink,2023,https://www.fragrantica.com/perfume/Dolce-Nude/Cherry-Pink-128648.html
48808,Dolce Nude,Choco Bliss,2023,https://www.fragrantica.com/perfume/Dolce-Nude/Choco-Bliss-128654.html
48809,Dolce Nude,Coconut Sun,2023,https://www.fragrantica.com/perfume/Dolce-Nude/Coconut-Sun-128659.html
48810,Dolce Nude,Dolce Vanillia,2023,https://www.fragrantica.com/perfume/Dolce-Nude/Dolce-Vanillia-128647.html
48811,Dolce Nude,Honey Kiss,2023,https://www.fragrantica.com/perfume/Dolce-Nude/Honey-Kiss-128657.html
48812,Dolce Nude,Piña Colada Crush,2023,https://www.fragrantica.com/perfume/Dolce-Nude/Pina-Colada-Crush-128658.html
48813,Dolce Nude,Strawberry Crush,2023,https://www.fragrantica.com/perfume/Dolce-Nude/Strawberry-Crush-128651.html
48814,Dolly Parton,Dancing Fireflies,2022,https://www.fragrantica.com/perfume/Dolly-Parton/Dancing-Fireflies-79878.html
48815,Dolly Parton,Dolly: Crystal Edition Parfum,2025,https://www.fragrantica.com/perfume/Dolly-Parton/Dolly-Crystal-Edition-Parfum-122598.html
48816,Dolly Parton,Dolly: Scent From Above,2021,https://www.fragrantica.com/perfume/Dolly-Parton/Dolly-Scent-From-Above-65389.html
48817,Dolly Parton,Early Morning Breeze,2022,https://www.fragrantica.com/perfume/Dolly-Parton/Early-Morning-Breeze-79864.html
48818,Dolly Parton,Smoky Mountain,2022,https://www.fragrantica.com/perfume/Dolly-Parton/Smoky-Mountain-79862.html
48819,Dolly Parton,Smoky Mountain Gold Parfum Limited Edition,2024,https://www.fragrantica.com/perfume/Dolly-Parton/Smoky-Mountain-Gold-Parfum-Limited-Edition-100039.html
48820,Dolly Parton,Tennessee Sunset,2022,https://www.fragrantica.com/perfume/Dolly-Parton/Tennessee-Sunset-79863.html
48821,Dolomia,Acqua di Benessere Clorofilla,2020,https://www.fragrantica.com/perfume/Dolomia/Acqua-di-Benessere-Clorofilla-114948.html
48822,Dolomia,Acqua di Benessere Enrosadira,2020,https://www.fragrantica.com/perfume/Dolomia/Acqua-di-Benessere-Enrosadira-114952.html
48823,Dolomia,Acqua di Benessere Foliage,2020,https://www.fragrantica.com/perfume/Dolomia/Acqua-di-Benessere-Foliage-114950.html
48824,Dolomia,Acqua di Benessere Neve,2020,https://www.fragrantica.com/perfume/Dolomia/Acqua-di-Benessere-Neve-114951.html
48825,Dolomia,Armonia,2026,https://www.fragrantica.com/perfume/Dolomia/Armonia-139771.html
48826,Dolomia,Calma,2026,https://www.fragrantica.com/perfume/Dolomia/Calma-139773.html
48827,Dolomia,Energia,2026,https://www.fragrantica.com/perfume/Dolomia/Energia-140372.html
48828,Dolomia,Gioia,2026,https://www.fragrantica.com/perfume/Dolomia/Gioia-139772.html
48829,Dolomites,Bebelon,2023,https://www.fragrantica.com/perfume/Dolomites/Bebelon-85029.html
48830,Dolomites,Black Ouds,2023,https://www.fragrantica.com/perfume/Dolomites/Black-Ouds-85028.html
48831,Dolomites,Cuir Amberwood,2023,https://www.fragrantica.com/perfume/Dolomites/Cuir-Amberwood-85027.html
48832,Dom Do,Поле,,https://www.fragrantica.com/perfume/Dom-Do/Pole-89929.html
48833,Dom Do,Éclat d’Azur,,https://www.fragrantica.com/perfume/Dom-Do/Eclat-d-Azur-89935.html
48834,Dom Do,Fleur d’Cacao,,https://www.fragrantica.com/perfume/Dom-Do/Fleur-d-Cacao-89939.html
48835,Dom Do,Impulse,,https://www.fragrantica.com/perfume/Dom-Do/Impulse-89937.html
48836,Dom Do,Ocean Skin,,https://www.fragrantica.com/perfume/Dom-Do/Ocean-Skin-89936.html
48837,Dom Prirody,Black Sea Breeze (Chernomorskiy Briz),,https://www.fragrantica.com/perfume/Dom-Prirody/Black-Sea-Breeze-Chernomorskiy-Briz-41576.html
48838,Dom Prirody,Crimean Legend (Krymskaya Legenda),,https://www.fragrantica.com/perfume/Dom-Prirody/Crimean-Legend-Krymskaya-Legenda-41575.html
48839,Dom Prirody,Fleur d'Orange,,https://www.fragrantica.com/perfume/Dom-Prirody/Fleur-d-Orange-41573.html
48840,Dom Prirody,Jasmine,,https://www.fragrantica.com/perfume/Dom-Prirody/Jasmine-41571.html
48841,Dom Prirody,Lavender,,https://www.fragrantica.com/perfume/Dom-Prirody/Lavender-41570.html
48842,Dom Prirody,Oriental Sweets (Vostochnye Sladosti),,https://www.fragrantica.com/perfume/Dom-Prirody/Oriental-Sweets-Vostochnye-Sladosti-41568.html
48843,Dom Prirody,Rose,,https://www.fragrantica.com/perfume/Dom-Prirody/Rose-41569.html
48844,Dom Prirody,Sandal,,https://www.fragrantica.com/perfume/Dom-Prirody/Sandal-41574.html
48845,Dom Prirody,Vanilla,,https://www.fragrantica.com/perfume/Dom-Prirody/Vanilla-41572.html
48846,Domaine Prive Parfums,Cédrat,2019,https://www.fragrantica.com/perfume/Domaine-Prive-Parfums/Cedrat-57023.html
48847,Domaine Prive Parfums,Chèvrefeuille,2019,https://www.fragrantica.com/perfume/Domaine-Prive-Parfums/Chevrefeuille-57024.html
48848,Domaine Prive Parfums,Lavande,2019,https://www.fragrantica.com/perfume/Domaine-Prive-Parfums/Lavande-57025.html
48849,Domaine Prive Parfums,Mimosa,2021,https://www.fragrantica.com/perfume/Domaine-Prive-Parfums/Mimosa-70684.html
48850,Domaine Prive Parfums,Rhubarbe,2020,https://www.fragrantica.com/perfume/Domaine-Prive-Parfums/Rhubarbe-61834.html
48851,Domaine Prive Parfums,Rose,2019,https://www.fragrantica.com/perfume/Domaine-Prive-Parfums/Rose-57026.html
48852,Domaine Prive Parfums,Vanille,2019,https://www.fragrantica.com/perfume/Domaine-Prive-Parfums/Vanille-57027.html
48853,Domaine Prive Parfums,Vetiver,2021,https://www.fragrantica.com/perfume/Domaine-Prive-Parfums/Vetiver-70685.html
48854,Domani Perfumes,Bergamon,,https://www.fragrantica.com/perfume/Domani-Perfumes/Bergamon-127923.html
48855,Domani Perfumes,Blu Ardente,,https://www.fragrantica.com/perfume/Domani-Perfumes/Blu-Ardente-127925.html
48856,Domani Perfumes,Ciela,,https://www.fragrantica.com/perfume/Domani-Perfumes/Ciela-127926.html
48857,Domani Perfumes,Dolcenera,,https://www.fragrantica.com/perfume/Domani-Perfumes/Dolcenera-127927.html
48858,Domani Perfumes,Oud Garden,,https://www.fragrantica.com/perfume/Domani-Perfumes/Oud-Garden-127918.html
48859,Domani Perfumes,Sigorina,,https://www.fragrantica.com/perfume/Domani-Perfumes/Sigorina-127928.html
48860,Domenico Caraceni,Domenico Caraceni 1913,2007,https://www.fragrantica.com/perfume/Domenico-Caraceni/Domenico-Caraceni-1913-2196.html
48861,Domenico Caraceni,Domenico Caraceni 1913 Eau de Parfum,2022,https://www.fragrantica.com/perfume/Domenico-Caraceni/Domenico-Caraceni-1913-Eau-de-Parfum-76344.html
48862,Domenico Caraceni,Ivy League,2007,https://www.fragrantica.com/perfume/Domenico-Caraceni/Ivy-League-2197.html
48863,Domenico Caraceni,Loren,2007,https://www.fragrantica.com/perfume/Domenico-Caraceni/Loren-2198.html
48864,Domestica,Home With You,,https://www.fragrantica.com/perfume/Domestica/Home-With-You-129876.html
48865,Domestica,Reckless Baby,,https://www.fragrantica.com/perfume/Domestica/Reckless-Baby-129877.html
48866,Domestica,Yard,,https://www.fragrantica.com/perfume/Domestica/Yard-129875.html
48867,Dominican Perfumes,Happiness Potion,2010,https://www.fragrantica.com/perfume/Dominican-Perfumes/Happiness-Potion-37762.html
48868,Dominican Perfumes,Health Potion,2010,https://www.fragrantica.com/perfume/Dominican-Perfumes/Health-Potion-37761.html
48869,Dominican Perfumes,Love Potion,2010,https://www.fragrantica.com/perfume/Dominican-Perfumes/Love-Potion-37764.html
48870,Dominican Perfumes,Manantial Rose,2010,https://www.fragrantica.com/perfume/Dominican-Perfumes/Manantial-Rose-37759.html
48871,Dominican Perfumes,Ocean Blessing,2010,https://www.fragrantica.com/perfume/Dominican-Perfumes/Ocean-Blessing-37754.html
48872,Dominican Perfumes,Punta Cana Breeze,2010,https://www.fragrantica.com/perfume/Dominican-Perfumes/Punta-Cana-Breeze-37758.html
48873,Dominican Perfumes,Pure Caribbean,2010,https://www.fragrantica.com/perfume/Dominican-Perfumes/Pure-Caribbean-37755.html
48874,Dominican Perfumes,Regatta Mia,2010,https://www.fragrantica.com/perfume/Dominican-Perfumes/Regatta-Mia-37756.html
48875,Dominican Perfumes,Te de Campo,2010,https://www.fragrantica.com/perfume/Dominican-Perfumes/Te-de-Campo-37760.html
48876,Dominican Perfumes,Trip to the Moon,2010,https://www.fragrantica.com/perfume/Dominican-Perfumes/Trip-to-the-Moon-37752.html
48877,Dominican Perfumes,Wealth Potion,2010,https://www.fragrantica.com/perfume/Dominican-Perfumes/Wealth-Potion-37763.html
48878,Dominican Perfumes,White Orchid,2010,https://www.fragrantica.com/perfume/Dominican-Perfumes/White-Orchid-37757.html
48879,Don Algodon,Da,2001,https://www.fragrantica.com/perfume/Don-Algodon/Da-13704.html
48880,Don Algodon,Don Algodon,1985,https://www.fragrantica.com/perfume/Don-Algodon/Don-Algodon-13702.html
48881,Don Algodon,Don Algodon Hombre,1993,https://www.fragrantica.com/perfume/Don-Algodon/Don-Algodon-Hombre-13705.html
48882,Don Algodon,Don Algodón Hombre Eau de Parfum,,https://www.fragrantica.com/perfume/Don-Algodon/Don-Algodon-Hombre-Eau-de-Parfum-135359.html
48883,Don Algodon,Don Algodón Mujer Eau de Parfum,,https://www.fragrantica.com/perfume/Don-Algodon/Don-Algodon-Mujer-Eau-de-Parfum-135360.html
48884,Don Algodon,Flor de Algodon,2004,https://www.fragrantica.com/perfume/Don-Algodon/Flor-de-Algodon-13706.html
48885,Don Algodon,Girl Power,2024,https://www.fragrantica.com/perfume/Don-Algodon/Girl-Power-101190.html
48886,Don Algodon,La Vie En Rose,2024,https://www.fragrantica.com/perfume/Don-Algodon/La-Vie-En-Rose-101191.html
48887,Don Algodon,Natural Hombre,2000,https://www.fragrantica.com/perfume/Don-Algodon/Natural-Hombre-13708.html
48888,Don Algodon,Red Party,2024,https://www.fragrantica.com/perfume/Don-Algodon/Red-Party-101189.html
48889,Don Algodon,Star Girl,2024,https://www.fragrantica.com/perfume/Don-Algodon/Star-Girl-101188.html
48890,Don Algodon,Suspiro,1991,https://www.fragrantica.com/perfume/Don-Algodon/Suspiro-13707.html
48891,Don Algodon,Sweet and Sexy,2010,https://www.fragrantica.com/perfume/Don-Algodon/Sweet-and-Sexy-13703.html
48892,Don Algodon,Team,2006,https://www.fragrantica.com/perfume/Don-Algodon/Team-13709.html
48893,Don't Touch My Skin,Don't Touch My Scent,2024,https://www.fragrantica.com/perfume/Don-t-Touch-My-Skin/Don-t-Touch-My-Scent-92279.html
48894,Donald Francis,Fashion Therapy,2023,https://www.fragrantica.com/perfume/Donald-Francis/Fashion-Therapy-88922.html
48895,Donald Francis,Gloss,2023,https://www.fragrantica.com/perfume/Donald-Francis/Gloss-88921.html
48896,Donald Francis,Reboot,2023,https://www.fragrantica.com/perfume/Donald-Francis/Reboot-88923.html
48897,Donatella Pecci Blunt,Dans Le Vent,1994,https://www.fragrantica.com/perfume/Donatella-Pecci-Blunt/Dans-Le-Vent-59748.html
48898,Donatella Pecci Blunt,Diable Au Corps,1988,https://www.fragrantica.com/perfume/Donatella-Pecci-Blunt/Diable-Au-Corps-9105.html
48899,DONBABLIC,1971,2022,https://www.fragrantica.com/perfume/DONBABLIC/1971-74169.html
48900,DONBABLIC,Fête Des Mères,2022,https://www.fragrantica.com/perfume/DONBABLIC/Fete-Des-Meres-74170.html
48901,DONBABLIC,Insomnia,2025,https://www.fragrantica.com/perfume/DONBABLIC/Insomnia-103601.html
48902,DONBABLIC,Koeba,2022,https://www.fragrantica.com/perfume/DONBABLIC/Koeba-74166.html
48903,DONBABLIC,Last Dance In Stockholm,2025,https://www.fragrantica.com/perfume/DONBABLIC/Last-Dance-In-Stockholm-103602.html
48904,DONBABLIC,Magnitude,2022,https://www.fragrantica.com/perfume/DONBABLIC/Magnitude-74168.html
48905,DONBABLIC,Marshal,2022,https://www.fragrantica.com/perfume/DONBABLIC/Marshal-74165.html
48906,DONBABLIC,N°1,2022,https://www.fragrantica.com/perfume/DONBABLIC/N01-74167.html
48907,DONBABLIC,Thousand Memories With Her Lips,2025,https://www.fragrantica.com/perfume/DONBABLIC/Thousand-Memories-With-Her-Lips-103603.html
48908,Donna Karan,Be 100% Delicious,2021,https://www.parfumo.com/Perfumes/DKNY/be-100-delicious
48909,Donna Karan,Be Delicious Art,2013,https://www.parfumo.com/Perfumes/DKNY/Be_Delicious_Art
48910,Donna Karan,Be Delicious Charmingly Delicious,2008,https://www.parfumo.com/Perfumes/DKNY/Be_Delicious_Charmingly_Delicious
48911,Donna Karan,Be Delicious City Blossom Avenue Iris,2014,https://www.parfumo.com/Perfumes/DKNY/Be_Delicious_City_Blossom_Avenue_Iris
48912,Donna Karan,Be Delicious City Blossom Empire Apple,2014,https://www.parfumo.com/Perfumes/DKNY/Be_Delicious_City_Blossom_Empire_Apple
48913,Donna Karan,Be Delicious City Blossom Rooftop Peony,2014,https://www.parfumo.com/Perfumes/DKNY/Be_Delicious_City_Blossom_Rooftop_Peony
48914,Donna Karan,Be Delicious City Blossom Urban Violet,2014,https://www.parfumo.com/Perfumes/DKNY/Be_Delicious_City_Blossom_Urban_Violet
48915,Donna Karan,Be Delicious City Brooklyn Girl,2017,https://www.parfumo.com/Perfumes/DKNY/Be_Delicious_City_Brooklyn_Girl
48916,Donna Karan,Be Delicious City Chelsea Girl,2017,https://www.parfumo.com/Perfumes/DKNY/Be_Delicious_City_Chelsea_Girl
48917,Donna Karan,Be Delicious City Nolita Girl,2017,https://www.parfumo.com/Perfumes/DKNY/Be_Delicious_City_Nolita_Girl
48918,Donna Karan,Be Delicious Coconuts About Summer,2021,https://www.parfumo.com/Perfumes/DKNY/be-delicious-coconuts-about-summer
48919,Donna Karan,Be Delicious DKNY / Donna Karan 2004 Eau de Parfum,2004,https://www.parfumo.com/Perfumes/DKNY/DKNY_Be_Delicious
48920,Donna Karan,Be Delicious DKNY / Donna Karan 2010 Eau de Toilette,2010,https://www.parfumo.com/Perfumes/DKNY/Be_Delicious_Eau_de_Toilette
48921,Donna Karan,Be Delicious DKNY / Donna Karan Fragrance Mist,,https://www.parfumo.com/Perfumes/DKNY/be-delicious-fragrance-mist
48922,Donna Karan,Be Delicious DKNY / Donna Karan Solid Perfume,,https://www.parfumo.com/Perfumes/DKNY/Be_Delicious_Solid_Perfume
48923,Donna Karan,Be Delicious Eau So Intense,2012,https://www.parfumo.com/Perfumes/DKNY/Be_Delicious_Eau_So_Intense
48924,Donna Karan,Be Delicious Electric Bright Crush,2016,https://www.parfumo.com/Perfumes/DKNY/Be_Delicious_Electric_Bright_Crush
48925,Donna Karan,Be Delicious Electric Citrus Pulse,2016,https://www.parfumo.com/Perfumes/DKNY/Be_Delicious_Electric_Citrus_Pulse
48926,Donna Karan,Be Delicious Electric Loving Glow,2016,https://www.parfumo.com/Perfumes/DKNY/Be_Delicious_Electric_Loving_Glow
48927,Donna Karan,Be Delicious Electric Vivid Orchid,2016,https://www.parfumo.com/Perfumes/DKNY/Be_Delicious_Electric_Vivid_Orchid
48928,Donna Karan,Be Delicious Flower Pop - Blue Pop,2018,https://www.parfumo.com/Perfumes/DKNY/Be_Delicious_Flower_Pop__Blue_Pop
48929,Donna Karan,Be Delicious Flower Pop - Pink Pop,2018,https://www.parfumo.com/Perfumes/DKNY/Be_Delicious_Flower_Pop__Pink_Pop
48930,Donna Karan,Be Delicious Flower Pop - Violet Pop,2018,https://www.parfumo.com/Perfumes/DKNY/Be_Delicious_Flower_Pop__Violet_Pop
48931,Donna Karan,Be Delicious Fresh Blossom Art,2013,https://www.parfumo.com/Perfumes/DKNY/Fresh_Blossom_Art
48932,Donna Karan,Be Delicious Fresh Blossom Crystallized,2016,https://www.parfumo.com/Perfumes/DKNY/Be_Delicious_Fresh_Blossom_Crystallized
48933,Donna Karan,Be Delicious Fresh Blossom DKNY / Donna Karan 2009 Eau de Parfum,2009,https://www.parfumo.com/Perfumes/DKNY/be-delicious-fresh-blossom-eau-de-parfum
48934,Donna Karan,Be Delicious Fresh Blossom DKNY / Donna Karan Fragrance Mist,,https://www.parfumo.com/Perfumes/DKNY/be-delicious-fresh-blossom-fragrance-mist
48935,Donna Karan,Be Delicious Fresh Blossom Eau So Intense,2012,https://www.parfumo.com/Perfumes/DKNY/Be_Delicious_Fresh_Blossom_Eau_So_Intense
48936,Donna Karan,Be Delicious Fresh Blossom Pop Art Edition,2007,https://www.parfumo.com/Perfumes/DKNY/DKNY_Fresh_Blossom_Pop_Art_Edition
48937,Donna Karan,Be Delicious Fresh Blossom Skin DKNY / Donna Karan 2013 Hydrating Eau de Toilette,2013,https://www.parfumo.com/Perfumes/DKNY/be-delicious-fresh-blossom-skin-hydrating-eau-de-toilette
48938,Donna Karan,Be Delicious Fresh Blossom Sparkling Apple,2014,https://www.parfumo.com/Perfumes/DKNY/Be_Delicious_Fresh_Blossom_Sparkling_Apple
48939,Donna Karan,Be Delicious Guava Goddess,2022,https://www.fragrantica.com/perfume/Donna-Karan/Be-Delicious-Guava-Goddess-72456.html
48940,Donna Karan,Be Delicious Icy Apple Be Delicious Crystallized,2016,https://www.parfumo.com/Perfumes/DKNY/Be_Delicious_Icy_Apple_Be_Delicious_Crystallized
48941,Donna Karan,Be Delicious Juiced,2010,https://www.parfumo.com/Perfumes/DKNY/Be_Delicious_Juiced
48942,Donna Karan,Be Delicious ♥ London,2012,https://www.parfumo.com/Perfumes/DKNY/Be_Delicious_Heart_London
48943,Donna Karan,Be Delicious Men DKNY / Donna Karan 2004 Eau de Toilette,2004,https://www.parfumo.com/Perfumes/DKNY/Be_Delicious_Men_Eau_de_Toilette
48944,Donna Karan,Be Delicious ♥ NYC,2012,https://www.parfumo.com/Perfumes/DKNY/Be_Delicious_Heart_NYC
48945,Donna Karan,Be Delicious Orchard St.,,https://www.parfumo.com/Perfumes/DKNY/be-delicious-orchard-st
48946,Donna Karan,Be Delicious ♥ Paris,2012,https://www.parfumo.com/Perfumes/DKNY/Be_Delicious_Heart_Paris
48947,Donna Karan,Be Delicious Pool Party Bay Breeze,2019,https://www.parfumo.com/Perfumes/DKNY/Be_Delicious_Pool_Party_Bay_Breeze
48948,Donna Karan,Be Delicious Pool Party Lime Mojito,2019,https://www.parfumo.com/Perfumes/DKNY/Be_Delicious_Pool_Party_Lime_Mojito
48949,Donna Karan,Be Delicious ♥ Rio,2012,https://www.parfumo.com/Perfumes/DKNY/Be_Delicious_Heart_Rio
48950,Donna Karan,Be Delicious Sparkling Apple 2012,2012,https://www.parfumo.com/Perfumes/DKNY/Be_Delicious_Sparkling_Apple
48951,Donna Karan,Be Delicious Sparkling Apple 2014,2014,https://www.parfumo.com/Perfumes/DKNY/Be_Delicious_Sparkling_Apple_2014
48952,Donna Karan,Be Desired,2015,https://www.parfumo.com/Perfumes/DKNY/Be_Desired
48953,Donna Karan,Be Extra Delicious,2020,https://www.parfumo.com/Perfumes/DKNY/be-extra-delicious
48954,Donna Karan,Be Tempted,2016,https://www.parfumo.com/Perfumes/DKNY/Be_Tempted
48955,Donna Karan,Be Tempted Eau So Blush,2016,https://www.parfumo.com/Perfumes/DKNY/Be_Tempted_Eau_So_Blush
48956,Donna Karan,Black Cashmere,2002,https://www.fragrantica.com/perfume/Donna-Karan/Black-Cashmere-495.html
48957,Donna Karan,Cashmere & Palo Santo,2024,https://www.fragrantica.com/perfume/Donna-Karan/Cashmere-Palo-Santo-90134.html
48958,Donna Karan,Cashmere & Rose Absolu,2026,https://www.fragrantica.com/perfume/Donna-Karan/Cashmere-Rose-Absolu-126399.html
48959,Donna Karan,Cashmere & Tiaré Flower,2024,https://www.fragrantica.com/perfume/Donna-Karan/Cashmere-Tiare-Flower-90131.html
48960,Donna Karan,Cashmere & Tunisian Neroli,2024,https://www.fragrantica.com/perfume/Donna-Karan/Cashmere-Tunisian-Neroli-90132.html
48961,Donna Karan,Cashmere & Vanilla Essence,2025,https://www.fragrantica.com/perfume/Donna-Karan/Cashmere-Vanilla-Essence-103064.html
48962,Donna Karan,Cashmere & Wild Fig,2024,https://www.fragrantica.com/perfume/Donna-Karan/Cashmere-Wild-Fig-90133.html
48963,Donna Karan,Cashmere Aura,2016,https://www.fragrantica.com/perfume/Donna-Karan/Cashmere-Aura-39248.html
48964,Donna Karan,Cashmere Mist Collector's Edition,2021,https://www.fragrantica.com/perfume/Donna-Karan/Cashmere-Mist-Collector-s-Edition-69876.html
48965,Donna Karan,Cashmere Mist Eau de Toilette,1994,https://www.fragrantica.com/perfume/Donna-Karan/Cashmere-Mist-Eau-de-Toilette-496.html
48966,Donna Karan,Cashmere Mist EDP,,https://www.fragrantica.com/perfume/Donna-Karan/Cashmere-Mist-EDP-53109.html
48967,Donna Karan,Cashmere Mist Essence,2018,https://www.fragrantica.com/perfume/Donna-Karan/Cashmere-Mist-Essence-50524.html
48968,Donna Karan,Cashmere Mist Gold Essence,2013,https://www.fragrantica.com/perfume/Donna-Karan/Cashmere-Mist-Gold-Essence-18970.html
48969,Donna Karan,Cashmere Mist Liquid Nude,2010,https://www.fragrantica.com/perfume/Donna-Karan/Cashmere-Mist-Liquid-Nude-10068.html
48970,Donna Karan,Cashmere Mist Luxe,2009,https://www.fragrantica.com/perfume/Donna-Karan/Cashmere-Mist-Luxe-6801.html
48971,Donna Karan,Cashmere Mist Pearl Essence,2012,https://www.fragrantica.com/perfume/Donna-Karan/Cashmere-Mist-Pearl-Essence-16244.html
48972,Donna Karan,Cashmere Mist Pure Cashmere (Eau de Parfum),2004,https://www.fragrantica.com/perfume/Donna-Karan/Cashmere-Mist-Pure-Cashmere-6800.html
48973,Donna Karan,Cashmere Veil,2017,https://www.fragrantica.com/perfume/Donna-Karan/Cashmere-Veil-45637.html
48974,Donna Karan,Chaos 1996,1996,https://www.fragrantica.com/perfume/Donna-Karan/Chaos-1996-497.html
48975,Donna Karan,Chaos (Eau de Parfum),2008,https://www.fragrantica.com/perfume/Donna-Karan/Chaos-17121.html
48976,Donna Karan,City Men,2013,https://www.parfumo.com/Perfumes/DKNY/DKNY_City_for_Men
48977,Donna Karan,City Women,2012,https://www.parfumo.com/Perfumes/DKNY/DKNY_City
48978,Donna Karan,Delicious Candy Apples Fresh Orange,2011,https://www.parfumo.com/Perfumes/DKNY/Delicious_Candy_Apples_Fresh_Orange
48979,Donna Karan,Delicious Candy Apples Juicy Berry,2010,https://www.parfumo.com/Perfumes/DKNY/Delicious_Candy_Apples_Juicy_Berry
48980,Donna Karan,Delicious Candy Apples Ripe Raspberry,2010,https://www.parfumo.com/Perfumes/DKNY/Delicious_Candy_Apples_Ripe_Raspberry
48981,Donna Karan,Delicious Candy Apples Sweet Caramel,2010,https://www.parfumo.com/Perfumes/DKNY/Delicious_Candy_Apples_Sweet_Caramel
48982,Donna Karan,Delicious Candy Apples Sweet Strawberry,2011,https://www.parfumo.com/Perfumes/DKNY/Delicious_Candy_Apples_Sweet_Strawberry
48983,Donna Karan,Delicious Delights Cool Swirl,2015,https://www.parfumo.com/Perfumes/DKNY/Delicious_Delights_Cool_Swirl
48984,Donna Karan,Delicious Delights Dreamsicle,2015,https://www.parfumo.com/Perfumes/DKNY/Delicious_Delights_Dreamsicle
48985,Donna Karan,Delicious Delights Fruity Rooty,2015,https://www.parfumo.com/Perfumes/DKNY/Delicious_Delights_Fruity_Rooty
48986,Donna Karan,Delicious Night,2007,https://www.parfumo.com/Perfumes/DKNY/DKNY_Delicious_Night
48987,Donna Karan,Delicious Night for Women,2008,https://www.fragrantica.com/perfume/Donna-Karan/Delicious-Night-for-Women-4621.html
48988,Donna Karan,DK,1994,https://www.fragrantica.com/perfume/Donna-Karan/DK-501.html
48989,Donna Karan,DK Men,1994,https://www.parfumo.com/Perfumes/DKNY/DK_Men
48990,Donna Karan,DK Men Unleaded,1995,https://www.fragrantica.com/perfume/Donna-Karan/DK-Men-Unleaded-38726.html
48991,Donna Karan,DKNY 24/7,2024,https://www.fragrantica.com/perfume/Donna-Karan/DKNY-24-7-94958.html
48992,Donna Karan,DKNY 24/7 Electric,2025,https://www.fragrantica.com/perfume/Donna-Karan/DKNY-24-7-Electric-118321.html
48993,Donna Karan,DKNY 24/7 Rush,2025,https://www.fragrantica.com/perfume/Donna-Karan/DKNY-24-7-Rush-118714.html
48994,Donna Karan,DKNY Be 100% Delicious,2021,https://www.fragrantica.com/perfume/Donna-Karan/DKNY-Be-100-Delicious-71098.html
48995,Donna Karan,DKNY Be Delicious,2004,https://www.fragrantica.com/perfume/Donna-Karan/DKNY-Be-Delicious-498.html
48996,Donna Karan,DKNY Be Delicious Art,2013,https://www.fragrantica.com/perfume/Donna-Karan/DKNY-Be-Delicious-Art-17519.html
48997,Donna Karan,DKNY Be Delicious Art Men,2008,https://www.fragrantica.com/perfume/Donna-Karan/DKNY-Be-Delicious-Art-Men-3038.html
48998,Donna Karan,DKNY Be Delicious Bay Breeze,2019,https://www.fragrantica.com/perfume/Donna-Karan/DKNY-Be-Delicious-Bay-Breeze-53502.html
48999,Donna Karan,DKNY Be Delicious Blue Pop,2018,https://www.fragrantica.com/perfume/Donna-Karan/DKNY-Be-Delicious-Blue-Pop-48726.html
49000,Donna Karan,DKNY Be Delicious Charmingly Delicious,2008,https://www.fragrantica.com/perfume/Donna-Karan/DKNY-Be-Delicious-Charmingly-Delicious-3047.html49001,Donna Karan,DKNY Be Delicious City Blossom Avenue Iris,2014,https://www.fragrantica.com/perfume/Donna-Karan/DKNY-Be-Delicious-City-Blossom-Avenue-Iris-28624.html
49002,Donna Karan,DKNY Be Delicious City Blossom Empire Apple,2014,https://www.fragrantica.com/perfume/Donna-Karan/DKNY-Be-Delicious-City-Blossom-Empire-Apple-22979.html
49003,Donna Karan,DKNY Be Delicious City Blossom Rooftop Peony,2014,https://www.fragrantica.com/perfume/Donna-Karan/DKNY-Be-Delicious-City-Blossom-Rooftop-Peony-22978.html
49004,Donna Karan,DKNY Be Delicious City Blossom Terrace Orchid,2014,https://www.fragrantica.com/perfume/Donna-Karan/DKNY-Be-Delicious-City-Blossom-Terrace-Orchid-28623.html
49005,Donna Karan,DKNY Be Delicious City Blossom Urban Violet,2014,https://www.fragrantica.com/perfume/Donna-Karan/DKNY-Be-Delicious-City-Blossom-Urban-Violet-22977.html
49006,Donna Karan,DKNY Be Delicious City Brooklyn Girl,2017,https://www.fragrantica.com/perfume/Donna-Karan/DKNY-Be-Delicious-City-Brooklyn-Girl-42839.html
49007,Donna Karan,DKNY Be Delicious City Chelsea Girl,2017,https://www.fragrantica.com/perfume/Donna-Karan/DKNY-Be-Delicious-City-Chelsea-Girl-42840.html
49008,Donna Karan,DKNY Be Delicious City Nolita Girl,2017,https://www.fragrantica.com/perfume/Donna-Karan/DKNY-Be-Delicious-City-Nolita-Girl-42842.html
49009,Donna Karan,DKNY Be Delicious Coconuts About Summer,2021,https://www.fragrantica.com/perfume/Donna-Karan/DKNY-Be-Delicious-Coconuts-About-Summer-65552.html
49010,Donna Karan,DKNY Be Delicious Crystallized,2016,https://www.fragrantica.com/perfume/Donna-Karan/DKNY-Be-Delicious-Crystallized-40971.html
49011,Donna Karan,DKNY Be Delicious Eau de Toilette,2010,https://www.fragrantica.com/perfume/Donna-Karan/DKNY-Be-Delicious-Eau-de-Toilette-37733.html
49012,Donna Karan,DKNY Be Delicious Eau so Intense,2012,https://www.fragrantica.com/perfume/Donna-Karan/DKNY-Be-Delicious-Eau-so-Intense-15472.html
49013,Donna Karan,DKNY Be Delicious Electric Bright Crush,2016,https://www.fragrantica.com/perfume/Donna-Karan/DKNY-Be-Delicious-Electric-Bright-Crush-34591.html
49014,Donna Karan,DKNY Be Delicious Electric Citrus Pulse,2016,https://www.fragrantica.com/perfume/Donna-Karan/DKNY-Be-Delicious-Electric-Citrus-Pulse-34590.html
49015,Donna Karan,DKNY Be Delicious Electric Loving Glow,2016,https://www.fragrantica.com/perfume/Donna-Karan/DKNY-Be-Delicious-Electric-Loving-Glow-34592.html
49016,Donna Karan,DKNY Be Delicious Electric Vivid Orchid,2016,https://www.fragrantica.com/perfume/Donna-Karan/DKNY-Be-Delicious-Electric-Vivid-Orchid-38009.html
49017,Donna Karan,DKNY Be Delicious Fresh Blossom,2009,https://www.fragrantica.com/perfume/Donna-Karan/DKNY-Be-Delicious-Fresh-Blossom-5609.html
49018,Donna Karan,DKNY Be Delicious Fresh Blossom Crystallized,2016,https://www.fragrantica.com/perfume/Donna-Karan/DKNY-Be-Delicious-Fresh-Blossom-Crystallized-40972.html
49019,Donna Karan,DKNY Be Delicious Fresh Blossom Eau so Intense,2012,https://www.fragrantica.com/perfume/Donna-Karan/DKNY-Be-Delicious-Fresh-Blossom-Eau-so-Intense-15277.html
49020,Donna Karan,DKNY Be Delicious Fresh Blossom Juiced,2011,https://www.fragrantica.com/perfume/Donna-Karan/DKNY-Be-Delicious-Fresh-Blossom-Juiced-11127.html
49021,Donna Karan,DKNY Be Delicious Fresh Blossom Skin Hydrating Eau de Toilette,2013,https://www.fragrantica.com/perfume/Donna-Karan/DKNY-Be-Delicious-Fresh-Blossom-Skin-Hydrating-Eau-de-Toilette-20861.html
49022,Donna Karan,DKNY Be Delicious Fresh Blossom Sparkling Apple,2014,https://www.fragrantica.com/perfume/Donna-Karan/DKNY-Be-Delicious-Fresh-Blossom-Sparkling-Apple-28031.html
49023,Donna Karan,DKNY Be Delicious Ice Pop Berry Bliss,2025,https://www.fragrantica.com/perfume/Donna-Karan/DKNY-Be-Delicious-Ice-Pop-Berry-Bliss-105734.html
49024,Donna Karan,DKNY Be Delicious Ice Pop Citrus Splash,2025,https://www.fragrantica.com/perfume/Donna-Karan/DKNY-Be-Delicious-Ice-Pop-Citrus-Splash-105735.html
49025,Donna Karan,DKNY Be Delicious Ice Pop Very Cherry,2025,https://www.fragrantica.com/perfume/Donna-Karan/DKNY-Be-Delicious-Ice-Pop-Very-Cherry-105733.html
49026,Donna Karan,DKNY Be Delicious Icy Apple,2017,https://www.fragrantica.com/perfume/Donna-Karan/DKNY-Be-Delicious-Icy-Apple-47392.html
49027,Donna Karan,DKNY Be Delicious Juiced,2011,https://www.fragrantica.com/perfume/Donna-Karan/DKNY-Be-Delicious-Juiced-11126.html
49028,Donna Karan,DKNY Be Delicious Kisses,2008,https://www.fragrantica.com/perfume/Donna-Karan/DKNY-Be-Delicious-Kisses-3505.html
49029,Donna Karan,DKNY Be Delicious Latte Matcha,2026,https://www.fragrantica.com/perfume/Donna-Karan/DKNY-Be-Delicious-Latte-Matcha-125749.html
49030,Donna Karan,DKNY Be Delicious Latte Matcha Body Mist,2026,https://www.fragrantica.com/perfume/Donna-Karan/DKNY-Be-Delicious-Latte-Matcha-Body-Mist-131615.html
49031,Donna Karan,DKNY Be Delicious Latte Pistachio,2026,https://www.fragrantica.com/perfume/Donna-Karan/DKNY-Be-Delicious-Latte-Pistachio-125750.html
49032,Donna Karan,DKNY Be Delicious Latte Pistachio Body Mist,2026,https://www.fragrantica.com/perfume/Donna-Karan/DKNY-Be-Delicious-Latte-Pistachio-Body-Mist-131616.html
49033,Donna Karan,DKNY Be Delicious Latte Vanilla,2026,https://www.fragrantica.com/perfume/Donna-Karan/DKNY-Be-Delicious-Latte-Vanilla-125748.html
49034,Donna Karan,DKNY Be Delicious Latte Vanilla Body Mist,2026,https://www.fragrantica.com/perfume/Donna-Karan/DKNY-Be-Delicious-Latte-Vanilla-Body-Mist-131613.html
49035,Donna Karan,DKNY Be Delicious Lime Mojito,2019,https://www.fragrantica.com/perfume/Donna-Karan/DKNY-Be-Delicious-Lime-Mojito-53500.html
49036,Donna Karan,DKNY Be Delicious London,2012,https://www.fragrantica.com/perfume/Donna-Karan/DKNY-Be-Delicious-London-14962.html
49037,Donna Karan,DKNY Be Delicious Mai Tai,2019,https://www.fragrantica.com/perfume/Donna-Karan/DKNY-Be-Delicious-Mai-Tai-53501.html
49038,Donna Karan,DKNY Be Delicious Men,2004,https://www.fragrantica.com/perfume/Donna-Karan/DKNY-Be-Delicious-Men-500.html
49039,Donna Karan,DKNY Be Delicious Message Of Hope,2005,https://www.fragrantica.com/perfume/Donna-Karan/DKNY-Be-Delicious-Message-Of-Hope-2332.html
49040,Donna Karan,DKNY Be Delicious NYC,2012,https://www.fragrantica.com/perfume/Donna-Karan/DKNY-Be-Delicious-NYC-14961.html
49041,Donna Karan,DKNY Be Delicious Orchard St,2023,https://www.fragrantica.com/perfume/Donna-Karan/DKNY-Be-Delicious-Orchard-St-84253.html
49042,Donna Karan,DKNY Be Delicious Paris,2012,https://www.fragrantica.com/perfume/Donna-Karan/DKNY-Be-Delicious-Paris-14963.html
49043,Donna Karan,DKNY Be Delicious Picnic in the Park for Men,2007,https://www.fragrantica.com/perfume/Donna-Karan/DKNY-Be-Delicious-Picnic-in-the-Park-for-Men-1030.html
49044,Donna Karan,DKNY Be Delicious Picnic in the Park for Women,2007,https://www.fragrantica.com/perfume/Donna-Karan/DKNY-Be-Delicious-Picnic-in-the-Park-for-Women-1029.html
49045,Donna Karan,DKNY Be Delicious Pink Pop,2018,https://www.fragrantica.com/perfume/Donna-Karan/DKNY-Be-Delicious-Pink-Pop-48727.html
49046,Donna Karan,DKNY Be Delicious Pop-Art Optic,2009,https://www.fragrantica.com/perfume/Donna-Karan/DKNY-Be-Delicious-Pop-Art-Optic-6408.html
49047,Donna Karan,DKNY Be Delicious Red Art,2008,https://www.fragrantica.com/perfume/Donna-Karan/DKNY-Be-Delicious-Red-Art-3037.html
49048,Donna Karan,DKNY Be Delicious RED ART Men,2008,https://www.fragrantica.com/perfume/Donna-Karan/DKNY-Be-Delicious-RED-ART-Men-3049.html
49049,Donna Karan,DKNY Be Delicious Rio,2012,https://www.fragrantica.com/perfume/Donna-Karan/DKNY-Be-Delicious-Rio-14964.html
49050,Donna Karan,DKNY Be Delicious Shimmer & Shine,2019,https://www.fragrantica.com/perfume/Donna-Karan/DKNY-Be-Delicious-Shimmer-Shine-53487.html
49051,Donna Karan,DKNY Be Delicious Shine,2007,https://www.fragrantica.com/perfume/Donna-Karan/DKNY-Be-Delicious-Shine-2063.html
49052,Donna Karan,DKNY Be Delicious Skin Hydrating Eau de Toilette,2013,https://www.fragrantica.com/perfume/Donna-Karan/DKNY-Be-Delicious-Skin-Hydrating-Eau-de-Toilette-20859.html
49053,Donna Karan,DKNY Be Delicious Sparkling Apple,2012,https://www.fragrantica.com/perfume/Donna-Karan/DKNY-Be-Delicious-Sparkling-Apple-15054.html
49054,Donna Karan,DKNY Be Delicious Sparkling Apple,2014,https://www.fragrantica.com/perfume/Donna-Karan/DKNY-Be-Delicious-Sparkling-Apple-28030.html
49055,Donna Karan,DKNY Be Delicious Summer Squeeze,2020,https://www.fragrantica.com/perfume/Donna-Karan/DKNY-Be-Delicious-Summer-Squeeze-59525.html
49056,Donna Karan,DKNY Be Delicious Violet Pop,2018,https://www.fragrantica.com/perfume/Donna-Karan/DKNY-Be-Delicious-Violet-Pop-48725.html
49057,Donna Karan,DKNY Be Desired,2015,https://www.fragrantica.com/perfume/Donna-Karan/DKNY-Be-Desired-32148.html
49058,Donna Karan,DKNY Be Extra Delicious,2020,https://www.fragrantica.com/perfume/Donna-Karan/DKNY-Be-Extra-Delicious-61674.html
49059,Donna Karan,DKNY Be Tempted,2016,https://www.fragrantica.com/perfume/Donna-Karan/DKNY-Be-Tempted-39240.html
49060,Donna Karan,DKNY Be Tempted Eau So Blush,2016,https://www.fragrantica.com/perfume/Donna-Karan/DKNY-Be-Tempted-Eau-So-Blush-40362.html
49061,Donna Karan,DKNY Be Tempted Icy Apple,2017,https://www.fragrantica.com/perfume/Donna-Karan/DKNY-Be-Tempted-Icy-Apple-47393.html
49062,Donna Karan,DKNY City for Men,2013,https://www.fragrantica.com/perfume/Donna-Karan/DKNY-City-for-Men-17217.html
49063,Donna Karan,DKNY City for Women,2013,https://www.fragrantica.com/perfume/Donna-Karan/DKNY-City-for-Women-17216.html
49064,Donna Karan,DKNY Delicious Candy Apples Fresh Orange,2011,https://www.fragrantica.com/perfume/Donna-Karan/DKNY-Delicious-Candy-Apples-Fresh-Orange-12613.html
49065,Donna Karan,DKNY Delicious Candy Apples Juicy Berry,2010,https://www.fragrantica.com/perfume/Donna-Karan/DKNY-Delicious-Candy-Apples-Juicy-Berry-7537.html
49066,Donna Karan,DKNY Delicious Candy Apples Ripe Raspberry,2010,https://www.fragrantica.com/perfume/Donna-Karan/DKNY-Delicious-Candy-Apples-Ripe-Raspberry-7536.html
49067,Donna Karan,DKNY Delicious Candy Apples Sweet Caramel,2010,https://www.fragrantica.com/perfume/Donna-Karan/DKNY-Delicious-Candy-Apples-Sweet-Caramel-7535.html
49068,Donna Karan,DKNY Delicious Candy Apples Sweet Strawberry,2011,https://www.fragrantica.com/perfume/Donna-Karan/DKNY-Delicious-Candy-Apples-Sweet-Strawberry-12614.html
49069,Donna Karan,DKNY Delicious Delights Cool Swirl,2015,https://www.fragrantica.com/perfume/Donna-Karan/DKNY-Delicious-Delights-Cool-Swirl-29369.html
49070,Donna Karan,DKNY Delicious Delights Dreamsicle,2015,https://www.fragrantica.com/perfume/Donna-Karan/DKNY-Delicious-Delights-Dreamsicle-29371.html
49071,Donna Karan,DKNY Delicious Delights Fruity Rooty,2015,https://www.fragrantica.com/perfume/Donna-Karan/DKNY-Delicious-Delights-Fruity-Rooty-29370.html
49072,Donna Karan,DKNY Delicious Night,2008,https://www.fragrantica.com/perfume/Donna-Karan/DKNY-Delicious-Night-1947.html
49073,Donna Karan,DKNY Energy for Men,,https://www.fragrantica.com/perfume/Donna-Karan/DKNY-Energy-for-Men-506.html
49074,Donna Karan,DKNY Energy for Women,,https://www.fragrantica.com/perfume/Donna-Karan/DKNY-Energy-for-Women-505.html
49075,Donna Karan,DKNY Energy Men,2002,https://www.parfumo.com/Perfumes/DKNY/DKNY_Energy_Men
49076,Donna Karan,DKNY Energy Women,2002,https://www.parfumo.com/Perfumes/DKNY/DKNY_Energy_Women
49077,Donna Karan,DKNY Fresh Blossom Art,2013,https://www.fragrantica.com/perfume/Donna-Karan/DKNY-Fresh-Blossom-Art-17520.html
49078,Donna Karan,DKNY Fresh Blossom Art Limited Edition,2010,https://www.fragrantica.com/perfume/Donna-Karan/DKNY-Fresh-Blossom-Art-Limited-Edition-8139.html
49079,Donna Karan,DKNY Golden Delicious,2010,https://www.fragrantica.com/perfume/Donna-Karan/DKNY-Golden-Delicious-10914.html
49080,Donna Karan,DKNY Golden Delicious Art,2013,https://www.fragrantica.com/perfume/Donna-Karan/DKNY-Golden-Delicious-Art-17521.html
49081,Donna Karan,DKNY Golden Delicious Eau So Intense,2012,https://www.fragrantica.com/perfume/Donna-Karan/DKNY-Golden-Delicious-Eau-So-Intense-17295.html
49082,Donna Karan,DKNY Golden Delicious Skin Hydrating Eau de Toilette,2013,https://www.fragrantica.com/perfume/Donna-Karan/DKNY-Golden-Delicious-Skin-Hydrating-Eau-de-Toilette-20864.html
49083,Donna Karan,DKNY Golden Delicious Sparkling Apple,2014,https://www.fragrantica.com/perfume/Donna-Karan/DKNY-Golden-Delicious-Sparkling-Apple-28032.html
49084,Donna Karan,DKNY Love from New York for Men,2009,https://www.fragrantica.com/perfume/Donna-Karan/DKNY-Love-from-New-York-for-Men-6229.html
49085,Donna Karan,DKNY Love from New York for Women,2009,https://www.fragrantica.com/perfume/Donna-Karan/DKNY-Love-from-New-York-for-Women-6230.html
49086,Donna Karan,DKNY Men 2009,2009,https://www.fragrantica.com/perfume/Donna-Karan/DKNY-Men-2009-5406.html
49087,Donna Karan,DKNY Men Art,2013,https://www.parfumo.com/Perfumes/DKNY/Art_Men
49088,Donna Karan,DKNY Men DKNY / Donna Karan 2000 After Shave,2000,https://www.parfumo.com/Perfumes/DKNY/DKNY_Men_2000_After_Shave
49089,Donna Karan,DKNY Men DKNY / Donna Karan 2009 After Shave,2009,https://www.parfumo.com/Perfumes/DKNY/DKNY_Men_2009_After_Shave
49090,Donna Karan,DKNY Men (Eau de Toilette),2000,https://www.fragrantica.com/perfume/Donna-Karan/DKNY-Men-503.html
49091,Donna Karan,DKNY Men Summer 2009,2009,https://www.fragrantica.com/perfume/Donna-Karan/DKNY-Men-Summer-2009-5945.html
49092,Donna Karan,DKNY Men Summer 2010,2010,https://www.parfumo.com/Perfumes/DKNY/DKNY_Men_Summer_2010
49093,Donna Karan,DKNY Men Summer 2011,2011,https://www.fragrantica.com/perfume/Donna-Karan/DKNY-Men-Summer-2011-12006.html
49094,Donna Karan,DKNY Men Summer 2012,2012,https://www.fragrantica.com/perfume/Donna-Karan/DKNY-Men-Summer-2012-14646.html
49095,Donna Karan,DKNY Men Summer 2013,2013,https://www.fragrantica.com/perfume/Donna-Karan/DKNY-Men-Summer-2013-31649.html
49096,Donna Karan,DKNY Men Summer 2014,2014,https://www.fragrantica.com/perfume/Donna-Karan/DKNY-Men-Summer-2014-24259.html
49097,Donna Karan,DKNY Men Summer 2015,2015,https://www.fragrantica.com/perfume/Donna-Karan/DKNY-Men-Summer-2015-30222.html
49098,Donna Karan,DKNY Men Summer 2016,2016,https://www.fragrantica.com/perfume/Donna-Karan/DKNY-Men-Summer-2016-37861.html
49099,Donna Karan,DKNY Men Summer 2017,2017,https://www.fragrantica.com/perfume/Donna-Karan/DKNY-Men-Summer-2017-44102.html
49100,Donna Karan,DKNY Men Summer 2018,2018,https://www.fragrantica.com/perfume/Donna-Karan/DKNY-Men-Summer-2018-48878.html
49101,Donna Karan,DKNY Men Summer 2019,2019,https://www.fragrantica.com/perfume/Donna-Karan/DKNY-Men-Summer-2019-54066.html
49102,Donna Karan,DKNY Men Summer 2020,2020,https://www.fragrantica.com/perfume/Donna-Karan/DKNY-Men-Summer-2020-60767.html
49103,Donna Karan,DKNY My NY,2014,https://www.fragrantica.com/perfume/Donna-Karan/DKNY-My-NY-25948.html
49104,Donna Karan,DKNY Nectar Love,2017,https://www.fragrantica.com/perfume/Donna-Karan/DKNY-Nectar-Love-45499.html
49105,Donna Karan,DKNY Red Delicious,2006,https://www.fragrantica.com/perfume/Donna-Karan/DKNY-Red-Delicious-499.html
49106,Donna Karan,DKNY Red Delicious Charmingly Delicious,2008,https://www.fragrantica.com/perfume/Donna-Karan/DKNY-Red-Delicious-Charmingly-Delicious-3048.html
49107,Donna Karan,DKNY Red Delicious Men,2006,https://www.fragrantica.com/perfume/Donna-Karan/DKNY-Red-Delicious-Men-1604.html
49108,Donna Karan,DKNY Stories (Eau de Parfum),2018,https://www.fragrantica.com/perfume/Donna-Karan/DKNY-Stories-50506.html
49109,Donna Karan,DKNY Stories Eau de Toilette,2019,https://www.fragrantica.com/perfume/Donna-Karan/DKNY-Stories-Eau-de-Toilette-56488.html
49110,Donna Karan,DKNY Summer,2007,https://www.fragrantica.com/perfume/Donna-Karan/DKNY-Summer-2333.html
49111,Donna Karan,DKNY Sweet Delicious Creamy Meringue,2012,https://www.fragrantica.com/perfume/Donna-Karan/DKNY-Sweet-Delicious-Creamy-Meringue-14328.html
49112,Donna Karan,DKNY Sweet Delicious Pink Macaron,2012,https://www.fragrantica.com/perfume/Donna-Karan/DKNY-Sweet-Delicious-Pink-Macaron-14326.html
49113,Donna Karan,DKNY Sweet Delicious Tart Key Lime,2012,https://www.fragrantica.com/perfume/Donna-Karan/DKNY-Sweet-Delicious-Tart-Key-Lime-14327.html
49114,Donna Karan,DKNY To Go Women,2007,https://www.fragrantica.com/perfume/Donna-Karan/DKNY-To-Go-Women-1881.html
49115,Donna Karan,DKNY Women,1999,https://www.fragrantica.com/perfume/Donna-Karan/DKNY-Women-504.html
49116,Donna Karan,DKNY Women Art,2013,https://www.parfumo.com/Perfumes/DKNY/Art_Women
49117,Donna Karan,DKNY Women (Energizing Eau de Parfum),1999,https://www.parfumo.com/Perfumes/DKNY/DKNY_Women
49118,Donna Karan,DKNY Women (Energizing Eau de Toilette),2011,https://www.parfumo.com/Perfumes/DKNY/DKNY_Women_Energizing
49119,Donna Karan,DKNY Women Fall,2013,https://www.fragrantica.com/perfume/Donna-Karan/DKNY-Women-Fall-18896.html
49120,Donna Karan,DKNY Women Fall Limited Edition,2018,https://www.fragrantica.com/perfume/Donna-Karan/DKNY-Women-Fall-Limited-Edition-52708.html
49121,Donna Karan,DKNY Women Fall Limited Edition 2020,2020,https://www.fragrantica.com/perfume/Donna-Karan/DKNY-Women-Fall-Limited-Edition-2020-64090.html
49122,Donna Karan,DKNY Women Fall (Metallic City),2015,https://www.fragrantica.com/perfume/Donna-Karan/DKNY-Women-Fall-Metallic-City-31633.html
49123,Donna Karan,DKNY Women Gold,2011,https://www.fragrantica.com/perfume/Donna-Karan/DKNY-Women-Gold-13077.html
49124,Donna Karan,DKNY Women Limited Edition,2009,https://www.fragrantica.com/perfume/Donna-Karan/DKNY-Women-Limited-Edition-6654.html
49125,Donna Karan,DKNY Women Limited Edition,2019,https://www.fragrantica.com/perfume/Donna-Karan/DKNY-Women-Limited-Edition-53802.html
49126,Donna Karan,DKNY Women Limited Edition 2009,2009,https://www.parfumo.com/Perfumes/DKNY/DKNY_Women_Limited_Edition_2009
49127,Donna Karan,DKNY Women Limited Edition 2012 - Heart,2012,https://www.parfumo.com/Perfumes/DKNY/DKNY_Women_Heart
49128,Donna Karan,DKNY Women Limited Edition 2013 - Fall,2013,https://www.parfumo.com/Perfumes/DKNY/DKNY_Woman_Fall
49129,Donna Karan,DKNY Women Limited Edition 2019 - Fall,2019,https://www.parfumo.com/Perfumes/DKNY/dkny-women-limited-edition-2019-fall
49130,Donna Karan,DKNY Women ♥ Limited Edition Eau de Toilette,2012,https://www.fragrantica.com/perfume/Donna-Karan/DKNY-Women-Limited-Edition-Eau-de-Toilette-16060.html
49131,Donna Karan,DKNY Women Limited Edition Eau de Toilette 2010,2010,https://www.fragrantica.com/perfume/Donna-Karan/DKNY-Women-Limited-Edition-Eau-de-Toilette-2010-9738.html
49132,Donna Karan,DKNY Women Skyline,2026,https://www.fragrantica.com/perfume/Donna-Karan/DKNY-Women-Skyline-142113.html
49133,Donna Karan,DKNY Women Sparkling Fall,2014,https://www.fragrantica.com/perfume/Donna-Karan/DKNY-Women-Sparkling-Fall-25989.html
49134,Donna Karan,DKNY Women Summer 2006,2006,https://www.fragrantica.com/perfume/Donna-Karan/DKNY-Women-Summer-2006-2334.html
49135,Donna Karan,DKNY Women Summer 2007,2007,https://www.parfumo.com/Perfumes/DKNY/DKNY_Women_Summer_2007
49136,Donna Karan,DKNY Women Summer 2008,2008,https://www.fragrantica.com/perfume/Donna-Karan/DKNY-Women-Summer-2008-2856.html
49137,Donna Karan,DKNY Women Summer 2009,2009,https://www.fragrantica.com/perfume/Donna-Karan/DKNY-Women-Summer-2009-5607.html
49138,Donna Karan,DKNY Women Summer 2010,2010,https://www.fragrantica.com/perfume/Donna-Karan/DKNY-Women-Summer-2010-7930.html
49139,Donna Karan,DKNY Women Summer 2011,2011,https://www.fragrantica.com/perfume/Donna-Karan/DKNY-Women-Summer-2011-11290.html
49140,Donna Karan,DKNY Women Summer 2012,2012,https://www.fragrantica.com/perfume/Donna-Karan/DKNY-Women-Summer-2012-14514.html
49141,Donna Karan,DKNY Women Summer 2013,2013,https://www.fragrantica.com/perfume/Donna-Karan/DKNY-Women-Summer-2013-31648.html
49142,Donna Karan,DKNY Women Summer 2014,2014,https://www.fragrantica.com/perfume/Donna-Karan/DKNY-Women-Summer-2014-24258.html
49143,Donna Karan,DKNY Women Summer 2015,2015,https://www.fragrantica.com/perfume/Donna-Karan/DKNY-Women-Summer-2015-30221.html
49144,Donna Karan,DKNY Women Summer 2016,2016,https://www.fragrantica.com/perfume/Donna-Karan/DKNY-Women-Summer-2016-37860.html
49145,Donna Karan,DKNY Women Summer 2017,2017,https://www.fragrantica.com/perfume/Donna-Karan/DKNY-Women-Summer-2017-44101.html
49146,Donna Karan,DKNY Women Summer 2018,2018,https://www.fragrantica.com/perfume/Donna-Karan/DKNY-Women-Summer-2018-48873.html
49147,Donna Karan,DKNY Women Summer 2019,2019,https://www.fragrantica.com/perfume/Donna-Karan/DKNY-Women-Summer-2019-54065.html
49148,Donna Karan,DKNY Women Summer 2020,2020,https://www.fragrantica.com/perfume/Donna-Karan/DKNY-Women-Summer-2020-60766.html
49149,Donna Karan,DKNY Women Summer 2021,2021,https://www.fragrantica.com/perfume/Donna-Karan/DKNY-Women-Summer-2021-66491.html
49150,Donna Karan,DKNY Women Summer 2022,2022,https://www.fragrantica.com/perfume/Donna-Karan/DKNY-Women-Summer-2022-72455.html
49151,Donna Karan,Donna Karan Gold (Eau de Parfum),2006,https://www.fragrantica.com/perfume/Donna-Karan/Donna-Karan-Gold-2061.html
49152,Donna Karan,Donna Karan Gold Sparkling,2008,https://www.fragrantica.com/perfume/Donna-Karan/Donna-Karan-Gold-Sparkling-2062.html
49153,Donna Karan,Donna Karan (Parfum),1992,https://www.fragrantica.com/perfume/Donna-Karan/Donna-Karan-2335.html
49154,Donna Karan,Donna Karan Women Energizing,2011,https://www.fragrantica.com/perfume/Donna-Karan/Donna-Karan-Women-Energizing-11125.html
49155,Donna Karan,Essence Jasmine,2008,https://www.fragrantica.com/perfume/Donna-Karan/Essence-Jasmine-7177.html
49156,Donna Karan,Essence Labdanum,2008,https://www.fragrantica.com/perfume/Donna-Karan/Essence-Labdanum-7178.html
49157,Donna Karan,Essence Lavender,2008,https://www.fragrantica.com/perfume/Donna-Karan/Essence-Lavender-7179.html
49158,Donna Karan,Essence Wenge,2008,https://www.fragrantica.com/perfume/Donna-Karan/Essence-Wenge-7176.html
49159,Donna Karan,Fuel for Men,2008,https://www.fragrantica.com/perfume/Donna-Karan/Fuel-for-Men-13831.html
49160,Donna Karan,Gold DKNY / Donna Karan 1995 Eau de Toilette,1995,https://www.parfumo.com/Perfumes/DKNY/Gold_Eau_de_Toilette
49161,Donna Karan,Gold DKNY / Donna Karan 2007 Sparkling Eau de Toilette,2007,https://www.parfumo.com/Perfumes/DKNY/Gold_Sparkling
49162,Donna Karan,Golden Delicious Art,2013,https://www.parfumo.com/Perfumes/DKNY/Golden_Delicious_Art
49163,Donna Karan,Golden Delicious DKNY / Donna Karan 2011 Eau de Parfum,2011,https://www.parfumo.com/Perfumes/DKNY/golden-delicious-eau-de-parfum
49164,Donna Karan,Golden Delicious DKNY / Donna Karan Fragrance Mist,,https://www.parfumo.com/Perfumes/DKNY/golden-delicious-fragrance-mist
49165,Donna Karan,Golden Delicious Eau So Intense,2012,https://www.parfumo.com/Perfumes/DKNY/Golden_Delicious_Intense
49166,Donna Karan,Golden Delicious Skin DKNY / Donna Karan 2013 Hydrating Eau de Toilette,2013,https://www.parfumo.com/Perfumes/DKNY/golden-delicious-skin-hydrating-eau-de-toilette
49167,Donna Karan,Golden Delicious Sparkling Apple,2014,https://www.parfumo.com/Perfumes/DKNY/Golden_Delicious_Sparkling_Apple
49168,Donna Karan,Iris,2010,https://www.fragrantica.com/perfume/Donna-Karan/Iris-8247.html
49169,Donna Karan,Liquid Cashmere,2014,https://www.fragrantica.com/perfume/Donna-Karan/Liquid-Cashmere-26072.html
49170,Donna Karan,Liquid Cashmere Aqua,2016,https://www.fragrantica.com/perfume/Donna-Karan/Liquid-Cashmere-Aqua-42718.html
49171,Donna Karan,Liquid Cashmere Black,2015,https://www.fragrantica.com/perfume/Donna-Karan/Liquid-Cashmere-Black-31957.html
49172,Donna Karan,Liquid Cashmere Blush,2016,https://www.fragrantica.com/perfume/Donna-Karan/Liquid-Cashmere-Blush-51319.html
49173,Donna Karan,Liquid Cashmere White,2015,https://www.fragrantica.com/perfume/Donna-Karan/Liquid-Cashmere-White-31956.html
49174,Donna Karan,Love from New York Women,2009,https://www.parfumo.com/Perfumes/DKNY/DKNY_Love_from_New_York_for_Women
49175,Donna Karan,Mandarin Neroli,2012,https://www.fragrantica.com/perfume/Donna-Karan/Mandarin-Neroli-15525.html
49176,Donna Karan,My NY,2014,https://www.parfumo.com/Perfumes/DKNY/My_NY
49177,Donna Karan,Nectar Love,2017,https://www.parfumo.com/Perfumes/DKNY/Nectar_Love
49178,Donna Karan,Pure DKNY,2010,https://www.fragrantica.com/perfume/Donna-Karan/Pure-DKNY-7973.html
49179,Donna Karan,Pure DKNY A Drop Of Rose,2012,https://www.fragrantica.com/perfume/Donna-Karan/Pure-DKNY-A-Drop-Of-Rose-16601.html
49180,Donna Karan,Pure DKNY A Drop of Vanilla,,https://www.fragrantica.com/perfume/Donna-Karan/Pure-DKNY-A-Drop-of-Vanilla-37082.html
49181,Donna Karan,Pure DKNY Verbena,2011,https://www.fragrantica.com/perfume/Donna-Karan/Pure-DKNY-Verbena-13566.html
49182,Donna Karan,Pure DKNY - Verbena A Drop of Verbena,2011,https://www.parfumo.com/Perfumes/DKNY/Pure_DKNY_Verbena
49183,Donna Karan,Red Delicious,2006,https://www.parfumo.com/Perfumes/DKNY/DKNY_Red_Delicious
49184,Donna Karan,Red Delicious Charmingly Delicious,2008,https://www.parfumo.com/Perfumes/DKNY/Red_Delicious_Charmingly_Delicious
49185,Donna Karan,Red Delicious Men,2006,https://www.parfumo.com/Perfumes/DKNY/DKNY_Red_Delicious_Men
49186,Donna Karan,Signature,2008,https://www.fragrantica.com/perfume/Donna-Karan/Signature-17120.html
49187,Donna Karan,Sweet Delicious Creamy Meringue,2012,https://www.parfumo.com/Perfumes/DKNY/Sweet_Delicious_Creamy_Meringue
49188,Donna Karan,Sweet Delicious Pink Macaron,2012,https://www.parfumo.com/Perfumes/DKNY/Sweet_Delicious_Pink_Macaroon
49189,Donna Karan,Sweet Delicious Tart Key Lime,2012,https://www.parfumo.com/Perfumes/DKNY/Sweet_Delicious_Tart_Key_Lime
49190,Donna Karan,Woman,2012,https://www.fragrantica.com/perfume/Donna-Karan/Woman-15556.html
49191,Dor Olfactory,Date With a Shaman,2024,https://www.fragrantica.com/perfume/Dor-Olfactory/Date-With-a-Shaman-120483.html
49192,Dor Olfactory,Figure Me Out,2024,https://www.fragrantica.com/perfume/Dor-Olfactory/Figure-Me-Out-120479.html
49193,Dor Olfactory,Legno Sacro,2024,https://www.fragrantica.com/perfume/Dor-Olfactory/Legno-Sacro-120481.html
49194,Dor Olfactory,Wabi-Sabi,2026,https://www.fragrantica.com/perfume/Dor-Olfactory/Wabi-Sabi-136381.html
49195,Dor Olfactory,You See Me Too,2025,https://www.fragrantica.com/perfume/Dor-Olfactory/You-See-Me-Too-120480.html
49196,Dora The Explorer,Dora and Boots,,https://www.fragrantica.com/perfume/Dora-The-Explorer/Dora-and-Boots-28275.html
49197,Dora The Explorer,Dora the Explorer,,https://www.fragrantica.com/perfume/Dora-The-Explorer/Dora-the-Explorer-28276.html
49198,Dorall Collection,24 Pure,,https://www.fragrantica.com/perfume/Dorall-Collection/24-Pure-124904.html
49199,Dorall Collection,Ace Of Spades,,https://www.fragrantica.com/perfume/Dorall-Collection/Ace-Of-Spades-124887.html
49200,Dorall Collection,Always On My Mind,,https://www.fragrantica.com/perfume/Dorall-Collection/Always-On-My-Mind-125463.html
49201,Dorall Collection,Always On My Mind Pink,,https://www.fragrantica.com/perfume/Dorall-Collection/Always-On-My-Mind-Pink-125472.html
49202,Dorall Collection,Artiste Uomo,2019,https://www.parfumo.com/Perfumes/Dorall_Collection/Artiste_Uomo
49203,Dorall Collection,Bakhoor Al Khaliji Dorall Collection 2002 Body Spray,2002,https://www.parfumo.com/Perfumes/Dorall_Collection/bakhoor-al-khaliji-body-spray
49204,Dorall Collection,Beau Monde,,https://www.fragrantica.com/perfume/Dorall-Collection/Beau-Monde-132015.html
49205,Dorall Collection,Beau Monde Eternal,2015,https://www.parfumo.com/Perfumes/Dorall_Collection/Beau_Monde_Eternal
49206,Dorall Collection,Beau Monde Los Angeles,,https://www.fragrantica.com/perfume/Dorall-Collection/Beau-Monde-Los-Angeles-125732.html
49207,Dorall Collection,Belicia,,https://www.parfumo.com/Perfumes/Dorall_Collection/Belicia
49208,Dorall Collection,Black Light,,https://www.fragrantica.com/perfume/Dorall-Collection/Black-Light-132034.html
49209,Dorall Collection,Candor,1987,https://www.parfumo.com/Perfumes/Dorall_Collection/Candor
49210,Dorall Collection,Candor for Men,,https://www.parfumo.com/Perfumes/Dorall_Collection/Candor_for_Men
49211,Dorall Collection,Charged,,https://www.fragrantica.com/perfume/Dorall-Collection/Charged-125462.html
49212,Dorall Collection,Chaste,1998,https://www.parfumo.com/Perfumes/Dorall_Collection/Chaste
49213,Dorall Collection,Chaste Noir,2008,https://www.parfumo.com/Perfumes/Dorall_Collection/Chaste_Noir
49214,Dorall Collection,Coffret d'Or,2006,https://www.parfumo.com/Perfumes/Dorall_Collection/Coffret_d_Or
49215,Dorall Collection,Damsel Essential,,https://www.fragrantica.com/perfume/Dorall-Collection/Damsel-Essential-132045.html
49216,Dorall Collection,Damsel Exquisite,,https://www.fragrantica.com/perfume/Dorall-Collection/Damsel-Exquisite-132046.html
49217,Dorall Collection,Damsel Radiant,,https://www.fragrantica.com/perfume/Dorall-Collection/Damsel-Radiant-132044.html
49218,Dorall Collection,DC 4 U,,https://www.fragrantica.com/perfume/Dorall-Collection/DC-4-U-124890.html
49219,Dorall Collection,DC 4 U Exclusive,,https://www.fragrantica.com/perfume/Dorall-Collection/DC-4-U-Exclusive-124891.html
49220,Dorall Collection,DC For Man,,https://www.fragrantica.com/perfume/Dorall-Collection/DC-For-Man-124892.html
49221,Dorall Collection,DC Marine,,https://www.fragrantica.com/perfume/Dorall-Collection/DC-Marine-124598.html
49222,Dorall Collection,DC Marine Noir,,https://www.fragrantica.com/perfume/Dorall-Collection/DC-Marine-Noir-124599.html
49223,Dorall Collection,DC Marine Woods,,https://www.fragrantica.com/perfume/Dorall-Collection/DC-Marine-Woods-124601.html
49224,Dorall Collection,DC One,,https://www.fragrantica.com/perfume/Dorall-Collection/DC-One-125150.html
49225,Dorall Collection,Dionysus,,https://www.fragrantica.com/perfume/Dorall-Collection/Dionysus-124600.html
49226,Dorall Collection,Entice Play,2015,https://www.fragrantica.com/perfume/Dorall-Collection/Entice-Play-129979.html
49227,Dorall Collection,Everscent,,https://www.fragrantica.com/perfume/Dorall-Collection/Everscent-132035.html
49228,Dorall Collection,Exotic Fantasy Island,,https://www.fragrantica.com/perfume/Dorall-Collection/Exotic-Fantasy-Island-132050.html
49229,Dorall Collection,Exotic Vanilla,,https://www.fragrantica.com/perfume/Dorall-Collection/Exotic-Vanilla-132049.html
49230,Dorall Collection,Fluid Intense,,https://www.fragrantica.com/perfume/Dorall-Collection/Fluid-Intense-124733.html
49231,Dorall Collection,Hidden Desire,,https://www.fragrantica.com/perfume/Dorall-Collection/Hidden-Desire-125471.html
49232,Dorall Collection,Hot Damsel,,https://www.fragrantica.com/perfume/Dorall-Collection/Hot-Damsel-132051.html
49233,Dorall Collection,Hunted,,https://www.fragrantica.com/perfume/Dorall-Collection/Hunted-124889.html
49234,Dorall Collection,III,,https://www.fragrantica.com/perfume/Dorall-Collection/III-125728.html
49235,Dorall Collection,Islanders,,https://www.fragrantica.com/perfume/Dorall-Collection/Islanders-125146.html
49236,Dorall Collection,Isle Of Love,,https://www.fragrantica.com/perfume/Dorall-Collection/Isle-Of-Love-132024.html
49237,Dorall Collection,King Lucent,,https://www.fragrantica.com/perfume/Dorall-Collection/King-Lucent-125147.html
49238,Dorall Collection,Lady Dorall,,https://www.fragrantica.com/perfume/Dorall-Collection/Lady-Dorall-125473.html
49239,Dorall Collection,Lancy,,https://www.fragrantica.com/perfume/Dorall-Collection/Lancy-125385.html
49240,Dorall Collection,Lion Heart,,https://www.fragrantica.com/perfume/Dorall-Collection/Lion-Heart-125149.html
49241,Dorall Collection,Love You Like Crazy,,https://www.fragrantica.com/perfume/Dorall-Collection/Love-You-Like-Crazy-132047.html
49242,Dorall Collection,Miss Blossom,,https://www.fragrantica.com/perfume/Dorall-Collection/Miss-Blossom-125731.html
49243,Dorall Collection,Miss Fine,,https://www.fragrantica.com/perfume/Dorall-Collection/Miss-Fine-132053.html
49244,Dorall Collection,Miss Fine Red Hot,,https://www.fragrantica.com/perfume/Dorall-Collection/Miss-Fine-Red-Hot-132054.html
49245,Dorall Collection,Monte Carlo Musky Rose,,https://www.fragrantica.com/perfume/Dorall-Collection/Monte-Carlo-Musky-Rose-132055.html
49246,Dorall Collection,Monte Carlo Oud,,https://www.fragrantica.com/perfume/Dorall-Collection/Monte-Carlo-Oud-125159.html
49247,Dorall Collection,My Core,,https://www.fragrantica.com/perfume/Dorall-Collection/My-Core-124727.html
49248,Dorall Collection,Mystique Charm,,https://www.fragrantica.com/perfume/Dorall-Collection/Mystique-Charm-132020.html
49249,Dorall Collection,Offender,,https://www.fragrantica.com/perfume/Dorall-Collection/Offender-124724.html
49250,Dorall Collection,Pink Hearts,,https://www.fragrantica.com/perfume/Dorall-Collection/Pink-Hearts-125185.html
49251,Dorall Collection,Radiant Pink,,https://www.fragrantica.com/perfume/Dorall-Collection/Radiant-Pink-125470.html
49252,Dorall Collection,Red Bloom Cherry Blossom,,https://www.fragrantica.com/perfume/Dorall-Collection/Red-Bloom-Cherry-Blossom-132033.html
49253,Dorall Collection,Saraqael,,https://www.fragrantica.com/perfume/Dorall-Collection/Saraqael-124899.html
49254,Dorall Collection,Scarlet Rouge,,https://www.fragrantica.com/perfume/Dorall-Collection/Scarlet-Rouge-132048.html
49255,Dorall Collection,Silver Secret,,https://www.fragrantica.com/perfume/Dorall-Collection/Silver-Secret-125148.html
49256,Dorall Collection,Supernal,,https://www.fragrantica.com/perfume/Dorall-Collection/Supernal-132057.html
49257,Dorall Collection,Sweet Secrets,,https://www.fragrantica.com/perfume/Dorall-Collection/Sweet-Secrets-125727.html
49258,Dorall Collection,Twilight Wildrness,,https://www.fragrantica.com/perfume/Dorall-Collection/Twilight-Wildrness-124888.html
49259,Dorall Collection,Ultimate Desire,,https://www.fragrantica.com/perfume/Dorall-Collection/Ultimate-Desire-125469.html
49260,Dorall Collection,V,,https://www.fragrantica.com/perfume/Dorall-Collection/V-124751.html
49261,Dorall Collection,VI,,https://www.fragrantica.com/perfume/Dorall-Collection/VI-125730.html
49262,Dorall Collection,VII,,https://www.fragrantica.com/perfume/Dorall-Collection/VII-124735.html
49263,Dorall Collection,Ville De L'Amour,,https://www.fragrantica.com/perfume/Dorall-Collection/Ville-De-L-Amour-125461.html
49264,Dorall Collection,Vintage Garden,,https://www.fragrantica.com/perfume/Dorall-Collection/Vintage-Garden-132056.html
49265,Dorall Collection,Wild Hunter,,https://www.fragrantica.com/perfume/Dorall-Collection/Wild-Hunter-125145.html
49266,Dorall Collection,XI,,https://www.fragrantica.com/perfume/Dorall-Collection/XI-124743.html
49267,Dorall Collection,XV,,https://www.fragrantica.com/perfume/Dorall-Collection/XV-125729.html
49268,Dorian Antuna Parfum,Kumbala,2026,https://www.fragrantica.com/perfume/Dorian-Antuna-Parfum/Kumbala-130524.html
49269,Dorin,Abeyan,2017,https://www.fragrantica.com/perfume/Dorin/Abeyan-49224.html
49270,Dorin,Bureau du Roi,2017,https://www.fragrantica.com/perfume/Dorin/Bureau-du-Roi-44448.html
49271,Dorin,Candle Light,1998,https://www.fragrantica.com/perfume/Dorin/Candle-Light-52546.html
49272,Dorin,Candle Light Femme,,https://www.parfumo.com/Perfumes/Dorin/Candle_Light
49273,Dorin,Candle Light Homme,2001,https://www.parfumo.com/Perfumes/Dorin/Candle_Light_for_Men
49274,Dorin,Carnet De Bal,2023,https://www.fragrantica.com/perfume/Dorin/Carnet-De-Bal-80729.html
49275,Dorin,Charmeuse,2012,https://www.fragrantica.com/perfume/Dorin/Charmeuse-17057.html
49276,Dorin,Cloches de Mai,,https://www.parfumo.com/Perfumes/Dorin/Cloches_de_Mai
49277,Dorin,Cloches de Mai Eau Poudree,2016,https://www.fragrantica.com/perfume/Dorin/Cloches-de-Mai-Eau-Poudree-37140.html
49278,Dorin,Cosmic Art,2024,https://www.fragrantica.com/perfume/Dorin/Cosmic-Art-98118.html
49279,Dorin,Dorin D'Or Ambre,,https://www.fragrantica.com/perfume/Dorin/Dorin-D-Or-Ambre-44481.html
49280,Dorin,Dorin D'Or Classique,,https://www.fragrantica.com/perfume/Dorin/Dorin-D-Or-Classique-44468.html
49281,Dorin,Dorin D'Or Floral (Parfum),,https://www.fragrantica.com/perfume/Dorin/Dorin-D-Or-Floral-44471.html
49282,Dorin,Dorin D'Or Fruity,,https://www.fragrantica.com/perfume/Dorin/Dorin-D-Or-Fruity-44472.html
49283,Dorin,Dorin D'Or Fullah (Parfum),,https://www.fragrantica.com/perfume/Dorin/Dorin-D-Or-Fullah-44483.html
49284,Dorin,Dorin D'Or Jasmin (Parfum),,https://www.fragrantica.com/perfume/Dorin/Dorin-D-Or-Jasmin-44485.html
49285,Dorin,Dorin D'Or Musc,,https://www.fragrantica.com/perfume/Dorin/Dorin-D-Or-Musc-44480.html
49286,Dorin,Dorin D'Or Oud (Parfum),,https://www.fragrantica.com/perfume/Dorin/Dorin-D-Or-Oud-44479.html
49287,Dorin,Dorin D'Or Pour Madame,,https://www.fragrantica.com/perfume/Dorin/Dorin-D-Or-Pour-Madame-44467.html
49288,Dorin,Dorin d'Or pour Monsieur Dorin 1865 Parfum,1865,https://www.parfumo.com/Perfumes/Dorin/dorin-d-or-pour-monsieur
49289,Dorin,Dorin D'Or Pour Monsieur (Parfum),,https://www.fragrantica.com/perfume/Dorin/Dorin-D-Or-Pour-Monsieur-44475.html
49290,Dorin,Dorin D'Or Rose de Damas,,https://www.fragrantica.com/perfume/Dorin/Dorin-D-Or-Rose-de-Damas-44486.html
49291,Dorin,Dorin D'Or Rose de Taif (Parfum),,https://www.fragrantica.com/perfume/Dorin/Dorin-D-Or-Rose-de-Taif-44476.html
49292,Dorin,Dorin D'Or Spicy (Parfum),,https://www.fragrantica.com/perfume/Dorin/Dorin-D-Or-Spicy-44473.html
49293,Dorin,Dorin D'Or Tubereuse,,https://www.fragrantica.com/perfume/Dorin/Dorin-D-Or-Tubereuse-44484.html
49294,Dorin,Dorina,2015,https://www.fragrantica.com/perfume/Dorin/Dorina-29806.html
49295,Dorin,Fauvisme,2024,https://www.fragrantica.com/perfume/Dorin/Fauvisme-98115.html
49296,Dorin,Figue Divine,1984,https://www.parfumo.com/Perfumes/Dorin/Figue_Divine
49297,Dorin,Figue Sublime & Figue Divine,2017,https://www.fragrantica.com/perfume/Dorin/Figue-Sublime-Figue-Divine-44447.html
49298,Dorin,Gardenia Garden Eau Poudree,2017,https://www.fragrantica.com/perfume/Dorin/Gardenia-Garden-Eau-Poudree-44411.html
49299,Dorin,Haddian,2017,https://www.fragrantica.com/perfume/Dorin/Haddian-49225.html
49300,Dorin,Hamdani,2017,https://www.fragrantica.com/perfume/Dorin/Hamdani-49228.html
49301,Dorin,Koheilan,2017,https://www.fragrantica.com/perfume/Dorin/Koheilan-49226.html
49302,Dorin,La Tour Dorin,2021,https://www.fragrantica.com/perfume/Dorin/La-Tour-Dorin-74876.html
49303,Dorin,Le Budoir Turc,2017,https://www.fragrantica.com/perfume/Dorin/Le-Budoir-Turc-44446.html
49304,Dorin,Les Jardins du Chateau,2017,https://www.fragrantica.com/perfume/Dorin/Les-Jardins-du-Chateau-44449.html
49305,Dorin,Lys d'Or Eau Poudree,2017,https://www.fragrantica.com/perfume/Dorin/Lys-d-Or-Eau-Poudree-44414.html
49306,Dorin,Passionnee,2012,https://www.fragrantica.com/perfume/Dorin/Passionnee-17056.html
49307,Dorin,Pays des Lilas,2019,https://www.fragrantica.com/perfume/Dorin/Pays-des-Lilas-56032.html
49308,Dorin,Petales de Camelia Eau Poudree,2017,https://www.fragrantica.com/perfume/Dorin/Petales-de-Camelia-Eau-Poudree-44413.html
49309,Dorin,Romantique,2012,https://www.fragrantica.com/perfume/Dorin/Romantique-17055.html
49310,Dorin,Romantisme,2024,https://www.fragrantica.com/perfume/Dorin/Romantisme-98110.html
49311,Dorin,Rose des Bois Eau Poudree,2017,https://www.fragrantica.com/perfume/Dorin/Rose-des-Bois-Eau-Poudree-44412.html
49312,Dorin,Roses des Vents Est,,https://www.fragrantica.com/perfume/Dorin/Roses-des-Vents-Est-10468.html
49313,Dorin,Roses des Vents Nord,,https://www.fragrantica.com/perfume/Dorin/Roses-des-Vents-Nord-10466.html
49314,Dorin,Roses des Vents Ouest,,https://www.fragrantica.com/perfume/Dorin/Roses-des-Vents-Ouest-10467.html
49315,Dorin,Roses des Vents Sud,,https://www.fragrantica.com/perfume/Dorin/Roses-des-Vents-Sud-10465.html
49316,Dorin,Saklawi,2017,https://www.fragrantica.com/perfume/Dorin/Saklawi-49227.html
49317,Dorin,Surréalisme,2024,https://www.fragrantica.com/perfume/Dorin/Surrealisme-98114.html
49318,Dorin,The Private Collection No 1,2013,https://www.fragrantica.com/perfume/Dorin/The-Private-Collection-No-1-27542.html
49319,Dorin,The Private Collection No 10,2014,https://www.fragrantica.com/perfume/Dorin/The-Private-Collection-No-10-27548.html
49320,Dorin,The Private Collection No 2,2013,https://www.fragrantica.com/perfume/Dorin/The-Private-Collection-No-2-27543.html
49321,Dorin,The Private Collection No 3,2013,https://www.fragrantica.com/perfume/Dorin/The-Private-Collection-No-3-27544.html
49322,Dorin,The Private Collection No 4,2013,https://www.fragrantica.com/perfume/Dorin/The-Private-Collection-No-4-27545.html
49323,Dorin,The Private Collection No 5,2014,https://www.fragrantica.com/perfume/Dorin/The-Private-Collection-No-5-27546.html
49324,Dorin,The Private Collection No 7,2014,https://www.fragrantica.com/perfume/Dorin/The-Private-Collection-No-7-27547.html
49325,Dorin,Un Air d'Amour Pour Madame,2010,https://www.fragrantica.com/perfume/Dorin/Un-Air-d-Amour-Pour-Madame-10586.html
49326,Dorin,Un Air d'Amour Pour Monsieur,2010,https://www.fragrantica.com/perfume/Dorin/Un-Air-d-Amour-Pour-Monsieur-10587.html
49327,Dorin,Un Air d’Arabie Amber,2010,https://www.fragrantica.com/perfume/Dorin/Un-Air-d-Arabie-Amber-10335.html
49328,Dorin,Un Air d’Arabie Musk,2010,https://www.fragrantica.com/perfume/Dorin/Un-Air-d-Arabie-Musk-10334.html
49329,Dorin,Un Air d’Arabie Oud,2010,https://www.fragrantica.com/perfume/Dorin/Un-Air-d-Arabie-Oud-10336.html
49330,Dorin,Un Air d’Arabie Rose of Taif,2010,https://www.fragrantica.com/perfume/Dorin/Un-Air-d-Arabie-Rose-of-Taif-10333.html
49331,Dorin,Un Air de Damas Fullah,2008,https://www.fragrantica.com/perfume/Dorin/Un-Air-de-Damas-Fullah-5074.html
49332,Dorin,Un Air de Damas Jasmine,2008,https://www.fragrantica.com/perfume/Dorin/Un-Air-de-Damas-Jasmine-5073.html
49333,Dorin,Un Air de Damas Rose,2008,https://www.fragrantica.com/perfume/Dorin/Un-Air-de-Damas-Rose-5072.html
49334,Dorin,Un Air de Damas Tubereuse,2008,https://www.fragrantica.com/perfume/Dorin/Un-Air-de-Damas-Tubereuse-5075.html
49335,Dorin,Un Air de Paris,1886,https://www.fragrantica.com/perfume/Dorin/Un-Air-de-Paris-5070.html
49336,Dorin,Un Air de Paris Floral,,https://www.fragrantica.com/perfume/Dorin/Un-Air-de-Paris-Floral-5215.html
49337,Dorin,Un Air de Paris Fruity,2011,https://www.fragrantica.com/perfume/Dorin/Un-Air-de-Paris-Fruity-5216.html
49338,Dorin,Un Air de Paris Spicy,2011,https://www.fragrantica.com/perfume/Dorin/Un-Air-de-Paris-Spicy-5217.html
49339,Dorin,Versailles 1780,2017,https://www.fragrantica.com/perfume/Dorin/Versailles-1780-44450.html
49340,Dorissima,Goldmund,2003,https://www.fragrantica.com/perfume/Dorissima/Goldmund-6129.html
49341,Dorissima,Narziß (Narziss),,https://www.fragrantica.com/perfume/Dorissima/Narziss-Narziss-6128.html
49342,Dorothy Gray,Aureate,2006,https://www.parfumo.com/Perfumes/Dorothy_Gray/Aureate
49343,Dorothy Gray,Contraband - Hot Weather Cologne (Eau de Cologne),,https://www.parfumo.com/Perfumes/Dorothy_Gray/Contraband_Hot_Weather_Cologne
49344,Dorothy Gray,Daredevil,2002,https://www.parfumo.com/Perfumes/Dorothy_Gray/Daredevil
49345,Dorothy Gray,Dee Gee,,https://www.parfumo.com/Perfumes/Dorothy_Gray/Dee_Gee
49346,Dorothy Gray,Floral Fantasy - Hot Weather Cologne (Eau de Cologne),2007,https://www.parfumo.com/Perfumes/Dorothy_Gray/Floral_Fantasy_Hot_Weather_Cologne
49347,Dorothy Gray,Golden Orchid Dorothy Gray 2010 Perfume (Parfum),2010,https://www.parfumo.com/Perfumes/Dorothy_Gray/Golden_Orchid_Perfume
49348,Dorothy Gray,Golden Orchid Perfume and Lipstick Case,1998,https://www.parfumo.com/Perfumes/Dorothy_Gray/Golden_Orchid_Perfume_and_Lipstick_Case
49349,Dorothy Gray,In the Pink,1998,https://www.parfumo.com/Perfumes/Dorothy_Gray/In_the_Pink
49350,Dorothy Gray,Indigo Dorothy Gray 2007 Essence,2007,https://www.parfumo.com/Perfumes/Dorothy_Gray/Indigo_Essence
49351,Dorothy Gray,Indigo Dorothy Gray Perfume (Parfum),,https://www.parfumo.com/Perfumes/Dorothy_Gray/Indigo_Perfume
49352,Dorothy Gray,Jasmine Bouquet - Hot Weather Cologne (Eau de Cologne),,https://www.parfumo.com/Perfumes/Dorothy_Gray/Jasmine_Bouquet_Hot_Weather_Cologne
49353,Dorothy Gray,June Bouquet - Hot Weather Cologne (Eau de Cologne),,https://www.parfumo.com/Perfumes/Dorothy_Gray/June_Bouquet_Hot_Weather_Cologne
49354,Dos Mundos,Cariño,2026,https://www.fragrantica.com/perfume/Dos-Mundos/Carino-127444.html
49355,Dos Mundos,Mérida Nights,,https://www.fragrantica.com/perfume/Dos-Mundos/Merida-Nights-127442.html
49356,Dos Mundos,Saoco Jazz,,https://www.fragrantica.com/perfume/Dos-Mundos/Saoco-Jazz-127443.html
49357,dosigoh,01. Muted Waves,2024,https://www.fragrantica.com/perfume/dosigoh/01-Muted-Waves-109226.html
49358,dosigoh,01. Muted Waves - 2026,2026,https://www.fragrantica.com/perfume/dosigoh/01-Muted-Waves-2026-126870.html
49359,dosigoh,02. Rabbit Hole,2024,https://www.fragrantica.com/perfume/dosigoh/02-Rabbit-Hole-109227.html
49360,dosigoh,02. Rabbit Hole - 2026,2026,https://www.fragrantica.com/perfume/dosigoh/02-Rabbit-Hole-2026-126871.html
49361,dosigoh,03. Oasis Slip,2024,https://www.fragrantica.com/perfume/dosigoh/03-Oasis-Slip-109228.html
49362,dosigoh,03. Oasis Slip - 2026,2026,https://www.fragrantica.com/perfume/dosigoh/03-Oasis-Slip-2026-126872.html
49363,dosigoh,04. A Thousand Miles,2025,https://www.fragrantica.com/perfume/dosigoh/04-A-Thousand-Miles-114312.html
49364,dosigoh,05. Ink Wind,2025,https://www.fragrantica.com/perfume/dosigoh/05-Ink-Wind-114313.html
49365,dosigoh,06. Sesame Shower,2025,https://www.fragrantica.com/perfume/dosigoh/06-Sesame-Shower-114314.html
49366,dosigoh,07. Omija,2026,https://www.fragrantica.com/perfume/dosigoh/07-Omija-124945.html
49367,dosigoh,08. Cinnamon Punch,2026,https://www.fragrantica.com/perfume/dosigoh/08-Cinnamon-Punch-124946.html
49368,dosigoh,09. Umber,2026,https://www.fragrantica.com/perfume/dosigoh/09-Umber-141414.html
49369,Dosis Fragrances,Dosis de Amor,,https://www.fragrantica.com/perfume/Dosis-Fragrances/Dosis-de-Amor-21925.html
49370,Dosis Fragrances,Dosis de Carino,,https://www.fragrantica.com/perfume/Dosis-Fragrances/Dosis-de-Carino-21927.html
49371,Dosis Fragrances,Dosis De Pasion,,https://www.fragrantica.com/perfume/Dosis-Fragrances/Dosis-De-Pasion-21926.html
49372,Dosis Fragrances,Hombre de Oro,,https://www.fragrantica.com/perfume/Dosis-Fragrances/Hombre-de-Oro-21928.html
49373,Dosis Fragrances,Hombre de Plata,,https://www.fragrantica.com/perfume/Dosis-Fragrances/Hombre-de-Plata-21929.html
49374,Dosis Fragrances,Hombre de Platino,,https://www.fragrantica.com/perfume/Dosis-Fragrances/Hombre-de-Platino-21930.html
49375,Dossage,No 16,2012,https://www.fragrantica.com/perfume/Dossage/No-16-15920.html
49376,Dossage,No 24,2012,https://www.fragrantica.com/perfume/Dossage/No-24-15919.html
49377,Dossage,No 8 For Her,2012,https://www.fragrantica.com/perfume/Dossage/No-8-For-Her-15917.html
49378,Dossage,No 8 For Him,2012,https://www.fragrantica.com/perfume/Dossage/No-8-For-Him-15918.html
49379,Dossier,Airy Linens,,https://www.fragrantica.com/perfume/Dossier/Airy-Linens-130299.html
49380,Dossier,Ambery Caramel,,https://www.fragrantica.com/perfume/Dossier/Ambery-Caramel-142320.html
49381,Dossier,Ambery Cedarwood,2022,https://www.fragrantica.com/perfume/Dossier/Ambery-Cedarwood-73739.html
49382,Dossier,Ambery Cherry,2022,https://www.fragrantica.com/perfume/Dossier/Ambery-Cherry-100673.html
49383,Dossier,Ambery Jasmine,2024,https://www.fragrantica.com/perfume/Dossier/Ambery-Jasmine-100674.html
49384,Dossier,Ambery Lavender,2021,https://www.fragrantica.com/perfume/Dossier/Ambery-Lavender-107348.html
49385,Dossier,Ambery Mint,2022,https://www.fragrantica.com/perfume/Dossier/Ambery-Mint-107349.html
49386,Dossier,Ambery Neroli,,https://www.fragrantica.com/perfume/Dossier/Ambery-Neroli-142312.html
49387,Dossier,Ambery Oakwood,2024,https://www.fragrantica.com/perfume/Dossier/Ambery-Oakwood-97151.html
49388,Dossier,Ambery Peach,2025,https://www.fragrantica.com/perfume/Dossier/Ambery-Peach-130213.html
49389,Dossier,Ambery Rose,,https://www.fragrantica.com/perfume/Dossier/Ambery-Rose-142306.html
49390,Dossier,Ambery Saffron,2024,https://www.fragrantica.com/perfume/Dossier/Ambery-Saffron-99496.html
49391,Dossier,Ambery Sage,,https://www.fragrantica.com/perfume/Dossier/Ambery-Sage-142283.html
49392,Dossier,Ambery Vanilla,2022,https://www.fragrantica.com/perfume/Dossier/Ambery-Vanilla-73737.html
49393,Dossier,Ambery Vetiver,2021,https://www.fragrantica.com/perfume/Dossier/Ambery-Vetiver-111002.html
49394,Dossier,Aquatic Coconut,2022,https://www.fragrantica.com/perfume/Dossier/Aquatic-Coconut-99533.html
49395,Dossier,Aquatic Lime,2023,https://www.fragrantica.com/perfume/Dossier/Aquatic-Lime-107350.html
49396,Dossier,Aquatic Peony,,https://www.fragrantica.com/perfume/Dossier/Aquatic-Peony-142264.html
49397,Dossier,Aquatic Vanilla,2024,https://www.fragrantica.com/perfume/Dossier/Aquatic-Vanilla-93823.html
49398,Dossier,Aromatic Bergamot,,https://www.fragrantica.com/perfume/Dossier/Aromatic-Bergamot-142298.html
49399,Dossier,Aromatic Ginger,2022,https://www.fragrantica.com/perfume/Dossier/Aromatic-Ginger-107351.html
49400,Dossier,Aromatic Pineapple,2021,https://www.fragrantica.com/perfume/Dossier/Aromatic-Pineapple-99209.html
49401,Dossier,Aromatic Sage,2023,https://www.fragrantica.com/perfume/Dossier/Aromatic-Sage-107352.html
49402,Dossier,Aromatic Star Anise,2020,https://www.fragrantica.com/perfume/Dossier/Aromatic-Star-Anise-99211.html
49403,Dossier,Aromatic Watermelon,2021,https://www.fragrantica.com/perfume/Dossier/Aromatic-Watermelon-99210.html
49404,Dossier,Autumn Rendezvous,,https://www.fragrantica.com/perfume/Dossier/Autumn-Rendezvous-142317.html
49405,Dossier,Berry Daydream,,https://www.fragrantica.com/perfume/Dossier/Berry-Daydream-142329.html
49406,Dossier,Better Days,,https://www.fragrantica.com/perfume/Dossier/Better-Days-142316.html
49407,Dossier,Black Shadow,,https://www.fragrantica.com/perfume/Dossier/Black-Shadow-142303.html
49408,Dossier,Blooming For You,,https://www.fragrantica.com/perfume/Dossier/Blooming-For-You-142334.html
49409,Dossier,Blue Breeze,,https://www.fragrantica.com/perfume/Dossier/Blue-Breeze-142310.html
49410,Dossier,Bubbly Spritz & Bitters,,https://www.fragrantica.com/perfume/Dossier/Bubbly-Spritz-Bitters-142293.html
49411,Dossier,Call Me Vanilla,2025,https://www.fragrantica.com/perfume/Dossier/Call-Me-Vanilla-110288.html
49412,Dossier,Caramelized Lavender & Hazelnut,2024,https://www.fragrantica.com/perfume/Dossier/Caramelized-Lavender-Hazelnut-92703.html
49413,Dossier,Chasing the Sun,,https://www.fragrantica.com/perfume/Dossier/Chasing-the-Sun-142300.html
49414,Dossier,Citrus Ginger,2023,https://www.fragrantica.com/perfume/Dossier/Citrus-Ginger-107353.html
49415,Dossier,Citrus Green Apple,,https://www.fragrantica.com/perfume/Dossier/Citrus-Green-Apple-142265.html
49416,Dossier,Citrus Marine,2023,https://www.fragrantica.com/perfume/Dossier/Citrus-Marine-107354.html
49417,Dossier,Citrus Matcha,,https://www.fragrantica.com/perfume/Dossier/Citrus-Matcha-101228.html
49418,Dossier,Citrus Neroli,,https://www.fragrantica.com/perfume/Dossier/Citrus-Neroli-142280.html
49419,Dossier,Citrus Peony,,https://www.fragrantica.com/perfume/Dossier/Citrus-Peony-131953.html
49420,Dossier,Citrus Tea,2022,https://www.fragrantica.com/perfume/Dossier/Citrus-Tea-116426.html
49421,Dossier,Dulce Flor,2026,https://www.fragrantica.com/perfume/Dossier/Dulce-Flor-122465.html
49422,Dossier,Fiery Leather & Rhubarb,,https://www.fragrantica.com/perfume/Dossier/Fiery-Leather-Rhubarb-142287.html
49423,Dossier,Floral Aldehydes,,https://www.fragrantica.com/perfume/Dossier/Floral-Aldehydes-142266.html
49424,Dossier,Floral Berries,2021,https://www.fragrantica.com/perfume/Dossier/Floral-Berries-99558.html
49425,Dossier,Floral Grapefruit,2022,https://www.fragrantica.com/perfume/Dossier/Floral-Grapefruit-103289.html
49426,Dossier,Floral Honeysuckle,2018,https://www.fragrantica.com/perfume/Dossier/Floral-Honeysuckle-73744.html
49427,Dossier,Floral Jasmine,,https://www.fragrantica.com/perfume/Dossier/Floral-Jasmine-142274.html
49428,Dossier,Floral Lavender,,https://www.fragrantica.com/perfume/Dossier/Floral-Lavender-135429.html
49429,Dossier,Floral Marshmallow,2021,https://www.fragrantica.com/perfume/Dossier/Floral-Marshmallow-73743.html
49430,Dossier,Floral Musk,,https://www.fragrantica.com/perfume/Dossier/Floral-Musk-142260.html
49431,Dossier,Floral Pear,,https://www.fragrantica.com/perfume/Dossier/Floral-Pear-142267.html
49432,Dossier,Floral Peony,,https://www.fragrantica.com/perfume/Dossier/Floral-Peony-142268.html
49433,Dossier,Floral Pink Pepper,2021,https://www.fragrantica.com/perfume/Dossier/Floral-Pink-Pepper-102018.html
49434,Dossier,Floral Raspberry,2026,https://www.fragrantica.com/perfume/Dossier/Floral-Raspberry-134881.html
49435,Dossier,Floral Rhubarb,,https://www.fragrantica.com/perfume/Dossier/Floral-Rhubarb-142279.html
49436,Dossier,Floral Rose,,https://www.fragrantica.com/perfume/Dossier/Floral-Rose-142262.html
49437,Dossier,Floral Sandalwood,,https://www.fragrantica.com/perfume/Dossier/Floral-Sandalwood-142285.html
49438,Dossier,Floral Violet,2020,https://www.fragrantica.com/perfume/Dossier/Floral-Violet-90297.html
49439,Dossier,Floral Ylang Ylang,,https://www.fragrantica.com/perfume/Dossier/Floral-Ylang-Ylang-142269.html
49440,Dossier,Fougere Bergamot,2021,https://www.fragrantica.com/perfume/Dossier/Fougere-Bergamot-109181.html
49441,Dossier,Fougere Lavender,2021,https://www.fragrantica.com/perfume/Dossier/Fougere-Lavender-109182.html
49442,Dossier,Fougere Oud,,https://www.fragrantica.com/perfume/Dossier/Fougere-Oud-142270.html
49443,Dossier,Fougere Pink Pepper,2021,https://www.fragrantica.com/perfume/Dossier/Fougere-Pink-Pepper-109183.html
49444,Dossier,Fresh Margarita & Lime,,https://www.fragrantica.com/perfume/Dossier/Fresh-Margarita-Lime-142291.html
49445,Dossier,Fruits of Love,,https://www.fragrantica.com/perfume/Dossier/Fruits-of-Love-142302.html
49446,Dossier,Fruity Almond,2022,https://www.fragrantica.com/perfume/Dossier/Fruity-Almond-73740.html
49447,Dossier,Fruity Brown Sugar,2022,https://www.fragrantica.com/perfume/Dossier/Fruity-Brown-Sugar-73738.html
49448,Dossier,Fruity Gardenia,,https://www.fragrantica.com/perfume/Dossier/Fruity-Gardenia-142294.html
49449,Dossier,Fruity Honey,,https://www.fragrantica.com/perfume/Dossier/Fruity-Honey-142275.html
49450,Dossier,Fruity Jasmine,2020,https://www.fragrantica.com/perfume/Dossier/Fruity-Jasmine-125860.html
49451,Dossier,Fruity Magnolia,,https://www.fragrantica.com/perfume/Dossier/Fruity-Magnolia-142271.html
49452,Dossier,Fruity Neroli,2022,https://www.fragrantica.com/perfume/Dossier/Fruity-Neroli-100935.html
49453,Dossier,Fruity Oakmoss,,https://www.fragrantica.com/perfume/Dossier/Fruity-Oakmoss-142281.html
49454,Dossier,Fruity Orange,,https://www.fragrantica.com/perfume/Dossier/Fruity-Orange-142276.html
49455,Dossier,Fruity Peony,,https://www.fragrantica.com/perfume/Dossier/Fruity-Peony-142299.html
49456,Dossier,Fruity Vanilla,2026,https://www.fragrantica.com/perfume/Dossier/Fruity-Vanilla-125825.html
49457,Dossier,Fruity Violet,,https://www.fragrantica.com/perfume/Dossier/Fruity-Violet-142311.html
49458,Dossier,Ginger & Grapefruit Zing,,https://www.fragrantica.com/perfume/Dossier/Ginger-Grapefruit-Zing-142295.html
49459,Dossier,Golden Rum & Amber,,https://www.fragrantica.com/perfume/Dossier/Golden-Rum-Amber-142290.html
49460,Dossier,Gourmand Orange Blossom,2022,https://www.fragrantica.com/perfume/Dossier/Gourmand-Orange-Blossom-99560.html
49461,Dossier,Gourmand Patchouli,,https://www.fragrantica.com/perfume/Dossier/Gourmand-Patchouli-142272.html
49462,Dossier,Gourmand Strawberry,,https://www.fragrantica.com/perfume/Dossier/Gourmand-Strawberry-142324.html
49463,Dossier,Gourmand Vanilla,2025,https://www.fragrantica.com/perfume/Dossier/Gourmand-Vanilla-116006.html
49464,Dossier,Gourmand White Flowers,2021,https://www.fragrantica.com/perfume/Dossier/Gourmand-White-Flowers-73742.html
49465,Dossier,Green Fig,,https://www.fragrantica.com/perfume/Dossier/Green-Fig-142284.html
49466,Dossier,Green Lush,,https://www.fragrantica.com/perfume/Dossier/Green-Lush-142309.html
49467,Dossier,Green Verbena,2021,https://www.fragrantica.com/perfume/Dossier/Green-Verbena-73745.html
49468,Dossier,It Factor,2025,https://www.fragrantica.com/perfume/Dossier/It-Factor-115965.html
49469,Dossier,Lost Americana,2025,https://www.fragrantica.com/perfume/Dossier/Lost-Americana-118251.html
49470,Dossier,Milky White,2025,https://www.fragrantica.com/perfume/Dossier/Milky-White-112644.html
49471,Dossier,Musky Aldehydes,2022,https://www.fragrantica.com/perfume/Dossier/Musky-Aldehydes-92714.html
49472,Dossier,Musky Buttercream,,https://www.fragrantica.com/perfume/Dossier/Musky-Buttercream-142321.html
49473,Dossier,Musky Gaiac,2021,https://www.fragrantica.com/perfume/Dossier/Musky-Gaiac-73748.html
49474,Dossier,Musky Green Tea,2022,https://www.fragrantica.com/perfume/Dossier/Musky-Green-Tea-101638.html
49475,Dossier,Musky Musk,2010,https://www.fragrantica.com/perfume/Dossier/Musky-Musk-104812.html
49476,Dossier,Musky Oakmoss,2021,https://www.fragrantica.com/perfume/Dossier/Musky-Oakmoss-109185.html
49477,Dossier,Musky Rose,,https://www.fragrantica.com/perfume/Dossier/Musky-Rose-142277.html
49478,Dossier,Musky Sandalwood,,https://www.fragrantica.com/perfume/Dossier/Musky-Sandalwood-142322.html
49479,Dossier,Musky Violet,,https://www.fragrantica.com/perfume/Dossier/Musky-Violet-142313.html
49480,Dossier,Nace De Ti,,https://www.fragrantica.com/perfume/Dossier/Nace-De-Ti-142319.html
49481,Dossier,Neroli Romance,,https://www.fragrantica.com/perfume/Dossier/Neroli-Romance-142297.html
49482,Dossier,Of The Hour,,https://www.fragrantica.com/perfume/Dossier/Of-The-Hour-142318.html
49483,Dossier,Orange Glow,,https://www.fragrantica.com/perfume/Dossier/Orange-Glow-142304.html
49484,Dossier,Orchid and Sandalwood at Dusk,2024,https://www.fragrantica.com/perfume/Dossier/Orchid-and-Sandalwood-at-Dusk-133666.html
49485,Dossier,Oud & Rose on Fire,2023,https://www.fragrantica.com/perfume/Dossier/Oud-Rose-on-Fire-93501.html
49486,Dossier,Pink Blossom,,https://www.fragrantica.com/perfume/Dossier/Pink-Blossom-142308.html
49487,Dossier,Pistachio Swirl,,https://www.fragrantica.com/perfume/Dossier/Pistachio-Swirl-142330.html
49488,Dossier,Powdery Coconut,2022,https://www.fragrantica.com/perfume/Dossier/Powdery-Coconut-100678.html
49489,Dossier,Powdery Hawthorn,,https://www.fragrantica.com/perfume/Dossier/Powdery-Hawthorn-142261.html
49490,Dossier,Powdery Jasmine,,https://www.fragrantica.com/perfume/Dossier/Powdery-Jasmine-142288.html
49491,Dossier,Powdery Orange Flower,2022,https://www.fragrantica.com/perfume/Dossier/Powdery-Orange-Flower-98575.html
49492,Dossier,Powdery Peach,,https://www.fragrantica.com/perfume/Dossier/Powdery-Peach-142289.html
49493,Dossier,Powdery Tobacco,2024,https://www.fragrantica.com/perfume/Dossier/Powdery-Tobacco-109186.html
49494,Dossier,Powdery Vanilla,,https://www.fragrantica.com/perfume/Dossier/Powdery-Vanilla-131741.html
49495,Dossier,Rose & Basil Bliss,,https://www.fragrantica.com/perfume/Dossier/Rose-Basil-Bliss-142296.html
49496,Dossier,Sage & Black Tea Renew,2024,https://www.fragrantica.com/perfume/Dossier/Sage-Black-Tea-Renew-100888.html
49497,Dossier,Slice of Heaven,2024,https://www.fragrantica.com/perfume/Dossier/Slice-of-Heaven-100675.html
49498,Dossier,Smoky Mezcal & Cucumber,,https://www.fragrantica.com/perfume/Dossier/Smoky-Mezcal-Cucumber-142292.html
49499,Dossier,Spicy Mimosa,2022,https://www.fragrantica.com/perfume/Dossier/Spicy-Mimosa-99559.html
49500,Dossier,Spicy Orchid,2025,https://www.fragrantica.com/perfume/Dossier/Spicy-Orchid-109903.html
49501,Dossier,Spicy Star Anise,,https://www.fragrantica.com/perfume/Dossier/Spicy-Star-Anise-142315.html
49502,Dossier,Spicy Vanilla,2023,https://www.fragrantica.com/perfume/Dossier/Spicy-Vanilla-93500.html
49503,Dossier,Spicy Vetiver,,https://www.fragrantica.com/perfume/Dossier/Spicy-Vetiver-142263.html
49504,Dossier,Spring Fling,,https://www.fragrantica.com/perfume/Dossier/Spring-Fling-142307.html
49505,Dossier,Summer Crush,,https://www.fragrantica.com/perfume/Dossier/Summer-Crush-142305.html
49506,Dossier,Sunny Vetiver & Neroli,,https://www.fragrantica.com/perfume/Dossier/Sunny-Vetiver-Neroli-142286.html
49507,Dossier,Vanilla Dreamer,,https://www.fragrantica.com/perfume/Dossier/Vanilla-Dreamer-142325.html
49508,Dossier,Vanilla Flirt,,https://www.fragrantica.com/perfume/Dossier/Vanilla-Flirt-142326.html
49509,Dossier,Vanilla Rebel,,https://www.fragrantica.com/perfume/Dossier/Vanilla-Rebel-142327.html
49510,Dossier,Vanilla Tease,,https://www.fragrantica.com/perfume/Dossier/Vanilla-Tease-142328.html
49511,Dossier,Winter Kiss,2025,https://www.fragrantica.com/perfume/Dossier/Winter-Kiss-118252.html
49512,Dossier,Woody Basil,2022,https://www.fragrantica.com/perfume/Dossier/Woody-Basil-109188.html
49513,Dossier,Woody Chestnut,2021,https://www.fragrantica.com/perfume/Dossier/Woody-Chestnut-109189.html
49514,Dossier,Woody Coriander,2021,https://www.fragrantica.com/perfume/Dossier/Woody-Coriander-109190.html
49515,Dossier,Woody Freesia,,https://www.fragrantica.com/perfume/Dossier/Woody-Freesia-142282.html
49516,Dossier,Woody Geranium,2021,https://www.fragrantica.com/perfume/Dossier/Woody-Geranium-73746.html
49517,Dossier,Woody Ginger,2023,https://www.fragrantica.com/perfume/Dossier/Woody-Ginger-109191.html
49518,Dossier,Woody Green Apple,2021,https://www.fragrantica.com/perfume/Dossier/Woody-Green-Apple-109193.html
49519,Dossier,Woody Green Apple,2023,https://www.fragrantica.com/perfume/Dossier/Woody-Green-Apple-109192.html
49520,Dossier,Woody Hyacinth,,https://www.fragrantica.com/perfume/Dossier/Woody-Hyacinth-142273.html
49521,Dossier,Woody Lychee,,https://www.fragrantica.com/perfume/Dossier/Woody-Lychee-142314.html
49522,Dossier,Woody Raspberry,2022,https://www.fragrantica.com/perfume/Dossier/Woody-Raspberry-103290.html
49523,Dossier,Woody Rum,,https://www.fragrantica.com/perfume/Dossier/Woody-Rum-142278.html
49524,Dossier,Woody Sage,2022,https://www.fragrantica.com/perfume/Dossier/Woody-Sage-99208.html
49525,Dossier,Woody Sandalwood,2021,https://www.fragrantica.com/perfume/Dossier/Woody-Sandalwood-73741.html
49526,Dossier,Woody Tobacco,2022,https://www.fragrantica.com/perfume/Dossier/Woody-Tobacco-109194.html
49527,Dossier,Woody Vanilla,,https://www.fragrantica.com/perfume/Dossier/Woody-Vanilla-142323.html
49528,Dossier,Woody Vetiver,2021,https://www.fragrantica.com/perfume/Dossier/Woody-Vetiver-73747.html
49529,Dossier,Yellow Daze,2020,https://www.fragrantica.com/perfume/Dossier/Yellow-Daze-114410.html
49530,Dossier,Zest for Life,,https://www.fragrantica.com/perfume/Dossier/Zest-for-Life-142301.html
49531,Dotti,Nakinn,2019,https://www.fragrantica.com/perfume/Dotti/Nakinn-56209.html
49532,Dotti,Profusion,2018,https://www.fragrantica.com/perfume/Dotti/Profusion-52227.html
49533,Dotti,Rokk,2019,https://www.fragrantica.com/perfume/Dotti/Rokk-56208.html
49534,Dotti,Vik,2019,https://www.fragrantica.com/perfume/Dotti/Vik-56210.html
49535,DoubleDragon,Concrete To Leather,2023,https://www.fragrantica.com/perfume/DoubleDragon/Concrete-To-Leather-85172.html
49536,DoubleDragon,Demna,2023,https://www.fragrantica.com/perfume/DoubleDragon/Demna-85169.html
49537,DoubleDragon,Raf Man,2023,https://www.fragrantica.com/perfume/DoubleDragon/Raf-Man-85171.html
49538,DoubleDragon,Teen Spirit,2023,https://www.fragrantica.com/perfume/DoubleDragon/Teen-Spirit-85168.html
49539,DoubleDragon,Tubercoleuse,2023,https://www.fragrantica.com/perfume/DoubleDragon/Tubercoleuse-85170.html
49540,DoubleYou,Norvege,2010,https://www.fragrantica.com/perfume/DoubleYou/Norvege-26677.html
49541,DoubleYou,Zanzibar,2010,https://www.fragrantica.com/perfume/DoubleYou/Zanzibar-26678.html
49542,Doucé Parfum,Asian Herbal Tea,2025,https://www.fragrantica.com/perfume/Douce-Parfum/Asian-Herbal-Tea-132777.html
49543,Doucé Parfum,Fleur De Brume (Body Mist),2025,https://www.fragrantica.com/perfume/Douce-Parfum/Fleur-De-Brume-132778.html
49544,DOUCÉ Parfums,Angelism,,https://www.fragrantica.com/perfume/DOUCE-Parfums/Angelism-113407.html
49545,DOUCÉ Parfums,Aphrodite,,https://www.fragrantica.com/perfume/DOUCE-Parfums/Aphrodite-113405.html
49546,DOUCÉ Parfums,Forbidden Sweet,,https://www.fragrantica.com/perfume/DOUCE-Parfums/Forbidden-Sweet-113406.html
49547,DOUCÉ Parfums,Fréquence,,https://www.fragrantica.com/perfume/DOUCE-Parfums/Frequence-113404.html
49548,DOUCÉ Parfums,Gilded Tobac,,https://www.fragrantica.com/perfume/DOUCE-Parfums/Gilded-Tobac-113403.html
49549,DOUCÉ Parfums,Hands of Midas,,https://www.fragrantica.com/perfume/DOUCE-Parfums/Hands-of-Midas-113402.html
49550,Douces Angevines,Anima Souffle d'étoile,,https://www.fragrantica.com/perfume/Douces-Angevines/Anima-Souffle-d-etoile-102216.html
49551,Douces Angevines,IO Ce que je suis,,https://www.fragrantica.com/perfume/Douces-Angevines/IO-Ce-que-je-suis-102213.html
49552,Douces Angevines,L'Amour aux trois Oranges,,https://www.fragrantica.com/perfume/Douces-Angevines/L-Amour-aux-trois-Oranges-102211.html
49553,Douces Angevines,L'Ideale,,https://www.fragrantica.com/perfume/Douces-Angevines/L-Ideale-102214.html
49554,Douces Angevines,L'Instant Précieux,,https://www.fragrantica.com/perfume/Douces-Angevines/L-Instant-Precieux-102215.html
49555,Douces Angevines,Le Coeur du Baobab,,https://www.fragrantica.com/perfume/Douces-Angevines/Le-Coeur-du-Baobab-102212.html
49556,Douglas,A Flower Bouquet,,https://www.parfumo.com/Perfumes/Douglas/A_Flower_Bouquet
49557,Douglas,Bloomy Heaven,2018,https://www.parfumo.com/Perfumes/Douglas/Bloomy_Heaven
49558,Douglas,Celebrate Life,2023,https://www.fragrantica.com/perfume/Douglas/Celebrate-Life-79238.html
49559,Douglas,Cotton,,https://www.parfumo.com/Perfumes/Douglas/Cotton
49560,Douglas,Dancing At Sunset,2024,https://www.fragrantica.com/perfume/Douglas/Dancing-At-Sunset-96776.html
49561,Douglas,Delectable Petal,,https://www.parfumo.com/Perfumes/Douglas/Delectable_Petal
49562,Douglas,Energising Ginger & Lime,2007,https://www.parfumo.com/Perfumes/Douglas/Energising_Ginger__Lime
49563,Douglas,Feel the Love,2024,https://www.fragrantica.com/perfume/Douglas/Feel-the-Love-96779.html
49564,Douglas,Flirting in Eden,2024,https://www.fragrantica.com/perfume/Douglas/Flirting-in-Eden-96777.html
49565,Douglas,Follow Your Dreams,,https://www.fragrantica.com/perfume/Douglas/Follow-Your-Dreams-79241.html
49566,Douglas,Funky Flower,2017,https://www.parfumo.com/Perfumes/Douglas/Funky_Flower
49567,Douglas,Happy Juice,2017,https://www.parfumo.com/Perfumes/Douglas/Happy_Juice
49568,Douglas,Home Spa - Leilani Bliss,2022,https://www.parfumo.com/Perfumes/Douglas/home-spa-leilani-bliss
49569,Douglas,Jazzy Dream,2017,https://www.parfumo.com/Perfumes/Douglas/Jazzy_Dream
49570,Douglas,Kissing Flowers,2024,https://www.fragrantica.com/perfume/Douglas/Kissing-Flowers-96778.html
49571,Douglas,La Résidence Seathalasso Seathalasso Douglas 2012 Eau de Toilette,2012,https://www.parfumo.com/Perfumes/Douglas/la-residence-seathalasso-seathalasso-eau-de-toilette
49572,Douglas,La Résidence Seathalasso Seathalasso Douglas Body Spray,,https://www.parfumo.com/Perfumes/Douglas/la-residence-seathalasso-seathalasso-body-spray
49573,Douglas,Live The Moment,2023,https://www.fragrantica.com/perfume/Douglas/Live-The-Moment-79240.html
49574,Douglas,Sea Thalasso,2012,https://www.fragrantica.com/perfume/Douglas/Sea-Thalasso-31121.html
49575,Douglas,Walk In The Sun,2023,https://www.fragrantica.com/perfume/Douglas/Walk-In-The-Sun-79239.html
49576,Dove,Frosted Plum Berry,2025,https://www.fragrantica.com/perfume/Dove/Frosted-Plum-Berry-118060.html
49577,Dove,Gingerbread Delight,2025,https://www.fragrantica.com/perfume/Dove/Gingerbread-Delight-118058.html
49578,Dove,Go Fresh Cucumber & Green Tea,2010,https://www.fragrantica.com/perfume/Dove/Go-Fresh-Cucumber-Green-Tea-63582.html
49579,Dove,Go Fresh Grapefruit & Lemongrass,2010,https://www.fragrantica.com/perfume/Dove/Go-Fresh-Grapefruit-Lemongrass-63584.html
49580,Dove,Go Fresh Nectarine & White Ginger,2010,https://www.fragrantica.com/perfume/Dove/Go-Fresh-Nectarine-White-Ginger-63581.html
49581,Dove,Go Fresh Plum & Sakura Blossom,2010,https://www.fragrantica.com/perfume/Dove/Go-Fresh-Plum-Sakura-Blossom-63585.html
49582,Dove,Go Fresh Pomegranate & Lemon Verbena,2010,https://www.fragrantica.com/perfume/Dove/Go-Fresh-Pomegranate-Lemon-Verbena-63583.html
49583,Dove,Go Fresh Waterlily & Freshmint,2010,https://www.fragrantica.com/perfume/Dove/Go-Fresh-Waterlily-Freshmint-63580.html
49584,Dove,Sugar Cookie Sprinkle,2025,https://www.fragrantica.com/perfume/Dove/Sugar-Cookie-Sprinkle-118059.html
49585,DPARİS,Açık 212 Sexy (Eau de Parfum),,https://www.trendyol.com/dparis/acik-kadin-parfum-50-ml-212-sexy-p-835908434
49586,DPARİS,Açık Armani Gio (Eau de Parfum),,https://www.trendyol.com/dparis/acik-erkek-parfum-50-ml-armani-gio-p-833116389
49587,DPARİS,Açık Be Delicius (Eau de Parfum),,https://www.trendyol.com/dparis/acik-kadin-parfum-50-ml-be-delicius-p-835907581
49588,DPARİS,Açık Black Opi (Eau de Parfum),,https://www.trendyol.com/dparis/acik-kadin-parfum-50-ml-black-opi-p-840920938
49589,DPARİS,Açık Bos (Eau de Parfum),,https://www.trendyol.com/dparis/acik-erkek-parfum-50-ml-bos-p-840920941
49590,DPARİS,Açık Burbery Classic (Eau de Parfum),,https://www.trendyol.com/dparis/acik-kadin-parfum-50-ml-burbery-classic-p-840921240
49591,DPARİS,Açık Erba Pura (Eau de Parfum),,https://www.trendyol.com/dparis/acik-kadin-parfum-50-ml-erba-pura-p-833115980
49592,DPARİS,Açık Escada Collection (Eau de Parfum),,https://www.trendyol.com/dparis/acik-kadin-parfum-50-ml-escada-collection-p-835910038
49593,DPARİS,Açık Hug (Eau de Parfum),,https://www.trendyol.com/dparis/acik-erkek-parfum-50-ml-hug-p-840921941
49594,DPARİS,Açık Lacoste Pour Home (Eau de Parfum),,https://www.trendyol.com/dparis/acik-kadin-parfum-50-ml-lacoste-pour-home-p-833123453
49595,DPARİS,Açık Lavie Esta Bella (Eau de Parfum),,https://www.trendyol.com/dparis/acik-kadin-parfum-50-ml-lavie-esta-bella-p-833116699
49596,DPARİS,Açık Love Me (Eau de Parfum),,https://www.trendyol.com/dparis/acik-kadin-parfum-50-ml-love-me-p-835900946
49597,DPARİS,Açık Mircle (Eau de Parfum),,https://www.trendyol.com/dparis/acik-kadin-parfum-50-ml-mircle-p-841239993
49598,DPARİS,Açık Narcotik Fleur (Eau de Parfum),,https://www.trendyol.com/dparis/acik-erkek-parfum-50-ml-narcotik-fleur-p-835902709
49599,DPARİS,Açık Paris Hilton (Eau de Parfum),,https://www.trendyol.com/dparis/acik-kadin-parfum-50-ml-paris-hilton-p-833116379
49600,DPARİS,Açık Sexy Little Things (Eau de Parfum),,https://www.trendyol.com/dparis/acik-kadin-parfum-50-ml-sexy-little-things-p-835907452
49601,DPARİS,Açık Zar Gold (Eau de Parfum),,https://www.trendyol.com/dparis/acik-erkek-parfum-50-ml-zar-gold-p-840920471
49602,DPARİS,Arabian Tonka Şık Açık (Eau de Parfum),,https://www.trendyol.com/dparis/arabian-tonka-sik-kalici-acik-parfum-erkek-50-ml-p-1028234657
49603,DPARİS,Arman With You Strong Şık Açık (Eau de Parfum),,https://www.trendyol.com/dparis/arman-with-you-strong-sik-kalici-acik-parfum-erkek-50-ml-p-1028212630
49604,DPARİS,B 08 KOKU VİCTORİA SECRET (Eau de Parfum),,https://www.trendyol.com/dparis/b-08-kalici-koku-victoria-secret-50ml-edp-parfum-p-1131825072
49605,DPARİS,B 12 KOKU BACCARAT (Eau de Parfum),,https://www.trendyol.com/dparis/b-12-kalici-koku-baccarat-50ml-edp-parfum-p-1131829822
49606,DPARİS,B 22 KOKU PARİS HİLTON DOLDURULABİLİR KALEM HEDİYELİ (Eau de Parfum),,https://www.trendyol.com/dparis/b-22-kalici-koku-paris-hilton-50ml-edp-parfum-doldurulabilir-kalem-parfum-hediyeli-p-1160876767
49607,DPARİS,B 36 KOKU ARMAN I SI ESANS DOLDURULABİLİR KALEM HEDİYELİ (Eau de Parfum),,https://www.trendyol.com/dparis/b-36-kalici-koku-arman-i-si-esans-50ml-edp-parfum-doldurulabilir-kalem-parfum-hediyeli-p-1160880913
49608,DPARİS,B 62 KOKU BLACK ORCID (Eau de Parfum),,https://www.trendyol.com/dparis/b-62-kalici-koku-black-orcid-50ml-edp-parfum-p-1131825116
49609,DPARİS,B 68 KOKU 212 SEXY ESANS DOLDURULABİLİR KALEM HEDİYELİ (Eau de Parfum),,https://www.trendyol.com/dparis/b-68-kalici-koku-212-sexy-esans-50ml-edp-parfum-doldurulabilir-kalem-parfum-hediyeli-p-1160887485
49610,DPARİS,Baharatlı Edp 50 ml Erkek Parfüm UPE23PRFMERK18,,https://www.trendyol.com/dparis/baharatli-edp-50-ml-erkek-parfum-upe23prfmerk18-p-833116541
49611,DPARİS,Bombshell Şık Zarif Açık (Eau de Parfum),,https://www.trendyol.com/dparis/bombshell-sik-zarif-kalici-acik-parfum-kadin-50-ml-p-1028017746
49612,DPARİS,E 21 KOKU VES ACE EROS DOLDURULABİLİR KALEM HEDİYELİ (Eau de Parfum),,https://www.trendyol.com/dparis/e-21-kalici-koku-ves-ace-eros-50ml-edp-erkek-parfum-doldurulabilir-kalem-parfum-hediyeli-p-1160071691
49613,DPARİS,E 22 KOKU INVICTUS ESANS DOLDURULABİLİR KALEM HEDİYELİ (Eau de Parfum),,https://www.trendyol.com/dparis/e-22-kalici-koku-invictus-esans-50ml-edp-erkek-parfum-doldurulabilir-kalem-parfum-hediyeli-p-1160803370
49614,DPARİS,E 24 KOKU HACVAT NISHAN E DOLDURULABİLİR KALEM HEDİYELİ (Eau de Parfum),,https://www.trendyol.com/dparis/e-24-kalici-koku-hacvat-nishan-e-50ml-edp-erkek-parfum-doldurulabilir-kalem-parfum-hediyeli-p-1160871565
49615,DPARİS,E 33 KOKU TERRE D' HERM ES ANS DOLDURULABİLİR KALEM HEDİYELİ (Eau de Parfum),,https://www.trendyol.com/dparis/e-33-kalici-koku-terre-d-herm-es-ans-50ml-edp-erkek-parfum-doldurulabilir-kalem-parfum-hediyeli-p-1160107236
49616,DPARİS,E 39 KOKU ARABIANS TONKA ESANS DOLDURULABİLİR KALEM HEDİYELİ (Eau de Parfum),,https://www.trendyol.com/dparis/e-39-kalici-koku-arabians-tonka-esans-50ml-edp-erkek-parfum-doldurulabilir-kalem-parfum-hediyeli-p-1160875374
49617,DPARİS,E 45 KOKU KİRKE (Eau de Parfum),,https://www.trendyol.com/dparis/e-45-kalici-koku-kirke-50ml-edp-erkek-parfum-p-1131820460
49618,DPARİS,E 52 KOKU BLACK ORCID (Eau de Parfum),,https://www.trendyol.com/dparis/e-52-kalici-koku-black-orcid-50ml-edp-erkek-parfum-p-1131820513
49619,DPARİS,E 55 KOKU BOSSESANS DOLDURULABİLİR KALEM HEDİYELİ (Eau de Parfum),,https://www.trendyol.com/dparis/e-55-kalici-koku-bossesans-50ml-edp-erkek-parfum-doldurulabilir-kalem-parfum-hediyeli-p-1161167997
49620,DPARİS,E 59 KOKU NARCOTIQUE (Eau de Parfum),,https://www.trendyol.com/dparis/e-59-kalici-koku-narcotique-50ml-edp-erkek-parfum-p-1131820314
49621,DPARİS,E 62 KOKU 212 SEX Y ESANS DOLDURULABİLİR KALEM HEDİYELİ (Eau de Parfum),,https://www.trendyol.com/dparis/e-62-kalici-koku-212-sex-y-man-esans-50ml-edp-erkek-parfum-doldurulabilir-kalem-parfum-hediyeli-p-1160873629
49622,DPARİS,E 72 KOKU SAUVAGE EL İXİR ESANS DOLDURULABİLİR KALEM HEDİYELİ (Eau de Parfum),,https://www.trendyol.com/dparis/e-72-kalici-koku-sauvage-el-ixir-esans-50ml-edp-erkek-parfum-doldurulabilir-kalem-parfum-hediyeli-p-1160874681
49623,DPARİS,E 85 KOKU ONE MILLION ESANS DOLDURULABİLİR KALEM HEDİYELİ (Eau de Parfum),,https://www.trendyol.com/dparis/e-85-kalici-koku-one-million-esans-50ml-edp-erkek-parfum-doldurulabilir-kalem-parfum-hediyeli-p-1160862428
49624,DPARİS,E 88 KOKU DAVİT WALKER (Eau de Parfum),,https://www.trendyol.com/dparis/e-88-kalici-koku-davit-walker-50ml-edp-erkek-parfum-p-1131820271
49625,DPARİS,E 92 Açık (Eau de Parfum),,https://www.trendyol.com/dparis/e-92-edp-50-ml-acik-erkek-parfum-p-833116039
49626,DPARİS,E 99 KOKU BACCARAT (Eau de Parfum),,https://www.trendyol.com/dparis/e-99-kalici-koku-baccarat-50ml-edp-erkek-parfum-p-1131820475
49627,DPARİS,Kadın Parfüm 50 ml EDP,,https://www.trendyol.com/dparis/kadin-parfum-50-ml-edp-p-833116152
49628,DPARİS,Libr Şık Zarif Açık (Eau de Parfum),,https://www.trendyol.com/dparis/libr-sik-zarif-kalici-acik-parfum-kadin-50-ml-p-1028190839
49629,DPARİS,Midnight Fantasy (Eau de Parfum),,https://www.trendyol.com/dparis/midnight-fantasy-kadin-parfum-50-ml-p-835906002
49630,DPARİS,Naxos Şık Açık (Eau de Parfum),,https://www.trendyol.com/dparis/naxos-sik-kalici-acik-parfum-erkek-50-ml-p-1028214886
49631,DPARİS,Nishan Ani Şık Açık (Eau de Parfum),,https://www.trendyol.com/dparis/nishan-ani-sik-kalici-acik-parfum-erkek-50-ml-p-1028278312
49632,DPARİS,Scandal Şık Zarif Açık (Eau de Parfum),,https://www.trendyol.com/dparis/scandal-sik-zarif-kalici-acik-parfum-kadin-50-ml-p-1028016908
49633,DPARİS,Silver 50 ml (Eau de Parfum),,https://www.trendyol.com/dparis/silver-edp-50-ml-erkek-parfum-upe23prfmerk33-p-833529065
49634,Dr. Grandel,Grandios Mia,2021,https://www.fragrantica.com/perfume/Dr-Grandel/Grandios-Mia-66348.html
49635,Dr. Grandel,Sommertraum,2011,https://www.fragrantica.com/perfume/Dr-Grandel/Sommertraum-11659.html
49636,Dr. Grandel,Sunny,2012,https://www.fragrantica.com/perfume/Dr-Grandel/Sunny-15267.html
49637,Dr. Jon's,Anne Bonny Dr. Jon's 2007 Eau de Toilette,2007,https://www.parfumo.com/Perfumes/Dr_Jons/Anne_Bonny_Eau_de_Toilette
49638,Dr. Jon's,Black Label Aftershave Tonic (After Shave),,https://www.parfumo.com/Perfumes/Dr_Jons/Black_Label_Aftershave_Tonic
49639,Dr. Jon's,Dr. Jon's Aftershave Tonic,,https://www.parfumo.com/Perfumes/Dr_Jons/13_Aftershave_Tonic
49640,Dr. Jon's,Dr. Jon's Eau de Toilette,,https://www.parfumo.com/Perfumes/Dr_Jons/13_Eau_de_Toilette
49641,Dr. Jon's,East and 51St,,https://www.parfumo.com/Perfumes/Dr_Jons/53_East_and_51St
49642,Dr. Jon's,Essentials - Clary Sage & Sweet Birch,,https://www.parfumo.com/Perfumes/Dr_Jons/Essentials__Clary_Sage__Sweet_Birch
49643,Dr. Jon's,Essentials - Eucalyptus & Spearmint,,https://www.parfumo.com/Perfumes/Dr_Jons/Essentials__Eucalyptus__Spearmint
49644,Dr Nicholas Perricone,Neuropeptide Synergy,2008,https://www.fragrantica.com/perfume/Dr-Nicholas-Perricone/Neuropeptide-Synergy-4752.html
49645,Dr. Selby,Abracadabra Pirata,,https://www.parfumo.com/Perfumes/Dr_Selby/Abracadabra_Pirata
49646,Dr. Selby,After Shaving Cologne (Eau de Cologne),,https://www.parfumo.com/Perfumes/Dr_Selby/After_Shaving_Cologne
49647,Dr. Selby,Aqua di Mare - Aqua 2,,https://www.parfumo.com/Perfumes/Dr_Selby/Aqua_di_Mare__Aqua_2
49648,Dr. Selby,Body Touch Luna,,https://www.parfumo.com/Perfumes/Dr_Selby/Body_Touch_Luna
49649,Dr. Selby,Body Touch Pinky,,https://www.parfumo.com/Perfumes/Dr_Selby/Body_Touch_Pinky
49650,Dr. Selby,Bonjour Chérie,,https://www.parfumo.com/Perfumes/Dr_Selby/Bonjour_Cherie
49651,Dr. Selby,Cheek to Cheek,,https://www.parfumo.com/Perfumes/Dr_Selby/Cheek_to_Cheek
49652,Dr. Selby,Cheek to Cheek In Bloom,,https://www.parfumo.com/Perfumes/Dr_Selby/Cheek_to_Cheek_In_Bloom
49653,Dr. Squatch,Fireside Bourbon Cologne (Eau de Cologne),2023,https://www.fragrantica.com/perfume/Dr-Squatch/Fireside-Bourbon-Cologne-84495.html
49654,Dr. Squatch,Glacial Falls Cologne (Eau de Cologne),2023,https://www.fragrantica.com/perfume/Dr-Squatch/Glacial-Falls-Cologne-84497.html
49655,Dr. Squatch,Midnight Birch,,https://www.fragrantica.com/perfume/Dr-Squatch/Midnight-Birch-125437.html
49656,Dr. Squatch,Woodland Pine Cologne (Eau de Cologne),2023,https://www.fragrantica.com/perfume/Dr-Squatch/Woodland-Pine-Cologne-84496.html
49657,Dr. Taffi,Acqua di Bolgheri,,https://www.fragrantica.com/perfume/Dr-Taffi/Acqua-di-Bolgheri-16837.html
49658,Dr. Taffi,Acqua di Bolgheri - Bacche di Vinum,,https://www.parfumo.com/Perfumes/Dr_Taffi/Acqua_di_Bolgheri__Bacche_di_Vinum
49659,Dr. Taffi,Acqua di Bolgheri - Corallo,,https://www.parfumo.com/Perfumes/Dr_Taffi/Acqua_di_Bolgheri_Corallo
49660,Dr. Taffi,Acqua di Bolgheri - Fresco,,https://www.parfumo.com/Perfumes/Dr_Taffi/Acqua_di_Bolgheri_Fresco
49661,Dr. Taffi,Acqua di Bolgheri - Gelsomino Toscano,,https://www.parfumo.com/Perfumes/Dr_Taffi/acqua-di-bolgheri-gelsomino-toscano
49662,Dr. Taffi,Acqua di Bolgheri - Gold,2007,https://www.parfumo.com/Perfumes/Dr_Taffi/Acqua_di_Bolgheri_Gold
49663,Dr. Taffi,Acqua di Bolgheri - Indaco,2007,https://www.parfumo.com/Perfumes/Dr_Taffi/Acqua_di_Bolgheri_Indaco
49664,Dr. Taffi,Acqua di Bolgheri - La Camelia,,https://www.parfumo.com/Perfumes/Dr_Taffi/acqua-di-bolgheri-la-camelia
49665,Dr. Taffi,Acqua di Bolgheri - Maestrale,2001,https://www.parfumo.com/Perfumes/Dr_Taffi/Acqua_di_Bolgheri__Maestrale
49666,Dr. Taffi,Acqua di Bolgheri - Maestrale Intenso,2007,https://www.parfumo.com/Perfumes/Dr_Taffi/Acqua_di_Bolgheri__Maestrale_Intenso
49667,Dr. Taffi,Acqua di Bolgheri - Muschio Bianco,2001,https://www.parfumo.com/Perfumes/Dr_Taffi/Acqua_di_Bolgheri__Muschio_Bianco
49668,Dr. Taffi,Amaranthine,,https://www.fragrantica.com/perfume/Dr-Taffi/Amaranthine-16841.html
49669,Dr. Taffi,Bacche di Vinum,,https://www.fragrantica.com/perfume/Dr-Taffi/Bacche-di-Vinum-56525.html
49670,Dr. Taffi,Batik Maracuja Flowers,,https://www.fragrantica.com/perfume/Dr-Taffi/Batik-Maracuja-Flowers-16832.html
49671,Dr. Taffi,Camelia Chic,,https://www.fragrantica.com/perfume/Dr-Taffi/Camelia-Chic-13842.html
49672,Dr. Taffi,Cashmere Iris,,https://www.fragrantica.com/perfume/Dr-Taffi/Cashmere-Iris-16840.html
49673,Dr. Taffi,Cipresso Nobile,,https://www.fragrantica.com/perfume/Dr-Taffi/Cipresso-Nobile-56575.html
49674,Dr. Taffi,Corallo,,https://www.fragrantica.com/perfume/Dr-Taffi/Corallo-56518.html
49675,Dr. Taffi,Cotone-muschio bianco,2014,https://www.fragrantica.com/perfume/Dr-Taffi/Cotone-muschio-bianco-29966.html
49676,Dr. Taffi,Dolce,,https://www.fragrantica.com/perfume/Dr-Taffi/Dolce-56568.html
49677,Dr. Taffi,Fresco,,https://www.fragrantica.com/perfume/Dr-Taffi/Fresco-56569.html
49678,Dr. Taffi,Hemp Black Pepper,,https://www.fragrantica.com/perfume/Dr-Taffi/Hemp-Black-Pepper-16835.html
49679,Dr. Taffi,Il Giglio,,https://www.fragrantica.com/perfume/Dr-Taffi/Il-Giglio-56519.html
49680,Dr. Taffi,Indaco,,https://www.fragrantica.com/perfume/Dr-Taffi/Indaco-56573.html
49681,Dr. Taffi,Jazz Mulberry,,https://www.fragrantica.com/perfume/Dr-Taffi/Jazz-Mulberry-16833.html
49682,Dr. Taffi,Jeans White Pepper,,https://www.fragrantica.com/perfume/Dr-Taffi/Jeans-White-Pepper-16830.html
49683,Dr. Taffi,Kenaf Karkade,,https://www.fragrantica.com/perfume/Dr-Taffi/Kenaf-Karkade-16839.html
49684,Dr. Taffi,La Camelia,,https://www.fragrantica.com/perfume/Dr-Taffi/La-Camelia-104548.html
49685,Dr. Taffi,La Magnolia,,https://www.fragrantica.com/perfume/Dr-Taffi/La-Magnolia-56574.html
49686,Dr. Taffi,La Rosa,,https://www.fragrantica.com/perfume/Dr-Taffi/La-Rosa-56522.html
49687,Dr. Taffi,Lavanda Eterea,,https://www.fragrantica.com/perfume/Dr-Taffi/Lavanda-Eterea-56536.html
49688,Dr. Taffi,Libeccio,,https://www.fragrantica.com/perfume/Dr-Taffi/Libeccio-56539.html
49689,Dr. Taffi,Lino-tè bianco,2014,https://www.fragrantica.com/perfume/Dr-Taffi/Lino-te-bianco-29967.html
49690,Dr. Taffi,Luce,2024,https://www.fragrantica.com/perfume/Dr-Taffi/Luce-98936.html
49691,Dr. Taffi,Maestrale,,https://www.fragrantica.com/perfume/Dr-Taffi/Maestrale-56520.html
49692,Dr. Taffi,Merlot & Rovere,,https://www.fragrantica.com/perfume/Dr-Taffi/Merlot-Rovere-102112.html
49693,Dr. Taffi,Muschio Bianco,,https://www.fragrantica.com/perfume/Dr-Taffi/Muschio-Bianco-56517.html
49694,Dr. Taffi,Oro,,https://www.fragrantica.com/perfume/Dr-Taffi/Oro-56541.html
49695,Dr. Taffi,Pashmina Patchouly,,https://www.fragrantica.com/perfume/Dr-Taffi/Pashmina-Patchouly-16838.html
49696,Dr. Taffi,Peperoncino,,https://www.fragrantica.com/perfume/Dr-Taffi/Peperoncino-16834.html
49697,Dr. Taffi,Sangiovese & Bacche Blu,,https://www.fragrantica.com/perfume/Dr-Taffi/Sangiovese-Bacche-Blu-102113.html
49698,Dr. Taffi,Satin-perla,,https://www.fragrantica.com/perfume/Dr-Taffi/Satin-perla-29968.html
49699,Dr. Taffi,Sauvignon & Tabacco,,https://www.fragrantica.com/perfume/Dr-Taffi/Sauvignon-Tabacco-16836.html
49700,Dr. Taffi,Scirocco,2017,https://www.fragrantica.com/perfume/Dr-Taffi/Scirocco-56545.html
49701,Dr. Taffi,Seta Fior di Loto,2014,https://www.fragrantica.com/perfume/Dr-Taffi/Seta-Fior-di-Loto-29964.html
49702,Dr. Taffi,Speziato,,https://www.fragrantica.com/perfume/Dr-Taffi/Speziato-56570.html
49703,Dr. Taffi,Taffetà note di Mandorla,2014,https://www.fragrantica.com/perfume/Dr-Taffi/Taffeta-note-di-Mandorla-29963.html
49704,Dr. Taffi,Uomo,,https://www.fragrantica.com/perfume/Dr-Taffi/Uomo-56540.html
49705,Dr. Taffi,Velluto Vanilla,2014,https://www.fragrantica.com/perfume/Dr-Taffi/Velluto-Vanilla-29965.html
49706,Dr. Taffi,Yuta Ginger,,https://www.fragrantica.com/perfume/Dr-Taffi/Yuta-Ginger-16831.html
49707,Dr. Vranjes Firenze,Ambra,2021,https://www.fragrantica.com/perfume/Dr-Vranjes-Firenze/Ambra-76143.html
49708,Dr. Vranjes Firenze,Ambra e Iris,,https://www.fragrantica.com/perfume/Dr-Vranjes-Firenze/Ambra-e-Iris-13594.html
49709,Dr. Vranjes Firenze,Bergamotto e Mirto Marino,,https://www.fragrantica.com/perfume/Dr-Vranjes-Firenze/Bergamotto-e-Mirto-Marino-13595.html
49710,Dr. Vranjes Firenze,Capogiro,2025,https://www.fragrantica.com/perfume/Dr-Vranjes-Firenze/Capogiro-107896.html
49711,Dr. Vranjes Firenze,Chiaroscuro,2025,https://www.fragrantica.com/perfume/Dr-Vranjes-Firenze/Chiaroscuro-107900.html
49712,Dr. Vranjes Firenze,Gigember e Estragone,,https://www.fragrantica.com/perfume/Dr-Vranjes-Firenze/Gigember-e-Estragone-13598.html
49713,Dr. Vranjes Firenze,Ginger Lime,2021,https://www.fragrantica.com/perfume/Dr-Vranjes-Firenze/Ginger-Lime-76144.html
49714,Dr. Vranjes Firenze,Intrigo,2025,https://www.fragrantica.com/perfume/Dr-Vranjes-Firenze/Intrigo-107898.html
49715,Dr. Vranjes Firenze,Leather Oud,2021,https://www.fragrantica.com/perfume/Dr-Vranjes-Firenze/Leather-Oud-76142.html
49716,Dr. Vranjes Firenze,Mattutino,2025,https://www.fragrantica.com/perfume/Dr-Vranjes-Firenze/Mattutino-107894.html
49717,Dr. Vranjes Firenze,Meriggiare,2025,https://www.fragrantica.com/perfume/Dr-Vranjes-Firenze/Meriggiare-107895.html
49718,Dr. Vranjes Firenze,Milano,2021,https://www.fragrantica.com/perfume/Dr-Vranjes-Firenze/Milano-76145.html
49719,Dr. Vranjes Firenze,Nottetempo,2026,https://www.fragrantica.com/perfume/Dr-Vranjes-Firenze/Nottetempo-133705.html
49720,Dr. Vranjes Firenze,Peonia Black Jasmine,2021,https://www.fragrantica.com/perfume/Dr-Vranjes-Firenze/Peonia-Black-Jasmine-84367.html
49721,Dr. Vranjes Firenze,Petaloso,2025,https://www.fragrantica.com/perfume/Dr-Vranjes-Firenze/Petaloso-107897.html
49722,Dr. Vranjes Firenze,Rosa e Cassis,,https://www.fragrantica.com/perfume/Dr-Vranjes-Firenze/Rosa-e-Cassis-13596.html
49723,Dr. Vranjes Firenze,Rosa Tabacco,2022,https://www.fragrantica.com/perfume/Dr-Vranjes-Firenze/Rosa-Tabacco-76146.html
49724,Dr. Vranjes Firenze,Rosso Nobile,2022,https://www.fragrantica.com/perfume/Dr-Vranjes-Firenze/Rosso-Nobile-80244.html
49725,Dr. Vranjes Firenze,Tintinnio,2025,https://www.fragrantica.com/perfume/Dr-Vranjes-Firenze/Tintinnio-107899.html
49726,Dr. Vranjes Firenze,Vetiver e Poivre,,https://www.fragrantica.com/perfume/Dr-Vranjes-Firenze/Vetiver-e-Poivre-13597.html
49727,Dr. Vranjes Firenze,Zagara e Patchouli,,https://www.fragrantica.com/perfume/Dr-Vranjes-Firenze/Zagara-e-Patchouli-13599.html
49728,Dragon Parfums,Dragon Aqua,,https://www.fragrantica.com/perfume/Dragon-Parfums/Dragon-Aqua-27111.html
49729,Dragon Parfums,Dragon D'eau,,https://www.fragrantica.com/perfume/Dragon-Parfums/Dragon-D-eau-27113.html
49730,Dragon Parfums,Dragon Marron,,https://www.fragrantica.com/perfume/Dragon-Parfums/Dragon-Marron-27110.html
49731,Dragon Parfums,Dragon Noir,,https://www.fragrantica.com/perfume/Dragon-Parfums/Dragon-Noir-27109.html
49732,Dragon Parfums,Dragon Platinum,,https://www.fragrantica.com/perfume/Dragon-Parfums/Dragon-Platinum-27112.html
49733,Dralle,Ali Baba,,https://www.parfumo.com/Perfumes/Dralle/Ali_Baba
49734,Dralle,Augusta-Victoria-Veilchen,,https://www.parfumo.com/Perfumes/Dralle/AugustaVictoriaVeilchen
49735,Dralle,Bint El Fann,2003,https://www.parfumo.com/Perfumes/Dralle/Bint_El_Fann
49736,Dralle,Bouquet Alliance des Fleurs,2001,https://www.parfumo.com/Perfumes/Dralle/bouquet-alliance-des-fleurs
49737,Dralle,Chypre,,https://www.parfumo.com/Perfumes/Dralle/Chypre
49738,Dralle,Colibri,,https://www.parfumo.com/Perfumes/Dralle/Colibri
49739,Dralle,Dralle,,https://www.parfumo.com/Perfumes/Dralle/Dralle
49740,Dralle,Dralle's Illusion - Goldlilie,2004,https://www.parfumo.com/Perfumes/Dralle/Dralle_s_Illusion__Goldlilie
49741,Dralle,Dralle's Illusion - Heliotrop Héliotrope,2003,https://www.parfumo.com/Perfumes/Dralle/Dralle_s_Illusion_Heliotrop_Heliotrope
49742,Dralle,Dralle's Illusion - Maiglöckchen Lily of the Valley / Muguet,,https://www.parfumo.com/Perfumes/Dralle/Dralle_s_Illusion__Maigloeckchen_Lily_of_the_Valley_Muguet
49743,Dralle,Dralle's Illusion - Moll-Accord,2007,https://www.parfumo.com/Perfumes/Dralle/dralle-s-illusion-moll-accord
49744,Dralle,Dralle's Illusion - Orchidée,2007,https://www.parfumo.com/Perfumes/Dralle/Dralle_s_Illusion_Orchidee
49745,Dralle,Dralle's Illusion - Poppy,2010,https://www.parfumo.com/Perfumes/Dralle/Dralle_s_Illusion_Poppy
49746,Dralle,Dralle's Illusion - Reseda,2008,https://www.parfumo.com/Perfumes/Dralle/Dralle_s_Illusion_Reseda
49747,Dralle,Maiglöckchen,1911,https://www.fragrantica.com/perfume/Dralle/Maigloeckchen-54649.html
49748,Drazad London,Absolute Vanilla,2025,https://www.fragrantica.com/perfume/Drazad-London/Absolute-Vanilla-109887.html
49749,Drazad London,Astral Essence,2024,https://www.fragrantica.com/perfume/Drazad-London/Astral-Essence-94814.html
49750,Drazad London,Celestial,2024,https://www.fragrantica.com/perfume/Drazad-London/Celestial-94817.html
49751,Drazad London,Daisy Dance,2025,https://www.fragrantica.com/perfume/Drazad-London/Daisy-Dance-109916.html
49752,Drazad London,Eclipse Noir,2024,https://www.fragrantica.com/perfume/Drazad-London/Eclipse-Noir-94813.html
49753,Drazad London,Fruity Delight,2025,https://www.fragrantica.com/perfume/Drazad-London/Fruity-Delight-109885.html
49754,Drazad London,Fruity Tuberose,2025,https://www.fragrantica.com/perfume/Drazad-London/Fruity-Tuberose-109884.html
49755,Drazad London,Galactic,2024,https://www.fragrantica.com/perfume/Drazad-London/Galactic-94809.html
49756,Drazad London,Honey Dusk,2025,https://www.fragrantica.com/perfume/Drazad-London/Honey-Dusk-109890.html
49757,Drazad London,Luminous Celestia Elixir,2024,https://www.fragrantica.com/perfume/Drazad-London/Luminous-Celestia-Elixir-94811.html
49758,Drazad London,Mango Symphony,2025,https://www.fragrantica.com/perfume/Drazad-London/Mango-Symphony-109891.html
49759,Drazad London,Pure Saffron,2025,https://www.fragrantica.com/perfume/Drazad-London/Pure-Saffron-109888.html
49760,Drazad London,Regal Majesty,2025,https://www.fragrantica.com/perfume/Drazad-London/Regal-Majesty-109889.html
49761,Drazad London,Rouge Noir,2025,https://www.fragrantica.com/perfume/Drazad-London/Rouge-Noir-109892.html
49762,Drazad London,Stellar Nebula,2024,https://www.fragrantica.com/perfume/Drazad-London/Stellar-Nebula-94807.html
49763,Drazad London,Sweet Passion,2025,https://www.fragrantica.com/perfume/Drazad-London/Sweet-Passion-109886.html
49764,Dream Hotel,Check Me Out,2023,https://www.fragrantica.com/perfume/Dream-Hotel/Check-Me-Out-87949.html
49765,Dream Hotel,Love In The Elevator,2023,https://www.fragrantica.com/perfume/Dream-Hotel/Love-In-The-Elevator-87946.html
49766,Dream Hotel,Press For Pleasure,2023,https://www.fragrantica.com/perfume/Dream-Hotel/Press-For-Pleasure-87950.html
49767,Dream Hotel,Ring My Bell,2023,https://www.fragrantica.com/perfume/Dream-Hotel/Ring-My-Bell-87948.html
49768,Dream Hotel,Swing My Room,2023,https://www.fragrantica.com/perfume/Dream-Hotel/Swing-My-Room-87947.html
49769,АЮ DREAMS,001,2017,https://www.fragrantica.com/perfume/AU-DREAMS/001-47361.html
49770,АЮ DREAMS,011,2017,https://www.fragrantica.com/perfume/AU-DREAMS/011-47362.html
49771,АЮ DREAMS,040,2017,https://www.fragrantica.com/perfume/AU-DREAMS/040-47340.html
49772,АЮ DREAMS,101,2017,https://www.fragrantica.com/perfume/AU-DREAMS/101-47341.html
49773,АЮ DREAMS,103,2017,https://www.fragrantica.com/perfume/AU-DREAMS/103-47344.html
49774,АЮ DREAMS,104,2017,https://www.fragrantica.com/perfume/AU-DREAMS/104-47345.html
49775,АЮ DREAMS,105,2017,https://www.fragrantica.com/perfume/AU-DREAMS/105-47347.html
49776,АЮ DREAMS,106,2017,https://www.fragrantica.com/perfume/AU-DREAMS/106-47342.html
49777,АЮ DREAMS,111,2017,https://www.fragrantica.com/perfume/AU-DREAMS/111-47343.html
49778,АЮ DREAMS,201,2017,https://www.fragrantica.com/perfume/AU-DREAMS/201-47349.html
49779,АЮ DREAMS,202,2017,https://www.fragrantica.com/perfume/AU-DREAMS/202-47352.html
49780,АЮ DREAMS,302,2017,https://www.fragrantica.com/perfume/AU-DREAMS/302-47355.html
49781,АЮ DREAMS,411,2017,https://www.fragrantica.com/perfume/AU-DREAMS/411-47358.html
49782,АЮ DREAMS,501,2017,https://www.fragrantica.com/perfume/AU-DREAMS/501-47359.html
49783,Dries Van Noten,Bitter Splash,2024,https://www.fragrantica.com/perfume/Dries-Van-Noten/Bitter-Splash-96542.html
49784,Dries Van Noten,Camomille Satin,2024,https://www.fragrantica.com/perfume/Dries-Van-Noten/Camomille-Satin-96541.html
49785,Dries Van Noten,Cannabis Patchouli,2022,https://www.fragrantica.com/perfume/Dries-Van-Noten/Cannabis-Patchouli-72599.html
49786,Dries Van Noten,Crazy Basil,2024,https://www.fragrantica.com/perfume/Dries-Van-Noten/Crazy-Basil-96539.html
49787,Dries Van Noten,Fleur du Mal,2022,https://www.fragrantica.com/perfume/Dries-Van-Noten/Fleur-du-Mal-72603.html
49788,Dries Van Noten,Havana Gold,2025,https://www.fragrantica.com/perfume/Dries-Van-Noten/Havana-Gold-111203.html
49789,Dries Van Noten,Jardin de L'Orangerie,2022,https://www.fragrantica.com/perfume/Dries-Van-Noten/Jardin-de-L-Orangerie-72594.html
49790,Dries Van Noten,Mystic Moss,2024,https://www.fragrantica.com/perfume/Dries-Van-Noten/Mystic-Moss-91210.html
49791,Dries Van Noten,Neon Garden,2022,https://www.fragrantica.com/perfume/Dries-Van-Noten/Neon-Garden-72595.html
49792,Dries Van Noten,Orange Smoke,2022,https://www.fragrantica.com/perfume/Dries-Van-Noten/Orange-Smoke-78408.html
49793,Dries Van Noten,Raving Rose,2022,https://www.fragrantica.com/perfume/Dries-Van-Noten/Raving-Rose-72598.html
49794,Dries Van Noten,Rock the Myrrh,2022,https://www.fragrantica.com/perfume/Dries-Van-Noten/Rock-the-Myrrh-72602.html
49795,Dries Van Noten,Rosa Carnivora,2022,https://www.fragrantica.com/perfume/Dries-Van-Noten/Rosa-Carnivora-72597.html
49796,Dries Van Noten,Santal Greenery,2022,https://www.fragrantica.com/perfume/Dries-Van-Noten/Santal-Greenery-72600.html
49797,Dries Van Noten,Soie Malaquais,2022,https://www.fragrantica.com/perfume/Dries-Van-Noten/Soie-Malaquais-72605.html
49798,Dries Van Noten,Soie Malaquais (2026 Limited Edition),2026,https://www.fragrantica.com/perfume/Dries-Van-Noten/Soie-Malaquais-2026-Limited-Edition-123946.html
49799,Dries Van Noten,Sur Ma Peau,2022,https://www.fragrantica.com/perfume/Dries-Van-Noten/Sur-Ma-Peau-78409.html
49800,Dries Van Noten,Vanille Camouflage,2024,https://www.fragrantica.com/perfume/Dries-Van-Noten/Vanille-Camouflage-96538.html
49801,Dries Van Noten,Velvet Violet,2026,https://www.fragrantica.com/perfume/Dries-Van-Noten/Velvet-Violet-137667.html
49802,Dries Van Noten,Voodoo Chile,2022,https://www.fragrantica.com/perfume/Dries-Van-Noten/Voodoo-Chile-72601.html
49803,Drift Parfum de Terre,Aspens,2014,https://www.fragrantica.com/perfume/Drift-Parfum-de-Terre/Aspens-26360.html
49804,Drift Parfum de Terre,Aspens Solid Perfume,2013,https://www.fragrantica.com/perfume/Drift-Parfum-de-Terre/Aspens-Solid-Perfume-22063.html
49805,Drift Parfum de Terre,Aube,2014,https://www.fragrantica.com/perfume/Drift-Parfum-de-Terre/Aube-26361.html
49806,Drift Parfum de Terre,Caliu,2014,https://www.fragrantica.com/perfume/Drift-Parfum-de-Terre/Caliu-26362.html
49807,Drift Parfum de Terre,Cirrus,2014,https://www.fragrantica.com/perfume/Drift-Parfum-de-Terre/Cirrus-26363.html
49808,Drift Parfum de Terre,Cirrus Solid Perfume,2013,https://www.fragrantica.com/perfume/Drift-Parfum-de-Terre/Cirrus-Solid-Perfume-22064.html
49809,Drift Parfum de Terre,Creme,2014,https://www.fragrantica.com/perfume/Drift-Parfum-de-Terre/Creme-26364.html
49810,Drift Parfum de Terre,Emigre,2014,https://www.fragrantica.com/perfume/Drift-Parfum-de-Terre/Emigre-26365.html
49811,Drift Parfum de Terre,Emigre Solid Perfume,2013,https://www.fragrantica.com/perfume/Drift-Parfum-de-Terre/Emigre-Solid-Perfume-22065.html
49812,Drift Parfum de Terre,Flourish,2014,https://www.fragrantica.com/perfume/Drift-Parfum-de-Terre/Flourish-26366.html
49813,Drift Parfum de Terre,Flourish Solid Perfume,2013,https://www.fragrantica.com/perfume/Drift-Parfum-de-Terre/Flourish-Solid-Perfume-22066.html
49814,Drift Parfum de Terre,Moondance,2014,https://www.fragrantica.com/perfume/Drift-Parfum-de-Terre/Moondance-26367.html
49815,Drift Parfum de Terre,Moondance Solid Perfume,2013,https://www.fragrantica.com/perfume/Drift-Parfum-de-Terre/Moondance-Solid-Perfume-22067.html
49816,Drift Parfum de Terre,Nuit,2014,https://www.fragrantica.com/perfume/Drift-Parfum-de-Terre/Nuit-26368.html
49817,Drift Parfum de Terre,Rose,2014,https://www.fragrantica.com/perfume/Drift-Parfum-de-Terre/Rose-26369.html
49818,Drift Parfum de Terre,Tourmaline,2014,https://www.fragrantica.com/perfume/Drift-Parfum-de-Terre/Tourmaline-26370.html
49819,Drift Parfum de Terre,Tourmaline Solid Perfume,2013,https://www.fragrantica.com/perfume/Drift-Parfum-de-Terre/Tourmaline-Solid-Perfume-22062.html
49820,Drymer,Amber Club,2026,https://www.fragrantica.com/perfume/Drymer/Amber-Club-131219.html
49821,Drymer,Carnal Night,2026,https://www.fragrantica.com/perfume/Drymer/Carnal-Night-131220.html
49822,DS&Durga,$,,https://www.fragrantica.com/perfume/DS-Durga/-8801.html
49823,DS&Durga,1538 Rheims,1538,https://www.fragrantica.com/perfume/DS-Durga/1538-Rheims-9182.html
49824,DS&Durga,40 Million Year Old Amber,2023,https://www.fragrantica.com/perfume/DS-Durga/40-Million-Year-Old-Amber-79572.html
49825,DS&Durga,Ain't That Sweet,2026,https://www.fragrantica.com/perfume/DS-Durga/Ain-t-That-Sweet-139635.html
49826,DS&Durga,Amber Kiso,2018,https://www.fragrantica.com/perfume/DS-Durga/Amber-Kiso-53002.html
49827,DS&Durga,Amber Teutonic,2018,https://www.fragrantica.com/perfume/DS-Durga/Amber-Teutonic-53003.html
49828,DS&Durga,Barbados,,https://www.fragrantica.com/perfume/DS-Durga/Barbados-8802.html
49829,DS&Durga,Beartrapper,,https://www.fragrantica.com/perfume/DS-Durga/Beartrapper-8803.html
49830,DS&Durga,Beverly Hills 1985,2010,https://www.fragrantica.com/perfume/DS-Durga/Beverly-Hills-1985-9050.html
49831,DS&Durga,Big Sur Eucalyptus,2023,https://www.fragrantica.com/perfume/DS-Durga/Big-Sur-Eucalyptus-88051.html
49832,DS&Durga,Bistro Waters,2022,https://www.fragrantica.com/perfume/DS-Durga/Bistro-Waters-73416.html
49833,DS&Durga,"Bitter Rose, Broken Spear",2013,https://www.fragrantica.com/perfume/DS-Durga/Bitter-Rose-Broken-Spear-18361.html
49834,DS&Durga,Black Magenta,2024,https://www.fragrantica.com/perfume/DS-Durga/Black-Magenta-90712.html
49835,DS&Durga,Bleeding Heart Patchouli,2020,https://www.fragrantica.com/perfume/DS-Durga/Bleeding-Heart-Patchouli-64039.html
49836,DS&Durga,Boston Ivy,2011,https://www.fragrantica.com/perfume/DS-Durga/Boston-Ivy-12017.html
49837,DS&Durga,Bowmakers,2013,https://www.fragrantica.com/perfume/DS-Durga/Bowmakers-22058.html
49838,DS&Durga,Bowmakers Pocket Perfume (Parfum),2016,https://www.fragrantica.com/perfume/DS-Durga/Bowmakers-Pocket-Perfume-71948.html
49839,DS&Durga,Brown Flowers,2025,https://www.fragrantica.com/perfume/DS-Durga/Brown-Flowers-103498.html
49840,DS&Durga,Burning Barbershop,2010,https://www.fragrantica.com/perfume/DS-Durga/Burning-Barbershop-8807.html
49841,DS&Durga,Cedar,2000,https://www.fragrantica.com/perfume/DS-Durga/Cedar-8799.html
49842,DS&Durga,Cognac Reign,2025,https://www.fragrantica.com/perfume/DS-Durga/Cognac-Reign-114320.html
49843,DS&Durga,Colorado & Florida,2011,https://www.fragrantica.com/perfume/DS-Durga/Colorado-Florida-28853.html
49844,DS&Durga,Come Undone,2018,https://www.fragrantica.com/perfume/DS-Durga/Come-Undone-51933.html
49845,DS&Durga,Concrete Lightning,2025,https://www.fragrantica.com/perfume/DS-Durga/Concrete-Lightning-118328.html
49846,DS&Durga,Coriander,,https://www.fragrantica.com/perfume/DS-Durga/Coriander-8798.html
49847,DS&Durga,Cowboy Grass,,https://www.fragrantica.com/perfume/DS-Durga/Cowboy-Grass-8805.html
49848,DS&Durga,Cowgirl Grass,2000,https://www.fragrantica.com/perfume/DS-Durga/Cowgirl-Grass-8793.html
49849,DS&Durga,Cowgirl Grass,2024,https://www.fragrantica.com/perfume/DS-Durga/Cowgirl-Grass-93690.html
49850,DS&Durga,Crush Balls,2023,https://www.fragrantica.com/perfume/DS-Durga/Crush-Balls-84120.html
49851,DS&Durga,Crystal Pistil,2020,https://www.fragrantica.com/perfume/DS-Durga/Crystal-Pistil-59884.html
49852,DS&Durga,D.S.,2019,https://www.fragrantica.com/perfume/DS-Durga/D-S-53706.html
49853,DS&Durga,Debaser,2015,https://www.fragrantica.com/perfume/DS-Durga/Debaser-29736.html
49854,DS&Durga,Debaser in Bloom,2026,https://www.fragrantica.com/perfume/DS-Durga/Debaser-in-Bloom-125810.html
49855,DS&Durga,Debaser Pocket Perfume (Parfum),2016,https://www.fragrantica.com/perfume/DS-Durga/Debaser-Pocket-Perfume-71949.html
49856,DS&Durga,Deep Dark Vanilla,2023,https://www.fragrantica.com/perfume/DS-Durga/Deep-Dark-Vanilla-84717.html
49857,DS&Durga,Desert Paintbrush,2021,https://www.fragrantica.com/perfume/DS-Durga/Desert-Paintbrush-68883.html
49858,DS&Durga,DS&Durga x Todd Snyder Young Dunes,2023,https://www.fragrantica.com/perfume/DS-Durga/DS-Durga-x-Todd-Snyder-Young-Dunes-79246.html
49859,DS&Durga,Durga,2017,https://www.fragrantica.com/perfume/DS-Durga/Durga-43398.html
49860,DS&Durga,Duzina Rozi,2020,https://www.fragrantica.com/perfume/DS-Durga/Duzina-Rozi-59319.html
49861,DS&Durga,Dylan,2021,https://www.fragrantica.com/perfume/DS-Durga/Dylan-70980.html
49862,DS&Durga,East Mid East,,https://www.fragrantica.com/perfume/DS-Durga/East-Mid-East-9179.html
49863,DS&Durga,El Cosmico,2015,https://www.fragrantica.com/perfume/DS-Durga/El-Cosmico-32535.html
49864,DS&Durga,Empress Jingu,,https://www.fragrantica.com/perfume/DS-Durga/Empress-Jingu-10234.html
49865,DS&Durga,Eve's Saint L'Orange,2014,https://www.fragrantica.com/perfume/DS-Durga/Eve-s-Saint-L-Orange-28856.html
49866,DS&Durga,First Light Five Boroughs,2020,https://www.fragrantica.com/perfume/DS-Durga/First-Light-Five-Boroughs-62132.html
49867,DS&Durga,Five Step Waltz,2011,https://www.fragrantica.com/perfume/DS-Durga/Five-Step-Waltz-12009.html
49868,DS&Durga,Foxglove,2014,https://www.fragrantica.com/perfume/DS-Durga/Foxglove-28852.html
49869,DS&Durga,Foxhunt,,https://www.fragrantica.com/perfume/DS-Durga/Foxhunt-10233.html
49870,DS&Durga,Freetrapper,2011,https://www.fragrantica.com/perfume/DS-Durga/Freetrapper-12015.html
49871,DS&Durga,Gateau Blackout,2024,https://www.fragrantica.com/perfume/DS-Durga/Gateau-Blackout-92267.html
49872,DS&Durga,Golfjazz,2025,https://www.fragrantica.com/perfume/DS-Durga/Golfjazz-107516.html
49873,DS&Durga,Grapefruit,2000,https://www.fragrantica.com/perfume/DS-Durga/Grapefruit-8797.html
49874,DS&Durga,Grapefruit Generation,2021,https://www.fragrantica.com/perfume/DS-Durga/Grapefruit-Generation-69599.html
49875,DS&Durga,Grey Blazer,2025,https://www.fragrantica.com/perfume/DS-Durga/Grey-Blazer-107513.html
49876,DS&Durga,Handbook For The Recently Deceased,2021,https://www.fragrantica.com/perfume/DS-Durga/Handbook-For-The-Recently-Deceased-70053.html
49877,DS&Durga,Hungry Like the Wolf,2018,https://www.fragrantica.com/perfume/DS-Durga/Hungry-Like-the-Wolf-51934.html
49878,DS&Durga,I Don’t Know What,2018,https://www.fragrantica.com/perfume/DS-Durga/I-Don-t-Know-What-50118.html
49879,DS&Durga,Isle Ryder,2013,https://www.fragrantica.com/perfume/DS-Durga/Isle-Ryder-18362.html
49880,DS&Durga,Italian Citrus,2011,https://www.fragrantica.com/perfume/DS-Durga/Italian-Citrus-12014.html
49881,DS&Durga,J. Crew Homesteader’s Cologne (Eau de Cologne),2013,https://www.fragrantica.com/perfume/DS-Durga/J-Crew-Homesteader-s-Cologne-20608.html
49882,DS&Durga,Jazmin Yucatan,2020,https://www.fragrantica.com/perfume/DS-Durga/Jazmin-Yucatan-59589.html
49883,DS&Durga,Juniper,,https://www.fragrantica.com/perfume/DS-Durga/Juniper-8811.html
49884,DS&Durga,King Majesty Bergamot Chypre,2024,https://www.fragrantica.com/perfume/DS-Durga/King-Majesty-Bergamot-Chypre-100809.html
49885,DS&Durga,Lady Greystock,2011,https://www.fragrantica.com/perfume/DS-Durga/Lady-Greystock-12113.html
49886,DS&Durga,Leatherize,2022,https://www.fragrantica.com/perfume/DS-Durga/Leatherize-76147.html
49887,DS&Durga,Let's Dive,2024,https://www.fragrantica.com/perfume/DS-Durga/Let-s-Dive-94181.html
49888,DS&Durga,Lilac City,2020,https://www.fragrantica.com/perfume/DS-Durga/Lilac-City-61237.html
49889,DS&Durga,M'Head Reds,,https://www.fragrantica.com/perfume/DS-Durga/M-Head-Reds-8806.html
49890,DS&Durga,Magnolia City,2021,https://www.fragrantica.com/perfume/DS-Durga/Magnolia-City-67397.html
49891,DS&Durga,Mahogany Kora,2023,https://www.fragrantica.com/perfume/DS-Durga/Mahogany-Kora-82635.html
49892,DS&Durga,Mississippi Medicine,2011,https://www.fragrantica.com/perfume/DS-Durga/Mississippi-Medicine-12013.html
49893,DS&Durga,My Indian Childhood,2000,https://www.fragrantica.com/perfume/DS-Durga/My-Indian-Childhood-8796.html
49894,DS&Durga,Notorious Oud,2019,https://www.fragrantica.com/perfume/DS-Durga/Notorious-Oud-56041.html
49895,DS&Durga,Orris Root,,https://www.fragrantica.com/perfume/DS-Durga/Orris-Root-8812.html
49896,DS&Durga,Osmanthus,2011,https://www.fragrantica.com/perfume/DS-Durga/Osmanthus-12016.html
49897,DS&Durga,"Pale Grey Mountain, Small Black Lake",2013,https://www.fragrantica.com/perfume/DS-Durga/Pale-Grey-Mountain-Small-Black-Lake-18360.html
49898,DS&Durga,Peanut,2024,https://www.fragrantica.com/perfume/DS-Durga/Peanut-89417.html
49899,DS&Durga,Petitgrain Sur Fleur,2010,https://www.fragrantica.com/perfume/DS-Durga/Petitgrain-Sur-Fleur-9211.html
49900,DS&Durga,Pistachio,2022,https://www.fragrantica.com/perfume/DS-Durga/Pistachio-72484.html
49901,DS&Durga,Plumes,2023,https://www.fragrantica.com/perfume/DS-Durga/Plumes-82800.html
49902,DS&Durga,Pomelo Blossom,2010,https://www.fragrantica.com/perfume/DS-Durga/Pomelo-Blossom-9210.html
49903,DS&Durga,Poppy Rouge,2011,https://www.fragrantica.com/perfume/DS-Durga/Poppy-Rouge-12010.html
49904,DS&Durga,Radio Bombay,2016,https://www.fragrantica.com/perfume/DS-Durga/Radio-Bombay-39430.html
49905,DS&Durga,Resin,2000,https://www.fragrantica.com/perfume/DS-Durga/Resin-8800.html
49906,DS&Durga,Rockaway Beach,2020,https://www.fragrantica.com/perfume/DS-Durga/Rockaway-Beach-62600.html
49907,DS&Durga,Roman Fruit Sellers,2022,https://www.fragrantica.com/perfume/DS-Durga/Roman-Fruit-Sellers-78329.html
49908,DS&Durga,Roman Ruin Cypress,2023,https://www.fragrantica.com/perfume/DS-Durga/Roman-Ruin-Cypress-88494.html
49909,DS&Durga,Rosa Americana,,https://www.fragrantica.com/perfume/DS-Durga/Rosa-Americana-8795.html
49910,DS&Durga,Rose Atlantic,2016,https://www.fragrantica.com/perfume/DS-Durga/Rose-Atlantic-39837.html
49911,DS&Durga,Rose Pacific,2026,https://www.fragrantica.com/perfume/DS-Durga/Rose-Pacific-132793.html
49912,DS&Durga,Royal Kinam Oud,2022,https://www.fragrantica.com/perfume/DS-Durga/Royal-Kinam-Oud-79053.html
49913,DS&Durga,Royal Purpure,,https://www.fragrantica.com/perfume/DS-Durga/Royal-Purpure-9180.html
49914,DS&Durga,Rum Bay Rum,2025,https://www.fragrantica.com/perfume/DS-Durga/Rum-Bay-Rum-107523.html
49915,DS&Durga,Salem Gothic,2023,https://www.fragrantica.com/perfume/DS-Durga/Salem-Gothic-86328.html
49916,DS&Durga,Sexy Viking,2022,https://www.fragrantica.com/perfume/DS-Durga/Sexy-Viking-77013.html
49917,DS&Durga,Shake Shake Senora,2010,https://www.fragrantica.com/perfume/DS-Durga/Shake-Shake-Senora-9212.html
49918,DS&Durga,Siberian Snow,,https://www.fragrantica.com/perfume/DS-Durga/Siberian-Snow-8794.html
49919,DS&Durga,Silent Grove,2000,https://www.fragrantica.com/perfume/DS-Durga/Silent-Grove-8792.html
49920,DS&Durga,Sir,2011,https://www.fragrantica.com/perfume/DS-Durga/Sir-12012.html
49921,DS&Durga,Skin Divers,2018,https://www.fragrantica.com/perfume/DS-Durga/Skin-Divers-51932.html
49922,DS&Durga,Smoked Amber,,https://www.fragrantica.com/perfume/DS-Durga/Smoked-Amber-9181.html
49923,DS&Durga,Spectral Doorway,2024,https://www.fragrantica.com/perfume/DS-Durga/Spectral-Doorway-97954.html
49924,DS&Durga,Spent Musket Oil,2012,https://www.fragrantica.com/perfume/DS-Durga/Spent-Musket-Oil-14408.html
49925,DS&Durga,Spirit Lamp,2016,https://www.fragrantica.com/perfume/DS-Durga/Spirit-Lamp-42251.html
49926,DS&Durga,Spirit of the Glen,2013,https://www.fragrantica.com/perfume/DS-Durga/Spirit-of-the-Glen-21756.html
49927,DS&Durga,St. Vetyver,2021,https://www.fragrantica.com/perfume/DS-Durga/St-Vetyver-66230.html
49928,DS&Durga,Staghorn Sumac,2011,https://www.fragrantica.com/perfume/DS-Durga/Staghorn-Sumac-28854.html
49929,DS&Durga,Steamed Rainbow,2023,https://www.fragrantica.com/perfume/DS-Durga/Steamed-Rainbow-79740.html
49930,DS&Durga,Suckle Honey City,2022,https://www.fragrantica.com/perfume/DS-Durga/Suckle-Honey-City-74431.html
49931,DS&Durga,Sweet Do Nothing,2021,https://www.fragrantica.com/perfume/DS-Durga/Sweet-Do-Nothing-68475.html
49932,DS&Durga,Tanng Sport,2014,https://www.fragrantica.com/perfume/DS-Durga/Tanng-Sport-28857.html
49933,DS&Durga,The Carlyle,2023,https://www.fragrantica.com/perfume/DS-Durga/The-Carlyle-80205.html
49934,DS&Durga,The Greatest Cologne of All Time (Eau de Cologne),2022,https://www.fragrantica.com/perfume/DS-Durga/The-Greatest-Cologne-of-All-Time-77854.html
49935,DS&Durga,The Most Festive Cologne Of All Time (Eau de Cologne),2024,https://www.fragrantica.com/perfume/DS-Durga/The-Most-Festive-Cologne-Of-All-Time-100079.html
49936,DS&Durga,The Orchid Drinkers,2011,https://www.fragrantica.com/perfume/DS-Durga/The-Orchid-Drinkers-12011.html
49937,DS&Durga,Vetyver,,https://www.fragrantica.com/perfume/DS-Durga/Vetyver-8810.html
49938,DS&Durga,Vio Volta,2017,https://www.fragrantica.com/perfume/DS-Durga/Vio-Volta-46823.html
49939,DS&Durga,Wear at Maximum Volume,2024,https://www.fragrantica.com/perfume/DS-Durga/Wear-at-Maximum-Volume-93145.html
49940,DS&Durga,Well Dressed Werewolf,2025,https://www.fragrantica.com/perfume/DS-Durga/Well-Dressed-Werewolf-120146.html
49941,DS&Durga,When a Mandarin Loves a Woman,2014,https://www.fragrantica.com/perfume/DS-Durga/When-a-Mandarin-Loves-a-Woman-28855.html
49942,DS&Durga,White Peacock Lily,2016,https://www.fragrantica.com/perfume/DS-Durga/White-Peacock-Lily-39838.html
49943,DS&Durga,Wipeout!,2024,https://www.fragrantica.com/perfume/DS-Durga/Wipeout-99067.html
49944,DS&Durga,You Kill Me With Silence,2018,https://www.fragrantica.com/perfume/DS-Durga/You-Kill-Me-With-Silence-51931.html
49945,DSH Perfumes,",000 Lilies",2010,https://www.parfumo.com/Perfumes/DSH_Perfumes/1-000-lilies
49946,DSH Perfumes,"1,000 Lilies",2013,https://www.fragrantica.com/perfume/DSH-Perfumes/1-000-Lilies-18616.html
49947,DSH Perfumes,A/Embers DSH Perfumes 2020 Eau de Parfum,2020,https://www.parfumo.com/Perfumes/DSH_Perfumes/a-embers-eau-de-parfum
49948,DSH Perfumes,A/Embers DSH Perfumes 2020 Extrait,2020,https://www.parfumo.com/Perfumes/DSH_Perfumes/a-embers-extrait
49949,DSH Perfumes,Acqua di Venezia (Italian Journey No. 1),,https://www.fragrantica.com/perfume/DSH-Perfumes/Acqua-di-Venezia-Italian-Journey-No-1-6550.html
49950,DSH Perfumes,Adoration,2011,https://www.parfumo.com/Perfumes/DSH_Perfumes/adoration
49951,DSH Perfumes,Adoration (Milan),,https://www.fragrantica.com/perfume/DSH-Perfumes/Adoration-Milan-21061.html
49952,DSH Perfumes,Adrenaline and Scorched Earth DSH Perfumes 2020 Eau de Parfum,2020,https://www.parfumo.com/Perfumes/DSH_Perfumes/adrenaline-and-scorched-earth-eau-de-parfum
49953,DSH Perfumes,Adrenaline and Scorched Earth DSH Perfumes 2020 Extrait,2020,https://www.parfumo.com/Perfumes/DSH_Perfumes/adrenaline-and-scorched-earth-extrait
49954,DSH Perfumes,Agrestic,2014,https://www.fragrantica.com/perfume/DSH-Perfumes/Agrestic-29307.html
49955,DSH Perfumes,Airavata DSH Perfumes 2020 Eau de Parfum,2020,https://www.parfumo.com/Perfumes/DSH_Perfumes/airavata-eau-de-parfum
49956,DSH Perfumes,Airavata DSH Perfumes 2020 Extrait,2020,https://www.parfumo.com/Perfumes/DSH_Perfumes/airavata-extrait
49957,DSH Perfumes,Alba,2011,https://www.parfumo.com/Perfumes/DSH_Perfumes/alba
49958,DSH Perfumes,Alba (From Across the Alps),,https://www.fragrantica.com/perfume/DSH-Perfumes/Alba-From-Across-the-Alps-21060.html
49959,DSH Perfumes,Albino,2015,https://www.parfumo.com/Perfumes/DSH_Perfumes/albino
49960,DSH Perfumes,Albino (A Study in White),2015,https://www.fragrantica.com/perfume/DSH-Perfumes/Albino-A-Study-in-White-39091.html
49961,DSH Perfumes,Alchemy,1994,https://www.parfumo.com/Perfumes/DSH_Perfumes/Alchemy
49962,DSH Perfumes,Almond Milk (Accord),2024,https://www.fragrantica.com/perfume/DSH-Perfumes/Almond-Milk-Accord-133094.html
49963,DSH Perfumes,Amber,,https://www.fragrantica.com/perfume/DSH-Perfumes/Amber-6551.html
49964,DSH Perfumes,Ambre,,https://www.parfumo.com/Perfumes/DSH_Perfumes/ambre
49965,DSH Perfumes,American Beauty DSH Perfumes Eau de Parfum,,https://www.parfumo.com/Perfumes/DSH_Perfumes/american-beauty-eau-de-parfum
49966,DSH Perfumes,American Beauty DSH Perfumes Voile de Parfum,,https://www.parfumo.com/Perfumes/DSH_Perfumes/american-beauty-voile-de-parfum
49967,DSH Perfumes,American Beauty (Rose No. 1),,https://www.fragrantica.com/perfume/DSH-Perfumes/American-Beauty-Rose-No-1-6569.html
49968,DSH Perfumes,Amish,,https://www.fragrantica.com/perfume/DSH-Perfumes/Amish-21053.html
49969,DSH Perfumes,Amouse Bouche,2013,https://www.fragrantica.com/perfume/DSH-Perfumes/Amouse-Bouche-22538.html
49970,DSH Perfumes,Ancient Air,,https://www.fragrantica.com/perfume/DSH-Perfumes/Ancient-Air-21029.html
49971,DSH Perfumes,Angel's Wing,2021,https://www.parfumo.com/Perfumes/DSH_Perfumes/angel-s-wing
49972,DSH Perfumes,Antiu,2013,https://www.fragrantica.com/perfume/DSH-Perfumes/Antiu-18612.html
49973,DSH Perfumes,Aphrodisia,,https://www.fragrantica.com/perfume/DSH-Perfumes/Aphrodisia-46889.html
49974,DSH Perfumes,April,2017,https://www.fragrantica.com/perfume/DSH-Perfumes/April-45784.html
49975,DSH Perfumes,Aqua Admirabilis (Eau de Cologne),,https://www.fragrantica.com/perfume/DSH-Perfumes/Aqua-Admirabilis-Eau-de-Cologne-21073.html
49976,DSH Perfumes,Arabian Rose,,https://www.fragrantica.com/perfume/DSH-Perfumes/Arabian-Rose-21030.html
49977,DSH Perfumes,Arome d'Egypte (a Spikenard perfume; Natural),,https://www.fragrantica.com/perfume/DSH-Perfumes/Arome-d-Egypte-a-Spikenard-perfume-Natural-6570.html
49978,DSH Perfumes,Ashram,,https://www.fragrantica.com/perfume/DSH-Perfumes/Ashram-21039.html
49979,DSH Perfumes,Au Lait,,https://www.fragrantica.com/perfume/DSH-Perfumes/Au-Lait-21019.html
49980,DSH Perfumes,"August Picnic, 1976",2019,https://www.fragrantica.com/perfume/DSH-Perfumes/August-Picnic-1976-73670.html
49981,DSH Perfumes,Avocado Toast,2019,https://www.fragrantica.com/perfume/DSH-Perfumes/Avocado-Toast-55695.html
49982,DSH Perfumes,Axis Mundi,2016,https://www.fragrantica.com/perfume/DSH-Perfumes/Axis-Mundi-41349.html
49983,DSH Perfumes,Bakul Medjool,2018,https://www.fragrantica.com/perfume/DSH-Perfumes/Bakul-Medjool-55692.html
49984,DSH Perfumes,Bancha,,https://www.fragrantica.com/perfume/DSH-Perfumes/Bancha-8319.html
49985,DSH Perfumes,Beach Blanket,2000,https://www.fragrantica.com/perfume/DSH-Perfumes/Beach-Blanket-39090.html
49986,DSH Perfumes,Beach Roses (Rose No. 3),,https://www.fragrantica.com/perfume/DSH-Perfumes/Beach-Roses-Rose-No-3-6571.html
49987,DSH Perfumes,Become the Shaman,2017,https://www.fragrantica.com/perfume/DSH-Perfumes/Become-the-Shaman-44402.html
49988,DSH Perfumes,Bermuda Lyme,,https://www.fragrantica.com/perfume/DSH-Perfumes/Bermuda-Lyme-21015.html
49989,DSH Perfumes,Biwa,2020,https://www.fragrantica.com/perfume/DSH-Perfumes/Biwa-69929.html
49990,DSH Perfumes,Bleu Ambrée,2021,https://www.fragrantica.com/perfume/DSH-Perfumes/Bleu-Ambree-71627.html
49991,DSH Perfumes,Blue-Green: Arnica,,https://www.fragrantica.com/perfume/DSH-Perfumes/Blue-Green-Arnica-6572.html
49992,DSH Perfumes,Bluedaisy,2017,https://www.fragrantica.com/perfume/DSH-Perfumes/Bluedaisy-45782.html
49993,DSH Perfumes,Bodhi Sativa (Patchouli project no.1),,https://www.fragrantica.com/perfume/DSH-Perfumes/Bodhi-Sativa-Patchouli-project-no-1-21057.html
49994,DSH Perfumes,Bois Étincelants,2021,https://www.fragrantica.com/perfume/DSH-Perfumes/Bois-Etincelants-71618.html
49995,DSH Perfumes,Bois Noir,2001,https://www.fragrantica.com/perfume/DSH-Perfumes/Bois-Noir-132248.html
49996,DSH Perfumes,Bon Vivant,,https://www.fragrantica.com/perfume/DSH-Perfumes/Bon-Vivant-6573.html
49997,DSH Perfumes,Bridesmaid,,https://www.fragrantica.com/perfume/DSH-Perfumes/Bridesmaid-8405.html
49998,DSH Perfumes,Butterbeer,2023,https://www.fragrantica.com/perfume/DSH-Perfumes/Butterbeer-125273.html
49999,DSH Perfumes,Butterfly Nectar,,https://www.fragrantica.com/perfume/DSH-Perfumes/Butterfly-Nectar-20992.html
50000,DSH Perfumes,Cafe Noir,,https://www.fragrantica.com/perfume/DSH-Perfumes/Cafe-Noir-8415.html