id,brand_name,product_name,release_year,source_url
10001,ALT. Fragrances,Novel,,https://www.fragrantica.com/perfume/ALT-Fragrances/Novel-87014.html
10002,ALT. Fragrances,Particle,,https://www.fragrantica.com/perfume/ALT-Fragrances/Particle-86973.html
10003,ALT. Fragrances,Peach Smash,,https://www.fragrantica.com/perfume/ALT-Fragrances/Peach-Smash-86995.html
10004,ALT. Fragrances,Petal Explosion,,https://www.fragrantica.com/perfume/ALT-Fragrances/Petal-Explosion-87015.html
10005,ALT. Fragrances,Pistachio Baklava,,https://www.fragrantica.com/perfume/ALT-Fragrances/Pistachio-Baklava-132255.html
10006,ALT. Fragrances,Platinum Water,,https://www.fragrantica.com/perfume/ALT-Fragrances/Platinum-Water-86961.html
10007,ALT. Fragrances,Pristine,,https://www.fragrantica.com/perfume/ALT-Fragrances/Pristine-86977.html
10008,ALT. Fragrances,Pristine Parfum,,https://www.fragrantica.com/perfume/ALT-Fragrances/Pristine-Parfum-87036.html
10009,ALT. Fragrances,Pumpkin Spice Latte,2025,https://www.fragrantica.com/perfume/ALT-Fragrances/Pumpkin-Spice-Latte-115060.html
10010,ALT. Fragrances,Rainbow Leaves,,https://www.fragrantica.com/perfume/ALT-Fragrances/Rainbow-Leaves-87034.html
10011,ALT. Fragrances,Santal Cologne (Eau de Cologne),,https://www.fragrantica.com/perfume/ALT-Fragrances/Santal-Cologne-86983.html
10012,ALT. Fragrances,Santal Parfum,,https://www.fragrantica.com/perfume/ALT-Fragrances/Santal-Parfum-87010.html
10013,ALT. Fragrances,Saxon Pear,,https://www.fragrantica.com/perfume/ALT-Fragrances/Saxon-Pear-87056.html
10014,ALT. Fragrances,Saxophone,,https://www.fragrantica.com/perfume/ALT-Fragrances/Saxophone-87006.html
10015,ALT. Fragrances,Señorita,,https://www.fragrantica.com/perfume/ALT-Fragrances/Senorita-86953.html
10016,ALT. Fragrances,Serene Green Tea,2021,https://www.fragrantica.com/perfume/ALT-Fragrances/Serene-Green-Tea-72093.html
10017,ALT. Fragrances,Shadow Leather,,https://www.fragrantica.com/perfume/ALT-Fragrances/Shadow-Leather-87050.html
10018,ALT. Fragrances,Simply Another,,https://www.fragrantica.com/perfume/ALT-Fragrances/Simply-Another-86982.html
10019,ALT. Fragrances,Simply Bergamot,,https://www.fragrantica.com/perfume/ALT-Fragrances/Simply-Bergamot-86974.html
10020,ALT. Fragrances,Simply Noir,,https://www.fragrantica.com/perfume/ALT-Fragrances/Simply-Noir-86986.html
10021,ALT. Fragrances,Simply Santal,,https://www.fragrantica.com/perfume/ALT-Fragrances/Simply-Santal-86966.html
10022,ALT. Fragrances,Simply Vanille,,https://www.fragrantica.com/perfume/ALT-Fragrances/Simply-Vanille-86996.html
10023,ALT. Fragrances,Sovereign,,https://www.fragrantica.com/perfume/ALT-Fragrances/Sovereign-86957.html
10024,ALT. Fragrances,Splash,,https://www.fragrantica.com/perfume/ALT-Fragrances/Splash-86997.html
10025,ALT. Fragrances,Splish,,https://www.fragrantica.com/perfume/ALT-Fragrances/Splish-86998.html
10026,ALT. Fragrances,Springtide,,https://www.fragrantica.com/perfume/ALT-Fragrances/Springtide-87025.html
10027,ALT. Fragrances,Stallion,,https://www.fragrantica.com/perfume/ALT-Fragrances/Stallion-86976.html
10028,ALT. Fragrances,Stiletto,,https://www.fragrantica.com/perfume/ALT-Fragrances/Stiletto-87043.html
10029,ALT. Fragrances,Stygian Rose,,https://www.fragrantica.com/perfume/ALT-Fragrances/Stygian-Rose-86980.html
10030,ALT. Fragrances,Suds,,https://www.fragrantica.com/perfume/ALT-Fragrances/Suds-87012.html
10031,ALT. Fragrances,Suit & Tie,,https://www.fragrantica.com/perfume/ALT-Fragrances/Suit-Tie-87007.html
10032,ALT. Fragrances,Tender Fluency Gold,,https://www.fragrantica.com/perfume/ALT-Fragrances/Tender-Fluency-Gold-87027.html
10033,ALT. Fragrances,Tender Fluency Silver,,https://www.fragrantica.com/perfume/ALT-Fragrances/Tender-Fluency-Silver-87029.html
10034,ALT. Fragrances,Terrain,,https://www.fragrantica.com/perfume/ALT-Fragrances/Terrain-87055.html
10035,ALT. Fragrances,Terrestrial,,https://www.fragrantica.com/perfume/ALT-Fragrances/Terrestrial-86975.html
10036,ALT. Fragrances,The Scent of Beach,,https://www.fragrantica.com/perfume/ALT-Fragrances/The-Scent-of-Beach-86991.html
10037,ALT. Fragrances,Thorned Rose,,https://www.fragrantica.com/perfume/ALT-Fragrances/Thorned-Rose-86988.html
10038,ALT. Fragrances,Truffle,,https://www.fragrantica.com/perfume/ALT-Fragrances/Truffle-86962.html
10039,ALT. Fragrances,Velvet Blush,,https://www.fragrantica.com/perfume/ALT-Fragrances/Velvet-Blush-87059.html
10040,ALT. Fragrances,White,,https://www.fragrantica.com/perfume/ALT-Fragrances/White-87008.html
10041,Alt-Innsbruck,Alt-Innsbruck Eau de Cologne,1953,https://www.fragrantica.com/perfume/Alt-Innsbruck/Alt-Innsbruck-Eau-de-Cologne-24300.html
10042,Altınyıldız Classics,AC Dynamic,,https://www.altinyildizclassics.com/
10043,Altınyıldız Classics,AC Dynamic Uzun Süre Koku (Eau de Parfum),,https://www.trendyol.com/altinyildiz-classics/erkek-ac-dynamic-ozel-seri-uzun-sure-kalici-koku-edp-parfum-100-ml-p-82539871
10044,Altınyıldız Classics,AC Elite (Eau de Cologne),,https://www.trendyol.com/altinyildiz-classics/erkek-ac-elite-edp-parfum-100-ml-p-87866009
10045,Altınyıldız Classics,AC Intense Uzun Süre Koku (Eau de Parfum),,https://www.trendyol.com/altinyildiz-classics/erkek-ac-intense-edp-ozel-seri-uzun-sure-kalici-koku-parfum-100-ml-p-87354020
10046,Altınyıldız Classics,AC Premiere,,https://www.altinyildizclassics.com/
10047,Altınyıldız Classics,AC Premiere Uzun Süre Koku (Eau de Cologne),,https://www.trendyol.com/altinyildiz-classics/erkek-ac-premiere-ozel-seri-uzun-sure-kalici-koku-edp-parfum-100-ml-p-81087871
10048,Altınyıldız Classics,AC Realite (Eau de Cologne),,https://www.trendyol.com/altinyildiz-classics/erkek-ac-realite-edp-parfum-100-ml-p-87865977
10049,Altınyıldız Classics,AC Virtuel (Eau de Cologne),,https://www.trendyol.com/altinyildiz-classics/erkek-ac-virtuel-edp-parfum-100-ml-p-82539895
10050,Alta Manifattura Cosmetica,Absolute Orchid,2018,https://www.fragrantica.com/perfume/Alta-Manifattura-Cosmetica/Absolute-Orchid-49406.html
10051,Alta Manifattura Cosmetica,Intensely,2018,https://www.fragrantica.com/perfume/Alta-Manifattura-Cosmetica/Intensely-49407.html
10052,Alta Manifattura Cosmetica,Nude,2018,https://www.fragrantica.com/perfume/Alta-Manifattura-Cosmetica/Nude-49408.html
10053,Alta Manifattura Cosmetica,Pure Amber,2018,https://www.fragrantica.com/perfume/Alta-Manifattura-Cosmetica/Pure-Amber-49405.html
10054,Alta Moda,Adore,,https://www.fragrantica.com/perfume/Alta-Moda/Adore-26825.html
10055,Alta Moda,Beau Contour,,https://www.fragrantica.com/perfume/Alta-Moda/Beau-Contour-26808.html
10056,Alta Moda,Black Cash,,https://www.fragrantica.com/perfume/Alta-Moda/Black-Cash-26815.html
10057,Alta Moda,Cocktail,,https://www.fragrantica.com/perfume/Alta-Moda/Cocktail-58586.html
10058,Alta Moda,Conquer,,https://www.fragrantica.com/perfume/Alta-Moda/Conquer-26814.html
10059,Alta Moda,Coquette Pour Femme,2013,https://www.fragrantica.com/perfume/Alta-Moda/Coquette-Pour-Femme-26804.html
10060,Alta Moda,Dreams,,https://www.fragrantica.com/perfume/Alta-Moda/Dreams-9822.html
10061,Alta Moda,Encore,2013,https://www.fragrantica.com/perfume/Alta-Moda/Encore-26806.html
10062,Alta Moda,Expose,,https://www.fragrantica.com/perfume/Alta-Moda/Expose-26817.html
10063,Alta Moda,Fusion,,https://www.fragrantica.com/perfume/Alta-Moda/Fusion-26809.html
10064,Alta Moda,Just Bleu,,https://www.fragrantica.com/perfume/Alta-Moda/Just-Bleu-26810.html
10065,Alta Moda,Just Gold,,https://www.fragrantica.com/perfume/Alta-Moda/Just-Gold-26813.html
10066,Alta Moda,Midnight Dreams,,https://www.fragrantica.com/perfume/Alta-Moda/Midnight-Dreams-9821.html
10067,Alta Moda,Miss Glam,,https://www.fragrantica.com/perfume/Alta-Moda/Miss-Glam-26811.html
10068,Alta Moda,My Style Classic,,https://www.fragrantica.com/perfume/Alta-Moda/My-Style-Classic-26820.html
10069,Alta Moda,My Style Epic,,https://www.fragrantica.com/perfume/Alta-Moda/My-Style-Epic-26821.html
10070,Alta Moda,Nuit Extreme Pour Homme,2013,https://www.fragrantica.com/perfume/Alta-Moda/Nuit-Extreme-Pour-Homme-26805.html
10071,Alta Moda,Only Me,,https://www.fragrantica.com/perfume/Alta-Moda/Only-Me-26818.html
10072,Alta Moda,Only You,,https://www.fragrantica.com/perfume/Alta-Moda/Only-You-26819.html
10073,Alta Moda,Prestige pour Homme,,https://www.fragrantica.com/perfume/Alta-Moda/Prestige-pour-Homme-26822.html
10074,Alta Moda,Pure Gold,,https://www.fragrantica.com/perfume/Alta-Moda/Pure-Gold-26824.html
10075,Alta Moda,Real,2000,https://www.fragrantica.com/perfume/Alta-Moda/Real-9819.html
10076,Alta Moda,Roset,,https://www.fragrantica.com/perfume/Alta-Moda/Roset-26807.html
10077,Alta Moda,Sauvage,2019,https://www.fragrantica.com/perfume/Alta-Moda/Sauvage-82473.html
10078,Alta Moda,Si Belle,2020,https://www.fragrantica.com/perfume/Alta-Moda/Si-Belle-130214.html
10079,Alta Moda,Sweet Heart,,https://www.fragrantica.com/perfume/Alta-Moda/Sweet-Heart-9820.html
10080,Alta Moda,V6,,https://www.fragrantica.com/perfume/Alta-Moda/V6-26812.html
10081,Alta Moda,Victory,,https://www.fragrantica.com/perfume/Alta-Moda/Victory-26823.html
10082,ALTAIA,Amank'ay,2023,https://www.fragrantica.com/perfume/ALTAIA/Amank-ay-89179.html
10083,ALTAIA,Any Day Now,2022,https://www.fragrantica.com/perfume/ALTAIA/Any-Day-Now-82029.html
10084,ALTAIA,Atacama,2021,https://www.fragrantica.com/perfume/ALTAIA/Atacama-66297.html
10085,ALTAIA,By Any Other Name,2015,https://www.fragrantica.com/perfume/ALTAIA/By-Any-Other-Name-32342.html
10086,ALTAIA,Don't Cry For Me,2015,https://www.fragrantica.com/perfume/ALTAIA/Don-t-Cry-For-Me-32343.html
10087,ALTAIA,Ombú,2016,https://www.fragrantica.com/perfume/ALTAIA/Ombu-40829.html
10088,ALTAIA,Purple Land,2018,https://www.fragrantica.com/perfume/ALTAIA/Purple-Land-51363.html
10089,ALTAIA,Tuberose in Blue,2017,https://www.fragrantica.com/perfume/ALTAIA/Tuberose-in-Blue-46596.html
10090,ALTAIA,Wonder Of You,2019,https://www.fragrantica.com/perfume/ALTAIA/Wonder-Of-You-57328.html
10091,ALTAIA,Woo(e)d,2025,https://www.fragrantica.com/perfume/ALTAIA/Woo-e-d-104932.html
10092,ALTAIA,Yu Son,2015,https://www.fragrantica.com/perfume/ALTAIA/Yu-Son-32344.html
10093,Altearah Bio,Argent,,https://www.fragrantica.com/perfume/Altearah-Bio/Argent-113125.html
10094,Altearah Bio,Blanc,,https://www.fragrantica.com/perfume/Altearah-Bio/Blanc-112916.html
10095,Altearah Bio,Bleu,,https://www.fragrantica.com/perfume/Altearah-Bio/Bleu-112915.html
10096,Altearah Bio,Emeraude,,https://www.fragrantica.com/perfume/Altearah-Bio/Emeraude-112917.html
10097,Altearah Bio,Indigo,,https://www.fragrantica.com/perfume/Altearah-Bio/Indigo-113127.html
10098,Altearah Bio,Jaune,,https://www.fragrantica.com/perfume/Altearah-Bio/Jaune-113224.html
10099,Altearah Bio,Or,,https://www.fragrantica.com/perfume/Altearah-Bio/Or-113124.html
10100,Altearah Bio,Orange,,https://www.fragrantica.com/perfume/Altearah-Bio/Orange-112914.html
10101,Altearah Bio,Pourpre,,https://www.fragrantica.com/perfume/Altearah-Bio/Pourpre-113225.html
10102,Altearah Bio,Rose,,https://www.fragrantica.com/perfume/Altearah-Bio/Rose-113228.html
10103,Altearah Bio,Rouge,,https://www.fragrantica.com/perfume/Altearah-Bio/Rouge-113226.html
10104,Altearah Bio,Turquoise,,https://www.fragrantica.com/perfume/Altearah-Bio/Turquoise-113128.html
10105,Altearah Bio,Vert,,https://www.fragrantica.com/perfume/Altearah-Bio/Vert-113227.html
10106,Altearah Bio,Violet,,https://www.fragrantica.com/perfume/Altearah-Bio/Violet-113126.html
10107,Altern Essence Perfume,Between Mountains,2013,https://www.fragrantica.com/perfume/Altern-Essence-Perfume/Between-Mountains-40633.html
10108,Altern Essence Perfume,D'oura,2013,https://www.fragrantica.com/perfume/Altern-Essence-Perfume/D-oura-40623.html
10109,Altern Essence Perfume,Dead Elephant,2013,https://www.fragrantica.com/perfume/Altern-Essence-Perfume/Dead-Elephant-40632.html
10110,Altern Essence Perfume,Law Holts Haters,2013,https://www.fragrantica.com/perfume/Altern-Essence-Perfume/Law-Holts-Haters-40601.html
10111,Altern Essence Perfume,Patty,2013,https://www.fragrantica.com/perfume/Altern-Essence-Perfume/Patty-40600.html
10112,Altra,Altra Skin,2022,https://www.fragrantica.com/perfume/Altra/Altra-Skin-76236.html
10113,Altra,Dualist,2022,https://www.fragrantica.com/perfume/Altra/Dualist-76239.html
10114,Altra,Ghost Flower,2022,https://www.fragrantica.com/perfume/Altra/Ghost-Flower-76237.html
10115,Altra,GHST FLWR,2025,https://www.fragrantica.com/perfume/Altra/GHST-FLWR-102469.html
10116,Altra,Jasmin XXX,2022,https://www.fragrantica.com/perfume/Altra/Jasmin-XXX-76240.html
10117,Altra,Stone Cold Heart,2022,https://www.fragrantica.com/perfume/Altra/Stone-Cold-Heart-76238.html
10118,Alurent,Affogatto,1999,https://www.fragrantica.com/perfume/Alurent/Affogatto-72907.html
10119,Alurent,Bay Rum,1978,https://www.fragrantica.com/perfume/Alurent/Bay-Rum-72906.html
10120,Alurent,Caviar,2020,https://www.fragrantica.com/perfume/Alurent/Caviar-72908.html
10121,Alurent,Continuum,2021,https://www.fragrantica.com/perfume/Alurent/Continuum-72905.html
10122,Alurent,Decorum,2021,https://www.fragrantica.com/perfume/Alurent/Decorum-72903.html
10123,Alurent,Elixir,2018,https://www.fragrantica.com/perfume/Alurent/Elixir-72916.html
10124,Alurent,Folio,2017,https://www.fragrantica.com/perfume/Alurent/Folio-72909.html
10125,Alurent,Fuego,2014,https://www.fragrantica.com/perfume/Alurent/Fuego-72910.html
10126,Alurent,Graphite,2019,https://www.fragrantica.com/perfume/Alurent/Graphite-72911.html
10127,Alurent,Hielo Caliente,2014,https://www.fragrantica.com/perfume/Alurent/Hielo-Caliente-72915.html
10128,Alurent,Khus,2005,https://www.fragrantica.com/perfume/Alurent/Khus-72912.html
10129,Alurent,Lluvia Blanca,2015,https://www.fragrantica.com/perfume/Alurent/Lluvia-Blanca-72914.html
10130,Alurent,Ooh La Oudh,2016,https://www.fragrantica.com/perfume/Alurent/Ooh-La-Oudh-72913.html
10131,Alurent,Séduire,2022,https://www.fragrantica.com/perfume/Alurent/Seduire-72904.html
10132,Alûstre,Spectre 175 - 225 Pheromonic Pleasure,2023,https://www.fragrantica.com/perfume/Alustre/Spectre-175-225-Pheromonic-Pleasure-84084.html
10133,Alûstre,Spectre 434 - 520 Haze of Juniper Suede,2024,https://www.fragrantica.com/perfume/Alustre/Spectre-434-520-Haze-of-Juniper-Suede-98300.html
10134,Alûstre,Spectre 565 - 248 Ode To The Mandarin,2023,https://www.fragrantica.com/perfume/Alustre/Spectre-565-248-Ode-To-The-Mandarin-84085.html
10135,Alûstre,Spectre 568 - 147 Fall Of Fluidic Fauna,2023,https://www.fragrantica.com/perfume/Alustre/Spectre-568-147-Fall-Of-Fluidic-Fauna-84080.html
10136,Alûstre,Spectre 571 - 179 Sunlit Moss In The Orient,2023,https://www.fragrantica.com/perfume/Alustre/Spectre-571-179-Sunlit-Moss-In-The-Orient-84081.html
10137,Alûstre,Spectre 575 - 149 Shadows Of Bergamot,2023,https://www.fragrantica.com/perfume/Alustre/Spectre-575-149-Shadows-Of-Bergamot-84082.html
10138,Alûstre,Spectre 590 - 899 Wash Of Chilled Vetiver,2023,https://www.fragrantica.com/perfume/Alustre/Spectre-590-899-Wash-Of-Chilled-Vetiver-84086.html
10139,Alûstre,Spectre 596 - 154 Portait Of Darkned Spice,2023,https://www.fragrantica.com/perfume/Alustre/Spectre-596-154-Portait-Of-Darkned-Spice-84083.html
10140,Alûstre,Spectre 600-740 Soul of Spiced Oud,2024,https://www.fragrantica.com/perfume/Alustre/Spectre-600-740-Soul-of-Spiced-Oud-98295.html
10141,Alûstre,Spectre 747-500 Sensations of Crimson Echoes,2024,https://www.fragrantica.com/perfume/Alustre/Spectre-747-500-Sensations-of-Crimson-Echoes-98297.html
10142,Alûstre,Spectre 925 - 069 Blossom Of Blanche,2023,https://www.fragrantica.com/perfume/Alustre/Spectre-925-069-Blossom-Of-Blanche-84079.html
10143,Alvarez Gómez,Agua de Colonia Concentrada,1912,https://www.fragrantica.com/perfume/Alvarez-Gomez/Agua-de-Colonia-Concentrada-6322.html
10144,Alvarez Gómez,Agua de Colonia Concentrada Barberia,2012,https://www.fragrantica.com/perfume/Alvarez-Gomez/Agua-de-Colonia-Concentrada-Barberia-20421.html
10145,Alvarez Gómez,Agua de Colonia Concentrada Eau d'Orange,2020,https://www.fragrantica.com/perfume/Alvarez-Gomez/Agua-de-Colonia-Concentrada-Eau-d-Orange-72498.html
10146,Alvarez Gómez,Agua de Colonia Concentrada Eau Fraîche,2020,https://www.fragrantica.com/perfume/Alvarez-Gomez/Agua-de-Colonia-Concentrada-Eau-Fraiche-63948.html
10147,Alvarez Gómez,Agua de Colonia Para Niños,1998,https://www.parfumo.com/Perfumes/Alvarez_Gmez/Agua_de_Colonia_Para_Nios
10148,Alvarez Gómez,Agua de Perfume - Cuarzo Rosa,1998,https://www.parfumo.com/Perfumes/Alvarez_Gmez/agua-de-perfume-cuarzo-rosa
10149,Alvarez Gómez,Agua de Perfume - Platino,2007,https://www.parfumo.com/Perfumes/Alvarez_Gmez/agua-de-perfume-platino
10150,Alvarez Gómez,Agua de Perfume - Titanio,,https://www.parfumo.com/Perfumes/Alvarez_Gmez/agua-de-perfume-titanio
10151,Alvarez Gómez,Agua Fresca de Flores - Ámbar,1975,https://www.parfumo.com/Perfumes/Alvarez_Gmez/agua-fresca-de-flores-ambar
10152,Alvarez Gómez,Agua Fresca de Flores - Rosa Roja,,https://www.parfumo.com/Perfumes/Alvarez_Gmez/Agua_Fresca_de_Flores_Rosa_Roja
10153,Alvarez Gómez,Agua Fresca de Flores - Té Verde y Violeta,2004,https://www.parfumo.com/Perfumes/Alvarez_Gmez/Agua_Fresca_de_Flores_Te_Verde_y_Violeta
10154,Alvarez Gómez,Ámbar Femme,,https://www.fragrantica.com/perfume/Alvarez-Gomez/Ambar-Femme-113102.html
10155,Alvarez Gómez,Azahar,,https://www.fragrantica.com/perfume/Alvarez-Gomez/Azahar-128280.html
10156,Alvarez Gómez,Balneario,,https://www.fragrantica.com/perfume/Alvarez-Gomez/Balneario-20415.html
10157,Alvarez Gómez,Balneario - Aguacalma Agua Perfumada,2019,https://www.parfumo.com/Perfumes/Alvarez_Gmez/Balneario__Aguacalma_Agua_Perfumada
10158,Alvarez Gómez,Balneario Aguavital,,https://www.fragrantica.com/perfume/Alvarez-Gomez/Balneario-Aguavital-20420.html
10159,Alvarez Gómez,Bergamota,,https://www.fragrantica.com/perfume/Alvarez-Gomez/Bergamota-128279.html
10160,Alvarez Gómez,Bergamota de Calabria,2017,https://www.fragrantica.com/perfume/Alvarez-Gomez/Bergamota-de-Calabria-101342.html
10161,Alvarez Gómez,Berries Of The Forest,,https://www.fragrantica.com/perfume/Alvarez-Gomez/Berries-Of-The-Forest-128268.html
10162,Alvarez Gómez,Bosque de Primavera (Spring Forest),2017,https://www.fragrantica.com/perfume/Alvarez-Gomez/Bosque-de-Primavera-Spring-Forest-64239.html
10163,Alvarez Gómez,Bronce Homme,,https://www.fragrantica.com/perfume/Alvarez-Gomez/Bronce-Homme-113096.html
10164,Alvarez Gómez,Carnation,,https://www.fragrantica.com/perfume/Alvarez-Gomez/Carnation-20423.html
10165,Alvarez Gómez,Coco,,https://www.fragrantica.com/perfume/Alvarez-Gomez/Coco-128284.html
10166,Alvarez Gómez,Cuero Homme,,https://www.fragrantica.com/perfume/Alvarez-Gomez/Cuero-Homme-113097.html
10167,Alvarez Gómez,Eau de Cologne for Children,,https://www.fragrantica.com/perfume/Alvarez-Gomez/Eau-de-Cologne-for-Children-20416.html
10168,Alvarez Gómez,Ebony Orchid,,https://www.fragrantica.com/perfume/Alvarez-Gomez/Ebony-Orchid-128266.html
10169,Alvarez Gómez,Flor de Iris,,https://www.fragrantica.com/perfume/Alvarez-Gomez/Flor-de-Iris-128278.html
10170,Alvarez Gómez,Flor de Naranjo,,https://www.fragrantica.com/perfume/Alvarez-Gomez/Flor-de-Naranjo-128277.html
10171,Alvarez Gómez,Fresa,,https://www.fragrantica.com/perfume/Alvarez-Gomez/Fresa-128288.html
10172,Alvarez Gómez,Golf,,https://www.fragrantica.com/perfume/Alvarez-Gomez/Golf-128275.html
10173,Alvarez Gómez,Green Tea and Violet,,https://www.fragrantica.com/perfume/Alvarez-Gomez/Green-Tea-and-Violet-20419.html
10174,Alvarez Gómez,Jardín de té Verde,2017,https://www.fragrantica.com/perfume/Alvarez-Gomez/Jardin-de-te-Verde-101344.html
10175,Alvarez Gómez,Jasmine,,https://www.fragrantica.com/perfume/Alvarez-Gomez/Jasmine-20424.html
10176,Alvarez Gómez,Jazmín de Noche,2024,https://www.fragrantica.com/perfume/Alvarez-Gomez/Jazmin-de-Noche-101343.html
10177,Alvarez Gómez,Jazmín y Bergamota,,https://www.fragrantica.com/perfume/Alvarez-Gomez/Jazmin-y-Bergamota-128282.html
10178,Alvarez Gómez,Lilac,,https://www.fragrantica.com/perfume/Alvarez-Gomez/Lilac-20425.html
10179,Alvarez Gómez,Lilas y Mimosas,2017,https://www.fragrantica.com/perfume/Alvarez-Gomez/Lilas-y-Mimosas-101341.html
10180,Alvarez Gómez,Magnolia Blanca (White Magnolia),2017,https://www.fragrantica.com/perfume/Alvarez-Gomez/Magnolia-Blanca-White-Magnolia-49644.html
10181,Alvarez Gómez,Mango,,https://www.fragrantica.com/perfume/Alvarez-Gomez/Mango-128287.html
10182,Alvarez Gómez,Mora,,https://www.fragrantica.com/perfume/Alvarez-Gomez/Mora-128286.html
10183,Alvarez Gómez,Plata Homme,,https://www.fragrantica.com/perfume/Alvarez-Gomez/Plata-Homme-113098.html
10184,Alvarez Gómez,Platino Homme,,https://www.fragrantica.com/perfume/Alvarez-Gomez/Platino-Homme-113094.html
10185,Alvarez Gómez,Red Rose,,https://www.fragrantica.com/perfume/Alvarez-Gomez/Red-Rose-20418.html
10186,Alvarez Gómez,Rosa,,https://www.fragrantica.com/perfume/Alvarez-Gomez/Rosa-20427.html
10187,Alvarez Gómez,Rubí Femme,,https://www.fragrantica.com/perfume/Alvarez-Gomez/Rubi-Femme-84892.html
10188,Alvarez Gómez,Santal Redden,,https://www.fragrantica.com/perfume/Alvarez-Gomez/Santal-Redden-128271.html
10189,Alvarez Gómez,Sweet Tobacco,,https://www.fragrantica.com/perfume/Alvarez-Gomez/Sweet-Tobacco-128269.html
10190,Alvarez Gómez,Team Race,,https://www.fragrantica.com/perfume/Alvarez-Gomez/Team-Race-128274.html
10191,Alvarez Gómez,Titanio Homme,,https://www.fragrantica.com/perfume/Alvarez-Gomez/Titanio-Homme-113095.html
10192,Alvarez Gómez,Turquesa Azul Femme,,https://www.fragrantica.com/perfume/Alvarez-Gomez/Turquesa-Azul-Femme-113100.html
10193,Alvarez Gómez,Vainilla,,https://www.fragrantica.com/perfume/Alvarez-Gomez/Vainilla-128285.html
10194,Alvarez Gómez,Verbena,,https://www.fragrantica.com/perfume/Alvarez-Gomez/Verbena-20422.html
10195,Alvarez Gómez,Verbena Fresca y Mandarina,,https://www.fragrantica.com/perfume/Alvarez-Gomez/Verbena-Fresca-y-Mandarina-128283.html
10196,Alvarez Gómez,Verbena y Azahar (Verbena and Orange Blossom),2017,https://www.fragrantica.com/perfume/Alvarez-Gomez/Verbena-y-Azahar-Verbena-and-Orange-Blossom-49643.html
10197,Alvarez Gómez,Violet,,https://www.fragrantica.com/perfume/Alvarez-Gomez/Violet-20426.html
10198,Alvarez Gómez,White Blossom,,https://www.fragrantica.com/perfume/Alvarez-Gomez/White-Blossom-20417.html
10199,Alvarez Gómez,Yacht Marine,,https://www.fragrantica.com/perfume/Alvarez-Gomez/Yacht-Marine-128276.html
10200,Alvarez Gómez,Zafiro Femme,,https://www.fragrantica.com/perfume/Alvarez-Gomez/Zafiro-Femme-84891.html
10201,Alvaro Moreno,Black,2020,https://www.fragrantica.com/perfume/Alvaro-Moreno/Black-91341.html
10202,Alvaro Moreno,Blue,2020,https://www.fragrantica.com/perfume/Alvaro-Moreno/Blue-91344.html
10203,Alvaro Moreno,Dulzura,2020,https://www.fragrantica.com/perfume/Alvaro-Moreno/Dulzura-91340.html
10204,Alvaro Moreno,Green,2020,https://www.fragrantica.com/perfume/Alvaro-Moreno/Green-91343.html
10205,Alvaro Moreno,Libre,2020,https://www.fragrantica.com/perfume/Alvaro-Moreno/Libre-91345.html
10206,Alvaro Moreno,Pureza,2020,https://www.fragrantica.com/perfume/Alvaro-Moreno/Pureza-91339.html
10207,Alvaro Moreno,Raíces,2020,https://www.fragrantica.com/perfume/Alvaro-Moreno/Raices-91342.html
10208,Alverde,Abendhimmel,2025,https://www.fragrantica.com/perfume/Alverde/Abendhimmel-139019.html
10209,Alverde,Flower Dream,2011,https://www.fragrantica.com/perfume/Alverde/Flower-Dream-15373.html
10210,Alverde,Glucksmoment,2025,https://www.fragrantica.com/perfume/Alverde/Glucksmoment-139020.html
10211,Alverde,Lemon Love,2011,https://www.fragrantica.com/perfume/Alverde/Lemon-Love-15371.html
10212,Alverde,Oriental Touch,2011,https://www.fragrantica.com/perfume/Alverde/Oriental-Touch-15372.html
10213,Alverde,Sonnenseite,,https://www.fragrantica.com/perfume/Alverde/Sonnenseite-131359.html
10214,Alverde,Sweet Harmony,2011,https://www.fragrantica.com/perfume/Alverde/Sweet-Harmony-15374.html
10215,Alverde,Tagtraum,,https://www.fragrantica.com/perfume/Alverde/Tagtraum-131361.html
10216,Alverde,Wunderwelt,,https://www.fragrantica.com/perfume/Alverde/Wunderwelt-131360.html
10217,Alviero Martini,1a Classe Incenso From Asia,,https://www.fragrantica.com/perfume/Alviero-Martini/1a-Classe-Incenso-From-Asia-42084.html
10218,Alviero Martini,1a Classe Man,2007,https://www.fragrantica.com/perfume/Alviero-Martini/1a-Classe-Man-11846.html
10219,Alviero Martini,1a Classe Sandalo From Oceania,2007,https://www.fragrantica.com/perfume/Alviero-Martini/1a-Classe-Sandalo-From-Oceania-42077.html
10220,Alviero Martini,1a Classe Woman,2007,https://www.fragrantica.com/perfume/Alviero-Martini/1a-Classe-Woman-2145.html
10221,Alviero Martini,A Classe Donna,,https://www.parfumo.com/Perfumes/Alviero_Martini/1A_Classe_Woman
10222,Alviero Martini,ALV Passport - Venezia,2006,https://www.parfumo.com/Perfumes/Alviero_Martini/alv-passport-venezia
10223,Alviero Martini,Alviero Martini Uomo,1990,https://www.fragrantica.com/perfume/Alviero-Martini/Alviero-Martini-Uomo-133585.html
10224,Alviero Martini,Cedar from Africa,2007,https://www.parfumo.com/Perfumes/Alviero_Martini/Cedar_from_Africa
10225,Alviero Martini,Flags Donna,2005,https://www.fragrantica.com/perfume/Alviero-Martini/Flags-Donna-14308.html
10226,Alviero Martini,Flags Uomo,2005,https://www.fragrantica.com/perfume/Alviero-Martini/Flags-Uomo-14310.html
10227,Alviero Martini,Geo Donna,,https://www.fragrantica.com/perfume/Alviero-Martini/Geo-Donna-1878.html
10228,Alviero Martini,Geo Uomo,,https://www.fragrantica.com/perfume/Alviero-Martini/Geo-Uomo-1877.html
10229,Alviero Martini,GeoBlack Man (After Shave),2007,https://www.fragrantica.com/perfume/Alviero-Martini/GeoBlack-Man-1879.html
10230,Alviero Martini,GeoBlack Man Alviero Martini Eau de Toilette,,https://www.parfumo.com/Perfumes/Alviero_Martini/GeoBlack_Man_Eau_de_Toilette
10231,Alviero Martini,GeoBlack Woman,2007,https://www.fragrantica.com/perfume/Alviero-Martini/GeoBlack-Woman-1813.html
10232,Alviero Martini,Urban Safari A City Story,2012,https://www.fragrantica.com/perfume/Alviero-Martini/Urban-Safari-A-City-Story-17237.html
10233,Alviero Martini,Urban Safari A Jungle Story,2012,https://www.fragrantica.com/perfume/Alviero-Martini/Urban-Safari-A-Jungle-Story-17236.html
10234,Alviero Martini,Urban Safari Man,2010,https://www.fragrantica.com/perfume/Alviero-Martini/Urban-Safari-Man-10545.html
10235,Alviero Martini,Urban Safari Woman,2010,https://www.fragrantica.com/perfume/Alviero-Martini/Urban-Safari-Woman-10544.html
10236,Алые Паруса (Alye Parusa),Днепр,1954,https://www.fragrantica.com/perfume/Alye-Parusa-Alye-Parusa/Dnepr-83472.html
10237,Алые Паруса (Alye Parusa),Иней,1960,https://www.fragrantica.com/perfume/Alye-Parusa-Alye-Parusa/Inej-90156.html
10238,Алые Паруса (Alye Parusa),Этюд,1963,https://www.fragrantica.com/perfume/Alye-Parusa-Alye-Parusa/Etud-94961.html
10239,Алые Паруса (Alye Parusa),Богатырь,1969,https://www.fragrantica.com/perfume/Alye-Parusa-Alye-Parusa/Bogatyr-83723.html
10240,Алые Паруса (Alye Parusa),Встреча,1970,https://www.fragrantica.com/perfume/Alye-Parusa-Alye-Parusa/Vstreca-83408.html
10241,Алые Паруса (Alye Parusa),Марица Одеколон,1976,https://www.fragrantica.com/perfume/Alye-Parusa-Alye-Parusa/Marica-Odekolon-84216.html
10242,Алые Паруса (Alye Parusa),Ника,1978,https://www.fragrantica.com/perfume/Alye-Parusa-Alye-Parusa/Nika-83528.html
10243,Алые Паруса (Alye Parusa),Искушение,1980,https://www.fragrantica.com/perfume/Alye-Parusa-Alye-Parusa/Iskusenie-87414.html
10244,Алые Паруса (Alye Parusa),Осенний Этюд,1983,https://www.fragrantica.com/perfume/Alye-Parusa-Alye-Parusa/Osennij-Etud-83543.html
10245,Алые Паруса (Alye Parusa),С днём рождения,,https://www.fragrantica.com/perfume/Alye-Parusa-Alye-Parusa/S-dnem-rozdenia-88352.html
10246,Алые Паруса (Alye Parusa),Алые Паруса - Alye Parusa,1960,https://www.fragrantica.com/perfume/Alye-Parusa-Alye-Parusa/Alye-Parusa-Alye-Parusa-35862.html
10247,Алые Паруса (Alye Parusa),Алые Паруса Одеколон - Alye Parusa Cologne (Eau de Cologne),1960,https://www.fragrantica.com/perfume/Alye-Parusa-Alye-Parusa/Alye-Parusa-Odekolon-Alye-Parusa-Cologne-89827.html
10248,Алые Паруса (Alye Parusa),Ассоль - Assol,1971,https://www.fragrantica.com/perfume/Alye-Parusa-Alye-Parusa/Assol-Assol-34593.html
10249,Алые Паруса (Alye Parusa),Бригантина (Brigantine),1970,https://www.fragrantica.com/perfume/Alye-Parusa-Alye-Parusa/Brigantina-Brigantine-128205.html
10250,Алые Паруса (Alye Parusa),Свидание (Date),1987,https://www.fragrantica.com/perfume/Alye-Parusa-Alye-Parusa/Svidanie-Date-112960.html
10251,Алые Паруса (Alye Parusa),Демон (Demon Cologne) (Eau de Cologne),1964,https://www.fragrantica.com/perfume/Alye-Parusa-Alye-Parusa/Demon-Demon-Cologne-88829.html
10252,Алые Паруса (Alye Parusa),Демон (Demon Parfum),1964,https://www.fragrantica.com/perfume/Alye-Parusa-Alye-Parusa/Demon-Demon-Parfum-88828.html
10253,Алые Паруса (Alye Parusa),Росинка (Dew Drop),1964,https://www.fragrantica.com/perfume/Alye-Parusa-Alye-Parusa/Rosinka-Dew-Drop-88624.html
10254,Алые Паруса (Alye Parusa),Грёзы - Dreams,1980,https://www.fragrantica.com/perfume/Alye-Parusa-Alye-Parusa/Grezy-Dreams-89684.html
10255,Алые Паруса (Alye Parusa),Эрос (Eros),1990,https://www.fragrantica.com/perfume/Alye-Parusa-Alye-Parusa/Eros-Eros-86836.html
10256,Алые Паруса (Alye Parusa),Этюд - Etude,1979,https://www.fragrantica.com/perfume/Alye-Parusa-Alye-Parusa/Etud-Etude-83813.html
10257,Алые Паруса (Alye Parusa),Этюд Одеколон - Etude Cologne (Eau de Cologne),1979,https://www.fragrantica.com/perfume/Alye-Parusa-Alye-Parusa/Etud-Odekolon-Etude-Cologne-83814.html
10258,Алые Паруса (Alye Parusa),Золотой ирис - Golden iris,,https://www.fragrantica.com/perfume/Alye-Parusa-Alye-Parusa/Zolotoj-iris-Golden-iris-66019.html
10259,Алые Паруса (Alye Parusa),Огни Маяка Одеколон - Lighthouse Lights Cologne (Eau de Cologne),1960,https://www.fragrantica.com/perfume/Alye-Parusa-Alye-Parusa/Ogni-Maaka-Odekolon-Lighthouse-Lights-Cologne-82778.html
10260,Алые Паруса (Alye Parusa),Огни Маяка Духи - Lighthouse Lights Parfum,1960,https://www.fragrantica.com/perfume/Alye-Parusa-Alye-Parusa/Ogni-Maaka-Dukhi-Lighthouse-Lights-Parfum-82779.html
10261,Алые Паруса (Alye Parusa),Воспоминание - Memoirs,1961,https://www.fragrantica.com/perfume/Alye-Parusa-Alye-Parusa/Vospominanie-Memoirs-33874.html
10262,Алые Паруса (Alye Parusa),Лунный Камень (Moonstone),1982,https://www.fragrantica.com/perfume/Alye-Parusa-Alye-Parusa/Lunnyj-Kamen-Moonstone-83526.html
10263,Алые Паруса (Alye Parusa),Мамин День - Mother's Day,1960,https://www.fragrantica.com/perfume/Alye-Parusa-Alye-Parusa/Mamin-Den-Mother-s-Day-66059.html
10264,Алые Паруса (Alye Parusa),Орхидея - Orchid,1990,https://www.fragrantica.com/perfume/Alye-Parusa-Alye-Parusa/Orkhidea-Orchid-86852.html
10265,Алые Паруса (Alye Parusa),Презент (Present),1985,https://www.fragrantica.com/perfume/Alye-Parusa-Alye-Parusa/Prezent-Present-112966.html
10266,Алые Паруса (Alye Parusa),Приз (Prize),1977,https://www.fragrantica.com/perfume/Alye-Parusa-Alye-Parusa/Priz-Prize-88100.html
10267,Алые Паруса (Alye Parusa),Роза - Rose,1954,https://www.fragrantica.com/perfume/Alye-Parusa-Alye-Parusa/Roza-Rose-83307.html
10268,Алые Паруса (Alye Parusa),Шахразада - Shakhrazada,1960,https://www.fragrantica.com/perfume/Alye-Parusa-Alye-Parusa/Sahrazada-Shakhrazada-34596.html
10269,Алые Паруса (Alye Parusa),Корабелы - Shipwrights,1960,https://www.fragrantica.com/perfume/Alye-Parusa-Alye-Parusa/Korabely-Shipwrights-89829.html
10270,Алые Паруса (Alye Parusa),Корабелы Одеколон - Shipwrights Cologne (Eau de Cologne),1960,https://www.fragrantica.com/perfume/Alye-Parusa-Alye-Parusa/Korabely-Odekolon-Shipwrights-Cologne-89830.html
10271,Алые Паруса (Alye Parusa),Славутич - Slavutich,,https://www.fragrantica.com/perfume/Alye-Parusa-Alye-Parusa/Slavutic-Slavutich-62919.html
10272,Алые Паруса (Alye Parusa),Дымок Одеколон - Smoke Cologne (Eau de Cologne),1970,https://www.fragrantica.com/perfume/Alye-Parusa-Alye-Parusa/Dymok-Odekolon-Smoke-Cologne-34595.html
10273,Алые Паруса (Alye Parusa),Дымок Парфюм - Smoke Perfume (Parfum),1970,https://www.fragrantica.com/perfume/Alye-Parusa-Alye-Parusa/Dymok-Parfum-Smoke-Perfume-34594.html
10274,Алые Паруса (Alye Parusa),Летний букет - Summer bouquet,,https://www.fragrantica.com/perfume/Alye-Parusa-Alye-Parusa/Letnij-buket-Summer-bouquet-67675.html
10275,Алые Паруса (Alye Parusa),Солнце (Sun),1980,https://www.fragrantica.com/perfume/Alye-Parusa-Alye-Parusa/Solnce-Sun-88830.html
10276,Алые Паруса (Alye Parusa),Белеет парус - The White Sail,1960,https://www.fragrantica.com/perfume/Alye-Parusa-Alye-Parusa/Beleet-parus-The-White-Sail-62509.html
10277,Алые Паруса (Alye Parusa),Венера (Venus),1980,https://www.fragrantica.com/perfume/Alye-Parusa-Alye-Parusa/Venera-Venus-83967.html
10278,Алые Паруса (Alye Parusa),Веснянка Vesnyanka,,https://www.fragrantica.com/perfume/Alye-Parusa-Alye-Parusa/Vesnanka-Vesnyanka-59931.html
10279,Алые Паруса (Alye Parusa),Зевс - Zeus,1980,https://www.fragrantica.com/perfume/Alye-Parusa-Alye-Parusa/Zevs-Zeus-83542.html
10280,ALYSONOLDOINI,Ambra Guaiac,2019,https://www.fragrantica.com/perfume/ALYSONOLDOINI/Ambra-Guaiac-57167.html
10281,ALYSONOLDOINI,Black Violet,2013,https://www.fragrantica.com/perfume/ALYSONOLDOINI/Black-Violet-24154.html
10282,ALYSONOLDOINI,Bourbon Oud,2019,https://www.fragrantica.com/perfume/ALYSONOLDOINI/Bourbon-Oud-57166.html
10283,ALYSONOLDOINI,Bucato Royale,2020,https://www.fragrantica.com/perfume/ALYSONOLDOINI/Bucato-Royale-81963.html
10284,ALYSONOLDOINI,Caro Barbiere,2020,https://www.fragrantica.com/perfume/ALYSONOLDOINI/Caro-Barbiere-81965.html
10285,ALYSONOLDOINI,Chocman Mint,2014,https://www.fragrantica.com/perfume/ALYSONOLDOINI/Chocman-Mint-30293.html
10286,ALYSONOLDOINI,Crystal Oud,2014,https://www.fragrantica.com/perfume/ALYSONOLDOINI/Crystal-Oud-30294.html
10287,ALYSONOLDOINI,Cuir d'Encens,2013,https://www.fragrantica.com/perfume/ALYSONOLDOINI/Cuir-d-Encens-24151.html
10288,ALYSONOLDOINI,Diafana Skin,2016,https://www.fragrantica.com/perfume/ALYSONOLDOINI/Diafana-Skin-41101.html
10289,ALYSONOLDOINI,Georges B,2020,https://www.fragrantica.com/perfume/ALYSONOLDOINI/Georges-B-81966.html
10290,ALYSONOLDOINI,Marine Vodka,2013,https://www.fragrantica.com/perfume/ALYSONOLDOINI/Marine-Vodka-24152.html
10291,ALYSONOLDOINI,Marsiglia Musk,2020,https://www.fragrantica.com/perfume/ALYSONOLDOINI/Marsiglia-Musk-81964.html
10292,ALYSONOLDOINI,Oranger Moi,2013,https://www.fragrantica.com/perfume/ALYSONOLDOINI/Oranger-Moi-24155.html
10293,ALYSONOLDOINI,Rhum d'Hiver,2013,https://www.fragrantica.com/perfume/ALYSONOLDOINI/Rhum-d-Hiver-24153.html
10294,ALYSONOLDOINI,Rose Profond,2013,https://www.fragrantica.com/perfume/ALYSONOLDOINI/Rose-Profond-24156.html
10295,Alyssa Ashley,4H for Her,1998,https://www.fragrantica.com/perfume/Alyssa-Ashley/4H-for-Her-20450.html
10296,Alyssa Ashley,4H for Him,1999,https://www.fragrantica.com/perfume/Alyssa-Ashley/4H-for-Him-20451.html
10297,Alyssa Ashley,4H for Him and Her,1999,https://www.fragrantica.com/perfume/Alyssa-Ashley/4H-for-Him-and-Her-20452.html
10298,Alyssa Ashley,Alyssa Ashley Green Tea Essence,2003,https://www.fragrantica.com/perfume/Alyssa-Ashley/Alyssa-Ashley-Green-Tea-Essence-7976.html
10299,Alyssa Ashley,Amber Musk,2020,https://www.fragrantica.com/perfume/Alyssa-Ashley/Amber-Musk-63700.html
10300,Alyssa Ashley,Ambre Gris Alyssa Ashley Eau Parfumée,,https://www.parfumo.com/Perfumes/Alyssa_Ashley/Ambre_Gris_Eau_Parfumee
10301,Alyssa Ashley,Ambre Gris (Eau de Parfum),2012,https://www.fragrantica.com/perfume/Alyssa-Ashley/Ambre-Gris-15691.html
10302,Alyssa Ashley,Ambre Marine,2024,https://www.fragrantica.com/perfume/Alyssa-Ashley/Ambre-Marine-89793.html
10303,Alyssa Ashley,Ambre Rouge,2024,https://www.fragrantica.com/perfume/Alyssa-Ashley/Ambre-Rouge-89794.html
10304,Alyssa Ashley,B-Boy,2015,https://www.fragrantica.com/perfume/Alyssa-Ashley/B-Boy-32560.html
10305,Alyssa Ashley,B-Girl,2015,https://www.fragrantica.com/perfume/Alyssa-Ashley/B-Girl-32559.html
10306,Alyssa Ashley,BioLab - Aloe Vera & Bamboo,2018,https://www.parfumo.com/Perfumes/Alyssa_Ashley/BioLab__Aloe_Vera__Bamboo
10307,Alyssa Ashley,BioLab - Ginger & Curcuma,2018,https://www.parfumo.com/Perfumes/Alyssa_Ashley/BioLab__Ginger__Curcuma
10308,Alyssa Ashley,BioLab - Tiaré & Almond,2018,https://www.parfumo.com/Perfumes/Alyssa_Ashley/BioLab__Tiare__Almond
10309,Alyssa Ashley,Cashmeran Vanilla,2023,https://www.fragrantica.com/perfume/Alyssa-Ashley/Cashmeran-Vanilla-83082.html
10310,Alyssa Ashley,Cedro Musk Eau de Parfum,2022,https://www.fragrantica.com/perfume/Alyssa-Ashley/Cedro-Musk-Eau-de-Parfum-72558.html
10311,Alyssa Ashley,Coco Vanilla by Alyssa Ashley,2005,https://www.fragrantica.com/perfume/Alyssa-Ashley/Coco-Vanilla-by-Alyssa-Ashley-7977.html
10312,Alyssa Ashley,Cocovanilla Alyssa Ashley 2008 Eau de Toilette,2008,https://www.parfumo.com/Perfumes/Alyssa_Ashley/Cocovanilla_Eau_de_Toilette
10313,Alyssa Ashley,Cocovanilla Alyssa Ashley Eau Parfumée,,https://www.parfumo.com/Perfumes/Alyssa_Ashley/Cocovanilla_Eau_Parfumee
10314,Alyssa Ashley,Cocovanilla Eau d'Été,,https://www.parfumo.com/Perfumes/Alyssa_Ashley/Cocovanilla_Eau_d_Ete
10315,Alyssa Ashley,En Fleur,,https://www.fragrantica.com/perfume/Alyssa-Ashley/En-Fleur-20455.html
10316,Alyssa Ashley,En Fleur Alyssa Ashley Spray Mist,,https://www.parfumo.com/Perfumes/Alyssa_Ashley/En_Fleur_Spray_Mist
10317,Alyssa Ashley,English Waterlilys,,https://www.parfumo.com/Perfumes/Alyssa_Ashley/English_Waterlilys
10318,Alyssa Ashley,English Waterlilys - Callalily,,https://www.parfumo.com/Perfumes/Alyssa_Ashley/English_Waterlilys__Callalily
10319,Alyssa Ashley,Esoteric,2007,https://www.fragrantica.com/perfume/Alyssa-Ashley/Esoteric-8135.html
10320,Alyssa Ashley,Essence de Patchouli,2009,https://www.fragrantica.com/perfume/Alyssa-Ashley/Essence-de-Patchouli-10781.html
10321,Alyssa Ashley,Fizzy,2005,https://www.fragrantica.com/perfume/Alyssa-Ashley/Fizzy-5784.html
10322,Alyssa Ashley,Fizzy Blue,2006,https://www.fragrantica.com/perfume/Alyssa-Ashley/Fizzy-Blue-7978.html
10323,Alyssa Ashley,French Garden Flowers Jasmine,,https://www.fragrantica.com/perfume/Alyssa-Ashley/French-Garden-Flowers-Jasmine-7979.html
10324,Alyssa Ashley,Green Tea,,https://huggingface.co/datasets/doevent/perfume
10325,Alyssa Ashley,H for Her,1999,https://www.parfumo.com/Perfumes/Alyssa_Ashley/4H_for_Her
10326,Alyssa Ashley,H for Him,1999,https://www.parfumo.com/Perfumes/Alyssa_Ashley/4H_for_Him
10327,Alyssa Ashley,H for Him and Her,1999,https://www.parfumo.com/Perfumes/Alyssa_Ashley/4H_for_Him_and_Her
10328,Alyssa Ashley,Hip Hop B-Boy,,https://huggingface.co/datasets/doevent/perfume
10329,Alyssa Ashley,Hip Hop B-Girl,,https://huggingface.co/datasets/doevent/perfume
10330,Alyssa Ashley,Illégale,1989,https://www.fragrantica.com/perfume/Alyssa-Ashley/Illegale-20453.html
10331,Alyssa Ashley,Marijane,2018,https://www.fragrantica.com/perfume/Alyssa-Ashley/Marijane-55150.html
10332,Alyssa Ashley,Match Race,,https://www.fragrantica.com/perfume/Alyssa-Ashley/Match-Race-83735.html
10333,Alyssa Ashley,Musk,1969,https://www.fragrantica.com/perfume/Alyssa-Ashley/Musk-5782.html
10334,Alyssa Ashley,Musk Eau De Toilette,,https://huggingface.co/datasets/doevent/perfume
10335,Alyssa Ashley,Musk Extreme,2009,https://www.fragrantica.com/perfume/Alyssa-Ashley/Musk-Extreme-14391.html
10336,Alyssa Ashley,Musk for Men,2001,https://www.fragrantica.com/perfume/Alyssa-Ashley/Musk-for-Men-14392.html
10337,Alyssa Ashley,Musk Perfume Oil,1969,https://www.fragrantica.com/perfume/Alyssa-Ashley/Musk-Perfume-Oil-59344.html
10338,Alyssa Ashley,Ocean Blue,2017,https://www.fragrantica.com/perfume/Alyssa-Ashley/Ocean-Blue-55151.html
10339,Alyssa Ashley,Oud Patchouli,,https://huggingface.co/datasets/doevent/perfume
10340,Alyssa Ashley,Oud Pour Elle,2012,https://www.fragrantica.com/perfume/Alyssa-Ashley/Oud-Pour-Elle-24518.html
10341,Alyssa Ashley,Oud Pour Lui,2012,https://www.fragrantica.com/perfume/Alyssa-Ashley/Oud-Pour-Lui-24519.html
10342,Alyssa Ashley,Purple Elixir,2018,https://www.fragrantica.com/perfume/Alyssa-Ashley/Purple-Elixir-52035.html
10343,Alyssa Ashley,Red Berry Musk,,https://huggingface.co/datasets/doevent/perfume
10344,Alyssa Ashley,RedBerry Musk Eau de Parfum,2022,https://www.fragrantica.com/perfume/Alyssa-Ashley/RedBerry-Musk-Eau-de-Parfum-72559.html
10345,Alyssa Ashley,Rose Musk,2020,https://www.fragrantica.com/perfume/Alyssa-Ashley/Rose-Musk-63702.html
10346,Alyssa Ashley,Tonka Musk,2020,https://www.fragrantica.com/perfume/Alyssa-Ashley/Tonka-Musk-63701.html
10347,Alyssa Ashley,Vanilla,1990,https://www.fragrantica.com/perfume/Alyssa-Ashley/Vanilla-8134.html
10348,Alyssa Ashley,Vanilla Eau De Toilette,,https://huggingface.co/datasets/doevent/perfume
10349,Alyssa Ashley,White Musk,2000,https://www.fragrantica.com/perfume/Alyssa-Ashley/White-Musk-5783.html
10350,Alyssa Ashley,White Musk Eau de Parfum,2022,https://www.fragrantica.com/perfume/Alyssa-Ashley/White-Musk-Eau-de-Parfum-72560.html
10351,Alyssa Ashley,White Musk Perfume Oil,2000,https://www.fragrantica.com/perfume/Alyssa-Ashley/White-Musk-Perfume-Oil-101946.html
10352,Alyssa Ashley,White Patchouli,2022,https://www.fragrantica.com/perfume/Alyssa-Ashley/White-Patchouli-105783.html
10353,Alyssa Ashley,Wildflower,,https://www.fragrantica.com/perfume/Alyssa-Ashley/Wildflower-20454.html
10354,Amacyn,I Am Ascent,,https://www.fragrantica.com/perfume/Amacyn/I-Am-Ascent-75406.html
10355,Amacyn,I Am Bliss,,https://www.fragrantica.com/perfume/Amacyn/I-Am-Bliss-75407.html
10356,Amacyn,I Am Change,,https://www.fragrantica.com/perfume/Amacyn/I-Am-Change-75408.html
10357,Amacyn,I Am Energy,,https://www.fragrantica.com/perfume/Amacyn/I-Am-Energy-75411.html
10358,Amacyn,I Am Free,,https://www.fragrantica.com/perfume/Amacyn/I-Am-Free-75409.html
10359,Amacyn,I Am Gentle,,https://www.fragrantica.com/perfume/Amacyn/I-Am-Gentle-75410.html
10360,Amacyn,I Am Kind,,https://www.fragrantica.com/perfume/Amacyn/I-Am-Kind-75412.html
10361,Amacyn,I Am Light,,https://www.fragrantica.com/perfume/Amacyn/I-Am-Light-75416.html
10362,Amacyn,I Am Love,,https://www.fragrantica.com/perfume/Amacyn/I-Am-Love-75413.html
10363,Amacyn,I Am Music,,https://www.fragrantica.com/perfume/Amacyn/I-Am-Music-75405.html
10364,Amacyn,I Am Passion,,https://www.fragrantica.com/perfume/Amacyn/I-Am-Passion-75404.html
10365,Amacyn,I Am Sempre Vivo,,https://www.fragrantica.com/perfume/Amacyn/I-Am-Sempre-Vivo-75415.html
10366,Amacyn,I Am Strong,,https://www.fragrantica.com/perfume/Amacyn/I-Am-Strong-75414.html
10367,Amado,Amado Intense,2017,https://www.fragrantica.com/perfume/Amado/Amado-Intense-48261.html
10368,Amado,Amber Royal,2017,https://www.fragrantica.com/perfume/Amado/Amber-Royal-48263.html
10369,Amado,Antique,2023,https://www.fragrantica.com/perfume/Amado/Antique-88400.html
10370,Amado,Arabian Heritage,2017,https://www.fragrantica.com/perfume/Amado/Arabian-Heritage-48257.html
10371,Amado,Arabian Rose,2014,https://www.fragrantica.com/perfume/Amado/Arabian-Rose-48255.html
10372,Amado,Blue Incense,2026,https://www.fragrantica.com/perfume/Amado/Blue-Incense-118279.html
10373,Amado,Cuir Sublime,2023,https://www.fragrantica.com/perfume/Amado/Cuir-Sublime-88403.html
10374,Amado,Desirable,2020,https://www.fragrantica.com/perfume/Amado/Desirable-58841.html
10375,Amado,Eau de Vanille,2026,https://www.fragrantica.com/perfume/Amado/Eau-de-Vanille-118271.html
10376,Amado,Epic Desert,2023,https://www.fragrantica.com/perfume/Amado/Epic-Desert-88409.html
10377,Amado,Immortal Oud,2014,https://www.fragrantica.com/perfume/Amado/Immortal-Oud-48254.html
10378,Amado,Imperial Oud,2014,https://www.fragrantica.com/perfume/Amado/Imperial-Oud-48256.html
10379,Amado,Intuitive,2017,https://www.fragrantica.com/perfume/Amado/Intuitive-48258.html
10380,Amado,Iris Intimate,2026,https://www.fragrantica.com/perfume/Amado/Iris-Intimate-118275.html
10381,Amado,L'amateur,2020,https://www.fragrantica.com/perfume/Amado/L-amateur-58840.html
10382,Amado,Le Musc,2020,https://www.fragrantica.com/perfume/Amado/Le-Musc-63218.html
10383,Amado,Magic Sapphire,2026,https://www.fragrantica.com/perfume/Amado/Magic-Sapphire-118273.html
10384,Amado,My Immortal,2023,https://www.fragrantica.com/perfume/Amado/My-Immortal-88397.html
10385,Amado,My Muse,2017,https://www.fragrantica.com/perfume/Amado/My-Muse-48287.html
10386,Amado,My Muse,2023,https://www.fragrantica.com/perfume/Amado/My-Muse-88407.html
10387,Amado,Nuit de Rave,2023,https://www.fragrantica.com/perfume/Amado/Nuit-de-Rave-88406.html
10388,Amado,Nuit de Reve,2020,https://www.fragrantica.com/perfume/Amado/Nuit-de-Reve-58842.html
10389,Amado,Opulent,2017,https://www.fragrantica.com/perfume/Amado/Opulent-48259.html
10390,Amado,Oud Empire,2023,https://www.fragrantica.com/perfume/Amado/Oud-Empire-88399.html
10391,Amado,Oud Mystere,2017,https://www.fragrantica.com/perfume/Amado/Oud-Mystere-48264.html
10392,Amado,Oud Regalis,2026,https://www.fragrantica.com/perfume/Amado/Oud-Regalis-118274.html
10393,Amado,Perle d'Orient,2017,https://www.fragrantica.com/perfume/Amado/Perle-d-Orient-48260.html
10394,Amado,Persuasive,2020,https://www.fragrantica.com/perfume/Amado/Persuasive-58843.html
10395,Amado,Persuasive,2026,https://www.fragrantica.com/perfume/Amado/Persuasive-118277.html
10396,Amado,Persuasive Intense,2023,https://www.fragrantica.com/perfume/Amado/Persuasive-Intense-88408.html
10397,Amado,Professor,2023,https://www.fragrantica.com/perfume/Amado/Professor-88405.html
10398,Amado,Pure Saffron,2023,https://www.fragrantica.com/perfume/Amado/Pure-Saffron-88401.html
10399,Amado,Seduction,2019,https://www.fragrantica.com/perfume/Amado/Seduction-59101.html
10400,Amado,Shisha,2017,https://www.fragrantica.com/perfume/Amado/Shisha-48262.html
10401,Amado,Shisha II,2020,https://www.fragrantica.com/perfume/Amado/Shisha-II-63217.html
10402,Amado,Spice Tobacco,2023,https://www.fragrantica.com/perfume/Amado/Spice-Tobacco-88396.html
10403,Amado,Sublime,2017,https://www.fragrantica.com/perfume/Amado/Sublime-48288.html
10404,Amado,Velvet Patchouli,2020,https://www.fragrantica.com/perfume/Amado/Velvet-Patchouli-58844.html
10405,Amado,Veneno,2023,https://www.fragrantica.com/perfume/Amado/Veneno-88404.html
10406,Amado,Vogue,2023,https://www.fragrantica.com/perfume/Amado/Vogue-88398.html
10407,Amaffi Perfume House,Apollon,1994,https://www.parfumo.com/Perfumes/amaffi/apollon
10408,Amaffi Perfume House,Arcanum,2016,https://www.fragrantica.com/perfume/Amaffi-Perfume-House/Arcanum-67911.html
10409,Amaffi Perfume House,Ariadna,2015,https://www.parfumo.com/Perfumes/amaffi/ariadna
10410,Amaffi Perfume House,Chantage,,https://www.parfumo.com/Perfumes/amaffi/chantage
10411,Amaffi Perfume House,Forever Tango,2016,https://www.fragrantica.com/perfume/Amaffi-Perfume-House/Forever-Tango-67909.html
10412,Amaffi Perfume House,Glory,2016,https://www.fragrantica.com/perfume/Amaffi-Perfume-House/Glory-67907.html
10413,Amaffi Perfume House,Glory for Men,,https://www.parfumo.com/Perfumes/amaffi/glory-for-men
10414,Amaffi Perfume House,Glory for Women,2015,https://www.parfumo.com/Perfumes/amaffi/glory-for-women
10415,Amaffi Perfume House,Hot Heart,2009,https://www.parfumo.com/Perfumes/amaffi/hot-heart
10416,Amaffi Perfume House,Indulgence,2010,https://www.parfumo.com/Perfumes/amaffi/indulgence
10417,Amaffi Perfume House,June Night,,https://www.parfumo.com/Perfumes/amaffi/june-night
10418,Amaffi Perfume House,Lucky Dice,,https://www.parfumo.com/Perfumes/amaffi/lucky-dice
10419,Amaffi Perfume House,Maracoca,2024,https://www.fragrantica.com/perfume/Amaffi-Perfume-House/Maracoca-92321.html
10420,Amaffi Perfume House,Ovation,2016,https://www.fragrantica.com/perfume/Amaffi-Perfume-House/Ovation-67908.html
10421,Amaffi Perfume House,Power,2016,https://www.fragrantica.com/perfume/Amaffi-Perfume-House/Power-67905.html
10422,Amaffi Perfume House,Richness,2016,https://www.fragrantica.com/perfume/Amaffi-Perfume-House/Richness-67906.html
10423,Amali New York,Crystal Cherry,2026,https://www.fragrantica.com/perfume/Amali-New-York/Crystal-Cherry-140015.html
10424,Amali New York,Damascus Oud,2026,https://www.fragrantica.com/perfume/Amali-New-York/Damascus-Oud-140014.html
10425,Amali New York,Enigma,2026,https://www.fragrantica.com/perfume/Amali-New-York/Enigma-140020.html
10426,Amali New York,Hepcat,2026,https://www.fragrantica.com/perfume/Amali-New-York/Hepcat-140019.html
10427,Amali New York,Infinite Saffron,2026,https://www.fragrantica.com/perfume/Amali-New-York/Infinite-Saffron-140023.html
10428,Amali New York,Saddle Leather,2026,https://www.fragrantica.com/perfume/Amali-New-York/Saddle-Leather-140021.html
10429,Amali New York,Second Skin,2026,https://www.fragrantica.com/perfume/Amali-New-York/Second-Skin-140017.html
10430,Amali New York,Source,2026,https://www.fragrantica.com/perfume/Amali-New-York/Source-140016.html
10431,Amali New York,Surprise,2026,https://www.fragrantica.com/perfume/Amali-New-York/Surprise-140018.html
10432,Amali New York,Vanero,2026,https://www.fragrantica.com/perfume/Amali-New-York/Vanero-140022.html
10433,Aman,Alta,2021,https://www.fragrantica.com/perfume/Aman/Alta-67521.html
10434,Aman,Ayom,2021,https://www.fragrantica.com/perfume/Aman/Ayom-67522.html
10435,Aman,Haru,2021,https://www.fragrantica.com/perfume/Aman/Haru-67519.html
10436,Aman,Mavi,2025,https://www.fragrantica.com/perfume/Aman/Mavi-113193.html
10437,Aman,Sei,2021,https://www.fragrantica.com/perfume/Aman/Sei-67520.html
10438,Aman,Umbr,2021,https://www.fragrantica.com/perfume/Aman/Umbr-67523.html
10439,Aman,Vayu,2021,https://www.fragrantica.com/perfume/Aman/Vayu-67525.html
10440,Aman,Zuac,2021,https://www.fragrantica.com/perfume/Aman/Zuac-67526.html
10441,Amanda Lepore,Amanda,2008,https://www.fragrantica.com/perfume/Amanda-Lepore/Amanda-10329.html
10442,Amanzar,Sayron,2025,https://www.fragrantica.com/perfume/Amanzar/Sayron-141479.html
10443,Amaran,Fanoos,2025,https://www.fragrantica.com/perfume/Amaran/Fanoos-108245.html
10444,Amaran,Fanoos Siraj,2025,https://www.fragrantica.com/perfume/Amaran/Fanoos-Siraj-108246.html
10445,Amaran,Funoon Amaze,2025,https://www.fragrantica.com/perfume/Amaran/Funoon-Amaze-108247.html
10446,Amaran,Funoon Beauty,2025,https://www.fragrantica.com/perfume/Amaran/Funoon-Beauty-108249.html
10447,Amaran,Gelato Cotton Candy Craze,,https://www.fragrantica.com/perfume/Amaran/Gelato-Cotton-Candy-Craze-119586.html
10448,Amaran,Gelato Mango Tango,,https://www.fragrantica.com/perfume/Amaran/Gelato-Mango-Tango-119580.html
10449,Amaran,Gelato Very Berry Strawberry,,https://www.fragrantica.com/perfume/Amaran/Gelato-Very-Berry-Strawberry-119582.html
10450,Amaran,Gelato Viva La Vanilla,,https://www.fragrantica.com/perfume/Amaran/Gelato-Viva-La-Vanilla-119585.html
10451,Amaran,Iquna,2025,https://www.fragrantica.com/perfume/Amaran/Iquna-108250.html
10452,Amaran,Iquna Gold,2025,https://www.fragrantica.com/perfume/Amaran/Iquna-Gold-108251.html
10453,Amaran,Kafu,2025,https://www.fragrantica.com/perfume/Amaran/Kafu-108252.html
10454,Amaran,Kafu Al Nasr,2025,https://www.fragrantica.com/perfume/Amaran/Kafu-Al-Nasr-108253.html
10455,Amaran,Kings & Queens Blossom,2021,https://www.fragrantica.com/perfume/Amaran/Kings-Queens-Blossom-108752.html
10456,Amaran,Kings & Queens Blue,2021,https://www.fragrantica.com/perfume/Amaran/Kings-Queens-Blue-108753.html
10457,Amaran,Kings & Queens Elixir,2023,https://www.fragrantica.com/perfume/Amaran/Kings-Queens-Elixir-108754.html
10458,Amaran,Kings & Queens Ethos,2021,https://www.fragrantica.com/perfume/Amaran/Kings-Queens-Ethos-108756.html
10459,Amaran,Kings & Queens Excellence,2021,https://www.fragrantica.com/perfume/Amaran/Kings-Queens-Excellence-108757.html
10460,Amaran,Kings & Queens Malik,2025,https://www.fragrantica.com/perfume/Amaran/Kings-Queens-Malik-108758.html
10461,Amaran,Kings & Queens Malika,2025,https://www.fragrantica.com/perfume/Amaran/Kings-Queens-Malika-108761.html
10462,Amaran,Kings & Queens Phenomena,2023,https://www.fragrantica.com/perfume/Amaran/Kings-Queens-Phenomena-108759.html
10463,Amaran,Kings & Queens Pure Aruba,2023,https://www.fragrantica.com/perfume/Amaran/Kings-Queens-Pure-Aruba-108763.html
10464,Amaran,Kings & Queens Tobacco,2023,https://www.fragrantica.com/perfume/Amaran/Kings-Queens-Tobacco-108765.html
10465,Amaran,Masa Glow,2025,https://www.fragrantica.com/perfume/Amaran/Masa-Glow-121644.html
10466,Amaran,Masa Infinity,2025,https://www.fragrantica.com/perfume/Amaran/Masa-Infinity-121643.html
10467,Amaran,Masa Sparkle,2025,https://www.fragrantica.com/perfume/Amaran/Masa-Sparkle-121642.html
10468,Amaran,Oxana Patchouli,2020,https://www.fragrantica.com/perfume/Amaran/Oxana-Patchouli-120101.html
10469,Amaran,Oxana Súgar,2024,https://www.fragrantica.com/perfume/Amaran/Oxana-Sugar-108255.html
10470,Amaran,Qamarain For Her,2025,https://www.fragrantica.com/perfume/Amaran/Qamarain-For-Her-121637.html
10471,Amaran,Qamarain For Him,2025,https://www.fragrantica.com/perfume/Amaran/Qamarain-For-Him-121638.html
10472,Amaran,Silverado 21,2024,https://www.fragrantica.com/perfume/Amaran/Silverado-21-108256.html
10473,Amaran,Silverado 56,2024,https://www.fragrantica.com/perfume/Amaran/Silverado-56-108257.html
10474,Amaran,Silverado 83,2024,https://www.fragrantica.com/perfume/Amaran/Silverado-83-108258.html
10475,Amaran,Sugary Fusion,2026,https://www.fragrantica.com/perfume/Amaran/Sugary-Fusion-137130.html
10476,Amaran,Taraf Bleu,2025,https://www.fragrantica.com/perfume/Amaran/Taraf-Bleu-121641.html
10477,Amaran,Taraf Rouge,2025,https://www.fragrantica.com/perfume/Amaran/Taraf-Rouge-121640.html
10478,Amaran,Taraf Verde,2025,https://www.fragrantica.com/perfume/Amaran/Taraf-Verde-121639.html
10479,Amaran,Uqab,2025,https://www.fragrantica.com/perfume/Amaran/Uqab-108259.html
10480,Amaran,Uqab Rihla,2025,https://www.fragrantica.com/perfume/Amaran/Uqab-Rihla-108260.html
10481,Amaran,Voca Pink,2025,https://www.fragrantica.com/perfume/Amaran/Voca-Pink-142347.html
10482,Amaranthvs,a Grimm Rose,2019,https://www.fragrantica.com/perfume/Amaranthvs/a-Grimm-Rose-59458.html
10483,Amaranthvs,Ad Anapo,2020,https://www.fragrantica.com/perfume/Amaranthvs/Ad-Anapo-62690.html
10484,Amaranthvs,Angels Trumpets,2020,https://www.fragrantica.com/perfume/Amaranthvs/Angels-Trumpets-59666.html
10485,Amaranthvs,Aqva Avrea,2020,https://www.fragrantica.com/perfume/Amaranthvs/Aqva-Avrea-62691.html
10486,Amaranthvs,Audrey's Red,2021,https://www.fragrantica.com/perfume/Amaranthvs/Audrey-s-Red-65877.html
10487,Amaranthvs,Baccvs,2020,https://www.fragrantica.com/perfume/Amaranthvs/Baccvs-62694.html
10488,Amaranthvs,Cabaret Obscure,2020,https://www.fragrantica.com/perfume/Amaranthvs/Cabaret-Obscure-66004.html
10489,Amaranthvs,Eau Mitraique,2020,https://www.fragrantica.com/perfume/Amaranthvs/Eau-Mitraique-66007.html
10490,Amaranthvs,Eu Pan,2020,https://www.fragrantica.com/perfume/Amaranthvs/Eu-Pan-66010.html
10491,Amaranthvs,Flora Narcotica,2020,https://www.fragrantica.com/perfume/Amaranthvs/Flora-Narcotica-59667.html
10492,Amaranthvs,Flora Paradisi,2020,https://www.fragrantica.com/perfume/Amaranthvs/Flora-Paradisi-62692.html
10493,Amaranthvs,Holy Weed,2020,https://www.fragrantica.com/perfume/Amaranthvs/Holy-Weed-66018.html
10494,Amaranthvs,Lumine,2020,https://www.fragrantica.com/perfume/Amaranthvs/Lumine-62693.html
10495,Amaranthvs,Makai,2021,https://www.fragrantica.com/perfume/Amaranthvs/Makai-68170.html
10496,Amaranthvs,Mariposa,2025,https://www.fragrantica.com/perfume/Amaranthvs/Mariposa-116211.html
10497,Amaranthvs,Memini,2019,https://www.fragrantica.com/perfume/Amaranthvs/Memini-61920.html
10498,Amaranthvs,Monique Très Chic,,https://www.fragrantica.com/perfume/Amaranthvs/Monique-Tres-Chic-116002.html
10499,Amaranthvs,PerSéfone,2020,https://www.fragrantica.com/perfume/Amaranthvs/PerSefone-66020.html
10500,Amaranthvs,Rituale Rosso,2021,https://www.fragrantica.com/perfume/Amaranthvs/Rituale-Rosso-68169.html
10501,Amaranthvs,Terra d’Ombra,2020,https://www.fragrantica.com/perfume/Amaranthvs/Terra-d-Ombra-65999.html
10502,Amaranthvs,Terrae di Siena,2017,https://www.fragrantica.com/perfume/Amaranthvs/Terrae-di-Siena-52590.html
10503,Amaranthvs,Une Rose Qui Danse,2020,https://www.fragrantica.com/perfume/Amaranthvs/Une-Rose-Qui-Danse-66021.html
10504,Amarsi Fragrances,Blue Sacra,2020,https://www.fragrantica.com/perfume/Amarsi-Fragrances/Blue-Sacra-70429.html
10505,Amarsi Fragrances,Co Co Violet,2020,https://www.fragrantica.com/perfume/Amarsi-Fragrances/Co-Co-Violet-70431.html
10506,Amarsi Fragrances,Grietas de Oro,2023,https://www.fragrantica.com/perfume/Amarsi-Fragrances/Grietas-de-Oro-80373.html
10507,Amarsi Fragrances,Ibiza Wood,2020,https://www.fragrantica.com/perfume/Amarsi-Fragrances/Ibiza-Wood-70430.html
10508,Amarsi Fragrances,Illegal Honey,2020,https://www.fragrantica.com/perfume/Amarsi-Fragrances/Illegal-Honey-70432.html
10509,Amarsi Fragrances,London Fields,2020,https://www.fragrantica.com/perfume/Amarsi-Fragrances/London-Fields-70433.html
10510,Amarsi Fragrances,Naked Rose,2020,https://www.fragrantica.com/perfume/Amarsi-Fragrances/Naked-Rose-70434.html
10511,Amarsi Fragrances,Saffron Madness,2020,https://www.fragrantica.com/perfume/Amarsi-Fragrances/Saffron-Madness-70435.html
10512,Amarsi Fragrances,Sombras De Oro,2024,https://www.fragrantica.com/perfume/Amarsi-Fragrances/Sombras-De-Oro-91413.html
10513,Amazing Creation,Aqua Elixir,,https://www.fragrantica.com/perfume/Amazing-Creation/Aqua-Elixir-131321.html
10514,Amazing Creation,Clementine,,https://www.fragrantica.com/perfume/Amazing-Creation/Clementine-131334.html
10515,Amazing Creation,Cotton Candy,,https://www.fragrantica.com/perfume/Amazing-Creation/Cotton-Candy-131316.html
10516,Amazing Creation,Ghadheer,,https://www.fragrantica.com/perfume/Amazing-Creation/Ghadheer-131336.html
10517,Amazing Creation,Glam Girl,,https://www.fragrantica.com/perfume/Amazing-Creation/Glam-Girl-131332.html
10518,Amazing Creation,Golden Oud,,https://www.fragrantica.com/perfume/Amazing-Creation/Golden-Oud-131329.html
10519,Amazing Creation,Gorgeous,,https://www.fragrantica.com/perfume/Amazing-Creation/Gorgeous-131319.html
10520,Amazing Creation,Intense Oud,,https://www.fragrantica.com/perfume/Amazing-Creation/Intense-Oud-131326.html
10521,Amazing Creation,Junoon,,https://www.fragrantica.com/perfume/Amazing-Creation/Junoon-131325.html
10522,Amazing Creation,Khayal,,https://www.fragrantica.com/perfume/Amazing-Creation/Khayal-131335.html
10523,Amazing Creation,La Magie,,https://www.fragrantica.com/perfume/Amazing-Creation/La-Magie-131341.html
10524,Amazing Creation,Leather No.7,2021,https://www.fragrantica.com/perfume/Amazing-Creation/Leather-No-7-116000.html
10525,Amazing Creation,Nafsee,,https://www.fragrantica.com/perfume/Amazing-Creation/Nafsee-131324.html
10526,Amazing Creation,Narcotique,2023,https://www.fragrantica.com/perfume/Amazing-Creation/Narcotique-115999.html
10527,Amazing Creation,Niche Lavender,,https://www.fragrantica.com/perfume/Amazing-Creation/Niche-Lavender-131342.html
10528,Amazing Creation,Ombre,,https://www.fragrantica.com/perfume/Amazing-Creation/Ombre-131328.html
10529,Amazing Creation,Oriental Bergamot,,https://www.fragrantica.com/perfume/Amazing-Creation/Oriental-Bergamot-131330.html
10530,Amazing Creation,Oud Collection I,,https://www.fragrantica.com/perfume/Amazing-Creation/Oud-Collection-I-131351.html
10531,Amazing Creation,Oud Collection II,,https://www.fragrantica.com/perfume/Amazing-Creation/Oud-Collection-II-131346.html
10532,Amazing Creation,Oud Collection III,,https://www.fragrantica.com/perfume/Amazing-Creation/Oud-Collection-III-131348.html
10533,Amazing Creation,Oud Dahabi,,https://www.fragrantica.com/perfume/Amazing-Creation/Oud-Dahabi-131323.html
10534,Amazing Creation,Rayhana,,https://www.fragrantica.com/perfume/Amazing-Creation/Rayhana-131315.html
10535,Amazing Creation,Rosematic,,https://www.fragrantica.com/perfume/Amazing-Creation/Rosematic-131339.html
10536,Amazing Creation,Saqr,,https://www.fragrantica.com/perfume/Amazing-Creation/Saqr-131317.html
10537,Amazing Creation,So Chocolate,,https://www.fragrantica.com/perfume/Amazing-Creation/So-Chocolate-79935.html
10538,Amazing Creation,Sweet Oud,,https://www.fragrantica.com/perfume/Amazing-Creation/Sweet-Oud-131340.html
10539,Amazing Creation,Velvet Flame,,https://www.fragrantica.com/perfume/Amazing-Creation/Velvet-Flame-131322.html
10540,Amazing Creation,Way to Paradise,,https://www.fragrantica.com/perfume/Amazing-Creation/Way-to-Paradise-131337.html
10541,Amazing Creation,Wood Intense,,https://www.fragrantica.com/perfume/Amazing-Creation/Wood-Intense-131327.html
10542,Amazonia Viva,Floresta,2013,https://www.fragrantica.com/perfume/Amazonia-Viva/Floresta-24614.html
10543,Amazonia Viva,Madeiras,2013,https://www.fragrantica.com/perfume/Amazonia-Viva/Madeiras-24612.html
10544,Amazonia Viva,Preciosa,2013,https://www.fragrantica.com/perfume/Amazonia-Viva/Preciosa-24613.html
10545,Amber Oud,Dusk,2017,https://www.fragrantica.com/perfume/Amber-Oud/Dusk-73030.html
10546,Amber Oud,ECHO DE BOIS,2018,https://www.fragrantica.com/perfume/Amber-Oud/ECHO-DE-BOIS-73032.html
10547,Amber Oud,Elixir,2018,https://www.fragrantica.com/perfume/Amber-Oud/Elixir-73036.html
10548,Amber Oud,Noble oak,2018,https://www.fragrantica.com/perfume/Amber-Oud/Noble-oak-73038.html
10549,Amber Oud,Onyx,2018,https://www.fragrantica.com/perfume/Amber-Oud/Onyx-73037.html
10550,Amber Oud,OUD LIMITED,2018,https://www.fragrantica.com/perfume/Amber-Oud/OUD-LIMITED-73033.html
10551,Amber Oud,Oud Yard Eau De Parfum,2017,https://www.fragrantica.com/perfume/Amber-Oud/Oud-Yard-Eau-De-Parfum-73028.html
10552,Amber Oud,Sillage,2017,https://www.fragrantica.com/perfume/Amber-Oud/Sillage-73029.html
10553,Amber Oud,Snow Musk,2018,https://www.fragrantica.com/perfume/Amber-Oud/Snow-Musk-73034.html
10554,Amber Oud,Soul,2018,https://www.fragrantica.com/perfume/Amber-Oud/Soul-73035.html
10555,Amber Oud,Spice Touch,2017,https://www.fragrantica.com/perfume/Amber-Oud/Spice-Touch-73031.html
10556,Amberfig,Amberfig Eau de Parfum,2016,https://www.fragrantica.com/perfume/Amberfig/Amberfig-Eau-de-Parfum-44564.html
10557,Amberfig,Amberfig Eau de Toilette,2016,https://www.fragrantica.com/perfume/Amberfig/Amberfig-Eau-de-Toilette-44563.html
10558,Amberfig,Amberfig Extrait,2016,https://www.fragrantica.com/perfume/Amberfig/Amberfig-Extrait-44565.html
10559,Amberfig,Ambratto,2026,https://www.fragrantica.com/perfume/Amberfig/Ambratto-136001.html
10560,Amberfig,Bamboo & Green Tea,2015,https://www.fragrantica.com/perfume/Amberfig/Bamboo-Green-Tea-30473.html
10561,Amberfig,Bittersweet,2017,https://www.fragrantica.com/perfume/Amberfig/Bittersweet-52399.html
10562,Amberfig,Black Tie,2025,https://www.fragrantica.com/perfume/Amberfig/Black-Tie-123153.html
10563,Amberfig,Blue Cypress,2016,https://www.fragrantica.com/perfume/Amberfig/Blue-Cypress-44567.html
10564,Amberfig,Café Massoïa,2015,https://www.fragrantica.com/perfume/Amberfig/Cafe-Massoia-30470.html
10565,Amberfig,Citron Noir,2018,https://www.fragrantica.com/perfume/Amberfig/Citron-Noir-52403.html
10566,Amberfig,Citron Soleil,2025,https://www.fragrantica.com/perfume/Amberfig/Citron-Soleil-123152.html
10567,Amberfig,Cuir Fétiche,2016,https://www.fragrantica.com/perfume/Amberfig/Cuir-Fetiche-44568.html
10568,Amberfig,Famonty,2017,https://www.fragrantica.com/perfume/Amberfig/Famonty-52400.html
10569,Amberfig,Folie à Deux I,2026,https://www.fragrantica.com/perfume/Amberfig/Folie-a-Deux-I-123155.html
10570,Amberfig,Folie à Deux II,2026,https://www.fragrantica.com/perfume/Amberfig/Folie-a-Deux-II-123156.html
10571,Amberfig,Fraîcheur d'Orange,2020,https://www.fragrantica.com/perfume/Amberfig/Fraicheur-d-Orange-61132.html
10572,Amberfig,Green Wood,2018,https://www.fragrantica.com/perfume/Amberfig/Green-Wood-52409.html
10573,Amberfig,Infiniment Mandarine,2018,https://www.fragrantica.com/perfume/Amberfig/Infiniment-Mandarine-52404.html
10574,Amberfig,Intoxicated,2022,https://www.fragrantica.com/perfume/Amberfig/Intoxicated-78892.html
10575,Amberfig,Iris d'Or,2015,https://www.fragrantica.com/perfume/Amberfig/Iris-d-Or-31892.html
10576,Amberfig,Iris Dark,2017,https://www.fragrantica.com/perfume/Amberfig/Iris-Dark-52402.html
10577,Amberfig,Ispahan,2018,https://www.fragrantica.com/perfume/Amberfig/Ispahan-52407.html
10578,Amberfig,Jardin des Papillons,2025,https://www.fragrantica.com/perfume/Amberfig/Jardin-des-Papillons-123151.html
10579,Amberfig,L'Orange Fumée,2021,https://www.fragrantica.com/perfume/Amberfig/L-Orange-Fumee-87249.html
10580,Amberfig,L'oud,2024,https://www.fragrantica.com/perfume/Amberfig/L-oud-123158.html
10581,Amberfig,La Vie En Rose,2016,https://www.fragrantica.com/perfume/Amberfig/La-Vie-En-Rose-44566.html
10582,Amberfig,Luminescência,2014,https://www.fragrantica.com/perfume/Amberfig/Luminescencia-30469.html
10583,Amberfig,Mademoiselle,2019,https://www.fragrantica.com/perfume/Amberfig/Mademoiselle-56176.html
10584,Amberfig,Matcha Latte,2026,https://www.fragrantica.com/perfume/Amberfig/Matcha-Latte-135999.html
10585,Amberfig,Mavka,2025,https://www.fragrantica.com/perfume/Amberfig/Mavka-123157.html
10586,Amberfig,Mon Amour,2025,https://www.fragrantica.com/perfume/Amberfig/Mon-Amour-123159.html
10587,Amberfig,Monsieur,2019,https://www.fragrantica.com/perfume/Amberfig/Monsieur-56175.html
10588,Amberfig,Orange Flamboyant,2018,https://www.fragrantica.com/perfume/Amberfig/Orange-Flamboyant-52406.html
10589,Amberfig,Oriental Noir,2014,https://www.fragrantica.com/perfume/Amberfig/Oriental-Noir-30468.html
10590,Amberfig,Oudh,2015,https://www.fragrantica.com/perfume/Amberfig/Oudh-35474.html
10591,Amberfig,Papiro,2016,https://www.fragrantica.com/perfume/Amberfig/Papiro-36422.html
10592,Amberfig,Papiro Absoluto,2018,https://www.fragrantica.com/perfume/Amberfig/Papiro-Absoluto-52410.html
10593,Amberfig,Peignoir,2023,https://www.fragrantica.com/perfume/Amberfig/Peignoir-87218.html
10594,Amberfig,Pluie D'Orange,2018,https://www.fragrantica.com/perfume/Amberfig/Pluie-D-Orange-52405.html
10595,Amberfig,Pomelo,2019,https://www.fragrantica.com/perfume/Amberfig/Pomelo-56174.html
10596,Amberfig,Precious Oud,2018,https://www.fragrantica.com/perfume/Amberfig/Precious-Oud-52412.html
10597,Amberfig,Santal Café,2020,https://www.fragrantica.com/perfume/Amberfig/Santal-Cafe-61133.html
10598,Amberfig,Santal Rouge,2018,https://www.fragrantica.com/perfume/Amberfig/Santal-Rouge-52411.html
10599,Amberfig,Santé,2025,https://www.fragrantica.com/perfume/Amberfig/Sante-123154.html
10600,Amberfig,Smoking Lounge,2015,https://www.fragrantica.com/perfume/Amberfig/Smoking-Lounge-30471.html
10601,Amberfig,Tabac Royal,2018,https://www.fragrantica.com/perfume/Amberfig/Tabac-Royal-52408.html
10602,Amberfig,Ténèbres,2019,https://www.fragrantica.com/perfume/Amberfig/Tenebres-56177.html
10603,Amberfig,Tonkalmond,2019,https://www.fragrantica.com/perfume/Amberfig/Tonkalmond-56178.html
10604,Amberfig,Trou Noir,2020,https://www.fragrantica.com/perfume/Amberfig/Trou-Noir-84823.html
10605,Amberfig,Vanille Sucré,2017,https://www.fragrantica.com/perfume/Amberfig/Vanille-Sucre-52401.html
10606,Amberfig,Vetivert,2021,https://www.fragrantica.com/perfume/Amberfig/Vetivert-78891.html
10607,Amberfig,Vive La Fête,2017,https://www.fragrantica.com/perfume/Amberfig/Vive-La-Fete-52398.html
10608,Amberfig,Yasamin,2014,https://www.fragrantica.com/perfume/Amberfig/Yasamin-30472.html
10609,Amberfig,Zest Pétillant,2026,https://www.fragrantica.com/perfume/Amberfig/Zest-Petillant-135998.html
10610,Ambregris,Ambre et Diamant Noir,,https://www.fragrantica.com/perfume/Ambregris/Ambre-et-Diamant-Noir-24299.html
10611,Ambreth,Beloved,2026,https://www.fragrantica.com/perfume/Ambreth/Beloved-131834.html
10612,Ambreth,Coastal,2026,https://www.fragrantica.com/perfume/Ambreth/Coastal-131836.html
10613,Ambreth,Daliya – Red Musk,2026,https://www.fragrantica.com/perfume/Ambreth/Daliya-Red-Musk-131869.html
10614,Ambreth,Elysium,2026,https://www.fragrantica.com/perfume/Ambreth/Elysium-131838.html
10615,Ambreth,Eterry,2026,https://www.fragrantica.com/perfume/Ambreth/Eterry-131841.html
10616,Ambreth,Imperial Trail,2026,https://www.fragrantica.com/perfume/Ambreth/Imperial-Trail-131844.html
10617,Ambreth,Layla - Pure Musk,2026,https://www.fragrantica.com/perfume/Ambreth/Layla-Pure-Musk-131868.html
10618,Ambreth,Lily of the Valley,2026,https://www.fragrantica.com/perfume/Ambreth/Lily-of-the-Valley-131847.html
10619,Ambreth,Limoncello,2026,https://www.fragrantica.com/perfume/Ambreth/Limoncello-131849.html
10620,Ambreth,Meridian 0°,2026,https://www.fragrantica.com/perfume/Ambreth/Meridian-00-131851.html
10621,Ambreth,Mysterious,2026,https://www.fragrantica.com/perfume/Ambreth/Mysterious-131853.html
10622,Ambreth,Praline,2026,https://www.fragrantica.com/perfume/Ambreth/Praline-131854.html
10623,Ambreth,Sillage,2026,https://www.fragrantica.com/perfume/Ambreth/Sillage-131855.html
10624,Ambreth,Solidus,2026,https://www.fragrantica.com/perfume/Ambreth/Solidus-131856.html
10625,Ambreth,Toasted Vanilla,2026,https://www.fragrantica.com/perfume/Ambreth/Toasted-Vanilla-131857.html
10626,Ambreth,Urban Legend,2026,https://www.fragrantica.com/perfume/Ambreth/Urban-Legend-131864.html
10627,Ambreth,Zéphir,2026,https://www.fragrantica.com/perfume/Ambreth/Zephir-131866.html
10628,AMD Perfumes,ABYSSAL GLARE,2025,https://www.fragrantica.com/perfume/AMD-Perfumes/ABYSSAL-GLARE-103175.html
10629,AMD Perfumes,Affair,2022,https://www.fragrantica.com/perfume/AMD-Perfumes/Affair-136786.html
10630,AMD Perfumes,Affaire Privee,2021,https://www.fragrantica.com/perfume/AMD-Perfumes/Affaire-Privee-123415.html
10631,AMD Perfumes,Ahmara,2025,https://www.fragrantica.com/perfume/AMD-Perfumes/Ahmara-122204.html
10632,AMD Perfumes,Al Almas,2019,https://www.fragrantica.com/perfume/AMD-Perfumes/Al-Almas-130679.html
10633,AMD Perfumes,Al Anood,2019,https://www.fragrantica.com/perfume/AMD-Perfumes/Al-Anood-130684.html
10634,AMD Perfumes,Al Aziz,2019,https://www.fragrantica.com/perfume/AMD-Perfumes/Al-Aziz-130685.html
10635,AMD Perfumes,Al Bilaade,2019,https://www.fragrantica.com/perfume/AMD-Perfumes/Al-Bilaade-130680.html
10636,AMD Perfumes,Al Faris,2019,https://www.fragrantica.com/perfume/AMD-Perfumes/Al-Faris-130683.html
10637,AMD Perfumes,All About Musk,2019,https://www.fragrantica.com/perfume/AMD-Perfumes/All-About-Musk-69642.html
10638,AMD Perfumes,AMBER GLOW,2025,https://www.fragrantica.com/perfume/AMD-Perfumes/AMBER-GLOW-103176.html
10639,AMD Perfumes,Amber Vibes,2018,https://www.fragrantica.com/perfume/AMD-Perfumes/Amber-Vibes-124237.html
10640,AMD Perfumes,Amour Eternel,2021,https://www.fragrantica.com/perfume/AMD-Perfumes/Amour-Eternel-123417.html
10641,AMD Perfumes,Ana Iman,2023,https://www.fragrantica.com/perfume/AMD-Perfumes/Ana-Iman-125010.html
10642,AMD Perfumes,Ana Khuloud,2023,https://www.fragrantica.com/perfume/AMD-Perfumes/Ana-Khuloud-125009.html
10643,AMD Perfumes,Ana Mariyam,2023,https://www.fragrantica.com/perfume/AMD-Perfumes/Ana-Mariyam-125008.html
10644,AMD Perfumes,Ana Rania,2023,https://www.fragrantica.com/perfume/AMD-Perfumes/Ana-Rania-125007.html
10645,AMD Perfumes,Ana Wa Inti First Part,2018,https://www.fragrantica.com/perfume/AMD-Perfumes/Ana-Wa-Inti-First-Part-136280.html
10646,AMD Perfumes,Ana Wa Inti Second Part,2018,https://www.fragrantica.com/perfume/AMD-Perfumes/Ana-Wa-Inti-Second-Part-136283.html
10647,AMD Perfumes,Aoud Royale,2021,https://www.fragrantica.com/perfume/AMD-Perfumes/Aoud-Royale-123416.html
10648,AMD Perfumes,Aoud Sepahan,2021,https://www.fragrantica.com/perfume/AMD-Perfumes/Aoud-Sepahan-123414.html
10649,AMD Perfumes,Arome Ravissant,2019,https://www.fragrantica.com/perfume/AMD-Perfumes/Arome-Ravissant-122961.html
10650,AMD Perfumes,Ash,2022,https://www.fragrantica.com/perfume/AMD-Perfumes/Ash-133261.html
10651,AMD Perfumes,ASHES PRIVILEGE,2025,https://www.fragrantica.com/perfume/AMD-Perfumes/ASHES-PRIVILEGE-103172.html
10652,AMD Perfumes,Athenara,2025,https://www.fragrantica.com/perfume/AMD-Perfumes/Athenara-134184.html
10653,AMD Perfumes,AURELE,2025,https://www.fragrantica.com/perfume/AMD-Perfumes/AURELE-121898.html
10654,AMD Perfumes,Autumn Diaries,2018,https://www.fragrantica.com/perfume/AMD-Perfumes/Autumn-Diaries-124240.html
10655,AMD Perfumes,Aveline,2025,https://www.fragrantica.com/perfume/AMD-Perfumes/Aveline-134186.html
10656,AMD Perfumes,Avenues,2019,https://www.fragrantica.com/perfume/AMD-Perfumes/Avenues-122959.html
10657,AMD Perfumes,Ayah,2022,https://www.fragrantica.com/perfume/AMD-Perfumes/Ayah-133264.html
10658,AMD Perfumes,Azul,2021,https://www.fragrantica.com/perfume/AMD-Perfumes/Azul-123958.html
10659,AMD Perfumes,Black Spice,2017,https://www.fragrantica.com/perfume/AMD-Perfumes/Black-Spice-125006.html
10660,AMD Perfumes,Bottled Bliss,2023,https://www.fragrantica.com/perfume/AMD-Perfumes/Bottled-Bliss-125305.html
10661,AMD Perfumes,Canvas,2024,https://www.fragrantica.com/perfume/AMD-Perfumes/Canvas-125304.html
10662,AMD Perfumes,Carafe,2026,https://www.fragrantica.com/perfume/AMD-Perfumes/Carafe-138587.html
10663,AMD Perfumes,Celestial Saga,2024,https://www.fragrantica.com/perfume/AMD-Perfumes/Celestial-Saga-111978.html
10664,AMD Perfumes,Chaos,2025,https://www.fragrantica.com/perfume/AMD-Perfumes/Chaos-121900.html
10665,AMD Perfumes,Chiffon,2024,https://www.fragrantica.com/perfume/AMD-Perfumes/Chiffon-125303.html
10666,AMD Perfumes,Citrus Blossom,2022,https://www.fragrantica.com/perfume/AMD-Perfumes/Citrus-Blossom-132357.html
10667,AMD Perfumes,Clair de Lune,2024,https://www.fragrantica.com/perfume/AMD-Perfumes/Clair-de-Lune-111981.html
10668,AMD Perfumes,Club,2022,https://www.fragrantica.com/perfume/AMD-Perfumes/Club-77152.html
10669,AMD Perfumes,Cocktail,2024,https://www.fragrantica.com/perfume/AMD-Perfumes/Cocktail-91393.html
10670,AMD Perfumes,Cold,2024,https://www.fragrantica.com/perfume/AMD-Perfumes/Cold-91392.html
10671,AMD Perfumes,Crema,2021,https://www.fragrantica.com/perfume/AMD-Perfumes/Crema-123960.html
10672,AMD Perfumes,Cuir Riche,2019,https://www.fragrantica.com/perfume/AMD-Perfumes/Cuir-Riche-122960.html
10673,AMD Perfumes,Damsel,2023,https://www.fragrantica.com/perfume/AMD-Perfumes/Damsel-136789.html
10674,AMD Perfumes,Dark Illusion,2025,https://www.fragrantica.com/perfume/AMD-Perfumes/Dark-Illusion-129048.html
10675,AMD Perfumes,Dazzle,2024,https://www.fragrantica.com/perfume/AMD-Perfumes/Dazzle-132670.html
10676,AMD Perfumes,De Bleu,2019,https://www.fragrantica.com/perfume/AMD-Perfumes/De-Bleu-122957.html
10677,AMD Perfumes,Dorée,2024,https://www.fragrantica.com/perfume/AMD-Perfumes/Doree-91391.html
10678,AMD Perfumes,Dulce,2021,https://www.fragrantica.com/perfume/AMD-Perfumes/Dulce-123962.html
10679,AMD Perfumes,Dusk Serenade,2025,https://www.fragrantica.com/perfume/AMD-Perfumes/Dusk-Serenade-129046.html
10680,AMD Perfumes,Eden Water,2025,https://www.fragrantica.com/perfume/AMD-Perfumes/Eden-Water-129049.html
10681,AMD Perfumes,Enchant,2024,https://www.fragrantica.com/perfume/AMD-Perfumes/Enchant-91390.html
10682,AMD Perfumes,ENGAGE - ADRENALINE,2024,https://www.fragrantica.com/perfume/AMD-Perfumes/ENGAGE-ADRENALINE-103177.html
10683,AMD Perfumes,Epic,2023,https://www.fragrantica.com/perfume/AMD-Perfumes/Epic-133256.html
10684,AMD Perfumes,Eva Pura,2019,https://www.fragrantica.com/perfume/AMD-Perfumes/Eva-Pura-122958.html
10685,AMD Perfumes,Fairytale,2024,https://www.fragrantica.com/perfume/AMD-Perfumes/Fairytale-91389.html
10686,AMD Perfumes,Fatal,2024,https://www.fragrantica.com/perfume/AMD-Perfumes/Fatal-91388.html
10687,AMD Perfumes,Flair,2025,https://www.fragrantica.com/perfume/AMD-Perfumes/Flair-124242.html
10688,AMD Perfumes,Flaunt,2018,https://www.fragrantica.com/perfume/AMD-Perfumes/Flaunt-125300.html
10689,AMD Perfumes,Floral Satin,2017,https://www.fragrantica.com/perfume/AMD-Perfumes/Floral-Satin-125005.html
10690,AMD Perfumes,Foliage,2024,https://www.fragrantica.com/perfume/AMD-Perfumes/Foliage-125302.html
10691,AMD Perfumes,Gold Whispers,2024,https://www.fragrantica.com/perfume/AMD-Perfumes/Gold-Whispers-132669.html
10692,AMD Perfumes,Hazel,2022,https://www.fragrantica.com/perfume/AMD-Perfumes/Hazel-133259.html
10693,AMD Perfumes,Hazel Nut,2023,https://www.fragrantica.com/perfume/AMD-Perfumes/Hazel-Nut-136790.html
10694,AMD Perfumes,Heaven,2024,https://www.fragrantica.com/perfume/AMD-Perfumes/Heaven-91387.html
10695,AMD Perfumes,Hidden Petals,2025,https://www.fragrantica.com/perfume/AMD-Perfumes/Hidden-Petals-129047.html
10696,AMD Perfumes,Hikayah,2024,https://www.fragrantica.com/perfume/AMD-Perfumes/Hikayah-91386.html
10697,AMD Perfumes,HINT,2021,https://www.fragrantica.com/perfume/AMD-Perfumes/HINT-136054.html
10698,AMD Perfumes,Ice,2018,https://www.fragrantica.com/perfume/AMD-Perfumes/Ice-69478.html
10699,AMD Perfumes,Imperial Jade,2024,https://www.fragrantica.com/perfume/AMD-Perfumes/Imperial-Jade-91385.html
10700,AMD Perfumes,Impress,2024,https://www.fragrantica.com/perfume/AMD-Perfumes/Impress-91384.html
10701,AMD Perfumes,Insist,2024,https://www.fragrantica.com/perfume/AMD-Perfumes/Insist-91383.html
10702,AMD Perfumes,Interval Noir,2017,https://www.fragrantica.com/perfume/AMD-Perfumes/Interval-Noir-111975.html
10703,AMD Perfumes,Interval Ruby,2017,https://www.fragrantica.com/perfume/AMD-Perfumes/Interval-Ruby-111974.html
10704,AMD Perfumes,Interval Saphire,2017,https://www.fragrantica.com/perfume/AMD-Perfumes/Interval-Saphire-69644.html
10705,AMD Perfumes,Jardin de Fleurs,2022,https://www.fragrantica.com/perfume/AMD-Perfumes/Jardin-de-Fleurs-132358.html
10706,AMD Perfumes,Jet Aime,2021,https://www.fragrantica.com/perfume/AMD-Perfumes/Jet-Aime-123418.html
10707,AMD Perfumes,Juicy Pop,2025,https://www.fragrantica.com/perfume/AMD-Perfumes/Juicy-Pop-126724.html
10708,AMD Perfumes,Khalta 41,2023,https://www.fragrantica.com/perfume/AMD-Perfumes/Khalta-41-136791.html
10709,AMD Perfumes,Kunafe,2025,https://www.fragrantica.com/perfume/AMD-Perfumes/Kunafe-122206.html
10710,AMD Perfumes,L'eau,2021,https://www.fragrantica.com/perfume/AMD-Perfumes/L-eau-136055.html
10711,AMD Perfumes,Lavanda,2021,https://www.fragrantica.com/perfume/AMD-Perfumes/Lavanda-123957.html
10712,AMD Perfumes,Layan,2025,https://www.fragrantica.com/perfume/AMD-Perfumes/Layan-126721.html
10713,AMD Perfumes,Lazea,2025,https://www.fragrantica.com/perfume/AMD-Perfumes/Lazea-134185.html
10714,AMD Perfumes,Legend,2021,https://www.fragrantica.com/perfume/AMD-Perfumes/Legend-136056.html
10715,AMD Perfumes,Liquid Luck,2023,https://www.fragrantica.com/perfume/AMD-Perfumes/Liquid-Luck-125306.html
10716,AMD Perfumes,Lounge Access,2021,https://www.fragrantica.com/perfume/AMD-Perfumes/Lounge-Access-136057.html
10717,AMD Perfumes,Love Beneath the Veil,2025,https://www.fragrantica.com/perfume/AMD-Perfumes/Love-Beneath-the-Veil-129052.html
10718,AMD Perfumes,Luna,2025,https://www.fragrantica.com/perfume/AMD-Perfumes/Luna-124243.html
10719,AMD Perfumes,Lunessa,2025,https://www.fragrantica.com/perfume/AMD-Perfumes/Lunessa-134183.html
10720,AMD Perfumes,Magic Carpet,2025,https://www.fragrantica.com/perfume/AMD-Perfumes/Magic-Carpet-129053.html
10721,AMD Perfumes,Majessa,2025,https://www.fragrantica.com/perfume/AMD-Perfumes/Majessa-134189.html
10722,AMD Perfumes,Maryam,2019,https://www.fragrantica.com/perfume/AMD-Perfumes/Maryam-130678.html
10723,AMD Perfumes,Mayhem,2022,https://www.fragrantica.com/perfume/AMD-Perfumes/Mayhem-131598.html
10724,AMD Perfumes,Medley,2024,https://www.fragrantica.com/perfume/AMD-Perfumes/Medley-106250.html
10725,AMD Perfumes,Melting Moment,2023,https://www.fragrantica.com/perfume/AMD-Perfumes/Melting-Moment-132674.html
10726,AMD Perfumes,Midas Touch,2024,https://www.fragrantica.com/perfume/AMD-Perfumes/Midas-Touch-132667.html
10727,AMD Perfumes,Midnight Scent,2024,https://www.fragrantica.com/perfume/AMD-Perfumes/Midnight-Scent-91382.html
10728,AMD Perfumes,Mirage Cognac,2025,https://www.fragrantica.com/perfume/AMD-Perfumes/Mirage-Cognac-122203.html
10729,AMD Perfumes,Mirage Smoke,2025,https://www.fragrantica.com/perfume/AMD-Perfumes/Mirage-Smoke-122202.html
10730,AMD Perfumes,Monsieur,2019,https://www.fragrantica.com/perfume/AMD-Perfumes/Monsieur-122953.html
10731,AMD Perfumes,Mukhallat Abeer,2019,https://www.fragrantica.com/perfume/AMD-Perfumes/Mukhallat-Abeer-130682.html
10732,AMD Perfumes,Mukhallat Samsa,2019,https://www.fragrantica.com/perfume/AMD-Perfumes/Mukhallat-Samsa-130681.html
10733,AMD Perfumes,Murmur,2026,https://www.fragrantica.com/perfume/AMD-Perfumes/Murmur-138585.html
10734,AMD Perfumes,Murooj,2021,https://www.fragrantica.com/perfume/AMD-Perfumes/Murooj-136058.html
10735,AMD Perfumes,Musk Black,2019,https://www.fragrantica.com/perfume/AMD-Perfumes/Musk-Black-126384.html
10736,AMD Perfumes,Musk Candy,2019,https://www.fragrantica.com/perfume/AMD-Perfumes/Musk-Candy-126385.html
10737,AMD Perfumes,Musk Fawakeh,2019,https://www.fragrantica.com/perfume/AMD-Perfumes/Musk-Fawakeh-126390.html
10738,AMD Perfumes,Musk Powder,2019,https://www.fragrantica.com/perfume/AMD-Perfumes/Musk-Powder-126389.html
10739,AMD Perfumes,Musk Rose,2019,https://www.fragrantica.com/perfume/AMD-Perfumes/Musk-Rose-126391.html
10740,AMD Perfumes,Musk Rumman,2019,https://www.fragrantica.com/perfume/AMD-Perfumes/Musk-Rumman-126388.html
10741,AMD Perfumes,Musk Tahara,2019,https://www.fragrantica.com/perfume/AMD-Perfumes/Musk-Tahara-126386.html
10742,AMD Perfumes,Musk Tahara Aswad,2019,https://www.fragrantica.com/perfume/AMD-Perfumes/Musk-Tahara-Aswad-126383.html
10743,AMD Perfumes,Musk Vanilla,2019,https://www.fragrantica.com/perfume/AMD-Perfumes/Musk-Vanilla-126387.html
10744,AMD Perfumes,Musk Vetiver,2019,https://www.fragrantica.com/perfume/AMD-Perfumes/Musk-Vetiver-126392.html
10745,AMD Perfumes,MYSTIC CHIMERA,2025,https://www.fragrantica.com/perfume/AMD-Perfumes/MYSTIC-CHIMERA-103174.html
10746,AMD Perfumes,NAJUM,2021,https://www.fragrantica.com/perfume/AMD-Perfumes/NAJUM-69641.html
10747,AMD Perfumes,Natural Green,2023,https://www.fragrantica.com/perfume/AMD-Perfumes/Natural-Green-132673.html
10748,AMD Perfumes,Naughty,2022,https://www.fragrantica.com/perfume/AMD-Perfumes/Naughty-133260.html
10749,AMD Perfumes,Nawal,2022,https://www.fragrantica.com/perfume/AMD-Perfumes/Nawal-133262.html
10750,AMD Perfumes,Noir Afghan,2019,https://www.fragrantica.com/perfume/AMD-Perfumes/Noir-Afghan-122952.html
10751,AMD Perfumes,Noise,2022,https://www.fragrantica.com/perfume/AMD-Perfumes/Noise-131595.html
10752,AMD Perfumes,Odeur Dreams,2024,https://www.fragrantica.com/perfume/AMD-Perfumes/Odeur-Dreams-132668.html
10753,AMD Perfumes,Odeur Secrete,2021,https://www.fragrantica.com/perfume/AMD-Perfumes/Odeur-Secrete-123420.html
10754,AMD Perfumes,Old Shades,2023,https://www.fragrantica.com/perfume/AMD-Perfumes/Old-Shades-125307.html
10755,AMD Perfumes,Onyx,2025,https://www.fragrantica.com/perfume/AMD-Perfumes/Onyx-124241.html
10756,AMD Perfumes,Oriental Nights,2018,https://www.fragrantica.com/perfume/AMD-Perfumes/Oriental-Nights-124239.html
10757,AMD Perfumes,ORPHIRA,2025,https://www.fragrantica.com/perfume/AMD-Perfumes/ORPHIRA-121899.html
10758,AMD Perfumes,Oud 6000,2020,https://www.fragrantica.com/perfume/AMD-Perfumes/Oud-6000-111977.html
10759,AMD Perfumes,Oud Addict,2020,https://www.fragrantica.com/perfume/AMD-Perfumes/Oud-Addict-111976.html
10760,AMD Perfumes,Oud Journey,2018,https://www.fragrantica.com/perfume/AMD-Perfumes/Oud-Journey-124236.html
10761,AMD Perfumes,Oud Khas,2019,https://www.fragrantica.com/perfume/AMD-Perfumes/Oud-Khas-111972.html
10762,AMD Perfumes,Oud Overdose,2021,https://www.fragrantica.com/perfume/AMD-Perfumes/Oud-Overdose-69479.html
10763,AMD Perfumes,Oud Shimmer Gold,2021,https://www.fragrantica.com/perfume/AMD-Perfumes/Oud-Shimmer-Gold-136059.html
10764,AMD Perfumes,Oud Shimmer Silver,2021,https://www.fragrantica.com/perfume/AMD-Perfumes/Oud-Shimmer-Silver-136060.html
10765,AMD Perfumes,Oudi,2016,https://www.fragrantica.com/perfume/AMD-Perfumes/Oudi-69643.html
10766,AMD Perfumes,OZONE PRIVILEGE,2025,https://www.fragrantica.com/perfume/AMD-Perfumes/OZONE-PRIVILEGE-103170.html
10767,AMD Perfumes,Palais Azur,2025,https://www.fragrantica.com/perfume/AMD-Perfumes/Palais-Azur-121897.html
10768,AMD Perfumes,Palais Noir,2025,https://www.fragrantica.com/perfume/AMD-Perfumes/Palais-Noir-121896.html
10769,AMD Perfumes,Panic,2022,https://www.fragrantica.com/perfume/AMD-Perfumes/Panic-131594.html
10770,AMD Perfumes,Parfum d'Encens,2021,https://www.fragrantica.com/perfume/AMD-Perfumes/Parfum-d-Encens-123421.html
10771,AMD Perfumes,Piton,2021,https://www.fragrantica.com/perfume/AMD-Perfumes/Piton-123961.html
10772,AMD Perfumes,Promise,2018,https://www.fragrantica.com/perfume/AMD-Perfumes/Promise-125297.html
10773,AMD Perfumes,Pure,2023,https://www.fragrantica.com/perfume/AMD-Perfumes/Pure-133255.html
10774,AMD Perfumes,Rare Jewel,2024,https://www.fragrantica.com/perfume/AMD-Perfumes/Rare-Jewel-91381.html
10775,AMD Perfumes,Rawan,2021,https://www.fragrantica.com/perfume/AMD-Perfumes/Rawan-136061.html
10776,AMD Perfumes,Rayyan,2025,https://www.fragrantica.com/perfume/AMD-Perfumes/Rayyan-126720.html
10777,AMD Perfumes,REVIVE - ADRENALINE,2024,https://www.fragrantica.com/perfume/AMD-Perfumes/REVIVE-ADRENALINE-103179.html
10778,AMD Perfumes,Rhythm,2021,https://www.fragrantica.com/perfume/AMD-Perfumes/Rhythm-136062.html
10779,AMD Perfumes,Riot,2022,https://www.fragrantica.com/perfume/AMD-Perfumes/Riot-131599.html
10780,AMD Perfumes,Riviera,2026,https://www.fragrantica.com/perfume/AMD-Perfumes/Riviera-138586.html
10781,AMD Perfumes,Rosado,2021,https://www.fragrantica.com/perfume/AMD-Perfumes/Rosado-123956.html
10782,AMD Perfumes,Roselle,2024,https://www.fragrantica.com/perfume/AMD-Perfumes/Roselle-125301.html
10783,AMD Perfumes,Rouge Lick,2025,https://www.fragrantica.com/perfume/AMD-Perfumes/Rouge-Lick-126726.html
10784,AMD Perfumes,Rouse,2024,https://www.fragrantica.com/perfume/AMD-Perfumes/Rouse-91380.html
10785,AMD Perfumes,Rove,2023,https://www.fragrantica.com/perfume/AMD-Perfumes/Rove-133257.html
10786,AMD Perfumes,Royal Sapphire,2024,https://www.fragrantica.com/perfume/AMD-Perfumes/Royal-Sapphire-91379.html
10787,AMD Perfumes,Ruaa,2025,https://www.fragrantica.com/perfume/AMD-Perfumes/Ruaa-126714.html
10788,AMD Perfumes,SABLE PRIVILEGE,2025,https://www.fragrantica.com/perfume/AMD-Perfumes/SABLE-PRIVILEGE-103171.html
10789,AMD Perfumes,Saffron Tales,2018,https://www.fragrantica.com/perfume/AMD-Perfumes/Saffron-Tales-124235.html
10790,AMD Perfumes,Saga,2022,https://www.fragrantica.com/perfume/AMD-Perfumes/Saga-136784.html
10791,AMD Perfumes,Sahar,2022,https://www.fragrantica.com/perfume/AMD-Perfumes/Sahar-133266.html
10792,AMD Perfumes,Santini Oud,2019,https://www.fragrantica.com/perfume/AMD-Perfumes/Santini-Oud-122954.html
10793,AMD Perfumes,Saqral Waha,2024,https://www.fragrantica.com/perfume/AMD-Perfumes/Saqral-Waha-132666.html
10794,AMD Perfumes,Scented Muse,2023,https://www.fragrantica.com/perfume/AMD-Perfumes/Scented-Muse-125308.html
10795,AMD Perfumes,Selva,2021,https://www.fragrantica.com/perfume/AMD-Perfumes/Selva-123955.html
10796,AMD Perfumes,Serum,2022,https://www.fragrantica.com/perfume/AMD-Perfumes/Serum-136788.html
10797,AMD Perfumes,Shades,2018,https://www.fragrantica.com/perfume/AMD-Perfumes/Shades-125298.html
10798,AMD Perfumes,She Blushed,2023,https://www.fragrantica.com/perfume/AMD-Perfumes/She-Blushed-132672.html
10799,AMD Perfumes,Sienna,2025,https://www.fragrantica.com/perfume/AMD-Perfumes/Sienna-134187.html
10800,AMD Perfumes,Silk Water,2017,https://www.fragrantica.com/perfume/AMD-Perfumes/Silk-Water-125004.html
10801,AMD Perfumes,SILLAGE,2020,https://www.fragrantica.com/perfume/AMD-Perfumes/SILLAGE-69645.html
10802,AMD Perfumes,Simply Red,2022,https://www.fragrantica.com/perfume/AMD-Perfumes/Simply-Red-132360.html
10803,AMD Perfumes,Sin,2022,https://www.fragrantica.com/perfume/AMD-Perfumes/Sin-136785.html
10804,AMD Perfumes,Skandal,2019,https://www.fragrantica.com/perfume/AMD-Perfumes/Skandal-122956.html
10805,AMD Perfumes,Smoked Bourbon,2025,https://www.fragrantica.com/perfume/AMD-Perfumes/Smoked-Bourbon-126711.html
10806,AMD Perfumes,Smoky Vanilla,2019,https://www.fragrantica.com/perfume/AMD-Perfumes/Smoky-Vanilla-122955.html
10807,AMD Perfumes,Soleil Rouge,2025,https://www.fragrantica.com/perfume/AMD-Perfumes/Soleil-Rouge-126712.html
10808,AMD Perfumes,Solis,2025,https://www.fragrantica.com/perfume/AMD-Perfumes/Solis-124244.html
10809,AMD Perfumes,Solo,2020,https://www.fragrantica.com/perfume/AMD-Perfumes/Solo-111980.html
10810,AMD Perfumes,Spring Vibes,2022,https://www.fragrantica.com/perfume/AMD-Perfumes/Spring-Vibes-132359.html
10811,AMD Perfumes,Stargaze Musk Tales,2024,https://www.fragrantica.com/perfume/AMD-Perfumes/Stargaze-Musk-Tales-111979.html
10812,AMD Perfumes,Suave,2021,https://www.fragrantica.com/perfume/AMD-Perfumes/Suave-123959.html
10813,AMD Perfumes,Suede Intense,2026,https://www.fragrantica.com/perfume/AMD-Perfumes/Suede-Intense-138588.html
10814,AMD Perfumes,Summer Rain,2024,https://www.fragrantica.com/perfume/AMD-Perfumes/Summer-Rain-91377.html
10815,AMD Perfumes,Sun Kissed,2024,https://www.fragrantica.com/perfume/AMD-Perfumes/Sun-Kissed-91378.html
10816,AMD Perfumes,Sunset Reverie,2025,https://www.fragrantica.com/perfume/AMD-Perfumes/Sunset-Reverie-126713.html
10817,AMD Perfumes,SURGE - ADRENALINE,2024,https://www.fragrantica.com/perfume/AMD-Perfumes/SURGE-ADRENALINE-103178.html
10818,AMD Perfumes,Surreal Aurum,2025,https://www.fragrantica.com/perfume/AMD-Perfumes/Surreal-Aurum-103173.html
10819,AMD Perfumes,The Queen of the Harem,2025,https://www.fragrantica.com/perfume/AMD-Perfumes/The-Queen-of-the-Harem-129051.html
10820,AMD Perfumes,The Sultan’s Garden,2025,https://www.fragrantica.com/perfume/AMD-Perfumes/The-Sultan-s-Garden-129050.html
10821,AMD Perfumes,Tonic N 03,2025,https://www.fragrantica.com/perfume/AMD-Perfumes/Tonic-N-03-125537.html
10822,AMD Perfumes,Tonic N 07,2025,https://www.fragrantica.com/perfume/AMD-Perfumes/Tonic-N-07-125535.html
10823,AMD Perfumes,Tonic N 13,2025,https://www.fragrantica.com/perfume/AMD-Perfumes/Tonic-N-13-125533.html
10824,AMD Perfumes,Tonic N 16,2025,https://www.fragrantica.com/perfume/AMD-Perfumes/Tonic-N-16-125534.html
10825,AMD Perfumes,Tonic N 39,2025,https://www.fragrantica.com/perfume/AMD-Perfumes/Tonic-N-39-125536.html
10826,AMD Perfumes,Tonic N 66,2025,https://www.fragrantica.com/perfume/AMD-Perfumes/Tonic-N-66-125532.html
10827,AMD Perfumes,Tremor,2022,https://www.fragrantica.com/perfume/AMD-Perfumes/Tremor-131596.html
10828,AMD Perfumes,Tropi Kiss,2025,https://www.fragrantica.com/perfume/AMD-Perfumes/Tropi-Kiss-126728.html
10829,AMD Perfumes,Under the Blue Sky,2023,https://www.fragrantica.com/perfume/AMD-Perfumes/Under-the-Blue-Sky-132671.html
10830,AMD Perfumes,Uproar,2022,https://www.fragrantica.com/perfume/AMD-Perfumes/Uproar-131597.html
10831,AMD Perfumes,Urge,2023,https://www.fragrantica.com/perfume/AMD-Perfumes/Urge-133258.html
10832,AMD Perfumes,Venom,2022,https://www.fragrantica.com/perfume/AMD-Perfumes/Venom-136787.html
10833,AMD Perfumes,VERDE PRIVILEGE,2025,https://www.fragrantica.com/perfume/AMD-Perfumes/VERDE-PRIVILEGE-103169.html
10834,AMD Perfumes,Very Berry,2022,https://www.fragrantica.com/perfume/AMD-Perfumes/Very-Berry-132361.html
10835,AMD Perfumes,Vie Fabuleuse,2021,https://www.fragrantica.com/perfume/AMD-Perfumes/Vie-Fabuleuse-123419.html
10836,AMD Perfumes,Virelle,2025,https://www.fragrantica.com/perfume/AMD-Perfumes/Virelle-134188.html
10837,AMD Perfumes,Vista,2024,https://www.fragrantica.com/perfume/AMD-Perfumes/Vista-132665.html
10838,AMD Perfumes,Voyage,2018,https://www.fragrantica.com/perfume/AMD-Perfumes/Voyage-125299.html
10839,AMD Perfumes,Xantheia,2025,https://www.fragrantica.com/perfume/AMD-Perfumes/Xantheia-134182.html
10840,AMD Perfumes,Yours Truly Drywood,2025,https://www.fragrantica.com/perfume/AMD-Perfumes/Yours-Truly-Drywood-134191.html
10841,AMD Perfumes,Yours Truly Essence,2025,https://www.fragrantica.com/perfume/AMD-Perfumes/Yours-Truly-Essence-134190.html
10842,AMD Perfumes,Zafira,2025,https://www.fragrantica.com/perfume/AMD-Perfumes/Zafira-122205.html
10843,AMD Perfumes,Zebre Intenso,2020,https://www.fragrantica.com/perfume/AMD-Perfumes/Zebre-Intenso-69477.html
10844,AMD Perfumes,Zen,2024,https://www.fragrantica.com/perfume/AMD-Perfumes/Zen-106249.html
10845,AMD Perfumes,Zyra,2025,https://www.fragrantica.com/perfume/AMD-Perfumes/Zyra-126717.html
10846,Ameenah,1402,2024,https://www.fragrantica.com/perfume/Ameenah/1402-102195.html
10847,Ameenah,1520,2024,https://www.fragrantica.com/perfume/Ameenah/1520-102196.html
10848,Ameenah,1628,2024,https://www.fragrantica.com/perfume/Ameenah/1628-102197.html
10849,Ameenah,1656,2024,https://www.fragrantica.com/perfume/Ameenah/1656-102198.html
10850,Ameenah,781,2024,https://www.fragrantica.com/perfume/Ameenah/781-102193.html
10851,Ameenah,786,2024,https://www.fragrantica.com/perfume/Ameenah/786-102194.html
10852,Ameenah,Amber,2024,https://www.fragrantica.com/perfume/Ameenah/Amber-102189.html
10853,Ameenah,Musk,2024,https://www.fragrantica.com/perfume/Ameenah/Musk-102190.html
10854,Ameenah,Oud,2024,https://www.fragrantica.com/perfume/Ameenah/Oud-102191.html
10855,Ameenah,Rose,2024,https://www.fragrantica.com/perfume/Ameenah/Rose-102192.html
10856,Ameenah,Saffron,2026,https://www.fragrantica.com/perfume/Ameenah/Saffron-135457.html
10857,Ameenroma Aromatics / Ameen Oud,Arabian Musk,,https://www.parfumo.com/Perfumes/ameenroma-aromatics/arabian-musk
10858,Ameenroma Aromatics / Ameen Oud,Borneo Royal Gunung,1942,https://www.parfumo.com/Perfumes/ameenroma-aromatics/borneo-royal-gunung
10859,Ameenroma Aromatics / Ameen Oud,Burmese Super King Oud,2001,https://www.parfumo.com/Perfumes/ameenroma-aromatics/burmese-super-king-oud
10860,Ameenroma Aromatics / Ameen Oud,Cambodia Oud Seyufi,2003,https://www.parfumo.com/Perfumes/ameenroma-aromatics/cambodia-oud-seyufi
10861,Ameenroma Aromatics / Ameen Oud,Cambodia Pursat,2009,https://www.parfumo.com/Perfumes/ameenroma-aromatics/cambodia-pursat
10862,Ameenroma Aromatics / Ameen Oud,Cambodian Royal Oud,2008,https://www.parfumo.com/Perfumes/ameenroma-aromatics/cambodian-royal-oud
10863,Ameenroma Aromatics / Ameen Oud,Crystal White Musk,1994,https://www.parfumo.com/Perfumes/ameenroma-aromatics/crystal-white-musk
10864,Ameenroma Aromatics / Ameen Oud,Dehn Indian Oud,,https://www.parfumo.com/Perfumes/ameenroma-aromatics/dehn-indian-oud
10865,Ameenroma Aromatics / Ameen Oud,Egyptian Potion,,https://www.parfumo.com/Perfumes/ameenroma-aromatics/egyptian-potion
10866,Ameenroma Aromatics / Ameen Oud,Heritage Vietnamese Emperor Oud,2019,https://www.parfumo.com/Perfumes/ameenroma-aromatics/heritage-vietnamese-emperor-oud
10867,Ameenroma Aromatics / Ameen Oud,Kasturi Green,2019,https://www.parfumo.com/Perfumes/ameenroma-aromatics/kasturi-green
10868,Ameenroma Aromatics / Ameen Oud,King of Thebes Oud Musk Mukhallat,2009,https://www.parfumo.com/Perfumes/ameenroma-aromatics/king-of-thebes-oud-musk-mukhallat
10869,Ameenroma Aromatics / Ameen Oud,Kings & Queens (Raja Isteri),,https://www.parfumo.com/Perfumes/ameenroma-aromatics/kings-queens-raja-isteri
10870,Ameenroma Aromatics / Ameen Oud,Laos Oud Supreme,,https://www.parfumo.com/Perfumes/ameenroma-aromatics/laos-oud-supreme
10871,AMEHA Paris,Ambre Opale,2026,https://www.fragrantica.com/perfume/AMEHA-Paris/Ambre-Opale-142794.html
10872,AMEHA Paris,Diamant Blanc,2026,https://www.fragrantica.com/perfume/AMEHA-Paris/Diamant-Blanc-142793.html
10873,AMEHA Paris,Poire Émeraude,2025,https://www.fragrantica.com/perfume/AMEHA-Paris/Poire-Emeraude-130499.html
10874,Amelgo,Burnt Rose,2018,https://www.fragrantica.com/perfume/Amelgo/Burnt-Rose-53733.html
10875,Amelgo,Gold Dust,2018,https://www.fragrantica.com/perfume/Amelgo/Gold-Dust-53730.html
10876,Amelgo,Koper Geld,2018,https://www.fragrantica.com/perfume/Amelgo/Koper-Geld-53732.html
10877,Amelgo,Saffron Noir,2018,https://www.fragrantica.com/perfume/Amelgo/Saffron-Noir-53731.html
10878,Amelia Perfumes,Ghaliyah Reflection,2020,https://www.fragrantica.com/perfume/Amelia-Perfumes/Ghaliyah-Reflection-62779.html
10879,Amélie,Cavalheiro,,https://www.fragrantica.com/perfume/Amelie/Cavalheiro-126320.html
10880,Amélie,Tropical Incense,,https://www.fragrantica.com/perfume/Amelie/Tropical-Incense-126322.html
10881,Amélie,Ubatuba Caiçara,,https://www.fragrantica.com/perfume/Amelie/Ubatuba-Caicara-126321.html
10882,Amelio,DEUXIEME,2025,https://www.fragrantica.com/perfume/Amelio/DEUXIEME-112611.html
10883,Amelio,NUITS DOREE,2025,https://www.fragrantica.com/perfume/Amelio/NUITS-DOREE-112612.html
10884,Amelio,ODETTE,2025,https://www.fragrantica.com/perfume/Amelio/ODETTE-112609.html
10885,Amelio,RUE DE LA MAGIE,2025,https://www.fragrantica.com/perfume/Amelio/RUE-DE-LA-MAGIE-112610.html
10886,Amen Collections,Camino,2022,https://www.fragrantica.com/perfume/Amen-Collections/Camino-97926.html
10887,Amen Collections,Flores,2022,https://www.fragrantica.com/perfume/Amen-Collections/Flores-97921.html
10888,Amen Collections,Frutos,2022,https://www.fragrantica.com/perfume/Amen-Collections/Frutos-97922.html
10889,Amer Perfumes,Alba Rosa,2026,https://www.fragrantica.com/perfume/Amer-Perfumes/Alba-Rosa-141741.html
10890,Amer Perfumes,Arabian Jasmine,2023,https://www.fragrantica.com/perfume/Amer-Perfumes/Arabian-Jasmine-86088.html
10891,Amer Perfumes,Charred Oud,2024,https://www.fragrantica.com/perfume/Amer-Perfumes/Charred-Oud-101129.html
10892,Amer Perfumes,Gardenia Absolute,2023,https://www.fragrantica.com/perfume/Amer-Perfumes/Gardenia-Absolute-86089.html
10893,Amer Perfumes,Mandaroud,2024,https://www.fragrantica.com/perfume/Amer-Perfumes/Mandaroud-93366.html
10894,Amer Perfumes,Nabeul Neroli,2026,https://www.fragrantica.com/perfume/Amer-Perfumes/Nabeul-Neroli-138010.html
10895,Amer Perfumes,Oud de Chypre,2025,https://www.fragrantica.com/perfume/Amer-Perfumes/Oud-de-Chypre-118098.html
10896,Amer Perfumes,Panira,2025,https://www.fragrantica.com/perfume/Amer-Perfumes/Panira-115382.html
10897,Amer Perfumes,Perennial,2024,https://www.fragrantica.com/perfume/Amer-Perfumes/Perennial-96577.html
10898,Amer Perfumes,Shaddock,2026,https://www.fragrantica.com/perfume/Amer-Perfumes/Shaddock-135800.html
10899,Amer Perfumes,Vanulia,2025,https://www.fragrantica.com/perfume/Amer-Perfumes/Vanulia-104105.html
10900,America’s Next Top Model,Dream Come True,2011,https://www.fragrantica.com/perfume/America-s-Next-Top-Model/Dream-Come-True-13697.html
10901,American Beauty,Beloved,2008,https://www.fragrantica.com/perfume/American-Beauty/Beloved-8675.html
10902,American Beauty,Beloved Moments,2009,https://www.fragrantica.com/perfume/American-Beauty/Beloved-Moments-8676.html
10903,American Beauty,Beloved Purple Blossom,2009,https://www.fragrantica.com/perfume/American-Beauty/Beloved-Purple-Blossom-8678.html
10904,American Beauty,Beloved Red Rose,2009,https://www.fragrantica.com/perfume/American-Beauty/Beloved-Red-Rose-8677.html
10905,American Beauty,True Delight,2010,https://www.fragrantica.com/perfume/American-Beauty/True-Delight-10516.html
10906,American Beauty,Wonderful,2005,https://www.fragrantica.com/perfume/American-Beauty/Wonderful-19401.html
10907,American Beauty,Wonderful Indulgence,2006,https://www.fragrantica.com/perfume/American-Beauty/Wonderful-Indulgence-19402.html
10908,American Crew,American Crew Sport,,https://www.fragrantica.com/perfume/American-Crew/American-Crew-Sport-20515.html
10909,American Crew,Classic Fragrance,,https://www.fragrantica.com/perfume/American-Crew/Classic-Fragrance-12995.html
10910,American Crew,Nine,,https://www.fragrantica.com/perfume/American-Crew/Nine-34618.html
10911,American Eagle,Abigail,2009,https://www.fragrantica.com/perfume/American-Eagle/Abigail-17737.html
10912,American Eagle,Abigail by Aerie American Eagle 1989 Solid Perfume,1989,https://www.parfumo.com/Perfumes/American_Eagle/Abigail_by_Aerie_Solid_Perfume
10913,American Eagle,AE x ME - Contrast,,https://www.parfumo.com/Perfumes/American_Eagle/AE_X_ME__Contrast
10914,American Eagle,AE x ME - Exposure,2009,https://www.parfumo.com/Perfumes/American_Eagle/AE_X_ME__Exposure
10915,American Eagle,AE x ME - This is what the future looks like,1993,https://www.parfumo.com/Perfumes/American_Eagle/ae-x-me-this-is-what-the-future-looks-like
10916,American Eagle,AEO 1977 Intense,2021,https://www.fragrantica.com/perfume/American-Eagle/AEO-1977-Intense-71767.html
10917,American Eagle,AEO Be True,2022,https://www.fragrantica.com/perfume/American-Eagle/AEO-Be-True-78117.html
10918,American Eagle,AEO Live Surf,2014,https://www.fragrantica.com/perfume/American-Eagle/AEO-Live-Surf-25384.html
10919,American Eagle,AEO Me Blush,2014,https://www.fragrantica.com/perfume/American-Eagle/AEO-Me-Blush-25386.html
10920,American Eagle,AEO Real Blaze,2013,https://www.fragrantica.com/perfume/American-Eagle/AEO-Real-Blaze-25385.html
10921,American Eagle,Aerie,2008,https://www.fragrantica.com/perfume/American-Eagle/Aerie-17735.html
10922,American Eagle,Aerie - Anytime,,https://www.parfumo.com/Perfumes/American_Eagle/Aerie__Anytime
10923,American Eagle,Aerie - Be Chill,,https://www.parfumo.com/Perfumes/American_Eagle/Aerie__Be_Chill
10924,American Eagle,Aerie Shimmer,2012,https://www.fragrantica.com/perfume/American-Eagle/Aerie-Shimmer-17740.html
10925,American Eagle,Aerie WHOA!!,2013,https://www.fragrantica.com/perfume/American-Eagle/Aerie-WHOA-21978.html
10926,American Eagle,Alive,2001,https://www.fragrantica.com/perfume/American-Eagle/Alive-21729.html
10927,American Eagle,American Eagle,2002,https://www.parfumo.com/Perfumes/American_Eagle/AEO_1977
10928,American Eagle,American Eagle AEO 1977,2013,https://www.fragrantica.com/perfume/American-Eagle/American-Eagle-AEO-1977-20540.html
10929,American Eagle,American Eagle AEO Vintage,2013,https://www.fragrantica.com/perfume/American-Eagle/American-Eagle-AEO-Vintage-20539.html
10930,American Eagle,Aura,2003,https://www.fragrantica.com/perfume/American-Eagle/Aura-17730.html
10931,American Eagle,Aura Daydream,2021,https://www.fragrantica.com/perfume/American-Eagle/Aura-Daydream-70811.html
10932,American Eagle,Aura Eau de Parfum,2021,https://www.fragrantica.com/perfume/American-Eagle/Aura-Eau-de-Parfum-70468.html
10933,American Eagle,Bare Minimalist,2024,https://www.fragrantica.com/perfume/American-Eagle/Bare-Minimalist-128030.html
10934,American Eagle,Bohemian,2010,https://www.fragrantica.com/perfume/American-Eagle/Bohemian-17759.html
10935,American Eagle,Bohemian Summer,2011,https://www.fragrantica.com/perfume/American-Eagle/Bohemian-Summer-17760.html
10936,American Eagle,Break Free,2017,https://www.fragrantica.com/perfume/American-Eagle/Break-Free-70797.html
10937,American Eagle,Crush,2011,https://www.fragrantica.com/perfume/American-Eagle/Crush-17761.html
10938,American Eagle,Daydream,2012,https://www.fragrantica.com/perfume/American-Eagle/Daydream-17768.html
10939,American Eagle,Do Anything,2017,https://www.fragrantica.com/perfume/American-Eagle/Do-Anything-70795.html
10940,American Eagle,Emma,2009,https://www.fragrantica.com/perfume/American-Eagle/Emma-17736.html
10941,American Eagle,Epic,2012,https://www.fragrantica.com/perfume/American-Eagle/Epic-17762.html
10942,American Eagle,Fear Nothing,2017,https://www.fragrantica.com/perfume/American-Eagle/Fear-Nothing-70796.html
10943,American Eagle,Hidden Love,2013,https://www.fragrantica.com/perfume/American-Eagle/Hidden-Love-17765.html
10944,American Eagle,If...You Are Love,,https://www.fragrantica.com/perfume/American-Eagle/If-You-Are-Love-78693.html
10945,American Eagle,Intense,2002,https://www.parfumo.com/Perfumes/American_Eagle/1977-intense
10946,American Eagle,Legend,2012,https://www.fragrantica.com/perfume/American-Eagle/Legend-17763.html
10947,American Eagle,Live,2001,https://www.fragrantica.com/perfume/American-Eagle/Live-17728.html
10948,American Eagle,Me,2012,https://www.fragrantica.com/perfume/American-Eagle/Me-17764.html
10949,American Eagle,Real,2006,https://www.fragrantica.com/perfume/American-Eagle/Real-17731.html
10950,American Eagle,Scarlet,2012,https://www.fragrantica.com/perfume/American-Eagle/Scarlet-17766.html
10951,American Eagle,Seventy Seven,2007,https://www.fragrantica.com/perfume/American-Eagle/Seventy-Seven-17733.html
10952,American Eagle,Sheer,2012,https://www.fragrantica.com/perfume/American-Eagle/Sheer-17767.html
10953,American Eagle,Surf for Her,2019,https://www.fragrantica.com/perfume/American-Eagle/Surf-for-Her-69387.html
10954,American Eagle,Surf for Him,2019,https://www.fragrantica.com/perfume/American-Eagle/Surf-for-Him-69388.html
10955,American Eagle,True,2009,https://www.fragrantica.com/perfume/American-Eagle/True-17738.html
10956,American Eagle,Undiscovered,2022,https://www.fragrantica.com/perfume/American-Eagle/Undiscovered-102016.html
10957,American Eagle,Undiscovered Eau de Cologne,2022,https://www.fragrantica.com/perfume/American-Eagle/Undiscovered-Eau-de-Cologne-124992.html
10958,American Eagle,Vintage,2010,https://www.fragrantica.com/perfume/American-Eagle/Vintage-17770.html
10959,American Eagle,Vintage Lace,2010,https://www.fragrantica.com/perfume/American-Eagle/Vintage-Lace-17771.html
10960,American Eagle,Wink,2012,https://www.fragrantica.com/perfume/American-Eagle/Wink-17769.html
10961,American Idol,Idol Moments for Her,2004,https://www.fragrantica.com/perfume/American-Idol/Idol-Moments-for-Her-12745.html
10962,American Idol,Idol Spirit for Him,2004,https://www.fragrantica.com/perfume/American-Idol/Idol-Spirit-for-Him-12746.html
10963,American Perfumer,Basil Spritz,2025,https://www.fragrantica.com/perfume/American-Perfumer/Basil-Spritz-126675.html
10964,American Perfumer,Benton Park,,https://www.fragrantica.com/perfume/American-Perfumer/Benton-Park-126676.html
10965,American Perfumer,Black Walnut,2022,https://www.fragrantica.com/perfume/American-Perfumer/Black-Walnut-77266.html
10966,American Perfumer,Bloodline,2019,https://www.fragrantica.com/perfume/American-Perfumer/Bloodline-55682.html
10967,American Perfumer,Bluegrass,2025,https://www.fragrantica.com/perfume/American-Perfumer/Bluegrass-129889.html
10968,American Perfumer,Brise d'Oud,2022,https://www.fragrantica.com/perfume/American-Perfumer/Brise-d-Oud-126677.html
10969,American Perfumer,Call Me,2023,https://www.fragrantica.com/perfume/American-Perfumer/Call-Me-92188.html
10970,American Perfumer,Chypre Noir,2023,https://www.fragrantica.com/perfume/American-Perfumer/Chypre-Noir-126678.html
10971,American Perfumer,Colorado,2018,https://www.fragrantica.com/perfume/American-Perfumer/Colorado-55680.html
10972,American Perfumer,Derby,2025,https://www.fragrantica.com/perfume/American-Perfumer/Derby-129888.html
10973,American Perfumer,Desert Flower,2018,https://www.fragrantica.com/perfume/American-Perfumer/Desert-Flower-55681.html
10974,American Perfumer,Fig My Love,2016,https://www.fragrantica.com/perfume/American-Perfumer/Fig-My-Love-125439.html
10975,American Perfumer,Garden of the Heart of Heaven,2020,https://www.fragrantica.com/perfume/American-Perfumer/Garden-of-the-Heart-of-Heaven-126679.html
10976,American Perfumer,Hello Mes Amis!,2024,https://www.fragrantica.com/perfume/American-Perfumer/Hello-Mes-Amis-126680.html
10977,American Perfumer,Honeyed Vetiver,2023,https://www.fragrantica.com/perfume/American-Perfumer/Honeyed-Vetiver-92189.html
10978,American Perfumer,Lisbon,2024,https://www.fragrantica.com/perfume/American-Perfumer/Lisbon-126681.html
10979,American Perfumer,Lockdown,2023,https://www.fragrantica.com/perfume/American-Perfumer/Lockdown-126729.html
10980,American Perfumer,Madame Chouteau,2021,https://www.fragrantica.com/perfume/American-Perfumer/Madame-Chouteau-126730.html
10981,American Perfumer,Mt. Adams,2022,https://www.fragrantica.com/perfume/American-Perfumer/Mt-Adams-126731.html
10982,American Perfumer,Rhubarb My Love,2025,https://www.fragrantica.com/perfume/American-Perfumer/Rhubarb-My-Love-124082.html
10983,American Perfumer,Rushlight,2026,https://www.fragrantica.com/perfume/American-Perfumer/Rushlight-139674.html
10984,American Perfumer,Spacewood,2025,https://www.fragrantica.com/perfume/American-Perfumer/Spacewood-129885.html
10985,American Perfumer,Tapestry,2021,https://www.fragrantica.com/perfume/American-Perfumer/Tapestry-126732.html
10986,American Perfumer,The Brunch Club,2024,https://www.fragrantica.com/perfume/American-Perfumer/The-Brunch-Club-126733.html
10987,American Perfumer,Tobacco,2025,https://www.fragrantica.com/perfume/American-Perfumer/Tobacco-129887.html
10988,Amerigo,91 Man,,https://www.fragrantica.com/perfume/Amerigo/91-Man-67300.html
10989,Amerigo,Agrumi & Frutti,,https://www.fragrantica.com/perfume/Amerigo/Agrumi-Frutti-67285.html
10990,Amerigo,Amerigo Uomo,,https://www.fragrantica.com/perfume/Amerigo/Amerigo-Uomo-67299.html
10991,Amerigo,Armonia Rosa,2020,https://www.fragrantica.com/perfume/Amerigo/Armonia-Rosa-67287.html
10992,Amerigo,Armonia Verde,,https://www.fragrantica.com/perfume/Amerigo/Armonia-Verde-67286.html
10993,Amerigo,Calycanthus In Fiore,,https://www.fragrantica.com/perfume/Amerigo/Calycanthus-In-Fiore-67294.html
10994,Amerigo,D'Aurora,2020,https://www.fragrantica.com/perfume/Amerigo/D-Aurora-67273.html
10995,Amerigo,Dolce Zenzero,2020,https://www.fragrantica.com/perfume/Amerigo/Dolce-Zenzero-67280.html
10996,Amerigo,Fior Di Vaniglia,,https://www.fragrantica.com/perfume/Amerigo/Fior-Di-Vaniglia-67296.html
10997,Amerigo,Fresco Relax,,https://www.fragrantica.com/perfume/Amerigo/Fresco-Relax-67295.html
10998,Amerigo,Gardenia,,https://www.fragrantica.com/perfume/Amerigo/Gardenia-67297.html
10999,Amerigo,Ghadames,,https://www.fragrantica.com/perfume/Amerigo/Ghadames-67288.html
11000,Amerigo,Giglio Bianco,,https://www.fragrantica.com/perfume/Amerigo/Giglio-Bianco-67293.html11001,Amerigo,Iris e Talco,,https://www.fragrantica.com/perfume/Amerigo/Iris-e-Talco-67289.html
11002,Amerigo,Muschio Bianco,,https://www.fragrantica.com/perfume/Amerigo/Muschio-Bianco-67298.html
11003,Amerigo,Narciso Cipriato,2020,https://www.fragrantica.com/perfume/Amerigo/Narciso-Cipriato-67282.html
11004,Amerigo,Perla Bianca,,https://www.fragrantica.com/perfume/Amerigo/Perla-Bianca-67292.html
11005,Amerigo,Petali Fioriti,,https://www.fragrantica.com/perfume/Amerigo/Petali-Fioriti-67290.html
11006,Amerigo,Violetta Di Tolosa,,https://www.fragrantica.com/perfume/Amerigo/Violetta-Di-Tolosa-67291.html
11007,Amigdala Sentimentals,Attila,2023,https://www.fragrantica.com/perfume/Amigdala-Sentimentals/Attila-88904.html
11008,Amika,Aura,2025,https://www.fragrantica.com/perfume/Amika/Aura-142192.html
11009,Amioud,Amber Dusk,2025,https://www.fragrantica.com/perfume/Amioud/Amber-Dusk-113222.html
11010,Amioud,Bubble Garden,2025,https://www.fragrantica.com/perfume/Amioud/Bubble-Garden-113223.html
11011,Amioud,Midnight in Florence,2025,https://www.fragrantica.com/perfume/Amioud/Midnight-in-Florence-113221.html
11012,Amir Oud,Al Waleed,2008,https://www.parfumo.com/Perfumes/amir-oud/al-waleed
11013,Amir Oud,Alanotha Musk,1982,https://www.parfumo.com/Perfumes/amir-oud/alanotha-musk
11014,Amir Oud,Amber Malaki,,https://www.parfumo.com/Perfumes/amir-oud/amber-malaki
11015,Amir Oud,Apple Musk,2019,https://www.parfumo.com/Perfumes/amir-oud/apple-musk
11016,Amir Oud,Arab Oud,2006,https://www.parfumo.com/Perfumes/amir-oud/arab-oud
11017,Amir Oud,Arabian Rose Amir Oud 2002 Extrait de Parfum,2002,https://www.parfumo.com/Perfumes/amir-oud/arabian-rose-extrait-de-parfum
11018,Amir Oud,Arabian Rose Amir Oud 2004 Perfume Oil,2004,https://www.parfumo.com/Perfumes/amir-oud/arabian-rose-perfume-oil
11019,Amir Oud,Arabian Sandalwood,2009,https://www.parfumo.com/Perfumes/amir-oud/arabian-sandalwood
11020,Amir Oud,Aziz Oud,2015,https://www.parfumo.com/Perfumes/amir-oud/aziz-oud
11021,Amir Oud,Black Oud Amir Oud 2007 Solid Perfume,2007,https://www.parfumo.com/Perfumes/amir-oud/black-oud-solid-perfume
11022,Amir Oud,Black Oud Amir Oud Perfume Oil,,https://www.parfumo.com/Perfumes/amir-oud/black-oud-perfume-oil
11023,Amir Oud,Black Stone Amir Oud 2009 Perfume Oil,2009,https://www.parfumo.com/Perfumes/amir-oud/black-stone-perfume-oil
11024,Amir Oud,Bois de Citron Amir Oud 2007 Perfume Oil,2007,https://www.parfumo.com/Perfumes/amir-oud/bois-de-citron-perfume-oil
11025,Amira Parfums,Adventur,2020,https://www.fragrantica.com/perfume/Amira-Parfums/Adventur-73769.html
11026,Amira Parfums,Angels Liquor,2022,https://www.fragrantica.com/perfume/Amira-Parfums/Angels-Liquor-73770.html
11027,Amira Parfums,Animal Moss,2022,https://www.fragrantica.com/perfume/Amira-Parfums/Animal-Moss-73771.html
11028,Amira Parfums,Arabian Oud,2020,https://www.fragrantica.com/perfume/Amira-Parfums/Arabian-Oud-73772.html
11029,Amira Parfums,Fabulous,2022,https://www.fragrantica.com/perfume/Amira-Parfums/Fabulous-73773.html
11030,Amira Parfums,Hypnotic Amber,2022,https://www.fragrantica.com/perfume/Amira-Parfums/Hypnotic-Amber-73774.html
11031,Amira Parfums,Lunapark,2025,https://www.fragrantica.com/perfume/Amira-Parfums/Lunapark-107053.html
11032,Amira Parfums,Nicotina Coco,2025,https://www.fragrantica.com/perfume/Amira-Parfums/Nicotina-Coco-107052.html
11033,Amira Parfums,Nobility,2022,https://www.fragrantica.com/perfume/Amira-Parfums/Nobility-73775.html
11034,Amira Parfums,Opulence,2022,https://www.fragrantica.com/perfume/Amira-Parfums/Opulence-73776.html
11035,Amira Parfums,Reflex,2025,https://www.fragrantica.com/perfume/Amira-Parfums/Reflex-107049.html
11036,Amira Parfums,Sea Water,2022,https://www.fragrantica.com/perfume/Amira-Parfums/Sea-Water-73777.html
11037,Amira Parfums,Sensual Wood,2022,https://www.fragrantica.com/perfume/Amira-Parfums/Sensual-Wood-73778.html
11038,Amira Parfums,Silky Lipstick,2022,https://www.fragrantica.com/perfume/Amira-Parfums/Silky-Lipstick-73779.html
11039,Amira Parfums,Sweet Cherry,2022,https://www.fragrantica.com/perfume/Amira-Parfums/Sweet-Cherry-73780.html
11040,Amira Parfums,Tiarè,2020,https://www.fragrantica.com/perfume/Amira-Parfums/Tiare-73782.html
11041,Amira Parfums,Velvet Dream,2022,https://www.fragrantica.com/perfume/Amira-Parfums/Velvet-Dream-73781.html
11042,Amira Parfums,Wild Soul,2022,https://www.fragrantica.com/perfume/Amira-Parfums/Wild-Soul-73783.html
11043,Amirage,Alina,,https://www.fragrantica.com/perfume/Amirage/Alina-83111.html
11044,Amirage,Ariya,2022,https://www.fragrantica.com/perfume/Amirage/Ariya-83108.html
11045,Amirage,Khamar Al Jannah,2024,https://www.fragrantica.com/perfume/Amirage/Khamar-Al-Jannah-101028.html
11046,Amirage,La Reine,2022,https://www.fragrantica.com/perfume/Amirage/La-Reine-83114.html
11047,Amirage,Liyana,2022,https://www.fragrantica.com/perfume/Amirage/Liyana-83113.html
11048,Amirage,Nuit Rose,2023,https://www.fragrantica.com/perfume/Amirage/Nuit-Rose-83116.html
11049,Amirage,Patchouli Oud,,https://www.fragrantica.com/perfume/Amirage/Patchouli-Oud-83117.html
11050,Amirage,Patchouli Rose,2023,https://www.fragrantica.com/perfume/Amirage/Patchouli-Rose-83118.html
11051,Amirage,Wildior,2023,https://www.fragrantica.com/perfume/Amirage/Wildior-83115.html
11052,Amiri by Hamidi,Adel,2025,https://www.fragrantica.com/perfume/Amiri-by-Hamidi/Adel-109759.html
11053,Amiri by Hamidi,Al Qaiser,2025,https://www.fragrantica.com/perfume/Amiri-by-Hamidi/Al-Qaiser-109760.html
11054,Amiri by Hamidi,Ghalya,2025,https://www.fragrantica.com/perfume/Amiri-by-Hamidi/Ghalya-109761.html
11055,Amiri by Hamidi,Rafah,2025,https://www.fragrantica.com/perfume/Amiri-by-Hamidi/Rafah-109762.html
11056,Amiri by Hamidi,Raneem,2025,https://www.fragrantica.com/perfume/Amiri-by-Hamidi/Raneem-109763.html
11057,Amiri by Hamidi,RAQI,2025,https://www.fragrantica.com/perfume/Amiri-by-Hamidi/RAQI-109764.html
11058,Amirius,Bois Saphir,2025,https://www.fragrantica.com/perfume/Amirius/Bois-Saphir-103096.html
11059,Amirius,Bouquet d'Or,2025,https://www.fragrantica.com/perfume/Amirius/Bouquet-d-Or-103092.html
11060,Amirius,Diadème Noir,2025,https://www.fragrantica.com/perfume/Amirius/Diademe-Noir-103094.html
11061,Amirius,Exciting Story,2020,https://www.fragrantica.com/perfume/Amirius/Exciting-Story-60251.html
11062,Amirius,Festin des Rois,2025,https://www.fragrantica.com/perfume/Amirius/Festin-des-Rois-103099.html
11063,Amirius,Fumoir Secret,2025,https://www.fragrantica.com/perfume/Amirius/Fumoir-Secret-103095.html
11064,Amirius,Give Me A Hug,2020,https://www.fragrantica.com/perfume/Amirius/Give-Me-A-Hug-60252.html
11065,Amirius,Langage D'Amour,2020,https://www.fragrantica.com/perfume/Amirius/Langage-D-Amour-60246.html
11066,Amirius,Le Bal des Princes,2025,https://www.fragrantica.com/perfume/Amirius/Le-Bal-des-Princes-103098.html
11067,Amirius,Momentous,2020,https://www.fragrantica.com/perfume/Amirius/Momentous-60247.html
11068,Amirius,Mystère des Palais,2025,https://www.fragrantica.com/perfume/Amirius/Mystere-des-Palais-103097.html
11069,Amirius,Oublie Tout,2020,https://www.fragrantica.com/perfume/Amirius/Oublie-Tout-60248.html
11070,Amirius,Parfum Crypte,2020,https://www.fragrantica.com/perfume/Amirius/Parfum-Crypte-60250.html
11071,Amirius,Terrific,2020,https://www.fragrantica.com/perfume/Amirius/Terrific-60249.html
11072,Amirius,Trésor Caché,2025,https://www.fragrantica.com/perfume/Amirius/Tresor-Cache-103093.html
11073,Amjad,Bright Musk,2021,https://www.fragrantica.com/perfume/Amjad/Bright-Musk-67013.html
11074,Amjad,Desert Rose,2021,https://www.fragrantica.com/perfume/Amjad/Desert-Rose-67015.html
11075,Amjad,Majestic Spice,2021,https://www.fragrantica.com/perfume/Amjad/Majestic-Spice-67016.html
11076,Amjad,Noble Oud,2021,https://www.fragrantica.com/perfume/Amjad/Noble-Oud-67017.html
11077,Amjad,Oriental Wood,2021,https://www.fragrantica.com/perfume/Amjad/Oriental-Wood-67014.html
11078,Amniens,Brina Nella Notte,2026,https://www.fragrantica.com/perfume/Amniens/Brina-Nella-Notte-131861.html
11079,Amniens,Colpo Dell'Onda,2024,https://www.fragrantica.com/perfume/Amniens/Colpo-Dell-Onda-131863.html
11080,Amniens,Fruscio Del Vento,2026,https://www.fragrantica.com/perfume/Amniens/Fruscio-Del-Vento-131862.html
11081,Amniens,Nebbia All'Alba,2024,https://www.fragrantica.com/perfume/Amniens/Nebbia-All-Alba-131865.html
11082,Amoln,Ballet,2025,https://www.fragrantica.com/perfume/Amoln/Ballet-115269.html
11083,Amoln,Bois Sculpté,2026,https://www.fragrantica.com/perfume/Amoln/Bois-Sculpte-136335.html
11084,Amoln,Camper Van,2025,https://www.fragrantica.com/perfume/Amoln/Camper-Van-115270.html
11085,Amoln,Newborn,2025,https://www.fragrantica.com/perfume/Amoln/Newborn-115274.html
11086,Amoln,Otherness,2025,https://www.fragrantica.com/perfume/Amoln/Otherness-115272.html
11087,Amoln,Sixth Scent,2025,https://www.fragrantica.com/perfume/Amoln/Sixth-Scent-115268.html
11088,Amoln,Toille,2025,https://www.fragrantica.com/perfume/Amoln/Toille-115273.html
11089,Amoln,Truffle Truffle,2025,https://www.fragrantica.com/perfume/Amoln/Truffle-Truffle-115267.html
11090,Amoln,White Noise,2025,https://www.fragrantica.com/perfume/Amoln/White-Noise-115271.html
11091,Amordad,Amordad,2009,https://www.fragrantica.com/perfume/Amordad/Amordad-22109.html
11092,Amordad,Beaumont,2012,https://www.fragrantica.com/perfume/Amordad/Beaumont-22119.html
11093,Amordad,Beaumont Gold,2013,https://www.fragrantica.com/perfume/Amordad/Beaumont-Gold-22113.html
11094,Amordad,Beaumont White Gold,2013,https://www.fragrantica.com/perfume/Amordad/Beaumont-White-Gold-22114.html
11095,Amordad,Essence,2010,https://www.fragrantica.com/perfume/Amordad/Essence-22110.html
11096,Amordad,Hero,2015,https://www.fragrantica.com/perfume/Amordad/Hero-30099.html
11097,Amordad,Heroine,2015,https://www.fragrantica.com/perfume/Amordad/Heroine-30235.html
11098,Amordad,King,2011,https://www.fragrantica.com/perfume/Amordad/King-22120.html
11099,Amordad,Prince,2011,https://www.fragrantica.com/perfume/Amordad/Prince-22121.html
11100,Amordad,Princess,2011,https://www.fragrantica.com/perfume/Amordad/Princess-22116.html
11101,Amordad,Queen,2011,https://www.fragrantica.com/perfume/Amordad/Queen-22115.html
11102,Amordad,Victor,2015,https://www.fragrantica.com/perfume/Amordad/Victor-30236.html
11103,Amordad,Victress,2015,https://www.fragrantica.com/perfume/Amordad/Victress-31039.html
11104,Amordad,VIP,2010,https://www.fragrantica.com/perfume/Amordad/VIP-22111.html
11105,Amordad,VIP 133,2014,https://www.fragrantica.com/perfume/Amordad/VIP-133-24302.html
11106,Amordad,VIP 69,2014,https://www.fragrantica.com/perfume/Amordad/VIP-69-24303.html
11107,Amore Segreto,Amethyst,2011,https://www.fragrantica.com/perfume/Amore-Segreto/Amethyst-123437.html
11108,Amore Segreto,Fleurs,2021,https://www.fragrantica.com/perfume/Amore-Segreto/Fleurs-122475.html
11109,Amore Segreto,Gris,2011,https://www.fragrantica.com/perfume/Amore-Segreto/Gris-123438.html
11110,Amore Segreto,Imperial,2014,https://www.fragrantica.com/perfume/Amore-Segreto/Imperial-123440.html
11111,Amore Segreto,Pegaso,2021,https://www.fragrantica.com/perfume/Amore-Segreto/Pegaso-123441.html
11112,Amore Segreto,Platinum,2018,https://www.fragrantica.com/perfume/Amore-Segreto/Platinum-123443.html
11113,Amoret,Elysian Fraiche,,https://www.fragrantica.com/perfume/Amoret/Elysian-Fraiche-117986.html
11114,Amoret,Mystic Charm,,https://www.fragrantica.com/perfume/Amoret/Mystic-Charm-117996.html
11115,Amoret,No.1 Attracto,,https://www.fragrantica.com/perfume/Amoret/No-1-Attracto-117999.html
11116,Amoret,No.2 Elemento,,https://www.fragrantica.com/perfume/Amoret/No-2-Elemento-117988.html
11117,Amoret,No.3 Le Secret,,https://www.fragrantica.com/perfume/Amoret/No-3-Le-Secret-117987.html
11118,Amoret,No.5 Oud Essenza,,https://www.fragrantica.com/perfume/Amoret/No-5-Oud-Essenza-117985.html
11119,Amoret,No.7 Vintage,,https://www.fragrantica.com/perfume/Amoret/No-7-Vintage-117997.html
11120,Amoret,Pour Femme,,https://www.fragrantica.com/perfume/Amoret/Pour-Femme-117994.html
11121,Amoret,Pour Homme,,https://www.fragrantica.com/perfume/Amoret/Pour-Homme-117993.html
11122,Amoret,Tone Leather,,https://www.fragrantica.com/perfume/Amoret/Tone-Leather-117990.html
11123,Amoret,Velvet Rose Oud,,https://www.fragrantica.com/perfume/Amoret/Velvet-Rose-Oud-117991.html
11124,AMORINO,Arabian Rose,,https://www.fragrantica.com/perfume/AMORINO/Arabian-Rose-89927.html
11125,AMORINO,Black Cashmere,,https://www.fragrantica.com/perfume/AMORINO/Black-Cashmere-89926.html
11126,AMORINO,Black Diamond,,https://www.fragrantica.com/perfume/AMORINO/Black-Diamond-89949.html
11127,AMORINO,Black Essence,,https://www.fragrantica.com/perfume/AMORINO/Black-Essence-89950.html
11128,AMORINO,Black Rose,,https://www.fragrantica.com/perfume/AMORINO/Black-Rose-89951.html
11129,AMORINO,Golden Tears,,https://www.fragrantica.com/perfume/AMORINO/Golden-Tears-89953.html
11130,AMORINO,I'm Yours,,https://www.fragrantica.com/perfume/AMORINO/I-m-Yours-89954.html
11131,AMORINO,More Than Love,,https://www.fragrantica.com/perfume/AMORINO/More-Than-Love-89956.html
11132,AMORINO,Never Forget,,https://www.fragrantica.com/perfume/AMORINO/Never-Forget-89955.html
11133,AMORINO,Private Musk,,https://www.fragrantica.com/perfume/AMORINO/Private-Musk-89924.html
11134,AMORINO,Royal Night,,https://www.fragrantica.com/perfume/AMORINO/Royal-Night-89925.html
11135,AMORINO,Touch Me,,https://www.fragrantica.com/perfume/AMORINO/Touch-Me-89952.html
11136,Amoris Perfumes,Cupid,2025,https://www.fragrantica.com/perfume/Amoris-Perfumes/Cupid-133484.html
11137,Amoris Perfumes,Harley Quinn,2025,https://www.fragrantica.com/perfume/Amoris-Perfumes/Harley-Quinn-131133.html
11138,Amoris Perfumes,Morning Star,2025,https://www.fragrantica.com/perfume/Amoris-Perfumes/Morning-Star-131134.html
11139,AMOROS,Ambra Abrazo,2025,https://www.fragrantica.com/perfume/AMOROS/Ambra-Abrazo-136215.html
11140,AMOROS,Jazminero,2026,https://www.fragrantica.com/perfume/AMOROS/Jazminero-136217.html
11141,AMOROS,Musk Miel,2025,https://www.fragrantica.com/perfume/AMOROS/Musk-Miel-136219.html
11142,AMOROS,Oud Ouasis,2025,https://www.fragrantica.com/perfume/AMOROS/Oud-Ouasis-136220.html
11143,AMOROS,Tonka Tesoro,2025,https://www.fragrantica.com/perfume/AMOROS/Tonka-Tesoro-136221.html
11144,AMOROS,Vainilla,2025,https://www.fragrantica.com/perfume/AMOROS/Vainilla-136222.html
11145,Amorphous / Black Baccara,Absinthe,,https://www.parfumo.com/Perfumes/amorphous/Absinthe
11146,Amorphous / Black Baccara,Amazonia,1987,https://www.parfumo.com/Perfumes/amorphous/amazonia
11147,Amorphous / Black Baccara,Amorphous / Black Baccara,2004,https://www.parfumo.com/Perfumes/amorphous/1933
11148,Amorphous / Black Baccara,Antique Books,2006,https://www.parfumo.com/Perfumes/amorphous/antique-books
11149,Amorphous / Black Baccara,Autumn In Salem,,https://www.parfumo.com/Perfumes/amorphous/Autumn_In_Salem
11150,Amorphous / Black Baccara,Bernadette,1963,https://www.parfumo.com/Perfumes/amorphous/bernadette
11151,Amorphous / Black Baccara,Bewitched,1998,https://www.parfumo.com/Perfumes/amorphous/bewitched
11152,Amorphous / Black Baccara,Bird Girl,2004,https://www.parfumo.com/Perfumes/amorphous/bird-girl
11153,Amorphous / Black Baccara,Black Baccara,2009,https://www.parfumo.com/Perfumes/amorphous/Black_Baccara
11154,Amorphous / Black Baccara,Black Moon,1998,https://www.parfumo.com/Perfumes/amorphous/Black_Moon
11155,Amorphous / Black Baccara,Blueberry Birds,2003,https://www.parfumo.com/Perfumes/amorphous/blueberry-birds
11156,Amorphous / Black Baccara,Blueberry Forest,,https://www.parfumo.com/Perfumes/amorphous/blueberry-forest
11157,Amouage,Afrah,,https://www.fragrantica.com/perfume/Amouage/Afrah-13480.html
11158,Amouage,Ajwad,2012,https://www.fragrantica.com/perfume/Amouage/Ajwad-20490.html
11159,Amouage,Al Andalus,,https://www.fragrantica.com/perfume/Amouage/Al-Andalus-13481.html
11160,Amouage,Al Jawhar,,https://www.parfumo.com/Perfumes/Amouage/al-jawhar
11161,Amouage,Al Mas,2010,https://www.fragrantica.com/perfume/Amouage/Al-Mas-20488.html
11162,Amouage,Al Shomoukh,,https://www.fragrantica.com/perfume/Amouage/Al-Shomoukh-13482.html
11163,Amouage,Amanie,2006,https://www.fragrantica.com/perfume/Amouage/Amanie-53245.html
11164,Amouage,Amber,,https://www.fragrantica.com/perfume/Amouage/Amber-20489.html
11165,Amouage,Amber Pure,2003,https://www.parfumo.com/Perfumes/Amouage/Amber_Pure
11166,Amouage,Amber Sogara,2023,https://www.fragrantica.com/perfume/Amouage/Amber-Sogara-81279.html
11167,Amouage,Amouage Amouage 1983 Eau de Toilette,1983,https://www.parfumo.com/Perfumes/Amouage/amouage-eau-de-toilette
11168,Amouage,Amouage Cristal & Gold,,https://www.parfumo.com/Perfumes/Amouage/amouage-cristal-gold
11169,Amouage,Amouage Ladies' Eau de Parfum,,https://www.parfumo.com/Perfumes/Amouage/amouage-ladies-eau-de-parfum
11170,Amouage,Amouage Ladies' Perfume (Parfum),,https://www.parfumo.com/Perfumes/Amouage/amouage-ladies-perfume
11171,Amouage,Arcus,2006,https://www.fragrantica.com/perfume/Amouage/Arcus-5760.html
11172,Amouage,Asana,2005,https://www.fragrantica.com/perfume/Amouage/Asana-32883.html
11173,Amouage,Ashjan,,https://www.parfumo.com/Perfumes/Amouage/Ashjan
11174,Amouage,Ashore,2020,https://www.fragrantica.com/perfume/Amouage/Ashore-62858.html
11175,Amouage,Ashwaq,,https://www.parfumo.com/Perfumes/Amouage/Ashwaq
11176,Amouage,Asrar,,https://www.fragrantica.com/perfume/Amouage/Asrar-13483.html
11177,Amouage,Atheer,,https://www.parfumo.com/Perfumes/Amouage/atheer
11178,Amouage,Attar Al Jawhar (Perfume Oil),2007,https://www.fragrantica.com/perfume/Amouage/Attar-Al-Jawhar-69087.html
11179,Amouage,Attar Bashair (Perfume Oil),2010,https://www.fragrantica.com/perfume/Amouage/Attar-Bashair-69088.html
11180,Amouage,Ayoon Al Maha,,https://www.fragrantica.com/perfume/Amouage/Ayoon-Al-Maha-13484.html
11181,Amouage,Badr Al Badour,,https://www.fragrantica.com/perfume/Amouage/Badr-Al-Badour-13485.html
11182,Amouage,Bahjah,,https://www.fragrantica.com/perfume/Amouage/Bahjah-13486.html
11183,Amouage,Basmah,,https://www.fragrantica.com/perfume/Amouage/Basmah-13488.html
11184,Amouage,Beach Hut Man,2017,https://www.fragrantica.com/perfume/Amouage/Beach-Hut-Man-46336.html
11185,Amouage,Beach Hut Woman,2018,https://www.fragrantica.com/perfume/Amouage/Beach-Hut-Woman-46937.html
11186,Amouage,Bel Aidien,,https://www.parfumo.com/Perfumes/Amouage/Bel_Aidien
11187,Amouage,Beloved Man,2013,https://www.fragrantica.com/perfume/Amouage/Beloved-Man-17726.html
11188,Amouage,Beloved Woman,2012,https://www.fragrantica.com/perfume/Amouage/Beloved-Woman-15184.html
11189,Amouage,Blossom Love Amouage 2017 Eau de Parfum,2017,https://www.parfumo.com/Perfumes/Amouage/Blossom_Love_Eau_de_Parfum
11190,Amouage,Blossom Love Amouage 2019 Hair Mist,2019,https://www.parfumo.com/Perfumes/Amouage/Blossom_Love_Hair_Mist
11191,Amouage,Blossom Love (Hair Mist),2017,https://www.fragrantica.com/perfume/Amouage/Blossom-Love-43476.html
11192,Amouage,Boundless,2021,https://www.fragrantica.com/perfume/Amouage/Boundless-66528.html
11193,Amouage,Bracken Man,2016,https://www.fragrantica.com/perfume/Amouage/Bracken-Man-40206.html
11194,Amouage,Bracken Woman,2016,https://www.fragrantica.com/perfume/Amouage/Bracken-Woman-41454.html
11195,Amouage,Ciel Man,2003,https://www.parfumo.com/Perfumes/Amouage/Ciel_for_Him
11196,Amouage,Ciel Pour Femme,2003,https://www.fragrantica.com/perfume/Amouage/Ciel-Pour-Femme-5466.html
11197,Amouage,Ciel Pour Homme,2003,https://www.fragrantica.com/perfume/Amouage/Ciel-Pour-Homme-5467.html
11198,Amouage,Ciel Woman,2003,https://www.parfumo.com/Perfumes/Amouage/Ciel_for_Her
11199,Amouage,Cirrus,2006,https://www.parfumo.com/Perfumes/Amouage/Cirrus
11200,Amouage,Crimson Rocks,2020,https://www.fragrantica.com/perfume/Amouage/Crimson-Rocks-62857.html
11201,Amouage,Cristal & Gold Man,2023,https://www.fragrantica.com/perfume/Amouage/Cristal-Gold-Man-88160.html
11202,Amouage,Cristal & Gold Woman,2023,https://www.fragrantica.com/perfume/Amouage/Cristal-Gold-Woman-88159.html
11203,Amouage,Decision,2025,https://www.fragrantica.com/perfume/Amouage/Decision-103892.html
11204,Amouage,Decision 42 Man,2026,https://www.fragrantica.com/perfume/Amouage/Decision-42-Man-140466.html
11205,Amouage,Dia 40,2023,https://www.parfumo.com/Perfumes/Amouage/dia-40
11206,Amouage,Dia 40 Woman,2023,https://www.fragrantica.com/perfume/Amouage/Dia-40-Woman-87957.html
11207,Amouage,Dia Man,2002,https://www.fragrantica.com/perfume/Amouage/Dia-Man-1110.html
11208,Amouage,Dia Woman Amouage 2002 Extrait de Parfum,2002,https://www.parfumo.com/Perfumes/Amouage/Dia_Woman_Extrait_de_Parfum
11209,Amouage,Dia Woman Amouage Attar,,https://www.parfumo.com/Perfumes/Amouage/dia-woman-attar
11210,Amouage,Dia Woman Amouage Solid Perfume,,https://www.parfumo.com/Perfumes/Amouage/Dia_Woman_Solid_Perfume
11211,Amouage,Dia Woman (Eau de Parfum),2002,https://www.fragrantica.com/perfume/Amouage/Dia-Woman-1109.html
11212,Amouage,Eau d'Amouage,2003,https://www.fragrantica.com/perfume/Amouage/Eau-d-Amouage-5759.html
11213,Amouage,Eidyya,,https://www.parfumo.com/Perfumes/Amouage/Eidyya
11214,Amouage,Elsewhere,2026,https://www.fragrantica.com/perfume/Amouage/Elsewhere-136307.html
11215,Amouage,Enclave,2020,https://www.fragrantica.com/perfume/Amouage/Enclave-62856.html
11216,Amouage,Epic 56,2021,https://www.parfumo.com/Perfumes/Amouage/epic-56
11217,Amouage,Epic 56 Woman,2021,https://www.fragrantica.com/perfume/Amouage/Epic-56-Woman-69700.html
11218,Amouage,Epic Man,2009,https://www.fragrantica.com/perfume/Amouage/Epic-Man-6537.html
11219,Amouage,Epic Man Amouage Attar,,https://www.parfumo.com/Perfumes/Amouage/epic-man-attar
11220,Amouage,Epic Woman Amouage 2009 Eau de Parfum,2009,https://www.parfumo.com/Perfumes/Amouage/Epic_Woman
11221,Amouage,Epic Woman Amouage 2009 Solid Perfume,2009,https://www.parfumo.com/Perfumes/Amouage/Epic_Woman_Solid_Perfume
11222,Amouage,Epic Woman Amouage Attar,,https://www.parfumo.com/Perfumes/Amouage/epic-woman-attar
11223,Amouage,Epic Woman (Extrait de Parfum),2009,https://www.fragrantica.com/perfume/Amouage/Epic-Woman-6538.html
11224,Amouage,Esprit d'Amouage,2004,https://www.fragrantica.com/perfume/Amouage/Esprit-d-Amouage-5761.html
11225,Amouage,Existence,2025,https://www.fragrantica.com/perfume/Amouage/Existence-103893.html
11226,Amouage,Farah,2007,https://www.parfumo.com/Perfumes/Amouage/Farah
11227,Amouage,Fate Man,2013,https://www.fragrantica.com/perfume/Amouage/Fate-Man-18543.html
11228,Amouage,Fate Woman Amouage 2013 Eau de Parfum,2013,https://www.parfumo.com/Perfumes/Amouage/Fate_Woman
11229,Amouage,Fate Woman (Extrait de Parfum),2013,https://www.fragrantica.com/perfume/Amouage/Fate-Woman-18542.html
11230,Amouage,Figment Man,2017,https://www.fragrantica.com/perfume/Amouage/Figment-Man-45292.html
11231,Amouage,Figment Woman,2017,https://www.fragrantica.com/perfume/Amouage/Figment-Woman-45291.html
11232,Amouage,Garam,,https://www.parfumo.com/Perfumes/Amouage/Garam
11233,Amouage,Gold Cologne Amouage Gentlemen's Cologne (Eau de Cologne),1993,https://www.parfumo.com/Perfumes/Amouage/gold-cologne-amouage-gentlemen-s-cologne
11234,Amouage,Gold Man,1983,https://www.fragrantica.com/perfume/Amouage/Gold-Man-918.html
11235,Amouage,Gold Woman Amouage Extrait de Parfum,,https://www.parfumo.com/Perfumes/Amouage/Gold_Woman_Extrait_de_Parfum
11236,Amouage,Gold Woman Amouage Solid Perfume,,https://www.parfumo.com/Perfumes/Amouage/Gold_Woman_Solid_Perfume
11237,Amouage,Gold Woman (Eau de Parfum),1983,https://www.fragrantica.com/perfume/Amouage/Gold-Woman-917.html
11238,Amouage,Guidance,2023,https://www.fragrantica.com/perfume/Amouage/Guidance-78656.html
11239,Amouage,Guidance 46,2024,https://www.fragrantica.com/perfume/Amouage/Guidance-46-94033.html
11240,Amouage,Guidance Hair Perfume (Hair Mist),2023,https://www.fragrantica.com/perfume/Amouage/Guidance-Hair-Perfume-116529.html
11241,Amouage,Haneen,,https://www.parfumo.com/Perfumes/Amouage/Haneen
11242,Amouage,Homage,2008,https://www.fragrantica.com/perfume/Amouage/Homage-3621.html
11243,Amouage,Honour 43,2021,https://www.parfumo.com/Perfumes/Amouage/honour-43
11244,Amouage,Honour 43 Woman,2021,https://www.fragrantica.com/perfume/Amouage/Honour-43-Woman-69701.html
11245,Amouage,Honour Man,2011,https://www.fragrantica.com/perfume/Amouage/Honour-Man-12763.html
11246,Amouage,Honour Woman Amouage 2011 Eau de Parfum,2011,https://www.parfumo.com/Perfumes/Amouage/Honour_Woman
11247,Amouage,Honour Woman Amouage Attar,,https://www.parfumo.com/Perfumes/Amouage/honour-woman-attar
11248,Amouage,Honour Woman (Extrait de Parfum),2011,https://www.fragrantica.com/perfume/Amouage/Honour-Woman-12762.html
11249,Amouage,Imitation Man,2018,https://www.fragrantica.com/perfume/Amouage/Imitation-Man-49850.html
11250,Amouage,Imitation Woman,2018,https://www.fragrantica.com/perfume/Amouage/Imitation-Woman-49851.html
11251,Amouage,Incense Rori,2021,https://www.fragrantica.com/perfume/Amouage/Incense-Rori-71112.html
11252,Amouage,Interlude 53,2020,https://www.parfumo.com/Perfumes/Amouage/interlude-53
11253,Amouage,Interlude 53 Man,2020,https://www.fragrantica.com/perfume/Amouage/Interlude-53-Man-64153.html
11254,Amouage,Interlude Black Iris,2020,https://www.fragrantica.com/perfume/Amouage/Interlude-Black-Iris-60929.html
11255,Amouage,Interlude Black Iris Man,,https://huggingface.co/datasets/doevent/perfume
11256,Amouage,Interlude Man,2012,https://www.fragrantica.com/perfume/Amouage/Interlude-Man-15294.html
11257,Amouage,Interlude Man Amouage Attar,,https://www.parfumo.com/Perfumes/Amouage/interlude-man-attar
11258,Amouage,Interlude Woman Amouage 2012 Eau de Parfum,2012,https://www.parfumo.com/Perfumes/Amouage/Interlude_Woman
11259,Amouage,Interlude Woman (Extrait de Parfum),2012,https://www.fragrantica.com/perfume/Amouage/Interlude-Woman-15295.html
11260,Amouage,Jasmine,,https://www.fragrantica.com/perfume/Amouage/Jasmine-41045.html
11261,Amouage,Journey Man,2014,https://www.fragrantica.com/perfume/Amouage/Journey-Man-25251.html
11262,Amouage,Journey Woman,2014,https://www.fragrantica.com/perfume/Amouage/Journey-Woman-25252.html
11263,Amouage,Jubilation 25,,https://huggingface.co/datasets/doevent/perfume
11264,Amouage,Jubilation 25 Woman Amouage 2007 Solid Perfume,2007,https://www.parfumo.com/Perfumes/Amouage/Jubilation_25_Woman_Solid_Perfume
11265,Amouage,Jubilation 25 Woman Amouage Extrait de Parfum,,https://www.parfumo.com/Perfumes/Amouage/Jubilation_25_Woman_Extrait_de_Parfum
11266,Amouage,Jubilation 25 Woman (Eau de Parfum),2007,https://www.fragrantica.com/perfume/Amouage/Jubilation-25-Woman-2367.html
11267,Amouage,Jubilation 40,2023,https://www.parfumo.com/Perfumes/Amouage/jubilation-40
11268,Amouage,Jubilation 40 Man,2023,https://www.fragrantica.com/perfume/Amouage/Jubilation-40-Man-87958.html
11269,Amouage,Jubilation Xxv,,https://huggingface.co/datasets/doevent/perfume
11270,Amouage,Jubilation XXV Man,2007,https://www.fragrantica.com/perfume/Amouage/Jubilation-XXV-Man-2366.html
11271,Amouage,Jubilation XXV Man Amouage Attar,,https://www.parfumo.com/Perfumes/Amouage/jubilation-xxv-man-attar
11272,Amouage,Leather Sadah,2021,https://www.fragrantica.com/perfume/Amouage/Leather-Sadah-71107.html
11273,Amouage,Library Collection - Opus I,2010,https://www.parfumo.com/Perfumes/Amouage/Opus_I
11274,Amouage,Library Collection - Opus II,2010,https://www.parfumo.com/Perfumes/Amouage/Opus_II
11275,Amouage,Library Collection - Opus III,2010,https://www.parfumo.com/Perfumes/Amouage/Opus_III
11276,Amouage,Library Collection - Opus IV,2010,https://www.parfumo.com/Perfumes/Amouage/Opus_IV
11277,Amouage,Library Collection - Opus IX,2015,https://www.parfumo.com/Perfumes/Amouage/Opus_IX
11278,Amouage,Library Collection - Opus VI,2012,https://www.parfumo.com/Perfumes/Amouage/Opus_VI
11279,Amouage,Library Collection - Opus VIII,2014,https://www.parfumo.com/Perfumes/Amouage/Opus_VIII
11280,Amouage,Library Collection - Opus X,2016,https://www.parfumo.com/Perfumes/Amouage/Opus_X
11281,Amouage,Library Collection - Opus XI,2018,https://www.parfumo.com/Perfumes/Amouage/Opus_XI
11282,Amouage,Lilac Love Amouage 2019 Hair Mist,2019,https://www.parfumo.com/Perfumes/Amouage/Lilac_Love_Hair_Mist
11283,Amouage,Lilac Love (Eau de Parfum),2016,https://www.fragrantica.com/perfume/Amouage/Lilac-Love-35624.html
11284,Amouage,Line 618,2026,https://www.fragrantica.com/perfume/Amouage/Line-618-121882.html
11285,Amouage,Lineage,2023,https://www.fragrantica.com/perfume/Amouage/Lineage-78654.html
11286,Amouage,Love Delight,2024,https://www.fragrantica.com/perfume/Amouage/Love-Delight-89959.html
11287,Amouage,Love Hibiscus,2026,https://www.fragrantica.com/perfume/Amouage/Love-Hibiscus-126673.html
11288,Amouage,Love Mimosa Amouage Hair Mist,,https://www.parfumo.com/Perfumes/Amouage/love-mimosa-hair-mist
11289,Amouage,Love Mimosa (Hair Mist),2019,https://www.fragrantica.com/perfume/Amouage/Love-Mimosa-56023.html
11290,Amouage,Love Tuberose Amouage Hair Mist,,https://www.parfumo.com/Perfumes/Amouage/love-tuberose-hair-mist
11291,Amouage,Love Tuberose (Hair Mist),2018,https://www.fragrantica.com/perfume/Amouage/Love-Tuberose-50889.html
11292,Amouage,Luban Al Akhdar,2025,https://www.fragrantica.com/perfume/Amouage/Luban-Al-Akhdar-110974.html
11293,Amouage,Lustre,2024,https://www.fragrantica.com/perfume/Amouage/Lustre-97927.html
11294,Amouage,Lyric Man,2008,https://www.fragrantica.com/perfume/Amouage/Lyric-Man-4622.html
11295,Amouage,Lyric Woman Amouage 2008 Extrait de Parfum,2008,https://www.parfumo.com/Perfumes/Amouage/Lyric_Woman_Extrait_de_Parfum
11296,Amouage,Lyric Woman Amouage Solid Perfume,,https://www.parfumo.com/Perfumes/Amouage/lyric-woman-solid-perfume
11297,Amouage,Lyric Woman (Eau de Parfum),2008,https://www.fragrantica.com/perfume/Amouage/Lyric-Woman-4623.html
11298,Amouage,Majan,,https://www.fragrantica.com/perfume/Amouage/Majan-13474.html
11299,Amouage,Material,2021,https://www.fragrantica.com/perfume/Amouage/Material-66527.html
11300,Amouage,Mawaddah,,https://www.fragrantica.com/perfume/Amouage/Mawaddah-26409.html
11301,Amouage,Meander,2020,https://www.fragrantica.com/perfume/Amouage/Meander-62859.html
11302,Amouage,Memoir Man,2010,https://www.fragrantica.com/perfume/Amouage/Memoir-Man-10145.html
11303,Amouage,Memoir Woman Amouage 2010 Eau de Parfum,2010,https://www.parfumo.com/Perfumes/Amouage/Memoir_Woman
11304,Amouage,Memoir Woman Amouage Solid Perfume,,https://www.parfumo.com/Perfumes/Amouage/Memoir_Woman_Solid_Perfume
11305,Amouage,Memoir Woman (Extrait de Parfum),2010,https://www.fragrantica.com/perfume/Amouage/Memoir-Woman-10146.html
11306,Amouage,Molook,,https://www.fragrantica.com/perfume/Amouage/Molook-13475.html
11307,Amouage,Morouj,,https://www.parfumo.com/Perfumes/Amouage/Morouj
11308,Amouage,Mukhalat,,https://www.parfumo.com/Perfumes/Amouage/Mukhalat
11309,Amouage,Musk Abyadh,,https://www.fragrantica.com/perfume/Amouage/Musk-Abyadh-13476.html
11310,Amouage,Myths Man,2016,https://www.fragrantica.com/perfume/Amouage/Myths-Man-38259.html
11311,Amouage,Myths Woman,2016,https://www.fragrantica.com/perfume/Amouage/Myths-Woman-38260.html
11312,Amouage,Nesma,2011,https://www.parfumo.com/Perfumes/Amouage/Nesma
11313,Amouage,Ohood,,https://www.fragrantica.com/perfume/Amouage/Ohood-13477.html
11314,Amouage,Opus I,,https://huggingface.co/datasets/doevent/perfume
11315,Amouage,Opus Ii,,https://huggingface.co/datasets/doevent/perfume
11316,Amouage,Opus Iii,,https://huggingface.co/datasets/doevent/perfume
11317,Amouage,Opus Iv,,https://huggingface.co/datasets/doevent/perfume
11318,Amouage,Opus Ix,,https://huggingface.co/datasets/doevent/perfume
11319,Amouage,Opus V,,https://huggingface.co/datasets/doevent/perfume
11320,Amouage,Opus V – Woods Symphony,2011,https://www.fragrantica.com/perfume/Amouage/Opus-V-Woods-Symphony-74283.html
11321,Amouage,Opus V - Woods Symphony Amouage Attar,,https://www.parfumo.com/Perfumes/Amouage/opus-v-woods-symphony-attar
11322,Amouage,Opus Vi,,https://huggingface.co/datasets/doevent/perfume
11323,Amouage,Opus Vii,,https://huggingface.co/datasets/doevent/perfume
11324,Amouage,Opus VII – Reckless Leather,2013,https://www.fragrantica.com/perfume/Amouage/Opus-VII-Reckless-Leather-74284.html
11325,Amouage,Opus Viii,,https://huggingface.co/datasets/doevent/perfume
11326,Amouage,Opus X,,https://huggingface.co/datasets/doevent/perfume
11327,Amouage,Opus Xi,,https://huggingface.co/datasets/doevent/perfume
11328,Amouage,Opus XII – Rose Incense,2019,https://www.fragrantica.com/perfume/Amouage/Opus-XII-Rose-Incense-74282.html
11329,Amouage,Opus XIII – Silver Oud,2021,https://www.fragrantica.com/perfume/Amouage/Opus-XIII-Silver-Oud-74285.html
11330,Amouage,Opus XIV – Royal Tobacco,2022,https://www.fragrantica.com/perfume/Amouage/Opus-XIV-Royal-Tobacco-75064.html
11331,Amouage,Opus XV – King Blue,2023,https://www.fragrantica.com/perfume/Amouage/Opus-XV-King-Blue-83394.html
11332,Amouage,Opus XVI – Timber,2025,https://www.fragrantica.com/perfume/Amouage/Opus-XVI-Timber-112699.html
11333,Amouage,Orris Wakan,2021,https://www.fragrantica.com/perfume/Amouage/Orris-Wakan-71109.html
11334,Amouage,Oud Kumzar,2022,https://www.fragrantica.com/perfume/Amouage/Oud-Kumzar-92554.html
11335,Amouage,Oud Ulya,2021,https://www.fragrantica.com/perfume/Amouage/Oud-Ulya-71108.html
11336,Amouage,Oud Zuhal,2026,https://www.fragrantica.com/perfume/Amouage/Oud-Zuhal-125753.html
11337,Amouage,Oudh Al Khaloud,,https://www.fragrantica.com/perfume/Amouage/Oudh-Al-Khaloud-13478.html
11338,Amouage,Oudh Al Masarat,,https://www.parfumo.com/Perfumes/Amouage/Oudh_Al_Masarat
11339,Amouage,Outlands,2024,https://www.fragrantica.com/perfume/Amouage/Outlands-97924.html
11340,Amouage,Overture 41 Woman,2026,https://www.fragrantica.com/perfume/Amouage/Overture-41-Woman-140465.html
11341,Amouage,Overture Man,2019,https://www.fragrantica.com/perfume/Amouage/Overture-Man-55859.html
11342,Amouage,Overture Woman,2020,https://www.fragrantica.com/perfume/Amouage/Overture-Woman-62331.html
11343,Amouage,Portrayal Man,2019,https://www.fragrantica.com/perfume/Amouage/Portrayal-Man-54460.html
11344,Amouage,Portrayal Woman,2019,https://www.fragrantica.com/perfume/Amouage/Portrayal-Woman-54459.html
11345,Amouage,Purpose,2023,https://www.fragrantica.com/perfume/Amouage/Purpose-78657.html
11346,Amouage,Purpose 50,2025,https://www.fragrantica.com/perfume/Amouage/Purpose-50-100897.html
11347,Amouage,Purpose 50 Royal Drop,2025,https://www.fragrantica.com/perfume/Amouage/Purpose-50-Royal-Drop-118476.html
11348,Amouage,Rayaheen,2012,https://www.parfumo.com/Perfumes/Amouage/Rayaheen
11349,Amouage,Reasons,2024,https://www.fragrantica.com/perfume/Amouage/Reasons-97925.html
11350,Amouage,Reception,2025,https://www.fragrantica.com/perfume/Amouage/Reception-110438.html
11351,Amouage,Reflection 45,2021,https://www.parfumo.com/Perfumes/Amouage/reflection-45
11352,Amouage,Reflection 45 Man,2021,https://www.fragrantica.com/perfume/Amouage/Reflection-45-Man-69488.html
11353,Amouage,Reflection Man,2006,https://www.fragrantica.com/perfume/Amouage/Reflection-Man-920.html
11354,Amouage,Reflection Woman Amouage Solid Perfume,,https://www.parfumo.com/Perfumes/Amouage/Reflection_Woman_Solid_Perfume
11355,Amouage,Reflection Woman (Eau de Parfum),2006,https://www.fragrantica.com/perfume/Amouage/Reflection-Woman-919.html
11356,Amouage,Remain,2026,https://www.fragrantica.com/perfume/Amouage/Remain-121883.html
11357,Amouage,Rose,,https://www.fragrantica.com/perfume/Amouage/Rose-20491.html
11358,Amouage,Rose Aqor,2021,https://www.fragrantica.com/perfume/Amouage/Rose-Aqor-71110.html
11359,Amouage,Rose Incense,,https://huggingface.co/datasets/doevent/perfume
11360,Amouage,Rose Taif,,https://www.parfumo.com/Perfumes/Amouage/Rose_Taif
11361,Amouage,Ruh Al Oudh,,https://www.parfumo.com/Perfumes/Amouage/Ruh_Al_Oudh
11362,Amouage,Ruh Al Ward,,https://www.fragrantica.com/perfume/Amouage/Ruh-Al-Ward-42663.html
11363,Amouage,Saffron,,https://www.parfumo.com/Perfumes/Amouage/Saffron
11364,Amouage,Saffron Hamra,2021,https://www.fragrantica.com/perfume/Amouage/Saffron-Hamra-71113.html
11365,Amouage,Salalah,1997,https://www.parfumo.com/Perfumes/Amouage/Salalah
11366,Amouage,Salamah,,https://www.fragrantica.com/perfume/Amouage/Salamah-26408.html
11367,Amouage,Sandal,,https://www.fragrantica.com/perfume/Amouage/Sandal-13479.html
11368,Amouage,Sandal Sandalwood,,https://www.parfumo.com/Perfumes/Amouage/Sandal_Sandalwood
11369,Amouage,Santal Sohar,2023,https://www.fragrantica.com/perfume/Amouage/Santal-Sohar-81278.html
11370,Amouage,Sayyid Al Hanan,,https://www.parfumo.com/Perfumes/Amouage/Sayyid_Al_Hanan
11371,Amouage,Search,2023,https://www.fragrantica.com/perfume/Amouage/Search-78655.html
11372,Amouage,Sequence,2026,https://www.fragrantica.com/perfume/Amouage/Sequence-121884.html
11373,Amouage,Shamama,,https://www.parfumo.com/Perfumes/Amouage/Shamama
11374,Amouage,Shams Al Doha,,https://www.fragrantica.com/perfume/Amouage/Shams-Al-Doha-13470.html
11375,Amouage,Silver,1999,https://www.parfumo.com/Perfumes/Amouage/Amouage_Silver_Cologne
11376,Amouage,Silver Cristal,1996,https://www.fragrantica.com/perfume/Amouage/Silver-Cristal-43050.html
11377,Amouage,Silver Cristal Man,1998,https://www.parfumo.com/Perfumes/Amouage/Silver_Cristal_Man
11378,Amouage,Silver Man,2002,https://www.fragrantica.com/perfume/Amouage/Silver-Man-1111.html
11379,Amouage,Silver Oud,,https://huggingface.co/datasets/doevent/perfume
11380,Amouage,Silver Oudh,,https://www.parfumo.com/Perfumes/Amouage/Silver_Oudh
11381,Amouage,Sindbad,2025,https://www.fragrantica.com/perfume/Amouage/Sindbad-116626.html
11382,Amouage,Suede Ibri,2026,https://www.fragrantica.com/perfume/Amouage/Suede-Ibri-134788.html
11383,Amouage,Sunshine Man,2015,https://www.fragrantica.com/perfume/Amouage/Sunshine-Man-31619.html
11384,Amouage,Sunshine Woman,2014,https://www.fragrantica.com/perfume/Amouage/Sunshine-Woman-28182.html
11385,Amouage,Tahani,,https://www.fragrantica.com/perfume/Amouage/Tahani-20493.html
11386,Amouage,Taifi Rose,,https://www.fragrantica.com/perfume/Amouage/Taifi-Rose-20492.html
11387,Amouage,Tayyiba,,https://www.fragrantica.com/perfume/Amouage/Tayyiba-13471.html
11388,Amouage,The Library Collection Opus I,2010,https://www.fragrantica.com/perfume/Amouage/The-Library-Collection-Opus-I-9917.html
11389,Amouage,The Library Collection Opus II,2010,https://www.fragrantica.com/perfume/Amouage/The-Library-Collection-Opus-II-9920.html
11390,Amouage,The Library Collection Opus III,2010,https://www.fragrantica.com/perfume/Amouage/The-Library-Collection-Opus-III-9921.html
11391,Amouage,The Library Collection Opus IV,2010,https://www.fragrantica.com/perfume/Amouage/The-Library-Collection-Opus-IV-10756.html
11392,Amouage,The Library Collection Opus IX,2015,https://www.fragrantica.com/perfume/Amouage/The-Library-Collection-Opus-IX-30945.html
11393,Amouage,The Library Collection Opus V,2011,https://www.fragrantica.com/perfume/Amouage/The-Library-Collection-Opus-V-11973.html
11394,Amouage,The Library Collection Opus VI,2012,https://www.fragrantica.com/perfume/Amouage/The-Library-Collection-Opus-VI-14661.html
11395,Amouage,The Library Collection Opus VII,2013,https://www.fragrantica.com/perfume/Amouage/The-Library-Collection-Opus-VII-18159.html
11396,Amouage,The Library Collection Opus VIII,2014,https://www.fragrantica.com/perfume/Amouage/The-Library-Collection-Opus-VIII-24138.html
11397,Amouage,The Library Collection Opus X,2016,https://www.fragrantica.com/perfume/Amouage/The-Library-Collection-Opus-X-35679.html
11398,Amouage,The Library Collection Opus XI,2018,https://www.fragrantica.com/perfume/Amouage/The-Library-Collection-Opus-XI-52714.html
11399,Amouage,The Library Collection Rose Incense,2019,https://www.fragrantica.com/perfume/Amouage/The-Library-Collection-Rose-Incense-55759.html
11400,Amouage,The Library Collection Silver Oud,2021,https://www.fragrantica.com/perfume/Amouage/The-Library-Collection-Silver-Oud-69051.html
11401,Amouage,Tonka Misfah,2026,https://www.fragrantica.com/perfume/Amouage/Tonka-Misfah-134787.html
11402,Amouage,Tribute,2009,https://www.fragrantica.com/perfume/Amouage/Tribute-7490.html
11403,Amouage,Ubar,1995,https://www.fragrantica.com/perfume/Amouage/Ubar-6153.html
11404,Amouage,Vanilla Barka,2021,https://www.fragrantica.com/perfume/Amouage/Vanilla-Barka-71111.html
11405,Amouage,Wafa,,https://www.parfumo.com/Perfumes/Amouage/Wafa
11406,Amouage,Woroud,,https://www.parfumo.com/Perfumes/Amouage/Woroud
11407,Amoud Parfum,Oud Al Sultan,2018,https://www.fragrantica.com/perfume/Amoud-Parfum/Oud-Al-Sultan-65734.html
11408,Amour de Carnaval Luxe,02 Golden Sun,,https://www.fragrantica.com/perfume/Amour-de-Carnaval-Luxe/02-Golden-Sun-120257.html
11409,Amour de Carnaval Luxe,05 Tropical Bliss,,https://www.fragrantica.com/perfume/Amour-de-Carnaval-Luxe/05-Tropical-Bliss-127273.html
11410,Amouroud,Agarwood Noir,2016,https://www.fragrantica.com/perfume/Amouroud/Agarwood-Noir-37886.html
11411,Amouroud,Apricot Nectar,,https://www.fragrantica.com/perfume/Amouroud/Apricot-Nectar-120771.html
11412,Amouroud,Bois D'Orient,2016,https://www.fragrantica.com/perfume/Amouroud/Bois-D-Orient-37887.html
11413,Amouroud,Carissa Flower,,https://www.fragrantica.com/perfume/Amouroud/Carissa-Flower-120773.html
11414,Amouroud,Dark Orchid,2016,https://www.fragrantica.com/perfume/Amouroud/Dark-Orchid-32584.html
11415,Amouroud,Elixir - Golden Oud,2019,https://www.parfumo.com/Perfumes/Amouroud/elixir-golden-oud
11416,Amouroud,Elixir - Mysterious Rose,2019,https://www.parfumo.com/Perfumes/Amouroud/elixir-mysterious-rose
11417,Amouroud,Elixir - Noir Illuminé,2019,https://www.parfumo.com/Perfumes/Amouroud/elixir-noir-illumine
11418,Amouroud,Enchanted Garden,,https://www.fragrantica.com/perfume/Amouroud/Enchanted-Garden-120772.html
11419,Amouroud,Golden Oud,2019,https://www.fragrantica.com/perfume/Amouroud/Golden-Oud-57946.html
11420,Amouroud,Himalayan Woods,,https://www.fragrantica.com/perfume/Amouroud/Himalayan-Woods-120774.html
11421,Amouroud,La Rose Noire,2023,https://www.fragrantica.com/perfume/Amouroud/La-Rose-Noire-81417.html
11422,Amouroud,Licorice Woods,2022,https://www.fragrantica.com/perfume/Amouroud/Licorice-Woods-77892.html
11423,Amouroud,Lunar Vetiver,2018,https://www.fragrantica.com/perfume/Amouroud/Lunar-Vetiver-49492.html
11424,Amouroud,Midnight Rose,2016,https://www.fragrantica.com/perfume/Amouroud/Midnight-Rose-32588.html
11425,Amouroud,Miel Sauvage,2016,https://www.fragrantica.com/perfume/Amouroud/Miel-Sauvage-32589.html
11426,Amouroud,Mysterious Rose,2019,https://www.fragrantica.com/perfume/Amouroud/Mysterious-Rose-57947.html
11427,Amouroud,Noir Illuminé,2019,https://www.fragrantica.com/perfume/Amouroud/Noir-Illumine-57948.html
11428,Amouroud,Oud After Dark,2016,https://www.fragrantica.com/perfume/Amouroud/Oud-After-Dark-37888.html
11429,Amouroud,Oud du Jour,2016,https://www.fragrantica.com/perfume/Amouroud/Oud-du-Jour-32586.html
11430,Amouroud,Oud Tabac,2018,https://www.fragrantica.com/perfume/Amouroud/Oud-Tabac-49494.html
11431,Amouroud,Safran Rare,2016,https://www.fragrantica.com/perfume/Amouroud/Safran-Rare-32585.html
11432,Amouroud,Santal des Indes,2016,https://www.fragrantica.com/perfume/Amouroud/Santal-des-Indes-32587.html
11433,Amouroud,Silk Route,2016,https://www.fragrantica.com/perfume/Amouroud/Silk-Route-37885.html
11434,Amouroud,Silver Birch,2019,https://www.fragrantica.com/perfume/Amouroud/Silver-Birch-54983.html
11435,Amouroud,Smoky Citrus,2022,https://www.fragrantica.com/perfume/Amouroud/Smoky-Citrus-81415.html
11436,Amouroud,Sumptuous Flower,2022,https://www.fragrantica.com/perfume/Amouroud/Sumptuous-Flower-81416.html
11437,Amouroud,Sunset Oud,2020,https://www.fragrantica.com/perfume/Amouroud/Sunset-Oud-76975.html
11438,Amouroud,Virgin Leather,2024,https://www.fragrantica.com/perfume/Amouroud/Virgin-Leather-108660.html
11439,Amouroud,Wet Stone,2019,https://www.fragrantica.com/perfume/Amouroud/Wet-Stone-54986.html
11440,Amouroud,White Hinoki,2018,https://www.fragrantica.com/perfume/Amouroud/White-Hinoki-49490.html
11441,Amouroud,White Sands,2023,https://www.fragrantica.com/perfume/Amouroud/White-Sands-81414.html
11442,Ampersand,Adventurer,2022,https://www.fragrantica.com/perfume/Ampersand/Adventurer-109652.html
11443,Ampersand,Ambition,2022,https://www.fragrantica.com/perfume/Ampersand/Ambition-109653.html
11444,Ampersand,Attraction,2022,https://www.fragrantica.com/perfume/Ampersand/Attraction-109654.html
11445,Ampersand,Bloom,2022,https://www.fragrantica.com/perfume/Ampersand/Bloom-109674.html
11446,Ampersand,California,2022,https://www.fragrantica.com/perfume/Ampersand/California-109655.html
11447,Ampersand,Capri,2022,https://www.fragrantica.com/perfume/Ampersand/Capri-109657.html
11448,Ampersand,Discovery,2022,https://www.fragrantica.com/perfume/Ampersand/Discovery-109662.html
11449,Ampersand,Dramatic,2022,https://www.fragrantica.com/perfume/Ampersand/Dramatic-109663.html
11450,Ampersand,Emotion,2022,https://www.fragrantica.com/perfume/Ampersand/Emotion-109664.html
11451,Ampersand,Firenze,2022,https://www.fragrantica.com/perfume/Ampersand/Firenze-109665.html
11452,Ampersand,Gentlemen,2022,https://www.fragrantica.com/perfume/Ampersand/Gentlemen-109666.html
11453,Ampersand,Iconic,2022,https://www.fragrantica.com/perfume/Ampersand/Iconic-109667.html
11454,Ampersand,Identity,2022,https://www.fragrantica.com/perfume/Ampersand/Identity-109672.html
11455,Ampersand,Opulence,2022,https://www.fragrantica.com/perfume/Ampersand/Opulence-109693.html
11456,Ampersand,Parisian,2022,https://www.fragrantica.com/perfume/Ampersand/Parisian-109679.html
11457,Ampersand,Portofino,2022,https://www.fragrantica.com/perfume/Ampersand/Portofino-109694.html
11458,Ampersand,Rebel,2022,https://www.fragrantica.com/perfume/Ampersand/Rebel-109682.html
11459,Ampersand,Santorini,2022,https://www.fragrantica.com/perfume/Ampersand/Santorini-109690.html
11460,Ampersand,Seduction,2022,https://www.fragrantica.com/perfume/Ampersand/Seduction-109683.html
11461,Ampersand,Unique,2022,https://www.fragrantica.com/perfume/Ampersand/Unique-109677.html
11462,Ampersand,Valor,2022,https://www.fragrantica.com/perfume/Ampersand/Valor-109687.html
11463,Ampersand,Vetiver,2022,https://www.fragrantica.com/perfume/Ampersand/Vetiver-109692.html
11464,Amphora Parfum,Baby Boy,2024,https://www.fragrantica.com/perfume/Amphora-Parfum/Baby-Boy-100350.html
11465,Amphora Parfum,honeycakes,2025,https://www.fragrantica.com/perfume/Amphora-Parfum/honeycakes-105853.html
11466,Amphora Parfum,PRIMAL YELL,2024,https://www.fragrantica.com/perfume/Amphora-Parfum/PRIMAL-YELL-94623.html
11467,Amphora Parfum,SUBLIMATE,2024,https://www.fragrantica.com/perfume/Amphora-Parfum/SUBLIMATE-94624.html
11468,Amphora Parfum,Virginal,2024,https://www.fragrantica.com/perfume/Amphora-Parfum/Virginal-100351.html
11469,Amphore,Abyss,2024,https://www.fragrantica.com/perfume/Amphore/Abyss-120612.html
11470,Amphore,Astrolabe,2024,https://www.fragrantica.com/perfume/Amphore/Astrolabe-120616.html
11471,Amphore,Atlantide,2024,https://www.fragrantica.com/perfume/Amphore/Atlantide-120611.html
11472,Amphore,Balthazar,2024,https://www.fragrantica.com/perfume/Amphore/Balthazar-120619.html
11473,Amphore,Barbershop,2024,https://www.fragrantica.com/perfume/Amphore/Barbershop-120617.html
11474,Amphore,Le Grand Tour,2024,https://www.fragrantica.com/perfume/Amphore/Le-Grand-Tour-120615.html
11475,Amphore,Narcisse,2024,https://www.fragrantica.com/perfume/Amphore/Narcisse-120614.html
11476,Amphore,Near East,2024,https://www.fragrantica.com/perfume/Amphore/Near-East-120609.html
11477,Amphore,Ocyrhoe,2024,https://www.fragrantica.com/perfume/Amphore/Ocyrhoe-120613.html
11478,Amphore,Quadriga,2024,https://www.fragrantica.com/perfume/Amphore/Quadriga-120618.html
11479,Amphore,Syceus,2024,https://www.fragrantica.com/perfume/Amphore/Syceus-120610.html
11480,Amuà,Taerre,2019,https://www.fragrantica.com/perfume/Amua/Taerre-58833.html
11481,Amway,Ancestry,2000,https://www.fragrantica.com/perfume/Amway/Ancestry-8911.html
11482,Amway,Ancestry for Women,1987,https://www.parfumo.com/Perfumes/Amway/Ancestry_for_Women
11483,Amway,Ancestry in Paris,,https://www.fragrantica.com/perfume/Amway/Ancestry-in-Paris-32809.html
11484,Amway,Anticipate,,https://www.fragrantica.com/perfume/Amway/Anticipate-8910.html
11485,Amway,Anticipate for Men,2007,https://www.parfumo.com/Perfumes/Amway/Anticipate_for_Men
11486,Amway,Anticipate Intense,,https://www.fragrantica.com/perfume/Amway/Anticipate-Intense-12271.html
11487,Amway,Charter Club,,https://www.parfumo.com/Perfumes/Amway/Charter_Club
11488,Amway,Corinte,1990,https://www.fragrantica.com/perfume/Amway/Corinte-39551.html
11489,Amway,Crossroads,1987,https://www.parfumo.com/Perfumes/Amway/Crossroads
11490,Amway,Danselle,2015,https://www.parfumo.com/Perfumes/Amway/Danselle
11491,Amway,Decanter Cologne - Per Chance (Eau de Cologne),,https://www.parfumo.com/Perfumes/Amway/decanter-cologne-per-chance
11492,Amway,Entrissé,2015,https://www.parfumo.com/Perfumes/Amway/Entrisse
11493,Amway,Expectations for Her,,https://www.fragrantica.com/perfume/Amway/Expectations-for-Her-39545.html
11494,Amway,Imagine for Her,,https://www.fragrantica.com/perfume/Amway/Imagine-for-Her-39547.html
11495,Amway,Nelsha,1990,https://www.fragrantica.com/perfume/Amway/Nelsha-39548.html
11496,Amway,Opportune,,https://www.fragrantica.com/perfume/Amway/Opportune-8912.html
11497,Amway,Opportune No1,,https://www.fragrantica.com/perfume/Amway/Opportune-No1-17366.html
11498,Amway,Opportune Sport,2000,https://www.fragrantica.com/perfume/Amway/Opportune-Sport-8920.html
11499,Amway,Promise for Her,,https://www.fragrantica.com/perfume/Amway/Promise-for-Her-39546.html
11500,Amway,Quixotic,,https://www.fragrantica.com/perfume/Amway/Quixotic-8914.html
11501,Amway,Reasons,1989,https://www.fragrantica.com/perfume/Amway/Reasons-39549.html
11502,Amway,Shariel,1984,https://www.fragrantica.com/perfume/Amway/Shariel-39550.html
11503,Amway,Sun Dapples,2000,https://www.fragrantica.com/perfume/Amway/Sun-Dapples-8909.html
11504,Amway,Tolsom,,https://www.fragrantica.com/perfume/Amway/Tolsom-17367.html
11505,Amway,Wistful,,https://www.fragrantica.com/perfume/Amway/Wistful-8913.html
11506,Amway,Wistful Aroma Body Mist,,https://www.fragrantica.com/perfume/Amway/Wistful-Aroma-Body-Mist-17365.html
11507,Amway,Wistful No1,,https://www.fragrantica.com/perfume/Amway/Wistful-No1-17368.html
11508,Amy Childs,Amy Childs,2012,https://www.fragrantica.com/perfume/Amy-Childs/Amy-Childs-16077.html
11509,Amy Childs,Amy Childs Pour Femme,2014,https://www.fragrantica.com/perfume/Amy-Childs/Amy-Childs-Pour-Femme-28158.html
11510,Amygdala,Amber Resin,2016,https://www.fragrantica.com/perfume/Amygdala/Amber-Resin-43338.html
11511,Amygdala,Ambergris,2016,https://www.fragrantica.com/perfume/Amygdala/Ambergris-43339.html
11512,Amygdala,Bergamot,2016,https://www.fragrantica.com/perfume/Amygdala/Bergamot-40329.html
11513,Amygdala,Cherry Blossom,2016,https://www.fragrantica.com/perfume/Amygdala/Cherry-Blossom-40330.html
11514,Amygdala,Civet,2016,https://www.fragrantica.com/perfume/Amygdala/Civet-43340.html
11515,Amygdala,Gardenia,2016,https://www.fragrantica.com/perfume/Amygdala/Gardenia-43341.html
11516,Amygdala,Geranium,2016,https://www.fragrantica.com/perfume/Amygdala/Geranium-43342.html
11517,Amygdala,Green Tea,2016,https://www.fragrantica.com/perfume/Amygdala/Green-Tea-40331.html
11518,Amygdala,Honey,2016,https://www.fragrantica.com/perfume/Amygdala/Honey-43343.html
11519,Amygdala,Imperial Rose,2016,https://www.fragrantica.com/perfume/Amygdala/Imperial-Rose-40332.html
11520,Amygdala,Iris,2016,https://www.fragrantica.com/perfume/Amygdala/Iris-40333.html
11521,Amygdala,Jasmine,2016,https://www.fragrantica.com/perfume/Amygdala/Jasmine-40334.html
11522,Amygdala,Lavender,2016,https://www.fragrantica.com/perfume/Amygdala/Lavender-43344.html
11523,Amygdala,Leather,2016,https://www.fragrantica.com/perfume/Amygdala/Leather-43345.html
11524,Amygdala,Lemon,2016,https://www.fragrantica.com/perfume/Amygdala/Lemon-43346.html
11525,Amygdala,Neroli,2016,https://www.fragrantica.com/perfume/Amygdala/Neroli-40335.html
11526,Amygdala,Oakmoss,2016,https://www.fragrantica.com/perfume/Amygdala/Oakmoss-43347.html
11527,Amygdala,Patchouli,2016,https://www.fragrantica.com/perfume/Amygdala/Patchouli-43348.html
11528,Amygdala,Pear,2016,https://www.fragrantica.com/perfume/Amygdala/Pear-40336.html
11529,Amygdala,Peony,2016,https://www.fragrantica.com/perfume/Amygdala/Peony-43349.html
11530,Amygdala,Pink Pepper,2016,https://www.fragrantica.com/perfume/Amygdala/Pink-Pepper-43350.html
11531,Amygdala,Redcurrant,2016,https://www.fragrantica.com/perfume/Amygdala/Redcurrant-43351.html
11532,Amygdala,Sea Salt,2016,https://www.fragrantica.com/perfume/Amygdala/Sea-Salt-43352.html
11533,Amygdala,Tobacco,2016,https://www.fragrantica.com/perfume/Amygdala/Tobacco-43353.html
11534,Amygdala,Tonka Bean,2016,https://www.fragrantica.com/perfume/Amygdala/Tonka-Bean-40337.html
11535,Amygdala,Tuberose,2016,https://www.fragrantica.com/perfume/Amygdala/Tuberose-43354.html
11536,Amygdala,Vetiver,2016,https://www.fragrantica.com/perfume/Amygdala/Vetiver-43356.html
11537,Amygdala,Virginia Cedarwood,2016,https://www.fragrantica.com/perfume/Amygdala/Virginia-Cedarwood-40338.html
11538,Amyi,Amyi 2.10,2021,https://www.fragrantica.com/perfume/Amyi/Amyi-2-10-69017.html
11539,Amyi,Amyi 2.11,2021,https://www.fragrantica.com/perfume/Amyi/Amyi-2-11-69018.html
11540,Amyi,Amyi 2.12,2021,https://www.fragrantica.com/perfume/Amyi/Amyi-2-12-69020.html
11541,Amyi,Amyi 2.13,2021,https://www.fragrantica.com/perfume/Amyi/Amyi-2-13-69021.html
11542,Amyi,Amyi 2.14,2021,https://www.fragrantica.com/perfume/Amyi/Amyi-2-14-69022.html
11543,Amyi,Amyi 2.15,2021,https://www.fragrantica.com/perfume/Amyi/Amyi-2-15-69023.html
11544,Amyi,Amyi 3.16,2022,https://www.fragrantica.com/perfume/Amyi/Amyi-3-16-78458.html
11545,Amyi,Amyi 3.17,2022,https://www.fragrantica.com/perfume/Amyi/Amyi-3-17-78459.html
11546,Amyi,Amyi 3.18,2022,https://www.fragrantica.com/perfume/Amyi/Amyi-3-18-78460.html
11547,Amyi,Amyi 4.19,2024,https://www.fragrantica.com/perfume/Amyi/Amyi-4-19-100461.html
11548,Amyi,Amyi 4.20,2024,https://www.fragrantica.com/perfume/Amyi/Amyi-4-20-100462.html
11549,Amyi,Amyi 5.21,2025,https://www.fragrantica.com/perfume/Amyi/Amyi-5-21-109624.html
11550,Amyi,Amyi 5.22,2025,https://www.fragrantica.com/perfume/Amyi/Amyi-5-22-109625.html
11551,Amyi,Amyi 6.23,2025,https://www.fragrantica.com/perfume/Amyi/Amyi-6-23-119452.html
11552,Amyi,Amyi 6.24,2025,https://www.fragrantica.com/perfume/Amyi/Amyi-6-24-119453.html
11553,Amyi,Amyi 7.25,2026,https://www.fragrantica.com/perfume/Amyi/Amyi-7-25-137312.html
11554,Amyi,Amyi I,2019,https://www.fragrantica.com/perfume/Amyi/Amyi-I-60768.html
11555,Amyi,Amyi II,2019,https://www.fragrantica.com/perfume/Amyi/Amyi-II-60769.html
11556,Amyi,Amyi III,2019,https://www.fragrantica.com/perfume/Amyi/Amyi-III-60770.html
11557,Amyi,Amyi IV,2019,https://www.fragrantica.com/perfume/Amyi/Amyi-IV-60771.html
11558,Amyi,Amyi IX,2019,https://www.fragrantica.com/perfume/Amyi/Amyi-IX-60775.html
11559,Amyi,Amyi V,2019,https://www.fragrantica.com/perfume/Amyi/Amyi-V-60772.html
11560,Amyi,Amyi VI,2019,https://www.fragrantica.com/perfume/Amyi/Amyi-VI-60773.html
11561,Amyi,Amyi VII,2019,https://www.fragrantica.com/perfume/Amyi/Amyi-VII-60774.html
11562,Amyi,Amyi VIII,2019,https://www.fragrantica.com/perfume/Amyi/Amyi-VIII-60718.html
11563,Amzan,Averro,2025,https://www.fragrantica.com/perfume/Amzan/Averro-119537.html
11564,Amzan,Bacarrio,2025,https://www.fragrantica.com/perfume/Amzan/Bacarrio-119538.html
11565,Amzan,Bright Blue,2020,https://www.fragrantica.com/perfume/Amzan/Bright-Blue-101298.html
11566,Amzan,Cossio,2020,https://www.fragrantica.com/perfume/Amzan/Cossio-101299.html
11567,Amzan,Crystal,2020,https://www.fragrantica.com/perfume/Amzan/Crystal-101300.html
11568,Amzan,Fleur,2020,https://www.fragrantica.com/perfume/Amzan/Fleur-101301.html
11569,Amzan,Kira,2020,https://www.fragrantica.com/perfume/Amzan/Kira-101302.html
11570,Amzan,Lorena,2025,https://www.fragrantica.com/perfume/Amzan/Lorena-119535.html
11571,Amzan,Madelin,2025,https://www.fragrantica.com/perfume/Amzan/Madelin-119536.html
11572,Amzan,Opalya,2025,https://www.fragrantica.com/perfume/Amzan/Opalya-119532.html
11573,Amzan,Secret Love,2020,https://www.fragrantica.com/perfume/Amzan/Secret-Love-101303.html
11574,Amzan,Silver Sky,2025,https://www.fragrantica.com/perfume/Amzan/Silver-Sky-119533.html
11575,Amzan,Sycorra,2025,https://www.fragrantica.com/perfume/Amzan/Sycorra-119534.html
11576,Amzan,Zero Two,2020,https://www.fragrantica.com/perfume/Amzan/Zero-Two-101304.html
11577,An.núr,Ibiza Wave,2025,https://www.fragrantica.com/perfume/An-nur/Ibiza-Wave-136545.html
11578,Ana Hickmann,Ana,2009,https://www.fragrantica.com/perfume/Ana-Hickmann/Ana-7828.html
11579,Ana Hickmann,Black Orchid,2011,https://www.fragrantica.com/perfume/Ana-Hickmann/Black-Orchid-27959.html
11580,Ana Hickmann,Donna,2018,https://www.fragrantica.com/perfume/Ana-Hickmann/Donna-56838.html
11581,Ana Hickmann,Donna Bouquet,2019,https://www.fragrantica.com/perfume/Ana-Hickmann/Donna-Bouquet-56839.html
11582,Ana Hickmann,Dream,2011,https://www.fragrantica.com/perfume/Ana-Hickmann/Dream-27610.html
11583,Ana Hickmann,Elegance,2015,https://www.fragrantica.com/perfume/Ana-Hickmann/Elegance-38390.html
11584,Ana Hickmann,Elegance Noir,2017,https://www.fragrantica.com/perfume/Ana-Hickmann/Elegance-Noir-46872.html
11585,Ana Hickmann,Elegance Rouge,2019,https://www.fragrantica.com/perfume/Ana-Hickmann/Elegance-Rouge-62043.html
11586,Ana Hickmann,Gold,2012,https://www.fragrantica.com/perfume/Ana-Hickmann/Gold-27612.html
11587,Ana Hickmann,Gold in Love,2012,https://www.fragrantica.com/perfume/Ana-Hickmann/Gold-in-Love-27613.html
11588,Ana Hickmann,Gold in Shadow,2014,https://www.fragrantica.com/perfume/Ana-Hickmann/Gold-in-Shadow-27962.html
11589,Ana Hickmann,Jelly,2012,https://www.fragrantica.com/perfume/Ana-Hickmann/Jelly-27961.html
11590,Ana Hickmann,Lollipop,2012,https://www.fragrantica.com/perfume/Ana-Hickmann/Lollipop-27960.html
11591,Ana Hickmann,Midnight Dream,2013,https://www.fragrantica.com/perfume/Ana-Hickmann/Midnight-Dream-27611.html
11592,Ana Hickmann,Summer Paradise,2014,https://www.fragrantica.com/perfume/Ana-Hickmann/Summer-Paradise-27609.html
11593,Ana Hickmann,Summer Party,2013,https://www.fragrantica.com/perfume/Ana-Hickmann/Summer-Party-27608.html
11594,Ana Rosa,Agua de Flores,2011,https://www.fragrantica.com/perfume/Ana-Rosa/Agua-de-Flores-14523.html
11595,Ana Rosa,Estilo,2009,https://www.fragrantica.com/perfume/Ana-Rosa/Estilo-14524.html
11596,Ana Salazar,Ana Salazar,1989,https://www.fragrantica.com/perfume/Ana-Salazar/Ana-Salazar-101775.html
11597,Ana Salazar,Ana Salazar Vintage,2009,https://www.fragrantica.com/perfume/Ana-Salazar/Ana-Salazar-Vintage-10188.html
11598,Ana Salazar,Ás,2025,https://www.fragrantica.com/perfume/Ana-Salazar/As-101790.html
11599,Ana Salazar,Silencio,2004,https://www.fragrantica.com/perfume/Ana-Salazar/Silencio-10189.html
11600,Analisa Parfums,Bohemian Spirit,2025,https://www.fragrantica.com/perfume/Analisa-Parfums/Bohemian-Spirit-105014.html
11601,Analisa Parfums,Deep Wood,2025,https://www.fragrantica.com/perfume/Analisa-Parfums/Deep-Wood-105022.html
11602,Analisa Parfums,Fantaisie Escape,2025,https://www.fragrantica.com/perfume/Analisa-Parfums/Fantaisie-Escape-105013.html
11603,Analisa Parfums,Fleur Elise,2025,https://www.fragrantica.com/perfume/Analisa-Parfums/Fleur-Elise-105015.html
11604,Analisa Parfums,Golden Elixir,2025,https://www.fragrantica.com/perfume/Analisa-Parfums/Golden-Elixir-105021.html
11605,Analisa Parfums,Intimate Serenade,2025,https://www.fragrantica.com/perfume/Analisa-Parfums/Intimate-Serenade-105018.html
11606,Analisa Parfums,L’Impression Bleue,2025,https://www.fragrantica.com/perfume/Analisa-Parfums/L-Impression-Bleue-135469.html
11607,Analisa Parfums,La Campanella,2025,https://www.fragrantica.com/perfume/Analisa-Parfums/La-Campanella-105012.html
11608,Analisa Parfums,La Promesse,2025,https://www.fragrantica.com/perfume/Analisa-Parfums/La-Promesse-105024.html
11609,Analisa Parfums,Moonlight Blossom,2025,https://www.fragrantica.com/perfume/Analisa-Parfums/Moonlight-Blossom-105009.html
11610,Analisa Parfums,Neige Bleue,2025,https://www.fragrantica.com/perfume/Analisa-Parfums/Neige-Bleue-105017.html
11611,Analisa Parfums,Nocturne Mélodie,2025,https://www.fragrantica.com/perfume/Analisa-Parfums/Nocturne-Melodie-105019.html
11612,Analisa Parfums,Royal Oud,2025,https://www.fragrantica.com/perfume/Analisa-Parfums/Royal-Oud-105023.html
11613,Analisa Parfums,Secret Garden,2025,https://www.fragrantica.com/perfume/Analisa-Parfums/Secret-Garden-105025.html
11614,Analisa Parfums,Swan Danse,2025,https://www.fragrantica.com/perfume/Analisa-Parfums/Swan-Danse-105016.html
11615,Analisa Parfums,White Interlude,2025,https://www.fragrantica.com/perfume/Analisa-Parfums/White-Interlude-105020.html
11616,Anamor,All That Matters,,https://www.fragrantica.com/perfume/Anamor/All-That-Matters-4279.html
11617,Anamor,You Are,,https://www.fragrantica.com/perfume/Anamor/You-Are-10062.html
11618,Anastacia,Resurrection,2007,https://www.fragrantica.com/perfume/Anastacia/Resurrection-2974.html
11619,Anastasia Denisenkova,Blue Mice,2016,https://www.fragrantica.com/perfume/Anastasia-Denisenkova/Blue-Mice-49021.html
11620,Anastasia Denisenkova,Flower Milk,2015,https://www.fragrantica.com/perfume/Anastasia-Denisenkova/Flower-Milk-49020.html
11621,Anastasia Denisenkova,Hidden,2016,https://www.fragrantica.com/perfume/Anastasia-Denisenkova/Hidden-49016.html
11622,Anastasia Denisenkova,Insomnia,2014,https://www.fragrantica.com/perfume/Anastasia-Denisenkova/Insomnia-49015.html
11623,Anastasia Denisenkova,Koukla Mou,2014,https://www.fragrantica.com/perfume/Anastasia-Denisenkova/Koukla-Mou-49019.html
11624,Anastasia Denisenkova,Lazy,2014,https://www.fragrantica.com/perfume/Anastasia-Denisenkova/Lazy-49018.html
11625,Anastasia Denisenkova,Salad,2016,https://www.fragrantica.com/perfume/Anastasia-Denisenkova/Salad-49023.html
11626,Anastasia Denisenkova,Schatz,2016,https://www.fragrantica.com/perfume/Anastasia-Denisenkova/Schatz-49022.html
11627,Anastasia Denisenkova,Spicy,2016,https://www.fragrantica.com/perfume/Anastasia-Denisenkova/Spicy-49017.html
11628,Anat Fritz,Anat Fritz Classical,2013,https://www.fragrantica.com/perfume/Anat-Fritz/Anat-Fritz-Classical-20532.html
11629,Anat Fritz,Anat Fritz Classical 2020 Limited Edition,2020,https://www.fragrantica.com/perfume/Anat-Fritz/Anat-Fritz-Classical-2020-Limited-Edition-67185.html
11630,Anat Fritz,Tzora,2012,https://www.fragrantica.com/perfume/Anat-Fritz/Tzora-17099.html
11631,Anat Fritz,Tzora 2020 Limited Edition,2020,https://www.fragrantica.com/perfume/Anat-Fritz/Tzora-2020-Limited-Edition-66929.html
11632,Anatole Lebreton,Armonia,2024,https://www.fragrantica.com/perfume/Anatole-Lebreton/Armonia-98151.html
11633,Anatole Lebreton,Bois Lumière,2014,https://www.fragrantica.com/perfume/Anatole-Lebreton/Bois-Lumiere-32057.html
11634,Anatole Lebreton,Brioche,2022,https://www.fragrantica.com/perfume/Anatole-Lebreton/Brioche-79283.html
11635,Anatole Lebreton,Caribe Kiss,2024,https://www.fragrantica.com/perfume/Anatole-Lebreton/Caribe-Kiss-92359.html
11636,Anatole Lebreton,Cornaline,2018,https://www.fragrantica.com/perfume/Anatole-Lebreton/Cornaline-49125.html
11637,Anatole Lebreton,Duende,2025,https://www.fragrantica.com/perfume/Anatole-Lebreton/Duende-105658.html
11638,Anatole Lebreton,Fleur Cachée,2020,https://www.fragrantica.com/perfume/Anatole-Lebreton/Fleur-Cachee-66608.html
11639,Anatole Lebreton,Grimoire,2017,https://www.fragrantica.com/perfume/Anatole-Lebreton/Grimoire-42233.html
11640,Anatole Lebreton,Incarnata,2015,https://www.fragrantica.com/perfume/Anatole-Lebreton/Incarnata-34203.html
11641,Anatole Lebreton,Kairos,2024,https://www.fragrantica.com/perfume/Anatole-Lebreton/Kairos-98152.html
11642,Anatole Lebreton,L'Eau de Merzhin,2014,https://www.fragrantica.com/perfume/Anatole-Lebreton/L-Eau-de-Merzhin-32055.html
11643,Anatole Lebreton,L'Eau Guillerette,2022,https://www.fragrantica.com/perfume/Anatole-Lebreton/L-Eau-Guillerette-73588.html
11644,Anatole Lebreton,L'Eau Scandaleuse,2014,https://www.fragrantica.com/perfume/Anatole-Lebreton/L-Eau-Scandaleuse-32056.html
11645,Anatole Lebreton,Perfumista,2019,https://www.fragrantica.com/perfume/Anatole-Lebreton/Perfumista-60737.html
11646,Anatole Lebreton,Racine Carrée,2021,https://www.fragrantica.com/perfume/Anatole-Lebreton/Racine-Carree-71445.html
11647,Anatole Lebreton,Rubaiyat,2025,https://www.fragrantica.com/perfume/Anatole-Lebreton/Rubaiyat-105659.html
11648,Anatole Lebreton,Tabaquero,2026,https://www.fragrantica.com/perfume/Anatole-Lebreton/Tabaquero-131411.html
11649,Anatole Lebreton,Tamam for Adnan Adbaya,2023,https://www.fragrantica.com/perfume/Anatole-Lebreton/Tamam-for-Adnan-Adbaya-92603.html
11650,Anatole Lebreton,Uruk,2024,https://www.fragrantica.com/perfume/Anatole-Lebreton/Uruk-98153.html
11651,Anatoline,An,2025,https://www.fragrantica.com/perfume/Anatoline/An-106043.html
11652,Anatoline,Babylon,2018,https://www.fragrantica.com/perfume/Anatoline/Babylon-52079.html
11653,Anatoline,EPHESUS,2021,https://www.fragrantica.com/perfume/Anatoline/EPHESUS-71699.html
11654,Anatoline,GOBEKLITEPE,2023,https://www.fragrantica.com/perfume/Anatoline/GOBEKLITEPE-81477.html
11655,Anatoline,Hattusha,2018,https://www.fragrantica.com/perfume/Anatoline/Hattusha-52080.html
11656,Anatoline,Ionia,2018,https://www.fragrantica.com/perfume/Anatoline/Ionia-52081.html
11657,Anatoline,KYBELE,2023,https://www.fragrantica.com/perfume/Anatoline/KYBELE-81478.html
11658,Anatoline,Mesopotamia,2018,https://www.fragrantica.com/perfume/Anatoline/Mesopotamia-52082.html
11659,Anatoline,PHRYGIA,2021,https://www.fragrantica.com/perfume/Anatoline/PHRYGIA-71698.html
11660,Anatoline,Sardis,2025,https://www.fragrantica.com/perfume/Anatoline/Sardis-106042.html
11661,Anatoline,SHAMAN,2023,https://www.fragrantica.com/perfume/Anatoline/SHAMAN-81479.html
11662,Anatoline,SUMERIAN,2018,https://www.fragrantica.com/perfume/Anatoline/SUMERIAN-71700.html
11663,Anatoline,TROIA,2021,https://www.fragrantica.com/perfume/Anatoline/TROIA-71697.html
11664,Anatoline,Urartu,2018,https://www.fragrantica.com/perfume/Anatoline/Urartu-52083.html
11665,Anatoline,Voyage,2018,https://www.fragrantica.com/perfume/Anatoline/Voyage-52084.html
11666,Anconu,Elemi Sand,2021,https://www.fragrantica.com/perfume/Anconu/Elemi-Sand-68403.html
11667,Anconu,Ladan Dusk,2021,https://www.fragrantica.com/perfume/Anconu/Ladan-Dusk-68402.html
11668,Anconu,Rosebud Moss,2021,https://www.fragrantica.com/perfume/Anconu/Rosebud-Moss-68400.html
11669,Anconu,Vetiver Drizzle,2021,https://www.fragrantica.com/perfume/Anconu/Vetiver-Drizzle-68401.html
11670,С & C,City Palace Linen,,https://www.fragrantica.com/perfume/S-C/City-Palace-Linen-60958.html
11671,С & C,Malabar Hill Silk,,https://www.fragrantica.com/perfume/S-C/Malabar-Hill-Silk-60959.html
11672,С & C,Scandal Point Tweed,,https://www.fragrantica.com/perfume/S-C/Scandal-Point-Tweed-60888.html
11673,С & C,Skating Rink Flannel,,https://www.fragrantica.com/perfume/S-C/Skating-Rink-Flannel-60957.html
11674,С & C,White Town Cotton,,https://www.fragrantica.com/perfume/S-C/White-Town-Cotton-60932.html
11675,ånd fragrances,Ancient Scent,2025,https://www.fragrantica.com/perfume/aand-fragrances/Ancient-Scent-109988.html
11676,ånd fragrances,Båre,2021,https://www.fragrantica.com/perfume/aand-fragrances/Baare-66072.html
11677,ånd fragrances,Bårk,2023,https://www.fragrantica.com/perfume/aand-fragrances/Baark-79209.html
11678,ånd fragrances,Beån,2020,https://www.fragrantica.com/perfume/aand-fragrances/Beaan-61209.html
11679,ånd fragrances,Cåke,2023,https://www.fragrantica.com/perfume/aand-fragrances/Caake-88751.html
11680,ånd fragrances,Crown Of Violets,2024,https://www.fragrantica.com/perfume/aand-fragrances/Crown-Of-Violets-91519.html
11681,ånd fragrances,Får,2022,https://www.fragrantica.com/perfume/aand-fragrances/Faar-72902.html
11682,ånd fragrances,Flåme,2023,https://www.fragrantica.com/perfume/aand-fragrances/Flaame-91520.html
11683,ånd fragrances,Frånk,2020,https://www.fragrantica.com/perfume/aand-fragrances/Fraank-63941.html
11684,ånd fragrances,Måd,2021,https://www.fragrantica.com/perfume/aand-fragrances/Maad-66073.html
11685,ånd fragrances,Påtch,2022,https://www.fragrantica.com/perfume/aand-fragrances/Paatch-72901.html
11686,ånd fragrances,Sånd,2020,https://www.fragrantica.com/perfume/aand-fragrances/Saand-62749.html
11687,And Other Stories,"Act 1, Scene 3",2023,https://www.fragrantica.com/perfume/And-Other-Stories/Act-1-Scene-3-114540.html
11688,And Other Stories,Arabesque Wood,2014,https://www.fragrantica.com/perfume/And-Other-Stories/Arabesque-Wood-36885.html
11689,And Other Stories,Arabesque Wood Body Mist,2014,https://www.fragrantica.com/perfume/And-Other-Stories/Arabesque-Wood-Body-Mist-114831.html
11690,And Other Stories,Arabesque Wood Perfume Oil,2014,https://www.fragrantica.com/perfume/And-Other-Stories/Arabesque-Wood-Perfume-Oil-114836.html
11691,And Other Stories,Avant-Garde Air,2019,https://www.fragrantica.com/perfume/And-Other-Stories/Avant-Garde-Air-115239.html
11692,And Other Stories,Avant-Garde Air Body Mist,2019,https://www.fragrantica.com/perfume/And-Other-Stories/Avant-Garde-Air-Body-Mist-115298.html
11693,And Other Stories,Avant-Garde Air Perfume Oil,2019,https://www.fragrantica.com/perfume/And-Other-Stories/Avant-Garde-Air-Perfume-Oil-115297.html
11694,And Other Stories,Ballet Improvisé,2016,https://www.fragrantica.com/perfume/And-Other-Stories/Ballet-Improvise-115336.html
11695,And Other Stories,Belsize Beat,2019,https://www.fragrantica.com/perfume/And-Other-Stories/Belsize-Beat-64183.html
11696,And Other Stories,Belsize Beat Body Mist,2019,https://www.fragrantica.com/perfume/And-Other-Stories/Belsize-Beat-Body-Mist-114817.html
11697,And Other Stories,Belsize Beat Perfume Oil,2019,https://www.fragrantica.com/perfume/And-Other-Stories/Belsize-Beat-Perfume-Oil-114690.html
11698,And Other Stories,Blank Pages,2024,https://www.fragrantica.com/perfume/And-Other-Stories/Blank-Pages-106658.html
11699,And Other Stories,Blank Pages Perfume Oil,2024,https://www.fragrantica.com/perfume/And-Other-Stories/Blank-Pages-Perfume-Oil-114928.html
11700,And Other Stories,Bonbon Tree,2015,https://www.fragrantica.com/perfume/And-Other-Stories/Bonbon-Tree-36887.html
11701,And Other Stories,Botanic Whisper,2014,https://www.fragrantica.com/perfume/And-Other-Stories/Botanic-Whisper-36852.html
11702,And Other Stories,Botanic Whisper Body Mist,2014,https://www.fragrantica.com/perfume/And-Other-Stories/Botanic-Whisper-Body-Mist-114679.html
11703,And Other Stories,Brise Sensuelle Body Mist,2017,https://www.fragrantica.com/perfume/And-Other-Stories/Brise-Sensuelle-Body-Mist-115494.html
11704,And Other Stories,Cœur Léger Body Mist,2017,https://www.fragrantica.com/perfume/And-Other-Stories/Coeur-Leger-Body-Mist-115498.html
11705,And Other Stories,Canvas Perfume Oil,2016,https://www.fragrantica.com/perfume/And-Other-Stories/Canvas-Perfume-Oil-115417.html
11706,And Other Stories,Couture Carnival Body Mist,,https://www.fragrantica.com/perfume/And-Other-Stories/Couture-Carnival-Body-Mist-36896.html
11707,And Other Stories,Crinoline,2015,https://www.fragrantica.com/perfume/And-Other-Stories/Crinoline-36888.html
11708,And Other Stories,Crinoline Green,2017,https://www.fragrantica.com/perfume/And-Other-Stories/Crinoline-Green-114839.html
11709,And Other Stories,Crinoline Violet,2017,https://www.fragrantica.com/perfume/And-Other-Stories/Crinoline-Violet-115396.html
11710,And Other Stories,Déjà Vu Mood,2021,https://www.fragrantica.com/perfume/And-Other-Stories/De-ja-Vu-Mood-67717.html
11711,And Other Stories,Déjà Vu Mood Perfume Oil,2021,https://www.fragrantica.com/perfume/And-Other-Stories/Deja-Vu-Mood-Perfume-Oil-115493.html
11712,And Other Stories,Desert Edition,2024,https://www.fragrantica.com/perfume/And-Other-Stories/Desert-Edition-106731.html
11713,And Other Stories,Desert Edition Perfume Oil,2024,https://www.fragrantica.com/perfume/And-Other-Stories/Desert-Edition-Perfume-Oil-114929.html
11714,And Other Stories,Equatorial Dreams Body Mist,2013,https://www.fragrantica.com/perfume/And-Other-Stories/Equatorial-Dreams-Body-Mist-36898.html
11715,And Other Stories,Fig Fiction,2014,https://www.fragrantica.com/perfume/And-Other-Stories/Fig-Fiction-36854.html
11716,And Other Stories,Fig Fiction Body Mist,2014,https://www.fragrantica.com/perfume/And-Other-Stories/Fig-Fiction-Body-Mist-114536.html
11717,And Other Stories,Fig Fiction Perfume Oil,2014,https://www.fragrantica.com/perfume/And-Other-Stories/Fig-Fiction-Perfume-Oil-114592.html
11718,And Other Stories,Fleur de Mimosa,2015,https://www.fragrantica.com/perfume/And-Other-Stories/Fleur-de-Mimosa-36886.html
11719,And Other Stories,Fleur de Mimosa Body Mist,2015,https://www.fragrantica.com/perfume/And-Other-Stories/Fleur-de-Mimosa-Body-Mist-114677.html
11720,And Other Stories,Fleur de Mimosa Perfume Oil,2015,https://www.fragrantica.com/perfume/And-Other-Stories/Fleur-de-Mimosa-Perfume-Oil-114689.html
11721,And Other Stories,Floral Memento Body Mist,2015,https://www.fragrantica.com/perfume/And-Other-Stories/Floral-Memento-Body-Mist-36893.html
11722,& Other Stories,Forest Haze,2025,https://www.fragrantica.com/perfume/Other-Stories/Forest-Haze-116593.html
11723,And Other Stories,Fornillo,2014,https://www.fragrantica.com/perfume/And-Other-Stories/Fornillo-115398.html
11724,And Other Stories,Fornillo Body Mist,2014,https://www.fragrantica.com/perfume/And-Other-Stories/Fornillo-Body-Mist-115399.html
11725,And Other Stories,Frozen Verbena Body Mist,,https://www.fragrantica.com/perfume/And-Other-Stories/Frozen-Verbena-Body-Mist-36894.html
11726,And Other Stories,Ginger Wishes Body Mist,2013,https://www.fragrantica.com/perfume/And-Other-Stories/Ginger-Wishes-Body-Mist-36900.html
11727,And Other Stories,Haute Goth,2017,https://www.fragrantica.com/perfume/And-Other-Stories/Haute-Goth-115496.html
11728,And Other Stories,Havana Blues,2016,https://www.fragrantica.com/perfume/And-Other-Stories/Havana-Blues-36890.html
11729,And Other Stories,Havana Blues Body Mist,2016,https://www.fragrantica.com/perfume/And-Other-Stories/Havana-Blues-Body-Mist-115397.html
11730,And Other Stories,Humlegården,2020,https://www.fragrantica.com/perfume/And-Other-Stories/Humlegaarden-114533.html
11731,And Other Stories,Layering Scents - Leather Haze,2018,https://www.fragrantica.com/perfume/And-Other-Stories/Layering-Scents-Leather-Haze-115415.html
11732,And Other Stories,Layering Scents - Mocha Bloom,2018,https://www.fragrantica.com/perfume/And-Other-Stories/Layering-Scents-Mocha-Bloom-115412.html
11733,And Other Stories,Layering Scents - Vanilla Satori,2018,https://www.fragrantica.com/perfume/And-Other-Stories/Layering-Scents-Vanilla-Satori-115416.html
11734,And Other Stories,Lemon Daydream Body Mist,,https://www.fragrantica.com/perfume/And-Other-Stories/Lemon-Daydream-Body-Mist-36891.html
11735,And Other Stories,Mediterraneen Body Mist,2014,https://www.fragrantica.com/perfume/And-Other-Stories/Mediterraneen-Body-Mist-36897.html
11736,And Other Stories,Miami Muse,2019,https://www.fragrantica.com/perfume/And-Other-Stories/Miami-Muse-64179.html
11737,And Other Stories,Miami Muse Body Mist,2017,https://www.fragrantica.com/perfume/And-Other-Stories/Miami-Muse-Body-Mist-114597.html
11738,And Other Stories,Miami Muse Perfume Oil,2017,https://www.fragrantica.com/perfume/And-Other-Stories/Miami-Muse-Perfume-Oil-115401.html
11739,And Other Stories,Midnight Encore,2022,https://www.fragrantica.com/perfume/And-Other-Stories/Midnight-Encore-114594.html
11740,And Other Stories,Moon Fiction,2022,https://www.fragrantica.com/perfume/And-Other-Stories/Moon-Fiction-114521.html
11741,And Other Stories,Moon Fiction Perfume Oil,2022,https://www.fragrantica.com/perfume/And-Other-Stories/Moon-Fiction-Perfume-Oil-115490.html
11742,And Other Stories,Moroccan Tea,2014,https://www.fragrantica.com/perfume/And-Other-Stories/Moroccan-Tea-36855.html
11743,And Other Stories,Neon Rush,2016,https://www.fragrantica.com/perfume/And-Other-Stories/Neon-Rush-114526.html
11744,And Other Stories,Neon Rush Body Mist,2016,https://www.fragrantica.com/perfume/And-Other-Stories/Neon-Rush-Body-Mist-115238.html
11745,And Other Stories,Nine Notes,,https://www.fragrantica.com/perfume/And-Other-Stories/Nine-Notes-106734.html
11746,And Other Stories,Nine Notes Body Mist,,https://www.fragrantica.com/perfume/And-Other-Stories/Nine-Notes-Body-Mist-115475.html
11747,And Other Stories,Nine Notes Perfume Oil,,https://www.fragrantica.com/perfume/And-Other-Stories/Nine-Notes-Perfume-Oil-115492.html
11748,And Other Stories,Nocturnal Tales,2024,https://www.fragrantica.com/perfume/And-Other-Stories/Nocturnal-Tales-106657.html
11749,And Other Stories,Nocturnal Tales Perfume Oil,2024,https://www.fragrantica.com/perfume/And-Other-Stories/Nocturnal-Tales-Perfume-Oil-115237.html
11750,And Other Stories,Nocturne Parisienne,2016,https://www.fragrantica.com/perfume/And-Other-Stories/Nocturne-Parisienne-114838.html
11751,And Other Stories,Nomad's Poem,2018,https://www.fragrantica.com/perfume/And-Other-Stories/Nomad-s-Poem-115403.html
11752,And Other Stories,Nomad's Poem Body Mist,2018,https://www.fragrantica.com/perfume/And-Other-Stories/Nomad-s-Poem-Body-Mist-115404.html
11753,And Other Stories,Nomad's Poem Perfume Oil,2018,https://www.fragrantica.com/perfume/And-Other-Stories/Nomad-s-Poem-Perfume-Oil-115405.html
11754,And Other Stories,Nouvel Élan Body Mist,2017,https://www.fragrantica.com/perfume/And-Other-Stories/Nouvel-Elan-Body-Mist-115497.html
11755,And Other Stories,Paper Blossom,2024,https://www.fragrantica.com/perfume/And-Other-Stories/Paper-Blossom-106732.html
11756,And Other Stories,Paper Blossom Perfume Oil,2024,https://www.fragrantica.com/perfume/And-Other-Stories/Paper-Blossom-Perfume-Oil-115491.html
11757,And Other Stories,Peau Salée Body Mist,2018,https://www.fragrantica.com/perfume/And-Other-Stories/Peau-Salee-Body-Mist-115495.html
11758,And Other Stories,Perfect Pistachio,2025,https://www.fragrantica.com/perfume/And-Other-Stories/Perfect-Pistachio-106659.html
11759,And Other Stories,Perle de Coco,2017,https://www.fragrantica.com/perfume/And-Other-Stories/Perle-de-Coco-64181.html
11760,And Other Stories,Perle de Coco Body Mist,2017,https://www.fragrantica.com/perfume/And-Other-Stories/Perle-de-Coco-Body-Mist-114537.html
11761,And Other Stories,Perle de Coco Hair Fragrance,2017,https://www.fragrantica.com/perfume/And-Other-Stories/Perle-de-Coco-Hair-Fragrance-114538.html
11762,And Other Stories,Perle de Coco Perfume Oil,2017,https://www.fragrantica.com/perfume/And-Other-Stories/Perle-de-Coco-Perfume-Oil-114539.html
11763,And Other Stories,Pink Noon,2025,https://www.fragrantica.com/perfume/And-Other-Stories/Pink-Noon-106733.html
11764,And Other Stories,Plants Illustrated,2023,https://www.fragrantica.com/perfume/And-Other-Stories/Plants-Illustrated-114688.html
11765,And Other Stories,Poem A Day,2022,https://www.fragrantica.com/perfume/And-Other-Stories/Poem-A-Day-102933.html
11766,And Other Stories,Poem a Day Perfume Oil,2022,https://www.fragrantica.com/perfume/And-Other-Stories/Poem-a-Day-Perfume-Oil-114840.html
11767,And Other Stories,Punk Bouquet,2014,https://www.fragrantica.com/perfume/And-Other-Stories/Punk-Bouquet-36853.html
11768,& Other Stories,Punk Bouquet,2025,https://www.fragrantica.com/perfume/Other-Stories/Punk-Bouquet-116597.html
11769,And Other Stories,Punk Bouquet Body Mist,2014,https://www.fragrantica.com/perfume/And-Other-Stories/Punk-Bouquet-Body-Mist-114683.html
11770,And Other Stories,Punk Bouquet Perfume Oil,2014,https://www.fragrantica.com/perfume/And-Other-Stories/Punk-Bouquet-Perfume-Oil-114837.html
11771,And Other Stories,Riviera Postcard,2020,https://www.fragrantica.com/perfume/And-Other-Stories/Riviera-Postcard-114691.html
11772,And Other Stories,Riviera Postcard Body Mist,2020,https://www.fragrantica.com/perfume/And-Other-Stories/Riviera-Postcard-Body-Mist-114825.html
11773,And Other Stories,Riviera Postcard Perfume Oil,2020,https://www.fragrantica.com/perfume/And-Other-Stories/Riviera-Postcard-Perfume-Oil-114819.html
11774,And Other Stories,Rose Revival Body Mist,2013,https://www.fragrantica.com/perfume/And-Other-Stories/Rose-Revival-Body-Mist-17440.html
11775,And Other Stories,Sardonyx Fire,2016,https://www.fragrantica.com/perfume/And-Other-Stories/Sardonyx-Fire-61145.html
11776,And Other Stories,Sardonyx Fire Body Mist,2016,https://www.fragrantica.com/perfume/And-Other-Stories/Sardonyx-Fire-Body-Mist-114675.html
11777,And Other Stories,Sardonyx Fire Perfume Oil,2016,https://www.fragrantica.com/perfume/And-Other-Stories/Sardonyx-Fire-Perfume-Oil-114595.html
11778,And Other Stories,Scandi Signature,2019,https://www.fragrantica.com/perfume/And-Other-Stories/Scandi-Signature-64180.html
11779,And Other Stories,Scandi Signature Body Mist,2019,https://www.fragrantica.com/perfume/And-Other-Stories/Scandi-Signature-Body-Mist-115409.html
11780,And Other Stories,Scandi Signature Perfume Oil,2019,https://www.fragrantica.com/perfume/And-Other-Stories/Scandi-Signature-Perfume-Oil-115402.html
11781,And Other Stories,Secret Haven Body Mist,2013,https://www.fragrantica.com/perfume/And-Other-Stories/Secret-Haven-Body-Mist-36901.html
11782,And Other Stories,Seventh Avenue,2017,https://www.fragrantica.com/perfume/And-Other-Stories/Seventh-Avenue-115299.html
11783,And Other Stories,Seventh Avenue Body Mist,2017,https://www.fragrantica.com/perfume/And-Other-Stories/Seventh-Avenue-Body-Mist-115400.html
11784,And Other Stories,Seventh Avenue Perfume Oil,2017,https://www.fragrantica.com/perfume/And-Other-Stories/Seventh-Avenue-Perfume-Oil-115301.html
11785,And Other Stories,Shinjuku Bloom Body Mist,,https://www.fragrantica.com/perfume/And-Other-Stories/Shinjuku-Bloom-Body-Mist-36899.html
11786,And Other Stories,Sicilian Sunrise,2019,https://www.fragrantica.com/perfume/And-Other-Stories/Sicilian-Sunrise-64185.html
11787,And Other Stories,Sicilian Sunrise Body Mist,2019,https://www.fragrantica.com/perfume/And-Other-Stories/Sicilian-Sunrise-Body-Mist-114541.html
11788,And Other Stories,Sicilian Sunrise Perfume Oil,2018,https://www.fragrantica.com/perfume/And-Other-Stories/Sicilian-Sunrise-Perfume-Oil-114591.html
11789,And Other Stories,Sirocco Sands Body Mist,,https://www.fragrantica.com/perfume/And-Other-Stories/Sirocco-Sands-Body-Mist-36892.html
11790,And Other Stories,Solar Essay,2023,https://www.fragrantica.com/perfume/And-Other-Stories/Solar-Essay-114588.html
11791,And Other Stories,Solar Essay Perfume Oil,2023,https://www.fragrantica.com/perfume/And-Other-Stories/Solar-Essay-Perfume-Oil-114589.html
11792,And Other Stories,Sortilège Élyséen,2017,https://www.fragrantica.com/perfume/And-Other-Stories/Sortilege-Elyseen-115338.html
11793,And Other Stories,Steel Garden Body Mist,2015,https://www.fragrantica.com/perfume/And-Other-Stories/Steel-Garden-Body-Mist-36902.html
11794,And Other Stories,Sugar Crush Body Mist,2013,https://www.fragrantica.com/perfume/And-Other-Stories/Sugar-Crush-Body-Mist-36903.html
11795,And Other Stories,Tangier Tales,2014,https://www.fragrantica.com/perfume/And-Other-Stories/Tangier-Tales-36856.html
11796,And Other Stories,The Lost Chapter,2022,https://www.fragrantica.com/perfume/And-Other-Stories/The-Lost-Chapter-114518.html
11797,And Other Stories,The Lost Chapter Perfume Oil,2022,https://www.fragrantica.com/perfume/And-Other-Stories/The-Lost-Chapter-Perfume-Oil-114593.html
11798,And Other Stories,Topanga Waves Body Mist,2017,https://www.fragrantica.com/perfume/And-Other-Stories/Topanga-Waves-Body-Mist-115499.html
11799,And Other Stories,Vertige Troublant,2017,https://www.fragrantica.com/perfume/And-Other-Stories/Vertige-Troublant-115335.html
11800,&Vanilla,Coconut,2026,https://www.fragrantica.com/perfume/Vanilla/Coconut-130344.html
11801,&Vanilla,Pistachio,2026,https://www.fragrantica.com/perfume/Vanilla/Pistachio-130345.html
11802,&Vanilla,Vanilla,2026,https://www.fragrantica.com/perfume/Vanilla/Vanilla-130343.html
11803,Andart Perfumes,Clia,2025,https://www.fragrantica.com/perfume/Andart-Perfumes/Clia-119775.html
11804,Andart Perfumes,Issa,2025,https://www.fragrantica.com/perfume/Andart-Perfumes/Issa-119774.html
11805,Andart Perfumes,Kairos,2025,https://www.fragrantica.com/perfume/Andart-Perfumes/Kairos-119773.html
11806,Andesara,Athena,2025,https://www.fragrantica.com/perfume/Andesara/Athena-107235.html
11807,Andesara,Éclat Reverie,2025,https://www.fragrantica.com/perfume/Andesara/Eclat-Reverie-107236.html
11808,Andesara,Enigma,2025,https://www.fragrantica.com/perfume/Andesara/Enigma-107237.html
11809,Andesara,Taupe Eclipse,2025,https://www.fragrantica.com/perfume/Andesara/Taupe-Eclipse-107238.html
11810,Andraus Parfums,Coco Land,2023,https://www.fragrantica.com/perfume/Andraus-Parfums/Coco-Land-88801.html
11811,Andraus Parfums,Heavenly Place,2022,https://www.fragrantica.com/perfume/Andraus-Parfums/Heavenly-Place-72440.html
11812,Andraus Parfums,Mango Land,2024,https://www.fragrantica.com/perfume/Andraus-Parfums/Mango-Land-97112.html
11813,Andraus Parfums,Sugar Land,2023,https://www.fragrantica.com/perfume/Andraus-Parfums/Sugar-Land-88800.html
11814,Andraus Parfums,Summer in Antigua,2024,https://www.fragrantica.com/perfume/Andraus-Parfums/Summer-in-Antigua-91425.html
11815,Andraus Parfums,Wonder Dream,2023,https://www.fragrantica.com/perfume/Andraus-Parfums/Wonder-Dream-83908.html
11816,Andre d'Archer,Chaleur,2012,https://www.fragrantica.com/perfume/Andre-d-Archer/Chaleur-36426.html
11817,Andre d'Archer,Page Blanche,2012,https://www.fragrantica.com/perfume/Andre-d-Archer/Page-Blanche-36427.html
11818,Andre d'Archer,Pluie,2012,https://www.fragrantica.com/perfume/Andre-d-Archer/Pluie-36428.html
11819,Andre Sinan,Divi,,https://www.fragrantica.com/perfume/Andre-Sinan/Divi-21730.html
11820,Andre Sinan,Eleusis,,https://www.fragrantica.com/perfume/Andre-Sinan/Eleusis-21733.html
11821,Andre Sinan,Salacia,,https://www.fragrantica.com/perfume/Andre-Sinan/Salacia-21731.html
11822,Andre Sinan,Shamballa for Man,,https://www.fragrantica.com/perfume/Andre-Sinan/Shamballa-for-Man-21734.html
11823,Andre Sinan,Shamballa for Woman,,https://www.fragrantica.com/perfume/Andre-Sinan/Shamballa-for-Woman-21732.html
11824,Andre Sinan,Shiva,,https://www.fragrantica.com/perfume/Andre-Sinan/Shiva-21735.html
11825,Andrea Catalano,Amore,2024,https://www.fragrantica.com/perfume/Andrea-Catalano/Amore-98920.html
11826,Andrea Catalano,Felicità,2024,https://www.fragrantica.com/perfume/Andrea-Catalano/Felicita-98921.html
11827,Andrea Catalano,Pace,2024,https://www.fragrantica.com/perfume/Andrea-Catalano/Pace-98922.html
11828,Andrea Maack,ANDREA MAACK X ENTRANCE,2019,https://www.fragrantica.com/perfume/Andrea-Maack/ANDREA-MAACK-X-ENTRANCE-68860.html
11829,Andrea Maack,Birch,2017,https://www.fragrantica.com/perfume/Andrea-Maack/Birch-47220.html
11830,Andrea Maack,Ceramic,2021,https://www.fragrantica.com/perfume/Andrea-Maack/Ceramic-71222.html
11831,Andrea Maack,Coal,2012,https://www.fragrantica.com/perfume/Andrea-Maack/Coal-16291.html
11832,Andrea Maack,Cornucopia,,https://www.fragrantica.com/perfume/Andrea-Maack/Cornucopia-68861.html
11833,Andrea Maack,Coven,2013,https://www.fragrantica.com/perfume/Andrea-Maack/Coven-23017.html
11834,Andrea Maack,Coven,2017,https://www.fragrantica.com/perfume/Andrea-Maack/Coven-47221.html
11835,Andrea Maack,Craft,2010,https://www.fragrantica.com/perfume/Andrea-Maack/Craft-10647.html
11836,Andrea Maack,Dark,2011,https://www.fragrantica.com/perfume/Andrea-Maack/Dark-13282.html
11837,Andrea Maack,Dual,2016,https://www.fragrantica.com/perfume/Andrea-Maack/Dual-39035.html
11838,Andrea Maack,Flux,2025,https://www.fragrantica.com/perfume/Andrea-Maack/Flux-102274.html
11839,Andrea Maack,Indigo,2026,https://www.fragrantica.com/perfume/Andrea-Maack/Indigo-127404.html
11840,Andrea Maack,Indigo Extract,2026,https://www.fragrantica.com/perfume/Andrea-Maack/Indigo-Extract-127646.html
11841,Andrea Maack,Jest,2024,https://www.fragrantica.com/perfume/Andrea-Maack/Jest-90536.html
11842,Andrea Maack,Lightsource,2020,https://www.fragrantica.com/perfume/Andrea-Maack/Lightsource-64646.html
11843,Andrea Maack,Magma,2022,https://www.fragrantica.com/perfume/Andrea-Maack/Magma-105332.html
11844,Andrea Maack,Muse,2025,https://www.fragrantica.com/perfume/Andrea-Maack/Muse-107113.html
11845,Andrea Maack,Neon Veil,2025,https://www.fragrantica.com/perfume/Andrea-Maack/Neon-Veil-115411.html
11846,Andrea Maack,Osmo,2024,https://www.fragrantica.com/perfume/Andrea-Maack/Osmo-96143.html
11847,Andrea Maack,Pavilion,2022,https://www.fragrantica.com/perfume/Andrea-Maack/Pavilion-81923.html
11848,Andrea Maack,Sharp,2010,https://www.fragrantica.com/perfume/Andrea-Maack/Sharp-10650.html
11849,Andrea Maack,Silk,2011,https://www.fragrantica.com/perfume/Andrea-Maack/Silk-13281.html
11850,Andrea Maack,Smart,2010,https://www.fragrantica.com/perfume/Andrea-Maack/Smart-10649.html
11851,Andrea Maack,Soft Tension,2016,https://www.fragrantica.com/perfume/Andrea-Maack/Soft-Tension-39036.html
11852,Andrea Maack,Solstice,2023,https://www.fragrantica.com/perfume/Andrea-Maack/Solstice-82354.html
11853,Andrea Maack,Supernova,2023,https://www.fragrantica.com/perfume/Andrea-Maack/Supernova-89461.html
11854,Andrea Maack,Zing,2024,https://www.fragrantica.com/perfume/Andrea-Maack/Zing-96144.html
11855,Andreas Friedrich,Aporia,2026,https://www.fragrantica.com/perfume/Andreas-Friedrich/Aporia-134425.html
11856,Andreas Friedrich,Lacuna,2026,https://www.fragrantica.com/perfume/Andreas-Friedrich/Lacuna-134426.html
11857,Andreas Friedrich,Monologue,2026,https://www.fragrantica.com/perfume/Andreas-Friedrich/Monologue-134427.html
11858,Andreas Friedrich,Nodus,2026,https://www.fragrantica.com/perfume/Andreas-Friedrich/Nodus-134423.html
11859,Andreas Friedrich,Nolab,2026,https://www.fragrantica.com/perfume/Andreas-Friedrich/Nolab-134424.html
11860,Andreas Friedrich,Onism,2026,https://www.fragrantica.com/perfume/Andreas-Friedrich/Onism-134422.html
11861,Andreas Friedrich,Unsent Letter,2026,https://www.fragrantica.com/perfume/Andreas-Friedrich/Unsent-Letter-134428.html
11862,Andree Putman,Figue en Fleur,2015,https://www.fragrantica.com/perfume/Andree-Putman/Figue-en-Fleur-33888.html
11863,Andree Putman,Formidable Man,2015,https://www.fragrantica.com/perfume/Andree-Putman/Formidable-Man-33885.html
11864,Andree Putman,L'Original,2015,https://www.fragrantica.com/perfume/Andree-Putman/L-Original-33884.html
11865,Andree Putman,Magnolys,2015,https://www.fragrantica.com/perfume/Andree-Putman/Magnolys-33886.html
11866,Andree Putman,Preparation Parfumee,,https://www.fragrantica.com/perfume/Andree-Putman/Preparation-Parfumee-9425.html
11867,Andree Putman,Tan d'Epices,2015,https://www.fragrantica.com/perfume/Andree-Putman/Tan-d-Epices-33889.html
11868,Andree Putman,Tubéreuse Interdite,2017,https://www.fragrantica.com/perfume/Andree-Putman/Tubereuse-Interdite-45965.html
11869,Andree Putman,Un Peu d'Amour,2015,https://www.fragrantica.com/perfume/Andree-Putman/Un-Peu-d-Amour-33887.html
11870,Andreea Rada,Cleopatra Shadow,2025,https://www.fragrantica.com/perfume/Andreea-Rada/Cleopatra-Shadow-114632.html
11871,Andreea Rada,Garnet Power,2024,https://www.fragrantica.com/perfume/Andreea-Rada/Garnet-Power-96580.html
11872,Andreea Rada,Infinite Love,2024,https://www.fragrantica.com/perfume/Andreea-Rada/Infinite-Love-96582.html
11873,Andreea Rada,Milk Eclipse,2025,https://www.fragrantica.com/perfume/Andreea-Rada/Milk-Eclipse-114631.html
11874,Andreea Rada,Oud Moon Vibe,2024,https://www.fragrantica.com/perfume/Andreea-Rada/Oud-Moon-Vibe-96583.html
11875,Andreea Rada,Sapphire Serenity,2024,https://www.fragrantica.com/perfume/Andreea-Rada/Sapphire-Serenity-96579.html
11876,Andreea Rada,Velvety Touch,2024,https://www.fragrantica.com/perfume/Andreea-Rada/Velvety-Touch-96581.html
11877,Andres Croxatto,Andrés Croxatto Man,2021,https://www.fragrantica.com/perfume/Andres-Croxatto/Andres-Croxatto-Man-68880.html
11878,Andres Croxatto,Croxatto Oud,2025,https://www.fragrantica.com/perfume/Andres-Croxatto/Croxatto-Oud-113052.html
11879,Andres Croxatto,Croxatto Woman,2024,https://www.fragrantica.com/perfume/Andres-Croxatto/Croxatto-Woman-113048.html
11880,AndrèSimon,Hirondelle,2026,https://www.fragrantica.com/perfume/AndreSimon/Hirondelle-125846.html
11881,AndrèSimon,Nuage Vert,2025,https://www.fragrantica.com/perfume/AndreSimon/Nuage-Vert-102979.html
11882,AndrèSimon,Palais Royal,2025,https://www.fragrantica.com/perfume/AndreSimon/Palais-Royal-102976.html
11883,Andromeda's Curse,Banana Candy,2019,https://www.fragrantica.com/perfume/Andromeda-s-Curse/Banana-Candy-63204.html
11884,Andromeda's Curse,Cotton Candy Bubble Gum,2019,https://www.fragrantica.com/perfume/Andromeda-s-Curse/Cotton-Candy-Bubble-Gum-63205.html
11885,Andromeda's Curse,Death,2022,https://www.fragrantica.com/perfume/Andromeda-s-Curse/Death-83231.html
11886,Andromeda's Curse,Forest Maiden,2017,https://www.fragrantica.com/perfume/Andromeda-s-Curse/Forest-Maiden-83230.html
11887,Andromeda's Curse,Full Moon Rising,2017,https://www.fragrantica.com/perfume/Andromeda-s-Curse/Full-Moon-Rising-63199.html
11888,Andromeda's Curse,Harpy,,https://www.fragrantica.com/perfume/Andromeda-s-Curse/Harpy-106471.html
11889,Andromeda's Curse,Katrinah Josephina,2018,https://www.fragrantica.com/perfume/Andromeda-s-Curse/Katrinah-Josephina-78649.html
11890,Andromeda's Curse,Kismet,2017,https://www.fragrantica.com/perfume/Andromeda-s-Curse/Kismet-63201.html
11891,Andromeda's Curse,Liebchen,2017,https://www.fragrantica.com/perfume/Andromeda-s-Curse/Liebchen-63195.html
11892,Andromeda's Curse,Mercury,2018,https://www.fragrantica.com/perfume/Andromeda-s-Curse/Mercury-83235.html
11893,Andromeda's Curse,Neapolitan Ice Cream Sandwich,2019,https://www.fragrantica.com/perfume/Andromeda-s-Curse/Neapolitan-Ice-Cream-Sandwich-63208.html
11894,Andromeda's Curse,Orange Dreamsicle,2019,https://www.fragrantica.com/perfume/Andromeda-s-Curse/Orange-Dreamsicle-63203.html
11895,Andromeda's Curse,Rainbow Sherbet,2019,https://www.fragrantica.com/perfume/Andromeda-s-Curse/Rainbow-Sherbet-63206.html
11896,Andromeda's Curse,Rocket Pop,2019,https://www.fragrantica.com/perfume/Andromeda-s-Curse/Rocket-Pop-63207.html
11897,Andromeda's Curse,Samhain Spectre,2017,https://www.fragrantica.com/perfume/Andromeda-s-Curse/Samhain-Spectre-63200.html
11898,Andromeda's Curse,Solanum,2021,https://www.fragrantica.com/perfume/Andromeda-s-Curse/Solanum-83232.html
11899,Andromeda's Curse,Strength,2017,https://www.fragrantica.com/perfume/Andromeda-s-Curse/Strength-63197.html
11900,Andromeda's Curse,The Empress,2017,https://www.fragrantica.com/perfume/Andromeda-s-Curse/The-Empress-63198.html
11901,Andromeda's Curse,The Goblin Market,2018,https://www.fragrantica.com/perfume/Andromeda-s-Curse/The-Goblin-Market-83233.html
11902,Andromeda's Curse,The Hermit,2021,https://www.fragrantica.com/perfume/Andromeda-s-Curse/The-Hermit-78650.html
11903,Andromeda's Curse,The Hierophant,,https://www.fragrantica.com/perfume/Andromeda-s-Curse/The-Hierophant-106470.html
11904,Andromeda's Curse,Wheel,2017,https://www.fragrantica.com/perfume/Andromeda-s-Curse/Wheel-63194.html
11905,Andromeda's Curse,XIX The Sun,2017,https://www.fragrantica.com/perfume/Andromeda-s-Curse/XIX-The-Sun-83237.html
11906,Andromeda's Curse,XV The Devil,2017,https://www.fragrantica.com/perfume/Andromeda-s-Curse/XV-The-Devil-83229.html
11907,Andy Warhol,Andy Warhol,1999,https://www.fragrantica.com/perfume/Andy-Warhol/Andy-Warhol-5530.html
11908,Andy Warhol,Andy Warhol pour Homme,1999,https://www.fragrantica.com/perfume/Andy-Warhol/Andy-Warhol-pour-Homme-5529.html
11909,Andy Warhol,Marilyn Bleu,2001,https://www.fragrantica.com/perfume/Andy-Warhol/Marilyn-Bleu-5528.html
11910,Andy Warhol,Marilyn Rose,2001,https://www.fragrantica.com/perfume/Andy-Warhol/Marilyn-Rose-5527.html
11911,Andy Warhol,Marilyn Rouge,2001,https://www.fragrantica.com/perfume/Andy-Warhol/Marilyn-Rouge-5526.html
11912,Andy Warhol,Pop pour Femme,2005,https://www.fragrantica.com/perfume/Andy-Warhol/Pop-pour-Femme-5525.html
11913,Andy Warhol,Pop pour Homme,2005,https://www.fragrantica.com/perfume/Andy-Warhol/Pop-pour-Homme-5524.html
11914,Anec. Perfumery,Bonfire Nights,2019,https://www.fragrantica.com/perfume/Anec-Perfumery/Bonfire-Nights-64281.html
11915,Anec. Perfumery,Cigs & Espressos,2019,https://www.fragrantica.com/perfume/Anec-Perfumery/Cigs-Espressos-64285.html
11916,Anec. Perfumery,From Within,2019,https://www.fragrantica.com/perfume/Anec-Perfumery/From-Within-64284.html
11917,Anec. Perfumery,Jack Of All Trades,2019,https://www.fragrantica.com/perfume/Anec-Perfumery/Jack-Of-All-Trades-64282.html
11918,Anec. Perfumery,Waltz Of Blue,2019,https://www.fragrantica.com/perfume/Anec-Perfumery/Waltz-Of-Blue-64283.html
11919,Anecdote,After Hours,2019,https://www.fragrantica.com/perfume/Anecdote/After-Hours-70758.html
11920,Anecdote,Carnival Day,2019,https://www.fragrantica.com/perfume/Anecdote/Carnival-Day-70754.html
11921,Anecdote,Havana Lounge,2019,https://www.fragrantica.com/perfume/Anecdote/Havana-Lounge-70756.html
11922,Anecdote,Summer Fling,2019,https://www.fragrantica.com/perfume/Anecdote/Summer-Fling-70755.html
11923,Anecdote,Weekend Vibe,2019,https://www.fragrantica.com/perfume/Anecdote/Weekend-Vibe-70757.html
11924,Anecdotes by Artists,Painted Petals,2026,https://www.fragrantica.com/perfume/Anecdotes-by-Artists/Painted-Petals-140386.html
11925,Anecdotes by Artists,The Villainelle,2026,https://www.fragrantica.com/perfume/Anecdotes-by-Artists/The-Villainelle-140383.html
11926,Anecdotes by Artists,Wild Cousin,2026,https://www.fragrantica.com/perfume/Anecdotes-by-Artists/Wild-Cousin-140381.html
11927,Anfar 1950,Ahtifal Corporate,2026,https://www.fragrantica.com/perfume/Anfar-1950/Ahtifal-Corporate-141357.html
11928,Anfar 1950,Ahtifal Ladies Night,2026,https://www.fragrantica.com/perfume/Anfar-1950/Ahtifal-Ladies-Night-141359.html
11929,Anfar 1950,Ahtifal Show Time,2026,https://www.fragrantica.com/perfume/Anfar-1950/Ahtifal-Show-Time-141358.html
11930,Anfar 1950,Alba,2023,https://www.fragrantica.com/perfume/Anfar-1950/Alba-106476.html
11931,Anfar 1950,Artisan Blu,2023,https://www.fragrantica.com/perfume/Anfar-1950/Artisan-Blu-106395.html
11932,Anfar 1950,Artisan Noir,2023,https://www.fragrantica.com/perfume/Anfar-1950/Artisan-Noir-106394.html
11933,Anfar 1950,Artisan Oud,2023,https://www.fragrantica.com/perfume/Anfar-1950/Artisan-Oud-106396.html
11934,Anfar 1950,Awaken,2024,https://www.fragrantica.com/perfume/Anfar-1950/Awaken-106478.html
11935,Anfar 1950,Biscotti Truffle,2025,https://www.fragrantica.com/perfume/Anfar-1950/Biscotti-Truffle-117435.html
11936,Anfar 1950,Blueberry Forest,2025,https://www.fragrantica.com/perfume/Anfar-1950/Blueberry-Forest-127263.html
11937,Anfar 1950,Cotton Candy,2025,https://www.fragrantica.com/perfume/Anfar-1950/Cotton-Candy-117436.html
11938,Anfar 1950,Discover,2024,https://www.fragrantica.com/perfume/Anfar-1950/Discover-106479.html
11939,Anfar 1950,Florella,2024,https://www.fragrantica.com/perfume/Anfar-1950/Florella-106384.html
11940,Anfar 1950,FOUCO,2023,https://www.fragrantica.com/perfume/Anfar-1950/FOUCO-106392.html
11941,Anfar 1950,Luna,2023,https://www.fragrantica.com/perfume/Anfar-1950/Luna-106477.html
11942,Anfar 1950,Ma Belle,2024,https://www.fragrantica.com/perfume/Anfar-1950/Ma-Belle-106387.html
11943,Anfar 1950,Odyssee I,2023,https://www.fragrantica.com/perfume/Anfar-1950/Odyssee-I-106397.html
11944,Anfar 1950,Odyssee II,2023,https://www.fragrantica.com/perfume/Anfar-1950/Odyssee-II-106398.html
11945,Anfar 1950,Odyssee III,2023,https://www.fragrantica.com/perfume/Anfar-1950/Odyssee-III-106399.html
11946,Anfar 1950,Odyssee IV,2023,https://www.fragrantica.com/perfume/Anfar-1950/Odyssee-IV-106400.html
11947,Anfar 1950,Pistachio Kunafa,2025,https://www.fragrantica.com/perfume/Anfar-1950/Pistachio-Kunafa-106481.html
11948,Anfar 1950,Privilege,2024,https://www.fragrantica.com/perfume/Anfar-1950/Privilege-106480.html
11949,Anfar 1950,Rosella,2024,https://www.fragrantica.com/perfume/Anfar-1950/Rosella-106385.html
11950,Anfar 1950,Sabbia,2023,https://www.fragrantica.com/perfume/Anfar-1950/Sabbia-106393.html
11951,Anfar 1950,Summer in Dubai,2025,https://www.fragrantica.com/perfume/Anfar-1950/Summer-in-Dubai-135000.html
11952,Anfar 1950,Sunset in Dubai,2025,https://www.fragrantica.com/perfume/Anfar-1950/Sunset-in-Dubai-135472.html
11953,Anfar 1950,Vague,2023,https://www.fragrantica.com/perfume/Anfar-1950/Vague-106391.html
11954,Anfar 1950,Violetta,2024,https://www.fragrantica.com/perfume/Anfar-1950/Violetta-106386.html
11955,Anfar 1950,Zenit Lilac,2024,https://www.fragrantica.com/perfume/Anfar-1950/Zenit-Lilac-106389.html
11956,Anfar 1950,Zenit Nomad,2024,https://www.fragrantica.com/perfume/Anfar-1950/Zenit-Nomad-106388.html
11957,Anfar 1950,Zenit Rouge,2024,https://www.fragrantica.com/perfume/Anfar-1950/Zenit-Rouge-106390.html
11958,Anfar London,Absolu d’Orient,2022,https://www.fragrantica.com/perfume/Anfar-London/Absolu-d-Orient-106544.html
11959,Anfar London,Amber d’Orient,2022,https://www.fragrantica.com/perfume/Anfar-London/Amber-d-Orient-106547.html
11960,Anfar London,Ancient Oud,,https://www.fragrantica.com/perfume/Anfar-London/Ancient-Oud-142607.html
11961,Anfar London,ASHY WOOD,2023,https://www.fragrantica.com/perfume/Anfar-London/ASHY-WOOD-106508.html
11962,Anfar London,Azule Elite,2024,https://www.fragrantica.com/perfume/Anfar-London/Azule-Elite-106499.html
11963,Anfar London,Azure Spirit,2024,https://www.fragrantica.com/perfume/Anfar-London/Azure-Spirit-106485.html
11964,Anfar London,Bateig Azul,2024,https://www.fragrantica.com/perfume/Anfar-London/Bateig-Azul-99532.html
11965,Anfar London,Blue Meridian,2021,https://www.fragrantica.com/perfume/Anfar-London/Blue-Meridian-106554.html
11966,Anfar London,Bruno Imperial,2024,https://www.fragrantica.com/perfume/Anfar-London/Bruno-Imperial-106482.html
11967,Anfar London,Cameo Rosie,2024,https://www.fragrantica.com/perfume/Anfar-London/Cameo-Rosie-106486.html
11968,Anfar London,Chef d’Oeuvre,2022,https://www.fragrantica.com/perfume/Anfar-London/Chef-d-Oeuvre-106504.html
11969,Anfar London,Date Nights,2024,https://www.fragrantica.com/perfume/Anfar-London/Date-Nights-106496.html
11970,Anfar London,Divine,2022,https://www.fragrantica.com/perfume/Anfar-London/Divine-106503.html
11971,Anfar London,Floral Bloom,2021,https://www.fragrantica.com/perfume/Anfar-London/Floral-Bloom-106559.html
11972,Anfar London,Intense Sport,2024,https://www.fragrantica.com/perfume/Anfar-London/Intense-Sport-106501.html
11973,Anfar London,Irish Lavender,2021,https://www.fragrantica.com/perfume/Anfar-London/Irish-Lavender-106551.html
11974,Anfar London,Leather d’Orient,2022,https://www.fragrantica.com/perfume/Anfar-London/Leather-d-Orient-106545.html
11975,Anfar London,Meditation,2022,https://www.fragrantica.com/perfume/Anfar-London/Meditation-106505.html
11976,Anfar London,Midnight Frost Intense,2023,https://www.fragrantica.com/perfume/Anfar-London/Midnight-Frost-Intense-106556.html
11977,Anfar London,Midnight Frost Tangerine,2025,https://www.fragrantica.com/perfume/Anfar-London/Midnight-Frost-Tangerine-117437.html
11978,Anfar London,Midnight Homme Intense,2023,https://www.fragrantica.com/perfume/Anfar-London/Midnight-Homme-Intense-106555.html
11979,Anfar London,Musc d’Orient,2022,https://www.fragrantica.com/perfume/Anfar-London/Musc-d-Orient-106543.html
11980,Anfar London,Nero Velours,2024,https://www.fragrantica.com/perfume/Anfar-London/Nero-Velours-106488.html
11981,Anfar London,Oud d’Orient,2022,https://www.fragrantica.com/perfume/Anfar-London/Oud-d-Orient-106546.html
11982,Anfar London,Peach Desire,2023,https://www.fragrantica.com/perfume/Anfar-London/Peach-Desire-106552.html
11983,Anfar London,Platinum Shade,2021,https://www.fragrantica.com/perfume/Anfar-London/Platinum-Shade-106557.html
11984,Anfar London,Retro Wood,2023,https://www.fragrantica.com/perfume/Anfar-London/Retro-Wood-106507.html
11985,Anfar London,Rojo Levante,2024,https://www.fragrantica.com/perfume/Anfar-London/Rojo-Levante-106483.html
11986,Anfar London,Rose Musk,2021,https://www.fragrantica.com/perfume/Anfar-London/Rose-Musk-106553.html
11987,Anfar London,Rouge Elixir,2024,https://www.fragrantica.com/perfume/Anfar-London/Rouge-Elixir-106487.html
11988,Anfar London,Royal Imperial,2021,https://www.fragrantica.com/perfume/Anfar-London/Royal-Imperial-106550.html
11989,Anfar London,Royal Pride,2023,https://www.fragrantica.com/perfume/Anfar-London/Royal-Pride-106548.html
11990,Anfar London,Saphiro,,https://www.fragrantica.com/perfume/Anfar-London/Saphiro-142608.html
11991,Anfar London,Smoky Wood,2023,https://www.fragrantica.com/perfume/Anfar-London/Smoky-Wood-106506.html
11992,Anfar London,The Jewel of Desert,2022,https://www.fragrantica.com/perfume/Anfar-London/The-Jewel-of-Desert-106541.html
11993,Anfar London,The Jewel of Night,2022,https://www.fragrantica.com/perfume/Anfar-London/The-Jewel-of-Night-106540.html
11994,Anfar London,The Jewel of Ocean,2022,https://www.fragrantica.com/perfume/Anfar-London/The-Jewel-of-Ocean-106542.html
11995,Anfar London,The Jewel of Paradise,2022,https://www.fragrantica.com/perfume/Anfar-London/The-Jewel-of-Paradise-106539.html
11996,Anfar London,The Masterpiece,2021,https://www.fragrantica.com/perfume/Anfar-London/The-Masterpiece-106549.html
11997,Anfar London,Tres Violet,2024,https://www.fragrantica.com/perfume/Anfar-London/Tres-Violet-106484.html
11998,Anfas,Aya,2025,https://www.fragrantica.com/perfume/Anfas/Aya-120982.html
11999,Anfas,Dari Exclusively For Zhor,2024,https://www.fragrantica.com/perfume/Anfas/Dari-Exclusively-For-Zhor-100588.html
12000,Anfas,Debai,2026,https://www.fragrantica.com/perfume/Anfas/Debai-133894.html12001,Anfas,Dhai,2022,https://www.fragrantica.com/perfume/Anfas/Dhai-77706.html
12002,Anfas,Eid,2026,https://www.fragrantica.com/perfume/Anfas/Eid-134892.html
12003,Anfas,El Eid,,https://www.parfumo.com/Perfumes/Anfas/El_Eid
12004,Anfas,El Oud,2014,https://www.fragrantica.com/perfume/Anfas/El-Oud-25415.html
12005,Anfas,El Zafran,2014,https://www.fragrantica.com/perfume/Anfas/El-Zafran-25416.html
12006,Anfas,Gaya,2019,https://www.fragrantica.com/perfume/Anfas/Gaya-54905.html
12007,Anfas,Ghala,2022,https://www.fragrantica.com/perfume/Anfas/Ghala-77702.html
12008,Anfas,Haneen,2022,https://www.fragrantica.com/perfume/Anfas/Haneen-77705.html
12009,Anfas,Ishq,2019,https://www.fragrantica.com/perfume/Anfas/Ishq-54903.html
12010,Anfas,Ishq Special,,https://www.parfumo.com/Perfumes/Anfas/ishq-special
12011,Anfas,Jannah,2022,https://www.fragrantica.com/perfume/Anfas/Jannah-77704.html
12012,Anfas,Mada,2025,https://www.fragrantica.com/perfume/Anfas/Mada-121602.html
12013,Anfas,Mahaba,2017,https://www.fragrantica.com/perfume/Anfas/Mahaba-44444.html
12014,Anfas,Mahabah,2017,https://www.parfumo.com/Perfumes/Anfas/Mahabah
12015,Anfas,Melaad,2014,https://www.fragrantica.com/perfume/Anfas/Melaad-25420.html
12016,Anfas,Rahaba,2017,https://www.fragrantica.com/perfume/Anfas/Rahaba-44441.html
12017,Anfas,Sa'adah,2017,https://www.fragrantica.com/perfume/Anfas/Sa-adah-44442.html
12018,Anfas,Saher,2014,https://www.fragrantica.com/perfume/Anfas/Saher-25418.html
12019,Anfas,Sakan,2019,https://www.fragrantica.com/perfume/Anfas/Sakan-54906.html
12020,Anfas,Salam,2014,https://www.fragrantica.com/perfume/Anfas/Salam-44440.html
12021,Anfas,Salam 2014,2014,https://www.fragrantica.com/perfume/Anfas/Salam-2014-25419.html
12022,Anfas,Sama,2026,https://www.fragrantica.com/perfume/Anfas/Sama-134893.html
12023,Anfas,Samaha,2017,https://www.fragrantica.com/perfume/Anfas/Samaha-44443.html
12024,Anfas,Sarab,2014,https://www.fragrantica.com/perfume/Anfas/Sarab-25417.html
12025,Anfas,Shaghaf,2017,https://www.fragrantica.com/perfume/Anfas/Shaghaf-44445.html
12026,Anfas,Shaouq,2022,https://www.fragrantica.com/perfume/Anfas/Shaouq-77703.html
12027,Anfas,Watan,2019,https://www.fragrantica.com/perfume/Anfas/Watan-54904.html
12028,Anfasic,#3,,https://www.fragrantica.com/perfume/Anfasic/3-109971.html
12029,Anfasic,Ahla Shay,,https://www.fragrantica.com/perfume/Anfasic/Ahla-Shay-109972.html
12030,Anfasic,Amyaz Shay,,https://www.fragrantica.com/perfume/Anfasic/Amyaz-Shay-109973.html
12031,Anfasic,April 2nd,,https://www.fragrantica.com/perfume/Anfasic/April-2nd-24246.html
12032,Anfasic,Arqa Shay,,https://www.fragrantica.com/perfume/Anfasic/Arqa-Shay-75039.html
12033,Anfasic,August 31st,,https://www.fragrantica.com/perfume/Anfasic/August-31st-24247.html
12034,Anfasic,Baby #6,,https://www.fragrantica.com/perfume/Anfasic/Baby-6-109982.html
12035,Anfasic,December 2nd,,https://www.fragrantica.com/perfume/Anfasic/December-2nd-24248.html
12036,Anfasic,February 29th,,https://www.fragrantica.com/perfume/Anfasic/February-29th-24249.html
12037,Anfasic,Ghair,,https://www.fragrantica.com/perfume/Anfasic/Ghair-22995.html
12038,Anfasic,Ghawy,,https://www.fragrantica.com/perfume/Anfasic/Ghawy-23002.html
12039,Anfasic,Hareer,,https://www.fragrantica.com/perfume/Anfasic/Hareer-22996.html
12040,Anfasic,I am SHAY,2024,https://www.fragrantica.com/perfume/Anfasic/I-am-SHAY-109968.html
12041,Anfasic,January 23rd,,https://www.fragrantica.com/perfume/Anfasic/January-23rd-24250.html
12042,Anfasic,June 15th,,https://www.fragrantica.com/perfume/Anfasic/June-15th-24251.html
12043,Anfasic,March 6th,,https://www.fragrantica.com/perfume/Anfasic/March-6th-24252.html
12044,Anfasic,May 18th,,https://www.fragrantica.com/perfume/Anfasic/May-18th-24254.html
12045,Anfasic,Mis'ch,,https://www.fragrantica.com/perfume/Anfasic/Mis-ch-22997.html
12046,Anfasic,Mr. Shay,2025,https://www.fragrantica.com/perfume/Anfasic/Mr-Shay-109966.html
12047,Anfasic,Mrs. Always Shay,2025,https://www.fragrantica.com/perfume/Anfasic/Mrs-Always-Shay-109967.html
12048,Anfasic,Nasimy,,https://www.fragrantica.com/perfume/Anfasic/Nasimy-109979.html
12049,Anfasic,November 18th,,https://www.fragrantica.com/perfume/Anfasic/November-18th-24255.html
12050,Anfasic,October 10th,,https://www.fragrantica.com/perfume/Anfasic/October-10th-24256.html
12051,Anfasic,Oh My Shay!,,https://www.fragrantica.com/perfume/Anfasic/Oh-My-Shay-94373.html
12052,Anfasic,Oud,,https://www.fragrantica.com/perfume/Anfasic/Oud-22998.html
12053,Anfasic,Reehet Oud,,https://www.fragrantica.com/perfume/Anfasic/Reehet-Oud-109975.html
12054,Anfasic,Shay,,https://www.fragrantica.com/perfume/Anfasic/Shay-22999.html
12055,Anfasic,Shay Being,,https://www.fragrantica.com/perfume/Anfasic/Shay-Being-88385.html
12056,Anfasic,Shay But Not Oud,,https://www.fragrantica.com/perfume/Anfasic/Shay-But-Not-Oud-109969.html
12057,Anfasic,Shay Much,,https://www.fragrantica.com/perfume/Anfasic/Shay-Much-109981.html
12058,Anfasic,Shay Oud,,https://www.fragrantica.com/perfume/Anfasic/Shay-Oud-77151.html
12059,Anfasic,Shay Rose,,https://www.fragrantica.com/perfume/Anfasic/Shay-Rose-23003.html
12060,Anfasic,Shay Touch,,https://www.fragrantica.com/perfume/Anfasic/Shay-Touch-109977.html
12061,Anfasic,Shay Yaqoot,,https://www.fragrantica.com/perfume/Anfasic/Shay-Yaqoot-109970.html
12062,Anfasic,Shaykh Shay,,https://www.fragrantica.com/perfume/Anfasic/Shaykh-Shay-109974.html
12063,Anfasic,Shiny Shay Mist,,https://www.fragrantica.com/perfume/Anfasic/Shiny-Shay-Mist-109984.html
12064,Anfasic,ShuShu Shay,2025,https://www.fragrantica.com/perfume/Anfasic/ShuShu-Shay-109965.html
12065,Anfasic,Sukar,,https://www.fragrantica.com/perfume/Anfasic/Sukar-23000.html
12066,Anfasic,Waid Oud,,https://www.fragrantica.com/perfume/Anfasic/Waid-Oud-109980.html
12067,Anfasic,Wow,,https://www.fragrantica.com/perfume/Anfasic/Wow-23001.html
12068,Anfasic,Wow Mist,,https://www.fragrantica.com/perfume/Anfasic/Wow-Mist-109983.html
12069,Anforh,Aire,2025,https://www.fragrantica.com/perfume/Anforh/Aire-125347.html
12070,Anforh,Kist,2025,https://www.fragrantica.com/perfume/Anforh/Kist-125356.html
12071,Anforh,Sorn,2025,https://www.fragrantica.com/perfume/Anforh/Sorn-125363.html
12072,Angel Heart / エンジェルハート,All Of Me,2023,https://www.fragrantica.com/perfume/Angel-Heart-enjeruhato/All-Of-Me-128038.html
12073,Angel Heart / エンジェルハート,All Of Me Crystal,2003,https://www.fragrantica.com/perfume/Angel-Heart-enjeruhato/All-Of-Me-Crystal-112098.html
12074,Angel Heart / エンジェルハート,All Of Me - Estelle de Valrose,2002,https://www.fragrantica.com/perfume/Angel-Heart-enjeruhato/All-Of-Me-Estelle-de-Valrose-112096.html
12075,Angel Heart / エンジェルハート,All of me - Estelle de Valrose,2003,https://www.fragrantica.com/perfume/Angel-Heart-enjeruhato/All-of-me-Estelle-de-Valrose-112097.html
12076,Angel Heart / エンジェルハート,All Of Me Sheer,2015,https://www.fragrantica.com/perfume/Angel-Heart-enjeruhato/All-Of-Me-Sheer-112095.html
12077,Angel Heart / エンジェルハート,Angel Heart エンジェル ハート Angel Heart / エンジェルハート 2003 Solid Perfume,2003,https://www.parfumo.com/Perfumes/Angel_Heart/Angel_Heart___Solid_Perfume
12078,Angel Heart / エンジェルハート,Angel Heart エンジェル ハート Angel Heart / エンジェルハート 2010 Body Mist,2010,https://www.parfumo.com/Perfumes/Angel_Heart/Angel_Heart___Body_Mist
12079,Angel Heart / エンジェルハート,Angel Heart Chambery,2019,https://www.fragrantica.com/perfume/Angel-Heart-enjeruhato/Angel-Heart-Chambery-112076.html
12080,Angel Heart / エンジェルハート,Angel Heart Champagne Pink,2010,https://www.fragrantica.com/perfume/Angel-Heart-enjeruhato/Angel-Heart-Champagne-Pink-112094.html
12081,Angel Heart / エンジェルハート,Angel Heart Cocktail Pink,2013,https://www.fragrantica.com/perfume/Angel-Heart-enjeruhato/Angel-Heart-Cocktail-Pink-112086.html
12082,Angel Heart / エンジェルハート,Angel Heart Crazy For You,2020,https://www.fragrantica.com/perfume/Angel-Heart-enjeruhato/Angel-Heart-Crazy-For-You-112141.html
12083,Angel Heart / エンジェルハート,Angel Heart (Eau de Toilette),2002,https://www.fragrantica.com/perfume/Angel-Heart-enjeruhato/Angel-Heart-112069.html
12084,Angel Heart / エンジェルハート,Angel Heart Gorgeous,2004,https://www.fragrantica.com/perfume/Angel-Heart-enjeruhato/Angel-Heart-Gorgeous-112079.html
12085,Angel Heart / エンジェルハート,Angel Heart Jubilant,2011,https://www.fragrantica.com/perfume/Angel-Heart-enjeruhato/Angel-Heart-Jubilant-112092.html
12086,Angel Heart / エンジェルハート,Angel Heart LovePink,2016,https://www.fragrantica.com/perfume/Angel-Heart-enjeruhato/Angel-Heart-LovePink-112081.html
12087,Angel Heart / エンジェルハート,Angel Heart LoveRed,2016,https://www.fragrantica.com/perfume/Angel-Heart-enjeruhato/Angel-Heart-LoveRed-112080.html
12088,Angel Heart / エンジェルハート,Angel Heart Pink Pink (Eau de Toilette),2009,https://www.fragrantica.com/perfume/Angel-Heart-enjeruhato/Angel-Heart-Pink-Pink-112084.html
12089,Angel Heart / エンジェルハート,Angel Heart Raspberry Pink,2005,https://www.fragrantica.com/perfume/Angel-Heart-enjeruhato/Angel-Heart-Raspberry-Pink-112077.html
12090,Angel Heart / エンジェルハート,Angel Heart Snow White,2007,https://www.fragrantica.com/perfume/Angel-Heart-enjeruhato/Angel-Heart-Snow-White-112093.html
12091,Angel Heart / エンジェルハート,Angel Heart Verona (Body Mist),2005,https://www.fragrantica.com/perfume/Angel-Heart-enjeruhato/Angel-Heart-Verona-112083.html
12092,Angel Heart / エンジェルハート,Angel Heart With Love,2014,https://www.fragrantica.com/perfume/Angel-Heart-enjeruhato/Angel-Heart-With-Love-112082.html
12093,Angel Heart / エンジェルハート,Angel Honey,2005,https://www.fragrantica.com/perfume/Angel-Heart-enjeruhato/Angel-Honey-112091.html
12094,Angel Heart / エンジェルハート,Angel Honey In Heart Pink,2010,https://www.fragrantica.com/perfume/Angel-Heart-enjeruhato/Angel-Honey-In-Heart-Pink-112090.html
12095,Angel Heart / エンジェルハート,Azure Mystic Angel,,https://www.fragrantica.com/perfume/Angel-Heart-enjeruhato/Azure-Mystic-Angel-112075.html
12096,Angel Heart / エンジェルハート,Baby Heart,2004,https://www.fragrantica.com/perfume/Angel-Heart-enjeruhato/Baby-Heart-112078.html
12097,Angel Heart / エンジェルハート,Blow A Kiss,2023,https://www.fragrantica.com/perfume/Angel-Heart-enjeruhato/Blow-A-Kiss-128037.html
12098,Angel Heart / エンジェルハート,Clergé: Mid-Night Jasmine,2016,https://www.fragrantica.com/perfume/Angel-Heart-enjeruhato/Clerge-Mid-Night-Jasmine-112139.html
12099,Angel Heart / エンジェルハート,Crush On You,2023,https://www.fragrantica.com/perfume/Angel-Heart-enjeruhato/Crush-On-You-128035.html
12100,Angel Heart / エンジェルハート,Estelle de Valrose - Love Paradise,2004,https://www.fragrantica.com/perfume/Angel-Heart-enjeruhato/Estelle-de-Valrose-Love-Paradise-112134.html
12101,Angel Heart / エンジェルハート,Estelle de Valrose - Love Paradise Glitter,2005,https://www.fragrantica.com/perfume/Angel-Heart-enjeruhato/Estelle-de-Valrose-Love-Paradise-Glitter-112133.html
12102,Angel Heart / エンジェルハート,Estelle de Valrose - Love Paradise Jewel Sky,2006,https://www.fragrantica.com/perfume/Angel-Heart-enjeruhato/Estelle-de-Valrose-Love-Paradise-Jewel-Sky-112132.html
12103,Angel Heart / エンジェルハート,Estelle de Valrose - Love Paradise Platina Blue,2005,https://www.fragrantica.com/perfume/Angel-Heart-enjeruhato/Estelle-de-Valrose-Love-Paradise-Platina-Blue-112135.html
12104,Angel Heart / エンジェルハート,Estelle de Valrose - Love Paradise Rose Rose,2006,https://www.fragrantica.com/perfume/Angel-Heart-enjeruhato/Estelle-de-Valrose-Love-Paradise-Rose-Rose-112131.html
12105,Angel Heart / エンジェルハート,Estelle de Valrose - Love Paradise Rose Rose Tropic Type,2006,https://www.fragrantica.com/perfume/Angel-Heart-enjeruhato/Estelle-de-Valrose-Love-Paradise-Rose-Rose-Tropic-Type-112129.html
12106,Angel Heart / エンジェルハート,Estelle de Valrose - Rose Ruby,2007,https://www.fragrantica.com/perfume/Angel-Heart-enjeruhato/Estelle-de-Valrose-Rose-Ruby-112136.html
12107,Angel Heart / エンジェルハート,Frosty Angel,2010,https://www.fragrantica.com/perfume/Angel-Heart-enjeruhato/Frosty-Angel-112089.html
12108,Angel Heart / エンジェルハート,Frosty Angel Dreamy Pink,2011,https://www.fragrantica.com/perfume/Angel-Heart-enjeruhato/Frosty-Angel-Dreamy-Pink-112088.html
12109,Angel Heart / エンジェルハート,I'm Ready,2023,https://www.fragrantica.com/perfume/Angel-Heart-enjeruhato/I-m-Ready-128036.html
12110,Angel Heart / エンジェルハート,In Heart - Estelle de Valrose,2005,https://www.fragrantica.com/perfume/Angel-Heart-enjeruhato/In-Heart-Estelle-de-Valrose-112125.html
12111,Angel Heart / エンジェルハート,Lion Heart,2004,https://www.fragrantica.com/perfume/Angel-Heart-enjeruhato/Lion-Heart-112103.html
12112,Angel Heart / エンジェルハート,Lion Heart Beauty&Beast,2006,https://www.fragrantica.com/perfume/Angel-Heart-enjeruhato/Lion-Heart-Beauty-Beast-112113.html
12113,Angel Heart / エンジェルハート,Lion Heart Bells Beach,2005,https://www.fragrantica.com/perfume/Angel-Heart-enjeruhato/Lion-Heart-Bells-Beach-112112.html
12114,Angel Heart / エンジェルハート,Lion Heart Berserk,2020,https://www.fragrantica.com/perfume/Angel-Heart-enjeruhato/Lion-Heart-Berserk-112121.html
12115,Angel Heart / エンジェルハート,Lion Heart Black Beach,2014,https://www.fragrantica.com/perfume/Angel-Heart-enjeruhato/Lion-Heart-Black-Beach-112110.html
12116,Angel Heart / エンジェルハート,Lion Heart - Certain: Apple Mango Tea,2016,https://www.fragrantica.com/perfume/Angel-Heart-enjeruhato/Lion-Heart-Certain-Apple-Mango-Tea-112138.html
12117,Angel Heart / エンジェルハート,Lion Heart Cerulean Blue,2011,https://www.fragrantica.com/perfume/Angel-Heart-enjeruhato/Lion-Heart-Cerulean-Blue-112109.html
12118,Angel Heart / エンジェルハート,Lion Heart - Fête: Grape Drops,2016,https://www.fragrantica.com/perfume/Angel-Heart-enjeruhato/Lion-Heart-Fete-Grape-Drops-112137.html
12119,Angel Heart / エンジェルハート,Lion Heart Love,2013,https://www.fragrantica.com/perfume/Angel-Heart-enjeruhato/Lion-Heart-Love-112105.html
12120,Angel Heart / エンジェルハート,Lion Heart Love,2016,https://www.fragrantica.com/perfume/Angel-Heart-enjeruhato/Lion-Heart-Love-112104.html
12121,Angel Heart / エンジェルハート,Lion Heart Love Turquoise,2013,https://www.fragrantica.com/perfume/Angel-Heart-enjeruhato/Lion-Heart-Love-Turquoise-112106.html
12122,Angel Heart / エンジェルハート,Lion Heart Ocean Silver,2010,https://www.fragrantica.com/perfume/Angel-Heart-enjeruhato/Lion-Heart-Ocean-Silver-112108.html
12123,Angel Heart / エンジェルハート,Lion Heart Platinum,2009,https://www.fragrantica.com/perfume/Angel-Heart-enjeruhato/Lion-Heart-Platinum-112119.html
12124,Angel Heart / エンジェルハート,Lion Heart Royal Blue,2004,https://www.fragrantica.com/perfume/Angel-Heart-enjeruhato/Lion-Heart-Royal-Blue-112111.html
12125,Angel Heart / エンジェルハート,Lion Heart Seychelles,2007,https://www.fragrantica.com/perfume/Angel-Heart-enjeruhato/Lion-Heart-Seychelles-112107.html
12126,Angel Heart / エンジェルハート,Lion Heart Solace,2011,https://www.fragrantica.com/perfume/Angel-Heart-enjeruhato/Lion-Heart-Solace-112116.html
12127,Angel Heart / エンジェルハート,Lovetopia,2023,https://www.fragrantica.com/perfume/Angel-Heart-enjeruhato/Lovetopia-128040.html
12128,Angel Heart / エンジェルハート,Murmure: Orange Pekoe Floral,2016,https://www.fragrantica.com/perfume/Angel-Heart-enjeruhato/Murmure-Orange-Pekoe-Floral-112140.html
12129,Angel Heart / エンジェルハート,Mystic Angel,,https://www.fragrantica.com/perfume/Angel-Heart-enjeruhato/Mystic-Angel-112074.html
12130,Angel Heart / エンジェルハート,Mystic Angel Milky Pearl,,https://www.fragrantica.com/perfume/Angel-Heart-enjeruhato/Mystic-Angel-Milky-Pearl-112087.html
12131,Angel Heart / エンジェルハート,Mystic Angel Violet Palace,,https://www.fragrantica.com/perfume/Angel-Heart-enjeruhato/Mystic-Angel-Violet-Palace-112085.html
12132,Angel Heart / エンジェルハート,Romantic Drops,2004,https://www.fragrantica.com/perfume/Angel-Heart-enjeruhato/Romantic-Drops-112099.html
12133,Angel Heart / エンジェルハート,Romantic Drops Chantilly,2005,https://www.fragrantica.com/perfume/Angel-Heart-enjeruhato/Romantic-Drops-Chantilly-112100.html
12134,Angel Heart / エンジェルハート,Romantic Drops Kety,2011,https://www.fragrantica.com/perfume/Angel-Heart-enjeruhato/Romantic-Drops-Kety-112101.html
12135,Angel Heart / エンジェルハート,Romantic Drops Menars,2011,https://www.fragrantica.com/perfume/Angel-Heart-enjeruhato/Romantic-Drops-Menars-112102.html
12136,Angel Heart / エンジェルハート,Sweet Seduction,2023,https://www.fragrantica.com/perfume/Angel-Heart-enjeruhato/Sweet-Seduction-128039.html
12137,Angel Schlesser,Absolute Oriental,2014,https://www.fragrantica.com/perfume/Angel-Schlesser/Absolute-Oriental-23784.html
12138,Angel Schlesser,Agua de Jazmin,2013,https://www.fragrantica.com/perfume/Angel-Schlesser/Agua-de-Jazmin-22032.html
12139,Angel Schlesser,Agua de Vetiver,2013,https://www.fragrantica.com/perfume/Angel-Schlesser/Agua-de-Vetiver-22033.html
12140,Angel Schlesser,Ambre Frais Femme,2009,https://www.fragrantica.com/perfume/Angel-Schlesser/Ambre-Frais-Femme-9002.html
12141,Angel Schlesser,Ambre Frais Homme,2009,https://www.fragrantica.com/perfume/Angel-Schlesser/Ambre-Frais-Homme-9000.html
12142,Angel Schlesser,Angel Schlesser Essential,2005,https://www.fragrantica.com/perfume/Angel-Schlesser/Angel-Schlesser-Essential-32.html
12143,Angel Schlesser,Angel Schlesser Essential for Men,2006,https://www.fragrantica.com/perfume/Angel-Schlesser/Angel-Schlesser-Essential-for-Men-6816.html
12144,Angel Schlesser,Angel Schlesser Femme Adorable,2018,https://www.fragrantica.com/perfume/Angel-Schlesser/Angel-Schlesser-Femme-Adorable-51770.html
12145,Angel Schlesser,Angel Schlesser Femme Collector 2019,2019,https://huggingface.co/datasets/doevent/perfume
12146,Angel Schlesser,Angel Schlesser Femme Eau de Parfum,2014,https://www.fragrantica.com/perfume/Angel-Schlesser/Angel-Schlesser-Femme-Eau-de-Parfum-29507.html
12147,Angel Schlesser,Angel Schlesser Femme (Eau de Toilette),1999,https://www.fragrantica.com/perfume/Angel-Schlesser/Angel-Schlesser-Femme-31.html
12148,Angel Schlesser,Angel Schlesser Homme (Eau de Toilette),2001,https://www.fragrantica.com/perfume/Angel-Schlesser/Angel-Schlesser-Homme-6817.html
12149,Angel Schlesser,Angel Schlesser Homme Oriental Edition,2009,https://www.fragrantica.com/perfume/Angel-Schlesser/Angel-Schlesser-Homme-Oriental-Edition-6594.html
12150,Angel Schlesser,Angel Schlesser Oriental Edition II,2009,https://www.fragrantica.com/perfume/Angel-Schlesser/Angel-Schlesser-Oriental-Edition-II-6976.html
12151,Angel Schlesser,Angel Schlesser Pour Elle (Eau de Parfum),2014,https://www.fragrantica.com/perfume/Angel-Schlesser/Angel-Schlesser-Pour-Elle-29106.html
12152,Angel Schlesser,Angel Schlesser Pour Elle Eau de Toilette,2015,https://www.fragrantica.com/perfume/Angel-Schlesser/Angel-Schlesser-Pour-Elle-Eau-de-Toilette-32410.html
12153,Angel Schlesser,Angel Schlesser Pour Elle Sensuelle,2016,https://www.fragrantica.com/perfume/Angel-Schlesser/Angel-Schlesser-Pour-Elle-Sensuelle-39569.html
12154,Angel Schlesser,Aromatic Sage,2024,https://www.fragrantica.com/perfume/Angel-Schlesser/Aromatic-Sage-91900.html
12155,Angel Schlesser,Blooming Grapefruit,2020,https://www.fragrantica.com/perfume/Angel-Schlesser/Blooming-Grapefruit-62092.html
12156,Angel Schlesser,Citrusy Magnolia,2024,https://www.fragrantica.com/perfume/Angel-Schlesser/Citrusy-Magnolia-91899.html
12157,Angel Schlesser,Deep Leather,2020,https://www.fragrantica.com/perfume/Angel-Schlesser/Deep-Leather-62809.html
12158,Angel Schlesser,Eau de Cologne Bergamota,2016,https://www.fragrantica.com/perfume/Angel-Schlesser/Eau-de-Cologne-Bergamota-39182.html
12159,Angel Schlesser,Eau Fraîche Citrus Marino,2019,https://www.fragrantica.com/perfume/Angel-Schlesser/Eau-Fraiche-Citrus-Marino-60377.html
12160,Angel Schlesser,Eau Fraîche Citrus Pomelo,2019,https://www.fragrantica.com/perfume/Angel-Schlesser/Eau-Fraiche-Citrus-Pomelo-60376.html
12161,Angel Schlesser,Eau Fraîche Flor de Naranjo,2011,https://www.parfumo.com/Perfumes/Angel_Schlesser/Eau_Fraiche_Flor_de_Naranjo
12162,Angel Schlesser,Eau Fraîche Madera de Naranjo,2011,https://www.parfumo.com/Perfumes/Angel_Schlesser/Eau_Fraiche_Madera_de_Naranjo
12163,Angel Schlesser,Eau Fraîche Peonía Rosa,2017,https://www.parfumo.com/Perfumes/Angel_Schlesser/Eau_Fraiche_Peona_Rosa
12164,Angel Schlesser,Eau Fraiche Peonia Rose,2017,https://www.fragrantica.com/perfume/Angel-Schlesser/Eau-Fraiche-Peonia-Rose-45303.html
12165,Angel Schlesser,Eau Fraîche Té de Grosella,2018,https://www.fragrantica.com/perfume/Angel-Schlesser/Eau-Fraiche-Te-de-Grosella-50763.html
12166,Angel Schlesser,Esprit de Gingembre Pour Femme,2007,https://www.fragrantica.com/perfume/Angel-Schlesser/Esprit-de-Gingembre-Pour-Femme-6818.html
12167,Angel Schlesser,Esprit de Gingembre Pour Homme,2007,https://www.fragrantica.com/perfume/Angel-Schlesser/Esprit-de-Gingembre-Pour-Homme-6819.html
12168,Angel Schlesser,Exotic Lychee,2025,https://www.fragrantica.com/perfume/Angel-Schlesser/Exotic-Lychee-106124.html
12169,Angel Schlesser,Femme Adorable Collector Edition,2020,https://www.fragrantica.com/perfume/Angel-Schlesser/Femme-Adorable-Collector-Edition-62098.html
12170,Angel Schlesser,Femme Adorable Collector's Edition,,https://www.parfumo.com/Perfumes/Angel_Schlesser/femme-adorable-collector-s-edition
12171,Angel Schlesser,Femme Adorable Intense,2020,https://www.fragrantica.com/perfume/Angel-Schlesser/Femme-Adorable-Intense-62100.html
12172,Angel Schlesser,Femme Collector's Edition,,https://www.parfumo.com/Perfumes/Angel_Schlesser/femme-collector-s-edition
12173,Angel Schlesser,Femme Intense,2020,https://www.fragrantica.com/perfume/Angel-Schlesser/Femme-Intense-62099.html
12174,Angel Schlesser,Femme Magique,2021,https://www.fragrantica.com/perfume/Angel-Schlesser/Femme-Magique-70390.html
12175,Angel Schlesser,Femme Naturelle,2024,https://www.fragrantica.com/perfume/Angel-Schlesser/Femme-Naturelle-97672.html
12176,Angel Schlesser,Femme Naturelle Rose,2025,https://www.fragrantica.com/perfume/Angel-Schlesser/Femme-Naturelle-Rose-114108.html
12177,Angel Schlesser,Flor de Naranjo,2011,https://www.fragrantica.com/perfume/Angel-Schlesser/Flor-de-Naranjo-13028.html
12178,Angel Schlesser,Flor De Naranjo Pour Femme,,https://huggingface.co/datasets/doevent/perfume
12179,Angel Schlesser,Ginger Cologne (Eau de Cologne),2025,https://www.fragrantica.com/perfume/Angel-Schlesser/Ginger-Cologne-106123.html
12180,Angel Schlesser,Homme Angel Schlesser 2001 Lotion Après Rasage,2001,https://www.parfumo.com/Perfumes/Angel_Schlesser/Angel_Schlesser_Homme_Lotion_Apres_Rasage
12181,Angel Schlesser,Immense Peony,2020,https://www.fragrantica.com/perfume/Angel-Schlesser/Immense-Peony-62096.html
12182,Angel Schlesser,Instictive Marine,2020,https://www.fragrantica.com/perfume/Angel-Schlesser/Instictive-Marine-62094.html
12183,Angel Schlesser,Instinctive Marine,,https://huggingface.co/datasets/doevent/perfume
12184,Angel Schlesser,Intimate White Flowers,2020,https://www.fragrantica.com/perfume/Angel-Schlesser/Intimate-White-Flowers-62091.html
12185,Angel Schlesser,Joyful Nashi Bloom,2022,https://www.fragrantica.com/perfume/Angel-Schlesser/Joyful-Nashi-Bloom-73955.html
12186,Angel Schlesser,Les Eaux d'un Instant - Aromatic Sage,2024,https://www.parfumo.com/Perfumes/Angel_Schlesser/les-eaux-d-un-instant-aromatic-sage
12187,Angel Schlesser,Les Eaux d'un Instant - Blooming Grapefruit,2020,https://www.parfumo.com/Perfumes/Angel_Schlesser/les-eaux-d-un-instant-blooming-grapefruit
12188,Angel Schlesser,Les Eaux d'un Instant - Citrusy Magnolia,2024,https://www.parfumo.com/Perfumes/Angel_Schlesser/les-eaux-d-un-instant-citrusy-magnolia
12189,Angel Schlesser,Les Eaux d'un Instant - Immense Peony,2020,https://www.parfumo.com/Perfumes/Angel_Schlesser/les-eaux-d-un-instant-immense-peony
12190,Angel Schlesser,Les Eaux d'un Instant - Instinctive Marine,2020,https://www.parfumo.com/Perfumes/Angel_Schlesser/les-eaux-d-un-instant-instinctive-marine
12191,Angel Schlesser,Les Eaux d'un Instant - Intimate White Flowers,2020,https://www.parfumo.com/Perfumes/Angel_Schlesser/les-eaux-d-un-instant-intimate-white-flowers
12192,Angel Schlesser,Les Eaux d'un Instant - Joyful Nashi Bloom,2022,https://www.parfumo.com/Perfumes/Angel_Schlesser/les-eaux-d-un-instant-joyful-nashi-bloom
12193,Angel Schlesser,Les Eaux d'un Instant - Luminous Violet,2023,https://www.parfumo.com/Perfumes/Angel_Schlesser/les-eaux-d-un-instant-luminous-violet
12194,Angel Schlesser,Les Eaux d'un Instant - Mediterranean Cypress,2022,https://www.parfumo.com/Perfumes/Angel_Schlesser/les-eaux-d-un-instant-mediterranean-cypress
12195,Angel Schlesser,Les Eaux d'un Instant - Profound Orange Wood,2020,https://www.parfumo.com/Perfumes/Angel_Schlesser/les-eaux-d-un-instant-profound-orange-wood
12196,Angel Schlesser,Les Eaux d'un Instant - Splendid Orange Blossom,2020,https://www.parfumo.com/Perfumes/Angel_Schlesser/les-eaux-d-un-instant-splendid-orange-blossom
12197,Angel Schlesser,Les Eaux d'un Instant - Tempting Bergamot,2020,https://www.parfumo.com/Perfumes/Angel_Schlesser/les-eaux-d-un-instant-tempting-bergamot
12198,Angel Schlesser,Les Eaux d'un Instant - Vibrant Sandalwood,2020,https://www.parfumo.com/Perfumes/Angel_Schlesser/les-eaux-d-un-instant-vibrant-sandalwood
12199,Angel Schlesser,Les Eaux d'un Instant - Vibrant Woody Mandarin,2023,https://www.parfumo.com/Perfumes/Angel_Schlesser/les-eaux-d-un-instant-vibrant-woody-mandarin
12200,Angel Schlesser,Luminous Violet,2023,https://www.fragrantica.com/perfume/Angel-Schlesser/Luminous-Violet-83109.html
12201,Angel Schlesser,Madera de Naranjo,2011,https://www.fragrantica.com/perfume/Angel-Schlesser/Madera-de-Naranjo-13029.html
12202,Angel Schlesser,Madera De Naranjo Pour Homme,,https://huggingface.co/datasets/doevent/perfume
12203,Angel Schlesser,Matcha Infusion,2026,https://www.fragrantica.com/perfume/Angel-Schlesser/Matcha-Infusion-129553.html
12204,Angel Schlesser,Mediterranean Cypress,2022,https://www.fragrantica.com/perfume/Angel-Schlesser/Mediterranean-Cypress-73956.html
12205,Angel Schlesser,Mysterious Amber,2024,https://www.fragrantica.com/perfume/Angel-Schlesser/Mysterious-Amber-91901.html
12206,Angel Schlesser,Opulent Vanilla,2022,https://www.fragrantica.com/perfume/Angel-Schlesser/Opulent-Vanilla-75680.html
12207,Angel Schlesser,Oriental Dream,2010,https://www.fragrantica.com/perfume/Angel-Schlesser/Oriental-Dream-10493.html
12208,Angel Schlesser,Oriental Soul Pour Femme,2013,https://www.fragrantica.com/perfume/Angel-Schlesser/Oriental-Soul-Pour-Femme-17741.html
12209,Angel Schlesser,Oriental Soul Pour Homme,2013,https://www.fragrantica.com/perfume/Angel-Schlesser/Oriental-Soul-Pour-Homme-17742.html
12210,Angel Schlesser,Pirouette,2012,https://www.fragrantica.com/perfume/Angel-Schlesser/Pirouette-16302.html
12211,Angel Schlesser,Pour Elle Angel Schlesser 2016 Eau de Parfum Sensuelle,2016,https://www.parfumo.com/Perfumes/Angel_Schlesser/Pour_Elle_Eau_de_Parfum_Sensuelle
12212,Angel Schlesser,Profound Orange Wood,2020,https://www.fragrantica.com/perfume/Angel-Schlesser/Profound-Orange-Wood-62095.html
12213,Angel Schlesser,Sélection de Mémoires - Agua de Jazmín,2013,https://www.parfumo.com/Perfumes/Angel_Schlesser/Selection_de_Memoires__Agua_de_Jazmn
12214,Angel Schlesser,Sélection de Mémoires - Agua de Vetiver,2013,https://www.parfumo.com/Perfumes/Angel_Schlesser/Selection_de_Memoires__Agua_de_Vetiver
12215,Angel Schlesser,Sélection de Mémoires - Ambre Frais pour Femme,2009,https://www.parfumo.com/Perfumes/Angel_Schlesser/Selection_de_Memoires_Ambre_Frais_pour_Femme
12216,Angel Schlesser,Sélection de Mémoires - Ambre Frais pour Homme,2009,https://www.parfumo.com/Perfumes/Angel_Schlesser/Selection_de_Memoires_Ambre_Frais_pour_Homme
12217,Angel Schlesser,Sélection de Mémoires - Esprit de Gingembre pour Femme,2007,https://www.parfumo.com/Perfumes/Angel_Schlesser/Selection_de_Memoires_Esprit_de_Gingembre_pour_Femme
12218,Angel Schlesser,Sélection de Mémoires - Esprit de Gingembre pour Homme,2007,https://www.parfumo.com/Perfumes/Angel_Schlesser/Selection_de_Memoires_Esprit_de_Gingembre_pour_Homme
12219,Angel Schlesser,Sensual Patchouli,2020,https://www.fragrantica.com/perfume/Angel-Schlesser/Sensual-Patchouli-62807.html
12220,Angel Schlesser,So Essential,2011,https://www.fragrantica.com/perfume/Angel-Schlesser/So-Essential-13087.html
12221,Angel Schlesser,Splendid Orange Blossom,2020,https://www.fragrantica.com/perfume/Angel-Schlesser/Splendid-Orange-Blossom-62097.html
12222,Angel Schlesser,Sublime Rose,2020,https://www.fragrantica.com/perfume/Angel-Schlesser/Sublime-Rose-62808.html
12223,Angel Schlesser,Tea of the Night,2026,https://www.fragrantica.com/perfume/Angel-Schlesser/Tea-of-the-Night-129554.html
12224,Angel Schlesser,Tempting Bergamot,2020,https://www.fragrantica.com/perfume/Angel-Schlesser/Tempting-Bergamot-62090.html
12225,Angel Schlesser,Vibrant Sandalwood,2020,https://www.fragrantica.com/perfume/Angel-Schlesser/Vibrant-Sandalwood-62093.html
12226,Angel Schlesser,Vibrant Woody Mandarin,2023,https://www.fragrantica.com/perfume/Angel-Schlesser/Vibrant-Woody-Mandarin-83110.html
12227,Angela Ciampagna,Aer,2015,https://www.fragrantica.com/perfume/Angela-Ciampagna/Aer-30185.html
12228,Angela Ciampagna,Ducalis,2015,https://www.fragrantica.com/perfume/Angela-Ciampagna/Ducalis-30180.html
12229,Angela Ciampagna,Fauni,2016,https://www.fragrantica.com/perfume/Angela-Ciampagna/Fauni-35507.html
12230,Angela Ciampagna,Hatria,2015,https://www.fragrantica.com/perfume/Angela-Ciampagna/Hatria-30179.html
12231,Angela Ciampagna,Ignes,2016,https://www.fragrantica.com/perfume/Angela-Ciampagna/Ignes-35508.html
12232,Angela Ciampagna,Kanat,2015,https://www.fragrantica.com/perfume/Angela-Ciampagna/Kanat-30181.html
12233,Angela Ciampagna,Laetitia,2018,https://www.fragrantica.com/perfume/Angela-Ciampagna/Laetitia-48817.html
12234,Angela Ciampagna,Levis,2023,https://www.fragrantica.com/perfume/Angela-Ciampagna/Levis-80396.html
12235,Angela Ciampagna,Liquo,2015,https://www.fragrantica.com/perfume/Angela-Ciampagna/Liquo-30183.html
12236,Angela Ciampagna,Materia,2018,https://www.fragrantica.com/perfume/Angela-Ciampagna/Materia-49365.html
12237,Angela Ciampagna,Miracula,2018,https://www.fragrantica.com/perfume/Angela-Ciampagna/Miracula-49366.html
12238,Angela Ciampagna,Nox,2015,https://www.fragrantica.com/perfume/Angela-Ciampagna/Nox-30186.html
12239,Angela Ciampagna,Rosarium,2015,https://www.fragrantica.com/perfume/Angela-Ciampagna/Rosarium-30182.html
12240,Angela Ciampagna,Virtus,2023,https://www.fragrantica.com/perfume/Angela-Ciampagna/Virtus-81719.html
12241,Angela Ciampagna,Vis,2023,https://www.fragrantica.com/perfume/Angela-Ciampagna/Vis-80397.html
12242,Angela Flanders,Amber Noir,,https://www.fragrantica.com/perfume/Angela-Flanders/Amber-Noir-21143.html
12243,Angela Flanders,Ambre Noire,2015,https://www.parfumo.com/Perfumes/Angela_Flanders/Ambre_Noire
12244,Angela Flanders,Angela Flanders,2022,https://www.fragrantica.com/perfume/Angela-Flanders/Angela-Flanders-118250.html
12245,Angela Flanders,Aqua Alba,,https://www.fragrantica.com/perfume/Angela-Flanders/Aqua-Alba-21151.html
12246,Angela Flanders,Artillery No. 1 - Le Premier Angela Flanders 1944 Eau de Parfum,1944,https://www.parfumo.com/Perfumes/Angela_Flanders/artillery-no-1-le-premier-eau-de-parfum
12247,Angela Flanders,Artillery No. 1 - Le Premier Angela Flanders 2002 Eau de Toilette,2002,https://www.parfumo.com/Perfumes/Angela_Flanders/artillery-no-1-le-premier-eau-de-toilette
12248,Angela Flanders,Artillery No. 2 - Eau de Lisbon Angela Flanders 1987 Eau de Toilette,1987,https://www.parfumo.com/Perfumes/Angela_Flanders/artillery-no-2-eau-de-lisbon-eau-de-toilette
12249,Angela Flanders,Artillery No. 2 - Eau de Lisbon Angela Flanders 2015 Eau de Parfum,2015,https://www.parfumo.com/Perfumes/Angela_Flanders/artillery-no-2-eau-de-lisbon-eau-de-parfum
12250,Angela Flanders,Artillery No. 3 - Hungary Water Angela Flanders Eau de Parfum,,https://www.parfumo.com/Perfumes/Angela_Flanders/artillery-no-3-hungary-water-eau-de-parfum
12251,Angela Flanders,Artillery No. 3 - Hungary Water Angela Flanders Eau de Toilette,,https://www.parfumo.com/Perfumes/Angela_Flanders/artillery-no-3-hungary-water-eau-de-toilette
12252,Angela Flanders,Artillery No. 4 - Vetivert Angela Flanders 2010 Eau de Toilette,2010,https://www.parfumo.com/Perfumes/Angela_Flanders/artillery-no-4-vetivert-eau-de-toilette
12253,Angela Flanders,Artillery No. 4 - Vetivert Angela Flanders Eau de Parfum,,https://www.parfumo.com/Perfumes/Angela_Flanders/artillery-no-4-vetivert-eau-de-parfum
12254,Angela Flanders,Artillery No. 5 - Sandalwood Angela Flanders 2015 Eau de Parfum,2015,https://www.parfumo.com/Perfumes/Angela_Flanders/artillery-no-5-sandalwood-eau-de-parfum
12255,Angela Flanders,Artillery No. 5 - Sandalwood Angela Flanders 2015 Eau de Toilette,2015,https://www.parfumo.com/Perfumes/Angela_Flanders/artillery-no-5-sandalwood-eau-de-toilette
12256,Angela Flanders,Artillery No. 6 - Patchouli Spice,,https://www.parfumo.com/Perfumes/Angela_Flanders/Artillery_No_6__Patchouli_Spice
12257,Angela Flanders,Artillery No. 6 - Patchouli Spice Angela Flanders 2009 Eau de Parfum,2009,https://www.parfumo.com/Perfumes/Angela_Flanders/artillery-no-6-patchouli-spice-eau-de-parfum
12258,Angela Flanders,Artillery No. 7 - Lavender & Amber Angela Flanders 1958 Eau de Toilette,1958,https://www.parfumo.com/Perfumes/Angela_Flanders/artillery-no-7-lavender-amber-eau-de-toilette
12259,Angela Flanders,Artillery No. 7 - Lavender & Amber Angela Flanders 2015 Eau de Parfum,2015,https://www.parfumo.com/Perfumes/Angela_Flanders/artillery-no-7-lavender-amber-eau-de-parfum
12260,Angela Flanders,Bleu de Chine,,https://www.parfumo.com/Perfumes/Angela_Flanders/Bleu_de_Chine
12261,Angela Flanders,Bluebell,,https://www.parfumo.com/Perfumes/Angela_Flanders/bluebell
12262,Angela Flanders,Bois de Seville Angela Flanders 1994 Eau de Toilette,1994,https://www.parfumo.com/Perfumes/Angela_Flanders/Bois_de_Seville_Eau_de_Toilette
12263,Angela Flanders,Bois de Seville (Eau de Parfum),,https://www.fragrantica.com/perfume/Angela-Flanders/Bois-de-Seville-21122.html
12264,Angela Flanders,Bouquet d'Amour,,https://www.fragrantica.com/perfume/Angela-Flanders/Bouquet-d-Amour-21128.html
12265,Angela Flanders,Breath of Hope,2014,https://www.fragrantica.com/perfume/Angela-Flanders/Breath-of-Hope-23481.html
12266,Angela Flanders,Cachou,2001,https://www.fragrantica.com/perfume/Angela-Flanders/Cachou-21129.html
12267,Angela Flanders,Cashmere Noir,,https://www.parfumo.com/Perfumes/Angela_Flanders/Cashmere_Noir
12268,Angela Flanders,Caspian Angela Flanders Eau de Parfum,,https://www.parfumo.com/Perfumes/Angela_Flanders/caspian-eau-de-parfum
12269,Angela Flanders,Caspian (Eau de Toilette),1987,https://www.fragrantica.com/perfume/Angela-Flanders/Caspian-21152.html
12270,Angela Flanders,Columbia Rose,2010,https://www.fragrantica.com/perfume/Angela-Flanders/Columbia-Rose-46512.html
12271,Angela Flanders,Coromandel,2008,https://www.parfumo.com/Perfumes/Angela_Flanders/Coromandel
12272,Angela Flanders,Earl Grey Angela Flanders 2019 Eau de Parfum,2019,https://www.parfumo.com/Perfumes/Angela_Flanders/Earl_Grey_Eau_de_Parfum
12273,Angela Flanders,Earl Grey (Eau de Toilette),1994,https://www.fragrantica.com/perfume/Angela-Flanders/Earl-Grey-21153.html
12274,Angela Flanders,Figue Noire,2006,https://www.fragrantica.com/perfume/Angela-Flanders/Figue-Noire-21144.html
12275,Angela Flanders,Hesperides Angela Flanders 2015 Eau de Parfum,2015,https://www.parfumo.com/Perfumes/Angela_Flanders/Hesperides_Eau_de_Parfum
12276,Angela Flanders,Hesperides (Eau de Toilette),1990,https://www.fragrantica.com/perfume/Angela-Flanders/Hesperides-21125.html
12277,Angela Flanders,Jardin Blanc,2023,https://www.fragrantica.com/perfume/Angela-Flanders/Jardin-Blanc-118261.html
12278,Angela Flanders,Jasmine,2000,https://www.fragrantica.com/perfume/Angela-Flanders/Jasmine-21130.html
12279,Angela Flanders,Josephine Angela Flanders Eau de Toilette,,https://www.parfumo.com/Perfumes/Angela_Flanders/josephine-eau-de-toilette
12280,Angela Flanders,Josephine (Eau de Parfum),1993,https://www.fragrantica.com/perfume/Angela-Flanders/Josephine-21131.html
12281,Angela Flanders,Lavender & Amber,,https://www.parfumo.com/Perfumes/Angela_Flanders/Lavender__Amber
12282,Angela Flanders,Lawn Angela Flanders Eau de Toilette,,https://www.parfumo.com/Perfumes/Angela_Flanders/Lawn_Eau_de_Toilette
12283,Angela Flanders,Lawn (Eau de Parfum),2018,https://www.fragrantica.com/perfume/Angela-Flanders/Lawn-56565.html
12284,Angela Flanders,Leather Rosa,2022,https://www.fragrantica.com/perfume/Angela-Flanders/Leather-Rosa-76826.html
12285,Angela Flanders,Lily of the Valley,2002,https://www.fragrantica.com/perfume/Angela-Flanders/Lily-of-the-Valley-21132.html
12286,Angela Flanders,Lime Flowers,,https://www.parfumo.com/Perfumes/Angela_Flanders/lime-flowers
12287,Angela Flanders,Mandarin & Mint Angela Flanders 2001 Eau de Parfum,2001,https://www.parfumo.com/Perfumes/Angela_Flanders/Mandarin__Mint_Eau_de_Parfum
12288,Angela Flanders,Mandarin & Mint (Eau de Toilette),1991,https://www.fragrantica.com/perfume/Angela-Flanders/Mandarin-Mint-21126.html
12289,Angela Flanders,Melissa Angela Flanders 1986 Eau de Toilette,1986,https://www.parfumo.com/Perfumes/Angela_Flanders/Melissa_Eau_de_Toilette
12290,Angela Flanders,Melissa (Eau de Parfum),1995,https://www.fragrantica.com/perfume/Angela-Flanders/Melissa-21127.html
12291,Angela Flanders,Millefleurs,1996,https://www.fragrantica.com/perfume/Angela-Flanders/Millefleurs-21133.html
12292,Angela Flanders,Millefleurs Angela Flanders Eau de Parfum,,https://www.parfumo.com/Perfumes/Angela_Flanders/millefleurs-eau-de-parfum
12293,Angela Flanders,Mimosa,2001,https://www.fragrantica.com/perfume/Angela-Flanders/Mimosa-21134.html
12294,Angela Flanders,Moroccan Rose Angela Flanders Eau de Parfum,,https://www.parfumo.com/Perfumes/Angela_Flanders/moroccan-rose-eau-de-parfum
12295,Angela Flanders,Moroccan Rose (Eau de Toilette),2003,https://www.fragrantica.com/perfume/Angela-Flanders/Moroccan-Rose-21135.html
12296,Angela Flanders,No.1 Le Premier,2004,https://www.fragrantica.com/perfume/Angela-Flanders/No-1-Le-Premier-21123.html
12297,Angela Flanders,No.2 Eau de Lisbon,1998,https://www.fragrantica.com/perfume/Angela-Flanders/No-2-Eau-de-Lisbon-21124.html
12298,Angela Flanders,No.3 Hungary Water,2003,https://www.fragrantica.com/perfume/Angela-Flanders/No-3-Hungary-Water-21142.html
12299,Angela Flanders,No.4 Vetivert,,https://www.fragrantica.com/perfume/Angela-Flanders/No-4-Vetivert-21155.html
12300,Angela Flanders,No.5 Sandalwood,2004,https://www.fragrantica.com/perfume/Angela-Flanders/No-5-Sandalwood-21150.html
12301,Angela Flanders,No.6 Patchouli Spice,,https://www.fragrantica.com/perfume/Angela-Flanders/No-6-Patchouli-Spice-21156.html
12302,Angela Flanders,Orange Blossom,2002,https://www.parfumo.com/Perfumes/Angela_Flanders/orange-blossom
12303,Angela Flanders,Ottoman Angela Flanders 2015 Eau de Parfum,2015,https://www.parfumo.com/Perfumes/Angela_Flanders/ottoman-eau-de-parfum
12304,Angela Flanders,Ottoman (Eau de Toilette),1997,https://www.fragrantica.com/perfume/Angela-Flanders/Ottoman-21136.html
12305,Angela Flanders,Oudh Bakhoor,,https://www.parfumo.com/Perfumes/Angela_Flanders/oudh-bakhoor
12306,Angela Flanders,Oudh Noir,2007,https://www.fragrantica.com/perfume/Angela-Flanders/Oudh-Noir-21145.html
12307,Angela Flanders,Parchment Angela Flanders Eau de Parfum,,https://www.parfumo.com/Perfumes/Angela_Flanders/parchment-eau-de-parfum
12308,Angela Flanders,Parchment (Eau de Toilette),1989,https://www.fragrantica.com/perfume/Angela-Flanders/Parchment-21146.html
12309,Angela Flanders,Parisienne,2020,https://www.fragrantica.com/perfume/Angela-Flanders/Parisienne-118260.html
12310,Angela Flanders,Platinum Rose Angela Flanders 2007 Eau de Parfum,2007,https://www.parfumo.com/Perfumes/Angela_Flanders/platinum-rose-eau-de-parfum
12311,Angela Flanders,Platinum Rose Angela Flanders 2010 Eau de Toilette,2010,https://www.parfumo.com/Perfumes/Angela_Flanders/platinum-rose-eau-de-toilette
12312,Angela Flanders,Precious One,2010,https://www.fragrantica.com/perfume/Angela-Flanders/Precious-One-21154.html
12313,Angela Flanders,Rose,,https://www.parfumo.com/Perfumes/Angela_Flanders/rose
12314,Angela Flanders,Rose Poudree,2005,https://www.fragrantica.com/perfume/Angela-Flanders/Rose-Poudree-21137.html
12315,Angela Flanders,Rose Sauvage Angela Flanders 2001 Eau de Toilette,2001,https://www.parfumo.com/Perfumes/Angela_Flanders/rose-sauvage-eau-de-toilette
12316,Angela Flanders,Rose Sauvage (Eau de Parfum),2007,https://www.fragrantica.com/perfume/Angela-Flanders/Rose-Sauvage-21138.html
12317,Angela Flanders,Sakura,2013,https://www.fragrantica.com/perfume/Angela-Flanders/Sakura-21157.html
12318,Angela Flanders,Shantung Dream,2025,https://www.fragrantica.com/perfume/Angela-Flanders/Shantung-Dream-103626.html
12319,Angela Flanders,Taffeta,2019,https://www.fragrantica.com/perfume/Angela-Flanders/Taffeta-56564.html
12320,Angela Flanders,Topaz,2000,https://www.fragrantica.com/perfume/Angela-Flanders/Topaz-21147.html
12321,Angela Flanders,Tuberose,2001,https://www.fragrantica.com/perfume/Angela-Flanders/Tuberose-21139.html
12322,Angela Flanders,White Flowers Angela Flanders 2001 Eau de Toilette,2001,https://www.parfumo.com/Perfumes/Angela_Flanders/white-flowers-eau-de-toilette
12323,Angela Flanders,White Flowers (Eau de Parfum),1992,https://www.fragrantica.com/perfume/Angela-Flanders/White-Flowers-21140.html
12324,Angela Flanders,White Lilac,2007,https://www.parfumo.com/Perfumes/Angela_Flanders/white-lilac
12325,Angela Flanders,White Roses,1999,https://www.fragrantica.com/perfume/Angela-Flanders/White-Roses-21141.html
12326,Angela Flanders,Xanadu Angela Flanders Eau de Toilette,,https://www.parfumo.com/Perfumes/Angela_Flanders/Xanadu_Eau_de_Toilette
12327,Angela Flanders,Xanadu (Eau de Parfum),1992,https://www.fragrantica.com/perfume/Angela-Flanders/Xanadu-21148.html
12328,Angela Flanders,Zanzibar Angela Flanders 2019 Eau de Toilette,2019,https://www.parfumo.com/Perfumes/Angela_Flanders/zanzibar-eau-de-toilette
12329,Angela Flanders,Zanzibar (Eau de Parfum),1988,https://www.fragrantica.com/perfume/Angela-Flanders/Zanzibar-21149.html
12330,Angela Laganà,Allured Sobriety,2024,https://www.fragrantica.com/perfume/Angela-Lagana/Allured-Sobriety-103627.html
12331,Angela Laganà,Conscious Wood,2024,https://www.fragrantica.com/perfume/Angela-Lagana/Conscious-Wood-103628.html
12332,Angela Laganà,Glam Vision,2024,https://www.fragrantica.com/perfume/Angela-Lagana/Glam-Vision-103629.html
12333,Angela Laganà,Oniric Shade,2024,https://www.fragrantica.com/perfume/Angela-Lagana/Oniric-Shade-103630.html
12334,Angela Laganà,Soul Retreat,2024,https://www.fragrantica.com/perfume/Angela-Lagana/Soul-Retreat-103632.html
12335,Angela Laganà,Urban Botanical,2024,https://www.fragrantica.com/perfume/Angela-Lagana/Urban-Botanical-103633.html
12336,Angela Laganà,Virtuous Cloud,2024,https://www.fragrantica.com/perfume/Angela-Lagana/Virtuous-Cloud-103634.html
12337,Angeline,Aphrodisiac Intrigue,,https://www.fragrantica.com/perfume/Angeline/Aphrodisiac-Intrigue-128902.html
12338,Angeline,Aria Of Sweetness,2025,https://www.fragrantica.com/perfume/Angeline/Aria-Of-Sweetness-108093.html
12339,Angeline,Awesome,,https://www.fragrantica.com/perfume/Angeline/Awesome-128901.html
12340,Angeline,Berry Kiss,,https://www.fragrantica.com/perfume/Angeline/Berry-Kiss-122851.html
12341,Angeline,Black Molecule,2024,https://www.fragrantica.com/perfume/Angeline/Black-Molecule-99703.html
12342,Angeline,Blossom’s Breath,2024,https://www.fragrantica.com/perfume/Angeline/Blossom-s-Breath-99678.html
12343,Angeline,Casual Flirting,,https://www.fragrantica.com/perfume/Angeline/Casual-Flirting-120769.html
12344,Angeline,Charming Echo,2025,https://www.fragrantica.com/perfume/Angeline/Charming-Echo-108079.html
12345,Angeline,Costa Brava,2025,https://www.fragrantica.com/perfume/Angeline/Costa-Brava-108078.html
12346,Angeline,Cote d'Azur,2025,https://www.fragrantica.com/perfume/Angeline/Cote-d-Azur-108089.html
12347,Angeline,Crazy Mandarin,2025,https://www.fragrantica.com/perfume/Angeline/Crazy-Mandarin-108063.html
12348,Angeline,Crystal Chromatic,2024,https://www.fragrantica.com/perfume/Angeline/Crystal-Chromatic-99710.html
12349,Angeline,Dark Forest,2025,https://www.fragrantica.com/perfume/Angeline/Dark-Forest-108080.html
12350,Angeline,Dreamcatcher,2024,https://www.fragrantica.com/perfume/Angeline/Dreamcatcher-99709.html
12351,Angeline,Drunk Berry,2025,https://www.fragrantica.com/perfume/Angeline/Drunk-Berry-108090.html
12352,Angeline,Eternal Enigma,,https://www.fragrantica.com/perfume/Angeline/Eternal-Enigma-128903.html
12353,Angeline,Evil Temptress,2025,https://www.fragrantica.com/perfume/Angeline/Evil-Temptress-108091.html
12354,Angeline,Fairy Lily,,https://www.fragrantica.com/perfume/Angeline/Fairy-Lily-128897.html
12355,Angeline,Feel Freedom,2025,https://www.fragrantica.com/perfume/Angeline/Feel-Freedom-108075.html
12356,Angeline,Floreal Wun,2024,https://www.fragrantica.com/perfume/Angeline/Floreal-Wun-99684.html
12357,Angeline,Fresh Innocence,2025,https://www.fragrantica.com/perfume/Angeline/Fresh-Innocence-108092.html
12358,Angeline,Fruit Cake,2025,https://www.fragrantica.com/perfume/Angeline/Fruit-Cake-108076.html
12359,Angeline,Fruit Explosion,,https://www.fragrantica.com/perfume/Angeline/Fruit-Explosion-128899.html
12360,Angeline,Fruit Narcotic,2024,https://www.fragrantica.com/perfume/Angeline/Fruit-Narcotic-99677.html
12361,Angeline,Girlish Beauty,2024,https://www.fragrantica.com/perfume/Angeline/Girlish-Beauty-108085.html
12362,Angeline,Glowing Linen,2025,https://www.fragrantica.com/perfume/Angeline/Glowing-Linen-108077.html
12363,Angeline,Hearts And Flowers,2024,https://www.fragrantica.com/perfume/Angeline/Hearts-And-Flowers-99679.html
12364,Angeline,Huge Cherry,2024,https://www.fragrantica.com/perfume/Angeline/Huge-Cherry-99682.html
12365,Angeline,Infinite Echo,2024,https://www.fragrantica.com/perfume/Angeline/Infinite-Echo-99687.html
12366,Angeline,Instant Love,2025,https://www.fragrantica.com/perfume/Angeline/Instant-Love-108086.html
12367,Angeline,Intertwined,2024,https://www.fragrantica.com/perfume/Angeline/Intertwined-99712.html
12368,Angeline,King's Way,2024,https://www.fragrantica.com/perfume/Angeline/King-s-Way-99704.html
12369,Angeline,Kingdom Of Bergamot,2025,https://www.fragrantica.com/perfume/Angeline/Kingdom-Of-Bergamot-108087.html
12370,Angeline,Lost In Dream,2024,https://www.fragrantica.com/perfume/Angeline/Lost-In-Dream-99671.html
12371,Angeline,Lost Love,2024,https://www.fragrantica.com/perfume/Angeline/Lost-Love-99690.html
12372,Angeline,Love And Tenderness,,https://www.fragrantica.com/perfume/Angeline/Love-And-Tenderness-120778.html
12373,Angeline,Make My Day,2024,https://www.fragrantica.com/perfume/Angeline/Make-My-Day-99675.html
12374,Angeline,Make Waves,2025,https://www.fragrantica.com/perfume/Angeline/Make-Waves-108072.html
12375,Angeline,Midnight Sparkles,2025,https://www.fragrantica.com/perfume/Angeline/Midnight-Sparkles-108088.html
12376,Angeline,Moonlit Mansion,2024,https://www.fragrantica.com/perfume/Angeline/Moonlit-Mansion-99708.html
12377,Angeline,Mystic Muse,2024,https://www.fragrantica.com/perfume/Angeline/Mystic-Muse-99706.html
12378,Angeline,Noir Nectar,2024,https://www.fragrantica.com/perfume/Angeline/Noir-Nectar-99686.html
12379,Angeline,Out Of Space,2025,https://www.fragrantica.com/perfume/Angeline/Out-Of-Space-108073.html
12380,Angeline,Out of Touch,,https://www.fragrantica.com/perfume/Angeline/Out-of-Touch-128900.html
12381,Angeline,Parisian Night,2025,https://www.fragrantica.com/perfume/Angeline/Parisian-Night-108074.html
12382,Angeline,Passion Rouge,2024,https://www.fragrantica.com/perfume/Angeline/Passion-Rouge-99685.html
12383,Angeline,Petal Poetry,2025,https://www.fragrantica.com/perfume/Angeline/Petal-Poetry-108068.html
12384,Angeline,Pink Diamond,2025,https://www.fragrantica.com/perfume/Angeline/Pink-Diamond-108082.html
12385,Angeline,Provocation,2025,https://www.fragrantica.com/perfume/Angeline/Provocation-108069.html
12386,Angeline,Ripe Cherry,2024,https://www.fragrantica.com/perfume/Angeline/Ripe-Cherry-99705.html
12387,Angeline,Shadow,2024,https://www.fragrantica.com/perfume/Angeline/Shadow-99681.html
12388,Angeline,Shake The Tree,2024,https://www.fragrantica.com/perfume/Angeline/Shake-The-Tree-99683.html
12389,Angeline,Silent Symphony,2024,https://www.fragrantica.com/perfume/Angeline/Silent-Symphony-99689.html
12390,Angeline,Soaring In The Sky,2025,https://www.fragrantica.com/perfume/Angeline/Soaring-In-The-Sky-108070.html
12391,Angeline,Sparkling Explosion,2025,https://www.fragrantica.com/perfume/Angeline/Sparkling-Explosion-108083.html
12392,Angeline,Stranger's Scent,2025,https://www.fragrantica.com/perfume/Angeline/Stranger-s-Scent-108064.html
12393,Angeline,Summer Breath,2025,https://www.fragrantica.com/perfume/Angeline/Summer-Breath-108071.html
12394,Angeline,Sunlit Petals,2024,https://www.fragrantica.com/perfume/Angeline/Sunlit-Petals-99673.html
12395,Angeline,Supple Leather,2025,https://www.fragrantica.com/perfume/Angeline/Supple-Leather-108084.html
12396,Angeline,Sweet Intrigue,2025,https://www.fragrantica.com/perfume/Angeline/Sweet-Intrigue-108065.html
12397,Angeline,Sweet Twist,,https://www.fragrantica.com/perfume/Angeline/Sweet-Twist-120776.html
12398,Angeline,To The Moon,2024,https://www.fragrantica.com/perfume/Angeline/To-The-Moon-99674.html
12399,Angeline,Touch The Music,2024,https://www.fragrantica.com/perfume/Angeline/Touch-The-Music-99680.html
12400,Angeline,Turbulent River,2025,https://www.fragrantica.com/perfume/Angeline/Turbulent-River-108066.html
12401,Angeline,Vanilla Fantasy,2025,https://www.fragrantica.com/perfume/Angeline/Vanilla-Fantasy-108067.html
12402,Angeline,Vanilla Whisper,2024,https://www.fragrantica.com/perfume/Angeline/Vanilla-Whisper-99707.html
12403,Angeline,Velvet Glove,2024,https://www.fragrantica.com/perfume/Angeline/Velvet-Glove-99676.html
12404,Angeline,Warm Embrace,,https://www.fragrantica.com/perfume/Angeline/Warm-Embrace-128898.html
12405,Angeline,White Silk,2025,https://www.fragrantica.com/perfume/Angeline/White-Silk-108081.html
12406,Angeline,Woody Haiku,2024,https://www.fragrantica.com/perfume/Angeline/Woody-Haiku-99693.html
12407,Angeline,X Molecule,2024,https://www.fragrantica.com/perfume/Angeline/X-Molecule-99691.html
12408,Angelique Paris,Into The Oud,2022,https://www.fragrantica.com/perfume/Angelique-Paris/Into-The-Oud-78274.html
12409,Angelique Paris,Magnolia Musk,2022,https://www.fragrantica.com/perfume/Angelique-Paris/Magnolia-Musk-78277.html
12410,Angelique Paris,Mango Oud,2022,https://www.fragrantica.com/perfume/Angelique-Paris/Mango-Oud-78275.html
12411,Angelique Paris,Petals of Cadi,2022,https://www.fragrantica.com/perfume/Angelique-Paris/Petals-of-Cadi-78276.html
12412,Angello Fragrances,On The Green,2025,https://www.fragrantica.com/perfume/Angello-Fragrances/On-The-Green-103340.html
12413,Angelo Caroli,Ambra Oud,2018,https://www.fragrantica.com/perfume/Angelo-Caroli/Ambra-Oud-48912.html
12414,Angelo Caroli,Amore Nero,2016,https://www.fragrantica.com/perfume/Angelo-Caroli/Amore-Nero-35358.html
12415,Angelo Caroli,Incenso Indiano,2018,https://www.fragrantica.com/perfume/Angelo-Caroli/Incenso-Indiano-48910.html
12416,Angelo Caroli,Innamorata,2016,https://www.fragrantica.com/perfume/Angelo-Caroli/Innamorata-35361.html
12417,Angelo Caroli,Liquirizia Nera,2016,https://www.fragrantica.com/perfume/Angelo-Caroli/Liquirizia-Nera-35359.html
12418,Angelo Caroli,Magnifico Patchouli,2016,https://www.fragrantica.com/perfume/Angelo-Caroli/Magnifico-Patchouli-35355.html
12419,Angelo Caroli,Olio Emozionale,2016,https://www.fragrantica.com/perfume/Angelo-Caroli/Olio-Emozionale-37996.html
12420,Angelo Caroli,Orchidea Nera Oud,2018,https://www.fragrantica.com/perfume/Angelo-Caroli/Orchidea-Nera-Oud-48913.html
12421,Angelo Caroli,Rosa Nera Oud,2018,https://www.fragrantica.com/perfume/Angelo-Caroli/Rosa-Nera-Oud-48914.html
12422,Angelo Caroli,Sandalo Imperiale,2018,https://www.fragrantica.com/perfume/Angelo-Caroli/Sandalo-Imperiale-48911.html
12423,Angelo Caroli,Sette Agrumi,2016,https://www.fragrantica.com/perfume/Angelo-Caroli/Sette-Agrumi-35356.html
12424,Angelo Caroli,Tabacco & Vanilla,2018,https://www.fragrantica.com/perfume/Angelo-Caroli/Tabacco-Vanilla-48908.html
12425,Angelo Caroli,Tuberosa Nera,2016,https://www.fragrantica.com/perfume/Angelo-Caroli/Tuberosa-Nera-35360.html
12426,Angelo Caroli,Viola,2016,https://www.fragrantica.com/perfume/Angelo-Caroli/Viola-35357.html
12427,Angelo Sanzio,Il Giardino degli Amanti,2010,https://www.fragrantica.com/perfume/Angelo-Sanzio/Il-Giardino-degli-Amanti-73791.html
12428,Angelo Sanzio,Kairos,2010,https://www.fragrantica.com/perfume/Angelo-Sanzio/Kairos-73789.html
12429,Angelo Sanzio,Ki Rani,2010,https://www.fragrantica.com/perfume/Angelo-Sanzio/Ki-Rani-73790.html
12430,Angelo Sanzio,L'Incanto,2010,https://www.fragrantica.com/perfume/Angelo-Sanzio/L-Incanto-73794.html
12431,Angelo Sanzio,Muschio Reale,2010,https://www.fragrantica.com/perfume/Angelo-Sanzio/Muschio-Reale-73792.html
12432,Angelo Sanzio,Oud Reale,2010,https://www.fragrantica.com/perfume/Angelo-Sanzio/Oud-Reale-73793.html
12433,Angelos Créations Olfactives,Angeliki,2021,https://www.fragrantica.com/perfume/Angelos-Creations-Olfactives/Angeliki-71953.html
12434,Angelos Créations Olfactives,Après Cologne (Eau de Cologne),2019,https://www.fragrantica.com/perfume/Angelos-Creations-Olfactives/Apres-Cologne-71957.html
12435,Angelos Créations Olfactives,Cuir Fleurissant,2019,https://www.fragrantica.com/perfume/Angelos-Creations-Olfactives/Cuir-Fleurissant-71955.html
12436,Angelos Créations Olfactives,Danse Lascive,2023,https://www.fragrantica.com/perfume/Angelos-Creations-Olfactives/Danse-Lascive-81407.html
12437,Angelos Créations Olfactives,E-lectron (ἤλεκτρον),2025,https://www.fragrantica.com/perfume/Angelos-Creations-Olfactives/E-lectron-lektron-119400.html
12438,Angelos Créations Olfactives,Eau De Vertu,2018,https://www.fragrantica.com/perfume/Angelos-Creations-Olfactives/Eau-De-Vertu-71951.html
12439,Angelos Créations Olfactives,Figue De Vertu,2022,https://www.fragrantica.com/perfume/Angelos-Creations-Olfactives/Figue-De-Vertu-72965.html
12440,Angelos Créations Olfactives,Fougèriste,2022,https://www.fragrantica.com/perfume/Angelos-Creations-Olfactives/Fougeriste-74955.html
12441,Angelos Créations Olfactives,Grâce D' Orient,2019,https://www.fragrantica.com/perfume/Angelos-Creations-Olfactives/Grace-D-Orient-71954.html
12442,Angelos Créations Olfactives,Irida,2018,https://www.fragrantica.com/perfume/Angelos-Creations-Olfactives/Irida-72960.html
12443,Angelos Créations Olfactives,Irida Extrait,2023,https://www.fragrantica.com/perfume/Angelos-Creations-Olfactives/Irida-Extrait-88696.html
12444,Angelos Créations Olfactives,Karíkia,2023,https://www.fragrantica.com/perfume/Angelos-Creations-Olfactives/Karikia-87959.html
12445,Angelos Créations Olfactives,Krinos,2023,https://www.fragrantica.com/perfume/Angelos-Creations-Olfactives/Krinos-84522.html
12446,Angelos Créations Olfactives,L' œillet,2018,https://www.fragrantica.com/perfume/Angelos-Creations-Olfactives/L-oeillet-72963.html
12447,Angelos Créations Olfactives,Narkissos,2025,https://www.fragrantica.com/perfume/Angelos-Creations-Olfactives/Narkissos-104709.html
12448,Angelos Créations Olfactives,Paltrida,2025,https://www.fragrantica.com/perfume/Angelos-Creations-Olfactives/Paltrida-114166.html
12449,Angelos Créations Olfactives,Pnoi (Πνοή),2024,https://www.fragrantica.com/perfume/Angelos-Creations-Olfactives/Pnoi-Pno-95492.html
12450,Angelos Créations Olfactives,Pothos,2026,https://www.fragrantica.com/perfume/Angelos-Creations-Olfactives/Pothos-129966.html
12451,Angelos Créations Olfactives,Salon dt,2021,https://www.fragrantica.com/perfume/Angelos-Creations-Olfactives/Salon-dt-72964.html
12452,Angelos Créations Olfactives,Soma Panorama,2026,https://www.fragrantica.com/perfume/Angelos-Creations-Olfactives/Soma-Panorama-136490.html
12453,Angelos Créations Olfactives,Tabac Libre,2020,https://www.fragrantica.com/perfume/Angelos-Creations-Olfactives/Tabac-Libre-71956.html
12454,Angelos Créations Olfactives,Un An Anniversaire Attar (Perfume Oil),2023,https://www.fragrantica.com/perfume/Angelos-Creations-Olfactives/Un-An-Anniversaire-Attar-81408.html
12455,Angelos Créations Olfactives,Vetiveria Animalis,2022,https://www.fragrantica.com/perfume/Angelos-Creations-Olfactives/Vetiveria-Animalis-77933.html
12456,Angelos Créations Olfactives,Yassemi,2020,https://www.fragrantica.com/perfume/Angelos-Creations-Olfactives/Yassemi-71952.html
12457,Angelos Créations Olfactives,Yloud-Yloud,2022,https://www.fragrantica.com/perfume/Angelos-Creations-Olfactives/Yloud-Yloud-72966.html
12458,Anglia Perfumery,Amber,,https://www.fragrantica.com/perfume/Anglia-Perfumery/Amber-18428.html
12459,Anglia Perfumery,Anglia,,https://www.fragrantica.com/perfume/Anglia-Perfumery/Anglia-18421.html
12460,Anglia Perfumery,Crown of Gold,,https://www.fragrantica.com/perfume/Anglia-Perfumery/Crown-of-Gold-18422.html
12461,Anglia Perfumery,Duncan,,https://www.fragrantica.com/perfume/Anglia-Perfumery/Duncan-18429.html
12462,Anglia Perfumery,Imperial Lime,,https://www.fragrantica.com/perfume/Anglia-Perfumery/Imperial-Lime-18430.html
12463,Anglia Perfumery,Isle of Man,,https://www.fragrantica.com/perfume/Anglia-Perfumery/Isle-of-Man-18431.html
12464,Anglia Perfumery,Marquis,,https://www.fragrantica.com/perfume/Anglia-Perfumery/Marquis-18432.html
12465,Anglia Perfumery,Oriental Flowers,,https://www.fragrantica.com/perfume/Anglia-Perfumery/Oriental-Flowers-18423.html
12466,Anglia Perfumery,Park Royal,,https://www.fragrantica.com/perfume/Anglia-Perfumery/Park-Royal-18433.html
12467,Anglia Perfumery,Patchouli,,https://www.fragrantica.com/perfume/Anglia-Perfumery/Patchouli-18434.html
12468,Anglia Perfumery,Queen's,,https://www.fragrantica.com/perfume/Anglia-Perfumery/Queen-s-18424.html
12469,Anglia Perfumery,Richmond,,https://www.fragrantica.com/perfume/Anglia-Perfumery/Richmond-18435.html
12470,Anglia Perfumery,Royal Court,,https://www.fragrantica.com/perfume/Anglia-Perfumery/Royal-Court-18436.html
12471,Anglia Perfumery,Russian Water,,https://www.fragrantica.com/perfume/Anglia-Perfumery/Russian-Water-18437.html
12472,Anglia Perfumery,Sissinghurst,,https://www.fragrantica.com/perfume/Anglia-Perfumery/Sissinghurst-18438.html
12473,Anglia Perfumery,Somerset,,https://www.fragrantica.com/perfume/Anglia-Perfumery/Somerset-18425.html
12474,Anglia Perfumery,Spiced Limes,,https://www.fragrantica.com/perfume/Anglia-Perfumery/Spiced-Limes-18439.html
12475,Anglia Perfumery,Strand,,https://www.fragrantica.com/perfume/Anglia-Perfumery/Strand-18440.html
12476,Anglia Perfumery,Velvet Rose,,https://www.fragrantica.com/perfume/Anglia-Perfumery/Velvet-Rose-18426.html
12477,Anglia Perfumery,Wedding Bouquet,,https://www.fragrantica.com/perfume/Anglia-Perfumery/Wedding-Bouquet-18427.html
12478,Anicka Yi & Maggie Peng,Shigenobu Twilight,2008,https://www.fragrantica.com/perfume/Anicka-Yi-Maggie-Peng/Shigenobu-Twilight-10878.html
12479,ANILLO,Amber 528,,https://www.fragrantica.com/perfume/ANILLO/Amber-528-121752.html
12480,ANILLO,Black Tea,,https://www.fragrantica.com/perfume/ANILLO/Black-Tea-121747.html
12481,ANILLO,Fig Whisky,,https://www.fragrantica.com/perfume/ANILLO/Fig-Whisky-121754.html
12482,ANILLO,Lime Sunday,2025,https://www.fragrantica.com/perfume/ANILLO/Lime-Sunday-121751.html
12483,ANILLO,Neroli Wood,2025,https://www.fragrantica.com/perfume/ANILLO/Neroli-Wood-121753.html
12484,ANILLO,Patchouli Garden,,https://www.fragrantica.com/perfume/ANILLO/Patchouli-Garden-121750.html
12485,ANILLO,Rosy Night,,https://www.fragrantica.com/perfume/ANILLO/Rosy-Night-121749.html
12486,ANILLO,Shower Time,,https://www.fragrantica.com/perfume/ANILLO/Shower-Time-121748.html
12487,Anima Aromatics,Bright Soul,,https://www.fragrantica.com/perfume/Anima-Aromatics/Bright-Soul-116468.html
12488,Anima Aromatics,Dream,2026,https://www.fragrantica.com/perfume/Anima-Aromatics/Dream-133242.html
12489,Anima Aromatics,Happy Spirit,,https://www.fragrantica.com/perfume/Anima-Aromatics/Happy-Spirit-116467.html
12490,Anima Aromatics,Loving Heart,,https://www.fragrantica.com/perfume/Anima-Aromatics/Loving-Heart-116466.html
12491,Anima Aromatics,Passion,2022,https://www.fragrantica.com/perfume/Anima-Aromatics/Passion-116464.html
12492,Anima Aromatics,Power,2022,https://www.fragrantica.com/perfume/Anima-Aromatics/Power-116463.html
12493,Anima Aromatics,Temptation,2025,https://www.fragrantica.com/perfume/Anima-Aromatics/Temptation-116461.html
12494,Anima Aromatics,Wonder,2024,https://www.fragrantica.com/perfume/Anima-Aromatics/Wonder-116462.html
12495,Anima Mundi,Amytis,2023,https://www.fragrantica.com/perfume/Anima-Mundi/Amytis-80338.html
12496,Anima Mundi,Ankh Sun Amon,2017,https://www.fragrantica.com/perfume/Anima-Mundi/Ankh-Sun-Amon-46786.html
12497,Anima Mundi,Borealis Night,2026,https://www.fragrantica.com/perfume/Anima-Mundi/Borealis-Night-123456.html
12498,Anima Mundi,Dusara,2017,https://www.fragrantica.com/perfume/Anima-Mundi/Dusara-46787.html
12499,Anima Mundi,Infinity Bloom,2025,https://www.fragrantica.com/perfume/Anima-Mundi/Infinity-Bloom-103055.html
12500,Anima Mundi,Isvara,2017,https://www.fragrantica.com/perfume/Anima-Mundi/Isvara-46788.html
12501,Anima Mundi,Lhasa,2020,https://www.fragrantica.com/perfume/Anima-Mundi/Lhasa-63431.html
12502,Anima Mundi,Pompeii,2017,https://www.fragrantica.com/perfume/Anima-Mundi/Pompeii-46789.html
12503,Anima Mundi,Shiro Tokyo,2026,https://www.fragrantica.com/perfume/Anima-Mundi/Shiro-Tokyo-123455.html
12504,Anima Mundi,Sunset Karibu,2025,https://www.fragrantica.com/perfume/Anima-Mundi/Sunset-Karibu-103054.html
12505,Anima Mundi,Tikal,2017,https://www.fragrantica.com/perfume/Anima-Mundi/Tikal-46790.html
12506,Anima Mundi,Triskell,2019,https://www.fragrantica.com/perfume/Anima-Mundi/Triskell-54978.html
12507,Anima Mundi,Tropical Rhapsody,2025,https://www.fragrantica.com/perfume/Anima-Mundi/Tropical-Rhapsody-103053.html
12508,Anima Vinci,Jasmine Yang,2017,https://www.fragrantica.com/perfume/Anima-Vinci/Jasmine-Yang-45914.html
12509,Anima Vinci,Lime Spirit,2017,https://www.fragrantica.com/perfume/Anima-Vinci/Lime-Spirit-45913.html
12510,Anima Vinci,Neroli Wisdom,2018,https://www.fragrantica.com/perfume/Anima-Vinci/Neroli-Wisdom-51503.html
12511,Anima Vinci,Oud Delight,2017,https://www.fragrantica.com/perfume/Anima-Vinci/Oud-Delight-45916.html
12512,Anima Vinci,Rose Prana,2017,https://www.fragrantica.com/perfume/Anima-Vinci/Rose-Prana-45912.html
12513,Anima Vinci,Sesame Chan,2019,https://www.fragrantica.com/perfume/Anima-Vinci/Sesame-Chan-57011.html
12514,Anima Vinci,Tudo Azul,2018,https://www.fragrantica.com/perfume/Anima-Vinci/Tudo-Azul-51501.html
12515,Anima Vinci,Wood Of Life,2017,https://www.fragrantica.com/perfume/Anima-Vinci/Wood-Of-Life-45915.html
12516,Animale,Animale,1987,https://www.fragrantica.com/perfume/Animale/Animale-5919.html
12517,Animale,Animale Animale,1994,https://www.fragrantica.com/perfume/Animale/Animale-Animale-5920.html
12518,Animale,Animale Animale for Men,1994,https://www.fragrantica.com/perfume/Animale/Animale-Animale-for-Men-5921.html
12519,Animale,Animale Black,,https://www.fragrantica.com/perfume/Animale/Animale-Black-21952.html
12520,Animale,Animale for Men,1993,https://www.fragrantica.com/perfume/Animale/Animale-for-Men-5922.html
12521,Animale,Animale Gold for Men,2021,https://www.fragrantica.com/perfume/Animale/Animale-Gold-for-Men-68418.html
12522,Animale,Animale Instinct Femme,2016,https://www.fragrantica.com/perfume/Animale/Animale-Instinct-Femme-56724.html
12523,Animale,Animale Instinct Homme,2016,https://www.fragrantica.com/perfume/Animale/Animale-Instinct-Homme-56723.html
12524,Animale,Animale Intense,2013,https://www.fragrantica.com/perfume/Animale/Animale-Intense-33433.html
12525,Animale,Animale Intense,2014,https://www.fragrantica.com/perfume/Animale/Animale-Intense-34777.html
12526,Animale,Animale Love,2012,https://www.fragrantica.com/perfume/Animale/Animale-Love-33403.html
12527,Animale,Animale Seduction Femme,2019,https://www.fragrantica.com/perfume/Animale/Animale-Seduction-Femme-58775.html
12528,Animale,Animale Seduction Homme,2019,https://www.fragrantica.com/perfume/Animale/Animale-Seduction-Homme-58774.html
12529,Animale,Animale Sexy,2021,https://www.fragrantica.com/perfume/Animale/Animale-Sexy-70840.html
12530,Animale,Animale Sport,2014,https://www.fragrantica.com/perfume/Animale/Animale-Sport-35594.html
12531,Animale,Animale Temptation,2006,https://www.fragrantica.com/perfume/Animale/Animale-Temptation-5923.html
12532,Animale,Animale Temptation for Men,2006,https://www.fragrantica.com/perfume/Animale/Animale-Temptation-for-Men-5924.html
12533,Animale,Azul,2005,https://www.fragrantica.com/perfume/Animale/Azul-5928.html
12534,Animale,Chaleur d'Animale,2000,https://www.fragrantica.com/perfume/Animale/Chaleur-d-Animale-5925.html
12535,Animale,Chaleur d'Animale pour Homme,2000,https://www.fragrantica.com/perfume/Animale/Chaleur-d-Animale-pour-Homme-5926.html
12536,Animale,Instinct d'Animale,1997,https://www.fragrantica.com/perfume/Animale/Instinct-d-Animale-5927.html
12537,Anine Bing,Pure Noir,2020,https://www.fragrantica.com/perfume/Anine-Bing/Pure-Noir-63477.html
12538,Anine Bing,Savage Rose,2017,https://www.fragrantica.com/perfume/Anine-Bing/Savage-Rose-46334.html
12539,Aniu De La Baie,Aniu,,https://www.fragrantica.com/perfume/Aniu-De-La-Baie/Aniu-37545.html
12540,Anja Rubik,Original,2014,https://www.fragrantica.com/perfume/Anja-Rubik/Original-28944.html
12541,Anjali Perfumes,Chai Chai Chai,2025,https://www.fragrantica.com/perfume/Anjali-Perfumes/Chai-Chai-Chai-122540.html
12542,Anjali Perfumes,Flame of the Forest,2023,https://www.fragrantica.com/perfume/Anjali-Perfumes/Flame-of-the-Forest-87712.html
12543,Anjali Perfumes,Himalayan Dawn,2021,https://www.fragrantica.com/perfume/Anjali-Perfumes/Himalayan-Dawn-67542.html
12544,Anjali Perfumes,Iconic Island,,https://www.fragrantica.com/perfume/Anjali-Perfumes/Iconic-Island-137094.html
12545,Anjali Perfumes,Jaya,2022,https://www.fragrantica.com/perfume/Anjali-Perfumes/Jaya-87714.html
12546,Anjali Perfumes,Mantra,2022,https://www.fragrantica.com/perfume/Anjali-Perfumes/Mantra-87713.html
12547,Anjali Perfumes,Monsoon Madness,2021,https://www.fragrantica.com/perfume/Anjali-Perfumes/Monsoon-Madness-67543.html
12548,Anjali Perfumes,Tiger Bright,2021,https://www.fragrantica.com/perfume/Anjali-Perfumes/Tiger-Bright-67544.html
12549,Anjali Perfumes,Under the Mango Tree,2023,https://www.fragrantica.com/perfume/Anjali-Perfumes/Under-the-Mango-Tree-87711.html
12550,Anka Kuş Parfüm,A Moment In Manhattan,2020,https://www.fragrantica.com/perfume/Anka-Kus-Parfuem/A-Moment-In-Manhattan-64190.html
12551,Anka Kuş Parfüm,Absinthe-Minded,2019,https://www.fragrantica.com/perfume/Anka-Kus-Parfuem/Absinthe-Minded-60741.html
12552,Anka Kuş Parfüm,Ambre Destan,2021,https://www.fragrantica.com/perfume/Anka-Kus-Parfuem/Ambre-Destan-71886.html
12553,Anka Kuş Parfüm,Betwixt and Between Extrait,2020,https://www.fragrantica.com/perfume/Anka-Kus-Parfuem/Betwixt-and-Between-Extrait-64191.html
12554,Anka Kuş Parfüm,Bleakley Park,2020,https://www.fragrantica.com/perfume/Anka-Kus-Parfuem/Bleakley-Park-64192.html
12555,Anka Kuş Parfüm,Ismail Efendi - The Rose Bandit,2020,https://www.fragrantica.com/perfume/Anka-Kus-Parfuem/Ismail-Efendi-The-Rose-Bandit-64193.html
12556,Anka Kuş Parfüm,Jardin de Topkapi,2020,https://www.fragrantica.com/perfume/Anka-Kus-Parfuem/Jardin-de-Topkapi-64194.html
12557,Anka Kuş Parfüm,Jezebel,2019,https://www.fragrantica.com/perfume/Anka-Kus-Parfuem/Jezebel-64195.html
12558,Anka Kuş Parfüm,Kitsunegari,2021,https://www.fragrantica.com/perfume/Anka-Kus-Parfuem/Kitsunegari-71885.html
12559,Anka Kuş Parfüm,Los Vientos de Santa Ana,2019,https://www.fragrantica.com/perfume/Anka-Kus-Parfuem/Los-Vientos-de-Santa-Ana-64196.html
12560,Anka Kuş Parfüm,Misk'ul Hareem,2021,https://www.fragrantica.com/perfume/Anka-Kus-Parfuem/Misk-ul-Hareem-71883.html
12561,Anka Kuş Parfüm,The Long Red Cloud,2024,https://www.fragrantica.com/perfume/Anka-Kus-Parfuem/The-Long-Red-Cloud-96105.html
12562,Anka Kuş Parfüm,This Ember,2021,https://www.fragrantica.com/perfume/Anka-Kus-Parfuem/This-Ember-72039.html
12563,Anka Kuş Parfüm,Vétivérité,2023,https://www.fragrantica.com/perfume/Anka-Kus-Parfuem/Vetiverite-81926.html
12564,Anka Kuş Parfüm,Violet Cendre,2021,https://www.fragrantica.com/perfume/Anka-Kus-Parfuem/Violet-Cendre-72038.html
12565,Ann Demeulemeester,A Parfum,2023,https://www.fragrantica.com/perfume/Ann-Demeulemeester/A-Parfum-84946.html
12566,ann fragrance,Fennel Herb,1970,https://www.parfumo.com/Perfumes/ann-fragrance/04-fennel-herb
12567,ann fragrance,Fleur Tiara,,https://www.parfumo.com/Perfumes/ann-fragrance/13-fleur-tiara
12568,ann fragrance,Floral Drops,2003,https://www.parfumo.com/Perfumes/ann-fragrance/07-floral-drops
12569,ann fragrance,Fresh Aqua,2004,https://www.parfumo.com/Perfumes/ann-fragrance/18-fresh-aqua
12570,ann fragrance,Honey Flash,2004,https://www.parfumo.com/Perfumes/ann-fragrance/01-honey-flash
12571,ann fragrance,Innocent Flower,2015,https://www.parfumo.com/Perfumes/ann-fragrance/22-innocent-flower
12572,ann fragrance,Midnight Osmanthus,2007,https://www.parfumo.com/Perfumes/ann-fragrance/14-midnight-osmanthus
12573,ann fragrance,More Than Rose,1975,https://www.parfumo.com/Perfumes/ann-fragrance/02-more-than-rose
12574,ann fragrance,No Gender,2001,https://www.parfumo.com/Perfumes/ann-fragrance/20-no-gender
12575,ann fragrance,Noble Orchid,2019,https://www.parfumo.com/Perfumes/ann-fragrance/12-noble-orchid
12576,ann fragrance,The Royal,1983,https://www.parfumo.com/Perfumes/ann-fragrance/06-the-royal
12577,Ann Gerard,Ciel d'Opale,2012,https://www.fragrantica.com/perfume/Ann-Gerard/Ciel-d-Opale-16329.html
12578,Ann Gerard,Cuir de Nacre,2012,https://www.fragrantica.com/perfume/Ann-Gerard/Cuir-de-Nacre-16328.html
12579,Ann Gerard,Perle de Mousse,2012,https://www.fragrantica.com/perfume/Ann-Gerard/Perle-de-Mousse-16330.html
12580,Ann Gerard,Rose Cut,2014,https://www.fragrantica.com/perfume/Ann-Gerard/Rose-Cut-24665.html
12581,Ann-Margret,Ann-Margret,2023,https://www.fragrantica.com/perfume/Ann-Margret/Ann-Margret-82381.html
12582,Ann Ringstrand,Gather,2017,https://www.fragrantica.com/perfume/Ann-Ringstrand/Gather-137617.html
12583,Ann Ringstrand,Ground,2017,https://www.fragrantica.com/perfume/Ann-Ringstrand/Ground-137616.html
12584,Ann Ringstrand,Touch,2017,https://www.fragrantica.com/perfume/Ann-Ringstrand/Touch-137618.html
12585,Ann Steeger,A Mes Amours,,https://www.fragrantica.com/perfume/Ann-Steeger/A-Mes-Amours-28391.html
12586,Ann Steeger,Folie des Bois,,https://www.fragrantica.com/perfume/Ann-Steeger/Folie-des-Bois-28389.html
12587,Ann Steeger,Patchouli,,https://www.fragrantica.com/perfume/Ann-Steeger/Patchouli-28381.html
12588,Ann Steeger,Tubereuse Interdite,,https://www.fragrantica.com/perfume/Ann-Steeger/Tubereuse-Interdite-28393.html
12589,Ann Steeger,Vanille des Diablesses,,https://www.fragrantica.com/perfume/Ann-Steeger/Vanille-des-Diablesses-28392.html
12590,Ann Summers,Aphrodisiac,2017,https://www.fragrantica.com/perfume/Ann-Summers/Aphrodisiac-66969.html
12591,Ann Summers,Aphrodisiac Aurora,2017,https://www.fragrantica.com/perfume/Ann-Summers/Aphrodisiac-Aurora-66970.html
12592,Ann Taylor,Chic,,https://www.fragrantica.com/perfume/Ann-Taylor/Chic-8786.html
12593,Ann Taylor,Possibilities,,https://www.fragrantica.com/perfume/Ann-Taylor/Possibilities-8785.html
12594,Ann Taylor,Signature Fragrance,2013,https://www.fragrantica.com/perfume/Ann-Taylor/Signature-Fragrance-22029.html
12595,Anna Borisova Parfum,Cabinet,2019,https://www.fragrantica.com/perfume/Anna-Borisova-Parfum/Cabinet-66759.html
12596,Anna Borisova Parfum,Contradiction,2020,https://www.fragrantica.com/perfume/Anna-Borisova-Parfum/Contradiction-66762.html
12597,Anna Borisova Parfum,Endorfin,2019,https://www.fragrantica.com/perfume/Anna-Borisova-Parfum/Endorfin-66758.html
12598,Anna Borisova Parfum,Girl Mimosa,2021,https://www.fragrantica.com/perfume/Anna-Borisova-Parfum/Girl-Mimosa-66764.html
12599,Anna Borisova Parfum,Lavender Love,2020,https://www.fragrantica.com/perfume/Anna-Borisova-Parfum/Lavender-Love-66760.html
12600,Anna Borisova Parfum,Lilit,2019,https://www.fragrantica.com/perfume/Anna-Borisova-Parfum/Lilit-66756.html
12601,Anna Borisova Parfum,Lilit Light,2019,https://www.fragrantica.com/perfume/Anna-Borisova-Parfum/Lilit-Light-66757.html
12602,Anna Borisova Parfum,Quiet Happiness,2020,https://www.fragrantica.com/perfume/Anna-Borisova-Parfum/Quiet-Happiness-66761.html
12603,Anna Borisova Parfum,Tobacco Plum,2021,https://www.fragrantica.com/perfume/Anna-Borisova-Parfum/Tobacco-Plum-66763.html
12604,Anna Dello Russo,The Scent of Anna Dello Russo,2010,https://www.fragrantica.com/perfume/Anna-Dello-Russo/The-Scent-of-Anna-Dello-Russo-10085.html
12605,Anna Inspiring Jewelry,Black,,https://www.fragrantica.com/perfume/Anna-Inspiring-Jewelry/Black-40259.html
12606,Anna Inspiring Jewelry,Green,,https://www.fragrantica.com/perfume/Anna-Inspiring-Jewelry/Green-40258.html
12607,Anna Inspiring Jewelry,White,,https://www.fragrantica.com/perfume/Anna-Inspiring-Jewelry/White-40257.html
12608,Anna Paghera,Arancio di Tangeri,,https://www.fragrantica.com/perfume/Anna-Paghera/Arancio-di-Tangeri-20892.html
12609,Anna Paghera,Azzurro d'Ibla,,https://www.fragrantica.com/perfume/Anna-Paghera/Azzurro-d-Ibla-20893.html
12610,Anna Paghera,Bianco Ninive,,https://www.fragrantica.com/perfume/Anna-Paghera/Bianco-Ninive-20898.html
12611,Anna Paghera,Blu d'Arabia,,https://www.fragrantica.com/perfume/Anna-Paghera/Blu-d-Arabia-20894.html
12612,Anna Paghera,Giallo di Tebe,,https://www.fragrantica.com/perfume/Anna-Paghera/Giallo-di-Tebe-20895.html
12613,Anna Paghera,Rosso di Cipro,,https://www.fragrantica.com/perfume/Anna-Paghera/Rosso-di-Cipro-20891.html
12614,Anna Paghera,Turchese di Nila,,https://www.fragrantica.com/perfume/Anna-Paghera/Turchese-di-Nila-20896.html
12615,Anna Paghera,Verde di Kent,,https://www.fragrantica.com/perfume/Anna-Paghera/Verde-di-Kent-20897.html
12616,Anna Pegova,Air,2013,https://www.fragrantica.com/perfume/Anna-Pegova/Air-57904.html
12617,Anna Pegova,Anna,2018,https://www.fragrantica.com/perfume/Anna-Pegova/Anna-57901.html
12618,Anna Pegova,Mer,2013,https://www.fragrantica.com/perfume/Anna-Pegova/Mer-57902.html
12619,Anna Pegova,Pour un Homme,2013,https://www.fragrantica.com/perfume/Anna-Pegova/Pour-un-Homme-57906.html
12620,Anna Pegova,Terre,2013,https://www.fragrantica.com/perfume/Anna-Pegova/Terre-57903.html
12621,Anna Pegova,Vert,2013,https://www.fragrantica.com/perfume/Anna-Pegova/Vert-57905.html
12622,Anna Sui,Anna Sui,1999,https://www.fragrantica.com/perfume/Anna-Sui/Anna-Sui-2082.html
12623,Anna Sui,Anna Sui Fairy Dance Secret Wish,2012,https://www.fragrantica.com/perfume/Anna-Sui/Anna-Sui-Fairy-Dance-Secret-Wish-14336.html
12624,Anna Sui,Cosmic Sky,2022,https://www.fragrantica.com/perfume/Anna-Sui/Cosmic-Sky-76185.html
12625,Anna Sui,Dew Fields,2024,https://www.fragrantica.com/perfume/Anna-Sui/Dew-Fields-99058.html
12626,Anna Sui,Dolly Girl,2003,https://www.fragrantica.com/perfume/Anna-Sui/Dolly-Girl-2083.html
12627,Anna Sui,Dolly Girl Bonjour L'Amour,2007,https://www.fragrantica.com/perfume/Anna-Sui/Dolly-Girl-Bonjour-L-Amour-2084.html
12628,Anna Sui,Dolly Girl Lil' Starlet,2008,https://www.fragrantica.com/perfume/Anna-Sui/Dolly-Girl-Lil-Starlet-3154.html
12629,Anna Sui,Dolly Girl On The Beach,2006,https://www.fragrantica.com/perfume/Anna-Sui/Dolly-Girl-On-The-Beach-2085.html
12630,Anna Sui,Dolly Girl Ooh La Love,2004,https://www.fragrantica.com/perfume/Anna-Sui/Dolly-Girl-Ooh-La-Love-2086.html
12631,Anna Sui,Electric Whisper,2024,https://www.fragrantica.com/perfume/Anna-Sui/Electric-Whisper-99063.html
12632,Anna Sui,Fairy Dance Sun,2017,https://www.fragrantica.com/perfume/Anna-Sui/Fairy-Dance-Sun-46064.html
12633,Anna Sui,Fantasia,2017,https://www.fragrantica.com/perfume/Anna-Sui/Fantasia-45394.html
12634,Anna Sui,Fantasia Forever,2020,https://www.fragrantica.com/perfume/Anna-Sui/Fantasia-Forever-63094.html
12635,Anna Sui,Fantasia Gold Edition,2021,https://www.fragrantica.com/perfume/Anna-Sui/Fantasia-Gold-Edition-70552.html
12636,Anna Sui,Fantasia Mermaid,2019,https://www.fragrantica.com/perfume/Anna-Sui/Fantasia-Mermaid-54060.html
12637,Anna Sui,Fantasia Pop Surprise,2023,https://www.fragrantica.com/perfume/Anna-Sui/Fantasia-Pop-Surprise-79875.html
12638,Anna Sui,Fantasia Rose,2024,https://www.fragrantica.com/perfume/Anna-Sui/Fantasia-Rose-93246.html
12639,Anna Sui,Flight Of Fancy,2007,https://www.fragrantica.com/perfume/Anna-Sui/Flight-Of-Fancy-2030.html
12640,Anna Sui,Flight of Fancy Spirit,2018,https://www.fragrantica.com/perfume/Anna-Sui/Flight-of-Fancy-Spirit-51283.html
12641,Anna Sui,Forbidden Affair,2010,https://www.fragrantica.com/perfume/Anna-Sui/Forbidden-Affair-10452.html
12642,Anna Sui,L’Amour Rose,2016,https://www.fragrantica.com/perfume/Anna-Sui/L-Amour-Rose-40787.html
12643,Anna Sui,L'Amour Rose Anna Sui 2016 Eau de Parfum,2016,https://www.parfumo.com/Perfumes/Anna_Sui/L_Amour_Rose_Eau_de_Parfum
12644,Anna Sui,L'Amour Rose Anna Sui 2017 Eau de Toilette,2017,https://www.parfumo.com/Perfumes/Anna_Sui/L_Amour_Rose_Eau_de_Toilette
12645,Anna Sui,L’Amour Rose Eau de Toilette,2017,https://www.fragrantica.com/perfume/Anna-Sui/L-Amour-Rose-Eau-de-Toilette-44995.html
12646,Anna Sui,L'Amour Rose Paris,2022,https://www.fragrantica.com/perfume/Anna-Sui/L-Amour-Rose-Paris-72690.html
12647,Anna Sui,L'Amour Rose Saint-Tropez,2023,https://www.parfumo.com/Perfumes/Anna_Sui/l-amour-rose-saint-tropez
12648,Anna Sui,L'Amour Rose Versailles (Eau de Parfum),2018,https://www.fragrantica.com/perfume/Anna-Sui/L-Amour-Rose-Versailles-50164.html
12649,Anna Sui,L'Amour Rose Versailles Eau de Toilette,2018,https://www.fragrantica.com/perfume/Anna-Sui/L-Amour-Rose-Versailles-Eau-de-Toilette-50165.html
12650,Anna Sui,La Nuit de Bohème Eau de Parfum,2014,https://www.fragrantica.com/perfume/Anna-Sui/La-Nuit-de-Boheme-Eau-de-Parfum-27513.html
12651,Anna Sui,La Nuit de Bohème (Eau de Toilette),2014,https://www.fragrantica.com/perfume/Anna-Sui/La-Nuit-de-Boheme-25973.html
12652,Anna Sui,La Vie de Boheme,2012,https://www.fragrantica.com/perfume/Anna-Sui/La-Vie-de-Boheme-17100.html
12653,Anna Sui,Live Your Dream,2009,https://www.fragrantica.com/perfume/Anna-Sui/Live-Your-Dream-5762.html
12654,Anna Sui,Lucky Wish,2016,https://www.fragrantica.com/perfume/Anna-Sui/Lucky-Wish-38258.html
12655,Anna Sui,Mellow Yellow,2023,https://www.fragrantica.com/perfume/Anna-Sui/Mellow-Yellow-82148.html
12656,Anna Sui,Mystic Luna,2024,https://www.fragrantica.com/perfume/Anna-Sui/Mystic-Luna-99062.html
12657,Anna Sui,Neon Twist,2025,https://www.fragrantica.com/perfume/Anna-Sui/Neon-Twist-106622.html
12658,Anna Sui,Night of Fancy,2008,https://www.fragrantica.com/perfume/Anna-Sui/Night-of-Fancy-4609.html
12659,Anna Sui,Pretty Pink,2023,https://www.fragrantica.com/perfume/Anna-Sui/Pretty-Pink-82149.html
12660,Anna Sui,Rock Me!,2009,https://www.fragrantica.com/perfume/Anna-Sui/Rock-Me-6887.html
12661,Anna Sui,Rock Me! Summer of Love,2010,https://www.fragrantica.com/perfume/Anna-Sui/Rock-Me-Summer-of-Love-8061.html
12662,Anna Sui,Romantica,2015,https://www.fragrantica.com/perfume/Anna-Sui/Romantica-31769.html
12663,Anna Sui,Romantica Exotica,2016,https://www.fragrantica.com/perfume/Anna-Sui/Romantica-Exotica-39372.html
12664,Anna Sui,Secret Wish,2005,https://www.fragrantica.com/perfume/Anna-Sui/Secret-Wish-909.html
12665,Anna Sui,Secret Wish Fairy Dance Sparkle,2018,https://www.fragrantica.com/perfume/Anna-Sui/Secret-Wish-Fairy-Dance-Sparkle-49208.html
12666,Anna Sui,Secret Wish - Fairy Dance Sun,2017,https://www.parfumo.com/Perfumes/Anna_Sui/Secret_Wish__Fairy_Dance_Sun
12667,Anna Sui,Secret Wish - Lucky Wish,2016,https://www.parfumo.com/Perfumes/Anna_Sui/Secret_Wish__Lucky_Wish
12668,Anna Sui,Secret Wish Magic Romance,2006,https://www.fragrantica.com/perfume/Anna-Sui/Secret-Wish-Magic-Romance-908.html
12669,Anna Sui,Secret Wish - Serenity Wish,2019,https://www.parfumo.com/Perfumes/Anna_Sui/secret-wish-serenity-wish
12670,Anna Sui,Serenity Wish,2019,https://www.fragrantica.com/perfume/Anna-Sui/Serenity-Wish-58451.html
12671,Anna Sui,Sky,2020,https://www.fragrantica.com/perfume/Anna-Sui/Sky-62677.html
12672,Anna Sui,Sui Dreams,2000,https://www.fragrantica.com/perfume/Anna-Sui/Sui-Dreams-2087.html
12673,Anna Sui,Sui Dreams in Blush,2022,https://www.fragrantica.com/perfume/Anna-Sui/Sui-Dreams-in-Blush-76995.html
12674,Anna Sui,Sui Dreams in Green,2015,https://www.fragrantica.com/perfume/Anna-Sui/Sui-Dreams-in-Green-29311.html
12675,Anna Sui,Sui Dreams in Pink,2014,https://www.fragrantica.com/perfume/Anna-Sui/Sui-Dreams-in-Pink-23557.html
12676,Anna Sui,Sui Dreams In Purple,2019,https://www.fragrantica.com/perfume/Anna-Sui/Sui-Dreams-In-Purple-55720.html
12677,Anna Sui,Sui Dreams in Yellow,2016,https://www.fragrantica.com/perfume/Anna-Sui/Sui-Dreams-in-Yellow-35020.html
12678,Anna Sui,Sui Love,2002,https://www.fragrantica.com/perfume/Anna-Sui/Sui-Love-910.html
12679,Anna Sui,Thorn of a Rose,2024,https://www.fragrantica.com/perfume/Anna-Sui/Thorn-of-a-Rose-99061.html
12680,Anna Sui,Tin House Fairy Dance,2013,https://www.fragrantica.com/perfume/Anna-Sui/Tin-House-Fairy-Dance-24072.html
12681,Anna Sui,Tin House Flight of Fancy,2013,https://www.fragrantica.com/perfume/Anna-Sui/Tin-House-Flight-of-Fancy-24071.html
12682,Anna Sui,Tin House Forbidden Affair,2013,https://www.fragrantica.com/perfume/Anna-Sui/Tin-House-Forbidden-Affair-24073.html
12683,Anna Sui,Tin House Secret Wish,2013,https://www.fragrantica.com/perfume/Anna-Sui/Tin-House-Secret-Wish-24070.html
12684,Anna Sui,Utopia Mist,2024,https://www.fragrantica.com/perfume/Anna-Sui/Utopia-Mist-99059.html
12685,Anna Sui,Violet Vibe,2023,https://www.fragrantica.com/perfume/Anna-Sui/Violet-Vibe-82151.html
12686,Anna Vakhitova Perfumes,Dark Rose,2020,https://www.fragrantica.com/perfume/Anna-Vakhitova-Perfumes/Dark-Rose-63073.html
12687,Anna Vakhitova Perfumes,Dragon's Rose,2023,https://www.fragrantica.com/perfume/Anna-Vakhitova-Perfumes/Dragon-s-Rose-87901.html
12688,Anna Vakhitova Perfumes,Dream of Hyacinth,2023,https://www.fragrantica.com/perfume/Anna-Vakhitova-Perfumes/Dream-of-Hyacinth-87900.html
12689,Anna Vakhitova Perfumes,First Kiss,2020,https://www.fragrantica.com/perfume/Anna-Vakhitova-Perfumes/First-Kiss-63071.html
12690,Anna Vakhitova Perfumes,Vetiverro,2021,https://www.fragrantica.com/perfume/Anna-Vakhitova-Perfumes/Vetiverro-68559.html
12691,Anna Vakhitova Perfumes,White Blossoms,2020,https://www.fragrantica.com/perfume/Anna-Vakhitova-Perfumes/White-Blossoms-63072.html
12692,Anna Zworykina Perfumes,150 Days to Summer,2010,https://www.fragrantica.com/perfume/Anna-Zworykina-Perfumes/150-Days-to-Summer-32973.html
12693,Anna Zworykina Perfumes,A Ghost House,2009,https://www.fragrantica.com/perfume/Anna-Zworykina-Perfumes/A-Ghost-House-32980.html
12694,Anna Zworykina Perfumes,Apple Orchard,2010,https://www.fragrantica.com/perfume/Anna-Zworykina-Perfumes/Apple-Orchard-32972.html
12695,Anna Zworykina Perfumes,Bitter Glass,,https://www.fragrantica.com/perfume/Anna-Zworykina-Perfumes/Bitter-Glass-32933.html
12696,Anna Zworykina Perfumes,Black Gardenia,2010,https://www.fragrantica.com/perfume/Anna-Zworykina-Perfumes/Black-Gardenia-32914.html
12697,Anna Zworykina Perfumes,Black Stone,2007,https://www.fragrantica.com/perfume/Anna-Zworykina-Perfumes/Black-Stone-32922.html
12698,Anna Zworykina Perfumes,Burgundy Ice,2016,https://www.fragrantica.com/perfume/Anna-Zworykina-Perfumes/Burgundy-Ice-40888.html
12699,Anna Zworykina Perfumes,Burnt to the Core,,https://www.fragrantica.com/perfume/Anna-Zworykina-Perfumes/Burnt-to-the-Core-32934.html
12700,Anna Zworykina Perfumes,Chainaja Kollektsia - Mjatnyi Chai Чайная коллекция - Мятный Чай,2001,https://www.parfumo.com/Perfumes/Anna_Zworykina/chainaja-kollektsia-mjatnyi-chai
12701,Anna Zworykina Perfumes,Chainaja Kollektsia - Ulun Чайная коллекция - Улун,,https://www.parfumo.com/Perfumes/Anna_Zworykina/chainaja-kollektsia-ulun
12702,Anna Zworykina Perfumes,Chainaja Kollektsia - Zeljonyi Chai Чайная коллекция - Зеленый Чай,,https://www.parfumo.com/Perfumes/Anna_Zworykina/chainaja-kollektsia-zeljonyi-chai
12703,Anna Zworykina Perfumes,Coffee and Chocolate,2011,https://www.fragrantica.com/perfume/Anna-Zworykina-Perfumes/Coffee-and-Chocolate-32977.html
12704,Anna Zworykina Perfumes,Creamy Sandal,2016,https://www.fragrantica.com/perfume/Anna-Zworykina-Perfumes/Creamy-Sandal-40887.html
12705,Anna Zworykina Perfumes,Cuir de Russie,2009,https://www.fragrantica.com/perfume/Anna-Zworykina-Perfumes/Cuir-de-Russie-32925.html
12706,Anna Zworykina Perfumes,Currant Mood,2017,https://www.fragrantica.com/perfume/Anna-Zworykina-Perfumes/Currant-Mood-43419.html
12707,Anna Zworykina Perfumes,Dark Side of the Goddess,2005,https://www.fragrantica.com/perfume/Anna-Zworykina-Perfumes/Dark-Side-of-the-Goddess-32981.html
12708,Anna Zworykina Perfumes,Dissolution,2012,https://www.fragrantica.com/perfume/Anna-Zworykina-Perfumes/Dissolution-32915.html
12709,Anna Zworykina Perfumes,Emerald Green,2011,https://www.fragrantica.com/perfume/Anna-Zworykina-Perfumes/Emerald-Green-32929.html
12710,Anna Zworykina Perfumes,Fallen Leaves,2007,https://www.fragrantica.com/perfume/Anna-Zworykina-Perfumes/Fallen-Leaves-32920.html
12711,Anna Zworykina Perfumes,Flowing,,https://www.fragrantica.com/perfume/Anna-Zworykina-Perfumes/Flowing-32935.html
12712,Anna Zworykina Perfumes,Forbidden,,https://www.fragrantica.com/perfume/Anna-Zworykina-Perfumes/Forbidden-35853.html
12713,Anna Zworykina Perfumes,Ghost House Дом-призрак,2008,https://www.parfumo.com/Perfumes/Anna_Zworykina/Ghost_House__
12714,Anna Zworykina Perfumes,Golden Lavender,2011,https://www.fragrantica.com/perfume/Anna-Zworykina-Perfumes/Golden-Lavender-32921.html
12715,Anna Zworykina Perfumes,Gorod Myortvyx Korolej Город мёртвых королей / Huế,,https://www.parfumo.com/Perfumes/Anna_Zworykina/gorod-myortvyx-korolej-hue
12716,Anna Zworykina Perfumes,Granny’s Garden,2016,https://www.fragrantica.com/perfume/Anna-Zworykina-Perfumes/Granny-s-Garden-40885.html
12717,Anna Zworykina Perfumes,Green Madness,2009,https://www.fragrantica.com/perfume/Anna-Zworykina-Perfumes/Green-Madness-32970.html
12718,Anna Zworykina Perfumes,Hannibal,2008,https://www.fragrantica.com/perfume/Anna-Zworykina-Perfumes/Hannibal-32932.html
12719,Anna Zworykina Perfumes,Havana Dream,2016,https://www.fragrantica.com/perfume/Anna-Zworykina-Perfumes/Havana-Dream-40889.html
12720,Anna Zworykina Perfumes,Heroic Oud,2011,https://www.fragrantica.com/perfume/Anna-Zworykina-Perfumes/Heroic-Oud-32926.html
12721,Anna Zworykina Perfumes,Hold my Pipe,2021,https://www.fragrantica.com/perfume/Anna-Zworykina-Perfumes/Hold-my-Pipe-69406.html
12722,Anna Zworykina Perfumes,Honey and Tar,2008,https://www.fragrantica.com/perfume/Anna-Zworykina-Perfumes/Honey-and-Tar-33992.html
12723,Anna Zworykina Perfumes,Hue Город Мертвых Королей,2010,https://www.fragrantica.com/perfume/Anna-Zworykina-Perfumes/Hue-Gorod-Mertvyh-Korolej-32982.html
12724,Anna Zworykina Perfumes,Inner Sea,,https://www.fragrantica.com/perfume/Anna-Zworykina-Perfumes/Inner-Sea-32937.html
12725,Anna Zworykina Perfumes,Jasmine and Agarwood,2008,https://www.fragrantica.com/perfume/Anna-Zworykina-Perfumes/Jasmine-and-Agarwood-32974.html
12726,Anna Zworykina Perfumes,L'Attouchement,2011,https://www.fragrantica.com/perfume/Anna-Zworykina-Perfumes/L-Attouchement-32916.html
12727,Anna Zworykina Perfumes,Lotus Pool,,https://www.fragrantica.com/perfume/Anna-Zworykina-Perfumes/Lotus-Pool-34695.html
12728,Anna Zworykina Perfumes,Morocco,2009,https://www.fragrantica.com/perfume/Anna-Zworykina-Perfumes/Morocco-32978.html
12729,Anna Zworykina Perfumes,Musk Rose,2008,https://www.fragrantica.com/perfume/Anna-Zworykina-Perfumes/Musk-Rose-32975.html
12730,Anna Zworykina Perfumes,My Vanilla,2011,https://www.fragrantica.com/perfume/Anna-Zworykina-Perfumes/My-Vanilla-32919.html
12731,Anna Zworykina Perfumes,New Suede,2011,https://www.fragrantica.com/perfume/Anna-Zworykina-Perfumes/New-Suede-32923.html
12732,Anna Zworykina Perfumes,Nigredo,2008,https://www.fragrantica.com/perfume/Anna-Zworykina-Perfumes/Nigredo-32928.html
12733,Anna Zworykina Perfumes,№ 3,2012,https://www.fragrantica.com/perfume/Anna-Zworykina-Perfumes/3-32917.html
12734,Anna Zworykina Perfumes,№ 5,,https://www.fragrantica.com/perfume/Anna-Zworykina-Perfumes/5-32918.html
12735,Anna Zworykina Perfumes,Petals & Ashes,2021,https://www.fragrantica.com/perfume/Anna-Zworykina-Perfumes/Petals-Ashes-71426.html
12736,Anna Zworykina Perfumes,Revenge,2011,https://www.fragrantica.com/perfume/Anna-Zworykina-Perfumes/Revenge-32924.html
12737,Anna Zworykina Perfumes,Sea Foam,2016,https://www.fragrantica.com/perfume/Anna-Zworykina-Perfumes/Sea-Foam-40749.html
12738,Anna Zworykina Perfumes,Second Skin,2011,https://www.fragrantica.com/perfume/Anna-Zworykina-Perfumes/Second-Skin-32979.html
12739,Anna Zworykina Perfumes,Secret Dreams,2012,https://www.fragrantica.com/perfume/Anna-Zworykina-Perfumes/Secret-Dreams-32927.html
12740,Anna Zworykina Perfumes,Shiny Amber,2017,https://www.fragrantica.com/perfume/Anna-Zworykina-Perfumes/Shiny-Amber-43161.html
12741,Anna Zworykina Perfumes,Silk Shawl,2008,https://www.fragrantica.com/perfume/Anna-Zworykina-Perfumes/Silk-Shawl-32976.html
12742,Anna Zworykina Perfumes,Silver Lavender,2011,https://www.fragrantica.com/perfume/Anna-Zworykina-Perfumes/Silver-Lavender-32911.html
12743,Anna Zworykina Perfumes,Song,,https://www.fragrantica.com/perfume/Anna-Zworykina-Perfumes/Song-32936.html
12744,Anna Zworykina Perfumes,Tabachnaya Tuberosa,2008,https://www.fragrantica.com/perfume/Anna-Zworykina-Perfumes/Tabachnaya-Tuberosa-41659.html
12745,Anna Zworykina Perfumes,Venetian Red,2012,https://www.fragrantica.com/perfume/Anna-Zworykina-Perfumes/Venetian-Red-32930.html
12746,Anna Zworykina Perfumes,Venus in Fur,2016,https://www.fragrantica.com/perfume/Anna-Zworykina-Perfumes/Venus-in-Fur-40886.html
12747,Anna Zworykina Perfumes,Verdigris,2011,https://www.fragrantica.com/perfume/Anna-Zworykina-Perfumes/Verdigris-32910.html
12748,Anna Zworykina Perfumes,White Silk,2011,https://www.fragrantica.com/perfume/Anna-Zworykina-Perfumes/White-Silk-32912.html
12749,Anna Zworykina Perfumes,Wind From Mount Kailash,2008,https://www.fragrantica.com/perfume/Anna-Zworykina-Perfumes/Wind-From-Mount-Kailash-32971.html
12750,Anna Zworykina Perfumes,Winter Blush,2012,https://www.fragrantica.com/perfume/Anna-Zworykina-Perfumes/Winter-Blush-32913.html
12751,Anna Zworykina Perfumes,Without Words,2011,https://www.fragrantica.com/perfume/Anna-Zworykina-Perfumes/Without-Words-32931.html
12752,Anna Zworykina Perfumes,Young Cossack,,https://www.fragrantica.com/perfume/Anna-Zworykina-Perfumes/Young-Cossack-33396.html
12753,Annabella,A by Annabella 2003,2003,https://www.fragrantica.com/perfume/Annabella/A-by-Annabella-2003-72230.html
12754,Annabella,A by Annabella Eau de Parfum,1987,https://www.fragrantica.com/perfume/Annabella/A-by-Annabella-Eau-de-Parfum-72231.html
12755,Annabella,A by Annabella Eau de Toilette,1987,https://www.fragrantica.com/perfume/Annabella/A-by-Annabella-Eau-de-Toilette-72232.html
12756,Annabella,A by Annabella Parfum,1987,https://www.fragrantica.com/perfume/Annabella/A-by-Annabella-Parfum-72233.html
12757,Annabella,Annabella,1997,https://www.fragrantica.com/perfume/Annabella/Annabella-72234.html
12758,Annabella,Lady A,1999,https://www.fragrantica.com/perfume/Annabella/Lady-A-72235.html
12759,Annabella,Rouge,1997,https://www.fragrantica.com/perfume/Annabella/Rouge-72238.html
12760,Annabella,Touché,1995,https://www.fragrantica.com/perfume/Annabella/Touche-72239.html
12761,Annabella,Vison Sauvage Eau de Parfum,1990,https://www.fragrantica.com/perfume/Annabella/Vison-Sauvage-Eau-de-Parfum-72240.html
12762,Annabella,Vison Sauvage Parfum,1990,https://www.fragrantica.com/perfume/Annabella/Vison-Sauvage-Parfum-72241.html
12763,Annayake,An'na,2011,https://www.parfumo.com/Perfumes/Annayake/An_na
12764,Annayake,An'na Annayake,2011,https://www.fragrantica.com/perfume/Annayake/An-na-Annayake-13003.html
12765,Annayake,Annayake Bonheur For Her,2015,https://www.fragrantica.com/perfume/Annayake/Annayake-Bonheur-For-Her-34279.html
12766,Annayake,Annayake Bonheur For Him,2015,https://www.fragrantica.com/perfume/Annayake/Annayake-Bonheur-For-Him-34278.html
12767,Annayake,Annayake Her,2022,https://www.fragrantica.com/perfume/Annayake/Annayake-Her-74443.html
12768,Annayake,Annayake Him,2022,https://www.fragrantica.com/perfume/Annayake/Annayake-Him-74444.html
12769,Annayake,Annayake Pour Elle,2000,https://www.fragrantica.com/perfume/Annayake/Annayake-Pour-Elle-105.html
12770,Annayake,Annayake Pour Elle Light,2010,https://www.fragrantica.com/perfume/Annayake/Annayake-Pour-Elle-Light-8552.html
12771,Annayake,Annayake Pour Lui (Eau de Toilette),2000,https://www.fragrantica.com/perfume/Annayake/Annayake-Pour-Lui-106.html
12772,Annayake,Crazy Embers,2025,https://www.fragrantica.com/perfume/Annayake/Crazy-Embers-112988.html
12773,Annayake,Dojou For Her,2022,https://www.fragrantica.com/perfume/Annayake/Dojou-For-Her-76112.html
12774,Annayake,Dojou For Him,2022,https://www.fragrantica.com/perfume/Annayake/Dojou-For-Him-76113.html
12775,Annayake,Hanami,2003,https://www.fragrantica.com/perfume/Annayake/Hanami-107.html
12776,Annayake,Hokou for Her,2018,https://www.fragrantica.com/perfume/Annayake/Hokou-for-Her-49943.html
12777,Annayake,Hokou for Him,2018,https://www.fragrantica.com/perfume/Annayake/Hokou-for-Him-49944.html
12778,Annayake,Hot Splash,2025,https://www.fragrantica.com/perfume/Annayake/Hot-Splash-112986.html
12779,Annayake,Kagari For Her,2023,https://www.fragrantica.com/perfume/Annayake/Kagari-For-Her-84051.html
12780,Annayake,Kagari For Him,2023,https://www.fragrantica.com/perfume/Annayake/Kagari-For-Him-84052.html
12781,Annayake,Kiji for Her,2020,https://www.fragrantica.com/perfume/Annayake/Kiji-for-Her-64273.html
12782,Annayake,Kiji for Him,2020,https://www.fragrantica.com/perfume/Annayake/Kiji-for-Him-64274.html
12783,Annayake,Kimitsu for Her,2016,https://www.fragrantica.com/perfume/Annayake/Kimitsu-for-Her-41978.html
12784,Annayake,Kimitsu for Him,2016,https://www.fragrantica.com/perfume/Annayake/Kimitsu-for-Him-41979.html
12785,Annayake,Kogaï For Her,2022,https://www.fragrantica.com/perfume/Annayake/Kogai-For-Her-76117.html
12786,Annayake,Kogaï For Him,2022,https://www.fragrantica.com/perfume/Annayake/Kogai-For-Him-76116.html
12787,Annayake,Kuroi,2014,https://www.fragrantica.com/perfume/Annayake/Kuroi-28396.html
12788,Annayake,Love for Her,2013,https://www.fragrantica.com/perfume/Annayake/Love-for-Her-18002.html
12789,Annayake,Love for Him,2013,https://www.fragrantica.com/perfume/Annayake/Love-for-Him-18003.html
12790,Annayake,Matsuri,2006,https://www.fragrantica.com/perfume/Annayake/Matsuri-761.html
12791,Annayake,Miyabi Man Annayake / アナヤケ 2009 Après-Rasage,2009,https://www.parfumo.com/Perfumes/Annayake/Miyabi_Man_Apres_Rasage
12792,Annayake,Miyabi Man (Eau de Toilette),2009,https://www.fragrantica.com/perfume/Annayake/Miyabi-Man-7305.html
12793,Annayake,Miyabi Woman,2009,https://www.fragrantica.com/perfume/Annayake/Miyabi-Woman-7304.html
12794,Annayake,Miyako,2005,https://www.fragrantica.com/perfume/Annayake/Miyako-597.html
12795,Annayake,Mood For A Dream Man,2024,https://www.fragrantica.com/perfume/Annayake/Mood-For-A-Dream-Man-91267.html
12796,Annayake,Mood For A Dream Woman,2024,https://www.fragrantica.com/perfume/Annayake/Mood-For-A-Dream-Woman-91268.html
12797,Annayake,Mood for Art Man,2023,https://www.parfumo.com/Perfumes/Annayake/mood-for-art-man
12798,Annayake,Mood For Art Men,2023,https://www.fragrantica.com/perfume/Annayake/Mood-For-Art-Men-84822.html
12799,Annayake,Mood for Art Woman,2023,https://www.parfumo.com/Perfumes/Annayake/mood-for-art-woman
12800,Annayake,Mood For Art Women,2023,https://www.fragrantica.com/perfume/Annayake/Mood-For-Art-Women-84821.html
12801,Annayake,Mood For Colors Man,2025,https://www.fragrantica.com/perfume/Annayake/Mood-For-Colors-Man-104632.html
12802,Annayake,Mood for Colors Woman,2025,https://www.fragrantica.com/perfume/Annayake/Mood-for-Colors-Woman-104631.html
12803,Annayake,Mood For Harmony Man,2024,https://www.fragrantica.com/perfume/Annayake/Mood-For-Harmony-Man-98532.html
12804,Annayake,Mood For Harmony Woman,2024,https://www.fragrantica.com/perfume/Annayake/Mood-For-Harmony-Woman-98533.html
12805,Annayake,Mood For Tattoo Man,2023,https://www.fragrantica.com/perfume/Annayake/Mood-For-Tattoo-Man-83173.html
12806,Annayake,Mood For Tattoo Woman,2023,https://www.fragrantica.com/perfume/Annayake/Mood-For-Tattoo-Woman-83174.html
12807,Annayake,Natsumi,2004,https://www.fragrantica.com/perfume/Annayake/Natsumi-108.html
12808,Annayake,Niji For Her,2016,https://www.fragrantica.com/perfume/Annayake/Niji-For-Her-37834.html
12809,Annayake,Niji For Him,2016,https://www.fragrantica.com/perfume/Annayake/Niji-For-Him-37836.html
12810,Annayake,Omiyage for Her,2019,https://www.parfumo.com/Perfumes/Annayake/omiyage-for-her
12811,Annayake,Omiyage for Him,2019,https://www.parfumo.com/Perfumes/Annayake/omiyage-for-him
12812,Annayake,Omiyage Her,2019,https://www.fragrantica.com/perfume/Annayake/Omiyage-Her-57760.html
12813,Annayake,Omiyage Him,2019,https://www.fragrantica.com/perfume/Annayake/Omiyage-Him-57761.html
12814,Annayake,Omizu For Her,2022,https://www.fragrantica.com/perfume/Annayake/Omizu-For-Her-76115.html
12815,Annayake,Omizu For Him,2022,https://www.fragrantica.com/perfume/Annayake/Omizu-For-Him-76114.html
12816,Annayake,Path in the Woods,2025,https://www.fragrantica.com/perfume/Annayake/Path-in-the-Woods-112987.html
12817,Annayake,Poetry in the Air,2025,https://www.fragrantica.com/perfume/Annayake/Poetry-in-the-Air-112989.html
12818,Annayake,Pour Lui Annayake / アナヤケ 2000 Après-Rasage,2000,https://www.parfumo.com/Perfumes/Annayake/Pour_Lui_Apres_Rasage
12819,Annayake,Shiroi,2014,https://www.fragrantica.com/perfume/Annayake/Shiroi-28395.html
12820,Annayake,Shoku For Her,2021,https://www.fragrantica.com/perfume/Annayake/Shoku-For-Her-66575.html
12821,Annayake,Shoku For Him,2021,https://www.fragrantica.com/perfume/Annayake/Shoku-For-Him-66576.html
12822,Annayake,Shoku Her,2021,https://www.parfumo.com/Perfumes/Annayake/shoku-her
12823,Annayake,Shoku Him,2021,https://www.parfumo.com/Perfumes/Annayake/shoku-him
12824,Annayake,Tomo とも Annayake / アナヤケ 2007 After Shave,2007,https://www.parfumo.com/Perfumes/Annayake/Tomo__After_Shave
12825,Annayake,Tomo (Eau de Toilette),2007,https://www.fragrantica.com/perfume/Annayake/Tomo-3780.html
12826,Annayake,Tomo Fresh,2012,https://www.fragrantica.com/perfume/Annayake/Tomo-Fresh-15922.html
12827,Annayake,Tomo Her,2016,https://www.fragrantica.com/perfume/Annayake/Tomo-Her-43606.html
12828,Annayake,Tomo Her Intense,2021,https://www.fragrantica.com/perfume/Annayake/Tomo-Her-Intense-99764.html
12829,Annayake,Tomo Her Lotus とも Lotus,2019,https://www.parfumo.com/Perfumes/Annayake/Tomo_Lotus__Lotus
12830,Annayake,Tomo Intense,2021,https://www.parfumo.com/Perfumes/Annayake/tomo-intense
12831,Annayake,Tomo Vetiver,2019,https://www.fragrantica.com/perfume/Annayake/Tomo-Vetiver-82636.html
12832,Annayake,Tsukimi,2003,https://www.fragrantica.com/perfume/Annayake/Tsukimi-109.html
12833,Annayake,Tsukiyo for Her,2015,https://www.fragrantica.com/perfume/Annayake/Tsukiyo-for-Her-32309.html
12834,Annayake,Tsukiyo for Him,2015,https://www.fragrantica.com/perfume/Annayake/Tsukiyo-for-Him-32310.html
12835,Annayake,Undō 運動 Annayake / アナヤケ 2006 Après-Rasage,2006,https://www.parfumo.com/Perfumes/Annayake/Und__Apres_Rasage
12836,Annayake,Undō 運動 Annayake / アナヤケ 2006 Eau de Toilette,2006,https://www.parfumo.com/Perfumes/Annayake/Und__Eau_de_Toilette
12837,Annayake,Undo pour Homme,2005,https://www.fragrantica.com/perfume/Annayake/Undo-pour-Homme-110.html
12838,Annayake,Yukimi,2004,https://www.fragrantica.com/perfume/Annayake/Yukimi-111.html
12839,Anne de Cassignac,Anne de Cassignac,,https://www.fragrantica.com/perfume/Anne-de-Cassignac/Anne-de-Cassignac-23690.html
12840,Anne de Cassignac,Elle Meme,,https://www.fragrantica.com/perfume/Anne-de-Cassignac/Elle-Meme-23691.html
12841,Anne Fontaine,La Collection Cachemire,2011,https://www.fragrantica.com/perfume/Anne-Fontaine/La-Collection-Cachemire-24747.html
12842,Anne Fontaine,La Collection Lin,2011,https://www.fragrantica.com/perfume/Anne-Fontaine/La-Collection-Lin-24749.html
12843,Anne Fontaine,La Collection Soie,2011,https://www.fragrantica.com/perfume/Anne-Fontaine/La-Collection-Soie-24748.html
12844,Anne Klein,Anne Klein,1984,https://www.fragrantica.com/perfume/Anne-Klein/Anne-Klein-9965.html
12845,Anne Klein,Anne Klein 2,1985,https://www.fragrantica.com/perfume/Anne-Klein/Anne-Klein-2-9966.html
12846,Anne Klein,Blazer,1976,https://www.fragrantica.com/perfume/Anne-Klein/Blazer-50388.html
12847,Anne Klein,Cashmere Woods,,https://www.fragrantica.com/perfume/Anne-Klein/Cashmere-Woods-84072.html
12848,Anne Klein,"Love, Anne",2021,https://www.fragrantica.com/perfume/Anne-Klein/Love-Anne-68382.html
12849,Anne Klein,Opulent Peony,,https://www.fragrantica.com/perfume/Anne-Klein/Opulent-Peony-84071.html
12850,Anne Klein,Pear Blossom,,https://www.fragrantica.com/perfume/Anne-Klein/Pear-Blossom-84069.html
12851,Anne Klein,Rose Absolute,,https://www.fragrantica.com/perfume/Anne-Klein/Rose-Absolute-84068.html
12852,Anne Klein,Timeless Musk,,https://www.fragrantica.com/perfume/Anne-Klein/Timeless-Musk-84070.html
12853,Anne-Krystel,AK47,2020,https://www.fragrantica.com/perfume/Anne-Krystel/AK47-64076.html
12854,Anne-Krystel,Anne-Krystel8,2018,https://www.fragrantica.com/perfume/Anne-Krystel/Anne-Krystel8-54407.html
12855,Anne-Krystel,KICKASS,2025,https://www.fragrantica.com/perfume/Anne-Krystel/KICKASS-103408.html
12856,Anne Möller,Anne,,https://www.fragrantica.com/perfume/Anne-Moeller/Anne-41377.html
12857,Anne Möller,Perfect Day,,https://www.fragrantica.com/perfume/Anne-Moeller/Perfect-Day-41378.html
12858,Anne Pliska,Anne Pliska,1987,https://www.fragrantica.com/perfume/Anne-Pliska/Anne-Pliska-4281.html
12859,Anne Rose Profumalchemico,Avia Pervia,2012,https://www.fragrantica.com/perfume/Anne-Rose-Profumalchemico/Avia-Pervia-74631.html
12860,Anne Rose Profumalchemico,D-O Profumalchemico All'Altissimo,2023,https://www.fragrantica.com/perfume/Anne-Rose-Profumalchemico/D-O-Profumalchemico-All-Altissimo-85385.html
12861,Anne Rose Profumalchemico,ES Kleos Ape Regina,2010,https://www.fragrantica.com/perfume/Anne-Rose-Profumalchemico/ES-Kleos-Ape-Regina-78745.html
12862,Anne Rose Profumalchemico,Fiamma,2012,https://www.fragrantica.com/perfume/Anne-Rose-Profumalchemico/Fiamma-107893.html
12863,Anne Rose Profumalchemico,Il Profumo del Crysto,2021,https://www.fragrantica.com/perfume/Anne-Rose-Profumalchemico/Il-Profumo-del-Crysto-72308.html
12864,Anne Rose Profumalchemico,La Scultura N.1 di Anna Rosa Ferrari,2024,https://www.fragrantica.com/perfume/Anne-Rose-Profumalchemico/La-Scultura-N-1-di-Anna-Rosa-Ferrari-104660.html
12865,Anne Rose Profumalchemico,Mirabile Inverno,2010,https://www.fragrantica.com/perfume/Anne-Rose-Profumalchemico/Mirabile-Inverno-76515.html
12866,Anne Rose Profumalchemico,Onirico Albatros,2012,https://www.fragrantica.com/perfume/Anne-Rose-Profumalchemico/Onirico-Albatros-94745.html
12867,Anne Rose Profumalchemico,Rosa Mater,2020,https://www.fragrantica.com/perfume/Anne-Rose-Profumalchemico/Rosa-Mater-73957.html
12868,Anne Rose Profumalchemico,Sinestesy,2008,https://www.fragrantica.com/perfume/Anne-Rose-Profumalchemico/Sinestesy-132375.html
12869,Anne Rose Profumalchemico,Verbena,2009,https://www.fragrantica.com/perfume/Anne-Rose-Profumalchemico/Verbena-95857.html
12870,Anne Rose Profumalchemico,Wafer,2009,https://www.fragrantica.com/perfume/Anne-Rose-Profumalchemico/Wafer-96126.html
12871,Annemarie Börlind,Sunset Flavour,2011,https://www.fragrantica.com/perfume/Annemarie-Boerlind/Sunset-Flavour-11780.html
12872,Annette Neuffer,Arabica,,https://www.fragrantica.com/perfume/Annette-Neuffer/Arabica-45441.html
12873,Annette Neuffer,Autumn Nocturne,2018,https://www.fragrantica.com/perfume/Annette-Neuffer/Autumn-Nocturne-76689.html
12874,Annette Neuffer,Avicenna,,https://www.fragrantica.com/perfume/Annette-Neuffer/Avicenna-45442.html
12875,Annette Neuffer,Avicenna Myrrha Mystica,,https://www.fragrantica.com/perfume/Annette-Neuffer/Avicenna-Myrrha-Mystica-45443.html
12876,Annette Neuffer,Avicenna White Rose & Oud,,https://www.fragrantica.com/perfume/Annette-Neuffer/Avicenna-White-Rose-Oud-45444.html
12877,Annette Neuffer,Blue In Green,2021,https://www.parfumo.com/Perfumes/Annette_Neuffer/blue-in-green
12878,Annette Neuffer,Chocolat Irisé,,https://www.fragrantica.com/perfume/Annette-Neuffer/Chocolat-Irise-45445.html
12879,Annette Neuffer,Chyprette,2020,https://www.parfumo.com/Perfumes/Annette_Neuffer/chyprette
12880,Annette Neuffer,Divincarnation,,https://www.fragrantica.com/perfume/Annette-Neuffer/Divincarnation-45447.html
12881,Annette Neuffer,Elixir Solaire,,https://www.fragrantica.com/perfume/Annette-Neuffer/Elixir-Solaire-45448.html
12882,Annette Neuffer,Estate,2022,https://www.parfumo.com/Perfumes/Annette_Neuffer/estate
12883,Annette Neuffer,Flor de Café,,https://www.fragrantica.com/perfume/Annette-Neuffer/Flor-de-Cafe-45449.html
12884,Annette Neuffer,Fumoir des Anges,2022,https://www.parfumo.com/Perfumes/Annette_Neuffer/fumoir-des-anges
12885,Annette Neuffer,Havana Plum,,https://www.fragrantica.com/perfume/Annette-Neuffer/Havana-Plum-82114.html
12886,Annette Neuffer,Hepster,,https://www.fragrantica.com/perfume/Annette-Neuffer/Hepster-45450.html
12887,Annette Neuffer,Honeysuckle Rose,,https://www.fragrantica.com/perfume/Annette-Neuffer/Honeysuckle-Rose-45451.html
12888,Annette Neuffer,L-O-V-E,2022,https://www.parfumo.com/Perfumes/Annette_Neuffer/l-o-v-e
12889,Annette Neuffer,Make Someone Happy,2018,https://www.parfumo.com/Perfumes/Annette_Neuffer/Make_Someone_Happy
12890,Annette Neuffer,Maroquin,,https://www.fragrantica.com/perfume/Annette-Neuffer/Maroquin-45452.html
12891,Annette Neuffer,Mellis,,https://www.fragrantica.com/perfume/Annette-Neuffer/Mellis-45453.html
12892,Annette Neuffer,Narcissus Orientalis,2018,https://www.fragrantica.com/perfume/Annette-Neuffer/Narcissus-Orientalis-75050.html
12893,Annette Neuffer,Narcissus Poeticus,,https://www.fragrantica.com/perfume/Annette-Neuffer/Narcissus-Poeticus-45454.html
12894,Annette Neuffer,Per Fumum: A Sanctified Rose,,https://www.fragrantica.com/perfume/Annette-Neuffer/Per-Fumum-A-Sanctified-Rose-45458.html
12895,Annette Neuffer,Per Fumum: Ambar,2018,https://www.fragrantica.com/perfume/Annette-Neuffer/Per-Fumum-Ambar-74768.html
12896,Annette Neuffer,Per Fumum: Ambra Luminosa,,https://www.fragrantica.com/perfume/Annette-Neuffer/Per-Fumum-Ambra-Luminosa-45455.html
12897,Annette Neuffer,Rosa Alba,,https://www.fragrantica.com/perfume/Annette-Neuffer/Rosa-Alba-45462.html
12898,Annette Neuffer,Sonnet 18,,https://www.fragrantica.com/perfume/Annette-Neuffer/Sonnet-18-45468.html
12899,Annette Neuffer,Stardust,,https://www.fragrantica.com/perfume/Annette-Neuffer/Stardust-45469.html
12900,Annette Neuffer,Tabac Santal,,https://www.fragrantica.com/perfume/Annette-Neuffer/Tabac-Santal-45470.html
12901,Annie Oakley,Annie,1980,https://www.fragrantica.com/perfume/Annie-Oakley/Annie-23350.html
12902,Annika Sorenstam,Annika,2009,https://www.fragrantica.com/perfume/Annika-Sorenstam/Annika-6430.html
12903,Annindriya,Le Glossy Escape,2025,https://www.fragrantica.com/perfume/Annindriya/Le-Glossy-Escape-122016.html
12904,Annindriya,Orris Soyeux,2024,https://www.fragrantica.com/perfume/Annindriya/Orris-Soyeux-92436.html
12905,Annindriya,Seekwood,2024,https://www.fragrantica.com/perfume/Annindriya/Seekwood-92437.html
12906,Annindriya,Tipsy Tuberose,2024,https://www.fragrantica.com/perfume/Annindriya/Tipsy-Tuberose-92438.html
12907,Annindriya,Vetiver Rain,2024,https://www.fragrantica.com/perfume/Annindriya/Vetiver-Rain-92439.html
12908,Annindriya,Walk With Me,2024,https://www.fragrantica.com/perfume/Annindriya/Walk-With-Me-92440.html
12909,ANNO 1555,GESCHEIN,2020,https://www.fragrantica.com/perfume/ANNO-1555/GESCHEIN-63805.html
12910,Anomalia Paris,Abed,2022,https://www.fragrantica.com/perfume/Anomalia-Paris/Abed-77618.html
12911,Anomalia Paris,Aquatic Ozonic,2022,https://www.fragrantica.com/perfume/Anomalia-Paris/Aquatic-Ozonic-77617.html
12912,Anomalia Paris,Balle d’Argent,2025,https://www.fragrantica.com/perfume/Anomalia-Paris/Balle-d-Argent-111300.html
12913,Anomalia Paris,Cérémonie,2022,https://www.fragrantica.com/perfume/Anomalia-Paris/Ceremonie-77613.html
12914,Anomalia Paris,Club 70,2025,https://www.fragrantica.com/perfume/Anomalia-Paris/Club-70-107323.html
12915,Anomalia Paris,Entre-Acte,2022,https://www.fragrantica.com/perfume/Anomalia-Paris/Entre-Acte-77614.html
12916,Anomalia Paris,Jardin Humanistes,2022,https://www.fragrantica.com/perfume/Anomalia-Paris/Jardin-Humanistes-77615.html
12917,Anomalia Paris,Karmacoma,2026,https://www.fragrantica.com/perfume/Anomalia-Paris/Karmacoma-126544.html
12918,Anomalia Paris,Narcotic Bohemic,2022,https://www.fragrantica.com/perfume/Anomalia-Paris/Narcotic-Bohemic-77616.html
12919,Anomalia Paris,Rock Rose,2022,https://www.fragrantica.com/perfume/Anomalia-Paris/Rock-Rose-77612.html
12920,Anomalia Paris,Sabrage,2024,https://www.fragrantica.com/perfume/Anomalia-Paris/Sabrage-90478.html
12921,Anomalia Paris,Sahara 4800,2024,https://www.fragrantica.com/perfume/Anomalia-Paris/Sahara-4800-94590.html
12922,Anomalia Paris,Samūm,2025,https://www.fragrantica.com/perfume/Anomalia-Paris/Samum-116613.html
12923,Anomalia Paris,Shaman,2023,https://www.fragrantica.com/perfume/Anomalia-Paris/Shaman-90116.html
12924,Anomalia Paris,Umbra Oud,2025,https://www.fragrantica.com/perfume/Anomalia-Paris/Umbra-Oud-107451.html
12925,Anomalous Parfum,Belly of the Whale,2024,https://www.fragrantica.com/perfume/Anomalous-Parfum/Belly-of-the-Whale-105137.html
12926,Anomalous Parfum,Blood of River Nile,2024,https://www.fragrantica.com/perfume/Anomalous-Parfum/Blood-of-River-Nile-105139.html
12927,Anomalous Parfum,Devils Deceit II,2026,https://www.fragrantica.com/perfume/Anomalous-Parfum/Devils-Deceit-II-133577.html
12928,Anomalous Parfum,The Red Wedding,2024,https://www.fragrantica.com/perfume/Anomalous-Parfum/The-Red-Wedding-105140.html
12929,Anonim,Black Ambergris,2020,https://www.fragrantica.com/perfume/Anonim/Black-Ambergris-59636.html
12930,Anonim,Golden Ambergris,2020,https://www.fragrantica.com/perfume/Anonim/Golden-Ambergris-59639.html
12931,Anonim,Silver Ambergris,2020,https://www.fragrantica.com/perfume/Anonim/Silver-Ambergris-59638.html
12932,Anood Scents,Deep Dive 1,2025,https://www.fragrantica.com/perfume/Anood-Scents/Deep-Dive-1-119973.html
12933,Anood Scents,Sunny 7,2025,https://www.fragrantica.com/perfume/Anood-Scents/Sunny-7-119974.html
12934,Anood Scents,Thorny 6,2025,https://www.fragrantica.com/perfume/Anood-Scents/Thorny-6-119975.html
12935,Another Place,Ride,2021,https://www.fragrantica.com/perfume/Another-Place/Ride-80960.html
12936,Antagonist,The Jester,,https://www.fragrantica.com/perfume/Antagonist/The-Jester-140373.html
12937,Antagonist,The Lover,2025,https://www.fragrantica.com/perfume/Antagonist/The-Lover-119972.html
12938,Antagonist,The Stranger,2025,https://www.fragrantica.com/perfume/Antagonist/The-Stranger-119976.html
12939,Antagonist,The Void,2025,https://www.fragrantica.com/perfume/Antagonist/The-Void-119978.html
12940,Anthèse,Blooming Woods,2024,https://www.fragrantica.com/perfume/Anthese/Blooming-Woods-102132.html
12941,Anthèse,Rock The Pomelo,2024,https://www.fragrantica.com/perfume/Anthese/Rock-The-Pomelo-102134.html
12942,Anthèse,Symphony of Roses,2024,https://www.fragrantica.com/perfume/Anthese/Symphony-of-Roses-102133.html
12943,Anthologie,Bois.de.Zanzibar,2025,https://www.fragrantica.com/perfume/Anthologie/Bois-de-Zanzibar-103031.html
12944,Anthologie,C’est.Mutine,2023,https://www.fragrantica.com/perfume/Anthologie/C-est-Mutine-80497.html
12945,Anthologie,C’est.Rebelle,2023,https://www.fragrantica.com/perfume/Anthologie/C-est-Rebelle-80499.html
12946,Anthologie,Ce N'est Pas Un Patchouly,2022,https://www.fragrantica.com/perfume/Anthologie/Ce-N-est-Pas-Un-Patchouly-74769.html
12947,Anthologie,Écoute-Moi,2026,https://www.fragrantica.com/perfume/Anthologie/Ecoute-Moi-134453.html
12948,Anthologie,Harmonie Pastorale,2020,https://www.fragrantica.com/perfume/Anthologie/Harmonie-Pastorale-62310.html
12949,Anthologie,Par Amour Pour Elle,2019,https://www.fragrantica.com/perfume/Anthologie/Par-Amour-Pour-Elle-54861.html
12950,Anthologie,Par Amour Pour Lui,2019,https://www.fragrantica.com/perfume/Anthologie/Par-Amour-Pour-Lui-54860.html
12951,Anthologie,Rose Abricot,2025,https://www.fragrantica.com/perfume/Anthologie/Rose-Abricot-103028.html
12952,Anthologie,Sakura Imperial,2020,https://www.fragrantica.com/perfume/Anthologie/Sakura-Imperial-62309.html
12953,Anthologie,Seringa Blanc,2019,https://www.fragrantica.com/perfume/Anthologie/Seringa-Blanc-54862.html
12954,Anthology,Blue Mood,2023,https://www.fragrantica.com/perfume/Anthology/Blue-Mood-88539.html
12955,Anthology,Dazzling Amber,2023,https://www.fragrantica.com/perfume/Anthology/Dazzling-Amber-88542.html
12956,Anthology,Elegant Vetyver,2023,https://www.fragrantica.com/perfume/Anthology/Elegant-Vetyver-88543.html
12957,Anthology,Exotic Woods,2023,https://www.fragrantica.com/perfume/Anthology/Exotic-Woods-88540.html
12958,Anthology,Fruity Dream,2023,https://www.fragrantica.com/perfume/Anthology/Fruity-Dream-88535.html
12959,Anthology,Gold Apple,2023,https://www.fragrantica.com/perfume/Anthology/Gold-Apple-88536.html
12960,Anthology,Je T'Aime,2023,https://www.fragrantica.com/perfume/Anthology/Je-T-Aime-88531.html
12961,Anthology,Juicy Leather,2023,https://www.fragrantica.com/perfume/Anthology/Juicy-Leather-88544.html
12962,Anthology,L'Homme,2023,https://www.fragrantica.com/perfume/Anthology/L-Homme-88538.html
12963,Anthology,Lady First,2023,https://www.fragrantica.com/perfume/Anthology/Lady-First-88532.html
12964,Anthology,Noble Wood,2023,https://www.fragrantica.com/perfume/Anthology/Noble-Wood-88537.html
12965,Anthology,Oranger Riviera,2023,https://www.fragrantica.com/perfume/Anthology/Oranger-Riviera-88533.html
12966,Anthology,Purple Crystal,2023,https://www.fragrantica.com/perfume/Anthology/Purple-Crystal-88541.html
12967,Anthology,Sweet Coffee,2023,https://www.fragrantica.com/perfume/Anthology/Sweet-Coffee-88530.html
12968,Anthology,Vida Loca,2023,https://www.fragrantica.com/perfume/Anthology/Vida-Loca-88534.html
12969,Anthony,Anthony 1,,https://www.fragrantica.com/perfume/Anthony/Anthony-1-119896.html
12970,Anthony,Anthony Black,,https://www.fragrantica.com/perfume/Anthony/Anthony-Black-119898.html
12971,Anthony,Anthony Silver,,https://www.fragrantica.com/perfume/Anthony/Anthony-Silver-119897.html
12972,Anthony Embry,Coeur De Glace,,https://www.fragrantica.com/perfume/Anthony-Embry/Coeur-De-Glace-9149.html
12973,Anthony Hopkins,AH Eau de Parfum,2020,https://www.fragrantica.com/perfume/Anthony-Hopkins/AH-Eau-de-Parfum-63596.html
12974,Anthony Logistics,Courage,2005,https://www.fragrantica.com/perfume/Anthony-Logistics/Courage-21736.html
12975,Anthony Logistics,Energy,2005,https://www.fragrantica.com/perfume/Anthony-Logistics/Energy-21737.html
12976,Anthony Logistics,Spirit,2005,https://www.fragrantica.com/perfume/Anthony-Logistics/Spirit-21738.html
12977,Anthony Logistics,Strength,2005,https://www.fragrantica.com/perfume/Anthony-Logistics/Strength-21739.html
12978,Anthousa,Citrus Sorbet,2000,https://www.fragrantica.com/perfume/Anthousa/Citrus-Sorbet-9013.html
12979,Anthousa,Fig & Vetiver,,https://www.fragrantica.com/perfume/Anthousa/Fig-Vetiver-9015.html
12980,Anthousa,White Tuberose,2000,https://www.fragrantica.com/perfume/Anthousa/White-Tuberose-9014.html
12981,Anthropologie,A Rather Novel Collection 1856 Darjeeling by Adriana Medina,2009,https://www.fragrantica.com/perfume/Anthropologie/A-Rather-Novel-Collection-1856-Darjeeling-by-Adriana-Medina-12833.html
12982,Anthropologie,A Rather Novel Collection 5 O'Clock At Belvoir Castle by Stephen Nilsen,2009,https://www.fragrantica.com/perfume/Anthropologie/A-Rather-Novel-Collection-5-O-Clock-At-Belvoir-Castle-by-Stephen-Nilsen-12835.html
12983,Anthropologie,A Rather Novel Collection Cape Of Good Hope by Claude Dir,2009,https://www.fragrantica.com/perfume/Anthropologie/A-Rather-Novel-Collection-Cape-Of-Good-Hope-by-Claude-Dir-12834.html
12984,Anthropologie,A Rather Novel Collection Hamarikyu Gardens by Marypierre,2009,https://www.fragrantica.com/perfume/Anthropologie/A-Rather-Novel-Collection-Hamarikyu-Gardens-by-Marypierre-12832.html
12985,Anthropologie,A Rather Novel Collection Silk Road Caravan by Stephen Nilsen,2009,https://www.fragrantica.com/perfume/Anthropologie/A-Rather-Novel-Collection-Silk-Road-Caravan-by-Stephen-Nilsen-12836.html
12986,Anthropologie,A Rather Novel Collection Taverns & The Hague by Caroline Sabas,2009,https://www.fragrantica.com/perfume/Anthropologie/A-Rather-Novel-Collection-Taverns-The-Hague-by-Caroline-Sabas-12837.html
12987,Anthropologie,Barely There,2024,https://www.fragrantica.com/perfume/Anthropologie/Barely-There-115792.html
12988,Anthropologie,Beach Trip,2022,https://www.fragrantica.com/perfume/Anthropologie/Beach-Trip-136590.html
12989,Anthropologie,Beau Santal,2025,https://www.fragrantica.com/perfume/Anthropologie/Beau-Santal-115794.html
12990,Anthropologie,Citrine,2013,https://www.fragrantica.com/perfume/Anthropologie/Citrine-20854.html
12991,Anthropologie,Côte Vanille,2024,https://www.fragrantica.com/perfume/Anthropologie/Cote-Vanille-115790.html
12992,Anthropologie,Flora,,https://www.fragrantica.com/perfume/Anthropologie/Flora-138007.html
12993,Anthropologie,Golden Hour,2022,https://www.fragrantica.com/perfume/Anthropologie/Golden-Hour-136589.html
12994,Anthropologie,I Do,2022,https://www.fragrantica.com/perfume/Anthropologie/I-Do-136588.html
12995,Anthropologie,L.A. She called but he was unreachable,2015,https://www.fragrantica.com/perfume/Anthropologie/L-A-She-called-but-he-was-unreachable-31605.html
12996,Anthropologie,Lilas,2013,https://www.fragrantica.com/perfume/Anthropologie/Lilas-20855.html
12997,Anthropologie,LONDON. She knew he was for-ever,2015,https://www.fragrantica.com/perfume/Anthropologie/LONDON-She-knew-he-was-for-ever-31604.html
12998,Anthropologie,Lustre,2025,https://www.fragrantica.com/perfume/Anthropologie/Lustre-115787.html
12999,Anthropologie,Mama,2024,https://www.fragrantica.com/perfume/Anthropologie/Mama-136587.html
13000,Anthropologie,Moulinette Soeurs Adelie,2009,https://www.fragrantica.com/perfume/Anthropologie/Moulinette-Soeurs-Adelie-12841.html13001,Anthropologie,Moulinette Soeurs Arabelle,2009,https://www.fragrantica.com/perfume/Anthropologie/Moulinette-Soeurs-Arabelle-12840.html
13002,Anthropologie,Odette,2010,https://www.fragrantica.com/perfume/Anthropologie/Odette-12842.html
13003,Anthropologie,Oiseau Darling Blue,2006,https://www.fragrantica.com/perfume/Anthropologie/Oiseau-Darling-Blue-12850.html
13004,Anthropologie,Oiseau Flaming June,2006,https://www.fragrantica.com/perfume/Anthropologie/Oiseau-Flaming-June-12849.html
13005,Anthropologie,Oiseau The Charmer,2006,https://www.fragrantica.com/perfume/Anthropologie/Oiseau-The-Charmer-12848.html
13006,Anthropologie,Oiseau Woman In Yellow,2006,https://www.fragrantica.com/perfume/Anthropologie/Oiseau-Woman-In-Yellow-12851.html
13007,Anthropologie,Paeony,2013,https://www.fragrantica.com/perfume/Anthropologie/Paeony-20856.html
13008,Anthropologie,PARIS: She met him in secret,2015,https://www.fragrantica.com/perfume/Anthropologie/PARIS-She-met-him-in-secret-31603.html
13009,Anthropologie,Pharmacia Blush D'Orchidee,2020,https://www.fragrantica.com/perfume/Anthropologie/Pharmacia-Blush-D-Orchidee-68597.html
13010,Anthropologie,Pharmacia Fleur d'Oranger,2016,https://www.fragrantica.com/perfume/Anthropologie/Pharmacia-Fleur-d-Oranger-68599.html
13011,Anthropologie,Pharmacia Miel Ambré,2016,https://www.fragrantica.com/perfume/Anthropologie/Pharmacia-Miel-Ambre-68601.html
13012,Anthropologie,Pharmacia Pivione Rose,2016,https://www.fragrantica.com/perfume/Anthropologie/Pharmacia-Pivione-Rose-68600.html
13013,Anthropologie,Pharmacia Vanilla Doré,2020,https://www.fragrantica.com/perfume/Anthropologie/Pharmacia-Vanilla-Dore-68598.html
13014,Anthropologie,Pilcro,2024,https://www.fragrantica.com/perfume/Anthropologie/Pilcro-115791.html
13015,Anthropologie,Road Trip,2022,https://www.fragrantica.com/perfume/Anthropologie/Road-Trip-136591.html
13016,Anthropologie,Rose Épicée,2025,https://www.fragrantica.com/perfume/Anthropologie/Rose-Epicee-115795.html
13017,Anthropologie,Slow Dance,2022,https://www.fragrantica.com/perfume/Anthropologie/Slow-Dance-136592.html
13018,Anthropologie,Soleil,2022,https://www.fragrantica.com/perfume/Anthropologie/Soleil-136593.html
13019,Anthropologie,Verte,2013,https://www.fragrantica.com/perfume/Anthropologie/Verte-20857.html
13020,Anti,Antinoüs,2025,https://www.fragrantica.com/perfume/Anti/Antinoues-113891.html
13021,Anti,Bast,2025,https://www.fragrantica.com/perfume/Anti/Bast-113888.html
13022,Anti,Dukes Carpet,2025,https://www.fragrantica.com/perfume/Anti/Dukes-Carpet-113894.html
13023,Anti,Kleopatra,2026,https://www.fragrantica.com/perfume/Anti/Kleopatra-135488.html
13024,Anti,Le Jardinier,2025,https://www.fragrantica.com/perfume/Anti/Le-Jardinier-113893.html
13025,Anti,Nashi Toro,2025,https://www.fragrantica.com/perfume/Anti/Nashi-Toro-113890.html
13026,Anti,Paura dell'Acqua,2025,https://www.fragrantica.com/perfume/Anti/Paura-dell-Acqua-113892.html
13027,Anti,Rosa Antiqua,2025,https://www.fragrantica.com/perfume/Anti/Rosa-Antiqua-113889.html
13028,Antica Barbieria Colla,1 Colonia No 1,2015,https://www.fragrantica.com/perfume/Antica-Barbieria-Colla/1-Colonia-No-1-41123.html
13029,Antica Barbieria Colla,2 Colonia No 9,2015,https://www.fragrantica.com/perfume/Antica-Barbieria-Colla/2-Colonia-No-9-41124.html
13030,Antica Barbieria Colla,3 Colonia No 0,2015,https://www.fragrantica.com/perfume/Antica-Barbieria-Colla/3-Colonia-No-0-41135.html
13031,Antica Barbieria Colla,4 Colonia No 4,2015,https://www.fragrantica.com/perfume/Antica-Barbieria-Colla/4-Colonia-No-4-41136.html
13032,Antica Erboristeria e Spezieria San Simone,Jasmine,,https://www.fragrantica.com/perfume/Antica-Erboristeria-e-Spezieria-San-Simone/Jasmine-101743.html
13033,Antica Erboristeria e Spezieria San Simone,Legni d'Africa,,https://www.fragrantica.com/perfume/Antica-Erboristeria-e-Spezieria-San-Simone/Legni-d-Africa-101742.html
13034,Antica Erboristeria e Spezieria San Simone,Seta,,https://www.fragrantica.com/perfume/Antica-Erboristeria-e-Spezieria-San-Simone/Seta-101741.html
13035,Antica Erboristeria e Spezieria San Simone,Via Dei Bastioni,,https://www.fragrantica.com/perfume/Antica-Erboristeria-e-Spezieria-San-Simone/Via-Dei-Bastioni-44710.html
13036,Antica Erboristeria e Spezieria San Simone,Via Dei Calzaiuoli,,https://www.fragrantica.com/perfume/Antica-Erboristeria-e-Spezieria-San-Simone/Via-Dei-Calzaiuoli-44709.html
13037,Antica Erboristeria e Spezieria San Simone,Via Dei Tornabuoni,,https://www.fragrantica.com/perfume/Antica-Erboristeria-e-Spezieria-San-Simone/Via-Dei-Tornabuoni-44708.html
13038,Antica Erboristeria e Spezieria San Simone,Via Della Ninna,,https://www.fragrantica.com/perfume/Antica-Erboristeria-e-Spezieria-San-Simone/Via-Della-Ninna-44713.html
13039,Antica Erboristeria e Spezieria San Simone,Via Della Vigna,,https://www.fragrantica.com/perfume/Antica-Erboristeria-e-Spezieria-San-Simone/Via-Della-Vigna-44707.html
13040,Antica Erboristeria e Spezieria San Simone,Via Maggio,,https://www.fragrantica.com/perfume/Antica-Erboristeria-e-Spezieria-San-Simone/Via-Maggio-44714.html
13041,Antica Erboristeria e Spezieria San Simone,Via Pian Dei Giullari,,https://www.fragrantica.com/perfume/Antica-Erboristeria-e-Spezieria-San-Simone/Via-Pian-Dei-Giullari-44711.html
13042,Antica Erboristeria e Spezieria San Simone,Via Torta,,https://www.fragrantica.com/perfume/Antica-Erboristeria-e-Spezieria-San-Simone/Via-Torta-44712.html
13043,Antica Erboristeria e Spezieria San Simone,Violetta,,https://www.fragrantica.com/perfume/Antica-Erboristeria-e-Spezieria-San-Simone/Violetta-101739.html
13044,Antica Farmacia dei Monaci Camaldolesi,Incensum,,https://www.fragrantica.com/perfume/Antica-Farmacia-dei-Monaci-Camaldolesi/Incensum-137021.html
13045,Antica Farmacista,Ala Moana,,https://www.fragrantica.com/perfume/Antica-Farmacista/Ala-Moana-20456.html
13046,Antica Farmacista,Fico Verde,2008,https://www.fragrantica.com/perfume/Antica-Farmacista/Fico-Verde-5171.html
13047,Antica Farmacista,Grapefruit,,https://www.fragrantica.com/perfume/Antica-Farmacista/Grapefruit-7244.html
13048,Antica Farmacista,Green Fig,,https://www.fragrantica.com/perfume/Antica-Farmacista/Green-Fig-20457.html
13049,Antica Farmacista,Lustrous Fire,2008,https://www.fragrantica.com/perfume/Antica-Farmacista/Lustrous-Fire-5172.html
13050,Antica Farmacista,"Magnolia, Orchid & Mimosa",,https://www.fragrantica.com/perfume/Antica-Farmacista/Magnolia-Orchid-Mimosa-7248.html
13051,Antica Farmacista,"Orange Blossom, Lilac & Jasmine",,https://www.fragrantica.com/perfume/Antica-Farmacista/Orange-Blossom-Lilac-Jasmine-7243.html
13052,Antica Farmacista,Prosecco,2010,https://www.fragrantica.com/perfume/Antica-Farmacista/Prosecco-45212.html
13053,Antica Farmacista,"Tuberose, Hyacinth & Lily of the Valley",,https://www.fragrantica.com/perfume/Antica-Farmacista/Tuberose-Hyacinth-Lily-of-the-Valley-7246.html
13054,Antica Farmacista,"Vanilla, Bourbon & Mandarin",,https://www.fragrantica.com/perfume/Antica-Farmacista/Vanilla-Bourbon-Mandarin-20458.html
13055,Antica Spezieria Erboristeria San Simone,Agrumi,2007,https://www.parfumo.com/Perfumes/Antica_Spezieria_Erboristeria_San_Simone/Agrumi
13056,Antica Spezieria Erboristeria San Simone,Cuoio Antico,2006,https://www.parfumo.com/Perfumes/Antica_Spezieria_Erboristeria_San_Simone/Cuoio_Antico
13057,Antica Spezieria Erboristeria San Simone,Gelsomino,,https://www.parfumo.com/Perfumes/Antica_Spezieria_Erboristeria_San_Simone/Gelsomino
13058,Antica Spezieria Erboristeria San Simone,Lo Speziale,2008,https://www.parfumo.com/Perfumes/Antica_Spezieria_Erboristeria_San_Simone/Lo_Speziale
13059,Antica Spezieria Erboristeria San Simone,Maestral,2002,https://www.parfumo.com/Perfumes/Antica_Spezieria_Erboristeria_San_Simone/Maestral
13060,Antica Spezieria Erboristeria San Simone,Melograno,2015,https://www.parfumo.com/Perfumes/Antica_Spezieria_Erboristeria_San_Simone/Melograno
13061,Antica Spezieria Erboristeria San Simone,Muschio,2010,https://www.parfumo.com/Perfumes/Antica_Spezieria_Erboristeria_San_Simone/Muschio
13062,Antiga Barbearia de Bairro,Chiado,2017,https://www.fragrantica.com/perfume/Antiga-Barbearia-de-Bairro/Chiado-46880.html
13063,Antiga Barbearia de Bairro,Principe Real,2014,https://www.fragrantica.com/perfume/Antiga-Barbearia-de-Bairro/Principe-Real-23874.html
13064,Antiga Barbearia de Bairro,Ribeira Porto,2000,https://www.fragrantica.com/perfume/Antiga-Barbearia-de-Bairro/Ribeira-Porto-23873.html
13065,Antinomie,Alchimie Céleste,2024,https://www.fragrantica.com/perfume/Antinomie/Alchimie-Celeste-91122.html
13066,Antinomie,Ambre Insomniaque,2022,https://www.fragrantica.com/perfume/Antinomie/Ambre-Insomniaque-75108.html
13067,Antinomie,Bois Blanc Pudique,2022,https://www.fragrantica.com/perfume/Antinomie/Bois-Blanc-Pudique-75105.html
13068,Antinomie,Courtoisie Féroce,2024,https://www.fragrantica.com/perfume/Antinomie/Courtoisie-Feroce-91106.html
13069,Antinomie,Danse Passive,2022,https://www.fragrantica.com/perfume/Antinomie/Danse-Passive-75115.html
13070,Antinomie,Fièvre Idyllique,2024,https://www.fragrantica.com/perfume/Antinomie/Fievre-Idyllique-91118.html
13071,Antinomie,Flirt Infini,2022,https://www.fragrantica.com/perfume/Antinomie/Flirt-Infini-75111.html
13072,Antinomie,Hiver Caniculaire,2022,https://www.fragrantica.com/perfume/Antinomie/Hiver-Caniculaire-75112.html
13073,Antinomie,Majesté Brute,2024,https://www.fragrantica.com/perfume/Antinomie/Majeste-Brute-91105.html
13074,Antinomie,Musc Infidèle,2022,https://www.fragrantica.com/perfume/Antinomie/Musc-Infidele-75106.html
13075,Antinomie,Néroli Poète,2022,https://www.fragrantica.com/perfume/Antinomie/Neroli-Poete-75109.html
13076,Antinomie,Précieuse Folie,2022,https://www.fragrantica.com/perfume/Antinomie/Precieuse-Folie-75114.html
13077,Antinomie,Révolte Délicate,2024,https://www.fragrantica.com/perfume/Antinomie/Revolte-Delicate-91125.html
13078,Antinomie,Rose Sage,2022,https://www.fragrantica.com/perfume/Antinomie/Rose-Sage-75107.html
13079,Antinomie,Silence Eloquent,2022,https://www.fragrantica.com/perfume/Antinomie/Silence-Eloquent-75113.html
13080,Antinomie,Soleil Mouillé,2025,https://www.fragrantica.com/perfume/Antinomie/Soleil-Mouille-103965.html
13081,Antiqua Firenze,20-20,2022,https://www.fragrantica.com/perfume/Antiqua-Firenze/20-20-73529.html
13082,Antiqua Firenze,Amore & Psiche,2024,https://www.fragrantica.com/perfume/Antiqua-Firenze/Amore-Psiche-91563.html
13083,Antiqua Firenze,Antiqua,2017,https://www.fragrantica.com/perfume/Antiqua-Firenze/Antiqua-47613.html
13084,Antiqua Firenze,Black Saffron,2023,https://www.fragrantica.com/perfume/Antiqua-Firenze/Black-Saffron-80601.html
13085,Antiqua Firenze,Corami,2024,https://www.fragrantica.com/perfume/Antiqua-Firenze/Corami-95548.html
13086,Antiqua Firenze,Dea Sutra,2017,https://www.fragrantica.com/perfume/Antiqua-Firenze/Dea-Sutra-47612.html
13087,Antiqua Firenze,Emozioni,2019,https://www.fragrantica.com/perfume/Antiqua-Firenze/Emozioni-57330.html
13088,Antiqua Firenze,Fico Fiorentino,2017,https://www.fragrantica.com/perfume/Antiqua-Firenze/Fico-Fiorentino-47618.html
13089,Antiqua Firenze,Miss Tuberosa,2017,https://www.fragrantica.com/perfume/Antiqua-Firenze/Miss-Tuberosa-47615.html
13090,Antiqua Firenze,Notturno Di Rosa,2017,https://www.fragrantica.com/perfume/Antiqua-Firenze/Notturno-Di-Rosa-47616.html
13091,Antiqua Firenze,Oasi Di Agrumi,2017,https://www.fragrantica.com/perfume/Antiqua-Firenze/Oasi-Di-Agrumi-47611.html
13092,Antiqua Firenze,Opulent Vanilla,2023,https://www.fragrantica.com/perfume/Antiqua-Firenze/Opulent-Vanilla-80600.html
13093,Antiqua Firenze,Presente & Futuro,2017,https://www.fragrantica.com/perfume/Antiqua-Firenze/Presente-Futuro-47617.html
13094,Antiqua Firenze,Secrets Of Tuscany,2025,https://www.fragrantica.com/perfume/Antiqua-Firenze/Secrets-Of-Tuscany-115199.html
13095,Antiqua Firenze,Sogno A Firenze,2017,https://www.fragrantica.com/perfume/Antiqua-Firenze/Sogno-A-Firenze-47614.html
13096,Antiqua Firenze,Sparkling Soul,2023,https://www.fragrantica.com/perfume/Antiqua-Firenze/Sparkling-Soul-80602.html
13097,Antiqua Firenze,Stella Di Mare,2017,https://www.fragrantica.com/perfume/Antiqua-Firenze/Stella-Di-Mare-47619.html
13098,Antiqua Firenze,Voluttà,2024,https://www.fragrantica.com/perfume/Antiqua-Firenze/Volutta-91565.html
13099,Antique Niche,Eydis,2026,https://www.fragrantica.com/perfume/Antique-Niche/Eydis-138652.html
13100,Antique Niche,Grace,2026,https://www.fragrantica.com/perfume/Antique-Niche/Grace-138654.html
13101,Antique Niche,Sibyl,2026,https://www.fragrantica.com/perfume/Antique-Niche/Sibyl-138653.html
13102,Antique Niche,Viola,2026,https://www.fragrantica.com/perfume/Antique-Niche/Viola-138655.html
13103,Antoine & Lili,Holy Champa,2006,https://www.fragrantica.com/perfume/Antoine-Lili/Holy-Champa-7917.html
13104,Antoinette Poisson,Bien Aimée,,https://www.fragrantica.com/perfume/Antoinette-Poisson/Bien-Aimee-99110.html
13105,Antoinette Poisson,Joli Bois,,https://www.fragrantica.com/perfume/Antoinette-Poisson/Joli-Bois-99109.html
13106,Antoinette Poisson,Tison,,https://www.fragrantica.com/perfume/Antoinette-Poisson/Tison-99111.html
13107,Antonia Fontenelle,Origem,2021,https://www.fragrantica.com/perfume/Antonia-Fontenelle/Origem-71836.html
13108,Antonia's Flowers,Antonia's Flowers,1985,https://www.fragrantica.com/perfume/Antonia-s-Flowers/Antonia-s-Flowers-8103.html
13109,Antonia's Flowers,Asoluto,,https://www.fragrantica.com/perfume/Antonia-s-Flowers/Asoluto-17852.html
13110,Antonia's Flowers,Floret,1995,https://www.fragrantica.com/perfume/Antonia-s-Flowers/Floret-8104.html
13111,Antonia's Flowers,Rokka,2013,https://www.fragrantica.com/perfume/Antonia-s-Flowers/Rokka-20630.html
13112,Antonia's Flowers,Sogni del Mare,,https://www.fragrantica.com/perfume/Antonia-s-Flowers/Sogni-del-Mare-8102.html
13113,Antonia's Flowers,Tiempe Passate,1999,https://www.fragrantica.com/perfume/Antonia-s-Flowers/Tiempe-Passate-8105.html
13114,Antonija Šola,Ocean No1,2019,https://www.fragrantica.com/perfume/Antonija-Sola/Ocean-No1-55848.html
13115,Antonio Alessandria,Amado Mio,2023,https://www.fragrantica.com/perfume/Antonio-Alessandria/Amado-Mio-81286.html
13116,Antonio Alessandria,Dies Aurorae,2019,https://www.fragrantica.com/perfume/Antonio-Alessandria/Dies-Aurorae-56844.html
13117,Antonio Alessandria,Éperdument,2016,https://www.fragrantica.com/perfume/Antonio-Alessandria/Eperdument-40439.html
13118,Antonio Alessandria,Fara,2018,https://www.fragrantica.com/perfume/Antonio-Alessandria/Fara-49640.html
13119,Antonio Alessandria,Fleurs et Flammes,2015,https://www.fragrantica.com/perfume/Antonio-Alessandria/Fleurs-et-Flammes-32403.html
13120,Antonio Alessandria,Gattopardo,2017,https://www.fragrantica.com/perfume/Antonio-Alessandria/Gattopardo-46303.html
13121,Antonio Alessandria,Nacre Blanche,2014,https://www.fragrantica.com/perfume/Antonio-Alessandria/Nacre-Blanche-24611.html
13122,Antonio Alessandria,Noir Obscur,2014,https://www.fragrantica.com/perfume/Antonio-Alessandria/Noir-Obscur-24706.html
13123,Antonio Alessandria,Nuit Rouge,2014,https://www.fragrantica.com/perfume/Antonio-Alessandria/Nuit-Rouge-24705.html
13124,Antonio Alessandria,Pluvia Sacra,2025,https://www.fragrantica.com/perfume/Antonio-Alessandria/Pluvia-Sacra-103839.html
13125,Antonio Alessandria,Rusty Vibes,2020,https://www.fragrantica.com/perfume/Antonio-Alessandria/Rusty-Vibes-61742.html
13126,Antonio Banderas,Antonio,,https://www.fragrantica.com/perfume/Antonio-Banderas/Antonio-1087.html
13127,Antonio Banderas,Antonio Banderas 2006 After Shave,2006,https://www.parfumo.com/Perfumes/Banderas/Antonio_After_Shave
13128,Antonio Banderas,Antonio Banderas 2006 Eau de Toilette,2006,https://www.parfumo.com/Perfumes/Banderas/Antonio_Eau_de_Toilette
13129,Antonio Banderas,Black Seduction For Men,,https://huggingface.co/datasets/doevent/perfume
13130,Antonio Banderas,Blue Cool Seduction for Men,2011,https://www.fragrantica.com/perfume/Antonio-Banderas/Blue-Cool-Seduction-for-Men-12627.html
13131,Antonio Banderas,Blue Cool Seduction for Women,2011,https://www.fragrantica.com/perfume/Antonio-Banderas/Blue-Cool-Seduction-for-Women-12628.html
13132,Antonio Banderas,Blue Fresh Seduction for Men,2010,https://www.fragrantica.com/perfume/Antonio-Banderas/Blue-Fresh-Seduction-for-Men-14765.html
13133,Antonio Banderas,Blue Fresh Seduction for Women,2010,https://www.fragrantica.com/perfume/Antonio-Banderas/Blue-Fresh-Seduction-for-Women-14764.html
13134,Antonio Banderas,Blue Seduction,2007,https://www.fragrantica.com/perfume/Antonio-Banderas/Blue-Seduction-1088.html
13135,Antonio Banderas,Blue Seduction,2008,https://www.fragrantica.com/perfume/Antonio-Banderas/Blue-Seduction-3751.html
13136,Antonio Banderas,Blue Seduction Energy Aqua,2021,https://www.fragrantica.com/perfume/Antonio-Banderas/Blue-Seduction-Energy-Aqua-68895.html
13137,Antonio Banderas,Blue Seduction Energy Aqua For Men,,https://huggingface.co/datasets/doevent/perfume
13138,Antonio Banderas,Blue Seduction For Men,,https://huggingface.co/datasets/doevent/perfume
13139,Antonio Banderas,Blue Seduction for Men Banderas 2007 After Shave,2007,https://www.parfumo.com/Perfumes/Banderas/Blue_Seduction_for_Men_After_Shave
13140,Antonio Banderas,Blue Seduction for Men Banderas 2007 Eau de Toilette,2007,https://www.parfumo.com/Perfumes/Banderas/Blue_Seduction_for_Men_Eau_de_Toilette
13141,Antonio Banderas,Blue Seduction for Women,,https://www.parfumo.com/Perfumes/Banderas/Blue_Seduction_for_Women
13142,Antonio Banderas,Blue Seduction Sparkling Aqua,2021,https://www.fragrantica.com/perfume/Antonio-Banderas/Blue-Seduction-Sparkling-Aqua-68896.html
13143,Antonio Banderas,Blue Seduction Sparkling Aqua For Women,,https://huggingface.co/datasets/doevent/perfume
13144,Antonio Banderas,Blue Seduction Summer Essence for Men,2024,https://www.fragrantica.com/perfume/Antonio-Banderas/Blue-Seduction-Summer-Essence-for-Men-95631.html
13145,Antonio Banderas,Blue Seduction Summer Essence for Women,2024,https://www.fragrantica.com/perfume/Antonio-Banderas/Blue-Seduction-Summer-Essence-for-Women-95632.html
13146,Antonio Banderas,Blue Seduction Wave for Men,2022,https://www.fragrantica.com/perfume/Antonio-Banderas/Blue-Seduction-Wave-for-Men-76197.html
13147,Antonio Banderas,Blue Seduction Wave for Woman,2022,https://www.fragrantica.com/perfume/Antonio-Banderas/Blue-Seduction-Wave-for-Woman-76198.html
13148,Antonio Banderas,Cocktail Seduction Blue for Men,2014,https://www.fragrantica.com/perfume/Antonio-Banderas/Cocktail-Seduction-Blue-for-Men-25399.html
13149,Antonio Banderas,Cocktail Seduction Blue for Women,2014,https://www.fragrantica.com/perfume/Antonio-Banderas/Cocktail-Seduction-Blue-for-Women-25401.html
13150,Antonio Banderas,Cocktail Seduction in Black,,https://www.parfumo.com/Perfumes/Banderas/Cocktail_Seduction_in_Black
13151,Antonio Banderas,Cocktail Seduction in Black for Men,2014,https://www.fragrantica.com/perfume/Antonio-Banderas/Cocktail-Seduction-in-Black-for-Men-25400.html
13152,Antonio Banderas,Diavolo,1997,https://www.fragrantica.com/perfume/Antonio-Banderas/Diavolo-112.html
13153,Antonio Banderas,Diavolo,2000,https://www.fragrantica.com/perfume/Antonio-Banderas/Diavolo-34007.html
13154,Antonio Banderas,Diavolo As de Corazon,2009,https://www.fragrantica.com/perfume/Antonio-Banderas/Diavolo-As-de-Corazon-13916.html
13155,Antonio Banderas,Diavolo As de Corazón for Men,,https://www.parfumo.com/Perfumes/Banderas/Diavolo_As_de_Corazn_for_Men
13156,Antonio Banderas,Diavolo As de Corazón for Women,,https://www.parfumo.com/Perfumes/Banderas/Diavolo_As_de_Corazn_for_Women
13157,Antonio Banderas,Diavolo As de Corazon per Donna,2009,https://www.fragrantica.com/perfume/Antonio-Banderas/Diavolo-As-de-Corazon-per-Donna-13915.html
13158,Antonio Banderas,Diavolo Club,2015,https://www.fragrantica.com/perfume/Antonio-Banderas/Diavolo-Club-34882.html
13159,Antonio Banderas,Diavolo Extremely Men,2004,https://www.fragrantica.com/perfume/Antonio-Banderas/Diavolo-Extremely-Men-13922.html
13160,Antonio Banderas,Diavolo Extremely Woman,2004,https://www.fragrantica.com/perfume/Antonio-Banderas/Diavolo-Extremely-Woman-4568.html
13161,Antonio Banderas,Diavolo for Men Banderas 2002 Eau de Toilette,2002,https://www.parfumo.com/Perfumes/Banderas/Diavolo_for_Men_Eau_de_Toilette
13162,Antonio Banderas,Diavolo for Men Banderas 2008 After Shave,2008,https://www.parfumo.com/Perfumes/Banderas/Diavolo_for_Men_After_Shave
13163,Antonio Banderas,Diavolo Gentleman,,https://huggingface.co/datasets/doevent/perfume
13164,Antonio Banderas,Diavolo Hypnotic,2005,https://www.fragrantica.com/perfume/Antonio-Banderas/Diavolo-Hypnotic-13919.html
13165,Antonio Banderas,Diavolo Hypnotic for Men,,https://www.parfumo.com/Perfumes/Banderas/Diavolo_Hypnotic_for_Men
13166,Antonio Banderas,Diavolo Hypnotic for Women,,https://www.parfumo.com/Perfumes/Banderas/Diavolo_Hypnotic_for_Women
13167,Antonio Banderas,Diavolo Hypnotic per Donna,2005,https://www.fragrantica.com/perfume/Antonio-Banderas/Diavolo-Hypnotic-per-Donna-13918.html
13168,Antonio Banderas,Diavolo per Donna,1999,https://www.fragrantica.com/perfume/Antonio-Banderas/Diavolo-per-Donna-1091.html
13169,Antonio Banderas,Diavolo Privato,2011,https://www.fragrantica.com/perfume/Antonio-Banderas/Diavolo-Privato-13917.html
13170,Antonio Banderas,Diavolo So Sexy,2007,https://www.fragrantica.com/perfume/Antonio-Banderas/Diavolo-So-Sexy-13920.html
13171,Antonio Banderas,Diavolo So Sexy for Men,,https://www.parfumo.com/Perfumes/Banderas/Diavolo_So_Sexy_for_Men
13172,Antonio Banderas,Diavolo So Sexy for Women,,https://www.parfumo.com/Perfumes/Banderas/Diavolo_So_Sexy_for_Women
13173,Antonio Banderas,Diavolo So Sexy per Donna,2007,https://www.fragrantica.com/perfume/Antonio-Banderas/Diavolo-So-Sexy-per-Donna-13921.html
13174,Antonio Banderas,Diavolo Temptation,2000,https://www.fragrantica.com/perfume/Antonio-Banderas/Diavolo-Temptation-13923.html
13175,Antonio Banderas,Diavolo Temptation for Men,,https://www.parfumo.com/Perfumes/Banderas/Diavolo_Temptation_for_Men
13176,Antonio Banderas,Diavolo Temptation per Donna,2000,https://www.fragrantica.com/perfume/Antonio-Banderas/Diavolo-Temptation-per-Donna-13924.html
13177,Antonio Banderas,Electric Blue Seduction for Men,2013,https://www.fragrantica.com/perfume/Antonio-Banderas/Electric-Blue-Seduction-for-Men-18075.html
13178,Antonio Banderas,Electric Blue Seduction for Women,2013,https://www.fragrantica.com/perfume/Antonio-Banderas/Electric-Blue-Seduction-for-Women-18076.html
13179,Antonio Banderas,Electric Seduction in Black,2013,https://www.fragrantica.com/perfume/Antonio-Banderas/Electric-Seduction-in-Black-18078.html
13180,Antonio Banderas,Essence of Success,2025,https://www.fragrantica.com/perfume/Antonio-Banderas/Essence-of-Success-107806.html
13181,Antonio Banderas,Her Golden Secret,2013,https://www.fragrantica.com/perfume/Antonio-Banderas/Her-Golden-Secret-18661.html
13182,Antonio Banderas,Her Secret,2012,https://www.fragrantica.com/perfume/Antonio-Banderas/Her-Secret-15291.html
13183,Antonio Banderas,Her Secret Absolu,2024,https://www.fragrantica.com/perfume/Antonio-Banderas/Her-Secret-Absolu-98916.html
13184,Antonio Banderas,Her Secret Bloom,2021,https://www.fragrantica.com/perfume/Antonio-Banderas/Her-Secret-Bloom-70088.html
13185,Antonio Banderas,Her Secret Desire,2019,https://www.fragrantica.com/perfume/Antonio-Banderas/Her-Secret-Desire-58270.html
13186,Antonio Banderas,Her Secret Flame,2025,https://www.fragrantica.com/perfume/Antonio-Banderas/Her-Secret-Flame-114547.html
13187,Antonio Banderas,Her Secret Game,2015,https://www.fragrantica.com/perfume/Antonio-Banderas/Her-Secret-Game-31378.html
13188,Antonio Banderas,Her Secret Kiss,2022,https://www.fragrantica.com/perfume/Antonio-Banderas/Her-Secret-Kiss-73662.html
13189,Antonio Banderas,Her Secret Night,2016,https://www.fragrantica.com/perfume/Antonio-Banderas/Her-Secret-Night-38958.html
13190,Antonio Banderas,Her Secret Pink Absolu,2024,https://www.fragrantica.com/perfume/Antonio-Banderas/Her-Secret-Pink-Absolu-114548.html
13191,Antonio Banderas,Her Secret Temptation,2017,https://www.fragrantica.com/perfume/Antonio-Banderas/Her-Secret-Temptation-45152.html
13192,Antonio Banderas,King of Seduction,2014,https://www.fragrantica.com/perfume/Antonio-Banderas/King-of-Seduction-26412.html
13193,Antonio Banderas,King of Seduction Absolute,2015,https://www.fragrantica.com/perfume/Antonio-Banderas/King-of-Seduction-Absolute-31525.html
13194,Antonio Banderas,King of Seduction Summerland,2025,https://www.fragrantica.com/perfume/Antonio-Banderas/King-of-Seduction-Summerland-123498.html
13195,Antonio Banderas,King of Seduction Titanium Edition,,https://www.parfumo.com/Perfumes/Banderas/King_of_Seduction_Titanium_Edition
13196,Antonio Banderas,Mediterráneo,2001,https://www.fragrantica.com/perfume/Antonio-Banderas/Mediterraneo-1092.html
13197,Antonio Banderas,Mediterráneo Banderas After Shave,,https://www.parfumo.com/Perfumes/Banderas/Mediterraneo_After_Shave
13198,Antonio Banderas,Mediterráneo Banderas Eau de Toilette,,https://www.parfumo.com/Perfumes/Banderas/Mediterraneo_Eau_de_Toilette
13199,Antonio Banderas,Miami Seduction Black For Men,,https://huggingface.co/datasets/doevent/perfume
13200,Antonio Banderas,Miami Seduction Blue For Men,,https://huggingface.co/datasets/doevent/perfume
13201,Antonio Banderas,Miami Seduction Blue For Women,,https://huggingface.co/datasets/doevent/perfume
13202,Antonio Banderas,Miami Seduction For Men,2018,https://www.fragrantica.com/perfume/Antonio-Banderas/Miami-Seduction-For-Men-48802.html
13203,Antonio Banderas,Miami Seduction For Women,2018,https://www.fragrantica.com/perfume/Antonio-Banderas/Miami-Seduction-For-Women-48804.html
13204,Antonio Banderas,Miami Seduction In Black,2018,https://www.fragrantica.com/perfume/Antonio-Banderas/Miami-Seduction-In-Black-48803.html
13205,Antonio Banderas,Mister Diavolo,2013,https://www.fragrantica.com/perfume/Antonio-Banderas/Mister-Diavolo-26007.html
13206,Antonio Banderas,Only Diavolo,,https://huggingface.co/datasets/doevent/perfume
13207,Antonio Banderas,Play In Black Seduction,,https://www.parfumo.com/Perfumes/Banderas/Play_In_Black_Seduction
13208,Antonio Banderas,Play In Black Seduction for Men,2017,https://www.fragrantica.com/perfume/Antonio-Banderas/Play-In-Black-Seduction-for-Men-43654.html
13209,Antonio Banderas,Play In Blue Seduction For Men,2017,https://www.fragrantica.com/perfume/Antonio-Banderas/Play-In-Blue-Seduction-For-Men-43652.html
13210,Antonio Banderas,Play In Blue Seduction For Women,2017,https://www.fragrantica.com/perfume/Antonio-Banderas/Play-In-Blue-Seduction-For-Women-43653.html
13211,Antonio Banderas,Power of Seduction,2018,https://www.fragrantica.com/perfume/Antonio-Banderas/Power-of-Seduction-51087.html
13212,Antonio Banderas,Power of Seduction Extreme,2019,https://www.fragrantica.com/perfume/Antonio-Banderas/Power-of-Seduction-Extreme-53757.html
13213,Antonio Banderas,Power of Seduction Force,2020,https://www.fragrantica.com/perfume/Antonio-Banderas/Power-of-Seduction-Force-62262.html
13214,Antonio Banderas,Power of Seduction Intense Ice,,https://www.parfumo.com/Perfumes/Banderas/power-of-seduction-intense-ice
13215,Antonio Banderas,Power Of Seduction Intense Ice 2023,2023,https://huggingface.co/datasets/doevent/perfume
13216,Antonio Banderas,Power of Seduction Itense Ice,2024,https://www.fragrantica.com/perfume/Antonio-Banderas/Power-of-Seduction-Itense-Ice-95634.html
13217,Antonio Banderas,Power of Seduction Urban,2022,https://www.fragrantica.com/perfume/Antonio-Banderas/Power-of-Seduction-Urban-76896.html
13218,Antonio Banderas,Queen of Seduction,2016,https://www.fragrantica.com/perfume/Antonio-Banderas/Queen-of-Seduction-37470.html
13219,Antonio Banderas,Queen of Seduction Absolute,2018,https://www.fragrantica.com/perfume/Antonio-Banderas/Queen-of-Seduction-Absolute-70576.html
13220,Antonio Banderas,Queen Of Seduction Absolute Diva,2018,https://www.fragrantica.com/perfume/Antonio-Banderas/Queen-Of-Seduction-Absolute-Diva-48805.html
13221,Antonio Banderas,Queen of Seduction Lively Muse,2021,https://www.fragrantica.com/perfume/Antonio-Banderas/Queen-of-Seduction-Lively-Muse-66176.html
13222,Antonio Banderas,Queen of Seduction Summerland,2025,https://www.fragrantica.com/perfume/Antonio-Banderas/Queen-of-Seduction-Summerland-123497.html
13223,Antonio Banderas,Radiant Seduction Black For Men 2016,2016,https://huggingface.co/datasets/doevent/perfume
13224,Antonio Banderas,Radiant Seduction Blue,2016,https://www.fragrantica.com/perfume/Antonio-Banderas/Radiant-Seduction-Blue-35640.html
13225,Antonio Banderas,Radiant Seduction Blue for Men,,https://www.parfumo.com/Perfumes/Banderas/Radiant_Seduction_Blue_for_Men
13226,Antonio Banderas,Radiant Seduction Blue For Men 2016,2016,https://huggingface.co/datasets/doevent/perfume
13227,Antonio Banderas,Radiant Seduction Blue For Women,2016,https://www.fragrantica.com/perfume/Antonio-Banderas/Radiant-Seduction-Blue-For-Women-35708.html
13228,Antonio Banderas,Radiant Seduction in Black,2016,https://www.fragrantica.com/perfume/Antonio-Banderas/Radiant-Seduction-in-Black-35639.html
13229,Antonio Banderas,Secret Absolu,2016,https://www.fragrantica.com/perfume/Antonio-Banderas/Secret-Absolu-97180.html
13230,Antonio Banderas,Seduction in Black,2009,https://www.fragrantica.com/perfume/Antonio-Banderas/Seduction-in-Black-6746.html
13231,Antonio Banderas,Seduction in Black Banderas After Shave Lotion,,https://www.parfumo.com/Perfumes/Banderas/Seduction_in_Black_After_Shave_Lotion
13232,Antonio Banderas,Seduction in Black Banderas Eau de Toilette,,https://www.parfumo.com/Perfumes/Banderas/Seduction_in_Black_Eau_de_Toilette
13233,Antonio Banderas,Seduction X,2026,https://www.fragrantica.com/perfume/Antonio-Banderas/Seduction-X-134201.html
13234,Antonio Banderas,Select Diavolo Club,,https://www.parfumo.com/Perfumes/Banderas/Select_Diavolo_Club
13235,Antonio Banderas,Spirit,,https://huggingface.co/datasets/doevent/perfume
13236,Antonio Banderas,Spirit for Men,2003,https://www.fragrantica.com/perfume/Antonio-Banderas/Spirit-for-Men-1089.html
13237,Antonio Banderas,Spirit for Men Banderas After Shave,,https://www.parfumo.com/Perfumes/Banderas/Spirit_for_Men_After_Shave
13238,Antonio Banderas,Spirit for Men Banderas Eau de Toilette,,https://www.parfumo.com/Perfumes/Banderas/Spirit_for_Men_Eau_de_Toilette
13239,Antonio Banderas,Spirit for Woman,2004,https://www.fragrantica.com/perfume/Antonio-Banderas/Spirit-for-Woman-1090.html
13240,Antonio Banderas,Spirit Night Fever,2006,https://www.fragrantica.com/perfume/Antonio-Banderas/Spirit-Night-Fever-5016.html
13241,Antonio Banderas,Spirit Night Fever for Men,2006,https://www.fragrantica.com/perfume/Antonio-Banderas/Spirit-Night-Fever-for-Men-5019.html
13242,Antonio Banderas,Spirit Night Fever for Women,,https://www.parfumo.com/Perfumes/Banderas/Spirit_Night_Fever_for_Women
13243,Antonio Banderas,Spirit Vip,,https://huggingface.co/datasets/doevent/perfume
13244,Antonio Banderas,Spirit VIP for Men,2008,https://www.fragrantica.com/perfume/Antonio-Banderas/Spirit-VIP-for-Men-5018.html
13245,Antonio Banderas,Spirit VIP for Women,2008,https://www.fragrantica.com/perfume/Antonio-Banderas/Spirit-VIP-for-Women-5017.html
13246,Antonio Banderas,Splash Blue Seduction for Men,2012,https://www.fragrantica.com/perfume/Antonio-Banderas/Splash-Blue-Seduction-for-Men-15057.html
13247,Antonio Banderas,Splash Blue Seduction for Women,2012,https://www.fragrantica.com/perfume/Antonio-Banderas/Splash-Blue-Seduction-for-Women-15058.html
13248,Antonio Banderas,Splash Seduction In Black,2012,https://www.fragrantica.com/perfume/Antonio-Banderas/Splash-Seduction-In-Black-15059.html
13249,Antonio Banderas,The Golden Secret,2011,https://www.fragrantica.com/perfume/Antonio-Banderas/The-Golden-Secret-13549.html
13250,Antonio Banderas,The Golden Secret Banderas 2007 After Shave Lotion,2007,https://www.parfumo.com/Perfumes/Banderas/The_Golden_Secret_After_Shave_Lotion
13251,Antonio Banderas,The Golden Secret Banderas 2010 Eau de Toilette,2010,https://www.parfumo.com/Perfumes/Banderas/The_Golden_Secret_Eau_de_Toilette
13252,Antonio Banderas,The Golden Secret The Gold Edition,,https://www.parfumo.com/Perfumes/Banderas/The_Golden_Secret_The_Gold_Edition
13253,Antonio Banderas,The Icon,2020,https://www.fragrantica.com/perfume/Antonio-Banderas/The-Icon-64487.html
13254,Antonio Banderas,The Icon Attitude,2024,https://www.fragrantica.com/perfume/Antonio-Banderas/The-Icon-Attitude-95493.html
13255,Antonio Banderas,The Icon Banderas 2007 Splendid Eau de Parfum,2007,https://www.parfumo.com/Perfumes/Banderas/the-icon-splendid-eau-de-parfum
13256,Antonio Banderas,The Icon Eau de Parfum,2022,https://www.fragrantica.com/perfume/Antonio-Banderas/The-Icon-Eau-de-Parfum-71729.html
13257,Antonio Banderas,The Icon Eau de Parfum For Women,2023,https://www.fragrantica.com/perfume/Antonio-Banderas/The-Icon-Eau-de-Parfum-For-Women-81462.html
13258,Antonio Banderas,The Icon Elixir,2023,https://www.fragrantica.com/perfume/Antonio-Banderas/The-Icon-Elixir-81410.html
13259,Antonio Banderas,The Icon Elixir Woman,2026,https://www.fragrantica.com/perfume/Antonio-Banderas/The-Icon-Elixir-Woman-132710.html
13260,Antonio Banderas,The Icon for Men,,https://www.parfumo.com/Perfumes/Banderas/the-icon
13261,Antonio Banderas,The Icon Splendid,2024,https://www.fragrantica.com/perfume/Antonio-Banderas/The-Icon-Splendid-91244.html
13262,Antonio Banderas,The Icon Supreme for Men,2025,https://www.fragrantica.com/perfume/Antonio-Banderas/The-Icon-Supreme-for-Men-107228.html
13263,Antonio Banderas,The Icon Supreme for Women,2025,https://www.fragrantica.com/perfume/Antonio-Banderas/The-Icon-Supreme-for-Women-107227.html
13264,Antonio Banderas,The Secret,2010,https://www.fragrantica.com/perfume/Antonio-Banderas/The-Secret-8923.html
13265,Antonio Banderas,The Secret Absolu,2024,https://www.fragrantica.com/perfume/Antonio-Banderas/The-Secret-Absolu-95633.html
13266,Antonio Banderas,The Secret Banderas 1996 Eau de Toilette,1996,https://www.parfumo.com/Perfumes/Banderas/The_Secret_Eau_de_Toilette
13267,Antonio Banderas,The Secret Banderas After Shave Lotion,,https://www.parfumo.com/Perfumes/Banderas/The_Secret_After_Shave_Lotion
13268,Antonio Banderas,The Secret Flame,2023,https://www.fragrantica.com/perfume/Antonio-Banderas/The-Secret-Flame-90530.html
13269,Antonio Banderas,The Secret Game,2015,https://www.fragrantica.com/perfume/Antonio-Banderas/The-Secret-Game-31377.html
13270,Antonio Banderas,The Secret Night,2016,https://www.fragrantica.com/perfume/Antonio-Banderas/The-Secret-Night-38959.html
13271,Antonio Banderas,The Secret Temptation,2017,https://www.fragrantica.com/perfume/Antonio-Banderas/The-Secret-Temptation-45153.html
13272,Antonio Banderas,Urban Seduction Blue,2015,https://www.fragrantica.com/perfume/Antonio-Banderas/Urban-Seduction-Blue-35636.html
13273,Antonio Banderas,Urban Seduction Blue for Men,,https://www.parfumo.com/Perfumes/Banderas/Urban_Seduction_Blue_for_Men
13274,Antonio Banderas,Urban Seduction Blue for Women,,https://www.parfumo.com/Perfumes/Banderas/Urban_Seduction_Blue_for_Women
13275,Antonio Banderas,Urban Seduction Blue For Women 2015,2015,https://huggingface.co/datasets/doevent/perfume
13276,Antonio Banderas,Urban Seduction in Black,2015,https://www.fragrantica.com/perfume/Antonio-Banderas/Urban-Seduction-in-Black-35638.html
13277,Antonio Cavallo Parfums,Taras,,https://www.fragrantica.com/perfume/Antonio-Cavallo-Parfums/Taras-138905.html
13278,Antonio Croce,Ardente,2017,https://www.fragrantica.com/perfume/Antonio-Croce/Ardente-44171.html
13279,Antonio Croce,Incantevole,2017,https://www.fragrantica.com/perfume/Antonio-Croce/Incantevole-44173.html
13280,Antonio Croce,Meraviglia,2017,https://www.fragrantica.com/perfume/Antonio-Croce/Meraviglia-44167.html
13281,Antonio Croce,Perfetta,2017,https://www.fragrantica.com/perfume/Antonio-Croce/Perfetta-44170.html
13282,Antonio Croce,Sofisticata,2017,https://www.fragrantica.com/perfume/Antonio-Croce/Sofisticata-44169.html
13283,Antonio Croce,Straordinaria,2017,https://www.fragrantica.com/perfume/Antonio-Croce/Straordinaria-44172.html
13284,Antonio Croce,Unica,2017,https://www.fragrantica.com/perfume/Antonio-Croce/Unica-44168.html
13285,Antonio Fusco,Antonio Fusco,2005,https://www.fragrantica.com/perfume/Antonio-Fusco/Antonio-Fusco-33371.html
13286,Antonio Fusco,Uomo,2005,https://www.fragrantica.com/perfume/Antonio-Fusco/Uomo-33370.html
13287,Antonio Maretti,50 Shades,2025,https://www.fragrantica.com/perfume/Antonio-Maretti/50-Shades-108021.html
13288,Antonio Maretti,Almost A Virgin,2022,https://www.fragrantica.com/perfume/Antonio-Maretti/Almost-A-Virgin-75954.html
13289,Antonio Maretti,Almost a Virgin Intense,2024,https://www.fragrantica.com/perfume/Antonio-Maretti/Almost-a-Virgin-Intense-112933.html
13290,Antonio Maretti,Chariot of the Sun,2025,https://www.fragrantica.com/perfume/Antonio-Maretti/Chariot-of-the-Sun-112937.html
13291,Antonio Maretti,Cherry Pick,2025,https://www.fragrantica.com/perfume/Antonio-Maretti/Cherry-Pick-108022.html
13292,Antonio Maretti,Cigarettes After,2025,https://www.fragrantica.com/perfume/Antonio-Maretti/Cigarettes-After-108023.html
13293,Antonio Maretti,Dominant,2022,https://www.fragrantica.com/perfume/Antonio-Maretti/Dominant-75963.html
13294,Antonio Maretti,Dominant Intense,2024,https://www.fragrantica.com/perfume/Antonio-Maretti/Dominant-Intense-112943.html
13295,Antonio Maretti,Ego,2022,https://www.fragrantica.com/perfume/Antonio-Maretti/Ego-75965.html
13296,Antonio Maretti,Gold Digger,2025,https://www.fragrantica.com/perfume/Antonio-Maretti/Gold-Digger-108024.html
13297,Antonio Maretti,Grand Palace,2025,https://www.fragrantica.com/perfume/Antonio-Maretti/Grand-Palace-112944.html
13298,Antonio Maretti,Guilty Pleasure,2024,https://www.fragrantica.com/perfume/Antonio-Maretti/Guilty-Pleasure-102908.html
13299,Antonio Maretti,Leather Couch,2022,https://www.fragrantica.com/perfume/Antonio-Maretti/Leather-Couch-75964.html
13300,Antonio Maretti,Leather Couch Intense,2024,https://www.fragrantica.com/perfume/Antonio-Maretti/Leather-Couch-Intense-112942.html
13301,Antonio Maretti,Limoncello Kiss,2025,https://www.fragrantica.com/perfume/Antonio-Maretti/Limoncello-Kiss-108029.html
13302,Antonio Maretti,Lucifero,2022,https://www.fragrantica.com/perfume/Antonio-Maretti/Lucifero-75959.html
13303,Antonio Maretti,Madonna!,2022,https://www.fragrantica.com/perfume/Antonio-Maretti/Madonna-75957.html
13304,Antonio Maretti,Mi Scusi,2022,https://www.fragrantica.com/perfume/Antonio-Maretti/Mi-Scusi-75955.html
13305,Antonio Maretti,MI SCUSI INTENSE,2024,https://www.fragrantica.com/perfume/Antonio-Maretti/MI-SCUSI-INTENSE-112935.html
13306,Antonio Maretti,Naughty List,2025,https://www.fragrantica.com/perfume/Antonio-Maretti/Naughty-List-108025.html
13307,Antonio Maretti,Nymphomania,2023,https://www.fragrantica.com/perfume/Antonio-Maretti/Nymphomania-102904.html
13308,Antonio Maretti,Oasis of Dreams,2025,https://www.fragrantica.com/perfume/Antonio-Maretti/Oasis-of-Dreams-112939.html
13309,Antonio Maretti,Off the Limit,2023,https://www.fragrantica.com/perfume/Antonio-Maretti/Off-the-Limit-102903.html
13310,Antonio Maretti,Pillow Princess,2025,https://www.fragrantica.com/perfume/Antonio-Maretti/Pillow-Princess-108026.html
13311,Antonio Maretti,Rich Peach,2023,https://www.fragrantica.com/perfume/Antonio-Maretti/Rich-Peach-102905.html
13312,Antonio Maretti,Safe Word,2022,https://www.fragrantica.com/perfume/Antonio-Maretti/Safe-Word-75953.html
13313,Antonio Maretti,Safe Word Intense,2024,https://www.fragrantica.com/perfume/Antonio-Maretti/Safe-Word-Intense-112934.html
13314,Antonio Maretti,Seduttore,2022,https://www.fragrantica.com/perfume/Antonio-Maretti/Seduttore-75962.html
13315,Antonio Maretti,Seduttore Intense,2024,https://www.fragrantica.com/perfume/Antonio-Maretti/Seduttore-Intense-112941.html
13316,Antonio Maretti,Sexual Tension,2025,https://www.fragrantica.com/perfume/Antonio-Maretti/Sexual-Tension-108027.html
13317,Antonio Maretti,Skip the Foreplay,2025,https://www.fragrantica.com/perfume/Antonio-Maretti/Skip-the-Foreplay-108028.html
13318,Antonio Maretti,Slumber Party,2022,https://www.fragrantica.com/perfume/Antonio-Maretti/Slumber-Party-75958.html
13319,Antonio Maretti,Soul of Desert,2025,https://www.fragrantica.com/perfume/Antonio-Maretti/Soul-of-Desert-112938.html
13320,Antonio Maretti,Sugar Daddy,2025,https://www.fragrantica.com/perfume/Antonio-Maretti/Sugar-Daddy-108030.html
13321,Antonio Maretti,Uncensored Cherry,,https://www.fragrantica.com/perfume/Antonio-Maretti/Uncensored-Cherry-102907.html
13322,Antonio Maretti,Valley of Kings,2025,https://www.fragrantica.com/perfume/Antonio-Maretti/Valley-of-Kings-112945.html
13323,Antonio Maretti,Velvet Sands,2025,https://www.fragrantica.com/perfume/Antonio-Maretti/Velvet-Sands-112940.html
13324,Antonio Maretti,Vicious Mind,2022,https://www.fragrantica.com/perfume/Antonio-Maretti/Vicious-Mind-75960.html
13325,Antonio Maretti,Walk Of Shame,2022,https://www.fragrantica.com/perfume/Antonio-Maretti/Walk-Of-Shame-75956.html
13326,Antonio Maretti,Walk of Shame Intense,2024,https://www.fragrantica.com/perfume/Antonio-Maretti/Walk-of-Shame-Intense-112936.html
13327,Antonio Marras,Ambat,2023,https://www.fragrantica.com/perfume/Antonio-Marras/Ambat-103567.html
13328,Antonio Marras,Core Meu,2023,https://www.fragrantica.com/perfume/Antonio-Marras/Core-Meu-103563.html
13329,Antonio Marras,Coronada,2023,https://www.fragrantica.com/perfume/Antonio-Marras/Coronada-103561.html
13330,Antonio Marras,Efix,2023,https://www.fragrantica.com/perfume/Antonio-Marras/Efix-103566.html
13331,Antonio Marras,Lljua,2023,https://www.fragrantica.com/perfume/Antonio-Marras/Lljua-103571.html
13332,Antonio Marras,Lu Sidaru,2023,https://www.fragrantica.com/perfume/Antonio-Marras/Lu-Sidaru-103569.html
13333,Antonio Marras,Perdas,2023,https://www.fragrantica.com/perfume/Antonio-Marras/Perdas-103560.html
13334,Antonio Marras,Vaillelt,2023,https://www.fragrantica.com/perfume/Antonio-Marras/Vaillelt-103568.html
13335,Antonio Marras,Ziqqurath,2023,https://www.fragrantica.com/perfume/Antonio-Marras/Ziqqurath-103570.html
13336,Antonio Miro,Colonia,2003,https://www.fragrantica.com/perfume/Antonio-Miro/Colonia-10625.html
13337,Antonio Miro,Siesta,1996,https://www.fragrantica.com/perfume/Antonio-Miro/Siesta-10626.html
13338,Antonio Puig,Agua Brava,1968,https://www.fragrantica.com/perfume/Antonio-Puig/Agua-Brava-12673.html
13339,Antonio Puig,Agua Brava,2025,https://www.fragrantica.com/perfume/Antonio-Puig/Agua-Brava-116933.html
13340,Antonio Puig,Agua Brava Azul,2012,https://www.fragrantica.com/perfume/Antonio-Puig/Agua-Brava-Azul-34009.html
13341,Antonio Puig,Agua Brava Sea Power,2001,https://www.fragrantica.com/perfume/Antonio-Puig/Agua-Brava-Sea-Power-19436.html
13342,Antonio Puig,Agua de Luna,1998,https://www.fragrantica.com/perfume/Antonio-Puig/Agua-de-Luna-19437.html
13343,Antonio Puig,Agua Lavanda,1940,https://www.fragrantica.com/perfume/Antonio-Puig/Agua-Lavanda-18411.html
13344,Antonio Puig,Agua Lavanda,2014,https://www.fragrantica.com/perfume/Antonio-Puig/Agua-Lavanda-26273.html
13345,Antonio Puig,Agua Lavanda Iris,2025,https://www.fragrantica.com/perfume/Antonio-Puig/Agua-Lavanda-Iris-116935.html
13346,Antonio Puig,Agua Mediterranea,2025,https://www.fragrantica.com/perfume/Antonio-Puig/Agua-Mediterranea-116938.html
13347,Antonio Puig,Agua Noble,2025,https://www.fragrantica.com/perfume/Antonio-Puig/Agua-Noble-116936.html
13348,Antonio Puig,Anouk,1989,https://www.fragrantica.com/perfume/Antonio-Puig/Anouk-19438.html
13349,Antonio Puig,Aqua Quorum,1994,https://www.fragrantica.com/perfume/Antonio-Puig/Aqua-Quorum-12585.html
13350,Antonio Puig,Azur de Puig,1969,https://www.fragrantica.com/perfume/Antonio-Puig/Azur-de-Puig-11993.html
13351,Antonio Puig,Barbie B,2006,https://www.fragrantica.com/perfume/Antonio-Puig/Barbie-B-3359.html
13352,Antonio Puig,Barbie Blue,2004,https://www.fragrantica.com/perfume/Antonio-Puig/Barbie-Blue-3360.html
13353,Antonio Puig,Barbie Pink,2004,https://www.fragrantica.com/perfume/Antonio-Puig/Barbie-Pink-3361.html
13354,Antonio Puig,Boston Man,1989,https://www.fragrantica.com/perfume/Antonio-Puig/Boston-Man-19440.html
13355,Antonio Puig,Brave Agua Brava,2004,https://www.fragrantica.com/perfume/Antonio-Puig/Brave-Agua-Brava-19441.html
13356,Antonio Puig,Brummel,1975,https://www.fragrantica.com/perfume/Antonio-Puig/Brummel-19442.html
13357,Antonio Puig,Brummel Coupe,,https://www.fragrantica.com/perfume/Antonio-Puig/Brummel-Coupe-19443.html
13358,Antonio Puig,Depende De La Armonia De Los Sentidos,2001,https://www.fragrantica.com/perfume/Antonio-Puig/Depende-De-La-Armonia-De-Los-Sentidos-19450.html
13359,Antonio Puig,Depende Del Azul Del Cielo,2001,https://www.fragrantica.com/perfume/Antonio-Puig/Depende-Del-Azul-Del-Cielo-19451.html
13360,Antonio Puig,Depende Del Color de Las Rosas,2001,https://www.fragrantica.com/perfume/Antonio-Puig/Depende-Del-Color-de-Las-Rosas-19452.html
13361,Antonio Puig,Eau d'Été,1997,https://www.fragrantica.com/perfume/Antonio-Puig/Eau-d-Ete-33415.html
13362,Antonio Puig,Eau Dorée,1977,https://www.fragrantica.com/perfume/Antonio-Puig/Eau-Doree-77236.html
13363,Antonio Puig,Eighteen,1990,https://www.fragrantica.com/perfume/Antonio-Puig/Eighteen-77123.html
13364,Antonio Puig,Estival,1970,https://www.fragrantica.com/perfume/Antonio-Puig/Estival-77238.html
13365,Antonio Puig,Estivalia,1973,https://www.fragrantica.com/perfume/Antonio-Puig/Estivalia-19444.html
13366,Antonio Puig,Fiesta de Estivalia,1992,https://www.fragrantica.com/perfume/Antonio-Puig/Fiesta-de-Estivalia-77237.html
13367,Antonio Puig,Fleur de Jour,,https://www.fragrantica.com/perfume/Antonio-Puig/Fleur-de-Jour-19453.html
13368,Antonio Puig,Fun Water,1997,https://www.fragrantica.com/perfume/Antonio-Puig/Fun-Water-67099.html
13369,Antonio Puig,Pull & Bear,1994,https://www.fragrantica.com/perfume/Antonio-Puig/Pull-Bear-32295.html
13370,Antonio Puig,Quorum,1981,https://www.fragrantica.com/perfume/Antonio-Puig/Quorum-3825.html
13371,Antonio Puig,Quorum Silver,2005,https://www.fragrantica.com/perfume/Antonio-Puig/Quorum-Silver-12698.html
13372,Antonio Puig,Rasgo,1990,https://www.fragrantica.com/perfume/Antonio-Puig/Rasgo-38205.html
13373,Antonio Puig,Rose d'Anouk,2001,https://www.fragrantica.com/perfume/Antonio-Puig/Rose-d-Anouk-19439.html
13374,Antonio Puig,Sport Man,1997,https://www.fragrantica.com/perfume/Antonio-Puig/Sport-Man-76180.html
13375,Antonio Puig,Springfield,1993,https://www.fragrantica.com/perfume/Antonio-Puig/Springfield-19445.html
13376,Antonio Puig,Sybaris,1988,https://www.fragrantica.com/perfume/Antonio-Puig/Sybaris-19446.html
13377,Antonio Puig,Thais,2000,https://www.fragrantica.com/perfume/Antonio-Puig/Thais-9396.html
13378,Antonio Puig,Thais Dreams,2001,https://www.fragrantica.com/perfume/Antonio-Puig/Thais-Dreams-19447.html
13379,Antonio Puig,Thais Feeling,,https://www.fragrantica.com/perfume/Antonio-Puig/Thais-Feeling-19448.html
13380,Antonio Puig,Thais Life,,https://www.fragrantica.com/perfume/Antonio-Puig/Thais-Life-19449.html
13381,Antonio Puig,The Rebel by Ricardo Barbato,2017,https://www.fragrantica.com/perfume/Antonio-Puig/The-Rebel-by-Ricardo-Barbato-62830.html
13382,Antonio Puig,The Superstar by Sabrina Sato,2017,https://www.fragrantica.com/perfume/Antonio-Puig/The-Superstar-by-Sabrina-Sato-62829.html
13383,Antonio Puig,Verte,1983,https://www.fragrantica.com/perfume/Antonio-Puig/Verte-77235.html
13384,Antonio Puig,Vetiver de Puig,1978,https://www.fragrantica.com/perfume/Antonio-Puig/Vetiver-de-Puig-19455.html
13385,Antonio Puig,Zambra,1967,https://www.fragrantica.com/perfume/Antonio-Puig/Zambra-77234.html
13386,Antonio Puig,Zinnia,1990,https://www.fragrantica.com/perfume/Antonio-Puig/Zinnia-19454.html
13387,Antonio Rossini,Dolce Vita,2016,https://www.fragrantica.com/perfume/Antonio-Rossini/Dolce-Vita-40847.html
13388,Antonio Rossini,Life Style,2016,https://www.fragrantica.com/perfume/Antonio-Rossini/Life-Style-40846.html
13389,Antonio Rossini,Tuscan,2016,https://www.fragrantica.com/perfume/Antonio-Rossini/Tuscan-40848.html
13390,Antonio Visconti,Akaba,,https://www.fragrantica.com/perfume/Antonio-Visconti/Akaba-11209.html
13391,Antonio Visconti,Alhambra,,https://www.fragrantica.com/perfume/Antonio-Visconti/Alhambra-34561.html
13392,Antonio Visconti,Bal Masqué,,https://www.fragrantica.com/perfume/Antonio-Visconti/Bal-Masque-34554.html
13393,Antonio Visconti,Black Tear,,https://www.fragrantica.com/perfume/Antonio-Visconti/Black-Tear-34553.html
13394,Antonio Visconti,Bois de Gayac,,https://www.fragrantica.com/perfume/Antonio-Visconti/Bois-de-Gayac-11210.html
13395,Antonio Visconti,Clair de Lune,,https://www.fragrantica.com/perfume/Antonio-Visconti/Clair-de-Lune-20177.html
13396,Antonio Visconti,Coeur de Vanille,,https://www.fragrantica.com/perfume/Antonio-Visconti/Coeur-de-Vanille-11211.html
13397,Antonio Visconti,Esprit Libre,,https://www.fragrantica.com/perfume/Antonio-Visconti/Esprit-Libre-11212.html
13398,Antonio Visconti,Extrait de Cedrat,,https://www.fragrantica.com/perfume/Antonio-Visconti/Extrait-de-Cedrat-11213.html
13399,Antonio Visconti,Fleur de Lys,,https://www.fragrantica.com/perfume/Antonio-Visconti/Fleur-de-Lys-11221.html
13400,Antonio Visconti,Fleur de Nuit,,https://www.fragrantica.com/perfume/Antonio-Visconti/Fleur-de-Nuit-11223.html
13401,Antonio Visconti,Fleur et Feuille de Jasmin,,https://www.fragrantica.com/perfume/Antonio-Visconti/Fleur-et-Feuille-de-Jasmin-11222.html
13402,Antonio Visconti,Foliage,2015,https://www.fragrantica.com/perfume/Antonio-Visconti/Foliage-34550.html
13403,Antonio Visconti,Glam Flower,,https://www.fragrantica.com/perfume/Antonio-Visconti/Glam-Flower-34552.html
13404,Antonio Visconti,Juicy Flower,,https://www.fragrantica.com/perfume/Antonio-Visconti/Juicy-Flower-34555.html
13405,Antonio Visconti,La Divina Tubereuse,,https://www.fragrantica.com/perfume/Antonio-Visconti/La-Divina-Tubereuse-34556.html
13406,Antonio Visconti,Le Sens du Plaisir,,https://www.fragrantica.com/perfume/Antonio-Visconti/Le-Sens-du-Plaisir-35052.html
13407,Antonio Visconti,Musk de Roy,,https://www.fragrantica.com/perfume/Antonio-Visconti/Musk-de-Roy-11224.html
13408,Antonio Visconti,Musk du Roy,2010,https://www.parfumo.com/Perfumes/Antonio_Visconti/Musk_du_Roy
13409,Antonio Visconti,Oud Maharaji,2015,https://www.fragrantica.com/perfume/Antonio-Visconti/Oud-Maharaji-34557.html
13410,Antonio Visconti,Oud Mohave,,https://www.fragrantica.com/perfume/Antonio-Visconti/Oud-Mohave-34559.html
13411,Antonio Visconti,Oud Nomade,,https://www.fragrantica.com/perfume/Antonio-Visconti/Oud-Nomade-34558.html
13412,Antonio Visconti,Rebel,,https://www.fragrantica.com/perfume/Antonio-Visconti/Rebel-34549.html
13413,Antonio Visconti,Rose Sauvage,,https://www.fragrantica.com/perfume/Antonio-Visconti/Rose-Sauvage-11225.html
13414,Antonio Visconti,Rose Supreme,,https://www.fragrantica.com/perfume/Antonio-Visconti/Rose-Supreme-11226.html
13415,Antonio Visconti,Sea Island,,https://www.fragrantica.com/perfume/Antonio-Visconti/Sea-Island-34560.html
13416,Antonio Visconti,Silver Wood,,https://www.fragrantica.com/perfume/Antonio-Visconti/Silver-Wood-34551.html
13417,Antonio Visconti,Soir de Mer,,https://www.fragrantica.com/perfume/Antonio-Visconti/Soir-de-Mer-11227.html
13418,Antonio Visconti,Tabarom,,https://www.fragrantica.com/perfume/Antonio-Visconti/Tabarom-11228.html
13419,Antonio Visconti,Temps d'hiver,,https://www.fragrantica.com/perfume/Antonio-Visconti/Temps-d-hiver-11229.html
13420,Antonio Visconti,Terre de Feu,,https://www.fragrantica.com/perfume/Antonio-Visconti/Terre-de-Feu-11230.html
13421,Antony Morato,Unity Black,2023,https://www.fragrantica.com/perfume/Antony-Morato/Unity-Black-132376.html
13422,Antony Morato,Unity Parfum,2024,https://www.fragrantica.com/perfume/Antony-Morato/Unity-Parfum-97416.html
13423,Antos Cosmesi Naturale,Coup De Lune,,https://www.fragrantica.com/perfume/Antos-Cosmesi-Naturale/Coup-De-Lune-75915.html
13424,Antos Cosmesi Naturale,Fleur De Gloria,,https://www.fragrantica.com/perfume/Antos-Cosmesi-Naturale/Fleur-De-Gloria-75921.html
13425,Antos Cosmesi Naturale,Histoire De Claud,,https://www.fragrantica.com/perfume/Antos-Cosmesi-Naturale/Histoire-De-Claud-75924.html
13426,Antos Cosmesi Naturale,L'Été De Lucia,,https://www.fragrantica.com/perfume/Antos-Cosmesi-Naturale/L-Ete-De-Lucia-75918.html
13427,Antos Cosmesi Naturale,Les Jeux De Jacques,,https://www.fragrantica.com/perfume/Antos-Cosmesi-Naturale/Les-Jeux-De-Jacques-75914.html
13428,Antos Cosmesi Naturale,Ma Joie Camille,,https://www.fragrantica.com/perfume/Antos-Cosmesi-Naturale/Ma-Joie-Camille-75916.html
13429,Antos Cosmesi Naturale,Madame Coccinelle,,https://www.fragrantica.com/perfume/Antos-Cosmesi-Naturale/Madame-Coccinelle-75919.html
13430,Antos Cosmesi Naturale,Notes De Giugiu,,https://www.fragrantica.com/perfume/Antos-Cosmesi-Naturale/Notes-De-Giugiu-75920.html
13431,Antos Cosmesi Naturale,Prince Thomas,,https://www.fragrantica.com/perfume/Antos-Cosmesi-Naturale/Prince-Thomas-75917.html
13432,Antos Cosmesi Naturale,Princesse Gio Gio,,https://www.fragrantica.com/perfume/Antos-Cosmesi-Naturale/Princesse-Gio-Gio-75922.html
13433,Antos Cosmesi Naturale,Reine Mathilde,,https://www.fragrantica.com/perfume/Antos-Cosmesi-Naturale/Reine-Mathilde-75926.html
13434,Antos Cosmesi Naturale,Rêve D'Alice,,https://www.fragrantica.com/perfume/Antos-Cosmesi-Naturale/Reve-D-Alice-75925.html
13435,Antos Cosmesi Naturale,Sable Du Desert,,https://www.fragrantica.com/perfume/Antos-Cosmesi-Naturale/Sable-Du-Desert-75913.html
13436,Antos Cosmesi Naturale,Soleil Et Nuages,,https://www.fragrantica.com/perfume/Antos-Cosmesi-Naturale/Soleil-Et-Nuages-75923.html
13437,Anu Essentials,Meadowlark,2000,https://www.fragrantica.com/perfume/Anu-Essentials/Meadowlark-47578.html
13438,Anu Essentials,Nola,2000,https://www.fragrantica.com/perfume/Anu-Essentials/Nola-47575.html
13439,Anu Essentials,Seascape,2000,https://www.fragrantica.com/perfume/Anu-Essentials/Seascape-47574.html
13440,Anu Essentials,Shaman,2000,https://www.fragrantica.com/perfume/Anu-Essentials/Shaman-47576.html
13441,Anu Essentials,Sita,2000,https://www.fragrantica.com/perfume/Anu-Essentials/Sita-47579.html
13442,Anu Essentials,Sunrayz,2000,https://www.fragrantica.com/perfume/Anu-Essentials/Sunrayz-47577.html
13443,Anucci,Anucci Femme,1990,https://www.fragrantica.com/perfume/Anucci/Anucci-Femme-9378.html
13444,Anucci,Anucci Goal,2002,https://www.fragrantica.com/perfume/Anucci/Anucci-Goal-102092.html
13445,Anucci,Anucci Men,1989,https://www.fragrantica.com/perfume/Anucci/Anucci-Men-9377.html
13446,Anucci,Anucci Oud,2020,https://www.fragrantica.com/perfume/Anucci/Anucci-Oud-102091.html
13447,Anucci,Anucci Rosé,2020,https://www.fragrantica.com/perfume/Anucci/Anucci-Rose-102090.html
13448,Anucci,Anucci Sport for Men,1989,https://www.fragrantica.com/perfume/Anucci/Anucci-Sport-for-Men-77491.html
13449,Anucci,Dalini,1990,https://www.fragrantica.com/perfume/Anucci/Dalini-9379.html
13450,Anucci,Wave,1990,https://www.fragrantica.com/perfume/Anucci/Wave-84394.html
13451,Anuja,Élixir des Cieux,2025,https://www.fragrantica.com/perfume/Anuja/Elixir-des-Cieux-114630.html
13452,Anuja,Île Aux Fleurs,2025,https://www.fragrantica.com/perfume/Anuja/Ile-Aux-Fleurs-114590.html
13453,Anuja,Irresistible Iris,2025,https://www.fragrantica.com/perfume/Anuja/Irresistible-Iris-114629.html
13454,Anuja,Lotus Bleu,2025,https://www.fragrantica.com/perfume/Anuja/Lotus-Bleu-114633.html
13455,Anuja,Pivoine Impériale,2025,https://www.fragrantica.com/perfume/Anuja/Pivoine-Imperiale-114490.html
13456,Anuja,Tobacco Salsa,2025,https://www.fragrantica.com/perfume/Anuja/Tobacco-Salsa-114501.html
13457,Anuja,Tux & Tie,2025,https://www.fragrantica.com/perfume/Anuja/Tux-Tie-114506.html
13458,Anya's Garden,Amberess,2010,https://www.fragrantica.com/perfume/Anya-s-Garden/Amberess-10996.html
13459,Anya's Garden,Enticing,2015,https://www.fragrantica.com/perfume/Anya-s-Garden/Enticing-31279.html
13460,Anya's Garden,Fairchild,2006,https://www.fragrantica.com/perfume/Anya-s-Garden/Fairchild-6950.html
13461,Anya's Garden,Kaffir,2007,https://www.fragrantica.com/perfume/Anya-s-Garden/Kaffir-6951.html
13462,Anya's Garden,Kewdra,,https://www.fragrantica.com/perfume/Anya-s-Garden/Kewdra-10997.html
13463,Anya's Garden,Light,,https://www.fragrantica.com/perfume/Anya-s-Garden/Light-10995.html
13464,Anya's Garden,Moon Dance,2009,https://www.fragrantica.com/perfume/Anya-s-Garden/Moon-Dance-6952.html
13465,Anya's Garden,Pan,2006,https://www.fragrantica.com/perfume/Anya-s-Garden/Pan-6953.html
13466,Anya's Garden,"River Cali, prev. Riverside",2006,https://www.fragrantica.com/perfume/Anya-s-Garden/River-Cali-prev-Riverside-6954.html
13467,Anya's Garden,Royal Lotus,2011,https://www.fragrantica.com/perfume/Anya-s-Garden/Royal-Lotus-13864.html
13468,Anya's Garden,Star Flower,2009,https://www.fragrantica.com/perfume/Anya-s-Garden/Star-Flower-6955.html
13469,Anya's Garden,Strange Magic,2017,https://www.fragrantica.com/perfume/Anya-s-Garden/Strange-Magic-45801.html
13470,Anya's Garden,Temple,2007,https://www.fragrantica.com/perfume/Anya-s-Garden/Temple-6956.html
13471,Anya's Garden,White Smoke,2011,https://www.fragrantica.com/perfume/Anya-s-Garden/White-Smoke-14030.html
13472,Anya's Garden,Ylang Tincture 2014,2014,https://www.fragrantica.com/perfume/Anya-s-Garden/Ylang-Tincture-2014-28966.html
13473,AOF,Akhdar Blossom,2025,https://www.fragrantica.com/perfume/AOF/Akhdar-Blossom-102951.html
13474,AOF,Azure Seas,2025,https://www.fragrantica.com/perfume/AOF/Azure-Seas-102953.html
13475,AOF,Majestic Hajar,2025,https://www.fragrantica.com/perfume/AOF/Majestic-Hajar-102952.html
13476,AOF,Salalah’s Essence,2025,https://www.fragrantica.com/perfume/AOF/Salalah-s-Essence-102954.html
13477,AOF,Wahiba Dune,2025,https://www.fragrantica.com/perfume/AOF/Wahiba-Dune-102955.html
13478,*Apartment,A questionable arrangement,2020,https://www.fragrantica.com/perfume/Apartment/A-questionable-arrangement-92498.html
13479,*Apartment,Done in straight lines,2020,https://www.fragrantica.com/perfume/Apartment/Done-in-straight-lines-92504.html
13480,*Apartment,Hydrogen is my favourite element,2020,https://www.fragrantica.com/perfume/Apartment/Hydrogen-is-my-favourite-element-92502.html
13481,*Apartment,Page 128 was missing,2020,https://www.fragrantica.com/perfume/Apartment/Page-128-was-missing-92500.html
13482,*Apartment,Please and thank you,2020,https://www.fragrantica.com/perfume/Apartment/Please-and-thank-you-92503.html
13483,*Apartment,Please wait here,2020,https://www.fragrantica.com/perfume/Apartment/Please-wait-here-92499.html
13484,*Apartment,The other details were hazy,2020,https://www.fragrantica.com/perfume/Apartment/The-other-details-were-hazy-92501.html
13485,Aphorismes by Dominique Ropion,A Rose is a Rose,2024,https://www.fragrantica.com/perfume/Aphorismes-by-Dominique-Ropion/A-Rose-is-a-Rose-99604.html
13486,Aphorismes by Dominique Ropion,Cashmere Clash,2026,https://www.fragrantica.com/perfume/Aphorismes-by-Dominique-Ropion/Cashmere-Clash-134864.html
13487,Aphorismes by Dominique Ropion,Crazy Garden,2024,https://www.fragrantica.com/perfume/Aphorismes-by-Dominique-Ropion/Crazy-Garden-99605.html
13488,Aphorismes by Dominique Ropion,Encens Insensé,2024,https://www.fragrantica.com/perfume/Aphorismes-by-Dominique-Ropion/Encens-Insense-99606.html
13489,Aphorismes by Dominique Ropion,Innocent Tuberose,2024,https://www.fragrantica.com/perfume/Aphorismes-by-Dominique-Ropion/Innocent-Tuberose-99607.html
13490,Aphorismes by Dominique Ropion,My Clémentine,2024,https://www.fragrantica.com/perfume/Aphorismes-by-Dominique-Ropion/My-Clementine-99608.html
13491,Aphorismes by Dominique Ropion,On The Rose Again,2026,https://www.fragrantica.com/perfume/Aphorismes-by-Dominique-Ropion/On-The-Rose-Again-134863.html
13492,Aphorismes by Dominique Ropion,Oud à l’Amour,2024,https://www.fragrantica.com/perfume/Aphorismes-by-Dominique-Ropion/Oud-a-l-Amour-99609.html
13493,Apiarium,Acqua & Sale,,https://www.fragrantica.com/perfume/Apiarium/Acqua-Sale-91786.html
13494,Apiarium,Ambra & Gelsomino,,https://www.fragrantica.com/perfume/Apiarium/Ambra-Gelsomino-91787.html
13495,Apiarium,Bio For Man,,https://www.fragrantica.com/perfume/Apiarium/Bio-For-Man-91788.html
13496,Apiarium,Cedro & Patchouli,,https://www.fragrantica.com/perfume/Apiarium/Cedro-Patchouli-91789.html
13497,Apiarium,Mandarino & Basilico,,https://www.fragrantica.com/perfume/Apiarium/Mandarino-Basilico-91781.html
13498,Apiarium,Orchidea & Riso,,https://www.fragrantica.com/perfume/Apiarium/Orchidea-Riso-91783.html
13499,Apiarium,That's Honey,,https://www.fragrantica.com/perfume/Apiarium/That-s-Honey-91784.html
13500,Apiarium,Vaniglia & Mandorla,,https://www.fragrantica.com/perfume/Apiarium/Vaniglia-Mandorla-91790.html
13501,Apiarium,Wow! Che Scent!,,https://www.fragrantica.com/perfume/Apiarium/Wow-Che-Scent-91791.html
13502,Apivita,Bee My Honey,2019,https://www.fragrantica.com/perfume/Apivita/Bee-My-Honey-57585.html
13503,Apivita,Bergamot Natural Scent,,https://www.fragrantica.com/perfume/Apivita/Bergamot-Natural-Scent-20903.html
13504,Apivita,Citrus Natural Scent,,https://www.fragrantica.com/perfume/Apivita/Citrus-Natural-Scent-20905.html
13505,Apivita,Earth Natural Scent,,https://www.fragrantica.com/perfume/Apivita/Earth-Natural-Scent-20906.html
13506,Apivita,Jasmine Natural Scent,,https://www.fragrantica.com/perfume/Apivita/Jasmine-Natural-Scent-46390.html
13507,Apivita,Lavender Natural Scent,,https://www.fragrantica.com/perfume/Apivita/Lavender-Natural-Scent-20899.html
13508,Apivita,Men's Care Eau De Toilette,,https://www.fragrantica.com/perfume/Apivita/Men-s-Care-Eau-De-Toilette-20907.html
13509,Apivita,Rose Natural Scent,,https://www.fragrantica.com/perfume/Apivita/Rose-Natural-Scent-20900.html
13510,Apivita,Spice Natural Scent,,https://www.fragrantica.com/perfume/Apivita/Spice-Natural-Scent-20902.html
13511,Apivita,Vanilla Natural Scent,,https://www.fragrantica.com/perfume/Apivita/Vanilla-Natural-Scent-20904.html
13512,Apivita,Wood Natural Scent,,https://www.fragrantica.com/perfume/Apivita/Wood-Natural-Scent-20901.html
13513,Aplomb,Akiko Mori,2026,https://www.fragrantica.com/perfume/Aplomb/Akiko-Mori-131891.html
13514,Aplomb,January 5,2026,https://www.fragrantica.com/perfume/Aplomb/January-5-131893.html
13515,Aplomb,Moi,2026,https://www.fragrantica.com/perfume/Aplomb/Moi-131892.html
13516,Apolis,Cypress Fig,2016,https://www.fragrantica.com/perfume/Apolis/Cypress-Fig-42188.html
13517,Apoteker Tepe,After the Flood,2015,https://www.fragrantica.com/perfume/Apoteker-Tepe/After-the-Flood-33603.html
13518,Apoteker Tepe,Anabasis,2015,https://www.fragrantica.com/perfume/Apoteker-Tepe/Anabasis-33608.html
13519,Apoteker Tepe,Karasu,2016,https://www.fragrantica.com/perfume/Apoteker-Tepe/Karasu-38581.html
13520,Apoteker Tepe,Kogen,2026,https://www.fragrantica.com/perfume/Apoteker-Tepe/Kogen-138023.html
13521,Apoteker Tepe,Pale Fire,2016,https://www.fragrantica.com/perfume/Apoteker-Tepe/Pale-Fire-38580.html
13522,Apoteker Tepe,The Holy Mountain,2015,https://www.fragrantica.com/perfume/Apoteker-Tepe/The-Holy-Mountain-33606.html
13523,Apoteker Tepe,The Peradam,2015,https://www.fragrantica.com/perfume/Apoteker-Tepe/The-Peradam-33605.html
13524,Apotheca,Citrus Viridi,2019,https://www.fragrantica.com/perfume/Apotheca/Citrus-Viridi-55055.html
13525,Apotheca,Immortalitas,2016,https://www.fragrantica.com/perfume/Apotheca/Immortalitas-55054.html
13526,Apotheca,Silva,2019,https://www.fragrantica.com/perfume/Apotheca/Silva-55057.html
13527,Apotheca,Tuberosa,2019,https://www.fragrantica.com/perfume/Apotheca/Tuberosa-55058.html
13528,Apotheca,Vipera,2019,https://www.fragrantica.com/perfume/Apotheca/Vipera-55056.html
13529,Apothia,Bronzed,2015,https://www.fragrantica.com/perfume/Apothia/Bronzed-34855.html
13530,Apothia,CA The California,2021,https://www.fragrantica.com/perfume/Apothia/CA-The-California-69433.html
13531,Apothia,IF,2005,https://www.fragrantica.com/perfume/Apothia/IF-6734.html
13532,Apothia,L Eau de Parfum,2006,https://www.fragrantica.com/perfume/Apothia/L-Eau-de-Parfum-6735.html
13533,Apothia,Pearl,2009,https://www.fragrantica.com/perfume/Apothia/Pearl-5470.html
13534,Apothia,Velvet Rope,2005,https://www.fragrantica.com/perfume/Apothia/Velvet-Rope-6736.html
13535,Apple Beauty,Cinderella,,https://www.fragrantica.com/perfume/Apple-Beauty/Cinderella-50068.html
13536,Apple Beauty,Hustler Muse,2021,https://www.fragrantica.com/perfume/Apple-Beauty/Hustler-Muse-82866.html
13537,Apple Beauty,Whatever It Takes Daniel Craig,2013,https://www.fragrantica.com/perfume/Apple-Beauty/Whatever-It-Takes-Daniel-Craig-58974.html
13538,Apple Beauty,Whatever It Takes George Clooney Eau de Toilette,2013,https://www.fragrantica.com/perfume/Apple-Beauty/Whatever-It-Takes-George-Clooney-Eau-de-Toilette-50067.html
13539,Apple Beauty,Whatever It Takes Kanye West,2013,https://www.fragrantica.com/perfume/Apple-Beauty/Whatever-It-Takes-Kanye-West-58972.html
13540,Apple Beauty,Whatever It Takes Kesha,,https://www.fragrantica.com/perfume/Apple-Beauty/Whatever-It-Takes-Kesha-58976.html
13541,Apple Beauty,Whatever It Takes Lucy Liu,2013,https://www.fragrantica.com/perfume/Apple-Beauty/Whatever-It-Takes-Lucy-Liu-58975.html
13542,Apple Beauty,Whatever It Takes Pink,2013,https://www.fragrantica.com/perfume/Apple-Beauty/Whatever-It-Takes-Pink-58973.html
13543,Apple Parfums,Absinth,,https://www.fragrantica.com/perfume/Apple-Parfums/Absinth-27024.html
13544,Apple Parfums,Actress Blue Light,,https://www.fragrantica.com/perfume/Apple-Parfums/Actress-Blue-Light-27140.html
13545,Apple Parfums,Actress Cristalle,,https://www.fragrantica.com/perfume/Apple-Parfums/Actress-Cristalle-27145.html
13546,Apple Parfums,Actress D'Amor,,https://www.fragrantica.com/perfume/Apple-Parfums/Actress-D-Amor-27141.html
13547,Apple Parfums,Actress Delicate,,https://www.fragrantica.com/perfume/Apple-Parfums/Actress-Delicate-27142.html
13548,Apple Parfums,Actress Femme,,https://www.fragrantica.com/perfume/Apple-Parfums/Actress-Femme-27143.html
13549,Apple Parfums,Actress Pink Apple,,https://www.fragrantica.com/perfume/Apple-Parfums/Actress-Pink-Apple-27147.html
13550,Apple Parfums,Actress Pretence,,https://www.fragrantica.com/perfume/Apple-Parfums/Actress-Pretence-27144.html
13551,Apple Parfums,Actress Viole D'Eclat,,https://www.fragrantica.com/perfume/Apple-Parfums/Actress-Viole-D-Eclat-27146.html
13552,Apple Parfums,Alaska,,https://www.fragrantica.com/perfume/Apple-Parfums/Alaska-27022.html
13553,Apple Parfums,Apple Just Silver,2017,https://www.fragrantica.com/perfume/Apple-Parfums/Apple-Just-Silver-47372.html
13554,Apple Parfums,Apple Pour Homme All Black,,https://www.fragrantica.com/perfume/Apple-Parfums/Apple-Pour-Homme-All-Black-27091.html
13555,Apple Parfums,Apple Pour Homme Cool Gray,,https://www.fragrantica.com/perfume/Apple-Parfums/Apple-Pour-Homme-Cool-Gray-27089.html
13556,Apple Parfums,Apple Pour Homme Navy Style,,https://www.fragrantica.com/perfume/Apple-Parfums/Apple-Pour-Homme-Navy-Style-27090.html
13557,Apple Parfums,Apple Simply Me,2017,https://www.fragrantica.com/perfume/Apple-Parfums/Apple-Simply-Me-47370.html
13558,Apple Parfums,Aqua Amore,,https://www.fragrantica.com/perfume/Apple-Parfums/Aqua-Amore-27132.html
13559,Apple Parfums,Aqua Azzuro,,https://www.fragrantica.com/perfume/Apple-Parfums/Aqua-Azzuro-27134.html
13560,Apple Parfums,Aqua Di Mare,,https://www.fragrantica.com/perfume/Apple-Parfums/Aqua-Di-Mare-27136.html
13561,Apple Parfums,Aqua Dolche,,https://www.fragrantica.com/perfume/Apple-Parfums/Aqua-Dolche-27135.html
13562,Apple Parfums,Aqua Fresca,,https://www.fragrantica.com/perfume/Apple-Parfums/Aqua-Fresca-27133.html
13563,Apple Parfums,B-52,,https://www.fragrantica.com/perfume/Apple-Parfums/B-52-27021.html
13564,Apple Parfums,Black,,https://www.fragrantica.com/perfume/Apple-Parfums/Black-27050.html
13565,Apple Parfums,Black Rose (Черная Роза),2010,https://www.fragrantica.com/perfume/Apple-Parfums/Black-Rose-Cernaa-Roza-27073.html
13566,Apple Parfums,Black Russian,,https://www.fragrantica.com/perfume/Apple-Parfums/Black-Russian-27023.html
13567,Apple Parfums,Bloody Mary,2009,https://www.fragrantica.com/perfume/Apple-Parfums/Bloody-Mary-26847.html
13568,Apple Parfums,Blue Lable,,https://www.fragrantica.com/perfume/Apple-Parfums/Blue-Lable-27052.html
13569,Apple Parfums,Blue Laguna,,https://www.fragrantica.com/perfume/Apple-Parfums/Blue-Laguna-37830.html
13570,Apple Parfums,Blue Madam Amor,,https://www.fragrantica.com/perfume/Apple-Parfums/Blue-Madam-Amor-27013.html
13571,Apple Parfums,Blue Madam D'or,,https://www.fragrantica.com/perfume/Apple-Parfums/Blue-Madam-D-or-27011.html
13572,Apple Parfums,Blue Madam Light,,https://www.fragrantica.com/perfume/Apple-Parfums/Blue-Madam-Light-27014.html
13573,Apple Parfums,Blue Madam Noir,,https://www.fragrantica.com/perfume/Apple-Parfums/Blue-Madam-Noir-27015.html
13574,Apple Parfums,Blue Madam Original,,https://www.fragrantica.com/perfume/Apple-Parfums/Blue-Madam-Original-27012.html
13575,Apple Parfums,Bright Flight,,https://www.fragrantica.com/perfume/Apple-Parfums/Bright-Flight-26837.html
13576,Apple Parfums,Couture Chantilly,,https://www.fragrantica.com/perfume/Apple-Parfums/Couture-Chantilly-27139.html
13577,Apple Parfums,Couture Chifon,,https://www.fragrantica.com/perfume/Apple-Parfums/Couture-Chifon-27138.html
13578,Apple Parfums,Couture Organza,,https://www.fragrantica.com/perfume/Apple-Parfums/Couture-Organza-27137.html
13579,Apple Parfums,Daiquiri,2009,https://www.fragrantica.com/perfume/Apple-Parfums/Daiquiri-26846.html
13580,Apple Parfums,Diamond,2009,https://www.fragrantica.com/perfume/Apple-Parfums/Diamond-26853.html
13581,Apple Parfums,Energy,,https://www.fragrantica.com/perfume/Apple-Parfums/Energy-27049.html
13582,Apple Parfums,Evening Rose (Вечерняя Роза),2010,https://www.fragrantica.com/perfume/Apple-Parfums/Evening-Rose-Vecernaa-Roza-27070.html
13583,Apple Parfums,Fantasy Flight,,https://www.fragrantica.com/perfume/Apple-Parfums/Fantasy-Flight-26844.html
13584,Apple Parfums,Fresh Amor,,https://www.fragrantica.com/perfume/Apple-Parfums/Fresh-Amor-27152.html
13585,Apple Parfums,Fresh Blue,,https://www.fragrantica.com/perfume/Apple-Parfums/Fresh-Blue-27151.html
13586,Apple Parfums,Fresh D'Amor,,https://www.fragrantica.com/perfume/Apple-Parfums/Fresh-D-Amor-27148.html
13587,Apple Parfums,Fresh D'Or,,https://www.fragrantica.com/perfume/Apple-Parfums/Fresh-D-Or-27153.html
13588,Apple Parfums,Fresh Idea,,https://www.fragrantica.com/perfume/Apple-Parfums/Fresh-Idea-38937.html
13589,Apple Parfums,Fresh L'eau Par Fresh,,https://www.fragrantica.com/perfume/Apple-Parfums/Fresh-L-eau-Par-Fresh-27149.html
13590,Apple Parfums,Fresh of Pink,,https://www.fragrantica.com/perfume/Apple-Parfums/Fresh-of-Pink-27150.html
13591,Apple Parfums,Gold Prime,,https://www.fragrantica.com/perfume/Apple-Parfums/Gold-Prime-38938.html
13592,Apple Parfums,Golden Rose (Золотая Роза),2010,https://www.fragrantica.com/perfume/Apple-Parfums/Golden-Rose-Zolotaa-Roza-27071.html
13593,Apple Parfums,Happy Man,,https://www.fragrantica.com/perfume/Apple-Parfums/Happy-Man-27054.html
13594,Apple Parfums,High Flight,,https://www.fragrantica.com/perfume/Apple-Parfums/High-Flight-26836.html
13595,Apple Parfums,Kamikadze,,https://www.fragrantica.com/perfume/Apple-Parfums/Kamikadze-27020.html
13596,Apple Parfums,Ladies Caprice,,https://www.fragrantica.com/perfume/Apple-Parfums/Ladies-Caprice-38939.html
13597,Apple Parfums,Light,2013,https://www.fragrantica.com/perfume/Apple-Parfums/Light-27061.html
13598,Apple Parfums,Light Flight,,https://www.fragrantica.com/perfume/Apple-Parfums/Light-Flight-26838.html
13599,Apple Parfums,Love,2013,https://www.fragrantica.com/perfume/Apple-Parfums/Love-27062.html
13600,Apple Parfums,Mai Tai,2009,https://www.fragrantica.com/perfume/Apple-Parfums/Mai-Tai-26850.html
13601,Apple Parfums,Margarita,2009,https://www.fragrantica.com/perfume/Apple-Parfums/Margarita-26852.html
13602,Apple Parfums,Mon Jardin Dolce,2014,https://www.fragrantica.com/perfume/Apple-Parfums/Mon-Jardin-Dolce-27086.html
13603,Apple Parfums,Mon Jardin Fresca,2014,https://www.fragrantica.com/perfume/Apple-Parfums/Mon-Jardin-Fresca-27087.html
13604,Apple Parfums,Mon Jardin Notta,2014,https://www.fragrantica.com/perfume/Apple-Parfums/Mon-Jardin-Notta-27088.html
13605,Apple Parfums,Mon Jardin Pomme L'amour,,https://www.fragrantica.com/perfume/Apple-Parfums/Mon-Jardin-Pomme-L-amour-27156.html
13606,Apple Parfums,Mon Jardin Pomme L'emeraude,,https://www.fragrantica.com/perfume/Apple-Parfums/Mon-Jardin-Pomme-L-emeraude-27155.html
13607,Apple Parfums,Mon Jardin Pomme Les Perles,,https://www.fragrantica.com/perfume/Apple-Parfums/Mon-Jardin-Pomme-Les-Perles-27154.html
13608,Apple Parfums,My Cherry,,https://www.fragrantica.com/perfume/Apple-Parfums/My-Cherry-27048.html
13609,Apple Parfums,My Floret,,https://www.fragrantica.com/perfume/Apple-Parfums/My-Floret-27046.html
13610,Apple Parfums,My Love,,https://www.fragrantica.com/perfume/Apple-Parfums/My-Love-27044.html
13611,Apple Parfums,My Sweet,,https://www.fragrantica.com/perfume/Apple-Parfums/My-Sweet-27045.html
13612,Apple Parfums,My Tender,,https://www.fragrantica.com/perfume/Apple-Parfums/My-Tender-27047.html
13613,Apple Parfums,Night,2013,https://www.fragrantica.com/perfume/Apple-Parfums/Night-27063.html
13614,Apple Parfums,Night Flight,,https://www.fragrantica.com/perfume/Apple-Parfums/Night-Flight-26839.html
13615,Apple Parfums,Pina Colada,2009,https://www.fragrantica.com/perfume/Apple-Parfums/Pina-Colada-26849.html
13616,Apple Parfums,Pink Dream,,https://www.fragrantica.com/perfume/Apple-Parfums/Pink-Dream-38940.html
13617,Apple Parfums,Platinum,,https://www.fragrantica.com/perfume/Apple-Parfums/Platinum-27051.html
13618,Apple Parfums,Platinum Passion,2009,https://www.fragrantica.com/perfume/Apple-Parfums/Platinum-Passion-26851.html
13619,Apple Parfums,Playgirl Party,,https://www.fragrantica.com/perfume/Apple-Parfums/Playgirl-Party-37634.html
13620,Apple Parfums,Playgirl Randevu,,https://www.fragrantica.com/perfume/Apple-Parfums/Playgirl-Randevu-37633.html
13621,Apple Parfums,Playgirl Voyage,,https://www.fragrantica.com/perfume/Apple-Parfums/Playgirl-Voyage-37632.html
13622,Apple Parfums,Praline Caprice,,https://www.fragrantica.com/perfume/Apple-Parfums/Praline-Caprice-27010.html
13623,Apple Parfums,Praline Delice,,https://www.fragrantica.com/perfume/Apple-Parfums/Praline-Delice-27009.html
13624,Apple Parfums,Praline Joe,,https://www.fragrantica.com/perfume/Apple-Parfums/Praline-Joe-27008.html
13625,Apple Parfums,Red,2013,https://www.fragrantica.com/perfume/Apple-Parfums/Red-27064.html
13626,Apple Parfums,Red Rose (Красная Роза),2010,https://www.fragrantica.com/perfume/Apple-Parfums/Red-Rose-Krasnaa-Roza-27072.html
13627,Apple Parfums,Right Flight,,https://www.fragrantica.com/perfume/Apple-Parfums/Right-Flight-26841.html
13628,Apple Parfums,Sex on The Beach,2009,https://www.fragrantica.com/perfume/Apple-Parfums/Sex-on-The-Beach-26848.html
13629,Apple Parfums,Shark Aggressive,,https://www.fragrantica.com/perfume/Apple-Parfums/Shark-Aggressive-27093.html
13630,Apple Parfums,Shark Atack,,https://www.fragrantica.com/perfume/Apple-Parfums/Shark-Atack-27092.html
13631,Apple Parfums,Shark Black,,https://www.fragrantica.com/perfume/Apple-Parfums/Shark-Black-27094.html
13632,Apple Parfums,Sport,,https://www.fragrantica.com/perfume/Apple-Parfums/Sport-27053.html
13633,Apple Parfums,Susanna Princess in Blue,,https://www.fragrantica.com/perfume/Apple-Parfums/Susanna-Princess-in-Blue-37063.html
13634,Apple Parfums,Susanna Princess in Gold,,https://www.fragrantica.com/perfume/Apple-Parfums/Susanna-Princess-in-Gold-37064.html
13635,Apple Parfums,Susanna Princess in Pink,,https://www.fragrantica.com/perfume/Apple-Parfums/Susanna-Princess-in-Pink-37065.html
13636,Apple Parfums,Susanna Princess in Red,,https://www.fragrantica.com/perfume/Apple-Parfums/Susanna-Princess-in-Red-37066.html
13637,Apple Parfums,Susanna Princess in Shine,,https://www.fragrantica.com/perfume/Apple-Parfums/Susanna-Princess-in-Shine-37067.html
13638,Apple Parfums,Sweet,2013,https://www.fragrantica.com/perfume/Apple-Parfums/Sweet-27065.html
13639,Apple Parfums,Ultra Flight,,https://www.fragrantica.com/perfume/Apple-Parfums/Ultra-Flight-26842.html
13640,Apple Parfums,White Flight,,https://www.fragrantica.com/perfume/Apple-Parfums/White-Flight-26840.html
13641,Apple Parfums,White Rose (Белая Роза),2010,https://www.fragrantica.com/perfume/Apple-Parfums/White-Rose-Belaa-Roza-27069.html
13642,Appointment With Future,A+,2020,https://www.fragrantica.com/perfume/Appointment-With-Future/A-98918.html
13643,Appointment With Future,Forenoon,2020,https://www.fragrantica.com/perfume/Appointment-With-Future/Forenoon-106827.html
13644,Appuntamento con... i profumi,Ar.ac.ne,2021,https://www.fragrantica.com/perfume/Appuntamento-con-i-profumi/Ar-ac-ne-83424.html
13645,Appuntamento con... i profumi,Au.re.lio,2021,https://www.fragrantica.com/perfume/Appuntamento-con-i-profumi/Au-re-lio-83425.html
13646,Appuntamento con... i profumi,Cesa.rina,2021,https://www.fragrantica.com/perfume/Appuntamento-con-i-profumi/Cesa-rina-83426.html
13647,Appuntamento con... i profumi,Cle.an.te,2021,https://www.fragrantica.com/perfume/Appuntamento-con-i-profumi/Cle-an-te-83428.html
13648,Appuntamento con... i profumi,Mar.zia.le,2021,https://www.fragrantica.com/perfume/Appuntamento-con-i-profumi/Mar-zia-le-83429.html
13649,Appuntamento con... i profumi,Me.dea,2021,https://www.fragrantica.com/perfume/Appuntamento-con-i-profumi/Me-dea-83430.html
13650,Appuntamento con... i profumi,Ta.ci.to,2021,https://www.fragrantica.com/perfume/Appuntamento-con-i-profumi/Ta-ci-to-83431.html
13651,Appuntamento con... i profumi,Vi.to,2021,https://www.fragrantica.com/perfume/Appuntamento-con-i-profumi/Vi-to-83432.html
13652,Aprifume,Celestial,2025,https://www.fragrantica.com/perfume/Aprifume/Celestial-134612.html
13653,Aprifume,Eden,2025,https://www.fragrantica.com/perfume/Aprifume/Eden-134613.html
13654,Aprifume,Moses,2025,https://www.fragrantica.com/perfume/Aprifume/Moses-134615.html
13655,April Aromatics,Agartha,2016,https://www.fragrantica.com/perfume/April-Aromatics/Agartha-42478.html
13656,April Aromatics,Bohemian Spice,2011,https://www.fragrantica.com/perfume/April-Aromatics/Bohemian-Spice-13149.html
13657,April Aromatics,Calling All Angels,2013,https://www.fragrantica.com/perfume/April-Aromatics/Calling-All-Angels-17514.html
13658,April Aromatics,Coco n'Amour,2023,https://www.fragrantica.com/perfume/April-Aromatics/Coco-n-Amour-87301.html
13659,April Aromatics,Crown Chakra Oil,,https://www.fragrantica.com/perfume/April-Aromatics/Crown-Chakra-Oil-8177.html
13660,April Aromatics,Erdenstern,2014,https://www.fragrantica.com/perfume/April-Aromatics/Erdenstern-29094.html
13661,April Aromatics,Heart Chakra Oil,,https://www.fragrantica.com/perfume/April-Aromatics/Heart-Chakra-Oil-8178.html
13662,April Aromatics,Irisistible,2018,https://www.fragrantica.com/perfume/April-Aromatics/Irisistible-52511.html
13663,April Aromatics,Jasmina,2012,https://www.fragrantica.com/perfume/April-Aromatics/Jasmina-14691.html
13664,April Aromatics,Jasmina Oil Perfume (Parfum),,https://www.fragrantica.com/perfume/April-Aromatics/Jasmina-Oil-Perfume-8120.html
13665,April Aromatics,Lavandeluce,2019,https://www.fragrantica.com/perfume/April-Aromatics/Lavandeluce-67597.html
13666,April Aromatics,Lindenblossom Oil Perfume (Parfum),,https://www.fragrantica.com/perfume/April-Aromatics/Lindenblossom-Oil-Perfume-8119.html
13667,April Aromatics,Liquid Dreams,2012,https://www.fragrantica.com/perfume/April-Aromatics/Liquid-Dreams-14688.html
13668,April Aromatics,Lost in Roses,2022,https://www.fragrantica.com/perfume/April-Aromatics/Lost-in-Roses-78373.html
13669,April Aromatics,Lotus Rising,2020,https://www.fragrantica.com/perfume/April-Aromatics/Lotus-Rising-64139.html
13670,April Aromatics,Navel Chakra Oil,,https://www.fragrantica.com/perfume/April-Aromatics/Navel-Chakra-Oil-8179.html
13671,April Aromatics,Nectar of Love,2012,https://www.fragrantica.com/perfume/April-Aromatics/Nectar-of-Love-14686.html
13672,April Aromatics,Nectar Of Love Oil Perfume (Parfum),,https://www.fragrantica.com/perfume/April-Aromatics/Nectar-Of-Love-Oil-Perfume-8122.html
13673,April Aromatics,Pink Wood,2017,https://www.fragrantica.com/perfume/April-Aromatics/Pink-Wood-46926.html
13674,April Aromatics,Precious Woods,2012,https://www.fragrantica.com/perfume/April-Aromatics/Precious-Woods-14693.html
13675,April Aromatics,Precious Woods Oil Perfume (Parfum),,https://www.fragrantica.com/perfume/April-Aromatics/Precious-Woods-Oil-Perfume-8124.html
13676,April Aromatics,Purple Reign,2015,https://www.fragrantica.com/perfume/April-Aromatics/Purple-Reign-34145.html
13677,April Aromatics,Ray Of Light,2014,https://www.fragrantica.com/perfume/April-Aromatics/Ray-Of-Light-27060.html
13678,April Aromatics,Root Chakra Oil,,https://www.fragrantica.com/perfume/April-Aromatics/Root-Chakra-Oil-8180.html
13679,April Aromatics,Rose Bouquet Oil Perfume (Parfum),,https://www.fragrantica.com/perfume/April-Aromatics/Rose-Bouquet-Oil-Perfume-8118.html
13680,April Aromatics,Rose L’Orange,2012,https://www.fragrantica.com/perfume/April-Aromatics/Rose-L-Orange-14687.html
13681,April Aromatics,Rose L'Orange Oil Perfume (Parfum),,https://www.fragrantica.com/perfume/April-Aromatics/Rose-L-Orange-Oil-Perfume-8117.html
13682,April Aromatics,Rosenlust,2012,https://www.fragrantica.com/perfume/April-Aromatics/Rosenlust-14690.html
13683,April Aromatics,Scent of Many Colors,2023,https://www.fragrantica.com/perfume/April-Aromatics/Scent-of-Many-Colors-88425.html
13684,April Aromatics,Solar Plexus Chakra Oil,,https://www.fragrantica.com/perfume/April-Aromatics/Solar-Plexus-Chakra-Oil-8181.html
13685,April Aromatics,Spice Blend Oil Perfume (Parfum),,https://www.fragrantica.com/perfume/April-Aromatics/Spice-Blend-Oil-Perfume-8123.html
13686,April Aromatics,Spring Dreams Oil Perfume (Parfum),,https://www.fragrantica.com/perfume/April-Aromatics/Spring-Dreams-Oil-Perfume-8121.html
13687,April Aromatics,Strawberry Fields,2026,https://www.fragrantica.com/perfume/April-Aromatics/Strawberry-Fields-139914.html
13688,April Aromatics,Tempted Muse,2015,https://www.fragrantica.com/perfume/April-Aromatics/Tempted-Muse-30464.html
13689,April Aromatics,Third Eye Chakra Oil,,https://www.fragrantica.com/perfume/April-Aromatics/Third-Eye-Chakra-Oil-8182.html
13690,April Aromatics,Throat Chakra Oil,,https://www.fragrantica.com/perfume/April-Aromatics/Throat-Chakra-Oil-8183.html
13691,April Aromatics,Unter den Linden,,https://www.fragrantica.com/perfume/April-Aromatics/Unter-den-Linden-26392.html
13692,April Aromatics,Vanilicious,2020,https://www.fragrantica.com/perfume/April-Aromatics/Vanilicious-64309.html
13693,April Aromatics,Vetiver Coeur,2019,https://www.fragrantica.com/perfume/April-Aromatics/Vetiver-Coeur-58418.html
13694,April Aromatics,Wild Summer Crush,2021,https://www.fragrantica.com/perfume/April-Aromatics/Wild-Summer-Crush-70814.html
13695,aptuum,Forbidden Feast,2025,https://www.fragrantica.com/perfume/aptuum/Forbidden-Feast-122267.html
13696,aptuum,Piel de Nopal,2025,https://www.fragrantica.com/perfume/aptuum/Piel-de-Nopal-122268.html
13697,Aqaba,Aqaba Classic,1998,https://www.fragrantica.com/perfume/Aqaba/Aqaba-Classic-2265.html
13698,Aqaba,Aqaba for Men,2006,https://www.fragrantica.com/perfume/Aqaba/Aqaba-for-Men-7239.html
13699,Aqaba,AQABA for Men II,2013,https://www.fragrantica.com/perfume/Aqaba/AQABA-for-Men-II-26865.html
13700,Aqaba,Aqaba Oud Black,2017,https://www.fragrantica.com/perfume/Aqaba/Aqaba-Oud-Black-44487.html
13701,Aqaba,Aqaba Spring,2005,https://www.fragrantica.com/perfume/Aqaba/Aqaba-Spring-2266.html
13702,Aqaba,Jewels of Blu,2007,https://www.fragrantica.com/perfume/Aqaba/Jewels-of-Blu-2267.html
13703,Aqaba,Midnight Sun,2007,https://www.fragrantica.com/perfume/Aqaba/Midnight-Sun-2268.html
13704,Aqaba,The Sands of Aqaba,2007,https://www.fragrantica.com/perfume/Aqaba/The-Sands-of-Aqaba-2269.html
13705,Aqaba,The Wedding: Black,2018,https://www.fragrantica.com/perfume/Aqaba/The-Wedding-Black-49711.html
13706,Aqaba,The Wedding: Red,2018,https://www.fragrantica.com/perfume/Aqaba/The-Wedding-Red-49712.html
13707,Aqaba,The Wedding: White,2018,https://www.fragrantica.com/perfume/Aqaba/The-Wedding-White-49710.html
13708,Aqaba,Vie d'Amour,2013,https://www.fragrantica.com/perfume/Aqaba/Vie-d-Amour-26864.html
13709,Aqaba,Vie d'Amour Men,2015,https://www.fragrantica.com/perfume/Aqaba/Vie-d-Amour-Men-34393.html
13710,Aqua Arabia,Code,2023,https://www.fragrantica.com/perfume/Aqua-Arabia/Code-101026.html
13711,Aqua Arabia,Icon,2023,https://www.fragrantica.com/perfume/Aqua-Arabia/Icon-101027.html
13712,Aqua Arabia,Live,2023,https://www.fragrantica.com/perfume/Aqua-Arabia/Live-101025.html
13713,Aqua di Jesolo,Lungomare,,https://www.fragrantica.com/perfume/Aqua-di-Jesolo/Lungomare-56143.html
13714,Aqua di Jesolo,Rosso Veneziano,,https://www.fragrantica.com/perfume/Aqua-di-Jesolo/Rosso-Veneziano-56141.html
13715,Aqua di Jesolo,Voglio Vivere Cosi,,https://www.fragrantica.com/perfume/Aqua-di-Jesolo/Voglio-Vivere-Cosi-56142.html
13716,Aqua di Polo,Bamboo Green Tea,1983,https://www.parfumo.com/Perfumes/aqua-di-polo/bamboo-green-tea
13717,Aqua di Polo,Bolsena,2007,https://www.parfumo.com/Perfumes/aqua-di-polo/bolsena
13718,Aqua di Polo,Bolsena Sense,,https://www.parfumo.com/Perfumes/aqua-di-polo/bolsena-sense
13719,Aqua di Polo,D Desire,2015,https://www.parfumo.com/Perfumes/aqua-di-polo/d-desire
13720,Aqua di Polo,Deep Love,2007,https://www.parfumo.com/Perfumes/aqua-di-polo/deep-love
13721,Aqua di Polo,Dolcedorme Extreme,,https://www.parfumo.com/Perfumes/aqua-di-polo/dolcedorme-extreme
13722,Aqua di Polo,Dolcedorme Initial,,https://www.parfumo.com/Perfumes/aqua-di-polo/dolcedorme-initial
13723,Aqua di Polo,Fioritura Green,2004,https://www.parfumo.com/Perfumes/aqua-di-polo/fioritura-green
13724,Aqua di Polo,Fioritura Purple,2008,https://www.parfumo.com/Perfumes/aqua-di-polo/fioritura-purple
13725,Aqua di Ponza,Aqua di Ponza,2009,https://www.fragrantica.com/perfume/Aqua-di-Ponza/Aqua-di-Ponza-12076.html
13726,Aqua di Ponza,Aqua di Ponza Profumo,2015,https://www.fragrantica.com/perfume/Aqua-di-Ponza/Aqua-di-Ponza-Profumo-34342.html
13727,Aqua di Sorrento,Partenope,2024,https://www.fragrantica.com/perfume/Aqua-di-Sorrento/Partenope-105924.html
13728,Aqua di Sorrento,Posillipo,2024,https://www.fragrantica.com/perfume/Aqua-di-Sorrento/Posillipo-105923.html
13729,Aqua di Sorrento,Sirenide,2025,https://www.fragrantica.com/perfume/Aqua-di-Sorrento/Sirenide-105925.html
13730,Aqua Dos Açores Atlantic Ocean,Azul,2019,https://www.fragrantica.com/perfume/Aqua-Dos-Acores-Atlantic-Ocean/Azul-56965.html
13731,Aqua Dos Açores Atlantic Ocean,Canto,,https://www.fragrantica.com/perfume/Aqua-Dos-Acores-Atlantic-Ocean/Canto-89878.html
13732,Aqua Dos Açores Atlantic Ocean,Flores,2019,https://www.fragrantica.com/perfume/Aqua-Dos-Acores-Atlantic-Ocean/Flores-56964.html
13733,Aqua Perfume Atelier,Yalda Maah Moon,2020,https://www.fragrantica.com/perfume/Aqua-Perfume-Atelier/Yalda-Maah-Moon-64703.html
13734,Aqua Perfume Atelier,Yalda Mehr Sun,2020,https://www.fragrantica.com/perfume/Aqua-Perfume-Atelier/Yalda-Mehr-Sun-64704.html
13735,Aqua Rwanda,Aqua Rwanda,2018,https://www.fragrantica.com/perfume/Aqua-Rwanda/Aqua-Rwanda-59486.html
13736,Aqua Rwanda,Aqua Rwanda Parfum Intense,2018,https://www.fragrantica.com/perfume/Aqua-Rwanda/Aqua-Rwanda-Parfum-Intense-59487.html
13737,Aqua Savon,Aoharu,,https://www.fragrantica.com/perfume/Aqua-Savon/Aoharu-112249.html
13738,Aqua Savon,Aoharu Hair & Body Mist,,https://www.fragrantica.com/perfume/Aqua-Savon/Aoharu-Hair-Body-Mist-112257.html
13739,Aqua Savon,Aqua Savon co-Trip - The Scent of Karuizawa アクア シャボン ことりっぷ 軽井沢の香り,1984,https://www.parfumo.com/Perfumes/Aqua_Savon/Aqua_Savon_co_Trip__The_Scent_of_Karuizawa____
13740,Aqua Savon,Aqua Savon co-Trip - The Scent of Nordic Countries アクア シャボン ことりっぷ 北欧の香り,,https://www.parfumo.com/Perfumes/Aqua_Savon/Aqua_Savon_co_Trip__The_Scent_of_Nordic_Countries____
13741,Aqua Savon,Aqua Savon Eau de Toilette,,https://www.fragrantica.com/perfume/Aqua-Savon/Aqua-Savon-Eau-de-Toilette-112231.html
13742,Aqua Savon,Aqua Savon Spa Collection - Chamomile,2017,https://www.fragrantica.com/perfume/Aqua-Savon/Aqua-Savon-Spa-Collection-Chamomile-112464.html
13743,Aqua Savon,Aqua Savon Spa Collection - Lemongrass,2017,https://www.fragrantica.com/perfume/Aqua-Savon/Aqua-Savon-Spa-Collection-Lemongrass-112463.html
13744,Aqua Savon,Aqua Savon Spa Collection - Plumeria,2015,https://www.fragrantica.com/perfume/Aqua-Savon/Aqua-Savon-Spa-Collection-Plumeria-112460.html
13745,Aqua Savon,Aqua Savon Spa Collection - Rose,2015,https://www.fragrantica.com/perfume/Aqua-Savon/Aqua-Savon-Spa-Collection-Rose-112462.html
13746,Aqua Savon,Aqua Savon Spa Collection - Yuzu,2015,https://www.fragrantica.com/perfume/Aqua-Savon/Aqua-Savon-Spa-Collection-Yuzu-112461.html
13747,Aqua Savon,Aqua Savon Sports №01 アクア シャボン スポーツ No.1,2015,https://www.parfumo.com/Perfumes/Aqua_Savon/Aqua_Savon_Sports_01____No_1
13748,Aqua Savon,Aqua Savon Sports №02 アクア シャボン スポーツ No.2,,https://www.parfumo.com/Perfumes/Aqua_Savon/Aqua_Savon_Sports_02____No_2
13749,Aqua Savon,Aqua Savon Sports №03 アクア シャボン スポーツ No.3,2007,https://www.parfumo.com/Perfumes/Aqua_Savon/Aqua_Savon_Sports_03____No_3
13750,Aqua Savon,Aromatic Time,,https://www.fragrantica.com/perfume/Aqua-Savon/Aromatic-Time-112244.html
13751,Aqua Savon,Bath Time バスタイムの香り Aqua Savon / アクア シャボン 2006 Hair & Body Mist,2006,https://www.parfumo.com/Perfumes/Aqua_Savon/bath-time-2015-hair-body-mist
13752,Aqua Savon,Bath Time (Eau de Toilette),2014,https://www.fragrantica.com/perfume/Aqua-Savon/Bath-Time-112467.html
13753,Aqua Savon,Chardonnay,2024,https://www.fragrantica.com/perfume/Aqua-Savon/Chardonnay-112236.html
13754,Aqua Savon,Citrus Forest Eau de Parfum,,https://www.fragrantica.com/perfume/Aqua-Savon/Citrus-Forest-Eau-de-Parfum-112230.html
13755,Aqua Savon,Citrus Forest Eau de Toilette,2025,https://www.fragrantica.com/perfume/Aqua-Savon/Citrus-Forest-Eau-de-Toilette-112228.html
13756,Aqua Savon,Citrus Spa,,https://www.fragrantica.com/perfume/Aqua-Savon/Citrus-Spa-112242.html
13757,Aqua Savon,Emerald Soap (Eau de Toilette),,https://www.fragrantica.com/perfume/Aqua-Savon/Emerald-Soap-112235.html
13758,Aqua Savon,Emerald Soap Hair & Body Mist,,https://www.fragrantica.com/perfume/Aqua-Savon/Emerald-Soap-Hair-Body-Mist-112254.html
13759,Aqua Savon,Famous Savon,,https://www.fragrantica.com/perfume/Aqua-Savon/Famous-Savon-112246.html
13760,Aqua Savon,Favorite Savon Hair & Body Mist,,https://www.fragrantica.com/perfume/Aqua-Savon/Favorite-Savon-Hair-Body-Mist-112252.html
13761,Aqua Savon,Favorite Soap (Eau de Toilette),,https://www.fragrantica.com/perfume/Aqua-Savon/Favorite-Soap-112233.html
13762,Aqua Savon,Ice Watery Shampoo,2019,https://www.fragrantica.com/perfume/Aqua-Savon/Ice-Watery-Shampoo-112367.html
13763,Aqua Savon,Jasmine,,https://www.fragrantica.com/perfume/Aqua-Savon/Jasmine-112241.html
13764,Aqua Savon,Jasmine Hair & Body Mist,,https://www.fragrantica.com/perfume/Aqua-Savon/Jasmine-Hair-Body-Mist-112256.html
13765,Aqua Savon,Juicy Savon,,https://www.fragrantica.com/perfume/Aqua-Savon/Juicy-Savon-112245.html
13766,Aqua Savon,Kinmokusei,,https://www.fragrantica.com/perfume/Aqua-Savon/Kinmokusei-112240.html
13767,Aqua Savon,Lovely Savon,,https://www.fragrantica.com/perfume/Aqua-Savon/Lovely-Savon-112247.html
13768,Aqua Savon,Mama. Aqua Savon - Aroma Craft Tea,2020,https://www.fragrantica.com/perfume/Aqua-Savon/Mama-Aqua-Savon-Aroma-Craft-Tea-112361.html
13769,Aqua Savon,Mama. Aqua Savon - Citrus Aroma Fresh,2020,https://www.fragrantica.com/perfume/Aqua-Savon/Mama-Aqua-Savon-Citrus-Aroma-Fresh-112362.html
13770,Aqua Savon,Mama. Aqua Savon - Flower Aroma Water,2020,https://www.fragrantica.com/perfume/Aqua-Savon/Mama-Aqua-Savon-Flower-Aroma-Water-112363.html
13771,Aqua Savon,Mama. Aqua Savon - Green Aroma Water,2019,https://www.fragrantica.com/perfume/Aqua-Savon/Mama-Aqua-Savon-Green-Aroma-Water-112466.html
13772,Aqua Savon,Mama. Aqua Savon - Jasmine Aroma Water,2016,https://www.fragrantica.com/perfume/Aqua-Savon/Mama-Aqua-Savon-Jasmine-Aroma-Water-112456.html
13773,Aqua Savon,Mama. Aqua Savon - Violet Aroma Water,2015,https://www.fragrantica.com/perfume/Aqua-Savon/Mama-Aqua-Savon-Violet-Aroma-Water-112391.html
13774,Aqua Savon,Mimosa,,https://www.fragrantica.com/perfume/Aqua-Savon/Mimosa-112238.html
13775,Aqua Savon,Nordic Soap,2016,https://www.fragrantica.com/perfume/Aqua-Savon/Nordic-Soap-112385.html
13776,Aqua Savon,Precious Peony,2015,https://www.fragrantica.com/perfume/Aqua-Savon/Precious-Peony-112389.html
13777,Aqua Savon,Provence Soap,2016,https://www.fragrantica.com/perfume/Aqua-Savon/Provence-Soap-112413.html
13778,Aqua Savon,さくら (Sakura),,https://www.fragrantica.com/perfume/Aqua-Savon/sakura-Sakura-112237.html
13779,Aqua Savon,Sakura Floral,2013,https://www.fragrantica.com/perfume/Aqua-Savon/Sakura-Floral-112366.html
13780,Aqua Savon,Sakura Hair & Body Mist,,https://www.fragrantica.com/perfume/Aqua-Savon/Sakura-Hair-Body-Mist-112255.html
13781,Aqua Savon,Shampoo Floral,,https://www.fragrantica.com/perfume/Aqua-Savon/Shampoo-Floral-112234.html
13782,Aqua Savon,Shampoo Floral Hair & Body Mist,,https://www.fragrantica.com/perfume/Aqua-Savon/Shampoo-Floral-Hair-Body-Mist-112253.html
13783,Aqua Savon,Silky Marine,2012,https://www.fragrantica.com/perfume/Aqua-Savon/Silky-Marine-112365.html
13784,Aqua Savon,Silky Whip,2010,https://www.fragrantica.com/perfume/Aqua-Savon/Silky-Whip-112465.html
13785,Aqua Savon,Sparkling Morning Fresh,2019,https://www.fragrantica.com/perfume/Aqua-Savon/Sparkling-Morning-Fresh-112364.html
13786,Aqua Savon,Sports №01,2016,https://www.fragrantica.com/perfume/Aqua-Savon/Sports-01-112457.html
13787,Aqua Savon,Sports №02,2016,https://www.fragrantica.com/perfume/Aqua-Savon/Sports-02-112458.html
13788,Aqua Savon,Sports №03,2016,https://www.fragrantica.com/perfume/Aqua-Savon/Sports-03-112459.html
13789,Aqua Savon,Watery Cotton,,https://www.fragrantica.com/perfume/Aqua-Savon/Watery-Cotton-112248.html
13790,Aqua Savon,Watery Green Apple,2012,https://www.fragrantica.com/perfume/Aqua-Savon/Watery-Green-Apple-112395.html
13791,Aqua Savon,Watery Shampoo Hair & Body Mist,,https://www.fragrantica.com/perfume/Aqua-Savon/Watery-Shampoo-Hair-Body-Mist-112250.html
13792,Aqua Savon,Watery Shampoo x Persona 3 Reload,2024,https://www.fragrantica.com/perfume/Aqua-Savon/Watery-Shampoo-x-Persona-3-Reload-112243.html
13793,Aqua Savon,White Cotton,,https://www.fragrantica.com/perfume/Aqua-Savon/White-Cotton-112232.html
13794,Aqua Savon,White Cotton Hair & Body Mist,,https://www.fragrantica.com/perfume/Aqua-Savon/White-Cotton-Hair-Body-Mist-112251.html
13795,Aqua Savon,Yuzu,,https://www.fragrantica.com/perfume/Aqua-Savon/Yuzu-112239.html
13796,Aquaflor,Alelì,2007,https://www.parfumo.com/Perfumes/Aquaflor/aleli
13797,Aquaflor,Ambra,,https://www.parfumo.com/Perfumes/Aquaflor/Ambra
13798,Aquaflor,Amores,,https://www.parfumo.com/Perfumes/Aquaflor/Amores
13799,Aquaflor,Aoud Jazir,2010,https://www.parfumo.com/Perfumes/Aquaflor/Aoud_Jazir
13800,Aquaflor,Azár,,https://www.parfumo.com/Perfumes/Aquaflor/Azar
13801,Aquaflor,Bakarika,,https://www.parfumo.com/Perfumes/Aquaflor/Bakarika
13802,Aquaflor,Bakhur,2004,https://www.parfumo.com/Perfumes/Aquaflor/Bakhur
13803,Aquaflor,Berbère,,https://www.parfumo.com/Perfumes/Aquaflor/Berbere
13804,Aquaflor,Brisas,,https://www.parfumo.com/Perfumes/Aquaflor/Brisas
13805,Aquaflor,Mensageiro do Vento,2021,https://www.fragrantica.com/perfume/Aquaflor/Mensageiro-do-Vento-70075.html
13806,Aquaflor,MM,2021,https://www.fragrantica.com/perfume/Aquaflor/MM-70072.html
13807,Aquaflor,Vinho Cabernet,2021,https://www.fragrantica.com/perfume/Aquaflor/Vinho-Cabernet-70073.html
13808,Aquaflor,Vittorio Emanuele,2021,https://www.fragrantica.com/perfume/Aquaflor/Vittorio-Emanuele-70074.html
13809,Aquaflor Firenze,1919,2025,https://www.fragrantica.com/perfume/Aquaflor-Firenze/1919-106323.html
13810,Aquaflor Firenze,Aenigma,,https://www.fragrantica.com/perfume/Aquaflor-Firenze/Aenigma-30058.html
13811,Aquaflor Firenze,Alelì,2020,https://www.fragrantica.com/perfume/Aquaflor-Firenze/Aleli-84994.html
13812,Aquaflor Firenze,Ambra,,https://www.fragrantica.com/perfume/Aquaflor-Firenze/Ambra-30034.html
13813,Aquaflor Firenze,Aoud,,https://www.fragrantica.com/perfume/Aquaflor-Firenze/Aoud-30033.html
13814,Aquaflor Firenze,Aoud Oman,2022,https://www.fragrantica.com/perfume/Aquaflor-Firenze/Aoud-Oman-84995.html
13815,Aquaflor Firenze,Aphrodisya,,https://www.fragrantica.com/perfume/Aquaflor-Firenze/Aphrodisya-30071.html
13816,Aquaflor Firenze,Azar,,https://www.fragrantica.com/perfume/Aquaflor-Firenze/Azar-30059.html
13817,Aquaflor Firenze,Bahia,2018,https://www.fragrantica.com/perfume/Aquaflor-Firenze/Bahia-84993.html
13818,Aquaflor Firenze,Bakarika,,https://www.fragrantica.com/perfume/Aquaflor-Firenze/Bakarika-30055.html
13819,Aquaflor Firenze,Bakhur,,https://www.fragrantica.com/perfume/Aquaflor-Firenze/Bakhur-30039.html
13820,Aquaflor Firenze,Beirout,,https://www.fragrantica.com/perfume/Aquaflor-Firenze/Beirout-30069.html
13821,Aquaflor Firenze,Belladonna,,https://www.fragrantica.com/perfume/Aquaflor-Firenze/Belladonna-30054.html
13822,Aquaflor Firenze,Berbere,,https://www.fragrantica.com/perfume/Aquaflor-Firenze/Berbere-30060.html
13823,Aquaflor Firenze,Bergamotto,,https://www.fragrantica.com/perfume/Aquaflor-Firenze/Bergamotto-30072.html
13824,Aquaflor Firenze,Brisas,,https://www.fragrantica.com/perfume/Aquaflor-Firenze/Brisas-30053.html
13825,Aquaflor Firenze,CD,,https://www.fragrantica.com/perfume/Aquaflor-Firenze/CD-30061.html
13826,Aquaflor Firenze,Corps Diplomatique,2020,https://www.fragrantica.com/perfume/Aquaflor-Firenze/Corps-Diplomatique-84996.html
13827,Aquaflor Firenze,Derwish,,https://www.fragrantica.com/perfume/Aquaflor-Firenze/Derwish-30063.html
13828,Aquaflor Firenze,Don,,https://www.fragrantica.com/perfume/Aquaflor-Firenze/Don-30068.html
13829,Aquaflor Firenze,Empereur,2015,https://www.fragrantica.com/perfume/Aquaflor-Firenze/Empereur-30028.html
13830,Aquaflor Firenze,Empereur,2017,https://www.fragrantica.com/perfume/Aquaflor-Firenze/Empereur-46726.html
13831,Aquaflor Firenze,Ex-Tasis,2023,https://www.fragrantica.com/perfume/Aquaflor-Firenze/Ex-Tasis-96009.html
13832,Aquaflor Firenze,Flamboyant,,https://www.fragrantica.com/perfume/Aquaflor-Firenze/Flamboyant-30062.html
13833,Aquaflor Firenze,Fleuri,2023,https://www.fragrantica.com/perfume/Aquaflor-Firenze/Fleuri-96010.html
13834,Aquaflor Firenze,Frenesia,,https://www.fragrantica.com/perfume/Aquaflor-Firenze/Frenesia-30056.html
13835,Aquaflor Firenze,Higos,2022,https://www.fragrantica.com/perfume/Aquaflor-Firenze/Higos-96011.html
13836,Aquaflor Firenze,Hussar,,https://www.fragrantica.com/perfume/Aquaflor-Firenze/Hussar-30040.html
13837,Aquaflor Firenze,Invisible,2023,https://www.fragrantica.com/perfume/Aquaflor-Firenze/Invisible-96012.html
13838,Aquaflor Firenze,Jalousie,2019,https://www.fragrantica.com/perfume/Aquaflor-Firenze/Jalousie-54755.html
13839,Aquaflor Firenze,Jasmin,,https://www.fragrantica.com/perfume/Aquaflor-Firenze/Jasmin-30052.html
13840,Aquaflor Firenze,Jumana,2023,https://www.fragrantica.com/perfume/Aquaflor-Firenze/Jumana-96007.html
13841,Aquaflor Firenze,Kale,,https://www.fragrantica.com/perfume/Aquaflor-Firenze/Kale-30051.html
13842,Aquaflor Firenze,Kodo,,https://www.fragrantica.com/perfume/Aquaflor-Firenze/Kodo-30041.html
13843,Aquaflor Firenze,La Habana,,https://www.fragrantica.com/perfume/Aquaflor-Firenze/La-Habana-30036.html
13844,Aquaflor Firenze,Mediterranea,,https://www.fragrantica.com/perfume/Aquaflor-Firenze/Mediterranea-30075.html
13845,Aquaflor Firenze,Meltemi,2016,https://www.fragrantica.com/perfume/Aquaflor-Firenze/Meltemi-46727.html
13846,Aquaflor Firenze,Mistura,,https://www.fragrantica.com/perfume/Aquaflor-Firenze/Mistura-30073.html
13847,Aquaflor Firenze,MM,2020,https://www.fragrantica.com/perfume/Aquaflor-Firenze/MM-94145.html
13848,Aquaflor Firenze,MM Limited Edition 2022,2022,https://www.fragrantica.com/perfume/Aquaflor-Firenze/MM-Limited-Edition-2022-94146.html
13849,Aquaflor Firenze,Monna Lisa,,https://www.fragrantica.com/perfume/Aquaflor-Firenze/Monna-Lisa-30066.html
13850,Aquaflor Firenze,Myrrah,,https://www.fragrantica.com/perfume/Aquaflor-Firenze/Myrrah-30032.html
13851,Aquaflor Firenze,Oltremare,,https://www.fragrantica.com/perfume/Aquaflor-Firenze/Oltremare-30070.html
13852,Aquaflor Firenze,Orphyca,,https://www.fragrantica.com/perfume/Aquaflor-Firenze/Orphyca-30064.html
13853,Aquaflor Firenze,Pathos,,https://www.fragrantica.com/perfume/Aquaflor-Firenze/Pathos-70048.html
13854,Aquaflor Firenze,Penumbra,2020,https://www.fragrantica.com/perfume/Aquaflor-Firenze/Penumbra-94143.html
13855,Aquaflor Firenze,Rais,,https://www.fragrantica.com/perfume/Aquaflor-Firenze/Rais-30037.html
13856,Aquaflor Firenze,Rosa Damascena,,https://www.fragrantica.com/perfume/Aquaflor-Firenze/Rosa-Damascena-30076.html
13857,Aquaflor Firenze,Rosae,,https://www.fragrantica.com/perfume/Aquaflor-Firenze/Rosae-30067.html
13858,Aquaflor Firenze,Rugiada,,https://www.fragrantica.com/perfume/Aquaflor-Firenze/Rugiada-30074.html
13859,Aquaflor Firenze,Sharade,,https://www.fragrantica.com/perfume/Aquaflor-Firenze/Sharade-70047.html
13860,Aquaflor Firenze,Signoria,2020,https://www.fragrantica.com/perfume/Aquaflor-Firenze/Signoria-94142.html
13861,Aquaflor Firenze,Spleen,,https://www.fragrantica.com/perfume/Aquaflor-Firenze/Spleen-30038.html
13862,Aquaflor Firenze,Sultan,,https://www.fragrantica.com/perfume/Aquaflor-Firenze/Sultan-30035.html
13863,Aquaflor Firenze,Tzigana,,https://www.fragrantica.com/perfume/Aquaflor-Firenze/Tzigana-30057.html
13864,Aquaflor Firenze,Vertiver,2023,https://www.fragrantica.com/perfume/Aquaflor-Firenze/Vertiver-96008.html
13865,Aquaflor Firenze,Zagaria,,https://www.fragrantica.com/perfume/Aquaflor-Firenze/Zagaria-30065.html
13866,Aquaflor Firenze,Zephyr,2024,https://www.fragrantica.com/perfume/Aquaflor-Firenze/Zephyr-106324.html
13867,Aqualis,Blom,,https://www.fragrantica.com/perfume/Aqualis/Blom-61693.html
13868,Aqualis,Canvas,,https://www.fragrantica.com/perfume/Aqualis/Canvas-61694.html
13869,Aqualis,Coda,2016,https://www.fragrantica.com/perfume/Aqualis/Coda-42573.html
13870,Aqualis,Egoli,2022,https://www.fragrantica.com/perfume/Aqualis/Egoli-77878.html
13871,Aqualis,Fleur de Glace,2025,https://www.fragrantica.com/perfume/Aqualis/Fleur-de-Glace-104681.html
13872,Aqualis,Freedom,2016,https://www.fragrantica.com/perfume/Aqualis/Freedom-42572.html
13873,Aqualis,Kalahari,,https://www.fragrantica.com/perfume/Aqualis/Kalahari-61692.html
13874,Aqualis,Kruger,,https://www.fragrantica.com/perfume/Aqualis/Kruger-61691.html
13875,Aqualis,Mother of Pearl,2025,https://www.fragrantica.com/perfume/Aqualis/Mother-of-Pearl-107374.html
13876,Aqualis,Namaqualand,,https://www.fragrantica.com/perfume/Aqualis/Namaqualand-61690.html
13877,Aqualis,Origin,2016,https://www.fragrantica.com/perfume/Aqualis/Origin-42570.html
13878,Aqualis,Orion,2020,https://www.fragrantica.com/perfume/Aqualis/Orion-61689.html
13879,Aqualis,Triptych,2023,https://www.fragrantica.com/perfume/Aqualis/Triptych-88582.html
13880,Aqualis,Utopia,2016,https://www.fragrantica.com/perfume/Aqualis/Utopia-42571.html
13881,AquaNobilis,King of Persia's Perfumed Incense,2024,https://www.fragrantica.com/perfume/AquaNobilis/King-of-Persia-s-Perfumed-Incense-100927.html
13882,AquaNobilis,Lucrezia's Amber Potion,2024,https://www.fragrantica.com/perfume/AquaNobilis/Lucrezia-s-Amber-Potion-100926.html
13883,AquaNobilis,Marie's Cherry Delight,2025,https://www.fragrantica.com/perfume/AquaNobilis/Marie-s-Cherry-Delight-114960.html
13884,AquaNobilis,Prince Vlad's Dark Cologne (Eau de Cologne),2024,https://www.fragrantica.com/perfume/AquaNobilis/Prince-Vlad-s-Dark-Cologne-100923.html
13885,AquaNobilis,The Bloody Roses,2024,https://www.fragrantica.com/perfume/AquaNobilis/The-Bloody-Roses-100925.html
13886,AquaNobilis,The Virgin's Secret Jasmine,2024,https://www.fragrantica.com/perfume/AquaNobilis/The-Virgin-s-Secret-Jasmine-100924.html
13887,AquaNobilis,William's Golden Tobacco,2024,https://www.fragrantica.com/perfume/AquaNobilis/William-s-Golden-Tobacco-100922.html
13888,Aquarabia,Abyat Admiral,2024,https://www.fragrantica.com/perfume/Aquarabia/Abyat-Admiral-102043.html
13889,Aquarabia,Abyat Galaxy,2024,https://www.fragrantica.com/perfume/Aquarabia/Abyat-Galaxy-102047.html
13890,Aquarabia,Abyat Velvet Oud,2024,https://www.fragrantica.com/perfume/Aquarabia/Abyat-Velvet-Oud-102048.html
13891,Aquarabia,Amber Sultan,2019,https://www.fragrantica.com/perfume/Aquarabia/Amber-Sultan-95210.html
13892,Aquarabia,Amethyst Stone,2021,https://www.fragrantica.com/perfume/Aquarabia/Amethyst-Stone-95129.html
13893,Aquarabia,Ardour,2021,https://www.fragrantica.com/perfume/Aquarabia/Ardour-95153.html
13894,Aquarabia,Aristoqrati,2021,https://www.fragrantica.com/perfume/Aquarabia/Aristoqrati-95154.html
13895,Aquarabia,Camouflage,2021,https://www.fragrantica.com/perfume/Aquarabia/Camouflage-95155.html
13896,Aquarabia,Carnaval,2021,https://www.fragrantica.com/perfume/Aquarabia/Carnaval-95157.html
13897,Aquarabia,Durocaffe,2023,https://www.fragrantica.com/perfume/Aquarabia/Durocaffe-95727.html
13898,Aquarabia,Exoticism Grey for Men,2021,https://www.fragrantica.com/perfume/Aquarabia/Exoticism-Grey-for-Men-95208.html
13899,Aquarabia,Exoticism Orange for Women,2021,https://www.fragrantica.com/perfume/Aquarabia/Exoticism-Orange-for-Women-95209.html
13900,Aquarabia,Flower Patchouli,2021,https://www.fragrantica.com/perfume/Aquarabia/Flower-Patchouli-95207.html
13901,Aquarabia,Malaikat,2021,https://www.fragrantica.com/perfume/Aquarabia/Malaikat-95158.html
13902,Aquarabia,Medan,2023,https://www.fragrantica.com/perfume/Aquarabia/Medan-95728.html
13903,Aquarabia,Oro Nero,2023,https://www.fragrantica.com/perfume/Aquarabia/Oro-Nero-95729.html
13904,Aquarabia,Oud Vetiver,2019,https://www.fragrantica.com/perfume/Aquarabia/Oud-Vetiver-95703.html
13905,Aquarabia,Rayyan,2021,https://www.fragrantica.com/perfume/Aquarabia/Rayyan-95159.html
13906,Aquarabia,Rebus,2023,https://www.fragrantica.com/perfume/Aquarabia/Rebus-95730.html
13907,Aquarabia,Rush,2023,https://www.fragrantica.com/perfume/Aquarabia/Rush-95731.html
13908,Aquarabia,Sapphire,2021,https://www.fragrantica.com/perfume/Aquarabia/Sapphire-95162.html
13909,Aquarabia,Seasons,2023,https://www.fragrantica.com/perfume/Aquarabia/Seasons-95739.html
13910,Aquarabia,Smoke Amber,2021,https://www.fragrantica.com/perfume/Aquarabia/Smoke-Amber-95206.html
13911,Aquarabia,Wild Leather,2019,https://www.fragrantica.com/perfume/Aquarabia/Wild-Leather-95127.html
13912,Aquarela do Brasil,Abacaxi Amazonensis,2024,https://www.fragrantica.com/perfume/Aquarela-do-Brasil/Abacaxi-Amazonensis-94129.html
13913,Aquarela do Brasil,Bambu Brasiliensis,2024,https://www.fragrantica.com/perfume/Aquarela-do-Brasil/Bambu-Brasiliensis-94133.html
13914,Aquarela do Brasil,Bromélia Botanicus,2024,https://www.fragrantica.com/perfume/Aquarela-do-Brasil/Bromelia-Botanicus-94125.html
13915,Aquarela do Brasil,Caju Brasiliensis,2024,https://www.fragrantica.com/perfume/Aquarela-do-Brasil/Caju-Brasiliensis-94131.html
13916,Aquarela do Brasil,Hibisco Aromaticus,2024,https://www.fragrantica.com/perfume/Aquarela-do-Brasil/Hibisco-Aromaticus-94127.html
13917,Aquarela do Brasil,Ipê Amadeiradus,2024,https://www.fragrantica.com/perfume/Aquarela-do-Brasil/Ipe-Amadeiradus-94134.html
13918,Aquarela do Brasil,Jacarandá Tropicallis,2024,https://www.fragrantica.com/perfume/Aquarela-do-Brasil/Jacaranda-Tropicallis-94132.html
13919,Aquarela do Brasil,Maracujá Passiflora,2024,https://www.fragrantica.com/perfume/Aquarela-do-Brasil/Maracuja-Passiflora-94130.html
13920,Aquarela do Brasil,Orquídea Vanilla,2024,https://www.fragrantica.com/perfume/Aquarela-do-Brasil/Orquidea-Vanilla-94128.html
13921,Aquarelle Paris,Frenetic Litchi,,https://www.fragrantica.com/perfume/Aquarelle-Paris/Frenetic-Litchi-139709.html
13922,Aquolina,Anguria Succosa,2024,https://www.fragrantica.com/perfume/Aquolina/Anguria-Succosa-93889.html
13923,Aquolina,Arancia e Vaniglia,2015,https://www.fragrantica.com/perfume/Aquolina/Arancia-e-Vaniglia-35129.html
13924,Aquolina,Bignè Orchidea e Cioccolato Bianco,2015,https://www.fragrantica.com/perfume/Aquolina/Bigne-Orchidea-e-Cioccolato-Bianco-35134.html
13925,Aquolina,Black Sugar,2013,https://www.fragrantica.com/perfume/Aquolina/Black-Sugar-20863.html
13926,Aquolina,Blue Sugar,2006,https://www.fragrantica.com/perfume/Aquolina/Blue-Sugar-976.html
13927,Aquolina,Chocolovers,2006,https://www.fragrantica.com/perfume/Aquolina/Chocolovers-973.html
13928,Aquolina,Chupa Chups Arancia Hair Mist,,https://www.fragrantica.com/perfume/Aquolina/Chupa-Chups-Arancia-Hair-Mist-140494.html
13929,Aquolina,Cioccolato Bianco,2015,https://www.fragrantica.com/perfume/Aquolina/Cioccolato-Bianco-35098.html
13930,Aquolina,Cioccolato Rosa,,https://www.fragrantica.com/perfume/Aquolina/Cioccolato-Rosa-86131.html
13931,Aquolina,Cocco,2015,https://www.fragrantica.com/perfume/Aquolina/Cocco-35101.html
13932,Aquolina,Crema Alla Violetta,2015,https://www.fragrantica.com/perfume/Aquolina/Crema-Alla-Violetta-35132.html
13933,Aquolina,Fragolina di Bosco,2015,https://www.fragrantica.com/perfume/Aquolina/Fragolina-di-Bosco-35096.html
13934,Aquolina,Gold Sugar,2013,https://www.fragrantica.com/perfume/Aquolina/Gold-Sugar-16661.html
13935,Aquolina,Latte di Mandorla,2015,https://www.fragrantica.com/perfume/Aquolina/Latte-di-Mandorla-35104.html
13936,Aquolina,Liquirizia e Mora,2015,https://www.fragrantica.com/perfume/Aquolina/Liquirizia-e-Mora-35106.html
13937,Aquolina,Luna Park,2017,https://www.fragrantica.com/perfume/Aquolina/Luna-Park-41550.html
13938,Aquolina,Mango Fresco,2015,https://www.fragrantica.com/perfume/Aquolina/Mango-Fresco-35103.html
13939,Aquolina,More e Musk,2015,https://www.fragrantica.com/perfume/Aquolina/More-e-Musk-35100.html
13940,Aquolina,Mousse ai Fiori di Vaniglia,2015,https://www.fragrantica.com/perfume/Aquolina/Mousse-ai-Fiori-di-Vaniglia-35136.html
13941,Aquolina,Pasticcino Alla Rosa Glassata,2015,https://www.fragrantica.com/perfume/Aquolina/Pasticcino-Alla-Rosa-Glassata-35135.html
13942,Aquolina,Pesca e Albicocca,2015,https://www.fragrantica.com/perfume/Aquolina/Pesca-e-Albicocca-35099.html
13943,Aquolina,Pink Flower,2015,https://www.fragrantica.com/perfume/Aquolina/Pink-Flower-31505.html
13944,Aquolina,Pink Sugar,2004,https://www.fragrantica.com/perfume/Aquolina/Pink-Sugar-975.html
13945,Aquolina,Pink Sugar Berry Blast,2020,https://www.fragrantica.com/perfume/Aquolina/Pink-Sugar-Berry-Blast-62904.html
13946,Aquolina,Pink Sugar Body Mist,2021,https://www.fragrantica.com/perfume/Aquolina/Pink-Sugar-Body-Mist-68199.html
13947,Aquolina,Pink Sugar Creamy Sunshine,2020,https://www.fragrantica.com/perfume/Aquolina/Pink-Sugar-Creamy-Sunshine-62905.html
13948,Aquolina,Pink Sugar Hair Mist,2020,https://www.fragrantica.com/perfume/Aquolina/Pink-Sugar-Hair-Mist-64612.html
13949,Aquolina,Pink Sugar Lollilove,2025,https://www.fragrantica.com/perfume/Aquolina/Pink-Sugar-Lollilove-104817.html
13950,Aquolina,Pink Sugar Lollipink,2023,https://www.fragrantica.com/perfume/Aquolina/Pink-Sugar-Lollipink-76592.html
13951,Aquolina,Pink Sugar Luxury Extract,2009,https://www.fragrantica.com/perfume/Aquolina/Pink-Sugar-Luxury-Extract-20409.html
13952,Aquolina,Pink Sugar Red Velvet,2021,https://www.fragrantica.com/perfume/Aquolina/Pink-Sugar-Red-Velvet-70265.html
13953,Aquolina,Pink Sugar Sensual,2009,https://www.fragrantica.com/perfume/Aquolina/Pink-Sugar-Sensual-6893.html
13954,Aquolina,Pink Sugar Sparks,2012,https://www.fragrantica.com/perfume/Aquolina/Pink-Sugar-Sparks-15282.html
13955,Aquolina,Pop Corn,2024,https://www.fragrantica.com/perfume/Aquolina/Pop-Corn-93890.html
13956,Aquolina,Sfogliatella Alla Mimosa,2015,https://www.fragrantica.com/perfume/Aquolina/Sfogliatella-Alla-Mimosa-35133.html
13957,Aquolina,Simply Pink by Pink Sugar,2013,https://www.fragrantica.com/perfume/Aquolina/Simply-Pink-by-Pink-Sugar-18016.html
13958,Aquolina,Steel Sugar,2013,https://www.fragrantica.com/perfume/Aquolina/Steel-Sugar-16662.html
13959,Aquolina,Succo di Lampone,2015,https://www.fragrantica.com/perfume/Aquolina/Succo-di-Lampone-35130.html
13960,Aquolina,Sweet Me,2018,https://www.fragrantica.com/perfume/Aquolina/Sweet-Me-47047.html
13961,Aquolina,The Verde,2015,https://www.fragrantica.com/perfume/Aquolina/The-Verde-35131.html
13962,Aquolina,Tweety,2008,https://www.fragrantica.com/perfume/Aquolina/Tweety-5166.html
13963,Aquolina,Vaniglia,2015,https://www.fragrantica.com/perfume/Aquolina/Vaniglia-35102.html
13964,Aquolina,Vaniglia e Anice,2015,https://www.fragrantica.com/perfume/Aquolina/Vaniglia-e-Anice-35105.html
13965,Aquolina,Zucchero a Velo,2015,https://www.fragrantica.com/perfume/Aquolina/Zucchero-a-Velo-35097.html
13966,Arabesque,Adel,,https://www.fragrantica.com/perfume/Arabesque/Adel-33671.html
13967,Arabesque,Amir,,https://www.fragrantica.com/perfume/Arabesque/Amir-33674.html
13968,Arabesque,Arabesque Gold,,https://www.fragrantica.com/perfume/Arabesque/Arabesque-Gold-33679.html
13969,Arabesque,Arabesque SIlver,,https://www.fragrantica.com/perfume/Arabesque/Arabesque-SIlver-33680.html
13970,Arabesque,Geisha,,https://www.fragrantica.com/perfume/Arabesque/Geisha-33670.html
13971,Arabesque,Kashmir,2015,https://www.fragrantica.com/perfume/Arabesque/Kashmir-33678.html
13972,Arabesque,Layla,,https://www.fragrantica.com/perfume/Arabesque/Layla-33677.html
13973,Arabesque,Malikah,,https://www.fragrantica.com/perfume/Arabesque/Malikah-33672.html
13974,Arabesque,Musk Al Sultan,,https://www.fragrantica.com/perfume/Arabesque/Musk-Al-Sultan-33676.html
13975,Arabesque,Musk Hayati,,https://www.fragrantica.com/perfume/Arabesque/Musk-Hayati-33673.html
13976,Arabesque,Royal Narcissus,,https://www.fragrantica.com/perfume/Arabesque/Royal-Narcissus-33675.html
13977,Arabesque,Sabina,,https://www.fragrantica.com/perfume/Arabesque/Sabina-33681.html
13978,Arabesque,Victoria Empress,,https://www.fragrantica.com/perfume/Arabesque/Victoria-Empress-39110.html
13979,Arabesque Perfumes,Bacara,2017,https://www.fragrantica.com/perfume/Arabesque-Perfumes/Bacara-48869.html
13980,Arabesque Perfumes,Bacara Oud,2024,https://www.fragrantica.com/perfume/Arabesque-Perfumes/Bacara-Oud-99130.html
13981,Arabesque Perfumes,Dion,2022,https://www.fragrantica.com/perfume/Arabesque-Perfumes/Dion-73541.html
13982,Arabesque Perfumes,Elusive Musk,2019,https://www.fragrantica.com/perfume/Arabesque-Perfumes/Elusive-Musk-55200.html
13983,Arabesque Perfumes,Gecko,2022,https://www.fragrantica.com/perfume/Arabesque-Perfumes/Gecko-73542.html
13984,Arabesque Perfumes,Glory Musk,2019,https://www.fragrantica.com/perfume/Arabesque-Perfumes/Glory-Musk-55201.html
13985,Arabesque Perfumes,Kohel,2017,https://www.fragrantica.com/perfume/Arabesque-Perfumes/Kohel-48868.html
13986,Arabesque Perfumes,Majesty,2017,https://www.fragrantica.com/perfume/Arabesque-Perfumes/Majesty-48866.html
13987,Arabesque Perfumes,Naema,2017,https://www.fragrantica.com/perfume/Arabesque-Perfumes/Naema-48864.html
13988,Arabesque Perfumes,Pearl,2020,https://www.fragrantica.com/perfume/Arabesque-Perfumes/Pearl-64734.html
13989,Arabesque Perfumes,Safari,2017,https://www.fragrantica.com/perfume/Arabesque-Perfumes/Safari-48865.html
13990,Arabia,Jewels,2024,https://www.fragrantica.com/perfume/Arabia/Jewels-111081.html
13991,Arabia,Noble,2024,https://www.fragrantica.com/perfume/Arabia/Noble-111083.html
13992,Arabian Eagle,Amber de Opus,1971,https://www.parfumo.com/Perfumes/arabian-eagle/amber-de-opus
13993,Arabian Eagle,Arabian Eagle,,https://www.parfumo.com/Perfumes/arabian-eagle/222
13994,Arabian Eagle,Ardor,2003,https://www.parfumo.com/Perfumes/arabian-eagle/ardor
13995,Arabian Eagle,Black Amber,1983,https://www.parfumo.com/Perfumes/arabian-eagle/black-amber
13996,Arabian Eagle,CCX for Men,,https://www.parfumo.com/Perfumes/arabian-eagle/ccx-for-men
13997,Arabian Eagle,Change Choice,,https://www.parfumo.com/Perfumes/arabian-eagle/change-choice
13998,Arabian Eagle,Creation for Her,,https://www.parfumo.com/Perfumes/arabian-eagle/creation-for-her
13999,Arabian Eagle,Exclusive Collection - Arabian Nights,2019,https://www.parfumo.com/Perfumes/arabian-eagle/exclusive-collection-arabian-nights
14000,Arabian Niche,Aseel Al Oud,2025,https://www.fragrantica.com/perfume/Arabian-Niche/Aseel-Al-Oud-137687.html14001,Arabian Niche,Hannah,2025,https://www.fragrantica.com/perfume/Arabian-Niche/Hannah-137691.html
14002,Arabian Niche,Marghub,2025,https://www.fragrantica.com/perfume/Arabian-Niche/Marghub-137695.html
14003,Arabian Niche,Mizzaj,2025,https://www.fragrantica.com/perfume/Arabian-Niche/Mizzaj-137689.html
14004,Arabian Niche,Mizzaj Platinum,2025,https://www.fragrantica.com/perfume/Arabian-Niche/Mizzaj-Platinum-137690.html
14005,Arabian Niche,Mukhmali,2025,https://www.fragrantica.com/perfume/Arabian-Niche/Mukhmali-137688.html
14006,Arabian Niche,Powder Musk,2025,https://www.fragrantica.com/perfume/Arabian-Niche/Powder-Musk-137693.html
14007,Arabian Niche,Zayb,2025,https://www.fragrantica.com/perfume/Arabian-Niche/Zayb-137692.html
14008,Arabian Oud,1001 Night,,https://www.fragrantica.com/perfume/Arabian-Oud/1001-Night-21574.html
14009,Arabian Oud,360 For Men,,https://www.fragrantica.com/perfume/Arabian-Oud/360-For-Men-21581.html
14010,Arabian Oud,360° for women,2012,https://www.fragrantica.com/perfume/Arabian-Oud/3600-for-women-127496.html
14011,Arabian Oud,Abdul Aziz Blend,,https://www.parfumo.com/Perfumes/Arabian_Oud/Abdul_Aziz_Blend
14012,Arabian Oud,Abyat,,https://www.fragrantica.com/perfume/Arabian-Oud/Abyat-70699.html
14013,Arabian Oud,Adore,2022,https://www.fragrantica.com/perfume/Arabian-Oud/Adore-78616.html
14014,Arabian Oud,Adore Blue,2026,https://www.fragrantica.com/perfume/Arabian-Oud/Adore-Blue-133881.html
14015,Arabian Oud,Al Anoud,,https://www.fragrantica.com/perfume/Arabian-Oud/Al-Anoud-127497.html
14016,Arabian Oud,Al Fareed,2020,https://www.fragrantica.com/perfume/Arabian-Oud/Al-Fareed-69012.html
14017,Arabian Oud,Al Fares,,https://www.fragrantica.com/perfume/Arabian-Oud/Al-Fares-21589.html
14018,Arabian Oud,Al Ghalia,,https://www.fragrantica.com/perfume/Arabian-Oud/Al-Ghalia-21582.html
14019,Arabian Oud,Al Hamra,,https://www.fragrantica.com/perfume/Arabian-Oud/Al-Hamra-21587.html
14020,Arabian Oud,Al Hamra Daylight,,https://www.fragrantica.com/perfume/Arabian-Oud/Al-Hamra-Daylight-21555.html
14021,Arabian Oud,Al Hamra Midnight,,https://www.fragrantica.com/perfume/Arabian-Oud/Al-Hamra-Midnight-21556.html
14022,Arabian Oud,Al Romansia,,https://www.fragrantica.com/perfume/Arabian-Oud/Al-Romansia-21588.html
14023,Arabian Oud,Al Rubban,2015,https://www.fragrantica.com/perfume/Arabian-Oud/Al-Rubban-127498.html
14024,Arabian Oud,Al-Safa & Al-Marwa,,https://www.fragrantica.com/perfume/Arabian-Oud/Al-Safa-Al-Marwa-21719.html
14025,Arabian Oud,Al Seraj Oil Blend,,https://www.parfumo.com/Perfumes/Arabian_Oud/al-seraj-oil-blend
14026,Arabian Oud,Alif Laila 1001 Nights,,https://www.parfumo.com/Perfumes/Arabian_Oud/Alif_Laila_1001_Nights
14027,Arabian Oud,Alif Laila (One Thousand Nights),,https://www.fragrantica.com/perfume/Arabian-Oud/Alif-Laila-One-Thousand-Nights-127500.html
14028,Arabian Oud,Almas,2012,https://www.fragrantica.com/perfume/Arabian-Oud/Almas-127499.html
14029,Arabian Oud,Almas Gold,,https://www.fragrantica.com/perfume/Arabian-Oud/Almas-Gold-21677.html
14030,Arabian Oud,Almass,,https://www.fragrantica.com/perfume/Arabian-Oud/Almass-21590.html
14031,Arabian Oud,Ameera,,https://www.parfumo.com/Perfumes/Arabian_Oud/Ameera
14032,Arabian Oud,Amiri,2022,https://www.fragrantica.com/perfume/Arabian-Oud/Amiri-77308.html
14033,Arabian Oud,Amra Al Khaleej,,https://www.fragrantica.com/perfume/Arabian-Oud/Amra-Al-Khaleej-21678.html
14034,Arabian Oud,Andalusi,,https://www.fragrantica.com/perfume/Arabian-Oud/Andalusi-127501.html
14035,Arabian Oud,Arabella,,https://www.fragrantica.com/perfume/Arabian-Oud/Arabella-121810.html
14036,Arabian Oud,Arabesque,,https://www.fragrantica.com/perfume/Arabian-Oud/Arabesque-21591.html
14037,Arabian Oud,Arabian Code,,https://www.fragrantica.com/perfume/Arabian-Oud/Arabian-Code-127502.html
14038,Arabian Oud,Arabian Fashion Gold,,https://www.fragrantica.com/perfume/Arabian-Oud/Arabian-Fashion-Gold-21707.html
14039,Arabian Oud,Arabian Fashion London,,https://www.fragrantica.com/perfume/Arabian-Oud/Arabian-Fashion-London-21592.html
14040,Arabian Oud,Arabian Fashion Milan,,https://www.fragrantica.com/perfume/Arabian-Oud/Arabian-Fashion-Milan-127503.html
14041,Arabian Oud,Arabian Fashion New York,,https://www.fragrantica.com/perfume/Arabian-Oud/Arabian-Fashion-New-York-21593.html
14042,Arabian Oud,Arabian Fashion Paris,,https://www.fragrantica.com/perfume/Arabian-Oud/Arabian-Fashion-Paris-21594.html
14043,Arabian Oud,Arabian Jewel,,https://www.fragrantica.com/perfume/Arabian-Oud/Arabian-Jewel-21595.html
14044,Arabian Oud,Arabian Knight,2010,https://www.fragrantica.com/perfume/Arabian-Oud/Arabian-Knight-40684.html
14045,Arabian Oud,Arabian Knight Silver,2020,https://www.fragrantica.com/perfume/Arabian-Oud/Arabian-Knight-Silver-69288.html
14046,Arabian Oud,Arabian Leather,,https://www.fragrantica.com/perfume/Arabian-Oud/Arabian-Leather-76554.html
14047,Arabian Oud,Arabian Leather Musk,,https://www.fragrantica.com/perfume/Arabian-Oud/Arabian-Leather-Musk-76555.html
14048,Arabian Oud,Arabian Legend Men,,https://www.fragrantica.com/perfume/Arabian-Oud/Arabian-Legend-Men-21596.html
14049,Arabian Oud,Arabian Legend Women,,https://www.fragrantica.com/perfume/Arabian-Oud/Arabian-Legend-Women-21597.html
14050,Arabian Oud,Arabian Musk,,https://www.fragrantica.com/perfume/Arabian-Oud/Arabian-Musk-21706.html
14051,Arabian Oud,Arabian Nights,,https://www.fragrantica.com/perfume/Arabian-Oud/Arabian-Nights-21557.html
14052,Arabian Oud,Arabian Nights Black,,https://www.fragrantica.com/perfume/Arabian-Oud/Arabian-Nights-Black-21598.html
14053,Arabian Oud,Arabian Nights Gold,,https://www.fragrantica.com/perfume/Arabian-Oud/Arabian-Nights-Gold-21599.html
14054,Arabian Oud,Arabian Oud London Blend,,https://www.fragrantica.com/perfume/Arabian-Oud/Arabian-Oud-London-Blend-21558.html
14055,Arabian Oud,Arabian Prestige Absolute,,https://www.fragrantica.com/perfume/Arabian-Oud/Arabian-Prestige-Absolute-21600.html
14056,Arabian Oud,Arabian Prestige Authentic,,https://www.fragrantica.com/perfume/Arabian-Oud/Arabian-Prestige-Authentic-21601.html
14057,Arabian Oud,Arabian Prestige Classic,,https://www.fragrantica.com/perfume/Arabian-Oud/Arabian-Prestige-Classic-21602.html
14058,Arabian Oud,Arabian Prestige Original,,https://www.fragrantica.com/perfume/Arabian-Oud/Arabian-Prestige-Original-21603.html
14059,Arabian Oud,Arabian Prestige Rose,,https://www.fragrantica.com/perfume/Arabian-Oud/Arabian-Prestige-Rose-21604.html
14060,Arabian Oud,Arabian Rose,,https://www.fragrantica.com/perfume/Arabian-Oud/Arabian-Rose-21605.html
14061,Arabian Oud,Asalah,,https://www.fragrantica.com/perfume/Arabian-Oud/Asalah-127504.html
14062,Arabian Oud,Asalat Al Musk,,https://www.fragrantica.com/perfume/Arabian-Oud/Asalat-Al-Musk-21705.html
14063,Arabian Oud,Asalat Al Oud,2014,https://www.fragrantica.com/perfume/Arabian-Oud/Asalat-Al-Oud-127505.html
14064,Arabian Oud,Asalat Al Sharq,,https://www.fragrantica.com/perfume/Arabian-Oud/Asalat-Al-Sharq-21606.html
14065,Arabian Oud,Asalat Al Ward,,https://www.fragrantica.com/perfume/Arabian-Oud/Asalat-Al-Ward-127506.html
14066,Arabian Oud,Asayel,,https://www.fragrantica.com/perfume/Arabian-Oud/Asayel-127508.html
14067,Arabian Oud,Asayel Al Sharq,,https://www.fragrantica.com/perfume/Arabian-Oud/Asayel-Al-Sharq-127512.html
14068,Arabian Oud,Asayel Al Sharq Oud,2019,https://www.fragrantica.com/perfume/Arabian-Oud/Asayel-Al-Sharq-Oud-71865.html
14069,Arabian Oud,Asdaf,,https://www.fragrantica.com/perfume/Arabian-Oud/Asdaf-21679.html
14070,Arabian Oud,Aseel,2020,https://www.fragrantica.com/perfume/Arabian-Oud/Aseel-67814.html
14071,Arabian Oud,Aseel Special Edition,2020,https://www.fragrantica.com/perfume/Arabian-Oud/Aseel-Special-Edition-67815.html
14072,Arabian Oud,Asrar,,https://www.fragrantica.com/perfume/Arabian-Oud/Asrar-127515.html
14073,Arabian Oud,Attractive Woody Intense,,https://www.fragrantica.com/perfume/Arabian-Oud/Attractive-Woody-Intense-127518.html
14074,Arabian Oud,Awtar,,https://www.fragrantica.com/perfume/Arabian-Oud/Awtar-127521.html
14075,Arabian Oud,Badr Al Bdour,,https://www.fragrantica.com/perfume/Arabian-Oud/Badr-Al-Bdour-127524.html
14076,Arabian Oud,Bella,,https://www.fragrantica.com/perfume/Arabian-Oud/Bella-127527.html
14077,Arabian Oud,Black Pearl,2015,https://www.fragrantica.com/perfume/Arabian-Oud/Black-Pearl-127533.html
14078,Arabian Oud,Blue Moon,2023,https://www.fragrantica.com/perfume/Arabian-Oud/Blue-Moon-91543.html
14079,Arabian Oud,Blue Oud,2021,https://www.fragrantica.com/perfume/Arabian-Oud/Blue-Oud-67712.html
14080,Arabian Oud,Blues,,https://www.fragrantica.com/perfume/Arabian-Oud/Blues-21693.html
14081,Arabian Oud,Bulgarian Rose,,https://www.fragrantica.com/perfume/Arabian-Oud/Bulgarian-Rose-21562.html
14082,Arabian Oud,Bullet,2024,https://www.fragrantica.com/perfume/Arabian-Oud/Bullet-117324.html
14083,Arabian Oud,Bussma,2022,https://www.fragrantica.com/perfume/Arabian-Oud/Bussma-85160.html
14084,Arabian Oud,Bussma Blue,2023,https://www.fragrantica.com/perfume/Arabian-Oud/Bussma-Blue-91551.html
14085,Arabian Oud,Butterfly 1,,https://www.fragrantica.com/perfume/Arabian-Oud/Butterfly-1-21607.html
14086,Arabian Oud,Butterfly 2,,https://www.fragrantica.com/perfume/Arabian-Oud/Butterfly-2-21703.html
14087,Arabian Oud,Butterfly 3,,https://www.fragrantica.com/perfume/Arabian-Oud/Butterfly-3-21608.html
14088,Arabian Oud,Butterfly 4,,https://www.fragrantica.com/perfume/Arabian-Oud/Butterfly-4-21609.html
14089,Arabian Oud,Butterfly 5,,https://www.fragrantica.com/perfume/Arabian-Oud/Butterfly-5-21694.html
14090,Arabian Oud,Cavalier,2014,https://www.fragrantica.com/perfume/Arabian-Oud/Cavalier-127537.html
14091,Arabian Oud,Cavaliere,2015,https://www.fragrantica.com/perfume/Arabian-Oud/Cavaliere-127541.html
14092,Arabian Oud,Centro,2024,https://www.fragrantica.com/perfume/Arabian-Oud/Centro-111182.html
14093,Arabian Oud,Cinderella,,https://www.fragrantica.com/perfume/Arabian-Oud/Cinderella-127542.html
14094,Arabian Oud,Cortoba,,https://huggingface.co/datasets/doevent/perfume
14095,Arabian Oud,Crazy Moody,,https://www.fragrantica.com/perfume/Arabian-Oud/Crazy-Moody-127546.html
14096,Arabian Oud,Crystal A.O.,,https://www.fragrantica.com/perfume/Arabian-Oud/Crystal-A-O-127545.html
14097,Arabian Oud,D/Oud Camboodi,,https://www.fragrantica.com/perfume/Arabian-Oud/D-Oud-Camboodi-21575.html
14098,Arabian Oud,D/Oud Hindi Muattak,,https://www.fragrantica.com/perfume/Arabian-Oud/D-Oud-Hindi-Muattak-21576.html
14099,Arabian Oud,Dehen Oud Cambodi Muattak,,https://www.fragrantica.com/perfume/Arabian-Oud/Dehen-Oud-Cambodi-Muattak-21685.html
14100,Arabian Oud,Dehen Oud Maliki,,https://www.fragrantica.com/perfume/Arabian-Oud/Dehen-Oud-Maliki-21686.html
14101,Arabian Oud,Dehen Oud Sioufi,,https://www.fragrantica.com/perfume/Arabian-Oud/Dehen-Oud-Sioufi-21687.html
14102,Arabian Oud,Desert Falcon,,https://www.fragrantica.com/perfume/Arabian-Oud/Desert-Falcon-21610.html
14103,Arabian Oud,Dewan Al Shark,,https://www.fragrantica.com/perfume/Arabian-Oud/Dewan-Al-Shark-21577.html
14104,Arabian Oud,Different,,https://www.fragrantica.com/perfume/Arabian-Oud/Different-91548.html
14105,Arabian Oud,Disney Princess Jasmine,,https://www.fragrantica.com/perfume/Arabian-Oud/Disney-Princess-Jasmine-127551.html
14106,Arabian Oud,Diwan,2020,https://www.fragrantica.com/perfume/Arabian-Oud/Diwan-71858.html
14107,Arabian Oud,Donna,,https://www.fragrantica.com/perfume/Arabian-Oud/Donna-21708.html
14108,Arabian Oud,Donna Soiree,,https://www.fragrantica.com/perfume/Arabian-Oud/Donna-Soiree-127550.html
14109,Arabian Oud,Durrat Al Arabia,,https://www.fragrantica.com/perfume/Arabian-Oud/Durrat-Al-Arabia-21953.html
14110,Arabian Oud,Dynamic,,https://www.fragrantica.com/perfume/Arabian-Oud/Dynamic-21611.html
14111,Arabian Oud,Egyptian Jasmine,,https://www.fragrantica.com/perfume/Arabian-Oud/Egyptian-Jasmine-21563.html
14112,Arabian Oud,Egyptian Musk,,https://www.fragrantica.com/perfume/Arabian-Oud/Egyptian-Musk-21564.html
14113,Arabian Oud,Ehsas,,https://www.fragrantica.com/perfume/Arabian-Oud/Ehsas-21612.html
14114,Arabian Oud,Ehsas Khas,2019,https://www.fragrantica.com/perfume/Arabian-Oud/Ehsas-Khas-127555.html
14115,Arabian Oud,Elegant Black,,https://www.fragrantica.com/perfume/Arabian-Oud/Elegant-Black-127552.html
14116,Arabian Oud,Elegant Pink,,https://www.fragrantica.com/perfume/Arabian-Oud/Elegant-Pink-127553.html
14117,Arabian Oud,Elle,2025,https://www.fragrantica.com/perfume/Arabian-Oud/Elle-109230.html
14118,Arabian Oud,Elysee Oud,,https://www.fragrantica.com/perfume/Arabian-Oud/Elysee-Oud-127556.html
14119,Arabian Oud,Emperor,2014,https://www.fragrantica.com/perfume/Arabian-Oud/Emperor-51309.html
14120,Arabian Oud,Fairouz,,https://www.fragrantica.com/perfume/Arabian-Oud/Fairouz-91550.html
14121,Arabian Oud,Fatenah,2017,https://www.fragrantica.com/perfume/Arabian-Oud/Fatenah-127557.html
14122,Arabian Oud,Feeling Inn Black,,https://www.fragrantica.com/perfume/Arabian-Oud/Feeling-Inn-Black-127558.html
14123,Arabian Oud,Feeling Inn White,,https://www.fragrantica.com/perfume/Arabian-Oud/Feeling-Inn-White-127559.html
14124,Arabian Oud,Feelings,,https://www.fragrantica.com/perfume/Arabian-Oud/Feelings-21613.html
14125,Arabian Oud,Femme Sport,,https://www.fragrantica.com/perfume/Arabian-Oud/Femme-Sport-21614.html
14126,Arabian Oud,Flowers,,https://www.parfumo.com/Perfumes/Arabian_Oud/1000_Flowers
14127,Arabian Oud,° for Men,,https://www.parfumo.com/Perfumes/Arabian_Oud/360-for-men
14128,Arabian Oud,Friday Night,,https://www.fragrantica.com/perfume/Arabian-Oud/Friday-Night-21578.html
14129,Arabian Oud,Gentleman Secret,,https://www.fragrantica.com/perfume/Arabian-Oud/Gentleman-Secret-21615.html
14130,Arabian Oud,Gharam,,https://www.fragrantica.com/perfume/Arabian-Oud/Gharam-21704.html
14131,Arabian Oud,Ghazal,,https://www.fragrantica.com/perfume/Arabian-Oud/Ghazal-21619.html
14132,Arabian Oud,Ghroob,,https://www.fragrantica.com/perfume/Arabian-Oud/Ghroob-22050.html
14133,Arabian Oud,Hayati,,https://www.fragrantica.com/perfume/Arabian-Oud/Hayati-21620.html
14134,Arabian Oud,Hayati 5,2014,https://www.fragrantica.com/perfume/Arabian-Oud/Hayati-5-28941.html
14135,Arabian Oud,Homme Sport,,https://www.fragrantica.com/perfume/Arabian-Oud/Homme-Sport-21695.html
14136,Arabian Oud,Horoof,,https://www.fragrantica.com/perfume/Arabian-Oud/Horoof-21621.html
14137,Arabian Oud,Ibtehal,,https://www.fragrantica.com/perfume/Arabian-Oud/Ibtehal-127560.html
14138,Arabian Oud,Jabal Al Fil,2020,https://www.fragrantica.com/perfume/Arabian-Oud/Jabal-Al-Fil-126560.html
14139,Arabian Oud,Jabal Al Lawz,2023,https://www.fragrantica.com/perfume/Arabian-Oud/Jabal-Al-Lawz-127561.html
14140,Arabian Oud,Jabal Al Nour,2023,https://www.fragrantica.com/perfume/Arabian-Oud/Jabal-Al-Nour-100735.html
14141,Arabian Oud,Jabal Al Tamya,,https://www.fragrantica.com/perfume/Arabian-Oud/Jabal-Al-Tamya-127563.html
14142,Arabian Oud,Jabal Al Toubad,2023,https://www.fragrantica.com/perfume/Arabian-Oud/Jabal-Al-Toubad-127565.html
14143,Arabian Oud,Jabal Cotton,,https://www.fragrantica.com/perfume/Arabian-Oud/Jabal-Cotton-113393.html
14144,Arabian Oud,Jazebiya,,https://www.fragrantica.com/perfume/Arabian-Oud/Jazebiya-22789.html
14145,Arabian Oud,Jenan Purple,,https://www.fragrantica.com/perfume/Arabian-Oud/Jenan-Purple-21690.html
14146,Arabian Oud,Jenan Silver,,https://www.fragrantica.com/perfume/Arabian-Oud/Jenan-Silver-21691.html
14147,Arabian Oud,Jood,,https://www.fragrantica.com/perfume/Arabian-Oud/Jood-21622.html
14148,Arabian Oud,Kahraman,2024,https://www.fragrantica.com/perfume/Arabian-Oud/Kahraman-105039.html
14149,Arabian Oud,Kalejia,,https://www.fragrantica.com/perfume/Arabian-Oud/Kalejia-21696.html
14150,Arabian Oud,Kalemat,,https://www.fragrantica.com/perfume/Arabian-Oud/Kalemat-21623.html
14151,Arabian Oud,Kalemat Amber,2013,https://www.fragrantica.com/perfume/Arabian-Oud/Kalemat-Amber-25661.html
14152,Arabian Oud,Kalemat Black,,https://www.fragrantica.com/perfume/Arabian-Oud/Kalemat-Black-21624.html
14153,Arabian Oud,Kalemat Floral,2013,https://www.fragrantica.com/perfume/Arabian-Oud/Kalemat-Floral-25660.html
14154,Arabian Oud,Kalemat Musk,2013,https://www.fragrantica.com/perfume/Arabian-Oud/Kalemat-Musk-21714.html
14155,Arabian Oud,Kalemat Wood,2013,https://www.fragrantica.com/perfume/Arabian-Oud/Kalemat-Wood-21715.html
14156,Arabian Oud,Kashkha,,https://www.fragrantica.com/perfume/Arabian-Oud/Kashkha-21625.html
14157,Arabian Oud,Kashkha 1,,https://www.fragrantica.com/perfume/Arabian-Oud/Kashkha-1-21680.html
14158,Arabian Oud,Kashkha 2,,https://www.fragrantica.com/perfume/Arabian-Oud/Kashkha-2-21681.html
14159,Arabian Oud,Kashkha 5,,https://www.fragrantica.com/perfume/Arabian-Oud/Kashkha-5-21682.html
14160,Arabian Oud,Kashkha 6,,https://www.fragrantica.com/perfume/Arabian-Oud/Kashkha-6-21683.html
14161,Arabian Oud,Kashkha 7,,https://www.fragrantica.com/perfume/Arabian-Oud/Kashkha-7-21684.html
14162,Arabian Oud,Kashmir,2020,https://www.fragrantica.com/perfume/Arabian-Oud/Kashmir-63057.html
14163,Arabian Oud,Kashmir Musk,2020,https://www.fragrantica.com/perfume/Arabian-Oud/Kashmir-Musk-69013.html
14164,Arabian Oud,Khaiyyal,,https://www.fragrantica.com/perfume/Arabian-Oud/Khaiyyal-127612.html
14165,Arabian Oud,Khaleej Musk,,https://www.fragrantica.com/perfume/Arabian-Oud/Khaleej-Musk-127613.html
14166,Arabian Oud,Khaleejiah,,https://www.fragrantica.com/perfume/Arabian-Oud/Khaleejiah-21626.html
14167,Arabian Oud,Khayal,,https://huggingface.co/datasets/doevent/perfume
14168,Arabian Oud,King Fahad Blend,,https://www.fragrantica.com/perfume/Arabian-Oud/King-Fahad-Blend-21565.html
14169,Arabian Oud,Lamsa,2012,https://www.fragrantica.com/perfume/Arabian-Oud/Lamsa-21627.html
14170,Arabian Oud,Lara,,https://www.fragrantica.com/perfume/Arabian-Oud/Lara-21628.html
14171,Arabian Oud,Layal,,https://www.fragrantica.com/perfume/Arabian-Oud/Layal-22791.html
14172,Arabian Oud,Lialy Al Andalus,,https://www.fragrantica.com/perfume/Arabian-Oud/Lialy-Al-Andalus-127614.html
14173,Arabian Oud,Lines,2017,https://www.fragrantica.com/perfume/Arabian-Oud/Lines-127615.html
14174,Arabian Oud,Lou Lou,,https://www.fragrantica.com/perfume/Arabian-Oud/Lou-Lou-22792.html
14175,Arabian Oud,Lovely,,https://www.fragrantica.com/perfume/Arabian-Oud/Lovely-127616.html
14176,Arabian Oud,Lyn,,https://www.fragrantica.com/perfume/Arabian-Oud/Lyn-21629.html
14177,Arabian Oud,Madame de Luxia,1999,https://www.fragrantica.com/perfume/Arabian-Oud/Madame-de-Luxia-127617.html
14178,Arabian Oud,Madawi,2017,https://www.fragrantica.com/perfume/Arabian-Oud/Madawi-51307.html
14179,Arabian Oud,Madawi Gold Edition,2024,https://www.fragrantica.com/perfume/Arabian-Oud/Madawi-Gold-Edition-92704.html
14180,Arabian Oud,Madawi Hair Mist,2021,https://www.fragrantica.com/perfume/Arabian-Oud/Madawi-Hair-Mist-127618.html
14181,Arabian Oud,Madawi White,2026,https://www.fragrantica.com/perfume/Arabian-Oud/Madawi-White-127296.html
14182,Arabian Oud,Majestic,,https://www.fragrantica.com/perfume/Arabian-Oud/Majestic-21630.html
14183,Arabian Oud,Majestic Platinum,,https://www.fragrantica.com/perfume/Arabian-Oud/Majestic-Platinum-21711.html
14184,Arabian Oud,Majestic Special Oud,,https://www.fragrantica.com/perfume/Arabian-Oud/Majestic-Special-Oud-21716.html
14185,Arabian Oud,Majestic Woody Intense,,https://www.fragrantica.com/perfume/Arabian-Oud/Majestic-Woody-Intense-21710.html
14186,Arabian Oud,Marra Cool,,https://www.fragrantica.com/perfume/Arabian-Oud/Marra-Cool-21631.html
14187,Arabian Oud,Mazyona,,https://www.fragrantica.com/perfume/Arabian-Oud/Mazyona-127619.html
14188,Arabian Oud,Mera Gold,2015,https://www.fragrantica.com/perfume/Arabian-Oud/Mera-Gold-127620.html
14189,Arabian Oud,Mera Silver,2015,https://www.fragrantica.com/perfume/Arabian-Oud/Mera-Silver-127621.html
14190,Arabian Oud,Mickey Mouse,,https://www.fragrantica.com/perfume/Arabian-Oud/Mickey-Mouse-127622.html
14191,Arabian Oud,Minnie Mouse,,https://www.fragrantica.com/perfume/Arabian-Oud/Minnie-Mouse-127623.html
14192,Arabian Oud,Miss Arabian,2019,https://www.fragrantica.com/perfume/Arabian-Oud/Miss-Arabian-78615.html
14193,Arabian Oud,Miss Beauty,,https://www.fragrantica.com/perfume/Arabian-Oud/Miss-Beauty-21632.html
14194,Arabian Oud,Miss Lol Pink,,https://www.fragrantica.com/perfume/Arabian-Oud/Miss-Lol-Pink-21633.html
14195,Arabian Oud,Miss Lol Purple,,https://www.fragrantica.com/perfume/Arabian-Oud/Miss-Lol-Purple-21634.html
14196,Arabian Oud,Miss Lol Red,,https://www.fragrantica.com/perfume/Arabian-Oud/Miss-Lol-Red-21635.html
14197,Arabian Oud,Misty Wood,,https://www.fragrantica.com/perfume/Arabian-Oud/Misty-Wood-21636.html
14198,Arabian Oud,Moody,,https://www.fragrantica.com/perfume/Arabian-Oud/Moody-21637.html
14199,Arabian Oud,MOON 14 Pink Day,,https://www.fragrantica.com/perfume/Arabian-Oud/MOON-14-Pink-Day-21697.html
14200,Arabian Oud,MOON 14 Purple Day,,https://www.fragrantica.com/perfume/Arabian-Oud/MOON-14-Purple-Day-21698.html
14201,Arabian Oud,Mukallet Al Molouk,,https://www.fragrantica.com/perfume/Arabian-Oud/Mukallet-Al-Molouk-21688.html
14202,Arabian Oud,Mukhalat Al Tamayoz,,https://www.fragrantica.com/perfume/Arabian-Oud/Mukhalat-Al-Tamayoz-127625.html
14203,Arabian Oud,Mukhallat Al Dewan,,https://www.fragrantica.com/perfume/Arabian-Oud/Mukhallat-Al-Dewan-21638.html
14204,Arabian Oud,Mukhallat Al Fakhama,,https://www.fragrantica.com/perfume/Arabian-Oud/Mukhallat-Al-Fakhama-127624.html
14205,Arabian Oud,Mukhallat Al Qaser,,https://www.fragrantica.com/perfume/Arabian-Oud/Mukhallat-Al-Qaser-21639.html
14206,Arabian Oud,Mukhallat Al Shiyoukh,,https://www.fragrantica.com/perfume/Arabian-Oud/Mukhallat-Al-Shiyoukh-21640.html
14207,Arabian Oud,Mukhallat Dewan Al Sharq,,https://www.fragrantica.com/perfume/Arabian-Oud/Mukhallat-Dewan-Al-Sharq-21641.html
14208,Arabian Oud,Mukhallat Hams Al Layali,,https://www.fragrantica.com/perfume/Arabian-Oud/Mukhallat-Hams-Al-Layali-127628.html
14209,Arabian Oud,Mukhallat Hayal,,https://www.fragrantica.com/perfume/Arabian-Oud/Mukhallat-Hayal-127626.html
14210,Arabian Oud,Mukhallat Nagdy Malaky,,https://www.fragrantica.com/perfume/Arabian-Oud/Mukhallat-Nagdy-Malaky-127629.html
14211,Arabian Oud,Mukhallat Nagham,,https://www.fragrantica.com/perfume/Arabian-Oud/Mukhallat-Nagham-127630.html
14212,Arabian Oud,Mukhallat Shorouq,,https://www.fragrantica.com/perfume/Arabian-Oud/Mukhallat-Shorouq-127627.html
14213,Arabian Oud,Musk Al Khaleej,,https://www.fragrantica.com/perfume/Arabian-Oud/Musk-Al-Khaleej-21642.html
14214,Arabian Oud,Musk Kaaba,,https://www.fragrantica.com/perfume/Arabian-Oud/Musk-Kaaba-21566.html
14215,Arabian Oud,Musk Mubakhar,2023,https://www.fragrantica.com/perfume/Arabian-Oud/Musk-Mubakhar-86155.html
14216,Arabian Oud,Musk Mutasallik,,https://www.fragrantica.com/perfume/Arabian-Oud/Musk-Mutasallik-21567.html
14217,Arabian Oud,Musk Rose,,https://www.fragrantica.com/perfume/Arabian-Oud/Musk-Rose-109276.html
14218,Arabian Oud,Musk Tahara,,https://www.fragrantica.com/perfume/Arabian-Oud/Musk-Tahara-21568.html
14219,Arabian Oud,Musky,,https://www.fragrantica.com/perfume/Arabian-Oud/Musky-21780.html
14220,Arabian Oud,Nagham,,https://www.fragrantica.com/perfume/Arabian-Oud/Nagham-21643.html
14221,Arabian Oud,Najd,,https://www.fragrantica.com/perfume/Arabian-Oud/Najd-127631.html
14222,Arabian Oud,Nawaf Gold,,https://www.fragrantica.com/perfume/Arabian-Oud/Nawaf-Gold-21644.html
14223,Arabian Oud,Naya,,https://www.fragrantica.com/perfume/Arabian-Oud/Naya-21699.html
14224,Arabian Oud,Night Musk,,https://www.fragrantica.com/perfume/Arabian-Oud/Night-Musk-21702.html
14225,Arabian Oud,Nobles,2024,https://www.fragrantica.com/perfume/Arabian-Oud/Nobles-91541.html
14226,Arabian Oud,Only Black,,https://www.fragrantica.com/perfume/Arabian-Oud/Only-Black-91704.html
14227,Arabian Oud,Only Blue,,https://www.fragrantica.com/perfume/Arabian-Oud/Only-Blue-91703.html
14228,Arabian Oud,Only Pink,,https://www.fragrantica.com/perfume/Arabian-Oud/Only-Pink-91702.html
14229,Arabian Oud,Only White,,https://www.fragrantica.com/perfume/Arabian-Oud/Only-White-91701.html
14230,Arabian Oud,Only Yellow,2024,https://www.fragrantica.com/perfume/Arabian-Oud/Only-Yellow-91544.html
14231,Arabian Oud,Oriental Oud,,https://www.fragrantica.com/perfume/Arabian-Oud/Oriental-Oud-127633.html
14232,Arabian Oud,Oud Al Jawhara,2014,https://www.fragrantica.com/perfume/Arabian-Oud/Oud-Al-Jawhara-28939.html
14233,Arabian Oud,Oud El Khaleej,2013,https://www.fragrantica.com/perfume/Arabian-Oud/Oud-El-Khaleej-127634.html
14234,Arabian Oud,Oud Mokhallat Momayaz,,https://www.fragrantica.com/perfume/Arabian-Oud/Oud-Mokhallat-Momayaz-21646.html
14235,Arabian Oud,Oud Mukallet Special,,https://www.fragrantica.com/perfume/Arabian-Oud/Oud-Mukallet-Special-21689.html
14236,Arabian Oud,Oud Special,,https://www.fragrantica.com/perfume/Arabian-Oud/Oud-Special-127635.html
14237,Arabian Oud,Pink Moon,2025,https://www.fragrantica.com/perfume/Arabian-Oud/Pink-Moon-127299.html
14238,Arabian Oud,Prestige Collection Black,,https://www.fragrantica.com/perfume/Arabian-Oud/Prestige-Collection-Black-21647.html
14239,Arabian Oud,Prestige Collection White,,https://www.fragrantica.com/perfume/Arabian-Oud/Prestige-Collection-White-21648.html
14240,Arabian Oud,Pretty Lady,,https://www.fragrantica.com/perfume/Arabian-Oud/Pretty-Lady-21649.html
14241,Arabian Oud,Prime Collection for Men,,https://www.fragrantica.com/perfume/Arabian-Oud/Prime-Collection-for-Men-21650.html
14242,Arabian Oud,Prime Collection for Women,,https://www.fragrantica.com/perfume/Arabian-Oud/Prime-Collection-for-Women-21651.html
14243,Arabian Oud,Prince B Diaminy,,https://www.fragrantica.com/perfume/Arabian-Oud/Prince-B-Diaminy-21579.html
14244,Arabian Oud,Princess Hamida,,https://www.fragrantica.com/perfume/Arabian-Oud/Princess-Hamida-21559.html
14245,Arabian Oud,Princessa Celebration,,https://www.fragrantica.com/perfume/Arabian-Oud/Princessa-Celebration-21692.html
14246,Arabian Oud,Princessa Midnight,,https://www.fragrantica.com/perfume/Arabian-Oud/Princessa-Midnight-21717.html
14247,Arabian Oud,Queen,,https://www.fragrantica.com/perfume/Arabian-Oud/Queen-127636.html
14248,Arabian Oud,Ramz,,https://www.fragrantica.com/perfume/Arabian-Oud/Ramz-126777.html
14249,Arabian Oud,Rare Cambodian Oud,,https://www.fragrantica.com/perfume/Arabian-Oud/Rare-Cambodian-Oud-127638.html
14250,Arabian Oud,Rare Oud,2020,https://www.fragrantica.com/perfume/Arabian-Oud/Rare-Oud-71714.html
14251,Arabian Oud,Rawaa,,https://www.fragrantica.com/perfume/Arabian-Oud/Rawaa-127637.html
14252,Arabian Oud,Relax XY Day,,https://www.fragrantica.com/perfume/Arabian-Oud/Relax-XY-Day-21652.html
14253,Arabian Oud,Relax XY Night,,https://www.fragrantica.com/perfume/Arabian-Oud/Relax-XY-Night-21653.html
14254,Arabian Oud,Resala,2018,https://www.fragrantica.com/perfume/Arabian-Oud/Resala-53104.html
14255,Arabian Oud,Rose Istanbuli 1st,,https://www.fragrantica.com/perfume/Arabian-Oud/Rose-Istanbuli-1st-21569.html
14256,Arabian Oud,Rose Istanbuli Fakhar,,https://www.fragrantica.com/perfume/Arabian-Oud/Rose-Istanbuli-Fakhar-21570.html
14257,Arabian Oud,Rose Light Pink,,https://www.fragrantica.com/perfume/Arabian-Oud/Rose-Light-Pink-127639.html
14258,Arabian Oud,Rose Pink,,https://www.fragrantica.com/perfume/Arabian-Oud/Rose-Pink-127640.html
14259,Arabian Oud,Rose Violet,,https://www.fragrantica.com/perfume/Arabian-Oud/Rose-Violet-127641.html
14260,Arabian Oud,Rosewood,2018,https://www.fragrantica.com/perfume/Arabian-Oud/Rosewood-53159.html
14261,Arabian Oud,Royal Amber,,https://www.fragrantica.com/perfume/Arabian-Oud/Royal-Amber-21571.html
14262,Arabian Oud,Royal Blue,,https://www.fragrantica.com/perfume/Arabian-Oud/Royal-Blue-127642.html
14263,Arabian Oud,Royal Dark Musk,,https://www.fragrantica.com/perfume/Arabian-Oud/Royal-Dark-Musk-21572.html
14264,Arabian Oud,Royal Musk,,https://www.fragrantica.com/perfume/Arabian-Oud/Royal-Musk-127643.html
14265,Arabian Oud,Royal Oud,2019,https://www.fragrantica.com/perfume/Arabian-Oud/Royal-Oud-68298.html
14266,Arabian Oud,Royal Rose,,https://www.fragrantica.com/perfume/Arabian-Oud/Royal-Rose-127644.html
14267,Arabian Oud,Saffron Oud,2024,https://www.fragrantica.com/perfume/Arabian-Oud/Saffron-Oud-91547.html
14268,Arabian Oud,Sager,,https://www.fragrantica.com/perfume/Arabian-Oud/Sager-127701.html
14269,Arabian Oud,Sarmad,,https://www.fragrantica.com/perfume/Arabian-Oud/Sarmad-21654.html
14270,Arabian Oud,Saudi Mukhallat Gold,,https://www.fragrantica.com/perfume/Arabian-Oud/Saudi-Mukhallat-Gold-127703.html
14271,Arabian Oud,Saudi Mukhallat Silver,2015,https://www.fragrantica.com/perfume/Arabian-Oud/Saudi-Mukhallat-Silver-127702.html
14272,Arabian Oud,Seduce,,https://www.fragrantica.com/perfume/Arabian-Oud/Seduce-21701.html
14273,Arabian Oud,Seduce Style,,https://www.fragrantica.com/perfume/Arabian-Oud/Seduce-Style-21700.html
14274,Arabian Oud,Shahrayar Men,,https://www.fragrantica.com/perfume/Arabian-Oud/Shahrayar-Men-21656.html
14275,Arabian Oud,Shahrazad,,https://www.fragrantica.com/perfume/Arabian-Oud/Shahrazad-21657.html
14276,Arabian Oud,Shalki Blue,2021,https://www.fragrantica.com/perfume/Arabian-Oud/Shalki-Blue-127302.html
14277,Arabian Oud,Shalki Pink,2021,https://www.fragrantica.com/perfume/Arabian-Oud/Shalki-Pink-127632.html
14278,Arabian Oud,Shalki White,2021,https://www.fragrantica.com/perfume/Arabian-Oud/Shalki-White-127301.html
14279,Arabian Oud,Shalki Yellow,2021,https://www.fragrantica.com/perfume/Arabian-Oud/Shalki-Yellow-127303.html
14280,Arabian Oud,ShaTha,,https://www.fragrantica.com/perfume/Arabian-Oud/ShaTha-21718.html
14281,Arabian Oud,Shejoon,,https://www.fragrantica.com/perfume/Arabian-Oud/Shejoon-22790.html
14282,Arabian Oud,Signature,2017,https://www.fragrantica.com/perfume/Arabian-Oud/Signature-63059.html
14283,Arabian Oud,Silver Musk,,https://www.fragrantica.com/perfume/Arabian-Oud/Silver-Musk-46234.html
14284,Arabian Oud,Silver Style,,https://www.fragrantica.com/perfume/Arabian-Oud/Silver-Style-21658.html
14285,Arabian Oud,Silver Style 3,,https://www.fragrantica.com/perfume/Arabian-Oud/Silver-Style-3-21659.html
14286,Arabian Oud,Silver Style 6,,https://www.fragrantica.com/perfume/Arabian-Oud/Silver-Style-6-21660.html
14287,Arabian Oud,Silver Style 9,,https://www.fragrantica.com/perfume/Arabian-Oud/Silver-Style-9-21661.html
14288,Arabian Oud,Solid,,https://www.fragrantica.com/perfume/Arabian-Oud/Solid-21709.html
14289,Arabian Oud,Solid Black,2017,https://www.fragrantica.com/perfume/Arabian-Oud/Solid-Black-51308.html
14290,Arabian Oud,Spanish Musk,,https://www.fragrantica.com/perfume/Arabian-Oud/Spanish-Musk-127408.html
14291,Arabian Oud,Special Arabian Musk,2023,https://www.fragrantica.com/perfume/Arabian-Oud/Special-Arabian-Musk-91542.html
14292,Arabian Oud,Special Nights,,https://www.fragrantica.com/perfume/Arabian-Oud/Special-Nights-21663.html
14293,Arabian Oud,Special Nights For Men,,https://www.fragrantica.com/perfume/Arabian-Oud/Special-Nights-For-Men-21662.html
14294,Arabian Oud,Special Nights Silver,,https://www.fragrantica.com/perfume/Arabian-Oud/Special-Nights-Silver-127704.html
14295,Arabian Oud,Sultan Blend,,https://www.fragrantica.com/perfume/Arabian-Oud/Sultan-Blend-21560.html
14296,Arabian Oud,Sultani,2020,https://www.fragrantica.com/perfume/Arabian-Oud/Sultani-65420.html
14297,Arabian Oud,Sultani Amberwood,2025,https://www.fragrantica.com/perfume/Arabian-Oud/Sultani-Amberwood-111181.html
14298,Arabian Oud,Superior Oud Wood,,https://www.fragrantica.com/perfume/Arabian-Oud/Superior-Oud-Wood-21664.html
14299,Arabian Oud,Superior White Musk,,https://www.fragrantica.com/perfume/Arabian-Oud/Superior-White-Musk-21573.html
14300,Arabian Oud,Syofi Al Arabia,,https://www.fragrantica.com/perfume/Arabian-Oud/Syofi-Al-Arabia-127705.html
14301,Arabian Oud,Taraf,2023,https://www.fragrantica.com/perfume/Arabian-Oud/Taraf-91549.html
14302,Arabian Oud,Tarteel Gold,2018,https://www.fragrantica.com/perfume/Arabian-Oud/Tarteel-Gold-53206.html
14303,Arabian Oud,Tarteel Silver,2017,https://www.fragrantica.com/perfume/Arabian-Oud/Tarteel-Silver-63058.html
14304,Arabian Oud,Tender,,https://www.fragrantica.com/perfume/Arabian-Oud/Tender-127706.html
14305,Arabian Oud,Tender Musk,,https://www.fragrantica.com/perfume/Arabian-Oud/Tender-Musk-127707.html
14306,Arabian Oud,Tender Rose,,https://www.fragrantica.com/perfume/Arabian-Oud/Tender-Rose-127708.html
14307,Arabian Oud,Titanium,,https://www.fragrantica.com/perfume/Arabian-Oud/Titanium-127709.html
14308,Arabian Oud,Tohfa,,https://www.fragrantica.com/perfume/Arabian-Oud/Tohfa-21949.html
14309,Arabian Oud,Tonight,,https://www.fragrantica.com/perfume/Arabian-Oud/Tonight-21665.html
14310,Arabian Oud,Tuwaiq,2023,https://www.fragrantica.com/perfume/Arabian-Oud/Tuwaiq-80650.html
14311,Arabian Oud,Tuwaiq 1727,2023,https://www.fragrantica.com/perfume/Arabian-Oud/Tuwaiq-1727-127710.html
14312,Arabian Oud,Twin Gold 1,,https://www.fragrantica.com/perfume/Arabian-Oud/Twin-Gold-1-127711.html
14313,Arabian Oud,Twin Gold 2,,https://www.fragrantica.com/perfume/Arabian-Oud/Twin-Gold-2-127712.html
14314,Arabian Oud,Twin Silver 1,,https://www.fragrantica.com/perfume/Arabian-Oud/Twin-Silver-1-127713.html
14315,Arabian Oud,Twin Silver 2,,https://www.fragrantica.com/perfume/Arabian-Oud/Twin-Silver-2-127714.html
14316,Arabian Oud,Ultimate,,https://www.fragrantica.com/perfume/Arabian-Oud/Ultimate-127715.html
14317,Arabian Oud,Utopia,,https://www.fragrantica.com/perfume/Arabian-Oud/Utopia-21580.html
14318,Arabian Oud,Vanilla Rose,2025,https://www.fragrantica.com/perfume/Arabian-Oud/Vanilla-Rose-127298.html
14319,Arabian Oud,Velvet Touch,,https://www.fragrantica.com/perfume/Arabian-Oud/Velvet-Touch-127716.html
14320,Arabian Oud,Vision,,https://www.fragrantica.com/perfume/Arabian-Oud/Vision-21667.html
14321,Arabian Oud,W,2025,https://www.fragrantica.com/perfume/Arabian-Oud/W-127300.html
14322,Arabian Oud,Wasm Al Musk,,https://www.fragrantica.com/perfume/Arabian-Oud/Wasm-Al-Musk-127717.html
14323,Arabian Oud,Wasm Al Oud,,https://www.fragrantica.com/perfume/Arabian-Oud/Wasm-Al-Oud-127718.html
14324,Arabian Oud,White Absolu,,https://www.fragrantica.com/perfume/Arabian-Oud/White-Absolu-127719.html
14325,Arabian Oud,White Musk,,https://www.fragrantica.com/perfume/Arabian-Oud/White-Musk-21668.html
14326,Arabian Oud,Woody,,https://www.fragrantica.com/perfume/Arabian-Oud/Woody-21669.html
14327,Arabian Oud,Woody Black,,https://www.fragrantica.com/perfume/Arabian-Oud/Woody-Black-21712.html
14328,Arabian Oud,Woody Blanc,,https://huggingface.co/datasets/doevent/perfume
14329,Arabian Oud,Woody Blank,,https://www.fragrantica.com/perfume/Arabian-Oud/Woody-Blank-21713.html
14330,Arabian Oud,Woody Intense,,https://www.fragrantica.com/perfume/Arabian-Oud/Woody-Intense-21670.html
14331,Arabian Oud,Woody Style,,https://www.fragrantica.com/perfume/Arabian-Oud/Woody-Style-21671.html
14332,Arabian Oud,XO Femme,2016,https://www.fragrantica.com/perfume/Arabian-Oud/XO-Femme-127720.html
14333,Arabian Oud,XO Homme,2015,https://www.fragrantica.com/perfume/Arabian-Oud/XO-Homme-45251.html
14334,Arabian Oud,Yacht Mood,2023,https://www.fragrantica.com/perfume/Arabian-Oud/Yacht-Mood-85161.html
14335,Arabian Oud,Yadis,,https://www.fragrantica.com/perfume/Arabian-Oud/Yadis-21672.html
14336,Arabian Oud,Yadis Black,,https://www.fragrantica.com/perfume/Arabian-Oud/Yadis-Black-21673.html
14337,Arabian Oud,Yadis Blanc,,https://www.fragrantica.com/perfume/Arabian-Oud/Yadis-Blanc-21674.html
14338,Arabian Oud,Yaqoot,2025,https://www.fragrantica.com/perfume/Arabian-Oud/Yaqoot-127297.html
14339,Arabian Oud,Zahrat Al Khaleej,,https://www.fragrantica.com/perfume/Arabian-Oud/Zahrat-Al-Khaleej-21561.html
14340,Arabian Oud,Zumorod,2023,https://www.fragrantica.com/perfume/Arabian-Oud/Zumorod-91545.html
14341,Arabian Wind,Amur Tiger,2023,https://www.fragrantica.com/perfume/Arabian-Wind/Amur-Tiger-87736.html
14342,Arabian Wind,Arti Tobacco,2023,https://www.fragrantica.com/perfume/Arabian-Wind/Arti-Tobacco-87733.html
14343,Arabian Wind,Asrari,2023,https://www.fragrantica.com/perfume/Arabian-Wind/Asrari-87726.html
14344,Arabian Wind,Bergamot & Tobacco,2022,https://www.fragrantica.com/perfume/Arabian-Wind/Bergamot-Tobacco-75807.html
14345,Arabian Wind,Caramel,2022,https://www.fragrantica.com/perfume/Arabian-Wind/Caramel-75806.html
14346,Arabian Wind,Cherry Pits,2023,https://www.fragrantica.com/perfume/Arabian-Wind/Cherry-Pits-87728.html
14347,Arabian Wind,Damask Leather,2023,https://www.fragrantica.com/perfume/Arabian-Wind/Damask-Leather-87735.html
14348,Arabian Wind,Dark Santal,2022,https://www.fragrantica.com/perfume/Arabian-Wind/Dark-Santal-75808.html
14349,Arabian Wind,Devil's Island,2023,https://www.fragrantica.com/perfume/Arabian-Wind/Devil-s-Island-87731.html
14350,Arabian Wind,Devil's Island Extrait,2024,https://www.fragrantica.com/perfume/Arabian-Wind/Devil-s-Island-Extrait-93239.html
14351,Arabian Wind,Dubai Knight,2023,https://www.fragrantica.com/perfume/Arabian-Wind/Dubai-Knight-87851.html
14352,Arabian Wind,Glize,2022,https://www.fragrantica.com/perfume/Arabian-Wind/Glize-75809.html
14353,Arabian Wind,Gorgeous,2023,https://www.fragrantica.com/perfume/Arabian-Wind/Gorgeous-87732.html
14354,Arabian Wind,Hidden Vetiver,2023,https://www.fragrantica.com/perfume/Arabian-Wind/Hidden-Vetiver-87850.html
14355,Arabian Wind,Jamous,2023,https://www.fragrantica.com/perfume/Arabian-Wind/Jamous-87730.html
14356,Arabian Wind,Milan Lovers,2025,https://www.fragrantica.com/perfume/Arabian-Wind/Milan-Lovers-99570.html
14357,Arabian Wind,Pomegranate,2023,https://www.fragrantica.com/perfume/Arabian-Wind/Pomegranate-87734.html
14358,Arabian Wind,Queen of Palmyra,2025,https://www.fragrantica.com/perfume/Arabian-Wind/Queen-of-Palmyra-99568.html
14359,Arabian Wind,Sapphire Malaki,2025,https://www.fragrantica.com/perfume/Arabian-Wind/Sapphire-Malaki-99569.html
14360,Arabian Wind,So Truly,2024,https://www.fragrantica.com/perfume/Arabian-Wind/So-Truly-95824.html
14361,Arabian Wind,Tua Tar,2023,https://www.fragrantica.com/perfume/Arabian-Wind/Tua-Tar-87729.html
14362,Arabian Wind,Voyage à Marrakech Extrait,2024,https://www.fragrantica.com/perfume/Arabian-Wind/Voyage-a-Marrakech-Extrait-93238.html
14363,Arabiyat,Aariz Intense,2007,https://www.parfumo.com/Perfumes/Arabiyat/aariz-intense
14364,Arabiyat,Al Faris Arabiyat 2004 Eau de Parfum,2004,https://www.parfumo.com/Perfumes/Arabiyat/al-faris-eau-de-parfum
14365,Arabiyat,Al Faris Arabiyat 2015 Water Perfume,2015,https://www.parfumo.com/Perfumes/Arabiyat/al-faris-water-perfume
14366,Arabiyat,Al Faris Arabiyat Perfume Oil,,https://www.parfumo.com/Perfumes/Arabiyat/al-faris-perfume-oil
14367,Arabiyat,Angham Al Hub,,https://www.parfumo.com/Perfumes/Arabiyat/Angham_Al_Hub
14368,Arabiyat,Asrar Al Lail,,https://www.parfumo.com/Perfumes/Arabiyat/Asrar_Al_Lail
14369,Arabiyat,Desert Oud,2009,https://www.parfumo.com/Perfumes/Arabiyat/desert-oud
14370,Arabiyat,Elham Arabiyat 1942 Eau de Parfum,1942,https://www.parfumo.com/Perfumes/Arabiyat/elham-eau-de-parfum
14371,Arabiyat Prestige,Aariz,2024,https://www.fragrantica.com/perfume/Arabiyat-Prestige/Aariz-103370.html
14372,Arabiyat Prestige,Aariz Intense,2023,https://www.fragrantica.com/perfume/Arabiyat-Prestige/Aariz-Intense-103369.html
14373,Arabiyat Prestige,Aariz L’Absolu,2023,https://www.fragrantica.com/perfume/Arabiyat-Prestige/Aariz-L-Absolu-103371.html
14374,Arabiyat Prestige,Al Noor,2025,https://www.fragrantica.com/perfume/Arabiyat-Prestige/Al-Noor-115515.html
14375,Arabiyat Prestige,Angham Al Hub,,https://www.fragrantica.com/perfume/Arabiyat-Prestige/Angham-Al-Hub-23146.html
14376,Arabiyat Prestige,Aristo,2025,https://www.fragrantica.com/perfume/Arabiyat-Prestige/Aristo-125391.html
14377,Arabiyat Prestige,Ash'aa Mauve,2025,https://www.fragrantica.com/perfume/Arabiyat-Prestige/Ash-aa-Mauve-115516.html
14378,Arabiyat Prestige,Ash'aa Neroli,2025,https://www.fragrantica.com/perfume/Arabiyat-Prestige/Ash-aa-Neroli-115517.html
14379,Arabiyat Prestige,Asháa Amethyst,2024,https://www.fragrantica.com/perfume/Arabiyat-Prestige/Ashaa-Amethyst-103376.html
14380,Arabiyat Prestige,Asháa Blanc,2024,https://www.fragrantica.com/perfume/Arabiyat-Prestige/Ashaa-Blanc-103377.html
14381,Arabiyat Prestige,Asháa Oud Noir,2024,https://www.fragrantica.com/perfume/Arabiyat-Prestige/Ashaa-Oud-Noir-103378.html
14382,Arabiyat Prestige,Bahiya Garnet,2025,https://www.fragrantica.com/perfume/Arabiyat-Prestige/Bahiya-Garnet-113759.html
14383,Arabiyat Prestige,Bahiya Ruby,2025,https://www.fragrantica.com/perfume/Arabiyat-Prestige/Bahiya-Ruby-111214.html
14384,Arabiyat Prestige,Bamboo Reflection,2025,https://www.fragrantica.com/perfume/Arabiyat-Prestige/Bamboo-Reflection-125403.html
14385,Arabiyat Prestige,Bedour,2023,https://www.fragrantica.com/perfume/Arabiyat-Prestige/Bedour-103372.html
14386,Arabiyat Prestige,Bedour Extrait,2023,https://www.fragrantica.com/perfume/Arabiyat-Prestige/Bedour-Extrait-103373.html
14387,Arabiyat Prestige,Black Current Lolly,2025,https://www.fragrantica.com/perfume/Arabiyat-Prestige/Black-Current-Lolly-115522.html
14388,Arabiyat Prestige,Blueberry Musk,2020,https://www.fragrantica.com/perfume/Arabiyat-Prestige/Blueberry-Musk-88798.html
14389,Arabiyat Prestige,Bois Blanc,2026,https://www.fragrantica.com/perfume/Arabiyat-Prestige/Bois-Blanc-137297.html
14390,Arabiyat Prestige,Cherry Musk,2025,https://www.fragrantica.com/perfume/Arabiyat-Prestige/Cherry-Musk-125387.html
14391,Arabiyat Prestige,Cranberry Musk,2023,https://www.fragrantica.com/perfume/Arabiyat-Prestige/Cranberry-Musk-88872.html
14392,Arabiyat Prestige,Cursed,2026,https://www.fragrantica.com/perfume/Arabiyat-Prestige/Cursed-132408.html
14393,Arabiyat Prestige,Ehsasi Bik,,https://www.fragrantica.com/perfume/Arabiyat-Prestige/Ehsasi-Bik-23147.html
14394,Arabiyat Prestige,Elaf Fleur,2026,https://www.fragrantica.com/perfume/Arabiyat-Prestige/Elaf-Fleur-138574.html
14395,Arabiyat Prestige,Elaf Splendid,2026,https://www.fragrantica.com/perfume/Arabiyat-Prestige/Elaf-Splendid-138573.html
14396,Arabiyat Prestige,Extradose Femme,2026,https://www.fragrantica.com/perfume/Arabiyat-Prestige/Extradose-Femme-125399.html
14397,Arabiyat Prestige,Extradose Homme,2026,https://www.fragrantica.com/perfume/Arabiyat-Prestige/Extradose-Homme-125398.html
14398,Arabiyat Prestige,Fahad Gaze,2025,https://www.fragrantica.com/perfume/Arabiyat-Prestige/Fahad-Gaze-115519.html
14399,Arabiyat Prestige,Fahad Regal,2025,https://www.fragrantica.com/perfume/Arabiyat-Prestige/Fahad-Regal-115518.html
14400,Arabiyat Prestige,Fondue Lava Lush,2025,https://www.fragrantica.com/perfume/Arabiyat-Prestige/Fondue-Lava-Lush-115520.html
14401,Arabiyat Prestige,Fondue Velvet Dip,2025,https://www.fragrantica.com/perfume/Arabiyat-Prestige/Fondue-Velvet-Dip-115521.html
14402,Arabiyat Prestige,Forbidden,2026,https://www.fragrantica.com/perfume/Arabiyat-Prestige/Forbidden-132510.html
14403,Arabiyat Prestige,Habib,2025,https://www.fragrantica.com/perfume/Arabiyat-Prestige/Habib-115524.html
14404,Arabiyat Prestige,Habiba,2025,https://www.fragrantica.com/perfume/Arabiyat-Prestige/Habiba-115525.html
14405,Arabiyat Prestige,Habibi Ana,,https://www.fragrantica.com/perfume/Arabiyat-Prestige/Habibi-Ana-23148.html
14406,Arabiyat Prestige,Hamdan The Brave,2024,https://www.fragrantica.com/perfume/Arabiyat-Prestige/Hamdan-The-Brave-103399.html
14407,Arabiyat Prestige,Hamdan The Hero,2024,https://www.fragrantica.com/perfume/Arabiyat-Prestige/Hamdan-The-Hero-103398.html
14408,Arabiyat Prestige,Hamdan The Sheikh,2024,https://www.fragrantica.com/perfume/Arabiyat-Prestige/Hamdan-The-Sheikh-103400.html
14409,Arabiyat Prestige,Hulm Jameel,,https://www.fragrantica.com/perfume/Arabiyat-Prestige/Hulm-Jameel-23149.html
14410,Arabiyat Prestige,Hypnotic Amber,2023,https://www.fragrantica.com/perfume/Arabiyat-Prestige/Hypnotic-Amber-103366.html
14411,Arabiyat Prestige,Hypnotic Oud,2023,https://www.fragrantica.com/perfume/Arabiyat-Prestige/Hypnotic-Oud-103368.html
14412,Arabiyat Prestige,Hypnotic Vanilla,2024,https://www.fragrantica.com/perfume/Arabiyat-Prestige/Hypnotic-Vanilla-103367.html
14413,Arabiyat Prestige,Intense Musk,2024,https://www.fragrantica.com/perfume/Arabiyat-Prestige/Intense-Musk-119256.html
14414,Arabiyat Prestige,Ishatar Amber Vanilla,2023,https://www.fragrantica.com/perfume/Arabiyat-Prestige/Ishatar-Amber-Vanilla-103385.html
14415,Arabiyat Prestige,Ishatar Citrus Oud,2023,https://www.fragrantica.com/perfume/Arabiyat-Prestige/Ishatar-Citrus-Oud-103384.html
14416,Arabiyat Prestige,Ishatar Roses Vanilla,2023,https://www.fragrantica.com/perfume/Arabiyat-Prestige/Ishatar-Roses-Vanilla-103383.html
14417,Arabiyat Prestige,Kawkab Al Sharq,,https://www.fragrantica.com/perfume/Arabiyat-Prestige/Kawkab-Al-Sharq-23150.html
14418,Arabiyat Prestige,Khasab & Oud,,https://www.fragrantica.com/perfume/Arabiyat-Prestige/Khasab-Oud-23151.html
14419,Arabiyat Prestige,Kohl Luminous,2025,https://www.fragrantica.com/perfume/Arabiyat-Prestige/Kohl-Luminous-115527.html
14420,Arabiyat Prestige,Kohl Opulence,2025,https://www.fragrantica.com/perfume/Arabiyat-Prestige/Kohl-Opulence-115528.html
14421,Arabiyat Prestige,La Di Da For Her,2025,https://www.fragrantica.com/perfume/Arabiyat-Prestige/La-Di-Da-For-Her-115529.html
14422,Arabiyat Prestige,La Di Da For Him,2025,https://www.fragrantica.com/perfume/Arabiyat-Prestige/La-Di-Da-For-Him-115530.html
14423,Arabiyat Prestige,Lamsat Harir,,https://www.fragrantica.com/perfume/Arabiyat-Prestige/Lamsat-Harir-48221.html
14424,Arabiyat Prestige,Lamsat Harir - Dubai Chocolate,2025,https://www.fragrantica.com/perfume/Arabiyat-Prestige/Lamsat-Harir-Dubai-Chocolate-109590.html
14425,Arabiyat Prestige,Lutfah Beyond Forever,2025,https://www.fragrantica.com/perfume/Arabiyat-Prestige/Lutfah-Beyond-Forever-133279.html
14426,Arabiyat Prestige,Lutfah Ever After You,2025,https://www.fragrantica.com/perfume/Arabiyat-Prestige/Lutfah-Ever-After-You-141475.html
14427,Arabiyat Prestige,Lutfah First Love,2025,https://www.fragrantica.com/perfume/Arabiyat-Prestige/Lutfah-First-Love-115531.html
14428,Arabiyat Prestige,Lutfah Light in the Heart,2025,https://www.fragrantica.com/perfume/Arabiyat-Prestige/Lutfah-Light-in-the-Heart-115532.html
14429,Arabiyat Prestige,Lutfah The Seventh Heaven,2024,https://www.fragrantica.com/perfume/Arabiyat-Prestige/Lutfah-The-Seventh-Heaven-103401.html
14430,Arabiyat Prestige,Lychee Musk,2025,https://www.fragrantica.com/perfume/Arabiyat-Prestige/Lychee-Musk-107085.html
14431,Arabiyat Prestige,Mahd Al Dhahab,2025,https://www.fragrantica.com/perfume/Arabiyat-Prestige/Mahd-Al-Dhahab-107083.html
14432,Arabiyat Prestige,Maraseel Al Hub,,https://www.fragrantica.com/perfume/Arabiyat-Prestige/Maraseel-Al-Hub-23152.html
14433,Arabiyat Prestige,Marasi For Her,2026,https://www.fragrantica.com/perfume/Arabiyat-Prestige/Marasi-For-Her-125400.html
14434,Arabiyat Prestige,Marasi For Him,2026,https://www.fragrantica.com/perfume/Arabiyat-Prestige/Marasi-For-Him-125401.html
14435,Arabiyat Prestige,Marshmallow Musk,2025,https://www.fragrantica.com/perfume/Arabiyat-Prestige/Marshmallow-Musk-125388.html
14436,Arabiyat Prestige,Marwa,2025,https://www.fragrantica.com/perfume/Arabiyat-Prestige/Marwa-107084.html
14437,Arabiyat Prestige,Marwa Extrait,2026,https://www.fragrantica.com/perfume/Arabiyat-Prestige/Marwa-Extrait-142642.html
14438,Arabiyat Prestige,Mouda,2026,https://www.fragrantica.com/perfume/Arabiyat-Prestige/Mouda-125392.html
14439,Arabiyat Prestige,Mouda High End,2026,https://www.fragrantica.com/perfume/Arabiyat-Prestige/Mouda-High-End-125395.html
14440,Arabiyat Prestige,Musk Tahira,2020,https://www.fragrantica.com/perfume/Arabiyat-Prestige/Musk-Tahira-131935.html
14441,Arabiyat Prestige,Mutheer,2026,https://www.fragrantica.com/perfume/Arabiyat-Prestige/Mutheer-125393.html
14442,Arabiyat Prestige,Mutheer Elixir,2026,https://www.fragrantica.com/perfume/Arabiyat-Prestige/Mutheer-Elixir-125394.html
14443,Arabiyat Prestige,Nashwa,2023,https://www.fragrantica.com/perfume/Arabiyat-Prestige/Nashwa-103391.html
14444,Arabiyat Prestige,Nashwa Noir,2023,https://www.fragrantica.com/perfume/Arabiyat-Prestige/Nashwa-Noir-103392.html
14445,Arabiyat Prestige,Nashwa Oud,2024,https://www.fragrantica.com/perfume/Arabiyat-Prestige/Nashwa-Oud-103393.html
14446,Arabiyat Prestige,Nashwa Smoke,2024,https://www.fragrantica.com/perfume/Arabiyat-Prestige/Nashwa-Smoke-103394.html
14447,Arabiyat Prestige,Nayel Her Majesty,2024,https://www.fragrantica.com/perfume/Arabiyat-Prestige/Nayel-Her-Majesty-103381.html
14448,Arabiyat Prestige,Nayel King,2023,https://www.fragrantica.com/perfume/Arabiyat-Prestige/Nayel-King-103382.html
14449,Arabiyat Prestige,Nayel Oud,2023,https://www.fragrantica.com/perfume/Arabiyat-Prestige/Nayel-Oud-103379.html
14450,Arabiyat Prestige,Nayel Queen,2023,https://www.fragrantica.com/perfume/Arabiyat-Prestige/Nayel-Queen-103380.html
14451,Arabiyat Prestige,Nisma,2024,https://www.fragrantica.com/perfume/Arabiyat-Prestige/Nisma-103395.html
14452,Arabiyat Prestige,Noirè,2026,https://www.fragrantica.com/perfume/Arabiyat-Prestige/Noire-125397.html
14453,Arabiyat Prestige,Noirè Absolu,2026,https://www.fragrantica.com/perfume/Arabiyat-Prestige/Noire-Absolu-125396.html
14454,Arabiyat Prestige,Nyla,2024,https://www.fragrantica.com/perfume/Arabiyat-Prestige/Nyla-102783.html
14455,Arabiyat Prestige,Nyla Sherbet,2025,https://www.fragrantica.com/perfume/Arabiyat-Prestige/Nyla-Sherbet-125389.html
14456,Arabiyat Prestige,Nyla Suede,2024,https://www.fragrantica.com/perfume/Arabiyat-Prestige/Nyla-Suede-103388.html
14457,Arabiyat Prestige,Nyla Vani-Elle,2024,https://www.fragrantica.com/perfume/Arabiyat-Prestige/Nyla-Vani-Elle-103389.html
14458,Arabiyat Prestige,Omniya,2025,https://www.fragrantica.com/perfume/Arabiyat-Prestige/Omniya-115533.html
14459,Arabiyat Prestige,Oud Al Layl,2021,https://www.fragrantica.com/perfume/Arabiyat-Prestige/Oud-Al-Layl-71446.html
14460,Arabiyat Prestige,Pear Musk,2025,https://www.fragrantica.com/perfume/Arabiyat-Prestige/Pear-Musk-125386.html
14461,Arabiyat Prestige,Pink Leather,2020,https://www.fragrantica.com/perfume/Arabiyat-Prestige/Pink-Leather-71499.html
14462,Arabiyat Prestige,Portrait,2023,https://www.fragrantica.com/perfume/Arabiyat-Prestige/Portrait-103375.html
14463,Arabiyat Prestige,Portrait Azure,2025,https://www.fragrantica.com/perfume/Arabiyat-Prestige/Portrait-Azure-115534.html
14464,Arabiyat Prestige,Portrait Café Noir,2025,https://www.fragrantica.com/perfume/Arabiyat-Prestige/Portrait-Cafe-Noir-115536.html
14465,Arabiyat Prestige,Portrait Oud,2023,https://www.fragrantica.com/perfume/Arabiyat-Prestige/Portrait-Oud-103374.html
14466,Arabiyat Prestige,Qamar Al Layali,,https://www.fragrantica.com/perfume/Arabiyat-Prestige/Qamar-Al-Layali-23153.html
14467,Arabiyat Prestige,Qissat Al Najah Kiamichi,2025,https://www.fragrantica.com/perfume/Arabiyat-Prestige/Qissat-Al-Najah-Kiamichi-115537.html
14468,Arabiyat Prestige,Qissat Al Najah Nedawi,2025,https://www.fragrantica.com/perfume/Arabiyat-Prestige/Qissat-Al-Najah-Nedawi-115538.html
14469,Arabiyat Prestige,Raees,2025,https://www.fragrantica.com/perfume/Arabiyat-Prestige/Raees-115539.html
14470,Arabiyat Prestige,Raees Aurum,2025,https://www.fragrantica.com/perfume/Arabiyat-Prestige/Raees-Aurum-115540.html
14471,Arabiyat Prestige,Raees Luxury Edition,2025,https://www.fragrantica.com/perfume/Arabiyat-Prestige/Raees-Luxury-Edition-115541.html
14472,Arabiyat Prestige,Raees Twilight Aura,2025,https://www.fragrantica.com/perfume/Arabiyat-Prestige/Raees-Twilight-Aura-115542.html
14473,Arabiyat Prestige,Raess,2024,https://www.fragrantica.com/perfume/Arabiyat-Prestige/Raess-103397.html
14474,Arabiyat Prestige,Ramad,2025,https://www.fragrantica.com/perfume/Arabiyat-Prestige/Ramad-115543.html
14475,Arabiyat Prestige,Ramad Earthy,2026,https://www.fragrantica.com/perfume/Arabiyat-Prestige/Ramad-Earthy-128565.html
14476,Arabiyat Prestige,Ramad Louban,2025,https://www.fragrantica.com/perfume/Arabiyat-Prestige/Ramad-Louban-115544.html
14477,Arabiyat Prestige,Ramad Myrrh,2025,https://www.fragrantica.com/perfume/Arabiyat-Prestige/Ramad-Myrrh-115546.html
14478,Arabiyat Prestige,Ramad Oriental,2025,https://www.fragrantica.com/perfume/Arabiyat-Prestige/Ramad-Oriental-115548.html
14479,Arabiyat Prestige,Raspberry Ripple,2025,https://www.fragrantica.com/perfume/Arabiyat-Prestige/Raspberry-Ripple-115523.html
14480,Arabiyat Prestige,Revolt Uncaged,2026,https://www.fragrantica.com/perfume/Arabiyat-Prestige/Revolt-Uncaged-134072.html
14481,Arabiyat Prestige,Revolt Uprising,2026,https://www.fragrantica.com/perfume/Arabiyat-Prestige/Revolt-Uprising-134073.html
14482,Arabiyat Prestige,Rihla,2024,https://www.fragrantica.com/perfume/Arabiyat-Prestige/Rihla-103396.html
14483,Arabiyat Prestige,Rumiel,2025,https://www.fragrantica.com/perfume/Arabiyat-Prestige/Rumiel-125390.html
14484,Arabiyat Prestige,Safa,2025,https://www.fragrantica.com/perfume/Arabiyat-Prestige/Safa-115550.html
14485,Arabiyat Prestige,Saif Al Jazeera,,https://www.fragrantica.com/perfume/Arabiyat-Prestige/Saif-Al-Jazeera-23154.html
14486,Arabiyat Prestige,Sugarcane Vanilla,2025,https://www.fragrantica.com/perfume/Arabiyat-Prestige/Sugarcane-Vanilla-125402.html
14487,Arabiyat Prestige,Swar D'Amour,2026,https://www.fragrantica.com/perfume/Arabiyat-Prestige/Swar-D-Amour-137507.html
14488,Arabiyat Prestige,Swar Seduire,2025,https://www.fragrantica.com/perfume/Arabiyat-Prestige/Swar-Seduire-115551.html
14489,Arabiyat Prestige,Swar Serpentine,2026,https://www.fragrantica.com/perfume/Arabiyat-Prestige/Swar-Serpentine-142643.html
14490,Arabiyat Prestige,Swar Venin,2025,https://www.fragrantica.com/perfume/Arabiyat-Prestige/Swar-Venin-115553.html
14491,Arabiyat Prestige,Uhud,2025,https://www.fragrantica.com/perfume/Arabiyat-Prestige/Uhud-107082.html
14492,Arabiyat Prestige,Youn Habibi,,https://www.fragrantica.com/perfume/Arabiyat-Prestige/Youn-Habibi-23155.html
14493,Arabiyat Prestige,Yumun,2025,https://www.fragrantica.com/perfume/Arabiyat-Prestige/Yumun-115554.html
14494,Arabiyat Sugar,Berries Cream Macaron,2025,https://www.fragrantica.com/perfume/Arabiyat-Sugar/Berries-Cream-Macaron-118602.html
14495,Arabiyat Sugar,Caramel Chocolate Macaron,2025,https://www.fragrantica.com/perfume/Arabiyat-Sugar/Caramel-Chocolate-Macaron-118600.html
14496,Arabiyat Sugar,Chocolate Ganache,2025,https://www.fragrantica.com/perfume/Arabiyat-Sugar/Chocolate-Ganache-118606.html
14497,Arabiyat Sugar,Coconut Chiffon,2025,https://www.fragrantica.com/perfume/Arabiyat-Sugar/Coconut-Chiffon-118599.html
14498,Arabiyat Sugar,Cookie Dough,2025,https://www.fragrantica.com/perfume/Arabiyat-Sugar/Cookie-Dough-118604.html
14499,Arabiyat Sugar,Cotton Blush,2025,https://www.fragrantica.com/perfume/Arabiyat-Sugar/Cotton-Blush-118597.html
14500,Arabiyat Sugar,Dulce de Leche,2025,https://www.fragrantica.com/perfume/Arabiyat-Sugar/Dulce-de-Leche-118595.html
14501,Arabiyat Sugar,French Vanilla Latte,2025,https://www.fragrantica.com/perfume/Arabiyat-Sugar/French-Vanilla-Latte-118607.html
14502,Arabiyat Sugar,Lemon Sorbet,2025,https://www.fragrantica.com/perfume/Arabiyat-Sugar/Lemon-Sorbet-118596.html
14503,Arabiyat Sugar,Mango Affogato,2025,https://www.fragrantica.com/perfume/Arabiyat-Sugar/Mango-Affogato-118592.html
14504,Arabiyat Sugar,Matcha Latte,2025,https://www.fragrantica.com/perfume/Arabiyat-Sugar/Matcha-Latte-118608.html
14505,Arabiyat Sugar,Pecan Butter Cookie,2025,https://www.fragrantica.com/perfume/Arabiyat-Sugar/Pecan-Butter-Cookie-118603.html
14506,Arabiyat Sugar,Strawberry Tres Leches,2025,https://www.fragrantica.com/perfume/Arabiyat-Sugar/Strawberry-Tres-Leches-118598.html
14507,Arabiyat Sugar,Toffee Ganache,2025,https://www.fragrantica.com/perfume/Arabiyat-Sugar/Toffee-Ganache-118605.html
14508,Arabiyat Sugar,Vanilla Cream Macaron,2025,https://www.fragrantica.com/perfume/Arabiyat-Sugar/Vanilla-Cream-Macaron-118601.html
14509,Aramis,Adventurer,2014,https://www.fragrantica.com/perfume/Aramis/Adventurer-27572.html
14510,Aramis,Aramis 900 (After Shave),1973,https://www.fragrantica.com/perfume/Aramis/Aramis-900-116.html
14511,Aramis,Aramis 900 Aramis 1973 Eau de Cologne,1973,https://www.parfumo.com/Perfumes/Aramis/Aramis_900_Herbal_Eau_de_Cologne
14512,Aramis,Aramis 900 Chromatics,1974,https://www.parfumo.com/Perfumes/Aramis/Aramis_900_Chromatics
14513,Aramis,Aramis A,2007,https://www.fragrantica.com/perfume/Aramis/Aramis-A-3557.html
14514,Aramis,Aramis A Series Collection Aramis 2007 After Shave,2007,https://www.parfumo.com/Perfumes/Aramis/Aramis_A_Series_Collection_After_Shave
14515,Aramis,Aramis A Series Collection Aramis 2007 Eau de Toilette,2007,https://www.parfumo.com/Perfumes/Aramis/Aramis_A_Series_Collection_Eau_de_Toilette
14516,Aramis,Aramis Always,2006,https://www.parfumo.com/Perfumes/Aramis/Aramis_Always
14517,Aramis,Aramis Always for Her,2006,https://www.fragrantica.com/perfume/Aramis/Aramis-Always-for-Her-114.html
14518,Aramis,Aramis Always for Him,2006,https://www.fragrantica.com/perfume/Aramis/Aramis-Always-for-Him-115.html
14519,Aramis,Aramis Always Him,2006,https://www.parfumo.com/Perfumes/Aramis/Aramis_Always_Him
14520,Aramis,Aramis Anniversary Edition,,https://www.parfumo.com/Perfumes/Aramis/Aramis_Anniversary_Edition
14521,Aramis,Aramis Aramis 1964 After Shave,1964,https://www.parfumo.com/Perfumes/Aramis/Aramis_After_Shave
14522,Aramis,Aramis Aramis 1964 Eau de Toilette,1964,https://www.parfumo.com/Perfumes/Aramis/Aramis_Eau_de_Toilette
14523,Aramis,Aramis Aramis Body Splash,,https://www.parfumo.com/Perfumes/Aramis/Aramis_Body_Splash
14524,Aramis,Aramis Aramis Eau de Toilette Concentrée,,https://www.parfumo.com/Perfumes/Aramis/Aramis_Eau_de_Toilette_Concentree
14525,Aramis,Aramis Bermuda Tonic,2005,https://www.fragrantica.com/perfume/Aramis/Aramis-Bermuda-Tonic-117.html
14526,Aramis,Aramis Black,2015,https://www.fragrantica.com/perfume/Aramis/Aramis-Black-33477.html
14527,Aramis,Aramis Classic Anniversary Edition,2014,https://www.fragrantica.com/perfume/Aramis/Aramis-Classic-Anniversary-Edition-28133.html
14528,Aramis,Aramis Classic Reserve,2008,https://www.fragrantica.com/perfume/Aramis/Aramis-Classic-Reserve-3155.html
14529,Aramis,Aramis Collector's Decanter,,https://www.parfumo.com/Perfumes/Aramis/Aramis_Collector_s_Decanter
14530,Aramis,Aramis Cool,2005,https://www.fragrantica.com/perfume/Aramis/Aramis-Cool-118.html
14531,Aramis,Aramis Cool Blend,2010,https://www.fragrantica.com/perfume/Aramis/Aramis-Cool-Blend-7839.html
14532,Aramis,Aramis Devin,1977,https://www.fragrantica.com/perfume/Aramis/Aramis-Devin-3644.html
14533,Aramis,Aramis (Eau de Toilette),1966,https://www.fragrantica.com/perfume/Aramis/Aramis-113.html
14534,Aramis,Aramis Ice,2003,https://www.fragrantica.com/perfume/Aramis/Aramis-Ice-119.html
14535,Aramis,Aramis Life,2003,https://www.fragrantica.com/perfume/Aramis/Aramis-Life-120.html
14536,Aramis,Aramis Life My Summer,2003,https://www.fragrantica.com/perfume/Aramis/Aramis-Life-My-Summer-121.html
14537,Aramis,Aramis Modern Leather,2017,https://www.fragrantica.com/perfume/Aramis/Aramis-Modern-Leather-46397.html
14538,Aramis,Aramis Special Blend,2019,https://www.fragrantica.com/perfume/Aramis/Aramis-Special-Blend-59125.html
14539,Aramis,Aramis Vintage Edition,2000,https://www.fragrantica.com/perfume/Aramis/Aramis-Vintage-Edition-34202.html
14540,Aramis,Gentleman,2012,https://www.fragrantica.com/perfume/Aramis/Gentleman-16461.html
14541,Aramis,Gold,1966,https://www.fragrantica.com/perfume/Aramis/Gold-33984.html
14542,Aramis,Havana,1994,https://www.fragrantica.com/perfume/Aramis/Havana-599.html
14543,Aramis,Havana Pour Elle,1995,https://www.fragrantica.com/perfume/Aramis/Havana-Pour-Elle-558.html
14544,Aramis,Havana Reserva,1996,https://www.fragrantica.com/perfume/Aramis/Havana-Reserva-3788.html
14545,Aramis,Impeccable,2010,https://www.fragrantica.com/perfume/Aramis/Impeccable-10009.html
14546,Aramis,Intuition,2025,https://www.fragrantica.com/perfume/Aramis/Intuition-106362.html
14547,Aramis,Intuition Intense,2026,https://www.fragrantica.com/perfume/Aramis/Intuition-Intense-128429.html
14548,Aramis,J.H.L.,,https://huggingface.co/datasets/doevent/perfume
14549,Aramis,JHL,1982,https://www.fragrantica.com/perfume/Aramis/JHL-6491.html
14550,Aramis,New West Desert Sensual Nectar,1990,https://www.fragrantica.com/perfume/Aramis/New-West-Desert-Sensual-Nectar-59554.html
14551,Aramis,New West for Her,1990,https://www.fragrantica.com/perfume/Aramis/New-West-for-Her-4857.html
14552,Aramis,New West for Him,1988,https://www.fragrantica.com/perfume/Aramis/New-West-for-Him-4858.html
14553,Aramis,New West Skinscent For Him,,https://huggingface.co/datasets/doevent/perfume
14554,Aramis,Perfume Calligraphy,2012,https://www.fragrantica.com/perfume/Aramis/Perfume-Calligraphy-15123.html
14555,Aramis,Perfume Calligraphy Rose,2013,https://www.fragrantica.com/perfume/Aramis/Perfume-Calligraphy-Rose-18132.html
14556,Aramis,Perfume Calligraphy Saffron,2014,https://www.fragrantica.com/perfume/Aramis/Perfume-Calligraphy-Saffron-22961.html
14557,Aramis,Surface,2001,https://www.fragrantica.com/perfume/Aramis/Surface-5523.html
14558,Aramis,Tobacco Reserve,2018,https://www.fragrantica.com/perfume/Aramis/Tobacco-Reserve-50564.html
14559,Aramis,Tuscany Forte Per Uomo,1996,https://www.fragrantica.com/perfume/Aramis/Tuscany-Forte-Per-Uomo-16822.html
14560,Aramis,Tuscany Per Donna,1992,https://www.fragrantica.com/perfume/Aramis/Tuscany-Per-Donna-122.html
14561,Aramis,Tuscany Per Uomo,1984,https://www.fragrantica.com/perfume/Aramis/Tuscany-Per-Uomo-123.html
14562,Aramis,Voyager,2016,https://www.fragrantica.com/perfume/Aramis/Voyager-39608.html
14563,Araxi Parfum,Araxi Parfum,2019,https://www.fragrantica.com/perfume/Araxi-Parfum/Araxi-Parfum-57085.html
14564,Araxi Parfum,Mora,2019,https://www.fragrantica.com/perfume/Araxi-Parfum/Mora-57084.html
14565,Araxi Parfum,Moro,2019,https://www.fragrantica.com/perfume/Araxi-Parfum/Moro-57083.html
14566,Arcadia,Aura,2022,https://www.fragrantica.com/perfume/Arcadia/Aura-82689.html
14567,Arcadia,Auric,2021,https://www.fragrantica.com/perfume/Arcadia/Auric-82686.html
14568,Arcadia,Devotion,2022,https://www.fragrantica.com/perfume/Arcadia/Devotion-82678.html
14569,Arcadia,Eternal,2022,https://www.fragrantica.com/perfume/Arcadia/Eternal-82683.html
14570,Arcadia,Infinity,2017,https://www.fragrantica.com/perfume/Arcadia/Infinity-82687.html
14571,Arcadia,Kuwait,,https://www.fragrantica.com/perfume/Arcadia/Kuwait-139493.html
14572,Arcadia,London,,https://www.fragrantica.com/perfume/Arcadia/London-139492.html
14573,Arcadia,Moscow,,https://www.fragrantica.com/perfume/Arcadia/Moscow-139488.html
14574,Arcadia,No.1 Royal Orchard,2017,https://www.fragrantica.com/perfume/Arcadia/No-1-Royal-Orchard-82602.html
14575,Arcadia,No.11 Jinx,2018,https://www.fragrantica.com/perfume/Arcadia/No-11-Jinx-82613.html
14576,Arcadia,No.12 Pseudo,2018,https://www.fragrantica.com/perfume/Arcadia/No-12-Pseudo-82614.html
14577,Arcadia,No.13 Fever,2018,https://www.fragrantica.com/perfume/Arcadia/No-13-Fever-82615.html
14578,Arcadia,No.14 Obsidian,2018,https://www.fragrantica.com/perfume/Arcadia/No-14-Obsidian-82616.html
14579,Arcadia,No.15 Hysteria,2018,https://www.fragrantica.com/perfume/Arcadia/No-15-Hysteria-82617.html
14580,Arcadia,No.16 Faded,2018,https://www.fragrantica.com/perfume/Arcadia/No-16-Faded-82618.html
14581,Arcadia,No.17 Enigma,2018,https://www.fragrantica.com/perfume/Arcadia/No-17-Enigma-82619.html
14582,Arcadia,No.18 Bête Noir,2018,https://www.fragrantica.com/perfume/Arcadia/No-18-Bete-Noir-82620.html
14583,Arcadia,No.2 Splinter,2017,https://www.fragrantica.com/perfume/Arcadia/No-2-Splinter-82603.html
14584,Arcadia,No.3 Fumee,2017,https://www.fragrantica.com/perfume/Arcadia/No-3-Fumee-82604.html
14585,Arcadia,No.4 Hassaku High,2017,https://www.fragrantica.com/perfume/Arcadia/No-4-Hassaku-High-82605.html
14586,Arcadia,No.5 Periwinkle,2017,https://www.fragrantica.com/perfume/Arcadia/No-5-Periwinkle-82610.html
14587,Arcadia,No.6 Milk Musk,2017,https://www.fragrantica.com/perfume/Arcadia/No-6-Milk-Musk-82606.html
14588,Arcadia,No.7 Rose Pellets,2017,https://www.fragrantica.com/perfume/Arcadia/No-7-Rose-Pellets-82607.html
14589,Arcadia,No.8 Cerulean Crystal,2017,https://www.fragrantica.com/perfume/Arcadia/No-8-Cerulean-Crystal-82608.html
14590,Arcadia,No.9 Vanilla Pod,2017,https://www.fragrantica.com/perfume/Arcadia/No-9-Vanilla-Pod-82609.html
14591,Arcadia,Sincere,2022,https://www.fragrantica.com/perfume/Arcadia/Sincere-82681.html
14592,Arcadia,Thunderous,2022,https://www.fragrantica.com/perfume/Arcadia/Thunderous-82690.html
14593,Arcadia,Tokyo,,https://www.fragrantica.com/perfume/Arcadia/Tokyo-139489.html
14594,Arcadia,Unity,2020,https://www.fragrantica.com/perfume/Arcadia/Unity-82688.html
14595,Arcana Craves,Apples Crave Apples,2015,https://www.fragrantica.com/perfume/Arcana-Craves/Apples-Crave-Apples-58402.html
14596,Arcana Craves,Apples Crave Cake,2014,https://www.fragrantica.com/perfume/Arcana-Craves/Apples-Crave-Cake-58399.html
14597,Arcana Craves,Apples Crave Cider,,https://www.fragrantica.com/perfume/Arcana-Craves/Apples-Crave-Cider-57149.html
14598,Arcana Craves,Apples Crave Flora,2014,https://www.fragrantica.com/perfume/Arcana-Craves/Apples-Crave-Flora-58403.html
14599,Arcana Craves,Apples Crave Frills,2014,https://www.fragrantica.com/perfume/Arcana-Craves/Apples-Crave-Frills-60314.html
14600,Arcana Craves,Apples Crave Orchards,2014,https://www.fragrantica.com/perfume/Arcana-Craves/Apples-Crave-Orchards-58410.html
14601,Arcana Craves,Apples Crave Peaches,2014,https://www.fragrantica.com/perfume/Arcana-Craves/Apples-Crave-Peaches-58404.html
14602,Arcana Craves,Apples Crave Porches,2016,https://www.fragrantica.com/perfume/Arcana-Craves/Apples-Crave-Porches-60340.html
14603,Arcana Craves,Apples Crave Red Musk,2015,https://www.fragrantica.com/perfume/Arcana-Craves/Apples-Crave-Red-Musk-60315.html
14604,Arcana Craves,Apples Crave Resins,2014,https://www.fragrantica.com/perfume/Arcana-Craves/Apples-Crave-Resins-58405.html
14605,Arcana Craves,Apples Crave Snow,,https://www.fragrantica.com/perfume/Arcana-Craves/Apples-Crave-Snow-57151.html
14606,Arcana Craves,Apples Crave Tea,2014,https://www.fragrantica.com/perfume/Arcana-Craves/Apples-Crave-Tea-58401.html
14607,Arcana Craves,Apples Crave Terror,,https://www.fragrantica.com/perfume/Arcana-Craves/Apples-Crave-Terror-57152.html
14608,Arcana Craves,Apples Crave The Tropics,2014,https://www.fragrantica.com/perfume/Arcana-Craves/Apples-Crave-The-Tropics-60316.html
14609,Arcana Craves,Apples Crave Ultraviolet,2018,https://www.fragrantica.com/perfume/Arcana-Craves/Apples-Crave-Ultraviolet-58400.html
14610,Arcana Craves,Apples Crave Vanilla,2014,https://www.fragrantica.com/perfume/Arcana-Craves/Apples-Crave-Vanilla-58408.html
14611,Arcana Craves,Blueberries Crave Caramel,2018,https://www.fragrantica.com/perfume/Arcana-Craves/Blueberries-Crave-Caramel-60408.html
14612,Arcana Craves,Blueberries Crave Cocoa,2018,https://www.fragrantica.com/perfume/Arcana-Craves/Blueberries-Crave-Cocoa-60409.html
14613,Arcana Craves,Blueberries Crave Gingerbread,2018,https://www.fragrantica.com/perfume/Arcana-Craves/Blueberries-Crave-Gingerbread-60403.html
14614,Arcana Craves,Blueberries Crave Home,2018,https://www.fragrantica.com/perfume/Arcana-Craves/Blueberries-Crave-Home-60404.html
14615,Arcana Craves,Blueberries Crave Snow,,https://www.fragrantica.com/perfume/Arcana-Craves/Blueberries-Crave-Snow-57150.html
14616,Arcana Craves,Blueberries Crave Sunshine,2018,https://www.fragrantica.com/perfume/Arcana-Craves/Blueberries-Crave-Sunshine-60405.html
14617,Arcana Craves,Blueberries Crave Surf,2018,https://www.fragrantica.com/perfume/Arcana-Craves/Blueberries-Crave-Surf-60349.html
14618,Arcana Craves,Blueberries Crave Ultraviolet,2018,https://www.fragrantica.com/perfume/Arcana-Craves/Blueberries-Crave-Ultraviolet-60407.html
14619,Arcana Craves,Blueberries Crave Vanilla,2018,https://www.fragrantica.com/perfume/Arcana-Craves/Blueberries-Crave-Vanilla-60406.html
14620,Arcana Craves,Honey Craves Coffee Shops,2020,https://www.fragrantica.com/perfume/Arcana-Craves/Honey-Craves-Coffee-Shops-65514.html
14621,Arcana Craves,Honey Craves Festivals,2020,https://www.fragrantica.com/perfume/Arcana-Craves/Honey-Craves-Festivals-65520.html
14622,Arcana Craves,Honey Craves Ice Cream Parlors,2020,https://www.fragrantica.com/perfume/Arcana-Craves/Honey-Craves-Ice-Cream-Parlors-65516.html
14623,Arcana Craves,Honey Craves Moonlit Paths,2020,https://www.fragrantica.com/perfume/Arcana-Craves/Honey-Craves-Moonlit-Paths-65519.html
14624,Arcana Craves,Honey Craves Paradise,2020,https://www.fragrantica.com/perfume/Arcana-Craves/Honey-Craves-Paradise-65517.html
14625,Arcana Craves,Honey Craves Theater,2020,https://www.fragrantica.com/perfume/Arcana-Craves/Honey-Craves-Theater-65515.html
14626,Arcana Craves,Marshmallows Bite!,2019,https://www.fragrantica.com/perfume/Arcana-Craves/Marshmallows-Bite-58651.html
14627,Arcana Craves,Marshmallows Brawl!,2017,https://www.fragrantica.com/perfume/Arcana-Craves/Marshmallows-Brawl-58788.html
14628,Arcana Craves,Marshmallows Burn Down the Yule Tree!,2017,https://www.fragrantica.com/perfume/Arcana-Craves/Marshmallows-Burn-Down-the-Yule-Tree-58790.html
14629,Arcana Craves,Marshmallows Crush!,2017,https://www.fragrantica.com/perfume/Arcana-Craves/Marshmallows-Crush-58785.html
14630,Arcana Craves,Marshmallows Drown!,2017,https://www.fragrantica.com/perfume/Arcana-Craves/Marshmallows-Drown-58791.html
14631,Arcana Craves,Marshmallows Kick!,2019,https://www.fragrantica.com/perfume/Arcana-Craves/Marshmallows-Kick-58652.html
14632,Arcana Craves,Marshmallows Pounce!,2017,https://www.fragrantica.com/perfume/Arcana-Craves/Marshmallows-Pounce-57957.html
14633,Arcana Craves,Marshmallows Pulverize!,2017,https://www.fragrantica.com/perfume/Arcana-Craves/Marshmallows-Pulverize-58792.html
14634,Arcana Craves,Marshmallows Resist!,2017,https://www.fragrantica.com/perfume/Arcana-Craves/Marshmallows-Resist-58794.html
14635,Arcana Craves,Marshmallows Scatter!,2018,https://www.fragrantica.com/perfume/Arcana-Craves/Marshmallows-Scatter-58793.html
14636,Arcana Craves,Marshmallows Scoop!,2019,https://www.fragrantica.com/perfume/Arcana-Craves/Marshmallows-Scoop-58653.html
14637,Arcana Craves,Marshmallows Smash!,2017,https://www.fragrantica.com/perfume/Arcana-Craves/Marshmallows-Smash-58789.html
14638,Arcana Craves,Marshmallows Smoke!,2017,https://www.fragrantica.com/perfume/Arcana-Craves/Marshmallows-Smoke-57958.html
14639,Arcana Craves,Peaches Crave Beaches,2015,https://www.fragrantica.com/perfume/Arcana-Craves/Peaches-Crave-Beaches-60344.html
14640,Arcana Craves,Peaches Crave Black Sand,2018,https://www.fragrantica.com/perfume/Arcana-Craves/Peaches-Crave-Black-Sand-60341.html
14641,Arcana Craves,Peaches Crave Chocolate,2018,https://www.fragrantica.com/perfume/Arcana-Craves/Peaches-Crave-Chocolate-58407.html
14642,Arcana Craves,Peaches Crave Dolci,2015,https://www.fragrantica.com/perfume/Arcana-Craves/Peaches-Crave-Dolci-58470.html
14643,Arcana Craves,Peaches Crave Fire,2017,https://www.fragrantica.com/perfume/Arcana-Craves/Peaches-Crave-Fire-58406.html
14644,Arcana Craves,Peaches Crave Forests,2015,https://www.fragrantica.com/perfume/Arcana-Craves/Peaches-Crave-Forests-60346.html
14645,Arcana Craves,Peaches Crave Gingerbread,2015,https://www.fragrantica.com/perfume/Arcana-Craves/Peaches-Crave-Gingerbread-60343.html
14646,Arcana Craves,Peaches Crave Haint,2018,https://www.fragrantica.com/perfume/Arcana-Craves/Peaches-Crave-Haint-60342.html
14647,Arcana Craves,Peaches Crave Mambo,2015,https://www.fragrantica.com/perfume/Arcana-Craves/Peaches-Crave-Mambo-58471.html
14648,Arcana Craves,Peaches Crave Paws,2015,https://www.fragrantica.com/perfume/Arcana-Craves/Peaches-Crave-Paws-60347.html
14649,Arcana Craves,Peaches Crave Pirates,2015,https://www.fragrantica.com/perfume/Arcana-Craves/Peaches-Crave-Pirates-58472.html
14650,Arcana Craves,Peaches Crave Porches,2016,https://www.fragrantica.com/perfume/Arcana-Craves/Peaches-Crave-Porches-60348.html
14651,Arcana Craves,Peaches Crave the Movies,2020,https://www.fragrantica.com/perfume/Arcana-Craves/Peaches-Crave-the-Movies-65513.html
14652,Arcana Craves,Peaches Crave Trance,2015,https://www.fragrantica.com/perfume/Arcana-Craves/Peaches-Crave-Trance-58475.html
14653,Arcana Craves,Peaches Crave True Love,2015,https://www.fragrantica.com/perfume/Arcana-Craves/Peaches-Crave-True-Love-58474.html
14654,Arcana Craves,Peaches Crave Ultraviolet,2018,https://www.fragrantica.com/perfume/Arcana-Craves/Peaches-Crave-Ultraviolet-60345.html
14655,Arcana Craves,Peaches Crave Vanilla,2015,https://www.fragrantica.com/perfume/Arcana-Craves/Peaches-Crave-Vanilla-58473.html
14656,Arcana Craves,Pumpkins Crave Bacon,2014,https://www.fragrantica.com/perfume/Arcana-Craves/Pumpkins-Crave-Bacon-60183.html
14657,Arcana Craves,Pumpkins Crave Bread,2018,https://www.fragrantica.com/perfume/Arcana-Craves/Pumpkins-Crave-Bread-57765.html
14658,Arcana Craves,Pumpkins Crave Capuccino,2015,https://www.fragrantica.com/perfume/Arcana-Craves/Pumpkins-Crave-Capuccino-57774.html
14659,Arcana Craves,Pumpkins Crave Honey,2014,https://www.fragrantica.com/perfume/Arcana-Craves/Pumpkins-Crave-Honey-57772.html
14660,Arcana Craves,Pumpkins Crave Nog,2017,https://www.fragrantica.com/perfume/Arcana-Craves/Pumpkins-Crave-Nog-57766.html
14661,Arcana Craves,Pumpkins Crave Peaches,2019,https://www.fragrantica.com/perfume/Arcana-Craves/Pumpkins-Crave-Peaches-60186.html
14662,Arcana Craves,Pumpkins Crave Pointe Shoes,2018,https://www.fragrantica.com/perfume/Arcana-Craves/Pumpkins-Crave-Pointe-Shoes-57767.html
14663,Arcana Craves,Pumpkins Crave Porches,2016,https://www.fragrantica.com/perfume/Arcana-Craves/Pumpkins-Crave-Porches-60184.html
14664,Arcana Craves,Pumpkins Crave Quietude,2014,https://www.fragrantica.com/perfume/Arcana-Craves/Pumpkins-Crave-Quietude-57768.html
14665,Arcana Craves,Pumpkins Crave Resins,2014,https://www.fragrantica.com/perfume/Arcana-Craves/Pumpkins-Crave-Resins-60185.html
14666,Arcana Craves,Pumpkins Crave Terror,2014,https://www.fragrantica.com/perfume/Arcana-Craves/Pumpkins-Crave-Terror-57769.html
14667,Arcana Craves,Pumpkins Crave Treats,2014,https://www.fragrantica.com/perfume/Arcana-Craves/Pumpkins-Crave-Treats-57770.html
14668,Arcana Craves,Pumpkins Crave Trees,2017,https://www.fragrantica.com/perfume/Arcana-Craves/Pumpkins-Crave-Trees-57771.html
14669,Arcana Craves,Pumpkins Crave Viola,2014,https://www.fragrantica.com/perfume/Arcana-Craves/Pumpkins-Crave-Viola-60187.html
14670,Arcana Craves,Strawberries Crave Black Sand,2015,https://www.fragrantica.com/perfume/Arcana-Craves/Strawberries-Crave-Black-Sand-60311.html
14671,Arcana Craves,Strawberries Crave Botanicus,2015,https://www.fragrantica.com/perfume/Arcana-Craves/Strawberries-Crave-Botanicus-58469.html
14672,Arcana Craves,Strawberries Crave Cacao,2015,https://www.fragrantica.com/perfume/Arcana-Craves/Strawberries-Crave-Cacao-65524.html
14673,Arcana Craves,Strawberries Crave Cocoa,2017,https://www.fragrantica.com/perfume/Arcana-Craves/Strawberries-Crave-Cocoa-57666.html
14674,Arcana Craves,Strawberries Crave Helios,2015,https://www.fragrantica.com/perfume/Arcana-Craves/Strawberries-Crave-Helios-60312.html
14675,Arcana Craves,Strawberries Crave Ice Cream,2018,https://www.fragrantica.com/perfume/Arcana-Craves/Strawberries-Crave-Ice-Cream-57662.html
14676,Arcana Craves,Strawberries Crave Incense,2015,https://www.fragrantica.com/perfume/Arcana-Craves/Strawberries-Crave-Incense-57664.html
14677,Arcana Craves,Strawberries Crave Indulgence,2015,https://www.fragrantica.com/perfume/Arcana-Craves/Strawberries-Crave-Indulgence-58466.html
14678,Arcana Craves,Strawberries Crave Kink,2015,https://www.fragrantica.com/perfume/Arcana-Craves/Strawberries-Crave-Kink-60310.html
14679,Arcana Craves,Strawberries Crave Lucy,2015,https://www.fragrantica.com/perfume/Arcana-Craves/Strawberries-Crave-Lucy-60313.html
14680,Arcana Craves,Strawberries Crave Pie,2015,https://www.fragrantica.com/perfume/Arcana-Craves/Strawberries-Crave-Pie-58468.html
14681,Arcana Craves,Strawberries Crave Rhinestones,2015,https://www.fragrantica.com/perfume/Arcana-Craves/Strawberries-Crave-Rhinestones-58467.html
14682,Arcana Craves,Strawberries Crave Rococo,2015,https://www.fragrantica.com/perfume/Arcana-Craves/Strawberries-Crave-Rococo-57663.html
14683,Arcana Craves,Strawberries Crave Snow,2017,https://www.fragrantica.com/perfume/Arcana-Craves/Strawberries-Crave-Snow-57667.html
14684,Arcana Craves,Strawberries Crave Summer,2015,https://www.fragrantica.com/perfume/Arcana-Craves/Strawberries-Crave-Summer-58464.html
14685,Arcana Craves,Strawberries Crave Sunlit Paths,2020,https://www.fragrantica.com/perfume/Arcana-Craves/Strawberries-Crave-Sunlit-Paths-65523.html
14686,Arcana Craves,Strawberries Crave Ultraviolet,2018,https://www.fragrantica.com/perfume/Arcana-Craves/Strawberries-Crave-Ultraviolet-57665.html
14687,Arcana Craves,Strawberries Crave Vanilla,2015,https://www.fragrantica.com/perfume/Arcana-Craves/Strawberries-Crave-Vanilla-60309.html
14688,Arcana Craves,Strawberries Crave Waterfalls,2015,https://www.fragrantica.com/perfume/Arcana-Craves/Strawberries-Crave-Waterfalls-58465.html
14689,Arcana Craves,Vanilla Craves Bread,2015,https://www.fragrantica.com/perfume/Arcana-Craves/Vanilla-Craves-Bread-60188.html
14690,Arcana Craves,Vanilla Craves Caramel,2018,https://www.fragrantica.com/perfume/Arcana-Craves/Vanilla-Craves-Caramel-60192.html
14691,Arcana Craves,Vanilla Craves Cocoa,2017,https://www.fragrantica.com/perfume/Arcana-Craves/Vanilla-Craves-Cocoa-57671.html
14692,Arcana Craves,Vanilla Craves Fireworks,2016,https://www.fragrantica.com/perfume/Arcana-Craves/Vanilla-Craves-Fireworks-60191.html
14693,Arcana Craves,Vanilla Craves Gilt,2016,https://www.fragrantica.com/perfume/Arcana-Craves/Vanilla-Craves-Gilt-60308.html
14694,Arcana Craves,Vanilla Craves Gingerbread,2017,https://www.fragrantica.com/perfume/Arcana-Craves/Vanilla-Craves-Gingerbread-57672.html
14695,Arcana Craves,Vanilla Craves Grind Shows,2020,https://www.fragrantica.com/perfume/Arcana-Craves/Vanilla-Craves-Grind-Shows-65521.html
14696,Arcana Craves,Vanilla Craves Mermaid Shoals,2020,https://www.fragrantica.com/perfume/Arcana-Craves/Vanilla-Craves-Mermaid-Shoals-65522.html
14697,Arcana Craves,Vanilla Craves Snow Fairies,2016,https://www.fragrantica.com/perfume/Arcana-Craves/Vanilla-Craves-Snow-Fairies-60190.html
14698,Arcana Craves,Vanilla Craves Spring,2016,https://www.fragrantica.com/perfume/Arcana-Craves/Vanilla-Craves-Spring-60189.html
14699,Arcana Craves,Vanilla Craves Sugar Cookies,2018,https://www.fragrantica.com/perfume/Arcana-Craves/Vanilla-Craves-Sugar-Cookies-58409.html
14700,Arcana Craves,Vanilla Craves Warmth,2016,https://www.fragrantica.com/perfume/Arcana-Craves/Vanilla-Craves-Warmth-60307.html
14701,Arcana Wildcraft,A Long & Elegant Nose,2015,https://www.parfumo.com/Perfumes/Arcana_Wildcraft/A_Long__Elegant_Nose
14702,Arcana Wildcraft,A Pale Young Gentleman,,https://www.parfumo.com/Perfumes/Arcana_Wildcraft/A_Pale_Young_Gentleman
14703,Arcana Wildcraft,A Terrible Enchantment,2015,https://www.parfumo.com/Perfumes/Arcana_Wildcraft/A_Terrible_Enchantment
14704,Arcana Wildcraft,Accidia,,https://www.parfumo.com/Perfumes/Arcana_Wildcraft/Accidia
14705,Arcana Wildcraft,Adhara,2007,https://www.parfumo.com/Perfumes/Arcana_Wildcraft/Adhara
14706,Arcana Wildcraft,Aged Patchouli,,https://www.parfumo.com/Perfumes/Arcana_Wildcraft/aged-patchouli
14707,Arcana Wildcraft,Alec d'Urberville,2008,https://www.parfumo.com/Perfumes/Arcana_Wildcraft/Alec_d_Urberville
14708,Arcana Wildcraft,Alhambra,,https://www.parfumo.com/Perfumes/Arcana_Wildcraft/Alhambra
14709,Arcana Wildcraft,All Saints Moon,1998,https://www.parfumo.com/Perfumes/Arcana_Wildcraft/all-saints-moon
14710,Arcana Wildcraft,Amber Caramel,2018,https://www.fragrantica.com/perfume/Arcana-Wildcraft/Amber-Caramel-61324.html
14711,Arcana Wildcraft,Ambrosia,,https://www.fragrantica.com/perfume/Arcana-Wildcraft/Ambrosia-57147.html
14712,Arcana Wildcraft,Angel Clare,,https://www.parfumo.com/Perfumes/Arcana_Wildcraft/Angel_Clare
14713,Arcana Wildcraft,Angel Dust,,https://www.parfumo.com/Perfumes/Arcana_Wildcraft/angel-dust
14714,Arcana Wildcraft,Anthropophagia,,https://www.fragrantica.com/perfume/Arcana-Wildcraft/Anthropophagia-57148.html
14715,Arcana Wildcraft,Apples Grow in Ice,2009,https://www.parfumo.com/Perfumes/Arcana_Wildcraft/7_Apples_Grow_in_Ice
14716,Arcana Wildcraft,Arcana Wildcraft,2009,https://www.parfumo.com/Perfumes/Arcana_Wildcraft/1816
14717,Arcana Wildcraft,Artic Bear,2005,https://www.fragrantica.com/perfume/Arcana-Wildcraft/Artic-Bear-61327.html
14718,Arcana Wildcraft,Bears,,https://www.parfumo.com/Perfumes/Arcana_Wildcraft/3_Bears
14719,Arcana Wildcraft,Black Death,2025,https://www.fragrantica.com/perfume/Arcana-Wildcraft/Black-Death-117055.html
14720,Arcana Wildcraft,Black Death Perfume Oil,2025,https://www.fragrantica.com/perfume/Arcana-Wildcraft/Black-Death-Perfume-Oil-117056.html
14721,Arcana Wildcraft,Breakfast in Hollywood,2017,https://www.fragrantica.com/perfume/Arcana-Wildcraft/Breakfast-in-Hollywood-57952.html
14722,Arcana Wildcraft,Cake Lust,2015,https://www.fragrantica.com/perfume/Arcana-Wildcraft/Cake-Lust-57953.html
14723,Arcana Wildcraft,Caramel,2018,https://www.fragrantica.com/perfume/Arcana-Wildcraft/Caramel-61323.html
14724,Arcana Wildcraft,Cascadian Mermaid,2018,https://www.fragrantica.com/perfume/Arcana-Wildcraft/Cascadian-Mermaid-117029.html
14725,Arcana Wildcraft,Cheesecake,2011,https://www.fragrantica.com/perfume/Arcana-Wildcraft/Cheesecake-61325.html
14726,Arcana Wildcraft,Chillum,,https://www.fragrantica.com/perfume/Arcana-Wildcraft/Chillum-55413.html
14727,Arcana Wildcraft,Chocolate Caramel,2018,https://www.fragrantica.com/perfume/Arcana-Wildcraft/Chocolate-Caramel-61322.html
14728,Arcana Wildcraft,Cloistered,2025,https://www.fragrantica.com/perfume/Arcana-Wildcraft/Cloistered-117051.html
14729,Arcana Wildcraft,Cloistered Perfume Oil,2025,https://www.fragrantica.com/perfume/Arcana-Wildcraft/Cloistered-Perfume-Oil-117053.html
14730,Arcana Wildcraft,Coconut Chalice,,https://www.fragrantica.com/perfume/Arcana-Wildcraft/Coconut-Chalice-55411.html
14731,Arcana Wildcraft,Dirty Nog,2016,https://www.fragrantica.com/perfume/Arcana-Wildcraft/Dirty-Nog-57954.html
14732,Arcana Wildcraft,Dolphin Surge,2024,https://www.fragrantica.com/perfume/Arcana-Wildcraft/Dolphin-Surge-117047.html
14733,Arcana Wildcraft,Dolphin Surge Perfume Oil,2024,https://www.fragrantica.com/perfume/Arcana-Wildcraft/Dolphin-Surge-Perfume-Oil-117048.html
14734,Arcana Wildcraft,β-Endorphins,,https://www.fragrantica.com/perfume/Arcana-Wildcraft/b-Endorphins-55415.html
14735,Arcana Wildcraft,Fancy Boy,2016,https://www.fragrantica.com/perfume/Arcana-Wildcraft/Fancy-Boy-60410.html
14736,Arcana Wildcraft,Fezziwig,2007,https://www.fragrantica.com/perfume/Arcana-Wildcraft/Fezziwig-61328.html
14737,Arcana Wildcraft,Gingerbread,2017,https://www.fragrantica.com/perfume/Arcana-Wildcraft/Gingerbread-57955.html
14738,Arcana Wildcraft,Her Fawn,2018,https://www.fragrantica.com/perfume/Arcana-Wildcraft/Her-Fawn-57956.html
14739,Arcana Wildcraft,Holy Terror,2024,https://www.fragrantica.com/perfume/Arcana-Wildcraft/Holy-Terror-95719.html
14740,Arcana Wildcraft,Honey Craves Coffee Shops,2020,https://www.fragrantica.com/perfume/Arcana-Wildcraft/Honey-Craves-Coffee-Shops-117028.html
14741,Arcana Wildcraft,Hot Cocoa,2017,https://www.fragrantica.com/perfume/Arcana-Wildcraft/Hot-Cocoa-60412.html
14742,Arcana Wildcraft,Knights Templar,2025,https://www.fragrantica.com/perfume/Arcana-Wildcraft/Knights-Templar-117114.html
14743,Arcana Wildcraft,Knights Templar Perfume Oil,2025,https://www.fragrantica.com/perfume/Arcana-Wildcraft/Knights-Templar-Perfume-Oil-117115.html
14744,Arcana Wildcraft,Leaves Falling Like Rain,2008,https://www.fragrantica.com/perfume/Arcana-Wildcraft/Leaves-Falling-Like-Rain-58650.html
14745,Arcana Wildcraft,Love,2013,https://www.fragrantica.com/perfume/Arcana-Wildcraft/Love-57670.html
14746,Arcana Wildcraft,Marshmallow,2015,https://www.fragrantica.com/perfume/Arcana-Wildcraft/Marshmallow-60411.html
14747,Arcana Wildcraft,Philosopher's Stone,2025,https://www.fragrantica.com/perfume/Arcana-Wildcraft/Philosopher-s-Stone-117136.html
14748,Arcana Wildcraft,Philosopher's Stone Perfume Oil,2025,https://www.fragrantica.com/perfume/Arcana-Wildcraft/Philosopher-s-Stone-Perfume-Oil-117137.html
14749,Arcana Wildcraft,Pumpkin,2011,https://www.fragrantica.com/perfume/Arcana-Wildcraft/Pumpkin-57773.html
14750,Arcana Wildcraft,Riot Grrrl,,https://www.fragrantica.com/perfume/Arcana-Wildcraft/Riot-Grrrl-117138.html
14751,Arcana Wildcraft,Rose Petal Blunt,,https://www.fragrantica.com/perfume/Arcana-Wildcraft/Rose-Petal-Blunt-55410.html
14752,Arcana Wildcraft,Shiva's Trident,,https://www.fragrantica.com/perfume/Arcana-Wildcraft/Shiva-s-Trident-55414.html
14753,Arcana Wildcraft,Snow,2017,https://www.fragrantica.com/perfume/Arcana-Wildcraft/Snow-57659.html
14754,Arcana Wildcraft,Snug,2012,https://www.fragrantica.com/perfume/Arcana-Wildcraft/Snug-57660.html
14755,Arcana Wildcraft,Star Light,2012,https://www.fragrantica.com/perfume/Arcana-Wildcraft/Star-Light-57661.html
14756,Arcana Wildcraft,Two Finger Ballet,2015,https://www.fragrantica.com/perfume/Arcana-Wildcraft/Two-Finger-Ballet-57668.html
14757,Arcana Wildcraft,Unearthly Lovely,2015,https://www.fragrantica.com/perfume/Arcana-Wildcraft/Unearthly-Lovely-57669.html
14758,Arcana Wildcraft,Unicorn Horn,2025,https://www.fragrantica.com/perfume/Arcana-Wildcraft/Unicorn-Horn-117049.html
14759,Arcana Wildcraft,Unicorn Horn Perfume Oil,2025,https://www.fragrantica.com/perfume/Arcana-Wildcraft/Unicorn-Horn-Perfume-Oil-117050.html
14760,Arcana Wildcraft,Waterfall,,https://www.fragrantica.com/perfume/Arcana-Wildcraft/Waterfall-55412.html
14761,Arcana Wildcraft,White Bear,2017,https://www.fragrantica.com/perfume/Arcana-Wildcraft/White-Bear-57673.html
14762,Arcana Wildcraft,Wicked Stepmother,2017,https://www.fragrantica.com/perfume/Arcana-Wildcraft/Wicked-Stepmother-57960.html
14763,Arcana Wildcraft,Witches Draw Down The Moon,2016,https://www.fragrantica.com/perfume/Arcana-Wildcraft/Witches-Draw-Down-The-Moon-57961.html
14764,Arcana Wildcraft,Yellow Cake,2018,https://www.fragrantica.com/perfume/Arcana-Wildcraft/Yellow-Cake-61326.html
14765,Arcano Fragrance,Côté De Lumière,2026,https://www.fragrantica.com/perfume/Arcano-Fragrance/Cote-De-Lumiere-140456.html
14766,Arcano Fragrance,Eternal Flames,2026,https://www.fragrantica.com/perfume/Arcano-Fragrance/Eternal-Flames-140458.html
14767,Arcano Fragrance,Love Philosophy,2026,https://www.fragrantica.com/perfume/Arcano-Fragrance/Love-Philosophy-140457.html
14768,Arcano Fragrance,Vanille De Mer,2026,https://www.fragrantica.com/perfume/Arcano-Fragrance/Vanille-De-Mer-140459.html
14769,Archétype,Argon,2025,https://www.fragrantica.com/perfume/Archetype/Argon-115651.html
14770,Archétype,Elio,2025,https://www.fragrantica.com/perfume/Archetype/Elio-115655.html
14771,Archétype,Hector,2025,https://www.fragrantica.com/perfume/Archetype/Hector-115653.html
14772,Archétype,Magnus,2025,https://www.fragrantica.com/perfume/Archetype/Magnus-115652.html
14773,Archétype,Noé,2025,https://www.fragrantica.com/perfume/Archetype/Noe-115654.html
14774,Archetypes,Advocate: Activist,,https://www.fragrantica.com/perfume/Archetypes/Advocate-Activist-39566.html
14775,Archetypes,Athlete: Competitor,,https://www.fragrantica.com/perfume/Archetypes/Athlete-Competitor-39557.html
14776,Archetypes,Caregiver: Nurturer,,https://www.fragrantica.com/perfume/Archetypes/Caregiver-Nurturer-39559.html
14777,Archetypes,Creative: Artist,,https://www.fragrantica.com/perfume/Archetypes/Creative-Artist-39556.html
14778,Archetypes,Explorer: Adventurer,,https://www.fragrantica.com/perfume/Archetypes/Explorer-Adventurer-39565.html
14779,Archetypes,Intellectual: Scholar,,https://www.fragrantica.com/perfume/Archetypes/Intellectual-Scholar-39567.html
14780,Archetypes,Performer: Entertainer,,https://www.fragrantica.com/perfume/Archetypes/Performer-Entertainer-39562.html
14781,Archetypes,Rebel: Rule Breaker,,https://www.fragrantica.com/perfume/Archetypes/Rebel-Rule-Breaker-39558.html
14782,Archetypes,Royal: Empowered,,https://www.fragrantica.com/perfume/Archetypes/Royal-Empowered-39561.html
14783,Archetypes,Spiritual: Seeker,,https://www.fragrantica.com/perfume/Archetypes/Spiritual-Seeker-39563.html
14784,Archetypes,Tastemaker: Influencer,,https://www.fragrantica.com/perfume/Archetypes/Tastemaker-Influencer-39564.html
14785,Archetypes,Visionary: Dreamer,,https://www.fragrantica.com/perfume/Archetypes/Visionary-Dreamer-39560.html
14786,Archipelago,Boticario de Havana Personal Fragrance,2010,https://www.fragrantica.com/perfume/Archipelago/Boticario-de-Havana-Personal-Fragrance-112657.html
14787,Archipelago,Charcoal Rose,2018,https://www.fragrantica.com/perfume/Archipelago/Charcoal-Rose-112656.html
14788,Archipelago,Grapefruit,2008,https://www.fragrantica.com/perfume/Archipelago/Grapefruit-112654.html
14789,Archipelago,Milk,2010,https://www.fragrantica.com/perfume/Archipelago/Milk-112653.html
14790,Archipelago,Morning Mint,2010,https://www.fragrantica.com/perfume/Archipelago/Morning-Mint-112658.html
14791,Archipelago,Pomegranate,2008,https://www.fragrantica.com/perfume/Archipelago/Pomegranate-112655.html
14792,Architect Demidoff,Architect,2025,https://www.fragrantica.com/perfume/Architect-Demidoff/Architect-108273.html
14793,Architect Demidoff,Aviator,2020,https://www.fragrantica.com/perfume/Architect-Demidoff/Aviator-108268.html
14794,Architect Demidoff,Biker,2024,https://www.fragrantica.com/perfume/Architect-Demidoff/Biker-108265.html
14795,Architect Demidoff,Creator,2025,https://www.fragrantica.com/perfume/Architect-Demidoff/Creator-108271.html
14796,Architect Demidoff,Demidoff,2020,https://www.fragrantica.com/perfume/Architect-Demidoff/Demidoff-108262.html
14797,Architect Demidoff,Racer,2023,https://www.fragrantica.com/perfume/Architect-Demidoff/Racer-108266.html
14798,Architect Demidoff,Seaman,2020,https://www.fragrantica.com/perfume/Architect-Demidoff/Seaman-108264.html
14799,Architect Demidoff,Sport,2025,https://www.fragrantica.com/perfume/Architect-Demidoff/Sport-108272.html
14800,Architect Demidoff,Time 07:00,2024,https://www.fragrantica.com/perfume/Architect-Demidoff/Time-07-00-108270.html
14801,Architect Demidoff,Time 12:00,2025,https://www.fragrantica.com/perfume/Architect-Demidoff/Time-12-00-108267.html
14802,Architect Demidoff,Time 18:00,2024,https://www.fragrantica.com/perfume/Architect-Demidoff/Time-18-00-108269.html
14803,Archive,Journey Within,2022,https://www.fragrantica.com/perfume/Archive/Journey-Within-106884.html
14804,Arcione,Audace,,https://www.fragrantica.com/perfume/Arcione/Audace-104207.html
14805,Arcione,Creativo,,https://www.fragrantica.com/perfume/Arcione/Creativo-104204.html
14806,Arcione,Curioso,,https://www.fragrantica.com/perfume/Arcione/Curioso-104208.html
14807,Arcione,Dinamico,,https://www.fragrantica.com/perfume/Arcione/Dinamico-104206.html
14808,Arcione,Folle,,https://www.fragrantica.com/perfume/Arcione/Folle-104205.html
14809,Arcione,Visionario,,https://www.fragrantica.com/perfume/Arcione/Visionario-104203.html
14810,Ard al Teeb,Aflyn 32 Intense,2025,https://www.fragrantica.com/perfume/Ard-al-Teeb/Aflyn-32-Intense-119444.html
14811,Ard al Teeb,Aflyn Red,2025,https://www.fragrantica.com/perfume/Ard-al-Teeb/Aflyn-Red-120156.html
14812,Ard al Teeb,Afnan,2025,https://www.fragrantica.com/perfume/Ard-al-Teeb/Afnan-120155.html
14813,Ard al Teeb,Aknan Green,2025,https://www.fragrantica.com/perfume/Ard-al-Teeb/Aknan-Green-119481.html
14814,Ard al Teeb,Aknan Red,2025,https://www.fragrantica.com/perfume/Ard-al-Teeb/Aknan-Red-118875.html
14815,Ard al Teeb,Al Anees,2025,https://www.fragrantica.com/perfume/Ard-al-Teeb/Al-Anees-119480.html
14816,Ard al Teeb,Al Fakhama,2025,https://www.fragrantica.com/perfume/Ard-al-Teeb/Al-Fakhama-120119.html
14817,Ard al Teeb,Al Fakhama Rouge,2025,https://www.fragrantica.com/perfume/Ard-al-Teeb/Al-Fakhama-Rouge-119506.html
14818,Ard al Teeb,Al Malik Gold,2025,https://www.fragrantica.com/perfume/Ard-al-Teeb/Al-Malik-Gold-119415.html
14819,Ard al Teeb,Al Muqadam,2025,https://www.fragrantica.com/perfume/Ard-al-Teeb/Al-Muqadam-119390.html
14820,Ard al Teeb,Ameerah,2025,https://www.fragrantica.com/perfume/Ard-al-Teeb/Ameerah-119507.html
14821,Ard al Teeb,Aqwaa Meak,2025,https://www.fragrantica.com/perfume/Ard-al-Teeb/Aqwaa-Meak-119389.html
14822,Ard al Teeb,Attraction,2025,https://www.fragrantica.com/perfume/Ard-al-Teeb/Attraction-118828.html
14823,Ard al Teeb,Azfar,2025,https://www.fragrantica.com/perfume/Ard-al-Teeb/Azfar-118825.html
14824,Ard al Teeb,Breezy,2025,https://www.fragrantica.com/perfume/Ard-al-Teeb/Breezy-119388.html
14825,Ard al Teeb,Captain,2025,https://www.fragrantica.com/perfume/Ard-al-Teeb/Captain-119482.html
14826,Ard al Teeb,Celebrity,2025,https://www.fragrantica.com/perfume/Ard-al-Teeb/Celebrity-119387.html
14827,Ard al Teeb,Chic Beauty,2025,https://www.fragrantica.com/perfume/Ard-al-Teeb/Chic-Beauty-119504.html
14828,Ard al Teeb,Dania,2025,https://www.fragrantica.com/perfume/Ard-al-Teeb/Dania-120118.html
14829,Ard al Teeb,Elixir Gold,2025,https://www.fragrantica.com/perfume/Ard-al-Teeb/Elixir-Gold-118982.html
14830,Ard al Teeb,Elixir Silver,2025,https://www.fragrantica.com/perfume/Ard-al-Teeb/Elixir-Silver-118970.html
14831,Ard al Teeb,Emperor,2025,https://www.fragrantica.com/perfume/Ard-al-Teeb/Emperor-118968.html
14832,Ard al Teeb,Fakhar Al Arab,2025,https://www.fragrantica.com/perfume/Ard-al-Teeb/Fakhar-Al-Arab-118967.html
14833,Ard al Teeb,Florist,2025,https://www.fragrantica.com/perfume/Ard-al-Teeb/Florist-118902.html
14834,Ard al Teeb,Gardenia,2025,https://www.fragrantica.com/perfume/Ard-al-Teeb/Gardenia-120117.html
14835,Ard al Teeb,Glooming Coral,2025,https://www.fragrantica.com/perfume/Ard-al-Teeb/Glooming-Coral-120116.html
14836,Ard al Teeb,Goddess,2025,https://www.fragrantica.com/perfume/Ard-al-Teeb/Goddess-120154.html
14837,Ard al Teeb,Hamasat,2025,https://www.fragrantica.com/perfume/Ard-al-Teeb/Hamasat-119832.html
14838,Ard al Teeb,Hoor Al Ayoon,2025,https://www.fragrantica.com/perfume/Ard-al-Teeb/Hoor-Al-Ayoon-119839.html
14839,Ard al Teeb,Ibn Al Azz,2025,https://www.fragrantica.com/perfume/Ard-al-Teeb/Ibn-Al-Azz-119445.html
14840,Ard al Teeb,Ibn Al Azz Malaki,2025,https://www.fragrantica.com/perfume/Ard-al-Teeb/Ibn-Al-Azz-Malaki-118883.html
14841,Ard al Teeb,Intimate,2025,https://www.fragrantica.com/perfume/Ard-al-Teeb/Intimate-119479.html
14842,Ard al Teeb,Jazzlyn,2025,https://www.fragrantica.com/perfume/Ard-al-Teeb/Jazzlyn-120153.html
14843,Ard al Teeb,Juliana,2025,https://www.fragrantica.com/perfume/Ard-al-Teeb/Juliana-120152.html
14844,Ard al Teeb,Luminary,2025,https://www.fragrantica.com/perfume/Ard-al-Teeb/Luminary-118891.html
14845,Ard al Teeb,Luminary Intense,2025,https://www.fragrantica.com/perfume/Ard-al-Teeb/Luminary-Intense-118890.html
14846,Ard al Teeb,Marshal,2025,https://www.fragrantica.com/perfume/Ard-al-Teeb/Marshal-118895.html
14847,Ard al Teeb,Marshal Extreme Parfum,2025,https://www.fragrantica.com/perfume/Ard-al-Teeb/Marshal-Extreme-Parfum-119450.html
14848,Ard al Teeb,Marshal Madam,2025,https://www.fragrantica.com/perfume/Ard-al-Teeb/Marshal-Madam-119831.html
14849,Ard al Teeb,Maznab Gold,2025,https://www.fragrantica.com/perfume/Ard-al-Teeb/Maznab-Gold-120149.html
14850,Ard al Teeb,Maznab Silver,2025,https://www.fragrantica.com/perfume/Ard-al-Teeb/Maznab-Silver-118894.html
14851,Ard al Teeb,Musk Al Madeena,2025,https://www.fragrantica.com/perfume/Ard-al-Teeb/Musk-Al-Madeena-119558.html
14852,Ard al Teeb,Musk Romani,2025,https://www.fragrantica.com/perfume/Ard-al-Teeb/Musk-Romani-119555.html
14853,Ard al Teeb,Musk Wardi,2025,https://www.fragrantica.com/perfume/Ard-al-Teeb/Musk-Wardi-119553.html
14854,Ard al Teeb,My Soul,2025,https://www.fragrantica.com/perfume/Ard-al-Teeb/My-Soul-118824.html
14855,Ard al Teeb,My Soul Glam,2025,https://www.fragrantica.com/perfume/Ard-al-Teeb/My-Soul-Glam-119505.html
14856,Ard al Teeb,Noble,2025,https://www.fragrantica.com/perfume/Ard-al-Teeb/Noble-118826.html
14857,Ard al Teeb,Paradise,2025,https://www.fragrantica.com/perfume/Ard-al-Teeb/Paradise-119733.html
14858,Ard al Teeb,Passion of Love,2025,https://www.fragrantica.com/perfume/Ard-al-Teeb/Passion-of-Love-119488.html
14859,Ard al Teeb,Pink Blossom,2025,https://www.fragrantica.com/perfume/Ard-al-Teeb/Pink-Blossom-120148.html
14860,Ard al Teeb,Rachel,2025,https://www.fragrantica.com/perfume/Ard-al-Teeb/Rachel-119731.html
14861,Ard al Teeb,Raej,2025,https://www.fragrantica.com/perfume/Ard-al-Teeb/Raej-118877.html
14862,Ard al Teeb,Rehlati,2025,https://www.fragrantica.com/perfume/Ard-al-Teeb/Rehlati-120097.html
14863,Ard al Teeb,Rose Dubai Intense,2025,https://www.fragrantica.com/perfume/Ard-al-Teeb/Rose-Dubai-Intense-118893.html
14864,Ard al Teeb,Rose London Vanille,2025,https://www.fragrantica.com/perfume/Ard-al-Teeb/Rose-London-Vanille-119691.html
14865,Ard al Teeb,Saqr Tobacco,2025,https://www.fragrantica.com/perfume/Ard-al-Teeb/Saqr-Tobacco-119447.html
14866,Ard al Teeb,Shaqayiq Al Naeman,2025,https://www.fragrantica.com/perfume/Ard-al-Teeb/Shaqayiq-Al-Naeman-119690.html
14867,Ard al Teeb,Sheikha,2025,https://www.fragrantica.com/perfume/Ard-al-Teeb/Sheikha-119613.html
14868,Ard al Teeb,Smoky Palace,2025,https://www.fragrantica.com/perfume/Ard-al-Teeb/Smoky-Palace-119836.html
14869,Ard al Teeb,Teeb Al Oud,2025,https://www.fragrantica.com/perfume/Ard-al-Teeb/Teeb-Al-Oud-118892.html
14870,Ard al Teeb,Tender Leather Intense,2025,https://www.fragrantica.com/perfume/Ard-al-Teeb/Tender-Leather-Intense-118897.html
14871,Ard al Teeb,The Dominate One,2025,https://www.fragrantica.com/perfume/Ard-al-Teeb/The-Dominate-One-118827.html
14872,Ard al Teeb,Whisper Petals,2025,https://www.fragrantica.com/perfume/Ard-al-Teeb/Whisper-Petals-119833.html
14873,Ard Al Zaafaran,Aabinus,2026,https://www.fragrantica.com/perfume/Ard-Al-Zaafaran/Aabinus-133650.html
14874,Ard Al Zaafaran,Aali Al Mustawa,,https://www.parfumo.com/Perfumes/Ard_Al_Zaafaran/Aali_Al_Mustawa
14875,Ard Al Zaafaran,Ahla Awqat,2021,https://www.fragrantica.com/perfume/Ard-Al-Zaafaran/Ahla-Awqat-73883.html
14876,Ard Al Zaafaran,Ahlaamak,,https://www.parfumo.com/Perfumes/Ard_Al_Zaafaran/ahlaamak
14877,Ard Al Zaafaran,Ahlam Al Arab Ard Al Zaafaran / ارض الزعفران التجارية Eau de Parfum,,https://www.parfumo.com/Perfumes/Ard_Al_Zaafaran/ahlam-al-arab-eau-de-parfum
14878,Ard Al Zaafaran,Ahlam Al Arab Blue Water,,https://www.parfumo.com/Perfumes/Ard_Al_Zaafaran/ahlam-al-arab-blue-water
14879,Ard Al Zaafaran,Ahlam Al Arab Intense,,https://www.parfumo.com/Perfumes/Ard_Al_Zaafaran/ahlam-al-arab-intense
14880,Ard Al Zaafaran,Ahlam Al Emarat Gold Blend,,https://www.parfumo.com/Perfumes/Ard_Al_Zaafaran/ahlam-al-emarat-gold-blend
14881,Ard Al Zaafaran,Ahlam Al Khaleej احلام الخليج,,https://www.parfumo.com/Perfumes/Ard_Al_Zaafaran/ahlam-al-khaleej
14882,Ard Al Zaafaran,Ahubbak أحبك,,https://www.parfumo.com/Perfumes/Ard_Al_Zaafaran/ahubbak
14883,Ard Al Zaafaran,Ahubbak Love In Paris,2025,https://www.fragrantica.com/perfume/Ard-Al-Zaafaran/Ahubbak-Love-In-Paris-114430.html
14884,Ard Al Zaafaran,Ajeeb عجيب,,https://www.parfumo.com/Perfumes/Ard_Al_Zaafaran/ajeeb
14885,Ard Al Zaafaran,Ajeeb Ghareeb,,https://www.parfumo.com/Perfumes/Ard_Al_Zaafaran/Ajeeb_Ghareeb
14886,Ard Al Zaafaran,Ajmal Ehsas Bloom Ard Al Zaafaran / ارض الزعفران التجارية Perfume Oil,,https://www.parfumo.com/Perfumes/Ard_Al_Zaafaran/ajmal-ehsas-bloom-concentrated-perfume-oil
14887,Ard Al Zaafaran,Ajmal Ehsas Bloom (Eau de Parfum),2023,https://www.fragrantica.com/perfume/Ard-Al-Zaafaran/Ajmal-Ehsas-Bloom-140415.html
14888,Ard Al Zaafaran,Akhbar Al Ushaq Ard Al Zaafaran / ارض الزعفران التجارية Eau de Parfum,,https://www.parfumo.com/Perfumes/Ard_Al_Zaafaran/akhbar-al-ushaq-eau-de-parfum
14889,Ard Al Zaafaran,Akhbar Al Ushaq Ard Al Zaafaran / ارض الزعفران التجارية Perfume Oil,,https://www.parfumo.com/Perfumes/Ard_Al_Zaafaran/akhbar-al-ushaq-perfume-oil
14890,Ard Al Zaafaran,Al A'Ayaan,,https://www.parfumo.com/Perfumes/Ard_Al_Zaafaran/Al_A_Ayaan
14891,Ard Al Zaafaran,Al Batal,,https://www.fragrantica.com/perfume/Ard-Al-Zaafaran/Al-Batal-113816.html
14892,Ard Al Zaafaran,Al Dirgham,2023,https://www.fragrantica.com/perfume/Ard-Al-Zaafaran/Al-Dirgham-87214.html
14893,Ard Al Zaafaran,Al Dirgham Special Edition,2023,https://www.fragrantica.com/perfume/Ard-Al-Zaafaran/Al-Dirgham-Special-Edition-104408.html
14894,Ard Al Zaafaran,Al Ibdaa,2023,https://www.fragrantica.com/perfume/Ard-Al-Zaafaran/Al-Ibdaa-104391.html
14895,Ard Al Zaafaran,Al Ibdaa Gold,,https://www.fragrantica.com/perfume/Ard-Al-Zaafaran/Al-Ibdaa-Gold-64209.html
14896,Ard Al Zaafaran,Al Qubah,2025,https://www.fragrantica.com/perfume/Ard-Al-Zaafaran/Al-Qubah-104405.html
14897,Ard Al Zaafaran,Al Sayaad,,https://www.fragrantica.com/perfume/Ard-Al-Zaafaran/Al-Sayaad-125908.html
14898,Ard Al Zaafaran,Alora,,https://www.fragrantica.com/perfume/Ard-Al-Zaafaran/Alora-113817.html
14899,Ard Al Zaafaran,AMEER AL QULOOB,,https://www.fragrantica.com/perfume/Ard-Al-Zaafaran/AMEER-AL-QULOOB-113815.html
14900,Ard Al Zaafaran,Ameerat Al Ehsaas,,https://www.fragrantica.com/perfume/Ard-Al-Zaafaran/Ameerat-Al-Ehsaas-70365.html
14901,Ard Al Zaafaran,Ana Abiyedh Premium Water Perfume (Parfum),2022,https://www.fragrantica.com/perfume/Ard-Al-Zaafaran/Ana-Abiyedh-Premium-Water-Perfume-120565.html
14902,Ard Al Zaafaran,Aneesa,,https://www.fragrantica.com/perfume/Ard-Al-Zaafaran/Aneesa-137833.html
14903,Ard Al Zaafaran,Anoud,2024,https://www.fragrantica.com/perfume/Ard-Al-Zaafaran/Anoud-111503.html
14904,Ard Al Zaafaran,Aroosat Al Emarat,,https://www.fragrantica.com/perfume/Ard-Al-Zaafaran/Aroosat-Al-Emarat-64210.html
14905,Ard Al Zaafaran,Attar Al Shuyukh (Perfume Oil),2018,https://www.fragrantica.com/perfume/Ard-Al-Zaafaran/Attar-Al-Shuyukh-67610.html
14906,Ard Al Zaafaran,Attar Sharqia (Perfume Oil),2018,https://www.fragrantica.com/perfume/Ard-Al-Zaafaran/Attar-Sharqia-67609.html
14907,Ard Al Zaafaran,Bahar Al Gharam,,https://www.fragrantica.com/perfume/Ard-Al-Zaafaran/Bahar-Al-Gharam-70656.html
14908,Ard Al Zaafaran,Bareq,,https://www.fragrantica.com/perfume/Ard-Al-Zaafaran/Bareq-128363.html
14909,Ard Al Zaafaran,Bareq Mirage,,https://www.fragrantica.com/perfume/Ard-Al-Zaafaran/Bareq-Mirage-134900.html
14910,Ard Al Zaafaran,Barez,2023,https://www.fragrantica.com/perfume/Ard-Al-Zaafaran/Barez-84767.html
14911,Ard Al Zaafaran,Bint Hooran,,https://www.fragrantica.com/perfume/Ard-Al-Zaafaran/Bint-Hooran-64211.html
14912,Ard Al Zaafaran,Bint Hooran Rose Passion,2024,https://www.fragrantica.com/perfume/Ard-Al-Zaafaran/Bint-Hooran-Rose-Passion-103434.html
14913,Ard Al Zaafaran,Boutique Oud,2023,https://www.fragrantica.com/perfume/Ard-Al-Zaafaran/Boutique-Oud-104394.html
14914,Ard Al Zaafaran,Caramel Oud,2024,https://www.fragrantica.com/perfume/Ard-Al-Zaafaran/Caramel-Oud-104366.html
14915,Ard Al Zaafaran,Cotton Candy Musk,,https://www.fragrantica.com/perfume/Ard-Al-Zaafaran/Cotton-Candy-Musk-104363.html
14916,Ard Al Zaafaran,Daar Al Haneen,,https://www.fragrantica.com/perfume/Ard-Al-Zaafaran/Daar-Al-Haneen-64212.html
14917,Ard Al Zaafaran,Daar Al Shabaab Royal,,https://www.fragrantica.com/perfume/Ard-Al-Zaafaran/Daar-Al-Shabaab-Royal-64213.html
14918,Ard Al Zaafaran,Dar Al Hae,2021,https://www.fragrantica.com/perfume/Ard-Al-Zaafaran/Dar-Al-Hae-104392.html
14919,Ard Al Zaafaran,Dar Al Hae New,,https://www.fragrantica.com/perfume/Ard-Al-Zaafaran/Dar-Al-Hae-New-64214.html
14920,Ard Al Zaafaran,Dirham,2020,https://www.fragrantica.com/perfume/Ard-Al-Zaafaran/Dirham-68721.html
14921,Ard Al Zaafaran,Dirham Cloud,,https://www.fragrantica.com/perfume/Ard-Al-Zaafaran/Dirham-Cloud-137832.html
14922,Ard Al Zaafaran,Dirham Gold,2022,https://www.fragrantica.com/perfume/Ard-Al-Zaafaran/Dirham-Gold-84592.html
14923,Ard Al Zaafaran,Dirham Oud,2021,https://www.fragrantica.com/perfume/Ard-Al-Zaafaran/Dirham-Oud-94050.html
14924,Ard Al Zaafaran,Dirham Wardi,,https://www.fragrantica.com/perfume/Ard-Al-Zaafaran/Dirham-Wardi-64215.html
14925,Ard Al Zaafaran,Eternal Blossom,2026,https://www.fragrantica.com/perfume/Ard-Al-Zaafaran/Eternal-Blossom-137829.html
14926,Ard Al Zaafaran,Fakhar Al Oud,2021,https://www.fragrantica.com/perfume/Ard-Al-Zaafaran/Fakhar-Al-Oud-73979.html
14927,Ard Al Zaafaran,Fakhar Al Oud The White Oud,2023,https://www.fragrantica.com/perfume/Ard-Al-Zaafaran/Fakhar-Al-Oud-The-White-Oud-104404.html
14928,Ard Al Zaafaran,Fikree wa Roohi,2022,https://www.fragrantica.com/perfume/Ard-Al-Zaafaran/Fikree-wa-Roohi-78603.html
14929,Ard Al Zaafaran,Forever Gold,2024,https://www.fragrantica.com/perfume/Ard-Al-Zaafaran/Forever-Gold-104400.html
14930,Ard Al Zaafaran,Forever Silver,2024,https://www.fragrantica.com/perfume/Ard-Al-Zaafaran/Forever-Silver-104401.html
14931,Ard Al Zaafaran,Ghality,2023,https://www.fragrantica.com/perfume/Ard-Al-Zaafaran/Ghality-107719.html
14932,Ard Al Zaafaran,Hareem Al Sultan,2021,https://www.fragrantica.com/perfume/Ard-Al-Zaafaran/Hareem-Al-Sultan-64216.html
14933,Ard Al Zaafaran,Hareem Al Sultan Milky Water,2024,https://www.fragrantica.com/perfume/Ard-Al-Zaafaran/Hareem-Al-Sultan-Milky-Water-93824.html
14934,Ard Al Zaafaran,Hayaati,2022,https://www.fragrantica.com/perfume/Ard-Al-Zaafaran/Hayaati-87317.html
14935,Ard Al Zaafaran,Hayaati Exotic,2025,https://www.fragrantica.com/perfume/Ard-Al-Zaafaran/Hayaati-Exotic-114210.html
14936,Ard Al Zaafaran,Hayaati Oud,2022,https://www.fragrantica.com/perfume/Ard-Al-Zaafaran/Hayaati-Oud-87318.html
14937,Ard Al Zaafaran,Hayaati Women,2021,https://www.fragrantica.com/perfume/Ard-Al-Zaafaran/Hayaati-Women-87319.html
14938,Ard Al Zaafaran,Heibah,2022,https://www.fragrantica.com/perfume/Ard-Al-Zaafaran/Heibah-84772.html
14939,Ard Al Zaafaran,Hoor Al Khaleej,,https://www.fragrantica.com/perfume/Ard-Al-Zaafaran/Hoor-Al-Khaleej-59148.html
14940,Ard Al Zaafaran,I Am The King,2021,https://www.fragrantica.com/perfume/Ard-Al-Zaafaran/I-Am-The-King-69638.html
14941,Ard Al Zaafaran,I Am The Queen,,https://www.fragrantica.com/perfume/Ard-Al-Zaafaran/I-Am-The-Queen-64280.html
14942,Ard Al Zaafaran,Jazzab Gold,,https://www.fragrantica.com/perfume/Ard-Al-Zaafaran/Jazzab-Gold-124587.html
14943,Ard Al Zaafaran,Jazzab Silver,2021,https://www.fragrantica.com/perfume/Ard-Al-Zaafaran/Jazzab-Silver-67145.html
14944,Ard Al Zaafaran,Khashab Al Oud,,https://www.fragrantica.com/perfume/Ard-Al-Zaafaran/Khashab-Al-Oud-70396.html
14945,Ard Al Zaafaran,Lailat Al Shaikh,,https://www.fragrantica.com/perfume/Ard-Al-Zaafaran/Lailat-Al-Shaikh-70367.html
14946,Ard Al Zaafaran,Liwan,2025,https://www.fragrantica.com/perfume/Ard-Al-Zaafaran/Liwan-106527.html
14947,Ard Al Zaafaran,Maha,2026,https://www.fragrantica.com/perfume/Ard-Al-Zaafaran/Maha-137831.html
14948,Ard Al Zaafaran,Manaal,2025,https://www.fragrantica.com/perfume/Ard-Al-Zaafaran/Manaal-110634.html
14949,Ard Al Zaafaran,Mango Musk,2023,https://www.fragrantica.com/perfume/Ard-Al-Zaafaran/Mango-Musk-97420.html
14950,Ard Al Zaafaran,Marina,2023,https://www.fragrantica.com/perfume/Ard-Al-Zaafaran/Marina-104396.html
14951,Ard Al Zaafaran,Marina Deep & Dark,2024,https://www.fragrantica.com/perfume/Ard-Al-Zaafaran/Marina-Deep-Dark-104398.html
14952,Ard Al Zaafaran,Meethaq,,https://www.fragrantica.com/perfume/Ard-Al-Zaafaran/Meethaq-113818.html
14953,Ard Al Zaafaran,Meethaq Extrait De Rouge,2024,https://www.fragrantica.com/perfume/Ard-Al-Zaafaran/Meethaq-Extrait-De-Rouge-102971.html
14954,Ard Al Zaafaran,Miami Blue,,https://www.fragrantica.com/perfume/Ard-Al-Zaafaran/Miami-Blue-137836.html
14955,Ard Al Zaafaran,Midnight Oud,2021,https://www.fragrantica.com/perfume/Ard-Al-Zaafaran/Midnight-Oud-66534.html
14956,Ard Al Zaafaran,Milena,2024,https://www.fragrantica.com/perfume/Ard-Al-Zaafaran/Milena-117343.html
14957,Ard Al Zaafaran,Min Yashbahak,2023,https://www.fragrantica.com/perfume/Ard-Al-Zaafaran/Min-Yashbahak-84770.html
14958,Ard Al Zaafaran,Mithqal,2021,https://www.fragrantica.com/perfume/Ard-Al-Zaafaran/Mithqal-77976.html
14959,Ard Al Zaafaran,Mousuf,,https://www.fragrantica.com/perfume/Ard-Al-Zaafaran/Mousuf-88518.html
14960,Ard Al Zaafaran,Mousuf Azure,2023,https://www.fragrantica.com/perfume/Ard-Al-Zaafaran/Mousuf-Azure-104390.html
14961,Ard Al Zaafaran,Mousuf Daisy,,https://www.fragrantica.com/perfume/Ard-Al-Zaafaran/Mousuf-Daisy-113819.html
14962,Ard Al Zaafaran,Mousuf Ramadi,2023,https://www.fragrantica.com/perfume/Ard-Al-Zaafaran/Mousuf-Ramadi-107717.html
14963,Ard Al Zaafaran,Mousuf Wardi,2024,https://www.fragrantica.com/perfume/Ard-Al-Zaafaran/Mousuf-Wardi-104389.html
14964,Ard Al Zaafaran,Naif,2025,https://www.fragrantica.com/perfume/Ard-Al-Zaafaran/Naif-128270.html
14965,Ard Al Zaafaran,Oud 24 Hours,,https://www.fragrantica.com/perfume/Ard-Al-Zaafaran/Oud-24-Hours-42090.html
14966,Ard Al Zaafaran,Oud 24 Hours Majestic Gold,2020,https://www.fragrantica.com/perfume/Ard-Al-Zaafaran/Oud-24-Hours-Majestic-Gold-70575.html
14967,Ard Al Zaafaran,Oud Isphahan,,https://www.fragrantica.com/perfume/Ard-Al-Zaafaran/Oud-Isphahan-70657.html
14968,Ard Al Zaafaran,Oud Mood,2021,https://www.fragrantica.com/perfume/Ard-Al-Zaafaran/Oud-Mood-124610.html
14969,Ard Al Zaafaran,Oud Romancea,,https://www.fragrantica.com/perfume/Ard-Al-Zaafaran/Oud-Romancea-59147.html
14970,Ard Al Zaafaran,Oud Romancea Fakhama,,https://www.fragrantica.com/perfume/Ard-Al-Zaafaran/Oud-Romancea-Fakhama-104395.html
14971,Ard Al Zaafaran,Oud Sharqia,,https://www.fragrantica.com/perfume/Ard-Al-Zaafaran/Oud-Sharqia-42033.html
14972,Ard Al Zaafaran,Oudi,2016,https://www.fragrantica.com/perfume/Ard-Al-Zaafaran/Oudi-48350.html
14973,Ard Al Zaafaran,Pistachio Musk,2023,https://www.fragrantica.com/perfume/Ard-Al-Zaafaran/Pistachio-Musk-88646.html
14974,Ard Al Zaafaran,Pomegranate Musk,2020,https://www.fragrantica.com/perfume/Ard-Al-Zaafaran/Pomegranate-Musk-113857.html
14975,Ard Al Zaafaran,Rafeef,2026,https://www.fragrantica.com/perfume/Ard-Al-Zaafaran/Rafeef-140332.html
14976,Ard Al Zaafaran,Raghba,,https://www.fragrantica.com/perfume/Ard-Al-Zaafaran/Raghba-122021.html
14977,Ard Al Zaafaran,Rihanna,2023,https://www.fragrantica.com/perfume/Ard-Al-Zaafaran/Rihanna-104393.html
14978,Ard Al Zaafaran,Riqqa,2023,https://www.fragrantica.com/perfume/Ard-Al-Zaafaran/Riqqa-104411.html
14979,Ard Al Zaafaran,Safeer Al Ward,2025,https://www.fragrantica.com/perfume/Ard-Al-Zaafaran/Safeer-Al-Ward-119396.html
14980,Ard Al Zaafaran,Saheb,,https://www.fragrantica.com/perfume/Ard-Al-Zaafaran/Saheb-95139.html
14981,Ard Al Zaafaran,Saheb Emotions,,https://www.fragrantica.com/perfume/Ard-Al-Zaafaran/Saheb-Emotions-139679.html
14982,Ard Al Zaafaran,Saheb Intense,2024,https://www.fragrantica.com/perfume/Ard-Al-Zaafaran/Saheb-Intense-103351.html
14983,Ard Al Zaafaran,Sahebat Al Jamal,2024,https://www.fragrantica.com/perfume/Ard-Al-Zaafaran/Sahebat-Al-Jamal-104409.html
14984,Ard Al Zaafaran,Satwa,2018,https://www.fragrantica.com/perfume/Ard-Al-Zaafaran/Satwa-116144.html
14985,Ard Al Zaafaran,Sawsan,2026,https://www.fragrantica.com/perfume/Ard-Al-Zaafaran/Sawsan-137828.html
14986,Ard Al Zaafaran,SAYAAD AL QULOOB,,https://www.fragrantica.com/perfume/Ard-Al-Zaafaran/SAYAAD-AL-QULOOB-113814.html
14987,Ard Al Zaafaran,Shafaq,2022,https://www.fragrantica.com/perfume/Ard-Al-Zaafaran/Shafaq-84308.html
14988,Ard Al Zaafaran,Shams Al Emarat,2004,https://www.fragrantica.com/perfume/Ard-Al-Zaafaran/Shams-Al-Emarat-67612.html
14989,Ard Al Zaafaran,Shams Al Emarat Khususi,2004,https://www.fragrantica.com/perfume/Ard-Al-Zaafaran/Shams-Al-Emarat-Khususi-67611.html
14990,Ard Al Zaafaran,Shams Al Emarat Khususi Glaze & Glow,,https://www.fragrantica.com/perfume/Ard-Al-Zaafaran/Shams-Al-Emarat-Khususi-Glaze-Glow-137835.html
14991,Ard Al Zaafaran,Shams Al Emarat Khususi Iced Petal,,https://www.fragrantica.com/perfume/Ard-Al-Zaafaran/Shams-Al-Emarat-Khususi-Iced-Petal-137834.html
14992,Ard Al Zaafaran,Shams Al Emarat Pink Blush,2025,https://www.fragrantica.com/perfume/Ard-Al-Zaafaran/Shams-Al-Emarat-Pink-Blush-105918.html
14993,Ard Al Zaafaran,Sheikh Al Shuyukh,2004,https://www.fragrantica.com/perfume/Ard-Al-Zaafaran/Sheikh-Al-Shuyukh-67613.html
14994,Ard Al Zaafaran,Sudfa,,https://www.fragrantica.com/perfume/Ard-Al-Zaafaran/Sudfa-137674.html
14995,Ard Al Zaafaran,Tafakhar,2023,https://www.fragrantica.com/perfume/Ard-Al-Zaafaran/Tafakhar-104410.html
14996,Ard Al Zaafaran,Teef Al Hub,,https://www.fragrantica.com/perfume/Ard-Al-Zaafaran/Teef-Al-Hub-70366.html
14997,Ard Al Zaafaran,Thara Al Oud,2020,https://www.fragrantica.com/perfume/Ard-Al-Zaafaran/Thara-Al-Oud-82474.html
14998,Ard Al Zaafaran,Turab Al Dhahab,,https://www.fragrantica.com/perfume/Ard-Al-Zaafaran/Turab-Al-Dhahab-45232.html
14999,Ard Al Zaafaran,Wafa,2023,https://www.fragrantica.com/perfume/Ard-Al-Zaafaran/Wafa-107718.html
15000,Ard Al Zaafaran,Wild Oud,2024,https://www.fragrantica.com/perfume/Ard-Al-Zaafaran/Wild-Oud-107597.html