id,brand_name,product_name,release_year,source_url
110001,Mith,Step On Earth,2022,https://www.fragrantica.com/perfume/Mith/Step-On-Earth-79311.html
110002,Mith,Strawberry & Cream,2021,https://www.fragrantica.com/perfume/Mith/Strawberry-Cream-67346.html
110003,Mith,Summer Dream,,https://www.fragrantica.com/perfume/Mith/Summer-Dream-58322.html
110004,Mith,Summer Dream 2025,2025,https://www.fragrantica.com/perfume/Mith/Summer-Dream-2025-101680.html
110005,Mith,Sweet Lime & Honeysuckle,2022,https://www.fragrantica.com/perfume/Mith/Sweet-Lime-Honeysuckle-79299.html
110006,Mith,Tea In The Morning,2023,https://www.fragrantica.com/perfume/Mith/Tea-In-The-Morning-88288.html
110007,Mith,Thai Pomelo,2026,https://www.fragrantica.com/perfume/Mith/Thai-Pomelo-129503.html
110008,Mith,Thai Tea,2024,https://www.fragrantica.com/perfume/Mith/Thai-Tea-93185.html
110009,Mith,Thai Tea,2025,https://www.fragrantica.com/perfume/Mith/Thai-Tea-113783.html
110010,Mith,The Odyssey,2025,https://www.fragrantica.com/perfume/Mith/The-Odyssey-101686.html
110011,Mith,Touch The Rain,,https://www.fragrantica.com/perfume/Mith/Touch-The-Rain-58154.html
110012,Mith,Tropical Splash,,https://www.fragrantica.com/perfume/Mith/Tropical-Splash-58087.html
110013,Mith,Twilight,2023,https://www.fragrantica.com/perfume/Mith/Twilight-88289.html
110014,Mith,Unknown,2025,https://www.fragrantica.com/perfume/Mith/Unknown-119343.html
110015,Mith,Unnamed,2026,https://www.fragrantica.com/perfume/Mith/Unnamed-135802.html
110016,Mith,Velvet Amber,,https://www.fragrantica.com/perfume/Mith/Velvet-Amber-80022.html
110017,Mith,Water-Lily Pond,,https://www.fragrantica.com/perfume/Mith/Water-Lily-Pond-58181.html
110018,Mith,When A Man Loves A Woman,2023,https://www.fragrantica.com/perfume/Mith/When-A-Man-Loves-A-Woman-80019.html
110019,Mith,When A Woman Falls In Love,2023,https://www.fragrantica.com/perfume/Mith/When-A-Woman-Falls-In-Love-80018.html
110020,Mith,White,2024,https://www.fragrantica.com/perfume/Mith/White-119337.html
110021,Mith,Wild Orchid,,https://www.fragrantica.com/perfume/Mith/Wild-Orchid-58182.html
110022,Mith,Winter Song,,https://www.fragrantica.com/perfume/Mith/Winter-Song-58323.html
110023,Mith,Winter Song 2025,2025,https://www.fragrantica.com/perfume/Mith/Winter-Song-2025-101681.html
110024,Mith,Woods: Bamboo & Inoki,2024,https://www.fragrantica.com/perfume/Mith/Woods-Bamboo-Inoki-89512.html
110025,Mith,Woody Musk,2022,https://www.fragrantica.com/perfume/Mith/Woody-Musk-79306.html
110026,Mitti Parfum,Mohey,,https://www.fragrantica.com/perfume/Mitti-Parfum/Mohey-127445.html
110027,Mitti Parfum,Rani Pink,,https://www.fragrantica.com/perfume/Mitti-Parfum/Rani-Pink-127446.html
110028,Mitti Parfum,Ruh,,https://www.fragrantica.com/perfume/Mitti-Parfum/Ruh-127447.html
110029,Mitti Parfum,Shikara,,https://www.fragrantica.com/perfume/Mitti-Parfum/Shikara-127448.html
110030,Mitti Parfum,Virasat,,https://www.fragrantica.com/perfume/Mitti-Parfum/Virasat-127449.html
110031,Miu Miu,Daring Darling,2021,https://www.fragrantica.com/perfume/Miu-Miu/Daring-Darling-67563.html
110032,Miu Miu,Eyes On Me,2021,https://www.fragrantica.com/perfume/Miu-Miu/Eyes-On-Me-67562.html
110033,Miu Miu,Fleur D'Argent Chinese New Year 2020,2020,https://huggingface.co/datasets/doevent/perfume
110034,Miu Miu,Head In The Clouds,2021,https://www.fragrantica.com/perfume/Miu-Miu/Head-In-The-Clouds-67560.html
110035,Miu Miu,Lost in Grace,2024,https://www.fragrantica.com/perfume/Miu-Miu/Lost-in-Grace-93241.html
110036,Miu Miu,Miu Miu Fleur D’Argent,2018,https://www.fragrantica.com/perfume/Miu-Miu/Miu-Miu-Fleur-D-Argent-50756.html
110037,Miu Miu,Miu Miu Fleur D'Argent Holiday Edition,2020,https://www.fragrantica.com/perfume/Miu-Miu/Miu-Miu-Fleur-D-Argent-Holiday-Edition-63097.html
110038,Miu Miu,Miu Miu Fleur d'Argent Limited Edition,,https://www.parfumo.com/Perfumes/Miu_Miu/miu-miu-fleur-d-argent-limited-edition
110039,Miu Miu,Miu Miu Fleur de Lait,2023,https://www.fragrantica.com/perfume/Miu-Miu/Miu-Miu-Fleur-de-Lait-78755.html
110040,Miu Miu,Miu Miu L’Eau Bleue,2016,https://www.fragrantica.com/perfume/Miu-Miu/Miu-Miu-L-Eau-Bleue-42720.html
110041,Miu Miu,Miu Miu L'Eau Bleue (Eau de Parfum),2017,https://www.parfumo.com/Perfumes/Miu_Miu/miu-miu-l-eau-bleue-2017
110042,Miu Miu,Miu Miu L'Eau Bleue (Eau de Parfum),2025,https://www.parfumo.com/Perfumes/Miu_Miu/miu-miu-l-eau-bleue-2025
110043,Miu Miu,Miu Miu L'Eau de Muguet,,https://www.parfumo.com/Perfumes/Miu_Miu/miu-miu-l-eau-de-muguet-miu-miu-eau-de-parfum
110044,Miu Miu,Miu Miu L’Eau Rosée (Parfum),2018,https://www.fragrantica.com/perfume/Miu-Miu/Miu-Miu-L-Eau-Rosee-48104.html
110045,Miu Miu,Miu Miu L'Eau Rosée (Parfum),2025,https://www.parfumo.com/Perfumes/Miu_Miu/miu-miu-l-eau-rosee-2025
110046,Miu Miu,Miu Miu (Parfum),2015,https://www.fragrantica.com/perfume/Miu-Miu/Miu-Miu-31468.html
110047,Miu Miu,Miu Miu Rosee,2025,https://www.fragrantica.com/perfume/Miu-Miu/Miu-Miu-Rosee-113969.html
110048,Miu Miu,Miu Miu Twist Eau de Magnolia (Parfum),2022,https://www.fragrantica.com/perfume/Miu-Miu/Miu-Miu-Twist-Eau-de-Magnolia-75127.html
110049,Miu Miu,Miu Miu Twist Eau de Toilette,2019,https://www.fragrantica.com/perfume/Miu-Miu/Miu-Miu-Twist-Eau-de-Toilette-58494.html
110050,Miu Miu,Miu Miu Twist (Parfum),2019,https://www.fragrantica.com/perfume/Miu-Miu/Miu-Miu-Twist-53147.html
110051,Miu Miu,Miutine,2025,https://www.fragrantica.com/perfume/Miu-Miu/Miutine-113885.html
110052,Miu Miu,Miutine Intense,2026,https://www.fragrantica.com/perfume/Miu-Miu/Miutine-Intense-138318.html
110053,Miu Miu,Serial Player,2021,https://www.fragrantica.com/perfume/Miu-Miu/Serial-Player-67561.html
110054,Miu Miu,Twist Eau De Parfum,,https://huggingface.co/datasets/doevent/perfume
110055,Mix:Bar,Blackberry Tonic,2021,https://www.fragrantica.com/perfume/Mix-Bar/Blackberry-Tonic-66233.html
110056,Mix:Bar,Cloud Musk,2021,https://www.fragrantica.com/perfume/Mix-Bar/Cloud-Musk-66231.html
110057,Mix:Bar,Coconut Palm,2021,https://www.fragrantica.com/perfume/Mix-Bar/Coconut-Palm-66236.html
110058,Mix:Bar,Glass Rose,2021,https://www.fragrantica.com/perfume/Mix-Bar/Glass-Rose-66232.html
110059,Mix:Bar,Honey Milk,2025,https://www.fragrantica.com/perfume/Mix-Bar/Honey-Milk-104081.html
110060,Mix:Bar,Marshmallow Crème,2026,https://www.fragrantica.com/perfume/Mix-Bar/Marshmallow-Creme-125852.html
110061,Mix:Bar,Passionfruit Nectar,2024,https://www.fragrantica.com/perfume/Mix-Bar/Passionfruit-Nectar-91523.html
110062,Mix:Bar,Pear Blossom,2023,https://www.fragrantica.com/perfume/Mix-Bar/Pear-Blossom-88082.html
110063,Mix:Bar,Salt Petals,2024,https://www.fragrantica.com/perfume/Mix-Bar/Salt-Petals-91522.html
110064,Mix:Bar,Sparkling Hibiscus,,https://www.fragrantica.com/perfume/Mix-Bar/Sparkling-Hibiscus-72676.html
110065,Mix:Bar,Sugared Violet,2025,https://www.fragrantica.com/perfume/Mix-Bar/Sugared-Violet-104082.html
110066,Mix:Bar,Tangerine Squeeze,2021,https://www.fragrantica.com/perfume/Mix-Bar/Tangerine-Squeeze-66234.html
110067,Mix:Bar,Vanilla Bourbon,2021,https://www.fragrantica.com/perfume/Mix-Bar/Vanilla-Bourbon-66235.html
110068,Mix:Bar,Whipped Almond,,https://www.fragrantica.com/perfume/Mix-Bar/Whipped-Almond-72677.html
110069,Mix:Bar,Wood Elixir,2021,https://www.fragrantica.com/perfume/Mix-Bar/Wood-Elixir-66237.html
110070,Mixit,Back In Black,2017,https://www.fragrantica.com/perfume/Mixit/Back-In-Black-43693.html
110071,Mixit,Cafe Gourmet,2015,https://www.fragrantica.com/perfume/Mixit/Cafe-Gourmet-37367.html
110072,Mixit,Dark Room,2017,https://www.fragrantica.com/perfume/Mixit/Dark-Room-43692.html
110073,Mixit,Forget-Me-Not,2017,https://www.fragrantica.com/perfume/Mixit/Forget-Me-Not-43694.html
110074,Mixit,Fun & Sexy,2015,https://www.fragrantica.com/perfume/Mixit/Fun-Sexy-37368.html
110075,Mixit,Love Story,2015,https://www.fragrantica.com/perfume/Mixit/Love-Story-37365.html
110076,Mixit,My Wish,2015,https://www.fragrantica.com/perfume/Mixit/My-Wish-37366.html
110077,Mixologist,Ambre Bourbon,2026,https://www.fragrantica.com/perfume/Mixologist/Ambre-Bourbon-122687.html
110078,Mixologist,Caipiroud 2026 Remix,2026,https://www.fragrantica.com/perfume/Mixologist/Caipiroud-2026-Remix-122689.html
110079,Mixologist,Cuir Mojito 2026 Remix,2026,https://www.fragrantica.com/perfume/Mixologist/Cuir-Mojito-2026-Remix-122682.html
110080,Mixologist,Jasmiña Colada 2026 Remix,2026,https://www.fragrantica.com/perfume/Mixologist/Jasmina-Colada-2026-Remix-122680.html
110081,Mixologist,Kiris Royale 2026 Remix,2026,https://www.fragrantica.com/perfume/Mixologist/Kiris-Royale-2026-Remix-122675.html
110082,Mixologist,Musk Mule,2026,https://www.fragrantica.com/perfume/Mixologist/Musk-Mule-122683.html
110083,Mixologist,Oud Fashioned,2026,https://www.fragrantica.com/perfume/Mixologist/Oud-Fashioned-122686.html
110084,Mixologist,Rose Maraschino,2026,https://www.fragrantica.com/perfume/Mixologist/Rose-Maraschino-122677.html
110085,Mixologist,Santal Mocha,2026,https://www.fragrantica.com/perfume/Mixologist/Santal-Mocha-133168.html
110086,Mixologist,Scotchouli 2026 Remix,2026,https://www.fragrantica.com/perfume/Mixologist/Scotchouli-2026-Remix-122685.html
110087,Mixologist,Sex on the Peach 2026 Remix,2026,https://www.fragrantica.com/perfume/Mixologist/Sex-on-the-Peach-2026-Remix-122679.html
110088,Mixologist,Tobacognac 2026 Remix,2026,https://www.fragrantica.com/perfume/Mixologist/Tobacognac-2026-Remix-122684.html
110089,Mixologist,Tonkaccino 2026 Remix,2026,https://www.fragrantica.com/perfume/Mixologist/Tonkaccino-2026-Remix-133166.html
110090,Mixologist,Vanilatte,2026,https://www.fragrantica.com/perfume/Mixologist/Vanilatte-133165.html
110091,Mixologist,Vetiver Macchiato,2026,https://www.fragrantica.com/perfume/Mixologist/Vetiver-Macchiato-133167.html
110092,Mixologist,Vintage Bergamot,2026,https://www.fragrantica.com/perfume/Mixologist/Vintage-Bergamot-122681.html
110093,Mixup,! Chakra Spirit (Body Mist),,https://www.trendyol.com/mixup/body-mist-chakra-spirit-sedir-agaci-bergamot-vucut-spreyi-200-ml-p-906430835
110094,Mixup,! Chakra Sunrise (Body Mist),,https://www.trendyol.com/mixup/body-mist-chakra-sunrise-mango-portakal-cicegi-vucut-spreyi-200-ml-p-906432410
110095,Mixup,! Shimmer Glace (Body Mist),,https://www.trendyol.com/mixup/body-mist-shimmer-glace-vanilla-beam-simli-vucut-spreyi-200-ml-p-1019354514
110096,Miya Shinma,Feuillage vert,,https://www.fragrantica.com/perfume/Miya-Shinma/Feuillage-vert-5431.html
110097,Miya Shinma,Fuwari,2025,https://www.fragrantica.com/perfume/Miya-Shinma/Fuwari-103077.html
110098,Miya Shinma,Hana,,https://www.fragrantica.com/perfume/Miya-Shinma/Hana-5427.html
110099,Miya Shinma,Hinoki,2015,https://www.fragrantica.com/perfume/Miya-Shinma/Hinoki-32326.html
110100,Miya Shinma,Hirari,2025,https://www.fragrantica.com/perfume/Miya-Shinma/Hirari-103102.html
110101,Miya Shinma,Kaze,,https://www.fragrantica.com/perfume/Miya-Shinma/Kaze-5429.html
110102,Miya Shinma,Kikyo,2017,https://www.fragrantica.com/perfume/Miya-Shinma/Kikyo-46710.html
110103,Miya Shinma,Kimono Collection Hinoki,2017,https://www.fragrantica.com/perfume/Miya-Shinma/Kimono-Collection-Hinoki-44275.html
110104,Miya Shinma,Kimono Collection Kaze,2019,https://www.fragrantica.com/perfume/Miya-Shinma/Kimono-Collection-Kaze-82435.html
110105,Miya Shinma,Kimono Collection Sakura,2017,https://www.fragrantica.com/perfume/Miya-Shinma/Kimono-Collection-Sakura-44276.html
110106,Miya Shinma,Kimono Collection Yuki,,https://www.fragrantica.com/perfume/Miya-Shinma/Kimono-Collection-Yuki-82436.html
110107,Miya Shinma,Kirari,2020,https://www.fragrantica.com/perfume/Miya-Shinma/Kirari-82437.html
110108,Miya Shinma,KOUZOME,,https://www.fragrantica.com/perfume/Miya-Shinma/KOUZOME-82434.html
110109,Miya Shinma,Matsuba,2017,https://www.fragrantica.com/perfume/Miya-Shinma/Matsuba-46712.html
110110,Miya Shinma,Mizu,2015,https://www.fragrantica.com/perfume/Miya-Shinma/Mizu-32328.html
110111,Miya Shinma,Momo,2017,https://www.fragrantica.com/perfume/Miya-Shinma/Momo-46713.html
110112,Miya Shinma,Ruri,2017,https://www.fragrantica.com/perfume/Miya-Shinma/Ruri-46709.html
110113,Miya Shinma,Sakura,2015,https://www.fragrantica.com/perfume/Miya-Shinma/Sakura-5430.html
110114,Miya Shinma,Tachibana,2015,https://www.fragrantica.com/perfume/Miya-Shinma/Tachibana-32329.html
110115,Miya Shinma,Tsubaki,2015,https://www.fragrantica.com/perfume/Miya-Shinma/Tsubaki-32324.html
110116,Miya Shinma,Tsuki,,https://www.fragrantica.com/perfume/Miya-Shinma/Tsuki-5428.html
110117,Miya Shinma,Yamabuki,2017,https://www.fragrantica.com/perfume/Miya-Shinma/Yamabuki-46711.html
110118,Miya Shinma,Yuki,2015,https://www.fragrantica.com/perfume/Miya-Shinma/Yuki-32327.html
110119,Miyaz Maison de Parfum,Agar Agave,2025,https://www.fragrantica.com/perfume/Miyaz-Maison-de-Parfum/Agar-Agave-133700.html
110120,Miyaz Maison de Parfum,Khimar,2025,https://www.fragrantica.com/perfume/Miyaz-Maison-de-Parfum/Khimar-133699.html
110121,Miyaz Perfume,Ambre de Nuit,,https://www.parfumo.com/Perfumes/miyaz-perfume/ambre-de-nuit
110122,Miyaz Perfume,Asma,,https://www.parfumo.com/Perfumes/miyaz-perfume/asma
110123,Miyaz Perfume,Bête de Foire,2024,https://www.fragrantica.com/perfume/Miyaz-Perfume/Bete-de-Foire-104407.html
110124,Miyaz Perfume,Fleur Tabac,2022,https://www.fragrantica.com/perfume/Miyaz-Perfume/Fleur-Tabac-104397.html
110125,Miyaz Perfume,Fleur Tabac II,2024,https://www.parfumo.com/Perfumes/miyaz-perfume/fleur-tabac-ii
110126,Miyaz Perfume,Ghaliyah,,https://www.parfumo.com/Perfumes/miyaz-perfume/ghaliyah
110127,Miyaz Perfume,Hindi Cacao Miyaz Perfume Extrait de Parfum,,https://www.parfumo.com/Perfumes/miyaz-perfume/hindi-cacao-extrait-de-parfum
110128,Miyaz Perfume,Hindi Taif Attar (Perfume Oil),,https://www.parfumo.com/Perfumes/miyaz-perfume/hindi-taif-attar
110129,Miyaz Perfume,Hindi Taif Malaki,,https://www.parfumo.com/Perfumes/miyaz-perfume/hindi-taif-malaki
110130,Miyaz Perfume,Iris Cacao,2022,https://www.parfumo.com/Perfumes/miyaz-perfume/iris-cacao
110131,Miyaz Perfume,Iris Cacao Mysore Edition,2024,https://www.fragrantica.com/perfume/Miyaz-Perfume/Iris-Cacao-Mysore-Edition-104402.html
110132,Miyaz Perfume,Jasmin Oud,,https://www.parfumo.com/Perfumes/miyaz-perfume/jasmin-oud
110133,Miyaz Perfume,Jidden Limited Edition,2024,https://www.fragrantica.com/perfume/Miyaz-Perfume/Jidden-Limited-Edition-104403.html
110134,Miyaz Perfume,Loubani V2,2023,https://www.parfumo.com/Perfumes/miyaz-perfume/loubani-v2
110135,Miyaz Perfume,Louna,2024,https://www.fragrantica.com/perfume/Miyaz-Perfume/Louna-104399.html
110136,Miyaz Perfume,Louna Miyaz Perfume 2024 Extrait,2024,https://www.parfumo.com/Perfumes/miyaz-perfume/louna-extrait
110137,Miyaz Perfume,Louna Miyaz Perfume Attar,,https://www.parfumo.com/Perfumes/miyaz-perfume/louna-attar
110138,Miyaz Perfume,Musk Heritage 4,2023,https://www.parfumo.com/Perfumes/miyaz-perfume/musk-heritage-4
110139,Miyaz Perfume,Oud Lune,2025,https://www.fragrantica.com/perfume/Miyaz-Perfume/Oud-Lune-104406.html
110140,Mizensir,Alma de Rosario,2015,https://www.fragrantica.com/perfume/Mizensir/Alma-de-Rosario-39217.html
110141,Mizensir,Ambre Magique,2022,https://www.fragrantica.com/perfume/Mizensir/Ambre-Magique-72242.html
110142,Mizensir,Anticonformiste,2023,https://www.fragrantica.com/perfume/Mizensir/Anticonformiste-79830.html
110143,Mizensir,Blue Gin,2021,https://www.fragrantica.com/perfume/Mizensir/Blue-Gin-68421.html
110144,Mizensir,Bois de Mysore,2016,https://www.fragrantica.com/perfume/Mizensir/Bois-de-Mysore-39211.html
110145,Mizensir,Bois Iridescent,2016,https://www.fragrantica.com/perfume/Mizensir/Bois-Iridescent-39260.html
110146,Mizensir,Celebes Wood,,https://www.fragrantica.com/perfume/Mizensir/Celebes-Wood-51855.html
110147,Mizensir,Chiffre Royal,2026,https://www.fragrantica.com/perfume/Mizensir/Chiffre-Royal-135277.html
110148,Mizensir,Coeur de Cologne (Eau de Cologne),2019,https://www.fragrantica.com/perfume/Mizensir/Coeur-de-Cologne-60502.html
110149,Mizensir,Cologne de Figuier (Eau de Cologne),2019,https://www.fragrantica.com/perfume/Mizensir/Cologne-de-Figuier-60503.html
110150,Mizensir,Cologne du Maté (Eau de Cologne),2019,https://www.fragrantica.com/perfume/Mizensir/Cologne-du-Mate-60504.html
110151,Mizensir,Eau de Gingembre,2015,https://www.fragrantica.com/perfume/Mizensir/Eau-de-Gingembre-39210.html
110152,Mizensir,Edition de Veronique,2015,https://www.fragrantica.com/perfume/Mizensir/Edition-de-Veronique-39212.html
110153,Mizensir,Elixir de Musc,2017,https://www.fragrantica.com/perfume/Mizensir/Elixir-de-Musc-45115.html
110154,Mizensir,Épine de Rose,2018,https://www.fragrantica.com/perfume/Mizensir/Epine-de-Rose-51495.html
110155,Mizensir,For Your Love,2019,https://www.fragrantica.com/perfume/Mizensir/For-Your-Love-60505.html
110156,Mizensir,Golden Oud,2020,https://www.fragrantica.com/perfume/Mizensir/Golden-Oud-64278.html
110157,Mizensir,Ideal Oud,2016,https://www.fragrantica.com/perfume/Mizensir/Ideal-Oud-39218.html
110158,Mizensir,Incensum,2019,https://www.fragrantica.com/perfume/Mizensir/Incensum-55343.html
110159,Mizensir,L'Envers du Paradis,2015,https://www.fragrantica.com/perfume/Mizensir/L-Envers-du-Paradis-39216.html
110160,Mizensir,L'Ombre du Lys,2015,https://www.fragrantica.com/perfume/Mizensir/L-Ombre-du-Lys-39223.html
110161,Mizensir,Legend Leather,2024,https://www.fragrantica.com/perfume/Mizensir/Legend-Leather-92673.html
110162,Mizensir,Little Bianca,2016,https://www.fragrantica.com/perfume/Mizensir/Little-Bianca-39220.html
110163,Mizensir,Lovely Alba,2019,https://www.fragrantica.com/perfume/Mizensir/Lovely-Alba-60501.html
110164,Mizensir,Luxury,2016,https://www.fragrantica.com/perfume/Mizensir/Luxury-39209.html
110165,Mizensir,Memory of the Sun,2026,https://www.fragrantica.com/perfume/Mizensir/Memory-of-the-Sun-132407.html
110166,Mizensir,Musc Eternel,2015,https://www.fragrantica.com/perfume/Mizensir/Musc-Eternel-39213.html
110167,Mizensir,Mythique Vetyver,2015,https://www.fragrantica.com/perfume/Mizensir/Mythique-Vetyver-39221.html
110168,Mizensir,Original Oud,2016,https://www.fragrantica.com/perfume/Mizensir/Original-Oud-39259.html
110169,Mizensir,Palissandre Night,2023,https://www.fragrantica.com/perfume/Mizensir/Palissandre-Night-90165.html
110170,Mizensir,Perfect Oud,2016,https://www.fragrantica.com/perfume/Mizensir/Perfect-Oud-39219.html
110171,Mizensir,Perfect Oud Extrait,2024,https://www.fragrantica.com/perfume/Mizensir/Perfect-Oud-Extrait-96319.html
110172,Mizensir,Poudre d'Or,2018,https://www.fragrantica.com/perfume/Mizensir/Poudre-d-Or-48660.html
110173,Mizensir,Rose Exaltante,2016,https://www.fragrantica.com/perfume/Mizensir/Rose-Exaltante-39258.html
110174,Mizensir,Solar Blossom,2019,https://www.fragrantica.com/perfume/Mizensir/Solar-Blossom-55263.html
110175,Mizensir,Sweet Praline,2015,https://www.fragrantica.com/perfume/Mizensir/Sweet-Praline-39222.html
110176,Mizensir,Tender Oud,2017,https://www.fragrantica.com/perfume/Mizensir/Tender-Oud-45114.html
110177,Mizensir,Tonic Water,2023,https://www.fragrantica.com/perfume/Mizensir/Tonic-Water-95097.html
110178,Mizensir,Tres Chere,2017,https://www.fragrantica.com/perfume/Mizensir/Tres-Chere-45116.html
110179,Mizensir,Vert Empire,2021,https://www.fragrantica.com/perfume/Mizensir/Vert-Empire-68508.html
110180,Mizensir,Very Musc,2019,https://www.fragrantica.com/perfume/Mizensir/Very-Musc-60506.html
110181,Mizensir,White Neroli,2015,https://www.fragrantica.com/perfume/Mizensir/White-Neroli-39214.html
110182,Mizensir,Ylang Spirit,2025,https://www.fragrantica.com/perfume/Mizensir/Ylang-Spirit-108118.html
110183,MiZNAR Essencials,Brutalist Oud,2026,https://www.fragrantica.com/perfume/MiZNAR-Essencials/Brutalist-Oud-142177.html
110184,MiZNAR Essencials,Churros,2026,https://www.fragrantica.com/perfume/MiZNAR-Essencials/Churros-142175.html
110185,MiZNAR Essencials,Garden Prime,2026,https://www.fragrantica.com/perfume/MiZNAR-Essencials/Garden-Prime-142176.html
110186,MiZNAR Essencials,Musk Massalia,2024,https://www.fragrantica.com/perfume/MiZNAR-Essencials/Musk-Massalia-96743.html
110187,MiZNAR Essencials,Musk Massalia Ultra Pure,2026,https://www.fragrantica.com/perfume/MiZNAR-Essencials/Musk-Massalia-Ultra-Pure-142179.html
110188,MiZNAR Essencials,Tobacco GMT,2026,https://www.fragrantica.com/perfume/MiZNAR-Essencials/Tobacco-GMT-142178.html
110189,Mizu,Floral Delusion,2022,https://www.fragrantica.com/perfume/Mizu/Floral-Delusion-134048.html
110190,Mizu,Monarch,,https://www.fragrantica.com/perfume/Mizu/Monarch-62346.html
110191,Mizu,Moonflower,,https://www.fragrantica.com/perfume/Mizu/Moonflower-62345.html
110192,Mizu,Palo Santo,,https://www.fragrantica.com/perfume/Mizu/Palo-Santo-62325.html
110193,Mizu,Temple,,https://www.fragrantica.com/perfume/Mizu/Temple-62348.html
110194,Mizu,Wild Vetiver,,https://www.fragrantica.com/perfume/Mizu/Wild-Vetiver-62347.html
110195,MMASI,Into Me for Men,2021,https://www.fragrantica.com/perfume/MMASI/Into-Me-for-Men-76930.html
110196,MMASI,Into Me For Women,2021,https://www.fragrantica.com/perfume/MMASI/Into-Me-For-Women-76931.html
110197,Mmoire,Ether Woods,2025,https://www.fragrantica.com/perfume/Mmoire/Ether-Woods-103725.html
110198,Mmoire,Steel Rose,2026,https://www.fragrantica.com/perfume/Mmoire/Steel-Rose-130045.html
110199,Mmoire,Sur Arize,2022,https://www.fragrantica.com/perfume/Mmoire/Sur-Arize-92441.html
110200,Moar,Phantom,,https://www.fragrantica.com/perfume/Moar/Phantom-38275.html
110201,Mochiglow,Asian Bakery,2023,https://www.fragrantica.com/perfume/Mochiglow/Asian-Bakery-106365.html
110202,Mochiglow,Banana Milk,2026,https://www.fragrantica.com/perfume/Mochiglow/Banana-Milk-139100.html
110203,Mochiglow,Bubble Tea,2023,https://www.fragrantica.com/perfume/Mochiglow/Bubble-Tea-106364.html
110204,Mochiglow,Cereal Milk,2026,https://www.fragrantica.com/perfume/Mochiglow/Cereal-Milk-123617.html
110205,Mochiglow,Cream Puff,2026,https://www.fragrantica.com/perfume/Mochiglow/Cream-Puff-139096.html
110206,Mochiglow,Grape Ramune,2024,https://www.fragrantica.com/perfume/Mochiglow/Grape-Ramune-112799.html
110207,Mochiglow,Jasmine Tea,2023,https://www.fragrantica.com/perfume/Mochiglow/Jasmine-Tea-106366.html
110208,Mochiglow,Lychee Jelly,2023,https://www.fragrantica.com/perfume/Mochiglow/Lychee-Jelly-106367.html
110209,Mochiglow,Mango Sticky Rice,2023,https://www.fragrantica.com/perfume/Mochiglow/Mango-Sticky-Rice-106368.html
110210,Mochiglow,Matcha Cloud,2023,https://www.fragrantica.com/perfume/Mochiglow/Matcha-Cloud-106532.html
110211,Mochiglow,Melon Milk,2026,https://www.fragrantica.com/perfume/Mochiglow/Melon-Milk-139099.html
110212,Mochiglow,Mooncake,2026,https://www.fragrantica.com/perfume/Mochiglow/Mooncake-126484.html
110213,Mochiglow,Pandan Cream,2026,https://www.fragrantica.com/perfume/Mochiglow/Pandan-Cream-139098.html
110214,Mochiglow,Peach Yogurt,2023,https://www.fragrantica.com/perfume/Mochiglow/Peach-Yogurt-106533.html
110215,Mochiglow,Rice Milk,2026,https://www.fragrantica.com/perfume/Mochiglow/Rice-Milk-139097.html
110216,Mochiglow,Strawberry Mochi,2023,https://www.fragrantica.com/perfume/Mochiglow/Strawberry-Mochi-106534.html
110217,Mochiglow,Taro Ice Cream,2023,https://www.fragrantica.com/perfume/Mochiglow/Taro-Ice-Cream-106535.html
110218,Mochiglow,Watermelon Soju,2023,https://www.fragrantica.com/perfume/Mochiglow/Watermelon-Soju-106536.html
110219,Mochiglow,White Rabbit,2023,https://www.fragrantica.com/perfume/Mochiglow/White-Rabbit-106537.html
110220,Mochiglow,Yuzu Passion,2023,https://www.fragrantica.com/perfume/Mochiglow/Yuzu-Passion-106538.html
110221,MOCO Fragrances,Golden Palms,2025,https://www.fragrantica.com/perfume/MOCO-Fragrances/Golden-Palms-115002.html
110222,MOCO Fragrances,Petal Rebel,2024,https://www.fragrantica.com/perfume/MOCO-Fragrances/Petal-Rebel-115003.html
110223,MOCO Fragrances,Sea Glass,2024,https://www.fragrantica.com/perfume/MOCO-Fragrances/Sea-Glass-92683.html
110224,MOCO Fragrances,Sorbet Glacé,2025,https://www.fragrantica.com/perfume/MOCO-Fragrances/Sorbet-Glace-115004.html
110225,MOCO Fragrances,Sunlit Citadels,2024,https://www.fragrantica.com/perfume/MOCO-Fragrances/Sunlit-Citadels-92684.html
110226,Modern Armorist,Black Ghost,2025,https://www.fragrantica.com/perfume/Modern-Armorist/Black-Ghost-135696.html
110227,Modern Armorist,Exotic,2021,https://www.fragrantica.com/perfume/Modern-Armorist/Exotic-106751.html
110228,Modern Armorist,Genius,2025,https://www.fragrantica.com/perfume/Modern-Armorist/Genius-135697.html
110229,Modern Armorist,Private Saffron,2021,https://www.fragrantica.com/perfume/Modern-Armorist/Private-Saffron-106752.html
110230,Modern Armorist,Pure Tonka,2021,https://www.fragrantica.com/perfume/Modern-Armorist/Pure-Tonka-106753.html
110231,Modern Armorist,TOMAHAWK,2025,https://www.fragrantica.com/perfume/Modern-Armorist/TOMAHAWK-135698.html
110232,Modern Lady 摩登红人,Geranium 天竺葵,2010,https://www.fragrantica.com/perfume/Modern-Lady-mo-deng-hong-ren/Geranium-tian-zhu-kui-33227.html
110233,Modern Lady 摩登红人,Jasmine 茉莉,2010,https://www.fragrantica.com/perfume/Modern-Lady-mo-deng-hong-ren/Jasmine-mo-li-33230.html
110234,Modern Lady 摩登红人,Lavender 薰衣草,2010,https://www.fragrantica.com/perfume/Modern-Lady-mo-deng-hong-ren/Lavender-xun-yi-cao-33231.html
110235,Modern Lady 摩登红人,Rose 玫瑰,2010,https://www.fragrantica.com/perfume/Modern-Lady-mo-deng-hong-ren/Rose-mei-gui-33232.html
110236,Modern Magic,Melted Magic,2024,https://www.fragrantica.com/perfume/Modern-Magic/Melted-Magic-95736.html
110237,Modern Magic,Midnight Magic,2024,https://www.fragrantica.com/perfume/Modern-Magic/Midnight-Magic-95737.html
110238,Modern Magic,Muse Magic,2024,https://www.fragrantica.com/perfume/Modern-Magic/Muse-Magic-95732.html
110239,Modern Magic,Naked Beauty,2024,https://www.fragrantica.com/perfume/Modern-Magic/Naked-Beauty-98632.html
110240,Modern Memory,All of Her,2024,https://www.fragrantica.com/perfume/Modern-Memory/All-of-Her-116337.html
110241,Modern Memory,Atomic Flower,2024,https://www.fragrantica.com/perfume/Modern-Memory/Atomic-Flower-116334.html
110242,Modern Memory,Brazilian Summertime,2024,https://www.fragrantica.com/perfume/Modern-Memory/Brazilian-Summertime-116335.html
110243,Modern Memory,Mystery Girl,2024,https://www.fragrantica.com/perfume/Modern-Memory/Mystery-Girl-116338.html
110244,Modern Memory,Queen Era,2025,https://www.fragrantica.com/perfume/Modern-Memory/Queen-Era-116336.html
110245,Modern Memory,Rouge Couture,2024,https://www.fragrantica.com/perfume/Modern-Memory/Rouge-Couture-116339.html
110246,Modern Peasant,Bossing Up,,https://www.fragrantica.com/perfume/Modern-Peasant/Bossing-Up-81370.html
110247,Modern Peasant,Divine Lover,,https://www.fragrantica.com/perfume/Modern-Peasant/Divine-Lover-81371.html
110248,Modern Peasant,Happy Place,,https://www.fragrantica.com/perfume/Modern-Peasant/Happy-Place-81373.html
110249,Modern Peasant,Mystery,,https://www.fragrantica.com/perfume/Modern-Peasant/Mystery-81372.html
110250,Modern Peasant,Orisha,,https://www.fragrantica.com/perfume/Modern-Peasant/Orisha-81369.html
110251,Modernist Fragrance,Geist,2018,https://www.fragrantica.com/perfume/Modernist-Fragrance/Geist-67456.html
110252,Modernist Fragrance,Nihilism,2018,https://www.fragrantica.com/perfume/Modernist-Fragrance/Nihilism-67457.html
110253,Modernist Fragrance,The Modernist,2018,https://www.fragrantica.com/perfume/Modernist-Fragrance/The-Modernist-67458.html
110254,Modigliani,Modigliani,1994,https://www.fragrantica.com/perfume/Modigliani/Modigliani-9047.html
110255,Modigliani,Paradiso,,https://www.fragrantica.com/perfume/Modigliani/Paradiso-9048.html
110256,Modigliani,Supreme,1994,https://www.fragrantica.com/perfume/Modigliani/Supreme-9491.html
110257,Modyafa,Anisati,,https://www.fragrantica.com/perfume/Modyafa/Anisati-131099.html
110258,Modyafa,Asrar Al Oud,,https://www.fragrantica.com/perfume/Modyafa/Asrar-Al-Oud-131098.html
110259,Modyafa,Azraq,,https://www.fragrantica.com/perfume/Modyafa/Azraq-131097.html
110260,Modyafa,Dahab,,https://www.fragrantica.com/perfume/Modyafa/Dahab-131106.html
110261,Modyafa,Jezzab,,https://www.fragrantica.com/perfume/Modyafa/Jezzab-131105.html
110262,Modyafa,Jinan,,https://www.fragrantica.com/perfume/Modyafa/Jinan-131107.html
110263,Modyafa,Junoon,,https://www.fragrantica.com/perfume/Modyafa/Junoon-131094.html
110264,Modyafa,Kumari,,https://www.fragrantica.com/perfume/Modyafa/Kumari-131103.html
110265,Modyafa,Malika,,https://www.fragrantica.com/perfume/Modyafa/Malika-131102.html
110266,Modyafa,Salsabil,,https://www.fragrantica.com/perfume/Modyafa/Salsabil-131100.html
110267,Modyafa,Samaa,,https://www.fragrantica.com/perfume/Modyafa/Samaa-131104.html
110268,Modyafa,Wardat Al Sabah,,https://www.fragrantica.com/perfume/Modyafa/Wardat-Al-Sabah-131101.html
110269,Modyafa,Wujdan,,https://www.fragrantica.com/perfume/Modyafa/Wujdan-131096.html
110270,MOH,Green Gravity,2024,https://www.fragrantica.com/perfume/MOH/Green-Gravity-103268.html
110271,MOH,Honeyism,2024,https://www.fragrantica.com/perfume/MOH/Honeyism-103269.html
110272,MOH,Innocuous Oud,2024,https://www.fragrantica.com/perfume/MOH/Innocuous-Oud-103270.html
110273,MOH,London Lover,2024,https://www.fragrantica.com/perfume/MOH/London-Lover-103271.html
110274,MOH,Quixotic,2024,https://www.fragrantica.com/perfume/MOH/Quixotic-103266.html
110275,MOH,Rose Dose,2024,https://www.fragrantica.com/perfume/MOH/Rose-Dose-103265.html
110276,MOH,Tobac,2024,https://www.fragrantica.com/perfume/MOH/Tobac-103267.html
110277,Mohammadreza Kazemian,Beige Satin,2021,https://www.fragrantica.com/perfume/Mohammadreza-Kazemian/Beige-Satin-89404.html
110278,Mohammadreza Kazemian,Khalij 626,2019,https://www.fragrantica.com/perfume/Mohammadreza-Kazemian/Khalij-626-89402.html
110279,Mohammadreza Kazemian,Khatoon,2019,https://www.fragrantica.com/perfume/Mohammadreza-Kazemian/Khatoon-89400.html
110280,Mohammadreza Kazemian,Like Father Like Son,2019,https://www.fragrantica.com/perfume/Mohammadreza-Kazemian/Like-Father-Like-Son-89396.html
110281,Mohammadreza Kazemian,Night in Yazd,2020,https://www.fragrantica.com/perfume/Mohammadreza-Kazemian/Night-in-Yazd-89399.html
110282,Mohammadreza Kazemian,Oud Collection No 3,2020,https://www.fragrantica.com/perfume/Mohammadreza-Kazemian/Oud-Collection-No-3-101024.html
110283,Mohammadreza Kazemian,Silvertail,2023,https://www.fragrantica.com/perfume/Mohammadreza-Kazemian/Silvertail-89405.html
110284,Mohammadreza Kazemian,Sweet Delusion,2020,https://www.fragrantica.com/perfume/Mohammadreza-Kazemian/Sweet-Delusion-89401.html
110285,Mohammadreza Kazemian,Taboo With Makeup,2019,https://www.fragrantica.com/perfume/Mohammadreza-Kazemian/Taboo-With-Makeup-89403.html
110286,Mohammed Alkubaisi Perfumes,Enkidu,2026,https://www.fragrantica.com/perfume/Mohammed-Alkubaisi-Perfumes/Enkidu-132862.html
110287,Mohammed Alkubaisi Perfumes,Gilgamesh,2026,https://www.fragrantica.com/perfume/Mohammed-Alkubaisi-Perfumes/Gilgamesh-132861.html
110288,Moi Aussi,Dulcamara,2023,https://www.fragrantica.com/perfume/Moi-Aussi/Dulcamara-90284.html
110289,Moi Aussi,Vaneva,2025,https://www.fragrantica.com/perfume/Moi-Aussi/Vaneva-104598.html
110290,Moire Roma,Atropo,,https://www.fragrantica.com/perfume/Moire-Roma/Atropo-139789.html
110291,Moire Roma,Clelia,2026,https://www.fragrantica.com/perfume/Moire-Roma/Clelia-139790.html
110292,Moire Roma,Cloto,2026,https://www.fragrantica.com/perfume/Moire-Roma/Cloto-139791.html
110293,Moire Roma,Enea,2026,https://www.fragrantica.com/perfume/Moire-Roma/Enea-139793.html
110294,Moire Roma,Hybris,2026,https://www.fragrantica.com/perfume/Moire-Roma/Hybris-139794.html
110295,Moire Roma,Làchesi,2026,https://www.fragrantica.com/perfume/Moire-Roma/Lachesi-139795.html
110296,Moire Roma,Nettuno,2026,https://www.fragrantica.com/perfume/Moire-Roma/Nettuno-139796.html
110297,Moire Roma,Sweet Cupid,2026,https://www.fragrantica.com/perfume/Moire-Roma/Sweet-Cupid-139797.html
110298,Moire Roma,Sweet Venus,2026,https://www.fragrantica.com/perfume/Moire-Roma/Sweet-Venus-139798.html
110299,Moire Roma,Temi,2026,https://www.fragrantica.com/perfume/Moire-Roma/Temi-139799.html
110300,Moire Roma,Voluptas,2026,https://www.fragrantica.com/perfume/Moire-Roma/Voluptas-139800.html
110301,Moire Roma,Zeus,2026,https://www.fragrantica.com/perfume/Moire-Roma/Zeus-139801.html
110302,Mojo,Be Candy,2008,https://www.fragrantica.com/perfume/Mojo/Be-Candy-4392.html
110303,Mojo,Be Different,2008,https://www.fragrantica.com/perfume/Mojo/Be-Different-4393.html
110304,Mojo,Be Glamouros,2008,https://www.fragrantica.com/perfume/Mojo/Be-Glamouros-4390.html
110305,Mojo,Be Magic,2008,https://www.fragrantica.com/perfume/Mojo/Be-Magic-4394.html
110306,Mojo,Be Sexy,2008,https://www.fragrantica.com/perfume/Mojo/Be-Sexy-4391.html
110307,Mojo,Be Wild,,https://www.fragrantica.com/perfume/Mojo/Be-Wild-34767.html
110308,Mojo,LIVE NOW Inspired by Berlin,2011,https://www.fragrantica.com/perfume/Mojo/LIVE-NOW-Inspired-by-Berlin-12942.html
110309,Mojo,LIVE NOW Inspired by Buenos Aires,2010,https://www.fragrantica.com/perfume/Mojo/LIVE-NOW-Inspired-by-Buenos-Aires-10351.html
110310,Mojo,LIVE NOW Inspired by New York,2010,https://www.fragrantica.com/perfume/Mojo/LIVE-NOW-Inspired-by-New-York-10352.html
110311,Mojo,LIVE NOW Inspired by Paris,2010,https://www.fragrantica.com/perfume/Mojo/LIVE-NOW-Inspired-by-Paris-10354.html
110312,Mojo,LIVE NOW Inspired by Shanghai,2010,https://www.fragrantica.com/perfume/Mojo/LIVE-NOW-Inspired-by-Shanghai-10353.html
110313,MojoMagique,Belle,2015,https://www.fragrantica.com/perfume/MojoMagique/Belle-35544.html
110314,MojoMagique,Magique,,https://www.fragrantica.com/perfume/MojoMagique/Magique-20599.html
110315,MojoMagique,Pixie Rose,2015,https://www.fragrantica.com/perfume/MojoMagique/Pixie-Rose-35546.html
110316,MojoMagique,Seer,2015,https://www.fragrantica.com/perfume/MojoMagique/Seer-35545.html
110317,MojoMagique,Voodoo Child,2015,https://www.fragrantica.com/perfume/MojoMagique/Voodoo-Child-35543.html
110318,Mokib Parfums,Ambrato Oud,2025,https://www.fragrantica.com/perfume/Mokib-Parfums/Ambrato-Oud-105580.html
110319,Mokoto,Cinis Cinerum,2020,https://www.fragrantica.com/perfume/Mokoto/Cinis-Cinerum-67509.html
110320,Mokoto,Domus Tenebrosa,2020,https://www.fragrantica.com/perfume/Mokoto/Domus-Tenebrosa-67506.html
110321,Mokoto,Natura Medicinae,2020,https://www.fragrantica.com/perfume/Mokoto/Natura-Medicinae-67505.html
110322,Mokoto,Rosa Alba,2020,https://www.fragrantica.com/perfume/Mokoto/Rosa-Alba-67507.html
110323,Mokoto,Rosa Rubea,2020,https://www.fragrantica.com/perfume/Mokoto/Rosa-Rubea-67508.html
110324,Mokoto,Solutio Perfecta,2020,https://www.fragrantica.com/perfume/Mokoto/Solutio-Perfecta-67511.html
110325,Molinard,160,2009,https://www.fragrantica.com/perfume/Molinard/160-6232.html
110326,Molinard,1849 Collection Iles D'Or,2007,https://www.fragrantica.com/perfume/Molinard/1849-Collection-Iles-D-Or-10080.html
110327,Molinard,À Corps Cuivré,2023,https://www.fragrantica.com/perfume/Molinard/A-Corps-Cuivre-85336.html
110328,Molinard,Acqua Lotus,2014,https://www.fragrantica.com/perfume/Molinard/Acqua-Lotus-24878.html
110329,Molinard,Ambre Eau de Parfum,2015,https://www.fragrantica.com/perfume/Molinard/Ambre-Eau-de-Parfum-41894.html
110330,Molinard,Ambre (Eau de Toilette),,https://www.fragrantica.com/perfume/Molinard/Ambre-6221.html
110331,Molinard,Ambre Lumiere,2014,https://www.fragrantica.com/perfume/Molinard/Ambre-Lumiere-24880.html
110332,Molinard,Autour de la Vanille Reglisse,1990,https://www.fragrantica.com/perfume/Molinard/Autour-de-la-Vanille-Reglisse-41439.html
110333,Molinard,Autour du Thé Classique,,https://www.parfumo.com/Perfumes/Molinard/Autour_du_The_Classique
110334,Molinard,Bambou,2023,https://www.fragrantica.com/perfume/Molinard/Bambou-83190.html
110335,Molinard,Bel Air,2019,https://www.fragrantica.com/perfume/Molinard/Bel-Air-54454.html
110336,Molinard,Bois Fleuri,2007,https://www.fragrantica.com/perfume/Molinard/Bois-Fleuri-6222.html
110337,Molinard,Brise du Harem,,https://www.parfumo.com/Perfumes/Molinard/Brise_du_Harem
110338,Molinard,Brise Rivièra,,https://www.parfumo.com/Perfumes/Molinard/Brise_Riviera
110339,Molinard,Calendal,,https://www.parfumo.com/Perfumes/Molinard/Calendal
110340,Molinard,Campus,2022,https://www.fragrantica.com/perfume/Molinard/Campus-75864.html
110341,Molinard,Campus (Eau de Parfum),2015,https://www.fragrantica.com/perfume/Molinard/Campus-31815.html
110342,Molinard,Campus pour Elle,2010,https://www.parfumo.com/Perfumes/Molinard/Campus_pour_Elle
110343,Molinard,Caramel-Pain d'Epices,1989,https://www.parfumo.com/Perfumes/Molinard/caramel-pain-d-epices
110344,Molinard,Cariño,,https://www.parfumo.com/Perfumes/Molinard/Cario
110345,Molinard,Cher Wood,2014,https://www.fragrantica.com/perfume/Molinard/Cher-Wood-24881.html
110346,Molinard,Chocolat-Menthe,1999,https://www.parfumo.com/Perfumes/Molinard/ChocolatMenthe
110347,Molinard,Chypre Charnel,2015,https://www.fragrantica.com/perfume/Molinard/Chypre-Charnel-32714.html
110348,Molinard,Chypre d'Orient,2007,https://www.fragrantica.com/perfume/Molinard/Chypre-d-Orient-4921.html
110349,Molinard,Citrus Noir,2019,https://www.fragrantica.com/perfume/Molinard/Citrus-Noir-58512.html
110350,Molinard,Cloches de Noël Christmas Bells / Xmas Bells,,https://www.parfumo.com/Perfumes/Molinard/Cloches_de_Noel_Christmas_Bells_Xmas_Bells
110351,Molinard,Cloches de Pâques Easter-Bells,,https://www.parfumo.com/Perfumes/Molinard/Cloches_de_Paques_Easter_Bells
110352,Molinard,Cologne France (Eau de Cologne),1949,https://www.fragrantica.com/perfume/Molinard/Cologne-France-22837.html
110353,Molinard,Cuir Eau de Parfum,2015,https://www.fragrantica.com/perfume/Molinard/Cuir-Eau-de-Parfum-36670.html
110354,Molinard,Double Fraîcheur,2000,https://www.fragrantica.com/perfume/Molinard/Double-Fraicheur-25569.html
110355,Molinard,Double Fraîcheur pour Lui,2000,https://www.fragrantica.com/perfume/Molinard/Double-Fraicheur-pour-Lui-3935.html
110356,Molinard,Eau de,2011,https://www.parfumo.com/Perfumes/Molinard/Eau_de_Molinard
110357,Molinard,Eau de Citrus,2007,https://www.fragrantica.com/perfume/Molinard/Eau-de-Citrus-6224.html
110358,Molinard,Eau de Molinard,2011,https://www.fragrantica.com/perfume/Molinard/Eau-de-Molinard-12194.html
110359,Molinard,Eau de Verveine,2005,https://www.fragrantica.com/perfume/Molinard/Eau-de-Verveine-25570.html
110360,Molinard,Eau Fraîche,1992,https://www.fragrantica.com/perfume/Molinard/Eau-Fraiche-19375.html
110361,Molinard,Écoute Moi (Eau de Parfum),2007,https://www.fragrantica.com/perfume/Molinard/Ecoute-Moi-9318.html
110362,Molinard,Écoute-Moi Molinard Eau de Toilette,,https://www.parfumo.com/Perfumes/Molinard/Ecoute_moi
110363,Molinard,Essence Lilas,,https://www.parfumo.com/Perfumes/Molinard/Essence_Lilas
110364,Molinard,Essence Muguet,,https://www.parfumo.com/Perfumes/Molinard/Essence_Muguet
110365,Molinard,Essence Musc,,https://www.parfumo.com/Perfumes/Molinard/essence-musc
110366,Molinard,Essence Rose Cristallisée,,https://www.parfumo.com/Perfumes/Molinard/essence-rose-cristallisee
110367,Molinard,Extrait Double - Eau de Cologne France,,https://www.parfumo.com/Perfumes/Molinard/Extrait_Double_Eau_de_Cologne_France
110368,Molinard,Extrait Double - Eau de Cologne Vetiver,,https://www.parfumo.com/Perfumes/Molinard/Extrait_Double_Eau_de_Cologne_Vetiver
110369,Molinard,Feuilles de Rose,2003,https://www.fragrantica.com/perfume/Molinard/Feuilles-de-Rose-25571.html
110370,Molinard,Figue,2015,https://www.fragrantica.com/perfume/Molinard/Figue-31816.html
110371,Molinard,Figue Eau de Parfum,2016,https://www.fragrantica.com/perfume/Molinard/Figue-Eau-de-Parfum-41700.html
110372,Molinard,Fleur d'Oranger,2015,https://www.fragrantica.com/perfume/Molinard/Fleur-d-Oranger-31817.html
110373,Molinard,Fleur d'Oranger Eau de Parfum,2017,https://www.fragrantica.com/perfume/Molinard/Fleur-d-Oranger-Eau-de-Parfum-44285.html
110374,Molinard,Fleur d'Oranger Molinard 2019 Concréta,2019,https://www.parfumo.com/Perfumes/Molinard/fleur-d-oranger-2019-concreta
110375,Molinard,Fleur de Chocolat,2008,https://www.fragrantica.com/perfume/Molinard/Fleur-de-Chocolat-3207.html
110376,Molinard,Fleur de Figuier,1999,https://www.fragrantica.com/perfume/Molinard/Fleur-de-Figuier-3936.html
110377,Molinard,Fleurettes,,https://www.parfumo.com/Perfumes/Molinard/Fleurettes
110378,Molinard,Gardenia de,2005,https://www.parfumo.com/Perfumes/Molinard/Gardenia_de_Molinard
110379,Molinard,Gingembre,2019,https://www.fragrantica.com/perfume/Molinard/Gingembre-58511.html
110380,Molinard,Habanita Anniversary Edition,2021,https://www.fragrantica.com/perfume/Molinard/Habanita-Anniversary-Edition-66355.html
110381,Molinard,Habanita Cent Ans Edition Anniversaire,,https://www.parfumo.com/Perfumes/Molinard/habanita-cent-ans-edition-anniversaire
110382,Molinard,Habanita Eau de Parfum,2012,https://www.fragrantica.com/perfume/Molinard/Habanita-Eau-de-Parfum-14676.html
110383,Molinard,Habanita (Eau de Toilette),1921,https://www.fragrantica.com/perfume/Molinard/Habanita-3934.html
110384,Molinard,Habanita Edition Anniversaire 2021,2021,https://huggingface.co/datasets/doevent/perfume
110385,Molinard,Habanita Édition Privée Molinard 2009 Eau de Parfum,2009,https://www.parfumo.com/Perfumes/Molinard/habanita-edition-privee-eau-de-parfum
110386,Molinard,Habanita Exclusive Edition,2019,https://www.fragrantica.com/perfume/Molinard/Habanita-Exclusive-Edition-54402.html
110387,Molinard,Habanita L'Esprit,2013,https://www.fragrantica.com/perfume/Molinard/Habanita-L-Esprit-18296.html
110388,Molinard,Habanita La Cologne (Eau de Cologne),2016,https://www.fragrantica.com/perfume/Molinard/Habanita-La-Cologne-37662.html
110389,Molinard,Habanita Molinard 1924 Eau de Cologne,1924,https://www.parfumo.com/Perfumes/Molinard/Habanita_1924_Eau_de_Cologne_70
110390,Molinard,Habanita Molinard 1924 Essence,1924,https://www.parfumo.com/Perfumes/Molinard/Habanita_1924_Essence
110391,Molinard,Habanita Molinard 1924 Parfum,1924,https://www.parfumo.com/Perfumes/Molinard/Habanita_1924_Parfum
110392,Molinard,Habanita Molinard 1988 Parfum,1988,https://www.parfumo.com/Perfumes/Molinard/Habanita_1988_Parfum
110393,Molinard,Habanita Molinard 2019 Concréta,2019,https://www.parfumo.com/Perfumes/Molinard/habanita-2019-concreta
110394,Molinard,Habanita Molinard 2021 Brume Cheveux,2021,https://www.parfumo.com/Perfumes/Molinard/habanita-brume-cheveux
110395,Molinard,Habanita X Marie Guillard,2021,https://www.fragrantica.com/perfume/Molinard/Habanita-X-Marie-Guillard-68888.html
110396,Molinard,Heliotrope,1849,https://www.fragrantica.com/perfume/Molinard/Heliotrope-19373.html
110397,Molinard,Héliotrope,2015,https://www.fragrantica.com/perfume/Molinard/Heliotrope-37894.html
110398,Molinard,Iles D'Or,1929,https://www.fragrantica.com/perfume/Molinard/Iles-D-Or-10081.html
110399,Molinard,Iles d'Or,2022,https://www.fragrantica.com/perfume/Molinard/Iles-d-Or-75863.html
110400,Molinard,Iles d'Or Les Iscles d'Or Molinard 1929 Concréta,1929,https://www.parfumo.com/Perfumes/Molinard/Iles_d_Or_Les_Iscles_d_Or_1929_Concreta
110401,Molinard,Iles d'Or Les Iscles d'Or Molinard 1929 Eau de Toilette,1929,https://www.parfumo.com/Perfumes/Molinard/Iles_d_Or_Les_Iscles_d_Or_1929_Eau_de_Toilette
110402,Molinard,Iles d'Or Les Iscles d'Or Molinard 1929 Parfum,1929,https://www.parfumo.com/Perfumes/Molinard/Iles_d_Or_Les_Iscles_d_Or_1929_Parfum
110403,Molinard,Œillet Malmaison,,https://www.parfumo.com/Perfumes/Molinard/Oeillet_Malmaison
110404,Molinard,Iris Ardent,2024,https://www.fragrantica.com/perfume/Molinard/Iris-Ardent-98108.html
110405,Molinard,Iris Eau de Parfum,2024,https://www.fragrantica.com/perfume/Molinard/Iris-Eau-de-Parfum-91707.html
110406,Molinard,Jasmin Eau de Parfum,2015,https://www.fragrantica.com/perfume/Molinard/Jasmin-Eau-de-Parfum-31836.html
110407,Molinard,Jasmin (Eau de Toilette),2015,https://www.fragrantica.com/perfume/Molinard/Jasmin-30428.html
110408,Molinard,Jasmin Molinard 1860 Eau de Cologne,1860,https://www.parfumo.com/Perfumes/Molinard/Jasmin_Eau_de_Cologne
110409,Molinard,Jasmin Molinard 1860 Eau de Toilette,1860,https://www.parfumo.com/Perfumes/Molinard/Jasmin
110410,Molinard,Jasmin Molinard Concréta,,https://www.parfumo.com/Perfumes/Molinard/jasmin-concreta
110411,Molinard,L'Extrait de Lavande de Bonne Maman,,https://www.parfumo.com/Perfumes/Molinard/l-extrait-de-lavande-de-bonne-maman
110412,Molinard,L'Œillet Œillet Molinard Extrait,,https://www.parfumo.com/Perfumes/Molinard/l-oeillet-oeillet-extrait
110413,Molinard,L'Œillet Molinard Eau de Cologne,,https://www.parfumo.com/Perfumes/Molinard/l-oeillet-eau-de-cologne
110414,Molinard,La Collection Privée - Acqua Lotus,2014,https://www.parfumo.com/Perfumes/Molinard/La_Collection_Privee_Acqua_Lotus
110415,Molinard,La Collection Privée - Ambré Lumière,2014,https://www.parfumo.com/Perfumes/Molinard/La_Collection_Privee_Ambre_Lumiere
110416,Molinard,La Collection Privée - Cher Wood,2014,https://www.parfumo.com/Perfumes/Molinard/La_Collection_Privee_Cher_Wood
110417,Molinard,La Collection Privèe - Rose Émois,2014,https://www.parfumo.com/Perfumes/Molinard/La_Collection_Privee_Rose_Emois
110418,Molinard,La Collection Privée - Secret Sucré,2014,https://www.parfumo.com/Perfumes/Molinard/La_Collection_Privee_Secret_Sucre
110419,Molinard,Lavande,1999,https://www.fragrantica.com/perfume/Molinard/Lavande-6258.html
110420,Molinard,Lavande Eau de Parfum,2018,https://www.fragrantica.com/perfume/Molinard/Lavande-Eau-de-Parfum-49704.html
110421,Molinard,Lavande (Eau de Toilette),1996,https://www.fragrantica.com/perfume/Molinard/Lavande-6239.html
110422,Molinard,Le Baiser du Faune,1929,https://www.fragrantica.com/perfume/Molinard/Le-Baiser-du-Faune-99270.html
110423,Molinard,Le Lilas,,https://www.parfumo.com/Perfumes/Molinard/le-lilas
110424,Molinard,Le Parfum des Parfums,,https://www.parfumo.com/Perfumes/Molinard/Le_Parfum_des_Parfums
110425,Molinard,Le Parisien,,https://www.parfumo.com/Perfumes/Molinard/Le_Parisien
110426,Molinard,Le Rêve Nirmala,2017,https://www.fragrantica.com/perfume/Molinard/Le-Reve-Nirmala-43334.html
110427,Molinard,Les Amoureux de Peynet,2017,https://www.fragrantica.com/perfume/Molinard/Les-Amoureux-de-Peynet-44113.html
110428,Molinard,Les Cherubins Les 3 Bebes,,https://www.parfumo.com/Perfumes/Molinard/Les_Cherubins_Les_3_Bebes
110429,Molinard,Les Fleurs de Provence - Fleur de Figuier,1999,https://www.parfumo.com/Perfumes/Molinard/Fleur_de_Figuier
110430,Molinard,Les Fleurs de Provence - Iris,1993,https://www.parfumo.com/Perfumes/Molinard/Les_Fleurs_de_Provence_Iris
110431,Molinard,Les Fleurs de Provence - Lavande,,https://www.parfumo.com/Perfumes/Molinard/Les_Fleurs_de_Provence__Lavande
110432,Molinard,Les Fleurs Fleur De Figuer,1999,https://www.fragrantica.com/perfume/Molinard/Les-Fleurs-Fleur-De-Figuer-6223.html
110433,Molinard,Les Fleurs Jasmin,1994,https://www.fragrantica.com/perfume/Molinard/Les-Fleurs-Jasmin-6238.html
110434,Molinard,Les Fleurs Mimosa,1994,https://www.fragrantica.com/perfume/Molinard/Les-Fleurs-Mimosa-6240.html
110435,Molinard,Les Fleurs Rose,1994,https://www.fragrantica.com/perfume/Molinard/Les-Fleurs-Rose-6250.html
110436,Molinard,Les Fleurs Violette,1994,https://www.fragrantica.com/perfume/Molinard/Les-Fleurs-Violette-6242.html
110437,Molinard,Les Orientaux: Vanille Patchouli,1998,https://www.fragrantica.com/perfume/Molinard/Les-Orientaux-Vanille-Patchouli-6257.html
110438,Molinard,Les Senteurs - Badiane,,https://www.parfumo.com/Perfumes/Molinard/Les_Senteurs__Badiane
110439,Molinard,Les Senteurs - Bois Précieux,,https://www.parfumo.com/Perfumes/Molinard/les-senteurs-bois-precieux
110440,Molinard,Les Senteurs Clementine,1993,https://www.fragrantica.com/perfume/Molinard/Les-Senteurs-Clementine-45920.html
110441,Molinard,Les Senteurs - Lys,,https://www.parfumo.com/Perfumes/Molinard/Les_Senteurs__Lys
110442,Molinard,Les Senteurs Mure,1993,https://www.fragrantica.com/perfume/Molinard/Les-Senteurs-Mure-45919.html
110443,Molinard,Les Violettes du Loup,,https://www.parfumo.com/Perfumes/Molinard/Les_Violettes_du_Loup
110444,Molinard,Lutchou,,https://www.parfumo.com/Perfumes/Molinard/Lutchou
110445,Molinard,Lys,1999,https://www.fragrantica.com/perfume/Molinard/Lys-19168.html
110446,Molinard,M M M 2 M Molinard 2004 Eau de Toilette,2004,https://www.parfumo.com/Perfumes/Molinard/m-m-eau-de-toilette-m-2-m
110447,Molinard,M M Molinard 2015 Eau de Parfum,2015,https://www.parfumo.com/Perfumes/Molinard/m-m-2015
110448,Molinard,M M Molinard 2022 Eau de Parfum,2022,https://www.parfumo.com/Perfumes/Molinard/m-m-2022-eau-de-parfum
110449,Molinard,Madrigal (Eau de Parfum),2022,https://www.fragrantica.com/perfume/Molinard/Madrigal-75867.html
110450,Molinard,Madrigal Molinard 1930 Eau de Toilette,1930,https://www.parfumo.com/Perfumes/Molinard/Madrigal
110451,Molinard,Madrigal (Parfum),1935,https://www.fragrantica.com/perfume/Molinard/Madrigal-19370.html
110452,Molinard,Méditerranée,2020,https://www.fragrantica.com/perfume/Molinard/Mediterranee-59730.html
110453,Molinard,Mimosa,1860,https://www.parfumo.com/Perfumes/Molinard/Mimosa
110454,Molinard,Mirea (Eau de Parfum),2022,https://www.fragrantica.com/perfume/Molinard/Mirea-75866.html
110455,Molinard,Mirea (Eau de Toilette),2007,https://www.fragrantica.com/perfume/Molinard/Mirea-9347.html
110456,Molinard,Miss de Molinard,,https://www.fragrantica.com/perfume/Molinard/Miss-de-Molinard-45547.html
110457,Molinard,Miss Habanita,1994,https://www.fragrantica.com/perfume/Molinard/Miss-Habanita-9754.html
110458,Molinard,Miss Habanita Miss Molinard Molinard 1994 Eau de Toilette,1994,https://www.parfumo.com/Perfumes/Molinard/Miss_Habanita_Miss_Molinard
110459,Molinard,Miss Molinard 2015 Eau de Parfum,2015,https://www.parfumo.com/Perfumes/Molinard/Miss_Eau_de_Parfum
110460,Molinard,Miss Molinard 2015 Eau de Toilette,2015,https://www.parfumo.com/Perfumes/Molinard/Miss_Eau_de_Toilette
110461,Molinard,MM,2004,https://www.fragrantica.com/perfume/Molinard/MM-19372.html
110462,Molinard,MM,2022,https://www.fragrantica.com/perfume/Molinard/MM-75868.html
110463,Molinard,Molinard,1951,https://www.parfumo.com/Perfumes/Molinard/55
110464,Molinard,Molinard,2009,https://www.parfumo.com/Perfumes/Molinard/160
110465,Molinard,Molinard de Molinard (Eau de Toilette),2017,https://www.fragrantica.com/perfume/Molinard/Molinard-de-Molinard-47547.html
110466,Molinard,Molinard de Molinard Molinard 1979 Eau de Toilette,1979,https://www.parfumo.com/Perfumes/Molinard/Molinard_de_Molinard_Eau_de_Toilette
110467,Molinard,Molinard de Molinard Molinard 1979 Parfum,1979,https://www.parfumo.com/Perfumes/Molinard/Molinard_de_Molinard_Parfum
110468,Molinard,Molinard de Molinard (Parfum),1979,https://www.fragrantica.com/perfume/Molinard/Molinard-de-Molinard-3933.html
110469,Molinard,Molinard Homme I,1996,https://www.fragrantica.com/perfume/Molinard/Molinard-Homme-I-6225.html
110470,Molinard,Molinard Homme II,1996,https://www.fragrantica.com/perfume/Molinard/Molinard-Homme-II-6226.html
110471,Molinard,Molinard Homme III,1996,https://www.fragrantica.com/perfume/Molinard/Molinard-Homme-III-6227.html
110472,Molinard,Muguet,1994,https://www.fragrantica.com/perfume/Molinard/Muguet-19374.html
110473,Molinard,Muguet Eau de Parfum,2015,https://www.fragrantica.com/perfume/Molinard/Muguet-Eau-de-Parfum-44114.html
110474,Molinard,Muguet (Eau de Toilette),1999,https://www.fragrantica.com/perfume/Molinard/Muguet-6261.html
110475,Molinard,Mure,1993,https://www.fragrantica.com/perfume/Molinard/Mure-6241.html
110476,Molinard,Musc Eau de Parfum,2015,https://www.fragrantica.com/perfume/Molinard/Musc-Eau-de-Parfum-31837.html
110477,Molinard,Musc (Eau de Toilette),1995,https://www.fragrantica.com/perfume/Molinard/Musc-6246.html
110478,Molinard,Musc et Fruits,2003,https://www.fragrantica.com/perfume/Molinard/Musc-et-Fruits-12938.html
110479,Molinard,N° 48 Brahms Metz,,https://www.parfumo.com/Perfumes/Molinard/N_48_Brahms_Metz
110480,Molinard,Namiko Molinard Eau de Cologne,,https://www.parfumo.com/Perfumes/Molinard/Namiko_Eau_de_Cologne
110481,Molinard,Namiko Molinard Parfum,,https://www.parfumo.com/Perfumes/Molinard/Namiko_Parfum
110482,Molinard,Narcisse d'Or,,https://www.parfumo.com/Perfumes/Molinard/Narcisse_d_Or
110483,Molinard,Nirmala Baccarat Edition 2015,2015,https://www.fragrantica.com/perfume/Molinard/Nirmala-Baccarat-Edition-2015-30955.html
110484,Molinard,Nirmala (Eau de Parfum),1955,https://www.fragrantica.com/perfume/Molinard/Nirmala-6228.html
110485,Molinard,Nirmala Limited Edition,2011,https://www.fragrantica.com/perfume/Molinard/Nirmala-Limited-Edition-16239.html
110486,Molinard,Nirmala Molinard 1955 Eau de Toilette,1955,https://www.parfumo.com/Perfumes/Molinard/nirmala-eau-de-toilette
110487,Molinard,Nirmala Molinard Concréta,,https://www.parfumo.com/Perfumes/Molinard/nirmala-concreta
110488,Molinard,Nirmala (Parfum),2017,https://www.fragrantica.com/perfume/Molinard/Nirmala-43470.html
110489,Molinard,Nos Fleurs,,https://www.parfumo.com/Perfumes/Molinard/Nos_Fleurs
110490,Molinard,Notre Lavande,,https://www.parfumo.com/Perfumes/Molinard/Notre_Lavande
110491,Molinard,Orange Cannelle,1993,https://www.fragrantica.com/perfume/Molinard/Orange-Cannelle-6243.html
110492,Molinard,Orval Molinard 1900 Parfum,1900,https://www.parfumo.com/Perfumes/Molinard/orval-parfum
110493,Molinard,Orval Molinard Eau de Cologne,,https://www.parfumo.com/Perfumes/Molinard/orval-eau-de-cologne
110494,Molinard,Osmanthus Eau de Parfum,2021,https://www.fragrantica.com/perfume/Molinard/Osmanthus-Eau-de-Parfum-64814.html
110495,Molinard,Oud Magnetique,2017,https://www.fragrantica.com/perfume/Molinard/Oud-Magnetique-46664.html
110496,Molinard,Patchouli,2015,https://www.fragrantica.com/perfume/Molinard/Patchouli-30431.html
110497,Molinard,Patchouli Eau de Parfum,2015,https://www.fragrantica.com/perfume/Molinard/Patchouli-Eau-de-Parfum-31838.html
110498,Molinard,Patchouli (Eau de Toilette),1999,https://www.fragrantica.com/perfume/Molinard/Patchouli-6252.html
110499,Molinard,Patchouli Intense,2010,https://www.fragrantica.com/perfume/Molinard/Patchouli-Intense-10812.html
110500,Molinard,Patchouli Intense,2015,https://www.fragrantica.com/perfume/Molinard/Patchouli-Intense-31839.html
110501,Molinard,Patchouli Molinard Concréta,,https://www.parfumo.com/Perfumes/Molinard/patchouli-concreta
110502,Molinard,Pêche de Vigne,1993,https://www.fragrantica.com/perfume/Molinard/Peche-de-Vigne-6244.html
110503,Molinard,Rafale Molinard 1975 Parfum de Toilette (Eau de Parfum),1975,https://www.parfumo.com/Perfumes/Molinard/Rafale_Parfum_de_Toilette
110504,Molinard,Rafale (Parfum),1977,https://www.fragrantica.com/perfume/Molinard/Rafale-21872.html
110505,Molinard,Rafale Rafale pour Homme Molinard 1980 After-Shave,1980,https://www.parfumo.com/Perfumes/Molinard/Rafale_Rafale_pour_Homme_After_Shave
110506,Molinard,Rafale Rafale pour Homme Molinard 1980 Eau de Toilette,1980,https://www.parfumo.com/Perfumes/Molinard/Rafale_Rafale_pour_Homme_Eau_de_Toilette
110507,Molinard,Rose Eau de Parfum,2015,https://www.fragrantica.com/perfume/Molinard/Rose-Eau-de-Parfum-42217.html
110508,Molinard,Rose (Eau de Toilette),2015,https://www.fragrantica.com/perfume/Molinard/Rose-30429.html
110509,Molinard,Rose Émois,2014,https://www.fragrantica.com/perfume/Molinard/Rose-Emois-24879.html
110510,Molinard,Rose Molinard 1860 Eau de Toilette,1860,https://www.parfumo.com/Perfumes/Molinard/Rose
110511,Molinard,Rose Molinard Concréta,,https://www.parfumo.com/Perfumes/Molinard/rose-concreta
110512,Molinard,Rose Turkia,2014,https://www.fragrantica.com/perfume/Molinard/Rose-Turkia-37892.html
110513,Molinard,Rose Turkia,2015,https://www.fragrantica.com/perfume/Molinard/Rose-Turkia-37893.html
110514,Molinard,Santal Insolent,2020,https://www.fragrantica.com/perfume/Molinard/Santal-Insolent-64220.html
110515,Molinard,Secret Sucré,2014,https://www.fragrantica.com/perfume/Molinard/Secret-Sucre-24882.html
110516,Molinard,Sketch,1963,https://www.parfumo.com/Perfumes/Molinard/Sketch
110517,Molinard,Soir d'Italie,,https://www.parfumo.com/Perfumes/Molinard/Soir_d_Italie
110518,Molinard,Tabatchin,,https://www.parfumo.com/Perfumes/Molinard/Tabatchin
110519,Molinard,Teck (Apres Rasage) (After Shave),1989,https://www.parfumo.com/Perfumes/Molinard/Teck_Apres_Rasage
110520,Molinard,Teck (Eau de Toilette),1989,https://www.fragrantica.com/perfume/Molinard/Teck-19369.html
110521,Molinard,Teck Molinard 2015 Eau de Parfum,2015,https://www.parfumo.com/Perfumes/Molinard/Teck_Eau_de_Parfum
110522,Molinard,Tendre Friandise,2003,https://www.fragrantica.com/perfume/Molinard/Tendre-Friandise-10780.html
110523,Molinard,Thé Basilic,2019,https://www.fragrantica.com/perfume/Molinard/The-Basilic-58510.html
110524,Molinard,Trance,,https://www.parfumo.com/Perfumes/Molinard/Trance
110525,Molinard,Tubéreuse Vertigineuse,2015,https://www.fragrantica.com/perfume/Molinard/Tubereuse-Vertigineuse-32715.html
110526,Molinard,Un Air,2007,https://www.fragrantica.com/perfume/Molinard/Un-Air-31818.html
110527,Molinard,Un Air d'Habanita,2000,https://www.fragrantica.com/perfume/Molinard/Un-Air-d-Habanita-12939.html
110528,Molinard,Un Air de,1955,https://www.parfumo.com/Perfumes/Molinard/Un_Air_de_Molinard
110529,Molinard,Un Air de,2015,https://www.parfumo.com/Perfumes/Molinard/Un_Air_de_Molinard_2015
110530,Molinard,Une Histoire de Chypre,2007,https://www.fragrantica.com/perfume/Molinard/Une-Histoire-de-Chypre-3937.html
110531,Molinard,Une Souris Verte,2002,https://www.fragrantica.com/perfume/Molinard/Une-Souris-Verte-3999.html
110532,Molinard,Vanille,2015,https://www.fragrantica.com/perfume/Molinard/Vanille-30430.html
110533,Molinard,Vanille Eau de Parfum,2015,https://www.fragrantica.com/perfume/Molinard/Vanille-Eau-de-Parfum-44115.html
110534,Molinard,Vanille (Eau de Toilette),1993,https://www.fragrantica.com/perfume/Molinard/Vanille-6253.html
110535,Molinard,Vanille Fraicheur,1998,https://www.fragrantica.com/perfume/Molinard/Vanille-Fraicheur-6254.html
110536,Molinard,Vanille Fruitee Eau de Parfum,2015,https://www.fragrantica.com/perfume/Molinard/Vanille-Fruitee-Eau-de-Parfum-41895.html
110537,Molinard,Vanille Fruitée (Eau de Toilette),1998,https://www.fragrantica.com/perfume/Molinard/Vanille-Fruitee-6255.html
110538,Molinard,Vanille Marine,1998,https://www.fragrantica.com/perfume/Molinard/Vanille-Marine-6256.html
110539,Molinard,Vanille Molinard Concréta,,https://www.parfumo.com/Perfumes/Molinard/Vanille_Concreta
110540,Molinard,Vanille Patchouli Eau de Parfum,2015,https://www.fragrantica.com/perfume/Molinard/Vanille-Patchouli-Eau-de-Parfum-42003.html
110541,Molinard,Vanille Patchouli Molinard Eau de Toilette,,https://www.parfumo.com/Perfumes/Molinard/Vanille_Patchouli
110542,Molinard,Vaniteck,1996,https://www.parfumo.com/Perfumes/Molinard/Vaniteck
110543,Molinard,Vents et Marées (Eau de Parfum),2022,https://www.fragrantica.com/perfume/Molinard/Vents-et-Marees-75865.html
110544,Molinard,Vents et Marées (Eau de Toilette),2007,https://www.fragrantica.com/perfume/Molinard/Vents-et-Marees-21481.html
110545,Molinard,Verveine en Fleurs,2003,https://www.parfumo.com/Perfumes/Molinard/Verveine_en_Fleurs
110546,Molinard,Verveine et Fleurs,2003,https://www.fragrantica.com/perfume/Molinard/Verveine-et-Fleurs-25572.html
110547,Molinard,Vétiver,2021,https://www.fragrantica.com/perfume/Molinard/Vetiver-69684.html
110548,Molinard,Violette Eau de Parfum,2016,https://www.fragrantica.com/perfume/Molinard/Violette-Eau-de-Parfum-40953.html
110549,Molinard,Violette (Eau de Toilette),1999,https://www.fragrantica.com/perfume/Molinard/Violette-6260.html
110550,Molinard,Violette Molinard 1860 Eau de Toilette,1860,https://www.parfumo.com/Perfumes/Molinard/Violette
110551,Molinard,Violette Royale,,https://www.parfumo.com/Perfumes/Molinard/violette-royale
110552,Molinard,Violettes du Roi,1936,https://www.parfumo.com/Perfumes/Molinard/Violettes_du_Roi
110553,Molsheim & Co,Beluga,2019,https://www.fragrantica.com/perfume/Molsheim-Co/Beluga-62155.html
110554,Molsheim & Co,Gold,2019,https://www.fragrantica.com/perfume/Molsheim-Co/Gold-62157.html
110555,Molsheim & Co,Platinum,2019,https://www.fragrantica.com/perfume/Molsheim-Co/Platinum-62156.html
110556,Molsheim & Co,Rose,2019,https://www.fragrantica.com/perfume/Molsheim-Co/Rose-62158.html
110557,Molton Brown,Apuldre,2011,https://www.fragrantica.com/perfume/Molton-Brown/Apuldre-13057.html
110558,Molton Brown,Bizarre Brandy,2019,https://www.fragrantica.com/perfume/Molton-Brown/Bizarre-Brandy-57800.html
110559,Molton Brown,Black Pepper,2007,https://www.fragrantica.com/perfume/Molton-Brown/Black-Pepper-951.html
110560,Molton Brown,Blossoming Honeysuckle & White Tea,2015,https://www.fragrantica.com/perfume/Molton-Brown/Blossoming-Honeysuckle-White-Tea-30153.html
110561,Molton Brown,Bluebell & Wild Strawberry,2025,https://www.fragrantica.com/perfume/Molton-Brown/Bluebell-Wild-Strawberry-102775.html
110562,Molton Brown,Bracing Silverbirch,,https://www.fragrantica.com/perfume/Molton-Brown/Bracing-Silverbirch-8892.html
110563,Molton Brown,Bursting Caju & Lime Caju & Lime,2014,https://www.parfumo.com/Perfumes/Molton_Brown/Bursting_Caju__Lime_Caju__Lime
110564,Molton Brown,Bushukan Eau de Parfum,2019,https://www.fragrantica.com/perfume/Molton-Brown/Bushukan-Eau-de-Parfum-57723.html
110565,Molton Brown,Bushukan (Eau de Toilette),2015,https://www.fragrantica.com/perfume/Molton-Brown/Bushukan-36048.html
110566,Molton Brown,Caju & Lime,2014,https://www.fragrantica.com/perfume/Molton-Brown/Caju-Lime-25480.html
110567,Molton Brown,Celestial Maracuja,,https://www.fragrantica.com/perfume/Molton-Brown/Celestial-Maracuja-9555.html
110568,Molton Brown,Coastal Cypress & Sea Fennel Eau de Parfum,2019,https://www.fragrantica.com/perfume/Molton-Brown/Coastal-Cypress-Sea-Fennel-Eau-de-Parfum-57720.html
110569,Molton Brown,Coastal Cypress & Sea Fennel (Eau de Toilette),2017,https://www.fragrantica.com/perfume/Molton-Brown/Coastal-Cypress-Sea-Fennel-45197.html
110570,Molton Brown,Cool Buchu,2007,https://www.fragrantica.com/perfume/Molton-Brown/Cool-Buchu-952.html
110571,Molton Brown,Dark Leather Eau de Parfum,2023,https://www.fragrantica.com/perfume/Molton-Brown/Dark-Leather-Eau-de-Parfum-79590.html
110572,Molton Brown,Dark Leather Eau de Toilette,2023,https://www.fragrantica.com/perfume/Molton-Brown/Dark-Leather-Eau-de-Toilette-79591.html
110573,Molton Brown,Delicious Rhubarb & Rose Eau de Parfum,2022,https://www.fragrantica.com/perfume/Molton-Brown/Delicious-Rhubarb-Rose-Eau-de-Parfum-72465.html
110574,Molton Brown,Delicious Rhubarb & Rose (Eau de Toilette),2022,https://www.fragrantica.com/perfume/Molton-Brown/Delicious-Rhubarb-Rose-72466.html
110575,Molton Brown,Dewy Lily of the Valley & Star Anise,2016,https://www.fragrantica.com/perfume/Molton-Brown/Dewy-Lily-of-the-Valley-Star-Anise-36041.html
110576,Molton Brown,Fiery Pink Pepper,2015,https://www.fragrantica.com/perfume/Molton-Brown/Fiery-Pink-Pepper-36042.html
110577,Molton Brown,Fiery Pink Pepper Eau de Parfum,2019,https://www.fragrantica.com/perfume/Molton-Brown/Fiery-Pink-Pepper-Eau-de-Parfum-57718.html
110578,Molton Brown,Fiery Pink Pepper Pink Pepperpod Molton Brown 2014 Eau de Toilette,2014,https://www.parfumo.com/Perfumes/Molton_Brown/fiery-pink-pepper-pink-pepperpod-eau-de-toilette
110579,Molton Brown,Flora Luminare Eau de Parfum,2019,https://www.fragrantica.com/perfume/Molton-Brown/Flora-Luminare-Eau-de-Parfum-57717.html
110580,Molton Brown,Flora Luminare (Eau de Toilette),2019,https://www.fragrantica.com/perfume/Molton-Brown/Flora-Luminare-57803.html
110581,Molton Brown,Fresh Bushukan Citrus Splash,,https://www.fragrantica.com/perfume/Molton-Brown/Fresh-Bushukan-Citrus-Splash-19275.html
110582,Molton Brown,Geranium Nefertum Eau de Parfum,2019,https://www.fragrantica.com/perfume/Molton-Brown/Geranium-Nefertum-Eau-de-Parfum-57721.html
110583,Molton Brown,Geranium Nefertum (Eau de Toilette),2019,https://www.fragrantica.com/perfume/Molton-Brown/Geranium-Nefertum-57802.html
110584,Molton Brown,Heavenly Gingerlily (Eau de Parfum),2019,https://www.fragrantica.com/perfume/Molton-Brown/Heavenly-Gingerlily-128491.html
110585,Molton Brown,Heavenly Gingerlily (Eau de Toilette),2015,https://www.fragrantica.com/perfume/Molton-Brown/Heavenly-Gingerlily-36047.html
110586,Molton Brown,Heavenly Gingerlily Eau Fraîche,,https://www.fragrantica.com/perfume/Molton-Brown/Heavenly-Gingerlily-Eau-Fraiche-19276.html
110587,Molton Brown,Intoxicating Davana Blossom,2007,https://www.fragrantica.com/perfume/Molton-Brown/Intoxicating-Davana-Blossom-1690.html
110588,Molton Brown,Iunu,2011,https://www.fragrantica.com/perfume/Molton-Brown/Iunu-13054.html
110589,Molton Brown,Jasmine & Sun Rose Eau de Parfum,2020,https://www.fragrantica.com/perfume/Molton-Brown/Jasmine-Sun-Rose-Eau-de-Parfum-59435.html
110590,Molton Brown,Jasmine & Sun Rose (Eau de Toilette),2018,https://www.fragrantica.com/perfume/Molton-Brown/Jasmine-Sun-Rose-53600.html
110591,Molton Brown,Jubilant Pine & Patchouli,2021,https://www.fragrantica.com/perfume/Molton-Brown/Jubilant-Pine-Patchouli-70803.html
110592,Molton Brown,Juniper Jazz,2020,https://www.fragrantica.com/perfume/Molton-Brown/Juniper-Jazz-63462.html
110593,Molton Brown,Labdanum Dusk Eau de Parfum,2021,https://www.fragrantica.com/perfume/Molton-Brown/Labdanum-Dusk-Eau-de-Parfum-68671.html
110594,Molton Brown,Labdanum Dusk Molton Brown 2021 Hair Mist,2021,https://www.parfumo.com/Perfumes/Molton_Brown/labdanum-dusk-hair-mist
110595,Molton Brown,Lijiang,2011,https://www.fragrantica.com/perfume/Molton-Brown/Lijiang-13055.html
110596,Molton Brown,Lily & Magnolia Blossom Eau de Parfum,2021,https://www.fragrantica.com/perfume/Molton-Brown/Lily-Magnolia-Blossom-Eau-de-Parfum-68718.html
110597,Molton Brown,Lily & Magnolia Blossom Eau de Toilette,2021,https://www.fragrantica.com/perfume/Molton-Brown/Lily-Magnolia-Blossom-Eau-de-Toilette-68717.html
110598,Molton Brown,Londinium,2012,https://www.fragrantica.com/perfume/Molton-Brown/Londinium-15518.html
110599,Molton Brown,Mahina,2013,https://www.fragrantica.com/perfume/Molton-Brown/Mahina-17342.html
110600,Molton Brown,Mesmerising Oudh Accord & Gold Eau de Parfum,2019,https://www.fragrantica.com/perfume/Molton-Brown/Mesmerising-Oudh-Accord-Gold-Eau-de-Parfum-57725.html
110601,Molton Brown,Mesmerising Oudh Accord & Gold (Eau de Toilette),2015,https://www.fragrantica.com/perfume/Molton-Brown/Mesmerising-Oudh-Accord-Gold-31241.html
110602,Molton Brown,Mesmerizing Oudh Accord & Gold Eau De Parfum,,https://huggingface.co/datasets/doevent/perfume
110603,Molton Brown,Mesmerizing Oudh Accord & Gold Eau De Toilette,,https://huggingface.co/datasets/doevent/perfume
110604,Molton Brown,Milk Musk Eau de Parfum,2020,https://www.fragrantica.com/perfume/Molton-Brown/Milk-Musk-Eau-de-Parfum-59436.html
110605,Molton Brown,Milk Musk Eau de Toilette,2020,https://www.fragrantica.com/perfume/Molton-Brown/Milk-Musk-Eau-de-Toilette-59437.html
110606,Molton Brown,Muddled Plum,2018,https://www.fragrantica.com/perfume/Molton-Brown/Muddled-Plum-51856.html
110607,Molton Brown,Navigations Through Scent - Apuldre,2011,https://www.parfumo.com/Perfumes/Molton_Brown/Navigations_Through_Scent__Apuldre
110608,Molton Brown,Navigations Through Scent - Iunu,2011,https://www.parfumo.com/Perfumes/Molton_Brown/Navigations_Through_Scent__Iunu
110609,Molton Brown,Navigations Through Scent - Lijiang,2011,https://www.parfumo.com/Perfumes/Molton_Brown/Navigations_Through_Scent__Lijiang
110610,Molton Brown,Navigations Through Scent - Londinium,2012,https://www.parfumo.com/Perfumes/Molton_Brown/Navigations_Through_Scent__Londinium
110611,Molton Brown,Navigations Through Scent - Mahina,2013,https://www.parfumo.com/Perfumes/Molton_Brown/Navigations_Through_Scent__Mahina
110612,Molton Brown,Navigations Through Scent - Rogart,2011,https://www.parfumo.com/Perfumes/Molton_Brown/Navigations_Through_Scent__Rogart
110613,Molton Brown,Navigations Through Scent - Shisur,2014,https://www.parfumo.com/Perfumes/Molton_Brown/Navigations_Through_Scent__Shisur
110614,Molton Brown,Navigations Through Scent - Singosari,2011,https://www.parfumo.com/Perfumes/Molton_Brown/Navigations_Through_Scent__Singosari
110615,Molton Brown,Navigations Through Scent - Valbonne,2012,https://www.parfumo.com/Perfumes/Molton_Brown/Navigations_Through_Scent__Valbonne
110616,Molton Brown,Neon Amber Eau de Parfum,2021,https://www.fragrantica.com/perfume/Molton-Brown/Neon-Amber-Eau-de-Parfum-68669.html
110617,Molton Brown,Neon Amber Eau de Toilette,2021,https://www.fragrantica.com/perfume/Molton-Brown/Neon-Amber-Eau-de-Toilette-68670.html
110618,Molton Brown,Orange & Bergamot Eau de Parfum,2019,https://www.fragrantica.com/perfume/Molton-Brown/Orange-Bergamot-Eau-de-Parfum-57727.html
110619,Molton Brown,Orange & Bergamot (Eau de Toilette),2015,https://www.fragrantica.com/perfume/Molton-Brown/Orange-Bergamot-36040.html
110620,Molton Brown,Orange & Bergamot Vitalising Vitamin AB+C Molton Brown Eau Fraîche,,https://www.parfumo.com/Perfumes/Molton_Brown/Orange__Bergamot_Eau_Fraiche_Vitalising_Vitamin_ABC
110621,Molton Brown,Paradisiac Pink Pepperpod,2012,https://www.fragrantica.com/perfume/Molton-Brown/Paradisiac-Pink-Pepperpod-16873.html
110622,Molton Brown,Paradisiac Pink Pepperpod Molton Brown 2012 Eau Fraîche,2012,https://www.parfumo.com/Perfumes/Molton_Brown/Paradisiac_Pink_Pepperpod_Eau_Fraiche
110623,Molton Brown,Re-charge Black Pepper,2015,https://www.fragrantica.com/perfume/Molton-Brown/Re-charge-Black-Pepper-36044.html
110624,Molton Brown,Re-Charge Black Pepper Black Peppercorn Molton Brown 2014 Eau de Toilette,2014,https://www.parfumo.com/Perfumes/Molton_Brown/re-charge-black-pepper-2014-black-peppercorn-eau-de-toilette
110625,Molton Brown,Re-charge Black Pepper Eau de Parfum,2019,https://www.fragrantica.com/perfume/Molton-Brown/Re-charge-Black-Pepper-Eau-de-Parfum-57719.html
110626,Molton Brown,Relaxing Yuan Zhi Mist,,https://www.parfumo.com/Perfumes/Molton_Brown/Relaxing_Yuan_Zhi_Mist
110627,Molton Brown,Rogart,2011,https://www.fragrantica.com/perfume/Molton-Brown/Rogart-13058.html
110628,Molton Brown,Rosa Absolute Eau de Parfum,2019,https://www.fragrantica.com/perfume/Molton-Brown/Rosa-Absolute-Eau-de-Parfum-57726.html
110629,Molton Brown,Rosa Absolute (Eau de Toilette),2016,https://www.fragrantica.com/perfume/Molton-Brown/Rosa-Absolute-39883.html
110630,Molton Brown,Rose Dunes (Eau de Parfum),2022,https://www.fragrantica.com/perfume/Molton-Brown/Rose-Dunes-76235.html
110631,Molton Brown,Rose Dunes (Eau de Toilette),2022,https://www.fragrantica.com/perfume/Molton-Brown/Rose-Dunes-73499.html
110632,Molton Brown,Russian Leather Eau de Parfum,2019,https://www.fragrantica.com/perfume/Molton-Brown/Russian-Leather-Eau-de-Parfum-57724.html
110633,Molton Brown,Russian Leather (Eau de Toilette),2017,https://www.fragrantica.com/perfume/Molton-Brown/Russian-Leather-48405.html
110634,Molton Brown,Shisur,2014,https://www.fragrantica.com/perfume/Molton-Brown/Shisur-28087.html
110635,Molton Brown,Singosari,2011,https://www.fragrantica.com/perfume/Molton-Brown/Singosari-13056.html
110636,Molton Brown,Suede Orris Eau de Parfum,2020,https://www.fragrantica.com/perfume/Molton-Brown/Suede-Orris-Eau-de-Parfum-59434.html
110637,Molton Brown,Suede Orris (Hair Mist),2019,https://www.fragrantica.com/perfume/Molton-Brown/Suede-Orris-53602.html
110638,Molton Brown,Suede Orris Molton Brown 2019 Eau de Toilette,2019,https://www.parfumo.com/Perfumes/Molton_Brown/suede-orris-eau-de-toilette
110639,Molton Brown,Suede Orris Molton Brown 2019 Hair Mist,2019,https://www.parfumo.com/Perfumes/Molton_Brown/suede-orris-hair-mist
110640,Molton Brown,Sunlit Clementine & Vetiver Eau de Parfum,2024,https://www.fragrantica.com/perfume/Molton-Brown/Sunlit-Clementine-Vetiver-Eau-de-Parfum-91914.html
110641,Molton Brown,Sunlit Clementine & Vetiver Eau de Toilette,2024,https://www.fragrantica.com/perfume/Molton-Brown/Sunlit-Clementine-Vetiver-Eau-de-Toilette-91915.html
110642,Molton Brown,Tea Ceremony,2026,https://www.fragrantica.com/perfume/Molton-Brown/Tea-Ceremony-124765.html
110643,Molton Brown,Tobacco Absolute Eau de Parfum,2019,https://www.fragrantica.com/perfume/Molton-Brown/Tobacco-Absolute-Eau-de-Parfum-57722.html
110644,Molton Brown,Tobacco Absolute (Eau de Toilette),2015,https://www.fragrantica.com/perfume/Molton-Brown/Tobacco-Absolute-36043.html
110645,Molton Brown,Valbonne,2012,https://www.fragrantica.com/perfume/Molton-Brown/Valbonne-16181.html
110646,Molton Brown,Vetiver & Grapefruit (Eau de Parfum),2019,https://www.fragrantica.com/perfume/Molton-Brown/Vetiver-Grapefruit-57799.html
110647,Molton Brown,Vetiver & Grapefruit Molton Brown 2019 Eau de Toilette,2019,https://www.parfumo.com/Perfumes/Molton_Brown/vetiver-grapefruit-eau-de-toilette
110648,Molton Brown,Vintage With Elderflower,2019,https://www.fragrantica.com/perfume/Molton-Brown/Vintage-With-Elderflower-57801.html
110649,Molton Brown,Vitalising Vitamin AB+C Eau Fraîche,,https://www.fragrantica.com/perfume/Molton-Brown/Vitalising-Vitamin-AB-C-Eau-Fraiche-19277.html
110650,Molton Brown,Wild Mint & Lavandin (Eau de Parfum),2023,https://www.fragrantica.com/perfume/Molton-Brown/Wild-Mint-Lavandin-85352.html
110651,Molton Brown,Wild Mint & Lavandin (Eau de Toilette),2023,https://www.fragrantica.com/perfume/Molton-Brown/Wild-Mint-Lavandin-85351.html
110652,Molton Brown,Ylang-Ylang,2015,https://www.fragrantica.com/perfume/Molton-Brown/Ylang-Ylang-36045.html
110653,Molyneux,Captain Eau de Parfum,2015,https://www.fragrantica.com/perfume/Molyneux/Captain-Eau-de-Parfum-50176.html
110654,Molyneux,Captain Eau de Toilette (1975),1975,https://www.fragrantica.com/perfume/Molyneux/Captain-Eau-de-Toilette-1975-30479.html
110655,Molyneux,Captain Eau de Toilette (1994),1994,https://www.fragrantica.com/perfume/Molyneux/Captain-Eau-de-Toilette-1994-50178.html
110656,Molyneux,Captain Intense,2017,https://www.fragrantica.com/perfume/Molyneux/Captain-Intense-50177.html
110657,Molyneux,Captain Molyneux Molyneux 1975 Eau de Toilette,1975,https://www.parfumo.com/Perfumes/Molyneux/Captain_Molyneux_1975_Eau_de_Toilette
110658,Molyneux,Captain Molyneux Molyneux 1975 Lotion Après-Rasage,1975,https://www.parfumo.com/Perfumes/Molyneux/Captain_Molyneux_1975_Lotion_Apres_Rasage
110659,Molyneux,Captain Molyneux Molyneux 1994 After Shave,1994,https://www.parfumo.com/Perfumes/Molyneux/Captain_Molyneux_1994_After_Shave
110660,Molyneux,Captain Molyneux Molyneux Eau de Toilette,,https://www.parfumo.com/Perfumes/Molyneux/Captain_Molyneux_1994_Eau_de_Toilette
110661,Molyneux,Douceur de Vivre,2003,https://www.parfumo.com/Perfumes/Molyneux/Douceur_de_Vivre
110662,Molyneux,Fête Molyneux 1964 Eau de Toilette,1964,https://www.parfumo.com/Perfumes/Molyneux/fete-1964-eau-de-toilette
110663,Molyneux,Fete (Parfum),1962,https://www.fragrantica.com/perfume/Molyneux/Fete-6289.html
110664,Molyneux,Gauloise (Eau de Toilette),1980,https://www.fragrantica.com/perfume/Molyneux/Gauloise-6288.html
110665,Molyneux,I Love You,1998,https://www.fragrantica.com/perfume/Molyneux/I-Love-You-30482.html
110666,Molyneux,I ♥ You,1998,https://www.parfumo.com/Perfumes/Molyneux/I_Love_You
110667,Molyneux,Initiation,1990,https://www.fragrantica.com/perfume/Molyneux/Initiation-5568.html
110668,Molyneux,Le Chic,1932,https://www.fragrantica.com/perfume/Molyneux/Le-Chic-9331.html
110669,Molyneux,Le Numero Cinq,1925,https://www.fragrantica.com/perfume/Molyneux/Le-Numero-Cinq-61752.html
110670,Molyneux,Lord,1988,https://www.fragrantica.com/perfume/Molyneux/Lord-20180.html
110671,Molyneux,Modern Quartz,2000,https://www.fragrantica.com/perfume/Molyneux/Modern-Quartz-5566.html
110672,Molyneux,Modern Quartz Men,2000,https://www.fragrantica.com/perfume/Molyneux/Modern-Quartz-Men-5567.html
110673,Molyneux,Quartz,1977,https://www.fragrantica.com/perfume/Molyneux/Quartz-4411.html
110674,Molyneux,Quartz Addiction,2013,https://www.fragrantica.com/perfume/Molyneux/Quartz-Addiction-23079.html
110675,Molyneux,Quartz Blossom,2022,https://www.fragrantica.com/perfume/Molyneux/Quartz-Blossom-94414.html
110676,Molyneux,Quartz Je T'aime,2012,https://www.fragrantica.com/perfume/Molyneux/Quartz-Je-T-aime-14566.html
110677,Molyneux,Quartz pour Homme,1995,https://www.fragrantica.com/perfume/Molyneux/Quartz-pour-Homme-4413.html
110678,Molyneux,Quartz Pure Red,2008,https://www.fragrantica.com/perfume/Molyneux/Quartz-Pure-Red-4074.html
110679,Molyneux,Quartz Rose,2018,https://www.fragrantica.com/perfume/Molyneux/Quartz-Rose-62656.html
110680,Molyneux,Quartz Silver,,https://www.fragrantica.com/perfume/Molyneux/Quartz-Silver-30480.html
110681,Molyneux,Rue la Boetie,2014,https://www.fragrantica.com/perfume/Molyneux/Rue-la-Boetie-30481.html
110682,Molyneux,Vivre,1971,https://www.fragrantica.com/perfume/Molyneux/Vivre-6287.html
110683,Molyneux,Vivre,2017,https://www.fragrantica.com/perfume/Molyneux/Vivre-56270.html
110684,Molyneux,Vivre (1931),1931,https://www.fragrantica.com/perfume/Molyneux/Vivre-1931-97913.html
110685,Momento Perfumery,Ambra Imperia,2021,https://www.fragrantica.com/perfume/Momento-Perfumery/Ambra-Imperia-70491.html
110686,Momento Perfumery,Avicenna,2021,https://www.fragrantica.com/perfume/Momento-Perfumery/Avicenna-70489.html
110687,Momento Perfumery,Gerrha,2021,https://www.fragrantica.com/perfume/Momento-Perfumery/Gerrha-70490.html
110688,Momento Perfumery,Hoi An,2021,https://www.fragrantica.com/perfume/Momento-Perfumery/Hoi-An-70488.html
110689,Momento Perfumery,Tea Road,2021,https://www.fragrantica.com/perfume/Momento-Perfumery/Tea-Road-70487.html
110690,Momiji,Angel's Tea,2024,https://www.fragrantica.com/perfume/Momiji/Angel-s-Tea-100353.html
110691,Momiji,April,2024,https://www.fragrantica.com/perfume/Momiji/April-100354.html
110692,Momiji,Cerulean,2024,https://www.fragrantica.com/perfume/Momiji/Cerulean-100355.html
110693,Momma B's Naturals,Bad Karma,,https://www.parfumo.com/Perfumes/Momma_Bs_Naturals/Bad_Karma
110694,Momma B's Naturals,Buttercream Amber,2011,https://www.parfumo.com/Perfumes/Momma_Bs_Naturals/Buttercream_Amber
110695,Momma B's Naturals,Cabana Boy,2010,https://www.parfumo.com/Perfumes/Momma_Bs_Naturals/Cabana_Boy
110696,Momma B's Naturals,Chocolate Thai Tea,,https://www.parfumo.com/Perfumes/Momma_Bs_Naturals/Chocolate_Thai_Tea
110697,Momma B's Naturals,Citrus Evergreen,,https://www.parfumo.com/Perfumes/Momma_Bs_Naturals/Citrus_Evergreen
110698,Momo Design,Black,2013,https://www.fragrantica.com/perfume/Momo-Design/Black-37112.html
110699,Momo Design,Gold,2015,https://www.fragrantica.com/perfume/Momo-Design/Gold-37115.html
110700,Momo Design,Silver,2015,https://www.fragrantica.com/perfume/Momo-Design/Silver-37114.html
110701,Momo Design,Violet,,https://www.fragrantica.com/perfume/Momo-Design/Violet-37116.html
110702,Momo Design,White,2013,https://www.fragrantica.com/perfume/Momo-Design/White-37113.html
110703,Mon Bouquet,Agarwood,2024,https://www.fragrantica.com/perfume/Mon-Bouquet/Agarwood-106085.html
110704,Mon Bouquet,Amber,2024,https://www.fragrantica.com/perfume/Mon-Bouquet/Amber-106077.html
110705,Mon Bouquet,Flora Garden,2025,https://www.fragrantica.com/perfume/Mon-Bouquet/Flora-Garden-106082.html
110706,Mon Bouquet,Leather,2024,https://www.fragrantica.com/perfume/Mon-Bouquet/Leather-106076.html
110707,Mon Bouquet,Musk,2025,https://www.fragrantica.com/perfume/Mon-Bouquet/Musk-106080.html
110708,Mon Bouquet,Patchouli,2025,https://www.fragrantica.com/perfume/Mon-Bouquet/Patchouli-106079.html
110709,Mon Bouquet,Smokey,2024,https://www.fragrantica.com/perfume/Mon-Bouquet/Smokey-106084.html
110710,Mon Bouquet,Vanilla,2025,https://www.fragrantica.com/perfume/Mon-Bouquet/Vanilla-106078.html
110711,Mon Bouquet,Wood,2024,https://www.fragrantica.com/perfume/Mon-Bouquet/Wood-106083.html
110712,Mon Petit Paradis,Bain de Soleil,2014,https://www.fragrantica.com/perfume/Mon-Petit-Paradis/Bain-de-Soleil-62936.html
110713,Mon Petit Paradis,Élixir d'Énergie,2014,https://www.fragrantica.com/perfume/Mon-Petit-Paradis/Elixir-d-Energie-62937.html
110714,Mon Petit Paradis,Jardin Secret,2014,https://www.fragrantica.com/perfume/Mon-Petit-Paradis/Jardin-Secret-62938.html
110715,Mon Petit Paradis,Vague d'Embruns,2014,https://www.fragrantica.com/perfume/Mon-Petit-Paradis/Vague-d-Embruns-62939.html
110716,Mona di Orio,Ambre,,https://www.fragrantica.com/perfume/Mona-di-Orio/Ambre-10057.html
110717,Mona di Orio,Amyitis,2008,https://www.fragrantica.com/perfume/Mona-di-Orio/Amyitis-4224.html
110718,Mona di Orio,Bohea Bohème,2016,https://www.fragrantica.com/perfume/Mona-di-Orio/Bohea-Boheme-37654.html
110719,Mona di Orio,Café Simien,2019,https://www.fragrantica.com/perfume/Mona-di-Orio/Cafe-Simien-58255.html
110720,Mona di Orio,Carnation,2004,https://www.fragrantica.com/perfume/Mona-di-Orio/Carnation-4225.html
110721,Mona di Orio,Chamarre,,https://www.fragrantica.com/perfume/Mona-di-Orio/Chamarre-7012.html
110722,Mona di Orio,Cuir,2010,https://www.fragrantica.com/perfume/Mona-di-Orio/Cuir-10058.html
110723,Mona di Orio,Dõjima,2017,https://www.fragrantica.com/perfume/Mona-di-Orio/Dojima-45753.html
110724,Mona di Orio,Domaine,2023,https://www.fragrantica.com/perfume/Mona-di-Orio/Domaine-79234.html
110725,Mona di Orio,Eau Absolue,2013,https://www.fragrantica.com/perfume/Mona-di-Orio/Eau-Absolue-17801.html
110726,Mona di Orio,Four Thieves,2019,https://www.fragrantica.com/perfume/Mona-di-Orio/Four-Thieves-58256.html
110727,Mona di Orio,Jabu,2009,https://www.fragrantica.com/perfume/Mona-di-Orio/Jabu-7003.html
110728,Mona di Orio,Les Nombres d'Or - Ambre,2010,https://www.parfumo.com/Perfumes/Mona_di_Orio/Les_Nombres_dOr_Ambre
110729,Mona di Orio,Les Nombres d'Or - Cuir,2010,https://www.parfumo.com/Perfumes/Mona_di_Orio/Les_Nombres_d_Or_Cuir
110730,Mona di Orio,Les Nombres d'Or - Eau Absolue,2013,https://www.parfumo.com/Perfumes/Mona_di_Orio/Eau_Absolue
110731,Mona di Orio,Les Nombres d'Or - Musc,2010,https://www.parfumo.com/Perfumes/Mona_di_Orio/Les_Nombres_d_Or_Musc
110732,Mona di Orio,Les Nombres d'Or - Oudh Osmanthus Oud,2011,https://www.parfumo.com/Perfumes/Mona_di_Orio/Les_Nombres_d_Or_Oudh_Osmanthus_Oud
110733,Mona di Orio,Les Nombres d'Or - Rose Etoile de Hollande,2012,https://www.parfumo.com/Perfumes/Mona_di_Orio/Les_Nombres_d_Or_Rose_Etoile_de_Hollande
110734,Mona di Orio,Les Nombres d'Or - Tubéreuse,2011,https://www.parfumo.com/Perfumes/Mona_di_Orio/Les_Nombres_d_Or_Tubereuse
110735,Mona di Orio,Les Nombres d'Or - Vanille,2011,https://www.parfumo.com/Perfumes/Mona_di_Orio/Les_Nombres_d_Or_Vanille
110736,Mona di Orio,Les Nombres d'Or - Vétyver,2011,https://www.parfumo.com/Perfumes/Mona_di_Orio/Les_Nombres_d_Or_Vetyver
110737,Mona di Orio,Les Nombres d'Or - Violette Fumée,2013,https://www.parfumo.com/Perfumes/Mona_di_Orio/Les_Nombres_d_Or_Violette_Fumee
110738,Mona di Orio,Lux,2004,https://www.fragrantica.com/perfume/Mona-di-Orio/Lux-4226.html
110739,Mona di Orio,Mellifera,2019,https://www.fragrantica.com/perfume/Mona-di-Orio/Mellifera-58257.html
110740,Mona di Orio,Musc,,https://www.fragrantica.com/perfume/Mona-di-Orio/Musc-10059.html
110741,Mona di Orio,Myrrh Casati,2014,https://www.fragrantica.com/perfume/Mona-di-Orio/Myrrh-Casati-28161.html
110742,Mona di Orio,Nuit Noire,2004,https://www.fragrantica.com/perfume/Mona-di-Orio/Nuit-Noire-4227.html
110743,Mona di Orio,Oiro,2006,https://www.fragrantica.com/perfume/Mona-di-Orio/Oiro-4228.html
110744,Mona di Orio,Oudh Osmanthus,2011,https://www.fragrantica.com/perfume/Mona-di-Orio/Oudh-Osmanthus-13269.html
110745,Mona di Orio,Rose Concrete,2019,https://www.fragrantica.com/perfume/Mona-di-Orio/Rose-Concrete-58258.html
110746,Mona di Orio,Rose Etoile de Hollande,2012,https://www.fragrantica.com/perfume/Mona-di-Orio/Rose-Etoile-de-Hollande-15314.html
110747,Mona di Orio,Sainte Blanche,2019,https://www.fragrantica.com/perfume/Mona-di-Orio/Sainte-Blanche-58259.html
110748,Mona di Orio,Santal Nabataea,2018,https://www.fragrantica.com/perfume/Mona-di-Orio/Santal-Nabataea-50710.html
110749,Mona di Orio,Semper Augustus,2019,https://www.fragrantica.com/perfume/Mona-di-Orio/Semper-Augustus-58261.html
110750,Mona di Orio,Suède de Suède,2017,https://www.fragrantica.com/perfume/Mona-di-Orio/Suede-de-Suede-45752.html
110751,Mona di Orio,Tabaceau,2019,https://www.fragrantica.com/perfume/Mona-di-Orio/Tabaceau-58263.html
110752,Mona di Orio,Tubereuse,2011,https://www.fragrantica.com/perfume/Mona-di-Orio/Tubereuse-12959.html
110753,Mona di Orio,Vanille,2011,https://www.fragrantica.com/perfume/Mona-di-Orio/Vanille-12958.html
110754,Mona di Orio,Vermilion Wood,2019,https://www.fragrantica.com/perfume/Mona-di-Orio/Vermilion-Wood-58266.html
110755,Mona di Orio,Vetyver,2011,https://www.fragrantica.com/perfume/Mona-di-Orio/Vetyver-12957.html
110756,Mona di Orio,Violette Fumee,2013,https://www.fragrantica.com/perfume/Mona-di-Orio/Violette-Fumee-18872.html
110757,Mona's Flower,Abraçar e Agradecer,2016,https://www.fragrantica.com/perfume/Mona-s-Flower/Abracar-e-Agradecer-66822.html
110758,Monaco Parfums,Monaco Parfums L'Eau Azur,2016,https://www.fragrantica.com/perfume/Monaco-Parfums/Monaco-Parfums-L-Eau-Azur-41711.html
110759,Monaco Parfums,Monaco Parfums L'Florale,2016,https://www.fragrantica.com/perfume/Monaco-Parfums/Monaco-Parfums-L-Florale-41710.html
110760,Monaco Parfums,Monaco Parfums Man,2015,https://www.fragrantica.com/perfume/Monaco-Parfums/Monaco-Parfums-Man-32522.html
110761,Monaco Parfums,Monaco Parfums Woman,2015,https://www.fragrantica.com/perfume/Monaco-Parfums/Monaco-Parfums-Woman-32521.html
110762,Monart Parfums,Bogema,2017,https://www.fragrantica.com/perfume/Monart-Parfums/Bogema-47405.html
110763,Monart Parfums,Délice de la vie,2019,https://www.fragrantica.com/perfume/Monart-Parfums/Delice-de-la-vie-66661.html
110764,Monart Parfums,Soleil de minuit,2019,https://www.fragrantica.com/perfume/Monart-Parfums/Soleil-de-minuit-66662.html
110765,Monart Parfums,Sous le Ciel de Paris,2017,https://www.fragrantica.com/perfume/Monart-Parfums/Sous-le-Ciel-de-Paris-47406.html
110766,Monart Parfums,Un Rêve Doux,2018,https://www.fragrantica.com/perfume/Monart-Parfums/Un-Reve-Doux-49157.html
110767,Monblue,Cherry Magic,2024,https://www.fragrantica.com/perfume/Monblue/Cherry-Magic-117753.html
110768,Monblue,Euphoria Secret,2024,https://www.fragrantica.com/perfume/Monblue/Euphoria-Secret-117683.html
110769,Monblue,Hypnotic Dream,2024,https://www.fragrantica.com/perfume/Monblue/Hypnotic-Dream-117752.html
110770,Moncèlle,Oud Floral,2023,https://www.fragrantica.com/perfume/Moncelle/Oud-Floral-87236.html
110771,Moncèlle,Tropical Leather,2023,https://www.fragrantica.com/perfume/Moncelle/Tropical-Leather-87235.html
110772,Moncèlle,Wild Vanilla,2023,https://www.fragrantica.com/perfume/Moncelle/Wild-Vanilla-87238.html
110773,Moncler,Bois Rouge,2024,https://www.fragrantica.com/perfume/Moncler/Bois-Rouge-132288.html
110774,Moncler,Bois Rouge - Un safran magnifié,,https://www.parfumo.com/Perfumes/moncler/bois-rouge-un-safran-magnifie
110775,Moncler,Ciel D'hiver,2024,https://www.fragrantica.com/perfume/Moncler/Ciel-D-hiver-95706.html
110776,Moncler,Ciel d'Hiver - Un néroli en majesté,,https://www.parfumo.com/Perfumes/moncler/ciel-d-hiver-un-neroli-en-majeste
110777,Moncler,Haute Montagne,2023,https://www.fragrantica.com/perfume/Moncler/Haute-Montagne-80546.html
110778,Moncler,Haute Montagne - Un éclat de bois blancs,,https://www.parfumo.com/Perfumes/moncler/haute-montagne-un-eclat-de-bois-blancs
110779,Moncler,La Cordée,2023,https://www.fragrantica.com/perfume/Moncler/La-Cordee-80547.html
110780,Moncler,La Cordée - A la cime du cyprès,,https://www.parfumo.com/Perfumes/moncler/la-cordee-a-la-cime-du-cypres
110781,Moncler,Le Bois Glacé,2023,https://www.fragrantica.com/perfume/Moncler/Le-Bois-Glace-80548.html
110782,Moncler,Le Bois Glacé - Un vent de vétiver épicé,,https://www.parfumo.com/Perfumes/moncler/le-bois-glace-un-vent-de-vetiver-epice
110783,Moncler,Le Solstice,2023,https://www.fragrantica.com/perfume/Moncler/Le-Solstice-80550.html
110784,Moncler,Le Solstice - Un souffle de santal irisé,,https://www.parfumo.com/Perfumes/moncler/le-solstice-un-souffle-de-santal-irise
110785,Moncler,Les Roches Noires,2023,https://www.fragrantica.com/perfume/Moncler/Les-Roches-Noires-80549.html
110786,Moncler,Les Roches Noires - Une heur de bois ambrés,,https://www.parfumo.com/Perfumes/moncler/les-roches-noires-une-heur-de-bois-ambres
110787,Moncler,Moncler,,https://www.perfume.com/moncler/moncler/men-cologne
110788,Moncler,Moncler pour Femme,2021,https://www.fragrantica.com/perfume/Moncler/Moncler-pour-Femme-69819.html
110789,Moncler,Moncler pour Homme,2021,https://www.fragrantica.com/perfume/Moncler/Moncler-pour-Homme-69818.html
110790,Moncler,Moncler Sunrise pour Femme,2023,https://www.fragrantica.com/perfume/Moncler/Moncler-Sunrise-pour-Femme-88138.html
110791,Moncler,Moncler Sunrise pour Homme,2023,https://www.fragrantica.com/perfume/Moncler/Moncler-Sunrise-pour-Homme-88139.html
110792,Mondepars,Kyoto,2026,https://www.fragrantica.com/perfume/Mondepars/Kyoto-142858.html
110793,Mondepars,Nero,2026,https://www.fragrantica.com/perfume/Mondepars/Nero-142859.html
110794,Mondepars,Rosalee,2026,https://www.fragrantica.com/perfume/Mondepars/Rosalee-142857.html
110795,Mondi,Pursence,1991,https://www.fragrantica.com/perfume/Mondi/Pursence-37320.html
110796,Mondial 1908,Antica Barberia Original Citrus Colonia,1908,https://www.fragrantica.com/perfume/Mondial-1908/Antica-Barberia-Original-Citrus-Colonia-90228.html
110797,Mondial 1908,Antica Barberia Original Talc Colonia,1908,https://www.fragrantica.com/perfume/Mondial-1908/Antica-Barberia-Original-Talc-Colonia-90233.html
110798,Mondial 1908,Axolute Homme,1908,https://www.fragrantica.com/perfume/Mondial-1908/Axolute-Homme-90232.html
110799,Mondial 1908,Florence Colonia Suprema,1908,https://www.fragrantica.com/perfume/Mondial-1908/Florence-Colonia-Suprema-90230.html
110800,Mondial 1908,Gentlemen's Barber Cuir Zeste,1908,https://www.fragrantica.com/perfume/Mondial-1908/Gentlemen-s-Barber-Cuir-Zeste-90229.html
110801,Mondial 1908,N° 908 Homme,1908,https://www.fragrantica.com/perfume/Mondial-1908/N0-908-Homme-90231.html
110802,Mondo Mondo,Cowboy,2014,https://www.fragrantica.com/perfume/Mondo-Mondo/Cowboy-59076.html
110803,Mondo Mondo,Doll,2013,https://www.fragrantica.com/perfume/Mondo-Mondo/Doll-67582.html
110804,Mondo Mondo,Hysteria,2015,https://www.fragrantica.com/perfume/Mondo-Mondo/Hysteria-59077.html
110805,Mondo Mondo,I Like You In Velvet,2016,https://www.fragrantica.com/perfume/Mondo-Mondo/I-Like-You-In-Velvet-67583.html
110806,Mondo Mondo,Lounge Lizard,2021,https://www.fragrantica.com/perfume/Mondo-Mondo/Lounge-Lizard-84722.html
110807,Mondo Mondo,Patchouli Palace,2020,https://www.fragrantica.com/perfume/Mondo-Mondo/Patchouli-Palace-67584.html
110808,Mondo Mondo,Summer And Smoke,2013,https://www.fragrantica.com/perfume/Mondo-Mondo/Summer-And-Smoke-59079.html
110809,Mondo Mondo,The Center Of The World,2014,https://www.fragrantica.com/perfume/Mondo-Mondo/The-Center-Of-The-World-59078.html
110810,Monet's Palette,Master X Master,2019,https://www.fragrantica.com/perfume/Monet-s-Palette/Master-X-Master-103901.html
110811,Monika Klink,Art Of Venice for men,,https://www.fragrantica.com/perfume/Monika-Klink/Art-Of-Venice-for-men-15896.html
110812,Monika Klink,Art Of Venice for women,,https://www.fragrantica.com/perfume/Monika-Klink/Art-Of-Venice-for-women-15897.html
110813,Monika Klink,Metal Mod,,https://www.fragrantica.com/perfume/Monika-Klink/Metal-Mod-15898.html
110814,Monika Klink,Steel Mod,2002,https://www.fragrantica.com/perfume/Monika-Klink/Steel-Mod-12906.html
110815,Monika Klink,Steel Mod for Men,2002,https://www.fragrantica.com/perfume/Monika-Klink/Steel-Mod-for-Men-12905.html
110816,Monika Klink,Woman's Story,,https://www.fragrantica.com/perfume/Monika-Klink/Woman-s-Story-15900.html
110817,Monique Lhuillier,Monique Lhuillier Eau de Parfum,2020,https://www.fragrantica.com/perfume/Monique-Lhuillier/Monique-Lhuillier-Eau-de-Parfum-60088.html
110818,Monkoku,Acqua Nebular,2025,https://www.fragrantica.com/perfume/Monkoku/Acqua-Nebular-116166.html
110819,Monkoku,Ägäis I,2025,https://www.fragrantica.com/perfume/Monkoku/AEgaeis-I-116089.html
110820,Monkoku,Ägäis II,2025,https://www.fragrantica.com/perfume/Monkoku/AEgaeis-II-118082.html
110821,Monkoku,Almond Dream,2025,https://www.fragrantica.com/perfume/Monkoku/Almond-Dream-116173.html
110822,Monkoku,Amber Incense,2025,https://www.fragrantica.com/perfume/Monkoku/Amber-Incense-115674.html
110823,Monkoku,Aphrodite Whisper,2026,https://www.fragrantica.com/perfume/Monkoku/Aphrodite-Whisper-141444.html
110824,Monkoku,Arctic Valor,2026,https://www.fragrantica.com/perfume/Monkoku/Arctic-Valor-131572.html
110825,Monkoku,Aromend,2025,https://www.fragrantica.com/perfume/Monkoku/Aromend-121012.html
110826,Monkoku,Aşk-ı Lâl,2025,https://www.fragrantica.com/perfume/Monkoku/Ask-i-Lal-117118.html
110827,Monkoku,Astral Aura,2025,https://www.fragrantica.com/perfume/Monkoku/Astral-Aura-117131.html
110828,Monkoku,Astrion,2025,https://www.fragrantica.com/perfume/Monkoku/Astrion-121011.html
110829,Monkoku,Bahamas Smoke,2026,https://www.fragrantica.com/perfume/Monkoku/Bahamas-Smoke-123312.html
110830,Monkoku,Baron's Choice,2026,https://www.fragrantica.com/perfume/Monkoku/Baron-s-Choice-132419.html
110831,Monkoku,Baronel,2026,https://www.fragrantica.com/perfume/Monkoku/Baronel-135690.html
110832,Monkoku,Berry Oud,2025,https://www.fragrantica.com/perfume/Monkoku/Berry-Oud-116171.html
110833,Monkoku,Blackberry Whisper,2025,https://www.fragrantica.com/perfume/Monkoku/Blackberry-Whisper-115668.html
110834,Monkoku,Bombay Nights,2025,https://www.fragrantica.com/perfume/Monkoku/Bombay-Nights-115664.html
110835,Monkoku,Brandy Ice,2025,https://www.fragrantica.com/perfume/Monkoku/Brandy-Ice-117133.html
110836,Monkoku,Bright Amber,2025,https://www.fragrantica.com/perfume/Monkoku/Bright-Amber-116107.html
110837,Monkoku,Café Blossom,2025,https://www.fragrantica.com/perfume/Monkoku/Cafe-Blossom-115670.html
110838,Monkoku,Candy Bloom,2026,https://www.fragrantica.com/perfume/Monkoku/Candy-Bloom-131421.html
110839,Monkoku,Cassara,2025,https://www.fragrantica.com/perfume/Monkoku/Cassara-118077.html
110840,Monkoku,Cedar & Smoke,2025,https://www.fragrantica.com/perfume/Monkoku/Cedar-Smoke-116172.html
110841,Monkoku,Charnero,2025,https://www.fragrantica.com/perfume/Monkoku/Charnero-121042.html
110842,Monkoku,Chashmere Mousse,2026,https://www.fragrantica.com/perfume/Monkoku/Chashmere-Mousse-127567.html
110843,Monkoku,Chayora,2025,https://www.fragrantica.com/perfume/Monkoku/Chayora-116165.html
110844,Monkoku,Citrus Symphony,2025,https://www.fragrantica.com/perfume/Monkoku/Citrus-Symphony-115665.html
110845,Monkoku,Citrus Vault,2026,https://www.fragrantica.com/perfume/Monkoku/Citrus-Vault-132421.html
110846,Monkoku,Coconut Lush,2025,https://www.fragrantica.com/perfume/Monkoku/Coconut-Lush-119730.html
110847,Monkoku,Cognac & Cinnamon Spice,2025,https://www.fragrantica.com/perfume/Monkoku/Cognac-Cinnamon-Spice-116176.html
110848,Monkoku,Creamwood Spirit,2026,https://www.fragrantica.com/perfume/Monkoku/Creamwood-Spirit-131571.html
110849,Monkoku,Crimson Spell,2025,https://www.fragrantica.com/perfume/Monkoku/Crimson-Spell-121451.html
110850,Monkoku,Dark Syrup,2026,https://www.fragrantica.com/perfume/Monkoku/Dark-Syrup-123065.html
110851,Monkoku,Dreamer's Bouquet,2025,https://www.fragrantica.com/perfume/Monkoku/Dreamer-s-Bouquet-121452.html
110852,Monkoku,Endless Horizon,2025,https://www.fragrantica.com/perfume/Monkoku/Endless-Horizon-121051.html
110853,Monkoku,Fireborn Myth,2025,https://www.fragrantica.com/perfume/Monkoku/Fireborn-Myth-121044.html
110854,Monkoku,Florya,2025,https://www.fragrantica.com/perfume/Monkoku/Florya-121053.html
110855,Monkoku,Fruity Tonka,2025,https://www.fragrantica.com/perfume/Monkoku/Fruity-Tonka-121046.html
110856,Monkoku,Golden Apple,2025,https://www.fragrantica.com/perfume/Monkoku/Golden-Apple-116090.html
110857,Monkoku,Golden Times,2026,https://www.fragrantica.com/perfume/Monkoku/Golden-Times-127373.html
110858,Monkoku,Green Tonic,2026,https://www.fragrantica.com/perfume/Monkoku/Green-Tonic-127568.html
110859,Monkoku,Haroun,2025,https://www.fragrantica.com/perfume/Monkoku/Haroun-121013.html
110860,Monkoku,Haven's Touch,2025,https://www.fragrantica.com/perfume/Monkoku/Haven-s-Touch-116080.html
110861,Monkoku,Hidden Crime,2025,https://www.fragrantica.com/perfume/Monkoku/Hidden-Crime-116077.html
110862,Monkoku,Honeymoon,2025,https://www.fragrantica.com/perfume/Monkoku/Honeymoon-115676.html
110863,Monkoku,Iris Noir,2025,https://www.fragrantica.com/perfume/Monkoku/Iris-Noir-116095.html
110864,Monkoku,Lips of Cherry,2025,https://www.fragrantica.com/perfume/Monkoku/Lips-of-Cherry-116088.html
110865,Monkoku,Love Me Louder,2026,https://www.fragrantica.com/perfume/Monkoku/Love-Me-Louder-138678.html
110866,Monkoku,Lumora,2025,https://www.fragrantica.com/perfume/Monkoku/Lumora-117134.html
110867,Monkoku,Luna Nectar,2025,https://www.fragrantica.com/perfume/Monkoku/Luna-Nectar-115671.html
110868,Monkoku,Lyra Glacé,2026,https://www.fragrantica.com/perfume/Monkoku/Lyra-Glace-136905.html
110869,Monkoku,Lys Impérial,2025,https://www.fragrantica.com/perfume/Monkoku/Lys-Imperial-118076.html
110870,Monkoku,Midnight Splash,2025,https://www.fragrantica.com/perfume/Monkoku/Midnight-Splash-115660.html
110871,Monkoku,Monarch Charles,2025,https://www.fragrantica.com/perfume/Monkoku/Monarch-Charles-121478.html
110872,Monkoku,Montana Especial,2025,https://www.fragrantica.com/perfume/Monkoku/Montana-Especial-121015.html
110873,Monkoku,Mystic Amber,2025,https://www.fragrantica.com/perfume/Monkoku/Mystic-Amber-117135.html
110874,Monkoku,Neon Bloom,2025,https://www.fragrantica.com/perfume/Monkoku/Neon-Bloom-121047.html
110875,Monkoku,Neroli Dream,2025,https://www.fragrantica.com/perfume/Monkoku/Neroli-Dream-115669.html
110876,Monkoku,Noir Vocalist,2026,https://www.fragrantica.com/perfume/Monkoku/Noir-Vocalist-127372.html
110877,Monkoku,Oasis of Arabia,2025,https://www.fragrantica.com/perfume/Monkoku/Oasis-of-Arabia-116175.html
110878,Monkoku,Ocean Dream,2025,https://www.fragrantica.com/perfume/Monkoku/Ocean-Dream-115667.html
110879,Monkoku,Oriental Raspberry,2025,https://www.fragrantica.com/perfume/Monkoku/Oriental-Raspberry-115677.html
110880,Monkoku,Oudéline,2025,https://www.fragrantica.com/perfume/Monkoku/Oudeline-117129.html
110881,Monkoku,Oudtoman,2026,https://www.fragrantica.com/perfume/Monkoku/Oudtoman-138679.html
110882,Monkoku,Oudywave,2026,https://www.fragrantica.com/perfume/Monkoku/Oudywave-127371.html
110883,Monkoku,Peachy Vibes,2025,https://www.fragrantica.com/perfume/Monkoku/Peachy-Vibes-116167.html
110884,Monkoku,Rose Absolue,2026,https://www.fragrantica.com/perfume/Monkoku/Rose-Absolue-123950.html
110885,Monkoku,Rose Allure,2025,https://www.fragrantica.com/perfume/Monkoku/Rose-Allure-115675.html
110886,Monkoku,Royal Pralin,2026,https://www.fragrantica.com/perfume/Monkoku/Royal-Pralin-136910.html
110887,Monkoku,Royal Vento,2025,https://www.fragrantica.com/perfume/Monkoku/Royal-Vento-116168.html
110888,Monkoku,Ruby Nectar,2025,https://www.fragrantica.com/perfume/Monkoku/Ruby-Nectar-118078.html
110889,Monkoku,Rum Infusion,2025,https://www.fragrantica.com/perfume/Monkoku/Rum-Infusion-115662.html
110890,Monkoku,Saffron Garden,2025,https://www.fragrantica.com/perfume/Monkoku/Saffron-Garden-116170.html
110891,Monkoku,Silent Moon,2025,https://www.fragrantica.com/perfume/Monkoku/Silent-Moon-121450.html
110892,Monkoku,Silent Voice,2025,https://www.fragrantica.com/perfume/Monkoku/Silent-Voice-121016.html
110893,Monkoku,Sky Impact,2025,https://www.fragrantica.com/perfume/Monkoku/Sky-Impact-121043.html
110894,Monkoku,Smokey Rose,2025,https://www.fragrantica.com/perfume/Monkoku/Smokey-Rose-121052.html
110895,Monkoku,Strawmella Château,2025,https://www.fragrantica.com/perfume/Monkoku/Strawmella-Chateau-115672.html
110896,Monkoku,Sugar Bomb,2025,https://www.fragrantica.com/perfume/Monkoku/Sugar-Bomb-116105.html
110897,Monkoku,Sugarpaws,2025,https://www.fragrantica.com/perfume/Monkoku/Sugarpaws-121671.html
110898,Monkoku,Sultan d’Orient,2025,https://www.fragrantica.com/perfume/Monkoku/Sultan-d-Orient-116100.html
110899,Monkoku,Sultans Ritual,2025,https://www.fragrantica.com/perfume/Monkoku/Sultans-Ritual-121446.html
110900,Monkoku,Sunkissed,2025,https://www.fragrantica.com/perfume/Monkoku/Sunkissed-115663.html
110901,Monkoku,Sunrise Spice,2025,https://www.fragrantica.com/perfume/Monkoku/Sunrise-Spice-118079.html
110902,Monkoku,Sunshine Dream,2025,https://www.fragrantica.com/perfume/Monkoku/Sunshine-Dream-116169.html
110903,Monkoku,Sweet Memories,2025,https://www.fragrantica.com/perfume/Monkoku/Sweet-Memories-116174.html
110904,Monkoku,Temptation Delight,2025,https://www.fragrantica.com/perfume/Monkoku/Temptation-Delight-115661.html
110905,Monkoku,Timeless Desire,2025,https://www.fragrantica.com/perfume/Monkoku/Timeless-Desire-116072.html
110906,Monkoku,Tropenzo,2025,https://www.fragrantica.com/perfume/Monkoku/Tropenzo-116091.html
110907,Monkoku,Tropical Pop,2025,https://www.fragrantica.com/perfume/Monkoku/Tropical-Pop-118929.html
110908,Monkoku,Tropical Shade,2025,https://www.fragrantica.com/perfume/Monkoku/Tropical-Shade-116092.html
110909,Monkoku,Vanilla Crunch,2025,https://www.fragrantica.com/perfume/Monkoku/Vanilla-Crunch-115666.html
110910,Monkoku,Velvet Intrigue,2025,https://www.fragrantica.com/perfume/Monkoku/Velvet-Intrigue-121672.html
110911,Monkoku,Velvet Leaf,2025,https://www.fragrantica.com/perfume/Monkoku/Velvet-Leaf-118081.html
110912,Monkoku,Vice Elixir,2025,https://www.fragrantica.com/perfume/Monkoku/Vice-Elixir-121447.html
110913,Monkoku,Virtora,2025,https://www.fragrantica.com/perfume/Monkoku/Virtora-117132.html
110914,Monogatari,Aki,2025,https://www.fragrantica.com/perfume/Monogatari/Aki-119763.html
110915,Monogatari,Haru,2026,https://www.fragrantica.com/perfume/Monogatari/Haru-125548.html
110916,Monogatari,Kiyomizu,2026,https://www.fragrantica.com/perfume/Monogatari/Kiyomizu-125549.html
110917,Monogatari,Mochi,2025,https://www.fragrantica.com/perfume/Monogatari/Mochi-120951.html
110918,Monogatari,Natsu,2026,https://www.fragrantica.com/perfume/Monogatari/Natsu-135704.html
110919,Monogatari,Ramune,2026,https://www.fragrantica.com/perfume/Monogatari/Ramune-135703.html
110920,Monogatari,Sankto,2025,https://www.fragrantica.com/perfume/Monogatari/Sankto-119765.html
110921,Monogatari,Yuzu,2025,https://www.fragrantica.com/perfume/Monogatari/Yuzu-119764.html
110922,Monolab,B-Zone,2015,https://www.fragrantica.com/perfume/Monolab/B-Zone-42161.html
110923,Monolab,Black Star,2015,https://www.fragrantica.com/perfume/Monolab/Black-Star-42150.html
110924,Monolab,Blood,2015,https://www.fragrantica.com/perfume/Monolab/Blood-42164.html
110925,Monolab,Courage,2019,https://www.fragrantica.com/perfume/Monolab/Courage-57136.html
110926,Monolab,Crazy,2024,https://www.fragrantica.com/perfume/Monolab/Crazy-123237.html
110927,Monolab,Gloom,2015,https://www.fragrantica.com/perfume/Monolab/Gloom-42191.html
110928,Monolab,Hannibal,2019,https://www.fragrantica.com/perfume/Monolab/Hannibal-57137.html
110929,Monolab,Juicy,2019,https://www.fragrantica.com/perfume/Monolab/Juicy-57140.html
110930,Monolab,Lit Game,2025,https://www.fragrantica.com/perfume/Monolab/Lit-Game-122791.html
110931,Monolab,S-Line,2015,https://www.fragrantica.com/perfume/Monolab/S-Line-42163.html
110932,Monolab,Slash,2015,https://www.fragrantica.com/perfume/Monolab/Slash-42162.html
110933,Monolab,Vandal,2019,https://www.fragrantica.com/perfume/Monolab/Vandal-57139.html
110934,Monolab,W-Zone,2019,https://www.fragrantica.com/perfume/Monolab/W-Zone-57138.html
110935,Monolab,White Star,2015,https://www.fragrantica.com/perfume/Monolab/White-Star-42151.html
110936,Monolithe,Diaspro,2024,https://www.fragrantica.com/perfume/Monolithe/Diaspro-93134.html
110937,Monolithe,Halite,2024,https://www.fragrantica.com/perfume/Monolithe/Halite-112865.html
110938,Monolithe,Mangorock,2024,https://www.fragrantica.com/perfume/Monolithe/Mangorock-112863.html
110939,Monolithe,Pandizucchero,2024,https://www.fragrantica.com/perfume/Monolithe/Pandizucchero-93133.html
110940,Monolithe,Runanera,2024,https://www.fragrantica.com/perfume/Monolithe/Runanera-93135.html
110941,Monolithe,Rutilo,2024,https://www.fragrantica.com/perfume/Monolithe/Rutilo-112860.html
110942,Monolithe,Vingerklip,2024,https://www.fragrantica.com/perfume/Monolithe/Vingerklip-112861.html
110943,Monolithe,Zuma,2024,https://www.fragrantica.com/perfume/Monolithe/Zuma-93136.html
110944,MONOM,Brama,2017,https://www.fragrantica.com/perfume/MONOM/Brama-46677.html
110945,MONOM,Cloride,2024,https://www.fragrantica.com/perfume/MONOM/Cloride-95398.html
110946,MONOM,Erba,2020,https://www.fragrantica.com/perfume/MONOM/Erba-80496.html
110947,MONOM,Florea,2018,https://www.fragrantica.com/perfume/MONOM/Florea-49548.html
110948,MONOM,Irmao,2014,https://www.fragrantica.com/perfume/MONOM/Irmao-29407.html
110949,MONOM,Mare,2023,https://www.fragrantica.com/perfume/MONOM/Mare-80480.html
110950,MONOM,Nardo,2014,https://www.fragrantica.com/perfume/MONOM/Nardo-29408.html
110951,MONOM,Oscuro,2014,https://www.fragrantica.com/perfume/MONOM/Oscuro-29409.html
110952,MONOM,Respiro,2014,https://www.fragrantica.com/perfume/MONOM/Respiro-29410.html
110953,MONOM,Reyna,2022,https://www.fragrantica.com/perfume/MONOM/Reyna-80479.html
110954,MONOM,Rosalia,2014,https://www.fragrantica.com/perfume/MONOM/Rosalia-29411.html
110955,MONOM,Sacro,2014,https://www.fragrantica.com/perfume/MONOM/Sacro-29412.html
110956,MONOM,Tarì,2014,https://www.fragrantica.com/perfume/MONOM/Tari-29413.html
110957,Monoscent,E Timbersilk,2016,https://www.fragrantica.com/perfume/Monoscent/E-Timbersilk-37674.html
110958,Monoscent,G Galaxolide Super,,https://www.fragrantica.com/perfume/Monoscent/G-Galaxolide-Super-29976.html
110959,Monotheme,Agrumi di Sicilia,,https://www.parfumo.com/Perfumes/Monotheme/Agrumi_di_Sicilia
110960,Monotheme,Almond,2020,https://www.parfumo.com/Perfumes/Monotheme/almond
110961,Monotheme,Apothéose de Rose,2012,https://www.parfumo.com/Perfumes/Monotheme/Apotheose_de_Rose
110962,Monotheme,Aqua Marina,,https://www.parfumo.com/Perfumes/Monotheme/Aqua_Marina
110963,Monotheme,Black Coffee,,https://www.parfumo.com/Perfumes/Monotheme/Black_Coffee
110964,Monotheme,Black Label - Amber Wood,2013,https://www.parfumo.com/Perfumes/Monotheme/Black_Label_Amber_Wood
110965,Monotheme,Black Label - Leather,2013,https://www.parfumo.com/Perfumes/Monotheme/Black_Label_Leather
110966,Monotheme,Black Label - Rose Oud,2013,https://www.parfumo.com/Perfumes/Monotheme/Black_Label_Rose_Oud
110967,Monotheme,Black Label - Rouge,,https://www.parfumo.com/Perfumes/Monotheme/black-label-rouge
110968,Monotheme,Black Label - Saffron,,https://www.parfumo.com/Perfumes/Monotheme/black-label-saffron
110969,Monotheme,Black Musk,,https://www.parfumo.com/Perfumes/Monotheme/Black_Musk
110970,Monotheme,Black Tea,,https://www.parfumo.com/Perfumes/Monotheme/Black_Tea
110971,Monotheme,Blackberry,2019,https://www.parfumo.com/Perfumes/Monotheme/blackberry
110972,Monotheme,Bloom,2019,https://www.parfumo.com/Perfumes/Monotheme/Bloom
110973,Monotheme,Camelia,2021,https://www.parfumo.com/Perfumes/Monotheme/camelia
110974,Monotheme,Cashmere Wood,,https://www.parfumo.com/Perfumes/Monotheme/Cashmere_Wood
110975,Monotheme,Cedar Wood,2024,https://www.parfumo.com/Perfumes/Monotheme/cedar-wood
110976,Monotheme,Cherry Blossom,2019,https://www.parfumo.com/Perfumes/Monotheme/Cherry_Blossom
110977,Monotheme,Ciclamino,,https://www.parfumo.com/Perfumes/Monotheme/Ciclamino
110978,Monotheme Venezia,Agrumi di Sicilia,,https://www.fragrantica.com/perfume/Monotheme-Venezia/Agrumi-di-Sicilia-4427.html
110979,Monotheme Venezia,Almond,2020,https://www.fragrantica.com/perfume/Monotheme-Venezia/Almond-61086.html
110980,Monotheme Venezia,Amber Wood,2013,https://www.fragrantica.com/perfume/Monotheme-Venezia/Amber-Wood-18408.html
110981,Monotheme Venezia,Apotheose de Rose,,https://www.fragrantica.com/perfume/Monotheme-Venezia/Apotheose-de-Rose-15661.html
110982,Monotheme Venezia,Aqva Marina,,https://www.fragrantica.com/perfume/Monotheme-Venezia/Aqva-Marina-1208.html
110983,Monotheme Venezia,Bergamotto,,https://www.fragrantica.com/perfume/Monotheme-Venezia/Bergamotto-15628.html
110984,Monotheme Venezia,Black Coffee,,https://www.fragrantica.com/perfume/Monotheme-Venezia/Black-Coffee-1214.html
110985,Monotheme Venezia,Black Jasmine,2011,https://www.fragrantica.com/perfume/Monotheme-Venezia/Black-Jasmine-16226.html
110986,Monotheme Venezia,Black Musk,,https://www.fragrantica.com/perfume/Monotheme-Venezia/Black-Musk-1206.html
110987,Monotheme Venezia,Black Oud,2013,https://www.fragrantica.com/perfume/Monotheme-Venezia/Black-Oud-18409.html
110988,Monotheme Venezia,Blackberry,2019,https://www.fragrantica.com/perfume/Monotheme-Venezia/Blackberry-55444.html
110989,Monotheme Venezia,Bloom Pour Femme,2019,https://www.fragrantica.com/perfume/Monotheme-Venezia/Bloom-Pour-Femme-55261.html
110990,Monotheme Venezia,Boccioli di Limone,,https://www.fragrantica.com/perfume/Monotheme-Venezia/Boccioli-di-Limone-15624.html
110991,Monotheme Venezia,Camelia,2021,https://www.fragrantica.com/perfume/Monotheme-Venezia/Camelia-66871.html
110992,Monotheme Venezia,Cashmir Wood,,https://www.fragrantica.com/perfume/Monotheme-Venezia/Cashmir-Wood-4428.html
110993,Monotheme Venezia,Cedar Wood,2024,https://www.fragrantica.com/perfume/Monotheme-Venezia/Cedar-Wood-90461.html
110994,Monotheme Venezia,Cherry Blossom,2019,https://www.fragrantica.com/perfume/Monotheme-Venezia/Cherry-Blossom-55260.html
110995,Monotheme Venezia,Ciclamino,2000,https://www.fragrantica.com/perfume/Monotheme-Venezia/Ciclamino-15662.html
110996,Monotheme Venezia,Citrusy Blossom,2019,https://www.fragrantica.com/perfume/Monotheme-Venezia/Citrusy-Blossom-55445.html
110997,Monotheme Venezia,Cocoa Beans,2024,https://www.fragrantica.com/perfume/Monotheme-Venezia/Cocoa-Beans-90460.html
110998,Monotheme Venezia,Daisy Daisy,2013,https://www.fragrantica.com/perfume/Monotheme-Venezia/Daisy-Daisy-21090.html
110999,Monotheme Venezia,Extrait d'Iris,2011,https://www.fragrantica.com/perfume/Monotheme-Venezia/Extrait-d-Iris-16225.html
111000,Monotheme Venezia,Frangipane delle Maldive,2008,https://www.fragrantica.com/perfume/Monotheme-Venezia/Frangipane-delle-Maldive-9813.html111001,Monotheme Venezia,Gelsomino dell'India,2012,https://www.fragrantica.com/perfume/Monotheme-Venezia/Gelsomino-dell-India-15764.html
111002,Monotheme Venezia,Giglio delle Hawaii,2012,https://www.fragrantica.com/perfume/Monotheme-Venezia/Giglio-delle-Hawaii-15763.html
111003,Monotheme Venezia,Grace Amber,,https://www.fragrantica.com/perfume/Monotheme-Venezia/Grace-Amber-4429.html
111004,Monotheme Venezia,Green Tea,,https://www.fragrantica.com/perfume/Monotheme-Venezia/Green-Tea-1204.html
111005,Monotheme Venezia,Honeysuckle,2024,https://www.fragrantica.com/perfume/Monotheme-Venezia/Honeysuckle-90459.html
111006,Monotheme Venezia,Ibiza Nightflowers,2012,https://www.fragrantica.com/perfume/Monotheme-Venezia/Ibiza-Nightflowers-9810.html
111007,Monotheme Venezia,Iris of Tuscany,,https://www.fragrantica.com/perfume/Monotheme-Venezia/Iris-of-Tuscany-4431.html
111008,Monotheme Venezia,Leather,2013,https://www.fragrantica.com/perfume/Monotheme-Venezia/Leather-18407.html
111009,Monotheme Venezia,Lime,2022,https://www.fragrantica.com/perfume/Monotheme-Venezia/Lime-76521.html
111010,Monotheme Venezia,Macchia Mediterranea,,https://www.fragrantica.com/perfume/Monotheme-Venezia/Macchia-Mediterranea-4426.html
111011,Monotheme Venezia,Magnolia,2016,https://www.fragrantica.com/perfume/Monotheme-Venezia/Magnolia-39301.html
111012,Monotheme Venezia,Mandarino,2016,https://www.fragrantica.com/perfume/Monotheme-Venezia/Mandarino-45322.html
111013,Monotheme Venezia,Mediterranean Coast,2018,https://www.fragrantica.com/perfume/Monotheme-Venezia/Mediterranean-Coast-48807.html
111014,Monotheme Venezia,Mimosa,2017,https://www.fragrantica.com/perfume/Monotheme-Venezia/Mimosa-44725.html
111015,Monotheme Venezia,Monoi,2021,https://www.fragrantica.com/perfume/Monotheme-Venezia/Monoi-66869.html
111016,Monotheme Venezia,Narciso Bianco Pour Femme,,https://www.fragrantica.com/perfume/Monotheme-Venezia/Narciso-Bianco-Pour-Femme-15622.html
111017,Monotheme Venezia,Nymphaea,2020,https://www.fragrantica.com/perfume/Monotheme-Venezia/Nymphaea-61087.html
111018,Monotheme Venezia,Orange Blossom,2012,https://www.fragrantica.com/perfume/Monotheme-Venezia/Orange-Blossom-15766.html
111019,Monotheme Venezia,Orange Flowers,2005,https://www.fragrantica.com/perfume/Monotheme-Venezia/Orange-Flowers-12649.html
111020,Monotheme Venezia,Orchidee d'Oriente,,https://www.fragrantica.com/perfume/Monotheme-Venezia/Orchidee-d-Oriente-17854.html
111021,Monotheme Venezia,Patchouli Leaves,,https://www.fragrantica.com/perfume/Monotheme-Venezia/Patchouli-Leaves-15629.html
111022,Monotheme Venezia,Pomegranate,2022,https://www.fragrantica.com/perfume/Monotheme-Venezia/Pomegranate-76522.html
111023,Monotheme Venezia,Pompelmo,2016,https://www.fragrantica.com/perfume/Monotheme-Venezia/Pompelmo-45324.html
111024,Monotheme Venezia,Pure Cacao,,https://www.fragrantica.com/perfume/Monotheme-Venezia/Pure-Cacao-1213.html
111025,Monotheme Venezia,Pure Neroli,,https://www.fragrantica.com/perfume/Monotheme-Venezia/Pure-Neroli-7109.html
111026,Monotheme Venezia,Red Fig,2018,https://www.fragrantica.com/perfume/Monotheme-Venezia/Red-Fig-48806.html
111027,Monotheme Venezia,Rio de Janeiro Passion Fruit,2012,https://www.fragrantica.com/perfume/Monotheme-Venezia/Rio-de-Janeiro-Passion-Fruit-9811.html
111028,Monotheme Venezia,Rose Oud,2013,https://www.fragrantica.com/perfume/Monotheme-Venezia/Rose-Oud-18406.html
111029,Monotheme Venezia,Rose Petals,2005,https://www.fragrantica.com/perfume/Monotheme-Venezia/Rose-Petals-12647.html
111030,Monotheme Venezia,Rouge,2021,https://www.fragrantica.com/perfume/Monotheme-Venezia/Rouge-78487.html
111031,Monotheme Venezia,Saffron,2021,https://www.fragrantica.com/perfume/Monotheme-Venezia/Saffron-78488.html
111032,Monotheme Venezia,Scottish Lavender,,https://www.fragrantica.com/perfume/Monotheme-Venezia/Scottish-Lavender-1207.html
111033,Monotheme Venezia,Sea Salt,2023,https://www.fragrantica.com/perfume/Monotheme-Venezia/Sea-Salt-82933.html
111034,Monotheme Venezia,Spicy,,https://www.fragrantica.com/perfume/Monotheme-Venezia/Spicy-39300.html
111035,Monotheme Venezia,Sweet Violet,2005,https://www.fragrantica.com/perfume/Monotheme-Venezia/Sweet-Violet-12648.html
111036,Monotheme Venezia,Tabaco Latino,2003,https://www.fragrantica.com/perfume/Monotheme-Venezia/Tabaco-Latino-44699.html
111037,Monotheme Venezia,Talc Douceur,,https://www.fragrantica.com/perfume/Monotheme-Venezia/Talc-Douceur-12645.html
111038,Monotheme Venezia,Te Blanco & Riso,,https://www.fragrantica.com/perfume/Monotheme-Venezia/Te-Blanco-Riso-1210.html
111039,Monotheme Venezia,Te Nero & Vaniglia,,https://www.fragrantica.com/perfume/Monotheme-Venezia/Te-Nero-Vaniglia-1212.html
111040,Monotheme Venezia,Te Rosso & Spezie,,https://www.fragrantica.com/perfume/Monotheme-Venezia/Te-Rosso-Spezie-1211.html
111041,Monotheme Venezia,Te Verde & Bamboo,,https://www.fragrantica.com/perfume/Monotheme-Venezia/Te-Verde-Bamboo-1209.html
111042,Monotheme Venezia,Tea Leaves Green Tea & Bamboo,2006,https://www.fragrantica.com/perfume/Monotheme-Venezia/Tea-Leaves-Green-Tea-Bamboo-4423.html
111043,Monotheme Venezia,Tea Leaves Red Tea & Spices,2006,https://www.fragrantica.com/perfume/Monotheme-Venezia/Tea-Leaves-Red-Tea-Spices-4424.html
111044,Monotheme Venezia,Tea Leaves White Tea & Rice,2008,https://www.fragrantica.com/perfume/Monotheme-Venezia/Tea-Leaves-White-Tea-Rice-4425.html
111045,Monotheme Venezia,Tiare de Tahiti,2012,https://www.fragrantica.com/perfume/Monotheme-Venezia/Tiare-de-Tahiti-9812.html
111046,Monotheme Venezia,Tropical Bamboo,,https://www.fragrantica.com/perfume/Monotheme-Venezia/Tropical-Bamboo-15626.html
111047,Monotheme Venezia,Tuberose,,https://www.fragrantica.com/perfume/Monotheme-Venezia/Tuberose-69593.html
111048,Monotheme Venezia,Vaniglia del Madagascar,2012,https://www.fragrantica.com/perfume/Monotheme-Venezia/Vaniglia-del-Madagascar-15762.html
111049,Monotheme Venezia,Vanilla Blossom,,https://www.fragrantica.com/perfume/Monotheme-Venezia/Vanilla-Blossom-10623.html
111050,Monotheme Venezia,Vanilla Elixir,2012,https://www.fragrantica.com/perfume/Monotheme-Venezia/Vanilla-Elixir-15767.html
111051,Monotheme Venezia,Verbena,2016,https://www.fragrantica.com/perfume/Monotheme-Venezia/Verbena-39302.html
111052,Monotheme Venezia,Verde d'Arancia,,https://www.fragrantica.com/perfume/Monotheme-Venezia/Verde-d-Arancia-15625.html
111053,Monotheme Venezia,Vetiver Bourbon,,https://www.fragrantica.com/perfume/Monotheme-Venezia/Vetiver-Bourbon-1205.html
111054,Monotheme Venezia,White Gardenia,2005,https://www.fragrantica.com/perfume/Monotheme-Venezia/White-Gardenia-12646.html
111055,Monotheme Venezia,White Musk,2012,https://www.fragrantica.com/perfume/Monotheme-Venezia/White-Musk-15768.html
111056,Monotheme Venezia,White Musk Pour Femme,,https://www.fragrantica.com/perfume/Monotheme-Venezia/White-Musk-Pour-Femme-15623.html
111057,Monotheme Venezia,White Tea,,https://www.fragrantica.com/perfume/Monotheme-Venezia/White-Tea-1203.html
111058,Monotheme Venezia,White Tea Flowers,2012,https://www.fragrantica.com/perfume/Monotheme-Venezia/White-Tea-Flowers-15769.html
111059,Monotheme Venezia,Wild Strawberry,2026,https://www.fragrantica.com/perfume/Monotheme-Venezia/Wild-Strawberry-126778.html
111060,Monotheme Venezia,Wisteria,2024,https://www.fragrantica.com/perfume/Monotheme-Venezia/Wisteria-97020.html
111061,Monotheme Venezia,Ylang Ylang della Polinesia,2012,https://www.fragrantica.com/perfume/Monotheme-Venezia/Ylang-Ylang-della-Polinesia-15765.html
111062,Monotheme Venezia,Yuzu,2024,https://www.fragrantica.com/perfume/Monotheme-Venezia/Yuzu-90458.html
111063,Monotheme Venezia,Zagara,,https://www.fragrantica.com/perfume/Monotheme-Venezia/Zagara-15627.html
111064,Monreale,1001 Nights,2024,https://www.fragrantica.com/perfume/Monreale/1001-Nights-135541.html
111065,Monreale,Alhambra,2024,https://www.fragrantica.com/perfume/Monreale/Alhambra-135540.html
111066,Monreale,Bergamont Blow,2021,https://www.fragrantica.com/perfume/Monreale/Bergamont-Blow-78832.html
111067,Monreale,Blackberry Magnolia,2021,https://www.fragrantica.com/perfume/Monreale/Blackberry-Magnolia-78818.html
111068,Monreale,Bois D Amber,2021,https://www.fragrantica.com/perfume/Monreale/Bois-D-Amber-78824.html
111069,Monreale,Cherry Elixir,2021,https://www.fragrantica.com/perfume/Monreale/Cherry-Elixir-78823.html
111070,Monreale,Coeur D Orient,2021,https://www.fragrantica.com/perfume/Monreale/Coeur-D-Orient-78833.html
111071,Monreale,Cuir de Rose,2021,https://www.fragrantica.com/perfume/Monreale/Cuir-de-Rose-78822.html
111072,Monreale,Dessert Flower,2021,https://www.fragrantica.com/perfume/Monreale/Dessert-Flower-78819.html
111073,Monreale,Game of Iris,2021,https://www.fragrantica.com/perfume/Monreale/Game-of-Iris-78831.html
111074,Monreale,Grape Peony,2021,https://www.fragrantica.com/perfume/Monreale/Grape-Peony-78815.html
111075,Monreale,Honey Moon,2021,https://www.fragrantica.com/perfume/Monreale/Honey-Moon-78826.html
111076,Monreale,Inat Oud,2025,https://www.fragrantica.com/perfume/Monreale/Inat-Oud-135557.html
111077,Monreale,Mineral Fuscion,2021,https://www.fragrantica.com/perfume/Monreale/Mineral-Fuscion-78829.html
111078,Monreale,Mineral Infusion,2024,https://www.fragrantica.com/perfume/Monreale/Mineral-Infusion-135555.html
111079,Monreale,Musk Latte,2021,https://www.fragrantica.com/perfume/Monreale/Musk-Latte-78827.html
111080,Monreale,Night Sandalwood,2021,https://www.fragrantica.com/perfume/Monreale/Night-Sandalwood-78828.html
111081,Monreale,Oud Delight,2024,https://www.fragrantica.com/perfume/Monreale/Oud-Delight-135542.html
111082,Monreale,Pepper Fuscion,2021,https://www.fragrantica.com/perfume/Monreale/Pepper-Fuscion-78825.html
111083,Monreale,Rockn Tonka,2021,https://www.fragrantica.com/perfume/Monreale/Rockn-Tonka-78814.html
111084,Monreale,Rose Elixir,2021,https://www.fragrantica.com/perfume/Monreale/Rose-Elixir-78821.html
111085,Monreale,Roses Musk,2021,https://www.fragrantica.com/perfume/Monreale/Roses-Musk-78817.html
111086,Monreale,Shadow Oud,2024,https://www.fragrantica.com/perfume/Monreale/Shadow-Oud-135544.html
111087,Monreale,Suez Oud,2025,https://www.fragrantica.com/perfume/Monreale/Suez-Oud-135559.html
111088,Monreale,Tranon Oud,2025,https://www.fragrantica.com/perfume/Monreale/Tranon-Oud-135558.html
111089,Monreale,Tulip Nymphea,2021,https://www.fragrantica.com/perfume/Monreale/Tulip-Nymphea-78820.html
111090,Monreale,Vanilla Leather,2021,https://www.fragrantica.com/perfume/Monreale/Vanilla-Leather-78816.html
111091,Monreale,Velvet Plums,2021,https://www.fragrantica.com/perfume/Monreale/Velvet-Plums-78813.html
111092,Monreale,Vetyver Incence,2021,https://www.fragrantica.com/perfume/Monreale/Vetyver-Incence-78830.html
111093,Monreale,Zeus Oud,2025,https://www.fragrantica.com/perfume/Monreale/Zeus-Oud-135561.html
111094,Monsillage,Aviation Club,,https://www.fragrantica.com/perfume/Monsillage/Aviation-Club-30804.html
111095,Monsillage,Dupont Circle,,https://www.fragrantica.com/perfume/Monsillage/Dupont-Circle-30803.html
111096,Monsillage,Eau de Céleri,2014,https://www.fragrantica.com/perfume/Monsillage/Eau-de-Celeri-30800.html
111097,Monsillage,Eau Fraiche,,https://www.fragrantica.com/perfume/Monsillage/Eau-Fraiche-30805.html
111098,Monsillage,Ipanema Posto Nove,,https://www.fragrantica.com/perfume/Monsillage/Ipanema-Posto-Nove-30802.html
111099,Monsillage,La Haute Route,2024,https://www.fragrantica.com/perfume/Monsillage/La-Haute-Route-115957.html
111100,Monsillage,Pays Dogon,2017,https://www.fragrantica.com/perfume/Monsillage/Pays-Dogon-44604.html
111101,Monsillage,Route du Quai,2019,https://www.fragrantica.com/perfume/Monsillage/Route-du-Quai-115958.html
111102,Monsillage,Tilleul d'Amérique,2018,https://www.fragrantica.com/perfume/Monsillage/Tilleul-d-Amerique-115959.html
111103,Monsillage,Vol 870 YUL-CDG,,https://www.fragrantica.com/perfume/Monsillage/Vol-870-YUL-CDG-30801.html
111104,Monsillage,Wazo,2016,https://www.fragrantica.com/perfume/Monsillage/Wazo-41755.html
111105,Monsoon,Elation,2010,https://www.fragrantica.com/perfume/Monsoon/Elation-8496.html
111106,Monsoon,Monsoon,2008,https://www.fragrantica.com/perfume/Monsoon/Monsoon-4954.html
111107,Monsoon,Monsoon (2008),2008,https://www.fragrantica.com/designers/Monsoon.html
111108,Monsoon,Monsoon Eau,1997,https://www.fragrantica.com/perfume/Monsoon/Monsoon-Eau-11968.html
111109,Monsoon,Monsoon (original),1994,https://www.fragrantica.com/perfume/Monsoon/Monsoon-original-11967.html
111110,Monsoon,Monsoon (original) 1994,1994,https://www.fragrantica.com/designers/Monsoon.html
111111,Monsoon,My Fairytale Fragrance,2017,https://www.fragrantica.com/perfume/Monsoon/My-Fairytale-Fragrance-47744.html
111112,Monsoon,Rose Gold,2015,https://www.fragrantica.com/perfume/Monsoon/Rose-Gold-33547.html
111113,Monsoon,Shimo,1996,https://www.fragrantica.com/perfume/Monsoon/Shimo-11969.html
111114,Mont’Anne Parfums,Adieu Luxe,2022,https://www.fragrantica.com/perfume/Mont-Anne-Parfums/Adieu-Luxe-112219.html
111115,Mont’Anne Parfums,Beauty Flower Luxe,2019,https://www.fragrantica.com/perfume/Mont-Anne-Parfums/Beauty-Flower-Luxe-61903.html
111116,Mont’Anne Parfums,Belle Jour Luxe,2019,https://www.fragrantica.com/perfume/Mont-Anne-Parfums/Belle-Jour-Luxe-72123.html
111117,Mont’Anne Parfums,Black Sight Luxe,2022,https://www.fragrantica.com/perfume/Mont-Anne-Parfums/Black-Sight-Luxe-112225.html
111118,Mont’Anne Parfums,City of Dreams,2018,https://www.fragrantica.com/perfume/Mont-Anne-Parfums/City-of-Dreams-56894.html
111119,Mont’Anne Parfums,Coupe Luxe,2019,https://www.fragrantica.com/perfume/Mont-Anne-Parfums/Coupe-Luxe-61944.html
111120,Mont’Anne Parfums,Deep Splendore,2018,https://www.fragrantica.com/perfume/Mont-Anne-Parfums/Deep-Splendore-71059.html
111121,Mont’Anne Parfums,Deserve Glamour,2022,https://www.fragrantica.com/perfume/Mont-Anne-Parfums/Deserve-Glamour-112221.html
111122,Mont’Anne Parfums,Deserve Homme,2019,https://www.fragrantica.com/perfume/Mont-Anne-Parfums/Deserve-Homme-61941.html
111123,Mont’Anne Parfums,Deserve Woman,2019,https://www.fragrantica.com/perfume/Mont-Anne-Parfums/Deserve-Woman-72122.html
111124,Mont’Anne Parfums,Divine Woman Luxe,2017,https://www.fragrantica.com/perfume/Mont-Anne-Parfums/Divine-Woman-Luxe-61907.html
111125,Mont’Anne Parfums,Donna,2018,https://www.fragrantica.com/perfume/Mont-Anne-Parfums/Donna-71060.html
111126,Mont’Anne Parfums,Fétiche Moi Luxe,2018,https://www.fragrantica.com/perfume/Mont-Anne-Parfums/Fetiche-Moi-Luxe-56893.html
111127,Mont’Anne Parfums,Good Voice Luxe,2017,https://www.fragrantica.com/perfume/Mont-Anne-Parfums/Good-Voice-Luxe-61924.html
111128,Mont’Anne Parfums,I Love Mont'Anne Glamour,2019,https://www.fragrantica.com/perfume/Mont-Anne-Parfums/I-Love-Mont-Anne-Glamour-61904.html
111129,Mont’Anne Parfums,I Love Mont'anne Luxe,2019,https://www.fragrantica.com/perfume/Mont-Anne-Parfums/I-Love-Mont-anne-Luxe-61905.html
111130,Mont’Anne Parfums,Knock Out,2017,https://www.fragrantica.com/perfume/Mont-Anne-Parfums/Knock-Out-72121.html
111131,Mont’Anne Parfums,Lord Hours Luxe,2017,https://www.fragrantica.com/perfume/Mont-Anne-Parfums/Lord-Hours-Luxe-61943.html
111132,Mont’Anne Parfums,Lovely Heart Luxe,2022,https://www.fragrantica.com/perfume/Mont-Anne-Parfums/Lovely-Heart-Luxe-112220.html
111133,Mont’Anne Parfums,Miss You Glamour,2022,https://www.fragrantica.com/perfume/Mont-Anne-Parfums/Miss-You-Glamour-112218.html
111134,Mont’Anne Parfums,Miss You Luxe,2022,https://www.fragrantica.com/perfume/Mont-Anne-Parfums/Miss-You-Luxe-112217.html
111135,Mont’Anne Parfums,Mont'Anne Men Privé,2017,https://www.fragrantica.com/perfume/Mont-Anne-Parfums/Mont-Anne-Men-Prive-61939.html
111136,Mont’Anne Parfums,My Phone Gold Luxe,2017,https://www.fragrantica.com/perfume/Mont-Anne-Parfums/My-Phone-Gold-Luxe-61906.html
111137,Mont’Anne Parfums,My Phone Platinum Luxe,2017,https://www.fragrantica.com/perfume/Mont-Anne-Parfums/My-Phone-Platinum-Luxe-61922.html
111138,Mont’Anne Parfums,Ocupletis Luxe,2022,https://www.fragrantica.com/perfume/Mont-Anne-Parfums/Ocupletis-Luxe-112223.html
111139,Mont’Anne Parfums,Odoratus Femme Luxe,2022,https://www.fragrantica.com/perfume/Mont-Anne-Parfums/Odoratus-Femme-Luxe-112224.html
111140,Mont’Anne Parfums,On Time Luxe,2017,https://www.fragrantica.com/perfume/Mont-Anne-Parfums/On-Time-Luxe-61942.html
111141,Mont’Anne Parfums,Pulcher Femme Luxe,2022,https://www.fragrantica.com/perfume/Mont-Anne-Parfums/Pulcher-Femme-Luxe-112222.html
111142,Mont’Anne Parfums,Richest Men,2018,https://www.fragrantica.com/perfume/Mont-Anne-Parfums/Richest-Men-61938.html
111143,Mont’Anne Parfums,Sport Class Club Men,2019,https://www.fragrantica.com/perfume/Mont-Anne-Parfums/Sport-Class-Club-Men-61940.html
111144,Mont’Anne Parfums,Staros Men,2018,https://www.fragrantica.com/perfume/Mont-Anne-Parfums/Staros-Men-61937.html
111145,Mont’Anne Parfums,Strongest Luxe,2017,https://www.fragrantica.com/perfume/Mont-Anne-Parfums/Strongest-Luxe-61923.html
111146,Mont’Anne Parfums,Top Girl Privê,2019,https://www.fragrantica.com/perfume/Mont-Anne-Parfums/Top-Girl-Prive-79786.html
111147,Mont’Anne Parfums,Track Speed Luxe,2019,https://www.fragrantica.com/perfume/Mont-Anne-Parfums/Track-Speed-Luxe-61945.html
111148,Mont’Anne Parfums,With Love Glamour,2019,https://www.fragrantica.com/perfume/Mont-Anne-Parfums/With-Love-Glamour-72119.html
111149,Mont’Anne Parfums,With Love Luxe,2019,https://www.fragrantica.com/perfume/Mont-Anne-Parfums/With-Love-Luxe-72118.html
111150,Mont’Anne Parfums,Woman Privé,2020,https://www.fragrantica.com/perfume/Mont-Anne-Parfums/Woman-Prive-72120.html
111151,Mont St Michel,Ambrée Authentique,,https://www.fragrantica.com/perfume/Mont-St-Michel/Ambree-Authentique-41488.html
111152,Mont St Michel,Après l'Orage,2017,https://www.fragrantica.com/perfume/Mont-St-Michel/Apres-l-Orage-92346.html
111153,Mont St Michel,Cerisier en Fleurs,2017,https://www.fragrantica.com/perfume/Mont-St-Michel/Cerisier-en-Fleurs-60032.html
111154,Mont St Michel,Eau de Cologne L'Originale,1920,https://www.fragrantica.com/perfume/Mont-St-Michel/Eau-de-Cologne-L-Originale-41491.html
111155,Mont St Michel,Fraîcheur d'Enfance,,https://www.fragrantica.com/perfume/Mont-St-Michel/Fraicheur-d-Enfance-41493.html
111156,Mont St Michel,Fraicheur de Figue,2017,https://www.fragrantica.com/perfume/Mont-St-Michel/Fraicheur-de-Figue-60034.html
111157,Mont St Michel,Fraîcheur Intense,,https://www.fragrantica.com/perfume/Mont-St-Michel/Fraicheur-Intense-41489.html
111158,Mont St Michel,Jardin Merveilleux,,https://www.fragrantica.com/perfume/Mont-St-Michel/Jardin-Merveilleux-55468.html
111159,Mont St Michel,Naturelle Classique,,https://www.fragrantica.com/perfume/Mont-St-Michel/Naturelle-Classique-41490.html
111160,Mont St Michel,Petale de Neroli,2017,https://www.fragrantica.com/perfume/Mont-St-Michel/Petale-de-Neroli-60033.html
111161,Montale,Amandes Orientales,2010,https://www.fragrantica.com/perfume/Montale/Amandes-Orientales-3758.html
111162,Montale,Amber & Spices,2009,https://www.fragrantica.com/perfume/Montale/Amber-Spices-9560.html
111163,Montale,Amber Musk,2018,https://www.fragrantica.com/perfume/Montale/Amber-Musk-51491.html
111164,Montale,Aoud Amber Rose,2010,https://www.fragrantica.com/perfume/Montale/Aoud-Amber-Rose-12304.html
111165,Montale,Aoud Ambre,2006,https://www.fragrantica.com/perfume/Montale/Aoud-Ambre-3671.html
111166,Montale,Aoud Blossom,2008,https://www.fragrantica.com/perfume/Montale/Aoud-Blossom-14782.html
111167,Montale,Aoud Collection - Golden Aoud,2008,https://www.fragrantica.com/perfume/Montale/Aoud-Collection-Golden-Aoud-3240.html
111168,Montale,Aoud Cuir d’Arabie,2006,https://www.fragrantica.com/perfume/Montale/Aoud-Cuir-d-Arabie-1143.html
111169,Montale,Aoud Damascus,2006,https://www.fragrantica.com/perfume/Montale/Aoud-Damascus-1140.html
111170,Montale,Aoud Ever,2012,https://www.fragrantica.com/perfume/Montale/Aoud-Ever-16292.html
111171,Montale,Aoud Flowers,2008,https://www.fragrantica.com/perfume/Montale/Aoud-Flowers-3239.html
111172,Montale,Aoud Forest,2009,https://www.fragrantica.com/perfume/Montale/Aoud-Forest-9559.html
111173,Montale,Aoud Greedy,2013,https://www.fragrantica.com/perfume/Montale/Aoud-Greedy-18022.html
111174,Montale,Aoud Jasmine,2016,https://www.fragrantica.com/perfume/Montale/Aoud-Jasmine-42874.html
111175,Montale,Aoud Lagoon,2016,https://www.fragrantica.com/perfume/Montale/Aoud-Lagoon-35974.html
111176,Montale,Aoud Lavender,2015,https://www.fragrantica.com/perfume/Montale/Aoud-Lavender-30507.html
111177,Montale,Aoud Leather,2009,https://www.fragrantica.com/perfume/Montale/Aoud-Leather-9224.html
111178,Montale,Aoud Legend,2016,https://www.fragrantica.com/perfume/Montale/Aoud-Legend-40907.html
111179,Montale,Aoud Lime,2005,https://www.fragrantica.com/perfume/Montale/Aoud-Lime-3755.html
111180,Montale,Aoud Melody,2014,https://www.fragrantica.com/perfume/Montale/Aoud-Melody-23364.html
111181,Montale,Aoud Musk,2010,https://www.fragrantica.com/perfume/Montale/Aoud-Musk-9558.html
111182,Montale,Aoud Night,2014,https://www.fragrantica.com/perfume/Montale/Aoud-Night-28010.html
111183,Montale,Aoud Purple Rose,2012,https://www.fragrantica.com/perfume/Montale/Aoud-Purple-Rose-14841.html
111184,Montale,Aoud Queen Roses,2007,https://www.fragrantica.com/perfume/Montale/Aoud-Queen-Roses-1139.html
111185,Montale,Aoud Red Flowers,2008,https://www.fragrantica.com/perfume/Montale/Aoud-Red-Flowers-4060.html
111186,Montale,Aoud Rose Petals,2005,https://www.fragrantica.com/perfume/Montale/Aoud-Rose-Petals-1141.html
111187,Montale,Aoud Roses Petals,,https://www.parfumo.com/Perfumes/Montale/Aoud_Roses_Petals
111188,Montale,Aoud Safran,2009,https://www.fragrantica.com/perfume/Montale/Aoud-Safran-9557.html
111189,Montale,Aoud Sense,2015,https://www.fragrantica.com/perfume/Montale/Aoud-Sense-30508.html
111190,Montale,Aoud Shiny,2008,https://www.fragrantica.com/perfume/Montale/Aoud-Shiny-4982.html
111191,Montale,Aoud Velvet,2006,https://www.fragrantica.com/perfume/Montale/Aoud-Velvet-3786.html
111192,Montale,Aqua Gold,2018,https://www.fragrantica.com/perfume/Montale/Aqua-Gold-48946.html
111193,Montale,Aqua Palma,2022,https://www.fragrantica.com/perfume/Montale/Aqua-Palma-73226.html
111194,Montale,Arabians,2017,https://www.fragrantica.com/perfume/Montale/Arabians-45306.html
111195,Montale,Arabians Musk,2024,https://www.fragrantica.com/perfume/Montale/Arabians-Musk-97829.html
111196,Montale,Arabians Rose Leather,2025,https://www.fragrantica.com/perfume/Montale/Arabians-Rose-Leather-104090.html
111197,Montale,Arabians Tonka,2019,https://www.fragrantica.com/perfume/Montale/Arabians-Tonka-57384.html
111198,Montale,Aromatic Lime,2010,https://www.fragrantica.com/perfume/Montale/Aromatic-Lime-1145.html
111199,Montale,Attar (Perfume Oil),2005,https://www.fragrantica.com/perfume/Montale/Attar-3674.html
111200,Montale,Bakhoor,2018,https://www.fragrantica.com/perfume/Montale/Bakhoor-51879.html
111201,Montale,Be My Plum,2025,https://www.fragrantica.com/perfume/Montale/Be-My-Plum-116396.html
111202,Montale,Beast Love,2024,https://www.fragrantica.com/perfume/Montale/Beast-Love-90740.html
111203,Montale,Bengal Oud,2019,https://www.fragrantica.com/perfume/Montale/Bengal-Oud-57382.html
111204,Montale,Black Aoud,2006,https://www.fragrantica.com/perfume/Montale/Black-Aoud-1142.html
111205,Montale,Black Musk,2010,https://www.fragrantica.com/perfume/Montale/Black-Musk-12298.html
111206,Montale,Blue Amber,2006,https://www.fragrantica.com/perfume/Montale/Blue-Amber-3759.html
111207,Montale,Blue Matcha,2021,https://www.fragrantica.com/perfume/Montale/Blue-Matcha-68793.html
111208,Montale,Boise Fruite,2009,https://www.fragrantica.com/perfume/Montale/Boise-Fruite-6646.html
111209,Montale,Boise Vanille,2007,https://www.fragrantica.com/perfume/Montale/Boise-Vanille-4063.html
111210,Montale,Bubble Forever,2024,https://www.fragrantica.com/perfume/Montale/Bubble-Forever-90739.html
111211,Montale,Candy Rose,2012,https://www.fragrantica.com/perfume/Montale/Candy-Rose-16293.html
111212,Montale,Cedrat Lova,2026,https://www.fragrantica.com/perfume/Montale/Cedrat-Lova-128866.html
111213,Montale,Chocolate Greedy,2007,https://www.fragrantica.com/perfume/Montale/Chocolate-Greedy-2186.html
111214,Montale,Chypre Fruite,2009,https://www.fragrantica.com/perfume/Montale/Chypre-Fruite-3756.html
111215,Montale,Chypre Vanille,2006,https://www.fragrantica.com/perfume/Montale/Chypre-Vanille-8814.html
111216,Montale,Crazy In Love,2021,https://www.fragrantica.com/perfume/Montale/Crazy-In-Love-67108.html
111217,Montale,Crystal Aoud,2008,https://www.fragrantica.com/perfume/Montale/Crystal-Aoud-4983.html
111218,Montale,Crystal Flowers,2007,https://www.fragrantica.com/perfume/Montale/Crystal-Flowers-3772.html
111219,Montale,Dallachaï,2024,https://www.fragrantica.com/perfume/Montale/Dallachai-97830.html
111220,Montale,Dark Aoud,2011,https://www.fragrantica.com/perfume/Montale/Dark-Aoud-12134.html
111221,Montale,Dark Purple,2011,https://www.fragrantica.com/perfume/Montale/Dark-Purple-13280.html
111222,Montale,Dark Purple Black Purple,2011,https://www.parfumo.com/Perfumes/Montale/dark-purple-black-purple
111223,Montale,Dark Vanilla,2020,https://www.fragrantica.com/perfume/Montale/Dark-Vanilla-64050.html
111224,Montale,Day Dreams,2017,https://www.fragrantica.com/perfume/Montale/Day-Dreams-45055.html
111225,Montale,Deep Roses,2009,https://www.fragrantica.com/perfume/Montale/Deep-Roses-6648.html
111226,Montale,Dew Musk,2008,https://www.fragrantica.com/perfume/Montale/Dew-Musk-3771.html
111227,Montale,Diamond Flowers,2017,https://www.fragrantica.com/perfume/Montale/Diamond-Flowers-44865.html
111228,Montale,Diamond Greedy,2017,https://www.fragrantica.com/perfume/Montale/Diamond-Greedy-44867.html
111229,Montale,Diamond Rose,2017,https://www.fragrantica.com/perfume/Montale/Diamond-Rose-44866.html
111230,Montale,Embruns d'Essaouira,2009,https://www.fragrantica.com/perfume/Montale/Embruns-d-Essaouira-3760.html
111231,Montale,Fantastic Basilic,2022,https://www.fragrantica.com/perfume/Montale/Fantastic-Basilic-74106.html
111232,Montale,Fantastic Oud,2018,https://www.fragrantica.com/perfume/Montale/Fantastic-Oud-48945.html
111233,Montale,Fougeres Marines,2007,https://www.fragrantica.com/perfume/Montale/Fougeres-Marines-3761.html
111234,Montale,Fruits of the Musk,2008,https://www.fragrantica.com/perfume/Montale/Fruits-of-the-Musk-5143.html
111235,Montale,Fruity Fruity,2011,https://www.parfumo.com/Perfumes/Montale/Fruity_Fruity
111236,Montale,Full Incense,2010,https://www.fragrantica.com/perfume/Montale/Full-Incense-9556.html
111237,Montale,Ginger Musk,2006,https://www.fragrantica.com/perfume/Montale/Ginger-Musk-2187.html
111238,Montale,Gold Flowers,2009,https://www.fragrantica.com/perfume/Montale/Gold-Flowers-12305.html
111239,Montale,Golden Aoud,2008,https://www.parfumo.com/Perfumes/Montale/Golden_Aoud
111240,Montale,Golden Sand,2015,https://www.fragrantica.com/perfume/Montale/Golden-Sand-31770.html
111241,Montale,Greyland,2006,https://www.fragrantica.com/perfume/Montale/Greyland-3762.html
111242,Montale,Herbal Aquatica,2022,https://www.fragrantica.com/perfume/Montale/Herbal-Aquatica-78379.html
111243,Montale,Highness Rose,2012,https://www.fragrantica.com/perfume/Montale/Highness-Rose-4062.html
111244,Montale,Holy Musk,2026,https://www.fragrantica.com/perfume/Montale/Holy-Musk-134981.html
111245,Montale,Holy Neroli,2023,https://www.fragrantica.com/perfume/Montale/Holy-Neroli-87141.html
111246,Montale,Honey Aoud,2015,https://www.fragrantica.com/perfume/Montale/Honey-Aoud-30509.html
111247,Montale,Infinity,2023,https://www.fragrantica.com/perfume/Montale/Infinity-81773.html
111248,Montale,Intense Amber,2016,https://www.fragrantica.com/perfume/Montale/Intense-Amber-35156.html
111249,Montale,Intense Black Aoud,2017,https://www.fragrantica.com/perfume/Montale/Intense-Black-Aoud-46714.html
111250,Montale,Intense Cafe,2013,https://www.fragrantica.com/perfume/Montale/Intense-Cafe-18021.html
111251,Montale,Intense Cherry,2017,https://www.fragrantica.com/perfume/Montale/Intense-Cherry-43319.html
111252,Montale,Intense Iris,2017,https://www.fragrantica.com/perfume/Montale/Intense-Iris-43413.html
111253,Montale,Intense Pepper,2014,https://www.fragrantica.com/perfume/Montale/Intense-Pepper-28120.html
111254,Montale,Intense Roses Musk,2015,https://www.fragrantica.com/perfume/Montale/Intense-Roses-Musk-31893.html
111255,Montale,Intense So Iris,2017,https://www.parfumo.com/Perfumes/Montale/Intense_So_Iris
111256,Montale,Intense Tiare,2005,https://www.fragrantica.com/perfume/Montale/Intense-Tiare-3763.html
111257,Montale,Jasmin Full,2006,https://www.fragrantica.com/perfume/Montale/Jasmin-Full-3677.html
111258,Montale,Leather Patchouli,2018,https://www.fragrantica.com/perfume/Montale/Leather-Patchouli-51492.html
111259,Montale,Louban,2009,https://www.fragrantica.com/perfume/Montale/Louban-8982.html
111260,Montale,Lucky Candy,2023,https://www.fragrantica.com/perfume/Montale/Lucky-Candy-87365.html
111261,Montale,Mango Manga,2010,https://www.fragrantica.com/perfume/Montale/Mango-Manga-9470.html
111262,Montale,Moon Aoud,2011,https://www.fragrantica.com/perfume/Montale/Moon-Aoud-12135.html
111263,Montale,Mukhallat,2008,https://www.fragrantica.com/perfume/Montale/Mukhallat-3241.html
111264,Montale,Musk to Musk,2010,https://www.fragrantica.com/perfume/Montale/Musk-to-Musk-12299.html
111265,Montale,Nepal Aoud,2014,https://www.fragrantica.com/perfume/Montale/Nepal-Aoud-25614.html
111266,Montale,Orange Aoud,2014,https://www.fragrantica.com/perfume/Montale/Orange-Aoud-23365.html
111267,Montale,Orange Flowers,2015,https://www.fragrantica.com/perfume/Montale/Orange-Flowers-30510.html
111268,Montale,Orchid Powder,2018,https://www.fragrantica.com/perfume/Montale/Orchid-Powder-48947.html
111269,Montale,Orient Extreme,2005,https://www.fragrantica.com/perfume/Montale/Orient-Extreme-3757.html
111270,Montale,Oriental Flowers,2008,https://www.fragrantica.com/perfume/Montale/Oriental-Flowers-3242.html
111271,Montale,Original Aoud,2007,https://www.fragrantica.com/perfume/Montale/Original-Aoud-17324.html
111272,Montale,Oud Dream,2019,https://www.fragrantica.com/perfume/Montale/Oud-Dream-53632.html
111273,Montale,Oud Edition,,https://www.fragrantica.com/perfume/Montale/Oud-Edition-71994.html
111274,Montale,Oud Fool Roses,2024,https://www.fragrantica.com/perfume/Montale/Oud-Fool-Roses-90741.html
111275,Montale,Oud Island,2023,https://www.fragrantica.com/perfume/Montale/Oud-Island-82554.html
111276,Montale,Oud Pashmina,2021,https://www.fragrantica.com/perfume/Montale/Oud-Pashmina-64641.html
111277,Montale,Oud Sapparot,2025,https://www.fragrantica.com/perfume/Montale/Oud-Sapparot-104089.html
111278,Montale,Oud Tobacco,2020,https://www.fragrantica.com/perfume/Montale/Oud-Tobacco-61494.html
111279,Montale,Oudmazing,2016,https://www.fragrantica.com/perfume/Montale/Oudmazing-36827.html
111280,Montale,Oudrising,2020,https://www.fragrantica.com/perfume/Montale/Oudrising-60402.html
111281,Montale,Oudyssee,2023,https://www.fragrantica.com/perfume/Montale/Oudyssee-81772.html
111282,Montale,Patchouli Leaves,2006,https://www.fragrantica.com/perfume/Montale/Patchouli-Leaves-3764.html
111283,Montale,Pink Extasy,2014,https://www.fragrantica.com/perfume/Montale/Pink-Extasy-28119.html
111284,Montale,Powder Flowers (Eau de Parfum),2005,https://www.fragrantica.com/perfume/Montale/Powder-Flowers-5142.html
111285,Montale,Powder Flowers Montale Hair Mist,,https://www.parfumo.com/Perfumes/Montale/powder-flowers-hair-mist
111286,Montale,Pretty Fruity,2011,https://www.fragrantica.com/perfume/Montale/Pretty-Fruity-12301.html
111287,Montale,Pure Gold,2009,https://www.fragrantica.com/perfume/Montale/Pure-Gold-9225.html
111288,Montale,Pure Love,2019,https://www.fragrantica.com/perfume/Montale/Pure-Love-57886.html
111289,Montale,Red Aoud,2008,https://www.fragrantica.com/perfume/Montale/Red-Aoud-3237.html
111290,Montale,Red Vetiver,2008,https://www.fragrantica.com/perfume/Montale/Red-Vetiver-4061.html
111291,Montale,Red Vetiver Red Vetyver,,https://www.parfumo.com/Perfumes/Montale/Red_Vetiver_Red_Vetyver
111292,Montale,Rendez-vous à Milan,2022,https://www.fragrantica.com/perfume/Montale/Rendez-vous-a-Milan-75004.html
111293,Montale,Rendez-vous à Moscou,2018,https://www.fragrantica.com/perfume/Montale/Rendez-vous-a-Moscou-50025.html
111294,Montale,Rendez-vous à Paris,2023,https://www.fragrantica.com/perfume/Montale/Rendez-vous-a-Paris-82127.html
111295,Montale,Rendez-Vous Chez Harrods,2024,https://www.fragrantica.com/perfume/Montale/Rendez-Vous-Chez-Harrods-93893.html
111296,Montale,Ristretto Intense Café,2019,https://www.fragrantica.com/perfume/Montale/Ristretto-Intense-Cafe-55001.html
111297,Montale,Rose Elixir,,https://huggingface.co/datasets/doevent/perfume
111298,Montale,Rose Elixir Montale Hair Mist,,https://www.parfumo.com/Perfumes/Montale/Rose_Elixir_Hair_Mist
111299,Montale,Rose Elixir Roses Elixir Montale 2010 Eau de Parfum,2010,https://www.parfumo.com/Perfumes/Montale/Rose_Elixir_Roses_Elixir
111300,Montale,Rose Night,2014,https://www.fragrantica.com/perfume/Montale/Rose-Night-28011.html
111301,Montale,Rose Tea,,https://www.fragrantica.com/perfume/Montale/Rose-Tea-39343.html
111302,Montale,Roses Elixir,2010,https://www.fragrantica.com/perfume/Montale/Roses-Elixir-9222.html
111303,Montale,Roses Musk (Hair Mist),2009,https://www.fragrantica.com/perfume/Montale/Roses-Musk-1148.html
111304,Montale,Roses Musk Limited,2013,https://www.parfumo.com/Perfumes/Montale/roses-musk-limited
111305,Montale,Roses Musk Limited Edition,2019,https://www.fragrantica.com/perfume/Montale/Roses-Musk-Limited-Edition-56009.html
111306,Montale,Roses Musk Ltd. Ed. 2020,2020,https://huggingface.co/datasets/doevent/perfume
111307,Montale,Roses Musk Montale Eau de Parfum,,https://www.parfumo.com/Perfumes/Montale/roses-musk-eau-de-parfum
111308,Montale,Roses Musk Montale Hair Mist,,https://www.parfumo.com/Perfumes/Montale/roses-musk-hair-mist
111309,Montale,Royal Aoud,2005,https://www.fragrantica.com/perfume/Montale/Royal-Aoud-3675.html
111310,Montale,Sandal Sliver,2007,https://www.fragrantica.com/perfume/Montale/Sandal-Sliver-3765.html
111311,Montale,Sandalsliver,,https://www.parfumo.com/Perfumes/Montale/Sandal_Sliver
111312,Montale,Sandflowers,2009,https://www.fragrantica.com/perfume/Montale/Sandflowers-3766.html
111313,Montale,Santal Wood,2012,https://www.fragrantica.com/perfume/Montale/Santal-Wood-14842.html
111314,Montale,Sensual Instinct,2019,https://www.fragrantica.com/perfume/Montale/Sensual-Instinct-53675.html
111315,Montale,Sliver Aoud,2008,https://www.fragrantica.com/perfume/Montale/Sliver-Aoud-4981.html
111316,Montale,So Amber,2016,https://www.parfumo.com/Perfumes/Montale/So_Amber
111317,Montale,So Flowers,2010,https://www.fragrantica.com/perfume/Montale/So-Flowers-9223.html
111318,Montale,Soleil de Capri,2007,https://www.fragrantica.com/perfume/Montale/Soleil-de-Capri-3767.html
111319,Montale,Soleil de Capri for Gold Apple,2022,https://www.fragrantica.com/perfume/Montale/Soleil-de-Capri-for-Gold-Apple-71857.html
111320,Montale,Spicy Aoud,2016,https://www.fragrantica.com/perfume/Montale/Spicy-Aoud-41075.html
111321,Montale,Spicy Aoud Aoud Spicy Musk,2015,https://www.parfumo.com/Perfumes/Montale/Spicy_Aoud_Aoud_Spicy_Musk
111322,Montale,Starry Nights,2015,https://www.fragrantica.com/perfume/Montale/Starry-Nights-31771.html
111323,Montale,Starry Nights Intense,2025,https://www.fragrantica.com/perfume/Montale/Starry-Nights-Intense-116411.html
111324,Montale,Steam Aoud,,https://www.parfumo.com/Perfumes/Montale/Steam_Aoud
111325,Montale,Steam Aoud (Aoud Hoggar Mota),2006,https://www.fragrantica.com/perfume/Montale/Steam-Aoud-Aoud-Hoggar-Mota-3676.html
111326,Montale,Sunset Flowers,2008,https://www.fragrantica.com/perfume/Montale/Sunset-Flowers-3238.html
111327,Montale,Sweet Flowers,2018,https://www.fragrantica.com/perfume/Montale/Sweet-Flowers-51489.html
111328,Montale,Sweet Oriental Dream,2005,https://www.fragrantica.com/perfume/Montale/Sweet-Oriental-Dream-3768.html
111329,Montale,Sweet Peony,2017,https://www.fragrantica.com/perfume/Montale/Sweet-Peony-46099.html
111330,Montale,Sweet Vanilla,2015,https://www.fragrantica.com/perfume/Montale/Sweet-Vanilla-39411.html
111331,Montale,Taif Roses,2007,https://www.fragrantica.com/perfume/Montale/Taif-Roses-14783.html
111332,Montale,The New Rose,2016,https://www.fragrantica.com/perfume/Montale/The-New-Rose-40906.html
111333,Montale,Tropical Wood,2016,https://www.fragrantica.com/perfume/Montale/Tropical-Wood-35972.html
111334,Montale,Vanilla Cake,2018,https://www.fragrantica.com/perfume/Montale/Vanilla-Cake-48948.html
111335,Montale,Vanilla Extasy,2008,https://www.fragrantica.com/perfume/Montale/Vanilla-Extasy-4059.html
111336,Montale,Vanille Absolu,2008,https://www.fragrantica.com/perfume/Montale/Vanille-Absolu-4064.html
111337,Montale,Velvet Fantasy,2020,https://www.fragrantica.com/perfume/Montale/Velvet-Fantasy-59891.html
111338,Montale,Velvet Flowers,2008,https://www.fragrantica.com/perfume/Montale/Velvet-Flowers-9561.html
111339,Montale,Vetiver Des Sables,2006,https://www.fragrantica.com/perfume/Montale/Vetiver-Des-Sables-3769.html
111340,Montale,Vetiver Patchouli,2019,https://www.fragrantica.com/perfume/Montale/Vetiver-Patchouli-54890.html
111341,Montale,White Aoud,2006,https://www.fragrantica.com/perfume/Montale/White-Aoud-1146.html
111342,Montale,White Musk (Eau de Parfum),2007,https://www.fragrantica.com/perfume/Montale/White-Musk-3770.html
111343,Montale,White Musk Montale Hair Mist,,https://www.parfumo.com/Perfumes/Montale/white-musk-hair-mist
111344,Montale,Wild Aoud,2009,https://www.fragrantica.com/perfume/Montale/Wild-Aoud-6647.html
111345,Montale,Wild Pears,2011,https://www.fragrantica.com/perfume/Montale/Wild-Pears-12302.html
111346,Montale,Wood and Spices,2005,https://www.fragrantica.com/perfume/Montale/Wood-and-Spices-1147.html
111347,Montale,Wood On Fire,2021,https://www.fragrantica.com/perfume/Montale/Wood-On-Fire-71301.html
111348,Montana,Claude,2014,https://www.parfumo.com/Perfumes/Montana/Claude_Montana
111349,Montana,Claude Montana,2014,https://www.fragrantica.com/perfume/Montana/Claude-Montana-32330.html
111350,Montana,Comore,2004,https://www.fragrantica.com/perfume/Montana/Comore-32332.html
111351,Montana,Eau Cuivrée,2015,https://www.fragrantica.com/perfume/Montana/Eau-Cuivree-32583.html
111352,Montana,Eau d'Argent,2015,https://www.fragrantica.com/perfume/Montana/Eau-d-Argent-32582.html
111353,Montana,Eau d'Or,2015,https://www.fragrantica.com/perfume/Montana/Eau-d-Or-32581.html
111354,Montana,Eau Transparente,2003,https://www.fragrantica.com/perfume/Montana/Eau-Transparente-32333.html
111355,Montana,Graphite,2011,https://www.fragrantica.com/perfume/Montana/Graphite-13518.html
111356,Montana,Graphite Oud Edition,2014,https://www.fragrantica.com/perfume/Montana/Graphite-Oud-Edition-31963.html
111357,Montana,Just For You,2024,https://www.fragrantica.com/perfume/Montana/Just-For-You-98203.html
111358,Montana,Just Me,1998,https://www.fragrantica.com/perfume/Montana/Just-Me-1897.html
111359,Montana,Malaita,2004,https://www.fragrantica.com/perfume/Montana/Malaita-11978.html
111360,Montana,Montana 80,2010,https://www.fragrantica.com/perfume/Montana/Montana-80-11132.html
111361,Montana,Montana Black Edition,2011,https://www.fragrantica.com/perfume/Montana/Montana-Black-Edition-17676.html
111362,Montana,Montana Blu,2000,https://www.fragrantica.com/perfume/Montana/Montana-Blu-2373.html
111363,Montana,Montana Collection Edition 1,,https://www.fragrantica.com/perfume/Montana/Montana-Collection-Edition-1-119794.html
111364,Montana,Montana Collection Edition 2,,https://www.fragrantica.com/perfume/Montana/Montana-Collection-Edition-2-119795.html
111365,Montana,Montana Collection Edition 3,,https://www.fragrantica.com/perfume/Montana/Montana-Collection-Edition-3-119796.html
111366,Montana,Montana Collection Edition 4,,https://www.fragrantica.com/perfume/Montana/Montana-Collection-Edition-4-119797.html
111367,Montana,Montana Collection Edition 5,,https://www.fragrantica.com/perfume/Montana/Montana-Collection-Edition-5-119798.html
111368,Montana,Montana en Turquoise,2008,https://www.fragrantica.com/perfume/Montana/Montana-en-Turquoise-3608.html
111369,Montana,Montana Green (Eau de Toilette),2003,https://www.fragrantica.com/perfume/Montana/Montana-Green-2374.html
111370,Montana,Montana Green Montana 2002 Lotion Après Rasage,2002,https://www.parfumo.com/Perfumes/Montana/Montana_Green_Lotion_Apres_Rasage
111371,Montana,Montana Homme (Eau de Toilette),2001,https://www.fragrantica.com/perfume/Montana/Montana-Homme-2381.html
111372,Montana,Montana Homme Montana 2001 Lotion Après Rasage,2001,https://www.parfumo.com/Perfumes/Montana/Montana_Homme_Lotion_Apres_Rasage
111373,Montana,Montana Initial,2015,https://www.fragrantica.com/perfume/Montana/Montana-Initial-32334.html
111374,Montana,Montana Mood Sensual,2006,https://www.fragrantica.com/perfume/Montana/Montana-Mood-Sensual-2375.html
111375,Montana,Montana Mood Sexy,2006,https://www.fragrantica.com/perfume/Montana/Montana-Mood-Sexy-2376.html
111376,Montana,Montana Mood Soft,2006,https://www.fragrantica.com/perfume/Montana/Montana-Mood-Soft-2377.html
111377,Montana,Montana Parfum d'Homme,1989,https://www.fragrantica.com/perfume/Montana/Montana-Parfum-d-Homme-2384.html
111378,Montana,Parfum d'Elle,1990,https://www.fragrantica.com/perfume/Montana/Parfum-d-Elle-2382.html
111379,Montana,Parfum d'Elle 2,2003,https://www.fragrantica.com/perfume/Montana/Parfum-d-Elle-2-2383.html
111380,Montana,Parfum de Femme,2007,https://www.fragrantica.com/perfume/Montana/Parfum-de-Femme-7182.html
111381,Montana,Parfum de Peau,1986,https://www.fragrantica.com/perfume/Montana/Parfum-de-Peau-2385.html
111382,Montana,Peau Intense,2019,https://www.fragrantica.com/perfume/Montana/Peau-Intense-57519.html
111383,Montana,Samar,2004,https://www.fragrantica.com/perfume/Montana/Samar-2920.html
111384,Montana,Suggestion Eau Cuivree,1994,https://www.fragrantica.com/perfume/Montana/Suggestion-Eau-Cuivree-2386.html
111385,Montana,Suggestion Eau d'Argent 1994,1994,https://www.fragrantica.com/perfume/Montana/Suggestion-Eau-d-Argent-1994-2387.html
111386,Montana,Suggestion Eau d'Argent 2016,2016,https://www.fragrantica.com/perfume/Montana/Suggestion-Eau-d-Argent-2016-42662.html
111387,Montana,Suggestion Eau d'Or,1994,https://www.fragrantica.com/perfume/Montana/Suggestion-Eau-d-Or-2388.html
111388,Montana,Suggestion pour Elle,,https://www.fragrantica.com/perfume/Montana/Suggestion-pour-Elle-119799.html
111389,Montana,Suggestion pour Lui,,https://www.fragrantica.com/perfume/Montana/Suggestion-pour-Lui-119800.html
111390,Montauk Man,Amber Boom,2026,https://www.fragrantica.com/perfume/Montauk-Man/Amber-Boom-138946.html
111391,Montauk Man,North Bar,2026,https://www.fragrantica.com/perfume/Montauk-Man/North-Bar-138949.html
111392,Montauk Man,Rough Riders,2026,https://www.fragrantica.com/perfume/Montauk-Man/Rough-Riders-138947.html
111393,Montauk Man,Twice Light,2026,https://www.fragrantica.com/perfume/Montauk-Man/Twice-Light-138948.html
111394,Montazami,White Label,2017,https://www.fragrantica.com/perfume/Montazami/White-Label-46670.html
111395,Montblanc,Black Meisterstuck,2024,https://www.fragrantica.com/perfume/Montblanc/Black-Meisterstuck-92401.html
111396,Montblanc,Emblem,2014,https://www.fragrantica.com/perfume/Montblanc/Emblem-23711.html
111397,Montblanc,Emblem Absolu,2017,https://www.fragrantica.com/perfume/Montblanc/Emblem-Absolu-44535.html
111398,Montblanc,Emblem Intense,2014,https://www.fragrantica.com/perfume/Montblanc/Emblem-Intense-23715.html
111399,Montblanc,Explorer,2019,https://www.fragrantica.com/perfume/Montblanc/Explorer-52002.html
111400,Montblanc,Explorer Extreme,2025,https://www.fragrantica.com/perfume/Montblanc/Explorer-Extreme-106403.html
111401,Montblanc,Explorer Infinite,2026,https://www.fragrantica.com/perfume/Montblanc/Explorer-Infinite-137098.html
111402,Montblanc,Explorer Platinum,2023,https://www.fragrantica.com/perfume/Montblanc/Explorer-Platinum-81392.html
111403,Montblanc,Explorer Ultra Blue,2021,https://www.fragrantica.com/perfume/Montblanc/Explorer-Ultra-Blue-66266.html
111404,Montblanc,Extreme Leather,2024,https://www.fragrantica.com/perfume/Montblanc/Extreme-Leather-92398.html
111405,Montblanc,Femme de Montblanc (Eau de Toilette),2006,https://www.fragrantica.com/perfume/Montblanc/Femme-de-Montblanc-833.html
111406,Montblanc,Femme de Montblanc Montblanc 2006 Eau de Parfum,2006,https://www.parfumo.com/Perfumes/Montblanc/femme-de-montblanc-eau-de-parfum
111407,Montblanc,Femme Individuelle,2004,https://www.fragrantica.com/perfume/Montblanc/Femme-Individuelle-843.html
111408,Montblanc,Femme Individuelle Soul & Senses,2007,https://www.fragrantica.com/perfume/Montblanc/Femme-Individuelle-Soul-Senses-5611.html
111409,Montblanc,Femme Individuelle Special Edition Soul & Senses,2007,https://www.parfumo.com/Perfumes/Montblanc/Femme_Individuelle_Special_Edition_Soul__Senses
111410,Montblanc,Homme Exceptionnel (Eau de Toilette),2008,https://www.fragrantica.com/perfume/Montblanc/Homme-Exceptionnel-3079.html
111411,Montblanc,Homme Exceptionnel Montblanc 2008 After Shave Lotion,2008,https://www.parfumo.com/Perfumes/Montblanc/Homme_Exceptionnel_After_Shave_Lotion
111412,Montblanc,Individuel (After Shave),2003,https://www.fragrantica.com/perfume/Montblanc/Individuel-4193.html
111413,Montblanc,Individuel Montblanc 2003 Eau de Toilette,2003,https://www.parfumo.com/Perfumes/Montblanc/Individuel_Eau_de_Toilette
111414,Montblanc,Individuel Tonic,2018,https://www.fragrantica.com/perfume/Montblanc/Individuel-Tonic-72719.html
111415,Montblanc,Lady Emblem,2015,https://www.fragrantica.com/perfume/Montblanc/Lady-Emblem-31425.html
111416,Montblanc,Lady Emblem Elixir,2016,https://www.fragrantica.com/perfume/Montblanc/Lady-Emblem-Elixir-42247.html
111417,Montblanc,Lady Emblem L'Eau,2017,https://www.fragrantica.com/perfume/Montblanc/Lady-Emblem-L-Eau-43800.html
111418,Montblanc,Legend Blue,2024,https://www.fragrantica.com/perfume/Montblanc/Legend-Blue-90137.html
111419,Montblanc,Legend Calligraphy Edition,2015,https://www.fragrantica.com/perfume/Montblanc/Legend-Calligraphy-Edition-32439.html
111420,Montblanc,Legend Eau de Parfum,2020,https://www.fragrantica.com/perfume/Montblanc/Legend-Eau-de-Parfum-62583.html
111421,Montblanc,Legend (Eau de Toilette),2011,https://www.fragrantica.com/perfume/Montblanc/Legend-11784.html
111422,Montblanc,Legend Elixir,2026,https://www.fragrantica.com/perfume/Montblanc/Legend-Elixir-126541.html
111423,Montblanc,Legend Intense,2013,https://www.fragrantica.com/perfume/Montblanc/Legend-Intense-18861.html
111424,Montblanc,Legend Montblanc 2011 Lotion Après-Rasage,2011,https://www.parfumo.com/Perfumes/Montblanc/Legend_Lotion_Apres_Rasage
111425,Montblanc,Legend Montblanc Body Spray,,https://www.parfumo.com/Perfumes/Montblanc/Legend_Body_Spray
111426,Montblanc,Legend Night,2017,https://www.fragrantica.com/perfume/Montblanc/Legend-Night-45692.html
111427,Montblanc,Legend Pour Femme,2012,https://www.fragrantica.com/perfume/Montblanc/Legend-Pour-Femme-16059.html
111428,Montblanc,Legend Pour Femme Special Edition 2014,2014,https://www.fragrantica.com/perfume/Montblanc/Legend-Pour-Femme-Special-Edition-2014-24973.html
111429,Montblanc,Legend Pour Homme Blue,,https://huggingface.co/datasets/doevent/perfume
111430,Montblanc,Legend Pour Homme Eau De Parfum,,https://huggingface.co/datasets/doevent/perfume
111431,Montblanc,Legend Pour Homme Eau De Toilette,,https://huggingface.co/datasets/doevent/perfume
111432,Montblanc,Legend Pour Homme Intense,,https://huggingface.co/datasets/doevent/perfume
111433,Montblanc,Legend Pour Homme Night,,https://huggingface.co/datasets/doevent/perfume
111434,Montblanc,Legend Pour Homme Red,,https://huggingface.co/datasets/doevent/perfume
111435,Montblanc,Legend Pour Homme Spirit,,https://huggingface.co/datasets/doevent/perfume
111436,Montblanc,Legend Red,2022,https://www.fragrantica.com/perfume/Montblanc/Legend-Red-71652.html
111437,Montblanc,Legend Special Edition 2012,2012,https://www.fragrantica.com/perfume/Montblanc/Legend-Special-Edition-2012-14988.html
111438,Montblanc,Legend Special Edition 2013,2013,https://www.fragrantica.com/perfume/Montblanc/Legend-Special-Edition-2013-18410.html
111439,Montblanc,Legend Special Edition 2014,2014,https://www.fragrantica.com/perfume/Montblanc/Legend-Special-Edition-2014-24972.html
111440,Montblanc,Legend Spirit,2016,https://www.fragrantica.com/perfume/Montblanc/Legend-Spirit-33443.html
111441,Montblanc,Neroli Letters,2026,https://www.fragrantica.com/perfume/Montblanc/Neroli-Letters-123215.html
111442,Montblanc,Patchouli Ink,2024,https://www.fragrantica.com/perfume/Montblanc/Patchouli-Ink-92399.html
111443,Montblanc,Presence Cool,2002,https://www.fragrantica.com/perfume/Montblanc/Presence-Cool-9508.html
111444,Montblanc,Présence d'une femme,2002,https://www.fragrantica.com/perfume/Montblanc/Presence-d-une-femme-831.html
111445,Montblanc,Presence d'Une Femme Intense,2004,https://www.fragrantica.com/perfume/Montblanc/Presence-d-Une-Femme-Intense-5594.html
111446,Montblanc,Presence (Eau de Toilette),2001,https://www.fragrantica.com/perfume/Montblanc/Presence-832.html
111447,Montblanc,Présence Montblanc 2001 After-Shave Lotion,2001,https://www.parfumo.com/Perfumes/Montblanc/Presence_After_Shave_Lotion
111448,Montblanc,Signature Absolue,2023,https://www.fragrantica.com/perfume/Montblanc/Signature-Absolue-78951.html
111449,Montblanc,Signature Elixir,2025,https://www.fragrantica.com/perfume/Montblanc/Signature-Elixir-114008.html
111450,Montblanc,Signature (Hair Mist),2020,https://www.fragrantica.com/perfume/Montblanc/Signature-60962.html
111451,Montblanc,Signature Montblanc 2020 Eau de Parfum,2020,https://www.parfumo.com/Perfumes/Montblanc/signature
111452,Montblanc,Signature Montblanc Hair Mist,,https://www.parfumo.com/Perfumes/Montblanc/signature-hair-mist
111453,Montblanc,Star Oud,2025,https://www.fragrantica.com/perfume/Montblanc/Star-Oud-106578.html
111454,Montblanc,Starwalker (After Shave),2005,https://www.fragrantica.com/perfume/Montblanc/Starwalker-4023.html
111455,Montblanc,Starwalker Extreme,2021,https://www.fragrantica.com/perfume/Montblanc/Starwalker-Extreme-71710.html
111456,Montblanc,Starwalker Montblanc 2005 Eau de Toilette,2005,https://www.parfumo.com/Perfumes/Montblanc/Starwalker_Eau_de_Toilette
111457,Montblanc,Vetiver Glacier,2024,https://www.fragrantica.com/perfume/Montblanc/Vetiver-Glacier-92400.html
111458,Monte Carlo Country Club,M.C.C.C. Pour Femme Eau de Parfum,2025,https://www.fragrantica.com/perfume/Monte-Carlo-Country-Club/M-C-C-C-Pour-Femme-Eau-de-Parfum-106948.html
111459,Monte Carlo Country Club,M.C.C.C. Pour Femme Parfum,2025,https://www.fragrantica.com/perfume/Monte-Carlo-Country-Club/M-C-C-C-Pour-Femme-Parfum-106949.html
111460,Monte Carlo Country Club,M.C.C.C. Pour Homme Eau de Parfum,2025,https://www.fragrantica.com/perfume/Monte-Carlo-Country-Club/M-C-C-C-Pour-Homme-Eau-de-Parfum-106946.html
111461,Monte Carlo Country Club,M.C.C.C. Pour Homme Parfum,2025,https://www.fragrantica.com/perfume/Monte-Carlo-Country-Club/M-C-C-C-Pour-Homme-Parfum-106947.html
111462,Montegrappa,NeroUno,2012,https://www.fragrantica.com/perfume/Montegrappa/NeroUno-17389.html
111463,Montegrappa,NeroUno For Women,,https://www.fragrantica.com/perfume/Montegrappa/NeroUno-For-Women-35219.html
111464,Montenapoleone Profumi Milano,Brama,2025,https://www.fragrantica.com/perfume/Montenapoleone-Profumi-Milano/Brama-116606.html
111465,Montenapoleone Profumi Milano,Comando,2025,https://www.fragrantica.com/perfume/Montenapoleone-Profumi-Milano/Comando-116607.html
111466,Montenapoleone Profumi Milano,Furfante,2025,https://www.fragrantica.com/perfume/Montenapoleone-Profumi-Milano/Furfante-116608.html
111467,Montenapoleone Profumi Milano,Retaggio,2025,https://www.fragrantica.com/perfume/Montenapoleone-Profumi-Milano/Retaggio-116609.html
111468,Montenapoleone Profumi Milano,Sigillo,2025,https://www.fragrantica.com/perfume/Montenapoleone-Profumi-Milano/Sigillo-116610.html
111469,Montenapoleone Profumi Milano,Sussurro,2025,https://www.fragrantica.com/perfume/Montenapoleone-Profumi-Milano/Sussurro-116611.html
111470,Montenapoleone Profumi Milano,Talento,2025,https://www.fragrantica.com/perfume/Montenapoleone-Profumi-Milano/Talento-116612.html
111471,Montevela Parfums,353,2025,https://www.fragrantica.com/perfume/Montevela-Parfums/353-121281.html
111472,Montevela Parfums,Achón,2025,https://www.fragrantica.com/perfume/Montevela-Parfums/Achon-121278.html
111473,Montevela Parfums,El Patrón,2025,https://www.fragrantica.com/perfume/Montevela-Parfums/El-Patron-121279.html
111474,Montevela Parfums,Frezamour,2025,https://www.fragrantica.com/perfume/Montevela-Parfums/Frezamour-121286.html
111475,Montevela Parfums,Limón Mexicano,2025,https://www.fragrantica.com/perfume/Montevela-Parfums/Limon-Mexicano-121288.html
111476,Montevela Parfums,Monarca,2025,https://www.fragrantica.com/perfume/Montevela-Parfums/Monarca-121284.html
111477,Montevela Parfums,Playa Azul,2025,https://www.fragrantica.com/perfume/Montevela-Parfums/Playa-Azul-121287.html
111478,Montevela Parfums,Tahuayo,2025,https://www.fragrantica.com/perfume/Montevela-Parfums/Tahuayo-121283.html
111479,Montevela Parfums,Tlahualil,2025,https://www.fragrantica.com/perfume/Montevela-Parfums/Tlahualil-121282.html
111480,Montgomery Taylor,Ambra di Venezia,1998,https://www.fragrantica.com/perfume/Montgomery-Taylor/Ambra-di-Venezia-7059.html
111481,Montgomery Taylor,Paratus,2003,https://www.fragrantica.com/perfume/Montgomery-Taylor/Paratus-9402.html
111482,Montroi,Al Sama,2022,https://www.fragrantica.com/perfume/Montroi/Al-Sama-80566.html
111483,Montroi,Amalfi Spritz,2019,https://www.fragrantica.com/perfume/Montroi/Amalfi-Spritz-61340.html
111484,Montroi,Arabian Hideaway,2022,https://www.fragrantica.com/perfume/Montroi/Arabian-Hideaway-80565.html
111485,Montroi,Bosphorus,2019,https://www.fragrantica.com/perfume/Montroi/Bosphorus-61341.html
111486,Montroi,Castaway,2022,https://www.fragrantica.com/perfume/Montroi/Castaway-80563.html
111487,Montroi,Coastal Rainforest,2022,https://www.fragrantica.com/perfume/Montroi/Coastal-Rainforest-80562.html
111488,Montroi,Far & Away,2022,https://www.fragrantica.com/perfume/Montroi/Far-Away-80561.html
111489,Montroi,Galle Fort,2019,https://www.fragrantica.com/perfume/Montroi/Galle-Fort-61339.html
111490,Montroi,Hanami,2019,https://www.fragrantica.com/perfume/Montroi/Hanami-61336.html
111491,Montroi,Meltemi,2022,https://www.fragrantica.com/perfume/Montroi/Meltemi-80560.html
111492,Montroi,Mimosa Breeze,2022,https://www.fragrantica.com/perfume/Montroi/Mimosa-Breeze-80559.html
111493,Montroi,Mughal Incense,2019,https://www.fragrantica.com/perfume/Montroi/Mughal-Incense-61338.html
111494,Montroi,Orange Blossom,2019,https://www.fragrantica.com/perfume/Montroi/Orange-Blossom-61334.html
111495,Montroi,Oriental Garden,2022,https://www.fragrantica.com/perfume/Montroi/Oriental-Garden-80558.html
111496,Montroi,Pacific Salt,2022,https://www.fragrantica.com/perfume/Montroi/Pacific-Salt-80557.html
111497,Montroi,Palladio,2023,https://www.fragrantica.com/perfume/Montroi/Palladio-80567.html
111498,Montroi,Rio Santa Teresa,2019,https://www.fragrantica.com/perfume/Montroi/Rio-Santa-Teresa-61337.html
111499,Montroi,Riviera Nostos,2022,https://www.fragrantica.com/perfume/Montroi/Riviera-Nostos-80556.html
111500,Montroi,Rugged Outback,2022,https://www.fragrantica.com/perfume/Montroi/Rugged-Outback-80555.html
111501,Montroi,Sunrise In Rwanda,2022,https://www.fragrantica.com/perfume/Montroi/Sunrise-In-Rwanda-80552.html
111502,Montroi,Swaying Palms,2022,https://www.fragrantica.com/perfume/Montroi/Swaying-Palms-80551.html
111503,Montroi,Tropical Sanctuary,2022,https://www.fragrantica.com/perfume/Montroi/Tropical-Sanctuary-80545.html
111504,Montroi,White Qasbah,2019,https://www.fragrantica.com/perfume/Montroi/White-Qasbah-61335.html
111505,Montroi,Wild,2022,https://www.fragrantica.com/perfume/Montroi/Wild-80544.html
111506,Monyette Paris,Coquette Tropique,,https://www.fragrantica.com/perfume/Monyette-Paris/Coquette-Tropique-4362.html
111507,Monyette Paris,Monyette Paris,2007,https://www.fragrantica.com/perfume/Monyette-Paris/Monyette-Paris-4363.html
111508,Moodeaux,Brand New,2024,https://www.fragrantica.com/perfume/Moodeaux/Brand-New-103237.html
111509,Moodeaux,PunkStar,2023,https://www.fragrantica.com/perfume/Moodeaux/PunkStar-84212.html
111510,Moodeaux,Worthy,2021,https://www.fragrantica.com/perfume/Moodeaux/Worthy-84203.html
111511,Moods,Charisma MoodRoller,,https://www.fragrantica.com/perfume/Moods/Charisma-MoodRoller-131429.html
111512,Moods,Chill MoodRoller,,https://www.fragrantica.com/perfume/Moods/Chill-MoodRoller-131432.html
111513,Moods,Euphoric MoodRoller,,https://www.fragrantica.com/perfume/Moods/Euphoric-MoodRoller-131428.html
111514,Moods,Fit MoodRoller,,https://www.fragrantica.com/perfume/Moods/Fit-MoodRoller-131435.html
111515,Moods,Found MoodRoller,,https://www.fragrantica.com/perfume/Moods/Found-MoodRoller-131426.html
111516,Moods,Frisky MoodRoller,,https://www.fragrantica.com/perfume/Moods/Frisky-MoodRoller-131431.html
111517,Moods,Genius MoodRoller,,https://www.fragrantica.com/perfume/Moods/Genius-MoodRoller-131434.html
111518,Moods,Hustle MoodRoller,,https://www.fragrantica.com/perfume/Moods/Hustle-MoodRoller-131433.html
111519,Moods Of Norway,Blue 6783,2015,https://www.fragrantica.com/perfume/Moods-Of-Norway/Blue-6783-36844.html
111520,Moods Of Norway,Coral 6781,2015,https://www.fragrantica.com/perfume/Moods-Of-Norway/Coral-6781-36841.html
111521,Moods Of Norway,Disco Sunset Pour Femme,2013,https://www.fragrantica.com/perfume/Moods-Of-Norway/Disco-Sunset-Pour-Femme-36840.html
111522,Moods Of Norway,Disco Sunset Pour Homme,2013,https://www.fragrantica.com/perfume/Moods-Of-Norway/Disco-Sunset-Pour-Homme-36838.html
111523,Moods Of Norway,Eau De Cocktail Pour Femme,2011,https://www.fragrantica.com/perfume/Moods-Of-Norway/Eau-De-Cocktail-Pour-Femme-36842.html
111524,Moods Of Norway,Eau De Cocktail Pour Homme,2011,https://www.fragrantica.com/perfume/Moods-Of-Norway/Eau-De-Cocktail-Pour-Homme-36839.html
111525,Moods Of Norway,Green 6782,2015,https://www.fragrantica.com/perfume/Moods-Of-Norway/Green-6782-36843.html
111526,Moon by Dana Rogoz,Moon,,https://www.fragrantica.com/perfume/Moon-by-Dana-Rogoz/Moon-33010.html
111527,Moon Goddess Magick Apothecary,Mercury Retrograde,1979,https://www.parfumo.com/Perfumes/moon-goddess-magick-apothecary/mercury-retrograde
111528,Moon Stone,Dark Horse,2025,https://www.fragrantica.com/perfume/Moon-Stone/Dark-Horse-106014.html
111529,Moon Stone,Gravity,2025,https://www.fragrantica.com/perfume/Moon-Stone/Gravity-106013.html
111530,Moon Stone,I Am Legend,2025,https://www.fragrantica.com/perfume/Moon-Stone/I-Am-Legend-106015.html
111531,Moon Stone,Leather,2025,https://www.fragrantica.com/perfume/Moon-Stone/Leather-106019.html
111532,Moon Stone,Mysterious,2025,https://www.fragrantica.com/perfume/Moon-Stone/Mysterious-106017.html
111533,Moon Stone,Royal Leather,2025,https://www.fragrantica.com/perfume/Moon-Stone/Royal-Leather-106018.html
111534,Moon Stone,Tiger,2024,https://www.fragrantica.com/perfume/Moon-Stone/Tiger-106011.html
111535,Moon Stone,White Rose,2025,https://www.fragrantica.com/perfume/Moon-Stone/White-Rose-106016.html
111536,Moon Stone,X,2025,https://www.fragrantica.com/perfume/Moon-Stone/X-106012.html
111537,Moonalisa,Candied Apple,1999,https://www.parfumo.com/Perfumes/Moonalisa/candied-apple
111538,Moonlight Cove,Blushing Amber,2007,https://www.parfumo.com/Perfumes/moonlight-cove/blushing-amber
111539,Moonshot,GD Eau de Toilette,2018,https://www.fragrantica.com/perfume/Moonshot/GD-Eau-de-Toilette-72139.html
111540,Moonsteria,Diwata,2025,https://www.fragrantica.com/perfume/Moonsteria/Diwata-138084.html
111541,Moonsteria,Dulce de Lihiya,2026,https://www.fragrantica.com/perfume/Moonsteria/Dulce-de-Lihiya-138093.html
111542,Moonsteria,Dwende,2025,https://www.fragrantica.com/perfume/Moonsteria/Dwende-138086.html
111543,Moonsteria,Kape Habanero,2026,https://www.fragrantica.com/perfume/Moonsteria/Kape-Habanero-138092.html
111544,Moonsteria,Kapre,2025,https://www.fragrantica.com/perfume/Moonsteria/Kapre-138085.html
111545,Moonsteria,Midnight Tea,2026,https://www.fragrantica.com/perfume/Moonsteria/Midnight-Tea-138090.html
111546,Moonsteria,Morning Dew,2025,https://www.fragrantica.com/perfume/Moonsteria/Morning-Dew-138083.html
111547,Moonsteria,Nightshade,2025,https://www.fragrantica.com/perfume/Moonsteria/Nightshade-138082.html
111548,Moonsteria,Sampaguita Pulboron,2026,https://www.fragrantica.com/perfume/Moonsteria/Sampaguita-Pulboron-138091.html
111549,Moonsteria,Sirena,2025,https://www.fragrantica.com/perfume/Moonsteria/Sirena-138087.html
111550,Moonsteria,Sunrise Tea,2026,https://www.fragrantica.com/perfume/Moonsteria/Sunrise-Tea-138088.html
111551,Moonsteria,Sunset Tea,2026,https://www.fragrantica.com/perfume/Moonsteria/Sunset-Tea-138089.html
111552,MOR,Belladonna (Perfume Oil),2000,https://www.fragrantica.com/perfume/MOR/Belladonna-10196.html
111553,MOR,Bergamot + Blackcurrant,2021,https://www.parfumo.com/Perfumes/MOR/bergamot-blackcurrant
111554,MOR,Blackberry + Vetiver,2021,https://www.parfumo.com/Perfumes/MOR/blackberry-vetiver
111555,MOR,Blood Orange Italian Blood Orange MOR Eau de Toilette,,https://www.parfumo.com/Perfumes/MOR/Blood_Orange_Italian_Blood_Orange_Eau_de_Toilette
111556,MOR,Blood Orange MOR Perfume Oil,,https://www.parfumo.com/Perfumes/MOR/Blood_Orange_Perfume_Oil
111557,MOR,Bohemienne,2019,https://www.fragrantica.com/perfume/MOR/Bohemienne-68372.html
111558,MOR,Cassis Noir,2000,https://www.fragrantica.com/perfume/MOR/Cassis-Noir-10199.html
111559,MOR,Cherry Blossom,,https://www.fragrantica.com/perfume/MOR/Cherry-Blossom-10194.html
111560,MOR,Dala,2009,https://www.fragrantica.com/perfume/MOR/Dala-12267.html
111561,MOR,Dolce di Marshmallow,2026,https://www.fragrantica.com/perfume/MOR/Dolce-di-Marshmallow-136400.html
111562,MOR,Freia,2009,https://www.fragrantica.com/perfume/MOR/Freia-12268.html
111563,MOR,Garden of Hespera,2008,https://www.fragrantica.com/perfume/MOR/Garden-of-Hespera-12269.html
111564,MOR,Ibiza Disco,,https://www.parfumo.com/Perfumes/MOR/Ibiza_Disco
111565,MOR,Indian Pomelo,,https://www.parfumo.com/Perfumes/MOR/Indian_Pomelo
111566,MOR,Iris Root + Black Pepper,,https://www.parfumo.com/Perfumes/MOR/iris-root-black-pepper
111567,MOR,Jasmine Tea,2008,https://www.fragrantica.com/perfume/MOR/Jasmine-Tea-10193.html
111568,MOR,Lychee Flower,2000,https://www.fragrantica.com/perfume/MOR/Lychee-Flower-10197.html
111569,MOR,Marshmallow,,https://www.fragrantica.com/perfume/MOR/Marshmallow-10192.html
111570,MOR,Moroccan,2000,https://www.fragrantica.com/perfume/MOR/Moroccan-15354.html
111571,MOR,Peony Flower,,https://www.fragrantica.com/perfume/MOR/Peony-Flower-10195.html
111572,MOR,Pomegranate,2019,https://www.fragrantica.com/perfume/MOR/Pomegranate-68371.html
111573,MOR,Rosa Noir,2015,https://www.fragrantica.com/perfume/MOR/Rosa-Noir-32373.html
111574,MOR,Snow Gardenia,2000,https://www.fragrantica.com/perfume/MOR/Snow-Gardenia-10198.html
111575,MOR,Sorbet,2007,https://www.fragrantica.com/perfume/MOR/Sorbet-12569.html
111576,MORAN Niche,Patchouli Sensual,2025,https://www.fragrantica.com/perfume/MORAN-Niche/Patchouli-Sensual-116349.html
111577,MORAN Niche,Peach Noir,2025,https://www.fragrantica.com/perfume/MORAN-Niche/Peach-Noir-116350.html
111578,MORAN Niche,Soul,2025,https://www.fragrantica.com/perfume/MORAN-Niche/Soul-116351.html
111579,MORE&MORE,MORE&MORE,2009,https://www.fragrantica.com/perfume/MORE-MORE/MORE-MORE-6917.html
111580,Moresque,Al Andalus,2015,https://www.fragrantica.com/perfume/Moresque/Al-Andalus-31079.html
111581,Moresque,Alma Pure,2018,https://www.fragrantica.com/perfume/Moresque/Alma-Pure-52367.html
111582,Moresque,Amber Arabesque,2021,https://www.fragrantica.com/perfume/Moresque/Amber-Arabesque-79147.html
111583,Moresque,Amberesque,2023,https://www.fragrantica.com/perfume/Moresque/Amberesque-87130.html
111584,Moresque,Aristoqrati (Eau de Parfum),2015,https://www.fragrantica.com/perfume/Moresque/Aristoqrati-31084.html
111585,Moresque,Art Collection - Contessa,2016,https://www.parfumo.com/Perfumes/Moresque/Art_Collection__Contessa
111586,Moresque,Art Collection - Divina Marchesa,2021,https://www.parfumo.com/Perfumes/Moresque/art-collection-divina-marchesa
111587,Moresque,Art Collection - Fiore di Portofino,2016,https://www.parfumo.com/Perfumes/Moresque/Art_Collection__Fiore_di_Portofino
111588,Moresque,Art Collection - Re Nero,2018,https://www.parfumo.com/Perfumes/Moresque/Art_Collection__Re_Nero
111589,Moresque,Art Collection - Regina,2016,https://www.parfumo.com/Perfumes/Moresque/Art_Collection__Regina
111590,Moresque,Art Collection - Rosa Ekaterina,2017,https://www.parfumo.com/Perfumes/Moresque/Art_Collection__Rosa_Ekaterina
111591,Moresque,Art Collection - Sahara Blue,2018,https://www.parfumo.com/Perfumes/Moresque/Art_Collection__Sahara_Blue
111592,Moresque,Art Collection - Sandal Granada,2017,https://www.parfumo.com/Perfumes/Moresque/Sandal_Granada
111593,Moresque,Art Collection - White Duke,2019,https://www.parfumo.com/Perfumes/Moresque/Art_Collection__White_Duke
111594,Moresque,Aurum,2016,https://www.fragrantica.com/perfume/Moresque/Aurum-41459.html
111595,Moresque,Ballerina,2020,https://www.fragrantica.com/perfume/Moresque/Ballerina-57501.html
111596,Moresque,Barocco,2026,https://www.fragrantica.com/perfume/Moresque/Barocco-129896.html
111597,Moresque,Black Collection - Al-Andalus Moresque 2015 Eau de Parfum,2015,https://www.parfumo.com/Perfumes/Moresque/Black_Collection__Al_Andalus
111598,Moresque,Black Collection - Emiro,2015,https://www.parfumo.com/Perfumes/Moresque/Black_Collection__Emiro
111599,Moresque,Black Collection - Rand,2015,https://www.parfumo.com/Perfumes/Moresque/Black_Collection__Rand
111600,Moresque,Byron,2022,https://www.fragrantica.com/perfume/Moresque/Byron-77030.html
111601,Moresque,Contessa,2016,https://www.fragrantica.com/perfume/Moresque/Contessa-35669.html
111602,Moresque,Diadema,2015,https://www.fragrantica.com/perfume/Moresque/Diadema-31081.html
111603,Moresque,Divina Marchesa,2021,https://www.fragrantica.com/perfume/Moresque/Divina-Marchesa-69595.html
111604,Moresque,Emarati,2015,https://www.fragrantica.com/perfume/Moresque/Emarati-58829.html
111605,Moresque,Emirati 2017,2017,https://huggingface.co/datasets/doevent/perfume
111606,Moresque,Emiro,2015,https://www.fragrantica.com/perfume/Moresque/Emiro-31078.html
111607,Moresque,Esprit de Parfum - Al-Andalus Moresque Perfume Oil,,https://www.parfumo.com/Perfumes/Moresque/Esprit_de_Parfum__Al_Andalus_Perfume_Oil
111608,Moresque,Esprit de Parfum - Aristoqrati Moresque Perfume Oil,,https://www.parfumo.com/Perfumes/Moresque/Esprit_de_Parfum__Aristoqrati_Perfume_Oil
111609,Moresque,Esprit de Parfum - Tamima Moresque Perfume Oil,,https://www.parfumo.com/Perfumes/Moresque/Esprit_de_Parfum__Tamima_Perfume_Oil
111610,Moresque,Fiamma,2016,https://www.fragrantica.com/perfume/Moresque/Fiamma-41458.html
111611,Moresque,Fiore di Portofino,2016,https://www.fragrantica.com/perfume/Moresque/Fiore-di-Portofino-41027.html
111612,Moresque,Jasminisha,2018,https://www.fragrantica.com/perfume/Moresque/Jasminisha-52361.html
111613,Moresque,Lady Tubereuse,2020,https://www.fragrantica.com/perfume/Moresque/Lady-Tubereuse-60115.html
111614,Moresque,Midnight London,2018,https://www.fragrantica.com/perfume/Moresque/Midnight-London-52574.html
111615,Moresque,Modern Oud,2020,https://www.fragrantica.com/perfume/Moresque/Modern-Oud-60116.html
111616,Moresque,Moreta,2015,https://www.fragrantica.com/perfume/Moresque/Moreta-31082.html
111617,Moresque,Muskberry,2025,https://www.fragrantica.com/perfume/Moresque/Muskberry-103061.html
111618,Moresque,Oro,2018,https://www.fragrantica.com/perfume/Moresque/Oro-49377.html
111619,Moresque,Oroluna,2016,https://www.fragrantica.com/perfume/Moresque/Oroluna-41460.html
111620,Moresque,Perpetual,2024,https://www.fragrantica.com/perfume/Moresque/Perpetual-91332.html
111621,Moresque,Rand,2015,https://www.fragrantica.com/perfume/Moresque/Rand-31080.html
111622,Moresque,Rand Rose,2023,https://www.fragrantica.com/perfume/Moresque/Rand-Rose-87131.html
111623,Moresque,Re Nero,2018,https://www.fragrantica.com/perfume/Moresque/Re-Nero-49379.html
111624,Moresque,Regina,2016,https://www.fragrantica.com/perfume/Moresque/Regina-41028.html
111625,Moresque,Regina Di Fiori,2023,https://www.fragrantica.com/perfume/Moresque/Regina-Di-Fiori-87132.html
111626,Moresque,Rosa Ekaterina,2017,https://www.fragrantica.com/perfume/Moresque/Rosa-Ekaterina-46816.html
111627,Moresque,Royal,2019,https://www.fragrantica.com/perfume/Moresque/Royal-54815.html
111628,Moresque,Sahara Blue,2018,https://www.fragrantica.com/perfume/Moresque/Sahara-Blue-49378.html
111629,Moresque,Sandal Granada,2017,https://www.fragrantica.com/perfume/Moresque/Sandal-Granada-44325.html
111630,Moresque,Scarlet Rouge,2022,https://www.fragrantica.com/perfume/Moresque/Scarlet-Rouge-74770.html
111631,Moresque,Scirocco,2023,https://www.fragrantica.com/perfume/Moresque/Scirocco-79845.html
111632,Moresque,Seta,2018,https://www.fragrantica.com/perfume/Moresque/Seta-52360.html
111633,Moresque,Sole,2017,https://www.fragrantica.com/perfume/Moresque/Sole-44226.html
111634,Moresque,Soul Batik,2018,https://www.fragrantica.com/perfume/Moresque/Soul-Batik-52362.html
111635,Moresque,Tamima,2015,https://www.fragrantica.com/perfume/Moresque/Tamima-31083.html
111636,Moresque,Tamima Sillage,2021,https://www.fragrantica.com/perfume/Moresque/Tamima-Sillage-69523.html
111637,Moresque,Ubar 1992,2018,https://www.fragrantica.com/perfume/Moresque/Ubar-1992-52368.html
111638,Moresque,White Collection - Diadema,2015,https://www.parfumo.com/Perfumes/Moresque/White_Collection__Diadema
111639,Moresque,White Collection - Moreta,2015,https://www.parfumo.com/Perfumes/Moresque/White_Collection__Moreta
111640,Moresque,White Collection - Tamima Moresque 2015 Eau de Parfum,2015,https://www.parfumo.com/Perfumes/Moresque/White_Collection__Tamima
111641,Moresque,White Duke,2019,https://www.fragrantica.com/perfume/Moresque/White-Duke-54814.html
111642,Morfose,DANGER (Eau de Cologne),,https://www.trendyol.com/morfose/parfum-100ml-danger-p-144726535
111643,Morfose,Danger Sportive Blue Marine (Eau de Cologne),,https://www.trendyol.com/morfose/danger-sportive-erkek-parfum-100ml-edc-blue-marine-3-adet-p-142391099
111644,Morfose,Kinoa & Kenevir,,https://morfose.eu/
111645,Morfose,Manly Eau De Colagne Savor (Eau de Cologne),,https://www.trendyol.com/morfose/manly-eau-de-colagne-men-savor-125-ml-p-685423527
111646,Morfose,Manly Green (Eau de Cologne),,https://www.trendyol.com/morfose/manly-125ml-parfum-for-men-green-p-132258205
111647,Morfose,Manly King (Eau de Parfum),,https://www.trendyol.com/morfose/manly-king-men-parfum-125-ml-p-845599617
111648,Morfose,Manly Sport Aqua (Eau de Cologne),,https://www.trendyol.com/morfose/manly-sport-aqua-edc-125-ml-erkek-parfum-p-120278643
111649,Morfose,Manly Sport (Eau de Cologne),,https://www.trendyol.com/morfose/manly-sport-edc-125-ml-erkek-parfum-3-adet-p-109893418
111650,Morfose,MANLY SPORT PARFÜMÜ125ml (Eau de Cologne),,https://www.trendyol.com/morfose/manly-sport-erkek-parfumu125ml-p-859653719
111651,Morfose,Manly Sport Savor (Eau de Cologne),,https://www.trendyol.com/morfose/manly-sport-savor-edc-125-ml-erkek-parfum-p-126724312
111652,Morfose,Milk Therapy (Body Mist),,https://www.parfumo.com/Perfumes/morfose/milk-therapy
111653,Morfose,Ossion Serinletici (Body Mist),,https://www.trendyol.com/morfose/ossion-serinletici-sprey-150-ml-p-35213093
111654,Morfose,Supreme,,https://morfose.eu/
111655,Morfose,Süt & Bal,,https://morfose.eu/
111656,Morfose,Süt & Bal Saç (Eau de Cologne),,https://www.trendyol.com/morfose/sut-bal-sac-parfumu-100-ml-p-957610431
111657,Morfose,The Original,,https://morfose.eu/
111658,Morgan,Black by Morgan,2016,https://www.fragrantica.com/perfume/Morgan/Black-by-Morgan-41342.html
111659,Morgan,Light My Heart Collection,2004,https://www.fragrantica.com/perfume/Morgan/Light-My-Heart-Collection-2440.html
111660,Morgan,Light My Heart Collection Homme,2004,https://www.fragrantica.com/perfume/Morgan/Light-My-Heart-Collection-Homme-2439.html
111661,Morgan,Love de Toi,2004,https://www.fragrantica.com/perfume/Morgan/Love-de-Toi-2438.html
111662,Morgan,Love Love de Toi Glamstar,2007,https://www.fragrantica.com/perfume/Morgan/Love-Love-de-Toi-Glamstar-2437.html
111663,Morgan,Love Love de Toi Glossy,2006,https://www.fragrantica.com/perfume/Morgan/Love-Love-de-Toi-Glossy-2436.html
111664,Morgan,Morgan de Toi,2003,https://www.fragrantica.com/perfume/Morgan/Morgan-de-Toi-2435.html
111665,Morgan,Morgan de Toi Homme,2003,https://www.fragrantica.com/perfume/Morgan/Morgan-de-Toi-Homme-2434.html
111666,Morgan,My Morgan,2008,https://www.fragrantica.com/perfume/Morgan/My-Morgan-2707.html
111667,Morgan,Psychedelice,2009,https://www.fragrantica.com/perfume/Morgan/Psychedelice-5817.html
111668,Morgan,Red by Morgan,2016,https://www.fragrantica.com/perfume/Morgan/Red-by-Morgan-41340.html
111669,Morgan,Sweet Paradise,2006,https://www.fragrantica.com/perfume/Morgan/Sweet-Paradise-2433.html
111670,Morgan,White by Morgan,2016,https://www.fragrantica.com/perfume/Morgan/White-by-Morgan-41341.html
111671,Morgan Madison,Henrik Lundqvist Next Chapter Vol. 1,2023,https://www.fragrantica.com/perfume/Morgan-Madison/Henrik-Lundqvist-Next-Chapter-Vol-1-92677.html
111672,Morgan Madison,Henrik Lundqvist Next Chapter Vol. 2,2023,https://www.fragrantica.com/perfume/Morgan-Madison/Henrik-Lundqvist-Next-Chapter-Vol-2-92678.html
111673,Morgane le Fay,Blue,2008,https://www.fragrantica.com/perfume/Morgane-le-Fay/Blue-6110.html
111674,Morgane le Fay,Green,2008,https://www.fragrantica.com/perfume/Morgane-le-Fay/Green-6112.html
111675,Morgane le Fay,Pink,2008,https://www.fragrantica.com/perfume/Morgane-le-Fay/Pink-6115.html
111676,Morgane le Fay,Yellow,2008,https://www.fragrantica.com/perfume/Morgane-le-Fay/Yellow-6116.html
111677,Moriki Doriki,Happy Ruru,2018,https://www.fragrantica.com/perfume/Moriki-Doriki/Happy-Ruru-62739.html
111678,Moriki Doriki,Lana La-La,2018,https://www.fragrantica.com/perfume/Moriki-Doriki/Lana-La-La-62740.html
111679,Moriki Doriki,Love Lana,2018,https://www.fragrantica.com/perfume/Moriki-Doriki/Love-Lana-62741.html
111680,Moriki Doriki,Shushi Cute,2018,https://www.fragrantica.com/perfume/Moriki-Doriki/Shushi-Cute-62742.html
111681,Morningstar Perfume,Damnation,2024,https://www.fragrantica.com/perfume/Morningstar-Perfume/Damnation-98432.html
111682,Morningstar Perfume,God's Plan,2023,https://www.fragrantica.com/perfume/Morningstar-Perfume/God-s-Plan-96429.html
111683,Morningstar Perfume,Redemption,2024,https://www.fragrantica.com/perfume/Morningstar-Perfume/Redemption-98431.html
111684,Moro Dabron,Augustine,2023,https://www.fragrantica.com/perfume/Moro-Dabron/Augustine-90061.html
111685,Moro Dabron,Briar,2024,https://www.fragrantica.com/perfume/Moro-Dabron/Briar-101864.html
111686,Moro Dabron,Cyrus,2023,https://www.fragrantica.com/perfume/Moro-Dabron/Cyrus-90060.html
111687,Moro Dabron,Downland,2023,https://www.fragrantica.com/perfume/Moro-Dabron/Downland-90062.html
111688,Moro Dabron,Nocturne,2024,https://www.fragrantica.com/perfume/Moro-Dabron/Nocturne-101861.html
111689,Moro Dabron,Of Gardens,2023,https://www.fragrantica.com/perfume/Moro-Dabron/Of-Gardens-90064.html
111690,Moro Dabron,Vita,2023,https://www.fragrantica.com/perfume/Moro-Dabron/Vita-90065.html
111691,Moroccanoil,Ambiance de Plage (Body Mist),,https://www.parfumo.com/Perfumes/moroccanoil/ambiance-de-plage
111692,Moroccanoil,Ambiance de Plage Fragrance Mist (Body Mist),2026,https://www.fragrantica.com/perfume/Moroccanoil/Ambiance-de-Plage-Fragrance-Mist-136234.html
111693,Moroccanoil,Dahlia Rouge (Body Mist),,https://www.parfumo.com/Perfumes/moroccanoil/dahlia-rouge
111694,Moroccanoil,Dahlia Rouge Fragrance Mist (Body Mist),2026,https://www.fragrantica.com/perfume/Moroccanoil/Dahlia-Rouge-Fragrance-Mist-136233.html
111695,Moroccanoil,Fragrance Originale (Body Mist),,https://www.parfumo.com/Perfumes/moroccanoil/fragrance-originale-brumes-du-maroc
111696,Moroccanoil,Frizz Shield,,https://www.moroccanoil.com/products/frizz-shield-spray
111697,Moroccanoil,L'Originale (Eau de Parfum),2025,https://www.fragrantica.com/perfume/Moroccanoil/L-Originale-102939.html
111698,Moroccanoil,L'Originale Fragrance Mist (Body Mist),2021,https://www.fragrantica.com/perfume/Moroccanoil/L-Originale-Fragrance-Mist-68629.html
111699,Moroccanoil,Lumière du Jour (Eau de Parfum),2026,https://www.fragrantica.com/perfume/Moroccanoil/Lumiere-du-Jour-125430.html
111700,Moroccanoil,Volumizing Mist,,https://www.moroccanoil.com/products/volumizing-mist
111701,Morph,A 21,2019,https://www.fragrantica.com/perfume/Morph/A-21-57155.html
111702,Morph,Animal,2019,https://www.fragrantica.com/perfume/Morph/Animal-57154.html
111703,Morph,Antigua,,https://www.fragrantica.com/perfume/Morph/Antigua-28150.html
111704,Morph,Antigua Bay,2023,https://www.fragrantica.com/perfume/Morph/Antigua-Bay-88416.html
111705,Morph,Arles,,https://www.fragrantica.com/perfume/Morph/Arles-28146.html
111706,Morph,Axum,2017,https://www.fragrantica.com/perfume/Morph/Axum-46629.html
111707,Morph,Cruda,,https://www.fragrantica.com/perfume/Morph/Cruda-28145.html
111708,Morph,Disumano,2022,https://www.fragrantica.com/perfume/Morph/Disumano-76559.html
111709,Morph,Gate 17,2024,https://www.fragrantica.com/perfume/Morph/Gate-17-98061.html
111710,Morph,Iconic,,https://www.fragrantica.com/perfume/Morph/Iconic-75517.html
111711,Morph,Indomable,2017,https://www.fragrantica.com/perfume/Morph/Indomable-46630.html
111712,Morph,Kolonaki,,https://www.fragrantica.com/perfume/Morph/Kolonaki-28144.html
111713,Morph,Malaga,,https://www.fragrantica.com/perfume/Morph/Malaga-28143.html
111714,Morph,Miyazawa,,https://www.fragrantica.com/perfume/Morph/Miyazawa-75518.html
111715,Morph,Montmartre,,https://www.fragrantica.com/perfume/Morph/Montmartre-28149.html
111716,Morph,N 8,2019,https://www.fragrantica.com/perfume/Morph/N-8-57156.html
111717,Morph,Nudo,,https://www.fragrantica.com/perfume/Morph/Nudo-28147.html
111718,Morph,Oud Mafia,2023,https://www.fragrantica.com/perfume/Morph/Oud-Mafia-89589.html
111719,Morph,Primitivo,2026,https://www.fragrantica.com/perfume/Morph/Primitivo-127086.html
111720,Morph,Pure Soul,,https://www.fragrantica.com/perfume/Morph/Pure-Soul-28148.html
111721,Morph,Rose J.,2019,https://www.fragrantica.com/perfume/Morph/Rose-J-57153.html
111722,Morph,Tonkatonic,2024,https://www.fragrantica.com/perfume/Morph/Tonkatonic-90868.html
111723,Morph,Too,,https://www.fragrantica.com/perfume/Morph/Too-71995.html
111724,Morph,Umhh,,https://www.fragrantica.com/perfume/Morph/Umhh-69210.html
111725,Morph,Vapor,2020,https://www.fragrantica.com/perfume/Morph/Vapor-68918.html
111726,Morph,Vision,2016,https://www.fragrantica.com/perfume/Morph/Vision-44696.html
111727,Morph,Zeta,2018,https://www.fragrantica.com/perfume/Morph/Zeta-51603.html
111728,Morreale Paris,Le Monde Sur Mesure,2018,https://www.fragrantica.com/perfume/Morreale-Paris/Le-Monde-Sur-Mesure-52338.html
111729,Morreale Paris,Méridien,2019,https://www.fragrantica.com/perfume/Morreale-Paris/Meridien-69482.html
111730,Morreale Paris,Morreale Pour Femme,2018,https://www.fragrantica.com/perfume/Morreale-Paris/Morreale-Pour-Femme-52336.html
111731,Morreale Paris,Morreale Pour Homme,2018,https://www.fragrantica.com/perfume/Morreale-Paris/Morreale-Pour-Homme-52337.html
111732,Morreale Paris,Renaissance,2018,https://www.fragrantica.com/perfume/Morreale-Paris/Renaissance-69483.html
111733,Morris,Black Intense (Eau de Toilette),2014,https://www.fragrantica.com/perfume/Morris/Black-Intense-31066.html
111734,Morris,Black Intense Morris 2014 After Shave Lotion,2014,https://www.parfumo.com/Perfumes/Morris/Black_Intense_After_Shave_Lotion
111735,Morris,BlueBack Morris 1989 After Shave,1989,https://www.parfumo.com/Perfumes/Morris/BlueBack_After_Shave
111736,Morris,Elle Gratia Renasci Aura,,https://www.fragrantica.com/perfume/Morris/Elle-Gratia-Renasci-Aura-110962.html
111737,Morris,Elle Gratia Renasci Elysium,,https://www.fragrantica.com/perfume/Morris/Elle-Gratia-Renasci-Elysium-110961.html
111738,Morris,Elle Gratia Renasci Grace,,https://www.fragrantica.com/perfume/Morris/Elle-Gratia-Renasci-Grace-110963.html
111739,Morris,Fortiter Cologne Indigo (Eau de Cologne),2024,https://www.fragrantica.com/perfume/Morris/Fortiter-Cologne-Indigo-110960.html
111740,Morris,Fortiter Cologne Jade (Eau de Cologne),2024,https://www.fragrantica.com/perfume/Morris/Fortiter-Cologne-Jade-111142.html
111741,Morris,Fortiter Cologne Royal (Eau de Cologne),2024,https://www.fragrantica.com/perfume/Morris/Fortiter-Cologne-Royal-111141.html
111742,Morris,Gocce di Amore,2015,https://www.fragrantica.com/perfume/Morris/Gocce-di-Amore-31059.html
111743,Morris,Gocce di Napoleon,1979,https://www.fragrantica.com/perfume/Morris/Gocce-di-Napoleon-9108.html
111744,Morris,Gocce di Napoleon Red Vanilla,2025,https://www.fragrantica.com/perfume/Morris/Gocce-di-Napoleon-Red-Vanilla-119185.html
111745,Morris,Gocce di Napoleon Sunny Vibes,2025,https://www.fragrantica.com/perfume/Morris/Gocce-di-Napoleon-Sunny-Vibes-119184.html
111746,Morris,Gocce di Passione,2015,https://www.fragrantica.com/perfume/Morris/Gocce-di-Passione-31060.html
111747,Morris,Gocce Gocce di Napoleon,1991,https://www.fragrantica.com/perfume/Morris/Gocce-Gocce-di-Napoleon-9112.html
111748,Morris,Ingrid,1948,https://www.fragrantica.com/perfume/Morris/Ingrid-83742.html
111749,Morris,Legno di Cedro Morris 2007 Eau de Toilette,2007,https://www.parfumo.com/Perfumes/Morris/Legno_di_Cedro_Eau_de_Toilette
111750,Morris,Luna,1985,https://www.fragrantica.com/perfume/Morris/Luna-9113.html
111751,Morris,Madame Approche,1994,https://www.parfumo.com/Perfumes/Morris/Madame_Approche
111752,Morris,Mademoiselle Myrtille,2011,https://www.parfumo.com/Perfumes/Morris/Mademoiselle_Myrtille
111753,Morris,Maria Amalia,2006,https://www.fragrantica.com/perfume/Morris/Maria-Amalia-48204.html
111754,Morris,Miss Gocce Romantic,2015,https://www.fragrantica.com/perfume/Morris/Miss-Gocce-Romantic-31064.html
111755,Morris,Miss Gocce Sensual,2015,https://www.fragrantica.com/perfume/Morris/Miss-Gocce-Sensual-31065.html
111756,Morris,Morris,1975,https://www.fragrantica.com/perfume/Morris/Morris-9111.html
111757,Morris,Morris Replay,1990,https://www.fragrantica.com/perfume/Morris/Morris-Replay-105959.html
111758,Morris,Morriselle Eau Fraîche,2010,https://www.fragrantica.com/perfume/Morris/Morriselle-Eau-Fraiche-31068.html
111759,Morris,Morriselle Eau Tendre,2010,https://www.fragrantica.com/perfume/Morris/Morriselle-Eau-Tendre-31069.html
111760,Morris,Morriselle Pour Elle,,https://www.fragrantica.com/perfume/Morris/Morriselle-Pour-Elle-31067.html
111761,Morris,Morriselle Pour Elle Le Parfum,2016,https://www.fragrantica.com/perfume/Morris/Morriselle-Pour-Elle-Le-Parfum-38756.html
111762,Morris,Morriselle Pour Elle Musc,2013,https://www.fragrantica.com/perfume/Morris/Morriselle-Pour-Elle-Musc-31070.html
111763,Morris,Occhi Verdi Batik,1995,https://www.fragrantica.com/perfume/Morris/Occhi-Verdi-Batik-9323.html
111764,Morris,Occhi Verdi Eau de Toilette,1990,https://www.fragrantica.com/perfume/Morris/Occhi-Verdi-Eau-de-Toilette-137022.html
111765,Morris,Occhi Verdi Fleur de Batik,,https://www.fragrantica.com/perfume/Morris/Occhi-Verdi-Fleur-de-Batik-138771.html
111766,Morris,The Wild Man,2018,https://www.fragrantica.com/perfume/Morris/The-Wild-Man-54517.html
111767,Morris Motley,Fer de Lance,2025,https://www.fragrantica.com/perfume/Morris-Motley/Fer-de-Lance-114770.html
111768,Morris Motley,Fumo Bacco,2025,https://www.fragrantica.com/perfume/Morris-Motley/Fumo-Bacco-114771.html
111769,Morris Motley,Mineralism,2025,https://www.fragrantica.com/perfume/Morris-Motley/Mineralism-114768.html
111770,Morris Motley,Oakmoss,2020,https://www.fragrantica.com/perfume/Morris-Motley/Oakmoss-64071.html
111771,Morris Motley,OUD 777,2025,https://www.fragrantica.com/perfume/Morris-Motley/OUD-777-114772.html
111772,Morris Motley,Vert Gothique,2024,https://www.fragrantica.com/perfume/Morris-Motley/Vert-Gothique-114766.html
111773,Morris Motley,White Lighter,2024,https://www.fragrantica.com/perfume/Morris-Motley/White-Lighter-114767.html
111774,Mosaic,Mosaic Eau De Parfum,2017,https://www.fragrantica.com/perfume/Mosaic/Mosaic-Eau-De-Parfum-47145.html
111775,Moscca,Bare Santal,2024,https://www.fragrantica.com/perfume/Moscca/Bare-Santal-117486.html
111776,Moscca,Cardamom Spice,2024,https://www.fragrantica.com/perfume/Moscca/Cardamom-Spice-117484.html
111777,Moscca,Currant Exclusif,2024,https://www.fragrantica.com/perfume/Moscca/Currant-Exclusif-117487.html
111778,Moscca,Ginger Delight,2024,https://www.fragrantica.com/perfume/Moscca/Ginger-Delight-117483.html
111779,Moscca,Lychee Rosé,2024,https://www.fragrantica.com/perfume/Moscca/Lychee-Rose-117485.html
111780,Moscca,Pomelo Spritz,2024,https://www.fragrantica.com/perfume/Moscca/Pomelo-Spritz-117481.html
111781,Moscca,Saffron Air,2024,https://www.fragrantica.com/perfume/Moscca/Saffron-Air-117488.html
111782,Moscca,Sencha Garden,2024,https://www.fragrantica.com/perfume/Moscca/Sencha-Garden-117489.html
111783,Moscca,Tonka Fierce,2024,https://www.fragrantica.com/perfume/Moscca/Tonka-Fierce-117490.html
111784,Moscca,Twenty Eight,2024,https://www.fragrantica.com/perfume/Moscca/Twenty-Eight-117482.html
111785,Moscca,Velvet Praline,2024,https://www.fragrantica.com/perfume/Moscca/Velvet-Praline-117491.html
111786,Moscca,White Lotus,2024,https://www.fragrantica.com/perfume/Moscca/White-Lotus-117492.html
111787,Moschino,Cheap & Chic,1995,https://www.fragrantica.com/perfume/Moschino/Cheap-Chic-727.html
111788,Moschino,Cheap & Chic Chic Petals,2013,https://www.fragrantica.com/perfume/Moschino/Cheap-Chic-Chic-Petals-18418.html
111789,Moschino,Cheap and Chic Hippy Fizz,2008,https://www.fragrantica.com/perfume/Moschino/Cheap-and-Chic-Hippy-Fizz-3036.html
111790,Moschino,Cheap & Chic I Love Love,2004,https://www.fragrantica.com/perfume/Moschino/Cheap-Chic-I-Love-Love-728.html
111791,Moschino,Cheap and Chic - I Love Love,2005,https://www.parfumo.com/Perfumes/Moschino/Cheap_and_Chic_I_Love_Love
111792,Moschino,Cheap & Chic Light Clouds,2009,https://www.fragrantica.com/perfume/Moschino/Cheap-Chic-Light-Clouds-6146.html
111793,Moschino,Cheap and Chic - So Real,2017,https://www.parfumo.com/Perfumes/Moschino/Cheap__Chic__So_Real
111794,Moschino,Cheap and Chic - Stars,2014,https://www.parfumo.com/Perfumes/Moschino/Cheap_and_Chic_Stars
111795,Moschino,Couture!,2004,https://www.fragrantica.com/perfume/Moschino/Couture-729.html
111796,Moschino,Forever Moschino 2011 Eau de Toilette,2011,https://www.parfumo.com/Perfumes/Moschino/Forever_Eau_de_Toilette
111797,Moschino,Forever Sailing Moschino 2013 Eau de Toilette,2013,https://www.parfumo.com/Perfumes/Moschino/Forever_Sailing_Eau_de_Toilette
111798,Moschino,Fresh Couture,2015,https://www.fragrantica.com/perfume/Moschino/Fresh-Couture-32393.html
111799,Moschino,Friends Men (Eau de Toilette),2005,https://www.fragrantica.com/perfume/Moschino/Friends-Men-731.html
111800,Moschino,Friends Men Moschino 2005 After Shave,2005,https://www.parfumo.com/Perfumes/Moschino/Friends_Men_After_Shave
111801,Moschino,Glamour,2008,https://www.fragrantica.com/perfume/Moschino/Glamour-4846.html
111802,Moschino,Gold Fresh Couture,2017,https://www.fragrantica.com/perfume/Moschino/Gold-Fresh-Couture-47511.html
111803,Moschino,L'Eau Cheap and Chic,2001,https://www.fragrantica.com/perfume/Moschino/L-Eau-Cheap-and-Chic-1616.html
111804,Moschino,Moschino,1987,https://www.fragrantica.com/perfume/Moschino/Moschino-732.html
111805,Moschino,Moschino Forever (After Shave),2011,https://www.fragrantica.com/perfume/Moschino/Moschino-Forever-11613.html
111806,Moschino,Moschino Forever Sailing (After Shave),2013,https://www.fragrantica.com/perfume/Moschino/Moschino-Forever-Sailing-18716.html
111807,Moschino,Moschino Funny!,2007,https://www.fragrantica.com/perfume/Moschino/Moschino-Funny-1215.html
111808,Moschino,Moschino Pour Homme (After Shave),1990,https://www.fragrantica.com/perfume/Moschino/Moschino-Pour-Homme-5951.html
111809,Moschino,Moschino pour Homme Moschino 1990 Eau de Toilette,1990,https://www.parfumo.com/Perfumes/Moschino/Moschino_pour_Homme_Eau_de_Toilette
111810,Moschino,Oh! de,1996,https://www.parfumo.com/Perfumes/Moschino/Oh_de_Moschino
111811,Moschino,OH! De Moschino,1996,https://www.fragrantica.com/perfume/Moschino/OH-De-Moschino-733.html
111812,Moschino,Pink Bouquet,2012,https://www.fragrantica.com/perfume/Moschino/Pink-Bouquet-15209.html
111813,Moschino,Pink Fresh Couture,2017,https://www.fragrantica.com/perfume/Moschino/Pink-Fresh-Couture-43831.html
111814,Moschino,So Real Cheap & Chic,2017,https://www.fragrantica.com/perfume/Moschino/So-Real-Cheap-Chic-46867.html
111815,Moschino,Stars,2014,https://www.fragrantica.com/perfume/Moschino/Stars-27957.html
111816,Moschino,Toujours Glamour,2010,https://www.fragrantica.com/perfume/Moschino/Toujours-Glamour-8637.html
111817,Moschino,Toy,2014,https://www.fragrantica.com/perfume/Moschino/Toy-28805.html
111818,Moschino,Toy 2,2018,https://www.fragrantica.com/perfume/Moschino/Toy-2-51589.html
111819,Moschino,Toy 2 Bubble Gum (Hair Mist),2021,https://www.fragrantica.com/perfume/Moschino/Toy-2-Bubble-Gum-66098.html
111820,Moschino,Toy 2 Bubble Gum Moschino 2021 Eau de Toilette,2021,https://www.parfumo.com/Perfumes/Moschino/toy-2-bubble-gum-eau-de-toilette
111821,Moschino,Toy 2 Bubble Gum Moschino 2021 Hair Mist,2021,https://www.parfumo.com/Perfumes/Moschino/toy-2-bubble-gum-hair-mist
111822,Moschino,Toy 2 Gummy,2026,https://www.fragrantica.com/perfume/Moschino/Toy-2-Gummy-126055.html
111823,Moschino,Toy 2 Pearl,2023,https://www.fragrantica.com/perfume/Moschino/Toy-2-Pearl-84718.html
111824,Moschino,Toy 2 Yummy,2026,https://www.fragrantica.com/perfume/Moschino/Toy-2-Yummy-126054.html
111825,Moschino,Toy Boy,2019,https://www.fragrantica.com/perfume/Moschino/Toy-Boy-55858.html
111826,Moschino,Toy Boy 2,2025,https://www.fragrantica.com/perfume/Moschino/Toy-Boy-2-115319.html
111827,Moschino,Uomo? (Eau de Toilette),1998,https://www.fragrantica.com/perfume/Moschino/Uomo-730.html
111828,Moschino,Uomo? Moschino 1997 After Shave,1997,https://www.parfumo.com/Perfumes/Moschino/Uomo_After_Shave
111829,Moseha,7th Heaven,2023,https://www.fragrantica.com/perfume/Moseha/7th-Heaven-89004.html
111830,Moseha,Fougere Originale,2023,https://www.fragrantica.com/perfume/Moseha/Fougere-Originale-89012.html
111831,Moseha,Gray Labdanum,2023,https://www.fragrantica.com/perfume/Moseha/Gray-Labdanum-89002.html
111832,Moseha,Hues And Cues,2023,https://www.fragrantica.com/perfume/Moseha/Hues-And-Cues-89013.html
111833,Moseha,Oudh No.1,2023,https://www.fragrantica.com/perfume/Moseha/Oudh-No-1-89001.html
111834,Moseha,Remember My Name,2023,https://www.fragrantica.com/perfume/Moseha/Remember-My-Name-89014.html
111835,Moseha,Song Of The Scents,2023,https://www.fragrantica.com/perfume/Moseha/Song-Of-The-Scents-89003.html
111836,Moset,Amaranto,2023,https://www.fragrantica.com/perfume/Moset/Amaranto-81678.html
111837,Moset,Aruba,2025,https://www.fragrantica.com/perfume/Moset/Aruba-115103.html
111838,Moset,Iris Tabac,2026,https://www.fragrantica.com/perfume/Moset/Iris-Tabac-126919.html
111839,Moset,L'Iris,2025,https://www.fragrantica.com/perfume/Moset/L-Iris-101767.html
111840,Moset,Libra,2022,https://www.fragrantica.com/perfume/Moset/Libra-76937.html
111841,MOSQ,Aitona,2025,https://www.fragrantica.com/perfume/MOSQ/Aitona-121728.html
111842,MOSQ,Ember,2025,https://www.fragrantica.com/perfume/MOSQ/Ember-121727.html
111843,MOSQ,Xaloc,2025,https://www.fragrantica.com/perfume/MOSQ/Xaloc-121726.html
111844,Moth and Rabbit Perfumes,Blow Up,,https://www.fragrantica.com/perfume/Moth-and-Rabbit-Perfumes/Blow-Up-52812.html
111845,Moth and Rabbit Perfumes,Challengers,2025,https://www.fragrantica.com/perfume/Moth-and-Rabbit-Perfumes/Challengers-115846.html
111846,Moth and Rabbit Perfumes,Clueless,2019,https://www.fragrantica.com/perfume/Moth-and-Rabbit-Perfumes/Clueless-53271.html
111847,Moth and Rabbit Perfumes,Daisies,,https://www.fragrantica.com/perfume/Moth-and-Rabbit-Perfumes/Daisies-52809.html
111848,Moth and Rabbit Perfumes,Dolls,,https://www.fragrantica.com/perfume/Moth-and-Rabbit-Perfumes/Dolls-52816.html
111849,Moth and Rabbit Perfumes,Dreamers,2021,https://www.fragrantica.com/perfume/Moth-and-Rabbit-Perfumes/Dreamers-69438.html
111850,Moth and Rabbit Perfumes,Duke of Burgundy,,https://www.fragrantica.com/perfume/Moth-and-Rabbit-Perfumes/Duke-of-Burgundy-52815.html
111851,Moth and Rabbit Perfumes,Enter the Void,,https://www.fragrantica.com/perfume/Moth-and-Rabbit-Perfumes/Enter-the-Void-52813.html
111852,Moth and Rabbit Perfumes,I Am Love,2025,https://www.fragrantica.com/perfume/Moth-and-Rabbit-Perfumes/I-Am-Love-126422.html
111853,Moth and Rabbit Perfumes,Io Sono L'Amore,2024,https://www.fragrantica.com/perfume/Moth-and-Rabbit-Perfumes/Io-Sono-L-Amore-97078.html
111854,Moth and Rabbit Perfumes,La Haine,,https://www.fragrantica.com/perfume/Moth-and-Rabbit-Perfumes/La-Haine-52811.html
111855,Moth and Rabbit Perfumes,Love Exposure,,https://www.fragrantica.com/perfume/Moth-and-Rabbit-Perfumes/Love-Exposure-52808.html
111856,Moth and Rabbit Perfumes,Melancholia,2023,https://www.fragrantica.com/perfume/Moth-and-Rabbit-Perfumes/Melancholia-83412.html
111857,Moth and Rabbit Perfumes,Mood Indigo,,https://www.fragrantica.com/perfume/Moth-and-Rabbit-Perfumes/Mood-Indigo-52807.html
111858,Moth and Rabbit Perfumes,Parasite,2020,https://www.fragrantica.com/perfume/Moth-and-Rabbit-Perfumes/Parasite-62699.html
111859,Moth and Rabbit Perfumes,Single Man,,https://www.fragrantica.com/perfume/Moth-and-Rabbit-Perfumes/Single-Man-52817.html
111860,Moth and Rabbit Perfumes,The Colour of Pomegranate,2024,https://www.fragrantica.com/perfume/Moth-and-Rabbit-Perfumes/The-Colour-of-Pomegranate-90592.html
111861,Moth and Rabbit Perfumes,The Lobster,,https://www.fragrantica.com/perfume/Moth-and-Rabbit-Perfumes/The-Lobster-52814.html
111862,Moth and Rabbit Perfumes,The Virgins,,https://www.fragrantica.com/perfume/Moth-and-Rabbit-Perfumes/The-Virgins-52810.html
111863,Mother of Pearl,Butterfly Kiss,2023,https://www.fragrantica.com/perfume/Mother-of-Pearl/Butterfly-Kiss-87347.html
111864,Mother of Pearl,Couture Black Dress,2023,https://www.fragrantica.com/perfume/Mother-of-Pearl/Couture-Black-Dress-87344.html
111865,Mother of Pearl,Easy Life,2023,https://www.fragrantica.com/perfume/Mother-of-Pearl/Easy-Life-87345.html
111866,Mother of Pearl,Honorable Woman,2023,https://www.fragrantica.com/perfume/Mother-of-Pearl/Honorable-Woman-87346.html
111867,Mother of Pearl,Intoxicating Love,2023,https://www.fragrantica.com/perfume/Mother-of-Pearl/Intoxicating-Love-87343.html
111868,Mother of Pearl,Mystical Desert,2023,https://www.fragrantica.com/perfume/Mother-of-Pearl/Mystical-Desert-87340.html
111869,Mother of Pearl,Pistachi-Oh!,2023,https://www.fragrantica.com/perfume/Mother-of-Pearl/Pistachi-Oh-87341.html
111870,Mother of Pearl,Purple Royale,2023,https://www.fragrantica.com/perfume/Mother-of-Pearl/Purple-Royale-87348.html
111871,Mother of Pearl,Savage Vanilla,2023,https://www.fragrantica.com/perfume/Mother-of-Pearl/Savage-Vanilla-87342.html
111872,Mother of Pearl,Tobacco Desire,2023,https://www.fragrantica.com/perfume/Mother-of-Pearl/Tobacco-Desire-87337.html
111873,Motif Olfactif,Atelier Vêtu De Vert,2020,https://www.fragrantica.com/perfume/Motif-Olfactif/Atelier-Vetu-De-Vert-59124.html
111874,Motif Olfactif,De Toma à Zouma,2019,https://www.fragrantica.com/perfume/Motif-Olfactif/De-Toma-a-Zouma-59118.html
111875,Motif Olfactif,Huaka'i,2021,https://www.fragrantica.com/perfume/Motif-Olfactif/Huaka-i-75899.html
111876,Motif Olfactif,Makai,2021,https://www.fragrantica.com/perfume/Motif-Olfactif/Makai-75896.html
111877,Motif Olfactif,Moments,2021,https://www.fragrantica.com/perfume/Motif-Olfactif/Moments-75897.html
111878,Motif Olfactif,Mon Oasis,2019,https://www.fragrantica.com/perfume/Motif-Olfactif/Mon-Oasis-59114.html
111879,Motif Olfactif,Murmure Chypré,2019,https://www.fragrantica.com/perfume/Motif-Olfactif/Murmure-Chypre-59121.html
111880,Motif Olfactif,Nectar Boisé,2019,https://www.fragrantica.com/perfume/Motif-Olfactif/Nectar-Boise-59122.html
111881,Motif Olfactif,Sérénade,2021,https://www.fragrantica.com/perfume/Motif-Olfactif/Serenade-75898.html
111882,Motif Olfactif,Voile D’encens,2019,https://www.fragrantica.com/perfume/Motif-Olfactif/Voile-D-encens-59123.html
111883,Motörhead,Ace of Spades,2023,https://www.fragrantica.com/perfume/Motoerhead/Ace-of-Spades-87456.html
111884,Motörhead,Bad Magic,2022,https://www.fragrantica.com/perfume/Motoerhead/Bad-Magic-82132.html
111885,Motörhead,Motörhead Man,2022,https://www.fragrantica.com/perfume/Motoerhead/Motoerhead-Man-82134.html
111886,Motörhead,Motörhead Woman,2022,https://www.fragrantica.com/perfume/Motoerhead/Motoerhead-Woman-82131.html
111887,Motörhead,No Remorse,2022,https://www.fragrantica.com/perfume/Motoerhead/No-Remorse-82133.html
111888,Motörhead,OVERKILL,2023,https://www.fragrantica.com/perfume/Motoerhead/OVERKILL-90079.html
111889,Moudon,Arcane,2025,https://www.fragrantica.com/perfume/Moudon/Arcane-103967.html
111890,Moudon,Beloved,2022,https://www.fragrantica.com/perfume/Moudon/Beloved-85972.html
111891,Moudon,Broye,2024,https://www.fragrantica.com/perfume/Moudon/Broye-94757.html
111892,Moudon,Carrouge,2024,https://www.fragrantica.com/perfume/Moudon/Carrouge-94762.html
111893,Moudon,Charisma,2024,https://www.fragrantica.com/perfume/Moudon/Charisma-94754.html
111894,Moudon,Charmant,2022,https://www.fragrantica.com/perfume/Moudon/Charmant-85969.html
111895,Moudon,Eclipse,2022,https://www.fragrantica.com/perfume/Moudon/Eclipse-85973.html
111896,Moudon,Élégant,2022,https://www.fragrantica.com/perfume/Moudon/Elegant-85968.html
111897,Moudon,Elysian,2024,https://www.fragrantica.com/perfume/Moudon/Elysian-94751.html
111898,Moudon,Embrace,2024,https://www.fragrantica.com/perfume/Moudon/Embrace-94755.html
111899,Moudon,Enigma,2024,https://www.fragrantica.com/perfume/Moudon/Enigma-94748.html
111900,Moudon,Extasie,2024,https://www.fragrantica.com/perfume/Moudon/Extasie-94749.html
111901,Moudon,Glorious,2024,https://www.fragrantica.com/perfume/Moudon/Glorious-94753.html
111902,Moudon,Grace,2025,https://www.fragrantica.com/perfume/Moudon/Grace-103968.html
111903,Moudon,Harmony,2024,https://www.fragrantica.com/perfume/Moudon/Harmony-94750.html
111904,Moudon,Loyse,2024,https://www.fragrantica.com/perfume/Moudon/Loyse-94760.html
111905,Moudon,Lumia,2022,https://www.fragrantica.com/perfume/Moudon/Lumia-85974.html
111906,Moudon,Mazan,2024,https://www.fragrantica.com/perfume/Moudon/Mazan-94758.html
111907,Moudon,Merine,2024,https://www.fragrantica.com/perfume/Moudon/Merine-94764.html
111908,Moudon,Mildon,2024,https://www.fragrantica.com/perfume/Moudon/Mildon-94759.html
111909,Moudon,Obsidian,2022,https://www.fragrantica.com/perfume/Moudon/Obsidian-85975.html
111910,Moudon,Précieux,2022,https://www.fragrantica.com/perfume/Moudon/Precieux-85966.html
111911,Moudon,Radiant,2022,https://www.fragrantica.com/perfume/Moudon/Radiant-85964.html
111912,Moudon,Seductive,2024,https://www.fragrantica.com/perfume/Moudon/Seductive-94752.html
111913,Moudon,Solace,2025,https://www.fragrantica.com/perfume/Moudon/Solace-103969.html
111914,Moudon,Tacheron,2024,https://www.fragrantica.com/perfume/Moudon/Tacheron-94761.html
111915,Moudon,Tempest,2022,https://www.fragrantica.com/perfume/Moudon/Tempest-85967.html
111916,Moudon,Temptation,2022,https://www.fragrantica.com/perfume/Moudon/Temptation-85970.html
111917,Moudon,Vaillant,2022,https://www.fragrantica.com/perfume/Moudon/Vaillant-85965.html
111918,Moudon,Valour,2025,https://www.fragrantica.com/perfume/Moudon/Valour-103970.html
111919,Moudon,Vevey,2024,https://www.fragrantica.com/perfume/Moudon/Vevey-94763.html
111920,Moudon,Wisdom,2024,https://www.fragrantica.com/perfume/Moudon/Wisdom-94756.html
111921,Moulvi,Black Oud,2015,https://www.fragrantica.com/perfume/Moulvi/Black-Oud-136966.html
111922,Moulvi,Earth,2025,https://www.fragrantica.com/perfume/Moulvi/Earth-136963.html
111923,Moulvi,Eighteen,2023,https://www.fragrantica.com/perfume/Moulvi/Eighteen-136974.html
111924,Moulvi,Enigma,2007,https://www.fragrantica.com/perfume/Moulvi/Enigma-136962.html
111925,Moulvi,Enigma All Over Spray,2026,https://www.fragrantica.com/perfume/Moulvi/Enigma-All-Over-Spray-138061.html
111926,Moulvi,Kings Oud,2024,https://www.fragrantica.com/perfume/Moulvi/Kings-Oud-136970.html
111927,Moulvi,Lillian,2015,https://www.fragrantica.com/perfume/Moulvi/Lillian-136965.html
111928,Moulvi,Musk Al Oud,2010,https://www.fragrantica.com/perfume/Moulvi/Musk-Al-Oud-136964.html
111929,Moulvi,Oud Forever,2025,https://www.fragrantica.com/perfume/Moulvi/Oud-Forever-136968.html
111930,Moulvi,Oud Signature,2020,https://www.fragrantica.com/perfume/Moulvi/Oud-Signature-136973.html
111931,Moulvi,Oud Special Edition,2018,https://www.fragrantica.com/perfume/Moulvi/Oud-Special-Edition-136967.html
111932,Moulvi,Queens Oud,2024,https://www.fragrantica.com/perfume/Moulvi/Queens-Oud-136971.html
111933,Moulvi,Rose Forever,2025,https://www.fragrantica.com/perfume/Moulvi/Rose-Forever-136969.html
111934,Moulvi,White Gold,2025,https://www.fragrantica.com/perfume/Moulvi/White-Gold-136972.html
111935,Moulvi,White Gold All Over Spray,2026,https://www.fragrantica.com/perfume/Moulvi/White-Gold-All-Over-Spray-138062.html
111936,Moulvi,White Pearl,2022,https://www.fragrantica.com/perfume/Moulvi/White-Pearl-136975.html
111937,Mouson,Bambus,1930,https://www.fragrantica.com/perfume/Mouson/Bambus-101187.html
111938,MOVEY,Highway,2025,https://www.fragrantica.com/perfume/MOVEY/Highway-140413.html
111939,MOVEY,Nuit Bleu,2025,https://www.fragrantica.com/perfume/MOVEY/Nuit-Bleu-140412.html
111940,MOVEY,Queen,2025,https://www.fragrantica.com/perfume/MOVEY/Queen-140411.html
111941,Mox Botanicals,Actium Solid Perfume,,https://www.fragrantica.com/perfume/Mox-Botanicals/Actium-Solid-Perfume-20712.html
111942,Mox Botanicals,Arsinoe Solid Perfume,,https://www.fragrantica.com/perfume/Mox-Botanicals/Arsinoe-Solid-Perfume-20713.html
111943,Mox Botanicals,Asp Solid Perfume,,https://www.fragrantica.com/perfume/Mox-Botanicals/Asp-Solid-Perfume-20714.html
111944,MOZAÏKA,Ashta Lova,2025,https://www.fragrantica.com/perfume/MOZAIKA/Ashta-Lova-119094.html
111945,MOZAÏKA,Calabria,2025,https://www.fragrantica.com/perfume/MOZAIKA/Calabria-119090.html
111946,MOZAÏKA,Massalia,2025,https://www.fragrantica.com/perfume/MOZAIKA/Massalia-119093.html
111947,MOZAÏKA,Orencia,2025,https://www.fragrantica.com/perfume/MOZAIKA/Orencia-119089.html
111948,MOZAÏKA,Oud Mosaic,2025,https://www.fragrantica.com/perfume/MOZAIKA/Oud-Mosaic-119091.html
111949,MOZAÏKA,Oud Talisman,2025,https://www.fragrantica.com/perfume/MOZAIKA/Oud-Talisman-119092.html
111950,MPF,Adore The Soul,,https://www.fragrantica.com/perfume/MPF/Adore-The-Soul-128944.html
111951,MPF,Ahlam Al Azara,,https://www.fragrantica.com/perfume/MPF/Ahlam-Al-Azara-25188.html
111952,MPF,Ambér Léather MPF Eau de Parfum,,https://www.parfumo.com/Perfumes/MPF/amber-leather-eau-de-parfum
111953,MPF,Aquatic Allure,2025,https://www.fragrantica.com/perfume/MPF/Aquatic-Allure-128864.html
111954,MPF,Arancia,,https://www.fragrantica.com/perfume/MPF/Arancia-36688.html
111955,MPF,Artistry,2020,https://www.fragrantica.com/perfume/MPF/Artistry-115484.html
111956,MPF,Avenue Blanc,,https://www.fragrantica.com/perfume/MPF/Avenue-Blanc-36690.html
111957,MPF,Avenue Noir,,https://www.fragrantica.com/perfume/MPF/Avenue-Noir-36689.html
111958,MPF,Before Midnight For Her,,https://www.fragrantica.com/perfume/MPF/Before-Midnight-For-Her-128883.html
111959,MPF,Blue Royale,,https://www.fragrantica.com/perfume/MPF/Blue-Royale-128912.html
111960,MPF,By The Shore,2025,https://www.fragrantica.com/perfume/MPF/By-The-Shore-128837.html
111961,MPF,Conquer,,https://www.fragrantica.com/perfume/MPF/Conquer-128887.html
111962,MPF,Couteux,,https://www.fragrantica.com/perfume/MPF/Couteux-36684.html
111963,MPF,Crypto Gold,,https://www.fragrantica.com/perfume/MPF/Crypto-Gold-128889.html
111964,MPF,D’Bois,,https://www.fragrantica.com/perfume/MPF/D-Bois-23193.html
111965,MPF,Daring Femme,,https://www.fragrantica.com/perfume/MPF/Daring-Femme-36707.html
111966,MPF,Daring Homme,,https://www.fragrantica.com/perfume/MPF/Daring-Homme-36685.html
111967,MPF,Dark Oud,,https://www.fragrantica.com/perfume/MPF/Dark-Oud-23191.html
111968,MPF,Dark Scudo,,https://www.fragrantica.com/perfume/MPF/Dark-Scudo-128879.html
111969,MPF,Dj Femme,,https://www.fragrantica.com/perfume/MPF/Dj-Femme-36711.html
111970,MPF,Dj Homme,,https://www.fragrantica.com/perfume/MPF/Dj-Homme-36691.html
111971,MPF,Dominer,,https://www.fragrantica.com/perfume/MPF/Dominer-128891.html
111972,MPF,Drops,,https://www.fragrantica.com/perfume/MPF/Drops-36705.html
111973,MPF,Drops Rose,,https://www.fragrantica.com/perfume/MPF/Drops-Rose-36706.html
111974,MPF,Drops Rose Explosion,,https://www.parfumo.com/Perfumes/MPF/Drops_Rose_Explosion
111975,MPF,Echoes In Saffron,,https://www.fragrantica.com/perfume/MPF/Echoes-In-Saffron-128975.html
111976,MPF,Endless California,2026,https://www.fragrantica.com/perfume/MPF/Endless-California-128832.html
111977,MPF,Eternal Club,,https://www.fragrantica.com/perfume/MPF/Eternal-Club-128881.html
111978,MPF,Europa Naomi,,https://www.fragrantica.com/perfume/MPF/Europa-Naomi-128955.html
111979,MPF,Europa Very Red,,https://www.fragrantica.com/perfume/MPF/Europa-Very-Red-128956.html
111980,MPF,Evoque Men,,https://www.parfumo.com/Perfumes/MPF/evoque-men
111981,MPF,Fabulicious,,https://www.fragrantica.com/perfume/MPF/Fabulicious-128878.html
111982,MPF,Farcent,,https://www.fragrantica.com/perfume/MPF/Farcent-128886.html
111983,MPF,Ferocious,,https://www.fragrantica.com/perfume/MPF/Ferocious-36686.html
111984,MPF,Ferocious Femme,,https://www.parfumo.com/Perfumes/MPF/Ferocious_Femme
111985,MPF,Ferocious Homme,,https://www.parfumo.com/Perfumes/MPF/Ferocious_Homme
111986,MPF,Fizzy Cherry,2025,https://www.fragrantica.com/perfume/MPF/Fizzy-Cherry-128861.html
111987,MPF,Fleur de Hypnotic,2025,https://www.fragrantica.com/perfume/MPF/Fleur-de-Hypnotic-128841.html
111988,MPF,Fluffy,,https://www.fragrantica.com/perfume/MPF/Fluffy-36712.html
111989,MPF,Freedom,,https://www.fragrantica.com/perfume/MPF/Freedom-128913.html
111990,MPF,Freedom Intense,,https://www.fragrantica.com/perfume/MPF/Freedom-Intense-128884.html
111991,MPF,Gossip Homme,2025,https://www.fragrantica.com/perfume/MPF/Gossip-Homme-128840.html
111992,MPF,Heartstrings,2026,https://www.fragrantica.com/perfume/MPF/Heartstrings-128831.html
111993,MPF,Highway,,https://www.fragrantica.com/perfume/MPF/Highway-128888.html
111994,MPF,Ideal,,https://www.fragrantica.com/perfume/MPF/Ideal-128985.html
111995,MPF,Ideal Intense,,https://www.fragrantica.com/perfume/MPF/Ideal-Intense-128954.html
111996,MPF,Infamy,2025,https://www.fragrantica.com/perfume/MPF/Infamy-128845.html
111997,MPF,Just Oud and Wood,,https://www.fragrantica.com/perfume/MPF/Just-Oud-and-Wood-128876.html
111998,MPF,Just Peach,2025,https://www.fragrantica.com/perfume/MPF/Just-Peach-128862.html
111999,MPF,Kingdom,,https://www.fragrantica.com/perfume/MPF/Kingdom-128983.html
112000,MPF,L'Amour,,https://www.fragrantica.com/perfume/MPF/L-Amour-128981.html112001,MPF,L'Éternité,2025,https://www.fragrantica.com/perfume/MPF/L-Eternite-128846.html
112002,MPF,La Montagne,,https://www.fragrantica.com/perfume/MPF/La-Montagne-128953.html
112003,MPF,Lagoon Dream,2025,https://www.fragrantica.com/perfume/MPF/Lagoon-Dream-128844.html
112004,MPF,Leather For Men,,https://www.fragrantica.com/perfume/MPF/Leather-For-Men-128973.html
112005,MPF,Magic Pearl,,https://www.fragrantica.com/perfume/MPF/Magic-Pearl-128964.html
112006,MPF,Maison Oud,,https://www.fragrantica.com/perfume/MPF/Maison-Oud-128916.html
112007,MPF,Maison Rouge,,https://www.fragrantica.com/perfume/MPF/Maison-Rouge-128945.html
112008,MPF,Majestic,,https://www.fragrantica.com/perfume/MPF/Majestic-128890.html
112009,MPF,Maleficent,,https://www.fragrantica.com/perfume/MPF/Maleficent-128979.html
112010,MPF,Miracles In Pink,,https://www.fragrantica.com/perfume/MPF/Miracles-In-Pink-128963.html
112011,MPF,Murano,2025,https://www.fragrantica.com/perfume/MPF/Murano-128852.html
112012,MPF,Murano Crystal,2025,https://www.fragrantica.com/perfume/MPF/Murano-Crystal-128851.html
112013,MPF,Murano Noir,2025,https://www.fragrantica.com/perfume/MPF/Murano-Noir-128850.html
112014,MPF,Myriad,2025,https://www.fragrantica.com/perfume/MPF/Myriad-128853.html
112015,MPF,Nurturing Dreams,2026,https://www.fragrantica.com/perfume/MPF/Nurturing-Dreams-128833.html
112016,MPF,Ombre,2025,https://www.fragrantica.com/perfume/MPF/Ombre-128849.html
112017,MPF,Opulent,,https://www.fragrantica.com/perfume/MPF/Opulent-36710.html
112018,MPF,Orchid Noir,2020,https://www.fragrantica.com/perfume/MPF/Orchid-Noir-23192.html
112019,MPF,Oud Memoir,2025,https://www.fragrantica.com/perfume/MPF/Oud-Memoir-128838.html
112020,MPF,OX2,,https://www.fragrantica.com/perfume/MPF/OX2-36692.html
112021,MPF,Pacific Drift,2025,https://www.fragrantica.com/perfume/MPF/Pacific-Drift-128836.html
112022,MPF,Poudre,2025,https://www.fragrantica.com/perfume/MPF/Poudre-128848.html
112023,MPF,Prima Donna,2025,https://www.fragrantica.com/perfume/MPF/Prima-Donna-128842.html
112024,MPF,Qamar Alzeyan,,https://www.fragrantica.com/perfume/MPF/Qamar-Alzeyan-129015.html
112025,MPF,Rhapsody,,https://www.fragrantica.com/perfume/MPF/Rhapsody-128957.html
112026,MPF,Rider Blue,,https://www.fragrantica.com/perfume/MPF/Rider-Blue-128915.html
112027,MPF,Rose Bourbon,2025,https://www.fragrantica.com/perfume/MPF/Rose-Bourbon-128847.html
112028,MPF,Roseate Glow,2025,https://www.fragrantica.com/perfume/MPF/Roseate-Glow-128863.html
112029,MPF,Rouge Lights,2025,https://www.fragrantica.com/perfume/MPF/Rouge-Lights-128839.html
112030,MPF,Scudo Electrique,,https://www.fragrantica.com/perfume/MPF/Scudo-Electrique-128949.html
112031,MPF,Secret Promise,,https://www.fragrantica.com/perfume/MPF/Secret-Promise-128909.html
112032,MPF,Sheikh 2020,2020,https://www.fragrantica.com/perfume/MPF/Sheikh-2020-36693.html
112033,MPF,Songs of Roses,2025,https://www.fragrantica.com/perfume/MPF/Songs-of-Roses-128834.html
112034,MPF,Souls Intertwined For Her,,https://www.fragrantica.com/perfume/MPF/Souls-Intertwined-For-Her-128882.html
112035,MPF,Strength in Amber,2025,https://www.fragrantica.com/perfume/MPF/Strength-in-Amber-128843.html
112036,MPF,The Eternal Club Eau Premier,,https://www.fragrantica.com/perfume/MPF/The-Eternal-Club-Eau-Premier-128880.html
112037,MPF,The Voyager,2025,https://www.fragrantica.com/perfume/MPF/The-Voyager-128835.html
112038,MPF,The Way Of Roses,,https://www.fragrantica.com/perfume/MPF/The-Way-Of-Roses-128960.html
112039,MPF,Thrive In Red,,https://www.fragrantica.com/perfume/MPF/Thrive-In-Red-128911.html
112040,MPF,Timeline Homme,,https://www.fragrantica.com/perfume/MPF/Timeline-Homme-128914.html
112041,MPF,Titanium,,https://www.fragrantica.com/perfume/MPF/Titanium-128959.html
112042,MPF,Untold Love of Leather,,https://www.fragrantica.com/perfume/MPF/Untold-Love-of-Leather-128910.html
112043,MPF,Vanilla & Tobacco,2020,https://www.fragrantica.com/perfume/MPF/Vanilla-Tobacco-105005.html
112044,MPF,Velvet,,https://www.fragrantica.com/perfume/MPF/Velvet-36714.html
112045,MPF,Velvet Oud,,https://www.fragrantica.com/perfume/MPF/Velvet-Oud-36683.html
112046,MPF,Virtuel,,https://www.fragrantica.com/perfume/MPF/Virtuel-36687.html
112047,MPF,Wicked,,https://www.fragrantica.com/perfume/MPF/Wicked-128907.html
112048,MPF,Wicked Legend,,https://www.fragrantica.com/perfume/MPF/Wicked-Legend-128978.html
112049,MPF,Wicked Noir,,https://www.fragrantica.com/perfume/MPF/Wicked-Noir-128905.html
112050,MPF,Wild Deep,,https://www.fragrantica.com/perfume/MPF/Wild-Deep-128908.html
112051,MPF,Wildest Dreams,,https://www.fragrantica.com/perfume/MPF/Wildest-Dreams-128906.html
112052,MPF,Wow Oud,,https://www.fragrantica.com/perfume/MPF/Wow-Oud-128885.html
112053,MPF,Wow Oud 53,,https://www.fragrantica.com/perfume/MPF/Wow-Oud-53-128958.html
112054,Mr Hux,April 14th,2024,https://www.fragrantica.com/perfume/Mr-Hux/April-14th-100342.html
112055,Mr Hux,Dreaming With the Lights On,2020,https://www.fragrantica.com/perfume/Mr-Hux/Dreaming-With-the-Lights-On-100344.html
112056,Mr Hux,Russet,2020,https://www.fragrantica.com/perfume/Mr-Hux/Russet-100345.html
112057,Mr Hux,Silhouette,2020,https://www.fragrantica.com/perfume/Mr-Hux/Silhouette-100347.html
112058,Mr Perfume,11:11,2023,https://www.fragrantica.com/perfume/Mr-Perfume/11-11-135781.html
112059,Mr Perfume,69,2025,https://www.fragrantica.com/perfume/Mr-Perfume/69-135788.html
112060,Mr Perfume,82,2024,https://www.fragrantica.com/perfume/Mr-Perfume/82-135795.html
112061,Mr Perfume,Arab Mood,2024,https://www.fragrantica.com/perfume/Mr-Perfume/Arab-Mood-135793.html
112062,Mr Perfume,Billionaire,2024,https://www.fragrantica.com/perfume/Mr-Perfume/Billionaire-135782.html
112063,Mr Perfume,Bonita,2025,https://www.fragrantica.com/perfume/Mr-Perfume/Bonita-135801.html
112064,Mr Perfume,Breeze,2026,https://www.fragrantica.com/perfume/Mr-Perfume/Breeze-135794.html
112065,Mr Perfume,Crown,2025,https://www.fragrantica.com/perfume/Mr-Perfume/Crown-135791.html
112066,Mr Perfume,Dark,2024,https://www.fragrantica.com/perfume/Mr-Perfume/Dark-135797.html
112067,Mr Perfume,Dejavu,2023,https://www.fragrantica.com/perfume/Mr-Perfume/Dejavu-135783.html
112068,Mr Perfume,Dominat,2024,https://www.fragrantica.com/perfume/Mr-Perfume/Dominat-135784.html
112069,Mr Perfume,Harmony,2025,https://www.fragrantica.com/perfume/Mr-Perfume/Harmony-135799.html
112070,Mr Perfume,Level 3,2026,https://www.fragrantica.com/perfume/Mr-Perfume/Level-3-135792.html
112071,Mr Perfume,Lord,2024,https://www.fragrantica.com/perfume/Mr-Perfume/Lord-135790.html
112072,Mr Perfume,Majesty,2023,https://www.fragrantica.com/perfume/Mr-Perfume/Majesty-135787.html
112073,Mr Perfume,SAW,2025,https://www.fragrantica.com/perfume/Mr-Perfume/SAW-135789.html
112074,Mr Perfume,See,2024,https://www.fragrantica.com/perfume/Mr-Perfume/See-135786.html
112075,Mr Perfume,Sign,2026,https://www.fragrantica.com/perfume/Mr-Perfume/Sign-135798.html
112076,Mr Perfume,Wave,2025,https://www.fragrantica.com/perfume/Mr-Perfume/Wave-135796.html
112077,Mr Perfume,Whispers,2023,https://www.fragrantica.com/perfume/Mr-Perfume/Whispers-135785.html
112078,Mr Perfume,Zelora,2026,https://www.fragrantica.com/perfume/Mr-Perfume/Zelora-135780.html
112079,Mr Vanguard,Vanguard Eau De Parfum,2017,https://www.fragrantica.com/perfume/Mr-Vanguard/Vanguard-Eau-De-Parfum-50167.html
112080,Mr Vanguard,Vanguard Oud,2020,https://www.fragrantica.com/perfume/Mr-Vanguard/Vanguard-Oud-65889.html
112081,Mr.Waldron,Café del Sol,,https://www.fragrantica.com/perfume/Mr-Waldron/Cafe-del-Sol-124297.html
112082,Mr.Waldron,Don't Be Shy,,https://www.fragrantica.com/perfume/Mr-Waldron/Don-t-Be-Shy-124298.html
112083,Mr.Waldron,Exotic,,https://www.fragrantica.com/perfume/Mr-Waldron/Exotic-124300.html
112084,Mr.Waldron,Haepi,,https://www.fragrantica.com/perfume/Mr-Waldron/Haepi-124301.html
112085,Mr.Waldron,I Lose Control,,https://www.fragrantica.com/perfume/Mr-Waldron/I-Lose-Control-124303.html
112086,Mr.Waldron,KYOMU,2022,https://www.fragrantica.com/perfume/Mr-Waldron/KYOMU-77401.html
112087,Mr.Waldron,Love Is The Answer,,https://www.fragrantica.com/perfume/Mr-Waldron/Love-Is-The-Answer-124305.html
112088,Mr.Waldron,Mystic,,https://www.fragrantica.com/perfume/Mr-Waldron/Mystic-124306.html
112089,Mr.Waldron,Pure,,https://www.fragrantica.com/perfume/Mr-Waldron/Pure-124309.html
112090,Mr.Waldron,The Cologne 1 (Eau de Cologne),,https://www.fragrantica.com/perfume/Mr-Waldron/The-Cologne-1-124316.html
112091,Mr.Waldron,The Cologne (Eau de Cologne),,https://www.fragrantica.com/perfume/Mr-Waldron/The-Cologne-124315.html
112092,Mr.Waldron,The Whisper,,https://www.fragrantica.com/perfume/Mr-Waldron/The-Whisper-124311.html
112093,Mr.Waldron,VOILÀ!,2021,https://www.fragrantica.com/perfume/Mr-Waldron/VOILA-77400.html
112094,MSCHF,Smells Like Fabuloso,2024,https://www.fragrantica.com/perfume/MSCHF/Smells-Like-Fabuloso-89471.html
112095,MSCHF,Smells Like WD-40,2023,https://www.fragrantica.com/perfume/MSCHF/Smells-Like-WD-40-89475.html
112096,MTV Perfumes,MTV Amplify,2015,https://www.fragrantica.com/perfume/MTV-Perfumes/MTV-Amplify-34940.html
112097,MTV Perfumes,MTV Electric Beat,2015,https://www.fragrantica.com/perfume/MTV-Perfumes/MTV-Electric-Beat-34939.html
112098,MTV Perfumes,MTV Jamming Vibe,2015,https://www.fragrantica.com/perfume/MTV-Perfumes/MTV-Jamming-Vibe-34942.html
112099,MTV Perfumes,MTV Man,2015,https://www.fragrantica.com/perfume/MTV-Perfumes/MTV-Man-34937.html
112100,MTV Perfumes,MTV Neon Metal,2015,https://www.fragrantica.com/perfume/MTV-Perfumes/MTV-Neon-Metal-34938.html
112101,MTV Perfumes,MTV Rock,2015,https://www.fragrantica.com/perfume/MTV-Perfumes/MTV-Rock-34941.html
112102,MTV Perfumes,MTV Sound Check,2015,https://www.fragrantica.com/perfume/MTV-Perfumes/MTV-Sound-Check-34943.html
112103,MTV Perfumes,MTV Tuned Man,2016,https://www.fragrantica.com/perfume/MTV-Perfumes/MTV-Tuned-Man-41540.html
112104,MTV Perfumes,MTV Tuned Woman,2016,https://www.fragrantica.com/perfume/MTV-Perfumes/MTV-Tuned-Woman-41539.html
112105,MTV Perfumes,MTV Woman,2015,https://www.fragrantica.com/perfume/MTV-Perfumes/MTV-Woman-34944.html
112106,Mucha,Alphonse Mucha 1901,2026,https://www.fragrantica.com/perfume/Mucha/Alphonse-Mucha-1901-140517.html
112107,Mucha,Aquarius,2025,https://www.fragrantica.com/perfume/Mucha/Aquarius-140523.html
112108,Mucha,Aries,2025,https://www.fragrantica.com/perfume/Mucha/Aries-140519.html
112109,Mucha,Bleu Deschamps 1897,2026,https://www.fragrantica.com/perfume/Mucha/Bleu-Deschamps-1897-140532.html
112110,Mucha,Camellias,2023,https://www.fragrantica.com/perfume/Mucha/Camellias-140499.html
112111,Mucha,Cancer,2025,https://www.fragrantica.com/perfume/Mucha/Cancer-140524.html
112112,Mucha,Capricorn,2025,https://www.fragrantica.com/perfume/Mucha/Capricorn-140534.html
112113,Mucha,Carnation,2023,https://www.fragrantica.com/perfume/Mucha/Carnation-140501.html
112114,Mucha,Cherry Chocolate,2025,https://www.fragrantica.com/perfume/Mucha/Cherry-Chocolate-140515.html
112115,Mucha,Chocolate & Salt,2025,https://www.fragrantica.com/perfume/Mucha/Chocolate-Salt-140529.html
112116,Mucha,Dark Rum 1897,2025,https://www.fragrantica.com/perfume/Mucha/Dark-Rum-1897-140493.html
112117,Mucha,Evening Star,2024,https://www.fragrantica.com/perfume/Mucha/Evening-Star-140504.html
112118,Mucha,Gemini,2025,https://www.fragrantica.com/perfume/Mucha/Gemini-140526.html
112119,Mucha,Gismonda 1894,2025,https://www.fragrantica.com/perfume/Mucha/Gismonda-1894-140511.html
112120,Mucha,Iris,2023,https://www.fragrantica.com/perfume/Mucha/Iris-140502.html
112121,Mucha,Jaroslava 1919,2026,https://www.fragrantica.com/perfume/Mucha/Jaroslava-1919-140530.html
112122,Mucha,Leo,2025,https://www.fragrantica.com/perfume/Mucha/Leo-140527.html
112123,Mucha,Libra,2025,https://www.fragrantica.com/perfume/Mucha/Libra-140522.html
112124,Mucha,Lily,2023,https://www.fragrantica.com/perfume/Mucha/Lily-140507.html
112125,Mucha,Monaco Monte-Carlo,2024,https://www.fragrantica.com/perfume/Mucha/Monaco-Monte-Carlo-140505.html
112126,Mucha,Moon,2024,https://www.fragrantica.com/perfume/Mucha/Moon-140503.html
112127,Mucha,Morning Star,2024,https://www.fragrantica.com/perfume/Mucha/Morning-Star-140510.html
112128,Mucha,Pisces,2025,https://www.fragrantica.com/perfume/Mucha/Pisces-140533.html
112129,Mucha,Polar Star,2024,https://www.fragrantica.com/perfume/Mucha/Polar-Star-140509.html
112130,Mucha,Princess Hyacinth 1911,2025,https://www.fragrantica.com/perfume/Mucha/Princess-Hyacinth-1911-140512.html
112131,Mucha,Reverie 1897,2026,https://www.fragrantica.com/perfume/Mucha/Reverie-1897-140531.html
112132,Mucha,Rodo,2023,https://www.fragrantica.com/perfume/Mucha/Rodo-140506.html
112133,Mucha,Sagittarius,2025,https://www.fragrantica.com/perfume/Mucha/Sagittarius-140518.html
112134,Mucha,Scorpio,2025,https://www.fragrantica.com/perfume/Mucha/Scorpio-140521.html
112135,Mucha,Taurus,2025,https://www.fragrantica.com/perfume/Mucha/Taurus-140520.html
112136,Mucha,The Morning Star 1902,2025,https://www.fragrantica.com/perfume/Mucha/The-Morning-Star-1902-140513.html
112137,Mucha,Virgo,2025,https://www.fragrantica.com/perfume/Mucha/Virgo-140525.html
112138,Mucha,White Rum 1897,2025,https://www.fragrantica.com/perfume/Mucha/White-Rum-1897-140514.html
112139,Muelhens,4711 Carat,1938,https://www.fragrantica.com/perfume/Muelhens/4711-Carat-66327.html
112140,Muelhens,Amun,1981,https://www.fragrantica.com/perfume/Muelhens/Amun-43510.html
112141,Muelhens,Bella Firenze di Tosca,1998,https://www.fragrantica.com/perfume/Muelhens/Bella-Firenze-di-Tosca-122951.html
112142,Muelhens,Extase Body Talk,1996,https://www.fragrantica.com/perfume/Muelhens/Extase-Body-Talk-37964.html
112143,Muelhens,Galileo de Viento,1995,https://www.fragrantica.com/perfume/Muelhens/Galileo-de-Viento-37959.html
112144,Muelhens,Galileo de Viento 21st Century,1997,https://www.fragrantica.com/perfume/Muelhens/Galileo-de-Viento-21st-Century-37960.html
112145,Muelhens,Janine D.,1976,https://www.fragrantica.com/perfume/Muelhens/Janine-D-45139.html
112146,Muelhens,My Melody Dreams,1979,https://www.fragrantica.com/perfume/Muelhens/My-Melody-Dreams-5088.html
112147,Muelhens,Rheingold,1930,https://www.fragrantica.com/perfume/Muelhens/Rheingold-76062.html
112148,Muelhens,Sumatra Rain,1993,https://www.fragrantica.com/perfume/Muelhens/Sumatra-Rain-37961.html
112149,Muelhens,Sumatra Rain,1999,https://www.fragrantica.com/perfume/Muelhens/Sumatra-Rain-39764.html
112150,Muelhens,Sumatra Rain Fresh,1997,https://www.fragrantica.com/perfume/Muelhens/Sumatra-Rain-Fresh-37963.html
112151,Muelhens,Sumatra Rain Wood,1997,https://www.fragrantica.com/perfume/Muelhens/Sumatra-Rain-Wood-37962.html
112152,Muelhens,Tosca,1921,https://www.fragrantica.com/perfume/Muelhens/Tosca-123064.html
112153,Muelhens,Viva di Tosca,1997,https://www.fragrantica.com/perfume/Muelhens/Viva-di-Tosca-123060.html
112154,Muelhens,X Body Talk,1990,https://www.fragrantica.com/perfume/Muelhens/X-Body-Talk-37965.html
112155,Mugham,1752,2022,https://www.fragrantica.com/perfume/Mugham/1752-74569.html
112156,Mugham,Bayati-Shiraz,2020,https://www.fragrantica.com/perfume/Mugham/Bayati-Shiraz-74553.html
112157,Mugham,Chahargah,2020,https://www.fragrantica.com/perfume/Mugham/Chahargah-74550.html
112158,Mugham,Humayun,2020,https://www.fragrantica.com/perfume/Mugham/Humayun-74547.html
112159,Mugham,Rast,2020,https://www.fragrantica.com/perfume/Mugham/Rast-74567.html
112160,Mugham,Segah,2020,https://www.fragrantica.com/perfume/Mugham/Segah-74533.html
112161,Mugham,Shur,2020,https://www.fragrantica.com/perfume/Mugham/Shur-74551.html
112162,Mugham,Shushtar,2020,https://www.fragrantica.com/perfume/Mugham/Shushtar-74566.html
112163,Mugler,A*Men,1996,https://www.fragrantica.com/perfume/Mugler/A-Men-705.html
112164,Mugler,A*Men Angel Men,1996,https://www.parfumo.com/Perfumes/mugler/A_Men_Angel_Men
112165,Mugler,A*Men Fantasm,2024,https://www.fragrantica.com/perfume/Mugler/A-Men-Fantasm-93266.html
112166,Mugler,A*Men Gold Edition,2012,https://www.fragrantica.com/perfume/Mugler/A-Men-Gold-Edition-16885.html
112167,Mugler,A*Men Kryptomint,2017,https://www.fragrantica.com/perfume/Mugler/A-Men-Kryptomint-42937.html
112168,Mugler,A*Men - Le Goût du Parfum,2011,https://www.parfumo.com/Perfumes/mugler/Le_Gout_du_Parfum_AMen
112169,Mugler,A*Men Pure Coffee,2008,https://www.fragrantica.com/perfume/Mugler/A-Men-Pure-Coffee-2337.html
112170,Mugler,A*Men Pure Energy,2013,https://www.fragrantica.com/perfume/Mugler/A-Men-Pure-Energy-18982.html
112171,Mugler,A*Men Pure Havane,2011,https://www.fragrantica.com/perfume/Mugler/A-Men-Pure-Havane-11444.html
112172,Mugler,A*Men Pure Leather,2012,https://www.parfumo.com/Perfumes/mugler/AMen_Les_Parfums_de_Cuir
112173,Mugler,A*Men Pure Leather Pure Cuir,2012,https://www.fragrantica.com/perfume/Mugler/A-Men-Pure-Leather-Pure-Cuir-16043.html
112174,Mugler,A*Men Pure Malt,2009,https://www.fragrantica.com/perfume/Mugler/A-Men-Pure-Malt-6103.html
112175,Mugler,A*Men Pure Malt Creation,2013,https://www.fragrantica.com/perfume/Mugler/A-Men-Pure-Malt-Creation-19419.html
112176,Mugler,A*Men Pure Malt - Création 2013,2013,https://www.parfumo.com/Perfumes/mugler/AMen_Pure_Malt_Creation_2013
112177,Mugler,A*Men Pure Shot,2012,https://www.fragrantica.com/perfume/Mugler/A-Men-Pure-Shot-14522.html
112178,Mugler,A*Men Pure Shot Pure Energy,2012,https://www.parfumo.com/Perfumes/mugler/AMen_Pure_Shot
112179,Mugler,A*Men Pure Tonka,2016,https://www.fragrantica.com/perfume/Mugler/A-Men-Pure-Tonka-35590.html
112180,Mugler,A*Men Pure Wood,2014,https://www.fragrantica.com/perfume/Mugler/A-Men-Pure-Wood-25090.html
112181,Mugler,A*Men Stellar,2025,https://www.fragrantica.com/perfume/Mugler/A-Men-Stellar-104941.html
112182,Mugler,A*Men Summer Flash,2006,https://www.fragrantica.com/perfume/Mugler/A-Men-Summer-Flash-716.html
112183,Mugler,A*Men Sunessence Edition Orage d'Ete,2010,https://www.fragrantica.com/perfume/Mugler/A-Men-Sunessence-Edition-Orage-d-Ete-8192.html
112184,Mugler,A*Men Ultimate,2019,https://www.fragrantica.com/perfume/Mugler/A-Men-Ultimate-56796.html
112185,Mugler,A*Men Ultra Zest,2015,https://www.fragrantica.com/perfume/Mugler/A-Men-Ultra-Zest-29589.html
112186,Mugler,A*Men Urban Edition,,https://www.fragrantica.com/perfume/Mugler/A-Men-Urban-Edition-49914.html
112187,Mugler,Alien 24 Carats Jewel Talisman,2017,https://www.fragrantica.com/perfume/Mugler/Alien-24-Carats-Jewel-Talisman-47423.html
112188,Mugler,Alien Aqua Chic,2012,https://www.fragrantica.com/perfume/Mugler/Alien-Aqua-Chic-14221.html
112189,Mugler,Alien Aqua Chic 2012,2012,https://www.parfumo.com/Perfumes/mugler/Alien_Aqua_Chic
112190,Mugler,Alien Aqua Chic 2013,2013,https://www.fragrantica.com/perfume/Mugler/Alien-Aqua-Chic-2013-17654.html
112191,Mugler,Alien Couture Stone,,https://www.parfumo.com/Perfumes/mugler/Alien_Couture_Stone
112192,Mugler,Alien Divine Ornamentation,,https://www.parfumo.com/Perfumes/mugler/Alien_Divine_Ornamentation
112193,Mugler,Alien Divine Ornamentations,2016,https://www.fragrantica.com/perfume/Mugler/Alien-Divine-Ornamentations-35983.html
112194,Mugler,Alien (Eau de Parfum),2005,https://www.fragrantica.com/perfume/Mugler/Alien-707.html
112195,Mugler,Alien Eau de Parfum Neon Edition,2016,https://www.fragrantica.com/perfume/Mugler/Alien-Eau-de-Parfum-Neon-Edition-42453.html
112196,Mugler,Alien Eau de Toilette,2009,https://www.fragrantica.com/perfume/Mugler/Alien-Eau-de-Toilette-6616.html
112197,Mugler,Alien Eau Extraordinaire,2014,https://www.fragrantica.com/perfume/Mugler/Alien-Eau-Extraordinaire-23333.html
112198,Mugler,Alien Eau Extraordinaire Gold Shimmer,2015,https://www.fragrantica.com/perfume/Mugler/Alien-Eau-Extraordinaire-Gold-Shimmer-30767.html
112199,Mugler,Alien Eau Luminescente,2008,https://www.fragrantica.com/perfume/Mugler/Alien-Eau-Luminescente-2780.html
112200,Mugler,Alien Eau Sublime,2017,https://www.fragrantica.com/perfume/Mugler/Alien-Eau-Sublime-42892.html
112201,Mugler,Alien Édition Talisman,2015,https://www.fragrantica.com/perfume/Mugler/Alien-Edition-Talisman-32437.html
112202,Mugler,Alien Essence Absolue,2012,https://www.fragrantica.com/perfume/Mugler/Alien-Essence-Absolue-15452.html
112203,Mugler,Alien Essence Absolue Crystal Collection,,https://www.parfumo.com/Perfumes/mugler/Alien_Essence_Absolue_Crystal_Collection
112204,Mugler,Alien Extraintense,2025,https://www.fragrantica.com/perfume/Mugler/Alien-Extraintense-101560.html
112205,Mugler,Alien Flora Futura,2018,https://www.fragrantica.com/perfume/Mugler/Alien-Flora-Futura-48304.html
112206,Mugler,Alien Fusion,2019,https://www.fragrantica.com/perfume/Mugler/Alien-Fusion-53458.html
112207,Mugler,Alien Goddess (Eau de Parfum),2021,https://www.fragrantica.com/perfume/Mugler/Alien-Goddess-68354.html
112208,Mugler,Alien Goddess Intense,2022,https://www.fragrantica.com/perfume/Mugler/Alien-Goddess-Intense-74871.html
112209,Mugler,Alien Goddess Mugler 2022 Eau de Parfum Intense,2022,https://www.parfumo.com/Perfumes/mugler/alien-goddess-eau-de-parfum-intense
112210,Mugler,Alien Goddess Mugler 2023 Eau de Parfum Supra Florale,2023,https://www.parfumo.com/Perfumes/mugler/alien-goddess-eau-de-parfum-supra-florale
112211,Mugler,Alien Goddess Supra Florale,2023,https://www.fragrantica.com/perfume/Mugler/Alien-Goddess-Supra-Florale-82489.html
112212,Mugler,Alien Hypersense,2024,https://www.fragrantica.com/perfume/Mugler/Alien-Hypersense-89599.html
112213,Mugler,Alien - Le Goût du Parfum,2011,https://www.parfumo.com/Perfumes/mugler/Le_Gout_du_Parfum_Alien
112214,Mugler,Alien Les Parfums de Cuir,2012,https://www.fragrantica.com/perfume/Mugler/Alien-Les-Parfums-de-Cuir-16041.html
112215,Mugler,Alien Liqueur de Parfum,2013,https://www.fragrantica.com/perfume/Mugler/Alien-Liqueur-de-Parfum-19418.html
112216,Mugler,Alien Liqueur de Parfum 2009,2009,https://www.fragrantica.com/perfume/Mugler/Alien-Liqueur-de-Parfum-2009-6732.html
112217,Mugler,Alien Liqueur de Parfum - Création 2013,2013,https://www.parfumo.com/Perfumes/mugler/Alien_Liqueur_de_Parfum_Creation_2013
112218,Mugler,Alien Magie d'une Nouvelle Pierre,,https://www.parfumo.com/Perfumes/mugler/Alien_Magie_d_une_Nouvelle_Pierre
112219,Mugler,Alien Man,2018,https://www.fragrantica.com/perfume/Mugler/Alien-Man-49503.html
112220,Mugler,Alien Man Fusion,2019,https://www.fragrantica.com/perfume/Mugler/Alien-Man-Fusion-53459.html
112221,Mugler,Alien Man Mirage,2020,https://www.fragrantica.com/perfume/Mugler/Alien-Man-Mirage-59293.html
112222,Mugler,Alien Mirage,2020,https://www.fragrantica.com/perfume/Mugler/Alien-Mirage-59292.html
112223,Mugler,Alien Mugler Brume Cheveux (Body Mist),,https://www.parfumo.com/Perfumes/mugler/alien-brume-cheveux
112224,Mugler,Alien Musc Mysterieux,2017,https://www.fragrantica.com/perfume/Mugler/Alien-Musc-Mysterieux-43617.html
112225,Mugler,Alien Oud Majestueux,2015,https://www.fragrantica.com/perfume/Mugler/Alien-Oud-Majestueux-31602.html
112226,Mugler,Alien Pierre Initiatique Edition,2011,https://www.fragrantica.com/perfume/Mugler/Alien-Pierre-Initiatique-Edition-11351.html
112227,Mugler,Alien - Pierre Initiatique Édition Limitée Saint Valentin 2011,2011,https://www.parfumo.com/Perfumes/mugler/Alien_Pierre_Initiatique
112228,Mugler,Alien Pierre Magique,2013,https://www.fragrantica.com/perfume/Mugler/Alien-Pierre-Magique-18763.html
112229,Mugler,Alien Pinceau Parfumant,,https://huggingface.co/datasets/doevent/perfume
112230,Mugler,Alien Pulp,2025,https://www.fragrantica.com/perfume/Mugler/Alien-Pulp-121443.html
112231,Mugler,Alien Sunessence,2009,https://www.parfumo.com/Perfumes/mugler/Alien_Sunessence
112232,Mugler,Alien Sunessence Edition Limitee 2011 Or d'Ambre,2011,https://www.fragrantica.com/perfume/Mugler/Alien-Sunessence-Edition-Limitee-2011-Or-d-Ambre-11552.html
112233,Mugler,Alien Sunessence Édition Or d'Ambre,2011,https://www.parfumo.com/Perfumes/mugler/Alien_Sunessence_Edition_Or_d_Ambre
112234,Mugler,Alien Sunessence Edition Saphir Soleil,2010,https://www.fragrantica.com/perfume/Mugler/Alien-Sunessence-Edition-Saphir-Soleil-8194.html
112235,Mugler,Alien Sunessence EDT Legere,2009,https://www.fragrantica.com/perfume/Mugler/Alien-Sunessence-EDT-Legere-5769.html
112236,Mugler,Alien Talisman Bijou 24 Carats,,https://www.parfumo.com/Perfumes/mugler/Alien_Talisman_Bijou_24_Carats
112237,Mugler,Alien Talisman Édition Anniversaire,,https://www.parfumo.com/Perfumes/mugler/Alien_Talisman_Edition_Anniversaire
112238,Mugler,Alien We Are All Alien Collector Edition,2018,https://www.fragrantica.com/perfume/Mugler/Alien-We-Are-All-Alien-Collector-Edition-51521.html
112239,Mugler,Ambre Redoutable,2019,https://www.fragrantica.com/perfume/Mugler/Ambre-Redoutable-56251.html
112240,Mugler,Angel Aqua Chic,2012,https://www.fragrantica.com/perfume/Mugler/Angel-Aqua-Chic-14220.html
112241,Mugler,Angel Aqua Chic 2012,2012,https://www.parfumo.com/Perfumes/mugler/Angel_Aqua_Chic
112242,Mugler,Angel Aqua Chic 2013,2013,https://www.fragrantica.com/perfume/Mugler/Angel-Aqua-Chic-2013-17655.html
112243,Mugler,Angel Arty 2017,2017,https://www.fragrantica.com/perfume/Mugler/Angel-Arty-2017-48075.html
112244,Mugler,Angel Arty Case,2016,https://www.fragrantica.com/perfume/Mugler/Angel-Arty-Case-42454.html
112245,Mugler,Angel Black Brilliant Star,2013,https://www.fragrantica.com/perfume/Mugler/Angel-Black-Brilliant-Star-22843.html
112246,Mugler,Angel Blush,2026,https://www.fragrantica.com/perfume/Mugler/Angel-Blush-125841.html
112247,Mugler,Angel Brilliant Star,,https://www.parfumo.com/Perfumes/mugler/Angel_Brilliant_Star
112248,Mugler,Angel Caprice de Star,2007,https://www.fragrantica.com/perfume/Mugler/Angel-Caprice-de-Star-1228.html
112249,Mugler,Angel Celebration Étoile Fatale Fatal Star,,https://www.parfumo.com/Perfumes/mugler/angel-celebration-etoile-fatale-fatal-star
112250,Mugler,Angel Celebration Il Etait Une Étoile Once Upon A Star,,https://www.parfumo.com/Perfumes/mugler/angel-celebration-il-etait-une-etoile-once-upon-a-star
112251,Mugler,Angel Celebration Une Étoile Est Née A Star Is Born,,https://www.parfumo.com/Perfumes/mugler/angel-celebration-une-etoile-est-nee-a-star-is-born
112252,Mugler,Angel Collector 2019,2019,https://www.fragrantica.com/perfume/Mugler/Angel-Collector-2019-57560.html
112253,Mugler,Angel Collector Superstar,,https://www.parfumo.com/Perfumes/mugler/Angel_Collector_Superstar
112254,Mugler,Angel Divine Étoile Divine Star,,https://www.parfumo.com/Perfumes/mugler/angel-divine-etoile-divine-star
112255,Mugler,Angel Eau Croisière,2019,https://www.fragrantica.com/perfume/Mugler/Angel-Eau-Croisiere-53351.html
112256,Mugler,Angel Eau Croisière 2019,2019,https://www.parfumo.com/Perfumes/mugler/Angel_Eau_Croisiere
112257,Mugler,Angel Eau Croisière 2020,2020,https://www.fragrantica.com/perfume/Mugler/Angel-Eau-Croisiere-2020-58960.html
112258,Mugler,Angel Eau Croisière Act Ii 2020,2020,https://huggingface.co/datasets/doevent/perfume
112259,Mugler,Angel (Eau de Parfum),1992,https://www.fragrantica.com/perfume/Mugler/Angel-704.html
112260,Mugler,Angel Eau de Parfum Neon Edition,2016,https://www.fragrantica.com/perfume/Mugler/Angel-Eau-de-Parfum-Neon-Edition-42305.html
112261,Mugler,Angel Eau de Parfum Rechargeable Edition 2015,2015,https://www.fragrantica.com/perfume/Mugler/Angel-Eau-de-Parfum-Rechargeable-Edition-2015-29704.html
112262,Mugler,Angel Eau de Toilette,2011,https://www.fragrantica.com/perfume/Mugler/Angel-Eau-de-Toilette-12748.html
112263,Mugler,Angel Eau de Toilette (2019),2019,https://www.fragrantica.com/perfume/Mugler/Angel-Eau-de-Toilette-2019-55460.html
112264,Mugler,Angel Eau Sucree,2014,https://www.fragrantica.com/perfume/Mugler/Angel-Eau-Sucree-24779.html
112265,Mugler,Angel Eau Sucrée 2014,2014,https://www.parfumo.com/Perfumes/mugler/Angel_Eau_Sucree
112266,Mugler,Angel Eau Sucree 2015,2015,https://www.fragrantica.com/perfume/Mugler/Angel-Eau-Sucree-2015-30214.html
112267,Mugler,Angel Eau Sucree 2016,2016,https://www.fragrantica.com/perfume/Mugler/Angel-Eau-Sucree-2016-42302.html
112268,Mugler,Angel Eau Sucree 2017,2017,https://www.fragrantica.com/perfume/Mugler/Angel-Eau-Sucree-2017-43721.html
112269,Mugler,Angel Édition Limitée Étoile Givrée,,https://www.parfumo.com/Perfumes/mugler/Angel_Edition_Limitee_Etoile_Givree
112270,Mugler,Angel Édition Passion,,https://www.parfumo.com/Perfumes/mugler/Angel_Edition_Passion
112271,Mugler,Angel Elixir,2023,https://www.fragrantica.com/perfume/Mugler/Angel-Elixir-78581.html
112272,Mugler,Angel Elixir Fantasy 2023,2023,https://huggingface.co/datasets/doevent/perfume
112273,Mugler,Angel Elixir Fantasy Collector,,https://www.parfumo.com/Perfumes/mugler/angel-elixir-fantasy-collector
112274,Mugler,Angel Étoile Bijou,,https://www.parfumo.com/Perfumes/mugler/angel-etoile-bijou
112275,Mugler,Angel Étoile Collection Couture,,https://www.parfumo.com/Perfumes/mugler/angel-etoile-collection-couture
112276,Mugler,Angel Étoile Comète Collection Couture,,https://www.parfumo.com/Perfumes/mugler/angel-etoile-comete-collection-couture
112277,Mugler,Angel Étoile d'Hiver Winter Star,,https://www.parfumo.com/Perfumes/mugler/angel-etoile-d-hiver-winter-star
112278,Mugler,Angel Étoile des Rêves,2016,https://www.fragrantica.com/perfume/Mugler/Angel-Etoile-des-Reves-40788.html
112279,Mugler,Angel Étoile Glamour Collection Couture,,https://www.parfumo.com/Perfumes/mugler/angel-etoile-glamour-collection-couture
112280,Mugler,Angel Étoile Immaculée Immaculate Star,,https://www.parfumo.com/Perfumes/mugler/Angel_Etoile_Immaculee_Immaculate_Star
112281,Mugler,Angel Étoile Magique Magic Star,,https://www.parfumo.com/Perfumes/mugler/Angel_Etoile_Magique_Magic_Star
112282,Mugler,Angel Etoile Mystique,2003,https://www.fragrantica.com/perfume/Mugler/Angel-Etoile-Mystique-11635.html
112283,Mugler,Angel Étoile Saphir,,https://www.parfumo.com/Perfumes/mugler/Angel_Etoile_Saphir
112284,Mugler,Angel Etoile Seduisante,2011,https://www.fragrantica.com/perfume/Mugler/Angel-Etoile-Seduisante-11352.html
112285,Mugler,Angel Extrait de Parfum,2006,https://www.fragrantica.com/perfume/Mugler/Angel-Extrait-de-Parfum-11634.html
112286,Mugler,Angel Fantasm,2024,https://www.fragrantica.com/perfume/Mugler/Angel-Fantasm-91916.html
112287,Mugler,Angel Forever,2007,https://www.fragrantica.com/perfume/Mugler/Angel-Forever-2928.html
112288,Mugler,Angel Fruity Fair,2018,https://www.fragrantica.com/perfume/Mugler/Angel-Fruity-Fair-49159.html
112289,Mugler,Angel Garden Of Stars - La Rose Angel,2006,https://www.fragrantica.com/perfume/Mugler/Angel-Garden-Of-Stars-La-Rose-Angel-711.html
112290,Mugler,Angel Garden Of Stars - Le Lys,2005,https://www.fragrantica.com/perfume/Mugler/Angel-Garden-Of-Stars-Le-Lys-714.html
112291,Mugler,Angel Garden Of Stars - Pivoine Angel,2005,https://www.fragrantica.com/perfume/Mugler/Angel-Garden-Of-Stars-Pivoine-Angel-710.html
112292,Mugler,Angel Garden Of Stars - Violette Angel,2005,https://www.fragrantica.com/perfume/Mugler/Angel-Garden-Of-Stars-Violette-Angel-712.html
112293,Mugler,Angel Glamorama,2014,https://www.fragrantica.com/perfume/Mugler/Angel-Glamorama-28089.html
112294,Mugler,Angel Hair Mist,,https://www.fragrantica.com/perfume/Mugler/Angel-Hair-Mist-46219.html
112295,Mugler,Angel Iced Star,2021,https://www.fragrantica.com/perfume/Mugler/Angel-Iced-Star-66393.html
112296,Mugler,Angel Iced Star Collector,2018,https://www.fragrantica.com/perfume/Mugler/Angel-Iced-Star-Collector-52133.html
112297,Mugler,Angel Immaculate Star,2015,https://www.fragrantica.com/perfume/Mugler/Angel-Immaculate-Star-42307.html
112298,Mugler,Angel Intimate Star,2009,https://www.fragrantica.com/perfume/Mugler/Angel-Intimate-Star-11636.html
112299,Mugler,Angel Jewel Star,2016,https://www.fragrantica.com/perfume/Mugler/Angel-Jewel-Star-42303.html
112300,Mugler,Angel La Part des Anges,2007,https://www.fragrantica.com/perfume/Mugler/Angel-La-Part-des-Anges-2929.html
112301,Mugler,Angel - Le Goût du Parfum,2011,https://www.parfumo.com/Perfumes/mugler/Le_Gout_du_Parfum_Angel
112302,Mugler,Angel Les Parfums de Cuir,2012,https://www.fragrantica.com/perfume/Mugler/Angel-Les-Parfums-de-Cuir-16040.html
112303,Mugler,Angel Liqueur de Parfum,2013,https://www.fragrantica.com/perfume/Mugler/Angel-Liqueur-de-Parfum-19417.html
112304,Mugler,Angel Liqueur de Parfum 2009,2009,https://www.fragrantica.com/perfume/Mugler/Angel-Liqueur-de-Parfum-2009-6744.html
112305,Mugler,Angel Liqueur de Parfum - Création 2013,2013,https://www.parfumo.com/Perfumes/mugler/Angel_Liqueur_de_Parfum_Creation_2013
112306,Mugler,Angel Lucky Star,,https://www.parfumo.com/Perfumes/mugler/angel-lucky-star
112307,Mugler,Angel Magic Star,2013,https://www.fragrantica.com/perfume/Mugler/Angel-Magic-Star-37702.html
112308,Mugler,Angel Mugler 2010 Solid Perfume,2010,https://www.parfumo.com/Perfumes/mugler/Angel_Solid_Perfume
112309,Mugler,Angel Mugler Brume Cheveux,,https://www.parfumo.com/Perfumes/mugler/angel-brume-cheveux
112310,Mugler,Angel Mugler Show Collection Mugler 2010 Eau de Parfum,2010,https://www.parfumo.com/Perfumes/mugler/Angel_Mugler_Show_Collection
112311,Mugler,Angel Mugler Show Deluxe Superstar,2016,https://www.fragrantica.com/perfume/Mugler/Angel-Mugler-Show-Deluxe-Superstar-42306.html
112312,Mugler,Angel Mugler Show Star,2010,https://www.fragrantica.com/perfume/Mugler/Angel-Mugler-Show-Star-10324.html
112313,Mugler,Angel Muse (Eau de Parfum),2016,https://www.fragrantica.com/perfume/Mugler/Angel-Muse-36416.html
112314,Mugler,Angel Muse Eau de Toilette,2017,https://www.fragrantica.com/perfume/Mugler/Angel-Muse-Eau-de-Toilette-48008.html
112315,Mugler,Angel New Star,2016,https://www.fragrantica.com/perfume/Mugler/Angel-New-Star-42304.html
112316,Mugler,Angel Nova (Eau de Parfum),2020,https://www.fragrantica.com/perfume/Mugler/Angel-Nova-61519.html
112317,Mugler,Angel Nova Eau de Toilette,2021,https://www.fragrantica.com/perfume/Mugler/Angel-Nova-Eau-de-Toilette-67863.html
112318,Mugler,Angel Passion Star,2015,https://www.fragrantica.com/perfume/Mugler/Angel-Passion-Star-31849.html
112319,Mugler,Angel Precious Star,2012,https://www.parfumo.com/Perfumes/mugler/Angel_Precious_Star
112320,Mugler,Angel Precious Star 20th Birthday Edition,2012,https://www.fragrantica.com/perfume/Mugler/Angel-Precious-Star-20th-Birthday-Edition-16884.html
112321,Mugler,Angel Sapphire Star,2017,https://www.fragrantica.com/perfume/Mugler/Angel-Sapphire-Star-47422.html
112322,Mugler,Angel Secret Star,2014,https://www.fragrantica.com/perfume/Mugler/Angel-Secret-Star-28226.html
112323,Mugler,Angel Silver Brilliant Star,2013,https://www.fragrantica.com/perfume/Mugler/Angel-Silver-Brilliant-Star-22844.html
112324,Mugler,Angel Stellar,2025,https://www.fragrantica.com/perfume/Mugler/Angel-Stellar-102584.html
112325,Mugler,Angel Sunessence,2009,https://www.parfumo.com/Perfumes/mugler/Angel_Sunessence
112326,Mugler,Angel Sunessence Edition Bleu Lagon,2010,https://www.fragrantica.com/perfume/Mugler/Angel-Sunessence-Edition-Bleu-Lagon-8193.html
112327,Mugler,Angel Sunessence Édition Océan d'Argent,2011,https://www.parfumo.com/Perfumes/mugler/Angel_Sunessence_Edition_Ocean_d_Argent
112328,Mugler,Angel Sunessence EDT Legere,2009,https://www.fragrantica.com/perfume/Mugler/Angel-Sunessence-EDT-Legere-5770.html
112329,Mugler,Angel Sunessence Ocean d'Argent,2011,https://www.fragrantica.com/perfume/Mugler/Angel-Sunessence-Ocean-d-Argent-11633.html
112330,Mugler,Angel Winter Star Extrait Limited Edition,1992,https://www.fragrantica.com/perfume/Mugler/Angel-Winter-Star-Extrait-Limited-Edition-19955.html
112331,Mugler,Aura Mugler,2017,https://www.fragrantica.com/perfume/Mugler/Aura-Mugler-45639.html
112332,Mugler,Aura Mugler 2017 Eau de Parfum,2017,https://www.parfumo.com/Perfumes/mugler/Aura_Eau_de_Parfum
112333,Mugler,Aura Mugler 2018 Eau de Toilette,2018,https://www.parfumo.com/Perfumes/mugler/Aura_Eau_de_Toilette
112334,Mugler,Aura Mugler 2019 Eau de Parfum Sensuelle,2019,https://www.parfumo.com/Perfumes/mugler/Aura_Eau_de_Parfum_Sensuelle
112335,Mugler,Aura Mugler Eau de Parfum Sensuelle,2019,https://www.fragrantica.com/perfume/Mugler/Aura-Mugler-Eau-de-Parfum-Sensuelle-54977.html
112336,Mugler,Aura Mugler Eau de Toilette,2018,https://www.fragrantica.com/perfume/Mugler/Aura-Mugler-Eau-de-Toilette-49661.html
112337,Mugler,B*Men,2004,https://www.fragrantica.com/perfume/Mugler/B-Men-706.html
112338,Mugler,Blow It Up (Eau de Cologne),2019,https://www.fragrantica.com/perfume/Mugler/Blow-It-Up-58396.html
112339,Mugler,Chyprissime,2014,https://www.fragrantica.com/perfume/Mugler/Chyprissime-25092.html
112340,Mugler,Cologne Summer Flash (Eau de Cologne),2006,https://www.fragrantica.com/perfume/Mugler/Cologne-Summer-Flash-717.html
112341,Mugler,Cuir Impertinent,2015,https://www.fragrantica.com/perfume/Mugler/Cuir-Impertinent-31827.html
112342,Mugler,Eau de Star,2007,https://www.fragrantica.com/perfume/Mugler/Eau-de-Star-1229.html
112343,Mugler,Fantasquatic,2020,https://www.fragrantica.com/perfume/Mugler/Fantasquatic-64534.html
112344,Mugler,Fougere Furieuse,2014,https://www.fragrantica.com/perfume/Mugler/Fougere-Furieuse-25094.html
112345,Mugler,Heal Your Mind (Eau de Cologne),2019,https://www.fragrantica.com/perfume/Mugler/Heal-Your-Mind-58397.html
112346,Mugler,Hot Cologne (Eau de Cologne),2017,https://www.fragrantica.com/perfume/Mugler/Hot-Cologne-41303.html
112347,Mugler,Ice*Men,2007,https://www.fragrantica.com/perfume/Mugler/Ice-Men-1347.html
112348,Mugler,Innocent,1998,https://www.fragrantica.com/perfume/Mugler/Innocent-709.html
112349,Mugler,Innocent Illusion,2007,https://www.fragrantica.com/perfume/Mugler/Innocent-Illusion-1674.html
112350,Mugler,Innocent Rock,2008,https://www.fragrantica.com/perfume/Mugler/Innocent-Rock-2588.html
112351,Mugler,Innocent Rock (2019),2019,https://www.fragrantica.com/perfume/Mugler/Innocent-Rock-2019-56368.html
112352,Mugler,Innocent Secret,2006,https://www.fragrantica.com/perfume/Mugler/Innocent-Secret-718.html
112353,Mugler,Innocent Summer Dew,2005,https://www.fragrantica.com/perfume/Mugler/Innocent-Summer-Dew-12802.html
112354,Mugler,Innocent Summer Flash,2006,https://www.fragrantica.com/perfume/Mugler/Innocent-Summer-Flash-715.html
112355,Mugler,La Rose Angel,2006,https://www.parfumo.com/Perfumes/mugler/Angel_Garden_Of_Stars_Rose_Angel
112356,Mugler,Le Lys Angel,2005,https://www.parfumo.com/Perfumes/mugler/Angel_Garden_Of_Stars_The_Lily_Angel
112357,Mugler,Le Parfum,2006,https://www.fragrantica.com/perfume/Mugler/Le-Parfum-713.html
112358,Mugler,Le Parfum - Absolu Jasmin,2006,https://www.parfumo.com/Perfumes/mugler/Absolu_Jasmin
112359,Mugler,Le Parfum - Amor & Psyché,2006,https://www.parfumo.com/Perfumes/mugler/Amor_Psyche
112360,Mugler,Le Parfum - Atelier Grimal,2006,https://www.parfumo.com/Perfumes/mugler/Atelier_Grimal
112361,Mugler,Le Parfum - Aura,2006,https://www.parfumo.com/Perfumes/mugler/Aura
112362,Mugler,Le Parfum - Baby,2006,https://www.parfumo.com/Perfumes/mugler/Baby
112363,Mugler,Le Parfum - Boutique Baldini,2006,https://www.parfumo.com/Perfumes/mugler/Boutique_Baldini
112364,Mugler,Le Parfum - Ermite,2006,https://www.parfumo.com/Perfumes/mugler/Ermite
112365,Mugler,Le Parfum - Human Existence,2006,https://www.parfumo.com/Perfumes/mugler/Human_Existence
112366,Mugler,Le Parfum - Noblesse,,https://www.parfumo.com/Perfumes/mugler/Noblesse
112367,Mugler,Le Parfum - Nuit Napolitaine,2006,https://www.parfumo.com/Perfumes/mugler/Nuit_Napolitaine
112368,Mugler,Le Parfum - Orgie,2006,https://www.parfumo.com/Perfumes/mugler/Orgie
112369,Mugler,Le Parfum - Paris 1738,2006,https://www.parfumo.com/Perfumes/mugler/Paris_1738
112370,Mugler,Le Parfum - Salon Rouge,2006,https://www.parfumo.com/Perfumes/mugler/Salon_Rouge
112371,Mugler,Le Parfum - Sea,2006,https://www.parfumo.com/Perfumes/mugler/Sea
112372,Mugler,Le Parfum - Virgin No. 1,2006,https://www.parfumo.com/Perfumes/mugler/Virgin_No_1
112373,Mugler,Les Exceptions - Ambre Redoutable,2019,https://www.parfumo.com/Perfumes/mugler/les-exceptions-ambre-redoutable
112374,Mugler,Les Exceptions - Chyprissime,2014,https://www.parfumo.com/Perfumes/mugler/Les_Exceptions_Chyprissime
112375,Mugler,Les Exceptions - Cuir Impertinent,2015,https://www.parfumo.com/Perfumes/mugler/Les_Exceptions__Cuir_Impertinent
112376,Mugler,Les Exceptions - Fantasquatic,2021,https://www.parfumo.com/Perfumes/mugler/les-exceptions-fantasquatic
112377,Mugler,Les Exceptions - Fougère Furieuse,2014,https://www.parfumo.com/Perfumes/mugler/Les_Exceptions_Fougere_Furieuse
112378,Mugler,Les Exceptions - Hot Cologne (Eau de Cologne),2016,https://www.parfumo.com/Perfumes/mugler/Les_Exceptions__Hot_Cologne
112379,Mugler,Les Exceptions - Mystic Aromatic,2018,https://www.parfumo.com/Perfumes/mugler/Les_Exceptions__Mystic_Aromatic
112380,Mugler,Les Exceptions - Naughty Fruity,2019,https://www.parfumo.com/Perfumes/mugler/Les_Exceptions__Naughty_Fruity
112381,Mugler,Les Exceptions - Oriental Extreme Oriental Express,2014,https://www.parfumo.com/Perfumes/mugler/les-exceptions-oriental-extreme-oriental-express
112382,Mugler,Les Exceptions - Over The Musk,2014,https://www.parfumo.com/Perfumes/mugler/Les_Exceptions_Over_the_Musk
112383,Mugler,Les Exceptions - Supra Floral,2014,https://www.parfumo.com/Perfumes/mugler/Les_Exceptions_Supra_Floral
112384,Mugler,Les Exceptions - Wonder Bouquet,2017,https://www.parfumo.com/Perfumes/mugler/Les_Exceptions__Wonder_Bouquet
112385,Mugler,Les Exceptions - Woodissime,2016,https://www.parfumo.com/Perfumes/mugler/Les_Exceptions__Woodissime
112386,Mugler,Miroir Miroir - A Travers Le Miroir,2008,https://www.parfumo.com/Perfumes/mugler/Miroir_Miroir_A_Travers_Le_Miroir
112387,Mugler,"Miroir Miroir - Dis-Moi, Miroir",2008,https://www.parfumo.com/Perfumes/mugler/Miroir_Miroir_DisMoi_Miroir
112388,Mugler,Miroir Miroir - Miroir des Envies,2008,https://www.parfumo.com/Perfumes/mugler/Miroir_Miroir_Miroir_des_Envies
112389,Mugler,Miroir Miroir - Miroir des Joyaux,2013,https://www.parfumo.com/Perfumes/mugler/Miroir_Miroir_Miroir_des_Joyaux
112390,Mugler,Miroir Miroir - Miroir des Majestés,2012,https://www.parfumo.com/Perfumes/mugler/Miroir_Miroir_Miroir_des_Majestes
112391,Mugler,Miroir Miroir - Miroir des Secrets,2008,https://www.parfumo.com/Perfumes/mugler/Miroir_Miroir_Miroir_des_Secrets
112392,Mugler,Miroir Miroir - Miroir des Vanités,2008,https://www.parfumo.com/Perfumes/mugler/Miroir_Miroir_Miroir_des_Vanites
112393,Mugler,Miroir Miroir - Miroir des Voluptés,2010,https://www.parfumo.com/Perfumes/mugler/Miroir_des_Voluptes
112394,Mugler,Mirror Mirror Collection - A Travers Le Miroir,2008,https://www.fragrantica.com/perfume/Mugler/Mirror-Mirror-Collection-A-Travers-Le-Miroir-2368.html
112395,Mugler,"Mirror Mirror Collection - Dis Moi, Miroir",2008,https://www.fragrantica.com/perfume/Mugler/Mirror-Mirror-Collection-Dis-Moi-Miroir-2372.html
112396,Mugler,Mirror Mirror Collection - Miroir des Envies,2008,https://www.fragrantica.com/perfume/Mugler/Mirror-Mirror-Collection-Miroir-des-Envies-2371.html
112397,Mugler,Mirror Mirror Collection - Miroir des Joyaux,2013,https://www.fragrantica.com/perfume/Mugler/Mirror-Mirror-Collection-Miroir-des-Joyaux-31017.html
112398,Mugler,Mirror Mirror Collection - Miroir des Majestes,2012,https://www.fragrantica.com/perfume/Mugler/Mirror-Mirror-Collection-Miroir-des-Majestes-14720.html
112399,Mugler,Mirror Mirror Collection - Miroir des Secrets,2008,https://www.fragrantica.com/perfume/Mugler/Mirror-Mirror-Collection-Miroir-des-Secrets-2369.html
112400,Mugler,Mirror Mirror Collection - Miroir Des Vanites,2008,https://www.fragrantica.com/perfume/Mugler/Mirror-Mirror-Collection-Miroir-Des-Vanites-2370.html
112401,Mugler,Mirror Mirror Collection - Miroir des Voluptes,2010,https://www.fragrantica.com/perfume/Mugler/Mirror-Mirror-Collection-Miroir-des-Voluptes-11231.html
112402,Mugler,Mugler Cologne Come Together (Eau de Cologne),2018,https://www.fragrantica.com/perfume/Mugler/Mugler-Cologne-Come-Together-50883.html
112403,Mugler,Mugler Cologne (Eau de Cologne),2001,https://www.fragrantica.com/perfume/Mugler/Mugler-Cologne-708.html
112404,Mugler,Mugler Cologne Fly Away (Eau de Cologne),2018,https://www.fragrantica.com/perfume/Mugler/Mugler-Cologne-Fly-Away-50885.html
112405,Mugler,Mugler Cologne Love You All (Eau de Cologne),2018,https://www.fragrantica.com/perfume/Mugler/Mugler-Cologne-Love-You-All-50886.html
112406,Mugler,Mugler Cologne Run Free (Eau de Cologne),2018,https://www.fragrantica.com/perfume/Mugler/Mugler-Cologne-Run-Free-50887.html
112407,Mugler,Mugler Cologne Take Me Out (Eau de Cologne),2018,https://www.fragrantica.com/perfume/Mugler/Mugler-Cologne-Take-Me-Out-50888.html
112408,Mugler,Mugler Show,2013,https://www.fragrantica.com/perfume/Mugler/Mugler-Show-18930.html
112409,Mugler,Mystic Aromatic,2018,https://www.fragrantica.com/perfume/Mugler/Mystic-Aromatic-49025.html
112410,Mugler,Naughty Fruity,2019,https://www.fragrantica.com/perfume/Mugler/Naughty-Fruity-55225.html
112411,Mugler,Oriental Express,2014,https://www.fragrantica.com/perfume/Mugler/Oriental-Express-25096.html
112412,Mugler,Oriental Extreme,2019,https://www.fragrantica.com/perfume/Mugler/Oriental-Extreme-57648.html
112413,Mugler,Over The Musk,2014,https://www.fragrantica.com/perfume/Mugler/Over-The-Musk-25095.html
112414,Mugler,Pivoine Angel,2005,https://www.parfumo.com/Perfumes/mugler/Angel_Garden_Of_Stars__Peony_Angel
112415,Mugler,Secret Eau de Toilette,2018,https://www.fragrantica.com/perfume/Mugler/Secret-Eau-de-Toilette-53826.html
112416,Mugler,Show Collection A*Men Bracelet de Force,2010,https://www.fragrantica.com/perfume/Mugler/Show-Collection-A-Men-Bracelet-de-Force-10363.html
112417,Mugler,Show Collection Angel Extrait de Parfum,2010,https://www.fragrantica.com/perfume/Mugler/Show-Collection-Angel-Extrait-de-Parfum-10362.html
112418,Mugler,Starlicious Berry Licorice,2026,https://www.fragrantica.com/perfume/Mugler/Starlicious-Berry-Licorice-132340.html
112419,Mugler,Starlicious Pineapple Musk,2026,https://www.fragrantica.com/perfume/Mugler/Starlicious-Pineapple-Musk-132341.html
112420,Mugler,Starlicious Pistachio Praline,2026,https://www.fragrantica.com/perfume/Mugler/Starlicious-Pistachio-Praline-132343.html
112421,Mugler,Supra Floral,2014,https://www.fragrantica.com/perfume/Mugler/Supra-Floral-25093.html
112422,Mugler,The Taste of Fragrance A*Men,2011,https://www.fragrantica.com/perfume/Mugler/The-Taste-of-Fragrance-A-Men-13605.html
112423,Mugler,The Taste of Fragrance Alien,2011,https://www.fragrantica.com/perfume/Mugler/The-Taste-of-Fragrance-Alien-13604.html
112424,Mugler,The Taste of Fragrance Angel,2011,https://www.fragrantica.com/perfume/Mugler/The-Taste-of-Fragrance-Angel-13603.html
112425,Mugler,The Taste of Fragrance Womanity,2011,https://www.fragrantica.com/perfume/Mugler/The-Taste-of-Fragrance-Womanity-13602.html
112426,Mugler,Thierry Mugler Show Collection: Alien Couture Stone,2010,https://www.fragrantica.com/perfume/Mugler/Thierry-Mugler-Show-Collection-Alien-Couture-Stone-10325.html
112427,Mugler,Violet Angel / Violette Angel,,https://huggingface.co/datasets/doevent/perfume
112428,Mugler,Violette Angel,2005,https://www.parfumo.com/Perfumes/mugler/Angel_Garden_Of_Stars_Violet_Angel
112429,Mugler,Womanity Aqua Chic,2013,https://www.fragrantica.com/perfume/Mugler/Womanity-Aqua-Chic-17656.html
112430,Mugler,Womanity (Eau de Parfum),2010,https://www.fragrantica.com/perfume/Mugler/Womanity-8766.html
112431,Mugler,Womanity Eau pour Elles,2012,https://www.fragrantica.com/perfume/Mugler/Womanity-Eau-pour-Elles-14268.html
112432,Mugler,Womanity - Le Goût du Parfum,2011,https://www.parfumo.com/Perfumes/mugler/Le_Gout_du_Parfum_Womanity
112433,Mugler,Womanity Les Parfums de Cuir,2012,https://www.fragrantica.com/perfume/Mugler/Womanity-Les-Parfums-de-Cuir-16042.html
112434,Mugler,Womanity Liqueur de Parfum - Création 2013,2013,https://www.parfumo.com/Perfumes/mugler/Womanity_Liqueur_de_Parfum_Creation_2013
112435,Mugler,Womanity Liqueurs de Parfum,2013,https://www.fragrantica.com/perfume/Mugler/Womanity-Liqueurs-de-Parfum-19416.html
112436,Mugler,Womanity Mugler Solid Perfume,,https://www.parfumo.com/Perfumes/mugler/Womanity_Solid_Perfume
112437,Mugler,Wonder Bouquet,2017,https://www.fragrantica.com/perfume/Mugler/Wonder-Bouquet-46518.html
112438,Mugler,Woodissime,2016,https://www.fragrantica.com/perfume/Mugler/Woodissime-37903.html
112439,Muhammad Ali,Legacy Oud Round 6 EDP,2017,https://www.fragrantica.com/perfume/Muhammad-Ali/Legacy-Oud-Round-6-EDP-47760.html
112440,Muhammad Ali,Legacy Oud Round 7 EDP,2017,https://www.fragrantica.com/perfume/Muhammad-Ali/Legacy-Oud-Round-7-EDP-47762.html
112441,Muhammad Ali,Legacy Round 4 EDP,2017,https://www.fragrantica.com/perfume/Muhammad-Ali/Legacy-Round-4-EDP-47758.html
112442,Muhammad Ali,Legacy Round 5 EDP,2017,https://www.fragrantica.com/perfume/Muhammad-Ali/Legacy-Round-5-EDP-47759.html
112443,Muhammad Ali,Legend Round 1 EDP,2017,https://www.fragrantica.com/perfume/Muhammad-Ali/Legend-Round-1-EDP-47755.html
112444,Muhammad Ali,Legend Round 2 EDP,2017,https://www.fragrantica.com/perfume/Muhammad-Ali/Legend-Round-2-EDP-47756.html
112445,Muhammad Ali,Legend Round 3 EDP,2017,https://www.fragrantica.com/perfume/Muhammad-Ali/Legend-Round-3-EDP-47757.html
112446,Mükemel,Touch of Soul Extrait de Parfum for Men,2025,https://www.fragrantica.com/perfume/Muekemel/Touch-of-Soul-Extrait-de-Parfum-for-Men-137348.html
112447,Mükemel,Touch of Soul Extrait de Parfum for Women,2025,https://www.fragrantica.com/perfume/Muekemel/Touch-of-Soul-Extrait-de-Parfum-for-Women-137347.html
112448,Mülhens,Amun Mülhens 1981 Eau de Toilette,1981,https://www.parfumo.com/Perfumes/Muelhens/Amun_Eau_de_Toilette
112449,Mülhens,Amun Mülhens 1981 Parfum,1981,https://www.parfumo.com/Perfumes/Muelhens/Amun_Parfum
112450,Mülhens,Bella Firenze di Tosca,1998,https://www.parfumo.com/Perfumes/Muelhens/Bella_Firenze_di_Tosca
112451,Mülhens,Corsar Mülhens 1966 Eau de Cologne,1966,https://www.parfumo.com/Perfumes/Muelhens/Corsar_Eau_de_Cologne
112452,Mülhens,Corsar Mülhens 1966 Eau de Toilette,1966,https://www.parfumo.com/Perfumes/Muelhens/Corsar_Eau_de_Toilette
112453,Mülhens,Corsar Mülhens 1966 Parfum,1966,https://www.parfumo.com/Perfumes/Muelhens/Corsar_Parfum
112454,Mülhens,Desire Musk Man,,https://www.parfumo.com/Perfumes/Muelhens/Desire_Musk_Man
112455,Mülhens,Extase Body Talk,1996,https://www.parfumo.com/Perfumes/Muelhens/Extase_Body_Talk
112456,Mülhens,Extase Devotion Woman Mülhens 1994 Eau de Toilette,1994,https://www.parfumo.com/Perfumes/Muelhens/Extase_Devotion_Woman_Eau_de_Toilette
112457,Mülhens,Extase Devotion Woman Mülhens 1994 Parfum,1994,https://www.parfumo.com/Perfumes/Muelhens/Extase_Devotion_Woman_Parfum
112458,Mülhens,Extase Exotic Nature Man Mülhens After Shave,,https://www.parfumo.com/Perfumes/Muelhens/Extase_Exotic_Nature_Man_After_Shave
112459,Mülhens,Extase Exotic Nature Man Mülhens Eau de Toilette,,https://www.parfumo.com/Perfumes/Muelhens/Extase_Exotic_Nature_Man_Eau_de_Toilette
112460,Mülhens,Extase Exotic Nature Woman,1997,https://www.parfumo.com/Perfumes/Muelhens/Extase_Exotic_Nature_Woman
112461,Mülhens,Extase Magma Man Mülhens 1993 After Shave,1993,https://www.parfumo.com/Perfumes/Muelhens/Extase_Magma_Man_After_Shave
112462,Mülhens,Extase Magma Man Mülhens 1993 Eau de Toilette,1993,https://www.parfumo.com/Perfumes/Muelhens/Extase_Magma_Man_Eau_de_Toilette
112463,Mülhens,Extase Moschus Extase Musk Woman Mülhens 1976 Eau de Toilette,1976,https://www.parfumo.com/Perfumes/Muelhens/Extase_Moschus_Extase_Musk_Woman_Eau_de_Toilette
112464,Mülhens,Extase Moschus Extase Musk Woman Mülhens 1976 Parfum,1976,https://www.parfumo.com/Perfumes/Muelhens/Extase_Moschus_Extase_Musk_Woman_Parfum
112465,Mullium,attraction,2021,https://www.fragrantica.com/perfume/Mullium/attraction-68323.html
112466,Mullium,black elegance,2021,https://www.fragrantica.com/perfume/Mullium/black-elegance-68331.html
112467,Mullium,charisma,2021,https://www.fragrantica.com/perfume/Mullium/charisma-68330.html
112468,Mullium,everest,2021,https://www.fragrantica.com/perfume/Mullium/everest-68316.html
112469,Mullium,his majesty,2021,https://www.fragrantica.com/perfume/Mullium/his-majesty-68328.html
112470,Mullium,inspiration,2021,https://www.fragrantica.com/perfume/Mullium/inspiration-68327.html
112471,Mullium,intrigue,2021,https://www.fragrantica.com/perfume/Mullium/intrigue-68314.html
112472,Mullium,men's club,2021,https://www.fragrantica.com/perfume/Mullium/men-s-club-68320.html
112473,Mullium,more slowly,2021,https://www.fragrantica.com/perfume/Mullium/more-slowly-68325.html
112474,Mullium,passion,2021,https://www.fragrantica.com/perfume/Mullium/passion-68321.html
112475,Mullium,serenite,2021,https://www.fragrantica.com/perfume/Mullium/serenite-68329.html
112476,Mullium,simply the best for men,2021,https://www.fragrantica.com/perfume/Mullium/simply-the-best-for-men-68319.html
112477,Mullium,simply the best for women,2021,https://www.fragrantica.com/perfume/Mullium/simply-the-best-for-women-68318.html
112478,Mullium,sophistic,2021,https://www.fragrantica.com/perfume/Mullium/sophistic-68322.html
112479,Mullium,xoxo,2021,https://www.fragrantica.com/perfume/Mullium/xoxo-68315.html
112480,Mumchit,Magenta Lady,,https://www.fragrantica.com/perfume/Mumchit/Magenta-Lady-72675.html
112481,Mumchit,Marin Fresh Cotton,,https://www.fragrantica.com/perfume/Mumchit/Marin-Fresh-Cotton-72674.html
112482,Munaas,Fruity Amber,2023,https://www.fragrantica.com/perfume/Munaas/Fruity-Amber-79660.html
112483,Munaas,Ruby Musk,2023,https://www.fragrantica.com/perfume/Munaas/Ruby-Musk-79661.html
112484,Munaas,Sahara Oudh,2023,https://www.fragrantica.com/perfume/Munaas/Sahara-Oudh-79662.html
112485,Mundus,Babylon,2025,https://www.fragrantica.com/perfume/Mundus/Babylon-104323.html
112486,Mundus,Burj Khalifa,,https://www.fragrantica.com/perfume/Mundus/Burj-Khalifa-96444.html
112487,Mundus,Chichen Itza,,https://www.fragrantica.com/perfume/Mundus/Chichen-Itza-96443.html
112488,Mundus,Denali,2025,https://www.fragrantica.com/perfume/Mundus/Denali-104324.html
112489,Mundus,Empire State,,https://www.fragrantica.com/perfume/Mundus/Empire-State-96440.html
112490,Mundus,Legend of Nilo,2025,https://www.fragrantica.com/perfume/Mundus/Legend-of-Nilo-104321.html
112491,Mundus,Lotus,2025,https://www.fragrantica.com/perfume/Mundus/Lotus-104322.html
112492,Mundus,Taj Mahal,,https://www.fragrantica.com/perfume/Mundus/Taj-Mahal-96441.html
112493,Mundus,Torre Eiffel,,https://www.fragrantica.com/perfume/Mundus/Torre-Eiffel-96442.html
112494,Muneefa Perfumes,Dark Moss,2026,https://www.fragrantica.com/perfume/Muneefa-Perfumes/Dark-Moss-125364.html
112495,Muneefa Perfumes,Morning Rain,2026,https://www.fragrantica.com/perfume/Muneefa-Perfumes/Morning-Rain-125366.html
112496,Muneefa Perfumes,Saddle,2026,https://www.fragrantica.com/perfume/Muneefa-Perfumes/Saddle-125365.html
112497,MUPE,Agave Mexica,2024,https://www.fragrantica.com/perfume/MUPE/Agave-Mexica-124787.html
112498,MUPE,Cempazúchitl Mexica,2024,https://www.fragrantica.com/perfume/MUPE/Cempazuchitl-Mexica-124793.html
112499,MUPE,Chocolate Mexica,2024,https://www.fragrantica.com/perfume/MUPE/Chocolate-Mexica-124785.html
112500,MUPE,Copal Mexica,2024,https://www.fragrantica.com/perfume/MUPE/Copal-Mexica-124792.html
112501,MUPE,Coral Mexica,2024,https://www.fragrantica.com/perfume/MUPE/Coral-Mexica-124788.html
112502,MUPE,Gardenia Mexica,2024,https://www.fragrantica.com/perfume/MUPE/Gardenia-Mexica-124791.html
112503,MUPE,Jamaica Mexica,2024,https://www.fragrantica.com/perfume/MUPE/Jamaica-Mexica-124786.html
112504,MUPE,Lima Mexica,2024,https://www.fragrantica.com/perfume/MUPE/Lima-Mexica-124794.html
112505,MUPE,Maizy Mexica,2024,https://www.fragrantica.com/perfume/MUPE/Maizy-Mexica-124790.html
112506,MUPE,Nardo Mexica,2024,https://www.fragrantica.com/perfume/MUPE/Nardo-Mexica-124783.html
112507,MUPE,Tabaco Jipi,2024,https://www.fragrantica.com/perfume/MUPE/Tabaco-Jipi-124789.html
112508,MUPE,Vainilla Mexica,,https://www.fragrantica.com/perfume/MUPE/Vainilla-Mexica-124784.html
112509,Murad Mesud,Cülyan,2020,https://www.fragrantica.com/perfume/Murad-Mesud/Cuelyan-59429.html
112510,Murad Mesud,HAL,2023,https://www.fragrantica.com/perfume/Murad-Mesud/HAL-84014.html
112511,Murad Mesud,Imza,2023,https://www.fragrantica.com/perfume/Murad-Mesud/Imza-79578.html
112512,Murad Mesud,Ortu,2021,https://www.fragrantica.com/perfume/Murad-Mesud/Ortu-65629.html
112513,Murad Mesud,Xəlvət,2023,https://www.fragrantica.com/perfume/Murad-Mesud/Xelvet-84013.html
112514,Murad Mesud,Zagatala Rose,2023,https://www.fragrantica.com/perfume/Murad-Mesud/Zagatala-Rose-79577.html
112515,Murano,Eau De Murano,1994,https://www.fragrantica.com/perfume/Murano/Eau-De-Murano-24750.html
112516,Murano,Ete De Murano,,https://www.fragrantica.com/perfume/Murano/Ete-De-Murano-24751.html
112517,Murdock London,Avalon,2010,https://www.fragrantica.com/perfume/Murdock-London/Avalon-26199.html
112518,Murdock London,Black Tea,2010,https://www.fragrantica.com/perfume/Murdock-London/Black-Tea-26200.html
112519,Murdock London,Bright Leaf,2010,https://www.fragrantica.com/perfume/Murdock-London/Bright-Leaf-26202.html
112520,Murdock London,Fougere,2010,https://www.fragrantica.com/perfume/Murdock-London/Fougere-26201.html
112521,Murdock London,Napier 1903,2014,https://www.fragrantica.com/perfume/Murdock-London/Napier-1903-26198.html
112522,Murdock London,Patchouli,2010,https://www.fragrantica.com/perfume/Murdock-London/Patchouli-26204.html
112523,Murdock London,Renshaw,2014,https://www.fragrantica.com/perfume/Murdock-London/Renshaw-26197.html
112524,Murdock London,Vetiver,2011,https://www.fragrantica.com/perfume/Murdock-London/Vetiver-26203.html
112525,Muriel Cosméticos,Acqua Essence Alfazema,2018,https://www.fragrantica.com/perfume/Muriel-Cosmeticos/Acqua-Essence-Alfazema-57123.html
112526,Muriel Cosméticos,Acqua Essence Flor da Mata,2020,https://www.fragrantica.com/perfume/Muriel-Cosmeticos/Acqua-Essence-Flor-da-Mata-139028.html
112527,Muriel Cosméticos,Acqua Essence Flor de Amêndoas,2018,https://www.fragrantica.com/perfume/Muriel-Cosmeticos/Acqua-Essence-Flor-de-Amendoas-62598.html
112528,Muriel Cosméticos,Acqua Essence Flor de Cerejeira,2018,https://www.fragrantica.com/perfume/Muriel-Cosmeticos/Acqua-Essence-Flor-de-Cerejeira-62732.html
112529,Muriel Cosméticos,Acqua Essence Flor de Laranjeira,2018,https://www.fragrantica.com/perfume/Muriel-Cosmeticos/Acqua-Essence-Flor-de-Laranjeira-57124.html
112530,Muriel Cosméticos,Acqua Essence Floral,2018,https://www.fragrantica.com/perfume/Muriel-Cosmeticos/Acqua-Essence-Floral-57125.html
112531,Muriel Cosméticos,Acqua Essence Lavanda,2018,https://www.fragrantica.com/perfume/Muriel-Cosmeticos/Acqua-Essence-Lavanda-57126.html
112532,Muriel Cosméticos,Acqua Essence Mammy,2018,https://www.fragrantica.com/perfume/Muriel-Cosmeticos/Acqua-Essence-Mammy-57127.html
112533,Muriel Cosméticos,Acqua Essence Marine,2018,https://www.fragrantica.com/perfume/Muriel-Cosmeticos/Acqua-Essence-Marine-62734.html
112534,Muriel Cosméticos,Acqua Essence Natureza,2018,https://www.fragrantica.com/perfume/Muriel-Cosmeticos/Acqua-Essence-Natureza-62735.html
112535,Muriel Cosméticos,Acqua Essence Rosa Mosqueta,2020,https://www.fragrantica.com/perfume/Muriel-Cosmeticos/Acqua-Essence-Rosa-Mosqueta-139029.html
112536,Muriel Cosméticos,Acqua Essence Vanilla,2018,https://www.fragrantica.com/perfume/Muriel-Cosmeticos/Acqua-Essence-Vanilla-62733.html
112537,Muriel Cosméticos,Ameixa Negra,2023,https://www.fragrantica.com/perfume/Muriel-Cosmeticos/Ameixa-Negra-139031.html
112538,Muriel Cosméticos,Árabe,2020,https://www.fragrantica.com/perfume/Muriel-Cosmeticos/Arabe-139032.html
112539,Muriel Cosméticos,Elixir Árabe,2023,https://www.fragrantica.com/perfume/Muriel-Cosmeticos/Elixir-Arabe-139030.html
112540,Muriel Cosméticos,Melancia com Rosa Mosqueta,2020,https://www.fragrantica.com/perfume/Muriel-Cosmeticos/Melancia-com-Rosa-Mosqueta-139035.html
112541,Muriel Cosméticos,Pitaya,2020,https://www.fragrantica.com/perfume/Muriel-Cosmeticos/Pitaya-139033.html
112542,Muriel Cosméticos,Romã Care,2020,https://www.fragrantica.com/perfume/Muriel-Cosmeticos/Roma-Care-139034.html
112543,Murillo Twins Fragrance,Mirrored Image,2023,https://www.fragrantica.com/perfume/Murillo-Twins-Fragrance/Mirrored-Image-101979.html
112544,Murillo Twins Fragrance,Second Self,2025,https://www.fragrantica.com/perfume/Murillo-Twins-Fragrance/Second-Self-101978.html
112545,Murphy & McNeil,Bád Mór Murphy & McNeil Aftershave (After Shave),,https://www.parfumo.com/Perfumes/Murphy__McNeil/bad-mor-aftershave
112546,Murphy & McNeil,Cat Sidhe Murphy & McNeil Aftershave (After Shave),,https://www.parfumo.com/Perfumes/Murphy__McNeil/Cat_Sidhe_Aftershave
112547,Murphy & McNeil,Cat Sidhe Murphy & McNeil Eau de Parfum,,https://www.parfumo.com/Perfumes/Murphy__McNeil/Cat_Sidhe_Eau_de_Parfum
112548,Murphy & McNeil,Claddagh Murphy & McNeil Aftershave (After Shave),,https://www.parfumo.com/Perfumes/Murphy__McNeil/Claddagh_Aftershave
112549,Murphy & McNeil,Claddagh Murphy & McNeil Eau de Parfum,,https://www.parfumo.com/Perfumes/Murphy__McNeil/Claddagh_Eau_de_Parfum
112550,Murphy & McNeil,Cliffs of Moher Murphy & McNeil Aftershave (After Shave),,https://www.parfumo.com/Perfumes/Murphy__McNeil/cliffs-of-moher-aftershave
112551,Murphy & McNeil,Cliffs of Moher Murphy & McNeil Eau de Parfum,,https://www.parfumo.com/Perfumes/Murphy__McNeil/cliffs-of-moher-eau-de-parfum
112552,Murphy & McNeil,Cliffs of Moher Murphy & McNeil Solid Cologne,,https://www.parfumo.com/Perfumes/Murphy__McNeil/cliffs-of-moher-solid-cologne
112553,Murphy & McNeil,Crann Bethadh,,https://www.parfumo.com/Perfumes/Murphy__McNeil/Crann_Bethadh
112554,Murphy & McNeil,DFS Horizons,,https://www.parfumo.com/Perfumes/Murphy__McNeil/dfs-horizons
112555,Murphy & McNeil,Fatherhood,2024,https://www.parfumo.com/Perfumes/Murphy__McNeil/fatherhood
112556,Murphy & McNeil,Gael Laoch Murphy & McNeil Aftershave (After Shave),,https://www.parfumo.com/Perfumes/Murphy__McNeil/gael-laoch-aftershave
112557,Murphy & McNeil,Gael Laoch Murphy & McNeil Eau de Parfum,,https://www.parfumo.com/Perfumes/Murphy__McNeil/gael-laoch-eau-de-parfum
112558,Murphy & McNeil,Garda Síochána Murphy & McNeil Aftershave (After Shave),,https://www.parfumo.com/Perfumes/Murphy__McNeil/garda-siochana-aftershave
112559,Murphy & McNeil,Garda Síochána Murphy & McNeil Eau de Parfum,,https://www.parfumo.com/Perfumes/Murphy__McNeil/garda-siochana-eau-de-parfum
112560,Murphy & McNeil,Gotland,,https://www.parfumo.com/Perfumes/Murphy__McNeil/gotland
112561,Murphy & McNeil,Green Man Fougère Murphy & McNeil Aftershave (After Shave),,https://www.parfumo.com/Perfumes/Murphy__McNeil/Green_Man_Fougere_Aftershave
112562,Murphy & McNeil,Green Man Murphy & McNeil Eau de Parfum,,https://www.parfumo.com/Perfumes/Murphy__McNeil/Green_Man_Eau_de_Parfum
112563,Mury Paris,Amadis,1926,https://www.fragrantica.com/perfume/Mury-Paris/Amadis-43449.html
112564,Mury Paris,Blues,1935,https://www.fragrantica.com/perfume/Mury-Paris/Blues-43452.html
112565,Mury Paris,Cap a La Vie,1940,https://www.fragrantica.com/perfume/Mury-Paris/Cap-a-La-Vie-43454.html
112566,Mury Paris,Caresse d'Amour,1917,https://www.fragrantica.com/perfume/Mury-Paris/Caresse-d-Amour-43434.html
112567,Mury Paris,Chypre,1920,https://www.fragrantica.com/perfume/Mury-Paris/Chypre-126790.html
112568,Mury Paris,Civa,1922,https://www.fragrantica.com/perfume/Mury-Paris/Civa-43440.html
112569,Mury Paris,Con Amore,1926,https://www.fragrantica.com/perfume/Mury-Paris/Con-Amore-43447.html
112570,Mury Paris,Cuir de Russie,1920,https://www.fragrantica.com/perfume/Mury-Paris/Cuir-de-Russie-43435.html
112571,Mury Paris,Daphne,1925,https://www.fragrantica.com/perfume/Mury-Paris/Daphne-43446.html
112572,Mury Paris,Été Fleuri,1940,https://www.fragrantica.com/perfume/Mury-Paris/Ete-Fleuri-43455.html
112573,Mury Paris,Fougère,,https://www.fragrantica.com/perfume/Mury-Paris/Fougere-126791.html
112574,Mury Paris,Heliotrope,1920,https://www.fragrantica.com/perfume/Mury-Paris/Heliotrope-43436.html
112575,Mury Paris,Jasmin,1910,https://www.fragrantica.com/perfume/Mury-Paris/Jasmin-43445.html
112576,Mury Paris,Jeux,1920,https://www.fragrantica.com/perfume/Mury-Paris/Jeux-43437.html
112577,Mury Paris,Lavande,1920,https://www.fragrantica.com/perfume/Mury-Paris/Lavande-43438.html
112578,Mury Paris,Le Beau Soir,1923,https://www.fragrantica.com/perfume/Mury-Paris/Le-Beau-Soir-43441.html
112579,Mury Paris,Le Jardin de Ma Soeur,1923,https://www.fragrantica.com/perfume/Mury-Paris/Le-Jardin-de-Ma-Soeur-43442.html
112580,Mury Paris,Le Narcisse Bleu,1925,https://www.fragrantica.com/perfume/Mury-Paris/Le-Narcisse-Bleu-43444.html
112581,Mury Paris,Lilas,,https://www.fragrantica.com/perfume/Mury-Paris/Lilas-126792.html
112582,Mury Paris,Muguet,1920,https://www.fragrantica.com/perfume/Mury-Paris/Muguet-126793.html
112583,Mury Paris,Muguet de Mai,,https://www.fragrantica.com/perfume/Mury-Paris/Muguet-de-Mai-126794.html
112584,Mury Paris,Mury,1920,https://www.fragrantica.com/perfume/Mury-Paris/Mury-43439.html
112585,Mury Paris,Narcisse Jade,,https://www.fragrantica.com/perfume/Mury-Paris/Narcisse-Jade-126795.html
112586,Mury Paris,Notturno,1926,https://www.fragrantica.com/perfume/Mury-Paris/Notturno-43448.html
112587,Mury Paris,Oeillet,1920,https://www.fragrantica.com/perfume/Mury-Paris/Oeillet-126796.html
112588,Mury Paris,Patricia,1926,https://www.fragrantica.com/perfume/Mury-Paris/Patricia-43450.html
112589,Mury Paris,Risk,,https://www.fragrantica.com/perfume/Mury-Paris/Risk-126797.html
112590,Mury Paris,Risque,1935,https://www.fragrantica.com/perfume/Mury-Paris/Risque-43451.html
112591,Mury Paris,Violetera,1923,https://www.fragrantica.com/perfume/Mury-Paris/Violetera-43443.html
112592,Mury Paris,Violette,1917,https://www.fragrantica.com/perfume/Mury-Paris/Violette-126798.html
112593,Musc et Madame,Ambrette Rose,2015,https://www.fragrantica.com/perfume/Musc-et-Madame/Ambrette-Rose-32431.html
112594,Musc et Madame,Jasmin Cuir,2015,https://www.fragrantica.com/perfume/Musc-et-Madame/Jasmin-Cuir-32430.html
112595,Musc et Madame,Jonquille Thé,,https://www.fragrantica.com/perfume/Musc-et-Madame/Jonquille-The-66574.html
112596,Musc et Madame,MLLE Crème,2021,https://www.fragrantica.com/perfume/Musc-et-Madame/MLLE-Creme-66579.html
112597,Musc et Madame,MLLE Nectar,2021,https://www.fragrantica.com/perfume/Musc-et-Madame/MLLE-Nectar-66578.html
112598,Musc et Madame,MLLE Poudre,2021,https://www.fragrantica.com/perfume/Musc-et-Madame/MLLE-Poudre-66580.html
112599,Musc et Madame,Neroli Daim,2015,https://www.fragrantica.com/perfume/Musc-et-Madame/Neroli-Daim-32432.html
112600,Musc et Madame,Ylang Tabac,2015,https://www.fragrantica.com/perfume/Musc-et-Madame/Ylang-Tabac-32429.html
112601,Muscent,Boozy Tonka,2025,https://www.fragrantica.com/perfume/Muscent/Boozy-Tonka-103904.html
112602,Muscent,Flame Dance,2025,https://www.fragrantica.com/perfume/Muscent/Flame-Dance-123073.html
112603,Muscent,Hot Chestnut,2025,https://www.fragrantica.com/perfume/Muscent/Hot-Chestnut-103903.html
112604,Muscent,Milky Vanille,2025,https://www.fragrantica.com/perfume/Muscent/Milky-Vanille-103906.html
112605,Muscent,Ocean Mystery,2025,https://www.fragrantica.com/perfume/Muscent/Ocean-Mystery-123072.html
112606,Muscent,POP BLACK,2026,https://www.fragrantica.com/perfume/Muscent/POP-BLACK-131990.html
112607,Muscent,POP PINK,2026,https://www.fragrantica.com/perfume/Muscent/POP-PINK-131988.html
112608,Muscent,POP WHITE,2026,https://www.fragrantica.com/perfume/Muscent/POP-WHITE-131989.html
112609,Muscent,Purple Star,2025,https://www.fragrantica.com/perfume/Muscent/Purple-Star-103905.html
112610,Muscent,Sparkling Sand,2025,https://www.fragrantica.com/perfume/Muscent/Sparkling-Sand-103907.html
112611,Muscent,Velvet Spices,2025,https://www.fragrantica.com/perfume/Muscent/Velvet-Spices-103908.html
112612,Muschieri,Damascena,2020,https://www.fragrantica.com/perfume/Muschieri/Damascena-101651.html
112613,Muschieri,Doge,2022,https://www.fragrantica.com/perfume/Muschieri/Doge-98917.html
112614,Muschieri,Istanbul,2020,https://www.fragrantica.com/perfume/Muschieri/Istanbul-101652.html
112615,Muschieri,Jardin Venitien,2020,https://www.fragrantica.com/perfume/Muschieri/Jardin-Venitien-101653.html
112616,Muschieri,Muda d'Egitto,2020,https://www.fragrantica.com/perfume/Muschieri/Muda-d-Egitto-101654.html
112617,Muschieri,Muda delle Fiandre,2020,https://www.fragrantica.com/perfume/Muschieri/Muda-delle-Fiandre-101656.html
112618,Muschieri,Muda di Barberia,2020,https://www.fragrantica.com/perfume/Muschieri/Muda-di-Barberia-101655.html
112619,Museum Apotheker,Artifact-0001,2023,https://www.fragrantica.com/perfume/Museum-Apotheker/Artifact-0001-105026.html
112620,Museum Apotheker,Artifact-0002,2023,https://www.fragrantica.com/perfume/Museum-Apotheker/Artifact-0002-105027.html
112621,Museum Apotheker,Artifact-003,2023,https://www.fragrantica.com/perfume/Museum-Apotheker/Artifact-003-105028.html
112622,Museum Parfums,Museum Astronomer,2019,https://www.fragrantica.com/perfume/Museum-Parfums/Museum-Astronomer-59322.html
112623,Museum Parfums,Museum Bacchus,2019,https://www.fragrantica.com/perfume/Museum-Parfums/Museum-Bacchus-59323.html
112624,Museum Parfums,Museum Gilles,2019,https://www.fragrantica.com/perfume/Museum-Parfums/Museum-Gilles-59324.html
112625,Museum Parfums,Museum I,2017,https://www.fragrantica.com/perfume/Museum-Parfums/Museum-I-54116.html
112626,Museum Parfums,Museum II,2018,https://www.fragrantica.com/perfume/Museum-Parfums/Museum-II-54117.html
112627,Museum Parfums,Museum III,2019,https://www.fragrantica.com/perfume/Museum-Parfums/Museum-III-54118.html
112628,Museum Parfums,Museum IV,2019,https://www.fragrantica.com/perfume/Museum-Parfums/Museum-IV-54119.html
112629,Museum Parfums,Museum Liberty,2019,https://www.fragrantica.com/perfume/Museum-Parfums/Museum-Liberty-59320.html
112630,Museum Parfums,Museum Rebellious Slave,2019,https://www.fragrantica.com/perfume/Museum-Parfums/Museum-Rebellious-Slave-59321.html
112631,Museum Parfums,Museum The Bolt,2019,https://www.fragrantica.com/perfume/Museum-Parfums/Museum-The-Bolt-59325.html
112632,Museum Parfums,Museum V,2019,https://www.fragrantica.com/perfume/Museum-Parfums/Museum-V-55233.html
112633,Museum Parfums,Museum VI,2019,https://www.fragrantica.com/perfume/Museum-Parfums/Museum-VI-55234.html
112634,Mush Mush,Aristocrat,,https://www.fragrantica.com/perfume/Mush-Mush/Aristocrat-114936.html
112635,Mush Mush,Belle Etoile,,https://www.fragrantica.com/perfume/Mush-Mush/Belle-Etoile-114937.html
112636,Mush Mush,Emirate,,https://www.fragrantica.com/perfume/Mush-Mush/Emirate-114938.html
112637,Mush Mush,Glamorous Bouquet,,https://www.fragrantica.com/perfume/Mush-Mush/Glamorous-Bouquet-114939.html
112638,Mush Mush,Kaseer,,https://www.fragrantica.com/perfume/Mush-Mush/Kaseer-114940.html
112639,Mush Mush,Oriental Nibres,,https://www.fragrantica.com/perfume/Mush-Mush/Oriental-Nibres-114941.html
112640,Music de Parfum,Adagio,2022,https://www.fragrantica.com/perfume/Music-de-Parfum/Adagio-77834.html
112641,Music de Parfum,Andamento,2022,https://www.fragrantica.com/perfume/Music-de-Parfum/Andamento-77835.html
112642,Music de Parfum,Concerto,2022,https://www.fragrantica.com/perfume/Music-de-Parfum/Concerto-77836.html
112643,Music de Parfum,DO,2016,https://www.fragrantica.com/perfume/Music-de-Parfum/DO-40304.html
112644,Music de Parfum,FA,2016,https://www.fragrantica.com/perfume/Music-de-Parfum/FA-40306.html
112645,Music de Parfum,Forte,2016,https://www.fragrantica.com/perfume/Music-de-Parfum/Forte-39688.html
112646,Music de Parfum,LA,2016,https://www.fragrantica.com/perfume/Music-de-Parfum/LA-40301.html
112647,Music de Parfum,Mezzo Piano,2016,https://www.fragrantica.com/perfume/Music-de-Parfum/Mezzo-Piano-39686.html
112648,Music de Parfum,MI,2016,https://www.fragrantica.com/perfume/Music-de-Parfum/MI-40305.html
112649,Music de Parfum,Pianissimo,2022,https://www.fragrantica.com/perfume/Music-de-Parfum/Pianissimo-77837.html
112650,Music de Parfum,Pianissimo Eau de Parfum,2016,https://www.fragrantica.com/perfume/Music-de-Parfum/Pianissimo-Eau-de-Parfum-39685.html
112651,Music de Parfum,Pocco Forte,2016,https://www.fragrantica.com/perfume/Music-de-Parfum/Pocco-Forte-39687.html
112652,Music de Parfum,RE,2016,https://www.fragrantica.com/perfume/Music-de-Parfum/RE-40303.html
112653,Music de Parfum,SI,2016,https://www.fragrantica.com/perfume/Music-de-Parfum/SI-40300.html
112654,Music de Parfum,Sinfonia,2022,https://www.fragrantica.com/perfume/Music-de-Parfum/Sinfonia-77838.html
112655,Music de Parfum,SOL,2016,https://www.fragrantica.com/perfume/Music-de-Parfum/SOL-40302.html
112656,Music de Parfum,Sotto Voce,2016,https://www.fragrantica.com/perfume/Music-de-Parfum/Sotto-Voce-39684.html
112657,Musicology,'Cause I'm Happy,2020,https://www.fragrantica.com/perfume/Musicology/Cause-I-m-Happy-61842.html
112658,Musicology,Close To Midnight,2020,https://www.fragrantica.com/perfume/Musicology/Close-To-Midnight-61843.html
112659,Musicology,Fly Me To The Oud,2020,https://www.fragrantica.com/perfume/Musicology/Fly-Me-To-The-Oud-61844.html
112660,Musicology,Funky Cherry,2025,https://www.fragrantica.com/perfume/Musicology/Funky-Cherry-116125.html
112661,Musicology,I Belong To U,2020,https://www.fragrantica.com/perfume/Musicology/I-Belong-To-U-61841.html
112662,Musicology,Oud Melody,2025,https://www.fragrantica.com/perfume/Musicology/Oud-Melody-116127.html
112663,Musicology,Sun Goddess,2020,https://www.fragrantica.com/perfume/Musicology/Sun-Goddess-61845.html
112664,Musicology,The Rose,2020,https://www.fragrantica.com/perfume/Musicology/The-Rose-61847.html
112665,Musicology,Vanilla Groove,2025,https://www.fragrantica.com/perfume/Musicology/Vanilla-Groove-116126.html
112666,Musicology,White Is Wight,2020,https://www.fragrantica.com/perfume/Musicology/White-Is-Wight-61846.html
112667,Musinsa Standard,Kokomo,2025,https://www.fragrantica.com/perfume/Musinsa-Standard/Kokomo-138962.html
112668,Musinsa Standard,Sheer,2025,https://www.fragrantica.com/perfume/Musinsa-Standard/Sheer-138961.html
112669,Musinsa Standard,Smoke Oud,,https://www.fragrantica.com/perfume/Musinsa-Standard/Smoke-Oud-116430.html
112670,Musk,Alizz,2019,https://www.fragrantica.com/perfume/Musk/Alizz-76386.html
112671,Musk,Carmen,2021,https://www.fragrantica.com/perfume/Musk/Carmen-76450.html
112672,Musk,Carmen Turquoise,2021,https://www.fragrantica.com/perfume/Musk/Carmen-Turquoise-76454.html
112673,Musk,Carolina,2021,https://www.fragrantica.com/perfume/Musk/Carolina-76457.html
112674,Musk,EGO - CHARM,2022,https://www.fragrantica.com/perfume/Musk/EGO-CHARM-76411.html
112675,Musk,EGO - INTENSE,2022,https://www.fragrantica.com/perfume/Musk/EGO-INTENSE-76412.html
112676,Musk,EGO - MAGIC,2022,https://www.fragrantica.com/perfume/Musk/EGO-MAGIC-76410.html
112677,Musk,El Ezz,2021,https://www.fragrantica.com/perfume/Musk/El-Ezz-76455.html
112678,Musk,Girly Musk,2021,https://www.fragrantica.com/perfume/Musk/Girly-Musk-76458.html
112679,Musk,Gold,2022,https://www.fragrantica.com/perfume/Musk/Gold-76409.html
112680,Musk,Musk Aljamal,2021,https://www.fragrantica.com/perfume/Musk/Musk-Aljamal-76461.html
112681,Musk,Opera,2021,https://www.fragrantica.com/perfume/Musk/Opera-76452.html
112682,Musk,Pomegranate Musk,2021,https://www.fragrantica.com/perfume/Musk/Pomegranate-Musk-76462.html
112683,Musk,Private Oud,2021,https://www.fragrantica.com/perfume/Musk/Private-Oud-76460.html
112684,Musk,Queen,2019,https://www.fragrantica.com/perfume/Musk/Queen-76387.html
112685,Musk,Sensetive,2021,https://www.fragrantica.com/perfume/Musk/Sensetive-76451.html
112686,Musk,Silver,2021,https://www.fragrantica.com/perfume/Musk/Silver-76453.html
112687,Musk,Vision,2021,https://www.fragrantica.com/perfume/Musk/Vision-76456.html
112688,Musk,White Carmen,2021,https://www.fragrantica.com/perfume/Musk/White-Carmen-76459.html
112689,Musk Collection,Black Vanilla,2012,https://www.fragrantica.com/perfume/Musk-Collection/Black-Vanilla-33175.html
112690,Musk Collection,Glamour,2015,https://www.fragrantica.com/perfume/Musk-Collection/Glamour-33176.html
112691,Musk Collection,Musk,,https://www.fragrantica.com/perfume/Musk-Collection/Musk-33173.html
112692,Musk Collection,Sledge Hammer,2015,https://www.fragrantica.com/perfume/Musk-Collection/Sledge-Hammer-33177.html
112693,Musk Collection,White Musk,,https://www.fragrantica.com/perfume/Musk-Collection/White-Musk-33174.html
112694,Musky,Ahsaas,2022,https://www.fragrantica.com/perfume/Musky/Ahsaas-101865.html
112695,Musky,Al Ekhteyar,2022,https://www.fragrantica.com/perfume/Musky/Al-Ekhteyar-101866.html
112696,Musky,Aldiywan,2022,https://www.fragrantica.com/perfume/Musky/Aldiywan-101867.html
112697,Musky,Allayl,2022,https://www.fragrantica.com/perfume/Musky/Allayl-101868.html
112698,Musky,Andalusi,2022,https://www.fragrantica.com/perfume/Musky/Andalusi-101869.html
112699,Musky,Anfas,2022,https://www.fragrantica.com/perfume/Musky/Anfas-101870.html
112700,Musky,Azraa,2022,https://www.fragrantica.com/perfume/Musky/Azraa-101872.html
112701,Musky,Classic,2022,https://www.fragrantica.com/perfume/Musky/Classic-101873.html
112702,Musky,Fairouz,2022,https://www.fragrantica.com/perfume/Musky/Fairouz-101874.html
112703,Musky,Ghala,2022,https://www.fragrantica.com/perfume/Musky/Ghala-101875.html
112704,Musky,Gharam,2022,https://www.fragrantica.com/perfume/Musky/Gharam-101876.html
112705,Musky,Ghazal,2022,https://www.fragrantica.com/perfume/Musky/Ghazal-101877.html
112706,Musky,Hala,2023,https://www.fragrantica.com/perfume/Musky/Hala-101878.html
112707,Musky,Hana,2022,https://www.fragrantica.com/perfume/Musky/Hana-101879.html
112708,Musky,Ishq,2022,https://www.fragrantica.com/perfume/Musky/Ishq-101880.html
112709,Musky,Jasmin Flower,2024,https://www.fragrantica.com/perfume/Musky/Jasmin-Flower-101881.html
112710,Musky,Kayan,2022,https://www.fragrantica.com/perfume/Musky/Kayan-101908.html
112711,Musky,Layl Malaki,2023,https://www.fragrantica.com/perfume/Musky/Layl-Malaki-101882.html
112712,Musky,Liqaa,2023,https://www.fragrantica.com/perfume/Musky/Liqaa-101884.html
112713,Musky,Masha'er,2023,https://www.fragrantica.com/perfume/Musky/Masha-er-101883.html
112714,Musky,Mashaheer,2024,https://www.fragrantica.com/perfume/Musky/Mashaheer-101885.html
112715,Musky,Mathera,2022,https://www.fragrantica.com/perfume/Musky/Mathera-101887.html
112716,Musky,Mumayaz,2023,https://www.fragrantica.com/perfume/Musky/Mumayaz-101886.html
112717,Musky,Mutheer,2023,https://www.fragrantica.com/perfume/Musky/Mutheer-101889.html
112718,Musky,Oud Alshuyoukh,2023,https://www.fragrantica.com/perfume/Musky/Oud-Alshuyoukh-101890.html
112719,Musky,Oud Bouquet,2023,https://www.fragrantica.com/perfume/Musky/Oud-Bouquet-101893.html
112720,Musky,Rooh Alteeb,2024,https://www.fragrantica.com/perfume/Musky/Rooh-Alteeb-101894.html
112721,Musky,Shafaq,2023,https://www.fragrantica.com/perfume/Musky/Shafaq-101895.html
112722,Musky,Shaghaf,2022,https://www.fragrantica.com/perfume/Musky/Shaghaf-101896.html
112723,Musky,Shahamah,2023,https://www.fragrantica.com/perfume/Musky/Shahamah-101897.html
112724,Musky,Shmokh,2022,https://www.fragrantica.com/perfume/Musky/Shmokh-101898.html
112725,Musky,Shouq,2023,https://www.fragrantica.com/perfume/Musky/Shouq-101899.html
112726,Musky,Shujoun,2023,https://www.fragrantica.com/perfume/Musky/Shujoun-101900.html
112727,Musky,Shurouq,2024,https://www.fragrantica.com/perfume/Musky/Shurouq-101901.html
112728,Musky,Sila,2022,https://www.fragrantica.com/perfume/Musky/Sila-101902.html
112729,Musky,Sodfa,2022,https://www.fragrantica.com/perfume/Musky/Sodfa-101903.html
112730,Musky,Sultan Al Arab,2022,https://www.fragrantica.com/perfume/Musky/Sultan-Al-Arab-101904.html
112731,Musky,Tanaghum,2022,https://www.fragrantica.com/perfume/Musky/Tanaghum-101905.html
112732,Musky,Turab Al Dhahab,2022,https://www.fragrantica.com/perfume/Musky/Turab-Al-Dhahab-101906.html
112733,Musky,Zekrayat,2024,https://www.fragrantica.com/perfume/Musky/Zekrayat-101907.html
112734,Mustang,50 Years Mustang Ford for him,2015,https://www.fragrantica.com/perfume/Mustang/50-Years-Mustang-Ford-for-him-98338.html
112735,Mustang,Australia,2026,https://www.fragrantica.com/perfume/Mustang/Australia-134203.html
112736,Mustang,Ford Mustang,,https://www.fragrantica.com/perfume/Mustang/Ford-Mustang-39349.html
112737,Mustang,Iceland,2026,https://www.fragrantica.com/perfume/Mustang/Iceland-134205.html
112738,Mustang,Mustang,2007,https://www.fragrantica.com/perfume/Mustang/Mustang-1047.html
112739,Mustang,Mustang Blue,2008,https://www.fragrantica.com/perfume/Mustang/Mustang-Blue-3097.html
112740,Mustang,Mustang For Men Eau de Toilette,2019,https://www.fragrantica.com/perfume/Mustang/Mustang-For-Men-Eau-de-Toilette-56900.html
112741,Mustang,Mustang Sport,2014,https://www.fragrantica.com/perfume/Mustang/Mustang-Sport-28067.html
112742,Mustang,Panama,2026,https://www.fragrantica.com/perfume/Mustang/Panama-134204.html
112743,Mustang,Performance,2016,https://www.fragrantica.com/perfume/Mustang/Performance-38878.html
112744,Mustang,Wild Blossom Nectar for Her,2026,https://www.fragrantica.com/perfume/Mustang/Wild-Blossom-Nectar-for-Her-139288.html
112745,Mustang,Wild Blossom Velvet for Her,2026,https://www.fragrantica.com/perfume/Mustang/Wild-Blossom-Velvet-for-Her-139287.html
112746,Mustela,Musti Eau de Soin,,https://www.fragrantica.com/perfume/Mustela/Musti-Eau-de-Soin-36049.html
112747,Mutis Nueva Granada,Agua de Indias,2021,https://www.fragrantica.com/perfume/Mutis-Nueva-Granada/Agua-de-Indias-69504.html
112748,Mutis Nueva Granada,Amaranto,2021,https://www.fragrantica.com/perfume/Mutis-Nueva-Granada/Amaranto-69505.html
112749,Mutis Nueva Granada,Bahia,2021,https://www.fragrantica.com/perfume/Mutis-Nueva-Granada/Bahia-69506.html
112750,Mutis Nueva Granada,Bolero,2025,https://www.fragrantica.com/perfume/Mutis-Nueva-Granada/Bolero-115087.html
112751,Mutis Nueva Granada,Cali,2025,https://www.fragrantica.com/perfume/Mutis-Nueva-Granada/Cali-115088.html
112752,Mutis Nueva Granada,Delta,2021,https://www.fragrantica.com/perfume/Mutis-Nueva-Granada/Delta-69507.html
112753,Mutis Nueva Granada,El Dorado,2021,https://www.fragrantica.com/perfume/Mutis-Nueva-Granada/El-Dorado-69510.html
112754,Mutis Nueva Granada,Kintu,2022,https://www.fragrantica.com/perfume/Mutis-Nueva-Granada/Kintu-76707.html
112755,Mutis Nueva Granada,Macondo,2025,https://www.fragrantica.com/perfume/Mutis-Nueva-Granada/Macondo-115089.html
112756,Mutis Nueva Granada,Mambo,2025,https://www.fragrantica.com/perfume/Mutis-Nueva-Granada/Mambo-115090.html
112757,Mutis Nueva Granada,Maracaibo,2023,https://www.fragrantica.com/perfume/Mutis-Nueva-Granada/Maracaibo-86840.html
112758,Mutis Nueva Granada,Melao,2025,https://www.fragrantica.com/perfume/Mutis-Nueva-Granada/Melao-115091.html
112759,Mutis Nueva Granada,Merengue,2025,https://www.fragrantica.com/perfume/Mutis-Nueva-Granada/Merengue-115092.html
112760,Mutis Nueva Granada,Selva Negra,2021,https://www.fragrantica.com/perfume/Mutis-Nueva-Granada/Selva-Negra-69511.html
112761,Mutis Nueva Granada,Sonora,2025,https://www.fragrantica.com/perfume/Mutis-Nueva-Granada/Sonora-115093.html
112762,MVRN Parfums,1950,2022,https://www.fragrantica.com/perfume/MVRN-Parfums/1950-128688.html
112763,MVRN Parfums,Achym,2022,https://www.fragrantica.com/perfume/MVRN-Parfums/Achym-128635.html
112764,MVRN Parfums,Aftrdrk,2022,https://www.fragrantica.com/perfume/MVRN-Parfums/Aftrdrk-73237.html
112765,MVRN Parfums,Amaranth,2021,https://www.fragrantica.com/perfume/MVRN-Parfums/Amaranth-73234.html
112766,MVRN Parfums,Ambrosia,2021,https://www.fragrantica.com/perfume/MVRN-Parfums/Ambrosia-73233.html
112767,MVRN Parfums,Dulcis,2021,https://www.fragrantica.com/perfume/MVRN-Parfums/Dulcis-73236.html
112768,MVRN Parfums,Forte,2021,https://www.fragrantica.com/perfume/MVRN-Parfums/Forte-73231.html
112769,MVRN Parfums,Halcyon,2021,https://www.fragrantica.com/perfume/MVRN-Parfums/Halcyon-73235.html
112770,MVRN Parfums,Iride,2022,https://www.fragrantica.com/perfume/MVRN-Parfums/Iride-128678.html
112771,MVRN Parfums,Omera,2022,https://www.fragrantica.com/perfume/MVRN-Parfums/Omera-128636.html
112772,MVRN Parfums,Poseidon,2021,https://www.fragrantica.com/perfume/MVRN-Parfums/Poseidon-73232.html
112773,MVRN Parfums,VOL,2022,https://www.fragrantica.com/perfume/MVRN-Parfums/VOL-128686.html
112774,MVRN Parfums,Zuri,2022,https://www.fragrantica.com/perfume/MVRN-Parfums/Zuri-128684.html
112775,MW Perfumes,1775 Pandora,1775,https://www.fragrantica.com/perfume/MW-Perfumes/1775-Pandora-51407.html
112776,MW Perfumes,1920,1920,https://www.fragrantica.com/perfume/MW-Perfumes/1920-51409.html
112777,MW Perfumes,Madame,,https://www.fragrantica.com/perfume/MW-Perfumes/Madame-51408.html
112778,MW Perfumes,White,,https://www.fragrantica.com/perfume/MW-Perfumes/White-51400.html
112779,My Alchemy,Darling,2023,https://www.fragrantica.com/perfume/My-Alchemy/Darling-79796.html
112780,My Alchemy,Fleur Magnifique,2023,https://www.fragrantica.com/perfume/My-Alchemy/Fleur-Magnifique-87830.html
112781,My Alchemy,Golden Osmanthus,2023,https://www.fragrantica.com/perfume/My-Alchemy/Golden-Osmanthus-87828.html
112782,My Alchemy,Grenouille,2023,https://www.fragrantica.com/perfume/My-Alchemy/Grenouille-87829.html
112783,My Alchemy,Heavenly Flower,2023,https://www.fragrantica.com/perfume/My-Alchemy/Heavenly-Flower-79798.html
112784,My Alchemy,House by the Sea,2023,https://www.fragrantica.com/perfume/My-Alchemy/House-by-the-Sea-79797.html
112785,My Alchemy,Lucky Charm,2023,https://www.fragrantica.com/perfume/My-Alchemy/Lucky-Charm-79800.html
112786,My Alchemy,Mystical Garden,2023,https://www.fragrantica.com/perfume/My-Alchemy/Mystical-Garden-79794.html
112787,My Alchemy,Pastila,2023,https://www.fragrantica.com/perfume/My-Alchemy/Pastila-87831.html
112788,My Alchemy,Renaissance,2023,https://www.fragrantica.com/perfume/My-Alchemy/Renaissance-79802.html
112789,My Alchemy,Royal Tobacco,2023,https://www.fragrantica.com/perfume/My-Alchemy/Royal-Tobacco-79795.html
112790,My Alchemy,Sparkling Fruits,2023,https://www.fragrantica.com/perfume/My-Alchemy/Sparkling-Fruits-79799.html
112791,My Alchemy,Sweet Illusion,2023,https://www.fragrantica.com/perfume/My-Alchemy/Sweet-Illusion-79793.html
112792,My Alchemy,Young Bride,2023,https://www.fragrantica.com/perfume/My-Alchemy/Young-Bride-79801.html
112793,My Daughter Fragrances,Always Loved,2018,https://www.fragrantica.com/perfume/My-Daughter-Fragrances/Always-Loved-67923.html
112794,My Daughter Fragrances,Bloom 23,2018,https://www.fragrantica.com/perfume/My-Daughter-Fragrances/Bloom-23-67924.html
112795,My Daughter Fragrances,Joyful,2017,https://www.fragrantica.com/perfume/My-Daughter-Fragrances/Joyful-67925.html
112796,My Daughter Fragrances,Mandarin and Frankincense,2018,https://www.fragrantica.com/perfume/My-Daughter-Fragrances/Mandarin-and-Frankincense-67926.html
112797,My Daughter Fragrances,My Wild,2017,https://www.fragrantica.com/perfume/My-Daughter-Fragrances/My-Wild-67927.html
112798,My Fragrance Diary,Blood Oud,2023,https://www.fragrantica.com/perfume/My-Fragrance-Diary/Blood-Oud-88895.html
112799,My Fragrance Diary,Cuir Seduction,2023,https://www.fragrantica.com/perfume/My-Fragrance-Diary/Cuir-Seduction-88893.html
112800,My Fragrance Diary,Feu de Rubis,2023,https://www.fragrantica.com/perfume/My-Fragrance-Diary/Feu-de-Rubis-88891.html
112801,My Fragrance Diary,Noir Mystique,2023,https://www.fragrantica.com/perfume/My-Fragrance-Diary/Noir-Mystique-88894.html
112802,My Fragrance Diary,Soie de Patchouli,2023,https://www.fragrantica.com/perfume/My-Fragrance-Diary/Soie-de-Patchouli-88892.html
112803,My Geisha,Aphrodisiac,2023,https://www.fragrantica.com/perfume/My-Geisha/Aphrodisiac-81805.html
112804,My Geisha,Arabian Nights,,https://www.parfumo.com/Perfumes/my-geisha/arabian-nights
112805,My Geisha,Arabian Nights - Huile De Parfum (Perfume Oil),,https://www.fragrantica.com/perfume/My-Geisha/Arabian-Nights-Huile-De-Parfum-106005.html
112806,My Geisha,Cannabis (Eau de Parfum),2021,https://www.fragrantica.com/perfume/My-Geisha/Cannabis-81828.html
112807,My Geisha,Cannabis - Huile De Parfum (Perfume Oil),,https://www.fragrantica.com/perfume/My-Geisha/Cannabis-Huile-De-Parfum-105978.html
112808,My Geisha,Cannabis My Geisha Huile de Parfum,,https://www.parfumo.com/Perfumes/my-geisha/cannabis-huile-de-parfum
112809,My Geisha,Carnal Rose (Extrait de Parfum),2021,https://www.fragrantica.com/perfume/My-Geisha/Carnal-Rose-81829.html
112810,My Geisha,Carnal Rose - Huile De Parfum (Perfume Oil),,https://www.fragrantica.com/perfume/My-Geisha/Carnal-Rose-Huile-De-Parfum-106001.html
112811,My Geisha,Carnal Rose My Geisha Huile de Parfum,,https://www.parfumo.com/Perfumes/my-geisha/carnal-rose-huile-de-parfum
112812,My Geisha,Cherry Yumm,2026,https://www.fragrantica.com/perfume/My-Geisha/Cherry-Yumm-128195.html
112813,My Geisha,Confident,2021,https://www.fragrantica.com/perfume/My-Geisha/Confident-81830.html
112814,My Geisha,Fire Mantra,2026,https://www.fragrantica.com/perfume/My-Geisha/Fire-Mantra-128197.html
112815,My Geisha,Foreplay,2021,https://www.fragrantica.com/perfume/My-Geisha/Foreplay-81831.html
112816,My Geisha,Foreplay - Huile De Parfum (Perfume Oil),,https://www.fragrantica.com/perfume/My-Geisha/Foreplay-Huile-De-Parfum-105992.html
112817,My Geisha,Infinite Touch,2023,https://www.fragrantica.com/perfume/My-Geisha/Infinite-Touch-81807.html
112818,My Geisha,Invincible,2021,https://www.fragrantica.com/perfume/My-Geisha/Invincible-81832.html
112819,My Geisha,Invisible Power,2023,https://www.fragrantica.com/perfume/My-Geisha/Invisible-Power-81809.html
112820,My Geisha,Jasmin,,https://www.parfumo.com/Perfumes/my-geisha/jasmin
112821,My Geisha,Jasmin - Huile De Parfum (Perfume Oil),,https://www.fragrantica.com/perfume/My-Geisha/Jasmin-Huile-De-Parfum-105990.html
112822,My Geisha,Jasmine in the Sun,2026,https://www.fragrantica.com/perfume/My-Geisha/Jasmine-in-the-Sun-139536.html
112823,My Geisha,Ladies First,2021,https://www.fragrantica.com/perfume/My-Geisha/Ladies-First-81833.html
112824,My Geisha,Ladies First - Huile De Parfum (Perfume Oil),,https://www.fragrantica.com/perfume/My-Geisha/Ladies-First-Huile-De-Parfum-105997.html
112825,My Geisha,Let's Play Red,,https://www.fragrantica.com/perfume/My-Geisha/Let-s-Play-Red-105947.html
112826,My Geisha,Madame,,https://www.parfumo.com/Perfumes/my-geisha/madame
112827,My Geisha,Madame - Huile De Parfum (Perfume Oil),,https://www.fragrantica.com/perfume/My-Geisha/Madame-Huile-De-Parfum-106010.html
112828,My Geisha,Morning in Grasse (Extrait de Parfum),2021,https://www.fragrantica.com/perfume/My-Geisha/Morning-in-Grasse-81834.html
112829,My Geisha,Morning In Grasse - Huile De Parfum (Perfume Oil),,https://www.fragrantica.com/perfume/My-Geisha/Morning-In-Grasse-Huile-De-Parfum-106009.html
112830,My Geisha,Morning in Grasse My Geisha Huile de Parfum,,https://www.parfumo.com/Perfumes/my-geisha/morning-in-grasse-huile-de-parfum
112831,My Geisha,Musk,,https://www.fragrantica.com/perfume/My-Geisha/Musk-100710.html
112832,My Geisha,Musk - Huile De Parfum (Perfume Oil),,https://www.fragrantica.com/perfume/My-Geisha/Musk-Huile-De-Parfum-106004.html
112833,My Geisha,Oud (Extrait de Parfum),,https://www.fragrantica.com/perfume/My-Geisha/Oud-105953.html
112834,My Geisha,Oud - Huile De Parfum (Perfume Oil),,https://www.fragrantica.com/perfume/My-Geisha/Oud-Huile-De-Parfum-105983.html
112835,My Geisha,Oud My Geisha Huile de Parfum,,https://www.parfumo.com/Perfumes/my-geisha/oud
112836,My Geisha,Overdose,,https://www.fragrantica.com/perfume/My-Geisha/Overdose-105954.html
112837,My Geisha,Overdose - Huile De Parfum (Perfume Oil),,https://www.fragrantica.com/perfume/My-Geisha/Overdose-Huile-De-Parfum-106003.html
112838,My Geisha,Powder (Eau de Parfum),,https://www.fragrantica.com/perfume/My-Geisha/Powder-105948.html
112839,My Geisha,Powder - Huile De Parfum (Perfume Oil),,https://www.fragrantica.com/perfume/My-Geisha/Powder-Huile-De-Parfum-105987.html
112840,My Geisha,Powder My Geisha Huile de Parfum,,https://www.parfumo.com/Perfumes/my-geisha/powder-huile-de-parfum
112841,My Geisha,Rehab,2020,https://www.fragrantica.com/perfume/My-Geisha/Rehab-98925.html
112842,My Geisha,Rehab - Huile De Parfum (Perfume Oil),,https://www.fragrantica.com/perfume/My-Geisha/Rehab-Huile-De-Parfum-105999.html
112843,My Geisha,Renaissance - Huile De Parfum (Perfume Oil),,https://www.fragrantica.com/perfume/My-Geisha/Renaissance-Huile-De-Parfum-105982.html
112844,My Geisha,Rose Poudre,,https://www.fragrantica.com/perfume/My-Geisha/Rose-Poudre-105950.html
112845,My Geisha,Rose Poudre - Huile De Parfum (Perfume Oil),,https://www.fragrantica.com/perfume/My-Geisha/Rose-Poudre-Huile-De-Parfum-105980.html
112846,My Geisha,Sakura,,https://www.fragrantica.com/perfume/My-Geisha/Sakura-105949.html
112847,My Geisha,Sakura - Huile De Parfum (Perfume Oil),,https://www.fragrantica.com/perfume/My-Geisha/Sakura-Huile-De-Parfum-105981.html
112848,My Geisha,Sheikh,,https://www.fragrantica.com/perfume/My-Geisha/Sheikh-91349.html
112849,My Geisha,Sheikh - Huile De Parfum (Perfume Oil),,https://www.fragrantica.com/perfume/My-Geisha/Sheikh-Huile-De-Parfum-105996.html
112850,My Geisha,Tasty Brown Sugar - Huile de Parfum (Perfume Oil),,https://www.fragrantica.com/perfume/My-Geisha/Tasty-Brown-Sugar-Huile-de-Parfum-105985.html
112851,My Geisha,Tasty Cinnamon - Huile de Parfum (Perfume Oil),,https://www.fragrantica.com/perfume/My-Geisha/Tasty-Cinnamon-Huile-de-Parfum-106008.html
112852,My Geisha,Tasty Ginger & Tonka - Huile de Parfum (Perfume Oil),,https://www.fragrantica.com/perfume/My-Geisha/Tasty-Ginger-Tonka-Huile-de-Parfum-105994.html
112853,My Geisha,Tasty Vanilla - Huile de Parfum (Perfume Oil),,https://www.fragrantica.com/perfume/My-Geisha/Tasty-Vanilla-Huile-de-Parfum-106007.html
112854,My Geisha,Troublemaker - Huile De Parfum (Perfume Oil),,https://www.fragrantica.com/perfume/My-Geisha/Troublemaker-Huile-De-Parfum-105984.html
112855,My Geisha,Tuberose Huile De Parfum (Perfume Oil),,https://www.fragrantica.com/perfume/My-Geisha/Tuberose-Huile-De-Parfum-105979.html
112856,My Geisha,Twin Flame,2026,https://www.fragrantica.com/perfume/My-Geisha/Twin-Flame-128196.html
112857,My Geisha,Unseen,2024,https://www.fragrantica.com/perfume/My-Geisha/Unseen-100708.html
112858,My Geisha,Unstoppable,,https://www.fragrantica.com/perfume/My-Geisha/Unstoppable-105951.html
112859,My Inner Island Parfums,Absinthe Bleu Glaces,,https://www.fragrantica.com/perfume/My-Inner-Island-Parfums/Absinthe-Bleu-Glaces-24187.html
112860,My Inner Island Parfums,Ambre Exotique Sur La Plage,,https://www.fragrantica.com/perfume/My-Inner-Island-Parfums/Ambre-Exotique-Sur-La-Plage-24186.html
112861,My Inner Island Parfums,Cocco e Limone,2014,https://www.fragrantica.com/perfume/My-Inner-Island-Parfums/Cocco-e-Limone-28123.html
112862,My Inner Island Parfums,Eight Dangers,,https://www.fragrantica.com/perfume/My-Inner-Island-Parfums/Eight-Dangers-24189.html
112863,My Inner Island Parfums,Muschio Marino e Sale,,https://www.fragrantica.com/perfume/My-Inner-Island-Parfums/Muschio-Marino-e-Sale-24182.html
112864,My Inner Island Parfums,Nine Reasons,,https://www.fragrantica.com/perfume/My-Inner-Island-Parfums/Nine-Reasons-24190.html
112865,My Inner Island Parfums,Pepe Extra e Lime,,https://www.fragrantica.com/perfume/My-Inner-Island-Parfums/Pepe-Extra-e-Lime-24184.html
112866,My Inner Island Parfums,Rose Amere du Desert,,https://www.fragrantica.com/perfume/My-Inner-Island-Parfums/Rose-Amere-du-Desert-24185.html
112867,My Inner Island Parfums,Seven Stars,,https://www.fragrantica.com/perfume/My-Inner-Island-Parfums/Seven-Stars-24188.html
112868,My Inner Island Parfums,"Vaniglia, Cacao e Caffé",2014,https://www.fragrantica.com/perfume/My-Inner-Island-Parfums/Vaniglia-Cacao-e-Caffe-28127.html
112869,My Inner Island Parfums,Vaniglia Sopraffina e Rhum,,https://www.fragrantica.com/perfume/My-Inner-Island-Parfums/Vaniglia-Sopraffina-e-Rhum-24183.html
112870,My Perfumes,Alluring Sandal,2022,https://www.fragrantica.com/perfume/My-Perfumes/Alluring-Sandal-87520.html
112871,My Perfumes,Ambery Musk,,https://www.parfumo.com/Perfumes/my-perfumes/ambery-musk
112872,My Perfumes,Ameer Al Badar,,https://www.parfumo.com/Perfumes/my-perfumes/ameer-al-badar
112873,My Perfumes,Aux Fleurs de Safran,2023,https://www.fragrantica.com/perfume/My-Perfumes/Aux-Fleurs-de-Safran-87532.html
112874,My Perfumes,Avantgarde,,https://www.parfumo.com/Perfumes/my-perfumes/avantgarde
112875,My Perfumes,Compassionate Sandal My Perfumes Eau de Parfum,,https://www.parfumo.com/Perfumes/my-perfumes/compassionate-sandal-eau-de-parfum
112876,My Perfumes,Compassionate Sandal (Perfume Oil),,https://www.fragrantica.com/perfume/My-Perfumes/Compassionate-Sandal-59517.html
112877,My Perfumes,Dark Amber,2022,https://www.fragrantica.com/perfume/My-Perfumes/Dark-Amber-87517.html
112878,My Perfumes,Desert Oud,,https://www.parfumo.com/Perfumes/my-perfumes/desert-oud
112879,My Perfumes,Fleur My Perfumes Eau de Parfum,,https://www.parfumo.com/Perfumes/my-perfumes/fleur-eau-de-parfum
112880,My Perfumes,Fleur (Perfume Oil),,https://www.fragrantica.com/perfume/My-Perfumes/Fleur-59519.html
112881,My Perfumes,Gateau D'Iris,2023,https://www.fragrantica.com/perfume/My-Perfumes/Gateau-D-Iris-87534.html
112882,My Perfumes,Golden Saffron,2022,https://www.fragrantica.com/perfume/My-Perfumes/Golden-Saffron-87519.html
112883,My Perfumes,Golden Vanilla,2022,https://www.fragrantica.com/perfume/My-Perfumes/Golden-Vanilla-87513.html
112884,My Perfumes,Great Girl,,https://www.parfumo.com/Perfumes/my-perfumes/great-girl
112885,My Perfumes,Hot Vanilla My Perfumes Eau de Parfum,,https://www.parfumo.com/Perfumes/my-perfumes/hot-vanilla-eau-de-parfum
112886,My Perfumes,Hot Vanilla (Perfume Oil),,https://www.fragrantica.com/perfume/My-Perfumes/Hot-Vanilla-59514.html
112887,My Perfumes,Intense Orris (Eau de Parfum),,https://www.fragrantica.com/perfume/My-Perfumes/Intense-Orris-59518.html
112888,My Perfumes,Intense Orris My Perfumes Perfume Oil,,https://www.parfumo.com/Perfumes/my-perfumes/intense-orris-concentrated-perfume-oil
112889,My Perfumes,Intense Sandal,2023,https://www.fragrantica.com/perfume/My-Perfumes/Intense-Sandal-87530.html
112890,My Perfumes,Jade,,https://www.parfumo.com/Perfumes/my-perfumes/jade
112891,My Perfumes,Jasmine Gardenia,2022,https://www.fragrantica.com/perfume/My-Perfumes/Jasmine-Gardenia-87512.html
112892,My Perfumes,Magic Rose,2022,https://www.fragrantica.com/perfume/My-Perfumes/Magic-Rose-87511.html
112893,My Perfumes,Midnight,2022,https://www.fragrantica.com/perfume/My-Perfumes/Midnight-105003.html
112894,My Perfumes,Musk Le Sorcier,2022,https://www.fragrantica.com/perfume/My-Perfumes/Musk-Le-Sorcier-87516.html
112895,My Perfumes,Oud Nectar,2022,https://www.fragrantica.com/perfume/My-Perfumes/Oud-Nectar-87518.html
112896,My Perfumes,Patchouli Immortals,2022,https://www.fragrantica.com/perfume/My-Perfumes/Patchouli-Immortals-87515.html
112897,My Perfumes,Powdery,,https://www.fragrantica.com/perfume/My-Perfumes/Powdery-59516.html
112898,My Perfumes,Redolent Musk,2023,https://www.fragrantica.com/perfume/My-Perfumes/Redolent-Musk-87529.html
112899,My Perfumes,Rustic Oud,,https://www.fragrantica.com/perfume/My-Perfumes/Rustic-Oud-59515.html
112900,My Perfumes,Ryk Iris,2022,https://www.fragrantica.com/perfume/My-Perfumes/Ryk-Iris-87514.html
112901,My Perfumes,Vanilla Noirè,2023,https://www.fragrantica.com/perfume/My-Perfumes/Vanilla-Noire-87531.html
112902,My Perfumes,Warm Patchouli,2023,https://www.fragrantica.com/perfume/My-Perfumes/Warm-Patchouli-87533.html
112903,My Perfumes Select,Amber Fanatic,2021,https://www.fragrantica.com/perfume/My-Perfumes-Select/Amber-Fanatic-92800.html
112904,My Perfumes Select,Amber Soir,2021,https://www.fragrantica.com/perfume/My-Perfumes-Select/Amber-Soir-92786.html
112905,My Perfumes Select,Aux Fleurs De Safran,2021,https://www.fragrantica.com/perfume/My-Perfumes-Select/Aux-Fleurs-De-Safran-92778.html
112906,My Perfumes Select,Bois D' Iris,2021,https://www.fragrantica.com/perfume/My-Perfumes-Select/Bois-D-Iris-92799.html
112907,My Perfumes Select,Dark Amber,2021,https://www.fragrantica.com/perfume/My-Perfumes-Select/Dark-Amber-92809.html
112908,My Perfumes Select,From The Earth Patchouli & Sandal,2023,https://www.fragrantica.com/perfume/My-Perfumes-Select/From-The-Earth-Patchouli-Sandal-92773.html
112909,My Perfumes Select,Gateau D' Iris,2021,https://www.fragrantica.com/perfume/My-Perfumes-Select/Gateau-D-Iris-92785.html
112910,My Perfumes Select,Golden Saffron,2021,https://www.fragrantica.com/perfume/My-Perfumes-Select/Golden-Saffron-92808.html
112911,My Perfumes Select,Golden Vanilla,2021,https://www.fragrantica.com/perfume/My-Perfumes-Select/Golden-Vanilla-92807.html
112912,My Perfumes Select,Gourmand Vanilla & Iris,2023,https://www.fragrantica.com/perfume/My-Perfumes-Select/Gourmand-Vanilla-Iris-92774.html
112913,My Perfumes Select,Intense Sandal,2021,https://www.fragrantica.com/perfume/My-Perfumes-Select/Intense-Sandal-92784.html
112914,My Perfumes Select,Jasmine Gardenia,2021,https://www.fragrantica.com/perfume/My-Perfumes-Select/Jasmine-Gardenia-92806.html
112915,My Perfumes Select,La Folie Du Jasmine,2021,https://www.fragrantica.com/perfume/My-Perfumes-Select/La-Folie-Du-Jasmine-92783.html
112916,My Perfumes Select,Magic Rose,2021,https://www.fragrantica.com/perfume/My-Perfumes-Select/Magic-Rose-92805.html
112917,My Perfumes Select,Musk Le Sorcier,2021,https://www.fragrantica.com/perfume/My-Perfumes-Select/Musk-Le-Sorcier-92804.html
112918,My Perfumes Select,Musk Love,2021,https://www.fragrantica.com/perfume/My-Perfumes-Select/Musk-Love-92798.html
112919,My Perfumes Select,Mysterious Oud,2021,https://www.fragrantica.com/perfume/My-Perfumes-Select/Mysterious-Oud-92797.html
112920,My Perfumes Select,Nude Rose,2021,https://www.fragrantica.com/perfume/My-Perfumes-Select/Nude-Rose-92782.html
112921,My Perfumes Select,Oriental Jasmine,2021,https://www.fragrantica.com/perfume/My-Perfumes-Select/Oriental-Jasmine-92796.html
112922,My Perfumes Select,Oud Issey,2021,https://www.fragrantica.com/perfume/My-Perfumes-Select/Oud-Issey-92781.html
112923,My Perfumes Select,Oud Nectar,2021,https://www.fragrantica.com/perfume/My-Perfumes-Select/Oud-Nectar-92803.html
112924,My Perfumes Select,Patchouli Immortals,2021,https://www.fragrantica.com/perfume/My-Perfumes-Select/Patchouli-Immortals-92802.html
112925,My Perfumes Select,Patchouli Rouge,2021,https://www.fragrantica.com/perfume/My-Perfumes-Select/Patchouli-Rouge-92795.html
112926,My Perfumes Select,Pearl Oud,2021,https://www.fragrantica.com/perfume/My-Perfumes-Select/Pearl-Oud-92789.html
112927,My Perfumes Select,Precious Rose,2021,https://www.fragrantica.com/perfume/My-Perfumes-Select/Precious-Rose-92794.html
112928,My Perfumes Select,Redolent Musk,2021,https://www.fragrantica.com/perfume/My-Perfumes-Select/Redolent-Musk-92780.html
112929,My Perfumes Select,Ryk Iris,2021,https://www.fragrantica.com/perfume/My-Perfumes-Select/Ryk-Iris-92801.html
112930,My Perfumes Select,Sacred Amber,2021,https://www.fragrantica.com/perfume/My-Perfumes-Select/Sacred-Amber-92779.html
112931,My Perfumes Select,Saffron Deluxe,2021,https://www.fragrantica.com/perfume/My-Perfumes-Select/Saffron-Deluxe-92793.html
112932,My Perfumes Select,Sea Rose,2021,https://www.fragrantica.com/perfume/My-Perfumes-Select/Sea-Rose-92787.html
112933,My Perfumes Select,Shades Of Oud,2023,https://www.fragrantica.com/perfume/My-Perfumes-Select/Shades-Of-Oud-92772.html
112934,My Perfumes Select,Smoky Jasmine,2021,https://www.fragrantica.com/perfume/My-Perfumes-Select/Smoky-Jasmine-92788.html
112935,My Perfumes Select,Terre De Santal,2021,https://www.fragrantica.com/perfume/My-Perfumes-Select/Terre-De-Santal-92792.html
112936,My Perfumes Select,The Lost Rose & Musk,2023,https://www.fragrantica.com/perfume/My-Perfumes-Select/The-Lost-Rose-Musk-92775.html
112937,My Perfumes Select,Unexpected Amber & Jasmine,2023,https://www.fragrantica.com/perfume/My-Perfumes-Select/Unexpected-Amber-Jasmine-92771.html
112938,My Perfumes Select,Vanilla Addiction,2021,https://www.fragrantica.com/perfume/My-Perfumes-Select/Vanilla-Addiction-92791.html
112939,My Perfumes Select,Vanilla Cake,2021,https://www.fragrantica.com/perfume/My-Perfumes-Select/Vanilla-Cake-92790.html
112940,My Perfumes Select,Vanilla Noire,2021,https://www.fragrantica.com/perfume/My-Perfumes-Select/Vanilla-Noire-92777.html
112941,My Perfumes Select,Warm Patchouli,2021,https://www.fragrantica.com/perfume/My-Perfumes-Select/Warm-Patchouli-92776.html
112942,Mykonos,Adelina,,https://www.fragrantica.com/perfume/Mykonos/Adelina-121146.html
112943,Mykonos,Affair,,https://www.fragrantica.com/perfume/Mykonos/Affair-120454.html
112944,Mykonos,Aphrodite,,https://www.fragrantica.com/perfume/Mykonos/Aphrodite-120455.html
112945,Mykonos,Avra Kehdabra,,https://www.fragrantica.com/perfume/Mykonos/Avra-Kehdabra-121171.html
112946,Mykonos,Baby Love,,https://www.fragrantica.com/perfume/Mykonos/Baby-Love-120456.html
112947,Mykonos,Berry Caramel Pancake,,https://www.fragrantica.com/perfume/Mykonos/Berry-Caramel-Pancake-120457.html
112948,Mykonos,Black Opera,,https://www.fragrantica.com/perfume/Mykonos/Black-Opera-120458.html
112949,Mykonos,Blaze,,https://www.fragrantica.com/perfume/Mykonos/Blaze-121147.html
112950,Mykonos,Bloody Mary,,https://www.fragrantica.com/perfume/Mykonos/Bloody-Mary-121156.html
112951,Mykonos,Blossom,,https://www.fragrantica.com/perfume/Mykonos/Blossom-121149.html
112952,Mykonos,Bonfire Vanilla,,https://www.fragrantica.com/perfume/Mykonos/Bonfire-Vanilla-120462.html
112953,Mykonos,Cafe Drops,,https://www.fragrantica.com/perfume/Mykonos/Cafe-Drops-120463.html
112954,Mykonos,California,,https://www.fragrantica.com/perfume/Mykonos/California-121150.html
112955,Mykonos,California Blue,,https://www.fragrantica.com/perfume/Mykonos/California-Blue-120464.html
112956,Mykonos,California Club,,https://www.fragrantica.com/perfume/Mykonos/California-Club-120465.html
112957,Mykonos,California Signature,,https://www.fragrantica.com/perfume/Mykonos/California-Signature-120466.html
112958,Mykonos,Caramel Fudge Cookie,,https://www.fragrantica.com/perfume/Mykonos/Caramel-Fudge-Cookie-120467.html
112959,Mykonos,Chai Crema Latte,,https://www.fragrantica.com/perfume/Mykonos/Chai-Crema-Latte-121102.html
112960,Mykonos,Coconut Dreams,,https://www.fragrantica.com/perfume/Mykonos/Coconut-Dreams-120468.html
112961,Mykonos,Conquer,,https://www.fragrantica.com/perfume/Mykonos/Conquer-139182.html
112962,Mykonos,Constantine,2025,https://www.fragrantica.com/perfume/Mykonos/Constantine-142163.html
112963,Mykonos,Crimson,,https://www.fragrantica.com/perfume/Mykonos/Crimson-120469.html
112964,Mykonos,Crystals,,https://www.fragrantica.com/perfume/Mykonos/Crystals-121152.html
112965,Mykonos,Dark Secret,,https://www.fragrantica.com/perfume/Mykonos/Dark-Secret-120470.html
112966,Mykonos,Dolce Cherry,,https://www.fragrantica.com/perfume/Mykonos/Dolce-Cherry-121167.html
112967,Mykonos,Down to Earth,,https://www.fragrantica.com/perfume/Mykonos/Down-to-Earth-120471.html
112968,Mykonos,Dreamscape,,https://www.fragrantica.com/perfume/Mykonos/Dreamscape-121104.html
112969,Mykonos,Eclipse,,https://www.fragrantica.com/perfume/Mykonos/Eclipse-121153.html
112970,Mykonos,Empire,2026,https://www.fragrantica.com/perfume/Mykonos/Empire-136806.html
112971,Mykonos,Enchanted,,https://www.fragrantica.com/perfume/Mykonos/Enchanted-121105.html
112972,Mykonos,Glitch,,https://www.fragrantica.com/perfume/Mykonos/Glitch-121106.html
112973,Mykonos,Hawaiian Crush,,https://www.fragrantica.com/perfume/Mykonos/Hawaiian-Crush-121108.html
112974,Mykonos,Imperium,2025,https://www.fragrantica.com/perfume/Mykonos/Imperium-139839.html
112975,Mykonos,Inception,2025,https://www.fragrantica.com/perfume/Mykonos/Inception-121107.html
112976,Mykonos,Inferno,2025,https://www.fragrantica.com/perfume/Mykonos/Inferno-139841.html
112977,Mykonos,Invade,,https://www.fragrantica.com/perfume/Mykonos/Invade-121109.html
112978,Mykonos,It's Not Ella,,https://www.fragrantica.com/perfume/Mykonos/It-s-Not-Ella-121154.html
112979,Mykonos,Ivory,,https://www.fragrantica.com/perfume/Mykonos/Ivory-121155.html
112980,Mykonos,Jinx,,https://www.fragrantica.com/perfume/Mykonos/Jinx-121169.html
112981,Mykonos,"Love, Rosy",,https://www.fragrantica.com/perfume/Mykonos/Love-Rosy-120459.html
112982,Mykonos,Luminos,,https://www.fragrantica.com/perfume/Mykonos/Luminos-121110.html
112983,Mykonos,Lychee Breeze,,https://www.fragrantica.com/perfume/Mykonos/Lychee-Breeze-120461.html
112984,Mykonos,Marbella,2025,https://www.fragrantica.com/perfume/Mykonos/Marbella-139840.html
112985,Mykonos,Matcha Latte,,https://www.fragrantica.com/perfume/Mykonos/Matcha-Latte-121111.html
112986,Mykonos,Matcha Sundays,,https://www.fragrantica.com/perfume/Mykonos/Matcha-Sundays-120460.html
112987,Mykonos,Memoir of Meri,2025,https://www.fragrantica.com/perfume/Mykonos/Memoir-of-Meri-121157.html
112988,Mykonos,Milk Drops,,https://www.fragrantica.com/perfume/Mykonos/Milk-Drops-121112.html
112989,Mykonos,Monaco Royale,,https://www.fragrantica.com/perfume/Mykonos/Monaco-Royale-121113.html
112990,Mykonos,Moroccan Vanilla,,https://www.fragrantica.com/perfume/Mykonos/Moroccan-Vanilla-121114.html
112991,Mykonos,Musk Aura,,https://www.fragrantica.com/perfume/Mykonos/Musk-Aura-121116.html
112992,Mykonos,Nashi Pear Garden,,https://www.fragrantica.com/perfume/Mykonos/Nashi-Pear-Garden-121165.html
112993,Mykonos,Nautilius,2025,https://www.fragrantica.com/perfume/Mykonos/Nautilius-139926.html
112994,Mykonos,On The Rocks,,https://www.fragrantica.com/perfume/Mykonos/On-The-Rocks-121117.html
112995,Mykonos,Once upon Don,2025,https://www.fragrantica.com/perfume/Mykonos/Once-upon-Don-121158.html
112996,Mykonos,Pandan Sticky Rice,,https://www.fragrantica.com/perfume/Mykonos/Pandan-Sticky-Rice-121118.html
112997,Mykonos,Paradise,,https://www.fragrantica.com/perfume/Mykonos/Paradise-121120.html
112998,Mykonos,Penthouse,,https://www.fragrantica.com/perfume/Mykonos/Penthouse-121121.html
112999,Mykonos,Pink Beach,,https://www.fragrantica.com/perfume/Mykonos/Pink-Beach-121122.html
113000,Mykonos,Pink Drops,,https://www.fragrantica.com/perfume/Mykonos/Pink-Drops-121123.html113001,Mykonos,Reflection,,https://www.fragrantica.com/perfume/Mykonos/Reflection-121124.html
113002,Mykonos,Reflection Elixir,,https://www.fragrantica.com/perfume/Mykonos/Reflection-Elixir-139183.html
113003,Mykonos,Rouge,,https://www.fragrantica.com/perfume/Mykonos/Rouge-121125.html
113004,Mykonos,Roulette,,https://www.fragrantica.com/perfume/Mykonos/Roulette-121172.html
113005,Mykonos,Royal Ispahan,,https://www.fragrantica.com/perfume/Mykonos/Royal-Ispahan-121127.html
113006,Mykonos,Sansa,,https://www.fragrantica.com/perfume/Mykonos/Sansa-121128.html
113007,Mykonos,Satin Blanc,,https://www.fragrantica.com/perfume/Mykonos/Satin-Blanc-121129.html
113008,Mykonos,Senja,,https://www.fragrantica.com/perfume/Mykonos/Senja-121130.html
113009,Mykonos,Seven Roses,,https://www.fragrantica.com/perfume/Mykonos/Seven-Roses-121163.html
113010,Mykonos,Silent Whisper,,https://www.fragrantica.com/perfume/Mykonos/Silent-Whisper-121131.html
113011,Mykonos,Slow Living,,https://www.fragrantica.com/perfume/Mykonos/Slow-Living-121132.html
113012,Mykonos,Sorrento,,https://www.fragrantica.com/perfume/Mykonos/Sorrento-121134.html
113013,Mykonos,Sparkling Rosé,,https://www.fragrantica.com/perfume/Mykonos/Sparkling-Rose-121135.html
113014,Mykonos,Stilettos,,https://www.fragrantica.com/perfume/Mykonos/Stilettos-121136.html
113015,Mykonos,Tea Poetry,,https://www.fragrantica.com/perfume/Mykonos/Tea-Poetry-121137.html
113016,Mykonos,Untamed,2025,https://www.fragrantica.com/perfume/Mykonos/Untamed-139925.html
113017,Mykonos,Utopia,,https://www.fragrantica.com/perfume/Mykonos/Utopia-121138.html
113018,Mykonos,Vanilla Clouds,,https://www.fragrantica.com/perfume/Mykonos/Vanilla-Clouds-121139.html
113019,Mykonos,Verve,,https://www.fragrantica.com/perfume/Mykonos/Verve-121140.html
113020,Mykonos,Violette,,https://www.fragrantica.com/perfume/Mykonos/Violette-121162.html
113021,Mykonos,When in Paris,,https://www.fragrantica.com/perfume/Mykonos/When-in-Paris-121142.html
113022,Mykonos,"XoXo, Rosy",,https://www.fragrantica.com/perfume/Mykonos/XoXo-Rosy-121143.html
113023,Mykonos,Zeus,,https://www.fragrantica.com/perfume/Mykonos/Zeus-121161.html
113024,Mykonos,Zora,,https://www.fragrantica.com/perfume/Mykonos/Zora-121144.html
113025,MyLance,Bedouin,2025,https://www.fragrantica.com/perfume/MyLance/Bedouin-125331.html
113026,MyLance,Deja Vue,2025,https://www.fragrantica.com/perfume/MyLance/Deja-Vue-125341.html
113027,MyLance,Drug Drug,2025,https://www.fragrantica.com/perfume/MyLance/Drug-Drug-125345.html
113028,MyLance,Nob'elite,2025,https://www.fragrantica.com/perfume/MyLance/Nob-elite-125344.html
113029,MyLance,Paragon,2025,https://www.fragrantica.com/perfume/MyLance/Paragon-125340.html
113030,MyLance,Simurg,2025,https://www.fragrantica.com/perfume/MyLance/Simurg-125343.html
113031,MyLance,Xeno,2025,https://www.fragrantica.com/perfume/MyLance/Xeno-125338.html
113032,Mypa,Madonna Lady,,https://www.fragrantica.com/perfume/Mypa/Madonna-Lady-2165.html
113033,Mypa,Madonna Men,,https://www.fragrantica.com/perfume/Mypa/Madonna-Men-2166.html
113034,Mypa,Madonna Nudes 1979 Crazy,1979,https://www.fragrantica.com/perfume/Mypa/Madonna-Nudes-1979-Crazy-2161.html
113035,Mypa,Madonna Nudes 1979 Jean's,1979,https://www.fragrantica.com/perfume/Mypa/Madonna-Nudes-1979-Jean-s-2164.html
113036,Mypa,Madonna Nudes 1979 Kiss,1979,https://www.fragrantica.com/perfume/Mypa/Madonna-Nudes-1979-Kiss-2162.html
113037,Mypa,Madonna Nudes 1979 Pop,1979,https://www.fragrantica.com/perfume/Mypa/Madonna-Nudes-1979-Pop-2163.html
113038,Myropol,Ataraxie,2017,https://www.parfumo.com/Perfumes/Myropol/ataraxie
113039,Myropol,Camée,2009,https://www.parfumo.com/Perfumes/Myropol/camee
113040,Myropol,DUG-PA,2010,https://www.fragrantica.com/perfume/Myropol/DUG-PA-48791.html
113041,Myropol,Eau de Castellar,2012,https://www.parfumo.com/Perfumes/Myropol/eau-de-castellar
113042,Myropol,Ereve,2015,https://www.fragrantica.com/perfume/Myropol/Ereve-48796.html
113043,Myropol,Fougere No. 1,2015,https://www.fragrantica.com/perfume/Myropol/Fougere-No-1-48795.html
113044,Myropol,Freesia,2010,https://www.parfumo.com/Perfumes/Myropol/freesia
113045,Myropol,Jacinthe,2010,https://www.fragrantica.com/perfume/Myropol/Jacinthe-48790.html
113046,Myropol,Jardin d'Hiver,2017,https://www.fragrantica.com/perfume/Myropol/Jardin-d-Hiver-48785.html
113047,Myropol,Jegloff,2017,https://www.fragrantica.com/perfume/Myropol/Jegloff-48787.html
113048,Myropol,Kufi,2010,https://www.fragrantica.com/perfume/Myropol/Kufi-48792.html
113049,Myropol,Matthiola,2010,https://www.fragrantica.com/perfume/Myropol/Matthiola-48793.html
113050,Myropol,Noёl,2017,https://www.fragrantica.com/perfume/Myropol/Noel-48786.html
113051,Myropol,Ofris,2012,https://www.parfumo.com/Perfumes/Myropol/ofris
113052,Myropol,Pastel,2017,https://www.fragrantica.com/perfume/Myropol/Pastel-48788.html
113053,Myropol,Phlox,2016,https://www.fragrantica.com/perfume/Myropol/Phlox-48794.html
113054,Myropol,Rose Vinyle,2015,https://www.fragrantica.com/perfume/Myropol/Rose-Vinyle-48789.html
113055,Myrurgia,1916,1982,https://www.fragrantica.com/perfume/Myrurgia/1916-6237.html
113056,Myrurgia,À moi?,,https://www.parfumo.com/Perfumes/Myrurgia/_moi
113057,Myrurgia,Acqua Prima,,https://www.parfumo.com/Perfumes/Myrurgia/Acqua_Prima
113058,Myrurgia,Afeitar After Shave,,https://www.parfumo.com/Perfumes/Myrurgia/Afeitar_After_Shave
113059,Myrurgia,Agua de Coimbra,1999,https://www.parfumo.com/Perfumes/Myrurgia/Agua_de_Coimbra
113060,Myrurgia,Agua de Colonia 1916 - Hierba Fresca,2002,https://www.parfumo.com/Perfumes/Myrurgia/Agua_de_Colonia_1916_Hierba_Fresca
113061,Myrurgia,Aire Fresco Alada,,https://www.parfumo.com/Perfumes/Myrurgia/Aire_Fresco_Alada
113062,Myrurgia,Alada,1979,https://www.fragrantica.com/perfume/Myrurgia/Alada-15513.html
113063,Myrurgia,Ariadna,1924,https://www.parfumo.com/Perfumes/Myrurgia/Ariadna
113064,Myrurgia,Bésame,1922,https://www.parfumo.com/Perfumes/Myrurgia/Besame
113065,Myrurgia,Besos Alada,,https://www.parfumo.com/Perfumes/Myrurgia/Besos_Alada
113066,Myrurgia,Blasón,,https://www.parfumo.com/Perfumes/Myrurgia/Blasn
113067,Myrurgia,Bleuor Colonia Bleuor,,https://www.parfumo.com/Perfumes/Myrurgia/Bleuor_Colonia_Bleuor
113068,Myrurgia,Bombón,1999,https://www.parfumo.com/Perfumes/Myrurgia/Bombn
113069,Myrurgia,Clavel de España,1936,https://www.fragrantica.com/perfume/Myrurgia/Clavel-de-Espana-67602.html
113070,Myrurgia,Colonia Formosa,1924,https://www.parfumo.com/Perfumes/Myrurgia/Colonia_Formosa
113071,Myrurgia,Donna Donna,,https://www.parfumo.com/Perfumes/Myrurgia/donna-donna
113072,Myrurgia,Eau d'Été,1997,https://www.parfumo.com/Perfumes/Myrurgia/Eau_d_Ete
113073,Myrurgia,Eau Joya,1982,https://www.fragrantica.com/perfume/Myrurgia/Eau-Joya-38367.html
113074,Myrurgia,Embrujo de Sevilla,1933,https://www.fragrantica.com/perfume/Myrurgia/Embrujo-de-Sevilla-41048.html
113075,Myrurgia,Equinox Myrurgia 1995 After Shave,1995,https://www.parfumo.com/Perfumes/Myrurgia/Equinox_After_Shave
113076,Myrurgia,Equinox Myrurgia 1995 Eau de Toilette,1995,https://www.parfumo.com/Perfumes/Myrurgia/Equinox_Eau_de_Toilette
113077,Myrurgia,Faisa,1935,https://www.fragrantica.com/perfume/Myrurgia/Faisa-96020.html
113078,Myrurgia,Fantasio,,https://www.parfumo.com/Perfumes/Myrurgia/Fantasio
113079,Myrurgia,Fleur d'Elle,1998,https://www.parfumo.com/Perfumes/Myrurgia/Fleur_d_Elle
113080,Myrurgia,Fleur de Jour,,https://www.parfumo.com/Perfumes/Myrurgia/Fleur_de_Jour
113081,Myrurgia,Flor de Blasón,1926,https://www.fragrantica.com/perfume/Myrurgia/Flor-de-Blason-64813.html
113082,Myrurgia,Flores del Mal,,https://www.parfumo.com/Perfumes/Myrurgia/Flores_del_Mal
113083,Myrurgia,Flori Grana,1922,https://www.parfumo.com/Perfumes/Myrurgia/Flori_Grana
113084,Myrurgia,Fronda,,https://www.parfumo.com/Perfumes/Myrurgia/Fronda
113085,Myrurgia,Goyesca,1919,https://www.parfumo.com/Perfumes/Myrurgia/Goyesca
113086,Myrurgia,Hawaii,,https://www.parfumo.com/Perfumes/Myrurgia/Hawaii
113087,Myrurgia,Hidalgo (After Shave),1971,https://www.fragrantica.com/perfume/Myrurgia/Hidalgo-61607.html
113088,Myrurgia,Hidalgo Myrurgia 1972 Cologne (Eau de Cologne),1972,https://www.parfumo.com/Perfumes/Myrurgia/Hidalgo_Cologne
113089,Myrurgia,Hindustan,,https://www.parfumo.com/Perfumes/Myrurgia/Hindustan
113090,Myrurgia,Joya,1950,https://www.fragrantica.com/perfume/Myrurgia/Joya-26651.html
113091,Myrurgia,Joya Myrurgia 1950 Colonia,1950,https://www.parfumo.com/Perfumes/Myrurgia/Joya
113092,Myrurgia,Joya Myrurgia 1950 Extracto,1950,https://www.parfumo.com/Perfumes/Myrurgia/Joya_Extracto
113093,Myrurgia,Jungla,1933,https://www.fragrantica.com/perfume/Myrurgia/Jungla-72666.html
113094,Myrurgia,Jungla Myrurgia 1933 Colonia,1933,https://www.parfumo.com/Perfumes/Myrurgia/Jungla_Colonia
113095,Myrurgia,Jungla Myrurgia 1933 Loción,1933,https://www.parfumo.com/Perfumes/Myrurgia/Jungla_Locin
113096,Myrurgia,Jungla Myrurgia 2014 Extracto,2014,https://www.parfumo.com/Perfumes/Myrurgia/Jungla_Extracto
113097,Myrurgia,Kimochi,1994,https://www.fragrantica.com/perfume/Myrurgia/Kimochi-38311.html
113098,Myrurgia,L'Orgie Myrurgia 1986 Eau de Toilette,1986,https://www.parfumo.com/Perfumes/Myrurgia/L_Orgie_Eau_de_Toilette
113099,Myrurgia,L'Orgie Myrurgia 1986 Parfum,1986,https://www.parfumo.com/Perfumes/Myrurgia/L_Orgie_Parfum
113100,Myrurgia,L'Orgie (Orgia),1922,https://www.fragrantica.com/perfume/Myrurgia/L-Orgie-Orgia-17027.html
113101,Myrurgia,Lavanda,1916,https://www.fragrantica.com/perfume/Myrurgia/Lavanda-67995.html
113102,Myrurgia,Le Bain Natural,,https://www.parfumo.com/Perfumes/Myrurgia/Le_Bain_Natural
113103,Myrurgia,Maderas de Oriente,1918,https://www.fragrantica.com/perfume/Myrurgia/Maderas-de-Oriente-22053.html
113104,Myrurgia,Maderas de Oriente Myrurgia 1918 Extracto,1918,https://www.parfumo.com/Perfumes/Myrurgia/Maderas_de_Oriente_Extracto
113105,Myrurgia,Maderas de Oriente Myrurgia 1929 Colonia al Extracto,1929,https://www.parfumo.com/Perfumes/Myrurgia/Maderas_de_Oriente_Colonia_al_Extracto
113106,Myrurgia,Maderas de Oriente Myrurgia 2010 Loción,2010,https://www.parfumo.com/Perfumes/Myrurgia/Maderas_de_Oriente_Locin
113107,Myrurgia,Maderas de Oriente (Perfume de Tocador),1970,https://www.parfumo.com/Perfumes/Myrurgia/Maderas_de_Oriente_Perfume_de_Tocador
113108,Myrurgia,Madras Pour Homme (After Shave),1983,https://www.fragrantica.com/perfume/Myrurgia/Madras-Pour-Homme-72317.html
113109,Myrurgia,Madras pour Homme Myrurgia 2000 Eau de Toilette,2000,https://www.parfumo.com/Perfumes/Myrurgia/Madras_pour_Homme_Eau_de_Toilette
113110,Myrurgia,Maja (Eau de Parfum),1921,https://www.fragrantica.com/perfume/Myrurgia/Maja-6233.html
113111,Myrurgia,Maja Myrurgia 1918 Colonia,1918,https://www.parfumo.com/Perfumes/Myrurgia/Maja_Colonia
113112,Myrurgia,Maja Myrurgia 1918 Extracto,1918,https://www.parfumo.com/Perfumes/Myrurgia/Maja_Extracto
113113,Myrurgia,Maja Myrurgia 1918 Loción,1918,https://www.parfumo.com/Perfumes/Myrurgia/Maja_Locin
113114,Myrurgia,Maja Myrurgia Eau de Toilette,,https://www.parfumo.com/Perfumes/Myrurgia/Maja_Eau_de_Toilette
113115,Myrurgia,Mimosa de Oro,,https://www.parfumo.com/Perfumes/Myrurgia/Mimosa_de_Oro
113116,Myrurgia,Miss Pinaud,,https://www.parfumo.com/Perfumes/Myrurgia/Miss_Pinaud
113117,Myrurgia,MY para El Myrurgia 1977 Eau de Toilette,1977,https://www.parfumo.com/Perfumes/Myrurgia/my-para-el-eau-de-toilette
113118,Myrurgia,MY para el Myrurgia Eau de Cologne,,https://www.parfumo.com/Perfumes/Myrurgia/MY_para_el_Eau_de_Cologne
113119,Myrurgia,MY para Ella Myrurgia 1977 Eau de Toilette,1977,https://www.parfumo.com/Perfumes/Myrurgia/my-para-ella-eau-de-toilette
113120,Myrurgia,Myrurgia,,https://www.parfumo.com/Perfumes/Myrurgia/Myrurgia
113121,Myrurgia,Natural de Myrurgia,1982,https://www.fragrantica.com/perfume/Myrurgia/Natural-de-Myrurgia-6234.html
113122,Myrurgia,Next Limits,1999,https://www.parfumo.com/Perfumes/Myrurgia/Next_Limits
113123,Myrurgia,Nueva Maja,1950,https://www.fragrantica.com/perfume/Myrurgia/Nueva-Maja-58378.html
113124,Myrurgia,Oasis,1980,https://www.fragrantica.com/perfume/Myrurgia/Oasis-64168.html
113125,Myrurgia,Orgía Myrurgia 1918 Extracto,1918,https://www.parfumo.com/Perfumes/Myrurgia/Orga_Extracto
113126,Myrurgia,Orgía Myrurgia 1921 Loción,1921,https://www.parfumo.com/Perfumes/Myrurgia/Orga_Locin
113127,Myrurgia,Orgía Myrurgia 1970 Colonia,1970,https://www.parfumo.com/Perfumes/Myrurgia/Orga_1970_Colonia
113128,Myrurgia,Orgía Myrurgia 1970 Extracto,1970,https://www.parfumo.com/Perfumes/Myrurgia/Orga_1970_Extracto
113129,Myrurgia,Orgía (Perfume-Crema),,https://www.parfumo.com/Perfumes/Myrurgia/Orga_1970_Perfume_Crema
113130,Myrurgia,Perfume Alado,,https://www.parfumo.com/Perfumes/Myrurgia/Perfume_Alado
113131,Myrurgia,Principe de Asturias,2007,https://www.parfumo.com/Perfumes/Myrurgia/Principe_de_Asturias
113132,Myrurgia,Promesa de Amor,2004,https://www.fragrantica.com/perfume/Myrurgia/Promesa-de-Amor-6236.html
113133,Myrurgia,Promesa Myrurgia 1917 Colonia,1917,https://www.parfumo.com/Perfumes/Myrurgia/Promesa_Colonia
113134,Myrurgia,Promesa Myrurgia 1917 Loción,1917,https://www.parfumo.com/Perfumes/Myrurgia/Promesa_Locion
113135,Myrurgia,Promesa (Parfum),2000,https://www.fragrantica.com/perfume/Myrurgia/Promesa-6235.html
113136,Myrurgia,Rosa de Bagdad,,https://www.parfumo.com/Perfumes/Myrurgia/Rosa_de_Bagdad
113137,Myrurgia,Rose Fleur de Jour,,https://www.parfumo.com/Perfumes/Myrurgia/Rose_Fleur_de_Jour
113138,Myrurgia,Royal Green by Seve Ballesteros,1992,https://www.fragrantica.com/perfume/Myrurgia/Royal-Green-by-Seve-Ballesteros-49357.html
113139,Myrurgia,Sí Señor,,https://www.parfumo.com/Perfumes/Myrurgia/Si_Seor
113140,Myrurgia,Sol de Triana,,https://www.parfumo.com/Perfumes/Myrurgia/Sol_de_Triana
113141,Myrurgia,Suspiro de Granada,1923,https://www.parfumo.com/Perfumes/Myrurgia/Suspiro_de_Granada
113142,Myrurgia,Triangle,1996,https://www.fragrantica.com/perfume/Myrurgia/Triangle-11990.html
113143,Myrurgia,Tu Reja,,https://www.parfumo.com/Perfumes/Myrurgia/Tu_Reja
113144,Myrurgia,Violette Fleur de Jour,,https://www.parfumo.com/Perfumes/Myrurgia/Violette_Fleur_de_Jour
113145,Myrurgia,Vorago,1974,https://www.fragrantica.com/perfume/Myrurgia/Vorago-38366.html
113146,Myrurgia,Who?,,https://www.parfumo.com/Perfumes/Myrurgia/Who
113147,Myrurgia,Yacht Man Black,2006,https://www.fragrantica.com/perfume/Myrurgia/Yacht-Man-Black-12075.html
113148,Myrurgia,Yacht Man Blue,2001,https://www.fragrantica.com/perfume/Myrurgia/Yacht-Man-Blue-15021.html
113149,Myrurgia,Yacht Man Breeze,,https://www.fragrantica.com/perfume/Myrurgia/Yacht-Man-Breeze-15029.html
113150,Myrurgia,Yacht Man Chocolate,,https://www.fragrantica.com/perfume/Myrurgia/Yacht-Man-Chocolate-15027.html
113151,Myrurgia,Yacht Man Dark,2005,https://www.fragrantica.com/perfume/Myrurgia/Yacht-Man-Dark-15024.html
113152,Myrurgia,Yacht Man Dense,,https://www.fragrantica.com/perfume/Myrurgia/Yacht-Man-Dense-15028.html
113153,Myrurgia,Yacht Man Energy,2007,https://www.fragrantica.com/perfume/Myrurgia/Yacht-Man-Energy-15022.html
113154,Myrurgia,Yacht Man Esencia (After Shave),2003,https://www.fragrantica.com/perfume/Myrurgia/Yacht-Man-Esencia-63703.html
113155,Myrurgia,Yacht Man Esencia (Eau de Toilette),2003,https://www.fragrantica.com/perfume/Myrurgia/Yacht-Man-Esencia-15023.html
113156,Myrurgia,Yacht Man Metal,2005,https://www.fragrantica.com/perfume/Myrurgia/Yacht-Man-Metal-15025.html
113157,Myrurgia,Yacht Man Red,2004,https://www.fragrantica.com/perfume/Myrurgia/Yacht-Man-Red-15026.html
113158,Myrurgia,Yacht Man Trillion,,https://www.parfumo.com/Perfumes/Myrurgia/Yacht_Man_Trillion
113159,Myrurgia,Yacht Man Victory,,https://huggingface.co/datasets/doevent/perfume
113160,Myrurgia,Yánhia,,https://www.parfumo.com/Perfumes/Myrurgia/Yanhia
113161,Myrurgia,Zapping,1990,https://www.fragrantica.com/perfume/Myrurgia/Zapping-26988.html
113162,MysNyx Perfume,Ceremonial Sip,2020,https://www.fragrantica.com/perfume/MysNyx-Perfume/Ceremonial-Sip-122488.html
113163,MysNyx Perfume,Gluta & Gollum,2020,https://www.fragrantica.com/perfume/MysNyx-Perfume/Gluta-Gollum-122486.html
113164,MysNyx Perfume,Merle,2020,https://www.fragrantica.com/perfume/MysNyx-Perfume/Merle-122487.html
113165,MysNyx Perfume,Palissandro Platinum,2020,https://www.fragrantica.com/perfume/MysNyx-Perfume/Palissandro-Platinum-122489.html
113166,MysNyx Perfume,Real Skin,2020,https://www.fragrantica.com/perfume/MysNyx-Perfume/Real-Skin-122490.html
113167,MysNyx Perfume,Sanim,2020,https://www.fragrantica.com/perfume/MysNyx-Perfume/Sanim-122485.html
113168,Mystery De Parfum,Area-51,2023,https://www.fragrantica.com/perfume/Mystery-De-Parfum/Area-51-127431.html
113169,Mystery De Parfum,Atlantis,2023,https://www.fragrantica.com/perfume/Mystery-De-Parfum/Atlantis-127427.html
113170,Mystery De Parfum,Bermuda Triangle,2023,https://www.fragrantica.com/perfume/Mystery-De-Parfum/Bermuda-Triangle-127430.html
113171,Mystery De Parfum,Colosseum,2025,https://www.fragrantica.com/perfume/Mystery-De-Parfum/Colosseum-120875.html
113172,Mystery De Parfum,Egyptian Pyramids,2023,https://www.fragrantica.com/perfume/Mystery-De-Parfum/Egyptian-Pyramids-127432.html
113173,Mystery De Parfum,El Dorado,2023,https://www.fragrantica.com/perfume/Mystery-De-Parfum/El-Dorado-127428.html
113174,Mystery De Parfum,Fly Gesture,2023,https://www.fragrantica.com/perfume/Mystery-De-Parfum/Fly-Gesture-127429.html
113175,Mystery De Parfum,Great Wall,2025,https://www.fragrantica.com/perfume/Mystery-De-Parfum/Great-Wall-127433.html
113176,Mystery De Parfum,Machu Picchu,2026,https://www.fragrantica.com/perfume/Mystery-De-Parfum/Machu-Picchu-138400.html
113177,Mystery De Parfum,Night,2024,https://www.fragrantica.com/perfume/Mystery-De-Parfum/Night-127426.html
113178,Mystery De Parfum,Ruby,2024,https://www.fragrantica.com/perfume/Mystery-De-Parfum/Ruby-127425.html
113179,"Mystery, Modern Mark",Absocute,2021,https://www.fragrantica.com/perfume/Mystery-Modern-Mark/Absocute-71040.html
113180,"Mystery, Modern Mark",La Carretera,2021,https://www.fragrantica.com/perfume/Mystery-Modern-Mark/La-Carretera-71041.html
113181,"Mystery, Modern Mark",Rescent Man,2020,https://www.fragrantica.com/perfume/Mystery-Modern-Mark/Rescent-Man-62316.html
113182,"Mystery, Modern Mark",Scentence 360,2019,https://www.fragrantica.com/perfume/Mystery-Modern-Mark/Scentence-360-62317.html
113183,"Mystery, Modern Mark",Sweet Botswana,,https://www.fragrantica.com/perfume/Mystery-Modern-Mark/Sweet-Botswana-91279.html
113184,"Mystery, Modern Mark",The D'S-Tinguished,,https://www.fragrantica.com/perfume/Mystery-Modern-Mark/The-D-S-Tinguished-91277.html
113185,"Mystery, Modern Mark",VIIth Rue,,https://www.fragrantica.com/perfume/Mystery-Modern-Mark/VIIth-Rue-91278.html
113186,Mystic Mélange,Chroma,2023,https://www.fragrantica.com/perfume/Mystic-Melange/Chroma-97624.html
113187,Mystic Mélange,HYDRA,2023,https://www.fragrantica.com/perfume/Mystic-Melange/HYDRA-97627.html
113188,Mystic Mélange,Indigo,2023,https://www.fragrantica.com/perfume/Mystic-Melange/Indigo-97625.html
113189,Mystikum,Forbidden Rouge,2025,https://www.fragrantica.com/perfume/Mystikum/Forbidden-Rouge-111424.html
113190,Mystikum,Moonlight Ceremony,2024,https://www.fragrantica.com/perfume/Mystikum/Moonlight-Ceremony-91362.html
113191,Mystikum,Nightfall in the City of Kings,2025,https://www.fragrantica.com/perfume/Mystikum/Nightfall-in-the-City-of-Kings-102963.html
113192,Mystikum,Saddles Of The Silkroad,2024,https://www.fragrantica.com/perfume/Mystikum/Saddles-Of-The-Silkroad-91366.html
113193,Mystikum,Secret Fig Affair,2026,https://www.fragrantica.com/perfume/Mystikum/Secret-Fig-Affair-139423.html
113194,Mystikum,Tears On Mystic Sand,2024,https://www.fragrantica.com/perfume/Mystikum/Tears-On-Mystic-Sand-91365.html
113195,Mystikum,The Color of Air,2025,https://www.fragrantica.com/perfume/Mystikum/The-Color-of-Air-102965.html
113196,Mystikum,The Empress' Kiss,2024,https://www.fragrantica.com/perfume/Mystikum/The-Empress-Kiss-91368.html
113197,Mystikum,The Geisha's Secret Garden,2024,https://www.fragrantica.com/perfume/Mystikum/The-Geisha-s-Secret-Garden-91367.html
113198,Mystikum,The Need To Fly,2024,https://www.fragrantica.com/perfume/Mystikum/The-Need-To-Fly-91363.html
113199,Mystiq Parfums,Blu Muffin,2025,https://www.fragrantica.com/perfume/Mystiq-Parfums/Blu-Muffin-101718.html
113200,Mystiq Parfums,Drunken Rhubarb,2025,https://www.fragrantica.com/perfume/Mystiq-Parfums/Drunken-Rhubarb-113531.html
113201,Mystiq Parfums,Elysian Oud,2025,https://www.fragrantica.com/perfume/Mystiq-Parfums/Elysian-Oud-113532.html
113202,Mystiq Parfums,Gelato Scoop,2024,https://www.fragrantica.com/perfume/Mystiq-Parfums/Gelato-Scoop-97837.html
113203,Mystiq Parfums,Golden Hour,2024,https://www.fragrantica.com/perfume/Mystiq-Parfums/Golden-Hour-92261.html
113204,Mystiq Parfums,Honey Amour,2024,https://www.fragrantica.com/perfume/Mystiq-Parfums/Honey-Amour-93596.html
113205,Mystiq Parfums,Infini Bleu,2025,https://www.fragrantica.com/perfume/Mystiq-Parfums/Infini-Bleu-113823.html
113206,Mystiq Parfums,Mystiq Days,2024,https://www.fragrantica.com/perfume/Mystiq-Parfums/Mystiq-Days-92257.html
113207,Mystiq Parfums,Mystiq Nights,2024,https://www.fragrantica.com/perfume/Mystiq-Parfums/Mystiq-Nights-92259.html
113208,Mystiq Parfums,Mystiq Rainfall,2024,https://www.fragrantica.com/perfume/Mystiq-Parfums/Mystiq-Rainfall-92260.html
113209,Mystiq Parfums,Spiced Apple Ambrosia,2024,https://www.fragrantica.com/perfume/Mystiq-Parfums/Spiced-Apple-Ambrosia-92262.html
113210,Mystiq Parfums,Sugar Vineyard,2024,https://www.fragrantica.com/perfume/Mystiq-Parfums/Sugar-Vineyard-92316.html
113211,Mystiq Parfums,Vanilla Cigars,2024,https://www.fragrantica.com/perfume/Mystiq-Parfums/Vanilla-Cigars-97839.html
113212,Mystiq Parfums,Vivid Mango,2024,https://www.fragrantica.com/perfume/Mystiq-Parfums/Vivid-Mango-92315.html
113213,MYSU Perfume,A Thousand Kisses,2022,https://www.fragrantica.com/perfume/MYSU-Perfume/A-Thousand-Kisses-89209.html
113214,MYSU Perfume,Amber Pleasure,2021,https://www.fragrantica.com/perfume/MYSU-Perfume/Amber-Pleasure-89207.html
113215,MYSU Perfume,Athena,2023,https://www.fragrantica.com/perfume/MYSU-Perfume/Athena-89213.html
113216,MYSU Perfume,Attraction,2022,https://www.fragrantica.com/perfume/MYSU-Perfume/Attraction-89208.html
113217,MYSU Perfume,Eros,2023,https://www.fragrantica.com/perfume/MYSU-Perfume/Eros-89215.html
113218,MYSU Perfume,M26 - Gold Intense,2025,https://www.fragrantica.com/perfume/MYSU-Perfume/M26-Gold-Intense-128689.html
113219,MYSU Perfume,My Everything,2022,https://www.fragrantica.com/perfume/MYSU-Perfume/My-Everything-89211.html
113220,MYSU Perfume,Oud Royale,2021,https://www.fragrantica.com/perfume/MYSU-Perfume/Oud-Royale-89205.html
113221,MYSU Perfume,Secret Tobacco,2021,https://www.fragrantica.com/perfume/MYSU-Perfume/Secret-Tobacco-89206.html
113222,MYSU Perfume,Venus,2023,https://www.fragrantica.com/perfume/MYSU-Perfume/Venus-89212.html
113223,Mythology Parfums,Amaterasu,2024,https://www.fragrantica.com/perfume/Mythology-Parfums/Amaterasu-99194.html
113224,Mythology Parfums,Khaos,2024,https://www.fragrantica.com/perfume/Mythology-Parfums/Khaos-93787.html
113225,Mythology Parfums,Thor,2024,https://www.fragrantica.com/perfume/Mythology-Parfums/Thor-99195.html
113226,Mythos,Caramel Warm & Sweet,,https://www.fragrantica.com/perfume/Mythos/Caramel-Warm-Sweet-36865.html
113227,Mythos,Cardamom,,https://www.fragrantica.com/perfume/Mythos/Cardamom-36861.html
113228,Mythos,Cedarwood,,https://www.fragrantica.com/perfume/Mythos/Cedarwood-36862.html
113229,Mythos,Jasmine,,https://www.fragrantica.com/perfume/Mythos/Jasmine-36859.html
113230,Mythos,Lilies,,https://www.fragrantica.com/perfume/Mythos/Lilies-36860.html
113231,Mythos,Melon with Pear & Raspberry,,https://www.fragrantica.com/perfume/Mythos/Melon-with-Pear-Raspberry-36864.html
113232,Mythos,Peach with Freesia & Rosewood,,https://www.fragrantica.com/perfume/Mythos/Peach-with-Freesia-Rosewood-36863.html
113233,Mythos,White Musk,,https://www.fragrantica.com/perfume/Mythos/White-Musk-54729.html
113234,Mythos,Wild Rose,,https://www.fragrantica.com/perfume/Mythos/Wild-Rose-36858.html
113235,MZ Mariza,Amor,2024,https://www.fragrantica.com/perfume/MZ-Mariza/Amor-101447.html
113236,MZ Mariza,Chuva,2024,https://www.fragrantica.com/perfume/MZ-Mariza/Chuva-101446.html
113237,MZ Mariza,Terra,2024,https://www.fragrantica.com/perfume/MZ-Mariza/Terra-101448.html
113238,N.C.P. Olfactives,101 Clementine & Violet Flower,,https://www.fragrantica.com/perfume/N-C-P-Olfactives/101-Clementine-Violet-Flower-64508.html
113239,N.C.P. Olfactives,102 Ginger & Lime,,https://www.fragrantica.com/perfume/N-C-P-Olfactives/102-Ginger-Lime-64515.html
113240,N.C.P. Olfactives,201 Apple & Driftwood,,https://www.fragrantica.com/perfume/N-C-P-Olfactives/201-Apple-Driftwood-64509.html
113241,N.C.P. Olfactives,301 Jasmine & Sandalwood,,https://www.fragrantica.com/perfume/N-C-P-Olfactives/301-Jasmine-Sandalwood-64510.html
113242,N.C.P. Olfactives,401 Lavender & Juniper,,https://www.fragrantica.com/perfume/N-C-P-Olfactives/401-Lavender-Juniper-64511.html
113243,N.C.P. Olfactives,501 Iris & Vanilla,,https://www.fragrantica.com/perfume/N-C-P-Olfactives/501-Iris-Vanilla-64512.html
113244,N.C.P. Olfactives,502 Orange Blossom & Caramel,,https://www.fragrantica.com/perfume/N-C-P-Olfactives/502-Orange-Blossom-Caramel-114292.html
113245,N.C.P. Olfactives,601 Amber & Gaiacwood,,https://www.fragrantica.com/perfume/N-C-P-Olfactives/601-Amber-Gaiacwood-64513.html
113246,N.C.P. Olfactives,602 Sandalwood & Cedarwood,,https://www.fragrantica.com/perfume/N-C-P-Olfactives/602-Sandalwood-Cedarwood-64516.html
113247,N.C.P. Olfactives,701 Leather & Vetiver,,https://www.fragrantica.com/perfume/N-C-P-Olfactives/701-Leather-Vetiver-64514.html
113248,N.C.P. Olfactives,702 Musk & Amber,,https://www.fragrantica.com/perfume/N-C-P-Olfactives/702-Musk-Amber-64517.html
113249,N.C.P. Olfactives,703 Tonka Bean & Moka,,https://www.fragrantica.com/perfume/N-C-P-Olfactives/703-Tonka-Bean-Moka-64518.html
113250,N.C.P. Olfactives,704 Incense & Musk,,https://www.fragrantica.com/perfume/N-C-P-Olfactives/704-Incense-Musk-64519.html
113251,N.C.P. Olfactives,705 Leather & Oud,,https://www.fragrantica.com/perfume/N-C-P-Olfactives/705-Leather-Oud-64520.html
113252,N.C.P. Olfactives,706 Saffron & Oud,,https://www.fragrantica.com/perfume/N-C-P-Olfactives/706-Saffron-Oud-64521.html
113253,N.C.P. Olfactives,707 Oud & Patchouly,,https://www.fragrantica.com/perfume/N-C-P-Olfactives/707-Oud-Patchouly-64522.html
113254,N-Cigale,Black Lavender,2015,https://www.fragrantica.com/perfume/N-Cigale/Black-Lavender-31851.html
113255,N-Cigale,Figue Fresh,2015,https://www.fragrantica.com/perfume/N-Cigale/Figue-Fresh-31869.html
113256,N-Cigale,Figue Orientale,2015,https://www.fragrantica.com/perfume/N-Cigale/Figue-Orientale-31868.html
113257,N-Cigale,Lavande Velours,2015,https://www.fragrantica.com/perfume/N-Cigale/Lavande-Velours-31867.html
113258,N-Cigale,Pin des Calanques,2015,https://www.fragrantica.com/perfume/N-Cigale/Pin-des-Calanques-31870.html
113259,N-Cigale,Pin Mystic,2015,https://www.fragrantica.com/perfume/N-Cigale/Pin-Mystic-31871.html
113260,N10S,Dark Incense,2025,https://www.fragrantica.com/perfume/N10S/Dark-Incense-134075.html
113261,N10S,Fougère Elixir,2025,https://www.fragrantica.com/perfume/N10S/Fougere-Elixir-134077.html
113262,N10S,Green Zest,2025,https://www.fragrantica.com/perfume/N10S/Green-Zest-134076.html
113263,N10S,Iso E Yuzu,2025,https://www.fragrantica.com/perfume/N10S/Iso-E-Yuzu-134080.html
113264,N10S,Neroli Maté,2025,https://www.fragrantica.com/perfume/N10S/Neroli-Mate-134079.html
113265,N10S,Peach Suede,2025,https://www.fragrantica.com/perfume/N10S/Peach-Suede-134081.html
113266,N10S,Silent Bloom,2025,https://www.fragrantica.com/perfume/N10S/Silent-Bloom-134074.html
113267,N10S,Velvet Gaïac,2025,https://www.fragrantica.com/perfume/N10S/Velvet-Gaiac-134078.html
113268,N10Z Intense,Leather,2012,https://www.fragrantica.com/perfume/N10Z-Intense/Leather-16521.html
113269,N10Z Intense,Masculinity by Intense,2009,https://www.fragrantica.com/perfume/N10Z-Intense/Masculinity-by-Intense-8671.html
113270,N10Z Intense,TEN by Intense,1999,https://www.fragrantica.com/perfume/N10Z-Intense/TEN-by-Intense-8672.html
113271,Na Nin,Amber & White Tea,2023,https://www.fragrantica.com/perfume/Na-Nin/Amber-White-Tea-89344.html
113272,Na Nin,Black Pepper & Cedarwood,2023,https://www.fragrantica.com/perfume/Na-Nin/Black-Pepper-Cedarwood-89341.html
113273,Na Nin,Cannabis & Opium Den,2023,https://www.fragrantica.com/perfume/Na-Nin/Cannabis-Opium-Den-89340.html
113274,Na Nin,Cedar & Santal,2023,https://www.fragrantica.com/perfume/Na-Nin/Cedar-Santal-89345.html
113275,Na Nin,Cripple Creek,,https://www.fragrantica.com/perfume/Na-Nin/Cripple-Creek-41417.html
113276,Na Nin,Dark Neroli & Lotus Flower,2023,https://www.fragrantica.com/perfume/Na-Nin/Dark-Neroli-Lotus-Flower-89342.html
113277,Na Nin,Drifter,,https://www.fragrantica.com/perfume/Na-Nin/Drifter-41414.html
113278,Na Nin,Farewell,,https://www.fragrantica.com/perfume/Na-Nin/Farewell-41413.html
113279,Na Nin,Jolene,,https://www.fragrantica.com/perfume/Na-Nin/Jolene-41415.html
113280,Na Nin,Landslide,,https://www.fragrantica.com/perfume/Na-Nin/Landslide-41412.html
113281,Na Nin,Palo Santo & Desert Rose,2023,https://www.fragrantica.com/perfume/Na-Nin/Palo-Santo-Desert-Rose-89338.html
113282,Na Nin,Smokey Oud & Tobacco Rose,2023,https://www.fragrantica.com/perfume/Na-Nin/Smokey-Oud-Tobacco-Rose-89343.html
113283,Na Nin,Willin',,https://www.fragrantica.com/perfume/Na-Nin/Willin-41416.html
113284,Nabeel,Aaber Sabeel,,https://www.parfumo.com/Perfumes/Nabeel/Aaber_Sabeel
113285,Nabeel,Aafu,2022,https://www.fragrantica.com/perfume/Nabeel/Aafu-77549.html
113286,Nabeel,Aaz Al Nas,,https://www.parfumo.com/Perfumes/Nabeel/Aaz_Al_Nas
113287,Nabeel,Acqua di Nabeel,2022,https://www.fragrantica.com/perfume/Nabeel/Acqua-di-Nabeel-77538.html
113288,Nabeel,Acqua di Nabeel Absolute,2024,https://www.fragrantica.com/perfume/Nabeel/Acqua-di-Nabeel-Absolute-112883.html
113289,Nabeel,Afdak,,https://www.fragrantica.com/perfume/Nabeel/Afdak-39127.html
113290,Nabeel,Ahlam Wardiyah,,https://www.parfumo.com/Perfumes/Nabeel/Ahlam_Wardiyah
113291,Nabeel,Ahubbak Maut,,https://www.fragrantica.com/perfume/Nabeel/Ahubbak-Maut-20951.html
113292,Nabeel,Ajoob,,https://www.fragrantica.com/perfume/Nabeel/Ajoob-117067.html
113293,Nabeel,Ajyal,,https://www.parfumo.com/Perfumes/Nabeel/Ajyal
113294,Nabeel,Al Amakin,,https://www.fragrantica.com/perfume/Nabeel/Al-Amakin-39265.html
113295,Nabeel,Al Bashiq,2022,https://www.fragrantica.com/perfume/Nabeel/Al-Bashiq-77553.html
113296,Nabeel,Al Bashiq Sama,2024,https://www.fragrantica.com/perfume/Nabeel/Al-Bashiq-Sama-93424.html
113297,Nabeel,Al Ghadeer,,https://www.fragrantica.com/perfume/Nabeel/Al-Ghadeer-40534.html
113298,Nabeel,Al Hajar Al Aswad,,https://www.parfumo.com/Perfumes/Nabeel/Al_Hajar_Al_Aswad
113299,Nabeel,Al Hajes,,https://www.fragrantica.com/perfume/Nabeel/Al-Hajes-35782.html
113300,Nabeel,Al Sharqia,,https://www.parfumo.com/Perfumes/Nabeel/Al_Sharqia
113301,Nabeel,Al Watani,,https://www.parfumo.com/Perfumes/Nabeel/Al_Watani
113302,Nabeel,Ala Baali,,https://www.fragrantica.com/perfume/Nabeel/Ala-Baali-20925.html
113303,Nabeel,Alya,2018,https://www.fragrantica.com/perfume/Nabeel/Alya-63346.html
113304,Nabeel,Amirat Al Gharam,,https://www.fragrantica.com/perfume/Nabeel/Amirat-Al-Gharam-20956.html
113305,Nabeel,Anar,,https://www.fragrantica.com/perfume/Nabeel/Anar-110770.html
113306,Nabeel,Antar,2022,https://www.fragrantica.com/perfume/Nabeel/Antar-77543.html
113307,Nabeel,Arab Tradition,2018,https://www.fragrantica.com/perfume/Nabeel/Arab-Tradition-20955.html
113308,Nabeel,Arbab,,https://www.parfumo.com/Perfumes/Nabeel/Arbab
113309,Nabeel,Areej,2024,https://www.fragrantica.com/perfume/Nabeel/Areej-96589.html
113310,Nabeel,Asateer,2023,https://www.fragrantica.com/perfume/Nabeel/Asateer-81484.html
113311,Nabeel,Asateer Ruaa,2024,https://www.fragrantica.com/perfume/Nabeel/Asateer-Ruaa-93430.html
113312,Nabeel,Aseer Al Shawq Bronze,,https://www.fragrantica.com/perfume/Nabeel/Aseer-Al-Shawq-Bronze-20941.html
113313,Nabeel,Aseer Al Shawq Silver,,https://www.fragrantica.com/perfume/Nabeel/Aseer-Al-Shawq-Silver-20940.html
113314,Nabeel,Ashjan,,https://www.fragrantica.com/perfume/Nabeel/Ashjan-40533.html
113315,Nabeel,Attar Full (Perfume Oil),2018,https://www.fragrantica.com/perfume/Nabeel/Attar-Full-61537.html
113316,Nabeel,Baheej,,https://www.fragrantica.com/perfume/Nabeel/Baheej-20936.html
113317,Nabeel,Bahi,2025,https://www.fragrantica.com/perfume/Nabeel/Bahi-116213.html
113318,Nabeel,Bakhoor Adam,,https://www.parfumo.com/Perfumes/Nabeel/Bakhoor_Adam
113319,Nabeel,Bankam,2024,https://www.fragrantica.com/perfume/Nabeel/Bankam-93423.html
113320,Nabeel,Bergamot,2016,https://www.fragrantica.com/perfume/Nabeel/Bergamot-38520.html
113321,Nabeel,Birwaz,,https://www.fragrantica.com/perfume/Nabeel/Birwaz-110768.html
113322,Nabeel,Birwaz Fidhi,2025,https://www.fragrantica.com/perfume/Nabeel/Birwaz-Fidhi-139676.html
113323,Nabeel,Black O Man,,https://www.fragrantica.com/perfume/Nabeel/Black-O-Man-20954.html
113324,Nabeel,Black Sand,,https://www.parfumo.com/Perfumes/Nabeel/Black_Sand
113325,Nabeel,Bois,,https://www.fragrantica.com/perfume/Nabeel/Bois-139677.html
113326,Nabeel,Bold Woman,,https://www.fragrantica.com/perfume/Nabeel/Bold-Woman-34312.html
113327,Nabeel,Call Me,,https://www.fragrantica.com/perfume/Nabeel/Call-Me-20918.html
113328,Nabeel,Chocolate Oud,,https://www.parfumo.com/Perfumes/Nabeel/Chocolate_Oud
113329,Nabeel,Christina,,https://www.fragrantica.com/perfume/Nabeel/Christina-44698.html
113330,Nabeel,Cinderella,,https://www.fragrantica.com/perfume/Nabeel/Cinderella-39128.html
113331,Nabeel,City Girl,,https://www.parfumo.com/Perfumes/Nabeel/City_Girl
113332,Nabeel,Crown Of Emirates,2023,https://www.fragrantica.com/perfume/Nabeel/Crown-Of-Emirates-81486.html
113333,Nabeel,Crown Of Emirates Rouge,2024,https://www.fragrantica.com/perfume/Nabeel/Crown-Of-Emirates-Rouge-93429.html
113334,Nabeel,Dahn Al Oud Amiri,2022,https://www.fragrantica.com/perfume/Nabeel/Dahn-Al-Oud-Amiri-116212.html
113335,Nabeel,Dahn Al Oud Hindi,2018,https://www.fragrantica.com/perfume/Nabeel/Dahn-Al-Oud-Hindi-63339.html
113336,Nabeel,Dan Dana,2022,https://www.fragrantica.com/perfume/Nabeel/Dan-Dana-77542.html
113337,Nabeel,Dastoor,,https://www.parfumo.com/Perfumes/Nabeel/Dastoor
113338,Nabeel,Desert Leather,2022,https://www.fragrantica.com/perfume/Nabeel/Desert-Leather-77544.html
113339,Nabeel,Desert Oud,,https://www.parfumo.com/Perfumes/Nabeel/Desert_Oud
113340,Nabeel,Dibaj,2025,https://www.fragrantica.com/perfume/Nabeel/Dibaj-110769.html
113341,Nabeel,Diyafa,,https://www.parfumo.com/Perfumes/Nabeel/Diyafa
113342,Nabeel,Dubai - Abraj Nabeel 2015 Eau de Parfum,2015,https://www.parfumo.com/Perfumes/Nabeel/dubai-abraj-eau-de-parfum
113343,Nabeel,Dubai - Abraj Nabeel Pure Perfume Oil,,https://www.parfumo.com/Perfumes/Nabeel/dubai-abraj-pure-perfume-oil
113344,Nabeel,Dubai - Ajyal,2023,https://www.parfumo.com/Perfumes/Nabeel/dubai-ajyal
113345,Nabeel,Dubai - Bahar Nabeel 2015 Eau de Parfum,2015,https://www.parfumo.com/Perfumes/Nabeel/dubai-bahar-eau-de-parfum
113346,Nabeel,Dubai - Bahar Nabeel Pure Perfume Oil,,https://www.parfumo.com/Perfumes/Nabeel/dubai-bahar-pure-perfume-oil
113347,Nabeel,Dubai - Fakhama,2016,https://www.parfumo.com/Perfumes/Nabeel/dubai-fakhama
113348,Nabeel,Dubai - Majalis,2016,https://www.parfumo.com/Perfumes/Nabeel/dubai-majalis
113349,Nabeel,Dubai - Meydan Nabeel 2015 Eau de Parfum,2015,https://www.parfumo.com/Perfumes/Nabeel/dubai-meydan-eau-de-parfum
113350,Nabeel,Dubai - Meydan Nabeel Pure Perfume Oil,,https://www.parfumo.com/Perfumes/Nabeel/dubai-meydan-pure-perfume-oil
113351,Nabeel,Dubai - Oud,2015,https://www.parfumo.com/Perfumes/Nabeel/dubai-oud
113352,Nabeel,Dubai - Rimal Nabeel 2015 Eau de Parfum,2015,https://www.parfumo.com/Perfumes/Nabeel/dubai-rimal-eau-de-parfum
113353,Nabeel,Dubai - Rimal Nabeel Pure Perfume Oil,,https://www.parfumo.com/Perfumes/Nabeel/dubai-rimal-pure-perfume-oil
113354,Nabeel,Dubai - Roeya,2022,https://www.parfumo.com/Perfumes/Nabeel/dubai-roeya
113355,Nabeel,Dubai - Turath,,https://www.parfumo.com/Perfumes/Nabeel/the-spirit-of-dubai-turath
113356,Nabeel,Ehtifal,,https://www.parfumo.com/Perfumes/Nabeel/Ehtifal
113357,Nabeel,Elite Collection - Marble,,https://www.parfumo.com/Perfumes/Nabeel/Elite_Collection__Marble
113358,Nabeel,Elite Collection - Touch Black,,https://www.parfumo.com/Perfumes/Nabeel/Elite_Collection__Touch_Black
113359,Nabeel,Elite Collection - Touch Gold,,https://www.parfumo.com/Perfumes/Nabeel/Elite_Collection__Touch_Gold
113360,Nabeel,Elite Collection - Touch Maroon,,https://www.parfumo.com/Perfumes/Nabeel/Elite_Collection__Touch_Maroon
113361,Nabeel,Emperor,,https://www.parfumo.com/Perfumes/Nabeel/Emperor
113362,Nabeel,Empress,,https://www.fragrantica.com/perfume/Nabeel/Empress-44514.html
113363,Nabeel,Essence de Acqua,,https://www.parfumo.com/Perfumes/Nabeel/Essence_de_Acqua
113364,Nabeel,Etisalbi,,https://www.fragrantica.com/perfume/Nabeel/Etisalbi-39371.html
113365,Nabeel,Farfesha,,https://www.parfumo.com/Perfumes/Nabeel/Farfesha
113366,Nabeel,Fazza Al Gharam,,https://www.parfumo.com/Perfumes/Nabeel/Fazza_Al_Gharam
113367,Nabeel,Fazza Al Ghram,,https://www.fragrantica.com/perfume/Nabeel/Fazza-Al-Ghram-20949.html
113368,Nabeel,Fudge,,https://www.fragrantica.com/perfume/Nabeel/Fudge-110771.html
113369,Nabeel,Fulad,2023,https://www.fragrantica.com/perfume/Nabeel/Fulad-81485.html
113370,Nabeel,Fulad Azm,2024,https://www.fragrantica.com/perfume/Nabeel/Fulad-Azm-93425.html
113371,Nabeel,Ghanati,,https://www.parfumo.com/Perfumes/Nabeel/Ghanati
113372,Nabeel,Ghershoob,2012,https://www.fragrantica.com/perfume/Nabeel/Ghershoob-20943.html
113373,Nabeel,Glance,,https://www.parfumo.com/Perfumes/Nabeel/Glance
113374,Nabeel,Gold 24K,2020,https://www.fragrantica.com/perfume/Nabeel/Gold-24K-96797.html
113375,Nabeel,Golden Beach,,https://www.parfumo.com/Perfumes/Nabeel/Golden_Beach
113376,Nabeel,Habibi,,https://www.parfumo.com/Perfumes/Nabeel/Habibi
113377,Nabeel,Habibi Daeeman,,https://www.parfumo.com/Perfumes/Nabeel/Habibi_Daeeman
113378,Nabeel,Habibi Lil Abad,,https://www.parfumo.com/Perfumes/Nabeel/Habibi_Lil_Abad
113379,Nabeel,Habibi Lil Abad Black,,https://www.parfumo.com/Perfumes/Nabeel/Habibi_Lil_Abad_Black
113380,Nabeel,Habibi Lil Abad Ruby,,https://www.fragrantica.com/perfume/Nabeel/Habibi-Lil-Abad-Ruby-139695.html
113381,Nabeel,Habibi Lil Abad Silver,,https://www.parfumo.com/Perfumes/Nabeel/Habibi_Lil_Abad_Silver
113382,Nabeel,Hadeel,,https://www.fragrantica.com/perfume/Nabeel/Hadeel-20921.html
113383,Nabeel,Haifa,,https://www.fragrantica.com/perfume/Nabeel/Haifa-20927.html
113384,Nabeel,Haifa Telaal,,https://www.parfumo.com/Perfumes/Nabeel/Haifa_Telaal
113385,Nabeel,Hala Bil Khamis,,https://www.parfumo.com/Perfumes/Nabeel/Hala_Bil_Khamis
113386,Nabeel,Hanuna,,https://www.fragrantica.com/perfume/Nabeel/Hanuna-20929.html
113387,Nabeel,Hawaas,,https://www.fragrantica.com/perfume/Nabeel/Hawaas-20931.html
113388,Nabeel,Hawaas Al Ghalb,,https://www.fragrantica.com/perfume/Nabeel/Hawaas-Al-Ghalb-20932.html
113389,Nabeel,Hawass Nabeel Eau de Parfum,,https://www.parfumo.com/Perfumes/Nabeel/Hawass_Eau_de_Parfum
113390,Nabeel,Haya,,https://www.parfumo.com/Perfumes/Nabeel/Haya
113391,Nabeel,Hayati,,https://www.fragrantica.com/perfume/Nabeel/Hayati-20920.html
113392,Nabeel,Helu حِلو,2023,https://www.parfumo.com/Perfumes/Nabeel/helu
113393,Nabeel,Heritage Man,,https://www.fragrantica.com/perfume/Nabeel/Heritage-Man-20938.html
113394,Nabeel,Heritage Woman,,https://www.fragrantica.com/perfume/Nabeel/Heritage-Woman-20937.html
113395,Nabeel,Hubbi,,https://www.parfumo.com/Perfumes/Nabeel/Hubbi
113396,Nabeel,Iconic Essences - Amber Nabeel Eau de Parfum,,https://www.parfumo.com/Perfumes/Nabeel/iconic-essences-amber-eau-de-parfum
113397,Nabeel,Iconic Essences - Amber Nabeel Perfume Oil,,https://www.parfumo.com/Perfumes/Nabeel/iconic-essences-amber-perfume-oil
113398,Nabeel,Iconic Essences - Arabian Musk Nabeel Eau de Parfum,,https://www.parfumo.com/Perfumes/Nabeel/iconic-essences-arabian-musk-eau-de-parfum
113399,Nabeel,Iconic Essences - Arabian Musk Nabeel Perfume Oil,,https://www.parfumo.com/Perfumes/Nabeel/iconic-essences-arabian-musk-perfume-oil
113400,Nabeel,Iconic Essences - Bergamot Nabeel 2016 Eau de Parfum,2016,https://www.parfumo.com/Perfumes/Nabeel/iconic-essences-bergamot-eau-de-parfum
113401,Nabeel,Iconic Essences - Bergamot Nabeel Perfume Oil,,https://www.parfumo.com/Perfumes/Nabeel/iconic-essences-bergamot-perfume-oil
113402,Nabeel,Iconic Essences - Oud Vetiver Nabeel Eau de Parfum,,https://www.parfumo.com/Perfumes/Nabeel/iconic-essences-oud-vetiver-eau-de-parfum
113403,Nabeel,Iconic Essences - Oud Vetiver Nabeel Perfume Oil,,https://www.parfumo.com/Perfumes/Nabeel/iconic-essences-oud-vetiver-perfume-oil
113404,Nabeel,Iconic Essences - Patchouli Nabeel Eau de Parfum,,https://www.parfumo.com/Perfumes/Nabeel/iconic-essences-patchouli-eau-de-parfum
113405,Nabeel,Iconic Essences - Patchouli Nabeel Perfume Oil,,https://www.parfumo.com/Perfumes/Nabeel/iconic-essences-patchouli-perfume-oil
113406,Nabeel,Iconic Essences - Rose Nabeel Eau de Parfum,,https://www.parfumo.com/Perfumes/Nabeel/iconic-essences-rose-eau-de-parfum
113407,Nabeel,Iconic Essences - Rose Nabeel Perfume Oil,,https://www.parfumo.com/Perfumes/Nabeel/iconic-essences-rose-perfume-oil
113408,Nabeel,Iconic Essences - Sandal Nabeel Eau de Parfum,,https://www.parfumo.com/Perfumes/Nabeel/iconic-essences-sandal-eau-de-parfum
113409,Nabeel,Iconic Essences - Sandal Nabeel Perfume Oil,,https://www.parfumo.com/Perfumes/Nabeel/iconic-essences-sandal-perfume-oil
113410,Nabeel,Illusion,,https://www.fragrantica.com/perfume/Nabeel/Illusion-41474.html
113411,Nabeel,Insaaf,,https://www.fragrantica.com/perfume/Nabeel/Insaaf-40535.html
113412,Nabeel,Insijam,,https://www.fragrantica.com/perfume/Nabeel/Insijam-40536.html
113413,Nabeel,Irth,2023,https://www.fragrantica.com/perfume/Nabeel/Irth-81487.html
113414,Nabeel,Irth Fairooz,2024,https://www.fragrantica.com/perfume/Nabeel/Irth-Fairooz-93426.html
113415,Nabeel,Irth Gold,,https://www.fragrantica.com/perfume/Nabeel/Irth-Gold-118821.html
113416,Nabeel,Jalwa,,https://www.parfumo.com/Perfumes/Nabeel/Jalwa
113417,Nabeel,Jamila,,https://www.parfumo.com/Perfumes/Nabeel/Jamila
113418,Nabeel,Jannet El Baqui,,https://www.fragrantica.com/perfume/Nabeel/Jannet-El-Baqui-20944.html
113419,Nabeel,Jannet El Baqui Original,,https://www.fragrantica.com/perfume/Nabeel/Jannet-El-Baqui-Original-20917.html
113420,Nabeel,Jannet El Firdaus,,https://www.parfumo.com/Perfumes/Nabeel/Jannet_El_Firdaus
113421,Nabeel,Jardin de Moghul,,https://www.parfumo.com/Perfumes/Nabeel/Jardin_de_Moghul
113422,Nabeel,Jarrah,2024,https://www.fragrantica.com/perfume/Nabeel/Jarrah-96584.html
113423,Nabeel,Jassar,2024,https://www.fragrantica.com/perfume/Nabeel/Jassar-96585.html
113424,Nabeel,Jaziyah,,https://www.fragrantica.com/perfume/Nabeel/Jaziyah-25655.html
113425,Nabeel,Khaltat Al Jabriya,2017,https://www.fragrantica.com/perfume/Nabeel/Khaltat-Al-Jabriya-63343.html
113426,Nabeel,Khaltat Al Shyookh (Perfume Oil),,https://www.fragrantica.com/perfume/Nabeel/Khaltat-Al-Shyookh-20924.html
113427,Nabeel,Khamis Al Uns,,https://www.parfumo.com/Perfumes/Nabeel/Khamis_Al_Uns
113428,Nabeel,Khamis Anis,,https://www.parfumo.com/Perfumes/Nabeel/Khamis_Anis
113429,Nabeel,King Of Jasmine,,https://www.fragrantica.com/perfume/Nabeel/King-Of-Jasmine-20948.html
113430,Nabeel,King Of Oudh,,https://www.fragrantica.com/perfume/Nabeel/King-Of-Oudh-20946.html
113431,Nabeel,King Of Rose,,https://www.fragrantica.com/perfume/Nabeel/King-Of-Rose-20947.html
113432,Nabeel,King Of Sandal,,https://www.fragrantica.com/perfume/Nabeel/King-Of-Sandal-20945.html
113433,Nabeel,King of Sultan,,https://www.parfumo.com/Perfumes/Nabeel/King_of_Sultan
113434,Nabeel,Kuwait,,https://www.parfumo.com/Perfumes/Nabeel/Kuwait
113435,Nabeel,Lailet Umoor,,https://www.fragrantica.com/perfume/Nabeel/Lailet-Umoor-20942.html
113436,Nabeel,Lamasat,2024,https://www.fragrantica.com/perfume/Nabeel/Lamasat-96587.html
113437,Nabeel,Lams Al Hub,,https://www.parfumo.com/Perfumes/Nabeel/Lams_Al_Hub
113438,Nabeel,Lamya,,https://www.fragrantica.com/perfume/Nabeel/Lamya-20923.html
113439,Nabeel,Layali Al Hub,,https://www.fragrantica.com/perfume/Nabeel/Layali-Al-Hub-20950.html
113440,Nabeel,Liyali Al Hilmiya,2017,https://www.fragrantica.com/perfume/Nabeel/Liyali-Al-Hilmiya-63344.html
113441,Nabeel,Ma 'Alaina,2022,https://www.fragrantica.com/perfume/Nabeel/Ma-Alaina-77541.html
113442,Nabeel,Maamul,,https://www.parfumo.com/Perfumes/Nabeel/Maamul_Nabeel
113443,Nabeel,Maamul Nabeel,,https://www.fragrantica.com/perfume/Nabeel/Maamul-Nabeel-58835.html
113444,Nabeel,Macho Man,,https://www.fragrantica.com/perfume/Nabeel/Macho-Man-41473.html
113445,Nabeel,Madhawi,,https://www.fragrantica.com/perfume/Nabeel/Madhawi-33319.html
113446,Nabeel,Madina,,https://www.parfumo.com/Perfumes/Nabeel/Madina
113447,Nabeel,Maghateer,2022,https://www.fragrantica.com/perfume/Nabeel/Maghateer-77554.html
113448,Nabeel,Maghateer Kilsa,2024,https://www.fragrantica.com/perfume/Nabeel/Maghateer-Kilsa-93428.html
113449,Nabeel,Mais,,https://www.fragrantica.com/perfume/Nabeel/Mais-40537.html
113450,Nabeel,Makh Mikh,,https://www.parfumo.com/Perfumes/Nabeel/Makh_Mikh
113451,Nabeel,Maliha,,https://www.fragrantica.com/perfume/Nabeel/Maliha-40539.html
113452,Nabeel,Mamnoon,2025,https://www.fragrantica.com/perfume/Nabeel/Mamnoon-113758.html
113453,Nabeel,Manama,,https://www.parfumo.com/Perfumes/Nabeel/Manama
113454,Nabeel,Marble,2018,https://www.fragrantica.com/perfume/Nabeel/Marble-88064.html
113455,Nabeel,Mastermind Noir,2022,https://www.fragrantica.com/perfume/Nabeel/Mastermind-Noir-77545.html
113456,Nabeel,Mastermind Rouge,2022,https://www.fragrantica.com/perfume/Nabeel/Mastermind-Rouge-77546.html
113457,Nabeel,Maziyan,,https://www.parfumo.com/Perfumes/Nabeel/maziyan
113458,Nabeel,Mijaas,2018,https://www.fragrantica.com/perfume/Nabeel/Mijaas-63341.html
113459,Nabeel,Modern,2022,https://www.fragrantica.com/perfume/Nabeel/Modern-77548.html
113460,Nabeel,Mughram Feek,,https://www.fragrantica.com/perfume/Nabeel/Mughram-Feek-20957.html
113461,Nabeel,Mumaiyaz Al,,https://www.parfumo.com/Perfumes/Nabeel/Mumaiyaz_Al_Nabeel
113462,Nabeel,Mumaiyaz Al Nabeel,,https://www.fragrantica.com/perfume/Nabeel/Mumaiyaz-Al-Nabeel-20930.html
113463,Nabeel,Musk Al Arab,,https://www.fragrantica.com/perfume/Nabeel/Musk-Al-Arab-20926.html
113464,Nabeel,Nabeel,,https://www.parfumo.com/Perfumes/Nabeel/713
113465,Nabeel,Nabeel by Nabeel,2015,https://www.fragrantica.com/perfume/Nabeel/Nabeel-by-Nabeel-47727.html
113466,Nabeel,Nabeel Noir,,https://www.parfumo.com/Perfumes/Nabeel/Nabeel_Noir
113467,Nabeel,Nader,2023,https://www.fragrantica.com/perfume/Nabeel/Nader-81489.html
113468,Nabeel,Nader Juri,2024,https://www.fragrantica.com/perfume/Nabeel/Nader-Juri-93427.html
113469,Nabeel,Nasaem (Eau de Parfum),1995,https://www.fragrantica.com/perfume/Nabeel/Nasaem-20919.html
113470,Nabeel,Nasaem Nabeel Perfume Oil,,https://www.parfumo.com/Perfumes/Nabeel/nasaem-perfume-oil
113471,Nabeel,Nejm Al Khaleej,,https://www.parfumo.com/Perfumes/Nabeel/Nejm_Al_Khaleej
113472,Nabeel,Nijood,,https://www.fragrantica.com/perfume/Nabeel/Nijood-40540.html
113473,Nabeel,Noble النُبل,2023,https://www.parfumo.com/Perfumes/Nabeel/noble
113474,Nabeel,Ocean,2023,https://www.fragrantica.com/perfume/Nabeel/Ocean-81488.html
113475,Nabeel,Ocean Blue,2024,https://www.fragrantica.com/perfume/Nabeel/Ocean-Blue-93431.html
113476,Nabeel,OMG!,,https://www.parfumo.com/Perfumes/Nabeel/OMG
113477,Nabeel,Oody Woody,2019,https://www.fragrantica.com/perfume/Nabeel/Oody-Woody-69697.html
113478,Nabeel,Oud Al Khudud,,https://www.parfumo.com/Perfumes/Nabeel/Oud_Al_Khudud
113479,Nabeel,Oud al Qasr,,https://www.parfumo.com/Perfumes/Nabeel/Oud_al_Qasr
113480,Nabeel,Oud Al Salmiya,,https://www.parfumo.com/Perfumes/Nabeel/Oud_Al_Salmiya
113481,Nabeel,Oud Bahar,,https://www.parfumo.com/Perfumes/Nabeel/Oud_Bahar
113482,Nabeel,Oud Cafu,2022,https://www.fragrantica.com/perfume/Nabeel/Oud-Cafu-77539.html
113483,Nabeel,Oud Silsila,2022,https://www.fragrantica.com/perfume/Nabeel/Oud-Silsila-77552.html
113484,Nabeel,Oud Turath,,https://www.parfumo.com/Perfumes/Nabeel/Oud_Turath
113485,Nabeel,Oudh Ghershoob,,https://www.parfumo.com/Perfumes/Nabeel/Oudh_Ghershoob
113486,Nabeel,Oudh Mubakhar,2016,https://www.parfumo.com/Perfumes/Nabeel/Oudh_Mubakhar
113487,Nabeel,Pulse of Emirates,,https://www.parfumo.com/Perfumes/Nabeel/Pulse_of_Emirates
113488,Nabeel,Pulse of the Gulf,,https://www.fragrantica.com/perfume/Nabeel/Pulse-of-the-Gulf-40541.html
113489,Nabeel,Pyramid,,https://www.fragrantica.com/perfume/Nabeel/Pyramid-40542.html
113490,Nabeel,Qasaed,2017,https://www.fragrantica.com/perfume/Nabeel/Qasaed-63345.html
113491,Nabeel,Qawafi,,https://www.fragrantica.com/perfume/Nabeel/Qawafi-40543.html
113492,Nabeel,Qisaty,2022,https://www.fragrantica.com/perfume/Nabeel/Qisaty-77551.html
113493,Nabeel,Raboob,,https://www.fragrantica.com/perfume/Nabeel/Raboob-20939.html
113494,Nabeel,Raunaq,2022,https://www.fragrantica.com/perfume/Nabeel/Raunaq-33318.html
113495,Nabeel,Rayeq,2003,https://www.parfumo.com/Perfumes/Nabeel/Rayeq
113496,Nabeel,Royal Noire,,https://www.parfumo.com/Perfumes/Nabeel/Royal_Noire
113497,Nabeel,Sa'ada,2020,https://www.fragrantica.com/perfume/Nabeel/Sa-ada-134026.html
113498,Nabeel,Sabooha,2018,https://www.fragrantica.com/perfume/Nabeel/Sabooha-63342.html
113499,Nabeel,Salalah,,https://www.parfumo.com/Perfumes/Nabeel/Salalah
113500,Nabeel,Salsabeel,,https://www.parfumo.com/Perfumes/Nabeel/Salsabeel
113501,Nabeel,Shahrezad,2016,https://www.fragrantica.com/perfume/Nabeel/Shahrezad-38521.html
113502,Nabeel,Shamsi,2020,https://www.fragrantica.com/perfume/Nabeel/Shamsi-96796.html
113503,Nabeel,Shu Hadha,,https://www.parfumo.com/Perfumes/Nabeel/Shu_Hadha
113504,Nabeel,Souq Collection - Acqua di,,https://www.parfumo.com/Perfumes/Nabeel/souq-collection-acqua-di-nabeel
113505,Nabeel,Souq Collection - Dan Dana,,https://www.parfumo.com/Perfumes/Nabeel/souq-collection-dan-dana
113506,Nabeel,Souq Collection - Ma' Alaina,,https://www.parfumo.com/Perfumes/Nabeel/souq-collection-ma-alaina
113507,Nabeel,Souq Collection - Oud Cafu,,https://www.parfumo.com/Perfumes/Nabeel/souq-collection-oud-cafu
113508,Nabeel,Souq Collection - Raunaq,,https://www.parfumo.com/Perfumes/Nabeel/souq-collection-raunaq
113509,Nabeel,Sukoon سكون,,https://www.parfumo.com/Perfumes/Nabeel/sukoon
113510,Nabeel,Sumu Man,,https://www.fragrantica.com/perfume/Nabeel/Sumu-Man-20933.html
113511,Nabeel,Sumu Woman,,https://www.fragrantica.com/perfume/Nabeel/Sumu-Woman-20934.html
113512,Nabeel,Tafaseel,2024,https://www.fragrantica.com/perfume/Nabeel/Tafaseel-96586.html
113513,Nabeel,Tagarid,2022,https://www.fragrantica.com/perfume/Nabeel/Tagarid-77547.html
113514,Nabeel,Tajebni,,https://www.fragrantica.com/perfume/Nabeel/Tajebni-22369.html
113515,Nabeel,Teef,,https://www.fragrantica.com/perfume/Nabeel/Teef-39126.html
113516,Nabeel,Telaal,,https://www.fragrantica.com/perfume/Nabeel/Telaal-20928.html
113517,Nabeel,The Spirit of Dubai - Aamal,,https://www.parfumo.com/Perfumes/Nabeel/The_Spirit_of_Dubai__Aamal
113518,Nabeel,The Spirit of Dubai - Abjar,,https://www.parfumo.com/Perfumes/Nabeel/The_Spirit_of_Dubai__Abjar
113519,Nabeel,The Spirit of Dubai - Baz,,https://www.parfumo.com/Perfumes/Nabeel/The_Spirit_of_Dubai__Baz
113520,Nabeel,The Spirit of Dubai - Diwan,,https://www.parfumo.com/Perfumes/Nabeel/The_Spirit_of_Dubai__Diwan
113521,Nabeel,The Spirit of Dubai - Durra,,https://www.parfumo.com/Perfumes/Nabeel/The_Spirit_of_Dubai__Durra
113522,Nabeel,The Spirit of Dubai - Haibah,,https://www.parfumo.com/Perfumes/Nabeel/The_Spirit_of_Dubai__Haibah
113523,Nabeel,The Spirit of Dubai - Narjesi,,https://www.parfumo.com/Perfumes/Nabeel/The_Spirit_of_Dubai__Narjesi
113524,Nabeel,The Spirit of Dubai - Shumukh,,https://www.parfumo.com/Perfumes/Nabeel/The_Spirit_of_Dubai__Shumukh
113525,Nabeel,Thrill,,https://www.parfumo.com/Perfumes/Nabeel/Thrill
113526,Nabeel,Thurayya,,https://www.parfumo.com/Perfumes/Nabeel/Thurayya
113527,Nabeel,Torfa,2020,https://www.fragrantica.com/perfume/Nabeel/Torfa-122794.html
113528,Nabeel,Touch Maroon,,https://www.fragrantica.com/perfume/Nabeel/Touch-Maroon-139678.html
113529,Nabeel,Touch Me,1995,https://www.fragrantica.com/perfume/Nabeel/Touch-Me-20922.html
113530,Nabeel,Touch Me Intense تتش مي إنتنس,2023,https://www.parfumo.com/Perfumes/Nabeel/touch-me-intense
113531,Nabeel,Touch White,,https://www.parfumo.com/Perfumes/Nabeel/Touch_White
113532,Nabeel,Trendy Collection - Dahn Al Oud دهن العود,,https://www.parfumo.com/Perfumes/Nabeel/trendy-collection-dahn-al-oud
113533,Nabeel,Ustad,,https://www.fragrantica.com/perfume/Nabeel/Ustad-20953.html
113534,Nabeel,Ustad Ala Baali / Call Me,2010,https://www.parfumo.com/Perfumes/Nabeel/Ustad_Ala_Baali_Call_Me
113535,Nabeel,Wadeema,,https://www.fragrantica.com/perfume/Nabeel/Wadeema-22368.html
113536,Nabeel,Wahaj,,https://www.fragrantica.com/perfume/Nabeel/Wahaj-20935.html
113537,Nabeel,Walhan Alaik,,https://www.parfumo.com/Perfumes/Nabeel/Walhan_Alaik
113538,Nabeel,Walhan Alaik Arabs,,https://www.fragrantica.com/perfume/Nabeel/Walhan-Alaik-Arabs-20952.html
113539,Nabeel,Worodi,2024,https://www.fragrantica.com/perfume/Nabeel/Worodi-96588.html
113540,Nabeel,Ya Ghali,,https://www.parfumo.com/Perfumes/Nabeel/Ya_Ghali
113541,Nabeel,Ya Roohi,,https://www.parfumo.com/Perfumes/Nabeel/Ya_Roohi
113542,Nabeel,Ya Umri,,https://www.parfumo.com/Perfumes/Nabeel/Ya_Umri
113543,Nabeel,Zabad Roll On Oil,,https://www.fragrantica.com/perfume/Nabeel/Zabad-Roll-On-Oil-139696.html
113544,Nabeel,Zahir,2020,https://www.fragrantica.com/perfume/Nabeel/Zahir-122789.html
113545,Nabucco,Amatys Parfum Fin,1997,https://www.fragrantica.com/perfume/Nabucco/Amatys-Parfum-Fin-11715.html
113546,Nabucco,Nabucco Parfum Fin,1997,https://www.fragrantica.com/perfume/Nabucco/Nabucco-Parfum-Fin-11714.html
113547,Nabucco,ΓΦΛ Parfum Fin,2014,https://www.fragrantica.com/perfume/Nabucco/GPHL-Parfum-Fin-26646.html
113548,Nadia Ferreira,DAMA,2025,https://www.fragrantica.com/perfume/Nadia-Ferreira/DAMA-113439.html
113549,Nadia Z,Anji Bamboo Mist,,https://www.fragrantica.com/perfume/Nadia-Z/Anji-Bamboo-Mist-39887.html
113550,Nadia Z,Camino de Azahar,,https://www.fragrantica.com/perfume/Nadia-Z/Camino-de-Azahar-39896.html
113551,Nadia Z,Camino de Azahar Oro,,https://www.fragrantica.com/perfume/Nadia-Z/Camino-de-Azahar-Oro-39903.html
113552,Nadia Z,Celestial Violet Man,,https://www.fragrantica.com/perfume/Nadia-Z/Celestial-Violet-Man-39892.html
113553,Nadia Z,Celestial Violet Woman,,https://www.fragrantica.com/perfume/Nadia-Z/Celestial-Violet-Woman-39888.html
113554,Nadia Z,Espiritu Pirata,,https://www.fragrantica.com/perfume/Nadia-Z/Espiritu-Pirata-39909.html
113555,Nadia Z,Fleur de Loukoum Day,,https://www.fragrantica.com/perfume/Nadia-Z/Fleur-de-Loukoum-Day-39906.html
113556,Nadia Z,Fleur de Loukoum Night,,https://www.fragrantica.com/perfume/Nadia-Z/Fleur-de-Loukoum-Night-39907.html
113557,Nadia Z,Japanese Spring,,https://www.fragrantica.com/perfume/Nadia-Z/Japanese-Spring-39898.html
113558,Nadia Z,Mar de Cadiz,,https://www.fragrantica.com/perfume/Nadia-Z/Mar-de-Cadiz-39895.html
113559,Nadia Z,Metamorphose Lilas Cuir,,https://www.fragrantica.com/perfume/Nadia-Z/Metamorphose-Lilas-Cuir-39905.html
113560,Nadia Z,Metamorphose Lilas Day,,https://www.fragrantica.com/perfume/Nadia-Z/Metamorphose-Lilas-Day-39908.html
113561,Nadia Z,Metamorphose Lilas Night,,https://www.fragrantica.com/perfume/Nadia-Z/Metamorphose-Lilas-Night-39893.html
113562,Nadia Z,Metamorphose Lilas Pink,,https://www.fragrantica.com/perfume/Nadia-Z/Metamorphose-Lilas-Pink-39904.html
113563,Nadia Z,Omumgorwa Walnut Day,,https://www.fragrantica.com/perfume/Nadia-Z/Omumgorwa-Walnut-Day-39902.html
113564,Nadia Z,Omumgorwa Walnut Night,,https://www.fragrantica.com/perfume/Nadia-Z/Omumgorwa-Walnut-Night-39901.html
113565,NadiaZ,Anji Bamboo Mist,2016,https://www.parfumo.com/Perfumes/NadiaZ/Anji_Bamboo_Mist
113566,NadiaZ,Camino de Azahar Man,2014,https://www.parfumo.com/Perfumes/NadiaZ/Camino_de_Azahar_Man
113567,NadiaZ,Camino de Azahar Oro Man,2015,https://www.parfumo.com/Perfumes/NadiaZ/Camino_de_Azahar_Oro_Man
113568,NadiaZ,Camino de Azahar Oro Woman,2015,https://www.parfumo.com/Perfumes/NadiaZ/Camino_de_Azahar_Oro_Woman
113569,NadiaZ,Camino de Azahar Woman,2014,https://www.parfumo.com/Perfumes/NadiaZ/Camino_de_Azahar_Woman
113570,NadiaZ,Celestial Violet Man,2015,https://www.parfumo.com/Perfumes/NadiaZ/Celestial_Violet_Man
113571,NadiaZ,Celestial Violet Woman,2014,https://www.parfumo.com/Perfumes/NadiaZ/Celestial_Violet_Woman
113572,NadiaZ,Espíritu Pirata Man,2014,https://www.parfumo.com/Perfumes/NadiaZ/Espiritu_Pirata_Man
113573,NadiaZ,Espíritu Pirata Woman,1978,https://www.parfumo.com/Perfumes/NadiaZ/Espiritu_Pirata_Woman
113574,NadiaZ,Fleur de Loukoum (Day),2015,https://www.parfumo.com/Perfumes/NadiaZ/Fleur_de_Loukoum_Day
113575,NadiaZ,Fleur de Loukoum (Night),2015,https://www.parfumo.com/Perfumes/NadiaZ/Fleur_de_Loukoum_Night
113576,NadiaZ,Japanese Spring Man,2015,https://www.parfumo.com/Perfumes/NadiaZ/Japanese_Spring_Man
113577,NadiaZ,Japanese Spring Woman,2014,https://www.parfumo.com/Perfumes/NadiaZ/Japanese_Spring_Woman
113578,NadiaZ,Magnolia Night Ode to Gobi Unisex,2017,https://www.parfumo.com/Perfumes/NadiaZ/Magnolia_Night_Ode_to_Gobi_Unisex
113579,NadiaZ,Mar de Cadiz Man,2014,https://www.parfumo.com/Perfumes/NadiaZ/Mar_de_Cadiz_Man
113580,NadiaZ,Mar de Cadiz Unisex,2014,https://www.parfumo.com/Perfumes/NadiaZ/Mar_de_Cadiz_Unisex
113581,NadiaZ,Métamorphose Lilas Cuir Unisex,,https://www.parfumo.com/Perfumes/NadiaZ/Metamorphose_Lilas_Cuir_Unisex
113582,NadiaZ,Métamorphose Lilas (Day) Woman,2014,https://www.parfumo.com/Perfumes/NadiaZ/Metamorphose_Lilas_Day_Woman
113583,Naf Naf,Crazy Drop,2021,https://www.parfumo.com/Perfumes/Naf_Naf/crazy-drop
113584,Naf Naf,Expression,2001,https://www.parfumo.com/Perfumes/Naf_Naf/Expression
113585,Naf Naf,Fairy Juice,2011,https://www.parfumo.com/Perfumes/Naf_Naf/Fairy_Juice
113586,Naf Naf,Fairy Juice Blue,2013,https://www.parfumo.com/Perfumes/Naf_Naf/Fairy_Juice_Blue
113587,Naf Naf,Fairy Juice Green,2015,https://www.parfumo.com/Perfumes/Naf_Naf/Fairy_Juice_Green
113588,Naf Naf,Fairy Juice Pink,2013,https://www.parfumo.com/Perfumes/Naf_Naf/Fairy_Juice_Pink
113589,Naf Naf,Fashion Instinct,2009,https://www.parfumo.com/Perfumes/Naf_Naf/Fashion_Instinct
113590,Naf Naf,Graffiti Vanilla,1995,https://www.parfumo.com/Perfumes/Naf_Naf/Graffiti_Vanilla
113591,Naf Naf,Hello Paradise,2021,https://www.parfumo.com/Perfumes/Naf_Naf/hello-paradise
113592,Naf Naf,Magic Fizz,2021,https://www.parfumo.com/Perfumes/Naf_Naf/magic-fizz
113593,Naf Naf,Magnetic Kiss,2021,https://www.parfumo.com/Perfumes/Naf_Naf/magnetic-kiss
113594,Naf Naf,Naf Naf,2007,https://www.parfumo.com/Perfumes/Naf_Naf/NafNaf
113595,Naf Naf,Naf Naf Too...,2008,https://www.parfumo.com/Perfumes/Naf_Naf/Naf_Naf_Too___
113596,Naf Naf,Spicy Rose,2021,https://www.parfumo.com/Perfumes/Naf_Naf/spicy-rose
113597,Naf Naf,Une Touche de Naf Naf Naf Naf 1991 Eau de Toilette,1991,https://www.parfumo.com/Perfumes/Naf_Naf/Une_Touche_de_Naf_Naf
113598,Naf Naf,Une Touche de Naf Naf Naf Naf Eau Fraîche,,https://www.parfumo.com/Perfumes/Naf_Naf/Une_Touche_de_NafNaf_Eau_Fraiche
113599,NafNaf,Crazy Drop,2021,https://www.fragrantica.com/perfume/NafNaf/Crazy-Drop-70712.html
113600,NafNaf,Expression,2001,https://www.fragrantica.com/perfume/NafNaf/Expression-11002.html
113601,NafNaf,Fairy Juice,2011,https://www.fragrantica.com/perfume/NafNaf/Fairy-Juice-12630.html
113602,NafNaf,Fairy Juice Blue,2013,https://www.fragrantica.com/perfume/NafNaf/Fairy-Juice-Blue-20794.html
113603,NafNaf,Fairy Juice Green,2015,https://www.fragrantica.com/perfume/NafNaf/Fairy-Juice-Green-32939.html
113604,NafNaf,Fairy Juice Pink,2013,https://www.fragrantica.com/perfume/NafNaf/Fairy-Juice-Pink-20791.html
113605,NafNaf,Fashion Instinct,2009,https://www.fragrantica.com/perfume/NafNaf/Fashion-Instinct-8268.html
113606,NafNaf,Graffiti Vanilla,,https://www.fragrantica.com/perfume/NafNaf/Graffiti-Vanilla-7881.html
113607,NafNaf,Hello Paradise,2021,https://www.fragrantica.com/perfume/NafNaf/Hello-Paradise-70710.html
113608,NafNaf,Magic Fizz,2021,https://www.fragrantica.com/perfume/NafNaf/Magic-Fizz-70709.html
113609,NafNaf,Magnetic Kiss,2021,https://www.fragrantica.com/perfume/NafNaf/Magnetic-Kiss-70711.html
113610,NafNaf,NafNaf,2007,https://www.fragrantica.com/perfume/NafNaf/NafNaf-2142.html
113611,NafNaf,NafNaf Too...,2008,https://www.fragrantica.com/perfume/NafNaf/NafNaf-Too-2870.html
113612,NafNaf,Spicy Rose,2021,https://www.fragrantica.com/perfume/NafNaf/Spicy-Rose-70708.html
113613,NafNaf,Une Touche de Naf Naf,1991,https://www.fragrantica.com/perfume/NafNaf/Une-Touche-de-Naf-Naf-2718.html
113614,Nahélie Sweden,N,2023,https://www.fragrantica.com/perfume/Nahelie-Sweden/N-110526.html
113615,Nahélie Sweden,W,,https://www.fragrantica.com/perfume/Nahelie-Sweden/W-110527.html
113616,Nahualli,Akoat,2024,https://www.fragrantica.com/perfume/Nahualli/Akoat-101795.html
113617,Nahualli,Black Mikki,2024,https://www.fragrantica.com/perfume/Nahualli/Black-Mikki-101797.html
113618,Nahualli,Charro Negro,2023,https://www.fragrantica.com/perfume/Nahualli/Charro-Negro-90136.html
113619,Nahualli,Kuautem,2024,https://www.fragrantica.com/perfume/Nahualli/Kuautem-101796.html
113620,Nahualli,Yaguar,2024,https://www.fragrantica.com/perfume/Nahualli/Yaguar-101798.html
113621,Naiada Secrets,Acqua Della Nonna,,https://www.fragrantica.com/perfume/Naiada-Secrets/Acqua-Della-Nonna-50578.html
113622,Naiada Secrets,Countryside,2014,https://www.fragrantica.com/perfume/Naiada-Secrets/Countryside-50581.html
113623,Naiada Secrets,Forest,2014,https://www.fragrantica.com/perfume/Naiada-Secrets/Forest-50580.html
113624,Naiada Secrets,Wild Flowers,2014,https://www.fragrantica.com/perfume/Naiada-Secrets/Wild-Flowers-50579.html
113625,Naj Oleari,Naj-Oleari,1999,https://www.fragrantica.com/perfume/Naj-Oleari/Naj-Oleari-9805.html
113626,Naj Oleari,Naj-Oleari (Vintage Edition),1988,https://www.fragrantica.com/perfume/Naj-Oleari/Naj-Oleari-Vintage-Edition-102993.html
113627,Naj Perfum,Ambergris,2023,https://www.fragrantica.com/perfume/Naj-Perfum/Ambergris-88426.html
113628,Naj Perfum,Naj,2024,https://www.fragrantica.com/perfume/Naj-Perfum/Naj-92404.html
113629,Naj Perfum,Quaint,2023,https://www.fragrantica.com/perfume/Naj-Perfum/Quaint-88427.html
113630,Naj Perfum,White Tulip,2024,https://www.fragrantica.com/perfume/Naj-Perfum/White-Tulip-92403.html
113631,NAKT,Afterhour,2023,https://www.fragrantica.com/perfume/NAKT/Afterhour-79698.html
113632,Nakuna Helsinki,Avanto,2020,https://www.fragrantica.com/perfume/Nakuna-Helsinki/Avanto-59511.html
113633,Nakuna Helsinki,Iho,2020,https://www.fragrantica.com/perfume/Nakuna-Helsinki/Iho-59509.html
113634,Nakuna Helsinki,Mittumaari,2020,https://www.fragrantica.com/perfume/Nakuna-Helsinki/Mittumaari-59510.html
113635,Nakuna Helsinki,Musta,2020,https://www.fragrantica.com/perfume/Nakuna-Helsinki/Musta-59513.html
113636,Nakuna Helsinki,Ralli,2020,https://www.fragrantica.com/perfume/Nakuna-Helsinki/Ralli-59512.html
113637,NALA 28,Adouna,,https://www.fragrantica.com/perfume/NALA-28/Adouna-114620.html
113638,NALA 28,Intense,,https://www.fragrantica.com/perfume/NALA-28/Intense-114622.html
113639,NALA 28,Kami,,https://www.fragrantica.com/perfume/NALA-28/Kami-114621.html
113640,NAMESAKE FRAGRANCE,ALPINE WILDFLOWER,2019,https://www.fragrantica.com/perfume/NAMESAKE-FRAGRANCE/ALPINE-WILDFLOWER-89948.html
113641,NAMESAKE FRAGRANCE,GERANIUM GREENHOUSE,2018,https://www.fragrantica.com/perfume/NAMESAKE-FRAGRANCE/GERANIUM-GREENHOUSE-89945.html
113642,NAMESAKE FRAGRANCE,HARBOR SAWMILL,2018,https://www.fragrantica.com/perfume/NAMESAKE-FRAGRANCE/HARBOR-SAWMILL-89946.html
113643,NAMESAKE FRAGRANCE,LABDANUM SPICE,2019,https://www.fragrantica.com/perfume/NAMESAKE-FRAGRANCE/LABDANUM-SPICE-89947.html
113644,NAMESAKE FRAGRANCE,TEA ROSE NOVELLA,2018,https://www.fragrantica.com/perfume/NAMESAKE-FRAGRANCE/TEA-ROSE-NOVELLA-89944.html
113645,NAMESAKE FRAGRANCE,TOBACCO STABLES,2018,https://www.fragrantica.com/perfume/NAMESAKE-FRAGRANCE/TOBACCO-STABLES-89943.html
113646,Namir Style & Scent,Namir,,https://www.fragrantica.com/perfume/Namir-Style-Scent/Namir-141737.html
113647,Namos,Belao,2026,https://www.fragrantica.com/perfume/Namos/Belao-136284.html
113648,Namos,Fengari,2024,https://www.fragrantica.com/perfume/Namos/Fengari-122059.html
113649,Namos,Irida,2024,https://www.fragrantica.com/perfume/Namos/Irida-122060.html
113650,Namos,Thaleia,2026,https://www.fragrantica.com/perfume/Namos/Thaleia-136285.html
113651,NANA.M,Poudre de Reve,2015,https://www.fragrantica.com/perfume/NANA-M/Poudre-de-Reve-32502.html
113652,NANA.M,Reve de Sensualite,2015,https://www.fragrantica.com/perfume/NANA-M/Reve-de-Sensualite-32503.html
113653,NANA.M,Reve Erotique,2015,https://www.fragrantica.com/perfume/NANA-M/Reve-Erotique-32519.html
113654,NANA.M,Reve Fou,2015,https://www.fragrantica.com/perfume/NANA-M/Reve-Fou-32500.html
113655,NANA.M,Reve Piquant,2015,https://www.fragrantica.com/perfume/NANA-M/Reve-Piquant-32504.html
113656,NANA.M,Reve Romantique,2015,https://www.fragrantica.com/perfume/NANA-M/Reve-Romantique-32505.html
113657,NANA.M,Reve Royal,2015,https://www.fragrantica.com/perfume/NANA-M/Reve-Royal-32518.html
113658,NANA.M,"Une Ile, un Reve",2015,https://www.fragrantica.com/perfume/NANA-M/Une-Ile-un-Reve-32520.html
113659,NANADEBARY,Bronze,2000,https://www.fragrantica.com/perfume/NANADEBARY/Bronze-9607.html
113660,NANADEBARY,Classic Pink,,https://www.fragrantica.com/perfume/NANADEBARY/Classic-Pink-9605.html
113661,NANADEBARY,Green,2000,https://www.fragrantica.com/perfume/NANADEBARY/Green-9606.html
113662,NaNaNaa,01 Vintage Frangipanii - Frangipani flower & Sandalwood,,https://www.fragrantica.com/perfume/NaNaNaa/01-Vintage-Frangipanii-Frangipani-flower-Sandalwood-110752.html
113663,NaNaNaa,02 Mahagonate - Wood & Honey,,https://www.fragrantica.com/perfume/NaNaNaa/02-Mahagonate-Wood-Honey-110753.html
113664,NaNaNaa,03 Flesh and Fruit - Cumin & Cherry,2023,https://www.fragrantica.com/perfume/NaNaNaa/03-Flesh-and-Fruit-Cumin-Cherry-110754.html
113665,NaNaNaa,05 Balobashāā - Osmanthus & Matcha & Tea,,https://www.fragrantica.com/perfume/NaNaNaa/05-Balobashaa-Osmanthus-Matcha-Tea-110755.html
113666,NaNaNaa,07 Golden Amber - Incense & spice,,https://www.fragrantica.com/perfume/NaNaNaa/07-Golden-Amber-Incense-spice-110756.html
113667,NaNaNaa,08 Soft - Elemi Resinoide & Ambreine & Anise,,https://www.fragrantica.com/perfume/NaNaNaa/08-Soft-Elemi-Resinoide-Ambreine-Anise-110757.html
113668,NaNaNaa,11 Inaii - Lychee & Rose,,https://www.fragrantica.com/perfume/NaNaNaa/11-Inaii-Lychee-Rose-110758.html
113669,NaNaNaa,15 Nojāā - Resinous Amber & Jasmin,,https://www.fragrantica.com/perfume/NaNaNaa/15-Nojaa-Resinous-Amber-Jasmin-110759.html
113670,NaNaNaa,18 Solar - Heat and cold unite,,https://www.fragrantica.com/perfume/NaNaNaa/18-Solar-Heat-and-cold-unite-110760.html
113671,NaNaNaa,20 Salii - Sage & Midnight Summer,,https://www.fragrantica.com/perfume/NaNaNaa/20-Salii-Sage-Midnight-Summer-110761.html
113672,NaNaNaa,22 Rosa Davana - Sandalwood & Rose,,https://www.fragrantica.com/perfume/NaNaNaa/22-Rosa-Davana-Sandalwood-Rose-110762.html
113673,Nancy Meiland Parfums,Aquilaria,2014,https://www.fragrantica.com/perfume/Nancy-Meiland-Parfums/Aquilaria-37183.html
113674,Nancy Meiland Parfums,Églantier,2017,https://www.fragrantica.com/perfume/Nancy-Meiland-Parfums/Eglantier-67706.html
113675,Nancy Meiland Parfums,Fiori,,https://www.fragrantica.com/perfume/Nancy-Meiland-Parfums/Fiori-121306.html
113676,Nancy Meiland Parfums,Gaia,2020,https://www.fragrantica.com/perfume/Nancy-Meiland-Parfums/Gaia-121307.html
113677,Nancy Meiland Parfums,Illuminé,2014,https://www.fragrantica.com/perfume/Nancy-Meiland-Parfums/Illumine-37182.html
113678,Nancy Meiland Parfums,Iris Nebula,2025,https://www.fragrantica.com/perfume/Nancy-Meiland-Parfums/Iris-Nebula-119662.html
113679,Nancy Meiland Parfums,Jasmine Sacré,,https://www.fragrantica.com/perfume/Nancy-Meiland-Parfums/Jasmine-Sacre-121304.html
113680,Nancy Meiland Parfums,Kabosu,2023,https://www.fragrantica.com/perfume/Nancy-Meiland-Parfums/Kabosu-121305.html
113681,Nancy Meiland Parfums,Lupin Meadow,2024,https://www.fragrantica.com/perfume/Nancy-Meiland-Parfums/Lupin-Meadow-121303.html
113682,Nancy Meiland Parfums,Rosier,2014,https://www.fragrantica.com/perfume/Nancy-Meiland-Parfums/Rosier-37184.html
113683,Nancy Meiland Parfums,Sofia,,https://www.fragrantica.com/perfume/Nancy-Meiland-Parfums/Sofia-121308.html
113684,Nancy Meiland Parfums,Sous Bois,2019,https://www.fragrantica.com/perfume/Nancy-Meiland-Parfums/Sous-Bois-67705.html
113685,Nanette Lepore,Aura in bloom,2018,https://www.fragrantica.com/perfume/Nanette-Lepore/Aura-in-bloom-127887.html
113686,Nanette Lepore,Beautiful Times,2020,https://www.fragrantica.com/perfume/Nanette-Lepore/Beautiful-Times-60577.html
113687,Nanette Lepore,Beauty Abroad,2022,https://www.fragrantica.com/perfume/Nanette-Lepore/Beauty-Abroad-99530.html
113688,Nanette Lepore,Colors of Nanette,2020,https://www.fragrantica.com/perfume/Nanette-Lepore/Colors-of-Nanette-66623.html
113689,Nanette Lepore,Enchanted Flora,2021,https://www.fragrantica.com/perfume/Nanette-Lepore/Enchanted-Flora-69454.html
113690,Nanette Lepore,Enchanted Jasmine,2017,https://www.fragrantica.com/perfume/Nanette-Lepore/Enchanted-Jasmine-113371.html
113691,Nanette Lepore,Everlasting,2022,https://www.fragrantica.com/perfume/Nanette-Lepore/Everlasting-72689.html
113692,Nanette Lepore,Fiercely,,https://www.fragrantica.com/perfume/Nanette-Lepore/Fiercely-82988.html
113693,Nanette Lepore,Love Bird,2007,https://www.fragrantica.com/perfume/Nanette-Lepore/Love-Bird-2589.html
113694,Nanette Lepore,Luna,2020,https://www.fragrantica.com/perfume/Nanette-Lepore/Luna-67779.html
113695,Nanette Lepore,Nanette,2009,https://www.fragrantica.com/perfume/Nanette-Lepore/Nanette-6692.html
113696,Nanette Lepore,Nanette Lepore,2004,https://www.fragrantica.com/perfume/Nanette-Lepore/Nanette-Lepore-2590.html
113697,Nanette Lepore,Nanette Lepore (2017),2017,https://www.fragrantica.com/perfume/Nanette-Lepore/Nanette-Lepore-2017-45260.html
113698,Nanette Lepore,Ooh La La Lepore,2025,https://www.fragrantica.com/perfume/Nanette-Lepore/Ooh-La-La-Lepore-105030.html
113699,Nanette Lepore,Shanghai Butterfly,2005,https://www.fragrantica.com/perfume/Nanette-Lepore/Shanghai-Butterfly-2591.html
113700,Nanette Lepore,Soulful,2023,https://www.fragrantica.com/perfume/Nanette-Lepore/Soulful-99531.html
113701,NANHA,Musky Maracujá,2026,https://www.fragrantica.com/perfume/NANHA/Musky-Maracuja-138673.html
113702,NANHA,Orange Vetiver,2026,https://www.fragrantica.com/perfume/NANHA/Orange-Vetiver-138674.html
113703,NANHA,Sandalvanilla,2026,https://www.fragrantica.com/perfume/NANHA/Sandalvanilla-130594.html
113704,南柯记 Nankeji,北境森林,2024,https://www.fragrantica.com/perfume/nan-ke-ji-Nankeji/bei-jing-sen-lin-113562.html
113705,南柯记 Nankeji,Autumn Osmanthus 甘棠,2018,https://www.fragrantica.com/perfume/nan-ke-ji-Nankeji/Autumn-Osmanthus-gan-tang-67626.html
113706,南柯记 Nankeji,Autumn Woods 秋之森,2020,https://www.fragrantica.com/perfume/nan-ke-ji-Nankeji/Autumn-Woods-qiu-zhi-sen-67387.html
113707,南柯记 Nankeji,Bamboo Dew 竹露,2018,https://www.fragrantica.com/perfume/nan-ke-ji-Nankeji/Bamboo-Dew-zhu-lu-67385.html
113708,南柯记 Nankeji,Beaded Curtain 珠帘卷,2017,https://www.fragrantica.com/perfume/nan-ke-ji-Nankeji/Beaded-Curtain-zhu-lian-juan-67591.html
113709,南柯记 Nankeji,Bitter Orange 苦橙,2025,https://www.fragrantica.com/perfume/nan-ke-ji-Nankeji/Bitter-Orange-ku-cheng-113553.html
113710,南柯记 Nankeji,Blossoms Fall 花事了,2020,https://www.fragrantica.com/perfume/nan-ke-ji-Nankeji/Blossoms-Fall-hua-shi-le-67599.html
113711,南柯记 Nankeji,Camphor Flower 香樟花,2025,https://www.fragrantica.com/perfume/nan-ke-ji-Nankeji/Camphor-Flower-xiang-zhang-hua-113561.html
113712,南柯记 Nankeji,Caramel Coffee 焦糖咖啡,2020,https://www.fragrantica.com/perfume/nan-ke-ji-Nankeji/Caramel-Coffee-jiao-tang-ka-fei-113551.html
113713,南柯记 Nankeji,Chang’an Old Dream 长安故梦,2018,https://www.fragrantica.com/perfume/nan-ke-ji-Nankeji/Chang-an-Old-Dream-zhang-an-gu-meng-67622.html
113714,南柯记 Nankeji,Courtyard Osmanthus 庭中桂,2020,https://www.fragrantica.com/perfume/nan-ke-ji-Nankeji/Courtyard-Osmanthus-ting-zhong-gui-67598.html
113715,南柯记 Nankeji,Draw Spring 画屏春归,2020,https://www.fragrantica.com/perfume/nan-ke-ji-Nankeji/Draw-Spring-hua-ping-chun-gui-113549.html
113716,南柯记 Nankeji,Eden 伊甸园,2025,https://www.fragrantica.com/perfume/nan-ke-ji-Nankeji/Eden-yi-dian-yuan-113556.html
113717,南柯记 Nankeji,Empty Mountain 空山,2017,https://www.fragrantica.com/perfume/nan-ke-ji-Nankeji/Empty-Mountain-kong-shan-67601.html
113718,南柯记 Nankeji,First Quarter 上弦,2020,https://www.fragrantica.com/perfume/nan-ke-ji-Nankeji/First-Quarter-shang-xian-113558.html
113719,南柯记 Nankeji,花与爱丽丝 Flower & Alice,2017,https://www.fragrantica.com/perfume/nan-ke-ji-Nankeji/hua-yu-ai-li-si-Flower-Alice-67322.html
113720,南柯记 Nankeji,Full Moon 满月,2020,https://www.fragrantica.com/perfume/nan-ke-ji-Nankeji/Full-Moon-man-yue-113560.html
113721,南柯记 Nankeji,Herbalist 采药女,2017,https://www.fragrantica.com/perfume/nan-ke-ji-Nankeji/Herbalist-cai-yao-nu-67592.html
113722,南柯记 Nankeji,Jiangnan 望江南,2018,https://www.fragrantica.com/perfume/nan-ke-ji-Nankeji/Jiangnan-wang-jiang-nan-67623.html
113723,南柯记 Nankeji,Last Quarter 下弦,2020,https://www.fragrantica.com/perfume/nan-ke-ji-Nankeji/Last-Quarter-xia-xian-113559.html
113724,南柯记 Nankeji,Lily & Wormwood 百合与苦艾,2017,https://www.fragrantica.com/perfume/nan-ke-ji-Nankeji/Lily-Wormwood-bai-he-yu-ku-ai-67383.html
113725,南柯记 Nankeji,Lime & Orange 青柠与橙,2021,https://www.fragrantica.com/perfume/nan-ke-ji-Nankeji/Lime-Orange-qing-ning-yu-cheng-67367.html
113726,南柯记 Nankeji,Lime & Orange 青柠与橙 2023,2023,https://www.fragrantica.com/perfume/nan-ke-ji-Nankeji/Lime-Orange-qing-ning-yu-cheng-2023-113550.html
113727,南柯记 Nankeji,Michelia Alba 白兰花,2025,https://www.fragrantica.com/perfume/nan-ke-ji-Nankeji/Michelia-Alba-bai-lan-hua-113554.html
113728,南柯记 Nankeji,New Moon 朔月,2020,https://www.fragrantica.com/perfume/nan-ke-ji-Nankeji/New-Moon-shuo-yue-113557.html
113729,南柯记 Nankeji,On the River Bank 在水一方,2018,https://www.fragrantica.com/perfume/nan-ke-ji-Nankeji/On-the-River-Bank-zai-shui-yi-fang-67596.html
113730,南柯记 Nankeji,Oud Dust 沉香屑,2025,https://www.fragrantica.com/perfume/nan-ke-ji-Nankeji/Oud-Dust-chen-xiang-xie-113555.html
113731,南柯记 Nankeji,Peach Blossom 桃夭,2019,https://www.fragrantica.com/perfume/nan-ke-ji-Nankeji/Peach-Blossom-tao-yao-67384.html
113732,南柯记 Nankeji,Pear with Snow 棠梨雪,2018,https://www.fragrantica.com/perfume/nan-ke-ji-Nankeji/Pear-with-Snow-tang-li-xue-67386.html
113733,南柯记 Nankeji,Rustle 瑟瑟,2017,https://www.fragrantica.com/perfume/nan-ke-ji-Nankeji/Rustle-se-se-67625.html
113734,南柯记 Nankeji,Sandalwood 有檀,2020,https://www.fragrantica.com/perfume/nan-ke-ji-Nankeji/Sandalwood-you-tan-67600.html
113735,南柯记 Nankeji,Snow White Strawberry 白雪姬,2021,https://www.fragrantica.com/perfume/nan-ke-ji-Nankeji/Snow-White-Strawberry-bai-xue-ji-67394.html
113736,南柯记 Nankeji,Sour Mandarin 酸橘子,2025,https://www.fragrantica.com/perfume/nan-ke-ji-Nankeji/Sour-Mandarin-suan-ju-zi-113552.html
113737,南柯记 Nankeji,Spring Cherry Blossom 春之樱,2017,https://www.fragrantica.com/perfume/nan-ke-ji-Nankeji/Spring-Cherry-Blossom-chun-zhi-ying-67388.html
113738,南柯记 Nankeji,Summer of Peppermint 薄荷之夏,2020,https://www.fragrantica.com/perfume/nan-ke-ji-Nankeji/Summer-of-Peppermint-bao-he-zhi-xia-113548.html
113739,南柯记 Nankeji,Summer Poem 夏之诗,2020,https://www.fragrantica.com/perfume/nan-ke-ji-Nankeji/Summer-Poem-xia-zhi-shi-67389.html
113740,南柯记 Nankeji,Water Lily Ripple 莲漪,2020,https://www.fragrantica.com/perfume/nan-ke-ji-Nankeji/Water-Lily-Ripple-lian-yi-67621.html
113741,南柯记 Nankeji,White Peach & Tea 白桃与茶,2020,https://www.fragrantica.com/perfume/nan-ke-ji-Nankeji/White-Peach-Tea-bai-tao-yu-cha-67368.html
113742,南柯记 Nankeji,Winter Wine 冬之酒,2020,https://www.fragrantica.com/perfume/nan-ke-ji-Nankeji/Winter-Wine-dong-zhi-jiu-67390.html
113743,南柯记 Nankeji,Witch 女巫,2018,https://www.fragrantica.com/perfume/nan-ke-ji-Nankeji/Witch-nu-wu-67393.html
113744,南柯记 Nankeji,Zen 洗心尘,2017,https://www.fragrantica.com/perfume/nan-ke-ji-Nankeji/Zen-xi-xin-chen-67624.html
113745,Nanne Bailey Parfums,Mi2,2017,https://www.fragrantica.com/perfume/Nanne-Bailey-Parfums/Mi2-44108.html
113746,Nany London Parfums,Blooming in Autumn,2023,https://www.fragrantica.com/perfume/Nany-London-Parfums/Blooming-in-Autumn-98397.html
113747,Nany London Parfums,Dank 420,2024,https://www.fragrantica.com/perfume/Nany-London-Parfums/Dank-420-98391.html
113748,Nany London Parfums,Haru Haru,2024,https://www.fragrantica.com/perfume/Nany-London-Parfums/Haru-Haru-98395.html
113749,Nany London Parfums,"Ladder to Heaven, Murder",2024,https://www.fragrantica.com/perfume/Nany-London-Parfums/Ladder-to-Heaven-Murder-98392.html
113750,Nany London Parfums,Nirvana,2024,https://www.fragrantica.com/perfume/Nany-London-Parfums/Nirvana-98393.html
113751,Nany London Parfums,Nobara No Yume-Haru,2024,https://www.fragrantica.com/perfume/Nany-London-Parfums/Nobara-No-Yume-Haru-98399.html
113752,Nany London Parfums,Summer Lover's Tea,2023,https://www.fragrantica.com/perfume/Nany-London-Parfums/Summer-Lover-s-Tea-98396.html
113753,Nany London Parfums,The Eskimo Winter,2023,https://www.fragrantica.com/perfume/Nany-London-Parfums/The-Eskimo-Winter-98398.html
113754,Naomi Campbell,Bohemian Garden,2016,https://www.fragrantica.com/perfume/Naomi-Campbell/Bohemian-Garden-35550.html
113755,Naomi Campbell,Cat Deluxe,2006,https://www.fragrantica.com/perfume/Naomi-Campbell/Cat-Deluxe-876.html
113756,Naomi Campbell,Cat Deluxe At Night,2007,https://www.fragrantica.com/perfume/Naomi-Campbell/Cat-Deluxe-At-Night-1027.html
113757,Naomi Campbell,Cat Deluxe Silver,2019,https://www.fragrantica.com/perfume/Naomi-Campbell/Cat-Deluxe-Silver-55227.html
113758,Naomi Campbell,Cat Deluxe With Kisses,2009,https://www.fragrantica.com/perfume/Naomi-Campbell/Cat-Deluxe-With-Kisses-5843.html
113759,Naomi Campbell,Eternal Beauty,2007,https://www.fragrantica.com/perfume/Naomi-Campbell/Eternal-Beauty-1740.html
113760,Naomi Campbell,Exult (Eau de Toilette),2001,https://www.fragrantica.com/perfume/Naomi-Campbell/Exult-904.html
113761,Naomi Campbell,Exult Naomi Campbell 2001 Parfum,2001,https://www.parfumo.com/Perfumes/Naomi_Campbell/exult-parfum
113762,Naomi Campbell,Glam Rouge,2018,https://www.fragrantica.com/perfume/Naomi-Campbell/Glam-Rouge-48475.html
113763,Naomi Campbell,Here to Shine,2021,https://www.fragrantica.com/perfume/Naomi-Campbell/Here-to-Shine-70395.html
113764,Naomi Campbell,Here To Stay,2020,https://www.fragrantica.com/perfume/Naomi-Campbell/Here-To-Stay-63621.html
113765,Naomi Campbell,Mystery,2003,https://www.fragrantica.com/perfume/Naomi-Campbell/Mystery-881.html
113766,Naomi Campbell,Naomagic,2000,https://www.fragrantica.com/perfume/Naomi-Campbell/Naomagic-791.html
113767,Naomi Campbell,Naomi,2010,https://www.fragrantica.com/perfume/Naomi-Campbell/Naomi-9940.html
113768,Naomi Campbell,Naomi Campbell,1999,https://www.fragrantica.com/perfume/Naomi-Campbell/Naomi-Campbell-905.html
113769,Naomi Campbell,Naomi Campbell At Night,2012,https://www.fragrantica.com/perfume/Naomi-Campbell/Naomi-Campbell-At-Night-15444.html
113770,Naomi Campbell,Naomi Campbell Light Edition,2003,https://www.fragrantica.com/perfume/Naomi-Campbell/Naomi-Campbell-Light-Edition-29197.html
113771,Naomi Campbell,Naomi Campbell Shine & Glimmer,2001,https://www.fragrantica.com/perfume/Naomi-Campbell/Naomi-Campbell-Shine-Glimmer-29198.html
113772,Naomi Campbell,Naomi Campbell Wild Pearl,2011,https://www.fragrantica.com/perfume/Naomi-Campbell/Naomi-Campbell-Wild-Pearl-12283.html
113773,Naomi Campbell,Paradise Passion,2005,https://www.fragrantica.com/perfume/Naomi-Campbell/Paradise-Passion-906.html
113774,Naomi Campbell,Pret a Porter,2016,https://www.fragrantica.com/perfume/Naomi-Campbell/Pret-a-Porter-40071.html
113775,Naomi Campbell,Prêt à Porter Absolute Velvet,2018,https://www.fragrantica.com/perfume/Naomi-Campbell/Pret-a-Porter-Absolute-Velvet-51220.html
113776,Naomi Campbell,Prêt à Porter Silk Collection,2017,https://www.fragrantica.com/perfume/Naomi-Campbell/Pret-a-Porter-Silk-Collection-45659.html
113777,Naomi Campbell,Private,2015,https://www.fragrantica.com/perfume/Naomi-Campbell/Private-31958.html
113778,Naomi Campbell,Queen of Gold,2013,https://www.fragrantica.com/perfume/Naomi-Campbell/Queen-of-Gold-18179.html
113779,Naomi Campbell,Seductive Elixir,2008,https://www.fragrantica.com/perfume/Naomi-Campbell/Seductive-Elixir-3180.html
113780,Naomi Campbell,Sunset,2004,https://www.fragrantica.com/perfume/Naomi-Campbell/Sunset-875.html
113781,Naomi Campbell,Winter Kiss,2006,https://www.fragrantica.com/perfume/Naomi-Campbell/Winter-Kiss-907.html
113782,Naomi Goodsir,Bois d'Ascese,2012,https://www.fragrantica.com/perfume/Naomi-Goodsir/Bois-d-Ascese-16582.html
113783,Naomi Goodsir,Corpus Equus,2021,https://www.fragrantica.com/perfume/Naomi-Goodsir/Corpus-Equus-69309.html
113784,Naomi Goodsir,Cuir Velours,2012,https://www.fragrantica.com/perfume/Naomi-Goodsir/Cuir-Velours-16581.html
113785,Naomi Goodsir,Iris Cendre,2015,https://www.fragrantica.com/perfume/Naomi-Goodsir/Iris-Cendre-32062.html
113786,Naomi Goodsir,Nuit de Bakélite,2017,https://www.fragrantica.com/perfume/Naomi-Goodsir/Nuit-de-Bakelite-43954.html
113787,Naomi Goodsir,Or du Serail,2014,https://www.fragrantica.com/perfume/Naomi-Goodsir/Or-du-Serail-24716.html
113788,Naomi Jon,Bite Me,2022,https://www.fragrantica.com/perfume/Naomi-Jon/Bite-Me-79135.html
113789,Naomi Jon,Kiss Me,2023,https://www.fragrantica.com/perfume/Naomi-Jon/Kiss-Me-79133.html
113790,Naomi Jon,Taboo,2023,https://www.fragrantica.com/perfume/Naomi-Jon/Taboo-89026.html
113791,Naomi Jon,Tempt Me,2025,https://www.fragrantica.com/perfume/Naomi-Jon/Tempt-Me-118673.html
113792,Naomi Jon,Villain,2024,https://www.fragrantica.com/perfume/Naomi-Jon/Villain-130364.html
113793,Napa Perfumes,King of Swords,2023,https://www.fragrantica.com/perfume/Napa-Perfumes/King-of-Swords-135289.html
113794,Napa Perfumes,Queen of Hearts,2023,https://www.fragrantica.com/perfume/Napa-Perfumes/Queen-of-Hearts-135290.html
113795,Napoleon Cologne,Napoleon Sainte-Hélène Eau de Cologne,2018,https://www.fragrantica.com/perfume/Napoleon-Cologne/Napoleon-Sainte-Helene-Eau-de-Cologne-58009.html
113796,NAPOLEON Fragrances,DANIEL,1983,https://www.fragrantica.com/perfume/NAPOLEON-Fragrances/DANIEL-97252.html
113797,NAPOLEON Fragrances,Gocce di,1979,https://www.parfumo.com/Perfumes/Napoleon/Gocce_di_Napoleon
113798,NAPOLEON Fragrances,Gocce di Napoleon - Amor di Iris e Musk,1979,https://www.parfumo.com/Perfumes/Napoleon/Gocce_di_Napoleon_Amor_di_Iris_e_Musk
113799,NAPOLEON Fragrances,Gocce Gocce di,1991,https://www.parfumo.com/Perfumes/Napoleon/Gocce_Gocce_di_Napoleon
113800,NAPOLEON Fragrances,L'Incomparable Napoleon 1959 Eau de Toilette,1959,https://www.parfumo.com/Perfumes/Napoleon/L_Incomparable_Eau_de_Toilette
113801,NAPOLEON Fragrances,Mitos (Lotion Aprés Rasage) (After Shave),,https://www.parfumo.com/Perfumes/Napoleon/Mitos_Lotion_Apres_Rasage
113802,NAPOLEON Fragrances,Mitos Napoleon 1986 Eau de Toilette,1986,https://www.parfumo.com/Perfumes/Napoleon/Mitos_Eau_de_Toilette
113803,Napoli,Agate,2022,https://www.fragrantica.com/perfume/Napoli/Agate-96385.html
113804,Napoli,Amethyst,2022,https://www.fragrantica.com/perfume/Napoli/Amethyst-96387.html
113805,Napoli,Aristoqrati,2022,https://www.fragrantica.com/perfume/Napoli/Aristoqrati-96389.html
113806,Napoli,Au Miel,2022,https://www.fragrantica.com/perfume/Napoli/Au-Miel-96390.html
113807,Napoli,Cielo,,https://www.fragrantica.com/perfume/Napoli/Cielo-96383.html
113808,Napoli,Giallo,,https://www.fragrantica.com/perfume/Napoli/Giallo-96382.html
113809,Napoli,Nero,,https://www.fragrantica.com/perfume/Napoli/Nero-96380.html
113810,Napoli,Night Secret,2022,https://www.fragrantica.com/perfume/Napoli/Night-Secret-96393.html
113811,Napoli,Only Napoli,2022,https://www.fragrantica.com/perfume/Napoli/Only-Napoli-96388.html
113812,Napoli,Ruby,2022,https://www.fragrantica.com/perfume/Napoli/Ruby-96386.html
113813,Napoli,Saffron,2022,https://www.fragrantica.com/perfume/Napoli/Saffron-96391.html
113814,Napoli,Twilly,2022,https://www.fragrantica.com/perfume/Napoli/Twilly-96392.html
113815,Napoli,Viola,,https://www.fragrantica.com/perfume/Napoli/Viola-96384.html
113816,Napoli,Vulcano,,https://www.fragrantica.com/perfume/Napoli/Vulcano-96381.html
113817,Nara Perfumery,Bamboo Forest,2022,https://www.fragrantica.com/perfume/Nara-Perfumery/Bamboo-Forest-99873.html
113818,Nara Perfumery,Euphoria,2023,https://www.fragrantica.com/perfume/Nara-Perfumery/Euphoria-99875.html
113819,Nara Perfumery,Hanami,2024,https://www.fragrantica.com/perfume/Nara-Perfumery/Hanami-99878.html
113820,Nara Perfumery,Hinoki,2023,https://www.fragrantica.com/perfume/Nara-Perfumery/Hinoki-99876.html
113821,Nara Perfumery,Hyogo Leather,2022,https://www.fragrantica.com/perfume/Nara-Perfumery/Hyogo-Leather-99874.html
113822,Nara Perfumery,Oud Cambodi,2023,https://www.fragrantica.com/perfume/Nara-Perfumery/Oud-Cambodi-99879.html
113823,Nara Perfumery,Oud Grove,2023,https://www.fragrantica.com/perfume/Nara-Perfumery/Oud-Grove-99881.html
113824,Nara Perfumery,Oud Ikebana,2023,https://www.fragrantica.com/perfume/Nara-Perfumery/Oud-Ikebana-99882.html
113825,Nara Perfumery,Oud Symphony,2023,https://www.fragrantica.com/perfume/Nara-Perfumery/Oud-Symphony-99885.html
113826,Nara Perfumery,Oud Takara,2023,https://www.fragrantica.com/perfume/Nara-Perfumery/Oud-Takara-99886.html
113827,Nara Perfumery,Rain Water,2023,https://www.fragrantica.com/perfume/Nara-Perfumery/Rain-Water-99877.html
113828,Narciso Rodriguez,All Of Me,2023,https://www.fragrantica.com/perfume/Narciso-Rodriguez/All-Of-Me-84201.html
113829,Narciso Rodriguez,All Of Me Essentiel,2026,https://www.fragrantica.com/perfume/Narciso-Rodriguez/All-Of-Me-Essentiel-137222.html
113830,Narciso Rodriguez,All Of Me Floral,2025,https://www.fragrantica.com/perfume/Narciso-Rodriguez/All-Of-Me-Floral-112383.html
113831,Narciso Rodriguez,All Of Me Intense,2024,https://www.fragrantica.com/perfume/Narciso-Rodriguez/All-Of-Me-Intense-96021.html
113832,Narciso Rodriguez,Amber Musc,2013,https://www.fragrantica.com/perfume/Narciso-Rodriguez/Amber-Musc-18712.html
113833,Narciso Rodriguez,Amber Musc For Her Amber Musc,2013,https://www.parfumo.com/Perfumes/Narciso_Rodriguez/Amber_Musc_For_Her_Amber_Musc
113834,Narciso Rodriguez,Amber Musc Oil,2013,https://www.fragrantica.com/perfume/Narciso-Rodriguez/Amber-Musc-Oil-67812.html
113835,Narciso Rodriguez,Essence,2009,https://www.fragrantica.com/perfume/Narciso-Rodriguez/Essence-5321.html
113836,Narciso Rodriguez,Essence Eau de Musc,2011,https://www.fragrantica.com/perfume/Narciso-Rodriguez/Essence-Eau-de-Musc-11427.html
113837,Narciso Rodriguez,Essence Eau de Musc Fresh Iridescent Eau Fraîche,2012,https://www.fragrantica.com/perfume/Narciso-Rodriguez/Essence-Eau-de-Musc-Fresh-Iridescent-Eau-Fraiche-35157.html
113838,Narciso Rodriguez,Essence in Color,2011,https://www.fragrantica.com/perfume/Narciso-Rodriguez/Essence-in-Color-12843.html
113839,Narciso Rodriguez,Essence Iridescent,2010,https://www.fragrantica.com/perfume/Narciso-Rodriguez/Essence-Iridescent-11267.html
113840,Narciso Rodriguez,Essence Musc Collection,2010,https://www.parfumo.com/Perfumes/Narciso_Rodriguez/Musc_Collection_Essence_Eau_de_Parfum_Intense
113841,Narciso Rodriguez,Essence Musc Collection Eau de Parfum Intense,2010,https://www.fragrantica.com/perfume/Narciso-Rodriguez/Essence-Musc-Collection-Eau-de-Parfum-Intense-10297.html
113842,Narciso Rodriguez,For Her Christmas 2020,2020,https://huggingface.co/datasets/doevent/perfume
113843,Narciso Rodriguez,For Her Christmas 2022,2022,https://huggingface.co/datasets/doevent/perfume
113844,Narciso Rodriguez,For Her Fleur Musc Narciso Rodriguez 2020 Eau de Toilette Florale,2020,https://www.parfumo.com/Perfumes/Narciso_Rodriguez/for-her-fleur-musc-eau-de-toilette-florale
113845,Narciso Rodriguez,For Her Musc Collection,2009,https://www.parfumo.com/Perfumes/Narciso_Rodriguez/Musc_Collection_for_Her_Eau_de_Parfum_Intense
113846,Narciso Rodriguez,For Her Musc Narciso Rodriguez 2007 Oil Parfum,2007,https://www.parfumo.com/Perfumes/Narciso_Rodriguez/Musc_for_Her
113847,Narciso Rodriguez,For Her Narciso Rodriguez 2012 Eau de Parfum Délicate,2012,https://www.parfumo.com/Perfumes/Narciso_Rodriguez/For_Her_Delicate_Eau_de_Parfum
113848,Narciso Rodriguez,For Her Narciso Rodriguez 2012 Eau de Toilette Délicate,2012,https://www.parfumo.com/Perfumes/Narciso_Rodriguez/For_Her_Delicate_Limited_Edition
113849,Narciso Rodriguez,For Her Narciso Rodriguez Hair Mist,,https://www.parfumo.com/Perfumes/Narciso_Rodriguez/For_Her_Hair_Mist
113850,Narciso Rodriguez,For Her Oud Musc,,https://huggingface.co/datasets/doevent/perfume
113851,Narciso Rodriguez,For Her Patchouli Musc,,https://huggingface.co/datasets/doevent/perfume
113852,Narciso Rodriguez,For Her Pure Musc Narciso Rodriguez 2020 Eau de Parfum Absolue,2020,https://www.parfumo.com/Perfumes/Narciso_Rodriguez/for-her-pure-musc-eau-de-parfum-absolue
113853,Narciso Rodriguez,For Her Pure Reflection,,https://www.parfumo.com/Perfumes/Narciso_Rodriguez/For_Her_Pure_Reflection
113854,Narciso Rodriguez,For Her Rose Musc,,https://huggingface.co/datasets/doevent/perfume
113855,Narciso Rodriguez,For Her Santal Musc,,https://huggingface.co/datasets/doevent/perfume
113856,Narciso Rodriguez,For Him Bleu Noir Narciso Rodriguez 2020 Eau de Toilette Extrême,2020,https://www.parfumo.com/Perfumes/Narciso_Rodriguez/for-him-bleu-noir-eau-de-toilette-extreme
113857,Narciso Rodriguez,For Him For Him Musc Collection Narciso Rodriguez 2009 Eau de Parfum,2009,https://www.parfumo.com/Perfumes/Narciso_Rodriguez/For_Him_Eau_de_Parfum_For_Him_Musc_Collection
113858,Narciso Rodriguez,For Him Musc Narciso Rodriguez 2007 Oil Parfum,2007,https://www.parfumo.com/Perfumes/Narciso_Rodriguez/Musc_for_Him
113859,Narciso Rodriguez,For Him Narciso Rodriguez After Shave Lotion,,https://www.parfumo.com/Perfumes/Narciso_Rodriguez/For_Him_After_Shave_Lotion
113860,Narciso Rodriguez,For Him Pure Reflection,,https://www.parfumo.com/Perfumes/Narciso_Rodriguez/For_Him_Pure_Reflection
113861,Narciso Rodriguez,For Him Vetiver Musc,2024,https://www.fragrantica.com/perfume/Narciso-Rodriguez/For-Him-Vetiver-Musc-88935.html
113862,Narciso Rodriguez,Jasmine Musc,2022,https://www.fragrantica.com/perfume/Narciso-Rodriguez/Jasmine-Musc-76831.html
113863,Narciso Rodriguez,Musc For Him Eau De Toilette,,https://huggingface.co/datasets/doevent/perfume
113864,Narciso Rodriguez,Musc Grenat,2026,https://www.fragrantica.com/perfume/Narciso-Rodriguez/Musc-Grenat-123069.html
113865,Narciso Rodriguez,Musc Noir For Her,2021,https://www.fragrantica.com/perfume/Narciso-Rodriguez/Musc-Noir-For-Her-64730.html
113866,Narciso Rodriguez,Musc Noir Rose For Her,2022,https://www.fragrantica.com/perfume/Narciso-Rodriguez/Musc-Noir-Rose-For-Her-71596.html
113867,Narciso Rodriguez,Narciso (Eau de Parfum),2014,https://www.fragrantica.com/perfume/Narciso-Rodriguez/Narciso-26127.html
113868,Narciso Rodriguez,Narciso Eau de Parfum Ambrée,2020,https://www.fragrantica.com/perfume/Narciso-Rodriguez/Narciso-Eau-de-Parfum-Ambree-60867.html
113869,Narciso Rodriguez,Narciso Eau de Parfum Cristal,2022,https://www.fragrantica.com/perfume/Narciso-Rodriguez/Narciso-Eau-de-Parfum-Cristal-73075.html
113870,Narciso Rodriguez,Narciso Eau de Parfum Radiante,2025,https://www.fragrantica.com/perfume/Narciso-Rodriguez/Narciso-Eau-de-Parfum-Radiante-102879.html
113871,Narciso Rodriguez,Narciso Eau de Toilette,2015,https://www.fragrantica.com/perfume/Narciso-Rodriguez/Narciso-Eau-de-Toilette-30658.html
113872,Narciso Rodriguez,Narciso Eau Néroli Ambrée,2021,https://www.fragrantica.com/perfume/Narciso-Rodriguez/Narciso-Eau-Neroli-Ambree-66351.html
113873,Narciso Rodriguez,Narciso Grace,2020,https://www.fragrantica.com/perfume/Narciso-Rodriguez/Narciso-Grace-63803.html
113874,Narciso Rodriguez,Narciso Musc,2014,https://www.fragrantica.com/perfume/Narciso-Rodriguez/Narciso-Musc-27068.html
113875,Narciso Rodriguez,Narciso Musc Narciso Rodriguez 2014 Oil Parfum,2014,https://www.parfumo.com/Perfumes/Narciso_Rodriguez/Narciso_Musc_Oil_Parfum_Huile_Parfum
113876,Narciso Rodriguez,Narciso Narciso Rodriguez 2016 Eau de Parfum Poudrée,2016,https://www.parfumo.com/Perfumes/Narciso_Rodriguez/Narciso_Eau_de_Parfum_Poudree
113877,Narciso Rodriguez,Narciso Narciso Rodriguez 2018 Eau de Parfum Rouge,2018,https://www.parfumo.com/Perfumes/Narciso_Rodriguez/Narciso_Eau_de_Parfum_Rouge
113878,Narciso Rodriguez,Narciso Narciso Rodriguez 2019 Eau de Toilette Rouge,2019,https://www.parfumo.com/Perfumes/Narciso_Rodriguez/Narciso_Eau_de_Toilette_Rouge
113879,Narciso Rodriguez,Narciso Narciso Rodriguez 2020 Eau de Parfum Ambrée,2020,https://www.parfumo.com/Perfumes/Narciso_Rodriguez/narciso-eau-de-parfum-ambree
113880,Narciso Rodriguez,Narciso Narciso Rodriguez 2020 Eau de Parfum Grace,2020,https://www.parfumo.com/Perfumes/Narciso_Rodriguez/narciso-eau-de-parfum-grace
113881,Narciso Rodriguez,Narciso Narciso Rodriguez 2022 Eau de Parfum Cristal,2022,https://www.parfumo.com/Perfumes/Narciso_Rodriguez/narciso-eau-de-parfum-cristal
113882,Narciso Rodriguez,Narciso Narciso Rodriguez Hair Mist,,https://www.parfumo.com/Perfumes/Narciso_Rodriguez/Narciso_Hair_Mist
113883,Narciso Rodriguez,Narciso Poudree,2016,https://www.fragrantica.com/perfume/Narciso-Rodriguez/Narciso-Poudree-36679.html
113884,Narciso Rodriguez,Narciso Rodriguez Fleur Musc for Her (Eau de Parfum),2017,https://www.fragrantica.com/perfume/Narciso-Rodriguez/Narciso-Rodriguez-Fleur-Musc-for-Her-42580.html
113885,Narciso Rodriguez,Narciso Rodriguez for Her (10th Anniversary Limited Edition),2013,https://www.fragrantica.com/perfume/Narciso-Rodriguez/Narciso-Rodriguez-for-Her-10th-Anniversary-Limited-Edition-18827.html
113886,Narciso Rodriguez,Narciso Rodriguez for Her Eau de Parfum,2006,https://www.fragrantica.com/perfume/Narciso-Rodriguez/Narciso-Rodriguez-for-Her-Eau-de-Parfum-14319.html
113887,Narciso Rodriguez,Narciso Rodriguez for Her Eau de Parfum (10th Anniversary Limited Edition),2013,https://www.fragrantica.com/perfume/Narciso-Rodriguez/Narciso-Rodriguez-for-Her-Eau-de-Parfum-10th-Anniversary-Limited-Edition-18828.html
113888,Narciso Rodriguez,Narciso Rodriguez For Her Eau de Perfume Delicate Limited Edition,2012,https://www.fragrantica.com/perfume/Narciso-Rodriguez/Narciso-Rodriguez-For-Her-Eau-de-Perfume-Delicate-Limited-Edition-14457.html
113889,Narciso Rodriguez,Narciso Rodriguez For Her (Eau de Toilette),2003,https://www.fragrantica.com/perfume/Narciso-Rodriguez/Narciso-Rodriguez-For-Her-209.html
113890,Narciso Rodriguez,Narciso Rodriguez For Her Eau de Toilette Delicate Limited Edition,2012,https://www.fragrantica.com/perfume/Narciso-Rodriguez/Narciso-Rodriguez-For-Her-Eau-de-Toilette-Delicate-Limited-Edition-14232.html
113891,Narciso Rodriguez,Narciso Rodriguez For Her Eau de Toilette Edition Limitée,2020,https://www.fragrantica.com/perfume/Narciso-Rodriguez/Narciso-Rodriguez-For-Her-Eau-de-Toilette-Edition-Limitee-63074.html
113892,Narciso Rodriguez,Narciso Rodriguez For Her Eau de Toilette Limited Edition 2022,2022,https://www.fragrantica.com/perfume/Narciso-Rodriguez/Narciso-Rodriguez-For-Her-Eau-de-Toilette-Limited-Edition-2022-77463.html
113893,Narciso Rodriguez,Narciso Rodriguez for Her Extrait de Parfum,2012,https://www.fragrantica.com/perfume/Narciso-Rodriguez/Narciso-Rodriguez-for-Her-Extrait-de-Parfum-15478.html
113894,Narciso Rodriguez,Narciso Rodriguez For Her Fleur Musc Eau De Toilette Florale,2020,https://www.fragrantica.com/perfume/Narciso-Rodriguez/Narciso-Rodriguez-For-Her-Fleur-Musc-Eau-De-Toilette-Florale-59237.html
113895,Narciso Rodriguez,Narciso Rodriguez For Her Forever,2023,https://www.fragrantica.com/perfume/Narciso-Rodriguez/Narciso-Rodriguez-For-Her-Forever-78835.html
113896,Narciso Rodriguez,Narciso Rodriguez For Her Hair Mist,,https://www.fragrantica.com/perfume/Narciso-Rodriguez/Narciso-Rodriguez-For-Her-Hair-Mist-46221.html
113897,Narciso Rodriguez,Narciso Rodriguez for Her in Color,2011,https://www.fragrantica.com/perfume/Narciso-Rodriguez/Narciso-Rodriguez-for-Her-in-Color-12844.html
113898,Narciso Rodriguez,Narciso Rodriguez For Her Intense,2025,https://www.fragrantica.com/perfume/Narciso-Rodriguez/Narciso-Rodriguez-For-Her-Intense-101595.html
113899,Narciso Rodriguez,Narciso Rodriguez For Her Iridescent,2010,https://www.fragrantica.com/perfume/Narciso-Rodriguez/Narciso-Rodriguez-For-Her-Iridescent-11266.html
113900,Narciso Rodriguez,Narciso Rodriguez For Her L'Absolu,2015,https://www.fragrantica.com/perfume/Narciso-Rodriguez/Narciso-Rodriguez-For-Her-L-Absolu-31509.html
113901,Narciso Rodriguez,Narciso Rodriguez for Her Musc Eau de Parfum Intense,2009,https://www.fragrantica.com/perfume/Narciso-Rodriguez/Narciso-Rodriguez-for-Her-Musc-Eau-de-Parfum-Intense-6575.html
113902,Narciso Rodriguez,Narciso Rodriguez For Her Musc Nude,2024,https://www.fragrantica.com/perfume/Narciso-Rodriguez/Narciso-Rodriguez-For-Her-Musc-Nude-88936.html
113903,Narciso Rodriguez,Narciso Rodriguez For Her Oil Musc Parfum,2018,https://www.fragrantica.com/perfume/Narciso-Rodriguez/Narciso-Rodriguez-For-Her-Oil-Musc-Parfum-51915.html
113904,Narciso Rodriguez,Narciso Rodriguez For Her Pink Edition,2022,https://www.fragrantica.com/perfume/Narciso-Rodriguez/Narciso-Rodriguez-For-Her-Pink-Edition-72604.html
113905,Narciso Rodriguez,Narciso Rodriguez for Him Bleu Noir Eau de Parfum,2018,https://www.fragrantica.com/perfume/Narciso-Rodriguez/Narciso-Rodriguez-for-Him-Bleu-Noir-Eau-de-Parfum-47950.html
113906,Narciso Rodriguez,Narciso Rodriguez for Him Bleu Noir (Eau de Toilette),2015,https://www.fragrantica.com/perfume/Narciso-Rodriguez/Narciso-Rodriguez-for-Him-Bleu-Noir-31247.html
113907,Narciso Rodriguez,Narciso Rodriguez For Him Bleu Noir Eau De Toilette Extreme,2020,https://www.fragrantica.com/perfume/Narciso-Rodriguez/Narciso-Rodriguez-For-Him-Bleu-Noir-Eau-De-Toilette-Extreme-59238.html
113908,Narciso Rodriguez,Narciso Rodriguez for Him Bleu Noir Parfum,2022,https://www.fragrantica.com/perfume/Narciso-Rodriguez/Narciso-Rodriguez-for-Him-Bleu-Noir-Parfum-71783.html
113909,Narciso Rodriguez,Narciso Rodriguez For Him Eau de Parfum Intense,2012,https://www.fragrantica.com/perfume/Narciso-Rodriguez/Narciso-Rodriguez-For-Him-Eau-de-Parfum-Intense-14741.html
113910,Narciso Rodriguez,Narciso Rodriguez for Him (Eau de Toilette),2007,https://www.fragrantica.com/perfume/Narciso-Rodriguez/Narciso-Rodriguez-for-Him-1063.html
113911,Narciso Rodriguez,Narciso Rodriguez for Him Musc Santal,2026,https://www.fragrantica.com/perfume/Narciso-Rodriguez/Narciso-Rodriguez-for-Him-Musc-Santal-122133.html
113912,Narciso Rodriguez,Narciso Rodriguez for Him Musk,2009,https://www.fragrantica.com/perfume/Narciso-Rodriguez/Narciso-Rodriguez-for-Him-Musk-6576.html
113913,Narciso Rodriguez,Narciso Rodriguez L'Eau For Her,2013,https://www.fragrantica.com/perfume/Narciso-Rodriguez/Narciso-Rodriguez-L-Eau-For-Her-17228.html
113914,Narciso Rodriguez,Narciso Rodriguez Musc for Her,2007,https://www.fragrantica.com/perfume/Narciso-Rodriguez/Narciso-Rodriguez-Musc-for-Her-6577.html
113915,Narciso Rodriguez,Narciso Rodriguez Musc for Her Oil Parfum,2013,https://www.fragrantica.com/perfume/Narciso-Rodriguez/Narciso-Rodriguez-Musc-for-Her-Oil-Parfum-18829.html
113916,Narciso Rodriguez,Narciso Rodriguez Musc Oil for Him,2010,https://www.fragrantica.com/perfume/Narciso-Rodriguez/Narciso-Rodriguez-Musc-Oil-for-Him-47533.html
113917,Narciso Rodriguez,Narciso Rodriguez Silver For Her Limited Edition,2008,https://www.fragrantica.com/perfume/Narciso-Rodriguez/Narciso-Rodriguez-Silver-For-Her-Limited-Edition-34566.html
113918,Narciso Rodriguez,Narciso Rouge,2018,https://www.fragrantica.com/perfume/Narciso-Rodriguez/Narciso-Rouge-49331.html
113919,Narciso Rodriguez,Narciso Rouge Eau de Toilette,2019,https://www.fragrantica.com/perfume/Narciso-Rodriguez/Narciso-Rouge-Eau-de-Toilette-55784.html
113920,Narciso Rodriguez,Neroli Essence,2026,https://www.fragrantica.com/perfume/Narciso-Rodriguez/Neroli-Essence-130936.html
113921,Narciso Rodriguez,Oriental Musc,,https://www.parfumo.com/Perfumes/Narciso_Rodriguez/Oriental_Musc
113922,Narciso Rodriguez,Oud Musc,2019,https://www.fragrantica.com/perfume/Narciso-Rodriguez/Oud-Musc-53948.html
113923,Narciso Rodriguez,Patchouli Musc,2020,https://www.fragrantica.com/perfume/Narciso-Rodriguez/Patchouli-Musc-63293.html
113924,Narciso Rodriguez,Pure Musc Absolu For Her,2020,https://www.fragrantica.com/perfume/Narciso-Rodriguez/Pure-Musc-Absolu-For-Her-62877.html
113925,Narciso Rodriguez,Pure Musc Blanc For Her,2026,https://www.fragrantica.com/perfume/Narciso-Rodriguez/Pure-Musc-Blanc-For-Her-122211.html
113926,Narciso Rodriguez,Pure Musc For Her (Eau de Parfum),2019,https://www.fragrantica.com/perfume/Narciso-Rodriguez/Pure-Musc-For-Her-53441.html
113927,Narciso Rodriguez,Radiant Magnolia,2024,https://www.fragrantica.com/perfume/Narciso-Rodriguez/Radiant-Magnolia-96882.html
113928,Narciso Rodriguez,Rose Épicée,2024,https://www.fragrantica.com/perfume/Narciso-Rodriguez/Rose-Epicee-96883.html
113929,Narciso Rodriguez,Rose Musc,2016,https://www.fragrantica.com/perfume/Narciso-Rodriguez/Rose-Musc-35713.html
113930,Narciso Rodriguez,Safran Musc,2025,https://www.fragrantica.com/perfume/Narciso-Rodriguez/Safran-Musc-101594.html
113931,Narciso Rodriguez,Santal Musc,2017,https://www.fragrantica.com/perfume/Narciso-Rodriguez/Santal-Musc-47303.html
113932,Narciso Rodriguez,Wild Tuberose,2024,https://www.fragrantica.com/perfume/Narciso-Rodriguez/Wild-Tuberose-96712.html
113933,Narcisse Taormina,A'Barunissa,,https://www.fragrantica.com/perfume/Narcisse-Taormina/A-Barunissa-69271.html
113934,Narcisse Taormina,Arancio Candito,2026,https://www.fragrantica.com/perfume/Narcisse-Taormina/Arancio-Candito-139515.html
113935,Narcisse Taormina,Aria di Taormina,,https://www.fragrantica.com/perfume/Narcisse-Taormina/Aria-di-Taormina-69262.html
113936,Narcisse Taormina,Basilico Siciliano,,https://www.fragrantica.com/perfume/Narcisse-Taormina/Basilico-Siciliano-69263.html
113937,Narcisse Taormina,Bianco Sorbetto,2026,https://www.fragrantica.com/perfume/Narcisse-Taormina/Bianco-Sorbetto-139514.html
113938,Narcisse Taormina,Colazione a Taormina,,https://www.fragrantica.com/perfume/Narcisse-Taormina/Colazione-a-Taormina-69264.html
113939,Narcisse Taormina,Etna,,https://www.fragrantica.com/perfume/Narcisse-Taormina/Etna-69265.html
113940,Narcisse Taormina,Fruttato Intenso,2024,https://www.fragrantica.com/perfume/Narcisse-Taormina/Fruttato-Intenso-91041.html
113941,Narcisse Taormina,Gelsomino di Lava,2024,https://www.fragrantica.com/perfume/Narcisse-Taormina/Gelsomino-di-Lava-91039.html
113942,Narcisse Taormina,Isolabella,,https://www.fragrantica.com/perfume/Narcisse-Taormina/Isolabella-69266.html
113943,Narcisse Taormina,Malaverra,,https://www.fragrantica.com/perfume/Narcisse-Taormina/Malaverra-69272.html
113944,Narcisse Taormina,Marrone Fondente,2026,https://www.fragrantica.com/perfume/Narcisse-Taormina/Marrone-Fondente-139517.html
113945,Narcisse Taormina,Mazzarò,2025,https://www.fragrantica.com/perfume/Narcisse-Taormina/Mazzaro-103891.html
113946,Narcisse Taormina,Montevenere,2022,https://www.fragrantica.com/perfume/Narcisse-Taormina/Montevenere-75816.html
113947,Narcisse Taormina,Nerolissimo,2024,https://www.fragrantica.com/perfume/Narcisse-Taormina/Nerolissimo-91038.html
113948,Narcisse Taormina,Sir Harry Masaniello,,https://www.fragrantica.com/perfume/Narcisse-Taormina/Sir-Harry-Masaniello-69270.html
113949,Narcisse Taormina,Tamburello,2024,https://www.fragrantica.com/perfume/Narcisse-Taormina/Tamburello-91037.html
113950,Narcisse Taormina,Verde Pistacchio,2026,https://www.fragrantica.com/perfume/Narcisse-Taormina/Verde-Pistacchio-139516.html
113951,Narcisse Taormina,VinoRosso di Sicilia,,https://www.fragrantica.com/perfume/Narcisse-Taormina/VinoRosso-di-Sicilia-69267.html
113952,Narcisse Taormina,Zagara,,https://www.fragrantica.com/perfume/Narcisse-Taormina/Zagara-69268.html
113953,Narcisse Taormina,Zuccarata,,https://www.fragrantica.com/perfume/Narcisse-Taormina/Zuccarata-69269.html
113954,Narcotica,Bright Black,2019,https://www.fragrantica.com/perfume/Narcotica/Bright-Black-58476.html
113955,Narcotica,Doza,2022,https://www.fragrantica.com/perfume/Narcotica/Doza-77902.html
113956,Narcotica,Dulce Diablo,2022,https://www.fragrantica.com/perfume/Narcotica/Dulce-Diablo-73265.html
113957,Narcotica,Happy Dust,2023,https://www.fragrantica.com/perfume/Narcotica/Happy-Dust-88451.html
113958,Narcotica,Limonata,2025,https://www.fragrantica.com/perfume/Narcotica/Limonata-103933.html
113959,Narcotica,Love Me Latte,2024,https://www.fragrantica.com/perfume/Narcotica/Love-Me-Latte-97031.html
113960,Narcotica,Maniac,2025,https://www.fragrantica.com/perfume/Narcotica/Maniac-118323.html
113961,Narcotica,Narco Oasis,2023,https://www.fragrantica.com/perfume/Narcotica/Narco-Oasis-84576.html
113962,Narcotica,Narcotica,2021,https://www.fragrantica.com/perfume/Narcotica/Narcotica-70775.html
113963,NARDIS 나디스,Back in Black,2023,https://www.fragrantica.com/perfume/NARDIS-nadiseu/Back-in-Black-101459.html
113964,NARDIS 나디스,Cool Cat,2023,https://www.fragrantica.com/perfume/NARDIS-nadiseu/Cool-Cat-101457.html
113965,NARDIS 나디스,Ghost Dance,2023,https://www.fragrantica.com/perfume/NARDIS-nadiseu/Ghost-Dance-101456.html
113966,NARDIS 나디스,White Moon,2023,https://www.fragrantica.com/perfume/NARDIS-nadiseu/White-Moon-101458.html
113967,Narici Milano,Amarena,2025,https://www.fragrantica.com/perfume/Narici-Milano/Amarena-105281.html
113968,Narici Milano,Bambola,2025,https://www.fragrantica.com/perfume/Narici-Milano/Bambola-105287.html
113969,Narici Milano,Bergamoud,2025,https://www.fragrantica.com/perfume/Narici-Milano/Bergamoud-105284.html
113970,Narici Milano,Chai,2026,https://www.fragrantica.com/perfume/Narici-Milano/Chai-130508.html
113971,Narici Milano,Cristallo,2026,https://www.fragrantica.com/perfume/Narici-Milano/Cristallo-124647.html
113972,Narici Milano,Diamante,2025,https://www.fragrantica.com/perfume/Narici-Milano/Diamante-105285.html
113973,Narici Milano,Earl Grey,2026,https://www.fragrantica.com/perfume/Narici-Milano/Earl-Grey-130509.html
113974,Narici Milano,Figo,2025,https://www.fragrantica.com/perfume/Narici-Milano/Figo-105282.html
113975,Narici Milano,Matcha,2025,https://www.fragrantica.com/perfume/Narici-Milano/Matcha-105283.html
113976,Narici Milano,Narici No.1,2025,https://www.fragrantica.com/perfume/Narici-Milano/Narici-No-1-105280.html
113977,Narici Milano,Panna Cotta,,https://www.fragrantica.com/perfume/Narici-Milano/Panna-Cotta-135321.html
113978,Narici Milano,Siena,2025,https://www.fragrantica.com/perfume/Narici-Milano/Siena-105286.html
113979,Narmarratu Parfum,Deep Ocean,2026,https://www.fragrantica.com/perfume/Narmarratu-Parfum/Deep-Ocean-137345.html
113980,Narmarratu Parfum,Kameen,2026,https://www.fragrantica.com/perfume/Narmarratu-Parfum/Kameen-137346.html
113981,Narmarratu Parfum,The Bedouin,2026,https://www.fragrantica.com/perfume/Narmarratu-Parfum/The-Bedouin-137344.html
113982,Nars,Audacious,2019,https://www.fragrantica.com/perfume/Nars/Audacious-56831.html
113983,Nasamat,African Musk,2014,https://www.fragrantica.com/perfume/Nasamat/African-Musk-99925.html
113984,Nasamat,Brazilian Spices,2022,https://www.fragrantica.com/perfume/Nasamat/Brazilian-Spices-99926.html
113985,Nasamat,Bulgarian Rose,2014,https://www.fragrantica.com/perfume/Nasamat/Bulgarian-Rose-99927.html
113986,Nasamat,Cambodian Oud,2022,https://www.fragrantica.com/perfume/Nasamat/Cambodian-Oud-99928.html
113987,Nasamat,England Cashmere,2014,https://www.fragrantica.com/perfume/Nasamat/England-Cashmere-99929.html
113988,Nasamat,French Jasmine,2024,https://www.fragrantica.com/perfume/Nasamat/French-Jasmine-99930.html
113989,Nasamat,Haïti Vetiver,2022,https://www.fragrantica.com/perfume/Nasamat/Haiti-Vetiver-99931.html
113990,Nasamat,Italian Bergamot,2014,https://www.fragrantica.com/perfume/Nasamat/Italian-Bergamot-99932.html
113991,Nasamat,Moroccan Leather,2022,https://www.fragrantica.com/perfume/Nasamat/Moroccan-Leather-99933.html
113992,Nasamat,Oud Bouquet,2014,https://www.fragrantica.com/perfume/Nasamat/Oud-Bouquet-99934.html
113993,Nasamat,Russian Amber,2022,https://www.fragrantica.com/perfume/Nasamat/Russian-Amber-99935.html
113994,Nasamat,Scotland Leather,2014,https://www.fragrantica.com/perfume/Nasamat/Scotland-Leather-99936.html
113995,Nasamat Najd,Arar,2021,https://www.fragrantica.com/perfume/Nasamat-Najd/Arar-72160.html
113996,Nasamat Najd,ARAR INTENSE,2026,https://www.fragrantica.com/perfume/Nasamat-Najd/ARAR-INTENSE-125369.html
113997,Nasamat Najd,Aurd,2026,https://www.fragrantica.com/perfume/Nasamat-Najd/Aurd-124874.html
113998,Nasamat Najd,Birra Pura,2023,https://www.fragrantica.com/perfume/Nasamat-Najd/Birra-Pura-81674.html
113999,Nasamat Najd,Faa',2026,https://www.fragrantica.com/perfume/Nasamat-Najd/Faa-124867.html
114000,Nasamat Najd,Fidah,2021,https://www.fragrantica.com/perfume/Nasamat-Najd/Fidah-72161.html114001,Nasamat Najd,Ginger,2024,https://www.fragrantica.com/perfume/Nasamat-Najd/Ginger-97686.html
114002,Nasamat Najd,Lavender,2026,https://www.fragrantica.com/perfume/Nasamat-Najd/Lavender-132791.html
114003,Nasamat Najd,May Rose,2024,https://www.fragrantica.com/perfume/Nasamat-Najd/May-Rose-97687.html
114004,Nasamat Najd,Noir,2024,https://www.fragrantica.com/perfume/Nasamat-Najd/Noir-97688.html
114005,Nasamat Najd,Oud,2026,https://www.fragrantica.com/perfume/Nasamat-Najd/Oud-124875.html
114006,Nasamat Najd,Oud Plata,2023,https://www.fragrantica.com/perfume/Nasamat-Najd/Oud-Plata-81673.html
114007,Nasamat Najd,Oud Wood,2026,https://www.fragrantica.com/perfume/Nasamat-Najd/Oud-Wood-132789.html
114008,Nasamat Najd,Rose,2026,https://www.fragrantica.com/perfume/Nasamat-Najd/Rose-132790.html
114009,Nasamat Najd,Saffron,2022,https://www.fragrantica.com/perfume/Nasamat-Najd/Saffron-72163.html
114010,Nasamat Najd,Sidra,2020,https://www.fragrantica.com/perfume/Nasamat-Najd/Sidra-81675.html
114011,Nasamat Najd,Tobacco,2022,https://www.fragrantica.com/perfume/Nasamat-Najd/Tobacco-72162.html
114012,Nasamat Najd,Yamkuth,2026,https://www.fragrantica.com/perfume/Nasamat-Najd/Yamkuth-124857.html
114013,Naseem,African Sunset,,https://www.fragrantica.com/perfume/Naseem/African-Sunset-92357.html
114014,Naseem,Al Manar,,https://www.fragrantica.com/perfume/Naseem/Al-Manar-39268.html
114015,Naseem,Amaal,,https://www.fragrantica.com/perfume/Naseem/Amaal-39267.html
114016,Naseem,Amethyst Love,,https://www.fragrantica.com/perfume/Naseem/Amethyst-Love-81432.html
114017,Naseem,Aqua,2022,https://www.fragrantica.com/perfume/Naseem/Aqua-75219.html
114018,Naseem,Asma,2022,https://www.fragrantica.com/perfume/Naseem/Asma-75270.html
114019,Naseem,Asmira,2024,https://www.fragrantica.com/perfume/Naseem/Asmira-136638.html
114020,Naseem,Aura,2022,https://www.fragrantica.com/perfume/Naseem/Aura-75220.html
114021,Naseem,Aurora,2026,https://www.fragrantica.com/perfume/Naseem/Aurora-142406.html
114022,Naseem,Azure Elixir,2026,https://www.fragrantica.com/perfume/Naseem/Azure-Elixir-139838.html
114023,Naseem,Carmine,,https://www.fragrantica.com/perfume/Naseem/Carmine-138217.html
114024,Naseem,Celoud,2024,https://www.fragrantica.com/perfume/Naseem/Celoud-139526.html
114025,Naseem,Dahan Al Ood Muattaq,,https://www.fragrantica.com/perfume/Naseem/Dahan-Al-Ood-Muattaq-40454.html
114026,Naseem,Divine,2025,https://www.fragrantica.com/perfume/Naseem/Divine-142772.html
114027,Naseem,Dunya,2022,https://www.fragrantica.com/perfume/Naseem/Dunya-75280.html
114028,Naseem,Eclipse,2025,https://www.fragrantica.com/perfume/Naseem/Eclipse-140030.html
114029,Naseem,Hafsa,2022,https://www.fragrantica.com/perfume/Naseem/Hafsa-75279.html
114030,Naseem,Hanayen,,https://www.fragrantica.com/perfume/Naseem/Hanayen-35066.html
114031,Naseem,Horizon,2025,https://www.fragrantica.com/perfume/Naseem/Horizon-140116.html
114032,Naseem,Huda,,https://www.fragrantica.com/perfume/Naseem/Huda-39270.html
114033,Naseem,Hypnotic Passion,,https://www.fragrantica.com/perfume/Naseem/Hypnotic-Passion-81431.html
114034,Naseem,Ibdaa,2022,https://www.fragrantica.com/perfume/Naseem/Ibdaa-75281.html
114035,Naseem,Inferno,2022,https://www.fragrantica.com/perfume/Naseem/Inferno-75221.html
114036,Naseem,Khalsat,2019,https://www.fragrantica.com/perfume/Naseem/Khalsat-63867.html
114037,Naseem,Lamsa,,https://www.fragrantica.com/perfume/Naseem/Lamsa-130503.html
114038,Naseem,Lost in the Woods,,https://www.fragrantica.com/perfume/Naseem/Lost-in-the-Woods-81436.html
114039,Naseem,Love Me Now,,https://www.fragrantica.com/perfume/Naseem/Love-Me-Now-81442.html
114040,Naseem,Midnight Love,2020,https://www.fragrantica.com/perfume/Naseem/Midnight-Love-111154.html
114041,Naseem,Musk Safi,2022,https://www.fragrantica.com/perfume/Naseem/Musk-Safi-137168.html
114042,Naseem,Musk Safi,2026,https://www.fragrantica.com/perfume/Naseem/Musk-Safi-141744.html
114043,Naseem,Nadeen,2022,https://www.fragrantica.com/perfume/Naseem/Nadeen-75265.html
114044,Naseem,Night of Success,,https://www.fragrantica.com/perfume/Naseem/Night-of-Success-81441.html
114045,Naseem,Ocean Enigma,2020,https://www.fragrantica.com/perfume/Naseem/Ocean-Enigma-93549.html
114046,Naseem,Oud,2022,https://www.fragrantica.com/perfume/Naseem/Oud-75218.html
114047,Naseem,Paris Oud,2024,https://www.fragrantica.com/perfume/Naseem/Paris-Oud-107571.html
114048,Naseem,Peak Pulse,2024,https://www.fragrantica.com/perfume/Naseem/Peak-Pulse-106189.html
114049,Naseem,Purple Blue,,https://www.fragrantica.com/perfume/Naseem/Purple-Blue-81433.html
114050,Naseem,Qadr,,https://www.fragrantica.com/perfume/Naseem/Qadr-40453.html
114051,Naseem,Rehan,2022,https://www.fragrantica.com/perfume/Naseem/Rehan-75269.html
114052,Naseem,Sabika,2022,https://www.fragrantica.com/perfume/Naseem/Sabika-75271.html
114053,Naseem,Salwa,2022,https://www.fragrantica.com/perfume/Naseem/Salwa-75296.html
114054,Naseem,Shabab,2022,https://www.fragrantica.com/perfume/Naseem/Shabab-75222.html
114055,Naseem,Sublime Air,,https://www.fragrantica.com/perfume/Naseem/Sublime-Air-137676.html
114056,Naseem,Sublime Oud,2025,https://www.fragrantica.com/perfume/Naseem/Sublime-Oud-137511.html
114057,Naseem,Summer-69,,https://www.fragrantica.com/perfume/Naseem/Summer-69-81440.html
114058,Naseem,Turn Up The Volume,,https://www.fragrantica.com/perfume/Naseem/Turn-Up-The-Volume-81437.html
114059,Naseem,Twin Paradise,,https://www.fragrantica.com/perfume/Naseem/Twin-Paradise-81434.html
114060,Naseem,Urban Beat,,https://www.fragrantica.com/perfume/Naseem/Urban-Beat-81435.html
114061,Naseem,White Lava,,https://www.fragrantica.com/perfume/Naseem/White-Lava-137696.html
114062,Naseem,Wild Impulse,,https://www.fragrantica.com/perfume/Naseem/Wild-Impulse-81438.html
114063,Naseem,Wild Obsession,,https://www.fragrantica.com/perfume/Naseem/Wild-Obsession-81439.html
114064,Naseem,Yumna,2022,https://www.fragrantica.com/perfume/Naseem/Yumna-75267.html
114065,Naseem,Zephyr,2026,https://www.fragrantica.com/perfume/Naseem/Zephyr-141743.html
114066,Nasengold,G.,2013,https://www.fragrantica.com/perfume/Nasengold/G-24275.html
114067,Nasengold,/L,2017,https://www.fragrantica.com/perfume/Nasengold/L-44304.html
114068,Nasengold,:P,2013,https://www.fragrantica.com/perfume/Nasengold/P-24274.html
114069,Nasengold,#S,2013,https://www.fragrantica.com/perfume/Nasengold/S-24273.html
114070,Naso Di Raza,Agapimu',2025,https://www.fragrantica.com/perfume/Naso-Di-Raza/Agapimu-115277.html
114071,Naso Di Raza,Aqua Maris,2015,https://www.fragrantica.com/perfume/Naso-Di-Raza/Aqua-Maris-36479.html
114072,Naso Di Raza,Ask Me No More,2015,https://www.fragrantica.com/perfume/Naso-Di-Raza/Ask-Me-No-More-36480.html
114073,Naso Di Raza,Cha-Ba-Da,2023,https://www.fragrantica.com/perfume/Naso-Di-Raza/Cha-Ba-Da-85103.html
114074,Naso Di Raza,Cher Têtu,2017,https://www.fragrantica.com/perfume/Naso-Di-Raza/Cher-Tetu-44302.html
114075,Naso Di Raza,Cyrano,2015,https://www.fragrantica.com/perfume/Naso-Di-Raza/Cyrano-36478.html
114076,Naso Di Raza,Esmeralda,2019,https://www.fragrantica.com/perfume/Naso-Di-Raza/Esmeralda-55052.html
114077,Naso Di Raza,Fin Du Passe,2015,https://www.fragrantica.com/perfume/Naso-Di-Raza/Fin-Du-Passe-36477.html
114078,Naso Di Raza,Giuseppe,2017,https://www.fragrantica.com/perfume/Naso-Di-Raza/Giuseppe-44303.html
114079,Naso Di Raza,Graffio,2025,https://www.fragrantica.com/perfume/Naso-Di-Raza/Graffio-115974.html
114080,Naso Di Raza,Heres,2026,https://www.fragrantica.com/perfume/Naso-Di-Raza/Heres-135323.html
114081,Naso Di Raza,La Chaise Vide,2015,https://www.fragrantica.com/perfume/Naso-Di-Raza/La-Chaise-Vide-36481.html
114082,Naso Di Raza,Mozzafiato,2017,https://www.fragrantica.com/perfume/Naso-Di-Raza/Mozzafiato-44300.html
114083,Naso Di Raza,Ravi,2017,https://www.fragrantica.com/perfume/Naso-Di-Raza/Ravi-44301.html
114084,Naso Di Raza,Than...White,2015,https://www.fragrantica.com/perfume/Naso-Di-Raza/Than-White-36476.html
114085,Naso Di Raza,Use Black,2019,https://www.fragrantica.com/perfume/Naso-Di-Raza/Use-Black-55053.html
114086,Nasomatto,Absinth (Extrait de Parfum),2008,https://www.fragrantica.com/perfume/Nasomatto/Absinth-4293.html
114087,Nasomatto,Absinth Nasomatto Oil-based Extrait de Parfum,,https://www.parfumo.com/Perfumes/Nasomatto/Absinth_Oil_based_Extrait_de_Parfum
114088,Nasomatto,Baraonda (Extrait de Parfum),2016,https://www.fragrantica.com/perfume/Nasomatto/Baraonda-40200.html
114089,Nasomatto,Baraonda Nasomatto Oil-based Extrait de Parfum,,https://www.parfumo.com/Perfumes/Nasomatto/Baraonda_Oil_based_Extrait_de_Parfum
114090,Nasomatto,Black Afgano (Extrait de Parfum),2009,https://www.fragrantica.com/perfume/Nasomatto/Black-Afgano-6472.html
114091,Nasomatto,Black Afgano Nasomatto Oil-based Extrait de Parfum,,https://www.parfumo.com/Perfumes/Nasomatto/Black_Afgano_Oil_based_Extrait_de_Parfum
114092,Nasomatto,Blamage (Extrait de Parfum),2014,https://www.fragrantica.com/perfume/Nasomatto/Blamage-25575.html
114093,Nasomatto,Blamage Nasomatto Oil-based Extrait de Parfum,,https://www.parfumo.com/Perfumes/Nasomatto/Blamage_Oil_based_Extrait_de_Parfum
114094,Nasomatto,China White (Extrait de Parfum),2008,https://www.fragrantica.com/perfume/Nasomatto/China-White-4290.html
114095,Nasomatto,China White Nasomatto Oil-based Extrait de Parfum,,https://www.parfumo.com/Perfumes/Nasomatto/China_White_Oil_based_Extrait_de_Parfum
114096,Nasomatto,Duro (Extrait de Parfum),2008,https://www.fragrantica.com/perfume/Nasomatto/Duro-4291.html
114097,Nasomatto,Duro Nasomatto Oil-based Extrait de Parfum,,https://www.parfumo.com/Perfumes/Nasomatto/Duro_Oil_based_Extrait_de_Parfum
114098,Nasomatto,Fantomas (Extrait de Parfum),2020,https://www.fragrantica.com/perfume/Nasomatto/Fantomas-62775.html
114099,Nasomatto,Fantomas Nasomatto 2020 Oil-based Extrait de Parfum,2020,https://www.parfumo.com/Perfumes/Nasomatto/fantomas-oil-based-extrait-de-parfum
114100,Nasomatto,Hindu Grass (Extrait de Parfum),2008,https://www.fragrantica.com/perfume/Nasomatto/Hindu-Grass-4294.html
114101,Nasomatto,Hindu Grass Nasomatto Oil-based Extrait de Parfum,,https://www.parfumo.com/Perfumes/Nasomatto/Hindu_Grass_Oil_based_Extrait_de_Parfum
114102,Nasomatto,Micodelirio,2026,https://www.fragrantica.com/perfume/Nasomatto/Micodelirio-133379.html
114103,Nasomatto,Narcotic V. (Narcotic Venus),,https://huggingface.co/datasets/doevent/perfume
114104,Nasomatto,Narcotic V. Narcotic Venus Nasomatto 2007 Extrait de Parfum,2007,https://www.parfumo.com/Perfumes/Nasomatto/Narcotic_Venus_Narcotic_V_
114105,Nasomatto,Narcotic V. Narcotic Venus Nasomatto Oil-based Extrait de Parfum,,https://www.parfumo.com/Perfumes/Nasomatto/Narcotic_Venus_Oil_based_Extrait_de_Parfum
114106,Nasomatto,Narcotic Venus,2008,https://www.fragrantica.com/perfume/Nasomatto/Narcotic-Venus-4292.html
114107,Nasomatto,Nuda (Extrait de Parfum),,https://www.fragrantica.com/perfume/Nasomatto/Nuda-9319.html
114108,Nasomatto,Nuda Nasomatto Oil-based Extrait de Parfum,,https://www.parfumo.com/Perfumes/Nasomatto/Nuda_Oil_based_Extrait_de_Parfum
114109,Nasomatto,Nudiflorum (Extrait de Parfum),2018,https://www.fragrantica.com/perfume/Nasomatto/Nudiflorum-49223.html
114110,Nasomatto,Nudiflorum Nasomatto 2018 Oil-based Extrait de Parfum,2018,https://www.parfumo.com/Perfumes/Nasomatto/Nudiflorum_Oil_based_Extrait_de_Parfum
114111,Nasomatto,Pardon (Extrait de Parfum),2011,https://www.fragrantica.com/perfume/Nasomatto/Pardon-12130.html
114112,Nasomatto,Pardon Nasomatto Oil-based Extrait de Parfum,,https://www.parfumo.com/Perfumes/Nasomatto/Pardon_Oil_based_Extrait_de_Parfum
114113,Nasomatto,Sadonaso,2023,https://www.fragrantica.com/perfume/Nasomatto/Sadonaso-80076.html
114114,Nasomatto,Sadonaso (Oil-Based Extrait de Parfum),2023,https://www.parfumo.com/Perfumes/Nasomatto/sadonaso-oil-based-extrait-de-parfum
114115,Nasomatto,Sadonaso Phallic Edition,,https://www.parfumo.com/Perfumes/Nasomatto/sadonaso-phallic-edition
114116,Nasomatto,Silver Musk (Extrait de Parfum),2008,https://www.fragrantica.com/perfume/Nasomatto/Silver-Musk-4295.html
114117,Nasomatto,Silver Musk Nasomatto Oil-based Extrait de Parfum,,https://www.parfumo.com/Perfumes/Nasomatto/Silver_Musk_Oil_based_Extrait_de_Parfum
114118,NasoProfumo,Bauquet Senducente,2024,https://www.fragrantica.com/perfume/NasoProfumo/Bauquet-Senducente-91769.html
114119,NasoProfumo,Blu Annerito,2023,https://www.fragrantica.com/perfume/NasoProfumo/Blu-Annerito-91765.html
114120,NasoProfumo,Bonne Notte,2023,https://www.fragrantica.com/perfume/NasoProfumo/Bonne-Notte-91766.html
114121,NasoProfumo,Collana di Perla,2023,https://www.fragrantica.com/perfume/NasoProfumo/Collana-di-Perla-91772.html
114122,NasoProfumo,Degustazione Intima,2023,https://www.fragrantica.com/perfume/NasoProfumo/Degustazione-Intima-91770.html
114123,NasoProfumo,Finitura Sensuale,2023,https://www.fragrantica.com/perfume/NasoProfumo/Finitura-Sensuale-91771.html
114124,NasoProfumo,Fiore di Mare,2023,https://www.fragrantica.com/perfume/NasoProfumo/Fiore-di-Mare-91764.html
114125,NasoProfumo,Fougère e Nero,2023,https://www.fragrantica.com/perfume/NasoProfumo/Fougere-e-Nero-91774.html
114126,NasoProfumo,Fuoco Arancione,2023,https://www.fragrantica.com/perfume/NasoProfumo/Fuoco-Arancione-91776.html
114127,NasoProfumo,L’acqua Dolce,2023,https://www.fragrantica.com/perfume/NasoProfumo/L-acqua-Dolce-91767.html
114128,NasoProfumo,Suolo Fertile,2023,https://www.fragrantica.com/perfume/NasoProfumo/Suolo-Fertile-91775.html
114129,NasoProfumo,Texture Vellutata,2023,https://www.fragrantica.com/perfume/NasoProfumo/Texture-Vellutata-91768.html
114130,NasoProfumo,Verde Scuro,2023,https://www.fragrantica.com/perfume/NasoProfumo/Verde-Scuro-91773.html
114131,Nata in Sicilia,Trinacria,2026,https://www.fragrantica.com/perfume/Nata-in-Sicilia/Trinacria-136415.html
114132,Natalie,Black Princess,,https://www.fragrantica.com/perfume/Natalie/Black-Princess-36632.html
114133,Natalie,Butterfly,,https://www.fragrantica.com/perfume/Natalie/Butterfly-36629.html
114134,Natalie,Fantasy,,https://www.fragrantica.com/perfume/Natalie/Fantasy-36631.html
114135,Natalie,Tattoo,,https://www.fragrantica.com/perfume/Natalie/Tattoo-36630.html
114136,Natalie Noor,LAIL,2025,https://www.fragrantica.com/perfume/Natalie-Noor/LAIL-118291.html
114137,Natalie Noor,NOOR,,https://www.fragrantica.com/perfume/Natalie-Noor/NOOR-118292.html
114138,Natalie Wood,Natalie,2015,https://www.fragrantica.com/perfume/Natalie-Wood/Natalie-33686.html
114139,Nateeva,Aruba,2017,https://www.fragrantica.com/perfume/Nateeva/Aruba-45299.html
114140,Nateeva,Bahamas,2016,https://www.fragrantica.com/perfume/Nateeva/Bahamas-45242.html
114141,Nateeva,Dominican Republic,2017,https://www.fragrantica.com/perfume/Nateeva/Dominican-Republic-45297.html
114142,Nateeva,Jamaica,2016,https://www.fragrantica.com/perfume/Nateeva/Jamaica-45244.html
114143,Nateeva,Saint Martin,2016,https://www.fragrantica.com/perfume/Nateeva/Saint-Martin-45243.html
114144,Nateeva,Saint Thomas,2017,https://www.fragrantica.com/perfume/Nateeva/Saint-Thomas-45296.html
114145,Nateeva,Saint Vincent and The Grenadines,2023,https://www.fragrantica.com/perfume/Nateeva/Saint-Vincent-and-The-Grenadines-86164.html
114146,Natio,Lunar,2023,https://www.fragrantica.com/perfume/Natio/Lunar-103327.html
114147,Natio,Natio Woman,,https://www.fragrantica.com/perfume/Natio/Natio-Woman-41739.html
114148,Natio,Solar,2023,https://www.fragrantica.com/perfume/Natio/Solar-103325.html
114149,Natio,Stellar,2023,https://www.fragrantica.com/perfume/Natio/Stellar-103326.html
114150,Natori,Josie,2014,https://www.fragrantica.com/perfume/Natori/Josie-26128.html
114151,Natori,Josie Exotic Petals,2015,https://www.fragrantica.com/perfume/Natori/Josie-Exotic-Petals-31773.html
114152,Natori,Natori,2009,https://www.fragrantica.com/perfume/Natori/Natori-6691.html
114153,Natori,Natori Eau de Toilette,2011,https://www.fragrantica.com/perfume/Natori/Natori-Eau-de-Toilette-12654.html
114154,Natur Milano,Adorami,,https://www.fragrantica.com/perfume/Natur-Milano/Adorami-36104.html
114155,Natur Milano,Armonia,,https://www.fragrantica.com/perfume/Natur-Milano/Armonia-36106.html
114156,Natur Milano,Gioia,,https://www.fragrantica.com/perfume/Natur-Milano/Gioia-36105.html
114157,Natur Milano,Horus Cinza Concreto,2014,https://www.fragrantica.com/perfume/Natur-Milano/Horus-Cinza-Concreto-42444.html
114158,Natura,379 Benjoim Cumaru,2024,https://www.fragrantica.com/perfume/Natura/379-Benjoim-Cumaru-95776.html
114159,Natura,505 Íris Priprioca,2024,https://www.fragrantica.com/perfume/Natura/505-Iris-Priprioca-95777.html
114160,Natura,679 Ambrette Copaíba,2024,https://www.fragrantica.com/perfume/Natura/679-Ambrette-Copaiba-95778.html
114161,Natura,740 Sândalo Breu Branco,2024,https://www.fragrantica.com/perfume/Natura/740-Sandalo-Breu-Branco-95779.html
114162,Natura,875 Vetiver Capitiú,2024,https://www.fragrantica.com/perfume/Natura/875-Vetiver-Capitiu-95780.html
114163,Natura,Acerola e Hibisco,2022,https://www.fragrantica.com/perfume/Natura/Acerola-e-Hibisco-76361.html
114164,Natura,Acerola e Morango,2014,https://www.fragrantica.com/perfume/Natura/Acerola-e-Morango-71656.html
114165,Natura,Adocicado Feminino,2013,https://www.fragrantica.com/perfume/Natura/Adocicado-Feminino-31906.html
114166,Natura,Água de Banho Breu Branco,2013,https://www.fragrantica.com/perfume/Natura/Agua-de-Banho-Breu-Branco-25959.html
114167,Natura,Água de Banho Cheiro de Moça Bonita,2011,https://www.fragrantica.com/perfume/Natura/Agua-de-Banho-Cheiro-de-Moca-Bonita-33643.html
114168,Natura,Água de Banho Ekos Cumaru,2016,https://www.fragrantica.com/perfume/Natura/Agua-de-Banho-Ekos-Cumaru-73001.html
114169,Natura,Água de Banho Encantos de Capitiú,2013,https://www.fragrantica.com/perfume/Natura/Agua-de-Banho-Encantos-de-Capitiu-26032.html
114170,Natura,Água de Banho Estoraque,2008,https://www.fragrantica.com/perfume/Natura/Agua-de-Banho-Estoraque-25960.html
114171,Natura,Água de Banho Misteriosa Pataqueira,2014,https://www.fragrantica.com/perfume/Natura/Agua-de-Banho-Misteriosa-Pataqueira-33656.html
114172,Natura,Água de Banho Priprioca,2004,https://www.fragrantica.com/perfume/Natura/Agua-de-Banho-Priprioca-25961.html
114173,Natura,Água de Banho Puro Breu,2010,https://www.fragrantica.com/perfume/Natura/Agua-de-Banho-Puro-Breu-41707.html
114174,Natura,Água de Banho Rara Priprioca,2013,https://www.fragrantica.com/perfume/Natura/Agua-de-Banho-Rara-Priprioca-26026.html
114175,Natura,Água de Banho Segredos de Breu,2013,https://www.fragrantica.com/perfume/Natura/Agua-de-Banho-Segredos-de-Breu-26030.html
114176,Natura,Alegria no Parque,2020,https://www.fragrantica.com/perfume/Natura/Alegria-no-Parque-61424.html
114177,Natura,Algodão,2012,https://www.fragrantica.com/perfume/Natura/Algodao-33520.html
114178,Natura,Algodão em Flor,2019,https://www.fragrantica.com/perfume/Natura/Algodao-em-Flor-61853.html
114179,Natura,Algodão Envolvente,2016,https://www.fragrantica.com/perfume/Natura/Algodao-Envolvente-56937.html
114180,Natura,Aliger,1994,https://www.fragrantica.com/perfume/Natura/Aliger-38441.html
114181,Natura,Alma,,https://huggingface.co/datasets/doevent/perfume
114182,Natura,Amasso,2010,https://www.fragrantica.com/perfume/Natura/Amasso-26035.html
114183,Natura,Ambarado Masculino,2013,https://www.fragrantica.com/perfume/Natura/Ambarado-Masculino-31913.html
114184,Natura,Ameixa e Flor de Baunilha,2021,https://www.fragrantica.com/perfume/Natura/Ameixa-e-Flor-de-Baunilha-67415.html
114185,Natura,Ameixa e Flor de Cerejeira,2018,https://www.fragrantica.com/perfume/Natura/Ameixa-e-Flor-de-Cerejeira-48640.html
114186,Natura,Ameixa e Gengibre Rosa,2020,https://www.fragrantica.com/perfume/Natura/Ameixa-e-Gengibre-Rosa-61433.html
114187,Natura,Amis =^.^=,2015,https://www.fragrantica.com/perfume/Natura/Amis-38505.html
114188,Natura,Amis <3,2015,https://www.fragrantica.com/perfume/Natura/Amis-3-38504.html
114189,Natura,Amis Uva,2016,https://www.fragrantica.com/perfume/Natura/Amis-Uva-43541.html
114190,Natura,Amó,2015,https://www.fragrantica.com/perfume/Natura/Amo-33356.html
114191,Natura,Amó Amasso,2010,https://www.parfumo.com/Perfumes/Natura/Am_Amasso
114192,Natura,Amó Arrepio,,https://www.parfumo.com/Perfumes/Natura/Am_Arrepio
114193,Natura,Amó Chamego,2010,https://www.parfumo.com/Perfumes/Natura/Am_Chamego
114194,Natura,Amó Esquenta,,https://www.parfumo.com/Perfumes/Natura/Am_Esquenta
114195,Natura,Amó Esquenta Intenso,,https://www.parfumo.com/Perfumes/Natura/Am_Esquenta_Intenso
114196,Natura,Amó Feminino,2015,https://www.parfumo.com/Perfumes/Natura/Am_Feminino
114197,Natura,Amó Masculino,2015,https://www.parfumo.com/Perfumes/Natura/Am_Masculino
114198,Natura,Amó Provoca,2013,https://www.parfumo.com/Perfumes/Natura/Am_Provoca
114199,Natura,Amó Suspiro,,https://www.parfumo.com/Perfumes/Natura/Am_Suspiro
114200,Natura,Amó Sussurro,,https://www.parfumo.com/Perfumes/Natura/Am_Sussurro
114201,Natura,Amor América Palo Santo,2008,https://www.fragrantica.com/perfume/Natura/Amor-America-Palo-Santo-5045.html
114202,Natura,Amor América Paramela,2008,https://www.fragrantica.com/perfume/Natura/Amor-America-Paramela-5044.html
114203,Natura,Amor América Segredo dos Andes,2010,https://www.fragrantica.com/perfume/Natura/Amor-America-Segredo-dos-Andes-66201.html
114204,Natura,Amor América Vivamérica,2011,https://www.fragrantica.com/perfume/Natura/Amor-America-Vivamerica-42447.html
114205,Natura,Amora e Amêndoas,2012,https://www.fragrantica.com/perfume/Natura/Amora-e-Amendoas-35160.html
114206,Natura,Amora Vermelha e Jabuticaba,2020,https://www.fragrantica.com/perfume/Natura/Amora-Vermelha-e-Jabuticaba-61434.html
114207,Natura,Angelica,,https://huggingface.co/datasets/doevent/perfume
114208,Natura,Ares de Shiraz,1997,https://www.fragrantica.com/perfume/Natura/Ares-de-Shiraz-34006.html
114209,Natura,Arrepio,2015,https://www.fragrantica.com/perfume/Natura/Arrepio-35526.html
114210,Natura,Atmos,2005,https://www.fragrantica.com/perfume/Natura/Atmos-36652.html
114211,Natura,Aura Alba,2025,https://www.fragrantica.com/perfume/Natura/Aura-Alba-104821.html
114212,Natura,Avelã e Cassis,2021,https://www.fragrantica.com/perfume/Natura/Avela-e-Cassis-65295.html
114213,Natura,Avelã e Romã,2013,https://www.fragrantica.com/perfume/Natura/Avela-e-Roma-35159.html
114214,Natura,Aventura Masculino,,https://huggingface.co/datasets/doevent/perfume
114215,Natura,Azul Marine,2011,https://www.fragrantica.com/perfume/Natura/Azul-Marine-26104.html
114216,Natura,Banho De Breu Branco,,https://huggingface.co/datasets/doevent/perfume
114217,Natura,Banho de Chuva,2015,https://www.fragrantica.com/perfume/Natura/Banho-de-Chuva-34144.html
114218,Natura,Banho de Chuva,2020,https://www.fragrantica.com/perfume/Natura/Banho-de-Chuva-61425.html
114219,Natura,Banho de Energia,2015,https://www.fragrantica.com/perfume/Natura/Banho-de-Energia-35158.html
114220,Natura,Banho de Lavanda,1990,https://www.fragrantica.com/perfume/Natura/Banho-de-Lavanda-26052.html
114221,Natura,Banho de Mar,2015,https://www.fragrantica.com/perfume/Natura/Banho-de-Mar-34142.html
114222,Natura,Beijo de Humor,2020,https://www.fragrantica.com/perfume/Natura/Beijo-de-Humor-60811.html
114223,Natura,Beijo De Humor Feminino,,https://huggingface.co/datasets/doevent/perfume
114224,Natura,Beijo De Humor Masculino,,https://huggingface.co/datasets/doevent/perfume
114225,Natura,Bem Bom Meninas,2009,https://www.fragrantica.com/perfume/Natura/Bem-Bom-Meninas-61411.html
114226,Natura,Bem Bom Meninos,2009,https://www.fragrantica.com/perfume/Natura/Bem-Bom-Meninos-61410.html
114227,Natura,Biografia,1994,https://www.fragrantica.com/perfume/Natura/Biografia-26039.html
114228,Natura,Biografia Assinatura,2019,https://www.fragrantica.com/perfume/Natura/Biografia-Assinatura-58312.html
114229,Natura,Biografia Assinatura Ffeminino,,https://huggingface.co/datasets/doevent/perfume
114230,Natura,Biografia Assinatura Masculino,,https://huggingface.co/datasets/doevent/perfume
114231,Natura,Biografia Caminhos,2021,https://www.fragrantica.com/perfume/Natura/Biografia-Caminhos-67391.html
114232,Natura,Biografia Caminhos Feminino,,https://huggingface.co/datasets/doevent/perfume
114233,Natura,Biografia Caminhos Masculino,,https://huggingface.co/datasets/doevent/perfume
114234,Natura,Biografia Contos de Verão,2013,https://www.fragrantica.com/perfume/Natura/Biografia-Contos-de-Verao-42446.html
114235,Natura,Biografia Desperte,2014,https://www.fragrantica.com/perfume/Natura/Biografia-Desperte-31812.html
114236,Natura,Biografia Desperte Feminino,,https://huggingface.co/datasets/doevent/perfume
114237,Natura,Biografia Encontros,2022,https://www.fragrantica.com/perfume/Natura/Biografia-Encontros-73351.html
114238,Natura,Biografia Encontros Masculino,,https://huggingface.co/datasets/doevent/perfume
114239,Natura,Biografia Feminino,,https://huggingface.co/datasets/doevent/perfume
114240,Natura,Biografia Inspire,2016,https://www.fragrantica.com/perfume/Natura/Biografia-Inspire-41477.html
114241,Natura,Biografia Inspire,2017,https://www.fragrantica.com/perfume/Natura/Biografia-Inspire-47151.html
114242,Natura,Biografia Inspire Masculino,,https://huggingface.co/datasets/doevent/perfume
114243,Natura,Biografia Masculino,,https://huggingface.co/datasets/doevent/perfume
114244,Natura,Biografia Verão,2013,https://www.fragrantica.com/perfume/Natura/Biografia-Verao-42445.html
114245,Natura,Boas Energias,2018,https://www.fragrantica.com/perfume/Natura/Boas-Energias-62822.html
114246,Natura,Bom Bom,2015,https://www.fragrantica.com/perfume/Natura/Bom-Bom-61412.html
114247,Natura,Borbulhas de Humor,2013,https://www.fragrantica.com/perfume/Natura/Borbulhas-de-Humor-26161.html
114248,Natura,Breu Branco,,https://huggingface.co/datasets/doevent/perfume
114249,Natura,Campo De Violetas,,https://huggingface.co/datasets/doevent/perfume
114250,Natura,Capim-Limão,2009,https://www.fragrantica.com/perfume/Natura/Capim-Limao-58436.html
114251,Natura,Capim Limão e Hortelã,2022,https://www.fragrantica.com/perfume/Natura/Capim-Limao-e-Hortela-72573.html
114252,Natura,Carambola,2019,https://www.fragrantica.com/perfume/Natura/Carambola-71028.html
114253,Natura,Carambola Para Boas Energias,2026,https://www.fragrantica.com/perfume/Natura/Carambola-Para-Boas-Energias-123628.html
114254,Natura,Caramelo Salgado,2026,https://www.fragrantica.com/perfume/Natura/Caramelo-Salgado-137962.html
114255,Natura,Catavento,2024,https://www.fragrantica.com/perfume/Natura/Catavento-97486.html
114256,Natura,Cedro Rosa,2011,https://www.fragrantica.com/perfume/Natura/Cedro-Rosa-26054.html
114257,Natura,Cereja e Avelã,2014,https://www.fragrantica.com/perfume/Natura/Cereja-e-Avela-33500.html
114258,Natura,Cereja e Avelã Multi Hair,2025,https://www.fragrantica.com/perfume/Natura/Cereja-e-Avela-Multi-Hair-108358.html
114259,Natura,Cereja Negra e Praliné,2025,https://www.fragrantica.com/perfume/Natura/Cereja-Negra-e-Praline-105784.html
114260,Natura,Chá de Camomila e Lavanda,2024,https://www.fragrantica.com/perfume/Natura/Cha-de-Camomila-e-Lavanda-95751.html
114261,Natura,Chá de Frutas,2004,https://www.fragrantica.com/perfume/Natura/Cha-de-Frutas-71518.html
114262,Natura,Chamego,2010,https://www.fragrantica.com/perfume/Natura/Chamego-26036.html
114263,Natura,Ciprus,1990,https://www.fragrantica.com/perfume/Natura/Ciprus-62334.html
114264,Natura,Citrico Feminino,2013,https://www.fragrantica.com/perfume/Natura/Citrico-Feminino-31910.html
114265,Natura,Citrico Masculino,2013,https://www.fragrantica.com/perfume/Natura/Citrico-Masculino-31914.html
114266,Natura,Collages Angelica,2018,https://www.fragrantica.com/perfume/Natura/Collages-Angelica-60786.html
114267,Natura,Collages Jacaranda,2018,https://www.fragrantica.com/perfume/Natura/Collages-Jacaranda-60787.html
114268,Natura,Collages Madeira Branca,2018,https://www.fragrantica.com/perfume/Natura/Collages-Madeira-Branca-60788.html
114269,Natura,Collages Nectar,2018,https://www.fragrantica.com/perfume/Natura/Collages-Nectar-60789.html
114270,Natura,Collages Terra,2018,https://www.fragrantica.com/perfume/Natura/Collages-Terra-60790.html
114271,Natura,Completa,,https://huggingface.co/datasets/doevent/perfume
114272,Natura,Conexão de Humor,2024,https://www.fragrantica.com/perfume/Natura/Conexao-de-Humor-93130.html
114273,Natura,Cool Vibe!,2018,https://www.fragrantica.com/perfume/Natura/Cool-Vibe-54386.html
114274,Natura,Copaíba,2015,https://www.fragrantica.com/perfume/Natura/Copaiba-34407.html
114275,Natura,Corre Corre,2024,https://www.fragrantica.com/perfume/Natura/Corre-Corre-96468.html
114276,Natura,Curtidas de Humor,2018,https://www.fragrantica.com/perfume/Natura/Curtidas-de-Humor-54717.html
114277,Natura,Desenho nas Nuvens,2020,https://www.fragrantica.com/perfume/Natura/Desenho-nas-Nuvens-61427.html
114278,Natura,Desperte,2014,https://www.fragrantica.com/perfume/Natura/Desperte-34628.html
114279,Natura,Dia de Sol Frutas Tropicais,2014,https://www.fragrantica.com/perfume/Natura/Dia-de-Sol-Frutas-Tropicais-36185.html
114280,Natura,Dias de Verão,2017,https://www.fragrantica.com/perfume/Natura/Dias-de-Verao-49006.html
114281,Natura,Dom,,https://huggingface.co/datasets/doevent/perfume
114282,Natura,Dose de Humor,2020,https://www.fragrantica.com/perfume/Natura/Dose-de-Humor-59526.html
114283,Natura,Due,2004,https://www.fragrantica.com/perfume/Natura/Due-34004.html
114284,Natura,Eau de L'arc,1985,https://www.fragrantica.com/perfume/Natura/Eau-de-L-arc-56341.html
114285,Natura,Eau de L'arc Herbelle,1985,https://www.fragrantica.com/perfume/Natura/Eau-de-L-arc-Herbelle-62613.html
114286,Natura,Eco Motion,,https://huggingface.co/datasets/doevent/perfume
114287,Natura,Ekos Alma,2019,https://www.fragrantica.com/perfume/Natura/Ekos-Alma-57255.html
114288,Natura,Ekos Alma 2025,2025,https://www.fragrantica.com/perfume/Natura/Ekos-Alma-2025-109347.html
114289,Natura,Ekos Amazô,2024,https://www.fragrantica.com/perfume/Natura/Ekos-Amazo-92516.html
114290,Natura,Ekos Estoraque 2021,2021,https://www.fragrantica.com/perfume/Natura/Ekos-Estoraque-2021-66249.html
114291,Natura,Ekos Fava,2026,https://www.fragrantica.com/perfume/Natura/Ekos-Fava-138819.html
114292,Natura,Ekos Pedra,2025,https://www.fragrantica.com/perfume/Natura/Ekos-Pedra-109345.html
114293,Natura,Ekos Raiz,2025,https://www.fragrantica.com/perfume/Natura/Ekos-Raiz-109346.html
114294,Natura,Elixir + Beijo de Humor,2020,https://www.fragrantica.com/perfume/Natura/Elixir-Beijo-de-Humor-63795.html
114295,Natura,Elixir Humor Mais Beijo,,https://huggingface.co/datasets/doevent/perfume
114296,Natura,Elo,,https://huggingface.co/datasets/doevent/perfume
114297,Natura,Encanto das Águas,2010,https://www.fragrantica.com/perfume/Natura/Encanto-das-Aguas-41706.html
114298,Natura,Encanto das Rosas,2020,https://www.fragrantica.com/perfume/Natura/Encanto-das-Rosas-71575.html
114299,Natura,Energia Flor de Gengibre e Tangerina,2025,https://www.fragrantica.com/perfume/Natura/Energia-Flor-de-Gengibre-e-Tangerina-103310.html
114300,Natura,Envolvente 2010,2010,https://www.fragrantica.com/perfume/Natura/Envolvente-2010-35762.html
114301,Natura,Envolvente 2011,2011,https://www.fragrantica.com/perfume/Natura/Envolvente-2011-35766.html
114302,Natura,Erva Doce,2023,https://www.fragrantica.com/perfume/Natura/Erva-Doce-89941.html
114303,Natura,Ervas Feminino,2012,https://www.fragrantica.com/perfume/Natura/Ervas-Feminino-31905.html
114304,Natura,Ervas Masculino,2012,https://www.fragrantica.com/perfume/Natura/Ervas-Masculino-31451.html
114305,Natura,Especiarias Frescas,2007,https://www.fragrantica.com/perfume/Natura/Especiarias-Frescas-62599.html
114306,Natura,Esquenta,2012,https://www.fragrantica.com/perfume/Natura/Esquenta-26037.html
114307,Natura,Esquenta Intenso,,https://www.fragrantica.com/perfume/Natura/Esquenta-Intenso-31807.html
114308,Natura,Essência de Moça,2013,https://www.fragrantica.com/perfume/Natura/Essencia-de-Moca-33654.html
114309,Natura,Essência Misteriosa Pataqueira,2014,https://www.fragrantica.com/perfume/Natura/Essencia-Misteriosa-Pataqueira-33910.html
114310,Natura,Essência Sublime,2025,https://www.fragrantica.com/perfume/Natura/Essencia-Sublime-103847.html
114311,Natura,Essencial Ato,2023,https://www.fragrantica.com/perfume/Natura/Essencial-Ato-80079.html
114312,Natura,Essencial Atrai,2025,https://www.fragrantica.com/perfume/Natura/Essencial-Atrai-104268.html
114313,Natura,Essencial Desejos,2025,https://www.fragrantica.com/perfume/Natura/Essencial-Desejos-118201.html
114314,Natura,Essencial Elixir,2017,https://www.fragrantica.com/perfume/Natura/Essencial-Elixir-44732.html
114315,Natura,Essencial Estilo,2015,https://www.fragrantica.com/perfume/Natura/Essencial-Estilo-33924.html
114316,Natura,Essencial Exclusivo,2010,https://www.fragrantica.com/perfume/Natura/Essencial-Exclusivo-12099.html
114317,Natura,Essencial Exclusivo Floral,2013,https://www.fragrantica.com/perfume/Natura/Essencial-Exclusivo-Floral-33919.html
114318,Natura,Essencial Exclusivo Hair,2025,https://www.fragrantica.com/perfume/Natura/Essencial-Exclusivo-Hair-108359.html
114319,Natura,Essencial Feminino,1995,https://www.fragrantica.com/perfume/Natura/Essencial-Feminino-12097.html
114320,Natura,Essencial Feminino Ato,,https://huggingface.co/datasets/doevent/perfume
114321,Natura,Essencial Intenso,2013,https://www.fragrantica.com/perfume/Natura/Essencial-Intenso-35294.html
114322,Natura,Essencial Masculino,1995,https://www.fragrantica.com/perfume/Natura/Essencial-Masculino-12098.html
114323,Natura,Essencial Masculino Ato,,https://huggingface.co/datasets/doevent/perfume
114324,Natura,Essencial Mirra,2020,https://www.fragrantica.com/perfume/Natura/Essencial-Mirra-63631.html
114325,Natura,Essencial Mirra Feminino,,https://huggingface.co/datasets/doevent/perfume
114326,Natura,Essencial Mirra Masculino,,https://huggingface.co/datasets/doevent/perfume
114327,Natura,Essencial Oud,2017,https://www.fragrantica.com/perfume/Natura/Essencial-Oud-52563.html
114328,Natura,Essencial Oud Feminino,,https://huggingface.co/datasets/doevent/perfume
114329,Natura,Essencial Oud Masculino,,https://huggingface.co/datasets/doevent/perfume
114330,Natura,Essencial Oud Pimenta,2021,https://www.fragrantica.com/perfume/Natura/Essencial-Oud-Pimenta-67195.html
114331,Natura,Essencial Oud Pimenta Feminino,,https://huggingface.co/datasets/doevent/perfume
114332,Natura,Essencial Oud Pimenta Masculino,,https://huggingface.co/datasets/doevent/perfume
114333,Natura,Essencial Oud Vanilla,2021,https://www.fragrantica.com/perfume/Natura/Essencial-Oud-Vanilla-66163.html
114334,Natura,Essencial Oud Vanilla Masculino,,https://huggingface.co/datasets/doevent/perfume
114335,Natura,Essencial Palo Santo,2021,https://www.fragrantica.com/perfume/Natura/Essencial-Palo-Santo-70110.html
114336,Natura,Essencial Palo Santo Masculino,,https://huggingface.co/datasets/doevent/perfume
114337,Natura,Essencial Safran,2026,https://www.fragrantica.com/perfume/Natura/Essencial-Safran-129266.html
114338,Natura,Essencial Sentir,2024,https://www.fragrantica.com/perfume/Natura/Essencial-Sentir-98845.html
114339,Natura,Essencial Supreme,2019,https://www.fragrantica.com/perfume/Natura/Essencial-Supreme-57687.html
114340,Natura,Essencial Supreme Man 2019,2019,https://huggingface.co/datasets/doevent/perfume
114341,Natura,Essencial Supreme Woman 2019,2019,https://huggingface.co/datasets/doevent/perfume
114342,Natura,Essencial Único,2022,https://www.fragrantica.com/perfume/Natura/Essencial-Unico-72416.html
114343,Natura,Esta Flor Flor de Laranjeira,2016,https://www.fragrantica.com/perfume/Natura/Esta-Flor-Flor-de-Laranjeira-41719.html
114344,Natura,Esta Flor Íris,2015,https://www.fragrantica.com/perfume/Natura/Esta-Flor-Iris-34193.html
114345,Natura,Esta Flor Jasmim,2018,https://www.fragrantica.com/perfume/Natura/Esta-Flor-Jasmim-71130.html
114346,Natura,Esta Flor Lavanda,2018,https://www.fragrantica.com/perfume/Natura/Esta-Flor-Lavanda-58164.html
114347,Natura,Esta Flor Rosa,2015,https://www.fragrantica.com/perfume/Natura/Esta-Flor-Rosa-34194.html
114348,Natura,Estilo Feminino,,https://huggingface.co/datasets/doevent/perfume
114349,Natura,Exclusivo Feminino,,https://huggingface.co/datasets/doevent/perfume
114350,Natura,Exsultate,1996,https://www.fragrantica.com/perfume/Natura/Exsultate-33953.html
114351,Natura,Faces Bela,2013,https://www.fragrantica.com/perfume/Natura/Faces-Bela-71658.html
114352,Natura,Faces Conectada,2011,https://www.fragrantica.com/perfume/Natura/Faces-Conectada-71529.html
114353,Natura,Faces Cool Vibe!,,https://huggingface.co/datasets/doevent/perfume
114354,Natura,Faces Ilimitada,2011,https://www.fragrantica.com/perfume/Natura/Faces-Ilimitada-71531.html
114355,Natura,Faces Ilimitada Energia,2008,https://www.fragrantica.com/perfume/Natura/Faces-Ilimitada-Energia-71576.html
114356,Natura,Faces Infinita,2010,https://www.fragrantica.com/perfume/Natura/Faces-Infinita-71530.html
114357,Natura,Faces Infinita Noite,2011,https://www.fragrantica.com/perfume/Natura/Faces-Infinita-Noite-71659.html
114358,Natura,Faces Inspiradora,2015,https://www.fragrantica.com/perfume/Natura/Faces-Inspiradora-71657.html
114359,Natura,Faces Intensa,2009,https://www.fragrantica.com/perfume/Natura/Faces-Intensa-12264.html
114360,Natura,Faces No Gender,,https://huggingface.co/datasets/doevent/perfume
114361,Natura,Faces Rebel Glam,,https://huggingface.co/datasets/doevent/perfume
114362,Natura,Faces Secreta,2012,https://www.fragrantica.com/perfume/Natura/Faces-Secreta-38507.html
114363,Natura,Faces Toxic! Pink,,https://huggingface.co/datasets/doevent/perfume
114364,Natura,Festival de Humor,2024,https://www.fragrantica.com/perfume/Natura/Festival-de-Humor-93129.html
114365,Natura,Fields to South (Campos au Sul),2011,https://www.fragrantica.com/perfume/Natura/Fields-to-South-Campos-au-Sul-26043.html
114366,Natura,Flor D'água,2003,https://www.fragrantica.com/perfume/Natura/Flor-D-agua-56437.html
114367,Natura,Flor da Manhã,2017,https://www.fragrantica.com/perfume/Natura/Flor-da-Manha-43624.html
114368,Natura,Flor de Ameixa Multi Hair,2025,https://www.fragrantica.com/perfume/Natura/Flor-de-Ameixa-Multi-Hair-108357.html
114369,Natura,Flor de Cerejeira,,https://www.fragrantica.com/perfume/Natura/Flor-de-Cerejeira-26049.html
114370,Natura,Flor de Frésia,2019,https://www.fragrantica.com/perfume/Natura/Flor-de-Fresia-71522.html
114371,Natura,Flor de Laranjeira,1989,https://www.fragrantica.com/perfume/Natura/Flor-de-Laranjeira-26062.html
114372,Natura,Flor de Laranjeira,2006,https://www.fragrantica.com/perfume/Natura/Flor-de-Laranjeira-26183.html
114373,Natura,Flor de Lis,2018,https://www.fragrantica.com/perfume/Natura/Flor-de-Lis-54718.html
114374,Natura,Flor de Lótus,2019,https://www.fragrantica.com/perfume/Natura/Flor-de-Lotus-71523.html
114375,Natura,Flor de Maçã,2017,https://www.fragrantica.com/perfume/Natura/Flor-de-Maca-71029.html
114376,Natura,Flor de Maçã,2018,https://www.fragrantica.com/perfume/Natura/Flor-de-Maca-64711.html
114377,Natura,Flor de Pêra e Melissa,2024,https://www.fragrantica.com/perfume/Natura/Flor-de-Pera-e-Melissa-98670.html
114378,Natura,Flor do Luar,2016,https://www.fragrantica.com/perfume/Natura/Flor-do-Luar-38286.html
114379,Natura,Flor do Mar,2010,https://www.fragrantica.com/perfume/Natura/Flor-do-Mar-41705.html
114380,Natura,Floral Feminino,2012,https://www.fragrantica.com/perfume/Natura/Floral-Feminino-31486.html
114381,Natura,Floral Masculino,2012,https://www.fragrantica.com/perfume/Natura/Floral-Masculino-31485.html
114382,Natura,Floral Vanilla,,https://www.fragrantica.com/perfume/Natura/Floral-Vanilla-111599.html
114383,Natura,Flores Delicadas,2020,https://www.fragrantica.com/perfume/Natura/Flores-Delicadas-60595.html
114384,Natura,Flores Flor de Pêssego e Jasmim,2025,https://www.fragrantica.com/perfume/Natura/Flores-Flor-de-Pessego-e-Jasmim-105528.html
114385,Natura,Flores Flutuantes,2019,https://www.fragrantica.com/perfume/Natura/Flores-Flutuantes-56451.html
114386,Natura,Folhas Cítricas,2004,https://www.fragrantica.com/perfume/Natura/Folhas-Citricas-71521.html
114387,Natura,Folhas de Cravo,2009,https://www.fragrantica.com/perfume/Natura/Folhas-de-Cravo-56229.html
114388,Natura,Folhas de Limão e Graviola,2019,https://www.fragrantica.com/perfume/Natura/Folhas-de-Limao-e-Graviola-54719.html
114389,Natura,Folhas de Pimenta,2008,https://www.fragrantica.com/perfume/Natura/Folhas-de-Pimenta-26063.html
114390,Natura,Força,,https://huggingface.co/datasets/doevent/perfume
114391,Natura,Formula do Humor,2011,https://www.fragrantica.com/perfume/Natura/Formula-do-Humor-26113.html
114392,Natura,Framboesa,2024,https://www.fragrantica.com/perfume/Natura/Framboesa-101332.html
114393,Natura,Framboesa e Pimenta Rosa,2015,https://www.fragrantica.com/perfume/Natura/Framboesa-e-Pimenta-Rosa-34255.html
114394,Natura,Framboesa e Pimenta Vermelha,2018,https://www.fragrantica.com/perfume/Natura/Framboesa-e-Pimenta-Vermelha-57650.html
114395,Natura,Frescor Banho de Cheiro Flor de Vindicá,2026,https://www.fragrantica.com/perfume/Natura/Frescor-Banho-de-Cheiro-Flor-de-Vindica-137057.html
114396,Natura,Frescor Banho de Cheiro Hortelã Pimenta,2026,https://www.fragrantica.com/perfume/Natura/Frescor-Banho-de-Cheiro-Hortela-Pimenta-137056.html
114397,Natura,Frescor Baunilha Amazônica,2026,https://www.fragrantica.com/perfume/Natura/Frescor-Baunilha-Amazonica-139290.html
114398,Natura,Frescor Capitiú,2021,https://www.fragrantica.com/perfume/Natura/Frescor-Capitiu-70066.html
114399,Natura,Frescor de Açaí,2009,https://www.fragrantica.com/perfume/Natura/Frescor-de-Acai-25958.html
114400,Natura,Frescor de Andiroba,2023,https://www.fragrantica.com/perfume/Natura/Frescor-de-Andiroba-88599.html
114401,Natura,Frescor de Buriti,2012,https://www.fragrantica.com/perfume/Natura/Frescor-de-Buriti-26031.html
114402,Natura,Frescor de Cacau,2008,https://www.fragrantica.com/perfume/Natura/Frescor-de-Cacau-25963.html
114403,Natura,Frescor de Castanha,2009,https://www.fragrantica.com/perfume/Natura/Frescor-de-Castanha-25962.html
114404,Natura,Frescor de Cumaru,2016,https://www.fragrantica.com/perfume/Natura/Frescor-de-Cumaru-41708.html
114405,Natura,Frescor de Cupuaçú,2008,https://www.fragrantica.com/perfume/Natura/Frescor-de-Cupuacu-57145.html
114406,Natura,Frescor de Maracujá,2003,https://www.fragrantica.com/perfume/Natura/Frescor-de-Maracuja-25975.html
114407,Natura,Frescor de Maracujá Rosa,2015,https://www.fragrantica.com/perfume/Natura/Frescor-de-Maracuja-Rosa-34406.html
114408,Natura,Frescor de Maracujá Roxo,2011,https://www.fragrantica.com/perfume/Natura/Frescor-de-Maracuja-Roxo-36496.html
114409,Natura,Frescor de Moça,2017,https://www.fragrantica.com/perfume/Natura/Frescor-de-Moca-47635.html
114410,Natura,Frescor de Pitanga,2003,https://www.fragrantica.com/perfume/Natura/Frescor-de-Pitanga-25976.html
114411,Natura,Frescor de Pitanga Preta,2003,https://www.fragrantica.com/perfume/Natura/Frescor-de-Pitanga-Preta-25985.html
114412,Natura,Frescor Flor de Cupuaçú,2012,https://www.fragrantica.com/perfume/Natura/Frescor-Flor-de-Cupuacu-57146.html
114413,Natura,Frescor Ishpink,2021,https://www.fragrantica.com/perfume/Natura/Frescor-Ishpink-68797.html
114414,Natura,Frescor Madeira em Flor,2005,https://www.fragrantica.com/perfume/Natura/Frescor-Madeira-em-Flor-26025.html
114415,Natura,Frescor Pataqueira,2022,https://www.fragrantica.com/perfume/Natura/Frescor-Pataqueira-76364.html
114416,Natura,Frescor Tukumã,2023,https://www.fragrantica.com/perfume/Natura/Frescor-Tukuma-84156.html
114417,Natura,Freshness Yellow Pitanga (Pitanga Amarela),2012,https://www.fragrantica.com/perfume/Natura/Freshness-Yellow-Pitanga-Pitanga-Amarela-26033.html
114418,Natura,Frésia em Flor,2019,https://www.fragrantica.com/perfume/Natura/Fresia-em-Flor-59034.html
114419,Natura,Fru Fru,2009,https://www.fragrantica.com/perfume/Natura/Fru-Fru-61408.html
114420,Natura,Frutal Feminino,2012,https://www.fragrantica.com/perfume/Natura/Frutal-Feminino-31911.html
114421,Natura,Frutal Masculino,2012,https://www.fragrantica.com/perfume/Natura/Frutal-Masculino-31501.html
114422,Natura,Frutas Tropicais,2022,https://www.fragrantica.com/perfume/Natura/Frutas-Tropicais-76362.html
114423,Natura,Frutas Vermelhas,2012,https://www.fragrantica.com/perfume/Natura/Frutas-Vermelhas-33521.html
114424,Natura,Frutas Vermelhas Intensas,2019,https://www.fragrantica.com/perfume/Natura/Frutas-Vermelhas-Intensas-56453.html
114425,Natura,Gen,2003,https://www.fragrantica.com/perfume/Natura/Gen-33957.html
114426,Natura,Gotas de Amora,,https://www.fragrantica.com/perfume/Natura/Gotas-de-Amora-26064.html
114427,Natura,Ha Ha Ha,2009,https://www.fragrantica.com/perfume/Natura/Ha-Ha-Ha-61407.html
114428,Natura,Hoje,2000,https://www.fragrantica.com/perfume/Natura/Hoje-43144.html
114429,Natura,Hoje,2006,https://www.fragrantica.com/perfume/Natura/Hoje-33298.html
114430,Natura,Homem,1997,https://www.fragrantica.com/perfume/Natura/Homem-26088.html
114431,Natura,Homem Absoluto,2025,https://www.fragrantica.com/perfume/Natura/Homem-Absoluto-119408.html
114432,Natura,Homem Acqua,2007,https://www.fragrantica.com/perfume/Natura/Homem-Acqua-33193.html
114433,Natura,Homem Aurum,2011,https://www.fragrantica.com/perfume/Natura/Homem-Aurum-26089.html
114434,Natura,Homem Aurum Intenso,2014,https://www.fragrantica.com/perfume/Natura/Homem-Aurum-Intenso-26091.html
114435,Natura,Homem Cor.Agio,2018,https://www.fragrantica.com/perfume/Natura/Homem-Cor-Agio-53469.html
114436,Natura,Homem Cromo,2008,https://www.fragrantica.com/perfume/Natura/Homem-Cromo-33192.html
114437,Natura,Homem Dom,2019,https://www.fragrantica.com/perfume/Natura/Homem-Dom-56083.html
114438,Natura,Homem Elemento,2012,https://www.fragrantica.com/perfume/Natura/Homem-Elemento-26092.html
114439,Natura,Homem Elo,2023,https://www.fragrantica.com/perfume/Natura/Homem-Elo-81876.html
114440,Natura,Homem Emocion.e,2020,https://www.fragrantica.com/perfume/Natura/Homem-Emocion-e-62028.html
114441,Natura,Homem Especiarias,2016,https://www.fragrantica.com/perfume/Natura/Homem-Especiarias-36651.html
114442,Natura,Homem Essence,2016,https://www.fragrantica.com/perfume/Natura/Homem-Essence-40309.html
114443,Natura,Homem Evolut.io,2025,https://www.fragrantica.com/perfume/Natura/Homem-Evolut-io-109622.html
114444,Natura,Homem Identidad,2026,https://www.fragrantica.com/perfume/Natura/Homem-Identidad-135876.html
114445,Natura,Homem Íon,2010,https://www.fragrantica.com/perfume/Natura/Homem-Ion-26098.html
114446,Natura,Homem Madeiras,2015,https://www.fragrantica.com/perfume/Natura/Homem-Madeiras-33473.html
114447,Natura,Homem Neo,2022,https://www.fragrantica.com/perfume/Natura/Homem-Neo-75016.html
114448,Natura,Homem Nitro,2008,https://www.fragrantica.com/perfume/Natura/Homem-Nitro-26090.html
114449,Natura,Homem Nitro Intenso,2015,https://www.fragrantica.com/perfume/Natura/Homem-Nitro-Intenso-34757.html
114450,Natura,Homem Nós,2024,https://www.fragrantica.com/perfume/Natura/Homem-Nos-94196.html
114451,Natura,Homem Re.Conecta,2021,https://www.fragrantica.com/perfume/Natura/Homem-Re-Conecta-70857.html
114452,Natura,Homem Sagaz,2017,https://www.fragrantica.com/perfume/Natura/Homem-Sagaz-48965.html
114453,Natura,Homem Tato,2021,https://www.fragrantica.com/perfume/Natura/Homem-Tato-68157.html
114454,Natura,Homem Verse,2020,https://www.fragrantica.com/perfume/Natura/Homem-Verse-63993.html
114455,Natura,Homem Verum,2018,https://www.fragrantica.com/perfume/Natura/Homem-Verum-50882.html
114456,Natura,Homem Zero Grau,2013,https://www.fragrantica.com/perfume/Natura/Homem-Zero-Grau-34756.html
114457,Natura,Horus,1984,https://www.fragrantica.com/perfume/Natura/Horus-12557.html
114458,Natura,Horus Verde Citro,2012,https://www.fragrantica.com/perfume/Natura/Horus-Verde-Citro-26103.html
114459,Natura,Humor 1,2006,https://www.fragrantica.com/perfume/Natura/Humor-1-26117.html
114460,Natura,Humor 2,2006,https://www.fragrantica.com/perfume/Natura/Humor-2-26109.html
114461,Natura,Humor 3,2005,https://www.fragrantica.com/perfume/Natura/Humor-3-36557.html
114462,Natura,Humor 4,2007,https://www.fragrantica.com/perfume/Natura/Humor-4-33215.html
114463,Natura,Humor 5,2009,https://www.fragrantica.com/perfume/Natura/Humor-5-26115.html
114464,Natura,Humor 6 Paz e Humor,2010,https://www.fragrantica.com/perfume/Natura/Humor-6-Paz-e-Humor-26110.html
114465,Natura,Humor 7 Bem Me Quer,2010,https://www.fragrantica.com/perfume/Natura/Humor-7-Bem-Me-Quer-26118.html
114466,Natura,Humor a Dois,2018,https://www.fragrantica.com/perfume/Natura/Humor-a-Dois-78483.html
114467,Natura,Humor a Rigor,2014,https://www.fragrantica.com/perfume/Natura/Humor-a-Rigor-34951.html
114468,Natura,Humor à Vista,2018,https://www.fragrantica.com/perfume/Natura/Humor-a-Vista-52713.html
114469,Natura,Humor + Ânimo,2026,https://www.fragrantica.com/perfume/Natura/Humor-Animo-135458.html
114470,Natura,Humor Bom Bom,2012,https://www.fragrantica.com/perfume/Natura/Humor-Bom-Bom-34754.html
114471,Natura,Humor + Confiança,2026,https://www.fragrantica.com/perfume/Natura/Humor-Confianca-135461.html
114472,Natura,Humor da Minha Vida,2016,https://www.fragrantica.com/perfume/Natura/Humor-da-Minha-Vida-43620.html
114473,Natura,Humor de Salto Alto,2019,https://www.fragrantica.com/perfume/Natura/Humor-de-Salto-Alto-58421.html
114474,Natura,Humor Envolve,2025,https://www.fragrantica.com/perfume/Natura/Humor-Envolve-106203.html
114475,Natura,Humor Estelar,2022,https://www.fragrantica.com/perfume/Natura/Humor-Estelar-77439.html
114476,Natura,Humor Galáxia,2022,https://www.fragrantica.com/perfume/Natura/Humor-Galaxia-77440.html
114477,Natura,Humor Liberta,2022,https://www.fragrantica.com/perfume/Natura/Humor-Liberta-71736.html
114478,Natura,Humor Liberta Body Splash (Body Mist),2023,https://www.fragrantica.com/perfume/Natura/Humor-Liberta-Body-Splash-80080.html
114479,Natura,Humor no Ar,2012,https://www.fragrantica.com/perfume/Natura/Humor-no-Ar-26114.html
114480,Natura,Humor On-line,2021,https://www.fragrantica.com/perfume/Natura/Humor-On-line-68230.html
114481,Natura,Humor On-Line Feminino,,https://huggingface.co/datasets/doevent/perfume
114482,Natura,Humor On-Line Masculino,,https://huggingface.co/datasets/doevent/perfume
114483,Natura,Humor Perfeito,2015,https://www.fragrantica.com/perfume/Natura/Humor-Perfeito-31801.html
114484,Natura,Humor Próprio,,https://huggingface.co/datasets/doevent/perfume
114485,Natura,Humor Próprio Body Splash (Body Mist),2024,https://www.fragrantica.com/perfume/Natura/Humor-Proprio-Body-Splash-94406.html
114486,Natura,Humor Secreto,2015,https://www.fragrantica.com/perfume/Natura/Humor-Secreto-31805.html
114487,Natura,Humor Transforma,2023,https://www.fragrantica.com/perfume/Natura/Humor-Transforma-81848.html
114488,Natura,Humor Transforma Body Splash (Body Mist),2024,https://www.fragrantica.com/perfume/Natura/Humor-Transforma-Body-Splash-94409.html
114489,Natura,Humor + Vibrações,2026,https://www.fragrantica.com/perfume/Natura/Humor-Vibracoes-135462.html
114490,Natura,Ilía,2015,https://www.fragrantica.com/perfume/Natura/Ilia-42442.html
114491,Natura,Ilía Completa,2023,https://www.fragrantica.com/perfume/Natura/Ilia-Completa-83524.html
114492,Natura,Ilía Dual,2019,https://www.fragrantica.com/perfume/Natura/Ilia-Dual-54325.html
114493,Natura,Ilía Flor de Laranjeira,2021,https://www.fragrantica.com/perfume/Natura/Ilia-Flor-de-Laranjeira-64960.html
114494,Natura,Ilía Florescer,2017,https://www.fragrantica.com/perfume/Natura/Ilia-Florescer-58423.html
114495,Natura,Ilía Jardim Secreto,2026,https://www.fragrantica.com/perfume/Natura/Ilia-Jardim-Secreto-138288.html
114496,Natura,Ilía Laços,2020,https://www.fragrantica.com/perfume/Natura/Ilia-Lacos-60541.html
114497,Natura,Ilía Plena,2022,https://www.fragrantica.com/perfume/Natura/Ilia-Plena-75071.html
114498,Natura,Ilía Secreto,2018,https://www.fragrantica.com/perfume/Natura/Ilia-Secreto-48977.html
114499,Natura,Ilía Ser,2021,https://www.fragrantica.com/perfume/Natura/Ilia-Ser-68229.html
114500,Natura,Ilía Viver,2017,https://www.fragrantica.com/perfume/Natura/Ilia-Viver-58422.html
114501,Natura,Inspira,2017,https://www.fragrantica.com/perfume/Natura/Inspira-59750.html
114502,Natura,Inspira Beleza,2018,https://www.fragrantica.com/perfume/Natura/Inspira-Beleza-59749.html
114503,Natura,Intensa,2013,https://www.fragrantica.com/perfume/Natura/Intensa-26086.html
114504,Natura,Intenso,,https://huggingface.co/datasets/doevent/perfume
114505,Natura,Intuição,1998,https://www.fragrantica.com/perfume/Natura/Intuicao-33955.html
114506,Natura,Jabuticaba,2008,https://www.fragrantica.com/perfume/Natura/Jabuticaba-26060.html
114507,Natura,Jacaranda,,https://huggingface.co/datasets/doevent/perfume
114508,Natura,Jambo Rosa e Flor de Caju,2025,https://www.fragrantica.com/perfume/Natura/Jambo-Rosa-e-Flor-de-Caju-111585.html
114509,Natura,Jardim de Peônias,2017,https://www.fragrantica.com/perfume/Natura/Jardim-de-Peonias-47636.html
114510,Natura,Junie,1998,https://www.fragrantica.com/perfume/Natura/Junie-60680.html
114511,Natura,K,2017,https://www.fragrantica.com/perfume/Natura/K-46843.html
114512,Natura,K Max,2019,https://www.fragrantica.com/perfume/Natura/K-Max-55558.html
114513,Natura,Kaiak,1996,https://www.fragrantica.com/perfume/Natura/Kaiak-13237.html
114514,Natura,Kaiak,2003,https://www.fragrantica.com/perfume/Natura/Kaiak-12384.html
114515,Natura,Kaiak 21K,2026,https://www.fragrantica.com/perfume/Natura/Kaiak-21K-141142.html
114516,Natura,Kaiak Aero,2018,https://www.fragrantica.com/perfume/Natura/Kaiak-Aero-48944.html
114517,Natura,Kaiak Aero Homme,,https://huggingface.co/datasets/doevent/perfume
114518,Natura,Kaiak Aventura,2003,https://www.fragrantica.com/perfume/Natura/Kaiak-Aventura-26137.html
114519,Natura,Kaiak Aventura,2017,https://www.fragrantica.com/perfume/Natura/Kaiak-Aventura-43623.html
114520,Natura,Kaiak Aventura Expedições,2009,https://www.fragrantica.com/perfume/Natura/Kaiak-Aventura-Expedicoes-62724.html
114521,Natura,Kaiak Aventura Intensa,2025,https://www.fragrantica.com/perfume/Natura/Kaiak-Aventura-Intensa-113208.html
114522,Natura,Kaiak Ecomotion,2006,https://www.fragrantica.com/perfume/Natura/Kaiak-Ecomotion-62725.html
114523,Natura,Kaiak Energia,2015,https://www.fragrantica.com/perfume/Natura/Kaiak-Energia-33315.html
114524,Natura,Kaiak Expedição,2015,https://www.fragrantica.com/perfume/Natura/Kaiak-Expedicao-31808.html
114525,Natura,Kaiak Extremo,2014,https://www.fragrantica.com/perfume/Natura/Kaiak-Extremo-26138.html
114526,Natura,Kaiak Feminino,,https://huggingface.co/datasets/doevent/perfume
114527,Natura,Kaiak Fluir,2012,https://www.fragrantica.com/perfume/Natura/Kaiak-Fluir-26139.html
114528,Natura,Kaiak K,,https://huggingface.co/datasets/doevent/perfume
114529,Natura,Kaiak Noite,2020,https://www.fragrantica.com/perfume/Natura/Kaiak-Noite-71533.html
114530,Natura,Kaiak O2,2023,https://www.fragrantica.com/perfume/Natura/Kaiak-O2-87210.html
114531,Natura,Kaiak O2 Masculino,,https://huggingface.co/datasets/doevent/perfume
114532,Natura,Kaiak Oceano,2020,https://www.fragrantica.com/perfume/Natura/Kaiak-Oceano-63020.html
114533,Natura,Kaiak Oceano,2021,https://www.fragrantica.com/perfume/Natura/Kaiak-Oceano-64961.html
114534,Natura,Kaiak Oceano Feminino,,https://huggingface.co/datasets/doevent/perfume
114535,Natura,Kaiak Pulso,2010,https://www.fragrantica.com/perfume/Natura/Kaiak-Pulso-26135.html
114536,Natura,Kaiak Sonar,2024,https://www.fragrantica.com/perfume/Natura/Kaiak-Sonar-97372.html
114537,Natura,Kaiak Ultra,,https://huggingface.co/datasets/doevent/perfume
114538,Natura,Kaiak Ultra Feminino,2019,https://www.fragrantica.com/perfume/Natura/Kaiak-Ultra-Feminino-54303.html
114539,Natura,Kaiak Ultra Masculino,2019,https://www.fragrantica.com/perfume/Natura/Kaiak-Ultra-Masculino-54304.html
114540,Natura,Kaiak Urbe,2012,https://www.fragrantica.com/perfume/Natura/Kaiak-Urbe-26136.html
114541,Natura,Kaiak Vibe,2026,https://www.fragrantica.com/perfume/Natura/Kaiak-Vibe-122948.html
114542,Natura,Kaiak Vital,2021,https://www.fragrantica.com/perfume/Natura/Kaiak-Vital-69431.html
114543,Natura,Kaiak Vital Feminino,,https://huggingface.co/datasets/doevent/perfume
114544,Natura,Kaiak Vital Masculino,,https://huggingface.co/datasets/doevent/perfume
114545,Natura,Kriska,1995,https://www.fragrantica.com/perfume/Natura/Kriska-26045.html
114546,Natura,Kriska Atitude,2014,https://www.fragrantica.com/perfume/Natura/Kriska-Atitude-31810.html
114547,Natura,Kriska Beleza,2016,https://www.fragrantica.com/perfume/Natura/Kriska-Beleza-36126.html
114548,Natura,Kriska Body Splash (Body Mist),2023,https://www.fragrantica.com/perfume/Natura/Kriska-Body-Splash-107225.html
114549,Natura,Kriska Brilho,2012,https://www.fragrantica.com/perfume/Natura/Kriska-Brilho-71527.html
114550,Natura,Kriska Delírio,2020,https://www.fragrantica.com/perfume/Natura/Kriska-Delirio-63019.html
114551,Natura,Kriska Descoberta,2015,https://www.fragrantica.com/perfume/Natura/Kriska-Descoberta-31809.html
114552,Natura,Kriska Drama,2017,https://www.fragrantica.com/perfume/Natura/Kriska-Drama-48721.html
114553,Natura,Kriska Drama Body Splash (Body Mist),2024,https://www.fragrantica.com/perfume/Natura/Kriska-Drama-Body-Splash-94408.html
114554,Natura,Kriska Encanto,2014,https://www.fragrantica.com/perfume/Natura/Kriska-Encanto-26047.html
114555,Natura,Kriska Flores,2008,https://www.fragrantica.com/perfume/Natura/Kriska-Flores-71526.html
114556,Natura,Kriska Flores Body Splash (Body Mist),2023,https://www.fragrantica.com/perfume/Natura/Kriska-Flores-Body-Splash-107224.html
114557,Natura,Kriska Freedom,2013,https://www.fragrantica.com/perfume/Natura/Kriska-Freedom-26046.html
114558,Natura,Kriska Frésia,2008,https://www.fragrantica.com/perfume/Natura/Kriska-Fresia-71525.html
114559,Natura,Kriska Jeans,2005,https://www.fragrantica.com/perfume/Natura/Kriska-Jeans-34510.html
114560,Natura,Kriska Mania,2019,https://www.fragrantica.com/perfume/Natura/Kriska-Mania-53321.html
114561,Natura,Kriska Romance,2023,https://www.fragrantica.com/perfume/Natura/Kriska-Romance-81873.html
114562,Natura,Kriska Shock,2018,https://www.fragrantica.com/perfume/Natura/Kriska-Shock-48978.html
114563,Natura,Kriska Sonhos,2022,https://www.fragrantica.com/perfume/Natura/Kriska-Sonhos-72216.html
114564,Natura,Laranjeira Em Flor,,https://huggingface.co/datasets/doevent/perfume
114565,Natura,Lavanda,1990,https://www.fragrantica.com/perfume/Natura/Lavanda-62342.html
114566,Natura,Lavanda,2021,https://www.fragrantica.com/perfume/Natura/Lavanda-66346.html
114567,Natura,Lavanda e Baunilha,2014,https://www.fragrantica.com/perfume/Natura/Lavanda-e-Baunilha-33501.html
114568,Natura,Lavanda Envolvente,2011,https://www.fragrantica.com/perfume/Natura/Lavanda-Envolvente-26065.html
114569,Natura,Lavanda Refrescante,2011,https://www.fragrantica.com/perfume/Natura/Lavanda-Refrescante-71524.html
114570,Natura,Lavanda Sensual,2010,https://www.fragrantica.com/perfume/Natura/Lavanda-Sensual-26066.html
114571,Natura,Lima e Flor de Laranjeira,2019,https://www.fragrantica.com/perfume/Natura/Lima-e-Flor-de-Laranjeira-54353.html
114572,Natura,Limão Siciliano e Flor de Gardênia,2024,https://www.fragrantica.com/perfume/Natura/Limao-Siciliano-e-Flor-de-Gardenia-98649.html
114573,Natura,Limiar,1990,https://www.fragrantica.com/perfume/Natura/Limiar-62340.html
114574,Natura,Lírio,2021,https://www.fragrantica.com/perfume/Natura/Lirio-66240.html
114575,Natura,Loucuras de Humor,2017,https://www.fragrantica.com/perfume/Natura/Loucuras-de-Humor-49027.html
114576,Natura,Lua,2012,https://www.fragrantica.com/perfume/Natura/Lua-26100.html
114577,Natura,Lua de Sonhar,2013,https://www.fragrantica.com/perfume/Natura/Lua-de-Sonhar-26102.html
114578,Natura,Lumina Essência,2021,https://www.fragrantica.com/perfume/Natura/Lumina-Essencia-67699.html
114579,Natura,Luna,2014,https://www.fragrantica.com/perfume/Natura/Luna-31811.html
114580,Natura,Luna 10 Anos,2024,https://www.fragrantica.com/perfume/Natura/Luna-10-Anos-96467.html
114581,Natura,Luna Absoluta,2020,https://www.fragrantica.com/perfume/Natura/Luna-Absoluta-62559.html
114582,Natura,Luna Absoluta Glow,2026,https://www.fragrantica.com/perfume/Natura/Luna-Absoluta-Glow-131890.html
114583,Natura,Luna Body Splash (Body Mist),2023,https://www.fragrantica.com/perfume/Natura/Luna-Body-Splash-94405.html
114584,Natura,Luna Confiante,2021,https://www.fragrantica.com/perfume/Natura/Luna-Confiante-68948.html
114585,Natura,Luna Coragem,2022,https://www.fragrantica.com/perfume/Natura/Luna-Coragem-75820.html
114586,Natura,Luna Divina,2025,https://www.fragrantica.com/perfume/Natura/Luna-Divina-111613.html
114587,Natura,Luna Divina Hair,2025,https://www.fragrantica.com/perfume/Natura/Luna-Divina-Hair-111616.html
114588,Natura,Luna Fascinante,2020,https://www.fragrantica.com/perfume/Natura/Luna-Fascinante-59022.html
114589,Natura,Luna Floral,2017,https://www.fragrantica.com/perfume/Natura/Luna-Floral-46831.html
114590,Natura,Luna Força,2022,https://www.fragrantica.com/perfume/Natura/Luna-Forca-73002.html
114591,Natura,Luna Girl,2025,https://www.fragrantica.com/perfume/Natura/Luna-Girl-114362.html
114592,Natura,Luna Glow,2026,https://www.fragrantica.com/perfume/Natura/Luna-Glow-132708.html
114593,Natura,Luna Hair,2024,https://www.fragrantica.com/perfume/Natura/Luna-Hair-96466.html
114594,Natura,Luna Ilumina,2023,https://www.fragrantica.com/perfume/Natura/Luna-Ilumina-85054.html
114595,Natura,Luna Intenso,2018,https://www.fragrantica.com/perfume/Natura/Luna-Intenso-52570.html
114596,Natura,Luna Liberdade,2025,https://www.fragrantica.com/perfume/Natura/Luna-Liberdade-103023.html
114597,Natura,Luna Luninha,2026,https://www.fragrantica.com/perfume/Natura/Luna-Luninha-127214.html
114598,Natura,Luna Marcante,2024,https://www.fragrantica.com/perfume/Natura/Luna-Marcante-100700.html
114599,Natura,Luna Nuit,2026,https://www.fragrantica.com/perfume/Natura/Luna-Nuit-123904.html
114600,Natura,Luna Ousadia,2024,https://www.fragrantica.com/perfume/Natura/Luna-Ousadia-90112.html
114601,Natura,Luna Radiante,2019,https://www.fragrantica.com/perfume/Natura/Luna-Radiante-54675.html
114602,Natura,Luna Radiante Body Splash (Body Mist),2023,https://www.fragrantica.com/perfume/Natura/Luna-Radiante-Body-Splash-94410.html
114603,Natura,Luna Rosé,2015,https://www.fragrantica.com/perfume/Natura/Luna-Rose-34405.html
114604,Natura,Luna Rubi,2019,https://www.fragrantica.com/perfume/Natura/Luna-Rubi-56763.html
114605,Natura,Luna Valentia,2021,https://www.fragrantica.com/perfume/Natura/Luna-Valentia-65935.html
114606,Natura,Luna Viva,2023,https://www.fragrantica.com/perfume/Natura/Luna-Viva-79536.html
114607,Natura,Maçã Caramelada e Baunilha,2025,https://www.fragrantica.com/perfume/Natura/Maca-Caramelada-e-Baunilha-107226.html
114608,Natura,Macadâmia,2012,https://www.fragrantica.com/perfume/Natura/Macadamia-33522.html
114609,Natura,Madeira Branca,,https://huggingface.co/datasets/doevent/perfume
114610,Natura,Madeira Feminino,2012,https://www.fragrantica.com/perfume/Natura/Madeira-Feminino-31912.html
114611,Natura,Madeira Marine,2004,https://www.fragrantica.com/perfume/Natura/Madeira-Marine-71519.html
114612,Natura,Madeira Masculino,2012,https://www.fragrantica.com/perfume/Natura/Madeira-Masculino-31915.html
114613,Natura,Madeiras Especiadas,2011,https://www.fragrantica.com/perfume/Natura/Madeiras-Especiadas-26051.html
114614,Natura,Magia da Floresta,2018,https://www.fragrantica.com/perfume/Natura/Magia-da-Floresta-52838.html
114615,Natura,Mamãe e Bebê,1993,https://www.fragrantica.com/perfume/Natura/Mamae-e-Bebe-26182.html
114616,Natura,Manga Rosa e Água de Coco,2020,https://www.fragrantica.com/perfume/Natura/Manga-Rosa-e-Agua-de-Coco-63430.html
114617,Natura,Maracujá Natureza dos Sonhos,2024,https://www.fragrantica.com/perfume/Natura/Maracuja-Natureza-dos-Sonhos-96536.html
114618,Natura,Mate Green (Mate Verde),2012,https://www.fragrantica.com/perfume/Natura/Mate-Green-Mate-Verde-26028.html
114619,Natura,Mate Leaves (Folhas de Mate),2013,https://www.fragrantica.com/perfume/Natura/Mate-Leaves-Folhas-de-Mate-26029.html
114620,Natura,Meninos,2024,https://www.fragrantica.com/perfume/Natura/Meninos-95188.html
114621,Natura,Meu Primeiro Humor,,https://huggingface.co/datasets/doevent/perfume
114622,Natura,Meu Primeiro Humor Body Splash (Body Mist),2022,https://www.fragrantica.com/perfume/Natura/Meu-Primeiro-Humor-Body-Splash-94407.html
114623,Natura,Meu Primeiro Humor Rock in Rio,2019,https://www.fragrantica.com/perfume/Natura/Meu-Primeiro-Humor-Rock-in-Rio-62566.html
114624,Natura,Mirtilo e Framboesa,2020,https://www.fragrantica.com/perfume/Natura/Mirtilo-e-Framboesa-60681.html
114625,Natura,Momento Sono,2016,https://www.fragrantica.com/perfume/Natura/Momento-Sono-56600.html
114626,Natura,Morango e Baunilha Dourada,2026,https://www.fragrantica.com/perfume/Natura/Morango-e-Baunilha-Dourada-125517.html
114627,Natura,Musc,1981,https://www.fragrantica.com/perfume/Natura/Musc-62338.html
114628,Natura,Musc Sândalo,1983,https://www.fragrantica.com/perfume/Natura/Musc-Sandalo-26048.html
114629,Natura,Natura Homem Aromáticos,2025,https://www.fragrantica.com/perfume/Natura/Natura-Homem-Aromaticos-102604.html
114630,Natura,Naturé Banho De Chuva,,https://huggingface.co/datasets/doevent/perfume
114631,Natura,Naturé Desenho Nas Nuvens,,https://huggingface.co/datasets/doevent/perfume
114632,Natura,Naturé Subindo Na Árvore,,https://huggingface.co/datasets/doevent/perfume
114633,Natura,Nectar,,https://huggingface.co/datasets/doevent/perfume
114634,Natura,[No] Gender,2018,https://www.fragrantica.com/perfume/Natura/No-Gender-54383.html
114635,Natura,Noites de Verão,2025,https://www.fragrantica.com/perfume/Natura/Noites-de-Verao-118192.html
114636,Natura,Noz Pecã e Cacau,2023,https://www.fragrantica.com/perfume/Natura/Noz-Peca-e-Cacau-79787.html
114637,Natura,Noz Pecã e Karité,2016,https://www.fragrantica.com/perfume/Natura/Noz-Peca-e-Karite-56452.html
114638,Natura,Opera Amazonica Canto Azul,2010,https://www.fragrantica.com/perfume/Natura/Opera-Amazonica-Canto-Azul-31916.html
114639,Natura,Opera Amazonica Canto Vermelho,2010,https://www.fragrantica.com/perfume/Natura/Opera-Amazonica-Canto-Vermelho-31917.html
114640,Natura,Orquídea,2004,https://www.fragrantica.com/perfume/Natura/Orquidea-71520.html
114641,Natura,Orvaille,1981,https://www.fragrantica.com/perfume/Natura/Orvaille-62336.html
114642,Natura,Ousada,2011,https://www.fragrantica.com/perfume/Natura/Ousada-26085.html
114643,Natura,Pamina,1999,https://www.fragrantica.com/perfume/Natura/Pamina-60924.html
114644,Natura,Paz e Humor Rock in Rio,2019,https://www.fragrantica.com/perfume/Natura/Paz-e-Humor-Rock-in-Rio-62567.html
114645,Natura,Pêssego e Flor de Pera,2021,https://www.fragrantica.com/perfume/Natura/Pessego-e-Flor-de-Pera-65296.html
114646,Natura,Pétalas de Vanila,2011,https://www.fragrantica.com/perfume/Natura/Petalas-de-Vanila-26055.html
114647,Natura,Pique Pega,2025,https://www.fragrantica.com/perfume/Natura/Pique-Pega-112226.html
114648,Natura,Pistache em Creme,2026,https://www.fragrantica.com/perfume/Natura/Pistache-em-Creme-137964.html
114649,Natura,Pitada de Humor,2020,https://www.fragrantica.com/perfume/Natura/Pitada-de-Humor-59527.html
114650,Natura,Pomar de Cítricos,2012,https://www.fragrantica.com/perfume/Natura/Pomar-de-Citricos-26053.html
114651,Natura,Pomar de Limas,2004,https://www.fragrantica.com/perfume/Natura/Pomar-de-Limas-71517.html
114652,Natura,Priprioca Parfum Perfume do Brasil,2004,https://www.fragrantica.com/perfume/Natura/Priprioca-Parfum-Perfume-do-Brasil-26027.html
114653,Natura,Provoca,2013,https://www.fragrantica.com/perfume/Natura/Provoca-26125.html
114654,Natura,Pula Pula,2024,https://www.fragrantica.com/perfume/Natura/Pula-Pula-97485.html
114655,Natura,Química de Humor,2019,https://www.fragrantica.com/perfume/Natura/Quimica-de-Humor-55458.html
114656,Natura,Química De Humor Masculina,,https://huggingface.co/datasets/doevent/perfume
114657,Natura,Quotidiano,2000,https://www.fragrantica.com/perfume/Natura/Quotidiano-38442.html
114658,Natura,Ramage,1981,https://www.fragrantica.com/perfume/Natura/Ramage-62343.html
114659,Natura,Rebel Glam,2018,https://www.fragrantica.com/perfume/Natura/Rebel-Glam-54329.html
114660,Natura,Recria,2015,https://www.fragrantica.com/perfume/Natura/Recria-31804.html
114661,Natura,Refrescante 2010,2010,https://www.fragrantica.com/perfume/Natura/Refrescante-2010-35764.html
114662,Natura,Refrescante 2011,2011,https://www.fragrantica.com/perfume/Natura/Refrescante-2011-35768.html
114663,Natura,Relaxante,2017,https://www.fragrantica.com/perfume/Natura/Relaxante-56340.html
114664,Natura,Revelar,2000,https://www.fragrantica.com/perfume/Natura/Revelar-26141.html
114665,Natura,Revelar Momentos,2012,https://www.fragrantica.com/perfume/Natura/Revelar-Momentos-26144.html
114666,Natura,Revelar Noite,2014,https://www.fragrantica.com/perfume/Natura/Revelar-Noite-26150.html
114667,Natura,Ritual,2006,https://www.fragrantica.com/perfume/Natura/Ritual-71532.html
114668,Natura,Romã e Amêndoas Glaceadas,2025,https://www.fragrantica.com/perfume/Natura/Roma-e-Amendoas-Glaceadas-119407.html
114669,Natura,Romã e Flor de Amora,2024,https://www.fragrantica.com/perfume/Natura/Roma-e-Flor-de-Amora-89940.html
114670,Natura,Rommage,1990,https://www.fragrantica.com/perfume/Natura/Rommage-62335.html
114671,Natura,Rosa Âmbar - Taimir,1999,https://www.fragrantica.com/perfume/Natura/Rosa-Ambar-Taimir-56230.html
114672,Natura,Rosas Vermelhas,2008,https://www.fragrantica.com/perfume/Natura/Rosas-Vermelhas-26050.html
114673,Natura,Ryo Chuva,2024,https://www.fragrantica.com/perfume/Natura/Ryo-Chuva-95475.html
114674,Natura,Ryo Festa,2024,https://www.fragrantica.com/perfume/Natura/Ryo-Festa-98412.html
114675,Natura,Ryo Floresta,2025,https://www.fragrantica.com/perfume/Natura/Ryo-Floresta-117144.html
114676,Natura,Ryo Vivo,2024,https://www.fragrantica.com/perfume/Natura/Ryo-Vivo-95474.html
114677,Natura,Sabine - Cedro e Jasmim,2000,https://www.fragrantica.com/perfume/Natura/Sabine-Cedro-e-Jasmim-59394.html
114678,Natura,Sensual 2010,2010,https://www.fragrantica.com/perfume/Natura/Sensual-2010-35763.html
114679,Natura,Sensual 2011,2011,https://www.fragrantica.com/perfume/Natura/Sensual-2011-35769.html
114680,Natura,Sève Amêndoas Doces,2012,https://www.fragrantica.com/perfume/Natura/Seve-Amendoas-Doces-35542.html
114681,Natura,Sève Chuva de Pétalas,2012,https://www.fragrantica.com/perfume/Natura/Seve-Chuva-de-Petalas-35533.html
114682,Natura,Shiraz,1992,https://www.fragrantica.com/perfume/Natura/Shiraz-7119.html
114683,Natura,Sintonia,2000,https://www.fragrantica.com/perfume/Natura/Sintonia-26174.html
114684,Natura,Sintonia Ideal,2007,https://www.fragrantica.com/perfume/Natura/Sintonia-Ideal-71528.html
114685,Natura,Sintonia Impacto,2019,https://www.fragrantica.com/perfume/Natura/Sintonia-Impacto-57189.html
114686,Natura,Sintonia Instinto,2021,https://www.fragrantica.com/perfume/Natura/Sintonia-Instinto-68340.html
114687,Natura,Sintonia Maxx,2013,https://www.fragrantica.com/perfume/Natura/Sintonia-Maxx-26177.html
114688,Natura,Sintonia Noite,2012,https://www.fragrantica.com/perfume/Natura/Sintonia-Noite-26175.html
114689,Natura,Sintonia Total,2003,https://www.fragrantica.com/perfume/Natura/Sintonia-Total-26176.html
114690,Natura,Sol,2012,https://www.fragrantica.com/perfume/Natura/Sol-26099.html
114691,Natura,Sol de Viver,2013,https://www.fragrantica.com/perfume/Natura/Sol-de-Viver-26101.html
114692,Natura,SPFW Alquimia,2009,https://www.fragrantica.com/perfume/Natura/SPFW-Alquimia-35774.html
114693,Natura,SPFW Arte,2009,https://www.fragrantica.com/perfume/Natura/SPFW-Arte-35771.html
114694,Natura,SPFW Beleza,2009,https://www.fragrantica.com/perfume/Natura/SPFW-Beleza-35772.html
114695,Natura,SPFW Paixão,2009,https://www.fragrantica.com/perfume/Natura/SPFW-Paixao-35775.html
114696,Natura,Sr. N,1979,https://www.fragrantica.com/perfume/Natura/Sr-N-12556.html
114697,Natura,Sr. N Ambar,2012,https://www.fragrantica.com/perfume/Natura/Sr-N-Ambar-26178.html
114698,Natura,Sr. N Cedro,2010,https://www.fragrantica.com/perfume/Natura/Sr-N-Cedro-26179.html
114699,Natura,Sr. N Couro,2015,https://www.fragrantica.com/perfume/Natura/Sr-N-Couro-31802.html
114700,Natura,Sr. N Noite,2019,https://www.fragrantica.com/perfume/Natura/Sr-N-Noite-56477.html
114701,Natura,Sr. N Sândalo,2015,https://www.fragrantica.com/perfume/Natura/Sr-N-Sandalo-42443.html
114702,Natura,Sr. N Vetiver,,https://www.fragrantica.com/perfume/Natura/Sr-N-Vetiver-31803.html
114703,Natura,Suave Mandarina - Nile,2004,https://www.fragrantica.com/perfume/Natura/Suave-Mandarina-Nile-71516.html
114704,Natura,Subindo na Árvore,2020,https://www.fragrantica.com/perfume/Natura/Subindo-na-Arvore-61428.html
114705,Natura,SuperStilo,2011,https://www.fragrantica.com/perfume/Natura/SuperStilo-26084.html
114706,Natura,Suspiro,2014,https://www.fragrantica.com/perfume/Natura/Suspiro-28380.html
114707,Natura,Sussurro,2013,https://www.fragrantica.com/perfume/Natura/Sussurro-26038.html
114708,Natura,Taimir,1990,https://www.fragrantica.com/perfume/Natura/Taimir-62339.html
114709,Natura,Tâmara e Canela,2020,https://www.fragrantica.com/perfume/Natura/Tamara-e-Canela-61178.html
114710,Natura,Tangerina e Cardamomo,2021,https://www.fragrantica.com/perfume/Natura/Tangerina-e-Cardamomo-71655.html
114711,Natura,Tarot,1985,https://www.fragrantica.com/perfume/Natura/Tarot-33171.html
114712,Natura,Terra,,https://huggingface.co/datasets/doevent/perfume
114713,Natura,Tisbe,1999,https://www.fragrantica.com/perfume/Natura/Tisbe-60925.html
114714,Natura,Tododia Acerola E Hibisco,,https://huggingface.co/datasets/doevent/perfume
114715,Natura,Tododia Algodão,,https://huggingface.co/datasets/doevent/perfume
114716,Natura,Tododia Algodão Em Flor,,https://huggingface.co/datasets/doevent/perfume
114717,Natura,Tododia Ameixa E Flor De Cerejeira,,https://huggingface.co/datasets/doevent/perfume
114718,Natura,Tododia Amora Vermelha E Jabuticaba 2020,2020,https://huggingface.co/datasets/doevent/perfume
114719,Natura,Tododia Capim Limão E Hortelã,,https://huggingface.co/datasets/doevent/perfume
114720,Natura,Tododia Cereja E Avelã,,https://huggingface.co/datasets/doevent/perfume
114721,Natura,Tododia Flor De Lis,,https://huggingface.co/datasets/doevent/perfume
114722,Natura,Tododia Folhas De Limão E Graviola 2019,2019,https://huggingface.co/datasets/doevent/perfume
114723,Natura,Tododia Macadâmia,,https://huggingface.co/datasets/doevent/perfume
114724,Natura,Tododia Manga Rosa E Água De Coco,,https://huggingface.co/datasets/doevent/perfume
114725,Natura,Tododia Néctar de Mel,2026,https://www.fragrantica.com/perfume/Natura/Tododia-Nectar-de-Mel-139036.html
114726,Natura,Tododia Noz Pecã E Cacau,,https://huggingface.co/datasets/doevent/perfume
114727,Natura,Tododia Pêssego E Flor De Pera,,https://huggingface.co/datasets/doevent/perfume
114728,Natura,Tododia Tâmara E Canela 2020,2020,https://huggingface.co/datasets/doevent/perfume
114729,Natura,Toxic! Pink,2017,https://www.fragrantica.com/perfume/Natura/Toxic-Pink-49005.html
114730,Natura,Uhu!,2009,https://www.fragrantica.com/perfume/Natura/Uhu-61409.html
114731,Natura,Una,2012,https://www.fragrantica.com/perfume/Natura/Una-26151.html
114732,Natura,Una Artisan,2017,https://www.fragrantica.com/perfume/Natura/Una-Artisan-46579.html
114733,Natura,Una Blush,2019,https://www.fragrantica.com/perfume/Natura/Una-Blush-57188.html
114734,Natura,Una Blush Hair,2026,https://www.fragrantica.com/perfume/Natura/Una-Blush-Hair-131888.html
114735,Natura,Una Brilho,2024,https://www.fragrantica.com/perfume/Natura/Una-Brilho-98413.html
114736,Natura,Una Celebrar,2025,https://www.fragrantica.com/perfume/Natura/Una-Celebrar-116791.html
114737,Natura,Una Contrastes,2022,https://www.fragrantica.com/perfume/Natura/Una-Contrastes-78495.html
114738,Natura,Una Infinito,2021,https://www.fragrantica.com/perfume/Natura/Una-Infinito-66933.html
114739,Natura,Una Instinct,2022,https://www.fragrantica.com/perfume/Natura/Una-Instinct-72217.html
114740,Natura,Una Intenso,2015,https://www.fragrantica.com/perfume/Natura/Una-Intenso-33954.html
114741,Natura,Una Nude,2026,https://www.fragrantica.com/perfume/Natura/Una-Nude-133386.html
114742,Natura,Una Senses,2018,https://www.fragrantica.com/perfume/Natura/Una-Senses-52569.html
114743,Natura,Una Somos,2023,https://www.fragrantica.com/perfume/Natura/Una-Somos-79645.html
114744,Natura,Único Feminino,,https://huggingface.co/datasets/doevent/perfume
114745,Natura,Único Masculino,,https://huggingface.co/datasets/doevent/perfume
114746,Natura,#Urbano,2014,https://www.fragrantica.com/perfume/Natura/Urbano-26087.html
114747,Natura,#Urbano Natura 2026,2026,https://www.fragrantica.com/perfume/Natura/Urbano-Natura-2026-132017.html
114748,Natura,#Urbano Noite,2018,https://www.fragrantica.com/perfume/Natura/Urbano-Noite-60876.html
114749,Natura,#Urbano Noturno,2016,https://www.fragrantica.com/perfume/Natura/Urbano-Noturno-41914.html
114750,Natura,#Urbano Nox,2021,https://www.fragrantica.com/perfume/Natura/Urbano-Nox-124064.html
114751,Natura,Urbano Recria,2015,https://www.parfumo.com/Perfumes/Natura/Urbano_Recria
114752,Natura,Uva Rosa e Romã,2022,https://www.fragrantica.com/perfume/Natura/Uva-Rosa-e-Roma-77986.html
114753,Natura,Uva Verde e Água de Coco,2019,https://www.fragrantica.com/perfume/Natura/Uva-Verde-e-Agua-de-Coco-58166.html
114754,Natura,Verão Dourado,2019,https://www.fragrantica.com/perfume/Natura/Verao-Dourado-61730.html
114755,Natura,Verde Chá,2008,https://www.fragrantica.com/perfume/Natura/Verde-Cha-35527.html
114756,Natura,Vestha,1999,https://www.fragrantica.com/perfume/Natura/Vestha-60926.html
114757,Natura,Violeta,1993,https://www.fragrantica.com/perfume/Natura/Violeta-26059.html
114758,Natura,Viva,,https://huggingface.co/datasets/doevent/perfume
114759,Natura,Volume 2,2007,https://www.fragrantica.com/perfume/Natura/Volume-2-26042.html
114760,Natura,Volume 2,2008,https://www.fragrantica.com/perfume/Natura/Volume-2-26041.html
114761,Natura,Vôvó,2011,https://www.fragrantica.com/perfume/Natura/Vovo-26180.html
114762,Natura,Wild Forest,,https://www.fragrantica.com/perfume/Natura/Wild-Forest-111594.html
114763,Natura,X,2008,https://www.fragrantica.com/perfume/Natura/X-34187.html
114764,Natura,Xodo,2011,https://www.fragrantica.com/perfume/Natura/Xodo-26034.html
114765,Natura,Y,2008,https://www.fragrantica.com/perfume/Natura/Y-34188.html
114766,Natura,Z,2008,https://www.fragrantica.com/perfume/Natura/Z-34189.html
114767,Natura Selection,Bohemian Iris,,https://www.fragrantica.com/perfume/Natura-Selection/Bohemian-Iris-111591.html
114768,Natura Selection,Fresh Lavender,,https://www.fragrantica.com/perfume/Natura-Selection/Fresh-Lavender-111597.html
114769,Natura Selection,Fruta de la Pasión,,https://www.fragrantica.com/perfume/Natura-Selection/Fruta-de-la-Pasion-111593.html
114770,Natura Selection,Garden Roses,,https://www.fragrantica.com/perfume/Natura-Selection/Garden-Roses-111598.html
114771,Natura Selection,Mystic,,https://www.fragrantica.com/perfume/Natura-Selection/Mystic-111590.html
114772,Natura Selection,Natura Eau de Parfum,2024,https://www.fragrantica.com/perfume/Natura-Selection/Natura-Eau-de-Parfum-111587.html
114773,Natura Selection,Sweet Jasmine,,https://www.fragrantica.com/perfume/Natura-Selection/Sweet-Jasmine-111595.html
114774,Natura Siberica,Danse Du Shaman,2017,https://www.fragrantica.com/perfume/Natura-Siberica/Danse-Du-Shaman-46882.html
114775,Natura Siberica,Flying Water,2024,https://www.fragrantica.com/perfume/Natura-Siberica/Flying-Water-97025.html
114776,Natura Siberica,Gold of Tuva,2018,https://www.fragrantica.com/perfume/Natura-Siberica/Gold-of-Tuva-53201.html
114777,Natura Siberica,Historical Earth,2024,https://www.fragrantica.com/perfume/Natura-Siberica/Historical-Earth-97024.html
114778,Natura Siberica,Mystery Fire,2024,https://www.fragrantica.com/perfume/Natura-Siberica/Mystery-Fire-97023.html
114779,Natura Siberica,Nuit En Siberie,2017,https://www.fragrantica.com/perfume/Natura-Siberica/Nuit-En-Siberie-46883.html
114780,Natura Siberica,Safran De Siberie,2017,https://www.fragrantica.com/perfume/Natura-Siberica/Safran-De-Siberie-46886.html
114781,Natura Siberica,Siberie Mon Amour,2017,https://www.fragrantica.com/perfume/Natura-Siberica/Siberie-Mon-Amour-46884.html
114782,Natura Siberica,Voice of Wind,2024,https://www.fragrantica.com/perfume/Natura-Siberica/Voice-of-Wind-97026.html
114783,Natural Looks,Coolman Natural Looks Body Spritz,,https://www.parfumo.com/Perfumes/Natural_Looks/coolman-body-spritz
114784,Natural Looks,Coolman Natural Looks Eau de Parfum,,https://www.parfumo.com/Perfumes/Natural_Looks/coolman-eau-de-parfum
114785,Natural Scents,Blue Gold Eau de Cologne,,https://www.fragrantica.com/perfume/Natural-Scents/Blue-Gold-Eau-de-Cologne-37297.html
114786,Natural Scents,Botanic Field,2015,https://www.fragrantica.com/perfume/Natural-Scents/Botanic-Field-37298.html
114787,Natural Scents,Chic Seduction,,https://www.fragrantica.com/perfume/Natural-Scents/Chic-Seduction-37344.html
114788,Natural Scents,Cranberry Vanilla,2014,https://www.fragrantica.com/perfume/Natural-Scents/Cranberry-Vanilla-37301.html
114789,Natural Scents,Exquisit Magnolia,,https://www.fragrantica.com/perfume/Natural-Scents/Exquisit-Magnolia-37345.html
114790,Natural Scents,Jasmine Bloom,2015,https://www.fragrantica.com/perfume/Natural-Scents/Jasmine-Bloom-37346.html
114791,Natural Scents,Lovely Night,,https://www.fragrantica.com/perfume/Natural-Scents/Lovely-Night-37347.html
114792,Natural Scents,Oxigeno Eau de Cologne,,https://www.fragrantica.com/perfume/Natural-Scents/Oxigeno-Eau-de-Cologne-37353.html
114793,Natural Scents,Peony Bouquet,,https://www.fragrantica.com/perfume/Natural-Scents/Peony-Bouquet-37354.html
114794,Natural Scents,Peony Dreamer,2012,https://www.fragrantica.com/perfume/Natural-Scents/Peony-Dreamer-37306.html
114795,Natural Scents,Pink Garden,2012,https://www.fragrantica.com/perfume/Natural-Scents/Pink-Garden-37307.html
114796,Natural Scents,Red Gold Eau de Cologne,,https://www.fragrantica.com/perfume/Natural-Scents/Red-Gold-Eau-de-Cologne-37355.html
114797,Natural Scents,Royal Vanilla,2013,https://www.fragrantica.com/perfume/Natural-Scents/Royal-Vanilla-37304.html
114798,Natural Scents,Secret Garden,2015,https://www.fragrantica.com/perfume/Natural-Scents/Secret-Garden-37299.html
114799,Natural Scents,Shiny Day,,https://www.fragrantica.com/perfume/Natural-Scents/Shiny-Day-37356.html
114800,Natural Scents,Sweet Paradise,2014,https://www.fragrantica.com/perfume/Natural-Scents/Sweet-Paradise-37303.html
114801,Natural Scents,Tempting Sugar,2014,https://www.fragrantica.com/perfume/Natural-Scents/Tempting-Sugar-37300.html
114802,Natural Scents,Titanium Eau de Cologne,,https://www.fragrantica.com/perfume/Natural-Scents/Titanium-Eau-de-Cologne-37357.html
114803,Natural Scents,True Love,,https://www.fragrantica.com/perfume/Natural-Scents/True-Love-37358.html
114804,Natural Scents,Vanilla Obsession,2015,https://www.fragrantica.com/perfume/Natural-Scents/Vanilla-Obsession-37359.html
114805,Natural Scents,Watermelon Berry,,https://www.fragrantica.com/perfume/Natural-Scents/Watermelon-Berry-37360.html
114806,Natural Scents,White Gold Eau de Cologne,,https://www.fragrantica.com/perfume/Natural-Scents/White-Gold-Eau-de-Cologne-37361.html
114807,Natural Scents,White Orchid,2012,https://www.fragrantica.com/perfume/Natural-Scents/White-Orchid-37305.html
114808,Natural Scents,Wild Berries,2014,https://www.fragrantica.com/perfume/Natural-Scents/Wild-Berries-37302.html
114809,Natural Scents,Yellow Gold Eau de Cologne,,https://www.fragrantica.com/perfume/Natural-Scents/Yellow-Gold-Eau-de-Cologne-37362.html
114810,Natural Teller,Collapse,2016,https://www.fragrantica.com/perfume/Natural-Teller/Collapse-50195.html
114811,Natural Teller,Indulgence,2016,https://www.fragrantica.com/perfume/Natural-Teller/Indulgence-50196.html
114812,Natural Teller,Jade Prison,2016,https://www.fragrantica.com/perfume/Natural-Teller/Jade-Prison-50193.html
114813,Natural Teller,Lumberjeck,2016,https://www.fragrantica.com/perfume/Natural-Teller/Lumberjeck-50194.html
114814,Natural Teller,Period Of Time,2016,https://www.fragrantica.com/perfume/Natural-Teller/Period-Of-Time-50182.html
114815,Natural Teller,Since,2016,https://www.fragrantica.com/perfume/Natural-Teller/Since-50150.html
114816,Natural Teller,Under The Rain,2016,https://www.fragrantica.com/perfume/Natural-Teller/Under-The-Rain-50149.html
114817,Natural Wisdom,Blue Jungle,,https://www.parfumo.com/Perfumes/Natural_Wisdom/blue-jungle
114818,Natural Wisdom,Jasmine Blossom,,https://www.parfumo.com/Perfumes/Natural_Wisdom/Jasmine_Blossom
114819,Natural Wisdom,Sandalwood Forest,,https://www.parfumo.com/Perfumes/Natural_Wisdom/Sandalwood_Forest
114820,Nature Blossom,Amber Mood,2020,https://www.fragrantica.com/perfume/Nature-Blossom/Amber-Mood-69947.html
114821,Nature Blossom,Cherry Bloom,2024,https://www.fragrantica.com/perfume/Nature-Blossom/Cherry-Bloom-116460.html
114822,Nature Blossom,Coco Vanilla,2022,https://www.fragrantica.com/perfume/Nature-Blossom/Coco-Vanilla-77025.html
114823,Nature Blossom,Floral Musk,2025,https://www.fragrantica.com/perfume/Nature-Blossom/Floral-Musk-116459.html
114824,Nature Blossom,Forever Rose,2019,https://www.fragrantica.com/perfume/Nature-Blossom/Forever-Rose-58938.html
114825,Nature Blossom,Milky Almond,2026,https://www.fragrantica.com/perfume/Nature-Blossom/Milky-Almond-129624.html
114826,Nature Blossom,Moon Flower,2019,https://www.fragrantica.com/perfume/Nature-Blossom/Moon-Flower-55696.html
114827,Nature Blossom,Summer Soul,2020,https://www.parfumo.com/Perfumes/Nature_Blossom/summer-soul
114828,Nature Blossom,Wild Viola,2021,https://www.fragrantica.com/perfume/Nature-Blossom/Wild-Viola-69948.html
114829,Nature Blossom,Wonder Leaf,2019,https://www.fragrantica.com/perfume/Nature-Blossom/Wonder-Leaf-55697.html
114830,Nature Of Agiva,Roses From Bulgaria,,https://www.fragrantica.com/perfume/Nature-Of-Agiva/Roses-From-Bulgaria-48676.html
114831,Nature Of Agiva,Royal Rose,,https://www.fragrantica.com/perfume/Nature-Of-Agiva/Royal-Rose-48677.html
114832,Nature Republic,Cloud Cotton,2023,https://www.fragrantica.com/perfume/Nature-Republic/Cloud-Cotton-95498.html
114833,Nature Republic,Girl's Flower,2023,https://www.fragrantica.com/perfume/Nature-Republic/Girl-s-Flower-95497.html
114834,Nature Republic,Sunset Tree,2022,https://www.fragrantica.com/perfume/Nature-Republic/Sunset-Tree-95499.html
114835,Nature's,Acqua Profumata Fiori di Cotone,,https://www.fragrantica.com/perfume/Nature-s/Acqua-Profumata-Fiori-di-Cotone-86150.html
114836,Nature's,Acqua Vitalizzante Giardino d'Agrumi,,https://www.fragrantica.com/perfume/Nature-s/Acqua-Vitalizzante-Giardino-d-Agrumi-86149.html
114837,Nature's,Artemisia Fiorita,2024,https://www.fragrantica.com/perfume/Nature-s/Artemisia-Fiorita-100233.html
114838,Nature's,Assoluta di Rosa,,https://www.fragrantica.com/perfume/Nature-s/Assoluta-di-Rosa-26074.html
114839,Nature's,Biancodolce,,https://www.fragrantica.com/perfume/Nature-s/Biancodolce-67303.html
114840,Nature's,Blusalino,,https://www.fragrantica.com/perfume/Nature-s/Blusalino-69592.html
114841,Nature's,Boccioli,,https://www.fragrantica.com/perfume/Nature-s/Boccioli-42781.html
114842,Nature's,Bouquet Fragola,2022,https://www.fragrantica.com/perfume/Nature-s/Bouquet-Fragola-77953.html
114843,Nature's,Camelia Intensa,2026,https://www.fragrantica.com/perfume/Nature-s/Camelia-Intensa-134574.html
114844,Nature's,Cedro Donna,,https://www.fragrantica.com/perfume/Nature-s/Cedro-Donna-23380.html
114845,Nature's,Cedro Uomo,,https://www.fragrantica.com/perfume/Nature-s/Cedro-Uomo-23379.html
114846,Nature's,Chinotto Rosa,,https://www.fragrantica.com/perfume/Nature-s/Chinotto-Rosa-69589.html
114847,Nature's,Elisia,,https://www.fragrantica.com/perfume/Nature-s/Elisia-42776.html
114848,Nature's,Fico,,https://www.fragrantica.com/perfume/Nature-s/Fico-69588.html
114849,Nature's,Fiori di Mandorlo,,https://www.fragrantica.com/perfume/Nature-s/Fiori-di-Mandorlo-69590.html
114850,Nature's,Fiori di Osmanto,,https://www.fragrantica.com/perfume/Nature-s/Fiori-di-Osmanto-26075.html
114851,Nature's,Fiori di Zenzero,,https://www.fragrantica.com/perfume/Nature-s/Fiori-di-Zenzero-42777.html
114852,Nature's,Fiori Notturni,2021,https://www.fragrantica.com/perfume/Nature-s/Fiori-Notturni-70764.html
114853,Nature's,Foglie d'Ebano,,https://www.fragrantica.com/perfume/Nature-s/Foglie-d-Ebano-69586.html
114854,Nature's,Gelsomino Adorabile,,https://www.fragrantica.com/perfume/Nature-s/Gelsomino-Adorabile-26076.html
114855,Nature's,Giardino d'Agrumi,,https://www.fragrantica.com/perfume/Nature-s/Giardino-d-Agrumi-42778.html
114856,Nature's,Giglio Marino,2023,https://www.fragrantica.com/perfume/Nature-s/Giglio-Marino-83078.html
114857,Nature's,Hematite,,https://www.fragrantica.com/perfume/Nature-s/Hematite-23377.html
114858,Nature's,Legni,,https://www.fragrantica.com/perfume/Nature-s/Legni-26077.html
114859,Nature's,Lilla,,https://www.fragrantica.com/perfume/Nature-s/Lilla-26078.html
114860,Nature's,Linfa d'Acero,2022,https://www.fragrantica.com/perfume/Nature-s/Linfa-d-Acero-77954.html
114861,Nature's,Malaquite,,https://www.fragrantica.com/perfume/Nature-s/Malaquite-26079.html
114862,Nature's,Mandarino Aromatico,2024,https://www.fragrantica.com/perfume/Nature-s/Mandarino-Aromatico-94193.html
114863,Nature's,Maresale,,https://www.fragrantica.com/perfume/Nature-s/Maresale-67301.html
114864,Nature's,Miaflora,,https://www.fragrantica.com/perfume/Nature-s/Miaflora-67305.html
114865,Nature's,Muschio d'Acqua,,https://www.fragrantica.com/perfume/Nature-s/Muschio-d-Acqua-26080.html
114866,Nature's,Narciso Nobile,,https://www.fragrantica.com/perfume/Nature-s/Narciso-Nobile-69587.html
114867,Nature's,Neroli Pesca,,https://www.fragrantica.com/perfume/Nature-s/Neroli-Pesca-69585.html
114868,Nature's,Note di Mirto,2023,https://www.fragrantica.com/perfume/Nature-s/Note-di-Mirto-88019.html
114869,Nature's,Papavero d'Oriente,2021,https://www.fragrantica.com/perfume/Nature-s/Papavero-d-Oriente-70763.html
114870,Nature's,Papiro Assoluto,2024,https://www.fragrantica.com/perfume/Nature-s/Papiro-Assoluto-98598.html
114871,Nature's,Passione d'Africa,,https://www.fragrantica.com/perfume/Nature-s/Passione-d-Africa-23378.html
114872,Nature's,Peonia Segreta,2025,https://www.fragrantica.com/perfume/Nature-s/Peonia-Segreta-118474.html
114873,Nature's,Pepe Fondente,2017,https://www.fragrantica.com/perfume/Nature-s/Pepe-Fondente-47893.html
114874,Nature's,Pomelia,,https://www.fragrantica.com/perfume/Nature-s/Pomelia-42779.html
114875,Nature's,Rosso The,,https://www.fragrantica.com/perfume/Nature-s/Rosso-The-69591.html
114876,Nature's,Salvia Mediterranea,2022,https://www.fragrantica.com/perfume/Nature-s/Salvia-Mediterranea-77952.html
114877,Nature's,Sol d’Agrumi,,https://www.fragrantica.com/perfume/Nature-s/Sol-d-Agrumi-67302.html
114878,Nature's,Tè Bianco Puro,2025,https://www.fragrantica.com/perfume/Nature-s/Te-Bianco-Puro-114053.html
114879,Nature's,Tulipano Bianco,2023,https://www.fragrantica.com/perfume/Nature-s/Tulipano-Bianco-88018.html
114880,Nature's,Unanota,,https://www.fragrantica.com/perfume/Nature-s/Unanota-67304.html
114881,Nature's,Vaniglia Bianca,,https://www.fragrantica.com/perfume/Nature-s/Vaniglia-Bianca-26081.html
114882,Nature's,Vaniglia Nera,2025,https://www.fragrantica.com/perfume/Nature-s/Vaniglia-Nera-118472.html
114883,Nature's,Vetiverde,,https://www.fragrantica.com/perfume/Nature-s/Vetiverde-42780.html
114884,Nature's,Zagara Frizzante,2022,https://www.fragrantica.com/perfume/Nature-s/Zagara-Frizzante-77951.html
114885,Nature's,Zucchero d'Ambra,,https://www.fragrantica.com/perfume/Nature-s/Zucchero-d-Ambra-26082.html
114886,Natvm Parfvm,Big Bang!,2023,https://www.fragrantica.com/perfume/Natvm-Parfvm/Big-Bang-90861.html
114887,Natvm Parfvm,Caos Calmo,2023,https://www.fragrantica.com/perfume/Natvm-Parfvm/Caos-Calmo-90862.html
114888,Natvm Parfvm,Colostrum,2023,https://www.fragrantica.com/perfume/Natvm-Parfvm/Colostrum-90863.html
114889,Naughton & Wilson,Arezzo,2024,https://www.fragrantica.com/perfume/Naughton-Wilson/Arezzo-99637.html
114890,Naughton & Wilson,Bon Viveur,2021,https://www.fragrantica.com/perfume/Naughton-Wilson/Bon-Viveur-67558.html
114891,Naughton & Wilson,Chypre Fulminare,2022,https://www.fragrantica.com/perfume/Naughton-Wilson/Chypre-Fulminare-77833.html
114892,Naughton & Wilson,Corteggio,2026,https://www.fragrantica.com/perfume/Naughton-Wilson/Corteggio-138192.html
114893,Naughton & Wilson,Gravitas Essentia,2023,https://www.fragrantica.com/perfume/Naughton-Wilson/Gravitas-Essentia-81806.html
114894,Naughton & Wilson,Gravitas Pour Homme,2020,https://www.fragrantica.com/perfume/Naughton-Wilson/Gravitas-Pour-Homme-61015.html
114895,Naughton & Wilson,Old Money,2025,https://www.fragrantica.com/perfume/Naughton-Wilson/Old-Money-118568.html
114896,NauNau,Aquarius,2017,https://www.parfumo.com/Perfumes/naunau/aquarius
114897,NauNau,Aries,2017,https://www.parfumo.com/Perfumes/naunau/aries
114898,NauNau,Bạch Cúc,2023,https://www.parfumo.com/Perfumes/naunau/bach-cuc
114899,NauNau,Bách Hợp,,https://www.parfumo.com/Perfumes/naunau/bach-hop
114900,NauNau,Black Pepper,2019,https://www.parfumo.com/Perfumes/naunau/black-pepper
114901,NauNau,Cancer,2017,https://www.parfumo.com/Perfumes/naunau/cancer
114902,NauNau,Gardenia,2017,https://www.parfumo.com/Perfumes/naunau/gardenia-2017
114903,NauNau,Gardenia,2019,https://www.parfumo.com/Perfumes/naunau/gardenia-2019
114904,NauNau,Gemini,2017,https://www.parfumo.com/Perfumes/naunau/gemini
114905,NauNau,Grass Pillow,2022,https://www.parfumo.com/Perfumes/naunau/grass-pillow
114906,NauNau,Hải Đường,2023,https://www.parfumo.com/Perfumes/naunau/hai-duong
114907,NauNau,Indigo,1966,https://www.parfumo.com/Perfumes/naunau/indigo
114908,NauNau,Iris,2017,https://www.parfumo.com/Perfumes/naunau/iris-2017
114909,Nausea,Bunker,2022,https://www.fragrantica.com/perfume/Nausea/Bunker-97906.html
114910,Nausea,Lunedì Bohemien,2022,https://www.fragrantica.com/perfume/Nausea/Lunedi-Bohemien-97907.html
114911,Nausea,Puta Mate,2024,https://www.fragrantica.com/perfume/Nausea/Puta-Mate-97908.html
114912,Nautica,Aqua Rush Gold,2013,https://www.parfumo.com/Perfumes/Nautica/Aqua_Rush_Gold
114913,Nautica,Blue Ambition,2019,https://www.fragrantica.com/perfume/Nautica/Blue-Ambition-89331.html
114914,Nautica,Blue Nautica 2005 After Shave Lotion,2005,https://www.parfumo.com/Perfumes/Nautica/Blue_After_Shave_Lotion
114915,Nautica,Blue Sail,2017,https://www.fragrantica.com/perfume/Nautica/Blue-Sail-70889.html
114916,Nautica,Coastal Crush Peach Bite,2025,https://www.fragrantica.com/perfume/Nautica/Coastal-Crush-Peach-Bite-139960.html
114917,Nautica,Color Green,2025,https://www.fragrantica.com/perfume/Nautica/Color-Green-109548.html
114918,Nautica,Color Red,2025,https://www.fragrantica.com/perfume/Nautica/Color-Red-109549.html
114919,Nautica,Competition Nautica 1997 After Shave,1997,https://www.parfumo.com/Perfumes/Nautica/Competition_After_Shave
114920,Nautica,Jasmine Coast,2025,https://www.fragrantica.com/perfume/Nautica/Jasmine-Coast-104202.html
114921,Nautica,Latitude Longitude (Eau de Toilette),2000,https://www.fragrantica.com/perfume/Nautica/Latitude-Longitude-2478.html
114922,Nautica,Latitude Longitude Nautica 2000 After Shave,2000,https://www.parfumo.com/Perfumes/Nautica/Latitude_Longitude_After_Shave
114923,Nautica,Life Energy,2015,https://www.fragrantica.com/perfume/Nautica/Life-Energy-31832.html
114924,Nautica,Midnight Voyage,2020,https://www.fragrantica.com/perfume/Nautica/Midnight-Voyage-59563.html
114925,Nautica,My Voyage,2007,https://www.fragrantica.com/perfume/Nautica/My-Voyage-5792.html
114926,Nautica,Nautica Acqua Rush Gold,2013,https://www.fragrantica.com/perfume/Nautica/Nautica-Acqua-Rush-Gold-17681.html
114927,Nautica,Nautica Aqua Rush,2012,https://www.fragrantica.com/perfume/Nautica/Nautica-Aqua-Rush-14820.html
114928,Nautica,Nautica Bermuda Blue,,https://www.fragrantica.com/perfume/Nautica/Nautica-Bermuda-Blue-4618.html
114929,Nautica,Nautica Blue (Eau de Toilette),2005,https://www.fragrantica.com/perfume/Nautica/Nautica-Blue-2480.html
114930,Nautica,Nautica Competition (Eau de Cologne),2003,https://www.fragrantica.com/perfume/Nautica/Nautica-Competition-2481.html
114931,Nautica,Nautica (Eau de Cologne),1992,https://www.fragrantica.com/perfume/Nautica/Nautica-2479.html
114932,Nautica,Nautica Island Voyage,2007,https://www.fragrantica.com/perfume/Nautica/Nautica-Island-Voyage-914.html
114933,Nautica,Nautica Life,2014,https://www.fragrantica.com/perfume/Nautica/Nautica-Life-26057.html
114934,Nautica,Nautica Nautica 1992 After Shave,1992,https://www.parfumo.com/Perfumes/Nautica/Nautica_After_Shave
114935,Nautica,Nautica Nautica 1992 Cologne (Eau de Cologne),1992,https://www.parfumo.com/Perfumes/Nautica/Nautica_Cologne
114936,Nautica,Nautica Summer Voyage,2009,https://www.fragrantica.com/perfume/Nautica/Nautica-Summer-Voyage-12140.html
114937,Nautica,Nautica Sunset Voyage,2008,https://www.fragrantica.com/perfume/Nautica/Nautica-Sunset-Voyage-3103.html
114938,Nautica,Nautica Voyage (After Shave),2006,https://www.fragrantica.com/perfume/Nautica/Nautica-Voyage-913.html
114939,Nautica,Nautica Voyage Heritage,2018,https://www.fragrantica.com/perfume/Nautica/Nautica-Voyage-Heritage-57679.html
114940,Nautica,Nautica Voyage N-83,2013,https://www.fragrantica.com/perfume/Nautica/Nautica-Voyage-N-83-23097.html
114941,Nautica,Nautica Voyage Sport,2016,https://www.fragrantica.com/perfume/Nautica/Nautica-Voyage-Sport-36402.html
114942,Nautica,Nautica Woman,1997,https://www.fragrantica.com/perfume/Nautica/Nautica-Woman-9918.html
114943,Nautica,Oceans,2009,https://www.fragrantica.com/perfume/Nautica/Oceans-5140.html
114944,Nautica,Oceans Pacific Coast,2022,https://www.parfumo.com/Perfumes/Nautica/oceans-pacific-coast
114945,Nautica,Pure,2010,https://www.parfumo.com/Perfumes/Nautica/Pure_Nautica
114946,Nautica,Pure Blue,2024,https://www.fragrantica.com/perfume/Nautica/Pure-Blue-100441.html
114947,Nautica,Pure Nautica,2010,https://www.fragrantica.com/perfume/Nautica/Pure-Nautica-9933.html
114948,Nautica,Pure Nautica Discovery,2011,https://www.fragrantica.com/perfume/Nautica/Pure-Nautica-Discovery-12322.html
114949,Nautica,Regatta,2009,https://www.fragrantica.com/perfume/Nautica/Regatta-8656.html
114950,Nautica,Rose Island,2025,https://www.fragrantica.com/perfume/Nautica/Rose-Island-104201.html
114951,Nautica,Voyage Intense,2025,https://www.fragrantica.com/perfume/Nautica/Voyage-Intense-113779.html
114952,Nautica,Voyage Nautica 2006 Eau de Toilette,2006,https://www.parfumo.com/Perfumes/Nautica/Voyage_Eau_de_Toilette
114953,Nautica,White Sail,1997,https://www.fragrantica.com/perfume/Nautica/White-Sail-5610.html
114954,Nautilus,Aqua Nautilus,1998,https://www.fragrantica.com/perfume/Nautilus/Aqua-Nautilus-2476.html
114955,Nautilus,Blazer,2005,https://www.fragrantica.com/perfume/Nautilus/Blazer-33293.html
114956,Nautilus,Donna Nautilus,2000,https://www.fragrantica.com/perfume/Nautilus/Donna-Nautilus-2516.html
114957,Nautilus,Nautilus Black Marlin,2001,https://www.fragrantica.com/perfume/Nautilus/Nautilus-Black-Marlin-2477.html
114958,Nautilus,Pois,2000,https://www.fragrantica.com/perfume/Nautilus/Pois-33294.html
114959,Navigare,Navigare Est,2020,https://www.fragrantica.com/perfume/Navigare/Navigare-Est-128481.html
114960,Navigare,Navigare Nord,2020,https://www.fragrantica.com/perfume/Navigare/Navigare-Nord-130703.html
114961,Navitus Parfums,Absolutio,2019,https://www.fragrantica.com/perfume/Navitus-Parfums/Absolutio-60620.html
114962,Navitus Parfums,Ambrosia Imperiale,2024,https://www.fragrantica.com/perfume/Navitus-Parfums/Ambrosia-Imperiale-92323.html
114963,Navitus Parfums,Ambrosia Imperiale (Extrait de Parfum),2023,https://www.fragrantica.com/perfume/Navitus-Parfums/Ambrosia-Imperiale-81976.html
114964,Navitus Parfums,Ambrosia Imperiale Navitus Parfums 2024 All Over Spray,2024,https://www.parfumo.com/Perfumes/navitus-parfums/ambrosia-imperiale-all-over-spray
114965,Navitus Parfums,Amorous Intense,2023,https://www.fragrantica.com/perfume/Navitus-Parfums/Amorous-Intense-87278.html
114966,Navitus Parfums,Amorous Intense,2024,https://www.fragrantica.com/perfume/Navitus-Parfums/Amorous-Intense-113870.html
114967,Navitus Parfums,Amour Infinite,2024,https://www.fragrantica.com/perfume/Navitus-Parfums/Amour-Infinite-95191.html
114968,Navitus Parfums,Arcanum,2020,https://www.fragrantica.com/perfume/Navitus-Parfums/Arcanum-60622.html
114969,Navitus Parfums,Atardecer,2024,https://www.fragrantica.com/perfume/Navitus-Parfums/Atardecer-102122.html
114970,Navitus Parfums,Aubade,2021,https://www.fragrantica.com/perfume/Navitus-Parfums/Aubade-70067.html
114971,Navitus Parfums,Aura Ultime,2023,https://www.fragrantica.com/perfume/Navitus-Parfums/Aura-Ultime-81971.html
114972,Navitus Parfums,Aweigh,2021,https://www.fragrantica.com/perfume/Navitus-Parfums/Aweigh-70070.html
114973,Navitus Parfums,Bake Me Happy,2025,https://www.fragrantica.com/perfume/Navitus-Parfums/Bake-Me-Happy-118635.html
114974,Navitus Parfums,Baklava Royale,2023,https://www.fragrantica.com/perfume/Navitus-Parfums/Baklava-Royale-88198.html
114975,Navitus Parfums,Baklava Royale,2024,https://www.fragrantica.com/perfume/Navitus-Parfums/Baklava-Royale-113872.html
114976,Navitus Parfums,Cabana Sunset,2024,https://www.fragrantica.com/perfume/Navitus-Parfums/Cabana-Sunset-96197.html
114977,Navitus Parfums,Carte Blanche,2020,https://www.fragrantica.com/perfume/Navitus-Parfums/Carte-Blanche-70234.html
114978,Navitus Parfums,Champagne Royale,2021,https://www.fragrantica.com/perfume/Navitus-Parfums/Champagne-Royale-70108.html
114979,Navitus Parfums,Chocolate Queen,2024,https://www.fragrantica.com/perfume/Navitus-Parfums/Chocolate-Queen-92324.html
114980,Navitus Parfums,Chocolate Queen (Extrait de Parfum),2022,https://www.fragrantica.com/perfume/Navitus-Parfums/Chocolate-Queen-78705.html
114981,Navitus Parfums,Chocolate Queen Navitus Parfums 2024 All Over Spray,2024,https://www.parfumo.com/Perfumes/navitus-parfums/chocolate-queen-all-over-spray
114982,Navitus Parfums,Creme Imepriale,2024,https://www.fragrantica.com/perfume/Navitus-Parfums/Creme-Imepriale-113874.html
114983,Navitus Parfums,Creme Imperiale,2021,https://www.fragrantica.com/perfume/Navitus-Parfums/Creme-Imperiale-70105.html
114984,Navitus Parfums,Desir Infini,2023,https://www.fragrantica.com/perfume/Navitus-Parfums/Desir-Infini-81972.html
114985,Navitus Parfums,Divine Aphrodisiac,2022,https://www.fragrantica.com/perfume/Navitus-Parfums/Divine-Aphrodisiac-77207.html
114986,Navitus Parfums,Eau Debonaire,2022,https://www.fragrantica.com/perfume/Navitus-Parfums/Eau-Debonaire-77208.html
114987,Navitus Parfums,Eclat Pistache,2026,https://www.fragrantica.com/perfume/Navitus-Parfums/Eclat-Pistache-136046.html
114988,Navitus Parfums,Eidola,2020,https://www.fragrantica.com/perfume/Navitus-Parfums/Eidola-63291.html
114989,Navitus Parfums,Élan Noir,2025,https://www.fragrantica.com/perfume/Navitus-Parfums/Elan-Noir-113868.html
114990,Navitus Parfums,Elation,2020,https://www.fragrantica.com/perfume/Navitus-Parfums/Elation-63290.html
114991,Navitus Parfums,Emanuel New York,2025,https://www.fragrantica.com/perfume/Navitus-Parfums/Emanuel-New-York-119418.html
114992,Navitus Parfums,Emblaze,2021,https://www.fragrantica.com/perfume/Navitus-Parfums/Emblaze-70068.html
114993,Navitus Parfums,Empyreal,2021,https://www.fragrantica.com/perfume/Navitus-Parfums/Empyreal-70069.html
114994,Navitus Parfums,Exalt Nuit,2020,https://www.fragrantica.com/perfume/Navitus-Parfums/Exalt-Nuit-63292.html
114995,Navitus Parfums,Intimus,2019,https://www.fragrantica.com/perfume/Navitus-Parfums/Intimus-60623.html
114996,Navitus Parfums,Kind Intentions,2023,https://www.fragrantica.com/perfume/Navitus-Parfums/Kind-Intentions-83622.html
114997,Navitus Parfums,Lautus,2020,https://www.fragrantica.com/perfume/Navitus-Parfums/Lautus-60624.html
114998,Navitus Parfums,Lost in a Dream,2023,https://www.fragrantica.com/perfume/Navitus-Parfums/Lost-in-a-Dream-88834.html
114999,Navitus Parfums,Lost In A Dream,2024,https://www.fragrantica.com/perfume/Navitus-Parfums/Lost-In-A-Dream-113875.html
115000,Navitus Parfums,Luxe Absolu,2023,https://www.fragrantica.com/perfume/Navitus-Parfums/Luxe-Absolu-81973.html