id,brand_name,product_name,release_year,source_url
50001,DSH Perfumes,Caravan Spice (Holiday no.11),,https://www.fragrantica.com/perfume/DSH-Perfumes/Caravan-Spice-Holiday-no-11-21038.html
50002,DSH Perfumes,Cardamom & Khyphi,,https://www.fragrantica.com/perfume/DSH-Perfumes/Cardamom-Khyphi-21072.html
50003,DSH Perfumes,Catch and Release,,https://www.fragrantica.com/perfume/DSH-Perfumes/Catch-and-Release-20981.html
50004,DSH Perfumes,Cathedral (Holiday no.3),,https://www.fragrantica.com/perfume/DSH-Perfumes/Cathedral-Holiday-no-3-21037.html
50005,DSH Perfumes,Celadon : A Velvet Green,,https://www.fragrantica.com/perfume/DSH-Perfumes/Celadon-A-Velvet-Green-6574.html
50006,DSH Perfumes,Chinchilla,2016,https://www.fragrantica.com/perfume/DSH-Perfumes/Chinchilla-41347.html
50007,DSH Perfumes,Cielle,,https://www.fragrantica.com/perfume/DSH-Perfumes/Cielle-8380.html
50008,DSH Perfumes,Cimabue (Italian Journey no. 8),,https://www.fragrantica.com/perfume/DSH-Perfumes/Cimabue-Italian-Journey-no-8-6578.html
50009,DSH Perfumes,Coffee Absolute,,https://www.fragrantica.com/perfume/DSH-Perfumes/Coffee-Absolute-21041.html
50010,DSH Perfumes,Cordial (Holiday no.12),,https://www.fragrantica.com/perfume/DSH-Perfumes/Cordial-Holiday-no-12-21000.html
50011,DSH Perfumes,Cotton Candy,,https://www.fragrantica.com/perfume/DSH-Perfumes/Cotton-Candy-20998.html
50012,DSH Perfumes,Countess Olenska,2022,https://www.fragrantica.com/perfume/DSH-Perfumes/Countess-Olenska-76139.html
50013,DSH Perfumes,Cuir et Champignon,2010,https://www.fragrantica.com/perfume/DSH-Perfumes/Cuir-et-Champignon-71184.html
50014,DSH Perfumes,Cyan,2009,https://www.fragrantica.com/perfume/DSH-Perfumes/Cyan-6548.html
50015,DSH Perfumes,d´Anjou,,https://www.fragrantica.com/perfume/DSH-Perfumes/d-Anjou-8381.html
50016,DSH Perfumes,Damasq,2021,https://www.fragrantica.com/perfume/DSH-Perfumes/Damasq-71621.html
50017,DSH Perfumes,Dark Moon (Holiday No.16),2016,https://www.fragrantica.com/perfume/DSH-Perfumes/Dark-Moon-Holiday-No-16-42655.html
50018,DSH Perfumes,December,2010,https://www.fragrantica.com/perfume/DSH-Perfumes/December-10955.html
50019,DSH Perfumes,Deco Diamonds,2014,https://www.fragrantica.com/perfume/DSH-Perfumes/Deco-Diamonds-29127.html
50020,DSH Perfumes,Dirty Rose,2009,https://www.fragrantica.com/perfume/DSH-Perfumes/Dirty-Rose-6549.html
50021,DSH Perfumes,Divine Gardens (Mantua),,https://www.fragrantica.com/perfume/DSH-Perfumes/Divine-Gardens-Mantua-21040.html
50022,DSH Perfumes,Don't Explain,2021,https://www.fragrantica.com/perfume/DSH-Perfumes/Don-t-Explain-71625.html
50023,DSH Perfumes,Eau Cerise,2018,https://www.fragrantica.com/perfume/DSH-Perfumes/Eau-Cerise-55693.html
50024,DSH Perfumes,Eau de Coquette (The Perfumed Court; Natural),,https://www.fragrantica.com/perfume/DSH-Perfumes/Eau-de-Coquette-The-Perfumed-Court-Natural-6579.html
50025,DSH Perfumes,Eau de Fleurs d'Oranger du Roi (The Perfumed Court; Natural),,https://www.fragrantica.com/perfume/DSH-Perfumes/Eau-de-Fleurs-d-Oranger-du-Roi-The-Perfumed-Court-Natural-6580.html
50026,DSH Perfumes,Eau de la Favourite (The Perfumed Court ; Natural),,https://www.fragrantica.com/perfume/DSH-Perfumes/Eau-de-la-Favourite-The-Perfumed-Court-Natural-6581.html
50027,DSH Perfumes,Eau de Trianon (The Perfumed Court; Natural),,https://www.fragrantica.com/perfume/DSH-Perfumes/Eau-de-Trianon-The-Perfumed-Court-Natural-6582.html
50028,DSH Perfumes,Eau de Vie (Lavender 1; Natural),,https://www.fragrantica.com/perfume/DSH-Perfumes/Eau-de-Vie-Lavender-1-Natural-6583.html
50029,DSH Perfumes,Egyptian Shalimar,,https://www.fragrantica.com/perfume/DSH-Perfumes/Egyptian-Shalimar-21006.html
50030,DSH Perfumes,Electric Summer,2022,https://www.fragrantica.com/perfume/DSH-Perfumes/Electric-Summer-75817.html
50031,DSH Perfumes,En Fleur,,https://www.fragrantica.com/perfume/DSH-Perfumes/En-Fleur-8382.html
50032,DSH Perfumes,en Vacances,,https://www.fragrantica.com/perfume/DSH-Perfumes/en-Vacances-21045.html
50033,DSH Perfumes,Epices d'Hiver,,https://www.fragrantica.com/perfume/DSH-Perfumes/Epices-d-Hiver-8323.html
50034,DSH Perfumes,Épices d’Hiver (Winter Spices),,https://www.fragrantica.com/perfume/DSH-Perfumes/Epices-d-Hiver-Winter-Spices-21044.html
50035,DSH Perfumes,Essenza dell’Ibisco,,https://www.fragrantica.com/perfume/DSH-Perfumes/Essenza-dell-Ibisco-55216.html
50036,DSH Perfumes,Essenza dell'Ibisco (Italian Journey No. 6),,https://www.fragrantica.com/perfume/DSH-Perfumes/Essenza-dell-Ibisco-Italian-Journey-No-6-6584.html
50037,DSH Perfumes,Estancia,2022,https://www.fragrantica.com/perfume/DSH-Perfumes/Estancia-76158.html
50038,DSH Perfumes,Eucalyptus,,https://www.fragrantica.com/perfume/DSH-Perfumes/Eucalyptus-21052.html
50039,DSH Perfumes,Euphorisme d’Opium,,https://www.fragrantica.com/perfume/DSH-Perfumes/Euphorisme-d-Opium-20986.html
50040,DSH Perfumes,Evolution Musk,,https://www.fragrantica.com/perfume/DSH-Perfumes/Evolution-Musk-21016.html
50041,DSH Perfumes,Festive (Holiday no.1),,https://www.fragrantica.com/perfume/DSH-Perfumes/Festive-Holiday-no-1-21025.html
50042,DSH Perfumes,Feuilles (Leaves),,https://www.fragrantica.com/perfume/DSH-Perfumes/Feuilles-Leaves-8384.html
50043,DSH Perfumes,Feuilles Vertes (Green Leaves),,https://www.fragrantica.com/perfume/DSH-Perfumes/Feuilles-Vertes-Green-Leaves-8385.html
50044,DSH Perfumes,Figue Interdite,2018,https://www.fragrantica.com/perfume/DSH-Perfumes/Figue-Interdite-55691.html
50045,DSH Perfumes,Fire Opal (Orange 2; Natural),,https://www.fragrantica.com/perfume/DSH-Perfumes/Fire-Opal-Orange-2-Natural-6585.html
50046,DSH Perfumes,Firefly,,https://www.fragrantica.com/perfume/DSH-Perfumes/Firefly-21018.html
50047,DSH Perfumes,Fleuriste,2015,https://www.fragrantica.com/perfume/DSH-Perfumes/Fleuriste-31287.html
50048,DSH Perfumes,Fleurs d'Oranger,2011,https://www.fragrantica.com/perfume/DSH-Perfumes/Fleurs-d-Oranger-29335.html
50049,DSH Perfumes,Flores Bonitas y Corazones Rotos,2020,https://www.fragrantica.com/perfume/DSH-Perfumes/Flores-Bonitas-y-Corazones-Rotos-64048.html
50050,DSH Perfumes,For the Groom,,https://www.fragrantica.com/perfume/DSH-Perfumes/For-the-Groom-8409.html
50051,DSH Perfumes,Fou d’Opium,2015,https://www.fragrantica.com/perfume/DSH-Perfumes/Fou-d-Opium-44540.html
50052,DSH Perfumes,Foxy,2017,https://www.fragrantica.com/perfume/DSH-Perfumes/Foxy-44401.html
50053,DSH Perfumes,French Lily,2017,https://www.fragrantica.com/perfume/DSH-Perfumes/French-Lily-45780.html
50054,DSH Perfumes,French Linden Blossom (Lime Blossom),,https://www.fragrantica.com/perfume/DSH-Perfumes/French-Linden-Blossom-Lime-Blossom-21005.html
50055,DSH Perfumes,Fumee d'Or,2014,https://www.fragrantica.com/perfume/DSH-Perfumes/Fumee-d-Or-29130.html
50056,DSH Perfumes,Gardenia Essense,2015,https://www.fragrantica.com/perfume/DSH-Perfumes/Gardenia-Essense-32528.html
50057,DSH Perfumes,Gekkou Hanami,2017,https://www.fragrantica.com/perfume/DSH-Perfumes/Gekkou-Hanami-44400.html
50058,DSH Perfumes,Gelsomino (Jasmine: Italian Journey No. 5),,https://www.fragrantica.com/perfume/DSH-Perfumes/Gelsomino-Jasmine-Italian-Journey-No-5-6586.html
50059,DSH Perfumes,Giardini Segreti (Italian Journey No. 3),,https://www.fragrantica.com/perfume/DSH-Perfumes/Giardini-Segreti-Italian-Journey-No-3-6587.html
50060,DSH Perfumes,Gingembre (Ginger 1; Natural),,https://www.fragrantica.com/perfume/DSH-Perfumes/Gingembre-Ginger-1-Natural-6588.html
50061,DSH Perfumes,Giverny in Bloom,2015,https://www.fragrantica.com/perfume/DSH-Perfumes/Giverny-in-Bloom-31534.html
50062,DSH Perfumes,Green Rhubarb and Cane Sugar,2022,https://www.fragrantica.com/perfume/DSH-Perfumes/Green-Rhubarb-and-Cane-Sugar-76152.html
50063,DSH Perfumes,Guimauve de Soie,,https://www.fragrantica.com/perfume/DSH-Perfumes/Guimauve-de-Soie-20988.html
50064,DSH Perfumes,Gum Tree Cabin,2020,https://www.fragrantica.com/perfume/DSH-Perfumes/Gum-Tree-Cabin-64473.html
50065,DSH Perfumes,Habibi,2017,https://www.fragrantica.com/perfume/DSH-Perfumes/Habibi-47660.html
50066,DSH Perfumes,Halfeti,2022,https://www.fragrantica.com/perfume/DSH-Perfumes/Halfeti-76141.html
50067,DSH Perfumes,Halloween,,https://www.fragrantica.com/perfume/DSH-Perfumes/Halloween-21033.html
50068,DSH Perfumes,Hand of Buddha,,https://www.fragrantica.com/perfume/DSH-Perfumes/Hand-of-Buddha-21043.html
50069,DSH Perfumes,Hansa Yellow,2015,https://www.fragrantica.com/perfume/DSH-Perfumes/Hansa-Yellow-39491.html
50070,DSH Perfumes,Hanukah Cannelle (Holiday no.9),,https://www.fragrantica.com/perfume/DSH-Perfumes/Hanukah-Cannelle-Holiday-no-9-21026.html
50071,DSH Perfumes,Hinoki,,https://www.fragrantica.com/perfume/DSH-Perfumes/Hinoki-21010.html
50072,DSH Perfumes,Hippie Chic,,https://www.fragrantica.com/perfume/DSH-Perfumes/Hippie-Chic-21020.html
50073,DSH Perfumes,"I Love You, Mary Jane",2014,https://www.fragrantica.com/perfume/DSH-Perfumes/I-Love-You-Mary-Jane-29308.html
50074,DSH Perfumes,Il Marinaio da Capri (The Sailor from Capri),2017,https://www.fragrantica.com/perfume/DSH-Perfumes/Il-Marinaio-da-Capri-The-Sailor-from-Capri-45785.html
50075,DSH Perfumes,Indochine (Ginger 2),,https://www.fragrantica.com/perfume/DSH-Perfumes/Indochine-Ginger-2-6589.html
50076,DSH Perfumes,Indus,2012,https://www.fragrantica.com/perfume/DSH-Perfumes/Indus-16641.html
50077,DSH Perfumes,Inner Sanctum,,https://www.fragrantica.com/perfume/DSH-Perfumes/Inner-Sanctum-21021.html
50078,DSH Perfumes,Iridum,2013,https://www.fragrantica.com/perfume/DSH-Perfumes/Iridum-18611.html
50079,DSH Perfumes,Iris Tuxedo,2020,https://www.fragrantica.com/perfume/DSH-Perfumes/Iris-Tuxedo-64312.html
50080,DSH Perfumes,Ivory,,https://www.fragrantica.com/perfume/DSH-Perfumes/Ivory-21032.html
50081,DSH Perfumes,Jacinthe de Sapphir,2014,https://www.fragrantica.com/perfume/DSH-Perfumes/Jacinthe-de-Sapphir-29128.html
50082,DSH Perfumes,Jitterbug,,https://www.fragrantica.com/perfume/DSH-Perfumes/Jitterbug-8386.html
50083,DSH Perfumes,Jitterbug for Men,,https://www.fragrantica.com/perfume/DSH-Perfumes/Jitterbug-for-Men-8387.html
50084,DSH Perfumes,Joshua Tree,2023,https://www.fragrantica.com/perfume/DSH-Perfumes/Joshua-Tree-131092.html
50085,DSH Perfumes,June Bride,,https://www.fragrantica.com/perfume/DSH-Perfumes/June-Bride-8410.html
50086,DSH Perfumes,Kale,2022,https://www.fragrantica.com/perfume/DSH-Perfumes/Kale-76149.html
50087,DSH Perfumes,Kaleidoscope,2016,https://www.fragrantica.com/perfume/DSH-Perfumes/Kaleidoscope-40572.html
50088,DSH Perfumes,Keni,2013,https://www.fragrantica.com/perfume/DSH-Perfumes/Keni-18613.html
50089,DSH Perfumes,Kohl Gris,,https://www.fragrantica.com/perfume/DSH-Perfumes/Kohl-Gris-8423.html
50090,DSH Perfumes,L’eau,,https://www.fragrantica.com/perfume/DSH-Perfumes/L-eau-20995.html
50091,DSH Perfumes,L´eau d´Iris,,https://www.fragrantica.com/perfume/DSH-Perfumes/L-eau-d-Iris-8389.html
50092,DSH Perfumes,L´eau (Natural),,https://www.fragrantica.com/perfume/DSH-Perfumes/L-eau-Natural-8388.html
50093,DSH Perfumes,L'Homme,,https://www.fragrantica.com/perfume/DSH-Perfumes/L-Homme-6590.html
50094,DSH Perfumes,l’Opera des Rouges et des Roses,2015,https://www.fragrantica.com/perfume/DSH-Perfumes/l-Opera-des-Rouges-et-des-Roses-31535.html
50095,DSH Perfumes,La Belle Saison,2016,https://www.fragrantica.com/perfume/DSH-Perfumes/La-Belle-Saison-37237.html
50096,DSH Perfumes,La Danse des Bleus et des Violettes,2015,https://www.fragrantica.com/perfume/DSH-Perfumes/La-Danse-des-Bleus-et-des-Violettes-31536.html
50097,DSH Perfumes,La Fete Nouvelle,,https://www.fragrantica.com/perfume/DSH-Perfumes/La-Fete-Nouvelle-21017.html
50098,DSH Perfumes,La Plage Sea,,https://www.fragrantica.com/perfume/DSH-Perfumes/La-Plage-Sea-8390.html
50099,DSH Perfumes,La Reine des Fleurs,2014,https://www.fragrantica.com/perfume/DSH-Perfumes/La-Reine-des-Fleurs-24130.html
50100,DSH Perfumes,La Rose Béatifique,2021,https://www.fragrantica.com/perfume/DSH-Perfumes/La-Rose-Beatifique-71620.html
50101,DSH Perfumes,la Rose Fleurette (Rose No. 2),,https://www.fragrantica.com/perfume/DSH-Perfumes/la-Rose-Fleurette-Rose-No-2-6591.html
50102,DSH Perfumes,La Vie en Rose,,https://www.fragrantica.com/perfume/DSH-Perfumes/La-Vie-en-Rose-20987.html
50103,DSH Perfumes,Lautrec,,https://www.fragrantica.com/perfume/DSH-Perfumes/Lautrec-21062.html
50104,DSH Perfumes,Lavande,,https://www.fragrantica.com/perfume/DSH-Perfumes/Lavande-21046.html
50105,DSH Perfumes,Le Jardin Vert,2015,https://www.fragrantica.com/perfume/DSH-Perfumes/Le-Jardin-Vert-31537.html
50106,DSH Perfumes,Le Roi Soleil (The Perfumed Court; Natural),,https://www.fragrantica.com/perfume/DSH-Perfumes/Le-Roi-Soleil-The-Perfumed-Court-Natural-6592.html
50107,DSH Perfumes,Le Sazerac,2021,https://www.fragrantica.com/perfume/DSH-Perfumes/Le-Sazerac-71617.html
50108,DSH Perfumes,Le Serval,2020,https://www.fragrantica.com/perfume/DSH-Perfumes/Le-Serval-64047.html
50109,DSH Perfumes,Le Smoking,,https://www.fragrantica.com/perfume/DSH-Perfumes/Le-Smoking-20982.html
50110,DSH Perfumes,Les Petites,,https://www.fragrantica.com/perfume/DSH-Perfumes/Les-Petites-8391.html
50111,DSH Perfumes,Lift Off,,https://www.fragrantica.com/perfume/DSH-Perfumes/Lift-Off-21047.html
50112,DSH Perfumes,Ligne Trapéze,,https://www.fragrantica.com/perfume/DSH-Perfumes/Ligne-Trapeze-20984.html
50113,DSH Perfumes,LiLi,,https://www.fragrantica.com/perfume/DSH-Perfumes/LiLi-8424.html
50114,DSH Perfumes,Lis Oriental,2018,https://www.fragrantica.com/perfume/DSH-Perfumes/Lis-Oriental-55690.html
50115,DSH Perfumes,Little Smile,,https://www.fragrantica.com/perfume/DSH-Perfumes/Little-Smile-21004.html
50116,DSH Perfumes,Love,2014,https://www.fragrantica.com/perfume/DSH-Perfumes/Love-29305.html
50117,DSH Perfumes,Love is Everything,2019,https://www.fragrantica.com/perfume/DSH-Perfumes/Love-is-Everything-55213.html
50118,DSH Perfumes,Luckyclover,,https://www.fragrantica.com/perfume/DSH-Perfumes/Luckyclover-21002.html
50119,DSH Perfumes,Lumiere (Holiday no.7),,https://www.fragrantica.com/perfume/DSH-Perfumes/Lumiere-Holiday-no-7-21024.html
50120,DSH Perfumes,Ma Folie de Noel (My Christmas Folly; Holiday no.6),,https://www.fragrantica.com/perfume/DSH-Perfumes/Ma-Folie-de-Noel-My-Christmas-Folly-Holiday-no-6-21031.html
50121,DSH Perfumes,Ma Plus Belle Histoire d’Amour,,https://www.fragrantica.com/perfume/DSH-Perfumes/Ma-Plus-Belle-Histoire-d-Amour-20985.html
50122,DSH Perfumes,Madonna Lily,2008,https://www.fragrantica.com/perfume/DSH-Perfumes/Madonna-Lily-8392.html
50123,DSH Perfumes,Mahjoun,,https://www.fragrantica.com/perfume/DSH-Perfumes/Mahjoun-8425.html
50124,DSH Perfumes,ManRoot,2020,https://www.fragrantica.com/perfume/DSH-Perfumes/ManRoot-64049.html
50125,DSH Perfumes,Mars Violet,2015,https://www.fragrantica.com/perfume/DSH-Perfumes/Mars-Violet-39492.html
50126,DSH Perfumes,Marzipan (Holiday no.5),,https://www.fragrantica.com/perfume/DSH-Perfumes/Marzipan-Holiday-no-5-21034.html
50127,DSH Perfumes,Mata Hari,2010,https://www.fragrantica.com/perfume/DSH-Perfumes/Mata-Hari-10954.html
50128,DSH Perfumes,Matsu,2013,https://www.fragrantica.com/perfume/DSH-Perfumes/Matsu-18762.html
50129,DSH Perfumes,Megaleion,2013,https://www.fragrantica.com/perfume/DSH-Perfumes/Megaleion-18614.html
50130,DSH Perfumes,Memory & Desire No.1,,https://www.fragrantica.com/perfume/DSH-Perfumes/Memory-Desire-No-1-20989.html
50131,DSH Perfumes,Menthe Moderne,,https://www.fragrantica.com/perfume/DSH-Perfumes/Menthe-Moderne-8426.html
50132,DSH Perfumes,Metropolis,2014,https://www.fragrantica.com/perfume/DSH-Perfumes/Metropolis-25397.html
50133,DSH Perfumes,Michelangelo,,https://www.fragrantica.com/perfume/DSH-Perfumes/Michelangelo-8427.html
50134,DSH Perfumes,Mille-Fleurs Bouquet,,https://www.fragrantica.com/perfume/DSH-Perfumes/Mille-Fleurs-Bouquet-9977.html
50135,DSH Perfumes,Mimosa,,https://www.fragrantica.com/perfume/DSH-Perfumes/Mimosa-8393.html
50136,DSH Perfumes,Minuit,,https://www.fragrantica.com/perfume/DSH-Perfumes/Minuit-8428.html
50137,DSH Perfumes,Mirabella,,https://www.fragrantica.com/perfume/DSH-Perfumes/Mirabella-21065.html
50138,DSH Perfumes,Mon Petit Oiseau,2025,https://www.fragrantica.com/perfume/DSH-Perfumes/Mon-Petit-Oiseau-113333.html
50139,DSH Perfumes,Mother of the Bride,,https://www.fragrantica.com/perfume/DSH-Perfumes/Mother-of-the-Bride-8411.html
50140,DSH Perfumes,Mountain Sage,,https://www.fragrantica.com/perfume/DSH-Perfumes/Mountain-Sage-20999.html
50141,DSH Perfumes,Muguet Cologne (Eau de Cologne),2011,https://www.fragrantica.com/perfume/DSH-Perfumes/Muguet-Cologne-47573.html
50142,DSH Perfumes,Muresque,2022,https://www.fragrantica.com/perfume/DSH-Perfumes/Muresque-76129.html
50143,DSH Perfumes,Musc al Medina,2016,https://www.fragrantica.com/perfume/DSH-Perfumes/Musc-al-Medina-42653.html
50144,DSH Perfumes,Mysore Sandalwood,,https://www.fragrantica.com/perfume/DSH-Perfumes/Mysore-Sandalwood-21028.html
50145,DSH Perfumes,New Hope... Is Where We Dream,2021,https://www.fragrantica.com/perfume/DSH-Perfumes/New-Hope-Is-Where-We-Dream-71626.html
50146,DSH Perfumes,No.2 Pencil Shavings,2020,https://www.fragrantica.com/perfume/DSH-Perfumes/No-2-Pencil-Shavings-125276.html
50147,DSH Perfumes,Noel Enchante (Holiday No. 15),2015,https://www.fragrantica.com/perfume/DSH-Perfumes/Noel-Enchante-Holiday-No-15-44541.html
50148,DSH Perfumes,Nourouz,,https://www.fragrantica.com/perfume/DSH-Perfumes/Nourouz-8324.html
50149,DSH Perfumes,Nouveau Gardenia,,https://www.fragrantica.com/perfume/DSH-Perfumes/Nouveau-Gardenia-8394.html
50150,DSH Perfumes,Oeillets Rouges (Red Carnations),,https://www.fragrantica.com/perfume/DSH-Perfumes/Oeillets-Rouges-Red-Carnations-8416.html
50151,DSH Perfumes,Onycha,2016,https://www.fragrantica.com/perfume/DSH-Perfumes/Onycha-42654.html
50152,DSH Perfumes,Open Space No. 1,2022,https://www.fragrantica.com/perfume/DSH-Perfumes/Open-Space-No-1-76124.html
50153,DSH Perfumes,OUD in Chiaroscuro: Aoud Blanc,2018,https://www.fragrantica.com/perfume/DSH-Perfumes/OUD-in-Chiaroscuro-Aoud-Blanc-55211.html
50154,DSH Perfumes,Oud in Chiaroscuro: Oudh Noir,2018,https://www.fragrantica.com/perfume/DSH-Perfumes/Oud-in-Chiaroscuro-Oudh-Noir-55212.html
50155,DSH Perfumes,Oude Arabique,,https://www.fragrantica.com/perfume/DSH-Perfumes/Oude-Arabique-8430.html
50156,DSH Perfumes,Padme Lotus,,https://www.fragrantica.com/perfume/DSH-Perfumes/Padme-Lotus-8431.html
50157,DSH Perfumes,Pamplemousse,,https://www.fragrantica.com/perfume/DSH-Perfumes/Pamplemousse-6737.html
50158,DSH Perfumes,Pandora,,https://www.fragrantica.com/perfume/DSH-Perfumes/Pandora-20990.html
50159,DSH Perfumes,Paper White,2020,https://www.fragrantica.com/perfume/DSH-Perfumes/Paper-White-125278.html
50160,DSH Perfumes,Paradise Lost (Clarimonde Perfume Project),2011,https://www.fragrantica.com/perfume/DSH-Perfumes/Paradise-Lost-Clarimonde-Perfume-Project-45038.html
50161,DSH Perfumes,Parfum de Grasse,,https://www.fragrantica.com/perfume/DSH-Perfumes/Parfum-de-Grasse-8417.html
50162,DSH Perfumes,Parfum de Luxe,,https://www.fragrantica.com/perfume/DSH-Perfumes/Parfum-de-Luxe-8418.html
50163,DSH Perfumes,Parma Violet,,https://www.fragrantica.com/perfume/DSH-Perfumes/Parma-Violet-21007.html
50164,DSH Perfumes,Passport à Paris,2013,https://www.fragrantica.com/perfume/DSH-Perfumes/Passport-a-Paris-22540.html
50165,DSH Perfumes,Peace,2014,https://www.fragrantica.com/perfume/DSH-Perfumes/Peace-29304.html
50166,DSH Perfumes,Peony,2014,https://www.fragrantica.com/perfume/DSH-Perfumes/Peony-25395.html
50167,DSH Perfumes,Perfume (Parfum),2014,https://www.fragrantica.com/perfume/DSH-Perfumes/Perfume-29306.html
50168,DSH Perfumes,Piment et Chocolat,,https://www.fragrantica.com/perfume/DSH-Perfumes/Piment-et-Chocolat-8419.html
50169,DSH Perfumes,Pink Gardenia,,https://www.fragrantica.com/perfume/DSH-Perfumes/Pink-Gardenia-8432.html
50170,DSH Perfumes,Poivre,,https://www.fragrantica.com/perfume/DSH-Perfumes/Poivre-8421.html
50171,DSH Perfumes,Pomander,,https://www.fragrantica.com/perfume/DSH-Perfumes/Pomander-21056.html
50172,DSH Perfumes,Pomegranate Rouge,2024,https://www.fragrantica.com/perfume/DSH-Perfumes/Pomegranate-Rouge-100465.html
50173,DSH Perfumes,Pompeii,,https://www.fragrantica.com/perfume/DSH-Perfumes/Pompeii-21048.html
50174,DSH Perfumes,Poppy,2017,https://www.fragrantica.com/perfume/DSH-Perfumes/Poppy-45783.html
50175,DSH Perfumes,Powder,,https://www.fragrantica.com/perfume/DSH-Perfumes/Powder-21011.html
50176,DSH Perfumes,Prana,,https://www.fragrantica.com/perfume/DSH-Perfumes/Prana-8399.html
50177,DSH Perfumes,Pretty & Pink,,https://www.fragrantica.com/perfume/DSH-Perfumes/Pretty-Pink-20991.html
50178,DSH Perfumes,Prince,,https://www.fragrantica.com/perfume/DSH-Perfumes/Prince-8433.html
50179,DSH Perfumes,Prophecy,,https://www.fragrantica.com/perfume/DSH-Perfumes/Prophecy-21001.html
50180,DSH Perfumes,Quinacridone Violet,,https://www.fragrantica.com/perfume/DSH-Perfumes/Quinacridone-Violet-8434.html
50181,DSH Perfumes,Rain,2018,https://www.fragrantica.com/perfume/DSH-Perfumes/Rain-71151.html
50182,DSH Perfumes,Raisin d'Etre,2021,https://www.fragrantica.com/perfume/DSH-Perfumes/Raisin-d-Etre-71624.html
50183,DSH Perfumes,Rattlesnake Musk,2022,https://www.fragrantica.com/perfume/DSH-Perfumes/Rattlesnake-Musk-76135.html
50184,DSH Perfumes,Re-Assess,2021,https://www.fragrantica.com/perfume/DSH-Perfumes/Re-Assess-71616.html
50185,DSH Perfumes,Redstone Mesa,2022,https://www.fragrantica.com/perfume/DSH-Perfumes/Redstone-Mesa-76130.html
50186,DSH Perfumes,Refresh,,https://www.fragrantica.com/perfume/DSH-Perfumes/Refresh-21049.html
50187,DSH Perfumes,Rendezvous,2016,https://www.fragrantica.com/perfume/DSH-Perfumes/Rendezvous-35870.html
50188,DSH Perfumes,Reveries de Paris,2015,https://www.fragrantica.com/perfume/DSH-Perfumes/Reveries-de-Paris-32529.html
50189,DSH Perfumes,Rocky Mountain High,2014,https://www.fragrantica.com/perfume/DSH-Perfumes/Rocky-Mountain-High-29309.html
50190,DSH Perfumes,Rosé,2022,https://www.fragrantica.com/perfume/DSH-Perfumes/Rose-76140.html
50191,DSH Perfumes,Rose Vert,,https://www.fragrantica.com/perfume/DSH-Perfumes/Rose-Vert-8422.html
50192,DSH Perfumes,Route d'Iris,,https://www.fragrantica.com/perfume/DSH-Perfumes/Route-d-Iris-8400.html
50193,DSH Perfumes,Royal Grey Cologne (Eau de Cologne),2019,https://www.fragrantica.com/perfume/DSH-Perfumes/Royal-Grey-Cologne-55699.html
50194,DSH Perfumes,Ruba’iyat,,https://www.fragrantica.com/perfume/DSH-Perfumes/Ruba-iyat-21042.html
50195,DSH Perfumes,Rubis Rose,2014,https://www.fragrantica.com/perfume/DSH-Perfumes/Rubis-Rose-29129.html
50196,DSH Perfumes,Ruby Candlelight,2021,https://www.fragrantica.com/perfume/DSH-Perfumes/Ruby-Candlelight-71615.html
50197,DSH Perfumes,Sagebrush & Cactus,2022,https://www.fragrantica.com/perfume/DSH-Perfumes/Sagebrush-Cactus-76134.html
50198,DSH Perfumes,Samarkand,2021,https://www.fragrantica.com/perfume/DSH-Perfumes/Samarkand-71628.html
50199,DSH Perfumes,Sampsuchinon,,https://www.fragrantica.com/perfume/DSH-Perfumes/Sampsuchinon-21071.html
50200,DSH Perfumes,Sandalo Inspiritu,,https://www.fragrantica.com/perfume/DSH-Perfumes/Sandalo-Inspiritu-8443.html
50201,DSH Perfumes,Scent of Hope,2014,https://www.fragrantica.com/perfume/DSH-Perfumes/Scent-of-Hope-26298.html
50202,DSH Perfumes,Secreti di Belle Donne (Venice),,https://www.fragrantica.com/perfume/DSH-Perfumes/Secreti-di-Belle-Donne-Venice-21058.html
50203,DSH Perfumes,Seve de Pin,,https://www.fragrantica.com/perfume/DSH-Perfumes/Seve-de-Pin-47713.html
50204,DSH Perfumes,Seven,,https://www.fragrantica.com/perfume/DSH-Perfumes/Seven-8444.html
50205,DSH Perfumes,Sienna,,https://www.fragrantica.com/perfume/DSH-Perfumes/Sienna-8445.html
50206,DSH Perfumes,Silver Fir (Holiday no.8),,https://www.fragrantica.com/perfume/DSH-Perfumes/Silver-Fir-Holiday-no-8-21023.html
50207,DSH Perfumes,Snow Angels,2025,https://www.fragrantica.com/perfume/DSH-Perfumes/Snow-Angels-121458.html
50208,DSH Perfumes,Something Blue,,https://www.fragrantica.com/perfume/DSH-Perfumes/Something-Blue-8412.html
50209,DSH Perfumes,Songbird,,https://www.fragrantica.com/perfume/DSH-Perfumes/Songbird-8791.html
50210,DSH Perfumes,Sophie,,https://www.fragrantica.com/perfume/DSH-Perfumes/Sophie-21027.html
50211,DSH Perfumes,Souvenir de Malmaison,2016,https://www.fragrantica.com/perfume/DSH-Perfumes/Souvenir-de-Malmaison-41350.html
50212,DSH Perfumes,Special Formula X,,https://www.fragrantica.com/perfume/DSH-Perfumes/Special-Formula-X-20993.html
50213,DSH Perfumes,Special Formula X-treme,,https://www.fragrantica.com/perfume/DSH-Perfumes/Special-Formula-X-treme-21022.html
50214,DSH Perfumes,St. Valentine,2011,https://www.fragrantica.com/perfume/DSH-Perfumes/St-Valentine-21013.html
50215,DSH Perfumes,Sud de France,,https://www.fragrantica.com/perfume/DSH-Perfumes/Sud-de-France-21050.html
50216,DSH Perfumes,Summer Cologne (Eau de Cologne),2018,https://www.fragrantica.com/perfume/DSH-Perfumes/Summer-Cologne-55689.html
50217,DSH Perfumes,Summer Stargazer,2001,https://www.fragrantica.com/perfume/DSH-Perfumes/Summer-Stargazer-128592.html
50218,DSH Perfumes,Sunny Yellow,,https://www.fragrantica.com/perfume/DSH-Perfumes/Sunny-Yellow-21054.html
50219,DSH Perfumes,Sweet Dreams,,https://www.fragrantica.com/perfume/DSH-Perfumes/Sweet-Dreams-14808.html
50220,DSH Perfumes,Sweet Gardenia,,https://www.fragrantica.com/perfume/DSH-Perfumes/Sweet-Gardenia-20997.html
50221,DSH Perfumes,Sweet Pine Tar,2020,https://www.fragrantica.com/perfume/DSH-Perfumes/Sweet-Pine-Tar-63888.html
50222,DSH Perfumes,Taj Garden,2018,https://www.fragrantica.com/perfume/DSH-Perfumes/Taj-Garden-71218.html
50223,DSH Perfumes,Tea and Charcoal,2020,https://www.fragrantica.com/perfume/DSH-Perfumes/Tea-and-Charcoal-64472.html
50224,DSH Perfumes,The Absinthe Drinkers,2022,https://www.fragrantica.com/perfume/DSH-Perfumes/The-Absinthe-Drinkers-76136.html
50225,DSH Perfumes,The Afternoon,,https://www.fragrantica.com/perfume/DSH-Perfumes/The-Afternoon-8401.html
50226,DSH Perfumes,The Beat Look,,https://www.fragrantica.com/perfume/DSH-Perfumes/The-Beat-Look-20983.html
50227,DSH Perfumes,The Color Orange,,https://www.fragrantica.com/perfume/DSH-Perfumes/The-Color-Orange-8446.html
50228,DSH Perfumes,The´ du Monde,,https://www.fragrantica.com/perfume/DSH-Perfumes/The-du-Monde-8447.html
50229,DSH Perfumes,The Green House,2014,https://www.fragrantica.com/perfume/DSH-Perfumes/The-Green-House-29310.html
50230,DSH Perfumes,The sur l’Herbe (Tea No. 2),,https://www.fragrantica.com/perfume/DSH-Perfumes/The-sur-l-Herbe-Tea-No-2-8449.html
50231,DSH Perfumes,The´ Vert (Tea No. 1),,https://www.fragrantica.com/perfume/DSH-Perfumes/The-Vert-Tea-No-1-8448.html
50232,DSH Perfumes,The Voices of Trees,2015,https://www.fragrantica.com/perfume/DSH-Perfumes/The-Voices-of-Trees-34038.html
50233,DSH Perfumes,Three Kings,2009,https://www.fragrantica.com/perfume/DSH-Perfumes/Three-Kings-8450.html
50234,DSH Perfumes,Tonic,,https://www.fragrantica.com/perfume/DSH-Perfumes/Tonic-21051.html
50235,DSH Perfumes,Tournesol Noir,,https://www.fragrantica.com/perfume/DSH-Perfumes/Tournesol-Noir-133048.html
50236,DSH Perfumes,Tsukimi,2017,https://www.fragrantica.com/perfume/DSH-Perfumes/Tsukimi-47661.html
50237,DSH Perfumes,Tsukiyo-en,2017,https://www.fragrantica.com/perfume/DSH-Perfumes/Tsukiyo-en-45787.html
50238,DSH Perfumes,Tubereuse,,https://www.fragrantica.com/perfume/DSH-Perfumes/Tubereuse-8402.html
50239,DSH Perfumes,Twelfth Night (Holiday no.2),,https://www.fragrantica.com/perfume/DSH-Perfumes/Twelfth-Night-Holiday-no-2-21035.html
50240,DSH Perfumes,Ultramarine Blue,2015,https://www.fragrantica.com/perfume/DSH-Perfumes/Ultramarine-Blue-39490.html
50241,DSH Perfumes,Umber: Bois de Rose,,https://www.fragrantica.com/perfume/DSH-Perfumes/Umber-Bois-de-Rose-8451.html
50242,DSH Perfumes,Un Soir d'ete Provencal,,https://www.fragrantica.com/perfume/DSH-Perfumes/Un-Soir-d-ete-Provencal-8414.html
50243,DSH Perfumes,Une Robe de Zibeline,2017,https://www.fragrantica.com/perfume/DSH-Perfumes/Une-Robe-de-Zibeline-60575.html
50244,DSH Perfumes,Vanilla Bourbon,,https://www.fragrantica.com/perfume/DSH-Perfumes/Vanilla-Bourbon-21009.html
50245,DSH Perfumes,Vanilla Bourbon Intense,,https://www.fragrantica.com/perfume/DSH-Perfumes/Vanilla-Bourbon-Intense-29030.html
50246,DSH Perfumes,Vanilla Chantilly,2016,https://www.fragrantica.com/perfume/DSH-Perfumes/Vanilla-Chantilly-42656.html
50247,DSH Perfumes,Vanille,,https://www.fragrantica.com/perfume/DSH-Perfumes/Vanille-8403.html
50248,DSH Perfumes,Vanille Botanique,2012,https://www.fragrantica.com/perfume/DSH-Perfumes/Vanille-Botanique-15329.html
50249,DSH Perfumes,Venus & Cupid (Siena),,https://www.fragrantica.com/perfume/DSH-Perfumes/Venus-Cupid-Siena-21059.html
50250,DSH Perfumes,Vers la Violette,2013,https://www.fragrantica.com/perfume/DSH-Perfumes/Vers-la-Violette-22539.html
50251,DSH Perfumes,Vert et Noir,2016,https://www.fragrantica.com/perfume/DSH-Perfumes/Vert-et-Noir-41348.html
50252,DSH Perfumes,Vert pour Madame,,https://www.fragrantica.com/perfume/DSH-Perfumes/Vert-pour-Madame-21070.html
50253,DSH Perfumes,Verveine (Lemon Verbena),,https://www.fragrantica.com/perfume/DSH-Perfumes/Verveine-Lemon-Verbena-21014.html
50254,DSH Perfumes,Vetyver,,https://www.fragrantica.com/perfume/DSH-Perfumes/Vetyver-8452.html
50255,DSH Perfumes,Vintage Patchouly,,https://www.fragrantica.com/perfume/DSH-Perfumes/Vintage-Patchouly-8453.html
50256,DSH Perfumes,Violetta di Murano (Italian Journey No. 4),,https://www.fragrantica.com/perfume/DSH-Perfumes/Violetta-di-Murano-Italian-Journey-No-4-8454.html
50257,DSH Perfumes,Viridian,,https://www.fragrantica.com/perfume/DSH-Perfumes/Viridian-8455.html
50258,DSH Perfumes,Want,,https://www.fragrantica.com/perfume/DSH-Perfumes/Want-20980.html
50259,DSH Perfumes,Wasabi Shiso,2008,https://www.fragrantica.com/perfume/DSH-Perfumes/Wasabi-Shiso-21484.html
50260,DSH Perfumes,Wasabi Shiso Edition 2016,2016,https://www.fragrantica.com/perfume/DSH-Perfumes/Wasabi-Shiso-Edition-2016-40066.html
50261,DSH Perfumes,Waterlily,,https://www.fragrantica.com/perfume/DSH-Perfumes/Waterlily-21003.html
50262,DSH Perfumes,Wedding Bouquet,,https://www.fragrantica.com/perfume/DSH-Perfumes/Wedding-Bouquet-8413.html
50263,DSH Perfumes,White Lilac,2014,https://www.fragrantica.com/perfume/DSH-Perfumes/White-Lilac-25396.html
50264,DSH Perfumes,White Rabbits,2019,https://www.fragrantica.com/perfume/DSH-Perfumes/White-Rabbits-55214.html
50265,DSH Perfumes,Wild Coyote,2019,https://www.fragrantica.com/perfume/DSH-Perfumes/Wild-Coyote-55215.html
50266,DSH Perfumes,Wild Fig,,https://www.fragrantica.com/perfume/DSH-Perfumes/Wild-Fig-8404.html
50267,DSH Perfumes,Wild Honeysuckle,,https://www.fragrantica.com/perfume/DSH-Perfumes/Wild-Honeysuckle-21008.html
50268,DSH Perfumes,Winter White (Holiday no.4),,https://www.fragrantica.com/perfume/DSH-Perfumes/Winter-White-Holiday-no-4-21036.html
50269,DSH Perfumes,Yuzu,,https://www.fragrantica.com/perfume/DSH-Perfumes/Yuzu-21055.html
50270,DSouls Parfums,505 Sunrise,2022,https://www.fragrantica.com/perfume/DSouls-Parfums/505-Sunrise-134934.html
50271,DSouls Parfums,Lágrimas de Boabdil,2022,https://www.fragrantica.com/perfume/DSouls-Parfums/Lagrimas-de-Boabdil-134938.html
50272,DSouls Parfums,MAI4TH,2022,https://www.fragrantica.com/perfume/DSouls-Parfums/MAI4TH-134936.html
50273,DSouls Parfums,Petite Lili,2022,https://www.fragrantica.com/perfume/DSouls-Parfums/Petite-Lili-134937.html
50274,DSouls Parfums,Vanille et Coco,2022,https://www.fragrantica.com/perfume/DSouls-Parfums/Vanille-et-Coco-134935.html
50275,DSQUARED²,2 Wood,2021,https://www.fragrantica.com/perfume/DSQUARED2/2-Wood-66174.html
50276,DSQUARED²,Green Wood,2019,https://www.fragrantica.com/perfume/DSQUARED2/Green-Wood-58068.html
50277,DSQUARED²,He Wood,2007,https://www.fragrantica.com/perfume/DSQUARED2/He-Wood-1936.html
50278,DSQUARED²,He Wood Cologne (Eau de Cologne),2017,https://www.fragrantica.com/perfume/DSQUARED2/He-Wood-Cologne-44408.html
50279,DSQUARED²,He Wood Ocean Wet Wood,2010,https://www.fragrantica.com/perfume/DSQUARED2/He-Wood-Ocean-Wet-Wood-8109.html
50280,DSQUARED²,He Wood Rocky Mountain Wood,2009,https://www.fragrantica.com/perfume/DSQUARED2/He-Wood-Rocky-Mountain-Wood-5862.html
50281,DSQUARED²,He Wood Silver Wind Wood,2011,https://www.fragrantica.com/perfume/DSQUARED2/He-Wood-Silver-Wind-Wood-11413.html
50282,DSQUARED²,Icon Doll,2026,https://www.fragrantica.com/perfume/DSQUARED2/Icon-Doll-139638.html
50283,DSQUARED²,Icon Dude,2026,https://www.fragrantica.com/perfume/DSQUARED2/Icon-Dude-139637.html
50284,DSQUARED²,Icon Pour Femme,2024,https://www.fragrantica.com/perfume/DSQUARED2/Icon-Pour-Femme-96449.html
50285,DSQUARED²,Icon Pour Homme,2024,https://www.fragrantica.com/perfume/DSQUARED2/Icon-Pour-Homme-96450.html
50286,DSQUARED²,Intense He Wood,2014,https://www.fragrantica.com/perfume/DSQUARED2/Intense-He-Wood-24082.html
50287,DSQUARED²,Original Wood,2022,https://www.fragrantica.com/perfume/DSQUARED2/Original-Wood-71690.html
50288,DSQUARED²,Potion Blue Cadet,2013,https://www.fragrantica.com/perfume/DSQUARED2/Potion-Blue-Cadet-18017.html
50289,DSQUARED²,Potion Dsquared² 2011 After Shave,2011,https://www.parfumo.com/Perfumes/Dsquared/Potion_After_Shave
50290,DSQUARED²,Potion Dsquared² 2011 Eau de Parfum,2011,https://www.parfumo.com/Perfumes/Dsquared/Potion_Eau_de_Parfum
50291,DSQUARED²,Potion Dsquared² 2011 Perfume Oil,2011,https://www.parfumo.com/Perfumes/Dsquared/Potion_Perfume_Oil
50292,DSQUARED²,Potion (Eau de Toilette),2011,https://www.fragrantica.com/perfume/DSQUARED2/Potion-12937.html
50293,DSQUARED²,Potion for Woman,2012,https://www.parfumo.com/Perfumes/Dsquared/Potion_for_Woman
50294,DSQUARED²,Potion for Women,2012,https://www.fragrantica.com/perfume/DSQUARED2/Potion-for-Women-15481.html
50295,DSQUARED²,Potion Royal Black,2013,https://www.fragrantica.com/perfume/DSQUARED2/Potion-Royal-Black-18592.html
50296,DSQUARED²,Red Wood,2019,https://www.fragrantica.com/perfume/DSQUARED2/Red-Wood-58067.html
50297,DSQUARED²,She Wood,2008,https://www.fragrantica.com/perfume/DSQUARED2/She-Wood-3552.html
50298,DSQUARED²,She Wood Crystal Creek Wood,2010,https://www.fragrantica.com/perfume/DSQUARED2/She-Wood-Crystal-Creek-Wood-8110.html
50299,DSQUARED²,She Wood Golden Light Wood,2011,https://www.fragrantica.com/perfume/DSQUARED2/She-Wood-Golden-Light-Wood-11412.html
50300,DSQUARED²,She Wood Velvet Forest Wood,2009,https://www.fragrantica.com/perfume/DSQUARED2/She-Wood-Velvet-Forest-Wood-6397.html
50301,DSQUARED²,Want,2015,https://www.fragrantica.com/perfume/DSQUARED2/Want-31292.html
50302,DSQUARED²,Want Pink Ginger,2016,https://www.fragrantica.com/perfume/DSQUARED2/Want-Pink-Ginger-40156.html
50303,DSQUARED²,Wild (Eau de Toilette),2014,https://www.fragrantica.com/perfume/DSQUARED2/Wild-27438.html
50304,DSQUARED²,Wood,2021,https://www.parfumo.com/Perfumes/Dsquared/2-wood
50305,DSQUARED²,Wood for Her,2018,https://www.fragrantica.com/perfume/DSQUARED2/Wood-for-Her-51414.html
50306,DSQUARED²,Wood for Him,2018,https://www.fragrantica.com/perfume/DSQUARED2/Wood-for-Him-51413.html
50307,Dubaï Flower,Apple Crush,2025,https://www.fragrantica.com/perfume/Dubai-Flower/Apple-Crush-121691.html
50308,Dubaï Flower,Mango Dream,2025,https://www.fragrantica.com/perfume/Dubai-Flower/Mango-Dream-121692.html
50309,Dubaï Flower,Marshmallow,2025,https://www.fragrantica.com/perfume/Dubai-Flower/Marshmallow-121693.html
50310,Dubaï Flower,Pure Love,2025,https://www.fragrantica.com/perfume/Dubai-Flower/Pure-Love-121695.html
50311,Dubaï Flower,Vanilla 298,2025,https://www.fragrantica.com/perfume/Dubai-Flower/Vanilla-298-121690.html
50312,Dubaï Flower,Vanilla Lychee,2025,https://www.fragrantica.com/perfume/Dubai-Flower/Vanilla-Lychee-121694.html
50313,Dubai Niche,99% Black Men,,https://www.fragrantica.com/perfume/Dubai-Niche/99-Black-Men-127115.html
50314,Dubai Niche,99% Blue Man,,https://www.fragrantica.com/perfume/Dubai-Niche/99-Blue-Man-127114.html
50315,Dubai Niche,99% Red Men,,https://www.fragrantica.com/perfume/Dubai-Niche/99-Red-Men-127117.html
50316,Dubai Niche,Blue Dubai,,https://www.fragrantica.com/perfume/Dubai-Niche/Blue-Dubai-127133.html
50317,Dubai Niche,Bold,,https://www.fragrantica.com/perfume/Dubai-Niche/Bold-126411.html
50318,Dubai Niche,Bomba,2026,https://www.fragrantica.com/perfume/Dubai-Niche/Bomba-136374.html
50319,Dubai Niche,Bubbles,,https://www.fragrantica.com/perfume/Dubai-Niche/Bubbles-126409.html
50320,Dubai Niche,Club,,https://www.fragrantica.com/perfume/Dubai-Niche/Club-126410.html
50321,Dubai Niche,Dubai Belle,,https://www.fragrantica.com/perfume/Dubai-Niche/Dubai-Belle-127118.html
50322,Dubai Niche,Dubai Caramelo,,https://www.fragrantica.com/perfume/Dubai-Niche/Dubai-Caramelo-127106.html
50323,Dubai Niche,Dubai Extremo Black,,https://www.fragrantica.com/perfume/Dubai-Niche/Dubai-Extremo-Black-127125.html
50324,Dubai Niche,Dubai Extremo Pink,,https://www.fragrantica.com/perfume/Dubai-Niche/Dubai-Extremo-Pink-127122.html
50325,Dubai Niche,Dubai For You,,https://www.fragrantica.com/perfume/Dubai-Niche/Dubai-For-You-127129.html
50326,Dubai Niche,Dubai For You Intense,,https://www.fragrantica.com/perfume/Dubai-Niche/Dubai-For-You-Intense-127126.html
50327,Dubai Niche,Dubai Fortnight,,https://www.fragrantica.com/perfume/Dubai-Niche/Dubai-Fortnight-127121.html
50328,Dubai Niche,Dubai G-10,,https://www.fragrantica.com/perfume/Dubai-Niche/Dubai-G-10-127137.html
50329,Dubai Niche,Dubai Killer,,https://www.fragrantica.com/perfume/Dubai-Niche/Dubai-Killer-127107.html
50330,Dubai Niche,Dubai King,,https://www.fragrantica.com/perfume/Dubai-Niche/Dubai-King-127119.html
50331,Dubai Niche,Dubai Le Parfum,,https://www.fragrantica.com/perfume/Dubai-Niche/Dubai-Le-Parfum-127108.html
50332,Dubai Niche,Dubai Paradise,,https://www.fragrantica.com/perfume/Dubai-Niche/Dubai-Paradise-127110.html
50333,Dubai Niche,Dubai Way,,https://www.fragrantica.com/perfume/Dubai-Niche/Dubai-Way-127136.html
50334,Dubai Niche,Ella Dubai,,https://www.fragrantica.com/perfume/Dubai-Niche/Ella-Dubai-127109.html
50335,Dubai Niche,Espectro,,https://www.fragrantica.com/perfume/Dubai-Niche/Espectro-126520.html
50336,Dubai Niche,Imagínate,2026,https://www.fragrantica.com/perfume/Dubai-Niche/Imaginate-136422.html
50337,Dubai Niche,Mango Tropical,2026,https://www.fragrantica.com/perfume/Dubai-Niche/Mango-Tropical-136376.html
50338,Dubai Niche,Marshmallow,2026,https://www.fragrantica.com/perfume/Dubai-Niche/Marshmallow-136375.html
50339,Dubai Niche,Pure Elegance,,https://www.fragrantica.com/perfume/Dubai-Niche/Pure-Elegance-127131.html
50340,Dubai Niche,Roma,2026,https://www.fragrantica.com/perfume/Dubai-Niche/Roma-136377.html
50341,Dubai Niche,Sky,,https://www.fragrantica.com/perfume/Dubai-Niche/Sky-126404.html
50342,Dubai Niche,Sky Absolu,2026,https://www.fragrantica.com/perfume/Dubai-Niche/Sky-Absolu-136424.html
50343,Dubai Niche,Sky Intense,,https://www.fragrantica.com/perfume/Dubai-Niche/Sky-Intense-126522.html
50344,Dubai Niche,Strong,,https://www.fragrantica.com/perfume/Dubai-Niche/Strong-126413.html
50345,Dubai Niche,Thair,,https://www.fragrantica.com/perfume/Dubai-Niche/Thair-126406.html
50346,Dubai Niche,Tiger,,https://www.fragrantica.com/perfume/Dubai-Niche/Tiger-126654.html
50347,Dubai Niche,Vanilla,2026,https://www.fragrantica.com/perfume/Dubai-Niche/Vanilla-136426.html
50348,Dubai Niche,Victory Intense,,https://www.fragrantica.com/perfume/Dubai-Niche/Victory-Intense-126407.html
50349,Dubai Niche,YL,,https://www.fragrantica.com/perfume/Dubai-Niche/YL-126521.html
50350,Ducati,Ducati,2010,https://www.fragrantica.com/perfume/Ducati/Ducati-11353.html
50351,Ducati,Ducati 1926,2017,https://www.fragrantica.com/perfume/Ducati/Ducati-1926-44466.html
50352,Ducati,Ducati Ice,2019,https://www.fragrantica.com/perfume/Ducati/Ducati-Ice-56995.html
50353,Ducati,Ducati Sport,2018,https://www.fragrantica.com/perfume/Ducati/Ducati-Sport-51925.html
50354,Ducati,Fight For Me,2011,https://www.fragrantica.com/perfume/Ducati/Fight-For-Me-14270.html
50355,Ducati,Fight for Me Extreme,2012,https://www.fragrantica.com/perfume/Ducati/Fight-for-Me-Extreme-15965.html
50356,Ducati,Trace Me,2013,https://www.fragrantica.com/perfume/Ducati/Trace-Me-20817.html
50357,Duccio Pasolini,Ghiaccio Azzuro,2020,https://www.fragrantica.com/perfume/Duccio-Pasolini/Ghiaccio-Azzuro-117760.html
50358,Duccio Pasolini,Ghiaccio Marrone,,https://www.fragrantica.com/perfume/Duccio-Pasolini/Ghiaccio-Marrone-140059.html
50359,Duccio Pasolini,Notte Milano Donna,2026,https://www.fragrantica.com/perfume/Duccio-Pasolini/Notte-Milano-Donna-133669.html
50360,Duccio Pasolini,Notte Milano Uomo,2026,https://www.fragrantica.com/perfume/Duccio-Pasolini/Notte-Milano-Uomo-133671.html
50361,Duccio Pasolini,Notte Romana Donna,2026,https://www.fragrantica.com/perfume/Duccio-Pasolini/Notte-Romana-Donna-133670.html
50362,Duccio Pasolini,Notte Romana Uomo,2026,https://www.fragrantica.com/perfume/Duccio-Pasolini/Notte-Romana-Uomo-133672.html
50363,Duccio Pasolini,Sorpresa Donna,2020,https://www.fragrantica.com/perfume/Duccio-Pasolini/Sorpresa-Donna-117761.html
50364,Duccio Pasolini Parfums,Ghiaccio Bianco,,https://www.fragrantica.com/perfume/Duccio-Pasolini-Parfums/Ghiaccio-Bianco-94362.html
50365,Duccio Pasolini Parfums,Ghiaccio Giallo,2019,https://www.fragrantica.com/perfume/Duccio-Pasolini-Parfums/Ghiaccio-Giallo-62868.html
50366,Duccio Pasolini Parfums,Ghiaccio Nero,2019,https://www.fragrantica.com/perfume/Duccio-Pasolini-Parfums/Ghiaccio-Nero-62869.html
50367,Duccio Pasolini Parfums,Ghiaccio Verde,2019,https://www.fragrantica.com/perfume/Duccio-Pasolini-Parfums/Ghiaccio-Verde-62870.html
50368,Duccio Pasolini Parfums,Ghiaccio Viola,2019,https://www.fragrantica.com/perfume/Duccio-Pasolini-Parfums/Ghiaccio-Viola-62871.html
50369,Duchessa di Parma,Duchessa di Parma Profumo alla Violetta,,https://www.fragrantica.com/perfume/Duchessa-di-Parma/Duchessa-di-Parma-Profumo-alla-Violetta-79203.html
50370,Duduar Milano,Angel Skin,2026,https://www.fragrantica.com/perfume/Duduar-Milano/Angel-Skin-136017.html
50371,Duduar Milano,Coco Island,2025,https://www.fragrantica.com/perfume/Duduar-Milano/Coco-Island-106072.html
50372,Duduar Milano,Crystal Sea,2024,https://www.fragrantica.com/perfume/Duduar-Milano/Crystal-Sea-99290.html
50373,Duduar Milano,Deliziosa,2024,https://www.fragrantica.com/perfume/Duduar-Milano/Deliziosa-99288.html
50374,Duduar Milano,Happy Apple,2025,https://www.fragrantica.com/perfume/Duduar-Milano/Happy-Apple-113437.html
50375,Duduar Milano,Litchi Daiquiri,2025,https://www.fragrantica.com/perfume/Duduar-Milano/Litchi-Daiquiri-106073.html
50376,Duduar Milano,Neros,2024,https://www.fragrantica.com/perfume/Duduar-Milano/Neros-99292.html
50377,Duduar Milano,Not A Cake,2025,https://www.fragrantica.com/perfume/Duduar-Milano/Not-A-Cake-113438.html
50378,Duduar Milano,Peccatorum,2025,https://www.fragrantica.com/perfume/Duduar-Milano/Peccatorum-113436.html
50379,Duduar Milano,Pinada,2025,https://www.fragrantica.com/perfume/Duduar-Milano/Pinada-106071.html
50380,Duduar Milano,Sa Di Mare,2026,https://www.fragrantica.com/perfume/Duduar-Milano/Sa-Di-Mare-136020.html
50381,Duduar Milano,Tabaco',2024,https://www.fragrantica.com/perfume/Duduar-Milano/Tabaco-99289.html
50382,Duduar Milano,Vani' Caviar,2024,https://www.fragrantica.com/perfume/Duduar-Milano/Vani-Caviar-99287.html
50383,Duduar Milano,Vodkaviar,2024,https://www.fragrantica.com/perfume/Duduar-Milano/Vodkaviar-99291.html
50384,Duerr's,L'Eau de Marmalade,2006,https://www.fragrantica.com/perfume/Duerr-s/L-Eau-de-Marmalade-30943.html
50385,Dueto Parfums,Bijou Amber,2018,https://www.fragrantica.com/perfume/Dueto-Parfums/Bijou-Amber-53118.html
50386,Dueto Parfums,Bijou Pearl,2018,https://www.fragrantica.com/perfume/Dueto-Parfums/Bijou-Pearl-53119.html
50387,Dueto Parfums,Citiver,2013,https://www.fragrantica.com/perfume/Dueto-Parfums/Citiver-18599.html
50388,Dueto Parfums,City Love,2011,https://www.fragrantica.com/perfume/Dueto-Parfums/City-Love-14734.html
50389,Dueto Parfums,City Oud,2010,https://www.fragrantica.com/perfume/Dueto-Parfums/City-Oud-14733.html
50390,Dueto Parfums,Golden Boy,2011,https://www.fragrantica.com/perfume/Dueto-Parfums/Golden-Boy-14732.html
50391,Dueto Parfums,Lady Cool,2012,https://www.fragrantica.com/perfume/Dueto-Parfums/Lady-Cool-15159.html
50392,Dueto Parfums,Uber,2014,https://www.fragrantica.com/perfume/Dueto-Parfums/Uber-27592.html
50393,Duftanker MGO Duftmanufaktur,A Day in Positano,,https://www.parfumo.com/Perfumes/Duftanker_MGO_Duftmanufaktur/a-day-in-positano
50394,Duftanker MGO Duftmanufaktur,Absolut Clean,2019,https://www.parfumo.com/Perfumes/Duftanker_MGO_Duftmanufaktur/absolut-clean
50395,Duftanker MGO Duftmanufaktur,Afghano Oudh,,https://www.parfumo.com/Perfumes/Duftanker_MGO_Duftmanufaktur/afghano-oudh
50396,Duftanker MGO Duftmanufaktur,Al Andalus,2020,https://www.parfumo.com/Perfumes/Duftanker_MGO_Duftmanufaktur/al-andalus
50397,Duftanker MGO Duftmanufaktur,Alexandria,,https://www.parfumo.com/Perfumes/Duftanker_MGO_Duftmanufaktur/alexandria
50398,Duftanker MGO Duftmanufaktur,Amber,,https://www.parfumo.com/Perfumes/Duftanker_MGO_Duftmanufaktur/amber
50399,Duftanker MGO Duftmanufaktur,Amber Cuir,2019,https://www.parfumo.com/Perfumes/Duftanker_MGO_Duftmanufaktur/amber-cuir
50400,Duftanker MGO Duftmanufaktur,Amber Oud,,https://www.parfumo.com/Perfumes/Duftanker_MGO_Duftmanufaktur/MGO_Amber_Oud
50401,Duftanker MGO Duftmanufaktur,Amber Rose,2018,https://www.parfumo.com/Perfumes/Duftanker_MGO_Duftmanufaktur/Amber_Rose
50402,Duftanker MGO Duftmanufaktur,Ambra al Andalous,2019,https://www.parfumo.com/Perfumes/Duftanker_MGO_Duftmanufaktur/Ambra_al_Andalous
50403,Duftanker MGO Duftmanufaktur,Ambra et Fleurs,2019,https://www.parfumo.com/Perfumes/Duftanker_MGO_Duftmanufaktur/Ambra_et_Fleurs
50404,Duftanker MGO Duftmanufaktur,Aqua Andalusia,,https://www.parfumo.com/Perfumes/Duftanker_MGO_Duftmanufaktur/Aqua_Andalusia
50405,Duftanker MGO Duftmanufaktur,Aristokrat,2016,https://www.parfumo.com/Perfumes/Duftanker_MGO_Duftmanufaktur/Aristokrat
50406,Duftanker MGO Duftmanufaktur,Art Deco - Skyfall,,https://www.parfumo.com/Perfumes/Duftanker_MGO_Duftmanufaktur/art-deco-skyfall
50407,Duftanker MGO Duftmanufaktur,Attraktiv!,,https://www.parfumo.com/Perfumes/Duftanker_MGO_Duftmanufaktur/attraktiv
50408,Duftanker MGO Duftmanufaktur,Ballet Dancers,2016,https://www.parfumo.com/Perfumes/Duftanker_MGO_Duftmanufaktur/ballet-dancers
50409,Duftanker MGO Duftmanufaktur,Barbershop,,https://www.parfumo.com/Perfumes/Duftanker_MGO_Duftmanufaktur/Barbershop
50410,Duftanker MGO Duftmanufaktur,Bespoke - Piazza Venezia,,https://www.parfumo.com/Perfumes/Duftanker_MGO_Duftmanufaktur/bespoke-piazza-venezia
50411,Duftanker MGO Duftmanufaktur,Black Amber,2017,https://www.parfumo.com/Perfumes/Duftanker_MGO_Duftmanufaktur/Black_Amber
50412,Duftanker MGO Duftmanufaktur,Black Forest,,https://www.parfumo.com/Perfumes/Duftanker_MGO_Duftmanufaktur/black-forest
50413,Duftanker MGO Duftmanufaktur,Bouquet of Roses,,https://www.parfumo.com/Perfumes/Duftanker_MGO_Duftmanufaktur/bouquet-of-roses
50414,Duftanker MGO Duftmanufaktur,Bright Moonlight,2024,https://www.parfumo.com/Perfumes/Duftanker_MGO_Duftmanufaktur/bright-moonlight
50415,Duftanker MGO Duftmanufaktur,Cacao Oudh,2024,https://www.parfumo.com/Perfumes/Duftanker_MGO_Duftmanufaktur/cacao-oudh
50416,Duftanker MGO Duftmanufaktur,Charlston,,https://www.parfumo.com/Perfumes/Duftanker_MGO_Duftmanufaktur/Charlston
50417,Duftanker MGO Duftmanufaktur,Chocolate Noir,,https://www.parfumo.com/Perfumes/Duftanker_MGO_Duftmanufaktur/chocolate-noir
50418,Duftanker MGO Duftmanufaktur,Chypre Classico,,https://www.parfumo.com/Perfumes/Duftanker_MGO_Duftmanufaktur/chypre-classico
50419,Duftanker MGO Duftmanufaktur,Cologne Intensa (Eau de Cologne),2016,https://www.parfumo.com/Perfumes/Duftanker_MGO_Duftmanufaktur/Cologne_Intensa
50420,Duftanker MGO Duftmanufaktur,Coming Home,,https://www.parfumo.com/Perfumes/Duftanker_MGO_Duftmanufaktur/coming-home
50421,Duftanker MGO Duftmanufaktur,Comtesse,,https://www.parfumo.com/Perfumes/Duftanker_MGO_Duftmanufaktur/comtesse
50422,Duftanker MGO Duftmanufaktur,Dark Side,2020,https://www.parfumo.com/Perfumes/Duftanker_MGO_Duftmanufaktur/dark-side
50423,Duftanker MGO Duftmanufaktur,Desert Wind,,https://www.parfumo.com/Perfumes/Duftanker_MGO_Duftmanufaktur/desert-wind
50424,Duftanker MGO Duftmanufaktur,Desperado,2020,https://www.parfumo.com/Perfumes/Duftanker_MGO_Duftmanufaktur/desperado
50425,Duftanker MGO Duftmanufaktur,Diplomat de Signature,2023,https://www.parfumo.com/Perfumes/Duftanker_MGO_Duftmanufaktur/diplomat-de-signature
50426,Duftanker MGO Duftmanufaktur,Dirty Leather,,https://www.parfumo.com/Perfumes/Duftanker_MGO_Duftmanufaktur/dirty-leather
50427,Duftanker MGO Duftmanufaktur,Dry Magnolia,2015,https://www.parfumo.com/Perfumes/Duftanker_MGO_Duftmanufaktur/Dry_Magnolia
50428,Duftanker MGO Duftmanufaktur,Dubai,,https://www.parfumo.com/Perfumes/Duftanker_MGO_Duftmanufaktur/dubai
50429,Duftanker MGO Duftmanufaktur,Early Sunset Attar (Perfume Oil),,https://www.parfumo.com/Perfumes/Duftanker_MGO_Duftmanufaktur/early-sunset-attar
50430,Duftanker MGO Duftmanufaktur,Early Sunset Duftanker MGO Duftmanufaktur Extrait de Parfum,,https://www.parfumo.com/Perfumes/Duftanker_MGO_Duftmanufaktur/early-sunset-extrait-de-parfum
50431,Duftanker MGO Duftmanufaktur,Ease Guaiac Wood,,https://www.parfumo.com/Perfumes/Duftanker_MGO_Duftmanufaktur/ease-guaiac-wood
50432,Duftanker MGO Duftmanufaktur,Elixir Pour Femme Pour Femme,,https://www.parfumo.com/Perfumes/Duftanker_MGO_Duftmanufaktur/elixir-pour-femme-pour-femme
50433,Duftanker MGO Duftmanufaktur,Evolution 56,2023,https://www.parfumo.com/Perfumes/Duftanker_MGO_Duftmanufaktur/evolution-56
50434,Duftanker MGO Duftmanufaktur,Fleur de Cire,,https://www.parfumo.com/Perfumes/Duftanker_MGO_Duftmanufaktur/fleur-de-cire
50435,Duftanker MGO Duftmanufaktur,Forêt Verte,,https://www.parfumo.com/Perfumes/Duftanker_MGO_Duftmanufaktur/foret-verte
50436,Duftanker MGO Duftmanufaktur,Fresh Grapefruit Lightness,,https://www.parfumo.com/Perfumes/Duftanker_MGO_Duftmanufaktur/fresh-grapefruit-lightness
50437,Duftanker MGO Duftmanufaktur,Gentleman L,2017,https://www.parfumo.com/Perfumes/Duftanker_MGO_Duftmanufaktur/Gentleman_L
50438,Duftanker MGO Duftmanufaktur,Gentleman V,,https://www.parfumo.com/Perfumes/Duftanker_MGO_Duftmanufaktur/Gentleman_V
50439,Duftanker MGO Duftmanufaktur,Gentleman X,2014,https://www.parfumo.com/Perfumes/Duftanker_MGO_Duftmanufaktur/Gentleman_X
50440,Duftanker MGO Duftmanufaktur,Green Absinth,2017,https://www.parfumo.com/Perfumes/Duftanker_MGO_Duftmanufaktur/Green_Absinth
50441,Duftanker MGO Duftmanufaktur,Green Field,2016,https://www.parfumo.com/Perfumes/Duftanker_MGO_Duftmanufaktur/Green_Field
50442,Duftanker MGO Duftmanufaktur,Haut Luxe,2019,https://www.parfumo.com/Perfumes/Duftanker_MGO_Duftmanufaktur/Haut_Luxe
50443,Duftanker MGO Duftmanufaktur,Hindu Gras,2016,https://www.parfumo.com/Perfumes/Duftanker_MGO_Duftmanufaktur/Hindu_Gras
50444,Duftanker MGO Duftmanufaktur,Homage Attar (Perfume Oil),2016,https://www.parfumo.com/Perfumes/Duftanker_MGO_Duftmanufaktur/Homage_Attar
50445,Duftanker MGO Duftmanufaktur,Homage Oud,2017,https://www.parfumo.com/Perfumes/Duftanker_MGO_Duftmanufaktur/Homage_Oud
50446,Duftanker MGO Duftmanufaktur,Honey Oud,2017,https://www.parfumo.com/Perfumes/Duftanker_MGO_Duftmanufaktur/Honey_Oud
50447,Duftanker MGO Duftmanufaktur,Hypnosis,2016,https://www.parfumo.com/Perfumes/Duftanker_MGO_Duftmanufaktur/Hypnosis
50448,Duftanker MGO Duftmanufaktur,I Want You Now!,2024,https://www.parfumo.com/Perfumes/Duftanker_MGO_Duftmanufaktur/i-want-you-now
50449,Duftanker MGO Duftmanufaktur,Incense,,https://www.parfumo.com/Perfumes/Duftanker_MGO_Duftmanufaktur/Incense
50450,Duftanker MGO Duftmanufaktur,Invisible Touch,,https://www.parfumo.com/Perfumes/Duftanker_MGO_Duftmanufaktur/Invisible_Touch
50451,Duftanker MGO Duftmanufaktur,Just Black,2017,https://www.parfumo.com/Perfumes/Duftanker_MGO_Duftmanufaktur/Just_Black
50452,Duftanker MGO Duftmanufaktur,Just Musk,2019,https://www.parfumo.com/Perfumes/Duftanker_MGO_Duftmanufaktur/Just_Musk
50453,Duftanker MGO Duftmanufaktur,Just Relax 1990,2020,https://www.parfumo.com/Perfumes/Duftanker_MGO_Duftmanufaktur/just-relax-1990
50454,Duftanker MGO Duftmanufaktur,Kapadokya,,https://www.parfumo.com/Perfumes/Duftanker_MGO_Duftmanufaktur/kapadokya
50455,Duftanker MGO Duftmanufaktur,Labdanum,2019,https://www.parfumo.com/Perfumes/Duftanker_MGO_Duftmanufaktur/Labdanum
50456,Duftanker MGO Duftmanufaktur,Labdanum Symphony,2020,https://www.parfumo.com/Perfumes/Duftanker_MGO_Duftmanufaktur/labdanum-symphony
50457,Duftanker MGO Duftmanufaktur,Legendary,2017,https://www.parfumo.com/Perfumes/Duftanker_MGO_Duftmanufaktur/Legendary
50458,Duftanker MGO Duftmanufaktur,Library Visit,,https://www.parfumo.com/Perfumes/Duftanker_MGO_Duftmanufaktur/library-visit
50459,Duftanker MGO Duftmanufaktur,Magnolia,,https://www.parfumo.com/Perfumes/Duftanker_MGO_Duftmanufaktur/magnolia
50460,Duftanker MGO Duftmanufaktur,Majal Amber,2017,https://www.parfumo.com/Perfumes/Duftanker_MGO_Duftmanufaktur/Majal_Amber
50461,Duftanker MGO Duftmanufaktur,Majestic Saffron,2023,https://www.parfumo.com/Perfumes/Duftanker_MGO_Duftmanufaktur/majestic-saffron
50462,Duftanker MGO Duftmanufaktur,Man Rose,2018,https://www.parfumo.com/Perfumes/Duftanker_MGO_Duftmanufaktur/Man_Rose
50463,Duftanker MGO Duftmanufaktur,Manhattan Times Square,,https://www.parfumo.com/Perfumes/Duftanker_MGO_Duftmanufaktur/manhattan-times-square
50464,Duftanker MGO Duftmanufaktur,Mediterraneo,,https://www.parfumo.com/Perfumes/Duftanker_MGO_Duftmanufaktur/mediterraneo
50465,Duftanker MGO Duftmanufaktur,Mekka Kaaba,,https://www.parfumo.com/Perfumes/Duftanker_MGO_Duftmanufaktur/mekka-kaaba
50466,Duftanker MGO Duftmanufaktur,Memory,,https://www.parfumo.com/Perfumes/Duftanker_MGO_Duftmanufaktur/1981-memory
50467,Duftanker MGO Duftmanufaktur,MGO 2021,2021,https://www.parfumo.com/Perfumes/Duftanker_MGO_Duftmanufaktur/mgo-2021
50468,Duftanker MGO Duftmanufaktur,MGO Amber,,https://www.parfumo.com/Perfumes/Duftanker_MGO_Duftmanufaktur/mgo-amber
50469,Duftanker MGO Duftmanufaktur,Mystik Oud,,https://www.parfumo.com/Perfumes/Duftanker_MGO_Duftmanufaktur/mystik-oud
50470,Duftanker MGO Duftmanufaktur,Narcosis,2016,https://www.parfumo.com/Perfumes/Duftanker_MGO_Duftmanufaktur/Narcosis
50471,Duftanker MGO Duftmanufaktur,New York Broadway,2023,https://www.parfumo.com/Perfumes/Duftanker_MGO_Duftmanufaktur/new-york-broadway
50472,Duftanker MGO Duftmanufaktur,No. 03 - Cotton Flower,,https://www.parfumo.com/Perfumes/Duftanker_MGO_Duftmanufaktur/no-03-cotton-flower
50473,Duftanker MGO Duftmanufaktur,No. 04 - Coconut Musk,,https://www.parfumo.com/Perfumes/Duftanker_MGO_Duftmanufaktur/no-04-coconut-musk
50474,Duftanker MGO Duftmanufaktur,No. 05 - Jasmon Amber,,https://www.parfumo.com/Perfumes/Duftanker_MGO_Duftmanufaktur/no-05-jasmon-amber
50475,Duftanker MGO Duftmanufaktur,No. 1 Duftanker MGO Duftmanufaktur Extrait de Parfum,,https://www.parfumo.com/Perfumes/Duftanker_MGO_Duftmanufaktur/no-1-extrait-de-parfum
50476,Duftanker MGO Duftmanufaktur,No. 1 Pure Attar (Perfume Oil),,https://www.parfumo.com/Perfumes/Duftanker_MGO_Duftmanufaktur/no-1-pure-attar
50477,Duftanker MGO Duftmanufaktur,No. 10,,https://www.parfumo.com/Perfumes/Duftanker_MGO_Duftmanufaktur/no-10
50478,Duftanker MGO Duftmanufaktur,No. 11,,https://www.parfumo.com/Perfumes/Duftanker_MGO_Duftmanufaktur/no-11
50479,Duftanker MGO Duftmanufaktur,No. 12,,https://www.parfumo.com/Perfumes/Duftanker_MGO_Duftmanufaktur/no-12
50480,Duftanker MGO Duftmanufaktur,No. 13,,https://www.parfumo.com/Perfumes/Duftanker_MGO_Duftmanufaktur/no-13
50481,Duftanker MGO Duftmanufaktur,No. 14,,https://www.parfumo.com/Perfumes/Duftanker_MGO_Duftmanufaktur/no-14
50482,Duftanker MGO Duftmanufaktur,No. 15,,https://www.parfumo.com/Perfumes/Duftanker_MGO_Duftmanufaktur/no-15
50483,Duftanker MGO Duftmanufaktur,No. 17,,https://www.parfumo.com/Perfumes/Duftanker_MGO_Duftmanufaktur/no-17
50484,Duftanker MGO Duftmanufaktur,No. 18,,https://www.parfumo.com/Perfumes/Duftanker_MGO_Duftmanufaktur/no-18
50485,Duftanker MGO Duftmanufaktur,No. 19 Sultans Hommage Attar (Perfume Oil),,https://www.parfumo.com/Perfumes/Duftanker_MGO_Duftmanufaktur/no-19-sultans-hommage
50486,Duftanker MGO Duftmanufaktur,No. 19 Sultans Hommage Duftanker MGO Duftmanufaktur Extrait de Parfum,,https://www.parfumo.com/Perfumes/Duftanker_MGO_Duftmanufaktur/no-19-sultans-hommage-extrait-de-parfum
50487,Duftanker MGO Duftmanufaktur,No. 2 Pure Attar (Perfume Oil),,https://www.parfumo.com/Perfumes/Duftanker_MGO_Duftmanufaktur/no-2-pure-attar
50488,Duftanker MGO Duftmanufaktur,No. 20,,https://www.parfumo.com/Perfumes/Duftanker_MGO_Duftmanufaktur/no-20
50489,Duftanker MGO Duftmanufaktur,No. 21,,https://www.parfumo.com/Perfumes/Duftanker_MGO_Duftmanufaktur/no-21
50490,Duftanker MGO Duftmanufaktur,No. 22,,https://www.parfumo.com/Perfumes/Duftanker_MGO_Duftmanufaktur/no-22
50491,Duftanker MGO Duftmanufaktur,No. 23,,https://www.parfumo.com/Perfumes/Duftanker_MGO_Duftmanufaktur/no-23
50492,Duftanker MGO Duftmanufaktur,No. 25,,https://www.parfumo.com/Perfumes/Duftanker_MGO_Duftmanufaktur/no-25
50493,Duftanker MGO Duftmanufaktur,No. 27,,https://www.parfumo.com/Perfumes/Duftanker_MGO_Duftmanufaktur/no-27
50494,Duftanker MGO Duftmanufaktur,No. 28,,https://www.parfumo.com/Perfumes/Duftanker_MGO_Duftmanufaktur/no-28
50495,Duftanker MGO Duftmanufaktur,No. 3 Duftanker MGO Duftmanufaktur Extrait de Parfum,,https://www.parfumo.com/Perfumes/Duftanker_MGO_Duftmanufaktur/no-3-extrait-de-parfum
50496,Duftanker MGO Duftmanufaktur,No. 3 Pure Attar (Perfume Oil),,https://www.parfumo.com/Perfumes/Duftanker_MGO_Duftmanufaktur/no-3-pure-attar
50497,Duftanker MGO Duftmanufaktur,No. 31,,https://www.parfumo.com/Perfumes/Duftanker_MGO_Duftmanufaktur/no-31
50498,Duftanker MGO Duftmanufaktur,No. 32,,https://www.parfumo.com/Perfumes/Duftanker_MGO_Duftmanufaktur/no-32
50499,Duftanker MGO Duftmanufaktur,No. 33,,https://www.parfumo.com/Perfumes/Duftanker_MGO_Duftmanufaktur/no-33
50500,Duftanker MGO Duftmanufaktur,No. 4 Duftanker MGO Duftmanufaktur Extrait de Parfum,,https://www.parfumo.com/Perfumes/Duftanker_MGO_Duftmanufaktur/no-4-extrait-de-parfum
50501,Duftanker MGO Duftmanufaktur,No. 4 Pure Attar (Perfume Oil),,https://www.parfumo.com/Perfumes/Duftanker_MGO_Duftmanufaktur/no-4-pure-attar
50502,Duftanker MGO Duftmanufaktur,No. 5 Pure Attar (Perfume Oil),,https://www.parfumo.com/Perfumes/Duftanker_MGO_Duftmanufaktur/no-5-pure-attar
50503,Duftanker MGO Duftmanufaktur,No. 6 Duftanker MGO Duftmanufaktur 2020 Extrait de Parfum,2020,https://www.parfumo.com/Perfumes/Duftanker_MGO_Duftmanufaktur/no-6-extrait-de-parfum
50504,Duftanker MGO Duftmanufaktur,No. 6 Pure Attar (Perfume Oil),2020,https://www.parfumo.com/Perfumes/Duftanker_MGO_Duftmanufaktur/no-6-pure-attar
50505,Duftanker MGO Duftmanufaktur,No. 7,,https://www.parfumo.com/Perfumes/Duftanker_MGO_Duftmanufaktur/no-7
50506,Duftanker MGO Duftmanufaktur,No. 8,2020,https://www.parfumo.com/Perfumes/Duftanker_MGO_Duftmanufaktur/no-8
50507,Duftanker MGO Duftmanufaktur,No. 9,2020,https://www.parfumo.com/Perfumes/Duftanker_MGO_Duftmanufaktur/no-9
50508,Duftanker MGO Duftmanufaktur,Noble Man,2023,https://www.parfumo.com/Perfumes/Duftanker_MGO_Duftmanufaktur/noble-man
50509,Duftanker MGO Duftmanufaktur,Nuit d'Amour,,https://www.parfumo.com/Perfumes/Duftanker_MGO_Duftmanufaktur/nuit-d-amour
50510,Duftanker MGO Duftmanufaktur,Odeur Poudreè,2019,https://www.parfumo.com/Perfumes/Duftanker_MGO_Duftmanufaktur/Odeur_Poudree
50511,Duftanker MGO Duftmanufaktur,Oriental Luxury,,https://www.parfumo.com/Perfumes/Duftanker_MGO_Duftmanufaktur/Oriental_Luxury
50512,Duftanker MGO Duftmanufaktur,Oriental Selection,,https://www.parfumo.com/Perfumes/Duftanker_MGO_Duftmanufaktur/Oriental_Selection
50513,Duftanker MGO Duftmanufaktur,Oud Imperial,2017,https://www.parfumo.com/Perfumes/Duftanker_MGO_Duftmanufaktur/Oud_Imperial
50514,Duftanker MGO Duftmanufaktur,Oud Mukhallat,2023,https://www.parfumo.com/Perfumes/Duftanker_MGO_Duftmanufaktur/oud-mukhallat
50515,Duftanker MGO Duftmanufaktur,Oud Salamah,2017,https://www.parfumo.com/Perfumes/Duftanker_MGO_Duftmanufaktur/Oud_Salamah
50516,Duftanker MGO Duftmanufaktur,Oud Star Oudh Star,2017,https://www.parfumo.com/Perfumes/Duftanker_MGO_Duftmanufaktur/Oud_Star_Oudh_Star
50517,Duftanker MGO Duftmanufaktur,Oud Sublime,2023,https://www.parfumo.com/Perfumes/Duftanker_MGO_Duftmanufaktur/oud-sublime
50518,Duftanker MGO Duftmanufaktur,Oud Wood,2018,https://www.parfumo.com/Perfumes/Duftanker_MGO_Duftmanufaktur/Oud_Wood
50519,Duftanker MGO Duftmanufaktur,Oud Wood II,,https://www.parfumo.com/Perfumes/Duftanker_MGO_Duftmanufaktur/oud-wood-ii
50520,Duftanker MGO Duftmanufaktur,Oudh Hindi Hujjay,,https://www.parfumo.com/Perfumes/Duftanker_MGO_Duftmanufaktur/oudh-hindi-hujjay
50521,Duftanker MGO Duftmanufaktur,Outback,,https://www.parfumo.com/Perfumes/Duftanker_MGO_Duftmanufaktur/outback
50522,Duftanker MGO Duftmanufaktur,Palladium,,https://www.parfumo.com/Perfumes/Duftanker_MGO_Duftmanufaktur/palladium
50523,Duftanker MGO Duftmanufaktur,Pine Forest,,https://www.parfumo.com/Perfumes/Duftanker_MGO_Duftmanufaktur/pine-forest
50524,Duftanker MGO Duftmanufaktur,Poivre de Nuit,2018,https://www.parfumo.com/Perfumes/Duftanker_MGO_Duftmanufaktur/Poivre_de_Nuit
50525,Duftanker MGO Duftmanufaktur,Pour Homme,2019,https://www.parfumo.com/Perfumes/Duftanker_MGO_Duftmanufaktur/Pour_Homme
50526,Duftanker MGO Duftmanufaktur,Red Tangerine Lightness,,https://www.parfumo.com/Perfumes/Duftanker_MGO_Duftmanufaktur/red-tangerine-lightness
50527,Duftanker MGO Duftmanufaktur,Rosa Azafrán,,https://www.parfumo.com/Perfumes/Duftanker_MGO_Duftmanufaktur/rosa-azafran
50528,Duftanker MGO Duftmanufaktur,Second Molekül,,https://www.parfumo.com/Perfumes/Duftanker_MGO_Duftmanufaktur/second-molekul
50529,Duftanker MGO Duftmanufaktur,Shir Khan,,https://www.parfumo.com/Perfumes/Duftanker_MGO_Duftmanufaktur/shir-khan
50530,Duftanker MGO Duftmanufaktur,Signature Ambassador,,https://www.parfumo.com/Perfumes/Duftanker_MGO_Duftmanufaktur/signature-ambassador
50531,Duftanker MGO Duftmanufaktur,Signature Oligarch,,https://www.parfumo.com/Perfumes/Duftanker_MGO_Duftmanufaktur/signature-oligarch
50532,Duftanker MGO Duftmanufaktur,Sublime Vanille,,https://www.parfumo.com/Perfumes/Duftanker_MGO_Duftmanufaktur/Sublime_Vanille
50533,Duftanker MGO Duftmanufaktur,Summertime 2023,2023,https://www.parfumo.com/Perfumes/Duftanker_MGO_Duftmanufaktur/summertime-2023
50534,Duftanker MGO Duftmanufaktur,Sunshine Oud,2023,https://www.parfumo.com/Perfumes/Duftanker_MGO_Duftmanufaktur/sunshine-oud
50535,Duftanker MGO Duftmanufaktur,Sweet Agarwood,,https://www.parfumo.com/Perfumes/Duftanker_MGO_Duftmanufaktur/sweet-agarwood
50536,Duftanker MGO Duftmanufaktur,Sweet Secret,,https://www.parfumo.com/Perfumes/Duftanker_MGO_Duftmanufaktur/sweet-secret
50537,Duftanker MGO Duftmanufaktur,Tabac Blond,,https://www.parfumo.com/Perfumes/Duftanker_MGO_Duftmanufaktur/tabac-blond
50538,Duftanker MGO Duftmanufaktur,Taif Imperial,2023,https://www.parfumo.com/Perfumes/Duftanker_MGO_Duftmanufaktur/taif-imperial
50539,Duftanker MGO Duftmanufaktur,Tobacco Leather,,https://www.parfumo.com/Perfumes/Duftanker_MGO_Duftmanufaktur/tobacco-leather
50540,Duftanker MGO Duftmanufaktur,Tonka Deluxe,2023,https://www.parfumo.com/Perfumes/Duftanker_MGO_Duftmanufaktur/tonka-deluxe
50541,Duftanker MGO Duftmanufaktur,Tranquilla,,https://www.parfumo.com/Perfumes/Duftanker_MGO_Duftmanufaktur/tranquilla
50542,Duftanker MGO Duftmanufaktur,Tribute,2017,https://www.parfumo.com/Perfumes/Duftanker_MGO_Duftmanufaktur/Tribute
50543,Duftanker MGO Duftmanufaktur,Vanilla Sky,2020,https://www.parfumo.com/Perfumes/Duftanker_MGO_Duftmanufaktur/vanilla-sky
50544,Duftanker MGO Duftmanufaktur,Vetiver Classico,,https://www.parfumo.com/Perfumes/Duftanker_MGO_Duftmanufaktur/vetiver-classico
50545,Duftanker MGO Duftmanufaktur,Vetiver Man,2019,https://www.parfumo.com/Perfumes/Duftanker_MGO_Duftmanufaktur/Vetiver_Man
50546,Duftanker MGO Duftmanufaktur,Wish for Spring,2024,https://www.parfumo.com/Perfumes/Duftanker_MGO_Duftmanufaktur/wish-for-spring
50547,Duftanker MGO Duftmanufaktur,Y,,https://www.parfumo.com/Perfumes/Duftanker_MGO_Duftmanufaktur/y
50548,Duftanker MGO Duftmanufaktur,Yeti,2024,https://www.parfumo.com/Perfumes/Duftanker_MGO_Duftmanufaktur/yeti
50549,Duftanker MGO Duftmanufaktur,Yogananda,2017,https://www.parfumo.com/Perfumes/Duftanker_MGO_Duftmanufaktur/Yogananda
50550,Duftanker MGO Duftmanufaktur,Zen for Her,,https://www.parfumo.com/Perfumes/Duftanker_MGO_Duftmanufaktur/zen-for-her
50551,Duke Cannon,Buck Moon,2024,https://www.fragrantica.com/perfume/Duke-Cannon/Buck-Moon-142737.html
50552,Duke Cannon,Deep Space,2026,https://www.fragrantica.com/perfume/Duke-Cannon/Deep-Space-142732.html
50553,Duke Cannon,Huron,2019,https://www.fragrantica.com/perfume/Duke-Cannon/Huron-142741.html
50554,Duke Cannon,Midway,2024,https://www.fragrantica.com/perfume/Duke-Cannon/Midway-142738.html
50555,Duke Cannon,Mulligan,2026,https://www.fragrantica.com/perfume/Duke-Cannon/Mulligan-142731.html
50556,Duke Cannon,Palomino,2026,https://www.fragrantica.com/perfume/Duke-Cannon/Palomino-142734.html
50557,Duke Cannon,Sandalwood,2026,https://www.fragrantica.com/perfume/Duke-Cannon/Sandalwood-142733.html
50558,Duke Cannon,Sawtooth,2019,https://www.fragrantica.com/perfume/Duke-Cannon/Sawtooth-142736.html
50559,Duke Cannon,Seawolf,2026,https://www.fragrantica.com/perfume/Duke-Cannon/Seawolf-142735.html
50560,Dumo Luxury Perfume,Commodus,2026,https://www.fragrantica.com/perfume/Dumo-Luxury-Perfume/Commodus-132424.html
50561,Dumo Luxury Perfume,Crixus,2026,https://www.fragrantica.com/perfume/Dumo-Luxury-Perfume/Crixus-132425.html
50562,Dumo Luxury Perfume,Marcus,2026,https://www.fragrantica.com/perfume/Dumo-Luxury-Perfume/Marcus-132426.html
50563,Dumo Luxury Perfume,Priscus,2026,https://www.fragrantica.com/perfume/Dumo-Luxury-Perfume/Priscus-132427.html
50564,Dumo Luxury Perfume,Rexor,2026,https://www.fragrantica.com/perfume/Dumo-Luxury-Perfume/Rexor-132428.html
50565,Dumo Luxury Perfume,Spartacus,2026,https://www.fragrantica.com/perfume/Dumo-Luxury-Perfume/Spartacus-132429.html
50566,Dumo Luxury Perfume,Verus,2026,https://www.fragrantica.com/perfume/Dumo-Luxury-Perfume/Verus-132430.html
50567,Dumont,Admira Chic,,https://www.fragrantica.com/perfume/Dumont/Admira-Chic-94363.html
50568,Dumont,Admira Glamour,,https://www.fragrantica.com/perfume/Dumont/Admira-Glamour-94374.html
50569,Dumont,Agate Oud Prive,2020,https://www.fragrantica.com/perfume/Dumont/Agate-Oud-Prive-73065.html
50570,Dumont,Arabella Green,,https://www.fragrantica.com/perfume/Dumont/Arabella-Green-94201.html
50571,Dumont,Arabella Red,,https://www.fragrantica.com/perfume/Dumont/Arabella-Red-94202.html
50572,Dumont,Atomic,2025,https://www.fragrantica.com/perfume/Dumont/Atomic-120955.html
50573,Dumont,Axon Ultimate,2024,https://www.fragrantica.com/perfume/Dumont/Axon-Ultimate-95996.html
50574,Dumont,Celerio Elysium,2024,https://www.fragrantica.com/perfume/Dumont/Celerio-Elysium-94200.html
50575,Dumont,Celerio Epic,2023,https://www.fragrantica.com/perfume/Dumont/Celerio-Epic-92035.html
50576,Dumont,Celerio Oros,,https://www.fragrantica.com/perfume/Dumont/Celerio-Oros-129850.html
50577,Dumont,Cliff Exotic,2018,https://www.fragrantica.com/perfume/Dumont/Cliff-Exotic-73064.html
50578,Dumont,Exciting Absolute,2020,https://www.fragrantica.com/perfume/Dumont/Exciting-Absolute-73061.html
50579,Dumont,Exciting Insense,2020,https://www.fragrantica.com/perfume/Dumont/Exciting-Insense-73059.html
50580,Dumont,Exciting Oud Touch,2018,https://www.fragrantica.com/perfume/Dumont/Exciting-Oud-Touch-73063.html
50581,Dumont,Exciting Vert,2024,https://www.fragrantica.com/perfume/Dumont/Exciting-Vert-135364.html
50582,Dumont,Giorgio Imperio Amber,2026,https://www.fragrantica.com/perfume/Dumont/Giorgio-Imperio-Amber-125414.html
50583,Dumont,Giorgio Imperio Bleu,2026,https://www.fragrantica.com/perfume/Dumont/Giorgio-Imperio-Bleu-125421.html
50584,Dumont,Giorgio Imperio Rouge,2026,https://www.fragrantica.com/perfume/Dumont/Giorgio-Imperio-Rouge-124991.html
50585,Dumont,Giorgio Imperio Verte,2026,https://www.fragrantica.com/perfume/Dumont/Giorgio-Imperio-Verte-124967.html
50586,Dumont,Inspiritu Pour Homme,2020,https://www.fragrantica.com/perfume/Dumont/Inspiritu-Pour-Homme-73062.html
50587,Dumont,Ironic Oud Mirage,2020,https://www.fragrantica.com/perfume/Dumont/Ironic-Oud-Mirage-73060.html
50588,Dumont,Nitro Black,2020,https://www.fragrantica.com/perfume/Dumont/Nitro-Black-73022.html
50589,Dumont,Nitro Blue,2020,https://www.fragrantica.com/perfume/Dumont/Nitro-Blue-73021.html
50590,Dumont,Nitro Elixir,2025,https://www.fragrantica.com/perfume/Dumont/Nitro-Elixir-112207.html
50591,Dumont,Nitro Gold,2026,https://www.fragrantica.com/perfume/Dumont/Nitro-Gold-123901.html
50592,Dumont,Nitro Green,2020,https://www.fragrantica.com/perfume/Dumont/Nitro-Green-73024.html
50593,Dumont,Nitro Intense,2023,https://www.fragrantica.com/perfume/Dumont/Nitro-Intense-93955.html
50594,Dumont,Nitro Platinum,2024,https://www.fragrantica.com/perfume/Dumont/Nitro-Platinum-101991.html
50595,Dumont,Nitro Pour Homme,2020,https://www.fragrantica.com/perfume/Dumont/Nitro-Pour-Homme-73020.html
50596,Dumont,Nitro Red,2020,https://www.fragrantica.com/perfume/Dumont/Nitro-Red-73023.html
50597,Dumont,Nitro Red Intensely,2025,https://www.fragrantica.com/perfume/Dumont/Nitro-Red-Intensely-104555.html
50598,Dumont,Nitro White,2024,https://www.fragrantica.com/perfume/Dumont/Nitro-White-95995.html
50599,Dumont,Nitro White Intensely,2026,https://www.fragrantica.com/perfume/Dumont/Nitro-White-Intensely-136473.html
50600,Dumont,Noir,2026,https://www.fragrantica.com/perfume/Dumont/Noir-125915.html
50601,Dumont,Overdose,2025,https://www.fragrantica.com/perfume/Dumont/Overdose-105827.html
50602,Dumont,Phantom,2025,https://www.fragrantica.com/perfume/Dumont/Phantom-105826.html
50603,Dumont,Repertoir,2025,https://www.fragrantica.com/perfume/Dumont/Repertoir-105832.html
50604,Dumont,Soprano Fury,2025,https://www.fragrantica.com/perfume/Dumont/Soprano-Fury-117122.html
50605,Dumont,Soprano Ice,2025,https://www.fragrantica.com/perfume/Dumont/Soprano-Ice-117120.html
50606,Dumont,Soprano Vivid,2025,https://www.fragrantica.com/perfume/Dumont/Soprano-Vivid-117121.html
50607,Dumont,Venom,2025,https://www.fragrantica.com/perfume/Dumont/Venom-105829.html
50608,Dunhill,Blend 30 Dunhill 1978 After Shave Tonic,1978,https://www.parfumo.com/Perfumes/Dunhill/Blend_30_After_Shave_Tonic
50609,Dunhill,Blend 30 Dunhill 1978 Eau de Toilette,1978,https://www.parfumo.com/Perfumes/Dunhill/Blend_30_Eau_de_Toilette
50610,Dunhill,Century,2018,https://www.parfumo.com/Perfumes/Dunhill/Century
50611,Dunhill,Century Blue,2019,https://www.parfumo.com/Perfumes/Dunhill/century-blue
50612,Dunhill,Custom,2011,https://www.parfumo.com/Perfumes/Dunhill/Custom
50613,Dunhill,d Dunhill 1996 After Shave,1996,https://www.parfumo.com/Perfumes/Dunhill/d_After_Shave
50614,Dunhill,d Dunhill 1996 Eau de Toilette,1996,https://www.parfumo.com/Perfumes/Dunhill/d_Eau_de_Toilette
50615,Dunhill,Desire Black Dunhill 2014 Body Spray,2014,https://www.parfumo.com/Perfumes/Dunhill/desire-black-body-spray
50616,Dunhill,Desire Black Dunhill 2014 Eau de Toilette,2014,https://www.parfumo.com/Perfumes/Dunhill/desire-black-eau-de-toilette
50617,Dunhill,Desire Blue Dunhill 2002 Eau de Toilette,2002,https://www.parfumo.com/Perfumes/Dunhill/desire-blue-eau-de-toilette
50618,Dunhill,Desire Blue Dunhill Body Spray,,https://www.parfumo.com/Perfumes/Dunhill/desire-blue-body-spray
50619,Dunhill,Desire Blue O****,2018,https://www.parfumo.com/Perfumes/Dunhill/Desire_Blue_O
50620,Dunhill,Desire Extreme,2017,https://www.parfumo.com/Perfumes/Dunhill/Desire_Extreme
50621,Dunhill,Desire for a Man Dunhill 2000 Eau de Toilette,2000,https://www.parfumo.com/Perfumes/Dunhill/Desire_for_a_Man_Eau_de_Toilette
50622,Dunhill,Desire for a Man Dunhill 2000 Lotion Après-Rasage,2000,https://www.parfumo.com/Perfumes/Dunhill/Desire_for_a_Man_Lotion_Apres_Rasage
50623,Dunhill,Desire for a Man Dunhill Body Spray,,https://www.parfumo.com/Perfumes/Dunhill/desire-for-a-man-body-spray
50624,Dunhill,Desire for a Woman,2001,https://www.parfumo.com/Perfumes/Dunhill/Desire_for_a_Woman
50625,Dunhill,Desire Gold,,https://www.parfumo.com/Perfumes/Dunhill/desire-gold
50626,Dunhill,Desire Platinum,,https://huggingface.co/datasets/doevent/perfume
50627,Dunhill,Desire Red Extreme,,https://huggingface.co/datasets/doevent/perfume
50628,Dunhill,Desire Silver Dunhill 2015 Eau de Toilette,2015,https://www.parfumo.com/Perfumes/Dunhill/desire-silver-eau-de-toilette
50629,Dunhill,Desire Silver Dunhill Body Spray,,https://www.parfumo.com/Perfumes/Dunhill/desire-silver-body-spray
50630,Dunhill,Driven Dunhill 2021 Eau de Parfum,2021,https://www.parfumo.com/Perfumes/Dunhill/driven-eau-de-parfum
50631,Dunhill,Driven Dunhill 2021 Eau de Toilette,2021,https://www.parfumo.com/Perfumes/Dunhill/driven-eau-de-toilette
50632,Dunhill,Dunhill,2003,https://www.parfumo.com/Perfumes/Dunhill/Dunhill
50633,Dunhill,Dunhill 51.3 N.,2009,https://www.parfumo.com/Perfumes/Dunhill/Dunhill_51_3_N
50634,Dunhill,Dunhill Black Dunhill 2008 After Shave Lotion,2008,https://www.parfumo.com/Perfumes/Dunhill/Dunhill_Black_After_Shave_Lotion
50635,Dunhill,Dunhill Black Dunhill 2008 Eau de Toilette,2008,https://www.parfumo.com/Perfumes/Dunhill/Dunhill_Black_Eau_de_Toilette
50636,Dunhill,Dunhill Burgundy Dunhill 1980 After Shave,1980,https://www.parfumo.com/Perfumes/Dunhill/Dunhill_Burgundy_After_Shave
50637,Dunhill,Dunhill Burgundy Dunhill 1980 Eau de Toilette,1980,https://www.parfumo.com/Perfumes/Dunhill/Dunhill_Burgundy_Eau_de_Toilette
50638,Dunhill,Dunhill Edition Dunhill 1984 After Shave,1984,https://www.parfumo.com/Perfumes/Dunhill/Dunhill_Edition_After_Shave
50639,Dunhill,Dunhill Edition Dunhill 1984 Eau de Toilette,1984,https://www.parfumo.com/Perfumes/Dunhill/Dunhill_Edition_Eau_de_Toilette
50640,Dunhill,Dunhill for Men Classic Blend Dunhill 1934 Cologne (Eau de Cologne),1934,https://www.parfumo.com/Perfumes/Dunhill/dunhill-for-men-classic-blend-cologne
50641,Dunhill,Dunhill Fresh Dunhill 2005 After Shave Lotion,2005,https://www.parfumo.com/Perfumes/Dunhill/dunhill-fresh-after-shave-lotion
50642,Dunhill,Dunhill Fresh Dunhill 2005 Eau de Toilette,2005,https://www.parfumo.com/Perfumes/Dunhill/dunhill-fresh-eau-de-toilette
50643,Dunhill,Dunhill Icon Racing Green,,https://huggingface.co/datasets/doevent/perfume
50644,Dunhill,Dunhill London Dunhill 2008 After Shave Lotion,2008,https://www.parfumo.com/Perfumes/Dunhill/dunhill-london-after-shave-lotion
50645,Dunhill,Dunhill London Dunhill 2008 Eau de Toilette,2008,https://www.parfumo.com/Perfumes/Dunhill/dunhill-london-eau-de-toilette
50646,Dunhill,Dunhill Pure Dunhill 2006 After Shave Lotion,2006,https://www.parfumo.com/Perfumes/Dunhill/dunhill-pure-after-shave-lotion
50647,Dunhill,Dunhill Pure Dunhill 2006 Eau de Toilette,2006,https://www.parfumo.com/Perfumes/Dunhill/dunhill-pure-eau-de-toilette
50648,Dunhill,Dunhill Pursuit Dunhill 2006 After Shave Lotion,2006,https://www.parfumo.com/Perfumes/Dunhill/Dunhill_Pursuit_After_Shave_Lotion
50649,Dunhill,Dunhill Pursuit Dunhill 2006 Eau de Toilette,2006,https://www.parfumo.com/Perfumes/Dunhill/Dunhill_Pursuit_Eau_de_Toilette
50650,Dunhill,Dunhill 'Signature',,https://huggingface.co/datasets/doevent/perfume
50651,Dunhill,English Lavender,,https://www.parfumo.com/Perfumes/Dunhill/English_Lavender
50652,Dunhill,Icon,2015,https://www.parfumo.com/Perfumes/Dunhill/Icon
50653,Dunhill,Icon Absolute,2015,https://www.parfumo.com/Perfumes/Dunhill/Icon_Absolute
50654,Dunhill,Icon Elite,2016,https://www.parfumo.com/Perfumes/Dunhill/Icon_Elite
50655,Dunhill,Icon Racing,2017,https://www.parfumo.com/Perfumes/Dunhill/Icon_Racing
50656,Dunhill,Icon Racing (Blue Edition),2021,https://www.parfumo.com/Perfumes/Dunhill/icon-racing-blue-edition
50657,Dunhill,Icon Racing (Red Edition),2021,https://www.parfumo.com/Perfumes/Dunhill/icon-racing-red-edition
50658,Dunhill,London Dunhill 1973 Cologne (Eau de Cologne),1973,https://www.parfumo.com/Perfumes/Dunhill/London_Cologne
50659,Dunhill,Signature Collection - Agar Wood,2021,https://www.parfumo.com/Perfumes/Dunhill/signature-collection-agar-wood
50660,Dunhill,Signature Collection - Amalfi Citrus,2020,https://www.parfumo.com/Perfumes/Dunhill/signature-collection-amalfi-citrus
50661,Dunhill,Signature Collection - Arabian Desert,2019,https://www.parfumo.com/Perfumes/Dunhill/Signature_Collection__Arabian_Desert
50662,Dunhill,Signature Collection - British Leather,2019,https://www.parfumo.com/Perfumes/Dunhill/Signature_Collection__British_Leather
50663,Dunhill,Signature Collection - Egyptian Smoke,2021,https://www.parfumo.com/Perfumes/Dunhill/signature-collection-egyptian-smoke
50664,Dunhill,Signature Collection - Indian Sandalwood,2019,https://www.parfumo.com/Perfumes/Dunhill/Signature_Collection__Indian_Sandalwood
50665,Dunhill,Signature Collection - Mongolian Cashmere,,https://www.parfumo.com/Perfumes/Dunhill/signature-collection-mongolian-cashmere
50666,Dunhill,Signature Collection - Moroccan Amber,2019,https://www.parfumo.com/Perfumes/Dunhill/Signature_Collection__Moroccan_Amber
50667,Dunhill,Signature Collection - Nordic Fougère,,https://www.parfumo.com/Perfumes/Dunhill/signature-collection-nordic-fougere
50668,Dunhill,Signature Collection - Valensole Lavender,2020,https://www.parfumo.com/Perfumes/Dunhill/signature-collection-valensole-lavender
50669,Dunhill,X-Centric Dunhill 2001 After-Shave Lotion,2001,https://www.parfumo.com/Perfumes/Dunhill/X_Centric_After_Shave_Lotion
50670,Dunhill,X-Centric Dunhill 2001 Eau de Toilette,2001,https://www.parfumo.com/Perfumes/Dunhill/X_Centric_Eau_de_Toilette
50671,Dunlop,Acqua Crystal (Eau de Toilette),,https://www.parfumo.com/Perfumes/Dunlop/Acqua_Crystal
50672,Dunlop,Acqua Marine (Eau de Toilette),,https://www.parfumo.com/Perfumes/Dunlop/Acqua_Marine
50673,Dunlop,Acqua Marine Kutusuz (Eau de Toilette),,https://www.trendyol.com/dunlop/acqua-marine-edt-100-ml-erkek-parfum-kutusuz-p-381273508
50674,Dunlop,Dunlop,,https://www.parfumo.com/Perfumes/Dunlop/Dunlop
50675,Dunlop,Dunlop Black,,https://www.parfumo.com/Perfumes/Dunlop/Dunlop_Black
50676,Dunlop,Dunlop Black Edition,2020,https://www.fragrantica.com/perfume/Dunlop/Dunlop-Black-Edition-61681.html
50677,Dunlop,Dunlop Chic Sport (Eau de Toilette),,https://www.parfumo.com/Perfumes/Dunlop/Dunlop_Chic_Sport
50678,Dunlop,Dunlop Sport Blue,,https://www.fragrantica.com/perfume/Dunlop/Dunlop-Sport-Blue-32568.html
50679,Dunlop,Dunlop Sport Green,,https://www.fragrantica.com/perfume/Dunlop/Dunlop-Sport-Green-32567.html
50680,Dunlop,Dunlop White Edition,2020,https://www.fragrantica.com/perfume/Dunlop/Dunlop-White-Edition-61682.html
50681,Dunlop,Electric Lemonade,2014,https://www.fragrantica.com/perfume/Dunlop/Electric-Lemonade-32544.html
50682,Dunlop,Power Elixir,2014,https://www.fragrantica.com/perfume/Dunlop/Power-Elixir-32546.html
50683,Dunlop,Spirit Juice,2014,https://www.fragrantica.com/perfume/Dunlop/Spirit-Juice-32545.html
50684,Dunlop,Sport Passion,2014,https://www.fragrantica.com/perfume/Dunlop/Sport-Passion-32543.html
50685,Dunlop,Sporty Fashionista,2014,https://www.fragrantica.com/perfume/Dunlop/Sporty-Fashionista-32542.html
50686,Dunlop,Summer Man,,https://www.parfumo.com/Perfumes/Dunlop/Summer_Man
50687,Duomo Milano,Anima Vertiginosa,2024,https://www.fragrantica.com/perfume/Duomo-Milano/Anima-Vertiginosa-100865.html
50688,Duomo Milano,Fiori Scuri,2024,https://www.fragrantica.com/perfume/Duomo-Milano/Fiori-Scuri-100866.html
50689,Duomo Milano,Opera Maestra,2024,https://www.fragrantica.com/perfume/Duomo-Milano/Opera-Maestra-100867.html
50690,Duomo Milano,Respiro Verticale,2024,https://www.fragrantica.com/perfume/Duomo-Milano/Respiro-Verticale-100868.html
50691,Duomo Milano,Riflesso Dorato,2024,https://www.fragrantica.com/perfume/Duomo-Milano/Riflesso-Dorato-100869.html
50692,Duomo Milano,Sussurro Urbano,2024,https://www.fragrantica.com/perfume/Duomo-Milano/Sussurro-Urbano-100870.html
50693,Duomo Perfume House,Ambiguo,2026,https://www.fragrantica.com/perfume/Duomo-Perfume-House/Ambiguo-123581.html
50694,Duomo Perfume House,Calabria,2026,https://www.fragrantica.com/perfume/Duomo-Perfume-House/Calabria-133425.html
50695,Duomo Perfume House,Como,2024,https://www.fragrantica.com/perfume/Duomo-Perfume-House/Como-101589.html
50696,Duomo Perfume House,Invecchiato Eau de Parfum,2025,https://www.fragrantica.com/perfume/Duomo-Perfume-House/Invecchiato-Eau-de-Parfum-114274.html
50697,Duomo Perfume House,Invecchiato Extrait de Parfum,2025,https://www.fragrantica.com/perfume/Duomo-Perfume-House/Invecchiato-Extrait-de-Parfum-101590.html
50698,Duomo Perfume House,Lugano,2022,https://www.fragrantica.com/perfume/Duomo-Perfume-House/Lugano-101587.html
50699,Duomo Perfume House,Napoli,2026,https://www.fragrantica.com/perfume/Duomo-Perfume-House/Napoli-133424.html
50700,Duomo Perfume House,Oudh 25,2025,https://www.fragrantica.com/perfume/Duomo-Perfume-House/Oudh-25-101591.html
50701,Duomo Perfume House,Roma,2026,https://www.fragrantica.com/perfume/Duomo-Perfume-House/Roma-123580.html
50702,Duomo Perfume House,Seravalle,2022,https://www.fragrantica.com/perfume/Duomo-Perfume-House/Seravalle-101586.html
50703,Duomo Perfume House,Siracusa,2025,https://www.fragrantica.com/perfume/Duomo-Perfume-House/Siracusa-114125.html
50704,Duomo Perfume House,Venezia,2022,https://www.fragrantica.com/perfume/Duomo-Perfume-House/Venezia-101588.html
50705,Duomo Perfume House,Verona,2025,https://www.fragrantica.com/perfume/Duomo-Perfume-House/Verona-123009.html
50706,Duomo Perfume House,Vesuvius,2025,https://www.fragrantica.com/perfume/Duomo-Perfume-House/Vesuvius-123010.html
50707,Duppe,Crystal Creek Breeze,2025,https://www.fragrantica.com/perfume/Duppe/Crystal-Creek-Breeze-137510.html
50708,Duppe,Essence,,https://www.fragrantica.com/perfume/Duppe/Essence-133581.html
50709,Duppe,Island Luxe,2020,https://www.fragrantica.com/perfume/Duppe/Island-Luxe-131310.html
50710,Duppe,Ocean Breeze,2025,https://www.fragrantica.com/perfume/Duppe/Ocean-Breeze-137668.html
50711,Duppe,Royal Rouge,2020,https://www.fragrantica.com/perfume/Duppe/Royal-Rouge-132203.html
50712,Duppe,Why Not,2025,https://www.fragrantica.com/perfume/Duppe/Why-Not-137817.html
50713,Duquesa de Medinaceli,Casa de Pilatos,,https://www.fragrantica.com/perfume/Duquesa-de-Medinaceli/Casa-de-Pilatos-35826.html
50714,Duquesa de Medinaceli,Hospital Tavera,,https://www.fragrantica.com/perfume/Duquesa-de-Medinaceli/Hospital-Tavera-35828.html
50715,Duquesa de Medinaceli,Palacio de Oca,,https://www.fragrantica.com/perfume/Duquesa-de-Medinaceli/Palacio-de-Oca-35827.html
50716,Durance en Provence,Ambre Fleuri,2012,https://www.fragrantica.com/perfume/Durance-en-Provence/Ambre-Fleuri-14571.html
50717,Durance en Provence,Ambre Fleuri Floral Amber,,https://www.parfumo.com/Perfumes/Durance_en_Provence/Ambre_Fleuri_Floral_Amber
50718,Durance en Provence,Ancian Rosa,2007,https://www.fragrantica.com/perfume/Durance-en-Provence/Ancian-Rosa-4543.html
50719,Durance en Provence,Argousier Sauvage / Wild Sea Buckthorn,,https://huggingface.co/datasets/doevent/perfume
50720,Durance en Provence,Baies Exquises Exquisite Berries Durance en Provence 2008 Eau de Toilette,2008,https://www.parfumo.com/Perfumes/Durance_en_Provence/Baies_Exquises_Exquisite_Berries_Eau_de_Toilette
50721,Durance en Provence,Baies Exquises Exquisite Berries Durance en Provence 2009 Eau de Parfum,2009,https://www.parfumo.com/Perfumes/Durance_en_Provence/Baies_Exquises_Exquisite_Berries_Eau_de_Parfum
50722,Durance en Provence,Belle de Nuit Four O'Clock Flower Durance en Provence 2010 Eau de Toilette,2010,https://www.parfumo.com/Perfumes/Durance_en_Provence/Belle_de_Nuit_Four_O_Clock_Flower_Eau_de_Toilette
50723,Durance en Provence,Belle de Nuit Four O'Clock Flower Durance en Provence 2015 Eau de Parfum,2015,https://www.parfumo.com/Perfumes/Durance_en_Provence/Belle_de_Nuit_Four_O_Clock_Flower_Eau_de_Parfum
50724,Durance en Provence,Belle de Nuit Moonflower,,https://www.parfumo.com/Perfumes/Durance_en_Provence/Belle_de_Nuit_Orchidee_Moonflower_Orchid
50725,Durance en Provence,Bergamote Radieuse Durance en Provence 2007 Eau de Toilette,2007,https://www.parfumo.com/Perfumes/Durance_en_Provence/bergamote-radieuse-eau-de-toilette
50726,Durance en Provence,Bergamote Radieuse Durance en Provence 2008 Eau de Parfum,2008,https://www.parfumo.com/Perfumes/Durance_en_Provence/bergamote-radieuse-eau-de-parfum
50727,Durance en Provence,Bigarade Cashmere,2012,https://www.fragrantica.com/perfume/Durance-en-Provence/Bigarade-Cashmere-15576.html
50728,Durance en Provence,Bigaradier Cachemire Bigarade Cashmere,,https://www.parfumo.com/Perfumes/Durance_en_Provence/Bigaradier_Cachemire_Bigarade_Cashmere
50729,Durance en Provence,Bois Oriental,2017,https://www.fragrantica.com/perfume/Durance-en-Provence/Bois-Oriental-57837.html
50730,Durance en Provence,Bois Oriental / Oriental Wood,,https://huggingface.co/datasets/doevent/perfume
50731,Durance en Provence,Bouton de Rose Rosebud,,https://www.parfumo.com/Perfumes/Durance_en_Provence/Bouton_de_Rose_Rosebud
50732,Durance en Provence,Brin de Lavande Sprig of Lavender Durance en Provence 2007 Eau de Toilette,2007,https://www.parfumo.com/Perfumes/Durance_en_Provence/Brin_de_Lavande_Sprig_of_Lavender_Eau_de_Toilette
50733,Durance en Provence,Brin de Lavande Sprig of Lavender Durance en Provence Eau de Parfum,,https://www.parfumo.com/Perfumes/Durance_en_Provence/Brin_de_Lavande_Sprig_of_Lavender_Eau_de_Parfum
50734,Durance en Provence,Camelia Blanc,2015,https://www.fragrantica.com/perfume/Durance-en-Provence/Camelia-Blanc-44922.html
50735,Durance en Provence,Camélia Éclatant Radiant Camellia Durance en Provence 2006 Eau de Parfum,2006,https://www.parfumo.com/Perfumes/Durance_en_Provence/Camelia_Eclatant_Radiant_Camellia_Eau_de_Parfum
50736,Durance en Provence,Camélia Éclatant Radiant Camellia Durance en Provence 2009 Eau de Toilette,2009,https://www.parfumo.com/Perfumes/Durance_en_Provence/Camelia_Eclatant_Radiant_Camellia_Eau_de_Toilette
50737,Durance en Provence,Cedar and Grapefruit,2012,https://www.fragrantica.com/perfume/Durance-en-Provence/Cedar-and-Grapefruit-15580.html
50738,Durance en Provence,Cèdre Bleu,2017,https://www.fragrantica.com/perfume/Durance-en-Provence/Cedre-Bleu-57836.html
50739,Durance en Provence,Cèdre Bleu / Blue Cedar,,https://huggingface.co/datasets/doevent/perfume
50740,Durance en Provence,Coquelicot Poppy Durance en Provence Eau de Toilette,,https://www.parfumo.com/Perfumes/Durance_en_Provence/Coquelicot_Poppy_Eau_de_Toilette
50741,Durance en Provence,Coquelicot - Poppy (Eau de Parfum),2013,https://www.fragrantica.com/perfume/Durance-en-Provence/Coquelicot-Poppy-18376.html
50742,Durance en Provence,Coton Musc Cotton Musk Durance en Provence 2019 Eau de Parfum,2019,https://www.parfumo.com/Perfumes/Durance_en_Provence/Coton_Musc_Cotton_Musk_Eau_de_Parfum
50743,Durance en Provence,Coton Musc Cotton Musk Durance en Provence Eau de Toilette,,https://www.parfumo.com/Perfumes/Durance_en_Provence/Coton_Musc_Cotton_Musk_Eau_de_Toilette
50744,Durance en Provence,Cotton flower,2012,https://www.fragrantica.com/perfume/Durance-en-Provence/Cotton-flower-15568.html
50745,Durance en Provence,Coucher de Soleil,,https://www.parfumo.com/Perfumes/Durance_en_Provence/Coucher_de_Soleil
50746,Durance en Provence,Délicat Nymphéa/Delicate Water Lily Eau De Parfum,,https://huggingface.co/datasets/doevent/perfume
50747,Durance en Provence,Délicat Nymphéa/Delicate Water Lily Edt,,https://huggingface.co/datasets/doevent/perfume
50748,Durance en Provence,Eau de Parfum Baies Exquises,,https://www.fragrantica.com/perfume/Durance-en-Provence/Eau-de-Parfum-Baies-Exquises-81446.html
50749,Durance en Provence,Eau de Parfum Belle de Nuit,,https://www.fragrantica.com/perfume/Durance-en-Provence/Eau-de-Parfum-Belle-de-Nuit-81445.html
50750,Durance en Provence,Eau de Parfum Brin de Lavande,,https://www.fragrantica.com/perfume/Durance-en-Provence/Eau-de-Parfum-Brin-de-Lavande-81455.html
50751,Durance en Provence,Eau de Parfum Camélia Eclatant,,https://www.fragrantica.com/perfume/Durance-en-Provence/Eau-de-Parfum-Camelia-Eclatant-81451.html
50752,Durance en Provence,Eau de Parfum Coton Musc,,https://www.fragrantica.com/perfume/Durance-en-Provence/Eau-de-Parfum-Coton-Musc-81449.html
50753,Durance en Provence,Eau de Parfum Délicat Nymphéa,,https://www.fragrantica.com/perfume/Durance-en-Provence/Eau-de-Parfum-Delicat-Nymphea-81457.html
50754,Durance en Provence,Eau de Parfum Figue Délicieuse,,https://www.fragrantica.com/perfume/Durance-en-Provence/Eau-de-Parfum-Figue-Delicieuse-81448.html
50755,Durance en Provence,Eau de Parfum Fleur d'Oranger,,https://www.fragrantica.com/perfume/Durance-en-Provence/Eau-de-Parfum-Fleur-d-Oranger-81456.html
50756,Durance en Provence,Eau de Parfum Joli Coquelicot,,https://www.fragrantica.com/perfume/Durance-en-Provence/Eau-de-Parfum-Joli-Coquelicot-81452.html
50757,Durance en Provence,Eau de Parfum Patchouli d'Orient,,https://www.fragrantica.com/perfume/Durance-en-Provence/Eau-de-Parfum-Patchouli-d-Orient-81454.html
50758,Durance en Provence,Eau de Parfum Pétillante Verveine,,https://www.fragrantica.com/perfume/Durance-en-Provence/Eau-de-Parfum-Petillante-Verveine-81453.html
50759,Durance en Provence,Eau de Parfum Rose Pétale,,https://www.fragrantica.com/perfume/Durance-en-Provence/Eau-de-Parfum-Rose-Petale-81443.html
50760,Durance en Provence,Eau de Parfum Sensuel Monoï,,https://www.fragrantica.com/perfume/Durance-en-Provence/Eau-de-Parfum-Sensuel-Monoi-81444.html
50761,Durance en Provence,Eau de Toilette Argousier Sauvage,,https://www.fragrantica.com/perfume/Durance-en-Provence/Eau-de-Toilette-Argousier-Sauvage-81458.html
50762,Durance en Provence,Fig and Lavender,2012,https://www.fragrantica.com/perfume/Durance-en-Provence/Fig-and-Lavender-15579.html
50763,Durance en Provence,Fig Tree Wood,2012,https://www.fragrantica.com/perfume/Durance-en-Provence/Fig-Tree-Wood-15586.html
50764,Durance en Provence,Figue Délicieuse / Delicious Fig,,https://huggingface.co/datasets/doevent/perfume
50765,Durance en Provence,Fleur D'Oranger/Orange Blossom Eau De Parfum,,https://huggingface.co/datasets/doevent/perfume
50766,Durance en Provence,Fleur D'Oranger/Orange Blossom Eau De Toilette,,https://huggingface.co/datasets/doevent/perfume
50767,Durance en Provence,Fleur de Tiare,2014,https://www.fragrantica.com/perfume/Durance-en-Provence/Fleur-de-Tiare-25970.html
50768,Durance en Provence,Frangipani – Benzoin,2012,https://www.fragrantica.com/perfume/Durance-en-Provence/Frangipani-Benzoin-15577.html
50769,Durance en Provence,Freesia – White Tea,2012,https://www.fragrantica.com/perfume/Durance-en-Provence/Freesia-White-Tea-15578.html
50770,Durance en Provence,Fresh Mint,2012,https://www.fragrantica.com/perfume/Durance-en-Provence/Fresh-Mint-15583.html
50771,Durance en Provence,Jasmin,,https://www.fragrantica.com/perfume/Durance-en-Provence/Jasmin-4545.html
50772,Durance en Provence,Joli Coquelicot / Pretty Poppy Eau De Parfum,,https://huggingface.co/datasets/doevent/perfume
50773,Durance en Provence,Joli Coquelicot / Pretty Poppy Eau De Toilette,,https://huggingface.co/datasets/doevent/perfume
50774,Durance en Provence,L'Ome Sea Buckthorn,2006,https://www.fragrantica.com/perfume/Durance-en-Provence/L-Ome-Sea-Buckthorn-4546.html
50775,Durance en Provence,Lavender,2012,https://www.fragrantica.com/perfume/Durance-en-Provence/Lavender-15585.html
50776,Durance en Provence,Lemon and Mint,2012,https://www.fragrantica.com/perfume/Durance-en-Provence/Lemon-and-Mint-15582.html
50777,Durance en Provence,Lotus Lavender Aromatic,2012,https://www.fragrantica.com/perfume/Durance-en-Provence/Lotus-Lavender-Aromatic-15569.html
50778,Durance en Provence,Madonna lily,2012,https://www.fragrantica.com/perfume/Durance-en-Provence/Madonna-lily-15570.html
50779,Durance en Provence,Mandarin and Ginger,2012,https://www.fragrantica.com/perfume/Durance-en-Provence/Mandarin-and-Ginger-15581.html
50780,Durance en Provence,Menthe Fraîche / Fresh Mint,,https://huggingface.co/datasets/doevent/perfume
50781,Durance en Provence,Moonflower Orchid,2012,https://www.fragrantica.com/perfume/Durance-en-Provence/Moonflower-Orchid-15567.html
50782,Durance en Provence,Orange Blossom,2012,https://www.fragrantica.com/perfume/Durance-en-Provence/Orange-Blossom-15584.html
50783,Durance en Provence,Orange-Kumquat,2012,https://www.fragrantica.com/perfume/Durance-en-Provence/Orange-Kumquat-15572.html
50784,Durance en Provence,Patchouli,2012,https://www.fragrantica.com/perfume/Durance-en-Provence/Patchouli-15573.html
50785,Durance en Provence,Patchouli D'Orient / Oriental Patchouli,,https://huggingface.co/datasets/doevent/perfume
50786,Durance en Provence,Pétillante Verveine / Sparkling Verbena,,https://huggingface.co/datasets/doevent/perfume
50787,Durance en Provence,Rose-Osmanthus,2012,https://www.fragrantica.com/perfume/Durance-en-Provence/Rose-Osmanthus-15571.html
50788,Durance en Provence,Rose Pétale / Rose Petal,,https://huggingface.co/datasets/doevent/perfume
50789,Durance en Provence,Sensuel Monoï/Sensual Monoï Eau De Parfum,,https://huggingface.co/datasets/doevent/perfume
50790,Durance en Provence,Sensuel Monoï/Sensual Monoï Eau De Toilette,,https://huggingface.co/datasets/doevent/perfume
50791,Durance en Provence,Spiced Absinth,2012,https://www.fragrantica.com/perfume/Durance-en-Provence/Spiced-Absinth-15587.html
50792,Durance en Provence,Summer Fig,,https://www.fragrantica.com/perfume/Durance-en-Provence/Summer-Fig-32727.html
50793,Durance en Provence,Vanilla-Ylang,2012,https://www.fragrantica.com/perfume/Durance-en-Provence/Vanilla-Ylang-15574.html
50794,Durance en Provence,Verbena,2012,https://www.fragrantica.com/perfume/Durance-en-Provence/Verbena-15575.html
50795,Durance en Provence,Zeste de Vétiver,2013,https://www.fragrantica.com/perfume/Durance-en-Provence/Zeste-de-Vetiver-18375.html
50796,Durance en Provence,Zeste De Vétiver / Vetiver Zest,,https://huggingface.co/datasets/doevent/perfume
50797,Dusk,Acapulco,,https://www.fragrantica.com/perfume/Dusk/Acapulco-91664.html
50798,Dusk,Acapulco Spritz,2025,https://www.fragrantica.com/perfume/Dusk/Acapulco-Spritz-121506.html
50799,Dusk,Alfresco Florence,2025,https://www.fragrantica.com/perfume/Dusk/Alfresco-Florence-121501.html
50800,Dusk,Amber Nights,,https://www.fragrantica.com/perfume/Dusk/Amber-Nights-91665.html
50801,Dusk,Aura Australis,,https://www.fragrantica.com/perfume/Dusk/Aura-Australis-121505.html
50802,Dusk,Luminous Gardenia,2025,https://www.fragrantica.com/perfume/Dusk/Luminous-Gardenia-121504.html
50803,Dusk,Ruby Rose,2025,https://www.fragrantica.com/perfume/Dusk/Ruby-Rose-121455.html
50804,Dusk,Strawberry Shortcake,2025,https://www.fragrantica.com/perfume/Dusk/Strawberry-Shortcake-121457.html
50805,Dusk,Sunset Symphony,2025,https://www.fragrantica.com/perfume/Dusk/Sunset-Symphony-121503.html
50806,Dusk,Tangier Affair,2025,https://www.fragrantica.com/perfume/Dusk/Tangier-Affair-121456.html
50807,Dusk,Tokyo,,https://www.fragrantica.com/perfume/Dusk/Tokyo-91656.html
50808,Dusk,Tokyo Bloom,,https://www.fragrantica.com/perfume/Dusk/Tokyo-Bloom-121502.html
50809,Dusk,Vanilla Caramel,,https://www.fragrantica.com/perfume/Dusk/Vanilla-Caramel-91657.html
50810,DXL,Zephyrwood,2017,https://www.fragrantica.com/perfume/DXL/Zephyrwood-142407.html
50811,Dyad,Dusk + Dawn,2023,https://www.fragrantica.com/perfume/Dyad/Dusk-Dawn-98120.html
50812,Dyad,Dusk + Dawn Perfume Oil,2021,https://www.fragrantica.com/perfume/Dyad/Dusk-Dawn-Perfume-Oil-98121.html
50813,Dyad,East + West,2023,https://www.fragrantica.com/perfume/Dyad/East-West-98156.html
50814,Dyad,East + West Perfume Oil,2021,https://www.fragrantica.com/perfume/Dyad/East-West-Perfume-Oil-98125.html
50815,Dyad,Highs + Lows,2023,https://www.fragrantica.com/perfume/Dyad/Highs-Lows-98119.html
50816,Dyad,Highs + Lows Perfume Oil,2021,https://www.fragrantica.com/perfume/Dyad/Highs-Lows-Perfume-Oil-98123.html
50817,Dyad,Rise + Shine,2024,https://www.fragrantica.com/perfume/Dyad/Rise-Shine-98117.html
50818,Dyad,You + I,2023,https://www.fragrantica.com/perfume/Dyad/You-I-98124.html
50819,Dyad,You + I Perfume Oil,2021,https://www.fragrantica.com/perfume/Dyad/You-I-Perfume-Oil-98157.html
50820,Dylan Jeffries,Blaze,2024,https://www.fragrantica.com/perfume/Dylan-Jeffries/Blaze-94790.html
50821,Dylan Jeffries,Crave,2024,https://www.fragrantica.com/perfume/Dylan-Jeffries/Crave-94791.html
50822,Dylan Jeffries,Emerald Lust,2026,https://www.fragrantica.com/perfume/Dylan-Jeffries/Emerald-Lust-136734.html
50823,Dylan Jeffries,Flame,2024,https://www.fragrantica.com/perfume/Dylan-Jeffries/Flame-94787.html
50824,Dylan Jeffries,Onyx Noir,2026,https://www.fragrantica.com/perfume/Dylan-Jeffries/Onyx-Noir-136735.html
50825,Dylan Jeffries,Sapphire Absolute,2026,https://www.fragrantica.com/perfume/Dylan-Jeffries/Sapphire-Absolute-136736.html
50826,Dylan Jeffries,Temptation,2024,https://www.fragrantica.com/perfume/Dylan-Jeffries/Temptation-94788.html
50827,Dylan Jeffries,Untamed,2024,https://www.fragrantica.com/perfume/Dylan-Jeffries/Untamed-94792.html
50828,Dylan Jeffries,Violetta Love,2026,https://www.fragrantica.com/perfume/Dylan-Jeffries/Violetta-Love-136733.html
50829,Dylan Jeffries,Wish,2024,https://www.fragrantica.com/perfume/Dylan-Jeffries/Wish-94789.html
50830,Dynamite,Rachel,,https://www.fragrantica.com/perfume/Dynamite/Rachel-10104.html
50831,Dynasty,Ming de Dynasty,1983,https://www.fragrantica.com/perfume/Dynasty/Ming-de-Dynasty-14086.html
50832,Dynasty Perfumes,Maha,2026,https://www.fragrantica.com/perfume/Dynasty-Perfumes/Maha-138713.html
50833,Dyrose,Ahd,2024,https://www.fragrantica.com/perfume/Dyrose/Ahd-106424.html
50834,Dyrose,Ambre 9,2026,https://www.fragrantica.com/perfume/Dyrose/Ambre-9-135714.html
50835,Dyrose,Arc of Freedom,2026,https://www.fragrantica.com/perfume/Dyrose/Arc-of-Freedom-135715.html
50836,Dyrose,Athar,2021,https://www.fragrantica.com/perfume/Dyrose/Athar-106425.html
50837,Dyrose,Chunmee Tea,2026,https://www.fragrantica.com/perfume/Dyrose/Chunmee-Tea-135716.html
50838,Dyrose,Creamy Citrus,2026,https://www.fragrantica.com/perfume/Dyrose/Creamy-Citrus-135717.html
50839,Dyrose,Eshq,2025,https://www.fragrantica.com/perfume/Dyrose/Eshq-135722.html
50840,Dyrose,Hidden Answer,2026,https://www.fragrantica.com/perfume/Dyrose/Hidden-Answer-135718.html
50841,Dyrose,Majd,2026,https://www.fragrantica.com/perfume/Dyrose/Majd-135723.html
50842,Dyrose,Merriment,2026,https://www.fragrantica.com/perfume/Dyrose/Merriment-135719.html
50843,Dyrose,Mulhim,2021,https://www.fragrantica.com/perfume/Dyrose/Mulhim-106426.html
50844,Dyrose,Oud Of Land,2026,https://www.fragrantica.com/perfume/Dyrose/Oud-Of-Land-135720.html
50845,Dyrose,Rouh,2025,https://www.fragrantica.com/perfume/Dyrose/Rouh-135724.html
50846,Dyrose,Sarh,2025,https://www.fragrantica.com/perfume/Dyrose/Sarh-106427.html
50847,Dyrose,Shaham,2025,https://www.fragrantica.com/perfume/Dyrose/Shaham-106428.html
50848,Dyrose,Sham,2025,https://www.fragrantica.com/perfume/Dyrose/Sham-135721.html
50849,Dyrose,Watan,2021,https://www.fragrantica.com/perfume/Dyrose/Watan-106429.html
50850,Dyrose,Wiaam,2022,https://www.fragrantica.com/perfume/Dyrose/Wiaam-106430.html
50851,Dzintars,Соблазн,1994,https://www.fragrantica.com/perfume/Dzintars/Soblazn-94598.html
50852,Dzintars,999,1965,https://www.fragrantica.com/perfume/Dzintars/999-82904.html
50853,Dzintars,Aero,1987,https://www.fragrantica.com/perfume/Dzintars/Aero-33453.html
50854,Dzintars,Aeroflot,1965,https://www.fragrantica.com/perfume/Dzintars/Aeroflot-92059.html
50855,Dzintars,Agats (Ahats),1961,https://www.fragrantica.com/perfume/Dzintars/Agats-Ahats-57332.html
50856,Dzintars,Ahats Агат,1998,https://www.parfumo.com/Perfumes/Dzintars/Ahats_
50857,Dzintars,Aisbergs,1985,https://www.fragrantica.com/perfume/Dzintars/Aisbergs-82481.html
50858,Dzintars,Akcents (Акцент),1985,https://www.fragrantica.com/perfume/Dzintars/Akcents-Akcent-38934.html
50859,Dzintars,Akords,2011,https://www.fragrantica.com/perfume/Dzintars/Akords-20255.html
50860,Dzintars,Alianse,1987,https://www.fragrantica.com/perfume/Dzintars/Alianse-35339.html
50861,Dzintars,Allegro,2011,https://www.fragrantica.com/perfume/Dzintars/Allegro-20253.html
50862,Dzintars,Allegro (1980),1980,https://www.fragrantica.com/perfume/Dzintars/Allegro-1980-35303.html
50863,Dzintars,Amuro,,https://www.parfumo.com/Perfumes/Dzintars/amuro
50864,Dzintars,Amuro 10,2013,https://www.fragrantica.com/perfume/Dzintars/Amuro-10-83125.html
50865,Dzintars,Amuro 11,2013,https://www.fragrantica.com/perfume/Dzintars/Amuro-11-83661.html
50866,Dzintars,Amuro 12,2013,https://www.fragrantica.com/perfume/Dzintars/Amuro-12-83696.html
50867,Dzintars,Amuro 15,2013,https://www.fragrantica.com/perfume/Dzintars/Amuro-15-83600.html
50868,Dzintars,Amuro 16,2013,https://www.fragrantica.com/perfume/Dzintars/Amuro-16-101186.html
50869,Dzintars,Amuro 17,2013,https://www.fragrantica.com/perfume/Dzintars/Amuro-17-83146.html
50870,Dzintars,Amuro 19,2013,https://www.fragrantica.com/perfume/Dzintars/Amuro-19-83525.html
50871,Dzintars,Amuro 2,2013,https://www.fragrantica.com/perfume/Dzintars/Amuro-2-83541.html
50872,Dzintars,Amuro 21,2013,https://www.fragrantica.com/perfume/Dzintars/Amuro-21-83496.html
50873,Dzintars,Amuro 501,2013,https://www.fragrantica.com/perfume/Dzintars/Amuro-501-85044.html
50874,Dzintars,Amuro 502,2013,https://www.fragrantica.com/perfume/Dzintars/Amuro-502-85234.html
50875,Dzintars,Amuro 503,2013,https://www.fragrantica.com/perfume/Dzintars/Amuro-503-85348.html
50876,Dzintars,Amuro 504,2013,https://www.fragrantica.com/perfume/Dzintars/Amuro-504-86835.html
50877,Dzintars,Amuro 505,2013,https://www.fragrantica.com/perfume/Dzintars/Amuro-505-83887.html
50878,Dzintars,Amuro 506,2013,https://www.fragrantica.com/perfume/Dzintars/Amuro-506-86856.html
50879,Dzintars,Amuro 507,2013,https://www.fragrantica.com/perfume/Dzintars/Amuro-507-85179.html
50880,Dzintars,Amuro 508,2013,https://www.fragrantica.com/perfume/Dzintars/Amuro-508-86896.html
50881,Dzintars,Amuro 509,2013,https://www.fragrantica.com/perfume/Dzintars/Amuro-509-86922.html
50882,Dzintars,Amuro 510,2013,https://www.fragrantica.com/perfume/Dzintars/Amuro-510-87174.html
50883,Dzintars,Amuro 511,2013,https://www.fragrantica.com/perfume/Dzintars/Amuro-511-87234.html
50884,Dzintars,Amuro 512,2013,https://www.fragrantica.com/perfume/Dzintars/Amuro-512-87357.html
50885,Dzintars,Amuro 513,2013,https://www.fragrantica.com/perfume/Dzintars/Amuro-513-87418.html
50886,Dzintars,Amuro 514,2013,https://www.fragrantica.com/perfume/Dzintars/Amuro-514-87466.html
50887,Dzintars,Amuro 515,2013,https://www.fragrantica.com/perfume/Dzintars/Amuro-515-84410.html
50888,Dzintars,Amuro 6,2013,https://www.fragrantica.com/perfume/Dzintars/Amuro-6-89572.html
50889,Dzintars,Amuro 601,2013,https://www.fragrantica.com/perfume/Dzintars/Amuro-601-83315.html
50890,Dzintars,Amuro 602,2013,https://www.fragrantica.com/perfume/Dzintars/Amuro-602-88665.html
50891,Dzintars,Amuro 603,2013,https://www.fragrantica.com/perfume/Dzintars/Amuro-603-84358.html
50892,Dzintars,Amuro 604,2013,https://www.fragrantica.com/perfume/Dzintars/Amuro-604-103810.html
50893,Dzintars,Amuro 605,2013,https://www.fragrantica.com/perfume/Dzintars/Amuro-605-84295.html
50894,Dzintars,Amuro 606,2013,https://www.fragrantica.com/perfume/Dzintars/Amuro-606-83501.html
50895,Dzintars,Amuro 607,2013,https://www.fragrantica.com/perfume/Dzintars/Amuro-607-88666.html
50896,Dzintars,Amuro 608,2013,https://www.fragrantica.com/perfume/Dzintars/Amuro-608-83847.html
50897,Dzintars,Amuro 609,2013,https://www.fragrantica.com/perfume/Dzintars/Amuro-609-84219.html
50898,Dzintars,Amuro 610,2013,https://www.fragrantica.com/perfume/Dzintars/Amuro-610-83549.html
50899,Dzintars,Amuro 611,2013,https://www.fragrantica.com/perfume/Dzintars/Amuro-611-83956.html
50900,Dzintars,Amuro 612,2013,https://www.fragrantica.com/perfume/Dzintars/Amuro-612-83470.html
50901,Dzintars,Amuro 613,2013,https://www.fragrantica.com/perfume/Dzintars/Amuro-613-83451.html
50902,Dzintars,Amuro 615,2013,https://www.fragrantica.com/perfume/Dzintars/Amuro-615-83409.html
50903,Dzintars,Amuro 616,2013,https://www.fragrantica.com/perfume/Dzintars/Amuro-616-83216.html
50904,Dzintars,Amuro 617,2013,https://www.fragrantica.com/perfume/Dzintars/Amuro-617-83383.html
50905,Dzintars,Amuro 618,2013,https://www.fragrantica.com/perfume/Dzintars/Amuro-618-83326.html
50906,Dzintars,Amuro 619,2013,https://www.fragrantica.com/perfume/Dzintars/Amuro-619-83163.html
50907,Dzintars,Amuro 620,2013,https://www.fragrantica.com/perfume/Dzintars/Amuro-620-83306.html
50908,Dzintars,Amuro 7,2013,https://www.fragrantica.com/perfume/Dzintars/Amuro-7-83091.html
50909,Dzintars,Amuro 8,2013,https://www.fragrantica.com/perfume/Dzintars/Amuro-8-83186.html
50910,Dzintars,Amuro 9,2013,https://www.fragrantica.com/perfume/Dzintars/Amuro-9-83617.html
50911,Dzintars,Annele,1990,https://www.fragrantica.com/perfume/Dzintars/Annele-88134.html
50912,Dzintars,Anonss,1987,https://www.fragrantica.com/perfume/Dzintars/Anonss-82522.html
50913,Dzintars,Anonss (2011),2011,https://www.fragrantica.com/perfume/Dzintars/Anonss-2011-20261.html
50914,Dzintars,Antejs (Антей),1969,https://www.fragrantica.com/perfume/Dzintars/Antejs-Antej-83124.html
50915,Dzintars,Ariel,2015,https://www.parfumo.com/Perfumes/Dzintars/Ariel
50916,Dzintars,Ariels,1993,https://www.fragrantica.com/perfume/Dzintars/Ariels-37553.html
50917,Dzintars,Art Ekspresija,,https://www.parfumo.com/Perfumes/Dzintars/Art_Ekspresija
50918,Dzintars,Art Elegance,,https://www.parfumo.com/Perfumes/Dzintars/Art_Elegance
50919,Dzintars,Art Elēģija,,https://www.parfumo.com/Perfumes/Dzintars/Art_Elija
50920,Dzintars,Art Emocijas,,https://www.parfumo.com/Perfumes/Dzintars/Art_Emocijas
50921,Dzintars,ART Emocijas (ART Emotions),2003,https://www.fragrantica.com/perfume/Dzintars/ART-Emocijas-ART-Emotions-20228.html
50922,Dzintars,Art Eseja,2003,https://www.fragrantica.com/perfume/Dzintars/Art-Eseja-81636.html
50923,Dzintars,Art Gracija,2010,https://www.parfumo.com/Perfumes/Dzintars/Art_Gracija
50924,Dzintars,Art Ideals,,https://www.parfumo.com/Perfumes/Dzintars/Art_Ideals
50925,Dzintars,ART Jūrmala 1,2005,https://www.fragrantica.com/perfume/Dzintars/ART-Jurmala-1-82137.html
50926,Dzintars,ART Jūrmala 2,2005,https://www.fragrantica.com/perfume/Dzintars/ART-Jurmala-2-82138.html
50927,Dzintars,ART Jūrmala 3,2005,https://www.fragrantica.com/perfume/Dzintars/ART-Jurmala-3-82139.html
50928,Dzintars,ART Jūrmala 4,2005,https://www.fragrantica.com/perfume/Dzintars/ART-Jurmala-4-82140.html
50929,Dzintars,ART Jūrmala 5,2005,https://www.fragrantica.com/perfume/Dzintars/ART-Jurmala-5-82141.html
50930,Dzintars,Art Laimes skaitlis 5,2001,https://www.parfumo.com/Perfumes/Dzintars/Art_Laimes_skaitlis_5
50931,Dzintars,ART Modo Blue (Zīlais),2004,https://www.fragrantica.com/perfume/Dzintars/ART-Modo-Blue-Zilais-82387.html
50932,Dzintars,ART Modo Green (Zaļais),2004,https://www.fragrantica.com/perfume/Dzintars/ART-Modo-Green-Zalais-82386.html
50933,Dzintars,ART Modo Orange (Oranžais),2004,https://www.fragrantica.com/perfume/Dzintars/ART-Modo-Orange-Oranzais-20287.html
50934,Dzintars,ART Modo Red (Sarkanais),2004,https://www.fragrantica.com/perfume/Dzintars/ART-Modo-Red-Sarkanais-82384.html
50935,Dzintars,ART Modo Violet (Violets),2004,https://www.fragrantica.com/perfume/Dzintars/ART-Modo-Violet-Violets-20288.html
50936,Dzintars,ART Modo Yellow (Dzeltenais),2004,https://www.fragrantica.com/perfume/Dzintars/ART-Modo-Yellow-Dzeltenais-82385.html
50937,Dzintars,Art Mūza,2003,https://www.fragrantica.com/perfume/Dzintars/Art-Muza-81637.html
50938,Dzintars,ART Nianse,2003,https://www.fragrantica.com/perfume/Dzintars/ART-Nianse-81655.html
50939,Dzintars,ART Šarms 1,2003,https://www.fragrantica.com/perfume/Dzintars/ART-Sarms-1-82580.html
50940,Dzintars,ART Šarms 2,2003,https://www.fragrantica.com/perfume/Dzintars/ART-Sarms-2-82581.html
50941,Dzintars,ART Šarms 3,2003,https://www.fragrantica.com/perfume/Dzintars/ART-Sarms-3-20229.html
50942,Dzintars,ART Šarms 4,2003,https://www.fragrantica.com/perfume/Dzintars/ART-Sarms-4-82582.html
50943,Dzintars,ART Šarms 5,2003,https://www.fragrantica.com/perfume/Dzintars/ART-Sarms-5-20246.html
50944,Dzintars,Atbalss (Эхо),1962,https://www.fragrantica.com/perfume/Dzintars/Atbalss-Eho-101185.html
50945,Dzintars,Ausma,1958,https://www.fragrantica.com/perfume/Dzintars/Ausma-92108.html
50946,Dzintars,Ave Sol,1966,https://www.fragrantica.com/perfume/Dzintars/Ave-Sol-81857.html
50947,Dzintars,Baltais Sapnis,1991,https://www.fragrantica.com/perfume/Dzintars/Baltais-Sapnis-39102.html
50948,Dzintars,Be Trendy Active,2011,https://www.fragrantica.com/perfume/Dzintars/Be-Trendy-Active-20483.html
50949,Dzintars,Be Trendy Creative,2011,https://www.fragrantica.com/perfume/Dzintars/Be-Trendy-Creative-20372.html
50950,Dzintars,Be Trendy Extreme,2011,https://www.fragrantica.com/perfume/Dzintars/Be-Trendy-Extreme-12409.html
50951,Dzintars,Be Trendy Force,2011,https://www.fragrantica.com/perfume/Dzintars/Be-Trendy-Force-20487.html
50952,Dzintars,Be Trendy Fusion,2011,https://www.fragrantica.com/perfume/Dzintars/Be-Trendy-Fusion-12410.html
50953,Dzintars,Be Trendy Look,2011,https://www.fragrantica.com/perfume/Dzintars/Be-Trendy-Look-20371.html
50954,Dzintars,Be Trendy Power,2011,https://www.fragrantica.com/perfume/Dzintars/Be-Trendy-Power-20482.html
50955,Dzintars,Beautiful Lady In Beige,2018,https://www.fragrantica.com/perfume/Dzintars/Beautiful-Lady-In-Beige-51147.html
50956,Dzintars,Beautiful Lady In Blue,2018,https://www.fragrantica.com/perfume/Dzintars/Beautiful-Lady-In-Blue-51149.html
50957,Dzintars,Beautiful Lady In Dark Red,2018,https://www.fragrantica.com/perfume/Dzintars/Beautiful-Lady-In-Dark-Red-51148.html
50958,Dzintars,Bērzu ūdens (Берёзовая вода),1949,https://www.fragrantica.com/perfume/Dzintars/Berzu-udens-Berezovaa-voda-82002.html
50959,Dzintars,Bis (Бис),1985,https://www.fragrantica.com/perfume/Dzintars/Bis-Bis-80517.html
50960,Dzintars,Boja (Буй),1964,https://www.fragrantica.com/perfume/Dzintars/Boja-Buj-93751.html
50961,Dzintars,Bolero (Болеро),1969,https://www.fragrantica.com/perfume/Dzintars/Bolero-Bolero-69221.html
50962,Dzintars,Borneo,1994,https://www.fragrantica.com/perfume/Dzintars/Borneo-83089.html
50963,Dzintars,Boxing,2010,https://www.fragrantica.com/perfume/Dzintars/Boxing-83694.html
50964,Dzintars,Браво (Bravo),1985,https://www.fragrantica.com/perfume/Dzintars/Bravo-Bravo-80481.html
50965,Dzintars,Briga,2010,https://www.fragrantica.com/perfume/Dzintars/Briga-20444.html
50966,Dzintars,Briga (1982),1982,https://www.fragrantica.com/perfume/Dzintars/Briga-1982-83215.html
50967,Dzintars,Buratino,1961,https://www.fragrantica.com/perfume/Dzintars/Buratino-82431.html
50968,Dzintars,Būrve (Колдунья),1975,https://www.fragrantica.com/perfume/Dzintars/Burve-Koldun-a-39105.html
50969,Dzintars,Burvis (Diviner),1991,https://www.fragrantica.com/perfume/Dzintars/Burvis-Diviner-85235.html
50970,Dzintars,Čardašs (Чардаш),1975,https://www.fragrantica.com/perfume/Dzintars/Cardass-Cardas-69223.html
50971,Dzintars,Čempions (Чемпион),1977,https://www.fragrantica.com/perfume/Dzintars/Cempions-Cempion-83919.html
50972,Dzintars,Cēriņi (Сирень),1949,https://www.fragrantica.com/perfume/Dzintars/Cerini-Siren-82003.html
50973,Dzintars,Citruss,1964,https://www.fragrantica.com/perfume/Dzintars/Citruss-82408.html
50974,Dzintars,Daina,1962,https://www.fragrantica.com/perfume/Dzintars/Daina-87175.html
50975,Dzintars,Dan,1965,https://www.fragrantica.com/perfume/Dzintars/Dan-81871.html
50976,Dzintars,Dangerous Lily,2025,https://www.fragrantica.com/perfume/Dzintars/Dangerous-Lily-103761.html
50977,Dzintars,Dark Flowers,2025,https://www.fragrantica.com/perfume/Dzintars/Dark-Flowers-103762.html
50978,Dzintars,Dialogs (Диалог),1980,https://www.fragrantica.com/perfume/Dzintars/Dialogs-Dialog-38935.html
50979,Dzintars,Diana Gurtskaya,2008,https://www.fragrantica.com/perfume/Dzintars/Diana-Gurtskaya-81668.html
50980,Dzintars,Do,1963,https://www.fragrantica.com/perfume/Dzintars/Do-87987.html
50981,Dzintars,Dons Žuans (Дон Жуан),1965,https://www.fragrantica.com/perfume/Dzintars/Dons-Zuans-Don-Zuan-75727.html
50982,Dzintars,Dons Žuans (Дон Жуан) Eau de Cologne,1965,https://www.fragrantica.com/perfume/Dzintars/Dons-Zuans-Don-Zuan-Eau-de-Cologne-75728.html
50983,Dzintars,Dzeja (Поэзия),1959,https://www.fragrantica.com/perfume/Dzintars/Dzeja-Poezia-95849.html
50984,Dzintars,Dzintars,1959,https://www.fragrantica.com/perfume/Dzintars/Dzintars-35440.html
50985,Dzintars,Dzintars 21,1983,https://www.fragrantica.com/perfume/Dzintars/Dzintars-21-35439.html
50986,Dzintars,Dzintars 21 for Men,1980,https://www.fragrantica.com/perfume/Dzintars/Dzintars-21-for-Men-66347.html
50987,Dzintars,Džokonda,1975,https://www.fragrantica.com/perfume/Dzintars/Dzokonda-35293.html
50988,Dzintars,Eau de Lavande,1964,https://www.fragrantica.com/perfume/Dzintars/Eau-de-Lavande-122528.html
50989,Dzintars,Edgars (Эдгар),1985,https://www.fragrantica.com/perfume/Dzintars/Edgars-Edgar-23417.html
50990,Dzintars,Ekipāža (1986),1986,https://www.fragrantica.com/perfume/Dzintars/Ekipaza-1986-83305.html
50991,Dzintars,Ekipāža (The Crew),2010,https://www.fragrantica.com/perfume/Dzintars/Ekipaza-The-Crew-20375.html
50992,Dzintars,Ekspresis,1994,https://www.fragrantica.com/perfume/Dzintars/Ekspresis-88903.html
50993,Dzintars,Elegant Man,2010,https://www.fragrantica.com/perfume/Dzintars/Elegant-Man-12367.html
50994,Dzintars,Elks (Кумир),1978,https://www.fragrantica.com/perfume/Dzintars/Elks-Kumir-82326.html
50995,Dzintars,Es,1965,https://www.fragrantica.com/perfume/Dzintars/Es-81880.html
50996,Dzintars,Eseja (Эссе),1987,https://www.fragrantica.com/perfume/Dzintars/Eseja-Esse-80572.html
50997,Dzintars,Festivāls,1957,https://www.fragrantica.com/perfume/Dzintars/Festivals-92109.html
50998,Dzintars,Figaro,1965,https://www.fragrantica.com/perfume/Dzintars/Figaro-83381.html
50999,Dzintars,Floral Cloud,2011,https://www.fragrantica.com/perfume/Dzintars/Floral-Cloud-20302.html
51000,Dzintars,Floral Scent,2011,https://www.fragrantica.com/perfume/Dzintars/Floral-Scent-20305.html51001,Dzintars,Floral Trail,2011,https://www.fragrantica.com/perfume/Dzintars/Floral-Trail-20304.html
51002,Dzintars,Fregate,2010,https://www.fragrantica.com/perfume/Dzintars/Fregate-41884.html
51003,Dzintars,Fristails (Freestyle),,https://www.fragrantica.com/perfume/Dzintars/Fristails-Freestyle-20379.html
51004,Dzintars,Fruit Wind,2010,https://www.fragrantica.com/perfume/Dzintars/Fruit-Wind-20296.html
51005,Dzintars,Future Code Key,2011,https://www.fragrantica.com/perfume/Dzintars/Future-Code-Key-20486.html
51006,Dzintars,Future Code Secret,2011,https://www.fragrantica.com/perfume/Dzintars/Future-Code-Secret-20485.html
51007,Dzintars,Glamstone Agate,2011,https://www.fragrantica.com/perfume/Dzintars/Glamstone-Agate-20250.html
51008,Dzintars,Glamstone Coral,2011,https://www.fragrantica.com/perfume/Dzintars/Glamstone-Coral-20249.html
51009,Dzintars,Gols (Гол),1965,https://www.fragrantica.com/perfume/Dzintars/Gols-Gol-81374.html
51010,Dzintars,Gurķītis (Огурчик),1964,https://www.fragrantica.com/perfume/Dzintars/Gurkitis-Ogurcik-93342.html
51011,Dzintars,Hallo (Алло),1964,https://www.fragrantica.com/perfume/Dzintars/Hallo-Allo-81516.html
51012,Dzintars,Hit Blue,2003,https://www.fragrantica.com/perfume/Dzintars/Hit-Blue-23694.html
51013,Dzintars,Hit Dark Green,2003,https://www.fragrantica.com/perfume/Dzintars/Hit-Dark-Green-23702.html
51014,Dzintars,Hit Green,2003,https://www.fragrantica.com/perfume/Dzintars/Hit-Green-23696.html
51015,Dzintars,Hit Orange,2003,https://www.fragrantica.com/perfume/Dzintars/Hit-Orange-23698.html
51016,Dzintars,Hit Red,2003,https://www.fragrantica.com/perfume/Dzintars/Hit-Red-23699.html
51017,Dzintars,Hit Violet,2003,https://www.fragrantica.com/perfume/Dzintars/Hit-Violet-23701.html
51018,Dzintars,Hit Yellow,2003,https://www.fragrantica.com/perfume/Dzintars/Hit-Yellow-23700.html
51019,Dzintars,Hockey,2010,https://www.fragrantica.com/perfume/Dzintars/Hockey-83707.html
51020,Dzintars,I Love Dancing,2011,https://www.fragrantica.com/perfume/Dzintars/I-Love-Dancing-20258.html
51021,Dzintars,I Love Delight,2007,https://www.fragrantica.com/perfume/Dzintars/I-Love-Delight-12408.html
51022,Dzintars,I Love Dreaming,2011,https://www.fragrantica.com/perfume/Dzintars/I-Love-Dreaming-20266.html
51023,Dzintars,I Love Ecstasy,2007,https://www.fragrantica.com/perfume/Dzintars/I-Love-Ecstasy-20239.html
51024,Dzintars,I Love Exotic,2007,https://www.fragrantica.com/perfume/Dzintars/I-Love-Exotic-20241.html
51025,Dzintars,I Love Glamour,2011,https://www.fragrantica.com/perfume/Dzintars/I-Love-Glamour-20265.html
51026,Dzintars,I Love Illusion,2007,https://www.fragrantica.com/perfume/Dzintars/I-Love-Illusion-20242.html
51027,Dzintars,I Love Luxury,2011,https://www.fragrantica.com/perfume/Dzintars/I-Love-Luxury-20264.html
51028,Dzintars,I Love Magic,2007,https://www.fragrantica.com/perfume/Dzintars/I-Love-Magic-20244.html
51029,Dzintars,I Love Mambo,2007,https://www.fragrantica.com/perfume/Dzintars/I-Love-Mambo-20247.html
51030,Dzintars,I Love Mystery,2007,https://www.fragrantica.com/perfume/Dzintars/I-Love-Mystery-20243.html
51031,Dzintars,I Love Mystic,2007,https://www.fragrantica.com/perfume/Dzintars/I-Love-Mystic-20245.html
51032,Dzintars,I Love Paradise,2007,https://www.fragrantica.com/perfume/Dzintars/I-Love-Paradise-12407.html
51033,Dzintars,I Love Passion,2007,https://www.fragrantica.com/perfume/Dzintars/I-Love-Passion-20240.html
51034,Dzintars,I Love Pleasure,2011,https://www.fragrantica.com/perfume/Dzintars/I-Love-Pleasure-20260.html
51035,Dzintars,I Love Presents,2011,https://www.fragrantica.com/perfume/Dzintars/I-Love-Presents-20256.html
51036,Dzintars,I Love Rumba,2007,https://www.fragrantica.com/perfume/Dzintars/I-Love-Rumba-20248.html
51037,Dzintars,I Love Singing,2011,https://www.fragrantica.com/perfume/Dzintars/I-Love-Singing-20257.html
51038,Dzintars,I Love Surprise,2011,https://www.fragrantica.com/perfume/Dzintars/I-Love-Surprise-20259.html
51039,Dzintars,I Love Tango,2007,https://www.fragrantica.com/perfume/Dzintars/I-Love-Tango-12406.html
51040,Dzintars,Ilgota,1960,https://www.fragrantica.com/perfume/Dzintars/Ilgota-81406.html
51041,Dzintars,Ilūzija (Иллюзия),1994,https://www.fragrantica.com/perfume/Dzintars/Iluzija-Illuzia-82676.html
51042,Dzintars,Ilūzija (Illusion),2010,https://www.fragrantica.com/perfume/Dzintars/Iluzija-Illusion-20220.html
51043,Dzintars,Intriga,1988,https://www.fragrantica.com/perfume/Dzintars/Intriga-81777.html
51044,Dzintars,Intriga No1,1988,https://www.fragrantica.com/perfume/Dzintars/Intriga-No1-23692.html
51045,Dzintars,Intriga No2,1994,https://www.fragrantica.com/perfume/Dzintars/Intriga-No2-23693.html
51046,Dzintars,Jasmīns (Жасмин),1949,https://www.fragrantica.com/perfume/Dzintars/Jasmins-Zasmin-82327.html
51047,Dzintars,Jolanta (Иоланта),1965,https://www.fragrantica.com/perfume/Dzintars/Jolanta-Iolanta-69232.html
51048,Dzintars,Jums (Для вас),1981,https://www.fragrantica.com/perfume/Dzintars/Jums-Dla-vas-80199.html
51049,Dzintars,Jurmala 1,1983,https://www.fragrantica.com/perfume/Dzintars/Jurmala-1-38930.html
51050,Dzintars,Jurmala 2,1983,https://www.fragrantica.com/perfume/Dzintars/Jurmala-2-38931.html
51051,Dzintars,Jurmala 3,1983,https://www.fragrantica.com/perfume/Dzintars/Jurmala-3-38933.html
51052,Dzintars,Jūrmala 5,1992,https://www.fragrantica.com/perfume/Dzintars/Jurmala-5-81656.html
51053,Dzintars,Jurmala 92,1992,https://www.fragrantica.com/perfume/Dzintars/Jurmala-92-80374.html
51054,Dzintars,Kameja (Камея),1972,https://www.fragrantica.com/perfume/Dzintars/Kameja-Kamea-83007.html
51055,Dzintars,Kanons,1987,https://www.fragrantica.com/perfume/Dzintars/Kanons-39572.html
51056,Dzintars,Kaprīze (Каприз),1994,https://www.fragrantica.com/perfume/Dzintars/Kaprize-Kapriz-91859.html
51057,Dzintars,Kaprīze (Caprice),2010,https://www.fragrantica.com/perfume/Dzintars/Kaprize-Caprice-20254.html
51058,Dzintars,Karate,2010,https://www.fragrantica.com/perfume/Dzintars/Karate-40602.html
51059,Dzintars,Karats (Карат) одеколон,1974,https://www.fragrantica.com/perfume/Dzintars/Karats-Karat-odekolon-88720.html
51060,Dzintars,Kemeri,1958,https://www.fragrantica.com/perfume/Dzintars/Kemeri-39104.html
51061,Dzintars,Koķete (Кокетка),1978,https://www.fragrantica.com/perfume/Dzintars/Kokete-Koketka-35301.html
51062,Dzintars,Koķete 1,2001,https://www.fragrantica.com/perfume/Dzintars/Kokete-1-20234.html
51063,Dzintars,Koķete 2,2001,https://www.fragrantica.com/perfume/Dzintars/Kokete-2-20235.html
51064,Dzintars,Koķete 3,2003,https://www.fragrantica.com/perfume/Dzintars/Kokete-3-20236.html
51065,Dzintars,Koķete 4,2003,https://www.fragrantica.com/perfume/Dzintars/Kokete-4-20237.html
51066,Dzintars,Koķete 5,2007,https://www.fragrantica.com/perfume/Dzintars/Kokete-5-20238.html
51067,Dzintars,Komandors (Командор),1980,https://www.fragrantica.com/perfume/Dzintars/Komandors-Komandor-82432.html
51068,Dzintars,Komandors 2,2010,https://www.fragrantica.com/perfume/Dzintars/Komandors-2-20443.html
51069,Dzintars,Komandors 5,2010,https://www.fragrantica.com/perfume/Dzintars/Komandors-5-12371.html
51070,Dzintars,Komandors 7,2010,https://www.fragrantica.com/perfume/Dzintars/Komandors-7-12372.html
51071,Dzintars,Komandors 9,2010,https://www.fragrantica.com/perfume/Dzintars/Komandors-9-20481.html
51072,Dzintars,Komandors (Knight Commander),2010,https://www.fragrantica.com/perfume/Dzintars/Komandors-Knight-Commander-20442.html
51073,Dzintars,Kompliments,,https://www.fragrantica.com/perfume/Dzintars/Kompliments-81284.html
51074,Dzintars,Kompliments 1,1978,https://www.fragrantica.com/perfume/Dzintars/Kompliments-1-82523.html
51075,Dzintars,Kompliments 2,1978,https://www.fragrantica.com/perfume/Dzintars/Kompliments-2-81941.html
51076,Dzintars,Kompromiss,1985,https://www.fragrantica.com/perfume/Dzintars/Kompromiss-80508.html
51077,Dzintars,Konsuello (Консуэло),1966,https://www.fragrantica.com/perfume/Dzintars/Konsuello-Konsuelo-62923.html
51078,Dzintars,Kontakts,1983,https://www.fragrantica.com/perfume/Dzintars/Kontakts-34833.html
51079,Dzintars,Korts (Корт),1988,https://www.fragrantica.com/perfume/Dzintars/Korts-Kort-81375.html
51080,Dzintars,Korvete,2010,https://www.fragrantica.com/perfume/Dzintars/Korvete-20484.html
51081,Dzintars,Kredo (Кредо),1981,https://www.fragrantica.com/perfume/Dzintars/Kredo-Kredo-23418.html
51082,Dzintars,Kristine (Кристина),1983,https://www.fragrantica.com/perfume/Dzintars/Kristine-Kristina-35302.html
51083,Dzintars,Kristine 1,2001,https://www.fragrantica.com/perfume/Dzintars/Kristine-1-12411.html
51084,Dzintars,Kristine 2,2004,https://www.fragrantica.com/perfume/Dzintars/Kristine-2-12412.html
51085,Dzintars,Kristine 3,2004,https://www.fragrantica.com/perfume/Dzintars/Kristine-3-12413.html
51086,Dzintars,Kristine 4,2007,https://www.fragrantica.com/perfume/Dzintars/Kristine-4-12414.html
51087,Dzintars,Labrīt 1,1992,https://www.fragrantica.com/perfume/Dzintars/Labrit-1-82531.html
51088,Dzintars,Lady Dream Beautiful,2011,https://www.fragrantica.com/perfume/Dzintars/Lady-Dream-Beautiful-20365.html
51089,Dzintars,Lady Dream Chic,2011,https://www.fragrantica.com/perfume/Dzintars/Lady-Dream-Chic-20367.html
51090,Dzintars,Lady Dream Comely,2011,https://www.fragrantica.com/perfume/Dzintars/Lady-Dream-Comely-20369.html
51091,Dzintars,Lady Dream Elegant,2011,https://www.fragrantica.com/perfume/Dzintars/Lady-Dream-Elegant-20366.html
51092,Dzintars,Lady Dream Ethereal,2011,https://www.fragrantica.com/perfume/Dzintars/Lady-Dream-Ethereal-20368.html
51093,Dzintars,Lady Dream Felicity,2011,https://www.fragrantica.com/perfume/Dzintars/Lady-Dream-Felicity-20370.html
51094,Dzintars,Laiks,1992,https://www.fragrantica.com/perfume/Dzintars/Laiks-83148.html
51095,Dzintars,Laima,1958,https://www.fragrantica.com/perfume/Dzintars/Laima-42291.html
51096,Dzintars,Latvija (Latvia),1958,https://www.fragrantica.com/perfume/Dzintars/Latvija-Latvia-62925.html
51097,Dzintars,Ļaudis (Люди),1965,https://www.fragrantica.com/perfume/Dzintars/Laudis-Ludi-60548.html
51098,Dzintars,Lauma,1975,https://www.fragrantica.com/perfume/Dzintars/Lauma-83888.html
51099,Dzintars,Lavanda Ekstra,1961,https://www.fragrantica.com/perfume/Dzintars/Lavanda-Ekstra-83123.html
51100,Dzintars,Lelde,1959,https://www.fragrantica.com/perfume/Dzintars/Lelde-39106.html
51101,Dzintars,Lelde New,2000,https://www.fragrantica.com/perfume/Dzintars/Lelde-New-112971.html
51102,Dzintars,Liāna,1962,https://www.fragrantica.com/perfume/Dzintars/Liana-82407.html
51103,Dzintars,Liepzieds (Липовый цвет),1964,https://www.fragrantica.com/perfume/Dzintars/Liepzieds-Lipovyj-cvet-88193.html
51104,Dzintars,Liepzieds (Липовый цвет),1971,https://www.fragrantica.com/perfume/Dzintars/Liepzieds-Lipovyj-cvet-83886.html
51105,Dzintars,Līgo,1988,https://www.fragrantica.com/perfume/Dzintars/Ligo-92337.html
51106,Dzintars,Ligo (1950),1950,https://www.fragrantica.com/perfume/Dzintars/Ligo-1950-90161.html
51107,Dzintars,Ligo (1961),1961,https://www.fragrantica.com/perfume/Dzintars/Ligo-1961-90162.html
51108,Dzintars,Līgo (Ligo),2000,https://www.fragrantica.com/perfume/Dzintars/Ligo-Ligo-20376.html
51109,Dzintars,Līgo Svētku (Ligo Holiday),2010,https://www.fragrantica.com/perfume/Dzintars/Ligo-Svetku-Ligo-Holiday-20377.html
51110,Dzintars,"Lilac of Riga (Рижская Сирень, 2021)",2021,https://www.fragrantica.com/perfume/Dzintars/Lilac-of-Riga-Rizskaa-Siren-2021-70902.html
51111,Dzintars,"Lilac of Riga (Рижская Сирень, 2022)",2022,https://www.fragrantica.com/perfume/Dzintars/Lilac-of-Riga-Rizskaa-Siren-2022-76485.html
51112,Dzintars,Lime Blossom,2025,https://www.fragrantica.com/perfume/Dzintars/Lime-Blossom-103763.html
51113,Dzintars,Līnija vīriešiem (Линия для мужчин),1991,https://www.fragrantica.com/perfume/Dzintars/Linija-viriesiem-Linia-dla-muzcin-83012.html
51114,Dzintars,Love Flame,,https://www.fragrantica.com/perfume/Dzintars/Love-Flame-25643.html
51115,Dzintars,Lucky Charm,2007,https://www.fragrantica.com/perfume/Dzintars/Lucky-Charm-20291.html
51116,Dzintars,Lucky Fantasy,2007,https://www.fragrantica.com/perfume/Dzintars/Lucky-Fantasy-20290.html
51117,Dzintars,Lucky Idea,2007,https://www.fragrantica.com/perfume/Dzintars/Lucky-Idea-20293.html
51118,Dzintars,Lucky Morning,2007,https://www.fragrantica.com/perfume/Dzintars/Lucky-Morning-35305.html
51119,Dzintars,Lucky Night,2007,https://www.fragrantica.com/perfume/Dzintars/Lucky-Night-81690.html
51120,Dzintars,Lucky Number 10,2004,https://www.fragrantica.com/perfume/Dzintars/Lucky-Number-10-20460.html
51121,Dzintars,Lucky Number 12,2004,https://www.fragrantica.com/perfume/Dzintars/Lucky-Number-12-20289.html
51122,Dzintars,Lucky Number 14,2004,https://www.fragrantica.com/perfume/Dzintars/Lucky-Number-14-20463.html
51123,Dzintars,Lucky Number 15,2004,https://www.fragrantica.com/perfume/Dzintars/Lucky-Number-15-20465.html
51124,Dzintars,Lucky Number 3,2004,https://www.fragrantica.com/perfume/Dzintars/Lucky-Number-3-20446.html
51125,Dzintars,Lucky Number 5,2004,https://www.fragrantica.com/perfume/Dzintars/Lucky-Number-5-92110.html
51126,Dzintars,Lucky Number 7,2004,https://www.fragrantica.com/perfume/Dzintars/Lucky-Number-7-20286.html
51127,Dzintars,Lucky Number 9,2004,https://www.fragrantica.com/perfume/Dzintars/Lucky-Number-9-92111.html
51128,Dzintars,Lucky Season,2007,https://www.fragrantica.com/perfume/Dzintars/Lucky-Season-81691.html
51129,Dzintars,Lucky Shot,2007,https://www.fragrantica.com/perfume/Dzintars/Lucky-Shot-20292.html
51130,Dzintars,Lucky Time,2007,https://www.fragrantica.com/perfume/Dzintars/Lucky-Time-20294.html
51131,Dzintars,Madrigals (Мадригал),1972,https://www.fragrantica.com/perfume/Dzintars/Madrigals-Madrigal-69222.html
51132,Dzintars,Maestro,1985,https://www.fragrantica.com/perfume/Dzintars/Maestro-38486.html
51133,Dzintars,Maijpuķīte (Майский ландыш),1957,https://www.fragrantica.com/perfume/Dzintars/Maijpukite-Majskij-landys-85043.html
51134,Dzintars,Mana dzimtene (Моя Родина),1965,https://www.fragrantica.com/perfume/Dzintars/Mana-dzimtene-Moa-Rodina-62926.html
51135,Dzintars,Māra,1972,https://www.fragrantica.com/perfume/Dzintars/Mara-85350.html
51136,Dzintars,Maratons (Marathon),,https://www.fragrantica.com/perfume/Dzintars/Maratons-Marathon-20378.html
51137,Dzintars,Margarita,1976,https://www.fragrantica.com/perfume/Dzintars/Margarita-75730.html
51138,Dzintars,Matcha Zen,2025,https://www.fragrantica.com/perfume/Dzintars/Matcha-Zen-103764.html
51139,Dzintars,Mazurka,1975,https://www.fragrantica.com/perfume/Dzintars/Mazurka-88669.html
51140,Dzintars,Medaljons (Кулон),1964,https://www.fragrantica.com/perfume/Dzintars/Medaljons-Kulon-80706.html
51141,Dzintars,Medus ūdens (Медовая вода),1969,https://www.fragrantica.com/perfume/Dzintars/Medus-udens-Medovaa-voda-83708.html
51142,Dzintars,Melnā Narcise (Чёрный Нарцисс),1969,https://www.fragrantica.com/perfume/Dzintars/Melna-Narcise-Cernyj-Narciss-81421.html
51143,Dzintars,Mēnesnīcas sonāte - Лунная соната,1970,https://www.fragrantica.com/perfume/Dzintars/Menesnicas-sonate-Lunnaa-sonata-83382.html
51144,Dzintars,Menuets (Менуэт),1965,https://www.fragrantica.com/perfume/Dzintars/Menuets-Menuet-81535.html
51145,Dzintars,Meža Vējš (Лесной ветер),1980,https://www.fragrantica.com/perfume/Dzintars/Meza-Vejs-Lesnoj-veter-42031.html
51146,Dzintars,Mežrozīte (Шиповник),1971,https://www.fragrantica.com/perfume/Dzintars/Mezrozite-Sipovnik-81801.html
51147,Dzintars,Mi,1963,https://www.fragrantica.com/perfume/Dzintars/Mi-85042.html
51148,Dzintars,Mīļā (Милая),1980,https://www.fragrantica.com/perfume/Dzintars/Mila-Milaa-87884.html
51149,Dzintars,Mīla un viltus (Коварство и любовь),1966,https://www.fragrantica.com/perfume/Dzintars/Mila-un-viltus-Kovarstvo-i-lubov-69179.html
51150,Dzintars,Milas Pavasaris,2000,https://www.fragrantica.com/perfume/Dzintars/Milas-Pavasaris-81310.html
51151,Dzintars,Milas Vitamini No. 1 (Витамины любви No. 1),2000,https://www.fragrantica.com/perfume/Dzintars/Milas-Vitamini-No-1-Vitaminy-lubvi-No-1-42933.html
51152,Dzintars,Milas Vitamini No. 2 (Витамины любви No. 2),,https://www.fragrantica.com/perfume/Dzintars/Milas-Vitamini-No-2-Vitaminy-lubvi-No-2-42932.html
51153,Dzintars,Mirāža,1992,https://www.fragrantica.com/perfume/Dzintars/Miraza-33454.html
51154,Dzintars,Miss 1,2001,https://www.fragrantica.com/perfume/Dzintars/Miss-1-20230.html
51155,Dzintars,Miss 2,2001,https://www.fragrantica.com/perfume/Dzintars/Miss-2-20231.html
51156,Dzintars,Miss 3,2004,https://www.fragrantica.com/perfume/Dzintars/Miss-3-20232.html
51157,Dzintars,Miss 4,2004,https://www.fragrantica.com/perfume/Dzintars/Miss-4-20233.html
51158,Dzintars,Miss 5,2007,https://www.fragrantica.com/perfume/Dzintars/Miss-5-20295.html
51159,Dzintars,Misters,,https://www.fragrantica.com/perfume/Dzintars/Misters-20472.html
51160,Dzintars,Mistika (Мистика),1987,https://www.fragrantica.com/perfume/Dzintars/Mistika-Mistika-82135.html
51161,Dzintars,Mistika (Mystic),2000,https://www.fragrantica.com/perfume/Dzintars/Mistika-Mystic-20219.html
51162,Dzintars,Mits (Миф),1980,https://www.fragrantica.com/perfume/Dzintars/Mits-Mif-41139.html
51163,Dzintars,Mīts 1 (Myth 1),2010,https://www.fragrantica.com/perfume/Dzintars/Mits-1-Myth-1-20468.html
51164,Dzintars,Mīts 2 (Myth 2),2010,https://www.fragrantica.com/perfume/Dzintars/Mits-2-Myth-2-20469.html
51165,Dzintars,Mīts 3 (Myth 3),2010,https://www.fragrantica.com/perfume/Dzintars/Mits-3-Myth-3-20470.html
51166,Dzintars,Mīts 4 (Myth 4),2010,https://www.fragrantica.com/perfume/Dzintars/Mits-4-Myth-4-20471.html
51167,Dzintars,Modo,1960,https://www.fragrantica.com/perfume/Dzintars/Modo-81667.html
51168,Dzintars,My Charm Elegant,2019,https://www.fragrantica.com/perfume/Dzintars/My-Charm-Elegant-54331.html
51169,Dzintars,My Charm Grace,2019,https://www.fragrantica.com/perfume/Dzintars/My-Charm-Grace-54332.html
51170,Dzintars,My Charm Special,2019,https://www.fragrantica.com/perfume/Dzintars/My-Charm-Special-54333.html
51171,Dzintars,My Version Actual 301,2014,https://www.fragrantica.com/perfume/Dzintars/My-Version-Actual-301-34985.html
51172,Dzintars,My Version Actual 302,2014,https://www.fragrantica.com/perfume/Dzintars/My-Version-Actual-302-83086.html
51173,Dzintars,My Version Actual 905,2014,https://www.fragrantica.com/perfume/Dzintars/My-Version-Actual-905-34979.html
51174,Dzintars,My Version Modern 201,2014,https://www.fragrantica.com/perfume/Dzintars/My-Version-Modern-201-34982.html
51175,Dzintars,My Version Modern 202,2014,https://www.fragrantica.com/perfume/Dzintars/My-Version-Modern-202-34983.html
51176,Dzintars,My Version Modern 203,2014,https://www.fragrantica.com/perfume/Dzintars/My-Version-Modern-203-34984.html
51177,Dzintars,My Version Modern 204,2014,https://www.fragrantica.com/perfume/Dzintars/My-Version-Modern-204-83087.html
51178,Dzintars,My Version Modern 205,2014,https://www.fragrantica.com/perfume/Dzintars/My-Version-Modern-205-83088.html
51179,Dzintars,My Version Modern 701,2014,https://www.fragrantica.com/perfume/Dzintars/My-Version-Modern-701-34975.html
51180,Dzintars,My Version Modern 702,2014,https://www.fragrantica.com/perfume/Dzintars/My-Version-Modern-702-34976.html
51181,Dzintars,My Version Modern 703,2014,https://www.fragrantica.com/perfume/Dzintars/My-Version-Modern-703-34977.html
51182,Dzintars,My Version Modern 705,2014,https://www.fragrantica.com/perfume/Dzintars/My-Version-Modern-705-34978.html
51183,Dzintars,My Version Retro 101,2014,https://www.fragrantica.com/perfume/Dzintars/My-Version-Retro-101-34980.html
51184,Dzintars,My Version Retro 102,2014,https://www.fragrantica.com/perfume/Dzintars/My-Version-Retro-102-34981.html
51185,Dzintars,My Version Retro 505,2014,https://www.fragrantica.com/perfume/Dzintars/My-Version-Retro-505-34974.html
51186,Dzintars,Neaizmirsti (Не Забывай),1961,https://www.fragrantica.com/perfume/Dzintars/Neaizmirsti-Ne-Zabyvaj-80631.html
51187,Dzintars,Neļķe (Гвоздика),1949,https://www.fragrantica.com/perfume/Dzintars/Nelke-Gvozdika-82125.html
51188,Dzintars,Novakare - Сумерки,1972,https://www.fragrantica.com/perfume/Dzintars/Novakare-Sumerki-83747.html
51189,Dzintars,Odeta (Одетта),1976,https://www.fragrantica.com/perfume/Dzintars/Odeta-Odetta-59833.html
51190,Dzintars,Oktobra jubileja (Юбилей Октября),1957,https://www.fragrantica.com/perfume/Dzintars/Oktobra-jubileja-Ubilej-Oktabra-81836.html
51191,Dzintars,Olimps (Олимп),1977,https://www.fragrantica.com/perfume/Dzintars/Olimps-Olimp-83147.html
51192,Dzintars,One Wish,2012,https://www.fragrantica.com/perfume/Dzintars/One-Wish-20262.html
51193,Dzintars,Opera,2012,https://www.fragrantica.com/perfume/Dzintars/Opera-20263.html
51194,Dzintars,Opera Classic,2013,https://www.fragrantica.com/perfume/Dzintars/Opera-Classic-22733.html
51195,Dzintars,Opera Night,2013,https://www.fragrantica.com/perfume/Dzintars/Opera-Night-22734.html
51196,Dzintars,Opera Rock,2019,https://www.fragrantica.com/perfume/Dzintars/Opera-Rock-80401.html
51197,Dzintars,Orients,1990,https://www.fragrantica.com/perfume/Dzintars/Orients-86851.html
51198,Dzintars,Paradize,2000,https://www.fragrantica.com/perfume/Dzintars/Paradize-82479.html
51199,Dzintars,Pārsteigums (Cюрприз),1961,https://www.fragrantica.com/perfume/Dzintars/Parsteigums-Curpriz-87230.html
51200,Dzintars,Pavasara strauti (Весенние ручьи),1967,https://www.fragrantica.com/perfume/Dzintars/Pavasara-strauti-Vesennie-ruc-i-88351.html
51201,Dzintars,Pavasaris (Весна),1959,https://www.fragrantica.com/perfume/Dzintars/Pavasaris-Vesna-36070.html
51202,Dzintars,Pikolo,1971,https://www.fragrantica.com/perfume/Dzintars/Pikolo-39597.html
51203,Dzintars,Pirmais valsis (Первый вальс),1971,https://www.fragrantica.com/perfume/Dzintars/Pirmais-valsis-Pervyj-val-s-82927.html
51204,Dzintars,Prelūdija,,https://www.fragrantica.com/perfume/Dzintars/Preludija-90844.html
51205,Dzintars,Prestizs,1982,https://www.fragrantica.com/perfume/Dzintars/Prestizs-42320.html
51206,Dzintars,Prieks,1995,https://www.fragrantica.com/perfume/Dzintars/Prieks-37554.html
51207,Dzintars,Prometejs (Прометей),1971,https://www.fragrantica.com/perfume/Dzintars/Prometejs-Prometej-81751.html
51208,Dzintars,Puķu zirnītis (Душистый горошек),1959,https://www.fragrantica.com/perfume/Dzintars/Puku-zirnitis-Dusistyj-gorosek-61276.html
51209,Dzintars,Put Vejini,1993,https://www.fragrantica.com/perfume/Dzintars/Put-Vejini-34903.html
51210,Dzintars,АRТ Ekspresija (ART Expression),2003,https://www.fragrantica.com/perfume/Dzintars/ART-Ekspresija-ART-Expression-20223.html
51211,Dzintars,АRТ Elegance ( ART Elegance),2003,https://www.fragrantica.com/perfume/Dzintars/ART-Elegance-ART-Elegance-20226.html
51212,Dzintars,АRТ Elēģija (ART Elegy),2003,https://www.fragrantica.com/perfume/Dzintars/ART-Elegija-ART-Elegy-20222.html
51213,Dzintars,АRТ Grācija (ART Grace),2003,https://www.fragrantica.com/perfume/Dzintars/ART-Gracija-ART-Grace-20224.html
51214,Dzintars,АRТ Ideāls (ART Ideal),2003,https://www.fragrantica.com/perfume/Dzintars/ART-Ideals-ART-Ideal-20227.html
51215,Dzintars,АRТ Stils (ART Style),2003,https://www.fragrantica.com/perfume/Dzintars/ART-Stils-ART-Style-20225.html
51216,Dzintars,Rallijs (Rally),,https://www.fragrantica.com/perfume/Dzintars/Rallijs-Rally-20373.html
51217,Dzintars,Rapsodija,1959,https://www.fragrantica.com/perfume/Dzintars/Rapsodija-39599.html
51218,Dzintars,Rapsodija (new),1990,https://www.fragrantica.com/perfume/Dzintars/Rapsodija-new-122524.html
51219,Dzintars,Raunds,1987,https://www.fragrantica.com/perfume/Dzintars/Raunds-85349.html
51220,Dzintars,Re,1963,https://www.fragrantica.com/perfume/Dzintars/Re-88098.html
51221,Dzintars,Regbijs (Rugby),,https://www.fragrantica.com/perfume/Dzintars/Regbijs-Rugby-20374.html
51222,Dzintars,Retro,1980,https://www.fragrantica.com/perfume/Dzintars/Retro-86834.html
51223,Dzintars,Reveranss (Реверанс),1980,https://www.fragrantica.com/perfume/Dzintars/Reveranss-Reverans-20252.html
51224,Dzintars,Reveranss (2011),2011,https://www.fragrantica.com/perfume/Dzintars/Reveranss-2011-81309.html
51225,Dzintars,Ri,1965,https://www.fragrantica.com/perfume/Dzintars/Ri-81872.html
51226,Dzintars,Rīdziniece (Рижанка),1965,https://www.fragrantica.com/perfume/Dzintars/Ridziniece-Rizanka-41059.html
51227,Dzintars,Rīdzinieces noslēpums (Тайна Рижанки),1987,https://www.fragrantica.com/perfume/Dzintars/Ridzinieces-noslepums-Tajna-Rizanki-12405.html
51228,Dzintars,Rīdzinieks (Рижанин),1965,https://www.fragrantica.com/perfume/Dzintars/Ridzinieks-Rizanin-41140.html
51229,Dzintars,Riga,1950,https://www.fragrantica.com/perfume/Dzintars/Riga-82611.html
51230,Dzintars,Riga,1958,https://www.fragrantica.com/perfume/Dzintars/Riga-82612.html
51231,Dzintars,Rīga,1973,https://www.fragrantica.com/perfume/Dzintars/Riga-82532.html
51232,Dzintars,Rīgas cēriņi (Рижская сирень),1952,https://www.fragrantica.com/perfume/Dzintars/Rigas-cerini-Rizskaa-siren-83010.html
51233,Dzintars,"Rigas Cerini (Рижская Сирень, 2000)",2000,https://www.fragrantica.com/perfume/Dzintars/Rigas-Cerini-Rizskaa-Siren-2000-12404.html
51234,Dzintars,Rīgas Jūrmala (Рижское Взморье),1958,https://www.fragrantica.com/perfume/Dzintars/Rigas-Jurmala-Rizskoe-Vzmor-e-82061.html
51235,Dzintars,Rīgas modeļu nams (Рижский Дом Моделей),,https://www.fragrantica.com/perfume/Dzintars/Rigas-modelu-nams-Rizskij-Dom-Modelej-80680.html
51236,Dzintars,Rīgas suvenīrs - Рижский сувенир,1963,https://www.fragrantica.com/perfume/Dzintars/Rigas-suvenirs-Rizskij-suvenir-82925.html
51237,Dzintars,Rigonda,1965,https://www.fragrantica.com/perfume/Dzintars/Rigonda-80598.html
51238,Dzintars,Rīta rasa (Утренняя роса),1961,https://www.fragrantica.com/perfume/Dzintars/Rita-rasa-Utrennaa-rosa-94032.html
51239,Dzintars,Rīts 1,1992,https://www.fragrantica.com/perfume/Dzintars/Rits-1-88165.html
51240,Dzintars,Rudenīgais mežs (Осенний лес) Одеколон,1956,https://www.fragrantica.com/perfume/Dzintars/Rudenigais-mezs-Osennij-les-Odekolon-90359.html
51241,Dzintars,Rudenīgais mežs parfum (Осенний лес) духи,1956,https://www.fragrantica.com/perfume/Dzintars/Rudenigais-mezs-parfum-Osennij-les-dukhi-90360.html
51242,Dzintars,Rudens (Осень),1960,https://www.fragrantica.com/perfume/Dzintars/Rudens-Osen-35438.html
51243,Dzintars,Sakta,1950,https://www.fragrantica.com/perfume/Dzintars/Sakta-82572.html
51244,Dzintars,Saodat (Саодат),1994,https://www.fragrantica.com/perfume/Dzintars/Saodat-Saodat-81474.html
51245,Dzintars,Šarms (Шарм),1972,https://www.fragrantica.com/perfume/Dzintars/Sarms-Sarm-62927.html
51246,Dzintars,Šarms Cologne (Eau de Cologne),1972,https://www.fragrantica.com/perfume/Dzintars/Sarms-Cologne-83969.html
51247,Dzintars,Saules Stars,1952,https://www.fragrantica.com/perfume/Dzintars/Saules-Stars-81800.html
51248,Dzintars,Sejas ūdens,1956,https://www.fragrantica.com/perfume/Dzintars/Sejas-udens-87988.html
51249,Dzintars,Sērfings (Surfing),1999,https://www.fragrantica.com/perfume/Dzintars/Serfings-Surfing-20445.html
51250,Dzintars,Sets,1989,https://www.fragrantica.com/perfume/Dzintars/Sets-83548.html
51251,Dzintars,Sigulda,1958,https://www.fragrantica.com/perfume/Dzintars/Sigulda-82060.html
51252,Dzintars,Siluets (Силуэт),1964,https://www.fragrantica.com/perfume/Dzintars/Siluets-Siluet-81503.html
51253,Dzintars,Серебристая стрела (Silver Arrow),1966,https://www.fragrantica.com/perfume/Dzintars/Serebristaa-strela-Silver-Arrow-65570.html
51254,Dzintars,Simfonija,,https://www.fragrantica.com/perfume/Dzintars/Simfonija-20251.html
51255,Dzintars,Simpātija (Sympathy),2000,https://www.fragrantica.com/perfume/Dzintars/Simpatija-Sympathy-20221.html
51256,Dzintars,Šiprs (Шипр),1949,https://www.fragrantica.com/perfume/Dzintars/Siprs-Sipr-82926.html
51257,Dzintars,Sirocco,1994,https://www.fragrantica.com/perfume/Dzintars/Sirocco-37842.html
51258,Dzintars,Solo,1979,https://www.fragrantica.com/perfume/Dzintars/Solo-82124.html
51259,Dzintars,Solo (1998),1998,https://www.fragrantica.com/perfume/Dzintars/Solo-1998-22735.html
51260,Dzintars,Solo Cologne (Eau de Cologne),1985,https://www.fragrantica.com/perfume/Dzintars/Solo-Cologne-83660.html
51261,Dzintars,Sonata 1,2010,https://www.fragrantica.com/perfume/Dzintars/Sonata-1-42321.html
51262,Dzintars,Sonata 2,,https://www.fragrantica.com/perfume/Dzintars/Sonata-2-38488.html
51263,Dzintars,Sonate (Соната),1971,https://www.fragrantica.com/perfume/Dzintars/Sonate-Sonata-81389.html
51264,Dzintars,Sonāte New,1990,https://www.fragrantica.com/perfume/Dzintars/Sonate-New-86897.html
51265,Dzintars,Souvenir 1,2018,https://www.fragrantica.com/perfume/Dzintars/Souvenir-1-54708.html
51266,Dzintars,Souvenir 2,2018,https://www.fragrantica.com/perfume/Dzintars/Souvenir-2-54709.html
51267,Dzintars,Souvenir 3,2018,https://www.fragrantica.com/perfume/Dzintars/Souvenir-3-54710.html
51268,Dzintars,Souvenir Green,2011,https://www.fragrantica.com/perfume/Dzintars/Souvenir-Green-20299.html
51269,Dzintars,Souvenir Orange,2011,https://www.fragrantica.com/perfume/Dzintars/Souvenir-Orange-20300.html
51270,Dzintars,Souvenir Purple,2011,https://www.fragrantica.com/perfume/Dzintars/Souvenir-Purple-20301.html
51271,Dzintars,Spīdola,1950,https://www.fragrantica.com/perfume/Dzintars/Spidola-82759.html
51272,Dzintars,Sport Game,2010,https://www.fragrantica.com/perfume/Dzintars/Sport-Game-20478.html
51273,Dzintars,Sport Goal,2010,https://www.fragrantica.com/perfume/Dzintars/Sport-Goal-20480.html
51274,Dzintars,Sport Record,2010,https://www.fragrantica.com/perfume/Dzintars/Sport-Record-20479.html
51275,Dzintars,Spring Wind,2010,https://www.fragrantica.com/perfume/Dzintars/Spring-Wind-20298.html
51276,Dzintars,Staburadze,1970,https://www.fragrantica.com/perfume/Dzintars/Staburadze-83407.html
51277,Dzintars,Starts 1,1992,https://www.fragrantica.com/perfume/Dzintars/Starts-1-91857.html
51278,Dzintars,Strategis,,https://www.fragrantica.com/perfume/Dzintars/Strategis-12370.html
51279,Dzintars,Stratēģis Red,,https://www.fragrantica.com/perfume/Dzintars/Strategis-Red-20473.html
51280,Dzintars,Strong Man,2010,https://www.fragrantica.com/perfume/Dzintars/Strong-Man-12368.html
51281,Dzintars,Stylish Man,2010,https://www.fragrantica.com/perfume/Dzintars/Stylish-Man-12369.html
51282,Dzintars,Sudrabotais Ledus,,https://www.fragrantica.com/perfume/Dzintars/Sudrabotais-Ledus-20474.html
51283,Dzintars,Sudrabotais Ledus Blue,2010,https://www.fragrantica.com/perfume/Dzintars/Sudrabotais-Ledus-Blue-42288.html
51284,Dzintars,Svaigais Vejs,1992,https://www.fragrantica.com/perfume/Dzintars/Svaigais-Vejs-37552.html
51285,Dzintars,Sveiciens (Привет),1958,https://www.fragrantica.com/perfume/Dzintars/Sveiciens-Privet-81680.html
51286,Dzintars,Taifuns,1980,https://www.fragrantica.com/perfume/Dzintars/Taifuns-42410.html
51287,Dzintars,Taiga,1948,https://www.fragrantica.com/perfume/Dzintars/Taiga-80470.html
51288,Dzintars,Taims (Тайм),1987,https://www.fragrantica.com/perfume/Dzintars/Taims-Tajm-83619.html
51289,Dzintars,Tangolita,1945,https://www.fragrantica.com/perfume/Dzintars/Tangolita-89682.html
51290,Dzintars,Teika,1955,https://www.fragrantica.com/perfume/Dzintars/Teika-82905.html
51291,Dzintars,Temps,1994,https://www.fragrantica.com/perfume/Dzintars/Temps-88719.html
51292,Dzintars,Teniss (Теnnis),,https://www.fragrantica.com/perfume/Dzintars/Teniss-Tennis-20441.html
51293,Dzintars,Tev - Тебе,1960,https://www.fragrantica.com/perfume/Dzintars/Tev-Tebe-89635.html
51294,Dzintars,Titāniks,2000,https://www.fragrantica.com/perfume/Dzintars/Titaniks-20475.html
51295,Dzintars,Titāniks Gold,2007,https://www.fragrantica.com/perfume/Dzintars/Titaniks-Gold-20476.html
51296,Dzintars,Titāniks Silver,2007,https://www.fragrantica.com/perfume/Dzintars/Titaniks-Silver-20477.html
51297,Dzintars,Trīskārtīgais odekolons (Тройной одеколон),1949,https://www.fragrantica.com/perfume/Dzintars/Triskartigais-odekolons-Trojnoj-odekolon-82136.html
51298,Dzintars,Tropical Wind,2010,https://www.fragrantica.com/perfume/Dzintars/Tropical-Wind-20297.html
51299,Dzintars,Tu,1965,https://www.fragrantica.com/perfume/Dzintars/Tu-81879.html
51300,Dzintars,Turaidas Roze (Турайдская Роза),1970,https://www.fragrantica.com/perfume/Dzintars/Turaidas-Roze-Turajdskaa-Roza-81130.html
51301,Dzintars,Vakars (Вечер),1960,https://www.fragrantica.com/perfume/Dzintars/Vakars-Vecer-88622.html
51302,Dzintars,Varbūt (Может быть),1964,https://www.fragrantica.com/perfume/Dzintars/Varbut-Mozet-byt-90163.html
51303,Dzintars,Vasara (Лето),1967,https://www.fragrantica.com/perfume/Dzintars/Vasara-Leto-67676.html
51304,Dzintars,Vecrīga (Старая Рига),1967,https://www.fragrantica.com/perfume/Dzintars/Vecriga-Staraa-Riga-81731.html
51305,Dzintars,Veiksme (Удача),1985,https://www.fragrantica.com/perfume/Dzintars/Veiksme-Udaca-80518.html
51306,Dzintars,Velvet Whisper,2025,https://www.fragrantica.com/perfume/Dzintars/Velvet-Whisper-103760.html
51307,Dzintars,Vetiver Wood,2025,https://www.fragrantica.com/perfume/Dzintars/Vetiver-Wood-103765.html
51308,Dzintars,Vikings (Викинг),1992,https://www.fragrantica.com/perfume/Dzintars/Vikings-Viking-82100.html
51309,Dzintars,Vinogas (Виноград),1952,https://www.fragrantica.com/perfume/Dzintars/Vinogas-Vinograd-80619.html
51310,Dzintars,Vizbulīte (Лесные фиалки),1969,https://www.fragrantica.com/perfume/Dzintars/Vizbulite-Lesnye-fialki-83758.html
51311,Dzintars,Vīzija (Видение),1959,https://www.fragrantica.com/perfume/Dzintars/Vizija-Videnie-83885.html
51312,Dzintars,Voile Léger Bleu,2014,https://www.fragrantica.com/perfume/Dzintars/Voile-Leger-Bleu-41278.html
51313,Dzintars,Voile Léger Lilas,2014,https://www.fragrantica.com/perfume/Dzintars/Voile-Leger-Lilas-41279.html
51314,Dzintars,Voile Léger Orange,2014,https://www.fragrantica.com/perfume/Dzintars/Voile-Leger-Orange-41280.html
51315,Dzintars,White Amber,2022,https://www.fragrantica.com/perfume/Dzintars/White-Amber-73765.html
51316,Dzintars,Zeme (Земля),1965,https://www.fragrantica.com/perfume/Dzintars/Zeme-Zemla-60547.html
51317,Dzintars,Ziedlapiņa (Petal),1972,https://www.fragrantica.com/perfume/Dzintars/Ziedlapina-Petal-112958.html
51318,Dzintars,Zilite (Желудь),1959,https://www.fragrantica.com/perfume/Dzintars/Zilite-Zelud-39291.html
51319,Dzintars,Žizele (Жизель),1978,https://www.fragrantica.com/perfume/Dzintars/Zizele-Zizel-34410.html
51320,E/4 Fragrance,Air,2015,https://www.fragrantica.com/perfume/E-4-Fragrance/Air-53058.html
51321,E/4 Fragrance,Earth,2015,https://www.fragrantica.com/perfume/E-4-Fragrance/Earth-53059.html
51322,E/4 Fragrance,Fire,2015,https://www.fragrantica.com/perfume/E-4-Fragrance/Fire-53060.html
51323,E/4 Fragrance,Water,2015,https://www.fragrantica.com/perfume/E-4-Fragrance/Water-53061.html
51324,E&S Rasage,Aqua Viva E&S Rasage Aftershave (After Shave),,https://www.parfumo.com/Perfumes/e-s-rasage/aqua-viva-aftershave
51325,E&S Rasage,Azur E&S Rasage Eau de Toilette,,https://www.parfumo.com/Perfumes/e-s-rasage/azur-eau-de-toilette
51326,E&S Rasage,Barber E&S Rasage 2004 Après-Rasage apaisant sans alcool,2004,https://www.parfumo.com/Perfumes/e-s-rasage/barber-apres-rasage-apaisant-sans-alcool
51327,E&S Rasage,Barber E&S Rasage Aftershave (After Shave),,https://www.parfumo.com/Perfumes/e-s-rasage/barber-aftershave
51328,E&S Rasage,Barber E&S Rasage Eau de Toilette,,https://www.parfumo.com/Perfumes/e-s-rasage/barber-eau-de-toilette
51329,E&S Rasage,Citrus Fresh E&S Rasage 1988 Eau de Toilette,1988,https://www.parfumo.com/Perfumes/e-s-rasage/citrus-fresh-eau-de-toilette
51330,E&S Rasage,Equinoxe E&S Rasage 1987 Aftershave (After Shave),1987,https://www.parfumo.com/Perfumes/e-s-rasage/equinoxe-aftershave
51331,E&S Rasage,Equinoxe E&S Rasage Après-Rasage apaisant sans alcool,,https://www.parfumo.com/Perfumes/e-s-rasage/equinoxe-apres-rasage-apaisant-sans-alcool
51332,E&S Rasage,Exotiki E&S Rasage 2019 Après-Rasage apaisant sans alcool,2019,https://www.parfumo.com/Perfumes/e-s-rasage/exotiki-apres-rasage-apaisant-sans-alcool
51333,E&S Rasage,Moana E&S Rasage 1994 Après-Rasage apaisant sans alcool,1994,https://www.parfumo.com/Perfumes/e-s-rasage/moana-apres-rasage-apaisant-sans-alcool
51334,E. Coudray,Agua Divina,,https://www.fragrantica.com/perfume/E-Coudray/Agua-Divina-43731.html
51335,E. Coudray,Ambre et Vanille,1935,https://www.fragrantica.com/perfume/E-Coudray/Ambre-et-Vanille-4536.html
51336,E. Coudray,Bouquet Choisi,2015,https://www.parfumo.com/Perfumes/E__Coudray/Bouquet_Choisi
51337,E. Coudray,Camelia Iris,2015,https://www.fragrantica.com/perfume/E-Coudray/Camelia-Iris-32168.html
51338,E. Coudray,Caramel Blanc,2018,https://www.fragrantica.com/perfume/E-Coudray/Caramel-Blanc-51620.html
51339,E. Coudray,Eau Celeste,,https://www.fragrantica.com/perfume/E-Coudray/Eau-Celeste-43730.html
51340,E. Coudray,Eau de Senteur - Bois de Rose,2006,https://www.parfumo.com/Perfumes/E__Coudray/Eau_de_Senteur_Bois_de_Rose
51341,E. Coudray,Esperys,2007,https://www.fragrantica.com/perfume/E-Coudray/Esperys-4537.html
51342,E. Coudray,Exor,1983,https://www.parfumo.com/Perfumes/E__Coudray/Exor
51343,E. Coudray,Fleur de Roy,2007,https://www.parfumo.com/Perfumes/E__Coudray/Fleur_de_Roy
51344,E. Coudray,Givrine,1950,https://www.fragrantica.com/perfume/E-Coudray/Givrine-4538.html
51345,E. Coudray,Heliotrope,1976,https://www.parfumo.com/Perfumes/E__Coudray/Heliotrope
51346,E. Coudray,Iris Rose,2012,https://www.fragrantica.com/perfume/E-Coudray/Iris-Rose-15271.html
51347,E. Coudray,Jacinthe Et Rose,1983,https://www.fragrantica.com/perfume/E-Coudray/Jacinthe-Et-Rose-4539.html
51348,E. Coudray,Mimosa,1994,https://www.parfumo.com/Perfumes/E__Coudray/Mimosa
51349,E. Coudray,Musc Et Freesia,2002,https://www.fragrantica.com/perfume/E-Coudray/Musc-Et-Freesia-4540.html
51350,E. Coudray,Nohiba,1978,https://www.fragrantica.com/perfume/E-Coudray/Nohiba-6057.html
51351,E. Coudray,Nohiba (2016),2016,https://www.fragrantica.com/perfume/E-Coudray/Nohiba-2016-41636.html
51352,E. Coudray,Rêve Mauve,,https://www.parfumo.com/Perfumes/E__Coudray/Rve_Mauve
51353,E. Coudray,Romantica,1990,https://www.fragrantica.com/perfume/E-Coudray/Romantica-64699.html
51354,E. Coudray,Rose Tubereuse,2016,https://www.fragrantica.com/perfume/E-Coudray/Rose-Tubereuse-41663.html
51355,E. Coudray,Sorbet Vanille,2002,https://www.parfumo.com/Perfumes/E__Coudray/Sorbet_Vanille
51356,E. Coudray,Tyldis,2015,https://www.parfumo.com/Perfumes/E__Coudray/Tyldis
51357,E. Coudray,Vanille Et Coco,1989,https://www.fragrantica.com/perfume/E-Coudray/Vanille-Et-Coco-4541.html
51358,E. Coudray,Ylang Ylang,2016,https://www.fragrantica.com/perfume/E-Coudray/Ylang-Ylang-41661.html
51359,E. Coudray,Zorella,,https://www.parfumo.com/Perfumes/E__Coudray/Zorella
51360,E.G.O,Ego Brave,2019,https://www.fragrantica.com/perfume/E-G-O/Ego-Brave-55179.html
51361,E.G.O,Ego Love,2019,https://www.fragrantica.com/perfume/E-G-O/Ego-Love-55180.html
51362,E.G.O,Ego Passion,2019,https://www.fragrantica.com/perfume/E-G-O/Ego-Passion-55177.html
51363,E.G.O,Ego Romantic,2019,https://www.fragrantica.com/perfume/E-G-O/Ego-Romantic-55178.html
51364,E. Marinella,100,2014,https://www.fragrantica.com/perfume/E-Marinella/100-33313.html
51365,E. Marinella,287,2002,https://www.fragrantica.com/perfume/E-Marinella/287-33314.html
51366,E. Marinella,Ambra Royale,2007,https://www.fragrantica.com/perfume/E-Marinella/Ambra-Royale-33331.html
51367,E. Marinella,Capodimonte,2012,https://www.fragrantica.com/perfume/E-Marinella/Capodimonte-33330.html
51368,E. Marinella,Chiaja,2006,https://www.fragrantica.com/perfume/E-Marinella/Chiaja-33342.html
51369,E. Marinella,Costa Nera,2008,https://www.fragrantica.com/perfume/E-Marinella/Costa-Nera-33328.html
51370,E. Marinella,Cyber Cuir,2017,https://www.fragrantica.com/perfume/E-Marinella/Cyber-Cuir-46602.html
51371,E. Marinella,E. Marinella,1997,https://www.fragrantica.com/perfume/E-Marinella/E-Marinella-33326.html
51372,E. Marinella,E. Marinella The Original,,https://www.fragrantica.com/perfume/E-Marinella/E-Marinella-The-Original-33340.html
51373,E. Marinella,Frenesia,2010,https://www.fragrantica.com/perfume/E-Marinella/Frenesia-33333.html
51374,E. Marinella,Hyper Wood,2017,https://www.fragrantica.com/perfume/E-Marinella/Hyper-Wood-46604.html
51375,E. Marinella,Malia,2016,https://www.fragrantica.com/perfume/E-Marinella/Malia-46521.html
51376,E. Marinella,Muscade,2006,https://www.fragrantica.com/perfume/E-Marinella/Muscade-33336.html
51377,E. Marinella,Posillipo,2012,https://www.fragrantica.com/perfume/E-Marinella/Posillipo-33329.html
51378,E. Marinella,Seta,2001,https://www.fragrantica.com/perfume/E-Marinella/Seta-33338.html
51379,E. Marinella,Spicy Lab,2017,https://www.fragrantica.com/perfume/E-Marinella/Spicy-Lab-46603.html
51380,E. Marinella,Suite,2019,https://www.fragrantica.com/perfume/E-Marinella/Suite-57162.html
51381,E. Marinella,Tabacco Imperiale,2015,https://www.fragrantica.com/perfume/E-Marinella/Tabacco-Imperiale-33334.html
51382,e-Suitcase,Arco-Balena,2019,https://www.fragrantica.com/perfume/e-Suitcase/Arco-Balena-54894.html
51383,e-Suitcase,Ciao Stronzo,2018,https://www.fragrantica.com/perfume/e-Suitcase/Ciao-Stronzo-53654.html
51384,e-Suitcase,Giramondo,2018,https://www.fragrantica.com/perfume/e-Suitcase/Giramondo-53653.html
51385,e-Suitcase,J-eva,2019,https://www.fragrantica.com/perfume/e-Suitcase/J-eva-54893.html
51386,e-Suitcase,My Airbag,2019,https://www.fragrantica.com/perfume/e-Suitcase/My-Airbag-54895.html
51387,e-Suitcase,Oca Giuliva,2018,https://www.fragrantica.com/perfume/e-Suitcase/Oca-Giuliva-53655.html
51388,e-Suitcase,Party Amo,2018,https://www.fragrantica.com/perfume/e-Suitcase/Party-Amo-53652.html
51389,e-Suitcase,Tempo Perso,2019,https://www.fragrantica.com/perfume/e-Suitcase/Tempo-Perso-54892.html
51390,E’theréal Paris,Patriota Tradicional,2025,https://www.fragrantica.com/perfume/E-thereal-Paris/Patriota-Tradicional-136848.html
51391,Eadward Fragrances,Indulge,,https://www.fragrantica.com/perfume/Eadward-Fragrances/Indulge-2866.html
51392,EAGG,24/7 / トゥエンティーフォーセブン,,https://www.fragrantica.com/perfume/EAGG/24-7-to-uentifosebun-113500.html
51393,EAGG,Awai Yakusoku / あわい約束,,https://www.fragrantica.com/perfume/EAGG/Awai-Yakusoku-awai-yue-shu-113496.html
51394,EAGG,Hitoiki Tsuitara / ひと息ついたら,,https://www.fragrantica.com/perfume/EAGG/Hitoiki-Tsuitara-hito-xitsuitara-113503.html
51395,EAGG,Hoshifuru Yoruni / 星降る夜に,,https://www.fragrantica.com/perfume/EAGG/Hoshifuru-Yoruni-xing-jiangru-yeni-113497.html
51396,EAGG,Kirameku Namiwo / 煌めく波を,,https://www.fragrantica.com/perfume/EAGG/Kirameku-Namiwo-huangmeku-bowo-113502.html
51397,EAGG,Utsurou Anni / うつろう青に,,https://www.fragrantica.com/perfume/EAGG/Utsurou-Anni-utsurou-qingni-113499.html
51398,EAGG,Waltz Ni Nosete / ワルツにのせて,,https://www.fragrantica.com/perfume/EAGG/Waltz-Ni-Nosete-warutsuninosete-113498.html
51399,EAGG,Watashi No Koede / 私の声で,,https://www.fragrantica.com/perfume/EAGG/Watashi-No-Koede-sino-shengde-113501.html
51400,Early Modern,Celadon,,https://www.fragrantica.com/perfume/Early-Modern/Celadon-73495.html
51401,Early Modern,Life Of The Party,2020,https://www.fragrantica.com/perfume/Early-Modern/Life-Of-The-Party-66636.html
51402,Early Modern,Pavilion Pavilion,,https://www.fragrantica.com/perfume/Early-Modern/Pavilion-Pavilion-73496.html
51403,Early Modern,Veil,2020,https://www.fragrantica.com/perfume/Early-Modern/Veil-66635.html
51404,Earth Dubai,La Strega,2025,https://www.fragrantica.com/perfume/Earth-Dubai/La-Strega-137028.html
51405,Earth Love Life,Citrus Connection,2025,https://www.fragrantica.com/perfume/Earth-Love-Life/Citrus-Connection-111606.html
51406,Earth Love Life,Forest Therapy,2025,https://www.fragrantica.com/perfume/Earth-Love-Life/Forest-Therapy-111601.html
51407,Earth Love Life,Haven Retreat,2025,https://www.fragrantica.com/perfume/Earth-Love-Life/Haven-Retreat-111602.html
51408,Earth Love Life,Jade Serenity,2025,https://www.fragrantica.com/perfume/Earth-Love-Life/Jade-Serenity-111605.html
51409,Earth Love Life,Sunrise Energy,2025,https://www.fragrantica.com/perfume/Earth-Love-Life/Sunrise-Energy-111604.html
51410,East Nights,Cute,,https://www.fragrantica.com/perfume/East-Nights/Cute-34323.html
51411,East Nights,Desire,,https://www.fragrantica.com/perfume/East-Nights/Desire-34321.html
51412,East Nights,Hajarul Aswad,,https://www.fragrantica.com/perfume/East-Nights/Hajarul-Aswad-34318.html
51413,East Nights,Honest,,https://www.fragrantica.com/perfume/East-Nights/Honest-34320.html
51414,East Nights,Liking,,https://www.fragrantica.com/perfume/East-Nights/Liking-34319.html
51415,East Nights,Patron,,https://www.fragrantica.com/perfume/East-Nights/Patron-34322.html
51416,East Nights,Safari,,https://www.fragrantica.com/perfume/East-Nights/Safari-34316.html
51417,East Nights,Shahrazad,,https://www.fragrantica.com/perfume/East-Nights/Shahrazad-34314.html
51418,East Nights,Sultana,,https://www.fragrantica.com/perfume/East-Nights/Sultana-34315.html
51419,East Nights,Wisal,,https://www.fragrantica.com/perfume/East-Nights/Wisal-34317.html
51420,EaSTory,Dudum,2019,https://www.fragrantica.com/perfume/EaSTory/Dudum-56618.html
51421,EaSTory,Exposure,2019,https://www.fragrantica.com/perfume/EaSTory/Exposure-56619.html
51422,EaSTory,Vaco,2019,https://www.fragrantica.com/perfume/EaSTory/Vaco-56617.html
51423,EaSTory,Vue,2019,https://www.fragrantica.com/perfume/EaSTory/Vue-56620.html
51424,EastWest Bottlers,Bluegrass,2014,https://www.fragrantica.com/perfume/EastWest-Bottlers/Bluegrass-31765.html
51425,EastWest Bottlers,G.I. Joe Cologne (Eau de Cologne),2016,https://www.fragrantica.com/perfume/EastWest-Bottlers/G-I-Joe-Cologne-47280.html
51426,EastWest Bottlers,Moonshine A Gentleman's Cologne (Eau de Cologne),2011,https://www.fragrantica.com/perfume/EastWest-Bottlers/Moonshine-A-Gentleman-s-Cologne-14035.html
51427,EastWest Bottlers,Moonshine Reserve,2016,https://www.fragrantica.com/perfume/EastWest-Bottlers/Moonshine-Reserve-47281.html
51428,EastWest Bottlers,Roar,2025,https://www.fragrantica.com/perfume/EastWest-Bottlers/Roar-120203.html
51429,EastWest Bottlers,Speakeasy,2012,https://www.fragrantica.com/perfume/EastWest-Bottlers/Speakeasy-16090.html
51430,EastWest Bottlers,Sportsman,2019,https://www.fragrantica.com/perfume/EastWest-Bottlers/Sportsman-120202.html
51431,Eat.Sweat.Undress.,Carnal 4,2021,https://www.fragrantica.com/perfume/Eat-Sweat-Undress/Carnal-4-66388.html
51432,Eat.Sweat.Undress.,Dallas,2021,https://www.fragrantica.com/perfume/Eat-Sweat-Undress/Dallas-66389.html
51433,Eat.Sweat.Undress.,Diani Beach,2021,https://www.fragrantica.com/perfume/Eat-Sweat-Undress/Diani-Beach-66390.html
51434,Eat.Sweat.Undress.,Garden Party,2021,https://www.fragrantica.com/perfume/Eat-Sweat-Undress/Garden-Party-66391.html
51435,Eat.Sweat.Undress.,Koko Ni,2021,https://www.fragrantica.com/perfume/Eat-Sweat-Undress/Koko-Ni-66392.html
51436,Eau Contemporaine,Coton,2017,https://www.fragrantica.com/perfume/Eau-Contemporaine/Coton-44901.html
51437,Eau Contemporaine,Lin,2017,https://www.fragrantica.com/perfume/Eau-Contemporaine/Lin-44902.html
51438,Eau Contemporaine,Soie,2017,https://www.fragrantica.com/perfume/Eau-Contemporaine/Soie-44900.html
51439,Eau D'Italie,Acqua Decima,2013,https://www.fragrantica.com/perfume/Eau-D-Italie/Acqua-Decima-18001.html
51440,Eau D'Italie,Acqua di Positano,2024,https://www.fragrantica.com/perfume/Eau-D-Italie/Acqua-di-Positano-92674.html
51441,Eau D'Italie,Au Lac,2010,https://www.fragrantica.com/perfume/Eau-D-Italie/Au-Lac-9603.html
51442,Eau D'Italie,Baume du Doge,2008,https://www.fragrantica.com/perfume/Eau-D-Italie/Baume-du-Doge-4738.html
51443,Eau D'Italie,Bois d’Ombrie,2006,https://www.fragrantica.com/perfume/Eau-D-Italie/Bois-d-Ombrie-1603.html
51444,Eau D'Italie,Easy to Love,2019,https://www.fragrantica.com/perfume/Eau-D-Italie/Easy-to-Love-54859.html
51445,Eau D'Italie,Eau D'Italie,2004,https://www.fragrantica.com/perfume/Eau-D-Italie/Eau-D-Italie-1544.html
51446,Eau D'Italie,Fior Fiore,2018,https://www.fragrantica.com/perfume/Eau-D-Italie/Fior-Fiore-49434.html
51447,Eau D'Italie,Graine de Joie,2014,https://www.fragrantica.com/perfume/Eau-D-Italie/Graine-de-Joie-24702.html
51448,Eau D'Italie,Jardin du Poete,2011,https://www.fragrantica.com/perfume/Eau-D-Italie/Jardin-du-Poete-11760.html
51449,Eau D'Italie,Jasmine Leather,2020,https://www.fragrantica.com/perfume/Eau-D-Italie/Jasmine-Leather-63574.html
51450,Eau D'Italie,Magnolia Romana,2008,https://www.fragrantica.com/perfume/Eau-D-Italie/Magnolia-Romana-3187.html
51451,Eau D'Italie,Morn to Dusk,2015,https://www.fragrantica.com/perfume/Eau-D-Italie/Morn-to-Dusk-30355.html
51452,Eau D'Italie,Mystic Sunset,2022,https://www.fragrantica.com/perfume/Eau-D-Italie/Mystic-Sunset-74383.html
51453,Eau D'Italie,Paestum Rose,2006,https://www.fragrantica.com/perfume/Eau-D-Italie/Paestum-Rose-1601.html
51454,Eau D'Italie,Rosa Greta,2017,https://www.fragrantica.com/perfume/Eau-D-Italie/Rosa-Greta-44823.html
51455,Eau D'Italie,Sienne l´Hiver,2006,https://www.fragrantica.com/perfume/Eau-D-Italie/Sienne-l-Hiver-1602.html
51456,Eau D'Italie,Un Bateau pour Capri,2012,https://www.fragrantica.com/perfume/Eau-D-Italie/Un-Bateau-pour-Capri-14895.html
51457,Eau de Boujee,Bougie,2023,https://www.fragrantica.com/perfume/Eau-de-Boujee/Bougie-81744.html
51458,Eau de Boujee,Gilded,2023,https://www.fragrantica.com/perfume/Eau-de-Boujee/Gilded-81743.html
51459,Eau de Boujee,Infleurno,2024,https://www.fragrantica.com/perfume/Eau-de-Boujee/Infleurno-91454.html
51460,Eau de Boujee,Queen,2023,https://www.fragrantica.com/perfume/Eau-de-Boujee/Queen-81741.html
51461,Eau de Boujee,Quir,2023,https://www.fragrantica.com/perfume/Eau-de-Boujee/Quir-81742.html
51462,Eau de Boujee,Verdant,2023,https://www.fragrantica.com/perfume/Eau-de-Boujee/Verdant-81740.html
51463,Eau de Dubai,Abu Dhabi,2020,https://www.fragrantica.com/perfume/Eau-de-Dubai/Abu-Dhabi-69759.html
51464,Eau de Dubai,Adrianople,2020,https://www.fragrantica.com/perfume/Eau-de-Dubai/Adrianople-69758.html
51465,Eau de Dubai,Alia,2020,https://www.fragrantica.com/perfume/Eau-de-Dubai/Alia-69752.html
51466,Eau de Dubai,Arabic Art,2020,https://www.fragrantica.com/perfume/Eau-de-Dubai/Arabic-Art-69750.html
51467,Eau de Dubai,Black Velvet,2020,https://www.fragrantica.com/perfume/Eau-de-Dubai/Black-Velvet-69757.html
51468,Eau de Dubai,Dubai,2020,https://www.fragrantica.com/perfume/Eau-de-Dubai/Dubai-69761.html
51469,Eau de Dubai,Fruity Oud,2020,https://www.fragrantica.com/perfume/Eau-de-Dubai/Fruity-Oud-69754.html
51470,Eau de Dubai,Imda,2020,https://www.fragrantica.com/perfume/Eau-de-Dubai/Imda-69751.html
51471,Eau de Dubai,Jamil,2020,https://www.fragrantica.com/perfume/Eau-de-Dubai/Jamil-69753.html
51472,Eau de Dubai,Madina,2020,https://www.fragrantica.com/perfume/Eau-de-Dubai/Madina-69646.html
51473,Eau de Dubai,Oud Sensation,2020,https://www.fragrantica.com/perfume/Eau-de-Dubai/Oud-Sensation-69755.html
51474,Eau de Dubai,Red Velvet,2020,https://www.fragrantica.com/perfume/Eau-de-Dubai/Red-Velvet-69756.html
51475,Eau de Dubai,Red velvet Oud,2022,https://www.fragrantica.com/perfume/Eau-de-Dubai/Red-velvet-Oud-71641.html
51476,Eau de Dubai,Sharjah,2020,https://www.fragrantica.com/perfume/Eau-de-Dubai/Sharjah-69760.html
51477,Eau de Dubai,Tigris,2022,https://www.fragrantica.com/perfume/Eau-de-Dubai/Tigris-71642.html
51478,Eau De Moe,Adam,2025,https://www.fragrantica.com/perfume/Eau-De-Moe/Adam-126641.html
51479,Eau De Moe,Amal,2022,https://www.fragrantica.com/perfume/Eau-De-Moe/Amal-88392.html
51480,Eau De Moe,Cece,2025,https://www.fragrantica.com/perfume/Eau-De-Moe/Cece-108664.html
51481,Eau De Moe,Hala,2022,https://www.fragrantica.com/perfume/Eau-De-Moe/Hala-88393.html
51482,Eau De Moe,Leen,2022,https://www.fragrantica.com/perfume/Eau-De-Moe/Leen-88394.html
51483,Eau De Moe,Lulu,2025,https://www.fragrantica.com/perfume/Eau-De-Moe/Lulu-126642.html
51484,Eau De Moe,Senna,2024,https://www.fragrantica.com/perfume/Eau-De-Moe/Senna-108662.html
51485,Eau De Moe,Solomon,2025,https://www.fragrantica.com/perfume/Eau-De-Moe/Solomon-108663.html
51486,Eau De Moe,Tariq,2022,https://www.fragrantica.com/perfume/Eau-De-Moe/Tariq-88395.html
51487,Eau De Moe,Zaid,2024,https://www.fragrantica.com/perfume/Eau-De-Moe/Zaid-100880.html
51488,Eau de Nous,Bebe Breeze,2010,https://www.fragrantica.com/perfume/Eau-de-Nous/Bebe-Breeze-12551.html
51489,Eau de Nous,Citrus Charm,2010,https://www.fragrantica.com/perfume/Eau-de-Nous/Citrus-Charm-12550.html
51490,Eau de Nous,Gardenian Gift,2010,https://www.fragrantica.com/perfume/Eau-de-Nous/Gardenian-Gift-12549.html
51491,Eau de Nous,Jasmine Joy,2010,https://www.fragrantica.com/perfume/Eau-de-Nous/Jasmine-Joy-12548.html
51492,Eau de Roselle,Eau d'Earl Grey,2025,https://www.fragrantica.com/perfume/Eau-de-Roselle/Eau-d-Earl-Grey-135525.html
51493,Eau de Roselle,Eau de Camomille,2025,https://www.fragrantica.com/perfume/Eau-de-Roselle/Eau-de-Camomille-135524.html
51494,Eau de Roselle,Eau de Mauve,2025,https://www.fragrantica.com/perfume/Eau-de-Roselle/Eau-de-Mauve-135526.html
51495,Eau de Roselle,Eau de Perilla,2025,https://www.fragrantica.com/perfume/Eau-de-Roselle/Eau-de-Perilla-135523.html
51496,Eau de Roselle,Eau De Sillage,2025,https://www.fragrantica.com/perfume/Eau-de-Roselle/Eau-De-Sillage-135522.html
51497,Eau De Soie,Nuit d'Aout,2022,https://www.fragrantica.com/perfume/Eau-De-Soie/Nuit-d-Aout-76825.html
51498,Eau De Soie,Peach Flake,2025,https://www.fragrantica.com/perfume/Eau-De-Soie/Peach-Flake-105707.html
51499,Eau De Soie,Summer In Outer Banks,2024,https://www.fragrantica.com/perfume/Eau-De-Soie/Summer-In-Outer-Banks-95289.html
51500,Eau de Space,Eau de Luna - The Smell of the Moon,2020,https://www.fragrantica.com/perfume/Eau-de-Space/Eau-de-Luna-The-Smell-of-the-Moon-66566.html
51501,Eau de Space,Eau de Space - The Smell of Space,2020,https://www.fragrantica.com/perfume/Eau-de-Space/Eau-de-Space-The-Smell-of-Space-66565.html
51502,Eau de Tihany,Premier,2021,https://www.fragrantica.com/perfume/Eau-de-Tihany/Premier-71122.html
51503,Eau Jeune,Bleu Azur,2008,https://www.fragrantica.com/perfume/Eau-Jeune/Bleu-Azur-3587.html
51504,Eau Jeune,Bohême,1995,https://www.fragrantica.com/perfume/Eau-Jeune/Boheme-11306.html
51505,Eau Jeune,Delice de Pomme,2007,https://www.fragrantica.com/perfume/Eau-Jeune/Delice-de-Pomme-4184.html
51506,Eau Jeune,Demon,1993,https://www.fragrantica.com/perfume/Eau-Jeune/Demon-11053.html
51507,Eau Jeune,Demon 2021,2021,https://www.fragrantica.com/perfume/Eau-Jeune/Demon-2021-70831.html
51508,Eau Jeune,Demon In Love,2021,https://www.fragrantica.com/perfume/Eau-Jeune/Demon-In-Love-70828.html
51509,Eau Jeune,Double Je,1999,https://www.fragrantica.com/perfume/Eau-Jeune/Double-Je-4181.html
51510,Eau Jeune,Double Je Eau de Toilette,,https://www.fragrantica.com/perfume/Eau-Jeune/Double-Je-Eau-de-Toilette-70832.html
51511,Eau Jeune,Double Je Electro Chic,,https://www.fragrantica.com/perfume/Eau-Jeune/Double-Je-Electro-Chic-70835.html
51512,Eau Jeune,Double Je Urban Tropical,,https://www.fragrantica.com/perfume/Eau-Jeune/Double-Je-Urban-Tropical-70833.html
51513,Eau Jeune,Eau Future,1997,https://www.fragrantica.com/perfume/Eau-Jeune/Eau-Future-11307.html
51514,Eau Jeune,Eau Jeune Bellissima,2007,https://www.fragrantica.com/perfume/Eau-Jeune/Eau-Jeune-Bellissima-4182.html
51515,Eau Jeune,Eau Jeune Possesion,2000,https://www.fragrantica.com/perfume/Eau-Jeune/Eau-Jeune-Possesion-4186.html
51516,Eau Jeune,Eau Jeune Rock'n Love,2004,https://www.fragrantica.com/perfume/Eau-Jeune/Eau-Jeune-Rock-n-Love-4188.html
51517,Eau Jeune,Eau Jeune Via Passion,2005,https://www.fragrantica.com/perfume/Eau-Jeune/Eau-Jeune-Via-Passion-4189.html
51518,Eau Jeune,Emprise,2010,https://www.fragrantica.com/perfume/Eau-Jeune/Emprise-11308.html
51519,Eau Jeune,Essentiel,2001,https://www.fragrantica.com/perfume/Eau-Jeune/Essentiel-11056.html
51520,Eau Jeune,Fleur à Fleur,1982,https://www.fragrantica.com/perfume/Eau-Jeune/Fleur-a-Fleur-33457.html
51521,Eau Jeune,Garconne,1990,https://www.fragrantica.com/perfume/Eau-Jeune/Garconne-33455.html
51522,Eau Jeune,L'Echappee Belle,2009,https://www.fragrantica.com/perfume/Eau-Jeune/L-Echappee-Belle-11054.html
51523,Eau Jeune,L'Échappée Belle d'une Nuit,2021,https://www.fragrantica.com/perfume/Eau-Jeune/L-Echappee-Belle-d-une-Nuit-70829.html
51524,Eau Jeune,L'Insoumise,1987,https://www.fragrantica.com/perfume/Eau-Jeune/L-Insoumise-33456.html
51525,Eau Jeune,L'Orientale,2007,https://www.fragrantica.com/perfume/Eau-Jeune/L-Orientale-11051.html
51526,Eau Jeune,L'Orientale 2021,2021,https://www.fragrantica.com/perfume/Eau-Jeune/L-Orientale-2021-70826.html
51527,Eau Jeune,Love & Fun,2012,https://www.fragrantica.com/perfume/Eau-Jeune/Love-Fun-15136.html
51528,Eau Jeune,Love & Kiss,2012,https://www.fragrantica.com/perfume/Eau-Jeune/Love-Kiss-15137.html
51529,Eau Jeune,Love & Rock,2012,https://www.fragrantica.com/perfume/Eau-Jeune/Love-Rock-15135.html
51530,Eau Jeune,Orange Riviera,2008,https://www.fragrantica.com/perfume/Eau-Jeune/Orange-Riviera-3586.html
51531,Eau Jeune,Party Night,2018,https://www.fragrantica.com/perfume/Eau-Jeune/Party-Night-51381.html
51532,Eau Jeune,Possesion,,https://www.fragrantica.com/perfume/Eau-Jeune/Possesion-70830.html
51533,Eau Jeune,Rebelle Chic,2009,https://www.fragrantica.com/perfume/Eau-Jeune/Rebelle-Chic-11050.html
51534,Eau Jeune,Rebelle Street,2021,https://www.fragrantica.com/perfume/Eau-Jeune/Rebelle-Street-70827.html
51535,Eau Jeune,Rose Nerolita,2008,https://www.fragrantica.com/perfume/Eau-Jeune/Rose-Nerolita-3588.html
51536,Eau Jeune,Secret Elixir,2008,https://www.fragrantica.com/perfume/Eau-Jeune/Secret-Elixir-11055.html
51537,Eau Jeune,Secret Kiss,2018,https://www.fragrantica.com/perfume/Eau-Jeune/Secret-Kiss-51380.html
51538,Eau Jeune,Senteurs Fraiches,1977,https://www.fragrantica.com/perfume/Eau-Jeune/Senteurs-Fraiches-11052.html
51539,Eau Jeune,Summer Trip,2018,https://www.fragrantica.com/perfume/Eau-Jeune/Summer-Trip-51382.html
51540,Eau Jeune,Tu Es Unique,2022,https://www.fragrantica.com/perfume/Eau-Jeune/Tu-Es-Unique-104530.html
51541,EAU.MG,Amber Addict,2023,https://www.fragrantica.com/perfume/EAU-MG/Amber-Addict-84337.html
51542,EAU.MG,Berry Fleur,2023,https://www.fragrantica.com/perfume/EAU-MG/Berry-Fleur-84343.html
51543,EAU.MG,Cheeky Chypre,2023,https://www.fragrantica.com/perfume/EAU-MG/Cheeky-Chypre-84341.html
51544,EAU.MG,Diaphanous Delight,2023,https://www.fragrantica.com/perfume/EAU-MG/Diaphanous-Delight-84338.html
51545,EAU.MG,Flor Funk,2023,https://www.fragrantica.com/perfume/EAU-MG/Flor-Funk-84342.html
51546,EAU.MG,Frangi Frenzy,2023,https://www.fragrantica.com/perfume/EAU-MG/Frangi-Frenzy-84340.html
51547,EAU.MG,Greedy Gourmand,2023,https://www.fragrantica.com/perfume/EAU-MG/Greedy-Gourmand-84331.html
51548,EAU.MG,Midnight Musk,2023,https://www.fragrantica.com/perfume/EAU-MG/Midnight-Musk-84333.html
51549,EAU.MG,Rockin Rose,2023,https://www.fragrantica.com/perfume/EAU-MG/Rockin-Rose-84335.html
51550,EAU.MG,Rubus Rose,2023,https://www.fragrantica.com/perfume/EAU-MG/Rubus-Rose-84344.html
51551,Eauk,Barreur,2017,https://www.fragrantica.com/perfume/Eauk/Barreur-45991.html
51552,Eauk,Chivalrous Bastard,2020,https://www.fragrantica.com/perfume/Eauk/Chivalrous-Bastard-66522.html
51553,Eauk,Don Paradisae,2020,https://www.fragrantica.com/perfume/Eauk/Don-Paradisae-66520.html
51554,Eauk,Pomander,2017,https://www.fragrantica.com/perfume/Eauk/Pomander-45990.html
51555,EAUSO VERT,Boozy Patchouli,2022,https://www.fragrantica.com/perfume/EAUSO-VERT/Boozy-Patchouli-76069.html
51556,EAUSO VERT,Dos Mil Años,2024,https://www.fragrantica.com/perfume/EAUSO-VERT/Dos-Mil-Anos-98522.html
51557,EAUSO VERT,Fruto Oscuro,2023,https://www.fragrantica.com/perfume/EAUSO-VERT/Fruto-Oscuro-88199.html
51558,EAUSO VERT,Joga,2022,https://www.fragrantica.com/perfume/EAUSO-VERT/Joga-76067.html
51559,EAUSO VERT,Purple Noon,2022,https://www.fragrantica.com/perfume/EAUSO-VERT/Purple-Noon-76070.html
51560,EAUSO VERT,Salvia Salvia,2024,https://www.fragrantica.com/perfume/EAUSO-VERT/Salvia-Salvia-93837.html
51561,EAUSO VERT,Sintra,2022,https://www.fragrantica.com/perfume/EAUSO-VERT/Sintra-76066.html
51562,EAUSO VERT,Vanilla Embers,2022,https://www.fragrantica.com/perfume/EAUSO-VERT/Vanilla-Embers-76068.html
51563,Eaux Parfums,À Flor da Pele,2024,https://www.fragrantica.com/perfume/Eaux-Parfums/A-Flor-da-Pele-101333.html
51564,Eaux Parfums,Bibliotèque,2024,https://www.fragrantica.com/perfume/Eaux-Parfums/Biblioteque-100696.html
51565,Eaux Parfums,Bon Voyage,2024,https://www.fragrantica.com/perfume/Eaux-Parfums/Bon-Voyage-100697.html
51566,Eaux Parfums,Buongiorno Capri,2018,https://www.fragrantica.com/perfume/Eaux-Parfums/Buongiorno-Capri-62013.html
51567,Eaux Parfums,Eau de Davi,2015,https://www.fragrantica.com/perfume/Eaux-Parfums/Eau-de-Davi-62007.html
51568,Eaux Parfums,Eau de Leonora,2014,https://www.fragrantica.com/perfume/Eaux-Parfums/Eau-de-Leonora-62006.html
51569,Eaux Parfums,Eau de Luiz,2016,https://www.fragrantica.com/perfume/Eaux-Parfums/Eau-de-Luiz-62008.html
51570,Eaux Parfums,Eau du Papa,2017,https://www.fragrantica.com/perfume/Eaux-Parfums/Eau-du-Papa-62009.html
51571,Eaux Parfums,Eau Irrésistible,2020,https://www.fragrantica.com/perfume/Eaux-Parfums/Eau-Irresistible-62016.html
51572,Eaux Parfums,Fleu de Lavande,2024,https://www.fragrantica.com/perfume/Eaux-Parfums/Fleu-de-Lavande-100698.html
51573,Eaux Parfums,Indian Feelings,2018,https://www.fragrantica.com/perfume/Eaux-Parfums/Indian-Feelings-62014.html
51574,Eaux Parfums,Lili Fleur,2023,https://www.fragrantica.com/perfume/Eaux-Parfums/Lili-Fleur-80651.html
51575,Eaux Parfums,Maman Fleur,2019,https://www.fragrantica.com/perfume/Eaux-Parfums/Maman-Fleur-62010.html
51576,Eaux Parfums,Matcha Detox,2020,https://www.fragrantica.com/perfume/Eaux-Parfums/Matcha-Detox-62018.html
51577,Eaux Parfums,Namaste,2024,https://www.fragrantica.com/perfume/Eaux-Parfums/Namaste-100699.html
51578,Eaux Parfums,Óleo Eau de Leonora,2020,https://www.fragrantica.com/perfume/Eaux-Parfums/Oleo-Eau-de-Leonora-62017.html
51579,Eaux Parfums,Rendez-Vous,2018,https://www.fragrantica.com/perfume/Eaux-Parfums/Rendez-Vous-62015.html
51580,Eaux Parfums,Thé a La Menthe,2018,https://www.fragrantica.com/perfume/Eaux-Parfums/The-a-La-Menthe-62012.html
51581,Ebba Los Angeles,Basil Green Tea,2011,https://www.fragrantica.com/perfume/Ebba-Los-Angeles/Basil-Green-Tea-12318.html
51582,Ebba Los Angeles,By Sand,2000,https://www.fragrantica.com/perfume/Ebba-Los-Angeles/By-Sand-9687.html
51583,Ebba Los Angeles,By Sea,2000,https://www.fragrantica.com/perfume/Ebba-Los-Angeles/By-Sea-9688.html
51584,Ebba Los Angeles,Miss Alex,2000,https://www.fragrantica.com/perfume/Ebba-Los-Angeles/Miss-Alex-9691.html
51585,Ebba Los Angeles,Miss Belle,2000,https://www.fragrantica.com/perfume/Ebba-Los-Angeles/Miss-Belle-9694.html
51586,Ebba Los Angeles,Miss Danielle,2000,https://www.fragrantica.com/perfume/Ebba-Los-Angeles/Miss-Danielle-9695.html
51587,Ebba Los Angeles,Miss Ebba,2000,https://www.fragrantica.com/perfume/Ebba-Los-Angeles/Miss-Ebba-9696.html
51588,Ebba Los Angeles,Miss Fabienne,2000,https://www.fragrantica.com/perfume/Ebba-Los-Angeles/Miss-Fabienne-9697.html
51589,Ebba Los Angeles,Miss Marisa,2000,https://www.fragrantica.com/perfume/Ebba-Los-Angeles/Miss-Marisa-9689.html
51590,Ebba Los Angeles,Miss Marisa Fleur,2000,https://www.fragrantica.com/perfume/Ebba-Los-Angeles/Miss-Marisa-Fleur-9700.html
51591,Ebba Los Angeles,Miss Marisa Marine,,https://www.fragrantica.com/perfume/Ebba-Los-Angeles/Miss-Marisa-Marine-9699.html
51592,Ebba Los Angeles,Miss Marisa Nuit,2000,https://www.fragrantica.com/perfume/Ebba-Los-Angeles/Miss-Marisa-Nuit-9692.html
51593,Ebba Los Angeles,Miss Marisa Tropical,2000,https://www.fragrantica.com/perfume/Ebba-Los-Angeles/Miss-Marisa-Tropical-9690.html
51594,Ebba Los Angeles,Miss Marisa Zest,2000,https://www.fragrantica.com/perfume/Ebba-Los-Angeles/Miss-Marisa-Zest-9701.html
51595,Ebba Los Angeles,Miss Natasha,2000,https://www.fragrantica.com/perfume/Ebba-Los-Angeles/Miss-Natasha-9693.html
51596,Ebba Los Angeles,Miss Pilar,2000,https://www.fragrantica.com/perfume/Ebba-Los-Angeles/Miss-Pilar-9698.html
51597,Ebba Los Angeles,Pink Tea Blossom,2011,https://www.fragrantica.com/perfume/Ebba-Los-Angeles/Pink-Tea-Blossom-12320.html
51598,Ebba Los Angeles,White Tea,2011,https://www.fragrantica.com/perfume/Ebba-Los-Angeles/White-Tea-12319.html
51599,Ebers Papyrus,Anesidora's Temptation,,https://www.fragrantica.com/perfume/Ebers-Papyrus/Anesidora-s-Temptation-124940.html
51600,Ebers Papyrus,Boy Do Cry,,https://www.fragrantica.com/perfume/Ebers-Papyrus/Boy-Do-Cry-124944.html
51601,Ebers Papyrus,Dickinson’s Rose,,https://www.fragrantica.com/perfume/Ebers-Papyrus/Dickinson-s-Rose-124942.html
51602,Ebers Papyrus,Echo's Green,,https://www.fragrantica.com/perfume/Ebers-Papyrus/Echo-s-Green-124943.html
51603,Ebers Papyrus,Joan of Arc's Irises,,https://www.fragrantica.com/perfume/Ebers-Papyrus/Joan-of-Arc-s-Irises-124941.html
51604,Ebers Papyrus,Sappho Sandalwood,,https://www.fragrantica.com/perfume/Ebers-Papyrus/Sappho-Sandalwood-124939.html
51605,EBK,Alexandrite N Patchouli,2019,https://www.fragrantica.com/perfume/EBK/Alexandrite-N-Patchouli-75872.html
51606,EBK,Aquamarine N Powder,2019,https://www.fragrantica.com/perfume/EBK/Aquamarine-N-Powder-75873.html
51607,EBK,Deep N Desire Yacht,2019,https://www.fragrantica.com/perfume/EBK/Deep-N-Desire-Yacht-75874.html
51608,EBK,Moonstone N Tuberose,2019,https://www.fragrantica.com/perfume/EBK/Moonstone-N-Tuberose-75875.html
51609,EBK,Nº 46,2021,https://www.fragrantica.com/perfume/EBK/No-46-75879.html
51610,EBK,Ruby N Vanilla Intense,2019,https://www.fragrantica.com/perfume/EBK/Ruby-N-Vanilla-Intense-75876.html
51611,EBK,Ruby N Vanilla Neroli,2019,https://www.fragrantica.com/perfume/EBK/Ruby-N-Vanilla-Neroli-75877.html
51612,EBK,Ruby N Vanilla Oud,2019,https://www.fragrantica.com/perfume/EBK/Ruby-N-Vanilla-Oud-75878.html
51613,EBS,Black Floral,2024,https://www.fragrantica.com/perfume/EBS/Black-Floral-91909.html
51614,EBS,Energia Vital,2024,https://www.fragrantica.com/perfume/EBS/Energia-Vital-91911.html
51615,EBS,Forest,2024,https://www.fragrantica.com/perfume/EBS/Forest-91912.html
51616,EBS,Suntuoso,2024,https://www.fragrantica.com/perfume/EBS/Suntuoso-91913.html
51617,Ecarlou 露嘉伊,Graceful Sweet Osmanthus 优雅金桂,,https://www.fragrantica.com/perfume/Ecarlou-lu-jia-yi/Graceful-Sweet-Osmanthus-you-ya-jin-gui-33404.html
51618,ÉCLAT,052 RAR - Spicy Milk,,https://www.fragrantica.com/perfume/ECLAT/052-RAR-Spicy-Milk-137289.html
51619,Eclectic Collections,7 Wonders of the World Colosseum,,https://www.fragrantica.com/perfume/Eclectic-Collections/7-Wonders-of-the-World-Colosseum-7101.html
51620,Eclectic Collections,Agenda,,https://www.fragrantica.com/perfume/Eclectic-Collections/Agenda-7102.html
51621,Eclectic Collections,Aperitif,2011,https://www.fragrantica.com/perfume/Eclectic-Collections/Aperitif-13973.html
51622,Eclectic Collections,Arouse,,https://www.fragrantica.com/perfume/Eclectic-Collections/Arouse-7093.html
51623,Eclectic Collections,Autograph,,https://www.fragrantica.com/perfume/Eclectic-Collections/Autograph-7103.html
51624,Eclectic Collections,Black Stallion by Sergio Goyri,2012,https://www.fragrantica.com/perfume/Eclectic-Collections/Black-Stallion-by-Sergio-Goyri-17347.html
51625,Eclectic Collections,Boutique,2011,https://www.fragrantica.com/perfume/Eclectic-Collections/Boutique-13971.html
51626,Eclectic Collections,Carte Blanche,,https://www.fragrantica.com/perfume/Eclectic-Collections/Carte-Blanche-7104.html
51627,Eclectic Collections,Excellence,,https://www.fragrantica.com/perfume/Eclectic-Collections/Excellence-7094.html
51628,Eclectic Collections,Factor,,https://www.fragrantica.com/perfume/Eclectic-Collections/Factor-7105.html
51629,Eclectic Collections,Impression,,https://www.fragrantica.com/perfume/Eclectic-Collections/Impression-7095.html
51630,Eclectic Collections,Lingerie Silhouette,2011,https://www.fragrantica.com/perfume/Eclectic-Collections/Lingerie-Silhouette-13974.html
51631,Eclectic Collections,Maestro,,https://www.fragrantica.com/perfume/Eclectic-Collections/Maestro-7106.html
51632,Eclectic Collections,Mantra,,https://www.fragrantica.com/perfume/Eclectic-Collections/Mantra-7096.html
51633,Eclectic Collections,Mona Lisa,2011,https://www.fragrantica.com/perfume/Eclectic-Collections/Mona-Lisa-13970.html
51634,Eclectic Collections,Monument,,https://www.fragrantica.com/perfume/Eclectic-Collections/Monument-7107.html
51635,Eclectic Collections,Moonstruck,,https://www.fragrantica.com/perfume/Eclectic-Collections/Moonstruck-7097.html
51636,Eclectic Collections,Painting,2011,https://www.fragrantica.com/perfume/Eclectic-Collections/Painting-13972.html
51637,Eclectic Collections,Persona Non Grata,,https://www.fragrantica.com/perfume/Eclectic-Collections/Persona-Non-Grata-7108.html
51638,Eclectic Collections,Possessed,,https://www.fragrantica.com/perfume/Eclectic-Collections/Possessed-7098.html
51639,Eclectic Collections,Saga,2011,https://www.fragrantica.com/perfume/Eclectic-Collections/Saga-13975.html
51640,Eclectic Collections,Signed Sealed and Delivered,2011,https://www.fragrantica.com/perfume/Eclectic-Collections/Signed-Sealed-and-Delivered-13976.html
51641,Eclectic Collections,Signs,,https://www.fragrantica.com/perfume/Eclectic-Collections/Signs-7099.html
51642,Eclectic Collections,Sonata,,https://www.fragrantica.com/perfume/Eclectic-Collections/Sonata-7100.html
51643,Eclectic Collections,VO by Victor Ortiz,2012,https://www.fragrantica.com/perfume/Eclectic-Collections/VO-by-Victor-Ortiz-17225.html
51644,EcoParfum,Кожаный аромат,2010,https://www.fragrantica.com/perfume/EcoParfum/Kozanyj-aromat-29490.html
51645,EcoParfum,Бандитка,2011,https://www.fragrantica.com/perfume/EcoParfum/Banditka-29500.html
51646,EcoParfum,Пачули,2013,https://www.fragrantica.com/perfume/EcoParfum/Paculi-29494.html
51647,EcoParfum,Страсти по Эллипсу,2014,https://www.fragrantica.com/perfume/EcoParfum/Strasti-po-Ellipsu-29489.html
51648,EcoParfum,Altai,2015,https://www.fragrantica.com/perfume/EcoParfum/Altai-39509.html
51649,EcoParfum,Amber and oud Амбра и уд,2019,https://www.fragrantica.com/perfume/EcoParfum/Amber-and-oud-Ambra-i-ud-61825.html
51650,EcoParfum,Antidepressant Антидепрессант,2018,https://www.fragrantica.com/perfume/EcoParfum/Antidepressant-Antidepressant-61831.html
51651,EcoParfum,Baikal,2015,https://www.fragrantica.com/perfume/EcoParfum/Baikal-39512.html
51652,EcoParfum,Belye Notchi,2015,https://www.fragrantica.com/perfume/EcoParfum/Belye-Notchi-39508.html
51653,EcoParfum,Chocolate saffron,2014,https://www.fragrantica.com/perfume/EcoParfum/Chocolate-saffron-29505.html
51654,EcoParfum,Eau de Cologne Одеколон,2015,https://www.fragrantica.com/perfume/EcoParfum/Eau-de-Cologne-Odekolon-61829.html
51655,EcoParfum,Egolist,2018,https://www.fragrantica.com/perfume/EcoParfum/Egolist-61826.html
51656,EcoParfum,Fire spirit Дух огня,2018,https://www.fragrantica.com/perfume/EcoParfum/Fire-spirit-Duh-ogna-61827.html
51657,EcoParfum,Fresh mango,2017,https://www.fragrantica.com/perfume/EcoParfum/Fresh-mango-61830.html
51658,EcoParfum,La scala,2014,https://www.fragrantica.com/perfume/EcoParfum/La-scala-29503.html
51659,EcoParfum,Shambala Шамбала,2017,https://www.fragrantica.com/perfume/EcoParfum/Shambala-Sambala-61832.html
51660,EcoParfum,Taiga,2015,https://www.fragrantica.com/perfume/EcoParfum/Taiga-39511.html
51661,EcoParfum,Vintage Винтаж,2016,https://www.fragrantica.com/perfume/EcoParfum/Vintage-Vintaz-61828.html
51662,EcoParfum,Zolotoe Koltso,2015,https://www.fragrantica.com/perfume/EcoParfum/Zolotoe-Koltso-39510.html
51663,Ecrin,Suzuran,,https://www.fragrantica.com/perfume/Ecrin/Suzuran-76574.html
51664,Ecstopia,7 Musks,2021,https://www.fragrantica.com/perfume/Ecstopia/7-Musks-77192.html
51665,Ecstopia,Café,2021,https://www.fragrantica.com/perfume/Ecstopia/Cafe-77194.html
51666,Ecstopia,Café Intense,2025,https://www.fragrantica.com/perfume/Ecstopia/Cafe-Intense-117687.html
51667,Ecstopia,Ecstasy,2022,https://www.fragrantica.com/perfume/Ecstopia/Ecstasy-77196.html
51668,Ecstopia,Feral,2021,https://www.fragrantica.com/perfume/Ecstopia/Feral-77190.html
51669,Ecstopia,Gaïac,2021,https://www.fragrantica.com/perfume/Ecstopia/Gaiac-77191.html
51670,Ecstopia,Iris,2025,https://www.fragrantica.com/perfume/Ecstopia/Iris-116605.html
51671,Ecstopia,Neroli,2023,https://www.fragrantica.com/perfume/Ecstopia/Neroli-95433.html
51672,Ecstopia,Night,2023,https://www.fragrantica.com/perfume/Ecstopia/Night-95435.html
51673,Ecstopia,Sawdust,2021,https://www.fragrantica.com/perfume/Ecstopia/Sawdust-77193.html
51674,Ecstopia,Utopia,2022,https://www.fragrantica.com/perfume/Ecstopia/Utopia-77195.html
51675,Ecstopia,Vetiver,2025,https://www.fragrantica.com/perfume/Ecstopia/Vetiver-110359.html
51676,Ecuación Natural,A Life with You,2021,https://www.fragrantica.com/perfume/Ecuacion-Natural/A-Life-with-You-71317.html
51677,Ecuación Natural,El Secreto de la Alcazaba,2021,https://www.fragrantica.com/perfume/Ecuacion-Natural/El-Secreto-de-la-Alcazaba-71316.html
51678,Ecuación Natural,Mr. Magnolia,2021,https://www.fragrantica.com/perfume/Ecuacion-Natural/Mr-Magnolia-71318.html
51679,Ecuación Natural,Pulupa,2021,https://www.fragrantica.com/perfume/Ecuacion-Natural/Pulupa-71319.html
51680,Écume d'Arcachon,Botanique Elixir,,https://www.fragrantica.com/perfume/Ecume-d-Arcachon/Botanique-Elixir-142150.html
51681,Écume d'Arcachon,Dune Océane,,https://www.fragrantica.com/perfume/Ecume-d-Arcachon/Dune-Oceane-142151.html
51682,Écume d'Arcachon,Écume d'Arcachon,,https://www.fragrantica.com/perfume/Ecume-d-Arcachon/Ecume-d-Arcachon-142149.html
51683,Écume d'Arcachon,Territoire des Sables,,https://www.fragrantica.com/perfume/Ecume-d-Arcachon/Territoire-des-Sables-142152.html
51684,Ed Hardy,Born Wild for Men,2010,https://www.parfumo.com/Perfumes/Ed_Hardy/Born_Wild_for_Men
51685,Ed Hardy,Born Wild for Women,2010,https://www.parfumo.com/Perfumes/Ed_Hardy/Born_Wild_for_Women
51686,Ed Hardy,Ed Hardy for Men,2008,https://www.parfumo.com/Perfumes/Ed_Hardy/Ed_Hardy_Man
51687,Ed Hardy,Ed Hardy for Women Ed Hardy 2008 Eau de Parfum,2008,https://www.parfumo.com/Perfumes/Ed_Hardy/Ed_Hardy_Women
51688,Ed Hardy,Ed Hardy for Women Ed Hardy 2010 Solid Perfume,2010,https://www.parfumo.com/Perfumes/Ed_Hardy/Ed_Hardy_for_Women_Solid_Parfum
51689,Ed Hardy,Hearts & Daggers for Men,2009,https://www.parfumo.com/Perfumes/Ed_Hardy/Hearts__Daggers_for_Men
51690,Ed Hardy,Hearts & Daggers for Women,2009,https://www.parfumo.com/Perfumes/Ed_Hardy/Hearts__Daggers_for_Her
51691,Ed Hardy,Love & Luck for Men,2008,https://www.parfumo.com/Perfumes/Ed_Hardy/Love_and_Luck_for_Men
51692,Ed Hardy,Love & Luck for Women Ed Hardy 2008 Eau de Parfum,2008,https://www.parfumo.com/Perfumes/Ed_Hardy/Love_and_Luck_for_Women
51693,Ed Hardy,Love & Luck for Women Ed Hardy 2010 Solid Perfume,2010,https://www.parfumo.com/Perfumes/Ed_Hardy/Love_and_Luck_for_Women_Solid_Parfum
51694,Ed Hardy,Love is... for Men,2014,https://www.parfumo.com/Perfumes/Ed_Hardy/Love_is__for_Men
51695,Ed Hardy,Love is... for Women,2014,https://www.parfumo.com/Perfumes/Ed_Hardy/Love_is__for_Women
51696,Ed Hardy,Skulls & Roses for Her,2012,https://www.parfumo.com/Perfumes/Ed_Hardy/Skulls__Roses_for_Her
51697,Ed Hardy,Skulls & Roses for Him,2012,https://www.parfumo.com/Perfumes/Ed_Hardy/Skulls__Roses_for_Him
51698,Ed Hardy,Skulls & Roses for Him Limited Edition,2013,https://www.parfumo.com/Perfumes/Ed_Hardy/Skulls__Roses_for_Him_Limited_Edition
51699,Ed Hardy,Villain for Men,2011,https://www.parfumo.com/Perfumes/Ed_Hardy/Villain_for_men
51700,Ed Hardy,Villain for Women,2011,https://www.parfumo.com/Perfumes/Ed_Hardy/Villain_for_women
51701,Ed Pinaud,A l'Ombre des Citronniers,2018,https://www.fragrantica.com/perfume/Ed-Pinaud/A-l-Ombre-des-Citronniers-48996.html
51702,Ed Pinaud,Agrume Frais,2011,https://www.fragrantica.com/perfume/Ed-Pinaud/Agrume-Frais-40696.html
51703,Ed Pinaud,Ambre Boisé,2011,https://www.fragrantica.com/perfume/Ed-Pinaud/Ambre-Boise-40692.html
51704,Ed Pinaud,Bergamote Chypré,,https://www.fragrantica.com/perfume/Ed-Pinaud/Bergamote-Chypre-40660.html
51705,Ed Pinaud,Bergamote Jasmin,2008,https://www.fragrantica.com/perfume/Ed-Pinaud/Bergamote-Jasmin-40587.html
51706,Ed Pinaud,Bergamote Mandarine,2011,https://www.fragrantica.com/perfume/Ed-Pinaud/Bergamote-Mandarine-40576.html
51707,Ed Pinaud,Bois d'Anis,2008,https://www.fragrantica.com/perfume/Ed-Pinaud/Bois-d-Anis-40588.html
51708,Ed Pinaud,Bois d'Épice,2008,https://www.fragrantica.com/perfume/Ed-Pinaud/Bois-d-Epice-40691.html
51709,Ed Pinaud,Bois Marine,2008,https://www.fragrantica.com/perfume/Ed-Pinaud/Bois-Marine-40690.html
51710,Ed Pinaud,Cologne Royale (Eau de Cologne),2008,https://www.fragrantica.com/perfume/Ed-Pinaud/Cologne-Royale-40699.html
51711,Ed Pinaud,Eau Fraîche,,https://www.fragrantica.com/perfume/Ed-Pinaud/Eau-Fraiche-40700.html
51712,Ed Pinaud,Écorce Envoutante,2015,https://www.fragrantica.com/perfume/Ed-Pinaud/Ecorce-Envoutante-40657.html
51713,Ed Pinaud,Extra Vieille,2008,https://www.fragrantica.com/perfume/Ed-Pinaud/Extra-Vieille-40698.html
51714,Ed Pinaud,Fleur d'Oranger Musc,2011,https://www.fragrantica.com/perfume/Ed-Pinaud/Fleur-d-Oranger-Musc-40575.html
51715,Ed Pinaud,Fleurs Blanches,2008,https://www.fragrantica.com/perfume/Ed-Pinaud/Fleurs-Blanches-40611.html
51716,Ed Pinaud,Flirt Iris,2013,https://www.fragrantica.com/perfume/Ed-Pinaud/Flirt-Iris-40581.html
51717,Ed Pinaud,Flirt Jasmin,2013,https://www.fragrantica.com/perfume/Ed-Pinaud/Flirt-Jasmin-40580.html
51718,Ed Pinaud,Flirt Pivoine,2013,https://www.fragrantica.com/perfume/Ed-Pinaud/Flirt-Pivoine-40582.html
51719,Ed Pinaud,Florale Attraction,2018,https://www.fragrantica.com/perfume/Ed-Pinaud/Florale-Attraction-48992.html
51720,Ed Pinaud,Fougère Fruité,2008,https://www.fragrantica.com/perfume/Ed-Pinaud/Fougere-Fruite-40695.html
51721,Ed Pinaud,Jasmin Blanc,2011,https://www.fragrantica.com/perfume/Ed-Pinaud/Jasmin-Blanc-40609.html
51722,Ed Pinaud,Jasmin Etoilé,2011,https://www.fragrantica.com/perfume/Ed-Pinaud/Jasmin-Etoile-40577.html
51723,Ed Pinaud,Jasmin Orangé,,https://www.fragrantica.com/perfume/Ed-Pinaud/Jasmin-Orange-40610.html
51724,Ed Pinaud,L'Authentique,2008,https://www.fragrantica.com/perfume/Ed-Pinaud/L-Authentique-40618.html
51725,Ed Pinaud,L'Automnale,2008,https://www.fragrantica.com/perfume/Ed-Pinaud/L-Automnale-40619.html
51726,Ed Pinaud,L'Impériale,,https://www.fragrantica.com/perfume/Ed-Pinaud/L-Imperiale-40697.html
51727,Ed Pinaud,La Matinale,,https://www.fragrantica.com/perfume/Ed-Pinaud/La-Matinale-40614.html
51728,Ed Pinaud,La Printanière,,https://www.fragrantica.com/perfume/Ed-Pinaud/La-Printaniere-40616.html
51729,Ed Pinaud,La Provençale,,https://www.fragrantica.com/perfume/Ed-Pinaud/La-Provencale-40617.html
51730,Ed Pinaud,Madame de Ed Pinaud L'Élégante,2012,https://www.fragrantica.com/perfume/Ed-Pinaud/Madame-de-Ed-Pinaud-L-Elegante-40583.html
51731,Ed Pinaud,Madame de Ed Pinaud la Passionnée,2012,https://www.fragrantica.com/perfume/Ed-Pinaud/Madame-de-Ed-Pinaud-la-Passionnee-40584.html
51732,Ed Pinaud,Monsieur de Ed Pinaud L'Aventurier,2011,https://www.fragrantica.com/perfume/Ed-Pinaud/Monsieur-de-Ed-Pinaud-L-Aventurier-40658.html
51733,Ed Pinaud,Monsieur de Ed Pinaud Le Ténébreux,2011,https://www.fragrantica.com/perfume/Ed-Pinaud/Monsieur-de-Ed-Pinaud-Le-Tenebreux-40659.html
51734,Ed Pinaud,Montagne Mystérieuse,2018,https://www.fragrantica.com/perfume/Ed-Pinaud/Montagne-Mysterieuse-48993.html
51735,Ed Pinaud,Myrte Sauvage,2015,https://www.fragrantica.com/perfume/Ed-Pinaud/Myrte-Sauvage-40620.html
51736,Ed Pinaud,Opéra Divin,2015,https://www.fragrantica.com/perfume/Ed-Pinaud/Opera-Divin-40579.html
51737,Ed Pinaud,Opéra Noir,2015,https://www.fragrantica.com/perfume/Ed-Pinaud/Opera-Noir-40578.html
51738,Ed Pinaud,Orchidée Orientale,2008,https://www.fragrantica.com/perfume/Ed-Pinaud/Orchidee-Orientale-40585.html
51739,Ed Pinaud,Passion Fleurie,2008,https://www.fragrantica.com/perfume/Ed-Pinaud/Passion-Fleurie-40615.html
51740,Ed Pinaud,Pomme Fleurie,2011,https://www.fragrantica.com/perfume/Ed-Pinaud/Pomme-Fleurie-40608.html
51741,Ed Pinaud,Pomme Rouge,2008,https://www.fragrantica.com/perfume/Ed-Pinaud/Pomme-Rouge-40586.html
51742,Ed Pinaud,Promenade en Ete,2018,https://www.fragrantica.com/perfume/Ed-Pinaud/Promenade-en-Ete-48994.html
51743,Ed Pinaud,Rose Patchouli,,https://www.fragrantica.com/perfume/Ed-Pinaud/Rose-Patchouli-40612.html
51744,Ed Pinaud,Soleil de Minuit,2018,https://www.fragrantica.com/perfume/Ed-Pinaud/Soleil-de-Minuit-48995.html
51745,Ed Pinaud,Vert Marin,2011,https://www.fragrantica.com/perfume/Ed-Pinaud/Vert-Marin-40694.html
51746,Ed Pinaud,Vétiver Épicé,2011,https://www.fragrantica.com/perfume/Ed-Pinaud/Vetiver-Epice-40693.html
51747,Ed Pinaud,Voile d'Eau,,https://www.fragrantica.com/perfume/Ed-Pinaud/Voile-d-Eau-40613.html
51748,Ed Pinaud,Ylang Épice,2008,https://www.fragrantica.com/perfume/Ed-Pinaud/Ylang-Epice-40661.html
51749,Eda Taşpınar,100. Yıl Özel Sınırlı Seri & Koku (Body Mist),,https://www.trendyol.com/eda-taspinar/100-yil-ozel-body-mist-sinirli-seri-kalici-koku-200-ml-p-760166768
51750,Eda Taşpınar,Acqua Di & Ferah Koku (Eau de Parfum),,https://www.trendyol.com/eda-taspinar/acqua-di-eau-de-parfum-odunsu-parfum-ferah-koku-100-ml-p-884175391
51751,Eda Taşpınar,Asha Fragrance Intense & Etkileyici Koku (Eau de Parfum),,https://www.trendyol.com/eda-taspinar/asha-fragrance-intense-eau-de-parfum-ciceksi-parfum-etkileyici-koku-150-ml-p-900550726
51752,Eda Taşpınar,Baby Burn Enerjik & Çekici Koku (Body Mist),,https://www.trendyol.com/eda-taspinar/baby-burn-body-mist-enerjik-cekici-koku-200-ml-p-4693911
51753,Eda Taşpınar,Be My Valentine,,https://www.parfumo.com/Perfumes/eda-taspinar/be-my-valentine
51754,Eda Taşpınar,Burn Baby Burn!,,https://www.parfumo.com/Perfumes/eda-taspinar/burn-baby-burn
51755,Eda Taşpınar,Caprice,,https://edataspinar.com/
51756,Eda Taşpınar,Caprice Tatlı & (Eau de Parfum),,https://www.trendyol.com/eda-taspinar/caprice-eau-de-parfum-tatli-ciceksi-kadin-parfum-edp-100-ml-p-343041291
51757,Eda Taşpınar,Careless Whisper (Body Mist),,https://www.parfumo.com/Perfumes/eda-taspinar/careless-whisper
51758,Eda Taşpınar,Chaos & Maskülen & (Eau de Parfum),,https://www.trendyol.com/eda-taspinar/chaos-pour-homme-eau-de-parfum-fresh-maskulen-erkek-parfum-edp-100-ml-p-343041041
51759,Eda Taşpınar,Chaos Elixir & Yoğun Koku & (Eau de Parfum),,https://www.trendyol.com/eda-taspinar/chaos-elixir-eau-de-parfum-aromatik-yogun-koku-edp-100-ml-p-884170229
51760,Eda Taşpınar,Chaos Maskülen & Yoğun Koku (Body Mist),,https://www.trendyol.com/eda-taspinar/chaos-pour-homme-body-mist-maskulen-yogun-koku-200-ml-p-285461853
51761,Eda Taşpınar,Coco,,https://www.parfumo.com/Perfumes/eda-taspinar/coco
51762,Eda Taşpınar,Coconut Coco (Body Mist),,https://edataspinar.com/
51763,Eda Taşpınar,Coconut Coco Egzotik Hindistan Cevizi & Koku (Body Mist),,https://www.trendyol.com/eda-taspinar/coconut-coco-body-mist-egzotik-hindistan-cevizi-kalici-koku-200-ml-p-49865966
51764,Eda Taşpınar,Confessions (Body Mist),,https://www.parfumo.com/Perfumes/eda-taspinar/confessions
51765,Eda Taşpınar,Copacabana Tropikal & Ferah Koku (Body Mist),,https://www.trendyol.com/eda-taspinar/copacabana-body-mist-tropikal-ferah-koku-200-ml-p-793612601
51766,Eda Taşpınar,Crave,,https://www.parfumo.com/Perfumes/eda-taspinar/crave
51767,Eda Taşpınar,Damla Kınık Collection & Koku (Body Mist),,https://www.trendyol.com/eda-taspinar/damla-kinik-collection-body-mist-ozel-seri-kalici-koku-200-ml-p-464460391
51768,Eda Taşpınar,Damla Kınık Collection (Body Mist),,https://edataspinar.com/
51769,Eda Taşpınar,Desert Rose Amber (Body Mist),,https://www.parfumo.com/Perfumes/eda-taspinar/desert-rose-amber
51770,Eda Taşpınar,Enigma Mist & Gizemli Koku & (Eau de Parfum),,https://www.trendyol.com/eda-taspinar/enigma-parfum-mist-oryantal-gizemli-koku-edp-parfum-100-ml-p-885694616
51771,Eda Taşpınar,Explorer & Etkileyici Koku & (Eau de Parfum),,https://www.trendyol.com/eda-taspinar/explorer-eau-de-parfum-oryantal-etkileyici-koku-edp-parfum-100-ml-p-884170030
51772,Eda Taşpınar,Femme Fatale,,https://www.parfumo.com/Perfumes/eda-taspinar/femme-fatale
51773,Eda Taşpınar,French Kiss (Body Mist),,https://www.parfumo.com/Perfumes/eda-taspinar/french-kiss
51774,Eda Taşpınar,Gaia (Body Mist),,https://edataspinar.com/
51775,Eda Taşpınar,Gaia Nergis & Çiçekli & Dengeli Koku (Body Mist),,https://www.trendyol.com/eda-taspinar/gaia-body-mist-nergis-cicekli-dengeli-koku-200-ml-p-844121848
51776,Eda Taşpınar,Groove Fragrance Intense,,https://edataspinar.com/
51777,Eda Taşpınar,Groove Fragrance Intense & Zarif Koku (Eau de Parfum),,https://www.trendyol.com/eda-taspinar/groove-fragrance-intense-eau-de-parfum-ciceksi-parfum-zarif-koku-150-ml-p-898531485
51778,Eda Taşpınar,Ibiza Canlı & Eğlenceli Koku (Body Mist),,https://www.trendyol.com/eda-taspinar/ibiza-body-mist-canli-eglenceli-koku-200-ml-p-793611992
51779,Eda Taşpınar,Intense & Koku & (Eau de Parfum),,https://www.trendyol.com/eda-taspinar/intense-eau-de-parfum-oryantal-kalici-koku-edp-parfum-100-ml-p-884176582
51780,Eda Taşpınar,Jungle Fever,,https://www.parfumo.com/Perfumes/eda-taspinar/jungle-fever
51781,Eda Taşpınar,Love Potion No: 1 (Body Mist),,https://www.parfumo.com/Perfumes/eda-taspinar/love-potion-no-1
51782,Eda Taşpınar,Lust,,https://www.parfumo.com/Perfumes/eda-taspinar/lust
51783,Eda Taşpınar,Lust Yoğun & Baştan Çıkarıcı Koku (Body Mist),,https://www.trendyol.com/eda-taspinar/lust-body-mist-yogun-bastan-cikarici-koku-200-ml-p-2488060
51784,Eda Taşpınar,Merve Çolak Dereli Collection & Etkileyici Koku (Body Mist),,https://www.trendyol.com/eda-taspinar/merve-colak-dereli-collection-body-mist-ozel-seri-etkileyici-koku-200-ml-p-464459747
51785,Eda Taşpınar,Miami (Body Mist),,https://edataspinar.com/
51786,Eda Taşpınar,Miami Enerjik & Koku (Body Mist),,https://www.trendyol.com/eda-taspinar/miami-body-mist-enerjik-ciceksi-koku-200-ml-p-793612671
51787,Eda Taşpınar,Mon Dieu,,https://edataspinar.com/
51788,Eda Taşpınar,Mon Dieu Derin & Etkileyici Koku & (Eau de Parfum),,https://www.trendyol.com/eda-taspinar/mon-dieu-eau-de-parfum-derin-oryantal-etkileyici-koku-edp-parfum-100-ml-p-884175712
51789,Eda Taşpınar,Mykonos Deniz Esintili & Şekerli Koku (Body Mist),,https://www.trendyol.com/eda-taspinar/mykonos-body-mist-deniz-esintili-sekerli-koku-200-ml-p-793612901
51790,Eda Taşpınar,Myra Fragrance Intense & Koku (Eau de Parfum),,https://www.trendyol.com/eda-taspinar/myra-fragrance-intense-eau-de-parfum-ciceksi-parfum-kalici-koku-150-ml-p-900550718
51791,Eda Taşpınar,New Year Green Ferah & Canlandırıcı Koku (Body Mist),,https://www.trendyol.com/eda-taspinar/new-year-green-body-mist-ferah-canlandirici-koku-200-ml-p-770908637
51792,Eda Taşpınar,New Year Limited Edition,,https://www.parfumo.com/Perfumes/eda-taspinar/new-year-limited-edition
51793,Eda Taşpınar,New Year Mist & Sıcak Koku & (Eau de Parfum),,https://www.trendyol.com/eda-taspinar/new-year-parfum-mist-oryantal-sicak-koku-edp-parfum-100-ml-p-1041595886
51794,Eda Taşpınar,Noble,,https://edataspinar.com/
51795,Eda Taşpınar,Noble Mist & Zarif Koku & (Eau de Parfum),,https://www.trendyol.com/eda-taspinar/noble-parfum-mist-aromatik-zarif-koku-edp-parfum-100-ml-p-885694556
51796,Eda Taşpınar,Nova,,https://edataspinar.com/
51797,Eda Taşpınar,Nova Mist & Canlandırıcı Koku & (Eau de Parfum),,https://www.trendyol.com/eda-taspinar/nova-parfum-mist-aromatik-canlandirici-koku-edp-parfum-100-ml-p-885694558
51798,Eda Taşpınar,Poker Face (Body Mist),,https://www.parfumo.com/Perfumes/eda-taspinar/poker-face
51799,Eda Taşpınar,Queen of Cool Aqua (Body Mist),,https://www.parfumo.com/Perfumes/eda-taspinar/queen-of-cool-aqua
51800,Eda Taşpınar,Queen of the Sun (Body Mist),,https://www.parfumo.com/Perfumes/eda-taspinar/queen-of-the-sun
51801,Eda Taşpınar,Queen Of The Sun Kakao & Sıcak & Işıltılı Koku (Body Mist),,https://www.trendyol.com/eda-taspinar/queen-of-the-sun-body-mist-kakao-sicak-isiltili-koku-200-ml-p-45024370
51802,Eda Taşpınar,Regina (Eau de Cologne),,https://www.trendyol.com/eda-taspinar/regina-kadin-parfum-edp-oryantal-100-ml-p-343040359
51803,Eda Taşpınar,Scent Carnaval Caprice Tatlı & x (Eau de Parfum),,https://www.trendyol.com/eda-taspinar/scent-carnaval-caprice-eau-de-parfum-tatli-ciceksi-kadin-parfum-edp-5-ml-x-2-adet-p-1197745152
51804,Eda Taşpınar,Scent Carnaval Chaos & Maskülen x (Eau de Parfum),,https://www.trendyol.com/eda-taspinar/scent-carnaval-chaos-pour-homme-eau-de-parfum-fresh-maskulen-erkek-parfum-edp-5-ml-x-2-adet-p-1197759581
51805,Eda Taşpınar,Scent Carnaval Explorer & Etkileyici Koku x (Eau de Parfum),,https://www.trendyol.com/eda-taspinar/scent-carnaval-explorer-eau-de-parfum-oryantal-etkileyici-koku-edp-5-ml-x-2-adet-p-1197794995
51806,Eda Taşpınar,Scent Carnaval Mon Dieu Derin & Etkileyici Koku x (Eau de Parfum),,https://www.trendyol.com/eda-taspinar/scent-carnaval-mon-dieu-eau-de-parfum-derin-oryantal-etkileyici-koku-edp-5-ml-x-2-adet-p-1197741202
51807,Eda Taşpınar,Scent Carnaval Regina x (Eau de Parfum),,https://www.trendyol.com/eda-taspinar/scent-carnaval-regina-kadin-parfum-oryantal-edp-5-ml-x-2-adet-p-1197737364
51808,Eda Taşpınar,Scent Carnaval Social & Zarif Koku x (Eau de Parfum),,https://www.trendyol.com/eda-taspinar/scent-carnaval-social-eau-de-parfum-ciceksi-zarif-koku-edp-5-ml-x-2-adet-p-1203172479
51809,Eda Taşpınar,Scent Carnaval Sport & Enerjik Koku x (Eau de Parfum),,https://www.trendyol.com/eda-taspinar/scent-carnaval-sport-eau-de-parfum-aromatik-enerjik-koku-edp-5-ml-x-2-adet-p-1203172209
51810,Eda Taşpınar,Simli Poker Face (Body Mist),,https://www.trendyol.com/eda-taspinar/simli-poker-face-body-mist-200-ml-p-97526289
51811,Eda Taşpınar,Sport & Enerjik Koku & (Eau de Parfum),,https://www.trendyol.com/eda-taspinar/sport-eau-de-parfum-aromatik-enerjik-koku-edp-parfum-100-ml-p-885388347
51812,Eda Taşpınar,Squad Aslı Atıl Collection & Koku (Body Mist),,https://www.trendyol.com/eda-taspinar/squad-asli-atil-collection-body-mist-ozel-seri-kalici-koku-200-ml-p-464457727
51813,Eda Taşpınar,Squad Myleo Simli Işıltılı Görünüm & Gül Aromalı & Koku (Body Mist),,https://www.trendyol.com/eda-taspinar/squad-myleo-simli-body-mist-isiltili-gorunum-gul-aromali-ciceksi-koku-200-ml-p-968460343
51814,Eda Taşpınar,Tulum Egzotik & Ferah Koku (Body Mist),,https://www.trendyol.com/eda-taspinar/tulum-body-mist-egzotik-ferah-koku-200-ml-p-793613484
51815,Eda Taşpınar,Vanilla Crunch (Body Mist),,https://edataspinar.com/
51816,Eda Taşpınar,Vanilla Crunch Tatlı Vanilya & Koku (Body Mist),,https://www.trendyol.com/eda-taspinar/vanilla-crunch-body-mist-tatli-vanilya-kalici-koku-200-ml-p-305222292
51817,Eda Taşpınar,Vanilla Crunch Vanilya Madagaskar’ın Eşsiz Kokusu Baştan Çıkarıcı * (Body Mist),,https://www.trendyol.com/eda-taspinar/vanilla-crunch-vanilya-body-mist-madagaskar-in-essiz-kokusu-bastan-cikarici-2-adet-200-ml-p-809001260
51818,Eda Taşpınar,Wild Things (Body Mist),,https://www.parfumo.com/Perfumes/eda-taspinar/wild-things
51819,Eda Taşpınar,Zanou Cherry Blossom (Body Mist),,https://edataspinar.com/
51820,Eda Taşpınar,Zanou Cherry Blossom Sakura & & Ferah Koku (Body Mist),,https://www.trendyol.com/eda-taspinar/zanou-cherry-blossom-body-mist-sakura-ciceksi-ferah-koku-200-ml-p-844122355
51821,Eddie Bauer,Adventurer,1993,https://www.fragrantica.com/perfume/Eddie-Bauer/Adventurer-15409.html
51822,Eddie Bauer,Adventurer II,2008,https://www.fragrantica.com/perfume/Eddie-Bauer/Adventurer-II-15410.html
51823,Eddy Ford Beverly Hills,Evoke Eau de Parfum,2017,https://www.fragrantica.com/perfume/Eddy-Ford-Beverly-Hills/Evoke-Eau-de-Parfum-45715.html
51824,Edel By Eulalia de Lucia,Emotional River,2025,https://www.fragrantica.com/perfume/Edel-By-Eulalia-de-Lucia/Emotional-River-119412.html
51825,Edel By Eulalia de Lucia,Free Blossom,2025,https://www.fragrantica.com/perfume/Edel-By-Eulalia-de-Lucia/Free-Blossom-119414.html
51826,Edel By Eulalia de Lucia,Habana Mia,2025,https://www.fragrantica.com/perfume/Edel-By-Eulalia-de-Lucia/Habana-Mia-119413.html
51827,Edel By Eulalia de Lucia,Rouge Tempo,2025,https://www.fragrantica.com/perfume/Edel-By-Eulalia-de-Lucia/Rouge-Tempo-119409.html
51828,Edel By Eulalia de Lucia,Sadness Tears,2025,https://www.fragrantica.com/perfume/Edel-By-Eulalia-de-Lucia/Sadness-Tears-119410.html
51829,Edel By Eulalia de Lucia,Sweet Nostalgia,2025,https://www.fragrantica.com/perfume/Edel-By-Eulalia-de-Lucia/Sweet-Nostalgia-119411.html
51830,Eden Classic,Blase,1975,https://www.fragrantica.com/perfume/Eden-Classic/Blase-10916.html
51831,Eden Classic,Blase Intense,,https://www.fragrantica.com/perfume/Eden-Classic/Blase-Intense-12275.html
51832,Eden Classic,Mandate,1976,https://www.fragrantica.com/perfume/Eden-Classic/Mandate-10917.html
51833,Eden Classic,Rapport,1988,https://www.fragrantica.com/perfume/Eden-Classic/Rapport-10918.html
51834,Eden Park,Cup,2015,https://www.fragrantica.com/perfume/Eden-Park/Cup-31133.html
51835,Eden Park,Eden Park L'Eau de Sport Glacee,2008,https://www.fragrantica.com/perfume/Eden-Park/Eden-Park-L-Eau-de-Sport-Glacee-3421.html
51836,Eden Park,Pink Fizz,2009,https://www.fragrantica.com/perfume/Eden-Park/Pink-Fizz-14204.html
51837,Edenbridge,Cavalier,2019,https://www.fragrantica.com/perfume/Edenbridge/Cavalier-69100.html
51838,Edenbridge,Chartwell,2019,https://www.fragrantica.com/perfume/Edenbridge/Chartwell-69098.html
51839,Edenbridge,Corsican,2020,https://www.fragrantica.com/perfume/Edenbridge/Corsican-69105.html
51840,Edenbridge,Erebus,2020,https://www.fragrantica.com/perfume/Edenbridge/Erebus-69103.html
51841,Edenbridge,Finca Vigía,2021,https://www.fragrantica.com/perfume/Edenbridge/Finca-Vigia-69108.html
51842,Edenbridge,Great Expectations,2019,https://www.fragrantica.com/perfume/Edenbridge/Great-Expectations-69099.html
51843,Edenbridge,Hamilton,2019,https://www.fragrantica.com/perfume/Edenbridge/Hamilton-69101.html
51844,Edenbridge,North Shore,2020,https://www.fragrantica.com/perfume/Edenbridge/North-Shore-69107.html
51845,Edenbridge,Payprus,2019,https://www.fragrantica.com/perfume/Edenbridge/Payprus-69104.html
51846,Edenbridge,Unconquered,2019,https://www.fragrantica.com/perfume/Edenbridge/Unconquered-69106.html
51847,Edenbridge,Versailles,2020,https://www.fragrantica.com/perfume/Edenbridge/Versailles-69102.html
51848,Edeniste,Cuir Sauvage,2022,https://www.fragrantica.com/perfume/Edeniste/Cuir-Sauvage-87621.html
51849,Edeniste,Dream,2022,https://www.fragrantica.com/perfume/Edeniste/Dream-75439.html
51850,Edeniste,Energy,2022,https://www.fragrantica.com/perfume/Edeniste/Energy-75440.html
51851,Edeniste,Happiness,2022,https://www.fragrantica.com/perfume/Edeniste/Happiness-75441.html
51852,Edeniste,Jasmin Cruel,2022,https://www.fragrantica.com/perfume/Edeniste/Jasmin-Cruel-75430.html
51853,Edeniste,Love,2023,https://www.fragrantica.com/perfume/Edeniste/Love-87620.html
51854,Edeniste,Néroli Sensuel,2022,https://www.fragrantica.com/perfume/Edeniste/Neroli-Sensuel-75434.html
51855,Edeniste,Oud Ghazal,2024,https://www.fragrantica.com/perfume/Edeniste/Oud-Ghazal-97642.html
51856,Edeniste,Oud Mystique,2022,https://www.fragrantica.com/perfume/Edeniste/Oud-Mystique-88176.html
51857,Edeniste,Relax,2022,https://www.fragrantica.com/perfume/Edeniste/Relax-75442.html
51858,Edeniste,Rose Délice,2022,https://www.fragrantica.com/perfume/Edeniste/Rose-Delice-75436.html
51859,Edeniste,Rose Fatale,2022,https://www.fragrantica.com/perfume/Edeniste/Rose-Fatale-75437.html
51860,Edeniste,Seduction,2022,https://www.fragrantica.com/perfume/Edeniste/Seduction-75443.html
51861,Edeniste,Vanille Irresistible,2022,https://www.fragrantica.com/perfume/Edeniste/Vanille-Irresistible-75438.html
51862,Edeniste,Vétiver Imaginaire,2022,https://www.fragrantica.com/perfume/Edeniste/Vetiver-Imaginaire-75429.html
51863,Edeniste,Wellbeing,2022,https://www.fragrantica.com/perfume/Edeniste/Wellbeing-75444.html
51864,Edens Garden,Allure,2018,https://www.fragrantica.com/perfume/Edens-Garden/Allure-63186.html
51865,Edens Garden,Lavender Magnolia,2018,https://www.fragrantica.com/perfume/Edens-Garden/Lavender-Magnolia-63187.html
51866,Edens Garden,Rose Bergamot,2018,https://www.fragrantica.com/perfume/Edens-Garden/Rose-Bergamot-63188.html
51867,Edens Garden,Shine,2018,https://www.fragrantica.com/perfume/Edens-Garden/Shine-63189.html
51868,Edens Garden,Vanilla Sandalwood,2018,https://www.fragrantica.com/perfume/Edens-Garden/Vanilla-Sandalwood-63184.html
51869,Edens Garden,XOXO,2018,https://www.fragrantica.com/perfume/Edens-Garden/XOXO-63185.html
51870,Edgardio Chilini,Денежные духи,2011,https://www.fragrantica.com/perfume/Edgardio-Chilini/Deneznye-dukhi-96705.html
51871,Edgardio Chilini,50 Shades Of You,2015,https://www.fragrantica.com/perfume/Edgardio-Chilini/50-Shades-Of-You-49218.html
51872,Edgardio Chilini,Adequate,2019,https://www.fragrantica.com/perfume/Edgardio-Chilini/Adequate-78163.html
51873,Edgardio Chilini,Adulter,2016,https://www.fragrantica.com/perfume/Edgardio-Chilini/Adulter-96676.html
51874,Edgardio Chilini,Alice,2019,https://www.fragrantica.com/perfume/Edgardio-Chilini/Alice-96637.html
51875,Edgardio Chilini,Amber Rouge,2018,https://www.fragrantica.com/perfume/Edgardio-Chilini/Amber-Rouge-78164.html
51876,Edgardio Chilini,Apple Sorbet,2021,https://www.fragrantica.com/perfume/Edgardio-Chilini/Apple-Sorbet-96692.html
51877,Edgardio Chilini,Atom,2016,https://www.fragrantica.com/perfume/Edgardio-Chilini/Atom-78165.html
51878,Edgardio Chilini,Aventure,2015,https://www.fragrantica.com/perfume/Edgardio-Chilini/Aventure-96678.html
51879,Edgardio Chilini,Bed Of Flowers,2013,https://www.fragrantica.com/perfume/Edgardio-Chilini/Bed-Of-Flowers-78166.html
51880,Edgardio Chilini,Bergamot Sorbet,2019,https://www.fragrantica.com/perfume/Edgardio-Chilini/Bergamot-Sorbet-69030.html
51881,Edgardio Chilini,Boudoir Blanc,2019,https://www.fragrantica.com/perfume/Edgardio-Chilini/Boudoir-Blanc-78167.html
51882,Edgardio Chilini,Boudoir Noir,2015,https://www.fragrantica.com/perfume/Edgardio-Chilini/Boudoir-Noir-49219.html
51883,Edgardio Chilini,Bukhara,2011,https://www.fragrantica.com/perfume/Edgardio-Chilini/Bukhara-96677.html
51884,Edgardio Chilini,Caféier,2014,https://www.fragrantica.com/perfume/Edgardio-Chilini/Cafeier-78169.html
51885,Edgardio Chilini,Casta Diva,2014,https://www.fragrantica.com/perfume/Edgardio-Chilini/Casta-Diva-96668.html
51886,Edgardio Chilini,Cherry Sorbet,2021,https://www.fragrantica.com/perfume/Edgardio-Chilini/Cherry-Sorbet-96696.html
51887,Edgardio Chilini,Cheshire Cat,2019,https://www.fragrantica.com/perfume/Edgardio-Chilini/Cheshire-Cat-96636.html
51888,Edgardio Chilini,Chestnut Sorbet,2021,https://www.fragrantica.com/perfume/Edgardio-Chilini/Chestnut-Sorbet-96682.html
51889,Edgardio Chilini,Cinnamon Cocktail,2016,https://www.fragrantica.com/perfume/Edgardio-Chilini/Cinnamon-Cocktail-96647.html
51890,Edgardio Chilini,Debauch,2016,https://www.fragrantica.com/perfume/Edgardio-Chilini/Debauch-78170.html
51891,Edgardio Chilini,Degree Of Imagination,2016,https://www.fragrantica.com/perfume/Edgardio-Chilini/Degree-Of-Imagination-96690.html
51892,Edgardio Chilini,Ego Baby,2015,https://www.fragrantica.com/perfume/Edgardio-Chilini/Ego-Baby-96654.html
51893,Edgardio Chilini,El Secreto de Sus Ojos,2012,https://www.fragrantica.com/perfume/Edgardio-Chilini/El-Secreto-de-Sus-Ojos-49193.html
51894,Edgardio Chilini,Enfant Terrible,2017,https://www.fragrantica.com/perfume/Edgardio-Chilini/Enfant-Terrible-96681.html
51895,Edgardio Chilini,Flory Berry,2020,https://www.fragrantica.com/perfume/Edgardio-Chilini/Flory-Berry-96661.html
51896,Edgardio Chilini,Frida,2018,https://www.fragrantica.com/perfume/Edgardio-Chilini/Frida-96697.html
51897,Edgardio Chilini,Ginger Spice,2017,https://www.fragrantica.com/perfume/Edgardio-Chilini/Ginger-Spice-96666.html
51898,Edgardio Chilini,Good Morning,2014,https://www.fragrantica.com/perfume/Edgardio-Chilini/Good-Morning-49209.html
51899,Edgardio Chilini,Grapefruit Sorbet,2019,https://www.fragrantica.com/perfume/Edgardio-Chilini/Grapefruit-Sorbet-69033.html
51900,Edgardio Chilini,Green Fig,2018,https://www.fragrantica.com/perfume/Edgardio-Chilini/Green-Fig-96675.html
51901,Edgardio Chilini,Head In The Clouds,2014,https://www.fragrantica.com/perfume/Edgardio-Chilini/Head-In-The-Clouds-96699.html
51902,Edgardio Chilini,How To Steal A Million,2017,https://www.fragrantica.com/perfume/Edgardio-Chilini/How-To-Steal-A-Million-96643.html
51903,Edgardio Chilini,Hype Hive,2020,https://www.fragrantica.com/perfume/Edgardio-Chilini/Hype-Hive-96683.html
51904,Edgardio Chilini,Hypnose Douce,2013,https://www.fragrantica.com/perfume/Edgardio-Chilini/Hypnose-Douce-96664.html
51905,Edgardio Chilini,Influencer,2021,https://www.fragrantica.com/perfume/Edgardio-Chilini/Influencer-96685.html
51906,Edgardio Chilini,Irish Cream,2016,https://www.fragrantica.com/perfume/Edgardio-Chilini/Irish-Cream-96670.html
51907,Edgardio Chilini,Kenya,2016,https://www.fragrantica.com/perfume/Edgardio-Chilini/Kenya-96702.html
51908,Edgardio Chilini,Lambrusco,2018,https://www.fragrantica.com/perfume/Edgardio-Chilini/Lambrusco-96694.html
51909,Edgardio Chilini,Languor In Passions,2017,https://www.fragrantica.com/perfume/Edgardio-Chilini/Languor-In-Passions-96660.html
51910,Edgardio Chilini,Le Bois de Boulogne,2012,https://www.fragrantica.com/perfume/Edgardio-Chilini/Le-Bois-de-Boulogne-49194.html
51911,Edgardio Chilini,Lemon Sorbet,2019,https://www.fragrantica.com/perfume/Edgardio-Chilini/Lemon-Sorbet-69036.html
51912,Edgardio Chilini,Lime vs Coco,2013,https://www.fragrantica.com/perfume/Edgardio-Chilini/Lime-vs-Coco-96658.html
51913,Edgardio Chilini,Linden Ice Tea,2016,https://www.fragrantica.com/perfume/Edgardio-Chilini/Linden-Ice-Tea-96646.html
51914,Edgardio Chilini,Look But Don't Touch,2019,https://www.fragrantica.com/perfume/Edgardio-Chilini/Look-But-Don-t-Touch-96673.html
51915,Edgardio Chilini,Luxuriance,2020,https://www.fragrantica.com/perfume/Edgardio-Chilini/Luxuriance-96707.html
51916,Edgardio Chilini,Luxury & Nostalgia,2015,https://www.fragrantica.com/perfume/Edgardio-Chilini/Luxury-Nostalgia-96655.html
51917,Edgardio Chilini,Macadamia Sorbet,2020,https://www.fragrantica.com/perfume/Edgardio-Chilini/Macadamia-Sorbet-69039.html
51918,Edgardio Chilini,Mad Hatter,2019,https://www.fragrantica.com/perfume/Edgardio-Chilini/Mad-Hatter-96638.html
51919,Edgardio Chilini,Madness Of Blackcurrant,2015,https://www.fragrantica.com/perfume/Edgardio-Chilini/Madness-Of-Blackcurrant-96665.html
51920,Edgardio Chilini,Magisterium,2016,https://www.fragrantica.com/perfume/Edgardio-Chilini/Magisterium-96652.html
51921,Edgardio Chilini,Mandragora,2015,https://www.fragrantica.com/perfume/Edgardio-Chilini/Mandragora-96703.html
51922,Edgardio Chilini,Mango Sorbet,2019,https://www.fragrantica.com/perfume/Edgardio-Chilini/Mango-Sorbet-69040.html
51923,Edgardio Chilini,Mangosteen,2018,https://www.fragrantica.com/perfume/Edgardio-Chilini/Mangosteen-96680.html
51924,Edgardio Chilini,Masculism,2021,https://www.fragrantica.com/perfume/Edgardio-Chilini/Masculism-96706.html
51925,Edgardio Chilini,Mexican Vanilla,2011,https://www.fragrantica.com/perfume/Edgardio-Chilini/Mexican-Vanilla-49158.html
51926,Edgardio Chilini,Milky Way,2018,https://www.fragrantica.com/perfume/Edgardio-Chilini/Milky-Way-96649.html
51927,Edgardio Chilini,Mojito Sorbet,2021,https://www.fragrantica.com/perfume/Edgardio-Chilini/Mojito-Sorbet-96663.html
51928,Edgardio Chilini,Mon Fils À Moi,2017,https://www.fragrantica.com/perfume/Edgardio-Chilini/Mon-Fils-A-Moi-73527.html
51929,Edgardio Chilini,Moscow Time,2019,https://www.fragrantica.com/perfume/Edgardio-Chilini/Moscow-Time-96662.html
51930,Edgardio Chilini,No Faith In Love,2017,https://www.fragrantica.com/perfume/Edgardio-Chilini/No-Faith-In-Love-96704.html
51931,Edgardio Chilini,No Strength,2014,https://www.fragrantica.com/perfume/Edgardio-Chilini/No-Strength-96657.html
51932,Edgardio Chilini,Orange Sorbet,2019,https://www.fragrantica.com/perfume/Edgardio-Chilini/Orange-Sorbet-69041.html
51933,Edgardio Chilini,Passion Fruit Sorbet,2019,https://www.fragrantica.com/perfume/Edgardio-Chilini/Passion-Fruit-Sorbet-69042.html
51934,Edgardio Chilini,Pear Sorbet,2018,https://www.fragrantica.com/perfume/Edgardio-Chilini/Pear-Sorbet-69043.html
51935,Edgardio Chilini,Pineapple Sorbet,2020,https://www.fragrantica.com/perfume/Edgardio-Chilini/Pineapple-Sorbet-69044.html
51936,Edgardio Chilini,Pomegranate Sorbet,2021,https://www.fragrantica.com/perfume/Edgardio-Chilini/Pomegranate-Sorbet-69045.html
51937,Edgardio Chilini,Poseidon,2015,https://www.fragrantica.com/perfume/Edgardio-Chilini/Poseidon-96656.html
51938,Edgardio Chilini,Pursuit,2017,https://www.fragrantica.com/perfume/Edgardio-Chilini/Pursuit-96709.html
51939,Edgardio Chilini,Quantum of Solace,2014,https://www.fragrantica.com/perfume/Edgardio-Chilini/Quantum-of-Solace-49210.html
51940,Edgardio Chilini,Red Queen,2019,https://www.fragrantica.com/perfume/Edgardio-Chilini/Red-Queen-96639.html
51941,Edgardio Chilini,Rhubarb Jealous,2020,https://www.fragrantica.com/perfume/Edgardio-Chilini/Rhubarb-Jealous-96695.html
51942,Edgardio Chilini,Rose Tea Jam,2013,https://www.fragrantica.com/perfume/Edgardio-Chilini/Rose-Tea-Jam-96648.html
51943,Edgardio Chilini,Sapore di Baci,2019,https://www.fragrantica.com/perfume/Edgardio-Chilini/Sapore-di-Baci-96669.html
51944,Edgardio Chilini,Saw,2017,https://www.fragrantica.com/perfume/Edgardio-Chilini/Saw-96644.html
51945,Edgardio Chilini,Seaward Angel,2016,https://www.fragrantica.com/perfume/Edgardio-Chilini/Seaward-Angel-96672.html
51946,Edgardio Chilini,Senses,2015,https://www.fragrantica.com/perfume/Edgardio-Chilini/Senses-96659.html
51947,Edgardio Chilini,Silver Olibanum,2012,https://www.fragrantica.com/perfume/Edgardio-Chilini/Silver-Olibanum-49213.html
51948,Edgardio Chilini,Skin Scent Baby,2014,https://www.fragrantica.com/perfume/Edgardio-Chilini/Skin-Scent-Baby-96642.html
51949,Edgardio Chilini,Skin Scent Man,2014,https://www.fragrantica.com/perfume/Edgardio-Chilini/Skin-Scent-Man-96640.html
51950,Edgardio Chilini,Skin Scent Woman,2012,https://www.fragrantica.com/perfume/Edgardio-Chilini/Skin-Scent-Woman-96641.html
51951,Edgardio Chilini,Soldier. Russian Tales,2016,https://www.fragrantica.com/perfume/Edgardio-Chilini/Soldier-Russian-Tales-96701.html
51952,Edgardio Chilini,Soul Power,2015,https://www.fragrantica.com/perfume/Edgardio-Chilini/Soul-Power-96653.html
51953,Edgardio Chilini,Source Code,2016,https://www.fragrantica.com/perfume/Edgardio-Chilini/Source-Code-96700.html
51954,Edgardio Chilini,Strawberry Ecstasy,2013,https://www.fragrantica.com/perfume/Edgardio-Chilini/Strawberry-Ecstasy-96667.html
51955,Edgardio Chilini,Sublime Lavender,2018,https://www.fragrantica.com/perfume/Edgardio-Chilini/Sublime-Lavender-96674.html
51956,Edgardio Chilini,Tangerine Sorbet,2020,https://www.fragrantica.com/perfume/Edgardio-Chilini/Tangerine-Sorbet-69046.html
51957,Edgardio Chilini,The Great Gatsby,2014,https://www.fragrantica.com/perfume/Edgardio-Chilini/The-Great-Gatsby-96698.html
51958,Edgardio Chilini,Theme Fresia,2024,https://www.fragrantica.com/perfume/Edgardio-Chilini/Theme-Fresia-96691.html
51959,Edgardio Chilini,Theme Mimosa,2022,https://www.fragrantica.com/perfume/Edgardio-Chilini/Theme-Mimosa-96689.html
51960,Edgardio Chilini,Theme Muguet,2022,https://www.fragrantica.com/perfume/Edgardio-Chilini/Theme-Muguet-96688.html
51961,Edgardio Chilini,Theme Tomato,2023,https://www.fragrantica.com/perfume/Edgardio-Chilini/Theme-Tomato-96684.html
51962,Edgardio Chilini,Theme Tulip,2022,https://www.fragrantica.com/perfume/Edgardio-Chilini/Theme-Tulip-96686.html
51963,Edgardio Chilini,Theme Ylang-Ylang,2022,https://www.fragrantica.com/perfume/Edgardio-Chilini/Theme-Ylang-Ylang-96687.html
51964,Edgardio Chilini,Transsilvania,2016,https://www.fragrantica.com/perfume/Edgardio-Chilini/Transsilvania-96671.html
51965,Edgardio Chilini,Trixie,2012,https://www.fragrantica.com/perfume/Edgardio-Chilini/Trixie-96651.html
51966,Edgardio Chilini,Universe,2010,https://www.fragrantica.com/perfume/Edgardio-Chilini/Universe-96650.html
51967,Edgardio Chilini,Vahine No Te Tiare,2014,https://www.fragrantica.com/perfume/Edgardio-Chilini/Vahine-No-Te-Tiare-96645.html
51968,Edgardio Chilini,Vicky Cristina Barcelona,2015,https://www.fragrantica.com/perfume/Edgardio-Chilini/Vicky-Cristina-Barcelona-49220.html
51969,Edgardio Chilini,Votre Nuit,2018,https://www.fragrantica.com/perfume/Edgardio-Chilini/Votre-Nuit-96679.html
51970,Edgardio Chilini,White Porcelain,2018,https://www.fragrantica.com/perfume/Edgardio-Chilini/White-Porcelain-96708.html
51971,Edgardio Chilini,White Queen,2019,https://www.fragrantica.com/perfume/Edgardio-Chilini/White-Queen-96634.html
51972,Edgardio Chilini,White Rabbit,2019,https://www.fragrantica.com/perfume/Edgardio-Chilini/White-Rabbit-96635.html
51973,Edgardio Chilini,Witch,2015,https://www.fragrantica.com/perfume/Edgardio-Chilini/Witch-49221.html
51974,Edgardio Chilini,Youth Elixir,2020,https://www.fragrantica.com/perfume/Edgardio-Chilini/Youth-Elixir-62848.html
51975,Edge,Apoch,2019,https://www.fragrantica.com/perfume/Edge/Apoch-79054.html
51976,Edge,Neor,2019,https://www.fragrantica.com/perfume/Edge/Neor-79055.html
51977,Edge,Syond,2019,https://www.fragrantica.com/perfume/Edge/Syond-79056.html
51978,ÉDIT(h),Club Lonely,2022,https://www.fragrantica.com/perfume/EDIT-h/Club-Lonely-91102.html
51979,ÉDIT(h),Cocktail Lane,2023,https://www.fragrantica.com/perfume/EDIT-h/Cocktail-Lane-81154.html
51980,ÉDIT(h),Earl Grey,2020,https://www.fragrantica.com/perfume/EDIT-h/Earl-Grey-74562.html
51981,ÉDIT(h),Green Velvet,2021,https://www.fragrantica.com/perfume/EDIT-h/Green-Velvet-74558.html
51982,ÉDIT(h),Jardin des Mots,2021,https://www.fragrantica.com/perfume/EDIT-h/Jardin-des-Mots-74552.html
51983,ÉDIT(h),Jardin Tokyo,2020,https://www.fragrantica.com/perfume/EDIT-h/Jardin-Tokyo-74559.html
51984,ÉDIT(h),Kagamigoshi,2021,https://www.fragrantica.com/perfume/EDIT-h/Kagamigoshi-74555.html
51985,ÉDIT(h),Metallic Kiss,2025,https://www.fragrantica.com/perfume/EDIT-h/Metallic-Kiss-131406.html
51986,ÉDIT(h),Reminisce,2020,https://www.fragrantica.com/perfume/EDIT-h/Reminisce-74563.html
51987,ÉDIT(h),Rose Mojito,2020,https://www.fragrantica.com/perfume/EDIT-h/Rose-Mojito-74561.html
51988,ÉDIT(h),Shiso Reverie,2025,https://www.fragrantica.com/perfume/EDIT-h/Shiso-Reverie-131405.html
51989,ÉDIT(h),Souchong Journey,2021,https://www.fragrantica.com/perfume/EDIT-h/Souchong-Journey-74554.html
51990,ÉDIT(h),Yuzuki,2020,https://www.fragrantica.com/perfume/EDIT-h/Yuzuki-74565.html
51991,Editions de Parfums Frédéric Malle,Acne Studios par Frédéric Malle,2024,https://www.parfumo.com/Perfumes/Editions_de_Parfum_Frederic_Malle/acne-studios-par-frederic-malle
51992,Editions de Parfums Frédéric Malle,Angéliques sous la Pluie,2000,https://www.parfumo.com/Perfumes/Editions_de_Parfum_Frederic_Malle/Angeliques_sous_la_Pluie
51993,Editions de Parfums Frédéric Malle,Bigarade Concentrée,2002,https://www.parfumo.com/Perfumes/Editions_de_Parfum_Frederic_Malle/Bigarade_Concentree
51994,Editions de Parfums Frédéric Malle,Bigarade Concentrée 20 Ans,,https://www.parfumo.com/Perfumes/Editions_de_Parfum_Frederic_Malle/bigarade-concentree-20-ans
51995,Editions de Parfums Frédéric Malle,Carnal Flower 20 Ans,,https://www.parfumo.com/Perfumes/Editions_de_Parfum_Frederic_Malle/carnal-flower-20-ans
51996,Editions de Parfums Frédéric Malle,Carnal Flower Editions de Parfums Frédéric Malle 2005 Eau de Parfum,2005,https://www.parfumo.com/Perfumes/Editions_de_Parfum_Frederic_Malle/carnal-flower-eau-de-parfum
51997,Editions de Parfums Frédéric Malle,Carnal Flower Editions de Parfums Frédéric Malle Brume Cheveux,,https://www.parfumo.com/Perfumes/Editions_de_Parfum_Frederic_Malle/carnal-flower-brume-cheveux
51998,Editions de Parfums Frédéric Malle,Cologne Bigarade (Eau de Cologne),2001,https://www.parfumo.com/Perfumes/Editions_de_Parfum_Frederic_Malle/Cologne_Bigarade
51999,Editions de Parfums Frédéric Malle,Cologne Indélébile (Eau de Cologne),2015,https://www.parfumo.com/Perfumes/Editions_de_Parfum_Frederic_Malle/Cologne_Indelebile
52000,Editions de Parfums Frédéric Malle,Dans Tes Bras,2008,https://www.parfumo.com/Perfumes/Editions_de_Parfum_Frederic_Malle/Dans_Tes_Bras52001,Editions de Parfums Frédéric Malle,Dawn,2018,https://www.parfumo.com/Perfumes/Editions_de_Parfum_Frederic_Malle/Dawn
52002,Editions de Parfums Frédéric Malle,Dawn Editions de Parfums Frédéric Malle Brume Cheveux,,https://www.parfumo.com/Perfumes/Editions_de_Parfum_Frederic_Malle/dawn-brume-cheveux
52003,Editions de Parfums Frédéric Malle,Dries Van Noten par Frédéric Malle,2013,https://www.parfumo.com/Perfumes/Editions_de_Parfum_Frederic_Malle/Dries_Van_Noten_par_Frederic_Malle
52004,Editions de Parfums Frédéric Malle,Eau de Magnolia,2014,https://www.parfumo.com/Perfumes/Editions_de_Parfum_Frederic_Malle/Eau_de_Magnolia
52005,Editions de Parfums Frédéric Malle,En Passant,2000,https://www.parfumo.com/Perfumes/Editions_de_Parfum_Frederic_Malle/En_Passant
52006,Editions de Parfums Frédéric Malle,French Lover 20 Ans,,https://www.parfumo.com/Perfumes/Editions_de_Parfum_Frederic_Malle/french-lover-20-ans
52007,Editions de Parfums Frédéric Malle,French Lover Bois d'Orage,2007,https://www.parfumo.com/Perfumes/Editions_de_Parfum_Frederic_Malle/French_Lover_Bois_d_Orage
52008,Editions de Parfums Frédéric Malle,Geranium pour Monsieur,2009,https://www.parfumo.com/Perfumes/Editions_de_Parfum_Frederic_Malle/Geranium_pour_Monsieur
52009,Editions de Parfums Frédéric Malle,Heaven Can Wait,2023,https://www.parfumo.com/Perfumes/Editions_de_Parfum_Frederic_Malle/heaven-can-wait
52010,Editions de Parfums Frédéric Malle,Iris Poudre,2000,https://www.parfumo.com/Perfumes/Editions_de_Parfum_Frederic_Malle/Iris_Poudre
52011,Editions de Parfums Frédéric Malle,Iris Poudre Editions de Parfums Frédéric Malle Brume Cheveux,,https://www.parfumo.com/Perfumes/Editions_de_Parfum_Frederic_Malle/iris-poudre-brume-cheveux
52012,Editions de Parfums Frédéric Malle,L'Eau d'Hiver,2003,https://www.parfumo.com/Perfumes/Editions_de_Parfum_Frederic_Malle/L_Eau_d_Hiver
52013,Editions de Parfums Frédéric Malle,L'Eau d'Hiver 20 Ans,,https://www.parfumo.com/Perfumes/Editions_de_Parfum_Frederic_Malle/l-eau-d-hiver-20-ans
52014,Editions de Parfums Frédéric Malle,Le Parfum de Thérèse,2000,https://www.parfumo.com/Perfumes/Editions_de_Parfum_Frederic_Malle/Le_Parfum_de_Therese
52015,Editions de Parfums Frédéric Malle,Lipstick Rose,2000,https://www.parfumo.com/Perfumes/Editions_de_Parfum_Frederic_Malle/Lipstick_Rose
52016,Editions de Parfums Frédéric Malle,Lipstick Rose Editions de Parfums Frédéric Malle Brume Cheveux,,https://www.parfumo.com/Perfumes/Editions_de_Parfum_Frederic_Malle/lipstick-rose-brume-cheveux
52017,Editions de Parfums Frédéric Malle,Lys Méditerranée,2000,https://www.parfumo.com/Perfumes/Editions_de_Parfum_Frederic_Malle/Lys_Mediterranee
52018,Editions de Parfums Frédéric Malle,Monsieur.,2016,https://www.parfumo.com/Perfumes/Editions_de_Parfum_Frederic_Malle/Monsieur_
52019,Editions de Parfums Frédéric Malle,Musc Ravageur 20 Ans,,https://www.parfumo.com/Perfumes/Editions_de_Parfum_Frederic_Malle/musc-ravageur-20-ans
52020,Editions de Parfums Frédéric Malle,Musc Ravageur Editions de Parfums Frédéric Malle 2000 Eau de Parfum,2000,https://www.parfumo.com/Perfumes/Editions_de_Parfum_Frederic_Malle/musc-ravageur-eau-de-parfum
52021,Editions de Parfums Frédéric Malle,Musc Ravageur Editions de Parfums Frédéric Malle Brume Cheveux,,https://www.parfumo.com/Perfumes/Editions_de_Parfum_Frederic_Malle/musc-ravageur-brume-cheveux
52022,Editions de Parfums Frédéric Malle,Musc Ravageur Punk Ltd. Ed. 2019,2019,https://huggingface.co/datasets/doevent/perfume
52023,Editions de Parfums Frédéric Malle,Music for a While,2018,https://www.parfumo.com/Perfumes/Editions_de_Parfum_Frederic_Malle/Music_for_a_While
52024,Editions de Parfums Frédéric Malle,Noir Epices,2000,https://www.parfumo.com/Perfumes/Editions_de_Parfum_Frederic_Malle/Noir_Epices
52025,Editions de Parfums Frédéric Malle,Outrageous,2007,https://www.parfumo.com/Perfumes/Editions_de_Parfum_Frederic_Malle/Outrageous
52026,Editions de Parfums Frédéric Malle,Portrait of a Lady 20 Ans,,https://www.parfumo.com/Perfumes/Editions_de_Parfum_Frederic_Malle/portrait-of-a-lady-20-ans
52027,Editions de Parfums Frédéric Malle,Portrait of a Lady Editions de Parfums Frédéric Malle 2010 Eau de Parfum,2010,https://www.parfumo.com/Perfumes/Editions_de_Parfum_Frederic_Malle/portrait-of-a-lady-eau-de-parfum
52028,Editions de Parfums Frédéric Malle,Portrait of a Lady Editions de Parfums Frédéric Malle Brume Cheveux,,https://www.parfumo.com/Perfumes/Editions_de_Parfum_Frederic_Malle/portrait-of-a-lady-brume-cheveux
52029,Editions de Parfums Frédéric Malle,Promise Editions de Parfums Frédéric Malle 2017 Parfum,2017,https://www.parfumo.com/Perfumes/Editions_de_Parfum_Frederic_Malle/promise-parfum
52030,Editions de Parfums Frédéric Malle,Promise Editions de Parfums Frédéric Malle Brume Cheveux,,https://www.parfumo.com/Perfumes/Editions_de_Parfum_Frederic_Malle/promise-brume-cheveux
52031,Editions de Parfums Frédéric Malle,Rose & Cuir,2019,https://www.parfumo.com/Perfumes/Editions_de_Parfum_Frederic_Malle/rose-cuir
52032,Editions de Parfums Frédéric Malle,Rose Tonnerre Une Rose,2003,https://www.parfumo.com/Perfumes/Editions_de_Parfum_Frederic_Malle/rose-tonnerre-une-rose
52033,Editions de Parfums Frédéric Malle,Sale Gosse,2017,https://www.parfumo.com/Perfumes/Editions_de_Parfum_Frederic_Malle/Sale_Gosse
52034,Editions de Parfums Frédéric Malle,Superstitious Alber Elbaz Par Frédéric Malle,,https://huggingface.co/datasets/doevent/perfume
52035,Editions de Parfums Frédéric Malle,Superstitious Editions de Parfums Frédéric Malle 2017 Eau de Parfum,2017,https://www.parfumo.com/Perfumes/Editions_de_Parfum_Frederic_Malle/Superstitious_Eau_de_Parfum
52036,Editions de Parfums Frédéric Malle,Superstitious Editions de Parfums Frédéric Malle Brume Cheveux,,https://www.parfumo.com/Perfumes/Editions_de_Parfum_Frederic_Malle/superstitious-brume-cheveux
52037,Editions de Parfums Frédéric Malle,Synthetic Nature Synthetic Jungle,2021,https://www.parfumo.com/Perfumes/Editions_de_Parfum_Frederic_Malle/synthetic-nature-synthetic-jungle
52038,Editions de Parfums Frédéric Malle,The Moon,2019,https://www.parfumo.com/Perfumes/Editions_de_Parfum_Frederic_Malle/the-moon
52039,Editions de Parfums Frédéric Malle,The Moon Editions de Parfums Frédéric Malle Brume Cheveux,,https://www.parfumo.com/Perfumes/Editions_de_Parfum_Frederic_Malle/the-moon-brume-cheveux
52040,Editions de Parfums Frédéric Malle,The Night,2014,https://www.parfumo.com/Perfumes/Editions_de_Parfum_Frederic_Malle/The_Night
52041,Editions de Parfums Frédéric Malle,The Night Editions de Parfums Frédéric Malle Brume Cheveux,,https://www.parfumo.com/Perfumes/Editions_de_Parfum_Frederic_Malle/the-night-brume-cheveux
52042,Editions de Parfums Frédéric Malle,Uncut Gem,2022,https://www.parfumo.com/Perfumes/Editions_de_Parfum_Frederic_Malle/uncut-gem
52043,Editions de Parfums Frédéric Malle,Une Fleur de Cassie,2000,https://www.parfumo.com/Perfumes/Editions_de_Parfum_Frederic_Malle/Une_Fleur_de_Cassie
52044,Editions de Parfums Frédéric Malle,Une Rose,,https://huggingface.co/datasets/doevent/perfume
52045,Editions de Parfums Frédéric Malle,Vétiver Extraordinaire,2002,https://www.parfumo.com/Perfumes/Editions_de_Parfum_Frederic_Malle/Vetiver_Extraordinaire
52046,Editions de Parfums Frédéric Malle,Vétiver Extraordinaire 20 Ans,,https://www.parfumo.com/Perfumes/Editions_de_Parfum_Frederic_Malle/vetiver-extraordinaire-20-ans
52047,Editions M. R.,Acide,2018,https://www.fragrantica.com/perfume/Editions-M-R/Acide-51688.html
52048,Edouard Matisse,Esprit de Panthere,2025,https://www.fragrantica.com/perfume/Edouard-Matisse/Esprit-de-Panthere-135862.html
52049,Edouard Matisse,Francis II,2025,https://www.fragrantica.com/perfume/Edouard-Matisse/Francis-II-133668.html
52050,Édro,Des Roses,2024,https://www.fragrantica.com/perfume/Edro/Des-Roses-139848.html
52051,Édro,Gardenias,2024,https://www.fragrantica.com/perfume/Edro/Gardenias-139849.html
52052,Edward Bess,Eau La La,2012,https://www.fragrantica.com/perfume/Edward-Bess/Eau-La-La-16871.html
52053,Edward Bess,Genre,2016,https://www.fragrantica.com/perfume/Edward-Bess/Genre-41737.html
52054,Edward Bess,Good Love,2024,https://www.fragrantica.com/perfume/Edward-Bess/Good-Love-97007.html
52055,Edward Bess,Kiss The Sky,2023,https://www.fragrantica.com/perfume/Edward-Bess/Kiss-The-Sky-79369.html
52056,Edward Bess,La Femme Bohème,2016,https://www.fragrantica.com/perfume/Edward-Bess/La-Femme-Boheme-41736.html
52057,Edward Bess,Last Night,2019,https://www.fragrantica.com/perfume/Edward-Bess/Last-Night-53869.html
52058,Edward Bess,Lucky Me,2024,https://www.fragrantica.com/perfume/Edward-Bess/Lucky-Me-97008.html
52059,Edward Bess,Spanish Veil,2016,https://www.fragrantica.com/perfume/Edward-Bess/Spanish-Veil-41738.html
52060,Effa,Ayati,2025,https://www.fragrantica.com/perfume/Effa/Ayati-103649.html
52061,Efva Attling,Amor Vincit Omnia No 1,2013,https://www.fragrantica.com/perfume/Efva-Attling/Amor-Vincit-Omnia-No-1-50493.html
52062,Efva Attling,Captured Harmony,2018,https://www.fragrantica.com/perfume/Efva-Attling/Captured-Harmony-53013.html
52063,Efva Attling,Human,2014,https://www.fragrantica.com/perfume/Efva-Attling/Human-50492.html
52064,Efva Attling,Kaboom,,https://www.fragrantica.com/perfume/Efva-Attling/Kaboom-50489.html
52065,Efva Attling,Miss Butterfly,,https://www.fragrantica.com/perfume/Efva-Attling/Miss-Butterfly-50491.html
52066,Efva Attling,Rose Petals,,https://www.fragrantica.com/perfume/Efva-Attling/Rose-Petals-50490.html
52067,Efva Attling,Twosome,,https://www.fragrantica.com/perfume/Efva-Attling/Twosome-50488.html
52068,Eglė Jonaitytė Botanical Perfumes,Aqua Sancta,2018,https://www.fragrantica.com/perfume/Egle-Jonaityte-Botanical-Perfumes/Aqua-Sancta-53852.html
52069,Eglė Jonaitytė Botanical Perfumes,Kaunas Art Deco,2019,https://www.fragrantica.com/perfume/Egle-Jonaityte-Botanical-Perfumes/Kaunas-Art-Deco-54391.html
52070,Egofacto,Fool For Love,2009,https://www.fragrantica.com/perfume/Egofacto/Fool-For-Love-6351.html
52071,Egofacto,Jamais le Dimanche,2009,https://www.fragrantica.com/perfume/Egofacto/Jamais-le-Dimanche-6352.html
52072,Egofacto,Me Myself & I,2009,https://www.fragrantica.com/perfume/Egofacto/Me-Myself-I-6353.html
52073,Egofacto,Piege a Filles,2009,https://www.fragrantica.com/perfume/Egofacto/Piege-a-Filles-6354.html
52074,Egofacto,Poopoo Pidoo,2009,https://www.fragrantica.com/perfume/Egofacto/Poopoo-Pidoo-6355.html
52075,Egofacto,Prends Garde a Toi,2009,https://www.fragrantica.com/perfume/Egofacto/Prends-Garde-a-Toi-6356.html
52076,Egofacto,Sacre Coeur,2009,https://www.fragrantica.com/perfume/Egofacto/Sacre-Coeur-6357.html
52077,Egon von Furstenberg,Ambre Royale,,https://www.fragrantica.com/perfume/Egon-von-Furstenberg/Ambre-Royale-13431.html
52078,Egon von Furstenberg,Egon Homme,2000,https://www.fragrantica.com/perfume/Egon-von-Furstenberg/Egon-Homme-117524.html
52079,Egon von Furstenberg,Egon von Furstenberg Pour Femme,1980,https://www.fragrantica.com/perfume/Egon-von-Furstenberg/Egon-von-Furstenberg-Pour-Femme-117523.html
52080,EGOSCENTRIQUE,"Après moi, le déluge!",2025,https://www.fragrantica.com/perfume/EGOSCENTRIQUE/Apres-moi-le-deluge-125551.html
52081,EGOSCENTRIQUE,Avec Muah,2025,https://www.fragrantica.com/perfume/EGOSCENTRIQUE/Avec-Muah-125553.html
52082,EGOSCENTRIQUE,CliMax&Tell,2025,https://www.fragrantica.com/perfume/EGOSCENTRIQUE/CliMax-Tell-125550.html
52083,EGOSCENTRIQUE,Whoremones,2025,https://www.fragrantica.com/perfume/EGOSCENTRIQUE/Whoremones-125552.html
52084,EGOSCENTRIQUE,Zest me up!,2025,https://www.fragrantica.com/perfume/EGOSCENTRIQUE/Zest-me-up-125554.html
52085,Egréthas,Faeloria,2026,https://www.fragrantica.com/perfume/Egrethas/Faeloria-121697.html
52086,Egréthas,Markessa,2026,https://www.fragrantica.com/perfume/Egrethas/Markessa-121696.html
52087,Egréthas,Nalvirem,2026,https://www.fragrantica.com/perfume/Egrethas/Nalvirem-121698.html
52088,EIGHT & BOB,Agneta,2022,https://www.fragrantica.com/perfume/EIGHT-BOB/Agneta-76584.html
52089,EIGHT & BOB,Annicke 1,2018,https://www.fragrantica.com/perfume/EIGHT-BOB/Annicke-1-51612.html
52090,EIGHT & BOB,Annicke 2,2018,https://www.fragrantica.com/perfume/EIGHT-BOB/Annicke-2-51613.html
52091,EIGHT & BOB,Annicke 3,2018,https://www.fragrantica.com/perfume/EIGHT-BOB/Annicke-3-51614.html
52092,EIGHT & BOB,Annicke 4,2019,https://www.fragrantica.com/perfume/EIGHT-BOB/Annicke-4-57853.html
52093,EIGHT & BOB,Annicke 5,2019,https://www.fragrantica.com/perfume/EIGHT-BOB/Annicke-5-57854.html
52094,EIGHT & BOB,Annicke 6,2019,https://www.fragrantica.com/perfume/EIGHT-BOB/Annicke-6-57855.html
52095,EIGHT & BOB,Belvedere,2025,https://www.fragrantica.com/perfume/EIGHT-BOB/Belvedere-108377.html
52096,EIGHT & BOB,Cap d'Antibes,2014,https://www.fragrantica.com/perfume/EIGHT-BOB/Cap-d-Antibes-24674.html
52097,EIGHT & BOB,Cap d'Antibes,2025,https://www.fragrantica.com/perfume/EIGHT-BOB/Cap-d-Antibes-108385.html
52098,EIGHT & BOB,Champs De Provence,2017,https://www.fragrantica.com/perfume/EIGHT-BOB/Champs-De-Provence-45366.html
52099,EIGHT & BOB,Egypt,2014,https://www.fragrantica.com/perfume/EIGHT-BOB/Egypt-28498.html
52100,EIGHT & BOB,EIGHT & BOB,2012,https://www.fragrantica.com/perfume/EIGHT-BOB/EIGHT-BOB-16295.html
52101,EIGHT & BOB,Guéthary,2022,https://www.fragrantica.com/perfume/EIGHT-BOB/Guethary-76583.html
52102,EIGHT & BOB,Il Giardino dell'Anima,2025,https://www.fragrantica.com/perfume/EIGHT-BOB/Il-Giardino-dell-Anima-108381.html
52103,EIGHT & BOB,La Musique de Christie,2024,https://www.fragrantica.com/perfume/EIGHT-BOB/La-Musique-de-Christie-92165.html
52104,EIGHT & BOB,Le Geste d'Edmond,2024,https://www.fragrantica.com/perfume/EIGHT-BOB/Le-Geste-d-Edmond-92163.html
52105,EIGHT & BOB,Le Pari d'Honfleur,2025,https://www.fragrantica.com/perfume/EIGHT-BOB/Le-Pari-d-Honfleur-108384.html
52106,EIGHT & BOB,Le Trou 19 du Phare,2025,https://www.fragrantica.com/perfume/EIGHT-BOB/Le-Trou-19-du-Phare-108380.html
52107,EIGHT & BOB,Memoires de Mustique,2016,https://www.fragrantica.com/perfume/EIGHT-BOB/Memoires-de-Mustique-40643.html
52108,EIGHT & BOB,Nuit de Megeve,2017,https://www.fragrantica.com/perfume/EIGHT-BOB/Nuit-de-Megeve-44017.html
52109,EIGHT & BOB,Pure Vienne,2025,https://www.fragrantica.com/perfume/EIGHT-BOB/Pure-Vienne-108379.html
52110,EIGHT & BOB,Rolls Royce & Bentley,2019,https://www.parfumo.com/Perfumes/Eight__Bob/Rolls_Royce__Bentley
52111,EIGHT & BOB,Sérénité en Bourgogne,2025,https://www.fragrantica.com/perfume/EIGHT-BOB/Serenite-en-Bourgogne-108383.html
52112,EIGHT & BOB,The Original,2012,https://www.parfumo.com/Perfumes/Eight__Bob/the-original-eight-bob
52113,Eighteen Fifty Parfums,Chaplin In Venice,2017,https://www.fragrantica.com/perfume/Eighteen-Fifty-Parfums/Chaplin-In-Venice-47995.html
52114,Eighteen Fifty Parfums,Chateau,2017,https://www.fragrantica.com/perfume/Eighteen-Fifty-Parfums/Chateau-47996.html
52115,Eighteen Fifty Parfums,La Jolla,2017,https://www.fragrantica.com/perfume/Eighteen-Fifty-Parfums/La-Jolla-47997.html
52116,Eighteen Fifty Parfums,The Black Dahlia,2018,https://www.fragrantica.com/perfume/Eighteen-Fifty-Parfums/The-Black-Dahlia-48323.html
52117,Eila,Amber,2022,https://www.fragrantica.com/perfume/Eila/Amber-78308.html
52118,Eila,Aqua Bouquet,,https://www.fragrantica.com/perfume/Eila/Aqua-Bouquet-81248.html
52119,Eila,Be You,2022,https://www.fragrantica.com/perfume/Eila/Be-You-78309.html
52120,Eila,Bettina,2022,https://www.fragrantica.com/perfume/Eila/Bettina-78296.html
52121,Eila,Cashmere & Silk,,https://www.fragrantica.com/perfume/Eila/Cashmere-Silk-81288.html
52122,Eila,Dark Oud,2022,https://www.fragrantica.com/perfume/Eila/Dark-Oud-78310.html
52123,Eila,Flower Goddess,2022,https://www.fragrantica.com/perfume/Eila/Flower-Goddess-78297.html
52124,Eila,Golden Code,2022,https://www.fragrantica.com/perfume/Eila/Golden-Code-78311.html
52125,Eila,Golden Rule,2023,https://www.fragrantica.com/perfume/Eila/Golden-Rule-88356.html
52126,Eila,Grande Finale,2023,https://www.fragrantica.com/perfume/Eila/Grande-Finale-88359.html
52127,Eila,Hidden Notes,2023,https://www.fragrantica.com/perfume/Eila/Hidden-Notes-88360.html
52128,Eila,Invisible Musk,2022,https://www.fragrantica.com/perfume/Eila/Invisible-Musk-78302.html
52129,Eila,Leather,2022,https://www.fragrantica.com/perfume/Eila/Leather-78312.html
52130,Eila,Lemon Cologne (Eau de Cologne),,https://www.fragrantica.com/perfume/Eila/Lemon-Cologne-81289.html
52131,Eila,Orange Blossom,,https://www.fragrantica.com/perfume/Eila/Orange-Blossom-81311.html
52132,Eila,Orient Glow,2023,https://www.fragrantica.com/perfume/Eila/Orient-Glow-88357.html
52133,Eila,Osmanthus White,2022,https://www.fragrantica.com/perfume/Eila/Osmanthus-White-78303.html
52134,Eila,Overflowing Glory,2023,https://www.fragrantica.com/perfume/Eila/Overflowing-Glory-88361.html
52135,Eila,Paradise,2022,https://www.fragrantica.com/perfume/Eila/Paradise-78298.html
52136,Eila,Payidar,2023,https://www.fragrantica.com/perfume/Eila/Payidar-88362.html
52137,Eila,Pear Freesia,2022,https://www.fragrantica.com/perfume/Eila/Pear-Freesia-78299.html
52138,Eila,Pepper Satin,2022,https://www.fragrantica.com/perfume/Eila/Pepper-Satin-78304.html
52139,Eila,Powdery Orris,2022,https://www.fragrantica.com/perfume/Eila/Powdery-Orris-78305.html
52140,Eila,Rose Musk,2022,https://www.fragrantica.com/perfume/Eila/Rose-Musk-78306.html
52141,Eila,Sakura Rice,2022,https://www.fragrantica.com/perfume/Eila/Sakura-Rice-78300.html
52142,Eila,Sandalwood,2022,https://www.fragrantica.com/perfume/Eila/Sandalwood-78313.html
52143,Eila,Spice Up,2022,https://www.fragrantica.com/perfume/Eila/Spice-Up-78314.html
52144,Eila,Stylish Elixir,2023,https://www.fragrantica.com/perfume/Eila/Stylish-Elixir-88358.html
52145,Eila,Velvet Stiletto,2022,https://www.fragrantica.com/perfume/Eila/Velvet-Stiletto-78301.html
52146,Eila,Vetiver,2022,https://www.fragrantica.com/perfume/Eila/Vetiver-78315.html
52147,Eila,White Jasmine & Mint,,https://www.fragrantica.com/perfume/Eila/White-Jasmine-Mint-81331.html
52148,Eila,White Musk & Amber,2022,https://www.fragrantica.com/perfume/Eila/White-Musk-Amber-78307.html
52149,Eila,Ylang Ylang & Sakura,,https://www.fragrantica.com/perfume/Eila/Ylang-Ylang-Sakura-81352.html
52150,Ein Gedi,Ceder of Lebanoon,2015,https://www.fragrantica.com/perfume/Ein-Gedi/Ceder-of-Lebanoon-57983.html
52151,Ein Gedi,Cinnamon Anointing Oil,2017,https://www.fragrantica.com/perfume/Ein-Gedi/Cinnamon-Anointing-Oil-57530.html
52152,Ein Gedi,Elijah,2019,https://www.fragrantica.com/perfume/Ein-Gedi/Elijah-57980.html
52153,Ein Gedi,Essence of Ein Gedi,,https://www.fragrantica.com/perfume/Ein-Gedi/Essence-of-Ein-Gedi-39190.html
52154,Ein Gedi,Essence of Jerusalem,,https://www.fragrantica.com/perfume/Ein-Gedi/Essence-of-Jerusalem-39185.html
52155,Ein Gedi,Frankincense & Jasmine,2015,https://www.fragrantica.com/perfume/Ein-Gedi/Frankincense-Jasmine-57985.html
52156,Ein Gedi,Frankincense Anointing Oil,2017,https://www.fragrantica.com/perfume/Ein-Gedi/Frankincense-Anointing-Oil-57527.html
52157,Ein Gedi,Frankincense Myrrh & Spikenard Anointing Oil,2018,https://www.fragrantica.com/perfume/Ein-Gedi/Frankincense-Myrrh-Spikenard-Anointing-Oil-57522.html
52158,Ein Gedi,Henna Anointing Oil,2017,https://www.fragrantica.com/perfume/Ein-Gedi/Henna-Anointing-Oil-57528.html
52159,Ein Gedi,Hyssop Anointing Oil,2017,https://www.fragrantica.com/perfume/Ein-Gedi/Hyssop-Anointing-Oil-57531.html
52160,Ein Gedi,Jonah the Prophet,2015,https://www.fragrantica.com/perfume/Ein-Gedi/Jonah-the-Prophet-57984.html
52161,Ein Gedi,King David,,https://www.fragrantica.com/perfume/Ein-Gedi/King-David-39195.html
52162,Ein Gedi,King Solomon,,https://www.fragrantica.com/perfume/Ein-Gedi/King-Solomon-39194.html
52163,Ein Gedi,Light of Jerusalem,,https://www.fragrantica.com/perfume/Ein-Gedi/Light-of-Jerusalem-39186.html
52164,Ein Gedi,Light of Jerusalem Gold Torah,2018,https://www.fragrantica.com/perfume/Ein-Gedi/Light-of-Jerusalem-Gold-Torah-57982.html
52165,Ein Gedi,Lily of the Valleys,,https://www.fragrantica.com/perfume/Ein-Gedi/Lily-of-the-Valleys-39188.html
52166,Ein Gedi,Lion of Judah,,https://www.fragrantica.com/perfume/Ein-Gedi/Lion-of-Judah-39193.html
52167,Ein Gedi,Myrrh Anointing Oil,2017,https://www.fragrantica.com/perfume/Ein-Gedi/Myrrh-Anointing-Oil-57526.html
52168,Ein Gedi,Pomegranate Anointing Oil,2017,https://www.fragrantica.com/perfume/Ein-Gedi/Pomegranate-Anointing-Oil-57529.html
52169,Ein Gedi,Queen Esther Anointing Oil,2017,https://www.fragrantica.com/perfume/Ein-Gedi/Queen-Esther-Anointing-Oil-57523.html
52170,Ein Gedi,Queen of Sheba,,https://www.fragrantica.com/perfume/Ein-Gedi/Queen-of-Sheba-39189.html
52171,Ein Gedi,Rose of Sharon,,https://www.fragrantica.com/perfume/Ein-Gedi/Rose-of-Sharon-39187.html
52172,Ein Gedi,Rose of Sharon Anointing Oil,2015,https://www.fragrantica.com/perfume/Ein-Gedi/Rose-of-Sharon-Anointing-Oil-57524.html
52173,Ein Gedi,Silver Torah Light of Jerusalem,2018,https://www.fragrantica.com/perfume/Ein-Gedi/Silver-Torah-Light-of-Jerusalem-57981.html
52174,Ein Gedi,Songs of Solomon,,https://www.fragrantica.com/perfume/Ein-Gedi/Songs-of-Solomon-39191.html
52175,Ein Gedi,Spikenard Anointing Oil,2015,https://www.fragrantica.com/perfume/Ein-Gedi/Spikenard-Anointing-Oil-57525.html
52176,Eisenberg,Ambre D'Orient Secret V,2017,https://www.fragrantica.com/perfume/Eisenberg/Ambre-D-Orient-Secret-V-47294.html
52177,Eisenberg,Back To Paris (Eau de Toilette),2000,https://www.fragrantica.com/perfume/Eisenberg/Back-To-Paris-9169.html
52178,Eisenberg,Back to Paris Eisenberg 2010 Eau de Parfum,2010,https://www.parfumo.com/Perfumes/Eisenberg/Back_to_Paris_Eau_de_Parfum
52179,Eisenberg,Back To Paris Eisenberg Extrait de Parfum,,https://www.parfumo.com/Perfumes/Eisenberg/Back_To_Paris_Extrait_de_Parfum
52180,Eisenberg,Back To Paris Parfum,,https://huggingface.co/datasets/doevent/perfume
52181,Eisenberg,Beautiful,2022,https://www.fragrantica.com/perfume/Eisenberg/Beautiful-73596.html
52182,Eisenberg,Bois Precieux Secret II,2017,https://www.fragrantica.com/perfume/Eisenberg/Bois-Precieux-Secret-II-47289.html
52183,Eisenberg,Cuir D'Orient Secret VI,2017,https://www.fragrantica.com/perfume/Eisenberg/Cuir-D-Orient-Secret-VI-47287.html
52184,Eisenberg,Dia Extrait,,https://huggingface.co/datasets/doevent/perfume
52185,Eisenberg,Dia Parfum,,https://huggingface.co/datasets/doevent/perfume
52186,Eisenberg,Dia Pour Homme,,https://huggingface.co/datasets/doevent/perfume
52187,Eisenberg,Diabolique Eisenberg 2010 Eau de Parfum,2010,https://www.parfumo.com/Perfumes/Eisenberg/Diabolique_Eau_de_Parfum
52188,Eisenberg,Diabolique (Extrait de Parfum),2010,https://www.fragrantica.com/perfume/Eisenberg/Diabolique-12567.html
52189,Eisenberg,Diabolique Homme,2010,https://www.fragrantica.com/perfume/Eisenberg/Diabolique-Homme-12568.html
52190,Eisenberg,Diabolique Parfum,,https://huggingface.co/datasets/doevent/perfume
52191,Eisenberg,Eau Fraiche,2010,https://www.fragrantica.com/perfume/Eisenberg/Eau-Fraiche-12561.html
52192,Eisenberg,Eau Fraîche Délicate,2023,https://www.fragrantica.com/perfume/Eisenberg/Eau-Fraiche-Delicate-84684.html
52193,Eisenberg,Eau Fraiche Homme,2010,https://www.fragrantica.com/perfume/Eisenberg/Eau-Fraiche-Homme-12562.html
52194,Eisenberg,Happiness - Beautiful,2022,https://www.parfumo.com/Perfumes/Eisenberg/happiness-beautiful
52195,Eisenberg,Happiness - Happy,2022,https://www.parfumo.com/Perfumes/Eisenberg/happiness-happy
52196,Eisenberg,Happiness - Young,2022,https://www.parfumo.com/Perfumes/Eisenberg/happiness-young
52197,Eisenberg,Happy,2022,https://www.fragrantica.com/perfume/Eisenberg/Happy-73598.html
52198,Eisenberg,I Am Eisenberg Eau de Parfum,,https://www.parfumo.com/Perfumes/Eisenberg/I_Am_Eau_de_Parfum
52199,Eisenberg,I Am (Extrait de Parfum),2000,https://www.fragrantica.com/perfume/Eisenberg/I-Am-9170.html
52200,Eisenberg,I Am Parfum,,https://huggingface.co/datasets/doevent/perfume
52201,Eisenberg,J'ose (Eau de Parfum),2001,https://www.fragrantica.com/perfume/Eisenberg/J-ose-9167.html
52202,Eisenberg,J'Ose Eisenberg 2001 Eau de Toilette,2001,https://www.parfumo.com/Perfumes/Eisenberg/J_Ose_Homme
52203,Eisenberg,J'Ose Eisenberg Extrait de Parfum,,https://www.parfumo.com/Perfumes/Eisenberg/J_Ose_Extrait_de_Parfum
52204,Eisenberg,J'Ose Parfum,,https://huggingface.co/datasets/doevent/perfume
52205,Eisenberg,J'Ose Pour Homme,,https://huggingface.co/datasets/doevent/perfume
52206,Eisenberg,Jardin des Sens Secret II,2017,https://www.fragrantica.com/perfume/Eisenberg/Jardin-des-Sens-Secret-II-47290.html
52207,Eisenberg,Le Peche (Eau de Parfum),2010,https://www.fragrantica.com/perfume/Eisenberg/Le-Peche-12563.html
52208,Eisenberg,Le Péché Eisenberg Extrait de Parfum,,https://www.parfumo.com/Perfumes/Eisenberg/Le_Peche_Extrait_de_Parfum
52209,Eisenberg,Le Peche Homme,2010,https://www.fragrantica.com/perfume/Eisenberg/Le-Peche-Homme-12565.html
52210,Eisenberg,Le Péché Parfum,,https://huggingface.co/datasets/doevent/perfume
52211,Eisenberg,Les Orientaux Latins - Secret I: Palissandre Noir,2017,https://www.parfumo.com/Perfumes/Eisenberg/Les_Orientaux_Latins__Secret_I_Palissandre_Noir
52212,Eisenberg,Love Affair (Eau de Parfum),2010,https://www.fragrantica.com/perfume/Eisenberg/Love-Affair-12559.html
52213,Eisenberg,Love Affair Eisenberg Extrait de Parfum,,https://www.parfumo.com/Perfumes/Eisenberg/Love_Affair_Extrait_de_Parfum
52214,Eisenberg,Love Affair Homme,2010,https://www.fragrantica.com/perfume/Eisenberg/Love-Affair-Homme-12560.html
52215,Eisenberg,Love Parfum,,https://huggingface.co/datasets/doevent/perfume
52216,Eisenberg,Love Pour Homme,,https://huggingface.co/datasets/doevent/perfume
52217,Eisenberg,Palissandre Noir Secret I,2017,https://www.fragrantica.com/perfume/Eisenberg/Palissandre-Noir-Secret-I-47288.html
52218,Eisenberg,Patchouli Noble Secret III,2017,https://www.fragrantica.com/perfume/Eisenberg/Patchouli-Noble-Secret-III-47291.html
52219,Eisenberg,Rituel D'Orient Secret IV,2017,https://www.fragrantica.com/perfume/Eisenberg/Rituel-D-Orient-Secret-IV-47293.html
52220,Eisenberg,Rose Talisman Secret I,2017,https://www.fragrantica.com/perfume/Eisenberg/Rose-Talisman-Secret-I-47286.html
52221,Eisenberg,Rouge & Noir (Eau de Toilette),2000,https://www.fragrantica.com/perfume/Eisenberg/Rouge-Noir-9168.html
52222,Eisenberg,Rouge & Noir Eisenberg 2011 Eau de Parfum,2011,https://www.parfumo.com/Perfumes/Eisenberg/Rouge__Noir_2011_Eau_de_Parfum
52223,Eisenberg,Rouge & Noir Eisenberg Extrait de Parfum,,https://www.parfumo.com/Perfumes/Eisenberg/Rouge__Noir_Extrait_de_Parfum
52224,Eisenberg,Rouge & Noir Intense,2023,https://www.fragrantica.com/perfume/Eisenberg/Rouge-Noir-Intense-84683.html
52225,Eisenberg,Rouge Et Noir Parfum,,https://huggingface.co/datasets/doevent/perfume
52226,Eisenberg,Secret I Palissandre Noir Pour Homme,,https://huggingface.co/datasets/doevent/perfume
52227,Eisenberg,Secret Ii Bois Précieux Pour Homme,,https://huggingface.co/datasets/doevent/perfume
52228,Eisenberg,Secret Iii Patchouli Noble Pour Homme,,https://huggingface.co/datasets/doevent/perfume
52229,Eisenberg,Secret Iv Rituel D'Orient Pour Homme,,https://huggingface.co/datasets/doevent/perfume
52230,Eisenberg,Secret V Ambre D'Orient Pour Homme,,https://huggingface.co/datasets/doevent/perfume
52231,Eisenberg,Secret Vi Cuir D'Orient Pour Homme,,https://huggingface.co/datasets/doevent/perfume
52232,Eisenberg,Secret VII Écho Lumineux,2024,https://www.fragrantica.com/perfume/Eisenberg/Secret-VII-Echo-Lumineux-105652.html
52233,Eisenberg,Secret VII Velours de Nuit,2024,https://www.fragrantica.com/perfume/Eisenberg/Secret-VII-Velours-de-Nuit-105576.html
52234,Eisenberg,Secret VIII De Lumière et D'Ombre,2024,https://www.fragrantica.com/perfume/Eisenberg/Secret-VIII-De-Lumiere-et-D-Ombre-105653.html
52235,Eisenberg,Secret VIII Souffle du Desir,2024,https://www.fragrantica.com/perfume/Eisenberg/Secret-VIII-Souffle-du-Desir-105577.html
52236,Eisenberg,So French ! Eisenberg Eau de Parfum,,https://www.parfumo.com/Perfumes/Eisenberg/So_French
52237,Eisenberg,So French! (Extrait de Parfum),2010,https://www.fragrantica.com/perfume/Eisenberg/So-French-12558.html
52238,Eisenberg,So French! Parfum,,https://huggingface.co/datasets/doevent/perfume
52239,Eisenberg,Tentation Eisenberg 2010 Eau de Parfum,2010,https://www.parfumo.com/Perfumes/Eisenberg/Tentation_Eau_de_Parfum
52240,Eisenberg,Tentation (Extrait de Parfum),2010,https://www.fragrantica.com/perfume/Eisenberg/Tentation-12566.html
52241,Eisenberg,Tentation Irrésistible,2023,https://www.fragrantica.com/perfume/Eisenberg/Tentation-Irresistible-84685.html
52242,Eisenberg,Tentation Parfum,,https://huggingface.co/datasets/doevent/perfume
52243,Eisenberg,Voile de Chypre Secret III,2017,https://www.fragrantica.com/perfume/Eisenberg/Voile-de-Chypre-Secret-III-47292.html
52244,Eisenberg,Young,2022,https://www.fragrantica.com/perfume/Eisenberg/Young-73597.html
52245,El Agua Viva Perfume,Agua de Pasion Вода Страсти,2017,https://www.fragrantica.com/perfume/El-Agua-Viva-Perfume/Agua-de-Pasion-Voda-Strasti-50586.html
52246,El Agua Viva Perfume,Agua del Sol Солнечная Вода,2016,https://www.fragrantica.com/perfume/El-Agua-Viva-Perfume/Agua-del-Sol-Solnecnaa-Voda-50585.html
52247,El Agua Viva Perfume,Atlantic,2016,https://www.fragrantica.com/perfume/El-Agua-Viva-Perfume/Atlantic-50583.html
52248,El Agua Viva Perfume,Lavande & Milky Way Лаванда и Млечный Путь,2020,https://www.fragrantica.com/perfume/El-Agua-Viva-Perfume/Lavande-Milky-Way-Lavanda-i-Mlecnyj-Put-63890.html
52249,El Agua Viva Perfume,Liguria Лигурия,2020,https://www.fragrantica.com/perfume/El-Agua-Viva-Perfume/Liguria-Liguria-63889.html
52250,El Agua Viva Perfume,Un Million Миллион,2018,https://www.fragrantica.com/perfume/El-Agua-Viva-Perfume/Un-Million-Million-63853.html
52251,El Agua Viva Perfume,Verano Fresco Летняя Прохлада,2019,https://www.fragrantica.com/perfume/El-Agua-Viva-Perfume/Verano-Fresco-Letnaa-Prohlada-63852.html
52252,El Agua Viva Perfume,Wet Lilac Влажная Сирень,2020,https://www.fragrantica.com/perfume/El-Agua-Viva-Perfume/Wet-Lilac-Vlaznaa-Siren-63851.html
52253,El Agua Viva Perfume,White Musk Белый Мускус,2018,https://www.fragrantica.com/perfume/El-Agua-Viva-Perfume/White-Musk-Belyj-Muskus-63854.html
52254,El Charro,Ambra,2008,https://www.parfumo.com/Perfumes/El_Charro/Ambra
52255,El Charro,Arancio & Vetiver,1983,https://www.parfumo.com/Perfumes/El_Charro/Arancio__Vetiver
52256,El Charro,Biker California Man,2009,https://www.parfumo.com/Perfumes/El_Charro/Biker_California_Man
52257,El Charro,Biker Florida Woman,1987,https://www.parfumo.com/Perfumes/El_Charro/Biker_Florida_Woman
52258,El Charro,Biker New York Man El Charro 2007 Parfum,2007,https://www.parfumo.com/Perfumes/El_Charro/Biker_New_York_Man_Parfum
52259,El Charro,Biker New York Man El Charro After Shave,,https://www.parfumo.com/Perfumes/El_Charro/Biker_New_York_Man_After_Shave
52260,El Charro,Biker San Francisco Man,2007,https://www.parfumo.com/Perfumes/El_Charro/Biker_San_Francisco_Man
52261,El Charro,Biker Texas Man,2015,https://www.parfumo.com/Perfumes/El_Charro/Biker_Texas_Man
52262,El Charro,Black Volcano,2008,https://www.parfumo.com/Perfumes/El_Charro/Black_Volcano
52263,El Charro,El Charro for Man El Charro After Shave,,https://www.parfumo.com/Perfumes/El_Charro/El_Charro_for_Man_After_Shave
52264,El Charro,El Charro for Woman,1991,https://www.fragrantica.com/perfume/El-Charro/El-Charro-for-Woman-58165.html
52265,El Charro,El Charro Red,,https://www.parfumo.com/Perfumes/El_Charro/El_Charro_Red
52266,El Ganso,After Game,2019,https://www.fragrantica.com/perfume/El-Ganso/After-Game-57312.html
52267,El Ganso,Blue Code,2026,https://www.fragrantica.com/perfume/El-Ganso/Blue-Code-139222.html
52268,El Ganso,Bravo Monsieur,2019,https://www.fragrantica.com/perfume/El-Ganso/Bravo-Monsieur-57315.html
52269,El Ganso,Ciao Bella!,2022,https://www.fragrantica.com/perfume/El-Ganso/Ciao-Bella-72636.html
52270,El Ganso,Friday Edition,2019,https://www.fragrantica.com/perfume/El-Ganso/Friday-Edition-57313.html
52271,El Ganso,Fun & Chic,2024,https://www.fragrantica.com/perfume/El-Ganso/Fun-Chic-90080.html
52272,El Ganso,Fun & Free,2025,https://www.fragrantica.com/perfume/El-Ganso/Fun-Free-105107.html
52273,El Ganso,Hey Sunshine,2023,https://www.fragrantica.com/perfume/El-Ganso/Hey-Sunshine-82465.html
52274,El Ganso,La Vie En Tartan,2024,https://www.fragrantica.com/perfume/El-Ganso/La-Vie-En-Tartan-95000.html
52275,El Ganso,Like Father Like Son,2023,https://www.fragrantica.com/perfume/El-Ganso/Like-Father-Like-Son-79321.html
52276,El Ganso,Limoncello Season,2021,https://www.fragrantica.com/perfume/El-Ganso/Limoncello-Season-72726.html
52277,El Ganso,Part Time Hero,2019,https://www.fragrantica.com/perfume/El-Ganso/Part-Time-Hero-57314.html
52278,El Ganso,Señorita Mon Amour,2022,https://www.fragrantica.com/perfume/El-Ganso/Senorita-Mon-Amour-72637.html
52279,El Ganso,Sunday Mood,2023,https://www.fragrantica.com/perfume/El-Ganso/Sunday-Mood-82464.html
52280,El Ganso,Tartan Calling,2024,https://www.fragrantica.com/perfume/El-Ganso/Tartan-Calling-95001.html
52281,El Morocco,154,2026,https://www.fragrantica.com/perfume/El-Morocco/154-134841.html
52282,El Morocco,Gala,2026,https://www.fragrantica.com/perfume/El-Morocco/Gala-134842.html
52283,El Morocco,Highball for Lucius B.,2026,https://www.fragrantica.com/perfume/El-Morocco/Highball-for-Lucius-B-134839.html
52284,El Morocco,Lulu's Back In Town,2026,https://www.fragrantica.com/perfume/El-Morocco/Lulu-s-Back-In-Town-134840.html
52285,El Morocco,Two Cigarettes In The Dark,2026,https://www.fragrantica.com/perfume/El-Morocco/Two-Cigarettes-In-The-Dark-134838.html
52286,El Nabil,Amber Elixir,,https://www.fragrantica.com/perfume/El-Nabil/Amber-Elixir-64882.html
52287,El Nabil,Amber of Yemen,,https://www.fragrantica.com/perfume/El-Nabil/Amber-of-Yemen-64908.html
52288,El Nabil,Ambre Élixir,,https://www.parfumo.com/Perfumes/El_Nabil/ambre-elixir
52289,El Nabil,Anass,2020,https://www.fragrantica.com/perfume/El-Nabil/Anass-130705.html
52290,El Nabil,Baby Musc El Nabil Eau de Parfum,,https://www.parfumo.com/Perfumes/El_Nabil/baby-musc-eau-de-parfum
52291,El Nabil,Baby Musc El Nabil Extrait de Parfum,,https://www.parfumo.com/Perfumes/El_Nabil/baby-musc-extrait-de-parfum
52292,El Nabil,Baby Musk,,https://www.fragrantica.com/perfume/El-Nabil/Baby-Musk-65022.html
52293,El Nabil,Black Afghan El Nabil Eau de Parfum,,https://www.parfumo.com/Perfumes/El_Nabil/black-afghan-eau-de-parfum
52294,El Nabil,Black Afghan El Nabil Extrait de Parfum,,https://www.parfumo.com/Perfumes/El_Nabil/black-afghan-extrait-de-parfum
52295,El Nabil,Black Iris,,https://www.fragrantica.com/perfume/El-Nabil/Black-Iris-64883.html
52296,El Nabil,Black Mango,,https://www.parfumo.com/Perfumes/El_Nabil/Black_Collection_Black_Mango
52297,El Nabil,Boy Musc (Eau de Parfum),2015,https://www.fragrantica.com/perfume/El-Nabil/Boy-Musc-59144.html
52298,El Nabil,Boy Musc (Extrait de Parfum),,https://www.fragrantica.com/perfume/El-Nabil/Boy-Musc-65019.html
52299,El Nabil,Cheikh,2022,https://www.parfumo.com/Perfumes/El_Nabil/cheikh
52300,El Nabil,Crystal Wood (Eau de Parfum),2019,https://www.fragrantica.com/perfume/El-Nabil/Crystal-Wood-61365.html
52301,El Nabil,Crystal Wood (Extrait de Parfum),2019,https://www.fragrantica.com/perfume/El-Nabil/Crystal-Wood-61364.html
52302,El Nabil,Darajat,,https://www.fragrantica.com/perfume/El-Nabil/Darajat-64923.html
52303,El Nabil,Délice D'Arabie,2015,https://www.fragrantica.com/perfume/El-Nabil/Delice-D-Arabie-59136.html
52304,El Nabil,Dua El Janat,2005,https://www.fragrantica.com/perfume/El-Nabil/Dua-El-Janat-59139.html
52305,El Nabil,El Arouss,,https://www.parfumo.com/Perfumes/El_Nabil/El_Arouss
52306,El Nabil,El Arrous,2022,https://www.parfumo.com/Perfumes/El_Nabil/el-arrous
52307,El Nabil,El Badr,,https://www.fragrantica.com/perfume/El-Nabil/El-Badr-64909.html
52308,El Nabil,El Mabrouk El Nabil 2022 Eau de Parfum,2022,https://www.parfumo.com/Perfumes/El_Nabil/el-mabrouk-eau-de-parfum
52309,El Nabil,El Quraishi Musk,,https://www.fragrantica.com/perfume/El-Nabil/El-Quraishi-Musk-64845.html
52310,El Nabil,Fruit D'Orient,,https://www.fragrantica.com/perfume/El-Nabil/Fruit-D-Orient-64910.html
52311,El Nabil,Girl Musk,,https://www.fragrantica.com/perfume/El-Nabil/Girl-Musk-64911.html
52312,El Nabil,Jardin El Nabil,,https://www.fragrantica.com/perfume/El-Nabil/Jardin-El-Nabil-64884.html
52313,El Nabil,L'Eau D'El Nabil,,https://www.fragrantica.com/perfume/El-Nabil/L-Eau-D-El-Nabil-64906.html
52314,El Nabil,Lune de Miel,2015,https://www.fragrantica.com/perfume/El-Nabil/Lune-de-Miel-59143.html
52315,El Nabil,Musc Absolu,,https://www.fragrantica.com/perfume/El-Nabil/Musc-Absolu-64885.html
52316,El Nabil,Musc Ayad,2015,https://www.fragrantica.com/perfume/El-Nabil/Musc-Ayad-59141.html
52317,El Nabil,Musc Azur,,https://www.fragrantica.com/perfume/El-Nabil/Musc-Azur-64872.html
52318,El Nabil,Musc Bella,2015,https://www.fragrantica.com/perfume/El-Nabil/Musc-Bella-61368.html
52319,El Nabil,Musc Bella Intense,,https://www.fragrantica.com/perfume/El-Nabil/Musc-Bella-Intense-64879.html
52320,El Nabil,Musc Blanc,,https://www.fragrantica.com/perfume/El-Nabil/Musc-Blanc-64848.html
52321,El Nabil,Musc Blanc Intense,,https://www.fragrantica.com/perfume/El-Nabil/Musc-Blanc-Intense-64876.html
52322,El Nabil,Musc Boise,,https://www.fragrantica.com/perfume/El-Nabil/Musc-Boise-64920.html
52323,El Nabil,Musc Coco,,https://www.fragrantica.com/perfume/El-Nabil/Musc-Coco-64863.html
52324,El Nabil,Musc Khalifa,,https://www.fragrantica.com/perfume/El-Nabil/Musc-Khalifa-66095.html
52325,El Nabil,Musc Lina,2015,https://www.fragrantica.com/perfume/El-Nabil/Musc-Lina-59142.html
52326,El Nabil,Musc Love,2015,https://www.fragrantica.com/perfume/El-Nabil/Musc-Love-59332.html
52327,El Nabil,Musc Makkah,2015,https://www.fragrantica.com/perfume/El-Nabil/Musc-Makkah-59137.html
52328,El Nabil,Musc Mango,2015,https://www.fragrantica.com/perfume/El-Nabil/Musc-Mango-59140.html
52329,El Nabil,Musc Maysanne Intense,,https://www.fragrantica.com/perfume/El-Nabil/Musc-Maysanne-Intense-64878.html
52330,El Nabil,Musc Mayssane,2015,https://www.fragrantica.com/perfume/El-Nabil/Musc-Mayssane-59333.html
52331,El Nabil,Musc Muscat,2015,https://www.fragrantica.com/perfume/El-Nabil/Musc-Muscat-59145.html
52332,El Nabil,Musc Princess,,https://www.fragrantica.com/perfume/El-Nabil/Musc-Princess-64992.html
52333,El Nabil,Musc Red Rose,,https://www.fragrantica.com/perfume/El-Nabil/Musc-Red-Rose-64994.html
52334,El Nabil,Musc Rose,,https://www.fragrantica.com/perfume/El-Nabil/Musc-Rose-64854.html
52335,El Nabil,Musc Sauvage,,https://www.fragrantica.com/perfume/El-Nabil/Musc-Sauvage-64868.html
52336,El Nabil,Musc Sauvage Intense,,https://www.fragrantica.com/perfume/El-Nabil/Musc-Sauvage-Intense-64880.html
52337,El Nabil,Musc Secret,,https://www.fragrantica.com/perfume/El-Nabil/Musc-Secret-64999.html
52338,El Nabil,Musc Shams,,https://www.fragrantica.com/perfume/El-Nabil/Musc-Shams-65000.html
52339,El Nabil,Musc Sheikh,,https://www.fragrantica.com/perfume/El-Nabil/Musc-Sheikh-65001.html
52340,El Nabil,Musc Sicile,,https://www.fragrantica.com/perfume/El-Nabil/Musc-Sicile-65002.html
52341,El Nabil,Musc Slim Intense,,https://www.fragrantica.com/perfume/El-Nabil/Musc-Slim-Intense-64877.html
52342,El Nabil,Musc Sultan,,https://www.fragrantica.com/perfume/El-Nabil/Musc-Sultan-64873.html
52343,El Nabil,Musc Tahara,,https://www.fragrantica.com/perfume/El-Nabil/Musc-Tahara-64907.html
52344,El Nabil,Musc Tropical,,https://www.fragrantica.com/perfume/El-Nabil/Musc-Tropical-65007.html
52345,El Nabil,Musc Ultra,,https://www.fragrantica.com/perfume/El-Nabil/Musc-Ultra-64874.html
52346,El Nabil,Musc Velvet,,https://www.fragrantica.com/perfume/El-Nabil/Musc-Velvet-65009.html
52347,El Nabil,Musc Velvet Intense,,https://www.fragrantica.com/perfume/El-Nabil/Musc-Velvet-Intense-64881.html
52348,El Nabil,Musc Yassine,,https://www.fragrantica.com/perfume/El-Nabil/Musc-Yassine-65010.html
52349,El Nabil,Musk Abu Dhabi,,https://www.fragrantica.com/perfume/El-Nabil/Musk-Abu-Dhabi-64912.html
52350,El Nabil,Musk Addict,,https://www.fragrantica.com/perfume/El-Nabil/Musk-Addict-64867.html
52351,El Nabil,Musk Adem,,https://www.fragrantica.com/perfume/El-Nabil/Musk-Adem-64914.html
52352,El Nabil,Musk Amazon,,https://www.fragrantica.com/perfume/El-Nabil/Musk-Amazon-64916.html
52353,El Nabil,Musk Ameer,,https://www.fragrantica.com/perfume/El-Nabil/Musk-Ameer-64915.html
52354,El Nabil,Musk Anass,,https://www.fragrantica.com/perfume/El-Nabil/Musk-Anass-64857.html
52355,El Nabil,Musk Aswad,2019,https://www.fragrantica.com/perfume/El-Nabil/Musk-Aswad-61371.html
52356,El Nabil,Musk Bella,2015,https://www.fragrantica.com/perfume/El-Nabil/Musk-Bella-61367.html
52357,El Nabil,Musk Black,,https://www.fragrantica.com/perfume/El-Nabil/Musk-Black-64918.html
52358,El Nabil,Musk Brown,,https://www.fragrantica.com/perfume/El-Nabil/Musk-Brown-64921.html
52359,El Nabil,Musk Code,,https://www.fragrantica.com/perfume/El-Nabil/Musk-Code-64866.html
52360,El Nabil,Musk El Body,,https://www.fragrantica.com/perfume/El-Nabil/Musk-El-Body-64924.html
52361,El Nabil,Musk El Janat,,https://www.fragrantica.com/perfume/El-Nabil/Musk-El-Janat-64925.html
52362,El Nabil,Musk El Quraishi Musk,,https://www.fragrantica.com/perfume/El-Nabil/Musk-El-Quraishi-Musk-64850.html
52363,El Nabil,Musk Empire,,https://www.fragrantica.com/perfume/El-Nabil/Musk-Empire-64886.html
52364,El Nabil,Musk Firdaws,,https://www.fragrantica.com/perfume/El-Nabil/Musk-Firdaws-64975.html
52365,El Nabil,Musk Fruity,,https://www.fragrantica.com/perfume/El-Nabil/Musk-Fruity-64926.html
52366,El Nabil,Musk Gold,,https://www.fragrantica.com/perfume/El-Nabil/Musk-Gold-64860.html
52367,El Nabil,Musk Halima,2019,https://www.fragrantica.com/perfume/El-Nabil/Musk-Halima-61366.html
52368,El Nabil,Musk Imran,,https://www.fragrantica.com/perfume/El-Nabil/Musk-Imran-64865.html
52369,El Nabil,Musk Intenso,,https://www.fragrantica.com/perfume/El-Nabil/Musk-Intenso-64887.html
52370,El Nabil,Musk Ismael,,https://www.fragrantica.com/perfume/El-Nabil/Musk-Ismael-64978.html
52371,El Nabil,Musk Jakarta,,https://www.fragrantica.com/perfume/El-Nabil/Musk-Jakarta-64979.html
52372,El Nabil,Musk Jenna,,https://www.fragrantica.com/perfume/El-Nabil/Musk-Jenna-64980.html
52373,El Nabil,Musk Khaliji,,https://www.fragrantica.com/perfume/El-Nabil/Musk-Khaliji-64981.html
52374,El Nabil,Musk London,,https://www.fragrantica.com/perfume/El-Nabil/Musk-London-64983.html
52375,El Nabil,Musk Love,,https://www.fragrantica.com/perfume/El-Nabil/Musk-Love-64858.html
52376,El Nabil,Musk Makkah,,https://www.fragrantica.com/perfume/El-Nabil/Musk-Makkah-64856.html
52377,El Nabil,Musk Mayssane,,https://www.fragrantica.com/perfume/El-Nabil/Musk-Mayssane-64861.html
52378,El Nabil,Musk Medina,,https://www.fragrantica.com/perfume/El-Nabil/Musk-Medina-64984.html
52379,El Nabil,Musk Moon,,https://www.fragrantica.com/perfume/El-Nabil/Musk-Moon-64986.html
52380,El Nabil,Musk Mystic,,https://www.fragrantica.com/perfume/El-Nabil/Musk-Mystic-64987.html
52381,El Nabil,Musk Night,,https://www.fragrantica.com/perfume/El-Nabil/Musk-Night-64870.html
52382,El Nabil,Musk Noble,,https://www.fragrantica.com/perfume/El-Nabil/Musk-Noble-64989.html
52383,El Nabil,Musk Oud,,https://www.fragrantica.com/perfume/El-Nabil/Musk-Oud-64990.html
52384,El Nabil,Musk Patchouli,,https://www.fragrantica.com/perfume/El-Nabil/Musk-Patchouli-64991.html
52385,El Nabil,Musk Prince,,https://www.fragrantica.com/perfume/El-Nabil/Musk-Prince-64993.html
52386,El Nabil,Musk Red,,https://www.fragrantica.com/perfume/El-Nabil/Musk-Red-64996.html
52387,El Nabil,Musk Sahara,,https://www.fragrantica.com/perfume/El-Nabil/Musk-Sahara-64997.html
52388,El Nabil,Musk Silver,,https://www.fragrantica.com/perfume/El-Nabil/Musk-Silver-64852.html
52389,El Nabil,Musk Slim,,https://www.fragrantica.com/perfume/El-Nabil/Musk-Slim-64849.html
52390,El Nabil,Musk Sugar,,https://www.fragrantica.com/perfume/El-Nabil/Musk-Sugar-64888.html
52391,El Nabil,Musk Tesnime,,https://www.fragrantica.com/perfume/El-Nabil/Musk-Tesnime-64846.html
52392,El Nabil,Musk Velvet,,https://www.fragrantica.com/perfume/El-Nabil/Musk-Velvet-64871.html
52393,El Nabil,Oud Ajami,,https://www.fragrantica.com/perfume/El-Nabil/Oud-Ajami-64898.html
52394,El Nabil,Oud Black,,https://www.fragrantica.com/perfume/El-Nabil/Oud-Black-65011.html
52395,El Nabil,Oud Imperial,,https://www.fragrantica.com/perfume/El-Nabil/Oud-Imperial-64889.html
52396,El Nabil,Oud Kamis,,https://www.fragrantica.com/perfume/El-Nabil/Oud-Kamis-64899.html
52397,El Nabil,Oud Khass,,https://www.fragrantica.com/perfume/El-Nabil/Oud-Khass-64900.html
52398,El Nabil,Oud Majestic,,https://www.fragrantica.com/perfume/El-Nabil/Oud-Majestic-64891.html
52399,El Nabil,Oud Motlak,,https://www.fragrantica.com/perfume/El-Nabil/Oud-Motlak-64901.html
52400,El Nabil,Oud Orient,,https://www.fragrantica.com/perfume/El-Nabil/Oud-Orient-65012.html
52401,El Nabil,Oud Sahara,,https://www.fragrantica.com/perfume/El-Nabil/Oud-Sahara-64902.html
52402,El Nabil,Oud Sublime,,https://www.fragrantica.com/perfume/El-Nabil/Oud-Sublime-64890.html
52403,El Nabil,Oud Warda,,https://www.fragrantica.com/perfume/El-Nabil/Oud-Warda-65013.html
52404,El Nabil,Queen of Riyadh,,https://www.fragrantica.com/perfume/El-Nabil/Queen-of-Riyadh-65014.html
52405,El Nabil,Rose Noire,,https://www.fragrantica.com/perfume/El-Nabil/Rose-Noire-64892.html
52406,El Nabil,Rose Taif,2019,https://www.fragrantica.com/perfume/El-Nabil/Rose-Taif-61369.html
52407,El Nabil,Royal Gold,2005,https://www.fragrantica.com/perfume/El-Nabil/Royal-Gold-59138.html
52408,El Nabil,Royal Gold Intense,,https://www.fragrantica.com/perfume/El-Nabil/Royal-Gold-Intense-64875.html
52409,El Nabil,Sky,2020,https://www.fragrantica.com/perfume/El-Nabil/Sky-130706.html
52410,El Nabil,So Musk,,https://www.fragrantica.com/perfume/El-Nabil/So-Musk-64869.html
52411,El Nabil,Sublime Oud,,https://www.fragrantica.com/perfume/El-Nabil/Sublime-Oud-64844.html
52412,El Nabil,Sugar Musk,2019,https://www.fragrantica.com/perfume/El-Nabil/Sugar-Musk-61370.html
52413,EL Pasha,Noir,2026,https://www.fragrantica.com/perfume/EL-Pasha/Noir-139513.html
52414,EL Pasha,Prime,2026,https://www.fragrantica.com/perfume/EL-Pasha/Prime-139512.html
52415,Elaïo,Peau à Peau,2022,https://www.fragrantica.com/perfume/Elaio/Peau-a-Peau-80087.html
52416,Elaïo,Peau d'un Soir,2022,https://www.fragrantica.com/perfume/Elaio/Peau-d-un-Soir-80091.html
52417,Elaïo,Peau Perlée,2022,https://www.fragrantica.com/perfume/Elaio/Peau-Perlee-80090.html
52418,Elaïo,Peau Salée,2022,https://www.fragrantica.com/perfume/Elaio/Peau-Salee-80088.html
52419,Elaïo,Peau Secrète,2022,https://www.fragrantica.com/perfume/Elaio/Peau-Secrete-80089.html
52420,Elanzia,Elanzia Merveille Amour Black Intense,2012,https://www.fragrantica.com/perfume/Elanzia/Elanzia-Merveille-Amour-Black-Intense-23205.html
52421,Elanzia,Elanzia Merveille Amour Red Passion,2012,https://www.fragrantica.com/perfume/Elanzia/Elanzia-Merveille-Amour-Red-Passion-23203.html
52422,Elanzia,Elanzia Merveille Amour White Pur,2012,https://www.fragrantica.com/perfume/Elanzia/Elanzia-Merveille-Amour-White-Pur-23204.html
52423,Elanzia,Elanzia Merveille Orange,2011,https://www.fragrantica.com/perfume/Elanzia/Elanzia-Merveille-Orange-23201.html
52424,Elanzia,Elanzia Merveille Pink,2011,https://www.fragrantica.com/perfume/Elanzia/Elanzia-Merveille-Pink-23202.html
52425,Elanzia,Elanzia Merveille Prestige,2013,https://www.fragrantica.com/perfume/Elanzia/Elanzia-Merveille-Prestige-23206.html
52426,Elanzia,Elanzia Merveille Yellow,2011,https://www.fragrantica.com/perfume/Elanzia/Elanzia-Merveille-Yellow-23200.html
52427,Elara Paris,Burn For You,2026,https://www.fragrantica.com/perfume/Elara-Paris/Burn-For-You-138945.html
52428,Elara Paris,Eden's Heart,2026,https://www.fragrantica.com/perfume/Elara-Paris/Eden-s-Heart-138944.html
52429,Elden Fragrances,Assembled Vengeance - Cold Shoulder,,https://www.parfumo.com/Perfumes/Elden_Fragrances/Assembled_Vengeance__Cold_Shoulder
52430,Elden Fragrances,Assembled Vengeance - Hawk Guy,,https://www.parfumo.com/Perfumes/Elden_Fragrances/Assembled_Vengeance__Hawk_Guy
52431,Elden Fragrances,Assembled Vengeance - Playboy Philanthropist,2007,https://www.parfumo.com/Perfumes/Elden_Fragrances/Assembled_Vengeance__Playboy_Philanthropist
52432,Elden Fragrances,Assembled Vengeance - Red Ledger,2015,https://www.parfumo.com/Perfumes/Elden_Fragrances/Assembled_Vengeance__Red_Ledger
52433,Elden Fragrances,Assembled Vengeance - Smash,1994,https://www.parfumo.com/Perfumes/Elden_Fragrances/Assembled_Vengeance__Smash
52434,Elden Fragrances,Assembled Vengeance - Star Spangled,,https://www.parfumo.com/Perfumes/Elden_Fragrances/Assembled_Vengeance__Star_Spangled
52435,Elden Fragrances,Assembled Vengeance - Tahiti,,https://www.parfumo.com/Perfumes/Elden_Fragrances/Assembled_Vengeance__Tahiti
52436,Elden Fragrances,Fairy Tale Princess Collection - A Dream So Familiar,,https://www.parfumo.com/Perfumes/Elden_Fragrances/Fairy_Tale_Princess_Collection__A_Dream_So_Familiar
52437,Elden Fragrances,Fairy Tale Princess Collection - A Frog's Kiss,,https://www.parfumo.com/Perfumes/Elden_Fragrances/Fairy_Tale_Princess_Collection__A_Frog_s_Kiss
52438,Elden Fragrances,Fairy Tale Princess Collection - A Gleam and a Glow,1988,https://www.parfumo.com/Perfumes/Elden_Fragrances/Fairy_Tale_Princess_Collection__A_Gleam_and_a_Glow
52439,Electimuss,Alkout,2020,https://www.fragrantica.com/perfume/Electimuss/Alkout-61820.html
52440,Electimuss,Amber Aquilaria,2014,https://www.fragrantica.com/perfume/Electimuss/Amber-Aquilaria-28834.html
52441,Electimuss,Amber Aquilaria,2019,https://www.fragrantica.com/perfume/Electimuss/Amber-Aquilaria-61799.html
52442,Electimuss,Amber Bloom,2026,https://www.fragrantica.com/perfume/Electimuss/Amber-Bloom-134196.html
52443,Electimuss,Ambergris,2013,https://www.parfumo.com/Perfumes/Electimuss/Ambergris
52444,Electimuss,Aquila Absolute,2023,https://www.fragrantica.com/perfume/Electimuss/Aquila-Absolute-82663.html
52445,Electimuss,Astrum Nova,2025,https://www.fragrantica.com/perfume/Electimuss/Astrum-Nova-109923.html
52446,Electimuss,Atilla Rose,2013,https://www.parfumo.com/Perfumes/Electimuss/Atilla_Rose
52447,Electimuss,Aurora,2020,https://www.fragrantica.com/perfume/Electimuss/Aurora-61801.html
52448,Electimuss,Auster,2020,https://www.fragrantica.com/perfume/Electimuss/Auster-61802.html
52449,Electimuss,Black Caviar,2014,https://www.fragrantica.com/perfume/Electimuss/Black-Caviar-28835.html
52450,Electimuss,Black Caviar,2019,https://www.fragrantica.com/perfume/Electimuss/Black-Caviar-61812.html
52451,Electimuss,Capua,2020,https://www.fragrantica.com/perfume/Electimuss/Capua-61809.html
52452,Electimuss,Caspian Cherry,2024,https://www.fragrantica.com/perfume/Electimuss/Caspian-Cherry-97641.html
52453,Electimuss,Celestial,2020,https://www.fragrantica.com/perfume/Electimuss/Celestial-61821.html
52454,Electimuss,Champaca,2013,https://www.parfumo.com/Perfumes/Electimuss/Champaca
52455,Electimuss,Cupid's Kiss,2024,https://www.fragrantica.com/perfume/Electimuss/Cupid-s-Kiss-90197.html
52456,Electimuss,Exotica,2013,https://www.parfumo.com/Perfumes/Electimuss/Exotica
52457,Electimuss,Fortuna,2020,https://www.fragrantica.com/perfume/Electimuss/Fortuna-61803.html
52458,Electimuss,Gladiator Oud,2023,https://www.fragrantica.com/perfume/Electimuss/Gladiator-Oud-79601.html
52459,Electimuss,Imperium Electimuss 2019 Extrait de Parfum,2019,https://www.parfumo.com/Perfumes/Electimuss/imperium-extrait-de-parfum
52460,Electimuss,Imperium Electimuss 2024 Hair Mist,2024,https://www.parfumo.com/Perfumes/Electimuss/imperium-hair-mist
52461,Electimuss,Imperium (Hair Mist),2020,https://www.fragrantica.com/perfume/Electimuss/Imperium-61804.html
52462,Electimuss,Incitatus,2014,https://www.fragrantica.com/perfume/Electimuss/Incitatus-28833.html
52463,Electimuss,Ingemar,2013,https://www.parfumo.com/Perfumes/Electimuss/Ingemar
52464,Electimuss,Jupiter,2020,https://www.fragrantica.com/perfume/Electimuss/Jupiter-61805.html
52465,Electimuss,Limited Extrait Series - Black Truffle,2013,https://www.parfumo.com/Perfumes/Electimuss/Limited_Extrait_Series_Black_Truffle
52466,Electimuss,Limited Extrait Series - Golden Saffron,2013,https://www.parfumo.com/Perfumes/Electimuss/Limited_Extrait_Series_Golden_Saffron
52467,Electimuss,Limited Extrait Series - Platinum Musk,2013,https://www.parfumo.com/Perfumes/Electimuss/Limited_Extrait_Series_Platinum_Musk
52468,Electimuss,Limited Extrait Series - White Truffle,2013,https://www.parfumo.com/Perfumes/Electimuss/Limited_Extrait_Series_White_Truffle
52469,Electimuss,Magnificient Rose,2013,https://www.parfumo.com/Perfumes/Electimuss/Magnificient_Rose
52470,Electimuss,MCX,2025,https://www.fragrantica.com/perfume/Electimuss/MCX-115906.html
52471,Electimuss,Mercurial Cashmere Electimuss 2024 Hair Mist,2024,https://www.parfumo.com/Perfumes/Electimuss/mercurial-cashmere-hair-mist
52472,Electimuss,Mercurial Cashmere (Extrait de Parfum),2021,https://www.fragrantica.com/perfume/Electimuss/Mercurial-Cashmere-68736.html
52473,Electimuss,Moroccan Medjool,2025,https://www.fragrantica.com/perfume/Electimuss/Moroccan-Medjool-103074.html
52474,Electimuss,Mystique,2013,https://www.parfumo.com/Perfumes/Electimuss/Mystique
52475,Electimuss,Octavian,2020,https://www.fragrantica.com/perfume/Electimuss/Octavian-61800.html
52476,Electimuss,Patchouli of the Underworld,2022,https://www.fragrantica.com/perfume/Electimuss/Patchouli-of-the-Underworld-72806.html
52477,Electimuss,Persephone's Patchouli,2022,https://www.fragrantica.com/perfume/Electimuss/Persephone-s-Patchouli-72805.html
52478,Electimuss,Platinum Muscus,2014,https://www.fragrantica.com/perfume/Electimuss/Platinum-Muscus-28832.html
52479,Electimuss,Pomona Vitalis,2022,https://www.fragrantica.com/perfume/Electimuss/Pomona-Vitalis-74592.html
52480,Electimuss,Puritas,2020,https://www.fragrantica.com/perfume/Electimuss/Puritas-61822.html
52481,Electimuss,Reverie Haze,2026,https://www.fragrantica.com/perfume/Electimuss/Reverie-Haze-125904.html
52482,Electimuss,Rhodanthe,2014,https://www.fragrantica.com/perfume/Electimuss/Rhodanthe-28831.html
52483,Electimuss,Rhodanthe,2019,https://www.fragrantica.com/perfume/Electimuss/Rhodanthe-61806.html
52484,Electimuss,Saggita,2014,https://www.fragrantica.com/perfume/Electimuss/Saggita-28829.html
52485,Electimuss,Silvanus,2020,https://www.fragrantica.com/perfume/Electimuss/Silvanus-61807.html
52486,Electimuss,Spice D'Arno,2024,https://www.fragrantica.com/perfume/Electimuss/Spice-D-Arno-94645.html
52487,Electimuss,Summanus,2020,https://www.fragrantica.com/perfume/Electimuss/Summanus-61813.html
52488,Electimuss,Trajan,2020,https://www.fragrantica.com/perfume/Electimuss/Trajan-61808.html
52489,Electimuss,Vanilla Edesia,2023,https://www.fragrantica.com/perfume/Electimuss/Vanilla-Edesia-86839.html
52490,Electimuss,Venti,2014,https://www.fragrantica.com/perfume/Electimuss/Venti-28830.html
52491,Electimuss,Vesper Reverie,2025,https://www.fragrantica.com/perfume/Electimuss/Vesper-Reverie-117493.html
52492,Electimuss,Vici Leather,2022,https://www.fragrantica.com/perfume/Electimuss/Vici-Leather-76138.html
52493,Electimuss,Vixere,2020,https://www.fragrantica.com/perfume/Electimuss/Vixere-61810.html
52494,elef.,Elysia,2025,https://www.fragrantica.com/perfume/elef/Elysia-111248.html
52495,elef.,Golden Hours,2025,https://www.fragrantica.com/perfume/elef/Golden-Hours-111249.html
52496,elef.,Limone di Sole,2025,https://www.fragrantica.com/perfume/elef/Limone-di-Sole-111250.html
52497,elef.,Pure Nectar,2025,https://www.fragrantica.com/perfume/elef/Pure-Nectar-111251.html
52498,Elegant,Jasmine And Honey,,https://www.fragrantica.com/perfume/Elegant/Jasmine-And-Honey-132863.html
52499,Elegant,Pomegranate,,https://www.fragrantica.com/perfume/Elegant/Pomegranate-132864.html
52500,Elegantes,Amber Incense,2017,https://www.fragrantica.com/perfume/Elegantes/Amber-Incense-89819.html
52501,Elegantes,Amber Wood,2017,https://www.fragrantica.com/perfume/Elegantes/Amber-Wood-43255.html
52502,Elegantes,Cashmere,2018,https://www.fragrantica.com/perfume/Elegantes/Cashmere-52303.html
52503,Elegantes,Chesterfield Club,2017,https://www.fragrantica.com/perfume/Elegantes/Chesterfield-Club-43254.html
52504,Elegantes,Elegantes Heart,2017,https://www.fragrantica.com/perfume/Elegantes/Elegantes-Heart-87565.html
52505,Elegantes,Nostalgia,2017,https://www.fragrantica.com/perfume/Elegantes/Nostalgia-87564.html
52506,Elegantes,Orris Vetiver,2017,https://www.fragrantica.com/perfume/Elegantes/Orris-Vetiver-43099.html
52507,Elegantes,Oud Exquisite,2017,https://www.fragrantica.com/perfume/Elegantes/Oud-Exquisite-87562.html
52508,Elegantes,Oud Noblesse,2017,https://www.fragrantica.com/perfume/Elegantes/Oud-Noblesse-87563.html
52509,Elegantes,Rose Elegantes,2017,https://www.fragrantica.com/perfume/Elegantes/Rose-Elegantes-43097.html
52510,Elegantes,Rose Musk,2018,https://www.fragrantica.com/perfume/Elegantes/Rose-Musk-52304.html
52511,Elegantes,Royal Vetiver,2017,https://www.fragrantica.com/perfume/Elegantes/Royal-Vetiver-43253.html
52512,Elegantes,Ultimate Musk,2017,https://www.fragrantica.com/perfume/Elegantes/Ultimate-Musk-43098.html
52513,Element Experimental Aroma Lab,Alice,2024,https://www.fragrantica.com/perfume/Element-Experimental-Aroma-Lab/Alice-105453.html
52514,Element Terre,5ème Élément,2024,https://www.fragrantica.com/perfume/Element-Terre/5eme-Element-100772.html
52515,Element Terre,Aromatica,2024,https://www.fragrantica.com/perfume/Element-Terre/Aromatica-100775.html
52516,Element Terre,Aurore Boréale,2024,https://www.fragrantica.com/perfume/Element-Terre/Aurore-Boreale-100773.html
52517,Element Terre,Baltique Sauvage,2024,https://www.fragrantica.com/perfume/Element-Terre/Baltique-Sauvage-100770.html
52518,Element Terre,Cap Horn,2024,https://www.fragrantica.com/perfume/Element-Terre/Cap-Horn-100771.html
52519,Element Terre,Caprice,2024,https://www.fragrantica.com/perfume/Element-Terre/Caprice-100781.html
52520,Element Terre,Eau Pâle,2024,https://www.fragrantica.com/perfume/Element-Terre/Eau-Pale-100777.html
52521,Element Terre,Escapade,2024,https://www.fragrantica.com/perfume/Element-Terre/Escapade-100783.html
52522,Element Terre,Éternelle,2024,https://www.fragrantica.com/perfume/Element-Terre/Eternelle-100774.html
52523,Element Terre,Evidence,2024,https://www.fragrantica.com/perfume/Element-Terre/Evidence-100769.html
52524,Element Terre,Horizon,2024,https://www.fragrantica.com/perfume/Element-Terre/Horizon-100768.html
52525,Element Terre,L'Eau des Fleurs,2024,https://www.fragrantica.com/perfume/Element-Terre/L-Eau-des-Fleurs-100778.html
52526,Element Terre,L'Onde Bleue,2024,https://www.fragrantica.com/perfume/Element-Terre/L-Onde-Bleue-100780.html
52527,Element Terre,Miss Terre,2024,https://www.fragrantica.com/perfume/Element-Terre/Miss-Terre-100782.html
52528,Element Terre,Neroli Heaven,2024,https://www.fragrantica.com/perfume/Element-Terre/Neroli-Heaven-100776.html
52529,Element Terre,Rive d'Or,2024,https://www.fragrantica.com/perfume/Element-Terre/Rive-d-Or-100779.html
52530,Element Terre,Talisman,2024,https://www.fragrantica.com/perfume/Element-Terre/Talisman-100767.html
52531,Element Terre,Terre-Mer,2024,https://www.fragrantica.com/perfume/Element-Terre/Terre-Mer-100766.html
52532,Elementals,Earth,2018,https://www.fragrantica.com/perfume/Elementals/Earth-54568.html
52533,Elementals,Fire,2018,https://www.fragrantica.com/perfume/Elementals/Fire-54569.html
52534,Elementals,Metal,2018,https://www.fragrantica.com/perfume/Elementals/Metal-54572.html
52535,Elementals,Qian,2018,https://www.fragrantica.com/perfume/Elementals/Qian-54573.html
52536,Elementals,Tong Ren,2022,https://www.fragrantica.com/perfume/Elementals/Tong-Ren-112651.html
52537,Elementals,Water,2018,https://www.fragrantica.com/perfume/Elementals/Water-54571.html
52538,Elementals,Wood,2018,https://www.fragrantica.com/perfume/Elementals/Wood-54570.html
52539,Elemento Mineral,Alma de Taipa,2022,https://www.fragrantica.com/perfume/Elemento-Mineral/Alma-de-Taipa-84019.html
52540,Elemento Mineral,Citrine,2019,https://www.fragrantica.com/perfume/Elemento-Mineral/Citrine-71841.html
52541,Elemento Mineral,Rose Quartz,2019,https://www.fragrantica.com/perfume/Elemento-Mineral/Rose-Quartz-71843.html
52542,Elemento Mineral,White Quartz,2019,https://www.fragrantica.com/perfume/Elemento-Mineral/White-Quartz-71842.html
52543,Elementos,Luan,,https://www.fragrantica.com/perfume/Elementos/Luan-137666.html
52544,Elemis,Elemis Eau de Parfum,2010,https://www.fragrantica.com/perfume/Elemis/Elemis-Eau-de-Parfum-10328.html
52545,Elemis,Elemis Exotic Eau de Parfum,2010,https://www.fragrantica.com/perfume/Elemis/Elemis-Exotic-Eau-de-Parfum-10327.html
52546,Elen'a Parfum,Black Vanilla,2019,https://www.fragrantica.com/perfume/Elen-a-Parfum/Black-Vanilla-58177.html
52547,Elen'a Parfum,Freshness,2019,https://www.fragrantica.com/perfume/Elen-a-Parfum/Freshness-58175.html
52548,Elen'a Parfum,L'Automne,2019,https://www.fragrantica.com/perfume/Elen-a-Parfum/L-Automne-58178.html
52549,Elen'a Parfum,Oriental Forest,2019,https://www.fragrantica.com/perfume/Elen-a-Parfum/Oriental-Forest-58176.html
52550,Elen'a Parfum,Peony,2019,https://www.fragrantica.com/perfume/Elen-a-Parfum/Peony-58180.html
52551,Elen'a Parfum,Tabula Rasa,2019,https://www.fragrantica.com/perfume/Elen-a-Parfum/Tabula-Rasa-58179.html
52552,Elena Lanzano Essences,Banabread,2025,https://www.fragrantica.com/perfume/Elena-Lanzano-Essences/Banabread-101863.html
52553,Elena Lanzano Essences,Patch Me Now,2025,https://www.fragrantica.com/perfume/Elena-Lanzano-Essences/Patch-Me-Now-105240.html
52554,Elena Lanzano Essences,SexAlmond,2025,https://www.fragrantica.com/perfume/Elena-Lanzano-Essences/SexAlmond-101862.html
52555,Elev,Ambeo,2025,https://www.fragrantica.com/perfume/Elev/Ambeo-109104.html
52556,Elev,Aura,2025,https://www.fragrantica.com/perfume/Elev/Aura-109103.html
52557,Elev,Cino,2025,https://www.fragrantica.com/perfume/Elev/Cino-109101.html
52558,Elev,Lewa,2025,https://www.fragrantica.com/perfume/Elev/Lewa-109102.html
52559,Elev,Oud,2025,https://www.fragrantica.com/perfume/Elev/Oud-109079.html
52560,Elganaur,Caladrius,2026,https://www.fragrantica.com/perfume/Elganaur/Caladrius-138549.html
52561,Elganaur,Fougère Mercurielle,2026,https://www.fragrantica.com/perfume/Elganaur/Fougere-Mercurielle-138551.html
52562,Elganaur,Oiseau Bleu,2026,https://www.fragrantica.com/perfume/Elganaur/Oiseau-Bleu-138550.html
52563,Elganaur,Rose des Vents,2026,https://www.fragrantica.com/perfume/Elganaur/Rose-des-Vents-138548.html
52564,Elghzaly,Fengan Qahwa,2023,https://www.fragrantica.com/perfume/Elghzaly/Fengan-Qahwa-122917.html
52565,Elghzaly,Hebah,2025,https://www.fragrantica.com/perfume/Elghzaly/Hebah-122916.html
52566,Elghzaly,Layaly December,2023,https://www.fragrantica.com/perfume/Elghzaly/Layaly-December-122918.html
52567,Elghzaly,Marshmallow,2023,https://www.fragrantica.com/perfume/Elghzaly/Marshmallow-122919.html
52568,Elghzaly,Nfhat Alharam,2023,https://www.fragrantica.com/perfume/Elghzaly/Nfhat-Alharam-122914.html
52569,Elghzaly,Signature,2025,https://www.fragrantica.com/perfume/Elghzaly/Signature-122915.html
52570,Elianto,Apple Blossom,,https://www.parfumo.com/Perfumes/Elianto/Apple_Blossom
52571,Elianto,Ballet,2010,https://www.parfumo.com/Perfumes/Elianto/Ballet
52572,Elianto,Berries,2001,https://www.parfumo.com/Perfumes/Elianto/Berries
52573,Elianto,Berry Tease,1970,https://www.parfumo.com/Perfumes/Elianto/Berry_Tease
52574,Elianto,Blossoms,2004,https://www.parfumo.com/Perfumes/Elianto/Blossoms
52575,Elianto,Celebrate,,https://www.parfumo.com/Perfumes/Elianto/Celebrate
52576,Elianto,Citrus,2009,https://www.parfumo.com/Perfumes/Elianto/Citrus
52577,Elianto,D'amour Homme,2015,https://www.parfumo.com/Perfumes/Elianto/D_amour_Homme
52578,Elie Saab,Cuir Absolu,2016,https://www.fragrantica.com/perfume/Elie-Saab/Cuir-Absolu-40937.html
52579,Elie Saab,Cuir Bourbon,2016,https://www.fragrantica.com/perfume/Elie-Saab/Cuir-Bourbon-40934.html
52580,Elie Saab,Cuir Patchouli,2016,https://www.fragrantica.com/perfume/Elie-Saab/Cuir-Patchouli-40935.html
52581,Elie Saab,Cuir Ylang,2016,https://www.fragrantica.com/perfume/Elie-Saab/Cuir-Ylang-40936.html
52582,Elie Saab,Elie Saab Le Parfum Eau de Toilette,2012,https://www.fragrantica.com/perfume/Elie-Saab/Elie-Saab-Le-Parfum-Eau-de-Toilette-15178.html
52583,Elie Saab,Elie Saab Le Parfum Rose Couture,2016,https://www.fragrantica.com/perfume/Elie-Saab/Elie-Saab-Le-Parfum-Rose-Couture-33566.html
52584,Elie Saab,Elixir,2023,https://www.fragrantica.com/perfume/Elie-Saab/Elixir-79156.html
52585,Elie Saab,Elixir Love,2024,https://www.fragrantica.com/perfume/Elie-Saab/Elixir-Love-96451.html
52586,Elie Saab,Ellie Saab Le Parfum L'Edition Argent,2015,https://www.fragrantica.com/perfume/Elie-Saab/Ellie-Saab-Le-Parfum-L-Edition-Argent-32325.html
52587,Elie Saab,Essence N°9: Tubéreuse,2016,https://www.parfumo.com/Perfumes/Elie_Saab/Essence_N9_Tubereuse
52588,Elie Saab,Essence No. 1 Rose,2014,https://www.fragrantica.com/perfume/Elie-Saab/Essence-No-1-Rose-25914.html
52589,Elie Saab,Essence No. 10 Amande Tonka,2017,https://www.fragrantica.com/perfume/Elie-Saab/Essence-No-10-Amande-Tonka-44904.html
52590,Elie Saab,Essence No. 2 Gardenia,2014,https://www.fragrantica.com/perfume/Elie-Saab/Essence-No-2-Gardenia-25915.html
52591,Elie Saab,Essence No. 3 Ambre,2014,https://www.fragrantica.com/perfume/Elie-Saab/Essence-No-3-Ambre-25916.html
52592,Elie Saab,Essence No. 4 Oud,2014,https://www.fragrantica.com/perfume/Elie-Saab/Essence-No-4-Oud-25917.html
52593,Elie Saab,Essence No. 6 Vetiver,2015,https://www.fragrantica.com/perfume/Elie-Saab/Essence-No-6-Vetiver-31250.html
52594,Elie Saab,Essence No. 7 Neroli,2015,https://www.fragrantica.com/perfume/Elie-Saab/Essence-No-7-Neroli-31251.html
52595,Elie Saab,Essence No. 8 Santal,2016,https://www.fragrantica.com/perfume/Elie-Saab/Essence-No-8-Santal-39424.html
52596,Elie Saab,Essence No. 9 Tuberose,2016,https://www.fragrantica.com/perfume/Elie-Saab/Essence-No-9-Tuberose-39425.html
52597,Elie Saab,Girl of Now,2017,https://www.fragrantica.com/perfume/Elie-Saab/Girl-of-Now-45686.html
52598,Elie Saab,Girl of Now Forever,2019,https://www.fragrantica.com/perfume/Elie-Saab/Girl-of-Now-Forever-53027.html
52599,Elie Saab,Girl of Now Lovely,2022,https://www.fragrantica.com/perfume/Elie-Saab/Girl-of-Now-Lovely-72457.html
52600,Elie Saab,Girl of Now Rose Petal,2024,https://www.fragrantica.com/perfume/Elie-Saab/Girl-of-Now-Rose-Petal-90951.html
52601,Elie Saab,Girl of Now Shine,2018,https://www.fragrantica.com/perfume/Elie-Saab/Girl-of-Now-Shine-50206.html
52602,Elie Saab,L'Eau Couture,2014,https://www.fragrantica.com/perfume/Elie-Saab/L-Eau-Couture-22537.html
52603,Elie Saab,L'Homme,2025,https://www.fragrantica.com/perfume/Elie-Saab/L-Homme-103457.html
52604,Elie Saab,L'Homme Intense,2026,https://www.fragrantica.com/perfume/Elie-Saab/L-Homme-Intense-126539.html
52605,Elie Saab,Le Parfum,2011,https://www.fragrantica.com/perfume/Elie-Saab/Le-Parfum-12258.html
52606,Elie Saab,Le Parfum Absolu,2025,https://www.fragrantica.com/perfume/Elie-Saab/Le-Parfum-Absolu-110844.html
52607,Elie Saab,Le Parfum Bridal,2023,https://www.fragrantica.com/perfume/Elie-Saab/Le-Parfum-Bridal-84412.html
52608,Elie Saab,Le Parfum Eau de Parfum Intense,2013,https://www.fragrantica.com/perfume/Elie-Saab/Le-Parfum-Eau-de-Parfum-Intense-18517.html
52609,Elie Saab,Le Parfum Eclat d'Or,2016,https://www.fragrantica.com/perfume/Elie-Saab/Le-Parfum-Eclat-d-Or-42652.html
52610,Elie Saab,Le Parfum Edition Feuilles d'Or,2017,https://www.fragrantica.com/perfume/Elie-Saab/Le-Parfum-Edition-Feuilles-d-Or-47218.html
52611,Elie Saab,Le Parfum Elie Saab 2011 Eau de Parfum,2011,https://www.parfumo.com/Perfumes/Elie_Saab/Le_Parfum
52612,Elie Saab,Le Parfum Elie Saab 2012 Eau de Toilette,2012,https://www.parfumo.com/Perfumes/Elie_Saab/Le_Parfum_Eau_de_Toilette
52613,Elie Saab,Le Parfum Elie Saab 2013 Eau de Parfum Intense,2013,https://www.parfumo.com/Perfumes/Elie_Saab/Le_Parfum_Eau_de_Parfum_Intense
52614,Elie Saab,Le Parfum Elie Saab 2017 Brume Cheveux,2017,https://www.parfumo.com/Perfumes/Elie_Saab/le-parfum-brume-cheveux
52615,Elie Saab,Le Parfum Essentiel,2020,https://www.fragrantica.com/perfume/Elie-Saab/Le-Parfum-Essentiel-58827.html
52616,Elie Saab,Le Parfum in White,2018,https://www.fragrantica.com/perfume/Elie-Saab/Le-Parfum-in-White-48058.html
52617,Elie Saab,Le Parfum L'Eau Couture,2014,https://www.parfumo.com/Perfumes/Elie_Saab/Le_Parfum_L_Eau_Couture
52618,Elie Saab,Le Parfum L'Edition Argent,,https://www.parfumo.com/Perfumes/Elie_Saab/Le_Parfum_L_Edition_Argent
52619,Elie Saab,Le Parfum L'Edition Or,2014,https://www.fragrantica.com/perfume/Elie-Saab/Le-Parfum-L-Edition-Or-28225.html
52620,Elie Saab,Le Parfum Lumière,2021,https://www.fragrantica.com/perfume/Elie-Saab/Le-Parfum-Lumiere-69136.html
52621,Elie Saab,Le Parfum Resort Collection,2015,https://www.fragrantica.com/perfume/Elie-Saab/Le-Parfum-Resort-Collection-29164.html
52622,Elie Saab,Le Parfum Resort Collection (2017),2017,https://www.fragrantica.com/perfume/Elie-Saab/Le-Parfum-Resort-Collection-2017-42985.html
52623,Elie Saab,Le Parfum Royal,2019,https://www.fragrantica.com/perfume/Elie-Saab/Le-Parfum-Royal-55012.html
52624,Elie Saab,Nuit Noor,2016,https://www.fragrantica.com/perfume/Elie-Saab/Nuit-Noor-42134.html
52625,Elie Tahari,Chiffon Fresh,1993,https://www.fragrantica.com/perfume/Elie-Tahari/Chiffon-Fresh-100376.html
52626,Elie Tahari,Elie Tahari,2019,https://www.fragrantica.com/perfume/Elie-Tahari/Elie-Tahari-52723.html
52627,Elie Tahari,Night,2020,https://www.fragrantica.com/perfume/Elie-Tahari/Night-64377.html
52628,Eligia,Blu Man,,https://www.fragrantica.com/perfume/Eligia/Blu-Man-52962.html
52629,Eligia,Cassis,,https://www.fragrantica.com/perfume/Eligia/Cassis-52877.html
52630,Eligia,Charlize Woman,,https://www.fragrantica.com/perfume/Eligia/Charlize-Woman-52883.html
52631,Eligia,Ela Woman,,https://www.fragrantica.com/perfume/Eligia/Ela-Woman-52945.html
52632,Eligia,Gea Man,,https://www.fragrantica.com/perfume/Eligia/Gea-Man-52963.html
52633,Eligia,Julietta Woman,,https://www.fragrantica.com/perfume/Eligia/Julietta-Woman-52959.html
52634,Eligia,Osmantus Woman,,https://www.fragrantica.com/perfume/Eligia/Osmantus-Woman-52960.html
52635,Eligia,Silver Man,,https://www.fragrantica.com/perfume/Eligia/Silver-Man-52964.html
52636,Eligia,Turchese Woman,,https://www.fragrantica.com/perfume/Eligia/Turchese-Woman-52961.html
52637,Eligia,Unico Man,,https://www.fragrantica.com/perfume/Eligia/Unico-Man-52965.html
52638,Elisire,Aliksir,2025,https://www.fragrantica.com/perfume/Elisire/Aliksir-117907.html
52639,Elisire,Ambre Nomade,2015,https://www.fragrantica.com/perfume/Elisire/Ambre-Nomade-36187.html
52640,Elisire,Desired,2017,https://www.fragrantica.com/perfume/Elisire/Desired-44957.html
52641,Elisire,Eau Papaguena,2015,https://www.fragrantica.com/perfume/Elisire/Eau-Papaguena-36186.html
52642,Elisire,Elixir Absolu,2015,https://www.fragrantica.com/perfume/Elisire/Elixir-Absolu-36188.html
52643,Elisire,Érose,2021,https://www.fragrantica.com/perfume/Elisire/Erose-70981.html
52644,Elisire,Extrait Blanc,2023,https://www.fragrantica.com/perfume/Elisire/Extrait-Blanc-96772.html
52645,Elisire,Extrait Noir,2021,https://www.fragrantica.com/perfume/Elisire/Extrait-Noir-70982.html
52646,Elisire,Hautbois,2024,https://www.fragrantica.com/perfume/Elisire/Hautbois-96771.html
52647,Elisire,In Fabula,2025,https://www.fragrantica.com/perfume/Elisire/In-Fabula-136259.html
52648,Elisire,Jasmin Paradis,2015,https://www.fragrantica.com/perfume/Elisire/Jasmin-Paradis-36190.html
52649,Elisire,Oderose,2017,https://www.fragrantica.com/perfume/Elisire/Oderose-44958.html
52650,Elisire,Poudre Desir,2015,https://www.fragrantica.com/perfume/Elisire/Poudre-Desir-36189.html
52651,Elisium,Antarktida,2024,https://www.fragrantica.com/perfume/Elisium/Antarktida-99131.html
52652,Elisium,Devil's Desire,2024,https://www.fragrantica.com/perfume/Elisium/Devil-s-Desire-99135.html
52653,Elisium,Emperor's Oud,2024,https://www.fragrantica.com/perfume/Elisium/Emperor-s-Oud-99137.html
52654,Elisium,Imperium,2022,https://www.fragrantica.com/perfume/Elisium/Imperium-99127.html
52655,Elisium,Oceanus,2023,https://www.fragrantica.com/perfume/Elisium/Oceanus-99126.html
52656,Elisium,Opera Delux,2024,https://www.fragrantica.com/perfume/Elisium/Opera-Delux-99138.html
52657,Elisium,Russian Musk,2024,https://www.fragrantica.com/perfume/Elisium/Russian-Musk-99132.html
52658,Elisium,Sweet & Spoiled,2024,https://www.fragrantica.com/perfume/Elisium/Sweet-Spoiled-99136.html
52659,Elisium,Uranus,2024,https://www.fragrantica.com/perfume/Elisium/Uranus-99133.html
52660,Elite Fragrances London,By Perry Baie Des Anges,,https://www.fragrantica.com/perfume/Elite-Fragrances-London/By-Perry-Baie-Des-Anges-111669.html
52661,Elite Fragrances London,Golden Emerald,,https://www.fragrantica.com/perfume/Elite-Fragrances-London/Golden-Emerald-111671.html
52662,Elite Fragrances London,Graceful,,https://www.fragrantica.com/perfume/Elite-Fragrances-London/Graceful-111673.html
52663,Elite Fragrances London,Ignition Pour Homme,,https://www.fragrantica.com/perfume/Elite-Fragrances-London/Ignition-Pour-Homme-111674.html
52664,Elite Fragrances London,My Mic,,https://www.fragrantica.com/perfume/Elite-Fragrances-London/My-Mic-111676.html
52665,Elite Fragrances London,OhMG!,,https://www.fragrantica.com/perfume/Elite-Fragrances-London/OhMG-111678.html
52666,Elite Fragrances London,OhMG!! – Gold,,https://www.fragrantica.com/perfume/Elite-Fragrances-London/OhMG-Gold-111679.html
52667,Elite Fragrances London,Panthere De Luxe,,https://www.fragrantica.com/perfume/Elite-Fragrances-London/Panthere-De-Luxe-111681.html
52668,Elite Fragrances London,Party for Him,,https://www.fragrantica.com/perfume/Elite-Fragrances-London/Party-for-Him-111682.html
52669,Elite Fragrances London,Pop for Her,,https://www.fragrantica.com/perfume/Elite-Fragrances-London/Pop-for-Her-111683.html
52670,Elite Fragrances London,Rebel Spirit,,https://www.fragrantica.com/perfume/Elite-Fragrances-London/Rebel-Spirit-111684.html
52671,Elite Fragrances London,Ruby Whispers,,https://www.fragrantica.com/perfume/Elite-Fragrances-London/Ruby-Whispers-111685.html
52672,Elite Fragrances London,The Gentleman,,https://www.fragrantica.com/perfume/Elite-Fragrances-London/The-Gentleman-111686.html
52673,Elite Fragrances London,The Regal Dynasty,,https://www.fragrantica.com/perfume/Elite-Fragrances-London/The-Regal-Dynasty-111687.html
52674,Elite Fragrances London,The Royal Ring - Blue Edition,,https://www.fragrantica.com/perfume/Elite-Fragrances-London/The-Royal-Ring-Blue-Edition-111688.html
52675,Elite Fragrances London,The Royal Ring - Gold Edition,,https://www.fragrantica.com/perfume/Elite-Fragrances-London/The-Royal-Ring-Gold-Edition-111689.html
52676,Elixir,Timeless,,https://www.fragrantica.com/perfume/Elixir/Timeless-129378.html
52677,Elixir,Whisper,,https://www.fragrantica.com/perfume/Elixir/Whisper-129377.html
52678,Elixir Attar,Agar Fougère (Perfume Oil),,https://www.fragrantica.com/perfume/Elixir-Attar/Agar-Fougere-135972.html
52679,Elixir Attar,Agarwood Moléculaire,2026,https://www.fragrantica.com/perfume/Elixir-Attar/Agarwood-Moleculaire-135946.html
52680,Elixir Attar,Al-Ghaliyah Bulgare Fleuri Et Animalique,2018,https://www.fragrantica.com/perfume/Elixir-Attar/Al-Ghaliyah-Bulgare-Fleuri-Et-Animalique-50632.html
52681,Elixir Attar,Al-Ghaliyah Formulation 2016,2016,https://www.fragrantica.com/perfume/Elixir-Attar/Al-Ghaliyah-Formulation-2016-50633.html
52682,Elixir Attar,Alhabasha,,https://www.fragrantica.com/perfume/Elixir-Attar/Alhabasha-135970.html
52683,Elixir Attar,Aloha,,https://www.fragrantica.com/perfume/Elixir-Attar/Aloha-135974.html
52684,Elixir Attar,Amazigh Elixir Attar 1968 Perfume Oil,1968,https://www.parfumo.com/Perfumes/elixir-attar/amazigh-perfume-oil
52685,Elixir Attar,Amazigh Elixir Attar 2015 Extrait de Parfum,2015,https://www.parfumo.com/Perfumes/elixir-attar/amazigh-extrait-de-parfum
52686,Elixir Attar,Amber Brûlé Elixir Attar Extrait de Parfum,,https://www.parfumo.com/Perfumes/elixir-attar/amber-brule-extrait-de-parfum
52687,Elixir Attar,Amber Brûlé Elixir Attar Perfume Oil,,https://www.parfumo.com/Perfumes/elixir-attar/amber-brule-perfume-oil
52688,Elixir Attar,Après Le Soir,2025,https://www.fragrantica.com/perfume/Elixir-Attar/Apres-Le-Soir-135944.html
52689,Elixir Attar,Avenue Joffre,2025,https://www.fragrantica.com/perfume/Elixir-Attar/Avenue-Joffre-135904.html
52690,Elixir Attar,Bab Sharif,2025,https://www.fragrantica.com/perfume/Elixir-Attar/Bab-Sharif-135909.html
52691,Elixir Attar,Babylon Ballad,2024,https://www.fragrantica.com/perfume/Elixir-Attar/Babylon-Ballad-92269.html
52692,Elixir Attar,Baklava,2025,https://www.fragrantica.com/perfume/Elixir-Attar/Baklava-135959.html
52693,Elixir Attar,Balakirev,2025,https://www.fragrantica.com/perfume/Elixir-Attar/Balakirev-135957.html
52694,Elixir Attar,Ballad Irone: Apres Le Soir Elixir Attar 2015 Extrait de Parfum,2015,https://www.parfumo.com/Perfumes/elixir-attar/ballad-irone-apres-le-soir-extrait-de-parfum
52695,Elixir Attar,Ballad Irone: Apres Le Soir Elixir Attar Perfume Oil,,https://www.parfumo.com/Perfumes/elixir-attar/ballad-irone-apres-le-soir-perfume-oil
52696,Elixir Attar,Ballad No. 1,2023,https://www.fragrantica.com/perfume/Elixir-Attar/Ballad-No-1-135962.html
52697,Elixir Attar,Bàyn al Nàhyràyn,2019,https://www.parfumo.com/Perfumes/elixir-attar/bayn-al-nahyrayn
52698,Elixir Attar,Boswellian Affair,,https://www.fragrantica.com/perfume/Elixir-Attar/Boswellian-Affair-135978.html
52699,Elixir Attar,Can't Resist,2026,https://www.fragrantica.com/perfume/Elixir-Attar/Can-t-Resist-137362.html
52700,Elixir Attar,Cestrum Nocturnum,2026,https://www.fragrantica.com/perfume/Elixir-Attar/Cestrum-Nocturnum-135980.html
52701,Elixir Attar,Chen Xiang,2020,https://www.fragrantica.com/perfume/Elixir-Attar/Chen-Xiang-117044.html
52702,Elixir Attar,Cohiban Coffee Attar (Perfume Oil),2018,https://www.fragrantica.com/perfume/Elixir-Attar/Cohiban-Coffee-Attar-50636.html
52703,Elixir Attar,Cohiban Coffee Oud Extreme,2020,https://www.fragrantica.com/perfume/Elixir-Attar/Cohiban-Coffee-Oud-Extreme-64963.html
52704,Elixir Attar,Dark Matter,2023,https://www.fragrantica.com/perfume/Elixir-Attar/Dark-Matter-89464.html
52705,Elixir Attar,Desert Rose: Negev,2026,https://www.fragrantica.com/perfume/Elixir-Attar/Desert-Rose-Negev-138825.html
52706,Elixir Attar,Discombobulate,,https://www.fragrantica.com/perfume/Elixir-Attar/Discombobulate-135965.html
52707,Elixir Attar,Ferd,2025,https://www.fragrantica.com/perfume/Elixir-Attar/Ferd-135943.html
52708,Elixir Attar,Fougere Kosmos Del Emilia,2018,https://www.fragrantica.com/perfume/Elixir-Attar/Fougere-Kosmos-Del-Emilia-50638.html
52709,Elixir Attar,Fractal Flowers Kaleidoscope,2023,https://www.fragrantica.com/perfume/Elixir-Attar/Fractal-Flowers-Kaleidoscope-135967.html
52710,Elixir Attar,Galia Sophistique,,https://www.fragrantica.com/perfume/Elixir-Attar/Galia-Sophistique-135979.html
52711,Elixir Attar,Ghaliya Animalia,2025,https://www.fragrantica.com/perfume/Elixir-Attar/Ghaliya-Animalia-135907.html
52712,Elixir Attar,Ghaliya Manipur,2025,https://www.fragrantica.com/perfume/Elixir-Attar/Ghaliya-Manipur-135906.html
52713,Elixir Attar,Ghaliya Rosarie,,https://www.fragrantica.com/perfume/Elixir-Attar/Ghaliya-Rosarie-70696.html
52714,Elixir Attar,Ghaliya Sylhet,2025,https://www.fragrantica.com/perfume/Elixir-Attar/Ghaliya-Sylhet-135908.html
52715,Elixir Attar,Halawiyyat Sharqiyya Attar (Perfume Oil),2018,https://www.fragrantica.com/perfume/Elixir-Attar/Halawiyyat-Sharqiyya-Attar-50634.html
52716,Elixir Attar,Hindistan,,https://www.fragrantica.com/perfume/Elixir-Attar/Hindistan-135971.html
52717,Elixir Attar,Huaxia,2022,https://www.fragrantica.com/perfume/Elixir-Attar/Huaxia-77156.html
52718,Elixir Attar,Imperator,2025,https://www.fragrantica.com/perfume/Elixir-Attar/Imperator-135905.html
52719,Elixir Attar,Iris Chypre,2018,https://www.fragrantica.com/perfume/Elixir-Attar/Iris-Chypre-50645.html
52720,Elixir Attar,Jardin De Versailles,2024,https://www.fragrantica.com/perfume/Elixir-Attar/Jardin-De-Versailles-135982.html
52721,Elixir Attar,Kalevala,2018,https://www.fragrantica.com/perfume/Elixir-Attar/Kalevala-50637.html
52722,Elixir Attar,Kuchinashi,2026,https://www.fragrantica.com/perfume/Elixir-Attar/Kuchinashi-135902.html
52723,Elixir Attar,Kynam Chypre,2026,https://www.fragrantica.com/perfume/Elixir-Attar/Kynam-Chypre-136558.html
52724,Elixir Attar,Kyoto,2025,https://www.fragrantica.com/perfume/Elixir-Attar/Kyoto-135958.html
52725,Elixir Attar,Malay Rose,2019,https://www.fragrantica.com/perfume/Elixir-Attar/Malay-Rose-76010.html
52726,Elixir Attar,Maqha Al-Sharq Attar (Perfume Oil),2018,https://www.fragrantica.com/perfume/Elixir-Attar/Maqha-Al-Sharq-Attar-50635.html
52727,Elixir Attar,Melange,2021,https://www.fragrantica.com/perfume/Elixir-Attar/Melange-70677.html
52728,Elixir Attar,Mukhallat J - AlJilani,,https://www.fragrantica.com/perfume/Elixir-Attar/Mukhallat-J-AlJilani-135976.html
52729,Elixir Attar,Mukhallat M - AlMehdar,,https://www.fragrantica.com/perfume/Elixir-Attar/Mukhallat-M-AlMehdar-135975.html
52730,Elixir Attar,Mukhallat S – AlShazly,,https://www.fragrantica.com/perfume/Elixir-Attar/Mukhallat-S-AlShazly-135977.html
52731,Elixir Attar,Myrrhiental,,https://www.fragrantica.com/perfume/Elixir-Attar/Myrrhiental-135963.html
52732,Elixir Attar,Mythique,2018,https://www.fragrantica.com/perfume/Elixir-Attar/Mythique-65867.html
52733,Elixir Attar,Nha Trang Kinam Kodo,2024,https://www.fragrantica.com/perfume/Elixir-Attar/Nha-Trang-Kinam-Kodo-135960.html
52734,Elixir Attar,Night in Transylvania,,https://www.fragrantica.com/perfume/Elixir-Attar/Night-in-Transylvania-141740.html
52735,Elixir Attar,Notre Dames,2025,https://www.fragrantica.com/perfume/Elixir-Attar/Notre-Dames-135945.html
52736,Elixir Attar,One More Kiss,2026,https://www.fragrantica.com/perfume/Elixir-Attar/One-More-Kiss-141739.html
52737,Elixir Attar,Oud N-Tique,2025,https://www.fragrantica.com/perfume/Elixir-Attar/Oud-N-Tique-135961.html
52738,Elixir Attar,Parijat,2026,https://www.fragrantica.com/perfume/Elixir-Attar/Parijat-135901.html
52739,Elixir Attar,Phantom of the Opera,2024,https://www.fragrantica.com/perfume/Elixir-Attar/Phantom-of-the-Opera-135968.html
52740,Elixir Attar,Polyglot,,https://www.fragrantica.com/perfume/Elixir-Attar/Polyglot-135973.html
52741,Elixir Attar,Qin Shi Huang,2025,https://www.fragrantica.com/perfume/Elixir-Attar/Qin-Shi-Huang-135947.html
52742,Elixir Attar,Rhapsody,2025,https://www.fragrantica.com/perfume/Elixir-Attar/Rhapsody-135966.html
52743,Elixir Attar,Rosa Animalica,2024,https://www.fragrantica.com/perfume/Elixir-Attar/Rosa-Animalica-135981.html
52744,Elixir Attar,Royal Luban,2018,https://www.fragrantica.com/perfume/Elixir-Attar/Royal-Luban-50643.html
52745,Elixir Attar,Rubaiyat,2026,https://www.fragrantica.com/perfume/Elixir-Attar/Rubaiyat-141066.html
52746,Elixir Attar,Sacred Incense Al Bokhoor Al Muqaddas Attar (Perfume Oil),2018,https://www.fragrantica.com/perfume/Elixir-Attar/Sacred-Incense-Al-Bokhoor-Al-Muqaddas-Attar-50639.html
52747,Elixir Attar,Scheherazade,2026,https://www.fragrantica.com/perfume/Elixir-Attar/Scheherazade-135900.html
52748,Elixir Attar,Silk Road (Tareeq Al Hareer 2),2026,https://www.fragrantica.com/perfume/Elixir-Attar/Silk-Road-Tareeq-Al-Hareer-2-139990.html
52749,Elixir Attar,Sorairo,2026,https://www.fragrantica.com/perfume/Elixir-Attar/Sorairo-136173.html
52750,Elixir Attar,Spirit Of Arabia,2018,https://www.fragrantica.com/perfume/Elixir-Attar/Spirit-Of-Arabia-50641.html
52751,Elixir Attar,Spirit Of Japan,2018,https://www.fragrantica.com/perfume/Elixir-Attar/Spirit-Of-Japan-50642.html
52752,Elixir Attar,Spirit Of Persia,2018,https://www.fragrantica.com/perfume/Elixir-Attar/Spirit-Of-Persia-50644.html
52753,Elixir Attar,Spirit Of The Hellenic Republic,2018,https://www.fragrantica.com/perfume/Elixir-Attar/Spirit-Of-The-Hellenic-Republic-50640.html
52754,Elixir Attar,Symphonie De Vert Exquise,2020,https://www.fragrantica.com/perfume/Elixir-Attar/Symphonie-De-Vert-Exquise-64962.html
52755,Elixir Attar,Thanaya,2024,https://www.fragrantica.com/perfume/Elixir-Attar/Thanaya-101736.html
52756,Elixir Attar,Wu Zhao,2025,https://www.fragrantica.com/perfume/Elixir-Attar/Wu-Zhao-135903.html
52757,Elixir Attar,Yan Huang Zisun,2023,https://www.fragrantica.com/perfume/Elixir-Attar/Yan-Huang-Zisun-135964.html
52758,Elixir Attar,Youxia,,https://www.fragrantica.com/perfume/Elixir-Attar/Youxia-135969.html
52759,Élixir Privé,Babel Oud,2022,https://www.fragrantica.com/perfume/Elixir-Prive/Babel-Oud-77768.html
52760,Élixir Privé,Barbes Mandarine,2020,https://www.fragrantica.com/perfume/Elixir-Prive/Barbes-Mandarine-77769.html
52761,Élixir Privé,Black Animal,2022,https://www.fragrantica.com/perfume/Elixir-Prive/Black-Animal-77770.html
52762,Élixir Privé,Bois Sacre,2020,https://www.fragrantica.com/perfume/Elixir-Prive/Bois-Sacre-77771.html
52763,Élixir Privé,Brume d'Ivoire (Body Mist),2020,https://www.fragrantica.com/perfume/Elixir-Prive/Brume-d-Ivoire-77772.html
52764,Élixir Privé,Chatiment,2020,https://www.fragrantica.com/perfume/Elixir-Prive/Chatiment-77773.html
52765,Élixir Privé,Cuir Tonka,2022,https://www.fragrantica.com/perfume/Elixir-Prive/Cuir-Tonka-77774.html
52766,Élixir Privé,Ecaille D'Orient,2020,https://www.fragrantica.com/perfume/Elixir-Prive/Ecaille-D-Orient-77775.html
52767,Élixir Privé,Empereur,2021,https://www.fragrantica.com/perfume/Elixir-Prive/Empereur-77776.html
52768,Élixir Privé,Encre Galuchat,2025,https://www.fragrantica.com/perfume/Elixir-Prive/Encre-Galuchat-107665.html
52769,Élixir Privé,Fleur Orpheline,2021,https://www.fragrantica.com/perfume/Elixir-Prive/Fleur-Orpheline-77777.html
52770,Élixir Privé,Gris Polaire,2020,https://www.fragrantica.com/perfume/Elixir-Prive/Gris-Polaire-77778.html
52771,Élixir Privé,Lait d'Argile,2026,https://www.fragrantica.com/perfume/Elixir-Prive/Lait-d-Argile-130527.html
52772,Élixir Privé,Mango White,2025,https://www.fragrantica.com/perfume/Elixir-Prive/Mango-White-109695.html
52773,Élixir Privé,Matcha Irozi,2025,https://www.fragrantica.com/perfume/Elixir-Prive/Matcha-Irozi-109696.html
52774,Élixir Privé,Moka Clash,2026,https://www.fragrantica.com/perfume/Elixir-Prive/Moka-Clash-130529.html
52775,Élixir Privé,Noir Amour,2025,https://www.fragrantica.com/perfume/Elixir-Prive/Noir-Amour-109697.html
52776,Élixir Privé,Ombre Celeste,2021,https://www.fragrantica.com/perfume/Elixir-Prive/Ombre-Celeste-77779.html
52777,Élixir Privé,Or Fauve,2026,https://www.fragrantica.com/perfume/Elixir-Prive/Or-Fauve-130530.html
52778,Élixir Privé,Oud Carbone,2021,https://www.fragrantica.com/perfume/Elixir-Prive/Oud-Carbone-77780.html
52779,Élixir Privé,Sable Sarrasin,2021,https://www.fragrantica.com/perfume/Elixir-Prive/Sable-Sarrasin-77781.html
52780,Élixir Privé,Sucre Blanc,2020,https://www.fragrantica.com/perfume/Elixir-Prive/Sucre-Blanc-77782.html
52781,Élixir Privé,Tunis Neróli,2025,https://www.fragrantica.com/perfume/Elixir-Prive/Tunis-Neroli-109698.html
52782,Elixir Signature Scents,Acqua Musc,2022,https://www.fragrantica.com/perfume/Elixir-Signature-Scents/Acqua-Musc-77407.html
52783,Elixir Signature Scents,Amber Wrath — Elixir of Chaos,2025,https://www.fragrantica.com/perfume/Elixir-Signature-Scents/Amber-Wrath-Elixir-of-Chaos-121653.html
52784,Elixir Signature Scents,Ambrosia,2022,https://www.fragrantica.com/perfume/Elixir-Signature-Scents/Ambrosia-77408.html
52785,Elixir Signature Scents,Ambrosia,2025,https://www.fragrantica.com/perfume/Elixir-Signature-Scents/Ambrosia-122288.html
52786,Elixir Signature Scents,Blood Sandalwood — Elixir of Legacy,2025,https://www.fragrantica.com/perfume/Elixir-Signature-Scents/Blood-Sandalwood-Elixir-of-Legacy-121654.html
52787,Elixir Signature Scents,Blu Infini,2022,https://www.fragrantica.com/perfume/Elixir-Signature-Scents/Blu-Infini-77409.html
52788,Elixir Signature Scents,BLU INFINI,2025,https://www.fragrantica.com/perfume/Elixir-Signature-Scents/BLU-INFINI-122290.html
52789,Elixir Signature Scents,Cerca Trova — Elixir of Discovery,2025,https://www.fragrantica.com/perfume/Elixir-Signature-Scents/Cerca-Trova-Elixir-of-Discovery-121655.html
52790,Elixir Signature Scents,Crème de la Crème — Elixir of Indulgence,2025,https://www.fragrantica.com/perfume/Elixir-Signature-Scents/Creme-de-la-Creme-Elixir-of-Indulgence-121652.html
52791,Elixir Signature Scents,Deja Vu,2022,https://www.fragrantica.com/perfume/Elixir-Signature-Scents/Deja-Vu-77410.html
52792,Elixir Signature Scents,Deja Vu,2025,https://www.fragrantica.com/perfume/Elixir-Signature-Scents/Deja-Vu-122289.html
52793,Elixir Signature Scents,Elixir of Life,2022,https://www.fragrantica.com/perfume/Elixir-Signature-Scents/Elixir-of-Life-77411.html
52794,Elixir Signature Scents,Elixir of Life,2025,https://www.fragrantica.com/perfume/Elixir-Signature-Scents/Elixir-of-Life-122291.html
52795,Elixir Signature Scents,Elude - Elixir Of The Cellar,2022,https://www.fragrantica.com/perfume/Elixir-Signature-Scents/Elude-Elixir-Of-The-Cellar-77710.html
52796,Elixir Signature Scents,Hypnotic,2022,https://www.fragrantica.com/perfume/Elixir-Signature-Scents/Hypnotic-77412.html
52797,Elixir Signature Scents,Ibidem,2025,https://www.fragrantica.com/perfume/Elixir-Signature-Scents/Ibidem-108124.html
52798,Elixir Signature Scents,Impetus - Elixir Of The Ocean,2022,https://www.fragrantica.com/perfume/Elixir-Signature-Scents/Impetus-Elixir-Of-The-Ocean-77715.html
52799,Elixir Signature Scents,Inversion - Elixir Of Kush,2022,https://www.fragrantica.com/perfume/Elixir-Signature-Scents/Inversion-Elixir-Of-Kush-77714.html
52800,Elixir Signature Scents,Legendary Oud,2025,https://www.fragrantica.com/perfume/Elixir-Signature-Scents/Legendary-Oud-91996.html
52801,Elixir Signature Scents,Lygo - Elixir Of The Diablo,2022,https://www.fragrantica.com/perfume/Elixir-Signature-Scents/Lygo-Elixir-Of-The-Diablo-77712.html
52802,Elixir Signature Scents,Marbella,2022,https://www.fragrantica.com/perfume/Elixir-Signature-Scents/Marbella-77413.html
52803,Elixir Signature Scents,Oud Frame — Elixir of Dubai,2025,https://www.fragrantica.com/perfume/Elixir-Signature-Scents/Oud-Frame-Elixir-of-Dubai-121658.html
52804,Elixir Signature Scents,Oud in Leather — Elixir of Vintage,2025,https://www.fragrantica.com/perfume/Elixir-Signature-Scents/Oud-in-Leather-Elixir-of-Vintage-121657.html
52805,Elixir Signature Scents,Oud Me Over You -- Elixir of Obsession,2025,https://www.fragrantica.com/perfume/Elixir-Signature-Scents/Oud-Me-Over-You-Elixir-of-Obsession-121659.html
52806,Elixir Signature Scents,Oudverse - Elixir of the Future,2025,https://www.fragrantica.com/perfume/Elixir-Signature-Scents/Oudverse-Elixir-of-the-Future-121651.html
52807,Elixir Signature Scents,OUDXCITE — Elixir of Mystique,2025,https://www.fragrantica.com/perfume/Elixir-Signature-Scents/OUDXCITE-Elixir-of-Mystique-121656.html
52808,Elixir Signature Scents,Radiatus - Elixir Of The Sun,2022,https://www.fragrantica.com/perfume/Elixir-Signature-Scents/Radiatus-Elixir-Of-The-Sun-77713.html
52809,Elixir Signature Scents,Sandalwood,2025,https://www.fragrantica.com/perfume/Elixir-Signature-Scents/Sandalwood-122292.html
52810,Elixir Signature Scents,Sang Noir,2022,https://www.fragrantica.com/perfume/Elixir-Signature-Scents/Sang-Noir-77414.html
52811,Elixir Signature Scents,Summer Splendour,2025,https://www.fragrantica.com/perfume/Elixir-Signature-Scents/Summer-Splendour-108125.html
52812,Elixir Signature Scents,Thalassa — Elixir of the Ocean,2025,https://www.fragrantica.com/perfume/Elixir-Signature-Scents/Thalassa-Elixir-of-the-Ocean-121650.html
52813,Elixir Signature Scents,Xyst - Elixir Of Love,2022,https://www.fragrantica.com/perfume/Elixir-Signature-Scents/Xyst-Elixir-Of-Love-77711.html
52814,Elixirs Of Eden,After Dark,,https://www.fragrantica.com/perfume/Elixirs-Of-Eden/After-Dark-50568.html
52815,Elixirs Of Eden,Blue Vetiver,,https://www.fragrantica.com/perfume/Elixirs-Of-Eden/Blue-Vetiver-50562.html
52816,Elixirs Of Eden,Captain Black,,https://www.fragrantica.com/perfume/Elixirs-Of-Eden/Captain-Black-50559.html
52817,Elixirs Of Eden,Dark Musk,,https://www.fragrantica.com/perfume/Elixirs-Of-Eden/Dark-Musk-50556.html
52818,Elixirs Of Eden,Green Valley,,https://www.fragrantica.com/perfume/Elixirs-Of-Eden/Green-Valley-50567.html
52819,Elixirs Of Eden,Kingdom,,https://www.fragrantica.com/perfume/Elixirs-Of-Eden/Kingdom-50566.html
52820,Elixirs Of Eden,Love In Red,,https://www.fragrantica.com/perfume/Elixirs-Of-Eden/Love-In-Red-50557.html
52821,Elixirs Of Eden,Ocean Breeze,,https://www.fragrantica.com/perfume/Elixirs-Of-Eden/Ocean-Breeze-50565.html
52822,Elixirs Of Eden,Pleasure Island,,https://www.fragrantica.com/perfume/Elixirs-Of-Eden/Pleasure-Island-50560.html
52823,Elixirs Of Eden,Rose Blush,,https://www.fragrantica.com/perfume/Elixirs-Of-Eden/Rose-Blush-50569.html
52824,Elixirs Of Eden,Santal De Imperial,,https://www.fragrantica.com/perfume/Elixirs-Of-Eden/Santal-De-Imperial-50558.html
52825,Elixirs Of Eden,Tobacco Absolute,,https://www.fragrantica.com/perfume/Elixirs-Of-Eden/Tobacco-Absolute-50561.html
52826,Elizabeth and James,Nirvana Amethyst,2017,https://www.fragrantica.com/perfume/Elizabeth-and-James/Nirvana-Amethyst-46139.html
52827,Elizabeth and James,Nirvana Black (Eau de Parfum),2013,https://www.fragrantica.com/perfume/Elizabeth-and-James/Nirvana-Black-21984.html
52828,Elizabeth and James,Nirvana Black Elizabeth and James Perfume Oil,,https://www.parfumo.com/Perfumes/Elizabeth_and_James/Nirvana_Black_Perfume_Oil
52829,Elizabeth and James,Nirvana Black Perfume Oil,2014,https://www.fragrantica.com/perfume/Elizabeth-and-James/Nirvana-Black-Perfume-Oil-28223.html
52830,Elizabeth and James,Nirvana Bourbon,2016,https://www.fragrantica.com/perfume/Elizabeth-and-James/Nirvana-Bourbon-40269.html
52831,Elizabeth and James,Nirvana French Grey,2017,https://www.fragrantica.com/perfume/Elizabeth-and-James/Nirvana-French-Grey-46140.html
52832,Elizabeth and James,Nirvana Rose,2016,https://www.fragrantica.com/perfume/Elizabeth-and-James/Nirvana-Rose-40267.html
52833,Elizabeth and James,Nirvana White (Eau de Parfum),2013,https://www.fragrantica.com/perfume/Elizabeth-and-James/Nirvana-White-21983.html
52834,Elizabeth and James,Nirvana White Perfume Oil,2014,https://www.fragrantica.com/perfume/Elizabeth-and-James/Nirvana-White-Perfume-Oil-28224.html
52835,Elizabeth Arden,5th Avenue,1996,https://www.fragrantica.com/perfume/Elizabeth-Arden/5th-Avenue-81.html
52836,Elizabeth Arden,5th Avenue After Five,2005,https://www.fragrantica.com/perfume/Elizabeth-Arden/5th-Avenue-After-Five-82.html
52837,Elizabeth Arden,5th Avenue Gold,2010,https://www.fragrantica.com/perfume/Elizabeth-Arden/5th-Avenue-Gold-8497.html
52838,Elizabeth Arden,5th Avenue Nights,2008,https://www.fragrantica.com/perfume/Elizabeth-Arden/5th-Avenue-Nights-4229.html
52839,Elizabeth Arden,5th Avenue NYC Desire,2026,https://www.fragrantica.com/perfume/Elizabeth-Arden/5th-Avenue-NYC-Desire-134223.html
52840,Elizabeth Arden,5th Avenue NYC Downtown,2025,https://www.fragrantica.com/perfume/Elizabeth-Arden/5th-Avenue-NYC-Downtown-125361.html
52841,Elizabeth Arden,5th Avenue NYC Dream,2024,https://www.fragrantica.com/perfume/Elizabeth-Arden/5th-Avenue-NYC-Dream-95816.html
52842,Elizabeth Arden,5th Avenue NYC Lights,2017,https://www.fragrantica.com/perfume/Elizabeth-Arden/5th-Avenue-NYC-Lights-47572.html
52843,Elizabeth Arden,5th Avenue NYC Limited Editon,2013,https://www.fragrantica.com/perfume/Elizabeth-Arden/5th-Avenue-NYC-Limited-Editon-17279.html
52844,Elizabeth Arden,5th Avenue NYC Live,2018,https://www.fragrantica.com/perfume/Elizabeth-Arden/5th-Avenue-NYC-Live-53071.html
52845,Elizabeth Arden,5th Avenue NYC Love,2022,https://www.fragrantica.com/perfume/Elizabeth-Arden/5th-Avenue-NYC-Love-73080.html
52846,Elizabeth Arden,5th Avenue NYC Premiere,2015,https://www.fragrantica.com/perfume/Elizabeth-Arden/5th-Avenue-NYC-Premiere-30156.html
52847,Elizabeth Arden,5Th Avenue Nyc Pulse,,https://huggingface.co/datasets/doevent/perfume
52848,Elizabeth Arden,5th Avenue NYC Red,2019,https://www.fragrantica.com/perfume/Elizabeth-Arden/5th-Avenue-NYC-Red-57613.html
52849,Elizabeth Arden,5th Avenue NYC Uptown,2017,https://www.fragrantica.com/perfume/Elizabeth-Arden/5th-Avenue-NYC-Uptown-44737.html
52850,Elizabeth Arden,5th Avenue NYC Vibe,2021,https://www.fragrantica.com/perfume/Elizabeth-Arden/5th-Avenue-NYC-Vibe-66460.html
52851,Elizabeth Arden,5th Avenue Only NYC,2015,https://www.fragrantica.com/perfume/Elizabeth-Arden/5th-Avenue-Only-NYC-32654.html
52852,Elizabeth Arden,5th Avenue Pulse,2023,https://www.fragrantica.com/perfume/Elizabeth-Arden/5th-Avenue-Pulse-80183.html
52853,Elizabeth Arden,5th Avenue Royale,2017,https://www.fragrantica.com/perfume/Elizabeth-Arden/5th-Avenue-Royale-43880.html
52854,Elizabeth Arden,5th Avenue Style,2009,https://www.fragrantica.com/perfume/Elizabeth-Arden/5th-Avenue-Style-6568.html
52855,Elizabeth Arden,Always Red,2015,https://www.fragrantica.com/perfume/Elizabeth-Arden/Always-Red-31280.html
52856,Elizabeth Arden,Always Red Eau de Toilette,2024,https://www.fragrantica.com/perfume/Elizabeth-Arden/Always-Red-Eau-de-Toilette-96019.html
52857,Elizabeth Arden,Always Red Femme,2016,https://www.fragrantica.com/perfume/Elizabeth-Arden/Always-Red-Femme-39374.html
52858,Elizabeth Arden,Always Red Femme Eau de Toilette,2024,https://www.fragrantica.com/perfume/Elizabeth-Arden/Always-Red-Femme-Eau-de-Toilette-96018.html
52859,Elizabeth Arden,Arden Beauty,2002,https://www.fragrantica.com/perfume/Elizabeth-Arden/Arden-Beauty-88.html
52860,Elizabeth Arden,Arden for Men - Citruswood,1957,https://www.fragrantica.com/perfume/Elizabeth-Arden/Arden-for-Men-Citruswood-112590.html
52861,Elizabeth Arden,Arden for Men (Eau de Cologne),1965,https://www.fragrantica.com/perfume/Elizabeth-Arden/Arden-for-Men-112591.html
52862,Elizabeth Arden,Arden for Men Elizabeth Arden 1965 After Shave Lotion,1965,https://www.parfumo.com/Perfumes/Elizabeth_Arden/Arden_for_Men_After_Shave_Lotion
52863,Elizabeth Arden,Arden for Men Elizabeth Arden Eau de Cologne Speciale,,https://www.parfumo.com/Perfumes/Elizabeth_Arden/Arden_for_Men_Eau_de_Cologne_Speciale
52864,Elizabeth Arden,Arden for Men - Greenwood (Eau de Toilette),,https://www.fragrantica.com/perfume/Elizabeth-Arden/Arden-for-Men-Greenwood-112584.html
52865,Elizabeth Arden,Arden for Men - Greenwood Elizabeth Arden After Shave Lotion,,https://www.parfumo.com/Perfumes/Elizabeth_Arden/Arden_for_Men__Greenwood_After_Shave_Lotion
52866,Elizabeth Arden,Arden for Men - No. 450,,https://www.parfumo.com/Perfumes/Elizabeth_Arden/Arden_for_Men__No_450
52867,Elizabeth Arden,Arden for Men - Oakwood,,https://www.fragrantica.com/perfume/Elizabeth-Arden/Arden-for-Men-Oakwood-112583.html
52868,Elizabeth Arden,Arden for Men - Oakwood Elizabeth Arden Eau de Toilette,,https://www.parfumo.com/Perfumes/Elizabeth_Arden/Arden_for_Men__Oakwood_Eau_de_Toilette
52869,Elizabeth Arden,Arden for Men - Sandalwood Elizabeth Arden 1956 After Shave Lotion,1956,https://www.parfumo.com/Perfumes/Elizabeth_Arden/Arden_for_Men__Sandalwood_After_Shave_Lotion
52870,Elizabeth Arden,Arden for Men - Sandalwood Elizabeth Arden 1956 Eau de Cologne,1956,https://www.parfumo.com/Perfumes/Elizabeth_Arden/Arden_for_Men__Sandalwood_Eau_de_Cologne
52871,Elizabeth Arden,Arden for Men - Wildwood,,https://www.fragrantica.com/perfume/Elizabeth-Arden/Arden-for-Men-Wildwood-112582.html
52872,Elizabeth Arden,Arden Men Sandalwood,1956,https://www.fragrantica.com/perfume/Elizabeth-Arden/Arden-Men-Sandalwood-4912.html
52873,Elizabeth Arden,Ardenbeauty,2002,https://www.parfumo.com/Perfumes/Elizabeth_Arden/Arden_Beauty
52874,Elizabeth Arden,Blue Grass (Eau de Parfum),1936,https://www.fragrantica.com/perfume/Elizabeth-Arden/Blue-Grass-91.html
52875,Elizabeth Arden,Blue Grass Elizabeth Arden 1934 Perfume (Parfum),1934,https://www.parfumo.com/Perfumes/Elizabeth_Arden/blue-grass-1934-perfume
52876,Elizabeth Arden,Blue Grass Elizabeth Arden Solid Cologne,,https://www.parfumo.com/Perfumes/Elizabeth_Arden/blue-grass-solid-cologne
52877,Elizabeth Arden,Blue Grass Flower Mist Elizabeth Arden 1940 Eau de Cologne,1940,https://www.parfumo.com/Perfumes/Elizabeth_Arden/blue-grass-flower-mist-eau-de-cologne
52878,Elizabeth Arden,Blue Grass Love Bug Locket Elizabeth Arden 1973 Solid Perfume,1973,https://www.parfumo.com/Perfumes/Elizabeth_Arden/blue-grass-love-bug-locket-solid-perfume
52879,Elizabeth Arden,Cabriole Elizabeth Arden 1977 Cologne (Eau de Cologne),1977,https://www.parfumo.com/Perfumes/Elizabeth_Arden/Cabriole_Cologne
52880,Elizabeth Arden,Cabriole Elizabeth Arden 1977 Eau de Toilette,1977,https://www.parfumo.com/Perfumes/Elizabeth_Arden/Cabriole_Eau_de_Toilette
52881,Elizabeth Arden,Cabriole Elizabeth Arden 1977 Parfum de Toilette (Eau de Parfum),1977,https://www.parfumo.com/Perfumes/Elizabeth_Arden/Cabriole_Parfum_de_Toilette
52882,Elizabeth Arden,Cabriole (Parfum),1977,https://www.fragrantica.com/perfume/Elizabeth-Arden/Cabriole-14094.html
52883,Elizabeth Arden,Carnation,,https://www.parfumo.com/Perfumes/Elizabeth_Arden/Carnation
52884,Elizabeth Arden,Cupids Breath,1936,https://www.fragrantica.com/perfume/Elizabeth-Arden/Cupids-Breath-112586.html
52885,Elizabeth Arden,Cyclamen,,https://www.parfumo.com/Perfumes/Elizabeth_Arden/Cyclamen
52886,Elizabeth Arden,Daytona 500,2006,https://www.fragrantica.com/perfume/Elizabeth-Arden/Daytona-500-4914.html
52887,Elizabeth Arden,Eau Fraiche,1986,https://www.fragrantica.com/perfume/Elizabeth-Arden/Eau-Fraiche-90.html
52888,Elizabeth Arden,Eau Fraiche Body Basics - Eau Fraiche,1986,https://www.parfumo.com/Perfumes/Elizabeth_Arden/Eau_Fraiche_Body_Basics__Eau_Fraiche
52889,Elizabeth Arden,Eternal Aura,2026,https://www.fragrantica.com/perfume/Elizabeth-Arden/Eternal-Aura-122849.html
52890,Elizabeth Arden,Green Tea,1999,https://www.fragrantica.com/perfume/Elizabeth-Arden/Green-Tea-83.html
52891,Elizabeth Arden,Green Tea Bamboo,2014,https://www.fragrantica.com/perfume/Elizabeth-Arden/Green-Tea-Bamboo-28222.html
52892,Elizabeth Arden,Green Tea Brume Parfumee (Body Mist),2019,https://www.fragrantica.com/perfume/Elizabeth-Arden/Green-Tea-Brume-Parfumee-75073.html
52893,Elizabeth Arden,Green Tea Camellia,2011,https://www.fragrantica.com/perfume/Elizabeth-Arden/Green-Tea-Camellia-12169.html
52894,Elizabeth Arden,Green Tea Cherry Blossom,2012,https://www.fragrantica.com/perfume/Elizabeth-Arden/Green-Tea-Cherry-Blossom-14697.html
52895,Elizabeth Arden,Green Tea Citron Freesia,2023,https://www.fragrantica.com/perfume/Elizabeth-Arden/Green-Tea-Citron-Freesia-78585.html
52896,Elizabeth Arden,Green Tea Coconut Breeze,2024,https://www.fragrantica.com/perfume/Elizabeth-Arden/Green-Tea-Coconut-Breeze-91712.html
52897,Elizabeth Arden,Green Tea Cucumber,2015,https://www.fragrantica.com/perfume/Elizabeth-Arden/Green-Tea-Cucumber-30498.html
52898,Elizabeth Arden,Green Tea Elizabeth Arden 1999 Eau Parfumée,1999,https://www.parfumo.com/Perfumes/Elizabeth_Arden/Green_Tea
52899,Elizabeth Arden,Green Tea Elizabeth Arden Fragrance Mist,,https://www.parfumo.com/Perfumes/Elizabeth_Arden/Green_Tea_Fragrance_Mist
52900,Elizabeth Arden,Green Tea Exotic,2009,https://www.fragrantica.com/perfume/Elizabeth-Arden/Green-Tea-Exotic-5732.html
52901,Elizabeth Arden,Green Tea Fig,2018,https://www.fragrantica.com/perfume/Elizabeth-Arden/Green-Tea-Fig-48114.html
52902,Elizabeth Arden,Green Tea Honeysuckle,2013,https://www.fragrantica.com/perfume/Elizabeth-Arden/Green-Tea-Honeysuckle-17856.html
52903,Elizabeth Arden,Green Tea Intense,2006,https://www.fragrantica.com/perfume/Elizabeth-Arden/Green-Tea-Intense-4915.html
52904,Elizabeth Arden,Green Tea Jasmine,2015,https://www.fragrantica.com/perfume/Elizabeth-Arden/Green-Tea-Jasmine-31242.html
52905,Elizabeth Arden,Green Tea Lavender,2010,https://www.fragrantica.com/perfume/Elizabeth-Arden/Green-Tea-Lavender-8559.html
52906,Elizabeth Arden,Green Tea Lotus,2008,https://www.fragrantica.com/perfume/Elizabeth-Arden/Green-Tea-Lotus-3095.html
52907,Elizabeth Arden,Green Tea Lychee Lime,2022,https://www.fragrantica.com/perfume/Elizabeth-Arden/Green-Tea-Lychee-Lime-73426.html
52908,Elizabeth Arden,Green Tea Mimosa,2016,https://www.fragrantica.com/perfume/Elizabeth-Arden/Green-Tea-Mimosa-42898.html
52909,Elizabeth Arden,Green Tea Nectarine Blossom,2016,https://www.fragrantica.com/perfume/Elizabeth-Arden/Green-Tea-Nectarine-Blossom-35971.html
52910,Elizabeth Arden,Green Tea Pear Blossom,2020,https://www.fragrantica.com/perfume/Elizabeth-Arden/Green-Tea-Pear-Blossom-59476.html
52911,Elizabeth Arden,Green Tea Pistachio Crunch,2025,https://www.fragrantica.com/perfume/Elizabeth-Arden/Green-Tea-Pistachio-Crunch-102031.html
52912,Elizabeth Arden,Green Tea Pomegranate,2019,https://www.fragrantica.com/perfume/Elizabeth-Arden/Green-Tea-Pomegranate-53067.html
52913,Elizabeth Arden,Green Tea Revitalize,2006,https://www.fragrantica.com/perfume/Elizabeth-Arden/Green-Tea-Revitalize-912.html
52914,Elizabeth Arden,Green Tea Sakura Blossom,2021,https://www.fragrantica.com/perfume/Elizabeth-Arden/Green-Tea-Sakura-Blossom-65876.html
52915,Elizabeth Arden,Green Tea Strawberry Basil,2025,https://www.fragrantica.com/perfume/Elizabeth-Arden/Green-Tea-Strawberry-Basil-121230.html
52916,Elizabeth Arden,Green Tea Summer,2005,https://www.fragrantica.com/perfume/Elizabeth-Arden/Green-Tea-Summer-3090.html
52917,Elizabeth Arden,Green Tea Tropical,2007,https://www.fragrantica.com/perfume/Elizabeth-Arden/Green-Tea-Tropical-3091.html
52918,Elizabeth Arden,Green Tea Yuzu,2014,https://www.fragrantica.com/perfume/Elizabeth-Arden/Green-Tea-Yuzu-24471.html
52919,Elizabeth Arden,Iced Green Tea,2001,https://www.fragrantica.com/perfume/Elizabeth-Arden/Iced-Green-Tea-3092.html
52920,Elizabeth Arden,It's You,1939,https://www.fragrantica.com/perfume/Elizabeth-Arden/It-s-You-22981.html
52921,Elizabeth Arden,June Geranium Toilet Water (Eau de Toilette),,https://www.parfumo.com/Perfumes/Elizabeth_Arden/June_Geranium_Toilet_Water
52922,Elizabeth Arden,L'Amour d'Elizabeth,,https://www.parfumo.com/Perfumes/Elizabeth_Arden/L_Amour_d_Elizabeth
52923,Elizabeth Arden,Mediterranean,2007,https://www.fragrantica.com/perfume/Elizabeth-Arden/Mediterranean-1607.html
52924,Elizabeth Arden,Mediterranean Breeze,2008,https://www.fragrantica.com/perfume/Elizabeth-Arden/Mediterranean-Breeze-2945.html
52925,Elizabeth Arden,Memoire Cherie (Eau de Parfum),1956,https://www.fragrantica.com/perfume/Elizabeth-Arden/Memoire-Cherie-48736.html
52926,Elizabeth Arden,Mémoire Chérie Flower Mist Elizabeth Arden 1963 Eau de Toilette,1963,https://www.parfumo.com/Perfumes/Elizabeth_Arden/memoire-cherie-flower-mist-eau-de-toilette
52927,Elizabeth Arden,Mémoire Chérie (Parfum),1949,https://www.fragrantica.com/perfume/Elizabeth-Arden/Memoire-Cherie-112588.html
52928,Elizabeth Arden,Mille Fleurs,1939,https://www.fragrantica.com/perfume/Elizabeth-Arden/Mille-Fleurs-112587.html
52929,Elizabeth Arden,My Fifth Avenue,2018,https://www.fragrantica.com/perfume/Elizabeth-Arden/My-Fifth-Avenue-50406.html
52930,Elizabeth Arden,My Love,1949,https://www.fragrantica.com/perfume/Elizabeth-Arden/My-Love-112589.html
52931,Elizabeth Arden,Night and Day,1935,https://www.fragrantica.com/perfume/Elizabeth-Arden/Night-and-Day-112585.html
52932,Elizabeth Arden,On Dit...,1952,https://www.fragrantica.com/perfume/Elizabeth-Arden/On-Dit-40559.html
52933,Elizabeth Arden,Pretty Eau de Cologne,2010,https://www.fragrantica.com/perfume/Elizabeth-Arden/Pretty-Eau-de-Cologne-8808.html
52934,Elizabeth Arden,Pretty (Eau de Parfum),2009,https://www.fragrantica.com/perfume/Elizabeth-Arden/Pretty-5268.html
52935,Elizabeth Arden,Pretty Hot,2011,https://www.fragrantica.com/perfume/Elizabeth-Arden/Pretty-Hot-11123.html
52936,Elizabeth Arden,Pretty Limited Edition,,https://www.fragrantica.com/perfume/Elizabeth-Arden/Pretty-Limited-Edition-10008.html
52937,Elizabeth Arden,Provocative Interlude,2006,https://www.fragrantica.com/perfume/Elizabeth-Arden/Provocative-Interlude-85.html
52938,Elizabeth Arden,Provocative Woman,2004,https://www.fragrantica.com/perfume/Elizabeth-Arden/Provocative-Woman-84.html
52939,Elizabeth Arden,Red Door 25 Eau de Parfum,2014,https://www.fragrantica.com/perfume/Elizabeth-Arden/Red-Door-25-Eau-de-Parfum-27514.html
52940,Elizabeth Arden,Red Door Aura,2012,https://www.fragrantica.com/perfume/Elizabeth-Arden/Red-Door-Aura-16500.html
52941,Elizabeth Arden,Red Door (Eau de Toilette),1989,https://www.fragrantica.com/perfume/Elizabeth-Arden/Red-Door-86.html
52942,Elizabeth Arden,Red Door Elizabeth Arden Eau de Parfum,,https://www.parfumo.com/Perfumes/Elizabeth_Arden/red-door-eau-de-parfum
52943,Elizabeth Arden,Red Door Elizabeth Arden Parfum,,https://www.parfumo.com/Perfumes/Elizabeth_Arden/Red_Door_Parfum
52944,Elizabeth Arden,Red Door Elizabeth Arden Perfume Compact,,https://www.parfumo.com/Perfumes/Elizabeth_Arden/Red_Door_Perfume_Compact
52945,Elizabeth Arden,Red Door Limited Edition,2011,https://www.fragrantica.com/perfume/Elizabeth-Arden/Red-Door-Limited-Edition-11254.html
52946,Elizabeth Arden,Red Door Revealed,2003,https://www.fragrantica.com/perfume/Elizabeth-Arden/Red-Door-Revealed-87.html
52947,Elizabeth Arden,Red Door Shimmer,2008,https://www.fragrantica.com/perfume/Elizabeth-Arden/Red-Door-Shimmer-4230.html
52948,Elizabeth Arden,Red Door Velvet,2006,https://www.fragrantica.com/perfume/Elizabeth-Arden/Red-Door-Velvet-4911.html
52949,Elizabeth Arden,Spiced Green Tea,2001,https://www.fragrantica.com/perfume/Elizabeth-Arden/Spiced-Green-Tea-2157.html
52950,Elizabeth Arden,Splendor,1998,https://www.fragrantica.com/perfume/Elizabeth-Arden/Splendor-89.html
52951,Elizabeth Arden,Sunflowers Dream Petals,2012,https://www.fragrantica.com/perfume/Elizabeth-Arden/Sunflowers-Dream-Petals-15939.html
52952,Elizabeth Arden,Sunflowers (Eau de Toilette),1993,https://www.fragrantica.com/perfume/Elizabeth-Arden/Sunflowers-1701.html
52953,Elizabeth Arden,Sunflowers Elizabeth Arden Fragrance Mist,,https://www.parfumo.com/Perfumes/Elizabeth_Arden/Sunflowers_Fragrance_Mist
52954,Elizabeth Arden,Sunflowers Fine Fragrance Mist (Body Mist),,https://www.fragrantica.com/perfume/Elizabeth-Arden/Sunflowers-Fine-Fragrance-Mist-114291.html
52955,Elizabeth Arden,Sunflowers Golden Vibe,2025,https://www.fragrantica.com/perfume/Elizabeth-Arden/Sunflowers-Golden-Vibe-102033.html
52956,Elizabeth Arden,Sunflowers HoneyDaze,2023,https://www.fragrantica.com/perfume/Elizabeth-Arden/Sunflowers-HoneyDaze-78836.html
52957,Elizabeth Arden,Sunflowers Morning Gardens,2015,https://www.fragrantica.com/perfume/Elizabeth-Arden/Sunflowers-Morning-Gardens-31191.html
52958,Elizabeth Arden,Sunflowers Summer Air,2018,https://www.fragrantica.com/perfume/Elizabeth-Arden/Sunflowers-Summer-Air-49103.html
52959,Elizabeth Arden,Sunflowers Summer Bloom,2014,https://www.fragrantica.com/perfume/Elizabeth-Arden/Sunflowers-Summer-Bloom-25398.html
52960,Elizabeth Arden,Sunflowers Sunlight Kiss,2017,https://www.fragrantica.com/perfume/Elizabeth-Arden/Sunflowers-Sunlight-Kiss-44738.html
52961,Elizabeth Arden,Sunflowers Sunlit Showers,2019,https://www.fragrantica.com/perfume/Elizabeth-Arden/Sunflowers-Sunlit-Showers-53701.html
52962,Elizabeth Arden,Sunflowers Sunrise,2021,https://www.fragrantica.com/perfume/Elizabeth-Arden/Sunflowers-Sunrise-66245.html
52963,Elizabeth Arden,th Avenue After Five,2005,https://www.parfumo.com/Perfumes/Elizabeth_Arden/After_Five_5th_Avenue
52964,Elizabeth Arden,th Avenue Elizabeth Arden 1996 Eau de Parfum,1996,https://www.parfumo.com/Perfumes/Elizabeth_Arden/5th_Avenue_Eau_de_Parfum
52965,Elizabeth Arden,th Avenue Elizabeth Arden 1996 Parfum Extract,1996,https://www.parfumo.com/Perfumes/Elizabeth_Arden/5th_Avenue_Parfum_Extract
52966,Elizabeth Arden,th Avenue Gold,2010,https://www.parfumo.com/Perfumes/Elizabeth_Arden/5th_Avenue_Gold
52967,Elizabeth Arden,th Avenue Nights,2008,https://www.parfumo.com/Perfumes/Elizabeth_Arden/5th_Avenue_Nights
52968,Elizabeth Arden,th Avenue NYC,2012,https://www.parfumo.com/Perfumes/Elizabeth_Arden/5th_Avenue_NYC
52969,Elizabeth Arden,th Avenue NYC Dream,2024,https://www.parfumo.com/Perfumes/Elizabeth_Arden/5th-avenue-nyc-dream
52970,Elizabeth Arden,th Avenue NYC Lights,2017,https://www.parfumo.com/Perfumes/Elizabeth_Arden/5th_Avenue_NYC_Lights
52971,Elizabeth Arden,th Avenue NYC Live,2018,https://www.parfumo.com/Perfumes/Elizabeth_Arden/5th_Avenue_NYC_Live
52972,Elizabeth Arden,th Avenue NYC Love,2022,https://www.parfumo.com/Perfumes/Elizabeth_Arden/5th-avenue-nyc-love
52973,Elizabeth Arden,th Avenue NYC Premiere,2015,https://www.parfumo.com/Perfumes/Elizabeth_Arden/5th_Avenue_NYC_Premiere
52974,Elizabeth Arden,th Avenue NYC Pulse,2023,https://www.parfumo.com/Perfumes/Elizabeth_Arden/5th-avenue-nyc-pulse
52975,Elizabeth Arden,th Avenue NYC Red,2019,https://www.parfumo.com/Perfumes/Elizabeth_Arden/5th-avenue-nyc-red
52976,Elizabeth Arden,th Avenue NYC Vibe,2020,https://www.parfumo.com/Perfumes/Elizabeth_Arden/5th-avenue-nyc-vibe
52977,Elizabeth Arden,th Avenue Only NYC,2016,https://www.parfumo.com/Perfumes/Elizabeth_Arden/5th_Avenue_Only_NYC
52978,Elizabeth Arden,th Avenue Royale,2017,https://www.parfumo.com/Perfumes/Elizabeth_Arden/5th_Avenue_Royale
52979,Elizabeth Arden,th Avenue Style,2009,https://www.parfumo.com/Perfumes/Elizabeth_Arden/5th_Avenue_Style
52980,Elizabeth Arden,th Avenue Uptown NYC,2017,https://www.parfumo.com/Perfumes/Elizabeth_Arden/5th_Avenue_Uptown_NYC
52981,Elizabeth Arden,True Love (Eau de Toilette),1994,https://www.fragrantica.com/perfume/Elizabeth-Arden/True-Love-4913.html
52982,Elizabeth Arden,True Love Elizabeth Arden 1994 Parfum,1994,https://www.parfumo.com/Perfumes/Elizabeth_Arden/True_Love_Parfum
52983,Elizabeth Arden,Untold,2013,https://www.fragrantica.com/perfume/Elizabeth-Arden/Untold-18707.html
52984,Elizabeth Arden,Untold Absolu,2014,https://www.fragrantica.com/perfume/Elizabeth-Arden/Untold-Absolu-25919.html
52985,Elizabeth Arden,Untold Absolu Eau de Parfum,2024,https://www.fragrantica.com/perfume/Elizabeth-Arden/Untold-Absolu-Eau-de-Parfum-96017.html
52986,Elizabeth Arden,Untold Eau de Parfum,2024,https://www.fragrantica.com/perfume/Elizabeth-Arden/Untold-Eau-de-Parfum-96016.html
52987,Elizabeth Arden,Untold Eau Fraiche,2015,https://www.fragrantica.com/perfume/Elizabeth-Arden/Untold-Eau-Fraiche-29639.html
52988,Elizabeth Arden,Untold Eau Legere,2014,https://www.fragrantica.com/perfume/Elizabeth-Arden/Untold-Eau-Legere-25157.html
52989,Elizabeth Arden,Untold Luxe,2015,https://www.fragrantica.com/perfume/Elizabeth-Arden/Untold-Luxe-32630.html
52990,Elizabeth Arden,Valencia,,https://www.parfumo.com/Perfumes/Elizabeth_Arden/Valencia
52991,Elizabeth Arden,Violet Essence,,https://www.parfumo.com/Perfumes/Elizabeth_Arden/Violet_Essence
52992,Elizabeth Arden,White Orchid,,https://www.parfumo.com/Perfumes/Elizabeth_Arden/White_Orchid
52993,Elizabeth Arden,White Tea Eau de Parfum,2022,https://www.fragrantica.com/perfume/Elizabeth-Arden/White-Tea-Eau-de-Parfum-76395.html
52994,Elizabeth Arden,White Tea (Eau de Toilette),2017,https://www.fragrantica.com/perfume/Elizabeth-Arden/White-Tea-42439.html
52995,Elizabeth Arden,White Tea Eau Florale,2024,https://www.fragrantica.com/perfume/Elizabeth-Arden/White-Tea-Eau-Florale-90711.html
52996,Elizabeth Arden,White Tea Eau Fraiche,2023,https://www.fragrantica.com/perfume/Elizabeth-Arden/White-Tea-Eau-Fraiche-79933.html
52997,Elizabeth Arden,White Tea Eau Lilac,2025,https://www.fragrantica.com/perfume/Elizabeth-Arden/White-Tea-Eau-Lilac-102032.html
52998,Elizabeth Arden,White Tea Ginger Lily,2021,https://www.fragrantica.com/perfume/Elizabeth-Arden/White-Tea-Ginger-Lily-65668.html
52999,Elizabeth Arden,White Tea Mandarin Blossom,2020,https://www.fragrantica.com/perfume/Elizabeth-Arden/White-Tea-Mandarin-Blossom-60121.html
53000,Elizabeth Arden,White Tea Vanilla Orchid,2019,https://www.fragrantica.com/perfume/Elizabeth-Arden/White-Tea-Vanilla-Orchid-53954.html53001,Elizabeth Arden,White Tea Wild Rose,2019,https://www.fragrantica.com/perfume/Elizabeth-Arden/White-Tea-Wild-Rose-53953.html
53002,Elizabeth Taylor,Black Pearls Elizabeth Taylor 1996 Eau de Parfum,1996,https://www.parfumo.com/Perfumes/Elizabeth_Taylor/Black_Pearls_Eau_de_Parfum
53003,Elizabeth Taylor,Black Pearls (Parfum),1996,https://www.fragrantica.com/perfume/Elizabeth-Taylor/Black-Pearls-1702.html
53004,Elizabeth Taylor,Brilliant White Diamonds,2001,https://www.fragrantica.com/perfume/Elizabeth-Taylor/Brilliant-White-Diamonds-1703.html
53005,Elizabeth Taylor,Diamonds and Emeralds (Eau de Toilette),1993,https://www.fragrantica.com/perfume/Elizabeth-Taylor/Diamonds-and-Emeralds-1704.html
53006,Elizabeth Taylor,Diamonds and Emeralds Elizabeth Taylor 1993 Parfum,1993,https://www.parfumo.com/Perfumes/Elizabeth_Taylor/diamonds-and-emeralds-parfum
53007,Elizabeth Taylor,Diamonds and Rubies (Eau de Toilette),1993,https://www.fragrantica.com/perfume/Elizabeth-Taylor/Diamonds-and-Rubies-1705.html
53008,Elizabeth Taylor,Diamonds and Rubies Elizabeth Taylor 1993 Parfum,1993,https://www.parfumo.com/Perfumes/Elizabeth_Taylor/Diamonds_and_Rubies_Parfum
53009,Elizabeth Taylor,Diamonds and Rubies Elizabeth Taylor Eau de Parfum,,https://www.parfumo.com/Perfumes/Elizabeth_Taylor/Diamonds_and_Rubies_Eau_de_Parfum
53010,Elizabeth Taylor,Diamonds and Sapphires (Eau de Parfum),1993,https://www.fragrantica.com/perfume/Elizabeth-Taylor/Diamonds-and-Sapphires-1706.html
53011,Elizabeth Taylor,Diamonds and Sapphires Elizabeth Taylor 1993 Eau de Toilette,1993,https://www.parfumo.com/Perfumes/Elizabeth_Taylor/diamonds-and-sapphires-eau-de-toilette
53012,Elizabeth Taylor,Diamonds and Sapphires Elizabeth Taylor 1993 Parfum,1993,https://www.parfumo.com/Perfumes/Elizabeth_Taylor/diamonds-and-sapphires-parfum
53013,Elizabeth Taylor,Forever Elizabeth,2002,https://www.fragrantica.com/perfume/Elizabeth-Taylor/Forever-Elizabeth-1707.html
53014,Elizabeth Taylor,Gardenia,2003,https://www.fragrantica.com/perfume/Elizabeth-Taylor/Gardenia-1708.html
53015,Elizabeth Taylor,Love & White Diamonds,2017,https://www.fragrantica.com/perfume/Elizabeth-Taylor/Love-White-Diamonds-44935.html
53016,Elizabeth Taylor,Passion (Eau de Parfum),1988,https://www.fragrantica.com/perfume/Elizabeth-Taylor/Passion-1709.html
53017,Elizabeth Taylor,Passion Elizabeth Taylor 1987 Eau de Toilette,1987,https://www.parfumo.com/Perfumes/Elizabeth_Taylor/Passion_Eau_de_Toilette
53018,Elizabeth Taylor,Passion Elizabeth Taylor 1987 Parfum,1987,https://www.parfumo.com/Perfumes/Elizabeth_Taylor/Passion_Parfum
53019,Elizabeth Taylor,Passion for Men Cologne Concentree (Eau de Cologne),1990,https://www.fragrantica.com/perfume/Elizabeth-Taylor/Passion-for-Men-Cologne-Concentree-40068.html
53020,Elizabeth Taylor,Passion for Men (Eau de Cologne),1989,https://www.fragrantica.com/perfume/Elizabeth-Taylor/Passion-for-Men-1710.html
53021,Elizabeth Taylor,Passion for Men Elizabeth Taylor 1989 After Shave,1989,https://www.parfumo.com/Perfumes/Elizabeth_Taylor/Passion_for_Men_After_Shave
53022,Elizabeth Taylor,Sparkling White Diamonds (Eau de Toilette),1999,https://www.fragrantica.com/perfume/Elizabeth-Taylor/Sparkling-White-Diamonds-1711.html
53023,Elizabeth Taylor,Sparkling White Diamonds Elizabeth Taylor 1999 Fragrance Mist,1999,https://www.parfumo.com/Perfumes/Elizabeth_Taylor/sparkling-white-diamonds-fragrance-mist
53024,Elizabeth Taylor,Violet Eyes,2010,https://www.fragrantica.com/perfume/Elizabeth-Taylor/Violet-Eyes-8473.html
53025,Elizabeth Taylor,White Diamonds 15 Years,,https://www.parfumo.com/Perfumes/Elizabeth_Taylor/White_Diamonds_15_Years
53026,Elizabeth Taylor,White Diamonds Eau de Parfum,1991,https://www.fragrantica.com/perfume/Elizabeth-Taylor/White-Diamonds-Eau-de-Parfum-66259.html
53027,Elizabeth Taylor,White Diamonds (Eau de Toilette),1991,https://www.fragrantica.com/perfume/Elizabeth-Taylor/White-Diamonds-887.html
53028,Elizabeth Taylor,White Diamonds Elizabeth Taylor Solid Parfum,,https://www.parfumo.com/Perfumes/Elizabeth_Taylor/White_Diamonds_Solid_Parfum
53029,Elizabeth Taylor,White Diamonds en Rouge,2019,https://www.fragrantica.com/perfume/Elizabeth-Taylor/White-Diamonds-en-Rouge-54414.html
53030,Elizabeth Taylor,White Diamonds Icon,2026,https://www.fragrantica.com/perfume/Elizabeth-Taylor/White-Diamonds-Icon-137636.html
53031,Elizabeth Taylor,White Diamonds Legacy,2021,https://www.fragrantica.com/perfume/Elizabeth-Taylor/White-Diamonds-Legacy-66516.html
53032,Elizabeth Taylor,White Diamonds Lustre (Eau de Toilette),2014,https://www.fragrantica.com/perfume/Elizabeth-Taylor/White-Diamonds-Lustre-22623.html
53033,Elizabeth Taylor,White Diamonds Lustre Elizabeth Taylor 2014 Fragrance Mist,2014,https://www.parfumo.com/Perfumes/Elizabeth_Taylor/white-diamonds-lustre-fragrance-mist
53034,Elizabeth Taylor,White Diamonds Night,2016,https://www.fragrantica.com/perfume/Elizabeth-Taylor/White-Diamonds-Night-35574.html
53035,Elizabeth Taylor,White Diamonds Parfum,1991,https://www.fragrantica.com/perfume/Elizabeth-Taylor/White-Diamonds-Parfum-35786.html
53036,Elizabeth W,Citrus Verbena,2000,https://www.fragrantica.com/perfume/Elizabeth-W/Citrus-Verbena-15299.html
53037,Elizabeth W,Lavender,,https://www.fragrantica.com/perfume/Elizabeth-W/Lavender-15403.html
53038,Elizabeth W,Leaves,,https://www.fragrantica.com/perfume/Elizabeth-W/Leaves-15395.html
53039,Elizabeth W,Lilac,,https://www.fragrantica.com/perfume/Elizabeth-W/Lilac-15396.html
53040,Elizabeth W,Magnolia,,https://www.fragrantica.com/perfume/Elizabeth-W/Magnolia-15397.html
53041,Elizabeth W,Neroli Chamomile,2006,https://www.fragrantica.com/perfume/Elizabeth-W/Neroli-Chamomile-15301.html
53042,Elizabeth W,Redwoods,,https://www.fragrantica.com/perfume/Elizabeth-W/Redwoods-15398.html
53043,Elizabeth W,Rosemary,,https://www.fragrantica.com/perfume/Elizabeth-W/Rosemary-24553.html
53044,Elizabeth W,Sweet Tea,,https://www.fragrantica.com/perfume/Elizabeth-W/Sweet-Tea-15400.html
53045,Elizabeth W,Tea Rose,,https://www.fragrantica.com/perfume/Elizabeth-W/Tea-Rose-15401.html
53046,Elizabeth W,Tuberose,,https://www.fragrantica.com/perfume/Elizabeth-W/Tuberose-15399.html
53047,Elizabeth W,Vetiver,,https://www.fragrantica.com/perfume/Elizabeth-W/Vetiver-15402.html
53048,Elk Island,Deep Forest,2021,https://www.fragrantica.com/perfume/Elk-Island/Deep-Forest-89125.html
53049,Elk Island,Läder,2021,https://www.fragrantica.com/perfume/Elk-Island/Laeder-89126.html
53050,Elk Island,Litourgiya,2021,https://www.fragrantica.com/perfume/Elk-Island/Litourgiya-89124.html
53051,Ella K Parfums,Amber K,2025,https://www.fragrantica.com/perfume/Ella-K-Parfums/Amber-K-103050.html
53052,Ella K Parfums,Baiser de Florence,2018,https://www.fragrantica.com/perfume/Ella-K-Parfums/Baiser-de-Florence-48469.html
53053,Ella K Parfums,Brumes de Khao-Sok,2018,https://www.fragrantica.com/perfume/Ella-K-Parfums/Brumes-de-Khao-Sok-48465.html
53054,Ella K Parfums,Camélia K,2023,https://www.fragrantica.com/perfume/Ella-K-Parfums/Camelia-K-79176.html
53055,Ella K Parfums,Cri Du Kalahari,2019,https://www.fragrantica.com/perfume/Ella-K-Parfums/Cri-Du-Kalahari-57010.html
53056,Ella K Parfums,Epupa Mon Amour,2018,https://www.fragrantica.com/perfume/Ella-K-Parfums/Epupa-Mon-Amour-48472.html
53057,Ella K Parfums,Ghibli,2021,https://www.fragrantica.com/perfume/Ella-K-Parfums/Ghibli-77062.html
53058,Ella K Parfums,Harmattan,2021,https://www.fragrantica.com/perfume/Ella-K-Parfums/Harmattan-77949.html
53059,Ella K Parfums,Khamsin,2021,https://www.fragrantica.com/perfume/Ella-K-Parfums/Khamsin-77950.html
53060,Ella K Parfums,Lettre de Pushkar (Eau de Parfum),2018,https://www.fragrantica.com/perfume/Ella-K-Parfums/Lettre-de-Pushkar-48470.html
53061,Ella K Parfums,Lettre de Pushkar Ella K Parfums Hair Mist,,https://www.parfumo.com/Perfumes/Ella_K_Parfums/lettre-de-pushkar-hair-mist
53062,Ella K Parfums,Melodie D'Altai,2018,https://www.fragrantica.com/perfume/Ella-K-Parfums/Melodie-D-Altai-48471.html
53063,Ella K Parfums,Mélodie de L'Altaï,2017,https://www.parfumo.com/Perfumes/Ella_K_Parfums/melodie-de-l-altai
53064,Ella K Parfums,Mémoire de Daisen In,2019,https://www.fragrantica.com/perfume/Ella-K-Parfums/Memoire-de-Daisen-In-53670.html
53065,Ella K Parfums,Musc K,2023,https://www.fragrantica.com/perfume/Ella-K-Parfums/Musc-K-84119.html
53066,Ella K Parfums,Myrrh K,2026,https://www.fragrantica.com/perfume/Ella-K-Parfums/Myrrh-K-128168.html
53067,Ella K Parfums,Orchid K,2024,https://www.fragrantica.com/perfume/Ella-K-Parfums/Orchid-K-90734.html
53068,Ella K Parfums,Pluie Sur Ha Long,2018,https://www.fragrantica.com/perfume/Ella-K-Parfums/Pluie-Sur-Ha-Long-48468.html
53069,Ella K Parfums,Poeme de Sagano,2018,https://www.fragrantica.com/perfume/Ella-K-Parfums/Poeme-de-Sagano-48467.html
53070,Ella K Parfums,Reflet Sur L'Okavango,2019,https://www.fragrantica.com/perfume/Ella-K-Parfums/Reflet-Sur-L-Okavango-57009.html
53071,Ella K Parfums,Rose de Pushkar,2021,https://www.fragrantica.com/perfume/Ella-K-Parfums/Rose-de-Pushkar-65424.html
53072,Ella Mikao,Ella Mikao,2000,https://www.fragrantica.com/perfume/Ella-Mikao/Ella-Mikao-33990.html
53073,Ella Mikao,Yujin,2002,https://www.fragrantica.com/perfume/Ella-Mikao/Yujin-6158.html
53074,Ella Mikao,Yujin Amour,2004,https://www.fragrantica.com/perfume/Ella-Mikao/Yujin-Amour-2407.html
53075,Ella Mikao,Yujin Aqua,2007,https://www.fragrantica.com/perfume/Ella-Mikao/Yujin-Aqua-2408.html
53076,Ella Mikao,Yujin Art,,https://www.fragrantica.com/perfume/Ella-Mikao/Yujin-Art-24760.html
53077,Ella Mikao,Yujin Bouquet Pink,2008,https://www.fragrantica.com/perfume/Ella-Mikao/Yujin-Bouquet-Pink-24765.html
53078,Ella Mikao,Yujin Bouquet Purple,2008,https://www.fragrantica.com/perfume/Ella-Mikao/Yujin-Bouquet-Purple-24770.html
53079,Ella Mikao,Yujin Bouquet Yellow,2008,https://www.fragrantica.com/perfume/Ella-Mikao/Yujin-Bouquet-Yellow-24771.html
53080,Ella Mikao,Yujin Color,2011,https://www.fragrantica.com/perfume/Ella-Mikao/Yujin-Color-24766.html
53081,Ella Mikao,Yujin Cross,2008,https://www.fragrantica.com/perfume/Ella-Mikao/Yujin-Cross-24768.html
53082,Ella Mikao,Yujin Ectasy,,https://www.fragrantica.com/perfume/Ella-Mikao/Yujin-Ectasy-6157.html
53083,Ella Mikao,Yujin Feroce,2005,https://www.fragrantica.com/perfume/Ella-Mikao/Yujin-Feroce-6155.html
53084,Ella Mikao,Yujin Floa,2003,https://www.fragrantica.com/perfume/Ella-Mikao/Yujin-Floa-6159.html
53085,Ella Mikao,Yujin Gold,,https://www.fragrantica.com/perfume/Ella-Mikao/Yujin-Gold-6156.html
53086,Ella Mikao,Yujin Men,,https://www.fragrantica.com/perfume/Ella-Mikao/Yujin-Men-6160.html
53087,Ella Mikao,Yujin Paradise,,https://www.fragrantica.com/perfume/Ella-Mikao/Yujin-Paradise-24761.html
53088,Ella Mikao,Yujin Pop,,https://www.fragrantica.com/perfume/Ella-Mikao/Yujin-Pop-24767.html
53089,Ella Mikao,Yujin Pour Homme,2003,https://www.fragrantica.com/perfume/Ella-Mikao/Yujin-Pour-Homme-2410.html
53090,Ella Mikao,Yujin Pure,2007,https://www.fragrantica.com/perfume/Ella-Mikao/Yujin-Pure-2411.html
53091,Ella Mikao,Yujin Racing,,https://www.fragrantica.com/perfume/Ella-Mikao/Yujin-Racing-24764.html
53092,Ella Mikao,Yujin Reflex,2009,https://www.fragrantica.com/perfume/Ella-Mikao/Yujin-Reflex-24769.html
53093,Ella Mikao,Yujin Sensual,2009,https://www.fragrantica.com/perfume/Ella-Mikao/Yujin-Sensual-24762.html
53094,Ella Mikao,Yujin Star,2007,https://www.fragrantica.com/perfume/Ella-Mikao/Yujin-Star-2406.html
53095,Ella Mikao,Yujin Star Night,2009,https://www.fragrantica.com/perfume/Ella-Mikao/Yujin-Star-Night-24759.html
53096,Ella Mikao,Yujin Steel,,https://www.fragrantica.com/perfume/Ella-Mikao/Yujin-Steel-24763.html
53097,Ella Mikao,Yujin Sting,,https://www.fragrantica.com/perfume/Ella-Mikao/Yujin-Sting-2409.html
53098,Elle,Anisha,2023,https://www.fragrantica.com/perfume/Elle/Anisha-90210.html
53099,Elle,Azra,2022,https://www.fragrantica.com/perfume/Elle/Azra-90211.html
53100,Elle,Berry Seductive,2019,https://www.fragrantica.com/perfume/Elle/Berry-Seductive-90331.html
53101,Elle,Cheeky Bonbon,2019,https://www.fragrantica.com/perfume/Elle/Cheeky-Bonbon-90327.html
53102,Elle,Coco Amour,2019,https://www.fragrantica.com/perfume/Elle/Coco-Amour-90326.html
53103,Elle,Elle in Paris,2024,https://www.fragrantica.com/perfume/Elle/Elle-in-Paris-90207.html
53104,Elle,Fleur,2021,https://www.fragrantica.com/perfume/Elle/Fleur-73437.html
53105,Elle,Free Spirit,2021,https://www.fragrantica.com/perfume/Elle/Free-Spirit-90206.html
53106,Elle,Indra,2022,https://www.fragrantica.com/perfume/Elle/Indra-90212.html
53107,Elle,L'Edition,2018,https://www.fragrantica.com/perfume/Elle/L-Edition-51735.html
53108,Elle,Mira,2022,https://www.fragrantica.com/perfume/Elle/Mira-90213.html
53109,Elle,Paris Chic,2019,https://www.fragrantica.com/perfume/Elle/Paris-Chic-90329.html
53110,Elle,Parisian Nights,,https://www.fragrantica.com/perfume/Elle/Parisian-Nights-137604.html
53111,Elle,Peach Punch,2019,https://www.fragrantica.com/perfume/Elle/Peach-Punch-90332.html
53112,Elle,Rouge Passion,2019,https://www.fragrantica.com/perfume/Elle/Rouge-Passion-90328.html
53113,Elle,So Chic!,2015,https://www.fragrantica.com/perfume/Elle/So-Chic-32659.html
53114,Elle,So Cute!,2015,https://www.fragrantica.com/perfume/Elle/So-Cute-30604.html
53115,Elle,So Lovely!,2015,https://www.fragrantica.com/perfume/Elle/So-Lovely-32658.html
53116,Elle,So Pretty!,2015,https://www.fragrantica.com/perfume/Elle/So-Pretty-30603.html
53117,Elle,So Sweety!,2015,https://www.fragrantica.com/perfume/Elle/So-Sweety-30605.html
53118,Elle,Soleil,,https://www.fragrantica.com/perfume/Elle/Soleil-137647.html
53119,Elle,Vanille Glamour,2019,https://www.fragrantica.com/perfume/Elle/Vanille-Glamour-90330.html
53120,Ellen Betrix,Blue Note,2003,https://www.parfumo.com/Perfumes/Ellen_Betrix/Blue_Note
53121,Ellen Betrix,Country Cologne Henry M. Betrix (Eau de Cologne),1979,https://www.fragrantica.com/perfume/Ellen-Betrix/Country-Cologne-Henry-M-Betrix-54357.html
53122,Ellen Betrix,Dancing Ellen Betrix 2015 Eau de Parfum,2015,https://www.parfumo.com/Perfumes/Ellen_Betrix/Dancing_Eau_de_Parfum
53123,Ellen Betrix,Dancing Ellen Betrix 2015 Eau de Toilette,2015,https://www.parfumo.com/Perfumes/Ellen_Betrix/Dancing_Eau_de_Toilette
53124,Ellen Betrix,de Jour Ellen Betrix 2007 Eau de Parfum,2007,https://www.parfumo.com/Perfumes/Ellen_Betrix/de_Jour_Eau_de_Parfum
53125,Ellen Betrix,de Jour Ellen Betrix 2008 Parfum,2008,https://www.parfumo.com/Perfumes/Ellen_Betrix/de_Jour_Parfum
53126,Ellen Betrix,de Jour Ellen Betrix Eau de Toilette,,https://www.parfumo.com/Perfumes/Ellen_Betrix/de_Jour_Eau_de_Toilette
53127,Ellen Betrix,de Soir Ellen Betrix 2003 Eau de Toilette,2003,https://www.parfumo.com/Perfumes/Ellen_Betrix/de_Soir_Eau_de_Toilette
53128,Ellen Betrix,de Soir Ellen Betrix 2015 Parfum,2015,https://www.parfumo.com/Perfumes/Ellen_Betrix/de_Soir_Parfum
53129,Ellen Betrix,de Soir Ellen Betrix Eau de Parfum,,https://www.parfumo.com/Perfumes/Ellen_Betrix/de_Soir_Eau_de_Parfum
53130,Ellen Betrix,Extra Eau de Cologne Henry M. Betrix,1969,https://www.fragrantica.com/perfume/Ellen-Betrix/Extra-Eau-de-Cologne-Henry-M-Betrix-54417.html
53131,Ellen Betrix,Feeling Ellen Betrix Eau de Parfum,,https://www.parfumo.com/Perfumes/Ellen_Betrix/Feeling_Eau_de_Parfum
53132,Ellen Betrix,French Style Ellen Betrix 2015 Eau de Toilette,2015,https://www.parfumo.com/Perfumes/Ellen_Betrix/French_Style_Eau_de_Toilette
53133,Ellen Betrix,Iff,1968,https://www.parfumo.com/Perfumes/Ellen_Betrix/Iff
53134,Ellen Betrix,Italian Style Ellen Betrix 1998 Eau de Parfum,1998,https://www.parfumo.com/Perfumes/Ellen_Betrix/Italian_Style_Eau_de_Parfum
53135,Ellen Betrix,No. 6 Oriental Style,1980,https://www.fragrantica.com/perfume/Ellen-Betrix/No-6-Oriental-Style-46368.html
53136,Ellen Betrix,Trance,1988,https://www.fragrantica.com/perfume/Ellen-Betrix/Trance-55278.html
53137,Ellen Dahlgren Perfumes,The Jester,2023,https://www.fragrantica.com/perfume/Ellen-Dahlgren-Perfumes/The-Jester-83561.html
53138,Ellen Dahlgren Perfumes,The Ruler,2023,https://www.fragrantica.com/perfume/Ellen-Dahlgren-Perfumes/The-Ruler-83562.html
53139,Ellen Tracy,Bloom,,https://www.parfumo.com/Perfumes/Ellen_Tracy/bloom
53140,Ellen Tracy,Bronze (Eau de Parfum),2011,https://www.fragrantica.com/perfume/Ellen-Tracy/Bronze-12008.html
53141,Ellen Tracy,Classic Red Floral,2011,https://www.fragrantica.com/perfume/Ellen-Tracy/Classic-Red-Floral-100215.html
53142,Ellen Tracy,Confident (Eau de Parfum),2019,https://www.fragrantica.com/perfume/Ellen-Tracy/Confident-100216.html
53143,Ellen Tracy,Courageous,2020,https://www.fragrantica.com/perfume/Ellen-Tracy/Courageous-100805.html
53144,Ellen Tracy,Dashing,2007,https://www.parfumo.com/Perfumes/Ellen_Tracy/dashing
53145,Ellen Tracy,Ellen (Eau de Parfum),,https://www.fragrantica.com/perfume/Ellen-Tracy/Ellen-16647.html
53146,Ellen Tracy,Ellen Ellen Tracy Body Mist,,https://www.parfumo.com/Perfumes/Ellen_Tracy/Ellen_Body_Mist
53147,Ellen Tracy,Ellen Tracy (Body Mist),,https://www.fragrantica.com/perfume/Ellen-Tracy/Ellen-Tracy-3579.html
53148,Ellen Tracy,Ellen Tracy Ellen Tracy 1982 Eau de Parfum,1982,https://www.parfumo.com/Perfumes/Ellen_Tracy/Ellen_Tracy_1992_Eau_de_Parfum
53149,Ellen Tracy,Ellen Tracy Ellen Tracy 2007 Perfume (Parfum),2007,https://www.parfumo.com/Perfumes/Ellen_Tracy/Ellen_Tracy_1992_Perfume
53150,Ellen Tracy,Exotic Bronze (Eau de Parfum),2013,https://www.fragrantica.com/perfume/Ellen-Tracy/Exotic-Bronze-28468.html
53151,Ellen Tracy,Fashionista,2011,https://www.fragrantica.com/perfume/Ellen-Tracy/Fashionista-20358.html
53152,Ellen Tracy,Imagine,2003,https://www.fragrantica.com/perfume/Ellen-Tracy/Imagine-3580.html
53153,Ellen Tracy,Inspire,2001,https://www.fragrantica.com/perfume/Ellen-Tracy/Inspire-3583.html
53154,Ellen Tracy,Inspiring,2020,https://www.fragrantica.com/perfume/Ellen-Tracy/Inspiring-100806.html
53155,Ellen Tracy,Linda Allard,,https://www.fragrantica.com/perfume/Ellen-Tracy/Linda-Allard-3581.html
53156,Ellen Tracy,Love Notes,,https://www.fragrantica.com/perfume/Ellen-Tracy/Love-Notes-20519.html
53157,Ellen Tracy,Peony Rose,2000,https://www.fragrantica.com/perfume/Ellen-Tracy/Peony-Rose-12638.html
53158,Ellen Tracy,Pretty Petals,,https://www.fragrantica.com/perfume/Ellen-Tracy/Pretty-Petals-20838.html
53159,Ellen Tracy,Radiant,2020,https://www.fragrantica.com/perfume/Ellen-Tracy/Radiant-71183.html
53160,Ellen Tracy,Tracy,2006,https://www.fragrantica.com/perfume/Ellen-Tracy/Tracy-3582.html
53161,Ellen Tracy,Vanilla,2025,https://www.fragrantica.com/perfume/Ellen-Tracy/Vanilla-110431.html
53162,Ellie Perfume,Ellie,2007,https://www.fragrantica.com/perfume/Ellie-Perfume/Ellie-6510.html
53163,Ellie Perfume,Ellie Nuit,2007,https://www.fragrantica.com/perfume/Ellie-Perfume/Ellie-Nuit-6511.html
53164,Ellis Brooklyn,Apple Love,2023,https://www.fragrantica.com/perfume/Ellis-Brooklyn/Apple-Love-84647.html
53165,Ellis Brooklyn,Apres,2021,https://www.fragrantica.com/perfume/Ellis-Brooklyn/Apres-71375.html
53166,Ellis Brooklyn,Banana Milkshake,2025,https://www.fragrantica.com/perfume/Ellis-Brooklyn/Banana-Milkshake-106832.html
53167,Ellis Brooklyn,Bee,2021,https://www.fragrantica.com/perfume/Ellis-Brooklyn/Bee-66052.html
53168,Ellis Brooklyn,Blond Musk,2025,https://www.fragrantica.com/perfume/Ellis-Brooklyn/Blond-Musk-109648.html
53169,Ellis Brooklyn,Cocoa Blanco,2026,https://www.fragrantica.com/perfume/Ellis-Brooklyn/Cocoa-Blanco-140118.html
53170,Ellis Brooklyn,Dear Sky,2024,https://www.fragrantica.com/perfume/Ellis-Brooklyn/Dear-Sky-96151.html
53171,Ellis Brooklyn,Fable,2016,https://www.fragrantica.com/perfume/Ellis-Brooklyn/Fable-41483.html
53172,Ellis Brooklyn,Fawn,2018,https://www.fragrantica.com/perfume/Ellis-Brooklyn/Fawn-50210.html
53173,Ellis Brooklyn,First Date,2026,https://www.fragrantica.com/perfume/Ellis-Brooklyn/First-Date-125752.html
53174,Ellis Brooklyn,Florist,2023,https://www.fragrantica.com/perfume/Ellis-Brooklyn/Florist-79701.html
53175,Ellis Brooklyn,Forever Pistachio Mist,2026,https://www.fragrantica.com/perfume/Ellis-Brooklyn/Forever-Pistachio-Mist-132412.html
53176,Ellis Brooklyn,Guava Granita,2025,https://www.fragrantica.com/perfume/Ellis-Brooklyn/Guava-Granita-105318.html
53177,Ellis Brooklyn,Isla Sirena,2026,https://www.fragrantica.com/perfume/Ellis-Brooklyn/Isla-Sirena-126682.html
53178,Ellis Brooklyn,Iso Gamma Super,2020,https://www.fragrantica.com/perfume/Ellis-Brooklyn/Iso-Gamma-Super-63640.html
53179,Ellis Brooklyn,Love Pom Mist,2026,https://www.fragrantica.com/perfume/Ellis-Brooklyn/Love-Pom-Mist-132414.html
53180,Ellis Brooklyn,Lychee Milkshake,2025,https://www.fragrantica.com/perfume/Ellis-Brooklyn/Lychee-Milkshake-106833.html
53181,Ellis Brooklyn,Mango Milkshake,2025,https://www.fragrantica.com/perfume/Ellis-Brooklyn/Mango-Milkshake-106834.html
53182,Ellis Brooklyn,Marshmallows,2025,https://www.fragrantica.com/perfume/Ellis-Brooklyn/Marshmallows-102520.html
53183,Ellis Brooklyn,Miami Nectar,2024,https://www.fragrantica.com/perfume/Ellis-Brooklyn/Miami-Nectar-92112.html
53184,Ellis Brooklyn,Milk Wood,2025,https://www.fragrantica.com/perfume/Ellis-Brooklyn/Milk-Wood-109649.html
53185,Ellis Brooklyn,Miss Amber,2026,https://www.fragrantica.com/perfume/Ellis-Brooklyn/Miss-Amber-142758.html
53186,Ellis Brooklyn,Miss Strawberry,2026,https://www.fragrantica.com/perfume/Ellis-Brooklyn/Miss-Strawberry-125751.html
53187,Ellis Brooklyn,Myth,2016,https://www.fragrantica.com/perfume/Ellis-Brooklyn/Myth-41484.html
53188,Ellis Brooklyn,New Crush Mist,2026,https://www.fragrantica.com/perfume/Ellis-Brooklyn/New-Crush-Mist-132413.html
53189,Ellis Brooklyn,Peaches,2024,https://www.fragrantica.com/perfume/Ellis-Brooklyn/Peaches-93953.html
53190,Ellis Brooklyn,Plum Tonic,2026,https://www.fragrantica.com/perfume/Ellis-Brooklyn/Plum-Tonic-138852.html
53191,Ellis Brooklyn,Queens Caramel,2025,https://www.fragrantica.com/perfume/Ellis-Brooklyn/Queens-Caramel-111892.html
53192,Ellis Brooklyn,R Rose,,https://huggingface.co/datasets/doevent/perfume
53193,Ellis Brooklyn,Raven,2016,https://www.fragrantica.com/perfume/Ellis-Brooklyn/Raven-41485.html
53194,Ellis Brooklyn,Rives,2017,https://www.fragrantica.com/perfume/Ellis-Brooklyn/Rives-46026.html
53195,Ellis Brooklyn,Rrose,2016,https://www.fragrantica.com/perfume/Ellis-Brooklyn/Rrose-41486.html
53196,Ellis Brooklyn,Salt,2020,https://www.fragrantica.com/perfume/Ellis-Brooklyn/Salt-60584.html
53197,Ellis Brooklyn,Sand,2023,https://www.fragrantica.com/perfume/Ellis-Brooklyn/Sand-93950.html
53198,Ellis Brooklyn,Sci Fi,2017,https://www.fragrantica.com/perfume/Ellis-Brooklyn/Sci-Fi-49507.html
53199,Ellis Brooklyn,Sea,2023,https://www.fragrantica.com/perfume/Ellis-Brooklyn/Sea-93951.html
53200,Ellis Brooklyn,Sun,2023,https://www.fragrantica.com/perfume/Ellis-Brooklyn/Sun-93952.html
53201,Ellis Brooklyn,Sun Fruit,2022,https://www.fragrantica.com/perfume/Ellis-Brooklyn/Sun-Fruit-72877.html
53202,Ellis Brooklyn,Super Amber,2021,https://www.fragrantica.com/perfume/Ellis-Brooklyn/Super-Amber-69215.html
53203,Ellis Brooklyn,Sweet,2020,https://www.fragrantica.com/perfume/Ellis-Brooklyn/Sweet-60583.html
53204,Ellis Brooklyn,Vanilla Man,2025,https://www.fragrantica.com/perfume/Ellis-Brooklyn/Vanilla-Man-117077.html
53205,Ellis Brooklyn,Vanilla Milk,2022,https://www.fragrantica.com/perfume/Ellis-Brooklyn/Vanilla-Milk-75835.html
53206,Ellis Brooklyn,Vanilla Rice,2026,https://www.fragrantica.com/perfume/Ellis-Brooklyn/Vanilla-Rice-136821.html
53207,Ellis Brooklyn,Vanilla Salt,2025,https://www.fragrantica.com/perfume/Ellis-Brooklyn/Vanilla-Salt-112308.html
53208,Ellis Brooklyn,Vanilla Santo,2025,https://www.fragrantica.com/perfume/Ellis-Brooklyn/Vanilla-Santo-109650.html
53209,Ellis Brooklyn,Vanilla Sin,2024,https://www.fragrantica.com/perfume/Ellis-Brooklyn/Vanilla-Sin-98910.html
53210,Ellis Brooklyn,West,2019,https://www.fragrantica.com/perfume/Ellis-Brooklyn/West-54791.html
53211,Ellis Brooklyn,Worth Avenue,2025,https://www.fragrantica.com/perfume/Ellis-Brooklyn/Worth-Avenue-117076.html
53212,Elode,Acqua Per Uomo,,https://www.fragrantica.com/perfume/Elode/Acqua-Per-Uomo-106089.html
53213,Elode,Bliss,,https://www.fragrantica.com/perfume/Elode/Bliss-33033.html
53214,Elode,Blossom,,https://www.fragrantica.com/perfume/Elode/Blossom-47730.html
53215,Elode,Bold,,https://www.fragrantica.com/perfume/Elode/Bold-106090.html
53216,Elode,Clarie,2019,https://www.fragrantica.com/perfume/Elode/Clarie-54908.html
53217,Elode,Enigmatic,,https://www.fragrantica.com/perfume/Elode/Enigmatic-33983.html
53218,Elode,Essence d’Or,,https://www.fragrantica.com/perfume/Elode/Essence-d-Or-33031.html
53219,Elode,Free Land,,https://www.fragrantica.com/perfume/Elode/Free-Land-106094.html
53220,Elode,Golden Lady,,https://www.fragrantica.com/perfume/Elode/Golden-Lady-106088.html
53221,Elode,Inner Code,,https://www.fragrantica.com/perfume/Elode/Inner-Code-33034.html
53222,Elode,Intense,,https://www.fragrantica.com/perfume/Elode/Intense-106091.html
53223,Elode,J´Aime,2019,https://www.fragrantica.com/perfume/Elode/J-Aime-54907.html
53224,Elode,Je Veux,,https://www.fragrantica.com/perfume/Elode/Je-Veux-33982.html
53225,Elode,Rich,,https://www.fragrantica.com/perfume/Elode/Rich-106095.html
53226,Elode,So Lovely,,https://www.fragrantica.com/perfume/Elode/So-Lovely-33030.html
53227,Elode,Touch,,https://www.fragrantica.com/perfume/Elode/Touch-33032.html
53228,Elode,Victoire,,https://www.fragrantica.com/perfume/Elode/Victoire-106092.html
53229,Elode,Voyage,,https://www.fragrantica.com/perfume/Elode/Voyage-106093.html
53230,Elode,Woman,2019,https://www.fragrantica.com/perfume/Elode/Woman-54909.html
53231,Elode,Yes I Do!,,https://www.fragrantica.com/perfume/Elode/Yes-I-Do-106087.html
53232,Elodora,Arkos,2026,https://www.fragrantica.com/perfume/Elodora/Arkos-132001.html
53233,Elodora,Brisa,2026,https://www.fragrantica.com/perfume/Elodora/Brisa-132003.html
53234,Elodora,Denior,2024,https://www.fragrantica.com/perfume/Elodora/Denior-131996.html
53235,Elodora,Executive,2026,https://www.fragrantica.com/perfume/Elodora/Executive-132002.html
53236,Elodora,Flueris,2025,https://www.fragrantica.com/perfume/Elodora/Flueris-131995.html
53237,Elodora,Mistlore,2025,https://www.fragrantica.com/perfume/Elodora/Mistlore-131997.html
53238,Elodora,Oud Al Abiyat,2024,https://www.fragrantica.com/perfume/Elodora/Oud-Al-Abiyat-131992.html
53239,Elodora,Oud Al Muntaha,2026,https://www.fragrantica.com/perfume/Elodora/Oud-Al-Muntaha-132000.html
53240,Elodora,Stillbloom,2025,https://www.fragrantica.com/perfume/Elodora/Stillbloom-131999.html
53241,Elodora,Wildborn,2025,https://www.fragrantica.com/perfume/Elodora/Wildborn-131993.html
53242,ELOREA | 향수,BAE FRAIS (아람),2025,https://www.fragrantica.com/perfume/ELOREA-hyangsu/BAE-FRAIS-alam-123025.html
53243,ELOREA | 향수,BE BY MY SIDE (흐노니),2024,https://www.fragrantica.com/perfume/ELOREA-hyangsu/BE-BY-MY-SIDE-heunoni-95425.html
53244,ELOREA | 향수,Cloud Daze (막걸리),2025,https://www.fragrantica.com/perfume/ELOREA-hyangsu/Cloud-Daze-maggeolli-123026.html
53245,ELOREA | 향수,EARTH (곤),2021,https://www.fragrantica.com/perfume/ELOREA-hyangsu/EARTH-gon-72855.html
53246,ELOREA | 향수,FIRE (리),2021,https://www.fragrantica.com/perfume/ELOREA-hyangsu/FIRE-li-72856.html
53247,ELOREA | 향수,GENTLE SHOWER (잠비),2024,https://www.fragrantica.com/perfume/ELOREA-hyangsu/GENTLE-SHOWER-jambi-95422.html
53248,ELOREA | 향수,GIT (깃),2024,https://www.fragrantica.com/perfume/ELOREA-hyangsu/GIT-gis-95418.html
53249,ELOREA | 향수,HAENYEO (해녀),2024,https://www.fragrantica.com/perfume/ELOREA-hyangsu/HAENYEO-haenyeo-95420.html
53250,ELOREA | 향수,HANOK (한옥),2024,https://www.fragrantica.com/perfume/ELOREA-hyangsu/HANOK-han-og-95419.html
53251,ELOREA | 향수,HAZY BLUE (이내),2024,https://www.fragrantica.com/perfume/ELOREA-hyangsu/HAZY-BLUE-inae-95423.html
53252,ELOREA | 향수,HEAVEN (건),2021,https://www.fragrantica.com/perfume/ELOREA-hyangsu/HEAVEN-geon-72857.html
53253,ELOREA | 향수,INFLORESCENCE (송아리),2023,https://www.fragrantica.com/perfume/ELOREA-hyangsu/INFLORESCENCE-song-ali-85875.html
53254,ELOREA | 향수,JANG (장),2024,https://www.fragrantica.com/perfume/ELOREA-hyangsu/JANG-jang-95421.html
53255,ELOREA | 향수,Royal Resin (침향),2025,https://www.fragrantica.com/perfume/ELOREA-hyangsu/Royal-Resin-chimhyang-123024.html
53256,ELOREA | 향수,Silk Bouquet (채화),2025,https://www.fragrantica.com/perfume/ELOREA-hyangsu/Silk-Bouquet-chaehwa-123023.html
53257,ELOREA | 향수,WATER (감),2021,https://www.fragrantica.com/perfume/ELOREA-hyangsu/WATER-gam-72858.html
53258,Elsha,1776,1776,https://www.fragrantica.com/perfume/Elsha/1776-18412.html
53259,Elsha,Elsha Perfume (Parfum),2020,https://www.fragrantica.com/perfume/Elsha/Elsha-Perfume-116359.html
53260,Elsha,Elsha Russian Leather,,https://www.fragrantica.com/perfume/Elsha/Elsha-Russian-Leather-22950.html
53261,Elternhaus,Unifaith (MoslBuddJewChristHinDao),,https://www.fragrantica.com/perfume/Elternhaus/Unifaith-MoslBuddJewChristHinDao-6109.html
53262,Elveir,Vestige Marble,2026,https://www.fragrantica.com/perfume/Elveir/Vestige-Marble-136800.html
53263,Elveir,Vestige Vantier,2025,https://www.fragrantica.com/perfume/Elveir/Vestige-Vantier-136801.html
53264,Elvis + Elvin,Bamboo Flower,,https://www.fragrantica.com/perfume/Elvis-Elvin/Bamboo-Flower-142472.html
53265,Elvis + Elvin,Driftwood & Gardenia,,https://www.fragrantica.com/perfume/Elvis-Elvin/Driftwood-Gardenia-142475.html
53266,Elvis + Elvin,Ocean Rose & Bay,,https://www.fragrantica.com/perfume/Elvis-Elvin/Ocean-Rose-Bay-142476.html
53267,Elvis + Elvin,Peach & Violet,,https://www.fragrantica.com/perfume/Elvis-Elvin/Peach-Violet-142478.html
53268,Elvis + Elvin,Rose & Black Currant,,https://www.fragrantica.com/perfume/Elvis-Elvin/Rose-Black-Currant-142480.html
53269,Elvis + Elvin,Rose & Litchi,,https://www.fragrantica.com/perfume/Elvis-Elvin/Rose-Litchi-142479.html
53270,Elvis + Elvin,Rose & Muguet,,https://www.fragrantica.com/perfume/Elvis-Elvin/Rose-Muguet-142471.html
53271,Elvis + Elvin,Sage & Sea Salt,,https://www.fragrantica.com/perfume/Elvis-Elvin/Sage-Sea-Salt-142473.html
53272,Elvis + Elvin,Tuberose,,https://www.fragrantica.com/perfume/Elvis-Elvin/Tuberose-142474.html
53273,Elvis + Elvin,Wild Berries & Rose,,https://www.fragrantica.com/perfume/Elvis-Elvin/Wild-Berries-Rose-142477.html
53274,Elvis Fragrances,Elvis,1991,https://www.fragrantica.com/perfume/Elvis-Fragrances/Elvis-102505.html
53275,Elvis Jesus,Elvis Jesus For Her,2013,https://www.fragrantica.com/perfume/Elvis-Jesus/Elvis-Jesus-For-Her-20978.html
53276,Elvis Jesus,Elvis Jesus For Him,2013,https://www.fragrantica.com/perfume/Elvis-Jesus/Elvis-Jesus-For-Him-20977.html
53277,ÈLYN Parfumerie,Echoes of the Evergreen,2025,https://www.fragrantica.com/perfume/ELYN-Parfumerie/Echoes-of-the-Evergreen-137277.html
53278,ÈLYN Parfumerie,Fifth Avenue Affair,2025,https://www.fragrantica.com/perfume/ELYN-Parfumerie/Fifth-Avenue-Affair-137275.html
53279,ÈLYN Parfumerie,Mahogany Midnight,2025,https://www.fragrantica.com/perfume/ELYN-Parfumerie/Mahogany-Midnight-137278.html
53280,ÈLYN Parfumerie,Midsummer Nostalgia,2025,https://www.fragrantica.com/perfume/ELYN-Parfumerie/Midsummer-Nostalgia-137276.html
53281,ÈLYN Parfumerie,Seabreeze Serenade,2026,https://www.fragrantica.com/perfume/ELYN-Parfumerie/Seabreeze-Serenade-137279.html
53282,Elyon Dubai,Aria,2025,https://www.fragrantica.com/perfume/Elyon-Dubai/Aria-119375.html
53283,Elyon Dubai,Himeros,2025,https://www.fragrantica.com/perfume/Elyon-Dubai/Himeros-119377.html
53284,Elyon Dubai,Infinity,2025,https://www.fragrantica.com/perfume/Elyon-Dubai/Infinity-119376.html
53285,Elysees Fashion,Acqua di Elysses Fashion,,https://www.fragrantica.com/perfume/Elysees-Fashion/Acqua-di-Elysses-Fashion-55561.html
53286,Elysees Fashion,Conviction,2014,https://www.fragrantica.com/perfume/Elysees-Fashion/Conviction-27209.html
53287,Elysees Fashion,Conviction Black,,https://www.fragrantica.com/perfume/Elysees-Fashion/Conviction-Black-55566.html
53288,Elysees Fashion,Conviction Sport,,https://www.fragrantica.com/perfume/Elysees-Fashion/Conviction-Sport-55565.html
53289,Elysees Fashion,Douce Nuit,,https://www.fragrantica.com/perfume/Elysees-Fashion/Douce-Nuit-121817.html
53290,Elysees Fashion,Elysée Garden,,https://www.fragrantica.com/perfume/Elysees-Fashion/Elysee-Garden-121815.html
53291,Elysees Fashion,Elysées Body Homme,,https://www.fragrantica.com/perfume/Elysees-Fashion/Elysees-Body-Homme-121814.html
53292,Elysees Fashion,Elysees Colors,,https://www.fragrantica.com/perfume/Elysees-Fashion/Elysees-Colors-27250.html
53293,Elysees Fashion,Elysees Fashion,2014,https://www.fragrantica.com/perfume/Elysees-Fashion/Elysees-Fashion-27203.html
53294,Elysees Fashion,Elysees Mode,2014,https://www.fragrantica.com/perfume/Elysees-Fashion/Elysees-Mode-27204.html
53295,Elysees Fashion,Elysees Sport,,https://www.fragrantica.com/perfume/Elysees-Fashion/Elysees-Sport-27208.html
53296,Elysees Fashion,Elysées Star,,https://www.fragrantica.com/perfume/Elysees-Fashion/Elysees-Star-121813.html
53297,Elysees Fashion,Elysees Wood,,https://www.fragrantica.com/perfume/Elysees-Fashion/Elysees-Wood-55562.html
53298,Elysees Fashion,Happy Lady,,https://www.fragrantica.com/perfume/Elysees-Fashion/Happy-Lady-55564.html
53299,Elysees Fashion,Love Sense,2015,https://www.fragrantica.com/perfume/Elysees-Fashion/Love-Sense-27248.html
53300,Elysees Fashion,Marconi,,https://www.fragrantica.com/perfume/Elysees-Fashion/Marconi-55567.html
53301,Elysees Fashion,Marconi Black,,https://www.fragrantica.com/perfume/Elysees-Fashion/Marconi-Black-55568.html
53302,Elysees Fashion,Night Dream,,https://www.fragrantica.com/perfume/Elysees-Fashion/Night-Dream-27207.html
53303,Elysees Fashion,Night Dream Extra,,https://www.fragrantica.com/perfume/Elysees-Fashion/Night-Dream-Extra-55563.html
53304,Elysees Fashion,Nuit D'Or,,https://www.fragrantica.com/perfume/Elysees-Fashion/Nuit-D-Or-121816.html
53305,Elysees Fashion,Prestige Diamond,,https://www.fragrantica.com/perfume/Elysees-Fashion/Prestige-Diamond-27242.html
53306,Elysees Fashion,Private Man Club,,https://www.fragrantica.com/perfume/Elysees-Fashion/Private-Man-Club-121818.html
53307,Elysees Fashion,Purity,2014,https://www.fragrantica.com/perfume/Elysees-Fashion/Purity-27205.html
53308,Elysees Fashion,Purity 17,,https://www.fragrantica.com/perfume/Elysees-Fashion/Purity-17-27206.html
53309,Elysees Fashion,Queen of Love,2014,https://www.fragrantica.com/perfume/Elysees-Fashion/Queen-of-Love-27210.html
53310,Elysees Fashion,Tendresse Du Soir,2017,https://www.fragrantica.com/perfume/Elysees-Fashion/Tendresse-Du-Soir-48925.html
53311,Elysian,Amaranthine,2024,https://www.fragrantica.com/perfume/Elysian/Amaranthine-94627.html
53312,Elysian,Banana Pudding,2025,https://www.fragrantica.com/perfume/Elysian/Banana-Pudding-106369.html
53313,Elysian,Black Forest Bourbon,2024,https://www.fragrantica.com/perfume/Elysian/Black-Forest-Bourbon-90185.html
53314,Elysian,Black Gardenia,2024,https://www.fragrantica.com/perfume/Elysian/Black-Gardenia-101366.html
53315,Elysian,Blackwood & Bourbon,2024,https://www.fragrantica.com/perfume/Elysian/Blackwood-Bourbon-101453.html
53316,Elysian,Blueberry Creme Scone,2026,https://www.fragrantica.com/perfume/Elysian/Blueberry-Creme-Scone-126620.html
53317,Elysian,Cafe Avellana,2024,https://www.fragrantica.com/perfume/Elysian/Cafe-Avellana-101452.html
53318,Elysian,Charmante,2022,https://www.fragrantica.com/perfume/Elysian/Charmante-84264.html
53319,Elysian,Coco & Capri,2025,https://www.fragrantica.com/perfume/Elysian/Coco-Capri-101362.html
53320,Elysian,Echoes Of The Deep,2024,https://www.fragrantica.com/perfume/Elysian/Echoes-Of-The-Deep-101454.html
53321,Elysian,Everbloom,2024,https://www.fragrantica.com/perfume/Elysian/Everbloom-94626.html
53322,Elysian,Fairest Of Them All,2024,https://www.fragrantica.com/perfume/Elysian/Fairest-Of-Them-All-101368.html
53323,Elysian,Gentlemen's Club,2024,https://www.fragrantica.com/perfume/Elysian/Gentlemen-s-Club-94628.html
53324,Elysian,Halcyon,2024,https://www.fragrantica.com/perfume/Elysian/Halcyon-94625.html
53325,Elysian,House of Elysian,,https://www.fragrantica.com/perfume/Elysian/House-of-Elysian-84265.html
53326,Elysian,Island Muse,2024,https://www.fragrantica.com/perfume/Elysian/Island-Muse-93360.html
53327,Elysian,Jalous,2023,https://www.fragrantica.com/perfume/Elysian/Jalous-84262.html
53328,Elysian,La Belle Vanille,2023,https://www.fragrantica.com/perfume/Elysian/La-Belle-Vanille-84263.html
53329,Elysian,Lavender Milk Tea,2024,https://www.fragrantica.com/perfume/Elysian/Lavender-Milk-Tea-90184.html
53330,Elysian,Lemon Crinkle Cookies,2025,https://www.fragrantica.com/perfume/Elysian/Lemon-Crinkle-Cookies-106372.html
53331,Elysian,Moonpetals,2024,https://www.fragrantica.com/perfume/Elysian/Moonpetals-101364.html
53332,Elysian,Opal Cove,2024,https://www.fragrantica.com/perfume/Elysian/Opal-Cove-101360.html
53333,Elysian,Panne & Pear,2024,https://www.fragrantica.com/perfume/Elysian/Panne-Pear-101361.html
53334,Elysian,Peaches & Peonies,2024,https://www.fragrantica.com/perfume/Elysian/Peaches-Peonies-101455.html
53335,Elysian,Sombre Douceur,2024,https://www.fragrantica.com/perfume/Elysian/Sombre-Douceur-101451.html
53336,Elysian,Sonder,2023,https://www.fragrantica.com/perfume/Elysian/Sonder-84261.html
53337,Elysian,Strawberry Rose Milk Tea Latte,2025,https://www.fragrantica.com/perfume/Elysian/Strawberry-Rose-Milk-Tea-Latte-106370.html
53338,Elysian,Sucre De Soie,2024,https://www.fragrantica.com/perfume/Elysian/Sucre-De-Soie-101363.html
53339,Elysian,Sweet Cinnamon Chai Latte,2025,https://www.fragrantica.com/perfume/Elysian/Sweet-Cinnamon-Chai-Latte-106373.html
53340,Elysian,Temple of Echoes,2024,https://www.fragrantica.com/perfume/Elysian/Temple-of-Echoes-101365.html
53341,Elysian,Time & Tide,2024,https://www.fragrantica.com/perfume/Elysian/Time-Tide-90186.html
53342,Elysian,Vanilla Rooibos Tea Latte,2025,https://www.fragrantica.com/perfume/Elysian/Vanilla-Rooibos-Tea-Latte-106371.html
53343,Elysian,Velvet Plum Tea,2026,https://www.fragrantica.com/perfume/Elysian/Velvet-Plum-Tea-121442.html
53344,Elysian,Verdeau,2024,https://www.fragrantica.com/perfume/Elysian/Verdeau-101367.html
53345,Elysium,Black,2020,https://www.fragrantica.com/perfume/Elysium/Black-81395.html
53346,Elysium,Catchy,2019,https://www.fragrantica.com/perfume/Elysium/Catchy-81368.html
53347,Elysium,Eight,2019,https://www.fragrantica.com/perfume/Elysium/Eight-81388.html
53348,Elysium,Elegance,2020,https://www.fragrantica.com/perfume/Elysium/Elegance-81396.html
53349,Elysium,Elly,2019,https://www.fragrantica.com/perfume/Elysium/Elly-81385.html
53350,Elysium,Fancy,2019,https://www.fragrantica.com/perfume/Elysium/Fancy-81381.html
53351,Elysium,Soul,2023,https://www.fragrantica.com/perfume/Elysium/Soul-83066.html
53352,Elysium,You,2020,https://www.fragrantica.com/perfume/Elysium/You-81394.html
53353,Emanuel Dubai,Bohemia,2023,https://www.fragrantica.com/perfume/Emanuel-Dubai/Bohemia-91683.html
53354,Emanuel Dubai,Ce' La Vi,2023,https://www.fragrantica.com/perfume/Emanuel-Dubai/Ce-La-Vi-91680.html
53355,Emanuel Dubai,Ce' La Vi Floral,2023,https://www.fragrantica.com/perfume/Emanuel-Dubai/Ce-La-Vi-Floral-91681.html
53356,Emanuel Dubai,Ce' La Vi Pour Homme,2023,https://www.fragrantica.com/perfume/Emanuel-Dubai/Ce-La-Vi-Pour-Homme-91682.html
53357,Emanuel Dubai,Divine Fusion,2024,https://www.fragrantica.com/perfume/Emanuel-Dubai/Divine-Fusion-107400.html
53358,Emanuel Dubai,Karma Black,2023,https://www.fragrantica.com/perfume/Emanuel-Dubai/Karma-Black-91685.html
53359,Emanuel Dubai,Karma White,2023,https://www.fragrantica.com/perfume/Emanuel-Dubai/Karma-White-91684.html
53360,Emanuel Dubai,Royal Blend,2023,https://www.fragrantica.com/perfume/Emanuel-Dubai/Royal-Blend-91686.html
53361,Emanuel Dubai,Venom 10 Limited Edition,2024,https://www.fragrantica.com/perfume/Emanuel-Dubai/Venom-10-Limited-Edition-93359.html
53362,Emanuel Dubai,Venom 11,2023,https://www.fragrantica.com/perfume/Emanuel-Dubai/Venom-11-91673.html
53363,Emanuel Dubai,Venom 11 Elixir,2025,https://www.fragrantica.com/perfume/Emanuel-Dubai/Venom-11-Elixir-107453.html
53364,Emanuel Dubai,Venom 13,2023,https://www.fragrantica.com/perfume/Emanuel-Dubai/Venom-13-91675.html
53365,Emanuel Dubai,Venom 17,2023,https://www.fragrantica.com/perfume/Emanuel-Dubai/Venom-17-91676.html
53366,Emanuel Dubai,Venom 19,2023,https://www.fragrantica.com/perfume/Emanuel-Dubai/Venom-19-91677.html
53367,Emanuel Dubai,Venom 20,2023,https://www.fragrantica.com/perfume/Emanuel-Dubai/Venom-20-91678.html
53368,Emanuel Dubai,Venom 28,2023,https://www.fragrantica.com/perfume/Emanuel-Dubai/Venom-28-91679.html
53369,Emanuel Dubai,Venom 30 Limited Edition,2024,https://www.fragrantica.com/perfume/Emanuel-Dubai/Venom-30-Limited-Edition-107398.html
53370,Emanuel Dubai,Venom 33,,https://www.fragrantica.com/perfume/Emanuel-Dubai/Venom-33-107457.html
53371,Emanuel Dubai,Venom 40 Limited Edition,2024,https://www.fragrantica.com/perfume/Emanuel-Dubai/Venom-40-Limited-Edition-107397.html
53372,Emanuel Dubai,Venom 50 Limited Edition,2024,https://www.fragrantica.com/perfume/Emanuel-Dubai/Venom-50-Limited-Edition-107396.html
53373,Emanuel Dubai,Venom 70,2025,https://www.fragrantica.com/perfume/Emanuel-Dubai/Venom-70-107456.html
53374,Emanuel Dubai,Venom 77,2025,https://www.fragrantica.com/perfume/Emanuel-Dubai/Venom-77-107455.html
53375,Emanuel Dubai,Venom 99 Limited Edition,2025,https://www.fragrantica.com/perfume/Emanuel-Dubai/Venom-99-Limited-Edition-107454.html
53376,Emanuel Ungaro,Apparition Cobalt,2010,https://www.fragrantica.com/perfume/Emanuel-Ungaro/Apparition-Cobalt-10214.html
53377,Emanuel Ungaro,Apparition Emanuel Ungaro 2004 Eau de Parfum,2004,https://www.parfumo.com/Perfumes/Emanuel_Ungaro/Apparition
53378,Emanuel Ungaro,Apparition Facets,2006,https://www.fragrantica.com/perfume/Emanuel-Ungaro/Apparition-Facets-4095.html
53379,Emanuel Ungaro,Apparition Homme (After Shave),2005,https://www.fragrantica.com/perfume/Emanuel-Ungaro/Apparition-Homme-1113.html
53380,Emanuel Ungaro,Apparition Homme Emanuel Ungaro 2005 Eau de Toilette,2005,https://www.parfumo.com/Perfumes/Emanuel_Ungaro/Apparition_Homme_Eau_de_Toilette
53381,Emanuel Ungaro,Apparition Homme Intense,2007,https://www.fragrantica.com/perfume/Emanuel-Ungaro/Apparition-Homme-Intense-1114.html
53382,Emanuel Ungaro,Apparition Limited Edition,2010,https://www.fragrantica.com/perfume/Emanuel-Ungaro/Apparition-Limited-Edition-45138.html
53383,Emanuel Ungaro,Apparition (Parfum),2004,https://www.fragrantica.com/perfume/Emanuel-Ungaro/Apparition-898.html
53384,Emanuel Ungaro,Apparition Parfum Revelation,2005,https://www.fragrantica.com/perfume/Emanuel-Ungaro/Apparition-Parfum-Revelation-4096.html
53385,Emanuel Ungaro,Apparition Pink,2010,https://www.fragrantica.com/perfume/Emanuel-Ungaro/Apparition-Pink-10213.html
53386,Emanuel Ungaro,Apparition Sky,2007,https://www.fragrantica.com/perfume/Emanuel-Ungaro/Apparition-Sky-2275.html
53387,Emanuel Ungaro,Apparition Sun,2006,https://www.fragrantica.com/perfume/Emanuel-Ungaro/Apparition-Sun-900.html
53388,Emanuel Ungaro,Cosmic,2024,https://www.fragrantica.com/perfume/Emanuel-Ungaro/Cosmic-92682.html
53389,Emanuel Ungaro,Desnuda,2001,https://www.fragrantica.com/perfume/Emanuel-Ungaro/Desnuda-3612.html
53390,Emanuel Ungaro,Diva 10e Anniversaire,,https://www.parfumo.com/Perfumes/Emanuel_Ungaro/Diva_10e_Anniversaire
53391,Emanuel Ungaro,Diva (Eau de Parfum),1983,https://www.fragrantica.com/perfume/Emanuel-Ungaro/Diva-901.html
53392,Emanuel Ungaro,Diva Eau de Seduction,1989,https://www.fragrantica.com/perfume/Emanuel-Ungaro/Diva-Eau-de-Seduction-45160.html
53393,Emanuel Ungaro,Diva Emanuel Ungaro 1983 Eau de Toilette,1983,https://www.parfumo.com/Perfumes/Emanuel_Ungaro/Diva_Eau_de_Toilette
53394,Emanuel Ungaro,Diva Emanuel Ungaro 1983 Parfum,1983,https://www.parfumo.com/Perfumes/Emanuel_Ungaro/Diva_Parfum
53395,Emanuel Ungaro,Diva Limited Edition,2010,https://www.fragrantica.com/perfume/Emanuel-Ungaro/Diva-Limited-Edition-11040.html
53396,Emanuel Ungaro,Diva Pépite,,https://www.fragrantica.com/perfume/Emanuel-Ungaro/Diva-Pepite-49216.html
53397,Emanuel Ungaro,Diva Rose,2011,https://www.fragrantica.com/perfume/Emanuel-Ungaro/Diva-Rose-11781.html
53398,Emanuel Ungaro,Diva Rouge,2023,https://www.fragrantica.com/perfume/Emanuel-Ungaro/Diva-Rouge-80695.html
53399,Emanuel Ungaro,Divas,2000,https://www.fragrantica.com/perfume/Emanuel-Ungaro/Divas-3478.html
53400,Emanuel Ungaro,Emanuel Ungaro Apparition Exotic Green,2011,https://www.fragrantica.com/perfume/Emanuel-Ungaro/Emanuel-Ungaro-Apparition-Exotic-Green-12360.html
53401,Emanuel Ungaro,Emanuel Ungaro Apparition Wild Orange,2011,https://www.fragrantica.com/perfume/Emanuel-Ungaro/Emanuel-Ungaro-Apparition-Wild-Orange-12361.html
53402,Emanuel Ungaro,Emanuel Ungaro For Her,2019,https://www.fragrantica.com/perfume/Emanuel-Ungaro/Emanuel-Ungaro-For-Her-55789.html
53403,Emanuel Ungaro,Emanuel Ungaro For Him,2019,https://www.fragrantica.com/perfume/Emanuel-Ungaro/Emanuel-Ungaro-For-Him-55788.html
53404,Emanuel Ungaro,Emanuel Ungaro Fresh For Her,2020,https://www.fragrantica.com/perfume/Emanuel-Ungaro/Emanuel-Ungaro-Fresh-For-Her-61860.html
53405,Emanuel Ungaro,Emanuel Ungaro Fresh For Him,2020,https://www.fragrantica.com/perfume/Emanuel-Ungaro/Emanuel-Ungaro-Fresh-For-Him-61861.html
53406,Emanuel Ungaro,Emanuel Ungaro Intense For Her,2021,https://www.fragrantica.com/perfume/Emanuel-Ungaro/Emanuel-Ungaro-Intense-For-Her-69682.html
53407,Emanuel Ungaro,Emanuel Ungaro Intense For Him,2021,https://www.fragrantica.com/perfume/Emanuel-Ungaro/Emanuel-Ungaro-Intense-For-Him-69681.html
53408,Emanuel Ungaro,Fleur de Diva,1997,https://www.fragrantica.com/perfume/Emanuel-Ungaro/Fleur-de-Diva-3477.html
53409,Emanuel Ungaro,Fruit d'Amour Black Liquorice,2018,https://www.fragrantica.com/perfume/Emanuel-Ungaro/Fruit-d-Amour-Black-Liquorice-52204.html
53410,Emanuel Ungaro,Fruit d'Amour Gold,2015,https://www.fragrantica.com/perfume/Emanuel-Ungaro/Fruit-d-Amour-Gold-30950.html
53411,Emanuel Ungaro,Fruit d'Amour Green,2015,https://www.fragrantica.com/perfume/Emanuel-Ungaro/Fruit-d-Amour-Green-30952.html
53412,Emanuel Ungaro,Fruit d'Amour Lilac,2016,https://www.fragrantica.com/perfume/Emanuel-Ungaro/Fruit-d-Amour-Lilac-38729.html
53413,Emanuel Ungaro,Fruit d'Amour Pink,2015,https://www.fragrantica.com/perfume/Emanuel-Ungaro/Fruit-d-Amour-Pink-30951.html
53414,Emanuel Ungaro,Fruit d'Amour Pink Blackberry,2018,https://www.fragrantica.com/perfume/Emanuel-Ungaro/Fruit-d-Amour-Pink-Blackberry-52205.html
53415,Emanuel Ungaro,Fruit d'Amour Purple Gardenia,2018,https://www.fragrantica.com/perfume/Emanuel-Ungaro/Fruit-d-Amour-Purple-Gardenia-52203.html
53416,Emanuel Ungaro,Fruit d'Amour Turquoise,2017,https://www.fragrantica.com/perfume/Emanuel-Ungaro/Fruit-d-Amour-Turquoise-45549.html
53417,Emanuel Ungaro,Heavenly Petals,2025,https://www.fragrantica.com/perfume/Emanuel-Ungaro/Heavenly-Petals-103798.html
53418,Emanuel Ungaro,L'Amour Fou,2012,https://www.fragrantica.com/perfume/Emanuel-Ungaro/L-Amour-Fou-13437.html
53419,Emanuel Ungaro,L'Amour Fou Eau de Toilette,2013,https://www.fragrantica.com/perfume/Emanuel-Ungaro/L-Amour-Fou-Eau-de-Toilette-18262.html
53420,Emanuel Ungaro,L'Amour Fou L'Elixir,2014,https://www.fragrantica.com/perfume/Emanuel-Ungaro/L-Amour-Fou-L-Elixir-26703.html
53421,Emanuel Ungaro,L'Homme,2018,https://www.fragrantica.com/perfume/Emanuel-Ungaro/L-Homme-50104.html
53422,Emanuel Ungaro,La Diva,2016,https://www.fragrantica.com/perfume/Emanuel-Ungaro/La-Diva-35560.html
53423,Emanuel Ungaro,La Diva Mon Amour,2017,https://www.fragrantica.com/perfume/Emanuel-Ungaro/La-Diva-Mon-Amour-45135.html
53424,Emanuel Ungaro,La Femme,2020,https://www.fragrantica.com/perfume/Emanuel-Ungaro/La-Femme-60372.html
53425,Emanuel Ungaro,Metallic Acqua,2024,https://www.fragrantica.com/perfume/Emanuel-Ungaro/Metallic-Acqua-103797.html
53426,Emanuel Ungaro,Metallic Fire,2024,https://www.fragrantica.com/perfume/Emanuel-Ungaro/Metallic-Fire-103796.html
53427,Emanuel Ungaro,Metallic Night,2024,https://www.fragrantica.com/perfume/Emanuel-Ungaro/Metallic-Night-103795.html
53428,Emanuel Ungaro,Moon,2025,https://www.fragrantica.com/perfume/Emanuel-Ungaro/Moon-116481.html
53429,Emanuel Ungaro,Ombre de la Nuit,1993,https://www.fragrantica.com/perfume/Emanuel-Ungaro/Ombre-de-la-Nuit-28927.html
53430,Emanuel Ungaro,Pink Fabulous,2024,https://www.fragrantica.com/perfume/Emanuel-Ungaro/Pink-Fabulous-122898.html
53431,Emanuel Ungaro,Purple Style,2024,https://www.fragrantica.com/perfume/Emanuel-Ungaro/Purple-Style-122899.html
53432,Emanuel Ungaro,Radiant Petals,2025,https://www.fragrantica.com/perfume/Emanuel-Ungaro/Radiant-Petals-103801.html
53433,Emanuel Ungaro,Senso,1987,https://www.fragrantica.com/perfume/Emanuel-Ungaro/Senso-3344.html
53434,Emanuel Ungaro,Sunkissed Petals,2025,https://www.fragrantica.com/perfume/Emanuel-Ungaro/Sunkissed-Petals-103800.html
53435,Emanuel Ungaro,U by Ungaro for Her,2008,https://www.fragrantica.com/perfume/Emanuel-Ungaro/U-by-Ungaro-for-Her-2942.html
53436,Emanuel Ungaro,U by Ungaro for Him,2008,https://www.fragrantica.com/perfume/Emanuel-Ungaro/U-by-Ungaro-for-Him-2939.html
53437,Emanuel Ungaro,Ungaro,1977,https://www.fragrantica.com/perfume/Emanuel-Ungaro/Ungaro-7170.html
53438,Emanuel Ungaro,Ungaro 2007,2007,https://www.fragrantica.com/perfume/Emanuel-Ungaro/Ungaro-2007-1796.html
53439,Emanuel Ungaro,Ungaro Blue Ice,2012,https://www.fragrantica.com/perfume/Emanuel-Ungaro/Ungaro-Blue-Ice-15485.html
53440,Emanuel Ungaro,Ungaro Cologne Extreme (Eau de Cologne),2015,https://www.fragrantica.com/perfume/Emanuel-Ungaro/Ungaro-Cologne-Extreme-31379.html
53441,Emanuel Ungaro,Ungaro Feminin,2014,https://www.fragrantica.com/perfume/Emanuel-Ungaro/Ungaro-Feminin-25582.html
53442,Emanuel Ungaro,Ungaro for Her,2013,https://www.fragrantica.com/perfume/Emanuel-Ungaro/Ungaro-for-Her-18678.html
53443,Emanuel Ungaro,Ungaro for Him,2013,https://www.fragrantica.com/perfume/Emanuel-Ungaro/Ungaro-for-Him-18677.html
53444,Emanuel Ungaro,Ungaro Fresh For Her,,https://huggingface.co/datasets/doevent/perfume
53445,Emanuel Ungaro,Ungaro Fresh For Him,,https://huggingface.co/datasets/doevent/perfume
53446,Emanuel Ungaro,Ungaro Gold,2017,https://www.fragrantica.com/perfume/Emanuel-Ungaro/Ungaro-Gold-45332.html
53447,Emanuel Ungaro,Ungaro Love,2016,https://www.fragrantica.com/perfume/Emanuel-Ungaro/Ungaro-Love-37375.html
53448,Emanuel Ungaro,Ungaro Love Kiss,2012,https://www.fragrantica.com/perfume/Emanuel-Ungaro/Ungaro-Love-Kiss-15484.html
53449,Emanuel Ungaro,Ungaro Man,2008,https://www.fragrantica.com/perfume/Emanuel-Ungaro/Ungaro-Man-4571.html
53450,Emanuel Ungaro,Ungaro Masculin,2014,https://www.fragrantica.com/perfume/Emanuel-Ungaro/Ungaro-Masculin-25583.html
53451,Emanuel Ungaro,Ungaro Party,2009,https://www.fragrantica.com/perfume/Emanuel-Ungaro/Ungaro-Party-5003.html
53452,Emanuel Ungaro,Ungaro Pink,,https://huggingface.co/datasets/doevent/perfume
53453,Emanuel Ungaro,Ungaro pour L'Homme,1991,https://www.fragrantica.com/perfume/Emanuel-Ungaro/Ungaro-pour-L-Homme-1116.html
53454,Emanuel Ungaro,Ungaro pour L'Homme II,1992,https://www.fragrantica.com/perfume/Emanuel-Ungaro/Ungaro-pour-L-Homme-II-1117.html
53455,Emanuel Ungaro,Ungaro pour L'Homme III,1993,https://www.fragrantica.com/perfume/Emanuel-Ungaro/Ungaro-pour-L-Homme-III-1118.html
53456,Emanuel Ungaro,Ungaro Pour L'Homme III Oud,2015,https://www.fragrantica.com/perfume/Emanuel-Ungaro/Ungaro-Pour-L-Homme-III-Oud-39696.html
53457,Emanuel Ungaro,Ungaro pour l’Homme III Parfum Aromatique,2013,https://www.fragrantica.com/perfume/Emanuel-Ungaro/Ungaro-pour-l-Homme-III-Parfum-Aromatique-28343.html
53458,Emanuel Ungaro,Ungaro Power,2016,https://www.fragrantica.com/perfume/Emanuel-Ungaro/Ungaro-Power-37374.html
53459,Emanuel Ungaro,Ungaro Power For Him,,https://huggingface.co/datasets/doevent/perfume
53460,Emanuel Ungaro,Ungaro Silver,2017,https://www.fragrantica.com/perfume/Emanuel-Ungaro/Ungaro-Silver-45333.html
53461,Emanuel Ungaro,Wild Petals,2025,https://www.fragrantica.com/perfume/Emanuel-Ungaro/Wild-Petals-103799.html
53462,Emanuel Ungaro,Yellow Chic,2024,https://www.fragrantica.com/perfume/Emanuel-Ungaro/Yellow-Chic-122897.html
53463,Emanuela Biffoli,Amor,2021,https://www.fragrantica.com/perfume/Emanuela-Biffoli/Amor-67891.html
53464,Emanuela Biffoli,Carezze alla Crema,2025,https://www.fragrantica.com/perfume/Emanuela-Biffoli/Carezze-alla-Crema-116998.html
53465,Emanuela Biffoli,Cuore di Panettone,2025,https://www.fragrantica.com/perfume/Emanuela-Biffoli/Cuore-di-Panettone-118160.html
53466,Emanuela Biffoli,Damasco,2021,https://www.fragrantica.com/perfume/Emanuela-Biffoli/Damasco-67892.html
53467,Emanuela Biffoli,Dolce Nobile,2025,https://www.fragrantica.com/perfume/Emanuela-Biffoli/Dolce-Nobile-117002.html
53468,Emanuela Biffoli,Fiori di Frolla,2025,https://www.fragrantica.com/perfume/Emanuela-Biffoli/Fiori-di-Frolla-117001.html
53469,Emanuela Biffoli,Muschio Bianco,2025,https://www.fragrantica.com/perfume/Emanuela-Biffoli/Muschio-Bianco-116999.html
53470,Emanuela Biffoli,Nuvola di Pandoro,2025,https://www.fragrantica.com/perfume/Emanuela-Biffoli/Nuvola-di-Pandoro-118161.html
53471,Emanuela Biffoli,Petali di Latte,2025,https://www.fragrantica.com/perfume/Emanuela-Biffoli/Petali-di-Latte-116997.html
53472,Emanuela Biffoli,Puro,2021,https://www.fragrantica.com/perfume/Emanuela-Biffoli/Puro-67893.html
53473,Emanuela Biffoli,Rosae,2021,https://www.fragrantica.com/perfume/Emanuela-Biffoli/Rosae-67894.html
53474,Emanuela Biffoli,Stellae,2021,https://www.fragrantica.com/perfume/Emanuela-Biffoli/Stellae-67895.html
53475,Embarouge,22º North,2025,https://www.fragrantica.com/perfume/Embarouge/22o-North-107145.html
53476,Embarouge,Amarouge,2025,https://www.fragrantica.com/perfume/Embarouge/Amarouge-107136.html
53477,Embarouge,Arabian Noir,2025,https://www.fragrantica.com/perfume/Embarouge/Arabian-Noir-107147.html
53478,Embarouge,Azure D'Or,2025,https://www.fragrantica.com/perfume/Embarouge/Azure-D-Or-107141.html
53479,Embarouge,Kama Noir,2025,https://www.fragrantica.com/perfume/Embarouge/Kama-Noir-107140.html
53480,Embarouge,Lumiora,2025,https://www.fragrantica.com/perfume/Embarouge/Lumiora-107135.html
53481,Embarouge,Luxéria,2025,https://www.fragrantica.com/perfume/Embarouge/Luxeria-107134.html
53482,Embarouge,Midnight Mirage Bloom,2025,https://www.fragrantica.com/perfume/Embarouge/Midnight-Mirage-Bloom-107138.html
53483,Embarouge,Monark,2025,https://www.fragrantica.com/perfume/Embarouge/Monark-107137.html
53484,Embarouge,Oud Studio,2025,https://www.fragrantica.com/perfume/Embarouge/Oud-Studio-107148.html
53485,Embarouge,Urban Oud,2025,https://www.fragrantica.com/perfume/Embarouge/Urban-Oud-107146.html
53486,Embarouge,Vetiver de Luxe,2025,https://www.fragrantica.com/perfume/Embarouge/Vetiver-de-Luxe-107139.html
53487,Embrace Perfume,Allon,2015,https://www.fragrantica.com/perfume/Embrace-Perfume/Allon-69413.html
53488,Embrace Perfume,Black Triangle,2019,https://www.fragrantica.com/perfume/Embrace-Perfume/Black-Triangle-69414.html
53489,Embrace Perfume,Embrace Freedom,2016,https://www.fragrantica.com/perfume/Embrace-Perfume/Embrace-Freedom-69415.html
53490,Embrace Perfume,Farnae,2015,https://www.fragrantica.com/perfume/Embrace-Perfume/Farnae-69416.html
53491,Embrace Perfume,Midnight Sun,2019,https://www.fragrantica.com/perfume/Embrace-Perfume/Midnight-Sun-69417.html
53492,Embrace Perfume,One Cigarette,2018,https://www.fragrantica.com/perfume/Embrace-Perfume/One-Cigarette-69418.html
53493,Embrace Perfume,Ozone,2016,https://www.fragrantica.com/perfume/Embrace-Perfume/Ozone-69419.html
53494,Embrace Perfume,Rózsa,2020,https://www.fragrantica.com/perfume/Embrace-Perfume/Rozsa-69420.html
53495,Embrace Perfume,Secret Embrace,2018,https://www.fragrantica.com/perfume/Embrace-Perfume/Secret-Embrace-69421.html
53496,Embrace Perfume,Snow Leopard,2016,https://www.fragrantica.com/perfume/Embrace-Perfume/Snow-Leopard-69422.html
53497,Embrace-Spa,Dessert Rose,,https://www.fragrantica.com/perfume/Embrace-Spa/Dessert-Rose-133061.html
53498,Embrace-Spa,Golden Haze,,https://www.fragrantica.com/perfume/Embrace-Spa/Golden-Haze-133059.html
53499,Embrace-Spa,Serenity,,https://www.fragrantica.com/perfume/Embrace-Spa/Serenity-133060.html
53500,ÈME,European Summer,2026,https://www.fragrantica.com/perfume/EME/European-Summer-134506.html
53501,EMES,#202 Apricot Brûlée,2017,https://www.fragrantica.com/perfume/EMES/202-Apricot-Brulee-61538.html
53502,EMES,#208 Honey,2017,https://www.fragrantica.com/perfume/EMES/208-Honey-61539.html
53503,EMES,"#209 Sugarplum, Cherry, Vanilla",2017,https://www.fragrantica.com/perfume/EMES/209-Sugarplum-Cherry-Vanilla-61540.html
53504,EMES,#210 Macaroon Pastries,2017,https://www.fragrantica.com/perfume/EMES/210-Macaroon-Pastries-61541.html
53505,EMES,#211 Espresso Mocha Latte,2017,https://www.fragrantica.com/perfume/EMES/211-Espresso-Mocha-Latte-61542.html
53506,EMES,#214 Sugar Cane,2017,https://www.fragrantica.com/perfume/EMES/214-Sugar-Cane-61543.html
53507,EMES,#217 Cinnamon Clove Spices,2017,https://www.fragrantica.com/perfume/EMES/217-Cinnamon-Clove-Spices-61544.html
53508,EMES,#220 Honey Potion,2017,https://www.fragrantica.com/perfume/EMES/220-Honey-Potion-61545.html
53509,EMES,#222 Sugar Absolut,2017,https://www.fragrantica.com/perfume/EMES/222-Sugar-Absolut-61546.html
53510,EMES,#223 Fruity Chocolate,2013,https://www.fragrantica.com/perfume/EMES/223-Fruity-Chocolate-61547.html
53511,EMES,#912 Fresh Fig,2020,https://www.fragrantica.com/perfume/EMES/912-Fresh-Fig-72517.html
53512,EMES,White Flesh Peach,,https://www.fragrantica.com/perfume/EMES/White-Flesh-Peach-106303.html
53513,Emeshel,Emeshel X,2012,https://www.fragrantica.com/perfume/Emeshel/Emeshel-X-15003.html
53514,Emeshel,Emeshel Y,2012,https://www.fragrantica.com/perfume/Emeshel/Emeshel-Y-15004.html
53515,Emeshel,Gold,2013,https://www.fragrantica.com/perfume/Emeshel/Gold-69227.html
53516,Emeshel,Nubia Green,2011,https://www.fragrantica.com/perfume/Emeshel/Nubia-Green-13421.html
53517,Emeshel,Nubia Pink,2011,https://www.fragrantica.com/perfume/Emeshel/Nubia-Pink-13423.html
53518,Emeshel,Nubia Red,2011,https://www.fragrantica.com/perfume/Emeshel/Nubia-Red-13420.html
53519,Emeshel,Nubia Violet,2011,https://www.fragrantica.com/perfume/Emeshel/Nubia-Violet-13424.html
53520,Emeshel,Nubia Yellow,2011,https://www.fragrantica.com/perfume/Emeshel/Nubia-Yellow-13422.html
53521,Emeshel,Platinum,2015,https://www.fragrantica.com/perfume/Emeshel/Platinum-69228.html
53522,Emeshel,Rajul,2011,https://www.fragrantica.com/perfume/Emeshel/Rajul-13425.html
53523,Emeshel,Velvet,2017,https://www.fragrantica.com/perfume/Emeshel/Velvet-69226.html
53524,Emi Jay,Aura Angel Wings Mist,2025,https://www.fragrantica.com/perfume/Emi-Jay/Aura-Angel-Wings-Mist-135020.html
53525,Emi Jay,Aura Lychee Baby Mist,2026,https://www.fragrantica.com/perfume/Emi-Jay/Aura-Lychee-Baby-Mist-135019.html
53526,Emi Jay,Aura Toasted Sugar Mist,2026,https://www.fragrantica.com/perfume/Emi-Jay/Aura-Toasted-Sugar-Mist-135022.html
53527,Emil Elise,Bathing In A Daydream,2022,https://www.fragrantica.com/perfume/Emil-Elise/Bathing-In-A-Daydream-84760.html
53528,Emil Elise,Choose Happiness,2025,https://www.fragrantica.com/perfume/Emil-Elise/Choose-Happiness-108094.html
53529,Emil Elise,Dancing On Goosebumps,2022,https://www.fragrantica.com/perfume/Emil-Elise/Dancing-On-Goosebumps-84764.html
53530,Emil Elise,Eating Wherever,2022,https://www.fragrantica.com/perfume/Emil-Elise/Eating-Wherever-84765.html
53531,Emil Elise,Electric Pulse,2026,https://www.fragrantica.com/perfume/Emil-Elise/Electric-Pulse-142767.html
53532,Emil Elise,Going Bang,2022,https://www.fragrantica.com/perfume/Emil-Elise/Going-Bang-84766.html
53533,Emil Elise,Hangover Meditation,2022,https://www.fragrantica.com/perfume/Emil-Elise/Hangover-Meditation-84815.html
53534,Emil Elise,Lucid Dream,2026,https://www.fragrantica.com/perfume/Emil-Elise/Lucid-Dream-137601.html
53535,Emil Elise,Melting Lust,2023,https://www.fragrantica.com/perfume/Emil-Elise/Melting-Lust-84817.html
53536,Emil Elise,Painting It Sweet,2022,https://www.fragrantica.com/perfume/Emil-Elise/Painting-It-Sweet-84816.html
53537,Emil Elise,Twisted Sin,2024,https://www.fragrantica.com/perfume/Emil-Elise/Twisted-Sin-90829.html
53538,Emil Elise,Unfolding Echo,2024,https://www.fragrantica.com/perfume/Emil-Elise/Unfolding-Echo-96491.html
53539,Emil Elise,Whispering Fire,2025,https://www.fragrantica.com/perfume/Emil-Elise/Whispering-Fire-137597.html
53540,Emilio Pucci,Acqua 330,2009,https://www.fragrantica.com/perfume/Emilio-Pucci/Acqua-330-5240.html
53541,Emilio Pucci,Eau de Zadig,1970,https://www.fragrantica.com/perfume/Emilio-Pucci/Eau-de-Zadig-21766.html
53542,Emilio Pucci,Miss Pucci,2010,https://www.fragrantica.com/perfume/Emilio-Pucci/Miss-Pucci-9184.html
53543,Emilio Pucci,Miss Pucci Emilio Pucci 2007 Eau de Parfum Intense,2007,https://www.parfumo.com/Perfumes/Emilio_Pucci/Miss_Pucci_Intense
53544,Emilio Pucci,Miss Pucci Intense,2011,https://www.fragrantica.com/perfume/Emilio-Pucci/Miss-Pucci-Intense-12786.html
53545,Emilio Pucci,Miss Zadig,1973,https://www.fragrantica.com/perfume/Emilio-Pucci/Miss-Zadig-21764.html
53546,Emilio Pucci,Miss Zadig Eau Fraîche,1977,https://www.fragrantica.com/perfume/Emilio-Pucci/Miss-Zadig-Eau-Fraiche-21765.html
53547,Emilio Pucci,Pucci,1981,https://www.fragrantica.com/perfume/Emilio-Pucci/Pucci-21762.html
53548,Emilio Pucci,Pucci Eau Fraiche,,https://www.fragrantica.com/perfume/Emilio-Pucci/Pucci-Eau-Fraiche-21725.html
53549,Emilio Pucci,Sabbia 167,2009,https://www.fragrantica.com/perfume/Emilio-Pucci/Sabbia-167-5241.html
53550,Emilio Pucci,Signor Vivara (Eau de Cologne),1970,https://www.fragrantica.com/perfume/Emilio-Pucci/Signor-Vivara-21726.html
53551,Emilio Pucci,Signor Vivara Emilio Pucci 1971 After Shave,1971,https://www.parfumo.com/Perfumes/Emilio_Pucci/Signor_Vivara_After_Shave
53552,Emilio Pucci,Sole 149,2009,https://www.fragrantica.com/perfume/Emilio-Pucci/Sole-149-5239.html
53553,Emilio Pucci,Stra-Vivara,1970,https://www.fragrantica.com/perfume/Emilio-Pucci/Stra-Vivara-21763.html
53554,Emilio Pucci,Verde 072,2011,https://www.fragrantica.com/perfume/Emilio-Pucci/Verde-072-11509.html
53555,Emilio Pucci,Vivara,2001,https://www.parfumo.com/Perfumes/Emilio_Pucci/Vivara_2007
53556,Emilio Pucci,Vivara (1965),1965,https://www.fragrantica.com/perfume/Emilio-Pucci/Vivara-1965-10517.html
53557,Emilio Pucci,Vivara (2007),2007,https://www.fragrantica.com/perfume/Emilio-Pucci/Vivara-2007-2193.html
53558,Emilio Pucci,Vivara Black Edition,2009,https://www.fragrantica.com/perfume/Emilio-Pucci/Vivara-Black-Edition-6416.html
53559,Emilio Pucci,Vivara Concentré,,https://www.parfumo.com/Perfumes/Emilio_Pucci/Vivara_Concentre
53560,Emilio Pucci,Vivara Emilio Pucci 1998 Parfum,1998,https://www.parfumo.com/Perfumes/Emilio_Pucci/Vivara_1965_Parfum
53561,Emilio Pucci,Vivara Silver Edition,2008,https://www.fragrantica.com/perfume/Emilio-Pucci/Vivara-Silver-Edition-3975.html
53562,Emilio Pucci,Vivara Turquoise Edition,2010,https://www.fragrantica.com/perfume/Emilio-Pucci/Vivara-Turquoise-Edition-9242.html
53563,Emilio Pucci,Zadig,1971,https://www.fragrantica.com/perfume/Emilio-Pucci/Zadig-21727.html
53564,Emilio Schuberth,Coquillage,,https://www.fragrantica.com/perfume/Emilio-Schuberth/Coquillage-64389.html
53565,Emilio Schuberth,Eau de Cologne Classique Pour Dame,,https://www.fragrantica.com/perfume/Emilio-Schuberth/Eau-de-Cologne-Classique-Pour-Dame-123337.html
53566,Emilio Schuberth,N.Y City Girl,1980,https://www.fragrantica.com/perfume/Emilio-Schuberth/N-Y-City-Girl-123338.html
53567,Emilio Schuberth,Schu,,https://www.fragrantica.com/perfume/Emilio-Schuberth/Schu-64390.html
53568,Emilio Schuberth,Selaví,1980,https://www.fragrantica.com/perfume/Emilio-Schuberth/Selavi-123336.html
53569,Emilio Schuberth,Taffetas,,https://www.fragrantica.com/perfume/Emilio-Schuberth/Taffetas-64391.html
53570,Emina Jahovic,Closer,2014,https://www.fragrantica.com/perfume/Emina-Jahovic/Closer-26011.html
53571,Emina Jahovic,Closer Swan City,2016,https://www.fragrantica.com/perfume/Emina-Jahovic/Closer-Swan-City-40189.html
53572,Eminence,Absolutely Blue,,https://www.fragrantica.com/perfume/Eminence/Absolutely-Blue-131815.html
53573,Eminence,Acqua,,https://www.fragrantica.com/perfume/Eminence/Acqua-131811.html
53574,Eminence,Atacama 22,2026,https://www.fragrantica.com/perfume/Eminence/Atacama-22-131810.html
53575,Eminence,Black,,https://www.fragrantica.com/perfume/Eminence/Black-131828.html
53576,Eminence,Blue,,https://www.fragrantica.com/perfume/Eminence/Blue-131812.html
53577,Eminence,London,,https://www.fragrantica.com/perfume/Eminence/London-131814.html
53578,Eminence,Man Intense,,https://www.fragrantica.com/perfume/Eminence/Man-Intense-131820.html
53579,Eminence,Moss,,https://www.fragrantica.com/perfume/Eminence/Moss-131826.html
53580,Eminence,Ocean Sense,,https://www.fragrantica.com/perfume/Eminence/Ocean-Sense-131823.html
53581,Eminence,Pacífico 34,2026,https://www.fragrantica.com/perfume/Eminence/Pacifico-34-131809.html
53582,Eminence,Patagonia 50,2026,https://www.fragrantica.com/perfume/Eminence/Patagonia-50-131808.html
53583,Eminence,Sport,,https://www.fragrantica.com/perfume/Eminence/Sport-131821.html
53584,Eminence,Sport Intense,,https://www.fragrantica.com/perfume/Eminence/Sport-Intense-131817.html
53585,Eminence Parfums,Absolute Woman,2003,https://www.parfumo.com/Perfumes/Eminence_Parfums/Absolute_Woman
53586,Eminence Parfums,Ambre,2006,https://www.parfumo.com/Perfumes/Eminence_Parfums/Ambre
53587,Eminence Parfums,Ash,2024,https://www.fragrantica.com/perfume/Eminence-Parfums/Ash-91792.html
53588,Eminence Parfums,Asim,2024,https://www.fragrantica.com/perfume/Eminence-Parfums/Asim-91794.html
53589,Eminence Parfums,Blue Man,2003,https://www.parfumo.com/Perfumes/Eminence_Parfums/Blue_Man
53590,Eminence Parfums,Bois D'Iris (Eau de Cologne),,https://www.fragrantica.com/perfume/Eminence-Parfums/Bois-D-Iris-69892.html
53591,Eminence Parfums,Bois d'Iris Parfum Extraordinaire Eminence Parfums 2015 Eau de Parfum Intense,2015,https://www.parfumo.com/Perfumes/Eminence_Parfums/Bois_d_Iris_Parfum_Extraordinaire_Eau_de_Parfum_Intense
53592,Eminence Parfums,Coco e Vanille,2020,https://www.fragrantica.com/perfume/Eminence-Parfums/Coco-e-Vanille-99955.html
53593,Eminence Parfums,Eyad,2024,https://www.fragrantica.com/perfume/Eminence-Parfums/Eyad-91793.html
53594,Eminence Parfums,insupErable Man n.2,,https://www.parfumo.com/Perfumes/Eminence_Parfums/insupErable_Man_n_2
53595,Eminence Parfums,insupErable Man n.6,,https://www.parfumo.com/Perfumes/Eminence_Parfums/insupErable_Man_n_6
53596,Eminence Parfums,Insuperable Man No. 13,,https://www.fragrantica.com/perfume/Eminence-Parfums/Insuperable-Man-No-13-70301.html
53597,Eminence Parfums,Insuperable Man No. 2,,https://www.fragrantica.com/perfume/Eminence-Parfums/Insuperable-Man-No-2-70290.html
53598,Eminence Parfums,Insuperable Man No. 21,,https://www.fragrantica.com/perfume/Eminence-Parfums/Insuperable-Man-No-21-70302.html
53599,Eminence Parfums,Insuperable Man No. 22,,https://www.fragrantica.com/perfume/Eminence-Parfums/Insuperable-Man-No-22-70293.html
53600,Eminence Parfums,Insuperable Man No. 4,,https://www.fragrantica.com/perfume/Eminence-Parfums/Insuperable-Man-No-4-70291.html
53601,Eminence Parfums,Insuperable Man No. 58,,https://www.fragrantica.com/perfume/Eminence-Parfums/Insuperable-Man-No-58-70294.html
53602,Eminence Parfums,Insuperable Man No. 6,,https://www.fragrantica.com/perfume/Eminence-Parfums/Insuperable-Man-No-6-70292.html
53603,Eminence Parfums,Insuperable Man No. 84 Wet Wood,,https://www.fragrantica.com/perfume/Eminence-Parfums/Insuperable-Man-No-84-Wet-Wood-70295.html
53604,Eminence Parfums,insupErable Woman n.1,,https://www.parfumo.com/Perfumes/Eminence_Parfums/insupErable_Woman_n_1
53605,Eminence Parfums,insupErable Woman n.11,2001,https://www.parfumo.com/Perfumes/Eminence_Parfums/insupErable_Woman_n_11
53606,Eminence Parfums,Insuperable Woman No. 1,,https://www.fragrantica.com/perfume/Eminence-Parfums/Insuperable-Woman-No-1-70296.html
53607,Eminence Parfums,Insuperable Woman No. 11,,https://www.fragrantica.com/perfume/Eminence-Parfums/Insuperable-Woman-No-11-70300.html
53608,Eminence Parfums,Insuperable Woman No. 3,,https://www.fragrantica.com/perfume/Eminence-Parfums/Insuperable-Woman-No-3-70297.html
53609,Eminence Parfums,Insuperable Woman No. 5,,https://www.fragrantica.com/perfume/Eminence-Parfums/Insuperable-Woman-No-5-70298.html
53610,Eminence Parfums,Insuperable Woman No. 7 Delicious Wood,,https://www.fragrantica.com/perfume/Eminence-Parfums/Insuperable-Woman-No-7-Delicious-Wood-70299.html
53611,Eminence Parfums,Insuperable Woman No. 99,,https://www.fragrantica.com/perfume/Eminence-Parfums/Insuperable-Woman-No-99-70303.html
53612,Eminence Parfums,Nour,,https://www.fragrantica.com/perfume/Eminence-Parfums/Nour-136028.html
53613,Emir,Trillium,,https://www.fragrantica.com/perfume/Emir/Trillium-128362.html
53614,Emirates Pride Perfumes,Al Emarat,2023,https://www.fragrantica.com/perfume/Emirates-Pride-Perfumes/Al-Emarat-87326.html
53615,Emirates Pride Perfumes,Amber Bel Oud,2015,https://www.fragrantica.com/perfume/Emirates-Pride-Perfumes/Amber-Bel-Oud-57733.html
53616,Emirates Pride Perfumes,Ambergris,2017,https://www.fragrantica.com/perfume/Emirates-Pride-Perfumes/Ambergris-58341.html
53617,Emirates Pride Perfumes,Arabica,2018,https://www.fragrantica.com/perfume/Emirates-Pride-Perfumes/Arabica-61698.html
53618,Emirates Pride Perfumes,Barjeel,2023,https://www.fragrantica.com/perfume/Emirates-Pride-Perfumes/Barjeel-87327.html
53619,Emirates Pride Perfumes,Bergamot Bel Amber,2015,https://www.fragrantica.com/perfume/Emirates-Pride-Perfumes/Bergamot-Bel-Amber-57731.html
53620,Emirates Pride Perfumes,Black,,https://www.fragrantica.com/perfume/Emirates-Pride-Perfumes/Black-57728.html
53621,Emirates Pride Perfumes,Dallah,2023,https://www.fragrantica.com/perfume/Emirates-Pride-Perfumes/Dallah-87324.html
53622,Emirates Pride Perfumes,Danah,2023,https://www.fragrantica.com/perfume/Emirates-Pride-Perfumes/Danah-87325.html
53623,Emirates Pride Perfumes,Firewood,2018,https://www.fragrantica.com/perfume/Emirates-Pride-Perfumes/Firewood-61700.html
53624,Emirates Pride Perfumes,Future Bakhoor,2026,https://www.fragrantica.com/perfume/Emirates-Pride-Perfumes/Future-Bakhoor-124548.html
53625,Emirates Pride Perfumes,Future Mubakhar,2026,https://www.fragrantica.com/perfume/Emirates-Pride-Perfumes/Future-Mubakhar-133252.html
53626,Emirates Pride Perfumes,Future Oud,2026,https://www.fragrantica.com/perfume/Emirates-Pride-Perfumes/Future-Oud-124547.html
53627,Emirates Pride Perfumes,Gold,,https://www.fragrantica.com/perfume/Emirates-Pride-Perfumes/Gold-58362.html
53628,Emirates Pride Perfumes,Golden Chance,2020,https://www.fragrantica.com/perfume/Emirates-Pride-Perfumes/Golden-Chance-68606.html
53629,Emirates Pride Perfumes,Green,2015,https://www.fragrantica.com/perfume/Emirates-Pride-Perfumes/Green-57729.html
53630,Emirates Pride Perfumes,Hidden Leather,2018,https://www.fragrantica.com/perfume/Emirates-Pride-Perfumes/Hidden-Leather-61699.html
53631,Emirates Pride Perfumes,Hidden Tobacco,2023,https://www.fragrantica.com/perfume/Emirates-Pride-Perfumes/Hidden-Tobacco-88678.html
53632,Emirates Pride Perfumes,Jasmine Bel Musk,2017,https://www.fragrantica.com/perfume/Emirates-Pride-Perfumes/Jasmine-Bel-Musk-57735.html
53633,Emirates Pride Perfumes,Khaimah,2023,https://www.fragrantica.com/perfume/Emirates-Pride-Perfumes/Khaimah-87328.html
53634,Emirates Pride Perfumes,Lilac,2017,https://www.fragrantica.com/perfume/Emirates-Pride-Perfumes/Lilac-57730.html
53635,Emirates Pride Perfumes,Maroon,2015,https://www.fragrantica.com/perfume/Emirates-Pride-Perfumes/Maroon-57714.html
53636,Emirates Pride Perfumes,Maroon Intense,2022,https://www.fragrantica.com/perfume/Emirates-Pride-Perfumes/Maroon-Intense-77608.html
53637,Emirates Pride Perfumes,Masters,2024,https://www.fragrantica.com/perfume/Emirates-Pride-Perfumes/Masters-90489.html
53638,Emirates Pride Perfumes,Masters Signature,2025,https://www.fragrantica.com/perfume/Emirates-Pride-Perfumes/Masters-Signature-102320.html
53639,Emirates Pride Perfumes,Mersal,2015,https://www.fragrantica.com/perfume/Emirates-Pride-Perfumes/Mersal-58361.html
53640,Emirates Pride Perfumes,Meydan,2015,https://www.fragrantica.com/perfume/Emirates-Pride-Perfumes/Meydan-58359.html
53641,Emirates Pride Perfumes,Midnight Bloom,2025,https://www.fragrantica.com/perfume/Emirates-Pride-Perfumes/Midnight-Bloom-116315.html
53642,Emirates Pride Perfumes,Midnight Glow,2020,https://www.fragrantica.com/perfume/Emirates-Pride-Perfumes/Midnight-Glow-68607.html
53643,Emirates Pride Perfumes,More of Oud,2023,https://www.fragrantica.com/perfume/Emirates-Pride-Perfumes/More-of-Oud-80620.html
53644,Emirates Pride Perfumes,Mysterious Rose,2021,https://www.fragrantica.com/perfume/Emirates-Pride-Perfumes/Mysterious-Rose-70702.html
53645,Emirates Pride Perfumes,Mystery,2015,https://www.fragrantica.com/perfume/Emirates-Pride-Perfumes/Mystery-58360.html
53646,Emirates Pride Perfumes,Navy,2019,https://www.fragrantica.com/perfume/Emirates-Pride-Perfumes/Navy-68608.html
53647,Emirates Pride Perfumes,No. 4,,https://www.fragrantica.com/perfume/Emirates-Pride-Perfumes/No-4-57709.html
53648,Emirates Pride Perfumes,Peaceful Life,2021,https://www.fragrantica.com/perfume/Emirates-Pride-Perfumes/Peaceful-Life-68605.html
53649,Emirates Pride Perfumes,Qalah,2023,https://www.fragrantica.com/perfume/Emirates-Pride-Perfumes/Qalah-87330.html
53650,Emirates Pride Perfumes,Reflection,2024,https://www.fragrantica.com/perfume/Emirates-Pride-Perfumes/Reflection-96571.html
53651,Emirates Pride Perfumes,Rouge,2019,https://www.fragrantica.com/perfume/Emirates-Pride-Perfumes/Rouge-68609.html
53652,Emirates Pride Perfumes,Safeena,2023,https://www.fragrantica.com/perfume/Emirates-Pride-Perfumes/Safeena-87329.html
53653,Emirates Pride Perfumes,Sakura,2017,https://www.fragrantica.com/perfume/Emirates-Pride-Perfumes/Sakura-58340.html
53654,Emirates Pride Perfumes,Scentastic No. 3,,https://www.fragrantica.com/perfume/Emirates-Pride-Perfumes/Scentastic-No-3-57708.html
53655,Emirates Pride Perfumes,Scentastic No. 5,,https://www.fragrantica.com/perfume/Emirates-Pride-Perfumes/Scentastic-No-5-57710.html
53656,Emirates Pride Perfumes,Scentastic No. 6,,https://www.fragrantica.com/perfume/Emirates-Pride-Perfumes/Scentastic-No-6-57711.html
53657,Emirates Pride Perfumes,Scentastic No. 7,2017,https://www.fragrantica.com/perfume/Emirates-Pride-Perfumes/Scentastic-No-7-57712.html
53658,Emirates Pride Perfumes,Thekrayat,2022,https://www.fragrantica.com/perfume/Emirates-Pride-Perfumes/Thekrayat-77609.html
53659,Emirates Pride Perfumes,Vetiveria,2017,https://www.fragrantica.com/perfume/Emirates-Pride-Perfumes/Vetiveria-58342.html
53660,Emirates Pride Perfumes,Violet,,https://www.fragrantica.com/perfume/Emirates-Pride-Perfumes/Violet-57713.html
53661,Emirates Pride Perfumes,White,2015,https://www.fragrantica.com/perfume/Emirates-Pride-Perfumes/White-57715.html
53662,Emirates Pride Perfumes,White Oud,2016,https://www.fragrantica.com/perfume/Emirates-Pride-Perfumes/White-Oud-58363.html
53663,Emirates Pride Perfumes,White Overdose,2024,https://www.fragrantica.com/perfume/Emirates-Pride-Perfumes/White-Overdose-99280.html
53664,Emma S.,Barrow Street,2016,https://www.fragrantica.com/perfume/Emma-S/Barrow-Street-43387.html
53665,Emma S.,Rue de Varenne,2014,https://www.fragrantica.com/perfume/Emma-S/Rue-de-Varenne-43385.html
53666,Emmanuel Levain,1971,2016,https://www.fragrantica.com/perfume/Emmanuel-Levain/1971-40878.html
53667,Emmanuel Levain,Blanc,,https://www.fragrantica.com/perfume/Emmanuel-Levain/Blanc-24179.html
53668,Emmanuel Levain,Bleu,,https://www.fragrantica.com/perfume/Emmanuel-Levain/Bleu-24180.html
53669,Emmanuel Levain,Just Oud,,https://www.fragrantica.com/perfume/Emmanuel-Levain/Just-Oud-42794.html
53670,Emmanuel Levain,L'Eau d'Emmanuel,2014,https://www.fragrantica.com/perfume/Emmanuel-Levain/L-Eau-d-Emmanuel-69692.html
53671,Emmanuel Levain,Lake,2017,https://www.fragrantica.com/perfume/Emmanuel-Levain/Lake-46646.html
53672,Emmanuel Levain,Le Oud Royal,2017,https://www.fragrantica.com/perfume/Emmanuel-Levain/Le-Oud-Royal-46645.html
53673,Emmanuel Levain,Marron,,https://www.fragrantica.com/perfume/Emmanuel-Levain/Marron-24177.html
53674,Emmanuel Levain,Mystic Datura,2014,https://www.fragrantica.com/perfume/Emmanuel-Levain/Mystic-Datura-33988.html
53675,Emmanuel Levain,Noir,,https://www.fragrantica.com/perfume/Emmanuel-Levain/Noir-24176.html
53676,Emmanuel Levain,Pure Plum,2013,https://www.fragrantica.com/perfume/Emmanuel-Levain/Pure-Plum-24181.html
53677,Emmanuel Levain,Red Life,2017,https://www.fragrantica.com/perfume/Emmanuel-Levain/Red-Life-46644.html
53678,Emmanuel Levain,Rouge,,https://www.fragrantica.com/perfume/Emmanuel-Levain/Rouge-24178.html
53679,Emmanuel Levain,Sweet Tonka,2016,https://www.fragrantica.com/perfume/Emmanuel-Levain/Sweet-Tonka-40879.html
53680,Emmanuel Levain,Tendre Pallida,,https://www.fragrantica.com/perfume/Emmanuel-Levain/Tendre-Pallida-42795.html
53681,Emmanuel Levain,Vetiver Forever,2018,https://www.fragrantica.com/perfume/Emmanuel-Levain/Vetiver-Forever-51591.html
53682,Emmanuelle Jane,Abilos,,https://www.fragrantica.com/perfume/Emmanuelle-Jane/Abilos-50731.html
53683,Emmanuelle Jane,Emmanuelle Jane For Her,,https://www.fragrantica.com/perfume/Emmanuelle-Jane/Emmanuelle-Jane-For-Her-50733.html
53684,Emmanuelle Jane,Gentleman,,https://www.fragrantica.com/perfume/Emmanuelle-Jane/Gentleman-50734.html
53685,Emmanuelle Jane,Lady,,https://www.fragrantica.com/perfume/Emmanuelle-Jane/Lady-50732.html
53686,Emmanuelle Jane,Luxury Oud,,https://www.fragrantica.com/perfume/Emmanuelle-Jane/Luxury-Oud-50735.html
53687,Emmanuelle Jane,Milano for Men,,https://www.fragrantica.com/perfume/Emmanuelle-Jane/Milano-for-Men-50737.html
53688,Emmanuelle Jane,Milano For Women,,https://www.fragrantica.com/perfume/Emmanuelle-Jane/Milano-For-Women-50736.html
53689,Emmanuelle Jane,Oud Arabia,,https://www.fragrantica.com/perfume/Emmanuelle-Jane/Oud-Arabia-50738.html
53690,Emmanuelle Jane,Peach Diamond,,https://www.fragrantica.com/perfume/Emmanuelle-Jane/Peach-Diamond-50740.html
53691,Emmanuelle Jane,Pink Diamond,,https://www.fragrantica.com/perfume/Emmanuelle-Jane/Pink-Diamond-50739.html
53692,Emmanuelle Jane,VIP Caftan,2024,https://www.fragrantica.com/perfume/Emmanuelle-Jane/VIP-Caftan-108284.html
53693,Emmanuelle Jane,VIP Dream Catcher,2024,https://www.fragrantica.com/perfume/Emmanuelle-Jane/VIP-Dream-Catcher-108289.html
53694,Emmanuelle Jane,VIP Elixir,2024,https://www.fragrantica.com/perfume/Emmanuelle-Jane/VIP-Elixir-108281.html
53695,Emmanuelle Jane,VIP Grey,2024,https://www.fragrantica.com/perfume/Emmanuelle-Jane/VIP-Grey-108292.html
53696,Emmanuelle Jane,VIP Moon,2024,https://www.fragrantica.com/perfume/Emmanuelle-Jane/VIP-Moon-108290.html
53697,Emmanuelle Jane,VIP Oud Berry,2024,https://www.fragrantica.com/perfume/Emmanuelle-Jane/VIP-Oud-Berry-108282.html
53698,Emmanuelle Jane,VIP Oud Vanilla,2024,https://www.fragrantica.com/perfume/Emmanuelle-Jane/VIP-Oud-Vanilla-108287.html
53699,Emmanuelle Jane,VIP Piege,2024,https://www.fragrantica.com/perfume/Emmanuelle-Jane/VIP-Piege-108288.html
53700,Emmanuelle Jane,VIP Pure,2024,https://www.fragrantica.com/perfume/Emmanuelle-Jane/VIP-Pure-108280.html
53701,Emmanuelle Jane,VIP Red,2024,https://www.fragrantica.com/perfume/Emmanuelle-Jane/VIP-Red-108285.html
53702,Emmanuelle Jane,VIP Regatus,2024,https://www.fragrantica.com/perfume/Emmanuelle-Jane/VIP-Regatus-108283.html
53703,Emmanuelle Jane,VIP Riviere Noire,2024,https://www.fragrantica.com/perfume/Emmanuelle-Jane/VIP-Riviere-Noire-108291.html
53704,Emmanuelle Jane,VIP Silver,2024,https://www.fragrantica.com/perfume/Emmanuelle-Jane/VIP-Silver-108286.html
53705,Emmanuelle Khanh,Au Fil de Toi,2017,https://www.fragrantica.com/perfume/Emmanuelle-Khanh/Au-Fil-de-Toi-46796.html
53706,Emoji,Crazy Love,2019,https://www.fragrantica.com/perfume/Emoji/Crazy-Love-54155.html
53707,Emoji,Fairyland Bloop,2019,https://www.fragrantica.com/perfume/Emoji/Fairyland-Bloop-54153.html
53708,Emoji,Playful Monkey,2019,https://www.fragrantica.com/perfume/Emoji/Playful-Monkey-54161.html
53709,Emoji,Sugar Kiss,2019,https://www.fragrantica.com/perfume/Emoji/Sugar-Kiss-54154.html
53710,Emoji,Wicked Fantasy,2019,https://www.fragrantica.com/perfume/Emoji/Wicked-Fantasy-54183.html
53711,Emoji,Yolo Babe,2019,https://www.fragrantica.com/perfume/Emoji/Yolo-Babe-54184.html
53712,Emotion,Aqua Kiss (Eau de Toilette),,https://www.trendyol.com/emotion/aqua-kiss-edt-parfum-50ml-p-2478063
53713,Emotion,Asian garden Edt 50 ml Kadın Parfümü 8690586014625,,https://www.trendyol.com/emotion/asian-garden-edt-50-ml-kadin-parfumu-8690586014625-p-2173994
53714,Emotion,Love (Eau de Toilette),,https://www.trendyol.com/emotion/edt-love-50-ml-p-2173997
53715,Emotion,Ocean (Eau de Toilette),,https://www.trendyol.com/emotion/ocean-fresh-edt-50-ml-p-2173998
53716,Emotion,Passion (Eau de Toilette),,https://www.trendyol.com/emotion/passion-edt-50-ml-kadin-parfumu-8690586004541-p-2173999
53717,Emotion,Pink Secret (Eau de Toilette),,https://www.trendyol.com/emotion/pink-secret-edt-50-ml-kadin-parfumu-8690586017015-p-2478062
53718,Emotion,Violet (Body Mist),,https://www.trendyol.com/emotion/violet-vucut-spreyi-150ml-p-66454076
53719,Emozioni Fragrances,Elisheva,2020,https://www.fragrantica.com/perfume/Emozioni-Fragrances/Elisheva-68529.html
53720,Empatheia,Acuario,2024,https://www.fragrantica.com/perfume/Empatheia/Acuario-97535.html
53721,Empatheia,Aries,2024,https://www.fragrantica.com/perfume/Empatheia/Aries-97536.html
53722,Empatheia,Cáncer,2024,https://www.fragrantica.com/perfume/Empatheia/Cancer-97529.html
53723,Empatheia,Capricornio,2024,https://www.fragrantica.com/perfume/Empatheia/Capricornio-97539.html
53724,Empatheia,Escorpio,2024,https://www.fragrantica.com/perfume/Empatheia/Escorpio-97531.html
53725,Empatheia,Géminis,2024,https://www.fragrantica.com/perfume/Empatheia/Geminis-97532.html
53726,Empatheia,Leo,2024,https://www.fragrantica.com/perfume/Empatheia/Leo-97538.html
53727,Empatheia,Libra,2024,https://www.fragrantica.com/perfume/Empatheia/Libra-97533.html
53728,Empatheia,Piscis,2024,https://www.fragrantica.com/perfume/Empatheia/Piscis-97530.html
53729,Empatheia,Sagitario,2024,https://www.fragrantica.com/perfume/Empatheia/Sagitario-97537.html
53730,Empatheia,Tauro,2024,https://www.fragrantica.com/perfume/Empatheia/Tauro-97541.html
53731,Empatheia,Virgo,2024,https://www.fragrantica.com/perfume/Empatheia/Virgo-97540.html
53732,Emper,110 Degrees,,https://www.fragrantica.com/perfume/Emper/110-Degrees-22156.html
53733,Emper,50/50,2018,https://www.fragrantica.com/perfume/Emper/50-50-61911.html
53734,Emper,9 to 9,,https://www.fragrantica.com/perfume/Emper/9-to-9-22146.html
53735,Emper,Address,,https://www.parfumo.com/Perfumes/Emper/Address
53736,Emper,After 9 Gold,,https://www.fragrantica.com/perfume/Emper/After-9-Gold-34848.html
53737,Emper,After 9 Gold pour Femme,,https://www.parfumo.com/Perfumes/Emper/After_9_Gold_pour_Femme
53738,Emper,After 9 Silver,,https://www.fragrantica.com/perfume/Emper/After-9-Silver-34847.html
53739,Emper,After 9 Silver pour Femme,,https://www.parfumo.com/Perfumes/Emper/After_9_Silver_pour_Femme
53740,Emper,Al Fares Risalah Symphony of Love,2024,https://www.fragrantica.com/perfume/Emper/Al-Fares-Risalah-Symphony-of-Love-114954.html
53741,Emper,Amora pour Femme,,https://www.parfumo.com/Perfumes/Emper/Amora_pour_Femme
53742,Emper,Angelina,,https://www.parfumo.com/Perfumes/Emper/Angelina
53743,Emper,Aristo Signature,2026,https://www.fragrantica.com/perfume/Emper/Aristo-Signature-128682.html
53744,Emper,Aristo Splendour,2026,https://www.fragrantica.com/perfume/Emper/Aristo-Splendour-128683.html
53745,Emper,Aroma de Acqua,,https://www.fragrantica.com/perfume/Emper/Aroma-de-Acqua-114845.html
53746,Emper,Aroma de Casa,2015,https://www.parfumo.com/Perfumes/Emper/Aroma_de_Casa
53747,Emper,Asaya Amber Patchouli,,https://www.parfumo.com/Perfumes/Emper/asaya-amber-patchouli
53748,Emper,Asaya Gold Essence,,https://www.parfumo.com/Perfumes/Emper/asaya-gold-essence
53749,Emper,Asaya Sandal Rouge,,https://www.parfumo.com/Perfumes/Emper/asaya-sandal-rouge
53750,Emper,Asrar,2025,https://www.fragrantica.com/perfume/Emper/Asrar-113006.html
53751,Emper,Auriano Pour Femme,2023,https://www.fragrantica.com/perfume/Emper/Auriano-Pour-Femme-106408.html
53752,Emper,Back Street of New York,,https://www.fragrantica.com/perfume/Emper/Back-Street-of-New-York-113021.html
53753,Emper,Bandit,,https://www.fragrantica.com/perfume/Emper/Bandit-22153.html
53754,Emper,Bandit Femme,2007,https://www.parfumo.com/Perfumes/Emper/Bandit_Femme
53755,Emper,Bella Rose,1998,https://www.parfumo.com/Perfumes/Emper/bella-rose
53756,Emper,Best Dark Oud,,https://www.parfumo.com/Perfumes/Emper/best-dark-oud
53757,Emper,Bianca pour Femme,,https://www.parfumo.com/Perfumes/Emper/Bianca_pour_Femme
53758,Emper,Black Diamond,,https://www.fragrantica.com/perfume/Emper/Black-Diamond-104765.html
53759,Emper,Boulevard of New York,,https://www.fragrantica.com/perfume/Emper/Boulevard-of-New-York-113012.html
53760,Emper,Captcha 36,2025,https://www.fragrantica.com/perfume/Emper/Captcha-36-111068.html
53761,Emper,Casabella,2018,https://www.fragrantica.com/perfume/Emper/Casabella-56435.html
53762,Emper,Charm Of New York,,https://www.fragrantica.com/perfume/Emper/Charm-Of-New-York-113008.html
53763,Emper,Chifon,,https://www.fragrantica.com/perfume/Emper/Chifon-22147.html
53764,Emper,Chifon Belle,2015,https://www.fragrantica.com/perfume/Emper/Chifon-Belle-107425.html
53765,Emper,Chifon Madame,,https://www.fragrantica.com/perfume/Emper/Chifon-Madame-113023.html
53766,Emper,Chifon Rosé Couture,2019,https://www.fragrantica.com/perfume/Emper/Chifon-Rose-Couture-56434.html
53767,Emper,Chifon Sharqia,,https://www.fragrantica.com/perfume/Emper/Chifon-Sharqia-113024.html
53768,Emper,Chocolat Parfum,2013,https://www.fragrantica.com/perfume/Emper/Chocolat-Parfum-33380.html
53769,Emper,Countryside Junction,2025,https://www.fragrantica.com/perfume/Emper/Countryside-Junction-128697.html
53770,Emper,Courage,,https://www.fragrantica.com/perfume/Emper/Courage-22155.html
53771,Emper,Dare pour Femme,,https://www.fragrantica.com/perfume/Emper/Dare-pour-Femme-104995.html
53772,Emper,° Degrees,1963,https://www.parfumo.com/Perfumes/Emper/110-degrees
53773,Emper,° Degrees Essential,,https://www.parfumo.com/Perfumes/Emper/110-degrees-essential
53774,Emper,Diamond Pour Femme Vivarea,2016,https://www.fragrantica.com/perfume/Emper/Diamond-Pour-Femme-Vivarea-64175.html
53775,Emper,Diamond Pour Homme Vivarea,2016,https://www.fragrantica.com/perfume/Emper/Diamond-Pour-Homme-Vivarea-64176.html
53776,Emper,Downtown Blanc,2025,https://www.fragrantica.com/perfume/Emper/Downtown-Blanc-107472.html
53777,Emper,Downtown Eclipse,2025,https://www.fragrantica.com/perfume/Emper/Downtown-Eclipse-107471.html
53778,Emper,Downtown Epic,2025,https://www.fragrantica.com/perfume/Emper/Downtown-Epic-107470.html
53779,Emper,Downtown Ocean,2025,https://www.fragrantica.com/perfume/Emper/Downtown-Ocean-107473.html
53780,Emper,Downtown Thunder,2025,https://www.fragrantica.com/perfume/Emper/Downtown-Thunder-107474.html
53781,Emper,Elegante,2012,https://www.fragrantica.com/perfume/Emper/Elegante-22148.html
53782,Emper,Emperor Cobalt,2025,https://www.fragrantica.com/perfume/Emper/Emperor-Cobalt-128692.html
53783,Emper,Emperor Majestic,2025,https://www.fragrantica.com/perfume/Emper/Emperor-Majestic-128693.html
53784,Emper,Emperor Supreme,2025,https://www.fragrantica.com/perfume/Emper/Emperor-Supreme-128694.html
53785,Emper,Epic Adventure,,https://www.fragrantica.com/perfume/Emper/Epic-Adventure-22152.html
53786,Emper,Esabella,,https://www.fragrantica.com/perfume/Emper/Esabella-34846.html
53787,Emper,Fabriquer,,https://www.fragrantica.com/perfume/Emper/Fabriquer-26827.html
53788,Emper,Falling in Love,2022,https://www.fragrantica.com/perfume/Emper/Falling-in-Love-104248.html
53789,Emper,Fame,2018,https://www.fragrantica.com/perfume/Emper/Fame-63063.html
53790,Emper,Fasio,,https://www.fragrantica.com/perfume/Emper/Fasio-22136.html
53791,Emper,Fasio Essence,,https://www.fragrantica.com/perfume/Emper/Fasio-Essence-22140.html
53792,Emper,Fifth Avenue of New York,,https://www.fragrantica.com/perfume/Emper/Fifth-Avenue-of-New-York-113014.html
53793,Emper,Floretta Hiba,2024,https://www.fragrantica.com/perfume/Emper/Floretta-Hiba-117344.html
53794,Emper,Genius Blush,2025,https://www.fragrantica.com/perfume/Emper/Genius-Blush-126403.html
53795,Emper,Genius Event,2023,https://www.fragrantica.com/perfume/Emper/Genius-Event-140028.html
53796,Emper,Genius Vesper,2026,https://www.fragrantica.com/perfume/Emper/Genius-Vesper-140029.html
53797,Emper,Genius Victory,2023,https://www.fragrantica.com/perfume/Emper/Genius-Victory-140027.html
53798,Emper,Gorgeous,,https://www.fragrantica.com/perfume/Emper/Gorgeous-22135.html
53799,Emper,Hadia,2025,https://www.fragrantica.com/perfume/Emper/Hadia-113001.html
53800,Emper,High End Delicious Peach,2025,https://www.fragrantica.com/perfume/Emper/High-End-Delicious-Peach-128691.html
53801,Emper,High End Queen of Fire,2025,https://www.fragrantica.com/perfume/Emper/High-End-Queen-of-Fire-128685.html
53802,Emper,High End Star of Paradise,2025,https://www.fragrantica.com/perfume/Emper/High-End-Star-of-Paradise-128687.html
53803,Emper,His Highness Platinum,2025,https://www.fragrantica.com/perfume/Emper/His-Highness-Platinum-128671.html
53804,Emper,His Highness Victory,2025,https://www.fragrantica.com/perfume/Emper/His-Highness-Victory-128670.html
53805,Emper,His Highness Victory Elixir,2025,https://www.fragrantica.com/perfume/Emper/His-Highness-Victory-Elixir-128669.html
53806,Emper,Hunter Bleu,,https://www.fragrantica.com/perfume/Emper/Hunter-Bleu-135353.html
53807,Emper,Ilang 62,2025,https://www.fragrantica.com/perfume/Emper/Ilang-62-111069.html
53808,Emper,Intimation,,https://www.fragrantica.com/perfume/Emper/Intimation-137431.html
53809,Emper,Invitation,,https://www.fragrantica.com/perfume/Emper/Invitation-22160.html
53810,Emper,Invitation Blue,,https://www.fragrantica.com/perfume/Emper/Invitation-Blue-22151.html
53811,Emper,Just for Love,2022,https://www.fragrantica.com/perfume/Emper/Just-for-Love-104246.html
53812,Emper,La Montara Paris Art Floral,2025,https://www.fragrantica.com/perfume/Emper/La-Montara-Paris-Art-Floral-128675.html
53813,Emper,La Montara Paris Aura Marshmallow,2025,https://www.fragrantica.com/perfume/Emper/La-Montara-Paris-Aura-Marshmallow-128676.html
53814,Emper,La Montara Paris Mystery Cherry,2025,https://www.fragrantica.com/perfume/Emper/La-Montara-Paris-Mystery-Cherry-128672.html
53815,Emper,La Montara Paris Rouge Berry,2025,https://www.fragrantica.com/perfume/Emper/La-Montara-Paris-Rouge-Berry-128673.html
53816,Emper,La Montara Paris Tropical Breeze,2026,https://www.fragrantica.com/perfume/Emper/La-Montara-Paris-Tropical-Breeze-128677.html
53817,Emper,Lady Presidente,,https://www.fragrantica.com/perfume/Emper/Lady-Presidente-22137.html
53818,Emper,Lady Presidente Queen Of Fire,,https://www.fragrantica.com/perfume/Emper/Lady-Presidente-Queen-Of-Fire-126748.html
53819,Emper,Laila,2025,https://www.fragrantica.com/perfume/Emper/Laila-113004.html
53820,Emper,Le Chameau Swano,2024,https://www.fragrantica.com/perfume/Emper/Le-Chameau-Swano-125067.html
53821,Emper,Le Paon,2017,https://www.fragrantica.com/perfume/Emper/Le-Paon-60977.html
53822,Emper,Legacy,,https://www.fragrantica.com/perfume/Emper/Legacy-22138.html
53823,Emper,Legend,,https://www.fragrantica.com/perfume/Emper/Legend-22159.html
53824,Emper,Legend Arabia,2022,https://www.fragrantica.com/perfume/Emper/Legend-Arabia-139542.html
53825,Emper,Legend Black,,https://www.fragrantica.com/perfume/Emper/Legend-Black-22154.html
53826,Emper,Legend Divine,2024,https://www.fragrantica.com/perfume/Emper/Legend-Divine-107703.html
53827,Emper,Live Couture,,https://www.fragrantica.com/perfume/Emper/Live-Couture-22134.html
53828,Emper,Lola,,https://www.fragrantica.com/perfume/Emper/Lola-22143.html
53829,Emper,Luxe Rouge,2022,https://www.fragrantica.com/perfume/Emper/Luxe-Rouge-106933.html
53830,Emper,Marwa,2025,https://www.fragrantica.com/perfume/Emper/Marwa-113003.html
53831,Emper,Masterpiece Ambre Musc,2025,https://www.fragrantica.com/perfume/Emper/Masterpiece-Ambre-Musc-128681.html
53832,Emper,Masterpiece Safran Mandarin,2025,https://www.fragrantica.com/perfume/Emper/Masterpiece-Safran-Mandarin-128679.html
53833,Emper,Maxima,,https://www.fragrantica.com/perfume/Emper/Maxima-22164.html
53834,Emper,Melina,2025,https://www.fragrantica.com/perfume/Emper/Melina-120688.html
53835,Emper,Melina Arina,2025,https://www.fragrantica.com/perfume/Emper/Melina-Arina-120687.html
53836,Emper,Melina Castle,2025,https://www.fragrantica.com/perfume/Emper/Melina-Castle-120689.html
53837,Emper,Memories,,https://www.fragrantica.com/perfume/Emper/Memories-22139.html
53838,Emper,Memories London,,https://www.fragrantica.com/perfume/Emper/Memories-London-22150.html
53839,Emper,Monaco,2020,https://www.fragrantica.com/perfume/Emper/Monaco-101207.html
53840,Emper,Nights of New York,,https://www.fragrantica.com/perfume/Emper/Nights-of-New-York-113015.html
53841,Emper,Noho of New York,,https://www.fragrantica.com/perfume/Emper/Noho-of-New-York-113011.html
53842,Emper,Noir De Maxima,,https://www.fragrantica.com/perfume/Emper/Noir-De-Maxima-22168.html
53843,Emper,Origins,,https://www.fragrantica.com/perfume/Emper/Origins-22141.html
53844,Emper,Oud Glorious,2025,https://www.fragrantica.com/perfume/Emper/Oud-Glorious-107469.html
53845,Emper,Passion of New York,,https://www.fragrantica.com/perfume/Emper/Passion-of-New-York-113018.html
53846,Emper,Patchouli Majestic,2024,https://www.fragrantica.com/perfume/Emper/Patchouli-Majestic-107467.html
53847,Emper,Patchouli of New York,,https://www.fragrantica.com/perfume/Emper/Patchouli-of-New-York-113013.html
53848,Emper,Phantom My Hero,2024,https://www.fragrantica.com/perfume/Emper/Phantom-My-Hero-103431.html
53849,Emper,Phantom My Hero In Las Vegas,2025,https://www.fragrantica.com/perfume/Emper/Phantom-My-Hero-In-Las-Vegas-128668.html
53850,Emper,Phantom My Hero In Miami,2026,https://www.fragrantica.com/perfume/Emper/Phantom-My-Hero-In-Miami-128667.html
53851,Emper,Phantom My Hero In New York,2025,https://www.fragrantica.com/perfume/Emper/Phantom-My-Hero-In-New-York-128666.html
53852,Emper,Places of New York,,https://www.fragrantica.com/perfume/Emper/Places-of-New-York-113010.html
53853,Emper,Presidente,,https://www.fragrantica.com/perfume/Emper/Presidente-22170.html
53854,Emper,Presidente Sports,,https://www.fragrantica.com/perfume/Emper/Presidente-Sports-22157.html
53855,Emper,Privé Homme Sport,,https://www.fragrantica.com/perfume/Emper/Prive-Homme-Sport-135358.html
53856,Emper,Qubism,,https://www.fragrantica.com/perfume/Emper/Qubism-22144.html
53857,Emper,Ranger,,https://www.fragrantica.com/perfume/Emper/Ranger-62290.html
53858,Emper,Ranger Army Edition,2019,https://www.fragrantica.com/perfume/Emper/Ranger-Army-Edition-62291.html
53859,Emper,Roamer of New York,,https://www.fragrantica.com/perfume/Emper/Roamer-of-New-York-113020.html
53860,Emper,Royal,2019,https://www.fragrantica.com/perfume/Emper/Royal-82891.html
53861,Emper,Saga,,https://www.fragrantica.com/perfume/Emper/Saga-22145.html
53862,Emper,Saga Pink,,https://www.fragrantica.com/perfume/Emper/Saga-Pink-22133.html
53863,Emper,Ser Al Ameera,2019,https://www.fragrantica.com/perfume/Emper/Ser-Al-Ameera-82892.html
53864,Emper,Shines of New York,,https://www.fragrantica.com/perfume/Emper/Shines-of-New-York-113017.html
53865,Emper,Sovereign Candy Flora,,https://www.fragrantica.com/perfume/Emper/Sovereign-Candy-Flora-139184.html
53866,Emper,Sovereign Lady of Wisdom,2025,https://www.fragrantica.com/perfume/Emper/Sovereign-Lady-of-Wisdom-133558.html
53867,Emper,Stallion 53,2024,https://www.fragrantica.com/perfume/Emper/Stallion-53-106193.html
53868,Emper,Streets of New York,,https://www.fragrantica.com/perfume/Emper/Streets-of-New-York-113019.html
53869,Emper,Swano Forever,2024,https://www.fragrantica.com/perfume/Emper/Swano-Forever-125068.html
53870,Emper,Sweet Candy,2025,https://www.fragrantica.com/perfume/Emper/Sweet-Candy-113005.html
53871,Emper,The Black 92,2025,https://www.fragrantica.com/perfume/Emper/The-Black-92-111067.html
53872,Emper,to 9 pour Femme,2015,https://www.parfumo.com/Perfumes/Emper/9_to_9_pour_Femme
53873,Emper,to 9 pour Homme,,https://www.parfumo.com/Perfumes/Emper/9_to_9_pour_Homme
53874,Emper,Tool Box,,https://www.fragrantica.com/perfume/Emper/Tool-Box-118243.html
53875,Emper,Tool Box Silver,2016,https://www.fragrantica.com/perfume/Emper/Tool-Box-Silver-126740.html
53876,Emper,Tool Box Violet Dreams,2025,https://www.fragrantica.com/perfume/Emper/Tool-Box-Violet-Dreams-126741.html
53877,Emper,Traveler,,https://www.fragrantica.com/perfume/Emper/Traveler-22162.html
53878,Emper,Twist,,https://www.fragrantica.com/perfume/Emper/Twist-22149.html
53879,Emper,Unplugged Pour Homme,2020,https://www.fragrantica.com/perfume/Emper/Unplugged-Pour-Homme-114844.html
53880,Emper,Urban Man,,https://www.fragrantica.com/perfume/Emper/Urban-Man-22163.html
53881,Emper,Urban Woman,,https://www.fragrantica.com/perfume/Emper/Urban-Woman-22142.html
53882,Emper,Vanilla Muse,2024,https://www.fragrantica.com/perfume/Emper/Vanilla-Muse-107468.html
53883,Emper,Verrano De Maxima,,https://www.fragrantica.com/perfume/Emper/Verrano-De-Maxima-22169.html
53884,Emper,Village of New York,,https://www.fragrantica.com/perfume/Emper/Village-of-New-York-113016.html
53885,Emper,Voyager,,https://www.fragrantica.com/perfume/Emper/Voyager-22161.html
53886,Emper,Whispers of New York,,https://www.fragrantica.com/perfume/Emper/Whispers-of-New-York-113009.html
53887,Emperor Blue,Caballera,2024,https://www.fragrantica.com/perfume/Emperor-Blue/Caballera-89162.html
53888,Emperor Blue,Caballero,2024,https://www.fragrantica.com/perfume/Emperor-Blue/Caballero-89161.html
53889,Emperor Blue,Dominant,2024,https://www.fragrantica.com/perfume/Emperor-Blue/Dominant-89194.html
53890,Emperor Blue,Emperador,2024,https://www.fragrantica.com/perfume/Emperor-Blue/Emperador-89136.html
53891,Emperor Blue,Emperatriz,2024,https://www.fragrantica.com/perfume/Emperor-Blue/Emperatriz-89137.html
53892,Emperor Blue,Glorious,2024,https://www.fragrantica.com/perfume/Emperor-Blue/Glorious-89189.html
53893,Emperor Blue,Grandiosa,2024,https://www.fragrantica.com/perfume/Emperor-Blue/Grandiosa-89186.html
53894,Emperor Blue,Grandiose,2024,https://www.fragrantica.com/perfume/Emperor-Blue/Grandiose-89185.html
53895,Emperor Blue,Immortal,2024,https://www.fragrantica.com/perfume/Emperor-Blue/Immortal-89139.html
53896,Emperor Blue,Independent,2024,https://www.fragrantica.com/perfume/Emperor-Blue/Independent-89226.html
53897,Emperor Blue,Indivisible,2024,https://www.fragrantica.com/perfume/Emperor-Blue/Indivisible-89225.html
53898,Emperor Blue,Infinite,2024,https://www.fragrantica.com/perfume/Emperor-Blue/Infinite-89138.html
53899,Emperor Blue,Irresistible,2024,https://www.fragrantica.com/perfume/Emperor-Blue/Irresistible-89218.html
53900,Emperor Blue,IV,2021,https://www.fragrantica.com/perfume/Emperor-Blue/IV-111509.html
53901,Emperor Blue,LII,2021,https://www.fragrantica.com/perfume/Emperor-Blue/LII-111508.html
53902,Emperor Blue,Lionheart,2024,https://www.fragrantica.com/perfume/Emperor-Blue/Lionheart-89190.html
53903,Emperor Blue,Magnificent,2024,https://www.fragrantica.com/perfume/Emperor-Blue/Magnificent-89188.html
53904,Emperor Blue,MII,2021,https://www.fragrantica.com/perfume/Emperor-Blue/MII-111512.html
53905,Emperor Blue,V,2021,https://www.fragrantica.com/perfume/Emperor-Blue/V-111511.html
53906,Emperor Blue,VI,2021,https://www.fragrantica.com/perfume/Emperor-Blue/VI-111510.html
53907,Emperor Blue,Victorious,2024,https://www.fragrantica.com/perfume/Emperor-Blue/Victorious-89187.html
53908,Emperor Blue,VII,2021,https://www.fragrantica.com/perfume/Emperor-Blue/VII-111506.html
53909,Emperor Blue,XII,2021,https://www.fragrantica.com/perfume/Emperor-Blue/XII-111513.html
53910,Emperor Blue,XV,2021,https://www.fragrantica.com/perfume/Emperor-Blue/XV-111507.html
53911,Empire Fragrance,Lyon's Legacy,2016,https://www.fragrantica.com/perfume/Empire-Fragrance/Lyon-s-Legacy-40312.html
53912,Empire Fragrance,Lyon's Truth,2016,https://www.fragrantica.com/perfume/Empire-Fragrance/Lyon-s-Truth-40314.html
53913,Empiria Fragrances,Oshun V,2021,https://www.fragrantica.com/perfume/Empiria-Fragrances/Oshun-V-102617.html
53914,Emporio Body Store,Lolita Serum,2012,https://www.fragrantica.com/perfume/Emporio-Body-Store/Lolita-Serum-38249.html
53915,Emporio Body Store,Lolita Serum by Glamour,2017,https://www.fragrantica.com/perfume/Emporio-Body-Store/Lolita-Serum-by-Glamour-56372.html
53916,Emporio Body Store,Sakura No Ki,2011,https://www.fragrantica.com/perfume/Emporio-Body-Store/Sakura-No-Ki-38247.html
53917,Emporio Body Store,Splash Fresh Spray Leite de Cabra,2013,https://www.fragrantica.com/perfume/Emporio-Body-Store/Splash-Fresh-Spray-Leite-de-Cabra-38246.html
53918,Emporio Body Store,Splash Fresh Spray Lolita Serum,2012,https://www.fragrantica.com/perfume/Emporio-Body-Store/Splash-Fresh-Spray-Lolita-Serum-38250.html
53919,Emporio Body Store,Splash Fresh Spray Sakura No Ki,2011,https://www.fragrantica.com/perfume/Emporio-Body-Store/Splash-Fresh-Spray-Sakura-No-Ki-38248.html
53920,Emporium,Doping Evolution,2020,https://www.fragrantica.com/perfume/Emporium/Doping-Evolution-101426.html
53921,Emporium,Emporium Step 2,2013,https://www.fragrantica.com/perfume/Emporium/Emporium-Step-2-101430.html
53922,Emporium,Emporium Step 3,2013,https://www.fragrantica.com/perfume/Emporium/Emporium-Step-3-101431.html
53923,Emporium,Emporium Step 4,2013,https://www.fragrantica.com/perfume/Emporium/Emporium-Step-4-101432.html
53924,Emporium,Emporium Step 5,2013,https://www.fragrantica.com/perfume/Emporium/Emporium-Step-5-101433.html
53925,Emporium,Emporium Step 6,2013,https://www.fragrantica.com/perfume/Emporium/Emporium-Step-6-101434.html
53926,Emporium,Emporium Step 7,2010,https://www.fragrantica.com/perfume/Emporium/Emporium-Step-7-101435.html
53927,Emporium,Emporium Step 8,2010,https://www.fragrantica.com/perfume/Emporium/Emporium-Step-8-101436.html
53928,Emporium,Emporium Step 9,2024,https://www.fragrantica.com/perfume/Emporium/Emporium-Step-9-101437.html
53929,Emporium,Extreme,2024,https://www.fragrantica.com/perfume/Emporium/Extreme-101427.html
53930,Emporium,For MEN Only. Control,2024,https://www.fragrantica.com/perfume/Emporium/For-MEN-Only-Control-101424.html
53931,Emporium,For Men Only. Power,2024,https://www.fragrantica.com/perfume/Emporium/For-Men-Only-Power-101535.html
53932,Emporium,For Men Only. Style,2024,https://www.fragrantica.com/perfume/Emporium/For-Men-Only-Style-101534.html
53933,Emporium,H2O Fraîcheur,2017,https://www.fragrantica.com/perfume/Emporium/H2O-Fraicheur-45486.html
53934,Emporium,One Step,2020,https://www.fragrantica.com/perfume/Emporium/One-Step-101425.html
53935,Emporium,Real Man,2017,https://www.fragrantica.com/perfume/Emporium/Real-Man-45488.html
53936,Emporium,Styleman,2017,https://www.fragrantica.com/perfume/Emporium/Styleman-45489.html
53937,Emporium,Ultraman,2017,https://www.fragrantica.com/perfume/Emporium/Ultraman-45487.html
53938,Empreinte d'Effluves,Crushin' Love,2024,https://www.fragrantica.com/perfume/Empreinte-d-Effluves/Crushin-Love-99631.html
53939,Empreinte d'Effluves,Écumes des Dunes,2024,https://www.fragrantica.com/perfume/Empreinte-d-Effluves/Ecumes-des-Dunes-99632.html
53940,Empreinte d'Effluves,Légendario & Cohiba,2024,https://www.fragrantica.com/perfume/Empreinte-d-Effluves/Legendario-Cohiba-99633.html
53941,Empreinte d'Effluves,Les Murmures du Baobab,2024,https://www.fragrantica.com/perfume/Empreinte-d-Effluves/Les-Murmures-du-Baobab-99630.html
53942,Empreinte d'Effluves,Nuit de Lune,2024,https://www.fragrantica.com/perfume/Empreinte-d-Effluves/Nuit-de-Lune-99634.html
53943,Empreinte d'Effluves,Phantom,2024,https://www.fragrantica.com/perfume/Empreinte-d-Effluves/Phantom-99635.html
53944,Empreinte d'Effluves,Symphonie des Ambres,2024,https://www.fragrantica.com/perfume/Empreinte-d-Effluves/Symphonie-des-Ambres-99636.html
53945,En Voyage Perfumes,A Study in Water,2012,https://www.fragrantica.com/perfume/En-Voyage-Perfumes/A-Study-in-Water-18934.html
53946,En Voyage Perfumes,Café Cacao,2014,https://www.fragrantica.com/perfume/En-Voyage-Perfumes/Cafe-Cacao-24697.html
53947,En Voyage Perfumes,Captured in Amber,2014,https://www.fragrantica.com/perfume/En-Voyage-Perfumes/Captured-in-Amber-24699.html
53948,En Voyage Perfumes,Carmel Boheme,,https://www.fragrantica.com/perfume/En-Voyage-Perfumes/Carmel-Boheme-10364.html
53949,En Voyage Perfumes,Carmel-by-the-Sea Collection - Début de Carmel,2008,https://www.parfumo.com/Perfumes/En_Voyage_Perfumes/CarmelbytheSea_Collection_Debut_de_Carmel
53950,En Voyage Perfumes,Carmel-by-the-Sea Collection - Poéte de Carmel,,https://www.parfumo.com/Perfumes/En_Voyage_Perfumes/CarmelbytheSea_Collection_Poete_de_Carmel
53951,En Voyage Perfumes,Carmel de Ville,,https://www.fragrantica.com/perfume/En-Voyage-Perfumes/Carmel-de-Ville-10365.html
53952,En Voyage Perfumes,Chang Chang,,https://www.fragrantica.com/perfume/En-Voyage-Perfumes/Chang-Chang-44528.html
53953,En Voyage Perfumes,Debut de Carmel,,https://www.fragrantica.com/perfume/En-Voyage-Perfumes/Debut-de-Carmel-10366.html
53954,En Voyage Perfumes,Durango,,https://www.fragrantica.com/perfume/En-Voyage-Perfumes/Durango-44529.html
53955,En Voyage Perfumes,Figa,2017,https://www.fragrantica.com/perfume/En-Voyage-Perfumes/Figa-44513.html
53956,En Voyage Perfumes,Fiore di Bellagio,2014,https://www.fragrantica.com/perfume/En-Voyage-Perfumes/Fiore-di-Bellagio-28025.html
53957,En Voyage Perfumes,Frida,2015,https://www.fragrantica.com/perfume/En-Voyage-Perfumes/Frida-31533.html
53958,En Voyage Perfumes,Go Ask Alice,2011,https://www.fragrantica.com/perfume/En-Voyage-Perfumes/Go-Ask-Alice-44526.html
53959,En Voyage Perfumes,Havane pour Homme,,https://www.fragrantica.com/perfume/En-Voyage-Perfumes/Havane-pour-Homme-10370.html
53960,En Voyage Perfumes,Indigo Vanilla,2014,https://www.fragrantica.com/perfume/En-Voyage-Perfumes/Indigo-Vanilla-24698.html
53961,En Voyage Perfumes,L’Emblem Rouge,2011,https://www.fragrantica.com/perfume/En-Voyage-Perfumes/L-Emblem-Rouge-13211.html
53962,En Voyage Perfumes,L'Hombre,,https://www.fragrantica.com/perfume/En-Voyage-Perfumes/L-Hombre-44532.html
53963,En Voyage Perfumes,Lorelei,2012,https://www.fragrantica.com/perfume/En-Voyage-Perfumes/Lorelei-44533.html
53964,En Voyage Perfumes,Makeda,,https://www.fragrantica.com/perfume/En-Voyage-Perfumes/Makeda-10368.html
53965,En Voyage Perfumes,Nectars des Iles,,https://www.fragrantica.com/perfume/En-Voyage-Perfumes/Nectars-des-Iles-11991.html
53966,En Voyage Perfumes,Nepenthe,2019,https://www.fragrantica.com/perfume/En-Voyage-Perfumes/Nepenthe-60736.html
53967,En Voyage Perfumes,New York Man,2014,https://www.fragrantica.com/perfume/En-Voyage-Perfumes/New-York-Man-29366.html
53968,En Voyage Perfumes,Peche noir,,https://www.fragrantica.com/perfume/En-Voyage-Perfumes/Peche-noir-10369.html
53969,En Voyage Perfumes,Poete de Carmel,,https://www.fragrantica.com/perfume/En-Voyage-Perfumes/Poete-de-Carmel-10367.html
53970,En Voyage Perfumes,Rainmaker,2016,https://www.fragrantica.com/perfume/En-Voyage-Perfumes/Rainmaker-39388.html
53971,En Voyage Perfumes,Tagetes Femme,2012,https://www.fragrantica.com/perfume/En-Voyage-Perfumes/Tagetes-Femme-17287.html
53972,En Voyage Perfumes,Tagetes Homme,2012,https://www.fragrantica.com/perfume/En-Voyage-Perfumes/Tagetes-Homme-17286.html
53973,En Voyage Perfumes,The 7 Percent Solution,,https://www.fragrantica.com/perfume/En-Voyage-Perfumes/The-7-Percent-Solution-44531.html
53974,En Voyage Perfumes,Vents Ardents,,https://www.fragrantica.com/perfume/En-Voyage-Perfumes/Vents-Ardents-11992.html
53975,En Voyage Perfumes,Zelda,2013,https://www.fragrantica.com/perfume/En-Voyage-Perfumes/Zelda-18933.html
53976,Enchanted Alchemy,Musky Body & Hair Mist,,https://www.fragrantica.com/perfume/Enchanted-Alchemy/Musky-Body-Hair-Mist-109609.html
53977,Enchanted Alchemy,No.1,2025,https://www.fragrantica.com/perfume/Enchanted-Alchemy/No-1-109602.html
53978,Enchanted Alchemy,No.2,2025,https://www.fragrantica.com/perfume/Enchanted-Alchemy/No-2-109604.html
53979,Enchanted Alchemy,No.3,2025,https://www.fragrantica.com/perfume/Enchanted-Alchemy/No-3-109605.html
53980,Enchanted Alchemy,No.4,2025,https://www.fragrantica.com/perfume/Enchanted-Alchemy/No-4-109606.html
53981,Enchanted Alchemy,No.5,2025,https://www.fragrantica.com/perfume/Enchanted-Alchemy/No-5-109607.html
53982,Enchanted Alchemy,No.7,2025,https://www.fragrantica.com/perfume/Enchanted-Alchemy/No-7-109608.html
53983,Enemaerke Parfums,Lyndanisse 1219,2026,https://www.fragrantica.com/perfume/Enemaerke-Parfums/Lyndanisse-1219-125250.html
53984,Engelsrufer,Aurora,2016,https://www.fragrantica.com/perfume/Engelsrufer/Aurora-35462.html
53985,Engelsrufer,Endless Love,2022,https://www.fragrantica.com/perfume/Engelsrufer/Endless-Love-72722.html
53986,Engelsrufer,Golden Wings,2016,https://www.fragrantica.com/perfume/Engelsrufer/Golden-Wings-45310.html
53987,Engelsrufer,Heaven,2019,https://www.fragrantica.com/perfume/Engelsrufer/Heaven-58513.html
53988,Engelsrufer,Love,2016,https://www.fragrantica.com/perfume/Engelsrufer/Love-35464.html
53989,Engelsrufer,Loving Energy,,https://www.fragrantica.com/perfume/Engelsrufer/Loving-Energy-125607.html
53990,Engelsrufer,Luna,2016,https://www.fragrantica.com/perfume/Engelsrufer/Luna-35463.html
53991,Engelsrufer,Personal Power,,https://www.fragrantica.com/perfume/Engelsrufer/Personal-Power-125606.html
53992,Engelsrufer,True Harmony,,https://www.fragrantica.com/perfume/Engelsrufer/True-Harmony-125608.html
53993,Engelsrufer,With Love,2017,https://www.fragrantica.com/perfume/Engelsrufer/With-Love-45309.html
53994,English Blazer,Black,2011,https://www.fragrantica.com/perfume/English-Blazer/Black-109784.html
53995,English Blazer,Commando,2014,https://www.fragrantica.com/perfume/English-Blazer/Commando-109786.html
53996,English Blazer,Copper,2014,https://www.fragrantica.com/perfume/English-Blazer/Copper-109788.html
53997,English Blazer,Empire,2015,https://www.fragrantica.com/perfume/English-Blazer/Empire-109789.html
53998,English Blazer,English Blazer Original,1995,https://www.fragrantica.com/perfume/English-Blazer/English-Blazer-Original-109781.html
53999,English Blazer,Gold,2015,https://www.fragrantica.com/perfume/English-Blazer/Gold-109787.html
54000,English Blazer,London,2012,https://www.fragrantica.com/perfume/English-Blazer/London-109782.html54001,English Blazer,Sailor,2014,https://www.fragrantica.com/perfume/English-Blazer/Sailor-109785.html
54002,English Blazer,Timeless,2012,https://www.fragrantica.com/perfume/English-Blazer/Timeless-109783.html
54003,English Laundry,Abbey,2021,https://www.fragrantica.com/perfume/English-Laundry/Abbey-82695.html
54004,English Laundry,Armour,2021,https://www.fragrantica.com/perfume/English-Laundry/Armour-74541.html
54005,English Laundry,Arrogant,2010,https://www.fragrantica.com/perfume/English-Laundry/Arrogant-16105.html
54006,English Laundry,Cambridge Knight (After Shave),2015,https://www.fragrantica.com/perfume/English-Laundry/Cambridge-Knight-49229.html
54007,English Laundry,Cambridge Knight English Laundry 2015 Eau de Parfum,2015,https://www.parfumo.com/Perfumes/English_Laundry/Cambridge_Knight
54008,English Laundry,Cambridge Knight English Laundry Body Spray,,https://www.parfumo.com/Perfumes/English_Laundry/cambridge-knight-body-spray
54009,English Laundry,Cocoa Vanilla Drop,,https://www.parfumo.com/Perfumes/English_Laundry/cocoa-vanilla-drop
54010,English Laundry,Crown,2019,https://www.fragrantica.com/perfume/English-Laundry/Crown-72683.html
54011,English Laundry,Crystal Petals,,https://www.parfumo.com/Perfumes/English_Laundry/crystal-petals
54012,English Laundry,English Cherry Blossom,,https://www.parfumo.com/Perfumes/English_Laundry/english-cherry-blossom
54013,English Laundry,English Laundry Notting Hill,2013,https://www.fragrantica.com/perfume/English-Laundry/English-Laundry-Notting-Hill-22031.html
54014,English Laundry,English Laundry Notting Hill Femme (Eau de Parfum),2015,https://www.fragrantica.com/perfume/English-Laundry/English-Laundry-Notting-Hill-Femme-44644.html
54015,English Laundry,English Laundry Signature for her,2013,https://www.fragrantica.com/perfume/English-Laundry/English-Laundry-Signature-for-her-18606.html
54016,English Laundry,English Laundry Signature for him,2010,https://www.fragrantica.com/perfume/English-Laundry/English-Laundry-Signature-for-him-18609.html
54017,English Laundry,English Rose,2010,https://www.fragrantica.com/perfume/English-Laundry/English-Rose-16104.html
54018,English Laundry,Glowing Romance,,https://www.parfumo.com/Perfumes/English_Laundry/glowing-romance
54019,English Laundry,London,2018,https://www.fragrantica.com/perfume/English-Laundry/London-53368.html
54020,English Laundry,No 7,2010,https://www.fragrantica.com/perfume/English-Laundry/No-7-18605.html
54021,English Laundry,No. 7 for Her English Laundry 2012 Body Mist,2012,https://www.parfumo.com/Perfumes/English_Laundry/no-7-for-her-body-mist
54022,English Laundry,No. 7 for Her English Laundry 2012 Eau de Parfum,2012,https://www.parfumo.com/Perfumes/English_Laundry/no-7-for-her-eau-de-parfum
54023,English Laundry,Noir Castle,2021,https://www.fragrantica.com/perfume/English-Laundry/Noir-Castle-74542.html
54024,English Laundry,Notting Hill Femme English Laundry 2015 Body Mist,2015,https://www.parfumo.com/Perfumes/English_Laundry/notting-hill-femme-body-mist
54025,English Laundry,Oxford Bleu,2014,https://www.fragrantica.com/perfume/English-Laundry/Oxford-Bleu-25044.html
54026,English Laundry,Oxford Bleu Femme,2019,https://www.fragrantica.com/perfume/English-Laundry/Oxford-Bleu-Femme-69693.html
54027,English Laundry,Pink Brilliance,2021,https://www.fragrantica.com/perfume/English-Laundry/Pink-Brilliance-99529.html
54028,English Laundry,Primrose,2022,https://www.fragrantica.com/perfume/English-Laundry/Primrose-83310.html
54029,English Laundry,Proper Poppy,,https://huggingface.co/datasets/doevent/perfume
54030,English Laundry,Propper Poppy,2020,https://www.fragrantica.com/perfume/English-Laundry/Propper-Poppy-101275.html
54031,English Laundry,Riviera,2010,https://www.fragrantica.com/perfume/English-Laundry/Riviera-18608.html
54032,English Laundry,Royal Aqua,2011,https://www.fragrantica.com/perfume/English-Laundry/Royal-Aqua-74543.html
54033,English Laundry,Royal Charter,2026,https://www.fragrantica.com/perfume/English-Laundry/Royal-Charter-142243.html
54034,English Laundry,Royal Forest,,https://www.fragrantica.com/perfume/English-Laundry/Royal-Forest-103350.html
54035,English Laundry,Tahitian Waters,2013,https://www.fragrantica.com/perfume/English-Laundry/Tahitian-Waters-18610.html
54036,English Laundry,Throne,2020,https://www.fragrantica.com/perfume/English-Laundry/Throne-74544.html
54037,English Laundry,Windsor Pour Homme,2016,https://www.fragrantica.com/perfume/English-Laundry/Windsor-Pour-Homme-52539.html
54038,English Leather,English Leather,1949,https://www.fragrantica.com/perfume/English-Leather/English-Leather-5401.html
54039,English Leather,English Leather Black,2007,https://www.fragrantica.com/perfume/English-Leather/English-Leather-Black-1105.html
54040,English Leather,Musk,1972,https://www.fragrantica.com/perfume/English-Leather/Musk-62260.html
54041,Enima Rocca,Blue Jet,2025,https://www.fragrantica.com/perfume/Enima-Rocca/Blue-Jet-103697.html
54042,Enima Rocca,Huracán,2025,https://www.fragrantica.com/perfume/Enima-Rocca/Huracan-103696.html
54043,Enrico Buccella,Black Ambra,,https://www.fragrantica.com/perfume/Enrico-Buccella/Black-Ambra-89152.html
54044,Enrico Buccella,Black Dog,,https://www.fragrantica.com/perfume/Enrico-Buccella/Black-Dog-89154.html
54045,Enrico Buccella,Blue Java,2022,https://www.fragrantica.com/perfume/Enrico-Buccella/Blue-Java-142782.html
54046,Enrico Buccella,Caipirinha,2020,https://www.fragrantica.com/perfume/Enrico-Buccella/Caipirinha-92356.html
54047,Enrico Buccella,Cream,,https://www.fragrantica.com/perfume/Enrico-Buccella/Cream-89159.html
54048,Enrico Buccella,Fico e Vaniglia,2026,https://www.fragrantica.com/perfume/Enrico-Buccella/Fico-e-Vaniglia-142780.html
54049,Enrico Buccella,Ipazia,,https://www.fragrantica.com/perfume/Enrico-Buccella/Ipazia-89156.html
54050,Enrico Buccella,Jolie,,https://www.fragrantica.com/perfume/Enrico-Buccella/Jolie-89158.html
54051,Enrico Buccella,Kyprus,,https://www.fragrantica.com/perfume/Enrico-Buccella/Kyprus-89153.html
54052,Enrico Buccella,Macaron,2024,https://www.fragrantica.com/perfume/Enrico-Buccella/Macaron-142781.html
54053,Enrico Buccella,Médiéval,,https://www.fragrantica.com/perfume/Enrico-Buccella/Medieval-89155.html
54054,Enrico Buccella,Miserere,2025,https://www.fragrantica.com/perfume/Enrico-Buccella/Miserere-142784.html
54055,Enrico Buccella,Peau d'Ange,,https://www.fragrantica.com/perfume/Enrico-Buccella/Peau-d-Ange-89157.html
54056,Enrico Buccella,Shikoku,2024,https://www.fragrantica.com/perfume/Enrico-Buccella/Shikoku-110959.html
54057,Enrico Buccella,US Since 1986,2026,https://www.fragrantica.com/perfume/Enrico-Buccella/US-Since-1986-142783.html
54058,Enrico Coveri,Black Contemporary,2020,https://www.fragrantica.com/perfume/Enrico-Coveri/Black-Contemporary-117534.html
54059,Enrico Coveri,Blue Contemporary (Eau de Toilette),2021,https://www.fragrantica.com/perfume/Enrico-Coveri/Blue-Contemporary-82007.html
54060,Enrico Coveri,Contemporary Girl,2022,https://www.fragrantica.com/perfume/Enrico-Coveri/Contemporary-Girl-82006.html
54061,Enrico Coveri,Contemporary Girl Pistachio Crush,2026,https://www.fragrantica.com/perfume/Enrico-Coveri/Contemporary-Girl-Pistachio-Crush-127451.html
54062,Enrico Coveri,Contemporary Girl Rose Glow,2024,https://www.fragrantica.com/perfume/Enrico-Coveri/Contemporary-Girl-Rose-Glow-100929.html
54063,Enrico Coveri,Contemporary Girl Vanilla Lover,2024,https://www.fragrantica.com/perfume/Enrico-Coveri/Contemporary-Girl-Vanilla-Lover-100928.html
54064,Enrico Coveri,Coveri pour Elle,2016,https://www.fragrantica.com/perfume/Enrico-Coveri/Coveri-pour-Elle-38394.html
54065,Enrico Coveri,Coveri pour Homme,1971,https://www.parfumo.com/Perfumes/Enrico_Coveri/coveri-pour-homme
54066,Enrico Coveri,Enrico Coveri L'Eau pour Homme,,https://www.parfumo.com/Perfumes/Enrico_Coveri/Enrico_Coveri_L_Eau_pour_Homme
54067,Enrico Coveri,Enrico Coveri MI06 Man,2006,https://www.fragrantica.com/perfume/Enrico-Coveri/Enrico-Coveri-MI06-Man-2117.html
54068,Enrico Coveri,Enrico Coveri MI06 Woman,2006,https://www.fragrantica.com/perfume/Enrico-Coveri/Enrico-Coveri-MI06-Woman-2116.html
54069,Enrico Coveri,Enrico Coveri Paillettes 3,2010,https://www.fragrantica.com/perfume/Enrico-Coveri/Enrico-Coveri-Paillettes-3-2118.html
54070,Enrico Coveri,Enrico Coveri Paillettes Classico,2003,https://www.fragrantica.com/perfume/Enrico-Coveri/Enrico-Coveri-Paillettes-Classico-2119.html
54071,Enrico Coveri,Enrico Coveri Paillettes Nuit,2014,https://www.fragrantica.com/perfume/Enrico-Coveri/Enrico-Coveri-Paillettes-Nuit-43066.html
54072,Enrico Coveri,Enrico Coveri pour Femme Enrico Coveri Parfum de Toilette,,https://www.parfumo.com/Perfumes/Enrico_Coveri/Enrico_Coveri_pour_Femme_Parfum_de_Toilette
54073,Enrico Coveri,Enrico Coveri Pour Femme (Parfum),1987,https://www.fragrantica.com/perfume/Enrico-Coveri/Enrico-Coveri-Pour-Femme-2120.html
54074,Enrico Coveri,Enrico Coveri Pour Homme (Eau de Toilette),1984,https://www.fragrantica.com/perfume/Enrico-Coveri/Enrico-Coveri-Pour-Homme-2121.html
54075,Enrico Coveri,Enrico Coveri pour Homme Enrico Coveri 2008 Après Rasage,2008,https://www.parfumo.com/Perfumes/Enrico_Coveri/Enrico_Coveri_pour_Homme_Apres_Rasage
54076,Enrico Coveri,Firenze (Eau de Toilette),1993,https://www.fragrantica.com/perfume/Enrico-Coveri/Firenze-9106.html
54077,Enrico Coveri,Firenze Enrico Coveri 1981 Parfum de Toilette,1981,https://www.parfumo.com/Perfumes/Enrico_Coveri/Firenze_Parfum_de_Toilette
54078,Enrico Coveri,Firenze Primo Amore,2015,https://www.fragrantica.com/perfume/Enrico-Coveri/Firenze-Primo-Amore-29877.html
54079,Enrico Coveri,Green Contemporary,2022,https://www.fragrantica.com/perfume/Enrico-Coveri/Green-Contemporary-82008.html
54080,Enrico Coveri,Kinky You Young Coveri Femme,,https://www.fragrantica.com/perfume/Enrico-Coveri/Kinky-You-Young-Coveri-Femme-2122.html
54081,Enrico Coveri,Kinky You Young Coveri Homme,,https://www.fragrantica.com/perfume/Enrico-Coveri/Kinky-You-Young-Coveri-Homme-2123.html
54082,Enrico Coveri,La Rose,2017,https://www.fragrantica.com/perfume/Enrico-Coveri/La-Rose-44643.html
54083,Enrico Coveri,Le Nouvel Homme (After Shave),2018,https://www.fragrantica.com/perfume/Enrico-Coveri/Le-Nouvel-Homme-52221.html
54084,Enrico Coveri,Paillettes,1983,https://www.fragrantica.com/perfume/Enrico-Coveri/Paillettes-52219.html
54085,Enrico Coveri,Paillettes Pearl,2018,https://www.fragrantica.com/perfume/Enrico-Coveri/Paillettes-Pearl-52220.html
54086,Enrico Coveri,Pop Heart For Her,2011,https://www.fragrantica.com/perfume/Enrico-Coveri/Pop-Heart-For-Her-13429.html
54087,Enrico Coveri,Pop Heart For Him,2011,https://www.fragrantica.com/perfume/Enrico-Coveri/Pop-Heart-For-Him-13430.html
54088,Enrico Coveri,Unicə Me,2025,https://www.fragrantica.com/perfume/Enrico-Coveri/Unice-Me-108565.html
54089,Enrico Coveri,Unicə Myself,2025,https://www.fragrantica.com/perfume/Enrico-Coveri/Unice-Myself-108567.html
54090,Enrico Gi,8th Sugary Flowers,2011,https://www.fragrantica.com/perfume/Enrico-Gi/8th-Sugary-Flowers-128622.html
54091,Enrico Gi,9th Herbaceous,2011,https://www.fragrantica.com/perfume/Enrico-Gi/9th-Herbaceous-128624.html
54092,Enrico Gi,Blackcurrant,2014,https://www.fragrantica.com/perfume/Enrico-Gi/Blackcurrant-128612.html
54093,Enrico Gi,Bleu Delvge,,https://www.fragrantica.com/perfume/Enrico-Gi/Bleu-Delvge-128627.html
54094,Enrico Gi,Bunib,2001,https://www.fragrantica.com/perfume/Enrico-Gi/Bunib-128626.html
54095,Enrico Gi,Gi Crystal Water Man,,https://www.fragrantica.com/perfume/Enrico-Gi/Gi-Crystal-Water-Man-128628.html
54096,Enrico Gi,Green Rain,2014,https://www.fragrantica.com/perfume/Enrico-Gi/Green-Rain-128614.html
54097,Enrico Gi,ID Identity Man,2010,https://www.fragrantica.com/perfume/Enrico-Gi/ID-Identity-Man-128623.html
54098,Enrico Gi,Original Sin,2014,https://www.fragrantica.com/perfume/Enrico-Gi/Original-Sin-128620.html
54099,Enrico Gi,Oud Intense,2012,https://www.fragrantica.com/perfume/Enrico-Gi/Oud-Intense-128615.html
54100,Enrico Gi,Oud Magnifico,2012,https://www.fragrantica.com/perfume/Enrico-Gi/Oud-Magnifico-128617.html
54101,Enrico Gi,Oud Nobile,2012,https://www.fragrantica.com/perfume/Enrico-Gi/Oud-Nobile-128618.html
54102,Enrico Gi,Oud Prive,2012,https://www.fragrantica.com/perfume/Enrico-Gi/Oud-Prive-128619.html
54103,Enrico Gi,Pacific Coconut & Tiare,2014,https://www.fragrantica.com/perfume/Enrico-Gi/Pacific-Coconut-Tiare-128621.html
54104,Enrico Gi,Pears & Chocolate Delight,2014,https://www.fragrantica.com/perfume/Enrico-Gi/Pears-Chocolate-Delight-128613.html
54105,Enrique Iglesias,Adrenaline,2014,https://www.fragrantica.com/perfume/Enrique-Iglesias/Adrenaline-25965.html
54106,Enrique Iglesias,Adrenaline Night,2015,https://www.fragrantica.com/perfume/Enrique-Iglesias/Adrenaline-Night-29915.html
54107,Enrique Iglesias,Deeply Yours for Her,2015,https://www.fragrantica.com/perfume/Enrique-Iglesias/Deeply-Yours-for-Her-31628.html
54108,Enrique Iglesias,Deeply Yours for Him,2015,https://www.fragrantica.com/perfume/Enrique-Iglesias/Deeply-Yours-for-Him-31627.html
54109,Ensar Oud,Abu Madyan,,https://www.fragrantica.com/perfume/Ensar-Oud/Abu-Madyan-71119.html
54110,Ensar Oud,Abu Yog,2023,https://www.parfumo.com/Perfumes/ensar-oud/abu-yog
54111,Ensar Oud,Agar After Rain,2026,https://www.fragrantica.com/perfume/Ensar-Oud/Agar-After-Rain-133427.html
54112,Ensar Oud,Aku Akira,,https://www.parfumo.com/Perfumes/ensar-oud/Aku_Akira
54113,Ensar Oud,Albanian Van Gogh,2022,https://www.fragrantica.com/perfume/Ensar-Oud/Albanian-Van-Gogh-82298.html
54114,Ensar Oud,Aleesa's Garden,,https://www.parfumo.com/Perfumes/ensar-oud/aleesa-s-garden
54115,Ensar Oud,Almahera,2023,https://www.parfumo.com/Perfumes/ensar-oud/almahera
54116,Ensar Oud,Ambre et Bois,,https://www.fragrantica.com/perfume/Ensar-Oud/Ambre-et-Bois-50858.html
54117,Ensar Oud,American Oud,,https://www.fragrantica.com/perfume/Ensar-Oud/American-Oud-72020.html
54118,Ensar Oud,Angkor,,https://www.parfumo.com/Perfumes/ensar-oud/angkor
54119,Ensar Oud,Animal Farm,2024,https://www.parfumo.com/Perfumes/ensar-oud/animal-farm
54120,Ensar Oud,Aoi Fushigi,2024,https://www.fragrantica.com/perfume/Ensar-Oud/Aoi-Fushigi-134812.html
54121,Ensar Oud,Archipelago,,https://www.parfumo.com/Perfumes/ensar-oud/Archipelago
54122,Ensar Oud,Aroha d'Yusuf,,https://www.parfumo.com/Perfumes/ensar-oud/aroha-d-yusuf
54123,Ensar Oud,Aroha Ghalia,2023,https://www.parfumo.com/Perfumes/ensar-oud/aroha-ghalia
54124,Ensar Oud,Aroha Kush,,https://www.parfumo.com/Perfumes/ensar-oud/Aroha_Kush
54125,Ensar Oud,Aroha Kyaku,2024,https://www.fragrantica.com/perfume/Ensar-Oud/Aroha-Kyaku-134813.html
54126,Ensar Oud,Aroha Kyaku Ensar Oud / Oriscent 2024 Pure Parfum,2024,https://www.parfumo.com/Perfumes/ensar-oud/aroha-kyaku-pure-parfum
54127,Ensar Oud,Aroha Kyaku Ensar Oud / Oriscent Oud Oil,,https://www.parfumo.com/Perfumes/ensar-oud/aroha-kyaku-oud-oil
54128,Ensar Oud,Assam 3000,,https://www.parfumo.com/Perfumes/ensar-oud/Assam_3000
54129,Ensar Oud,Assam Black,,https://www.parfumo.com/Perfumes/ensar-oud/Assam_Black
54130,Ensar Oud,Assam Kinam,,https://www.parfumo.com/Perfumes/ensar-oud/Assam_Kinam
54131,Ensar Oud,Assam Organic,,https://www.parfumo.com/Perfumes/ensar-oud/Assam_Organic
54132,Ensar Oud,Assam Wilde,,https://www.parfumo.com/Perfumes/ensar-oud/Assam_Wilde
54133,Ensar Oud,Assamugo Senkoh,,https://www.parfumo.com/Perfumes/ensar-oud/assamugo-senkoh
54134,Ensar Oud,Bashira,,https://www.parfumo.com/Perfumes/ensar-oud/bashira
54135,Ensar Oud,Basic Kinam,,https://www.parfumo.com/Perfumes/ensar-oud/basic-kinam
54136,Ensar Oud,Beauty and the Beast: Men Tien,2025,https://www.fragrantica.com/perfume/Ensar-Oud/Beauty-and-the-Beast-Men-Tien-134804.html
54137,Ensar Oud,Bhuta Patala,,https://www.parfumo.com/Perfumes/ensar-oud/bhuta-patala
54138,Ensar Oud,Bhutan Blue,,https://www.parfumo.com/Perfumes/ensar-oud/bhutan-blue
54139,Ensar Oud,Bhutan Red,2022,https://www.parfumo.com/Perfumes/ensar-oud/bhutan-red
54140,Ensar Oud,Bhutanagu,,https://www.parfumo.com/Perfumes/ensar-oud/bhutanagu
54141,Ensar Oud,Bishara Ensar Oud / Oriscent 2023 Attar,2023,https://www.parfumo.com/Perfumes/ensar-oud/bishara-attar
54142,Ensar Oud,Bishara Ensar Oud / Oriscent 2024 Pure Parfum (Extrait de Parfum),2024,https://www.parfumo.com/Perfumes/ensar-oud/bishara-pure-parfum
54143,Ensar Oud,Bishara: Mantarang,2026,https://www.fragrantica.com/perfume/Ensar-Oud/Bishara-Mantarang-133406.html
54144,Ensar Oud,Bishara Precioux Silani Extreme,2025,https://www.fragrantica.com/perfume/Ensar-Oud/Bishara-Precioux-Silani-Extreme-134791.html
54145,Ensar Oud,Black Changho Attar (Perfume Oil),,https://www.parfumo.com/Perfumes/ensar-oud/black-changho
54146,Ensar Oud,Black Changho Ensar Oud / Oriscent Eau de Parfum,,https://www.parfumo.com/Perfumes/ensar-oud/black-changho-eau-de-parfum
54147,Ensar Oud,Black Changho Ensar Oud / Oriscent Pure Parfum,,https://www.parfumo.com/Perfumes/ensar-oud/black-changho-pure-parfum
54148,Ensar Oud,Black Gris: Obsidian Parfum,2026,https://www.fragrantica.com/perfume/Ensar-Oud/Black-Gris-Obsidian-Parfum-133413.html
54149,Ensar Oud,Black Kinam,2023,https://www.parfumo.com/Perfumes/ensar-oud/black-kinam
54150,Ensar Oud,Black Kinam 2026,2026,https://www.fragrantica.com/perfume/Ensar-Oud/Black-Kinam-2026-133420.html
54151,Ensar Oud,Black Kinam: White Kinam,,https://www.parfumo.com/Perfumes/ensar-oud/black-kinam-white-kinam
54152,Ensar Oud,Black Meridian,2025,https://www.fragrantica.com/perfume/Ensar-Oud/Black-Meridian-133467.html
54153,Ensar Oud,Black Rose,,https://www.parfumo.com/Perfumes/ensar-oud/black-rose
54154,Ensar Oud,Black Sumbawa,2020,https://www.parfumo.com/Perfumes/ensar-oud/black-sumbawa
54155,Ensar Oud,Bliss du Boche Oud,,https://www.fragrantica.com/perfume/Ensar-Oud/Bliss-du-Boche-Oud-72021.html
54156,Ensar Oud,Blue Brunei,,https://www.parfumo.com/Perfumes/ensar-oud/Blue_Brunei
54157,Ensar Oud,Blue Kalbar,2019,https://www.fragrantica.com/perfume/Ensar-Oud/Blue-Kalbar-53758.html
54158,Ensar Oud,Blue Kalbar Attar (Perfume Oil),,https://www.parfumo.com/Perfumes/ensar-oud/Blue_Kalbar
54159,Ensar Oud,Blue Kalbar Eau de Parfum,2025,https://www.fragrantica.com/perfume/Ensar-Oud/Blue-Kalbar-Eau-de-Parfum-134443.html
54160,Ensar Oud,Blue Kalbar Ensar Oud / Oriscent Eau de Parfum,,https://www.parfumo.com/Perfumes/ensar-oud/blue-kalbar-eau-de-parfum
54161,Ensar Oud,Blue Kalbar Ensar Oud / Oriscent Pure Parfum,,https://www.parfumo.com/Perfumes/ensar-oud/blue-kalbar-pure-parfum
54162,Ensar Oud,Blue Musk 2025,2025,https://www.fragrantica.com/perfume/Ensar-Oud/Blue-Musk-2025-133460.html
54163,Ensar Oud,Blue Oud: Brunei,2025,https://www.fragrantica.com/perfume/Ensar-Oud/Blue-Oud-Brunei-133491.html
54164,Ensar Oud,Blue Papua,,https://www.parfumo.com/Perfumes/ensar-oud/blue-papua
54165,Ensar Oud,Blue Yunnan,,https://www.parfumo.com/Perfumes/ensar-oud/blue-yunnan
54166,Ensar Oud,Bois de Borneo,,https://www.parfumo.com/Perfumes/ensar-oud/bois-de-borneo
54167,Ensar Oud,Borneo 2000,2000,https://www.parfumo.com/Perfumes/ensar-oud/borneo-2000
54168,Ensar Oud,Borneo 3000,,https://www.parfumo.com/Perfumes/ensar-oud/Borneo_3000
54169,Ensar Oud,Borneo 4000,,https://www.parfumo.com/Perfumes/ensar-oud/Borneo_4000
54170,Ensar Oud,Borneo 5000,,https://www.parfumo.com/Perfumes/ensar-oud/borneo-5000
54171,Ensar Oud,Borneo 50K,,https://www.parfumo.com/Perfumes/ensar-oud/Borneo_50K
54172,Ensar Oud,Borneo Bliss Abyss,2024,https://www.parfumo.com/Perfumes/ensar-oud/borneo-bliss-abyss
54173,Ensar Oud,Borneo Diesel,,https://www.parfumo.com/Perfumes/ensar-oud/borneo-diesel
54174,Ensar Oud,Borneo Kinam,,https://www.parfumo.com/Perfumes/ensar-oud/Borneo_Kinam
54175,Ensar Oud,Borneo Reborn,,https://www.parfumo.com/Perfumes/ensar-oud/borneo-reborn
54176,Ensar Oud,Borneo Thaqeel,,https://www.parfumo.com/Perfumes/ensar-oud/borneo-thaqeel
54177,Ensar Oud,Borneo Zen,,https://www.fragrantica.com/perfume/Ensar-Oud/Borneo-Zen-50859.html
54178,Ensar Oud,Borneo Zen Attar (Perfume Oil),,https://www.parfumo.com/Perfumes/ensar-oud/borneo-zen-attar
54179,Ensar Oud,Borneo Zen Ensar Oud / Oriscent Pure Parfum,,https://www.parfumo.com/Perfumes/ensar-oud/borneo-zen-parfum
54180,Ensar Oud,Borneo Zen: Tibet Ensar Oud / Oriscent Eau de Parfum,,https://www.parfumo.com/Perfumes/ensar-oud/borneo-zen-tibet-eau-de-parfum
54181,Ensar Oud,Borneo Zen: Tibet Ensar Oud / Oriscent Pure Parfum,,https://www.parfumo.com/Perfumes/ensar-oud/borneo-zen-tibet-pure-parfum
54182,Ensar Oud,Borneo Zen: Trifecta,2025,https://www.fragrantica.com/perfume/Ensar-Oud/Borneo-Zen-Trifecta-133447.html
54183,Ensar Oud,Borneo Zen TW,,https://www.parfumo.com/Perfumes/ensar-oud/borneo-zen-tw
54184,Ensar Oud,Brunei Kynam,2025,https://www.fragrantica.com/perfume/Ensar-Oud/Brunei-Kynam-134354.html
54185,Ensar Oud,Brunei Kynam 2.0,,https://www.parfumo.com/Perfumes/ensar-oud/brunei-kynam-2-0
54186,Ensar Oud,Brunei Kynam Oil,2024,https://www.fragrantica.com/perfume/Ensar-Oud/Brunei-Kynam-Oil-134809.html
54187,Ensar Oud,Burmi '79,,https://www.parfumo.com/Perfumes/ensar-oud/burmi-79
54188,Ensar Oud,Camasa,,https://www.parfumo.com/Perfumes/ensar-oud/camasa
54189,Ensar Oud,Cambodi Black,,https://www.parfumo.com/Perfumes/ensar-oud/Cambodi_Black
54190,Ensar Oud,Cambodi Cacao,,https://www.parfumo.com/Perfumes/ensar-oud/Cambodi_Cacao
54191,Ensar Oud,Cambodi Caramel,2025,https://www.fragrantica.com/perfume/Ensar-Oud/Cambodi-Caramel-133775.html
54192,Ensar Oud,Cambodi Cologne (Eau de Cologne),,https://www.parfumo.com/Perfumes/ensar-oud/cambodi-cologne
54193,Ensar Oud,Cambodi Kinam,,https://www.parfumo.com/Perfumes/ensar-oud/cambodi-kinam
54194,Ensar Oud,Candan Sultan,,https://www.parfumo.com/Perfumes/ensar-oud/candan-sultan
54195,Ensar Oud,Ceylan Solide,,https://www.parfumo.com/Perfumes/ensar-oud/ceylan-solide
54196,Ensar Oud,Chen Xiang Khmer,,https://www.parfumo.com/Perfumes/ensar-oud/chen-xiang-khmer
54197,Ensar Oud,Chenla,,https://www.parfumo.com/Perfumes/ensar-oud/chenla
54198,Ensar Oud,China Sayang,,https://www.parfumo.com/Perfumes/ensar-oud/china-sayang
54199,Ensar Oud,Chinese Exclusive,,https://www.parfumo.com/Perfumes/ensar-oud/chinese-exclusive
54200,Ensar Oud,Chinese Exclusive Hyang Kang Edition,,https://www.parfumo.com/Perfumes/ensar-oud/chinese-exclusive-hyang-kang-edition
54201,Ensar Oud,Chlorophyll Shock,2026,https://www.fragrantica.com/perfume/Ensar-Oud/Chlorophyll-Shock-133402.html
54202,Ensar Oud,Chugoku Jinko,,https://www.parfumo.com/Perfumes/ensar-oud/chugoku-jinko
54203,Ensar Oud,Chugoku Musko Ensar Oud / Oriscent 2020 Attar (Perfume Oil),2020,https://www.parfumo.com/Perfumes/ensar-oud/chugoku-musko-attar
54204,Ensar Oud,Chugoku Musko Ensar Oud / Oriscent 2023 Eau de Parfum,2023,https://www.parfumo.com/Perfumes/ensar-oud/chugoku-musko-eau-de-parfum
54205,Ensar Oud,Chugoku Naya,,https://www.parfumo.com/Perfumes/ensar-oud/chugoku-naya
54206,Ensar Oud,Chypre Narcotique Attar (Perfume Oil),2020,https://www.parfumo.com/Perfumes/ensar-oud/chypre-narcotique
54207,Ensar Oud,Chypre Narcotique Ensar Oud / Oriscent Eau de Parfum,,https://www.parfumo.com/Perfumes/ensar-oud/chypre-narcotique-eau-de-parfum
54208,Ensar Oud,Chypre Narcotique Ensar Oud / Oriscent Pure Parfum,,https://www.parfumo.com/Perfumes/ensar-oud/chypre-narcotique-pure-parfum
54209,Ensar Oud,Chypre Sultan,2021,https://www.parfumo.com/Perfumes/ensar-oud/chypre-sultan
54210,Ensar Oud,Chypre Sultan: Qidori Parfum,2025,https://www.fragrantica.com/perfume/Ensar-Oud/Chypre-Sultan-Qidori-Parfum-133451.html
54211,Ensar Oud,Civet Musk,,https://www.parfumo.com/Perfumes/ensar-oud/civet-musk
54212,Ensar Oud,Civet Oud,,https://www.parfumo.com/Perfumes/ensar-oud/civet-oud
54213,Ensar Oud,Corazon de Ariza,,https://www.parfumo.com/Perfumes/ensar-oud/corazon-de-ariza
54214,Ensar Oud,Crime & Punishment (Eau de Parfum),2020,https://www.fragrantica.com/perfume/Ensar-Oud/Crime-Punishment-63241.html
54215,Ensar Oud,Crime & Punishment Ensar Oud / Oriscent 2020 Eau de Parfum,2020,https://www.parfumo.com/Perfumes/ensar-oud/crime-punishment-eau-de-parfum
54216,Ensar Oud,Crime & Punishment Ensar Oud / Oriscent 2020 Pure Parfum,2020,https://www.parfumo.com/Perfumes/ensar-oud/crime-punishment-parfum
54217,Ensar Oud,Crime & Punishment: Kerosene,2026,https://www.fragrantica.com/perfume/Ensar-Oud/Crime-Punishment-Kerosene-133409.html
54218,Ensar Oud,Crime & Punishment: VD Rose,,https://www.parfumo.com/Perfumes/ensar-oud/crime-punishment-vd-rose
54219,Ensar Oud,Czar Ceylon,,https://www.parfumo.com/Perfumes/ensar-oud/czar-ceylon
54220,Ensar Oud,Czar Sultan,,https://www.parfumo.com/Perfumes/ensar-oud/Czar_Sultan
54221,Ensar Oud,Dokusan,,https://www.parfumo.com/Perfumes/ensar-oud/dokusan
54222,Ensar Oud,Don Morisco Fragheads Anonymous,2025,https://www.fragrantica.com/perfume/Ensar-Oud/Don-Morisco-Fragheads-Anonymous-133778.html
54223,Ensar Oud,Don Morisco Ouddicts Anonymous,2025,https://www.fragrantica.com/perfume/Ensar-Oud/Don-Morisco-Ouddicts-Anonymous-134794.html
54224,Ensar Oud,Don Morisco The Oud Man and the Sea,2025,https://www.fragrantica.com/perfume/Ensar-Oud/Don-Morisco-The-Oud-Man-and-the-Sea-134795.html
54225,Ensar Oud,Dreaming of Butterflies,,https://www.parfumo.com/Perfumes/ensar-oud/dreaming-of-butterflies
54226,Ensar Oud,Drunken Peach,2025,https://www.fragrantica.com/perfume/Ensar-Oud/Drunken-Peach-134801.html
54227,Ensar Oud,Duplicating the Moon,,https://www.parfumo.com/Perfumes/ensar-oud/duplicating-the-moon
54228,Ensar Oud,Echo's Bones: Jakugo,2025,https://www.fragrantica.com/perfume/Ensar-Oud/Echo-s-Bones-Jakugo-133468.html
54229,Ensar Oud,Egyptian Musk Attar (Perfume Oil),2023,https://www.parfumo.com/Perfumes/ensar-oud/egyptian-musk-attar
54230,Ensar Oud,Egyptian Musk Ensar Oud / Oriscent Parfum,,https://www.parfumo.com/Perfumes/ensar-oud/egyptian-musk-parfum
54231,Ensar Oud,Egyptian Musk: Hailam Xtreme,,https://www.parfumo.com/Perfumes/ensar-oud/egyptian-musk-hailam-xtreme
54232,Ensar Oud,Egyptian Musk: Kalakasi,,https://www.parfumo.com/Perfumes/ensar-oud/egyptian-musk-kalakasi
54233,Ensar Oud,Egyptian Musk: Moka M,2024,https://www.parfumo.com/Perfumes/ensar-oud/egyptian-musk-moka-m
54234,Ensar Oud,Elixir of Life Pailin,2025,https://www.fragrantica.com/perfume/Ensar-Oud/Elixir-of-Life-Pailin-133453.html
54235,Ensar Oud,Encens d'Angkor,,https://www.parfumo.com/Perfumes/ensar-oud/encens-d-angkor
54236,Ensar Oud,Encens Royale 1985,1985,https://www.parfumo.com/Perfumes/ensar-oud/encens-royale-1985
54237,Ensar Oud,Enchanted Jasmine: Chenla,,https://www.parfumo.com/Perfumes/ensar-oud/enchanted-jasmine-chenla
54238,Ensar Oud,Enchanted Jasmine Ensar Oud / Oriscent Attar,,https://www.parfumo.com/Perfumes/ensar-oud/enchanted-jasmine-attar
54239,Ensar Oud,Enchanted Jasmine Ensar Oud / Oriscent Pure Parfum,,https://www.parfumo.com/Perfumes/ensar-oud/enchanted-jasmine-pure-parfum
54240,Ensar Oud,Enchanted Jasmine: Taifi Mélange,,https://www.parfumo.com/Perfumes/ensar-oud/enchanted-jasmine-taifi-melange
54241,Ensar Oud,Enchanted Jasmine: Ya Chuan,,https://www.parfumo.com/Perfumes/ensar-oud/enchanted-jasmine-ya-chuan
54242,Ensar Oud,Enchanted Rose,,https://www.parfumo.com/Perfumes/ensar-oud/enchanted-rose
54243,Ensar Oud,Enchanted Rose: Burma '79,,https://www.parfumo.com/Perfumes/ensar-oud/enchanted-rose-burma-79
54244,Ensar Oud,Enchanted Rose: Guallamese,2025,https://www.fragrantica.com/perfume/Ensar-Oud/Enchanted-Rose-Guallamese-134790.html
54245,Ensar Oud,Enchanted Rose: Hoi An,2024,https://www.parfumo.com/Perfumes/ensar-oud/enchanted-rose-hoi-an
54246,Ensar Oud,Enchanted Rose: Myitkyina,,https://www.parfumo.com/Perfumes/ensar-oud/enchanted-rose-myitkyina
54247,Ensar Oud,Ensar Oud / Oriscent,2022,https://www.parfumo.com/Perfumes/ensar-oud/1984
54248,Ensar Oud,Enso,2024,https://www.parfumo.com/Perfumes/ensar-oud/enso
54249,Ensar Oud,EO 1: Crystal Kinam,2026,https://www.fragrantica.com/perfume/Ensar-Oud/EO-1-Crystal-Kinam-133410.html
54250,Ensar Oud,EO 1: Sultani,,https://www.parfumo.com/Perfumes/ensar-oud/eo-1-sultani
54251,Ensar Oud,EO 4: Purple K,,https://www.parfumo.com/Perfumes/ensar-oud/eo-4-purple-k
54252,Ensar Oud,EO Amber,,https://www.parfumo.com/Perfumes/ensar-oud/eo-amber
54253,Ensar Oud,EO Black,,https://www.fragrantica.com/perfume/Ensar-Oud/EO-Black-71479.html
54254,Ensar Oud,EO Black Attar (Perfume Oil),,https://www.parfumo.com/Perfumes/ensar-oud/eo-black-attar
54255,Ensar Oud,EO Cola,,https://www.parfumo.com/Perfumes/ensar-oud/eo-cola
54256,Ensar Oud,EO Green,,https://www.fragrantica.com/perfume/Ensar-Oud/EO-Green-71477.html
54257,Ensar Oud,EO N°1: أسام,2025,https://www.fragrantica.com/perfume/Ensar-Oud/EO-N01-a-sam-134355.html
54258,Ensar Oud,EO N°1: Assam Ensar Oud / Oriscent Eau de Parfum,,https://www.parfumo.com/Perfumes/ensar-oud/eo-n-1-assam-eau-de-parfum
54259,Ensar Oud,EO N°1: Assam Ensar Oud / Oriscent Pure Parfum,,https://www.parfumo.com/Perfumes/ensar-oud/eo-n-1-assam
54260,Ensar Oud,EO N°1 Ensar Oud / Oriscent 2018 Eau de Parfum,2018,https://www.parfumo.com/Perfumes/ensar-oud/EO_N1
54261,Ensar Oud,EO N°1 Ensar Oud / Oriscent 2018 Pure Parfum,2018,https://www.parfumo.com/Perfumes/ensar-oud/EO_N1_Pure_Parfum
54262,Ensar Oud,EO N°1: Manipur Ensar Oud / Oriscent 2020 Eau de Parfum,2020,https://www.parfumo.com/Perfumes/ensar-oud/eo-n-1-manipur-eau-de-parfum
54263,Ensar Oud,EO N°1: Manipur Ensar Oud / Oriscent 2020 Pure Parfum,2020,https://www.parfumo.com/Perfumes/ensar-oud/eo-n-1-manipur-pure-perfum
54264,Ensar Oud,EO N°1: Siem Reap,,https://www.parfumo.com/Perfumes/ensar-oud/eo-n-1-siem-reap
54265,Ensar Oud,EO N°1: Tiger Caphe,2026,https://www.fragrantica.com/perfume/Ensar-Oud/EO-N01-Tiger-Caphe-133405.html
54266,Ensar Oud,EO N°2 Ensar Oud / Oriscent 2018 Eau de Parfum,2018,https://www.parfumo.com/Perfumes/ensar-oud/EO_N2_Eau_de_Parfum
54267,Ensar Oud,EO N°2 Ensar Oud / Oriscent 2018 Pure Parfum,2018,https://www.parfumo.com/Perfumes/ensar-oud/EO_N_2_Pure_Parfum
54268,Ensar Oud,EO N°2: Kashmir Ensar Oud / Oriscent 2021 Pure Parfum,2021,https://www.parfumo.com/Perfumes/ensar-oud/eo-n-2-kashmir
54269,Ensar Oud,EO N°2: Kashmir Ensar Oud / Oriscent Eau de Parfum,,https://www.parfumo.com/Perfumes/ensar-oud/eo-n-2-kashmir-eau-de-parfum
54270,Ensar Oud,EO N°2: Kinam Rouge,,https://www.parfumo.com/Perfumes/ensar-oud/eo-n-2-kinam-rouge
54271,Ensar Oud,EO N°2: Tibet,,https://www.parfumo.com/Perfumes/ensar-oud/eo-n-2-tibet
54272,Ensar Oud,EO N°2: Tonkin,2023,https://www.parfumo.com/Perfumes/ensar-oud/eo-n-2-tonkin
54273,Ensar Oud,EO N°3 Attar (Perfume Oil),,https://www.parfumo.com/Perfumes/ensar-oud/eo-n-3-attar
54274,Ensar Oud,EO N°3 Ensar Oud / Oriscent Eau de Parfum,,https://www.parfumo.com/Perfumes/ensar-oud/eo-n-3-eau-de-parfum
54275,Ensar Oud,EO N°3 Ensar Oud / Oriscent Pure Parfum,,https://www.parfumo.com/Perfumes/ensar-oud/eo-n-3
54276,Ensar Oud,EO N°3 Rugosa: Royal Kinam,,https://www.parfumo.com/Perfumes/ensar-oud/eo-n-3-rugosa-royal-kinam
54277,Ensar Oud,EO N°3: Yunnan Sultan,,https://www.parfumo.com/Perfumes/ensar-oud/eo-n-3-yunnan-sultan
54278,Ensar Oud,EO No 1 (Eau de Parfum),2018,https://www.fragrantica.com/perfume/Ensar-Oud/EO-No-1-50854.html
54279,Ensar Oud,EO No 2 (Eau de Parfum),2018,https://www.fragrantica.com/perfume/Ensar-Oud/EO-No-2-52331.html
54280,Ensar Oud,EO No 3 (Eau de Parfum),2021,https://www.fragrantica.com/perfume/Ensar-Oud/EO-No-3-102126.html
54281,Ensar Oud,EO No 4,2022,https://www.fragrantica.com/perfume/Ensar-Oud/EO-No-4-102125.html
54282,Ensar Oud,EO Red,,https://www.fragrantica.com/perfume/Ensar-Oud/EO-Red-71478.html
54283,Ensar Oud,EO1: Oud Khidr,2026,https://www.fragrantica.com/perfume/Ensar-Oud/EO1-Oud-Khidr-133411.html
54284,Ensar Oud,Ertugrul Gazi,,https://www.parfumo.com/Perfumes/ensar-oud/ertugrul-gazi
54285,Ensar Oud,Fera 2026,2026,https://www.fragrantica.com/perfume/Ensar-Oud/Fera-2026-133412.html
54286,Ensar Oud,Fera Ensar Oud / Oriscent Eau de Parfum,,https://www.parfumo.com/Perfumes/ensar-oud/fera-eau-de-parfum
54287,Ensar Oud,Fera Ensar Oud / Oriscent Pure Parfum,,https://www.parfumo.com/Perfumes/ensar-oud/fera-pure-parfum
54288,Ensar Oud,Flaming Pearl,2024,https://www.parfumo.com/Perfumes/ensar-oud/flaming-pearl
54289,Ensar Oud,Forbidden City,,https://www.parfumo.com/Perfumes/ensar-oud/forbidden-city
54290,Ensar Oud,Fou Guang,2023,https://www.parfumo.com/Perfumes/ensar-oud/fou-guang
54291,Ensar Oud,Funkberry,2025,https://www.fragrantica.com/perfume/Ensar-Oud/Funkberry-133780.html
54292,Ensar Oud,Garden of Eden,,https://www.parfumo.com/Perfumes/ensar-oud/garden-of-eden
54293,Ensar Oud,Garden of Eden: Ya Chuan,2025,https://www.fragrantica.com/perfume/Ensar-Oud/Garden-of-Eden-Ya-Chuan-134361.html
54294,Ensar Oud,Gardénia Pekanbaru,,https://www.parfumo.com/Perfumes/ensar-oud/gardenia-pekanbaru
54295,Ensar Oud,Gardens of Firdaus,2025,https://www.fragrantica.com/perfume/Ensar-Oud/Gardens-of-Firdaus-133777.html
54296,Ensar Oud,Ghalia al-Habib,,https://www.parfumo.com/Perfumes/ensar-oud/ghalia-al-habib
54297,Ensar Oud,Ghalia Sultani: Brunei SQ,,https://www.parfumo.com/Perfumes/ensar-oud/ghalia-sultani-brunei-sq
54298,Ensar Oud,Gray Stone,2025,https://www.fragrantica.com/perfume/Ensar-Oud/Gray-Stone-134802.html
54299,Ensar Oud,Green Papua,,https://www.parfumo.com/Perfumes/ensar-oud/Green_Papua
54300,Ensar Oud,Gris Sultani,2025,https://www.fragrantica.com/perfume/Ensar-Oud/Gris-Sultani-133458.html
54301,Ensar Oud,Guallam Kilam,,https://www.parfumo.com/Perfumes/ensar-oud/guallam-kilam
54302,Ensar Oud,Ha Tinh LTD,,https://www.parfumo.com/Perfumes/ensar-oud/ha-tinh-ltd
54303,Ensar Oud,Haflong SQ,,https://www.parfumo.com/Perfumes/ensar-oud/haflong-sq
54304,Ensar Oud,Hailam,2025,https://www.fragrantica.com/perfume/Ensar-Oud/Hailam-134352.html
54305,Ensar Oud,Hailam Kilam,,https://www.parfumo.com/Perfumes/ensar-oud/hailam-kilam
54306,Ensar Oud,Hainan 2005 Ensar Oud / Oriscent 2024 Pure Parfum,2024,https://www.parfumo.com/Perfumes/ensar-oud/hainan-2005-pure-parfum
54307,Ensar Oud,Hainan 2005 Ensar Oud / Oriscent Oud Oil,2005,https://www.parfumo.com/Perfumes/ensar-oud/hainan-2005-oud-oil
54308,Ensar Oud,Hainan Attar (Perfume Oil),,https://www.parfumo.com/Perfumes/ensar-oud/hainan-attar
54309,Ensar Oud,Hajar Aswad (Eau de Parfum),,https://www.fragrantica.com/perfume/Ensar-Oud/Hajar-Aswad-50856.html
54310,Ensar Oud,Hajar Aswad Ensar Oud / Oriscent 2021 Pure Perfume (Parfum),2021,https://www.parfumo.com/Perfumes/ensar-oud/hajar-aswad-pure-perfume
54311,Ensar Oud,Hajar Aswad Ensar Oud / Oriscent Eau de Parfum,,https://www.parfumo.com/Perfumes/ensar-oud/hajar-aswad-eau-de-parfum
54312,Ensar Oud,Hindistan Kala,,https://www.parfumo.com/Perfumes/ensar-oud/hindistan-kala
54313,Ensar Oud,Hoi An,2023,https://www.parfumo.com/Perfumes/ensar-oud/hoi-an
54314,Ensar Oud,Hoi An Exclusive,,https://www.parfumo.com/Perfumes/ensar-oud/hoi-an-exclusive
54315,Ensar Oud,Homeros Attar (Perfume Oil),,https://www.parfumo.com/Perfumes/ensar-oud/homeros-attar
54316,Ensar Oud,Homeros Ensar Oud / Oriscent 2020 Parfum,2020,https://www.parfumo.com/Perfumes/ensar-oud/homeros
54317,Ensar Oud,Homeros (Parfum),2020,https://www.fragrantica.com/perfume/Ensar-Oud/Homeros-64069.html
54318,Ensar Oud,Homeros: Saigon,2025,https://www.fragrantica.com/perfume/Ensar-Oud/Homeros-Saigon-133783.html
54319,Ensar Oud,Homeros SQ,,https://www.parfumo.com/Perfumes/ensar-oud/homeros-sq
54320,Ensar Oud,Homeros SQ Ensar Oud / Oriscent Eau de Parfum,,https://www.parfumo.com/Perfumes/ensar-oud/homeros-sq-eau-de-parfum
54321,Ensar Oud,Hun Yin,,https://www.parfumo.com/Perfumes/ensar-oud/hun-yin
54322,Ensar Oud,Hyang Kang,,https://www.parfumo.com/Perfumes/ensar-oud/hyang-kang
54323,Ensar Oud,Ibn Arabi,,https://www.fragrantica.com/perfume/Ensar-Oud/Ibn-Arabi-71121.html
54324,Ensar Oud,In the Name,2026,https://www.fragrantica.com/perfume/Ensar-Oud/In-the-Name-133418.html
54325,Ensar Oud,Indigenous People's Silani,2024,https://www.parfumo.com/Perfumes/ensar-oud/indigenous-people-s-silani
54326,Ensar Oud,Irian Green,,https://www.parfumo.com/Perfumes/ensar-oud/irian-green
54327,Ensar Oud,Iris Blanc,2023,https://www.parfumo.com/Perfumes/ensar-oud/iris-blanc
54328,Ensar Oud,Iris Blanc: Tigerwood,2025,https://www.fragrantica.com/perfume/Ensar-Oud/Iris-Blanc-Tigerwood-134357.html
54329,Ensar Oud,Iris Ghalia Attar (Perfume Oil),2023,https://www.parfumo.com/Perfumes/ensar-oud/iris-ghalia-attar
54330,Ensar Oud,Iris Ghalia Ensar Oud / Oriscent 2019 Parfum,2019,https://www.parfumo.com/Perfumes/ensar-oud/iris-ghalia-parfum
54331,Ensar Oud,Iris Ghalia Ensar Oud / Oriscent Eau de Parfum,,https://www.parfumo.com/Perfumes/ensar-oud/iris-ghalia-eau-de-parfum
54332,Ensar Oud,Iris Ghalia (Parfum),2019,https://www.fragrantica.com/perfume/Ensar-Oud/Iris-Ghalia-53755.html
54333,Ensar Oud,Iris Noir,2019,https://www.fragrantica.com/perfume/Ensar-Oud/Iris-Noir-53759.html
54334,Ensar Oud,Iris Noir Attar (Perfume Oil),,https://www.parfumo.com/Perfumes/ensar-oud/Iris_Noir
54335,Ensar Oud,Iris Noir Eau de Parfum,2025,https://www.fragrantica.com/perfume/Ensar-Oud/Iris-Noir-Eau-de-Parfum-134441.html
54336,Ensar Oud,Iris Noir Ensar Oud / Oriscent 2020 Pure Parfum,2020,https://www.parfumo.com/Perfumes/ensar-oud/iris-noir-pure-parfum
54337,Ensar Oud,Iris Noir Ensar Oud / Oriscent Eau de Parfum,,https://www.parfumo.com/Perfumes/ensar-oud/iris-noir-eau-de-parfum
54338,Ensar Oud,Iris Noir OG,,https://www.parfumo.com/Perfumes/ensar-oud/iris-noir-og
54339,Ensar Oud,Jamaican Ambergris,2024,https://www.parfumo.com/Perfumes/ensar-oud/jamaican-ambergris
54340,Ensar Oud,Jamaican Ambergris Attar (Perfume Oil),2023,https://www.parfumo.com/Perfumes/ensar-oud/jamaican-ambergris-attar
54341,Ensar Oud,Jamaican Ambergris Maroke SQ,2023,https://www.parfumo.com/Perfumes/ensar-oud/jamaican-ambergris-maroke-sq
54342,Ensar Oud,Jamaican Ambergris Pinoy LTD,2022,https://www.parfumo.com/Perfumes/ensar-oud/jamaican-ambergris-pinoy-ltd
54343,Ensar Oud,Jamaican Ambergris: Purple Sultani,2025,https://www.fragrantica.com/perfume/Ensar-Oud/Jamaican-Ambergris-Purple-Sultani-133493.html
54344,Ensar Oud,Jamaican Ambergris: Sultan Ahmet Parfum,2025,https://www.fragrantica.com/perfume/Ensar-Oud/Jamaican-Ambergris-Sultan-Ahmet-Parfum-133779.html
54345,Ensar Oud,Jaya,,https://www.parfumo.com/Perfumes/ensar-oud/jaya
54346,Ensar Oud,Jing Shen Lu,,https://www.parfumo.com/Perfumes/ensar-oud/jing-shen-lu
54347,Ensar Oud,Jungle Kinam,2021,https://www.fragrantica.com/perfume/Ensar-Oud/Jungle-Kinam-66631.html
54348,Ensar Oud,Jungle Kinam Attar (Perfume Oil),,https://www.parfumo.com/Perfumes/ensar-oud/Jungle_Kinam
54349,Ensar Oud,Jungle Kinam Ensar Oud / Oriscent Pure Parfum,,https://www.parfumo.com/Perfumes/ensar-oud/jungle-kinam-pure-parfum
54350,Ensar Oud,Jungle Kinam: Pekanbaru,2025,https://www.fragrantica.com/perfume/Ensar-Oud/Jungle-Kinam-Pekanbaru-133448.html
54351,Ensar Oud,Kalbar 3000,,https://www.parfumo.com/Perfumes/ensar-oud/kalbar-3000
54352,Ensar Oud,Kaliman Kala,,https://www.parfumo.com/Perfumes/ensar-oud/kaliman-kala
54353,Ensar Oud,Kam Kyoryo Ensar Oud / Oriscent 2023 Oud Oil,2023,https://www.parfumo.com/Perfumes/ensar-oud/kam-kyoryo-oud-oil
54354,Ensar Oud,Kam Kyoryo Ensar Oud / Oriscent 2024 Pure Parfum,2024,https://www.parfumo.com/Perfumes/ensar-oud/kam-kyoryo-pure-parfum
54355,Ensar Oud,Kambodi 1976,2024,https://www.fragrantica.com/perfume/Ensar-Oud/Kambodi-1976-134811.html
54356,Ensar Oud,Kambodi 1976 Ensar Oud / Oriscent 2024 Pure Parfum,2024,https://www.parfumo.com/Perfumes/ensar-oud/kambodi-1976-pure-parfum
54357,Ensar Oud,Kambodi 1976 Ensar Oud / Oriscent Oud Oil,1976,https://www.parfumo.com/Perfumes/ensar-oud/kambodi-1976-oud-oil
54358,Ensar Oud,Kambodi Blanco Ensar Oud / Oriscent 2023 Pure Parfum (Extrait de Parfum),2023,https://www.parfumo.com/Perfumes/ensar-oud/kambodi-blanco-pure-parfum
54359,Ensar Oud,Kambodi Blanco Ensar Oud / Oriscent Oud Oil,,https://www.parfumo.com/Perfumes/ensar-oud/kambodi-blanco-oud-oil
54360,Ensar Oud,Kambodi Gris,2025,https://www.fragrantica.com/perfume/Ensar-Oud/Kambodi-Gris-133449.html
54361,Ensar Oud,Kambodi Gris Ensar Oud / Oriscent 2023 Eau de Parfum,2023,https://www.parfumo.com/Perfumes/ensar-oud/kambodi-gris-eau-de-parfum
54362,Ensar Oud,Kambodi Gris Ensar Oud / Oriscent Attar,,https://www.parfumo.com/Perfumes/ensar-oud/kambodi-gris-attar
54363,Ensar Oud,Kambodi Kuwwa,,https://www.parfumo.com/Perfumes/ensar-oud/kambodi-kuwwa
54364,Ensar Oud,Kambodi Musko,,https://www.parfumo.com/Perfumes/ensar-oud/kambodi-musko
54365,Ensar Oud,Kambodi Nero,,https://www.parfumo.com/Perfumes/ensar-oud/kambodi-nero
54366,Ensar Oud,Kambodi No 1,,https://www.parfumo.com/Perfumes/ensar-oud/kambodi-no-1
54367,Ensar Oud,Kambodi X,,https://www.parfumo.com/Perfumes/ensar-oud/kambodi-x
54368,Ensar Oud,Kanbojia Senkoh,,https://www.parfumo.com/Perfumes/ensar-oud/kanbojia-senkoh
54369,Ensar Oud,Kannan Koh,,https://www.parfumo.com/Perfumes/ensar-oud/kannan-koh
54370,Ensar Oud,Kelantan,,https://www.parfumo.com/Perfumes/ensar-oud/kelantan
54371,Ensar Oud,Kesucian,2023,https://www.parfumo.com/Perfumes/ensar-oud/kesucian
54372,Ensar Oud,Khmer Kodo: Chenla,2025,https://www.fragrantica.com/perfume/Ensar-Oud/Khmer-Kodo-Chenla-134362.html
54373,Ensar Oud,Kinam Rouge Ensar Oud / Oriscent Oud Oil,,https://www.parfumo.com/Perfumes/ensar-oud/kinam-rouge-oud-oil-1
54374,Ensar Oud,Kinam Rouge Ensar Oud / Oriscent Pure Parfum,,https://www.parfumo.com/Perfumes/ensar-oud/kinam-rouge-pure-parfum
54375,Ensar Oud,Kinam Rouge Ghalia,,https://www.parfumo.com/Perfumes/ensar-oud/kinam-rouge-ghalia
54376,Ensar Oud,Kinamantan,2023,https://www.parfumo.com/Perfumes/ensar-oud/kinamantan
54377,Ensar Oud,Kinamantan Ensar Oud / Oriscent Oud Oil,,https://www.parfumo.com/Perfumes/ensar-oud/kinamantan-oud-oil
54378,Ensar Oud,King Kambodi,2020,https://www.parfumo.com/Perfumes/ensar-oud/king-kambodi
54379,Ensar Oud,King Krassna,,https://www.parfumo.com/Perfumes/ensar-oud/king-krassna
54380,Ensar Oud,KLTD 2010,2010,https://www.parfumo.com/Perfumes/ensar-oud/kltd-2010
54381,Ensar Oud,Knightsbridge,,https://www.parfumo.com/Perfumes/ensar-oud/knightsbridge
54382,Ensar Oud,Koh Kong '76,,https://www.parfumo.com/Perfumes/ensar-oud/koh-kong-76
54383,Ensar Oud,Koh Kong K,,https://www.parfumo.com/Perfumes/ensar-oud/koh-kong-k
54384,Ensar Oud,Koh Rong,,https://www.parfumo.com/Perfumes/ensar-oud/koh-rong
54385,Ensar Oud,Koishi,2020,https://www.parfumo.com/Perfumes/ensar-oud/koishi
54386,Ensar Oud,Komrad K,,https://www.parfumo.com/Perfumes/ensar-oud/komrad-k
54387,Ensar Oud,Kusuma,,https://www.parfumo.com/Perfumes/ensar-oud/kusuma
54388,Ensar Oud,Kyara,,https://www.parfumo.com/Perfumes/ensar-oud/kyara
54389,Ensar Oud,Kyara Blanc,2025,https://www.fragrantica.com/perfume/Ensar-Oud/Kyara-Blanc-133776.html
54390,Ensar Oud,Kyara de Kalbar,,https://www.parfumo.com/Perfumes/ensar-oud/kyara-de-kalbar
54391,Ensar Oud,Kyara Ketone,,https://www.parfumo.com/Perfumes/ensar-oud/kyara-ketone
54392,Ensar Oud,Kyara Ko-Twe,,https://www.parfumo.com/Perfumes/ensar-oud/kyara-ko-twe
54393,Ensar Oud,Kyara Koko,2020,https://www.fragrantica.com/perfume/Ensar-Oud/Kyara-Koko-66630.html
54394,Ensar Oud,Kyara Koko '92 Ensar Oud / Oriscent 2021 Pure Parfum,2021,https://www.parfumo.com/Perfumes/ensar-oud/kyara-koko-92-pure-parfum
54395,Ensar Oud,Kyara Koko '92 Ensar Oud / Oriscent Eau de Parfum,,https://www.parfumo.com/Perfumes/ensar-oud/kyara-koko-92-eau-de-parfum
54396,Ensar Oud,Kyara Koko Attar (Perfume Oil),2020,https://www.parfumo.com/Perfumes/ensar-oud/kyara-koko-attar
54397,Ensar Oud,Kyara Koko Ensar Oud / Oriscent Pure Parfum,,https://www.parfumo.com/Perfumes/ensar-oud/kyara-koko-pure-parfum
54398,Ensar Oud,Kyara Koutan,,https://www.parfumo.com/Perfumes/ensar-oud/Kyara_Koutan
54399,Ensar Oud,Kyara LTD,,https://www.parfumo.com/Perfumes/ensar-oud/Kyara_LTD
54400,Ensar Oud,Kyara LTD 2.0,,https://www.parfumo.com/Perfumes/ensar-oud/kyara-ltd-2-0
54401,Ensar Oud,Kyara LTD Ensar Oud / Oriscent 2023 Pure Parfum,2023,https://www.parfumo.com/Perfumes/ensar-oud/kyara-ltd-pure-parfum
54402,Ensar Oud,Kyara Sayang,,https://www.parfumo.com/Perfumes/ensar-oud/kyara-sayang
54403,Ensar Oud,Kynam No 1,,https://www.parfumo.com/Perfumes/ensar-oud/kynam-no-1
54404,Ensar Oud,Lao Cha,,https://www.parfumo.com/Perfumes/ensar-oud/lao-cha
54405,Ensar Oud,Lao Qi,,https://www.parfumo.com/Perfumes/ensar-oud/lao-qi
54406,Ensar Oud,Laos Laosan,,https://www.parfumo.com/Perfumes/ensar-oud/laos-laosan
54407,Ensar Oud,Layers of Jade Ensar Oud / Oriscent 2023 Attar (Perfume Oil),2023,https://www.parfumo.com/Perfumes/ensar-oud/layers-of-jade-attar
54408,Ensar Oud,Layers of Jade Ensar Oud / Oriscent 2023 Pure Parfum,2023,https://www.parfumo.com/Perfumes/ensar-oud/layers-of-jade-pure-parfum
54409,Ensar Oud,Leather Ghalia,2024,https://www.parfumo.com/Perfumes/ensar-oud/leather-ghalia
54410,Ensar Oud,Lily Gris Abu Yog,2023,https://www.parfumo.com/Perfumes/ensar-oud/lily-gris-abu-yog
54411,Ensar Oud,Lion Lust,2023,https://www.parfumo.com/Perfumes/ensar-oud/lion-lust
54412,Ensar Oud,Lu-lu لؤلؤة,,https://www.parfumo.com/Perfumes/ensar-oud/lu-lu
54413,Ensar Oud,Madagascar Parfum,2025,https://www.fragrantica.com/perfume/Ensar-Oud/Madagascar-Parfum-134800.html
54414,Ensar Oud,Malay Oud Royale,,https://www.parfumo.com/Perfumes/ensar-oud/Malay_Oud_Royale
54415,Ensar Oud,Malay Royale,2025,https://www.fragrantica.com/perfume/Ensar-Oud/Malay-Royale-134440.html
54416,Ensar Oud,Malinau 3000,,https://www.parfumo.com/Perfumes/ensar-oud/malinau-3000
54417,Ensar Oud,Maluku LTD,,https://www.parfumo.com/Perfumes/ensar-oud/maluku-ltd
54418,Ensar Oud,Maroha Myaku,,https://www.parfumo.com/Perfumes/ensar-oud/maroha-myaku
54419,Ensar Oud,Maroke Asgon,,https://www.parfumo.com/Perfumes/ensar-oud/maroke-asgon
54420,Ensar Oud,Maroke Ceylon,,https://www.parfumo.com/Perfumes/ensar-oud/maroke-ceylon
54421,Ensar Oud,Maroke LTD,,https://www.parfumo.com/Perfumes/ensar-oud/maroke-ltd
54422,Ensar Oud,Maroke Maharaja,,https://www.parfumo.com/Perfumes/ensar-oud/maroke-maharaja
54423,Ensar Oud,Maroke Maharaja Ensar Oud / Oriscent Parfum,,https://www.parfumo.com/Perfumes/ensar-oud/maroke-maharaja-parfum
54424,Ensar Oud,Maroke Muah,,https://www.parfumo.com/Perfumes/ensar-oud/maroke-muah
54425,Ensar Oud,Maroke Royale,,https://www.parfumo.com/Perfumes/ensar-oud/maroke-royale
54426,Ensar Oud,Maroke SQ,,https://www.parfumo.com/Perfumes/ensar-oud/maroke-sq
54427,Ensar Oud,Maroke Zen,,https://www.parfumo.com/Perfumes/ensar-oud/maroke-zen
54428,Ensar Oud,Mayfair,,https://www.parfumo.com/Perfumes/ensar-oud/mayfair
54429,Ensar Oud,Meghalaya 1977,1977,https://www.parfumo.com/Perfumes/ensar-oud/meghalaya-1977
54430,Ensar Oud,Mélange Musk SQ,,https://www.parfumo.com/Perfumes/ensar-oud/melange-musk-sq
54431,Ensar Oud,Mélange Privée,2025,https://www.fragrantica.com/perfume/Ensar-Oud/Melange-Privee-134356.html
54432,Ensar Oud,Mélange Privée SQ,,https://www.parfumo.com/Perfumes/ensar-oud/melange-privee-sq
54433,Ensar Oud,Mélange Royale,,https://www.parfumo.com/Perfumes/ensar-oud/melange-royale
54434,Ensar Oud,Mélange Sultani,2025,https://www.fragrantica.com/perfume/Ensar-Oud/Melange-Sultani-133781.html
54435,Ensar Oud,Melayya,,https://www.parfumo.com/Perfumes/ensar-oud/melayya
54436,Ensar Oud,Men Tien,,https://www.parfumo.com/Perfumes/ensar-oud/men-tien
54437,Ensar Oud,Midnight Maroke,2026,https://www.fragrantica.com/perfume/Ensar-Oud/Midnight-Maroke-133404.html
54438,Ensar Oud,Midori Qi,,https://www.parfumo.com/Perfumes/ensar-oud/Midori_Qi
54439,Ensar Oud,Moghul,,https://www.parfumo.com/Perfumes/ensar-oud/moghul
54440,Ensar Oud,Moka Merauke,2024,https://www.parfumo.com/Perfumes/ensar-oud/moka-merauke
54441,Ensar Oud,Mong Dia,2026,https://www.fragrantica.com/perfume/Ensar-Oud/Mong-Dia-133431.html
54442,Ensar Oud,Mongolian Musk,2023,https://www.parfumo.com/Perfumes/ensar-oud/mongolian-musk
54443,Ensar Oud,Monsieur Oud,,https://www.fragrantica.com/perfume/Ensar-Oud/Monsieur-Oud-50857.html
54444,Ensar Oud,Monsieur Oud Attar (Perfume Oil),,https://www.parfumo.com/Perfumes/ensar-oud/Monsieur_Oud
54445,Ensar Oud,Monsieur Oud Ensar Oud / Oriscent Pure Parfum,,https://www.parfumo.com/Perfumes/ensar-oud/monsieur-oud-pure-parfum
54446,Ensar Oud,Monsieur Zafran: Imphal Parfum,2025,https://www.fragrantica.com/perfume/Ensar-Oud/Monsieur-Zafran-Imphal-Parfum-133455.html
54447,Ensar Oud,Moshpit Pavarotti,2022,https://www.fragrantica.com/perfume/Ensar-Oud/Moshpit-Pavarotti-82296.html
54448,Ensar Oud,Mozambique,2023,https://www.parfumo.com/Perfumes/ensar-oud/mozambique
54449,Ensar Oud,Mozambique Ensar Oud / Oriscent Eau de Parfum,,https://www.parfumo.com/Perfumes/ensar-oud/mozambique-eau-de-parfum
54450,Ensar Oud,Muana LTD,,https://www.parfumo.com/Perfumes/ensar-oud/muana-ltd
54451,Ensar Oud,Muana Royale,,https://www.parfumo.com/Perfumes/ensar-oud/muana-royale
54452,Ensar Oud,Musc Gardénia: Berke Khan,,https://www.parfumo.com/Perfumes/ensar-oud/musc-gardenia-berke-khan
54453,Ensar Oud,Musc Gardénia Borneo 50K,,https://www.parfumo.com/Perfumes/ensar-oud/musc-gardenia-borneo-50k
54454,Ensar Oud,Musc Gardénia Borneo Kinam,,https://www.parfumo.com/Perfumes/ensar-oud/musc-gardenia-borneo-kinam
54455,Ensar Oud,Musc Gardénia Ghalia,,https://www.parfumo.com/Perfumes/ensar-oud/musc-gardenia-ghalia
54456,Ensar Oud,Musc Gardénia: Kyara Ketone,2023,https://www.parfumo.com/Perfumes/ensar-oud/musc-gardenia-kyara-ketone
54457,Ensar Oud,Musc Gardénia White Kinam,,https://www.parfumo.com/Perfumes/ensar-oud/musc-gardenia-white-kinam
54458,Ensar Oud,Musc Gardénia: White Kinam 2.0,2026,https://www.fragrantica.com/perfume/Ensar-Oud/Musc-Gardenia-White-Kinam-2-0-133398.html
54459,Ensar Oud,Musc Millesime,2025,https://www.fragrantica.com/perfume/Ensar-Oud/Musc-Millesime-133786.html
54460,Ensar Oud,Musc Morisco,2022,https://www.fragrantica.com/perfume/Ensar-Oud/Musc-Morisco-82297.html
54461,Ensar Oud,Musk Gulab,,https://www.parfumo.com/Perfumes/ensar-oud/musk-gulab
54462,Ensar Oud,Musk Mitti,,https://www.parfumo.com/Perfumes/ensar-oud/musk-mitti
54463,Ensar Oud,Musk Mood,2025,https://www.fragrantica.com/perfume/Ensar-Oud/Musk-Mood-134359.html
54464,Ensar Oud,Musk Motia,,https://www.parfumo.com/Perfumes/ensar-oud/musk-motia
54465,Ensar Oud,Musk Musa,2026,https://www.fragrantica.com/perfume/Ensar-Oud/Musk-Musa-133443.html
54466,Ensar Oud,Musk SQ Attar (Perfume Oil),,https://www.parfumo.com/Perfumes/ensar-oud/musk-sq-attar
54467,Ensar Oud,Musk Sultani,2025,https://www.fragrantica.com/perfume/Ensar-Oud/Musk-Sultani-134502.html
54468,Ensar Oud,Musk Yusuf,,https://www.parfumo.com/Perfumes/ensar-oud/musk-yusuf
54469,Ensar Oud,Musk Yusuf: Men Tien,,https://www.parfumo.com/Perfumes/ensar-oud/musk-yusuf-men-tien
54470,Ensar Oud,Musk Yusuf Pattani LTD,,https://www.parfumo.com/Perfumes/ensar-oud/musk-yusuf-pattani-ltd
54471,Ensar Oud,Mustapha No 7,,https://www.parfumo.com/Perfumes/ensar-oud/Mustapha_No_7
54472,Ensar Oud,Myitkyina 1987,2025,https://www.fragrantica.com/perfume/Ensar-Oud/Myitkyina-1987-133459.html
54473,Ensar Oud,Mysore Cologne (Eau de Cologne),,https://www.parfumo.com/Perfumes/ensar-oud/mysore-cologne
54474,Ensar Oud,Mystical Lotus: Abu Yog,2024,https://www.parfumo.com/Perfumes/ensar-oud/mystical-lotus-abu-yog
54475,Ensar Oud,Mystical Lotus Attar (Perfume Oil),,https://www.parfumo.com/Perfumes/ensar-oud/mystical-lotus-attar
54476,Ensar Oud,Mystical Lotus: Blue Brunei,,https://www.parfumo.com/Perfumes/ensar-oud/mystical-lotus-blue-brunei
54477,Ensar Oud,Mystical Lotus: Blue Yunnan,,https://www.parfumo.com/Perfumes/ensar-oud/mystical-lotus-blue-yunnan
54478,Ensar Oud,Mystical Lotus Ensar Oud / Oriscent Parfum,,https://www.parfumo.com/Perfumes/ensar-oud/mystical-lotus-parfum
54479,Ensar Oud,Mystical Lotus: Jiaozhi,2025,https://www.fragrantica.com/perfume/Ensar-Oud/Mystical-Lotus-Jiaozhi-134353.html
54480,Ensar Oud,Mystical Lotus: Nha Trang Trio,,https://www.parfumo.com/Perfumes/ensar-oud/mystical-lotus-nha-trang-trio
54481,Ensar Oud,Naga Kubra,,https://www.parfumo.com/Perfumes/ensar-oud/naga-kubra
54482,Ensar Oud,Naga Layyen,,https://www.parfumo.com/Perfumes/ensar-oud/naga-layyen
54483,Ensar Oud,Naga Layyen Organic Oud,,https://www.fragrantica.com/perfume/Ensar-Oud/Naga-Layyen-Organic-Oud-72026.html
54484,Ensar Oud,Naga Lutuf,,https://www.parfumo.com/Perfumes/ensar-oud/naga-lutuf
54485,Ensar Oud,Naga Raja,,https://www.parfumo.com/Perfumes/ensar-oud/naga-raja
54486,Ensar Oud,Namasoma,,https://www.parfumo.com/Perfumes/ensar-oud/namasoma
54487,Ensar Oud,Namasoma Organic Oud,,https://www.fragrantica.com/perfume/Ensar-Oud/Namasoma-Organic-Oud-72019.html
54488,Ensar Oud,Nha Trang,,https://www.parfumo.com/Perfumes/ensar-oud/nha-trang
54489,Ensar Oud,Nha Trang Ensar Oud / Oriscent 2023 Pure Parfum (Extrait de Parfum),2023,https://www.parfumo.com/Perfumes/ensar-oud/nha-trang-pure-parfum
54490,Ensar Oud,Nha Trang Privée,,https://www.parfumo.com/Perfumes/ensar-oud/nha-trang-privee
54491,Ensar Oud,Nha Trang Saafi,,https://www.parfumo.com/Perfumes/ensar-oud/nha-trang-saafi
54492,Ensar Oud,Nha Trang Sinking,,https://www.parfumo.com/Perfumes/ensar-oud/nha-trang-sinking
54493,Ensar Oud,Nha Trang: Ya Chuan,2026,https://www.fragrantica.com/perfume/Ensar-Oud/Nha-Trang-Ya-Chuan-133403.html
54494,Ensar Oud,Nhek 1976,1976,https://www.parfumo.com/Perfumes/ensar-oud/nhek-1976
54495,Ensar Oud,Nioh,2025,https://www.fragrantica.com/perfume/Ensar-Oud/Nioh-133452.html
54496,Ensar Oud,Nioh: Dokusan,2026,https://www.fragrantica.com/perfume/Ensar-Oud/Nioh-Dokusan-133428.html
54497,Ensar Oud,Nirvata Muana,,https://www.parfumo.com/Perfumes/ensar-oud/nirvata-muana
54498,Ensar Oud,No 1: Kuru Kawa,2025,https://www.fragrantica.com/perfume/Ensar-Oud/No-1-Kuru-Kawa-133487.html
54499,Ensar Oud,№5,2025,https://www.fragrantica.com/perfume/Ensar-Oud/5-134442.html
54500,Ensar Oud,№5: Sultan Ahmet,2025,https://www.fragrantica.com/perfume/Ensar-Oud/5-Sultan-Ahmet-134358.html
54501,Ensar Oud,Notes from Underground Ensar Oud / Oriscent 2021 Pure Parfum,2021,https://www.parfumo.com/Perfumes/ensar-oud/notes-from-underground
54502,Ensar Oud,Notes from Underground Ensar Oud / Oriscent Eau de Parfum,,https://www.parfumo.com/Perfumes/ensar-oud/notes-from-underground-eau-de-parfum
54503,Ensar Oud,Nox,2025,https://www.fragrantica.com/perfume/Ensar-Oud/Nox-133461.html
54504,Ensar Oud,Nuit de Ceylan,2025,https://www.fragrantica.com/perfume/Ensar-Oud/Nuit-de-Ceylan-133788.html
54505,Ensar Oud,Old City,,https://www.parfumo.com/Perfumes/ensar-oud/old-city
54506,Ensar Oud,Old City: Nha Trang,,https://www.parfumo.com/Perfumes/ensar-oud/old-city-nha-trang
54507,Ensar Oud,Olde Hind Attar (Perfume Oil),,https://www.parfumo.com/Perfumes/ensar-oud/olde-hind-attar
54508,Ensar Oud,Olde Hind Ensar Oud / Oriscent Eau de Parfum,,https://www.parfumo.com/Perfumes/ensar-oud/olde-hind-eau-de-parfum
54509,Ensar Oud,Olde Hind Ensar Oud / Oriscent Pure Parfum,,https://www.parfumo.com/Perfumes/ensar-oud/olde-hind-pure-parfum
54510,Ensar Oud,Ottoman Ambergris Assam Sultan,2024,https://www.parfumo.com/Perfumes/ensar-oud/ottoman-ambergris-assam-sultan
54511,Ensar Oud,Ottoman Ambergris: Oud Royale,2026,https://www.fragrantica.com/perfume/Ensar-Oud/Ottoman-Ambergris-Oud-Royale-133441.html
54512,Ensar Oud,Oud Ahmad,,https://www.parfumo.com/Perfumes/ensar-oud/Oud_Ahmad
54513,Ensar Oud,Oud Al-Kaabah,,https://www.parfumo.com/Perfumes/ensar-oud/oud-al-kaabah
54514,Ensar Oud,Oud Arafa,,https://www.parfumo.com/Perfumes/ensar-oud/oud-arafa
54515,Ensar Oud,Oud Ayoub,,https://www.parfumo.com/Perfumes/ensar-oud/oud-ayoub
54516,Ensar Oud,Oud Dhul Kifl,,https://www.parfumo.com/Perfumes/ensar-oud/oud-dhul-kifl
54517,Ensar Oud,Oud Dhul Kifl Organic Oud,,https://www.fragrantica.com/perfume/Ensar-Oud/Oud-Dhul-Kifl-Organic-Oud-72023.html
54518,Ensar Oud,Oud Dhul Q,2021,https://www.parfumo.com/Perfumes/ensar-oud/oud-dhul-q
54519,Ensar Oud,Oud Ehab,,https://www.parfumo.com/Perfumes/ensar-oud/oud-ehab
54520,Ensar Oud,Oud Ehab 2,,https://www.parfumo.com/Perfumes/ensar-oud/oud-ehab-2
54521,Ensar Oud,Oud Ertugrul,,https://www.parfumo.com/Perfumes/ensar-oud/oud-ertugrul
54522,Ensar Oud,Oud Ertugrul Ensar Oud / Oriscent 2024 Pure Parfum,2024,https://www.parfumo.com/Perfumes/ensar-oud/oud-ertugrul-pure-parfum
54523,Ensar Oud,Oud Extraordinaire,,https://www.parfumo.com/Perfumes/ensar-oud/Oud_Extraordinaire
54524,Ensar Oud,Oud Ezekiel,,https://www.parfumo.com/Perfumes/ensar-oud/oud-ezekiel
54525,Ensar Oud,Oud Ilyas,,https://www.parfumo.com/Perfumes/ensar-oud/oud-ilyas
54526,Ensar Oud,Oud Isa,,https://www.parfumo.com/Perfumes/ensar-oud/oud-isa
54527,Ensar Oud,Oud Khidr,,https://www.parfumo.com/Perfumes/ensar-oud/oud-khidr
54528,Ensar Oud,Oud Mahmoud,,https://www.parfumo.com/Perfumes/ensar-oud/oud-mahmoud
54529,Ensar Oud,Oud Mostafa,,https://www.parfumo.com/Perfumes/ensar-oud/Oud_Mostafa
54530,Ensar Oud,Oud Mostafa N°5,,https://www.parfumo.com/Perfumes/ensar-oud/oud-mostafa-n-5
54531,Ensar Oud,Oud Musa,,https://www.parfumo.com/Perfumes/ensar-oud/oud-musa
54532,Ensar Oud,Oud Nuh 2026,2026,https://www.fragrantica.com/perfume/Ensar-Oud/Oud-Nuh-2026-133421.html
54533,Ensar Oud,Oud Rex,2023,https://www.parfumo.com/Perfumes/ensar-oud/oud-rex
54534,Ensar Oud,Oud Rex: Chinese Exclusive,2025,https://www.fragrantica.com/perfume/Ensar-Oud/Oud-Rex-Chinese-Exclusive-133486.html
54535,Ensar Oud,Oud Royale 2,,https://www.parfumo.com/Perfumes/ensar-oud/oud-royale-2
54536,Ensar Oud,Oud Royale 2004,2004,https://www.parfumo.com/Perfumes/ensar-oud/oud-royale-2004
54537,Ensar Oud,Oud Royale Ensar Oud / Oriscent Eau de Parfum,,https://www.parfumo.com/Perfumes/ensar-oud/oud-royale-eau-de-parfum
54538,Ensar Oud,Oud Royale Ensar Oud / Oriscent Pure Perfume (Parfum),,https://www.parfumo.com/Perfumes/ensar-oud/oud-royale-pure-perfume
54539,Ensar Oud,Oud Royale Maluku,,https://www.parfumo.com/Perfumes/ensar-oud/oud-royale-maluku
54540,Ensar Oud,Oud Royale: Philippines,,https://www.parfumo.com/Perfumes/ensar-oud/oud-royale-philippines
54541,Ensar Oud,Oud Royale: Taifi Sultani,2024,https://www.parfumo.com/Perfumes/ensar-oud/oud-royale-taifi-sultani
54542,Ensar Oud,Oud Salahuddin,,https://www.parfumo.com/Perfumes/ensar-oud/oud-salahuddin
54543,Ensar Oud,Oud Shuayb,,https://www.parfumo.com/Perfumes/ensar-oud/oud-shuayb
54544,Ensar Oud,Oud Shuyukh,,https://www.parfumo.com/Perfumes/ensar-oud/Oud_Shuyuk
54545,Ensar Oud,Oud SQ Ensar Oud / Oriscent 2023 Pure Parfum,2023,https://www.parfumo.com/Perfumes/ensar-oud/oud-sq-pure-parfum
54546,Ensar Oud,Oud SQ Ensar Oud / Oriscent Oud Oil,,https://www.parfumo.com/Perfumes/ensar-oud/oud-sq
54547,Ensar Oud,Oud SQ Terengganu,2024,https://www.parfumo.com/Perfumes/ensar-oud/oud-sq-terengganu
54548,Ensar Oud,Oud Sulaiman III,,https://www.parfumo.com/Perfumes/ensar-oud/oud-sulaiman-iii
54549,Ensar Oud,Oud Sulaiman LTD,,https://www.parfumo.com/Perfumes/ensar-oud/Oud_Sulaiman_LTD
54550,Ensar Oud,Oud Sultan Murad,,https://www.parfumo.com/Perfumes/ensar-oud/oud-sultan-murad
54551,Ensar Oud,Oud Sultani 1975,2022,https://www.parfumo.com/Perfumes/ensar-oud/oud-sultani-1975
54552,Ensar Oud,Oud Sultani: Brunei Kynam,2023,https://www.parfumo.com/Perfumes/ensar-oud/oud-sultani-brunei-kynam
54553,Ensar Oud,Oud Sultani: Kelantan,,https://www.parfumo.com/Perfumes/ensar-oud/oud-sultani-kelantan
54554,Ensar Oud,Oud Sultani Terengganu,,https://www.parfumo.com/Perfumes/ensar-oud/oud-sultani-terengganu
54555,Ensar Oud,Oud Yaqoub,,https://www.parfumo.com/Perfumes/ensar-oud/oud-yaqoub
54556,Ensar Oud,Oud Yunus,,https://www.parfumo.com/Perfumes/ensar-oud/oud-yunus
54557,Ensar Oud,Oud Yusha,,https://www.parfumo.com/Perfumes/ensar-oud/oud-yusha
54558,Ensar Oud,Oud Yusuf,,https://www.fragrantica.com/perfume/Ensar-Oud/Oud-Yusuf-72025.html
54559,Ensar Oud,Oud Yusuf Ensar Oud / Oriscent Oud Oil,,https://www.parfumo.com/Perfumes/ensar-oud/oud-yusuf-oud-oil
54560,Ensar Oud,Oud Yusuf Ensar Oud / Oriscent Pure Parfum,,https://www.parfumo.com/Perfumes/ensar-oud/oud-yusuf-pure-parfum
54561,Ensar Oud,Oud Yusuf Extrait de Parfum,2024,https://www.fragrantica.com/perfume/Ensar-Oud/Oud-Yusuf-Extrait-de-Parfum-134806.html
54562,Ensar Oud,Oud Yusuf: Kyara,2025,https://www.fragrantica.com/perfume/Ensar-Oud/Oud-Yusuf-Kyara-133785.html
54563,Ensar Oud,Pahang,2025,https://www.fragrantica.com/perfume/Ensar-Oud/Pahang-133463.html
54564,Ensar Oud,Palindrose,2026,https://www.fragrantica.com/perfume/Ensar-Oud/Palindrose-133407.html
54565,Ensar Oud,Papua Pua,,https://www.parfumo.com/Perfumes/ensar-oud/papua-pua
54566,Ensar Oud,Papurereza,2025,https://www.fragrantica.com/perfume/Ensar-Oud/Papurereza-133787.html
54567,Ensar Oud,Papuya,,https://www.parfumo.com/Perfumes/ensar-oud/papuya
54568,Ensar Oud,Patchouli Musk,,https://www.parfumo.com/Perfumes/ensar-oud/patchouli-musk
54569,Ensar Oud,Pattani SQ,,https://www.parfumo.com/Perfumes/ensar-oud/pattani-sq
54570,Ensar Oud,Pelagos,2025,https://www.fragrantica.com/perfume/Ensar-Oud/Pelagos-133457.html
54571,Ensar Oud,People's Ceylon,,https://www.parfumo.com/Perfumes/ensar-oud/People_s_Ceylon
54572,Ensar Oud,People's Kampot,,https://www.parfumo.com/Perfumes/ensar-oud/people-s-kampot
54573,Ensar Oud,People's Kampot Organic Oud,,https://www.fragrantica.com/perfume/Ensar-Oud/People-s-Kampot-Organic-Oud-72022.html
54574,Ensar Oud,People's Pursat,,https://www.parfumo.com/Perfumes/ensar-oud/People_s_Pursat
54575,Ensar Oud,People's Silani,,https://www.parfumo.com/Perfumes/ensar-oud/people-s-silani
54576,Ensar Oud,Pink Papua,,https://www.parfumo.com/Perfumes/ensar-oud/Pink_Papua
54577,Ensar Oud,Pink Papua: Jayapula,,https://www.parfumo.com/Perfumes/ensar-oud/pink-papua-jayapula
54578,Ensar Oud,Pink Papua: Muana,,https://www.parfumo.com/Perfumes/ensar-oud/pink-papua-muana
54579,Ensar Oud,Pink Papua: Purple Kinam,,https://www.parfumo.com/Perfumes/ensar-oud/pink-papua-purple-kinam
54580,Ensar Oud,Pinoy,,https://www.parfumo.com/Perfumes/ensar-oud/pinoy
54581,Ensar Oud,Pinoy Pinoy LTD,,https://www.parfumo.com/Perfumes/ensar-oud/pinoy-pinoy-ltd
54582,Ensar Oud,Port Archie,,https://www.parfumo.com/Perfumes/ensar-oud/port-archie
54583,Ensar Oud,Port Moresby,,https://www.parfumo.com/Perfumes/ensar-oud/port-moresby
54584,Ensar Oud,Private Blend,2019,https://www.parfumo.com/Perfumes/ensar-oud/private-blend
54585,Ensar Oud,Private Blend: Currantfunk,2025,https://www.fragrantica.com/perfume/Ensar-Oud/Private-Blend-Currantfunk-134805.html
54586,Ensar Oud,Private Blend: Funkmaster,2025,https://www.fragrantica.com/perfume/Ensar-Oud/Private-Blend-Funkmaster-133784.html
54587,Ensar Oud,Private Blend: Hailam Kilam,2024,https://www.parfumo.com/Perfumes/ensar-oud/private-blend-hailam-kilam
54588,Ensar Oud,Private Blend: Jayapula,,https://www.parfumo.com/Perfumes/ensar-oud/private-blend-jayapula
54589,Ensar Oud,Private Blend: Überoud,2025,https://www.fragrantica.com/perfume/Ensar-Oud/Private-Blend-UEberoud-134789.html
54590,Ensar Oud,Private Blend: Yambuki,2024,https://www.fragrantica.com/perfume/Ensar-Oud/Private-Blend-Yambuki-134807.html
54591,Ensar Oud,Private Ghalia: Maluku,,https://www.parfumo.com/Perfumes/ensar-oud/private-ghalia-maluku
54592,Ensar Oud,Purple Haze,2023,https://www.parfumo.com/Perfumes/ensar-oud/purple-haze
54593,Ensar Oud,Purple Haze: Murasaki Koh,2026,https://www.fragrantica.com/perfume/Ensar-Oud/Purple-Haze-Murasaki-Koh-133415.html
54594,Ensar Oud,Purple Haze: Purple Heart,,https://www.parfumo.com/Perfumes/ensar-oud/purple-haze-purple-heart
54595,Ensar Oud,Purple Kinam Ensar Oud / Oriscent 2021 Pure Parfum,2021,https://www.parfumo.com/Perfumes/ensar-oud/purple-kinam-pure-parfum
54596,Ensar Oud,Purple Kinam Ensar Oud / Oriscent Oud Oil,,https://www.parfumo.com/Perfumes/ensar-oud/purple-kinam-oud-oil
54597,Ensar Oud,Purple Kinam: Oud Mahmoud,,https://www.parfumo.com/Perfumes/ensar-oud/purple-kinam-oud-mahmoud
54598,Ensar Oud,Purple Murple,2024,https://www.parfumo.com/Perfumes/ensar-oud/purple-murple
54599,Ensar Oud,Purple Papua,,https://www.parfumo.com/Perfumes/ensar-oud/Purple_Papua
54600,Ensar Oud,Purple Rain Attar (Perfume Oil),,https://www.parfumo.com/Perfumes/ensar-oud/purple-rain-attar
54601,Ensar Oud,Purple Rain Ensar Oud / Oriscent Pure Parfum,,https://www.parfumo.com/Perfumes/ensar-oud/purple-rain-pure-perfume
54602,Ensar Oud,Purple Rain: Jiaozhi,2025,https://www.fragrantica.com/perfume/Ensar-Oud/Purple-Rain-Jiaozhi-133462.html
54603,Ensar Oud,Purple Rain: Maluku 2026,2026,https://www.fragrantica.com/perfume/Ensar-Oud/Purple-Rain-Maluku-2026-133445.html
54604,Ensar Oud,Purple Rain: Papuya,,https://www.parfumo.com/Perfumes/ensar-oud/purple-rain-papuya
54605,Ensar Oud,Purple Rain: Purple Papua,,https://www.parfumo.com/Perfumes/ensar-oud/purple-rain-purple-papua
54606,Ensar Oud,Purple Rain: Trifecta,2024,https://www.fragrantica.com/perfume/Ensar-Oud/Purple-Rain-Trifecta-134808.html
54607,Ensar Oud,Purple Smoke,,https://www.parfumo.com/Perfumes/ensar-oud/purple-smoke
54608,Ensar Oud,Purple Sultani,,https://www.parfumo.com/Perfumes/ensar-oud/purple-sultani
54609,Ensar Oud,Pursat 2005,2005,https://www.parfumo.com/Perfumes/ensar-oud/pursat-2005
54610,Ensar Oud,Pusong LTD,,https://www.parfumo.com/Perfumes/ensar-oud/pusong-ltd
54611,Ensar Oud,Qahwa Blanca Ensar Oud / Oriscent Attar (Perfume Oil),,https://www.parfumo.com/Perfumes/ensar-oud/qahwa-blanca-attar
54612,Ensar Oud,Qahwa Blanca Ensar Oud / Oriscent Eau de Parfum,,https://www.parfumo.com/Perfumes/ensar-oud/qahwa-blanca-eau-de-parfum
54613,Ensar Oud,Qahwa Nera,,https://www.parfumo.com/Perfumes/ensar-oud/qahwa-nera
54614,Ensar Oud,Qamariyya Ensar Oud / Oriscent 2024 Attar,2024,https://www.parfumo.com/Perfumes/ensar-oud/qamariyya-attar
54615,Ensar Oud,Qamariyya Ensar Oud / Oriscent 2024 Pure Parfum (Extrait de Parfum),2024,https://www.parfumo.com/Perfumes/ensar-oud/qamariyya-pure-parfum
54616,Ensar Oud,Qamarun,,https://www.parfumo.com/Perfumes/ensar-oud/qamarun
54617,Ensar Oud,Qi Chuan Qinan,,https://www.parfumo.com/Perfumes/ensar-oud/qi-chuan-qinan
54618,Ensar Oud,Qi Nan,,https://www.parfumo.com/Perfumes/ensar-oud/qi-nan
54619,Ensar Oud,Qi Nan Ghalia,,https://www.parfumo.com/Perfumes/ensar-oud/qi-nan-ghalia
54620,Ensar Oud,Qi Nan: Kalbar 3000,,https://www.parfumo.com/Perfumes/ensar-oud/qi-nan-kalbar-3000
54621,Ensar Oud,Qi Nan: Kynam,,https://www.parfumo.com/Perfumes/ensar-oud/qi-nan-kynam
54622,Ensar Oud,Qi Nan: Ya Chuan,,https://www.parfumo.com/Perfumes/ensar-oud/qi-nan-ya-chuan
54623,Ensar Oud,Quds,,https://www.parfumo.com/Perfumes/ensar-oud/quds
54624,Ensar Oud,Raining Petals,2026,https://www.fragrantica.com/perfume/Ensar-Oud/Raining-Petals-133399.html
54625,Ensar Oud,Rawda,2025,https://www.fragrantica.com/perfume/Ensar-Oud/Rawda-133454.html
54626,Ensar Oud,Red Musk,2024,https://www.fragrantica.com/perfume/Ensar-Oud/Red-Musk-134810.html
54627,Ensar Oud,Rosa Muskosa,,https://www.parfumo.com/Perfumes/ensar-oud/rosa-muskosa
54628,Ensar Oud,Rosa Oudifera,,https://www.parfumo.com/Perfumes/ensar-oud/rosa-oudifera
54629,Ensar Oud,Rosa Rugosa,,https://www.parfumo.com/Perfumes/ensar-oud/rosa-rugosa
54630,Ensar Oud,Rouge de Johor,2025,https://www.fragrantica.com/perfume/Ensar-Oud/Rouge-de-Johor-134501.html
54631,Ensar Oud,Royal Bhutan,,https://www.parfumo.com/Perfumes/ensar-oud/royal-bhutan
54632,Ensar Oud,Royal Guallam,,https://www.parfumo.com/Perfumes/ensar-oud/Royal_Guallam
54633,Ensar Oud,Royal Imphal,,https://www.parfumo.com/Perfumes/ensar-oud/royal-imphal
54634,Ensar Oud,Royal Kinam,,https://www.parfumo.com/Perfumes/ensar-oud/Royal_Kinam
54635,Ensar Oud,Royal Kinam 2.0,,https://www.parfumo.com/Perfumes/ensar-oud/royal-kinam-2-0
54636,Ensar Oud,Royal Kynam,,https://www.parfumo.com/Perfumes/ensar-oud/royal-kynam
54637,Ensar Oud,Royal Maluku LTD,,https://www.parfumo.com/Perfumes/ensar-oud/royal-maluku-ltd
54638,Ensar Oud,Royale No 5,,https://www.parfumo.com/Perfumes/ensar-oud/royale-no-5
54639,Ensar Oud,Rugosa Petricolosa,2026,https://www.fragrantica.com/perfume/Ensar-Oud/Rugosa-Petricolosa-133416.html
54640,Ensar Oud,Rugosa Ravagosa,2025,https://www.fragrantica.com/perfume/Ensar-Oud/Rugosa-Ravagosa-134798.html
54641,Ensar Oud,Ruh Qiyam,2025,https://www.fragrantica.com/perfume/Ensar-Oud/Ruh-Qiyam-134797.html
54642,Ensar Oud,Rumi,,https://www.fragrantica.com/perfume/Ensar-Oud/Rumi-71120.html
54643,Ensar Oud,Safrali Ensar Oud / Oriscent 2024 Attar,2024,https://www.parfumo.com/Perfumes/ensar-oud/safrali-attar
54644,Ensar Oud,Safrali Ensar Oud / Oriscent 2024 Pure Parfum (Extrait de Parfum),2024,https://www.parfumo.com/Perfumes/ensar-oud/safrali-pure-parfum
54645,Ensar Oud,Sakeena,2025,https://www.fragrantica.com/perfume/Ensar-Oud/Sakeena-134796.html
54646,Ensar Oud,Santal Royale,2025,https://www.fragrantica.com/perfume/Ensar-Oud/Santal-Royale-133464.html
54647,Ensar Oud,Santal Royale: Oud Royale,,https://www.parfumo.com/Perfumes/ensar-oud/santal-royale-oud-royale
54648,Ensar Oud,Santal Sultan Ensar Oud / Oriscent 2017 Eau de Parfum,2017,https://www.parfumo.com/Perfumes/ensar-oud/santal-sultan-eau-de-parfum
54649,Ensar Oud,Santal Sultan Ensar Oud / Oriscent Pure Parfum,,https://www.parfumo.com/Perfumes/ensar-oud/santal-sultan-pure-parfum
54650,Ensar Oud,Santina,2024,https://www.parfumo.com/Perfumes/ensar-oud/santina
54651,Ensar Oud,Santosa,,https://www.parfumo.com/Perfumes/ensar-oud/santosa
54652,Ensar Oud,Satori Fusho,,https://www.parfumo.com/Perfumes/ensar-oud/satori-fusho
54653,Ensar Oud,Satori Fusho Organic Oud,,https://www.fragrantica.com/perfume/Ensar-Oud/Satori-Fusho-Organic-Oud-72024.html
54654,Ensar Oud,Satori Senkoh,,https://www.parfumo.com/Perfumes/ensar-oud/satori-senkoh
54655,Ensar Oud,Shangri-La: Royal Kynam,2025,https://www.fragrantica.com/perfume/Ensar-Oud/Shangri-La-Royal-Kynam-134439.html
54656,Ensar Oud,Sheikh's Borneo,,https://www.parfumo.com/Perfumes/ensar-oud/sheikh-s-borneo
54657,Ensar Oud,Siber Extreme,2025,https://www.fragrantica.com/perfume/Ensar-Oud/Siber-Extreme-133466.html
54658,Ensar Oud,Siber Extreme Attar (Perfume Oil),2026,https://www.fragrantica.com/perfume/Ensar-Oud/Siber-Extreme-Attar-133400.html
54659,Ensar Oud,Siem Reap,,https://www.parfumo.com/Perfumes/ensar-oud/siem-reap
54660,Ensar Oud,Siemmarat,2023,https://www.parfumo.com/Perfumes/ensar-oud/siemmarat
54661,Ensar Oud,Sinharaja X,,https://www.parfumo.com/Perfumes/ensar-oud/sinharaja-x
54662,Ensar Oud,Sri Supreme,,https://www.parfumo.com/Perfumes/ensar-oud/sri-supreme
54663,Ensar Oud,Sultan Abdüs Selam,,https://www.parfumo.com/Perfumes/ensar-oud/sultan-abdus-selam
54664,Ensar Oud,Sultan Ahmet,,https://www.parfumo.com/Perfumes/ensar-oud/Sultan_Ahmet
54665,Ensar Oud,Sultan Black Rose,2025,https://www.fragrantica.com/perfume/Ensar-Oud/Sultan-Black-Rose-134793.html
54666,Ensar Oud,Sultan Leather Attar (Perfume Oil),2018,https://www.fragrantica.com/perfume/Ensar-Oud/Sultan-Leather-Attar-50855.html
54667,Ensar Oud,Sultan Leather Ghalia,,https://www.parfumo.com/Perfumes/ensar-oud/sultan-leather-ghalia
54668,Ensar Oud,Sultan Mehmet,,https://www.parfumo.com/Perfumes/ensar-oud/sultan-mehmet
54669,Ensar Oud,Sultan Mujeeb,,https://www.parfumo.com/Perfumes/ensar-oud/sultan-mujeeb
54670,Ensar Oud,Sultan Murad: Port Moresby,,https://www.parfumo.com/Perfumes/ensar-oud/sultan-murad-port-moresby
54671,Ensar Oud,Sultan Musk Attar (Perfume Oil),,https://www.fragrantica.com/perfume/Ensar-Oud/Sultan-Musk-Attar-72018.html
54672,Ensar Oud,Sultan Mustafa,,https://www.parfumo.com/Perfumes/ensar-oud/sultan-mustafa
54673,Ensar Oud,Sultan Orhan,,https://www.parfumo.com/Perfumes/ensar-oud/sultan-orhan
54674,Ensar Oud,Sultan Osman,,https://www.parfumo.com/Perfumes/ensar-oud/sultan-osman
54675,Ensar Oud,Sultan Red Rose Attar (Perfume Oil),2025,https://www.fragrantica.com/perfume/Ensar-Oud/Sultan-Red-Rose-Attar-134803.html
54676,Ensar Oud,Sultan Red Rose Ensar Oud / Oriscent Eau de Parfum,,https://www.parfumo.com/Perfumes/ensar-oud/sultan-red-rose-eau-de-parfum
54677,Ensar Oud,Sultan Red Rose Ensar Oud / Oriscent Pure Parfum,,https://www.parfumo.com/Perfumes/ensar-oud/sultan-red-rose-pure-parfum
54678,Ensar Oud,Sultan Rose Attar Ensar Oud / Oriscent 2023 Pure Perfume (Perfume Oil),2023,https://www.parfumo.com/Perfumes/ensar-oud/sultan-rose-attar-pure-perfume
54679,Ensar Oud,Sultan Rose Attar (Perfume Oil),,https://www.parfumo.com/Perfumes/ensar-oud/Sultan_Rose_Attar
54680,Ensar Oud,Sultan's Pursat,,https://www.parfumo.com/Perfumes/ensar-oud/sultan-s-pursat
54681,Ensar Oud,Sultan Salahuddin,,https://www.parfumo.com/Perfumes/ensar-oud/sultan-salahuddin
54682,Ensar Oud,Sultan Salman,,https://www.parfumo.com/Perfumes/ensar-oud/sultan-salman
54683,Ensar Oud,Sultan Sufyan,,https://www.parfumo.com/Perfumes/ensar-oud/sultan-sufyan
54684,Ensar Oud,Sultan Süleyman,,https://www.parfumo.com/Perfumes/ensar-oud/sultan-suleyman
54685,Ensar Oud,Sultan White Rose: Afghanissimo,2025,https://www.fragrantica.com/perfume/Ensar-Oud/Sultan-White-Rose-Afghanissimo-133446.html
54686,Ensar Oud,Sultan White Rose: Blue Yunnan,2026,https://www.fragrantica.com/perfume/Ensar-Oud/Sultan-White-Rose-Blue-Yunnan-133429.html
54687,Ensar Oud,Sultan White Rose: K.K. Island Parfum,2025,https://www.fragrantica.com/perfume/Ensar-Oud/Sultan-White-Rose-K-K-Island-Parfum-134792.html
54688,Ensar Oud,Sultan White Rose: Kyara K,,https://www.parfumo.com/Perfumes/ensar-oud/sultan-white-rose-kyara-k
54689,Ensar Oud,Sultan White Rose: Royal K,,https://www.parfumo.com/Perfumes/ensar-oud/sultan-white-rose-royal-k
54690,Ensar Oud,Sultani 1975,1975,https://www.parfumo.com/Perfumes/ensar-oud/sultani-1975
54691,Ensar Oud,Sultani 1984,2024,https://www.parfumo.com/Perfumes/ensar-oud/sultani-1984
54692,Ensar Oud,Sultani: Sekadau,2024,https://www.parfumo.com/Perfumes/ensar-oud/sultani-sekadau
54693,Ensar Oud,Sumatora,,https://www.parfumo.com/Perfumes/ensar-oud/sumatora
54694,Ensar Oud,Sumatora Senkoh,,https://www.parfumo.com/Perfumes/ensar-oud/sumatora-senkoh
54695,Ensar Oud,Sundanau,,https://www.parfumo.com/Perfumes/ensar-oud/sundanau
54696,Ensar Oud,Suriranka,,https://www.parfumo.com/Perfumes/ensar-oud/suriranka
54697,Ensar Oud,Suriranka Naya,,https://www.parfumo.com/Perfumes/ensar-oud/Suriranka_Naya
54698,Ensar Oud,Suriranka Senkoh,,https://www.parfumo.com/Perfumes/ensar-oud/suriranka-senkoh
54699,Ensar Oud,Sweet China,,https://www.parfumo.com/Perfumes/ensar-oud/Sweet_China
54700,Ensar Oud,Tahitian Gardénia,,https://www.parfumo.com/Perfumes/ensar-oud/tahitian-gardenia
54701,Ensar Oud,Tahitian Gardénia Borneo 3000,2022,https://www.parfumo.com/Perfumes/ensar-oud/tahitian-gardenia-borneo-3000
54702,Ensar Oud,Taif Sultan Perfume Oil,2024,https://www.fragrantica.com/perfume/Ensar-Oud/Taif-Sultan-Perfume-Oil-134814.html
54703,Ensar Oud,Taifi Mélange,,https://www.parfumo.com/Perfumes/ensar-oud/taifi-melange
54704,Ensar Oud,Tanoishi,,https://www.parfumo.com/Perfumes/ensar-oud/tanoishi
54705,Ensar Oud,Temple of Heaven,2025,https://www.fragrantica.com/perfume/Ensar-Oud/Temple-of-Heaven-133483.html
54706,Ensar Oud,Terengganu,2025,https://www.fragrantica.com/perfume/Ensar-Oud/Terengganu-133450.html
54707,Ensar Oud,Thai Tabac: Ambra Royale,2026,https://www.fragrantica.com/perfume/Ensar-Oud/Thai-Tabac-Ambra-Royale-133401.html
54708,Ensar Oud,Thai Tabac Attar (Perfume Oil),,https://www.parfumo.com/Perfumes/ensar-oud/Thai_Tabac
54709,Ensar Oud,Thai Tabac (Eau de Parfum),,https://www.fragrantica.com/perfume/Ensar-Oud/Thai-Tabac-50853.html
54710,Ensar Oud,Thai Tabac Ensar Oud / Oriscent Eau de Parfum,,https://www.parfumo.com/Perfumes/ensar-oud/thai-tabac-eau-de-parfum
54711,Ensar Oud,The Oud Man and the Sea,2025,https://www.fragrantica.com/perfume/Ensar-Oud/The-Oud-Man-and-the-Sea-133488.html
54712,Ensar Oud,The Rose of Sandžak,2026,https://www.fragrantica.com/perfume/Ensar-Oud/The-Rose-of-Sandzak-133408.html
54713,Ensar Oud,Tibetan Musk,2021,https://www.fragrantica.com/perfume/Ensar-Oud/Tibetan-Musk-66738.html
54714,Ensar Oud,Tibetan Musk Ensar Oud / Oriscent Eau de Parfum,,https://www.parfumo.com/Perfumes/ensar-oud/tibetan-musk-eau-de-parfum
54715,Ensar Oud,Tibetan Musk Ghalia,,https://www.parfumo.com/Perfumes/ensar-oud/tibetan-musk-ghalia
54716,Ensar Oud,Tibetan Musk Hailam LTD,,https://www.parfumo.com/Perfumes/ensar-oud/tibetan-musk-hailam-ltd
54717,Ensar Oud,Tibetan Musk: Tibetan Oud,2024,https://www.parfumo.com/Perfumes/ensar-oud/tibetan-musk-tibetan-oud
54718,Ensar Oud,Tibetan Musk Tonkin Edition,,https://www.parfumo.com/Perfumes/ensar-oud/tibetan-musk-tonkin-edition
54719,Ensar Oud,Tibetan Musk: Tyger Mylk,2026,https://www.fragrantica.com/perfume/Ensar-Oud/Tibetan-Musk-Tyger-Mylk-133430.html
54720,Ensar Oud,Tiger Stone,,https://www.parfumo.com/Perfumes/ensar-oud/tiger-stone
54721,Ensar Oud,Tigerlust 1990,1990,https://www.parfumo.com/Perfumes/ensar-oud/tigerlust-1990
54722,Ensar Oud,Tigerlust (Eau de Parfum),2019,https://www.fragrantica.com/perfume/Ensar-Oud/Tigerlust-58896.html
54723,Ensar Oud,Tigerlust Ensar Oud / Oriscent Eau de Parfum,,https://www.parfumo.com/Perfumes/ensar-oud/tigerlust-eau-de-parfum
54724,Ensar Oud,Tigerlust Ensar Oud / Oriscent Pure Parfum,,https://www.parfumo.com/Perfumes/ensar-oud/tigerlust-pure-perfum
54725,Ensar Oud,Tigerlust: Kanbojia,2024,https://www.parfumo.com/Perfumes/ensar-oud/tigerlust-kanbojia
54726,Ensar Oud,Tigerlust: Kurotora,2025,https://www.fragrantica.com/perfume/Ensar-Oud/Tigerlust-Kurotora-134438.html
54727,Ensar Oud,Tigerlust: Tigerwood 1991,2026,https://www.fragrantica.com/perfume/Ensar-Oud/Tigerlust-Tigerwood-1991-133417.html
54728,Ensar Oud,Tigerwood,2025,https://www.fragrantica.com/perfume/Ensar-Oud/Tigerwood-134360.html
54729,Ensar Oud,Tigerwood 1990,1990,https://www.parfumo.com/Perfumes/ensar-oud/tigerwood-1990
54730,Ensar Oud,Tigerwood 1991 Parfum,2026,https://www.fragrantica.com/perfume/Ensar-Oud/Tigerwood-1991-Parfum-133444.html
54731,Ensar Oud,Tigerwood '91,2025,https://www.fragrantica.com/perfume/Ensar-Oud/Tigerwood-91-133465.html
54732,Ensar Oud,Tigerwood Ensar Oud / Oriscent Pure Parfum,,https://www.parfumo.com/Perfumes/ensar-oud/tigerwood-pure-parfum
54733,Ensar Oud,Tigerwood: King Super,,https://www.parfumo.com/Perfumes/ensar-oud/tigerwood-king-super
54734,Ensar Oud,Tigerwood King Super: Sumatora,2025,https://www.fragrantica.com/perfume/Ensar-Oud/Tigerwood-King-Super-Sumatora-133782.html
54735,Ensar Oud,Tigerwood Royale,,https://www.parfumo.com/Perfumes/ensar-oud/tigerwood-royale
54736,Ensar Oud,Tonkin Khus,,https://www.parfumo.com/Perfumes/ensar-oud/tonkin-khus
54737,Ensar Oud,Tonkin Musk,2025,https://www.fragrantica.com/perfume/Ensar-Oud/Tonkin-Musk-133481.html
54738,Ensar Oud,Tonkin Musk Ya Chuan Anthole,,https://www.parfumo.com/Perfumes/ensar-oud/tonkin-musk-ya-chuan-anthole
54739,Ensar Oud,Tripura Musk,,https://www.parfumo.com/Perfumes/ensar-oud/tripura-musk
54740,Ensar Oud,Unnu Accha,,https://www.parfumo.com/Perfumes/ensar-oud/unnu-accha
54741,Ensar Oud,Unnu Izza,,https://www.parfumo.com/Perfumes/ensar-oud/unnu-izza
54742,Ensar Oud,Unnu Kasra,,https://www.parfumo.com/Perfumes/ensar-oud/unnu-kasra
54743,Ensar Oud,VD Raspberry,,https://www.parfumo.com/Perfumes/ensar-oud/vd-raspberry
54744,Ensar Oud,Vietnam Organic,,https://www.parfumo.com/Perfumes/ensar-oud/vietnam-organic
54745,Ensar Oud,Viridian Buzz,2026,https://www.fragrantica.com/perfume/Ensar-Oud/Viridian-Buzz-133414.html
54746,Ensar Oud,Wang Liao Kuo,,https://www.parfumo.com/Perfumes/ensar-oud/wang-liao-kuo
54747,Ensar Oud,Ward Mostafa,2026,https://www.fragrantica.com/perfume/Ensar-Oud/Ward-Mostafa-133442.html
54748,Ensar Oud,Ward Sultan Attar (Perfume Oil),,https://www.parfumo.com/Perfumes/ensar-oud/ward-sultan-attar
54749,Ensar Oud,Ward Sultani,2026,https://www.fragrantica.com/perfume/Ensar-Oud/Ward-Sultani-133419.html
54750,Ensar Oud,White Kinam Ensar Oud / Oriscent 2023 Pure Perfume (Parfum),2023,https://www.parfumo.com/Perfumes/ensar-oud/white-kinam-pure-perfume
54751,Ensar Oud,White Kinam Ensar Oud / Oriscent Oud Oil,,https://www.parfumo.com/Perfumes/ensar-oud/white-kinam-oud-oil
54752,Ensar Oud,White Nights,,https://www.parfumo.com/Perfumes/ensar-oud/white-nights
54753,Ensar Oud,White Nights: Kelantan,,https://www.parfumo.com/Perfumes/ensar-oud/white-nights-kelantan
54754,Ensar Oud,White Nights: Mantarang,,https://www.parfumo.com/Perfumes/ensar-oud/white-nights-mantarang
54755,Ensar Oud,White Nights: Ya Chuan,,https://www.parfumo.com/Perfumes/ensar-oud/white-nights-ya-chuan
54756,Ensar Oud,Wild Himalaya,,https://www.parfumo.com/Perfumes/ensar-oud/Wild_Himalaya
54757,Ensar Oud,Windsor Rose Attar (Perfume Oil),,https://www.parfumo.com/Perfumes/ensar-oud/windsor-rose-attar
54758,Ensar Oud,Woke Morisco - Albanian Van Gogh,2022,https://www.parfumo.com/Perfumes/ensar-oud/woke-morisco-albanian-van-gogh
54759,Ensar Oud,Woke Morisco - Don Morisco,,https://www.parfumo.com/Perfumes/ensar-oud/woke-morisco-don-morisco
54760,Ensar Oud,Woke Morisco - Moshpit Pavarotti,2022,https://www.parfumo.com/Perfumes/ensar-oud/woke-morisco-moshpit-pavarotti
54761,Ensar Oud,Woke Morisco - Musc Morisco,2022,https://www.parfumo.com/Perfumes/ensar-oud/woke-morisco-musc-morisco
54762,Ensar Oud,"Woke Morisco - Transhuman, All Too Transhuman",,https://www.parfumo.com/Perfumes/ensar-oud/woke-morisco-transhuman-all-too-transhuman
54763,Ensar Oud,Xiang Gang,,https://www.parfumo.com/Perfumes/ensar-oud/xiang-gang
54764,Ensar Oud,Xiang Liao Ling,,https://www.parfumo.com/Perfumes/ensar-oud/xiang-liao-ling
54765,Ensar Oud,Ya Chuan,,https://www.parfumo.com/Perfumes/ensar-oud/ya-chuan
54766,Ensar Oud,Yamanashi,2023,https://www.parfumo.com/Perfumes/ensar-oud/yamanashi
54767,Ensar Oud,Yu Nan,,https://www.parfumo.com/Perfumes/ensar-oud/yu-nan
54768,Ensar Oud,Yunnan 2003 Ensar Oud / Oriscent 2023 Pure Parfum,2023,https://www.parfumo.com/Perfumes/ensar-oud/yunnan-2003-pure-parfum
54769,Ensar Oud,Yunnan 2003 Ensar Oud / Oriscent Oud Oil,2003,https://www.parfumo.com/Perfumes/ensar-oud/yunnan-2003-oud-oil
54770,Ensar Oud,Yunnan Royale,,https://www.parfumo.com/Perfumes/ensar-oud/yunnan-royale
54771,Ensar Oud,Yunnan Sultan,,https://www.parfumo.com/Perfumes/ensar-oud/yunnan-sultan
54772,Ensar Oud,Yusuf Ghalia,2025,https://www.fragrantica.com/perfume/Ensar-Oud/Yusuf-Ghalia-133456.html
54773,Ensar Oud,Yusuf Ghalia Extrait de Parfum,2025,https://www.fragrantica.com/perfume/Ensar-Oud/Yusuf-Ghalia-Extrait-de-Parfum-134799.html
54774,Ensar Oud,Yusuf Royale Ensar Oud / Oriscent 2023 Pure Parfum (Extrait de Parfum),2023,https://www.parfumo.com/Perfumes/ensar-oud/yusuf-royale-pure-parfum
54775,Ensar Oud,Yusuf Royale Ensar Oud / Oriscent Oud Oil,,https://www.parfumo.com/Perfumes/ensar-oud/yusuf-royale-oud-oil
54776,Ensar Oud,Zafran Sultan,,https://www.parfumo.com/Perfumes/ensar-oud/zafran-sultan
54777,Ensar Oud,Zaza Zen,,https://www.parfumo.com/Perfumes/ensar-oud/zaza-zen
54778,enSoie,1990,2019,https://www.fragrantica.com/perfume/enSoie/1990-73563.html
54779,enSoie,2241,2021,https://www.fragrantica.com/perfume/enSoie/2241-73557.html
54780,enSoie,Love Rules Forever,2018,https://www.fragrantica.com/perfume/enSoie/Love-Rules-Forever-73562.html
54781,Entre D'Eux,Bitter Vitae,2025,https://www.fragrantica.com/perfume/Entre-D-Eux/Bitter-Vitae-104545.html
54782,Entre D'Eux,Nkumba Flos,2025,https://www.fragrantica.com/perfume/Entre-D-Eux/Nkumba-Flos-104544.html
54783,Entre D'Eux,Verte Grez,2022,https://www.fragrantica.com/perfume/Entre-D-Eux/Verte-Grez-104491.html
54784,Entre Filles,Saison 1,2007,https://www.fragrantica.com/perfume/Entre-Filles/Saison-1-3138.html
54785,Entre Filles,Saison 2,2007,https://www.fragrantica.com/perfume/Entre-Filles/Saison-2-3139.html
54786,Entre Filles,Saison 3,2008,https://www.fragrantica.com/perfume/Entre-Filles/Saison-3-4267.html
54787,Entre Filles,Saison 4,2010,https://www.fragrantica.com/perfume/Entre-Filles/Saison-4-14015.html
54788,Entre Filles,Saison 4 Rose Edition,2010,https://www.fragrantica.com/perfume/Entre-Filles/Saison-4-Rose-Edition-14016.html
54789,Eolie Parfums,Abraxas,2017,https://www.fragrantica.com/perfume/Eolie-Parfums/Abraxas-46822.html
54790,Eolie Parfums,Alba Chiara,2024,https://www.fragrantica.com/perfume/Eolie-Parfums/Alba-Chiara-91840.html
54791,Eolie Parfums,Dulcis,2024,https://www.fragrantica.com/perfume/Eolie-Parfums/Dulcis-91841.html
54792,Eolie Parfums,Eolia,2018,https://www.fragrantica.com/perfume/Eolie-Parfums/Eolia-79285.html
54793,Eolie Parfums,Ericusa,2014,https://www.fragrantica.com/perfume/Eolie-Parfums/Ericusa-46808.html
54794,Eolie Parfums,Hierà,2014,https://www.fragrantica.com/perfume/Eolie-Parfums/Hiera-46809.html
54795,Eolie Parfums,Ikesia,2014,https://www.fragrantica.com/perfume/Eolie-Parfums/Ikesia-46810.html
54796,Eolie Parfums,La Sciara,2014,https://www.fragrantica.com/perfume/Eolie-Parfums/La-Sciara-46811.html
54797,Eolie Parfums,Le Saline,2014,https://www.fragrantica.com/perfume/Eolie-Parfums/Le-Saline-46817.html
54798,Eolie Parfums,Luna Blu,2024,https://www.fragrantica.com/perfume/Eolie-Parfums/Luna-Blu-91842.html
54799,Eolie Parfums,Malvasia,2026,https://www.fragrantica.com/perfume/Eolie-Parfums/Malvasia-140377.html
54800,Eolie Parfums,Meligunis,2014,https://www.fragrantica.com/perfume/Eolie-Parfums/Meligunis-46818.html
54801,Eolie Parfums,Nesos,2020,https://www.fragrantica.com/perfume/Eolie-Parfums/Nesos-96792.html
54802,Eolie Parfums,Nyx,2020,https://www.fragrantica.com/perfume/Eolie-Parfums/Nyx-96793.html
54803,Eolie Parfums,Perla di Amore,,https://www.fragrantica.com/perfume/Eolie-Parfums/Perla-di-Amore-72001.html
54804,Eolie Parfums,Perla di Fiori,,https://www.fragrantica.com/perfume/Eolie-Parfums/Perla-di-Fiori-72002.html
54805,Eolie Parfums,Perla di Fuoco,,https://www.fragrantica.com/perfume/Eolie-Parfums/Perla-di-Fuoco-72003.html
54806,Eolie Parfums,Perla di Lava,,https://www.fragrantica.com/perfume/Eolie-Parfums/Perla-di-Lava-72004.html
54807,Eolie Parfums,Perla di Mare,,https://www.fragrantica.com/perfume/Eolie-Parfums/Perla-di-Mare-72005.html
54808,Eolie Parfums,Perla di Terra,,https://www.fragrantica.com/perfume/Eolie-Parfums/Perla-di-Terra-72006.html
54809,Eolie Parfums,Perla di Vento,,https://www.fragrantica.com/perfume/Eolie-Parfums/Perla-di-Vento-72007.html
54810,Eolie Parfums,Perla Nera - La Sciara Intense Limited Edition,2024,https://www.fragrantica.com/perfume/Eolie-Parfums/Perla-Nera-La-Sciara-Intense-Limited-Edition-96794.html
54811,Eolie Parfums,Phoenicus,2014,https://www.fragrantica.com/perfume/Eolie-Parfums/Phoenicus-46819.html
54812,Eolie Parfums,Tabacco Rosa,2024,https://www.fragrantica.com/perfume/Eolie-Parfums/Tabacco-Rosa-91843.html
54813,Eolie Parfums,Ventus,2015,https://www.fragrantica.com/perfume/Eolie-Parfums/Ventus-46821.html
54814,Eolie Parfums,Zephyrus,2015,https://www.fragrantica.com/perfume/Eolie-Parfums/Zephyrus-46820.html
54815,Eon Productions,James Bond 007,2012,https://www.fragrantica.com/perfume/Eon-Productions/James-Bond-007-15944.html
54816,Eon Productions,James Bond 007 Cologne (Eau de Cologne),2018,https://www.fragrantica.com/perfume/Eon-Productions/James-Bond-007-Cologne-50121.html
54817,Eon Productions,James Bond 007 Edition Gold,2012,https://www.fragrantica.com/perfume/Eon-Productions/James-Bond-007-Edition-Gold-16556.html
54818,Eon Productions,James Bond 007 for Women,2015,https://www.fragrantica.com/perfume/Eon-Productions/James-Bond-007-for-Women-29401.html
54819,Eon Productions,James Bond 007 for Women II,2016,https://www.fragrantica.com/perfume/Eon-Productions/James-Bond-007-for-Women-II-35839.html
54820,Eon Productions,James Bond 007 for Women III,2017,https://www.fragrantica.com/perfume/Eon-Productions/James-Bond-007-for-Women-III-46458.html
54821,Eon Productions,James Bond 007 Ocean Royale,2013,https://www.fragrantica.com/perfume/Eon-Productions/James-Bond-007-Ocean-Royale-17832.html
54822,Eon Productions,James Bond 007 Pour Femme,2020,https://www.fragrantica.com/perfume/Eon-Productions/James-Bond-007-Pour-Femme-59439.html
54823,Eon Productions,James Bond 007 Pour Homme,2020,https://www.fragrantica.com/perfume/Eon-Productions/James-Bond-007-Pour-Homme-59441.html
54824,Eon Productions,James Bond 007 Quantum,2013,https://www.fragrantica.com/perfume/Eon-Productions/James-Bond-007-Quantum-18969.html
54825,Eon Productions,James Bond 007 Seven,2015,https://www.fragrantica.com/perfume/Eon-Productions/James-Bond-007-Seven-31784.html
54826,Eon Productions,James Bond 007 Seven Intense,2015,https://www.fragrantica.com/perfume/Eon-Productions/James-Bond-007-Seven-Intense-31785.html
54827,EOS,Caramel Cashmere,2025,https://www.fragrantica.com/perfume/EOS/Caramel-Cashmere-124128.html
54828,EOS,Cocoa Cashmere,2025,https://www.fragrantica.com/perfume/EOS/Cocoa-Cashmere-122801.html
54829,EOS,Coconut Waters,2025,https://www.fragrantica.com/perfume/EOS/Coconut-Waters-124130.html
54830,EOS,Crème de Pistachio,2025,https://www.fragrantica.com/perfume/EOS/Creme-de-Pistachio-124131.html
54831,EOS,Fresh & Cozy,2025,https://www.fragrantica.com/perfume/EOS/Fresh-Cozy-124132.html
54832,EOS,Jasmine Peach,2025,https://www.fragrantica.com/perfume/EOS/Jasmine-Peach-124133.html
54833,EOS,Peppermint Cashmere,2025,https://www.fragrantica.com/perfume/EOS/Peppermint-Cashmere-124129.html
54834,EOS,Pink Champagne,2025,https://www.fragrantica.com/perfume/EOS/Pink-Champagne-124134.html
54835,EOS,Pomegranate Raspberry,2025,https://www.fragrantica.com/perfume/EOS/Pomegranate-Raspberry-124136.html
54836,EOS,Strawberry Dream,2025,https://www.fragrantica.com/perfume/EOS/Strawberry-Dream-122800.html
54837,EOS,Vanilla Cashmere,2025,https://www.fragrantica.com/perfume/EOS/Vanilla-Cashmere-122799.html
54838,EPC Experimental Perfume Club,1950 Limited Edition Blends,2022,https://www.fragrantica.com/perfume/EPC-Experimental-Perfume-Club/1950-Limited-Edition-Blends-75654.html
54839,EPC Experimental Perfume Club,Amber Iris,2019,https://www.fragrantica.com/perfume/EPC-Experimental-Perfume-Club/Amber-Iris-63855.html
54840,EPC Experimental Perfume Club,Ambre Épices,2019,https://www.fragrantica.com/perfume/EPC-Experimental-Perfume-Club/Ambre-Epices-80962.html
54841,EPC Experimental Perfume Club,Bergamot Incense,2018,https://www.fragrantica.com/perfume/EPC-Experimental-Perfume-Club/Bergamot-Incense-63858.html
54842,EPC Experimental Perfume Club,Black Nagarmotha,2022,https://www.fragrantica.com/perfume/EPC-Experimental-Perfume-Club/Black-Nagarmotha-80968.html
54843,EPC Experimental Perfume Club,Cardamom Moss,2022,https://www.fragrantica.com/perfume/EPC-Experimental-Perfume-Club/Cardamom-Moss-81014.html
54844,EPC Experimental Perfume Club,Cedarwood Absinth,2022,https://www.fragrantica.com/perfume/EPC-Experimental-Perfume-Club/Cedarwood-Absinth-81019.html
54845,EPC Experimental Perfume Club,Fig Neroli,2019,https://www.fragrantica.com/perfume/EPC-Experimental-Perfume-Club/Fig-Neroli-63859.html
54846,EPC Experimental Perfume Club,Fleur d’Ambre,2020,https://www.fragrantica.com/perfume/EPC-Experimental-Perfume-Club/Fleur-d-Ambre-80965.html
54847,EPC Experimental Perfume Club,Iris Carmin,2021,https://www.fragrantica.com/perfume/EPC-Experimental-Perfume-Club/Iris-Carmin-75653.html
54848,EPC Experimental Perfume Club,Jasmine Osmanthus,2018,https://www.fragrantica.com/perfume/EPC-Experimental-Perfume-Club/Jasmine-Osmanthus-63860.html
54849,EPC Experimental Perfume Club,Pistachio Haiku,2024,https://www.fragrantica.com/perfume/EPC-Experimental-Perfume-Club/Pistachio-Haiku-96572.html
54850,EPC Experimental Perfume Club,Rose Charcoal,2020,https://www.fragrantica.com/perfume/EPC-Experimental-Perfume-Club/Rose-Charcoal-80967.html
54851,EPC Experimental Perfume Club,Rose Rhubarb,2019,https://www.fragrantica.com/perfume/EPC-Experimental-Perfume-Club/Rose-Rhubarb-63856.html
54852,EPC Experimental Perfume Club,Sable Gris,2022,https://www.fragrantica.com/perfume/EPC-Experimental-Perfume-Club/Sable-Gris-80963.html
54853,EPC Experimental Perfume Club,Sandalwood Musk,2018,https://www.fragrantica.com/perfume/EPC-Experimental-Perfume-Club/Sandalwood-Musk-63861.html
54854,EPC Experimental Perfume Club,Santal Nuit,2020,https://www.fragrantica.com/perfume/EPC-Experimental-Perfume-Club/Santal-Nuit-80983.html
54855,EPC Experimental Perfume Club,Smell Like A King (Limited Edition),2023,https://www.fragrantica.com/perfume/EPC-Experimental-Perfume-Club/Smell-Like-A-King-Limited-Edition-82010.html
54856,EPC Experimental Perfume Club,Soleil d'Hiver,2024,https://www.fragrantica.com/perfume/EPC-Experimental-Perfume-Club/Soleil-d-Hiver-96573.html
54857,EPC Experimental Perfume Club,Tonka Extraordinaire,2022,https://www.fragrantica.com/perfume/EPC-Experimental-Perfume-Club/Tonka-Extraordinaire-80972.html
54858,EPC Experimental Perfume Club,Tonka Sesame,2022,https://www.fragrantica.com/perfume/EPC-Experimental-Perfume-Club/Tonka-Sesame-81018.html
54859,EPC Experimental Perfume Club,Velvet Incense,2020,https://www.fragrantica.com/perfume/EPC-Experimental-Perfume-Club/Velvet-Incense-80964.html
54860,Ephemera by Unsound,Bass,2015,https://www.fragrantica.com/perfume/Ephemera-by-Unsound/Bass-30678.html
54861,Ephemera by Unsound,Drone,2015,https://www.fragrantica.com/perfume/Ephemera-by-Unsound/Drone-30679.html
54862,Ephemera by Unsound,Noise,2015,https://www.fragrantica.com/perfume/Ephemera-by-Unsound/Noise-30680.html
54863,Ephemeral Dyadic,Acid Aqua,2026,https://www.fragrantica.com/perfume/Ephemeral-Dyadic/Acid-Aqua-137467.html
54864,Ephemeral Dyadic,Another World,2023,https://www.fragrantica.com/perfume/Ephemeral-Dyadic/Another-World-85343.html
54865,Ephemeral Dyadic,Bodhi & Utah,2023,https://www.fragrantica.com/perfume/Ephemeral-Dyadic/Bodhi-Utah-85346.html
54866,Ephemeral Dyadic,Dark Dreams,2023,https://www.fragrantica.com/perfume/Ephemeral-Dyadic/Dark-Dreams-83128.html
54867,Ephemeral Dyadic,Liquid Skin,2023,https://www.fragrantica.com/perfume/Ephemeral-Dyadic/Liquid-Skin-83129.html
54868,Ephemeral Dyadic,Lost Chemistry,2023,https://www.fragrantica.com/perfume/Ephemeral-Dyadic/Lost-Chemistry-83130.html
54869,Ephemeral Dyadic,Missing Feeling,2023,https://www.fragrantica.com/perfume/Ephemeral-Dyadic/Missing-Feeling-83127.html
54870,Ephemeral Dyadic,No Taboos,2023,https://www.fragrantica.com/perfume/Ephemeral-Dyadic/No-Taboos-85358.html
54871,Ephemeral Dyadic,Ozymandias,2023,https://www.fragrantica.com/perfume/Ephemeral-Dyadic/Ozymandias-85353.html
54872,Ephemeral Dyadic,Psychic Vibrations,2025,https://www.fragrantica.com/perfume/Ephemeral-Dyadic/Psychic-Vibrations-105408.html
54873,Epichron,Nightchild,2025,https://www.fragrantica.com/perfume/Epichron/Nightchild-108562.html
54874,Epichron,Poudre,2020,https://www.fragrantica.com/perfume/Epichron/Poudre-121514.html
54875,Epichron,Twin Peaks 雙記,2024,https://www.fragrantica.com/perfume/Epichron/Twin-Peaks-shuang-ji-105474.html
54876,Epicò,Almanera,2022,https://www.fragrantica.com/perfume/Epico/Almanera-74892.html
54877,Epicò,Candyva,2026,https://www.fragrantica.com/perfume/Epico/Candyva-130710.html
54878,Epicò,Don't Call Me Oud,2024,https://www.fragrantica.com/perfume/Epico/Don-t-Call-Me-Oud-96953.html
54879,Epicò,Eremo,2022,https://www.fragrantica.com/perfume/Epico/Eremo-74894.html
54880,Epicò,Evoleurt,2026,https://www.fragrantica.com/perfume/Epico/Evoleurt-137434.html
54881,Epicò,Frida,2022,https://www.fragrantica.com/perfume/Epico/Frida-74889.html
54882,Epicò,Gitano,2022,https://www.fragrantica.com/perfume/Epico/Gitano-74890.html
54883,Epicò,Luminoud,2026,https://www.fragrantica.com/perfume/Epico/Luminoud-137435.html
54884,Epicò,Macaron,2024,https://www.fragrantica.com/perfume/Epico/Macaron-103923.html
54885,Epicò,Merci Cafe',2024,https://www.fragrantica.com/perfume/Epico/Merci-Cafe-103925.html
54886,Epicò,Midnight,2023,https://www.fragrantica.com/perfume/Epico/Midnight-81397.html
54887,Epicò,Mon Amour,2023,https://www.fragrantica.com/perfume/Epico/Mon-Amour-103924.html
54888,Epicò,Noir Porto Rico,2026,https://www.fragrantica.com/perfume/Epico/Noir-Porto-Rico-137433.html
54889,Epicò,Otello,2022,https://www.fragrantica.com/perfume/Epico/Otello-74888.html
54890,Epicò,Sultan,2022,https://www.fragrantica.com/perfume/Epico/Sultan-74895.html
54891,Epicò,Thelycheeus,2025,https://www.fragrantica.com/perfume/Epico/Thelycheeus-107239.html
54892,Epicò,Vanesia,2022,https://www.fragrantica.com/perfume/Epico/Vanesia-74891.html
54893,Epicò,Vanì Charnel,2022,https://www.fragrantica.com/perfume/Epico/Vani-Charnel-74893.html
54894,Epicò,Vani Noire,2023,https://www.fragrantica.com/perfume/Epico/Vani-Noire-81894.html
54895,Epicò,Vanì Rhum,2024,https://www.fragrantica.com/perfume/Epico/Vani-Rhum-97206.html
54896,Epicò,Will Be Love,2023,https://www.fragrantica.com/perfume/Epico/Will-Be-Love-86154.html
54897,Epilogue,Allure of the Peach Garden,2024,https://www.fragrantica.com/perfume/Epilogue/Allure-of-the-Peach-Garden-127434.html
54898,Epilogue,He Wore Fig in Autumn,2025,https://www.fragrantica.com/perfume/Epilogue/He-Wore-Fig-in-Autumn-127437.html
54899,Epilogue,"Senator, I'm Singaporean",2025,https://www.fragrantica.com/perfume/Epilogue/Senator-I-m-Singaporean-127438.html
54900,Epilogue,The Apple of My Eye,2024,https://www.fragrantica.com/perfume/Epilogue/The-Apple-of-My-Eye-127435.html
54901,Epilogue,The City That Never Sleeps,2026,https://www.fragrantica.com/perfume/Epilogue/The-City-That-Never-Sleeps-134608.html
54902,Epilogue,The Golden Rice Bowl,2026,https://www.fragrantica.com/perfume/Epilogue/The-Golden-Rice-Bowl-134607.html
54903,Epilogue,Under the Litchi Tree,2025,https://www.fragrantica.com/perfume/Epilogue/Under-the-Litchi-Tree-127436.html
54904,Epock,Key Car,2020,https://www.fragrantica.com/perfume/Epock/Key-Car-131942.html
54905,Equality. Fragrances,A Child's Mind,2023,https://www.fragrantica.com/perfume/Equality-Fragrances/A-Child-s-Mind-114417.html
54906,Equality. Fragrances,Dear Empathy,2021,https://www.fragrantica.com/perfume/Equality-Fragrances/Dear-Empathy-75038.html
54907,Equality. Fragrances,equality.,2020,https://www.fragrantica.com/perfume/Equality-Fragrances/equality-62737.html
54908,Equality. Fragrances,Silent Vow,2025,https://www.fragrantica.com/perfume/Equality-Fragrances/Silent-Vow-109195.html
54909,Equality. Fragrances,[un]broken,2022,https://www.fragrantica.com/perfume/Equality-Fragrances/un-broken-114416.html
54910,Era Novum,Awakening,2026,https://www.fragrantica.com/perfume/Era-Novum/Awakening-142232.html
54911,ERAM / エラム,1830 / Ichi Hachi San Zero,2024,https://www.fragrantica.com/perfume/ERAM-eramu/1830-Ichi-Hachi-San-Zero-136479.html
54912,ERAM / エラム,Anten / 暗転,2024,https://www.fragrantica.com/perfume/ERAM-eramu/Anten-an-zhuan-136476.html
54913,ERAM / エラム,Betsujin / 別人,2024,https://www.fragrantica.com/perfume/ERAM-eramu/Betsujin-bie-ren-136474.html
54914,ERAM / エラム,Chokan / 朝刊,2024,https://www.fragrantica.com/perfume/ERAM-eramu/Chokan-chao-kan-136478.html
54915,ERAM / エラム,Dokuhaku / 独白,2024,https://www.fragrantica.com/perfume/ERAM-eramu/Dokuhaku-du-bai-136487.html
54916,ERAM / エラム,Itazura / 徒ら,2024,https://www.fragrantica.com/perfume/ERAM-eramu/Itazura-tura-136475.html
54917,ERAM / エラム,Katasumi / 片隅,2024,https://www.fragrantica.com/perfume/ERAM-eramu/Katasumi-pian-yu-136477.html
54918,ERAM / エラム,Kiroku / 記録,2024,https://www.fragrantica.com/perfume/ERAM-eramu/Kiroku-ji-lu-136484.html
54919,ERAM / エラム,Kodo / 鼓動,2024,https://www.fragrantica.com/perfume/ERAM-eramu/Kodo-gu-dong-136485.html
54920,ERAM / エラム,Memai / めまい,2024,https://www.fragrantica.com/perfume/ERAM-eramu/Memai-memai-136480.html
54921,ERAM / エラム,Ryosen / 稜線,2024,https://www.fragrantica.com/perfume/ERAM-eramu/Ryosen-leng-xian-136483.html
54922,ERAM / エラム,Shotai / 正体,2024,https://www.fragrantica.com/perfume/ERAM-eramu/Shotai-zheng-ti-136482.html
54923,ERAM / エラム,Shunjun / 逡巡,2024,https://www.fragrantica.com/perfume/ERAM-eramu/Shunjun-qun-xun-136481.html
54924,ERAM / エラム,Tsukanoma / 束の間,2024,https://www.fragrantica.com/perfume/ERAM-eramu/Tsukanoma-shuno-jian-136486.html
54925,Erasmic,Ami des Fleurs,1917,https://www.fragrantica.com/perfume/Erasmic/Ami-des-Fleurs-125981.html
54926,Erasmic,Bal Masqué,1905,https://www.fragrantica.com/perfume/Erasmic/Bal-Masque-125982.html
54927,Erasmic,Brise du Midi,1917,https://www.fragrantica.com/perfume/Erasmic/Brise-du-Midi-125984.html
54928,Erasmic,Chypre,1920,https://www.fragrantica.com/perfume/Erasmic/Chypre-125987.html
54929,Erasmic,Coquette,1917,https://www.fragrantica.com/perfume/Erasmic/Coquette-125988.html
54930,Erasmic,Countess,1889,https://www.fragrantica.com/perfume/Erasmic/Countess-126122.html
54931,Erasmic,Crishna,1920,https://www.fragrantica.com/perfume/Erasmic/Crishna-125965.html
54932,Erasmic,Duchess,1889,https://www.fragrantica.com/perfume/Erasmic/Duchess-126123.html
54933,Erasmic,Elite,1910,https://www.fragrantica.com/perfume/Erasmic/Elite-125964.html
54934,Erasmic,Erasmic de Lui,1920,https://www.fragrantica.com/perfume/Erasmic/Erasmic-de-Lui-125966.html
54935,Erasmic,Erasmic Herb,1923,https://www.fragrantica.com/perfume/Erasmic/Erasmic-Herb-125960.html
54936,Erasmic,Extase,1923,https://www.fragrantica.com/perfume/Erasmic/Extase-125970.html
54937,Erasmic,Himalaya Bouquet,1920,https://www.fragrantica.com/perfume/Erasmic/Himalaya-Bouquet-125977.html
54938,Erasmic,Je Te Caresse,1920,https://www.fragrantica.com/perfume/Erasmic/Je-Te-Caresse-126124.html
54939,Erasmic,Kama Saya,,https://www.fragrantica.com/perfume/Erasmic/Kama-Saya-126125.html
54940,Erasmic,La Reine d'Egypte,1911,https://www.fragrantica.com/perfume/Erasmic/La-Reine-d-Egypte-125961.html
54941,Erasmic,Lily of the Valley,,https://www.fragrantica.com/perfume/Erasmic/Lily-of-the-Valley-125975.html
54942,Erasmic,Melba,1920,https://www.fragrantica.com/perfume/Erasmic/Melba-126130.html
54943,Erasmic,Mille Fleurs,1920,https://www.fragrantica.com/perfume/Erasmic/Mille-Fleurs-125973.html
54944,Erasmic,Naisma,1908,https://www.fragrantica.com/perfume/Erasmic/Naisma-126129.html
54945,Erasmic,Nordys,1923,https://www.fragrantica.com/perfume/Erasmic/Nordys-126131.html
54946,Erasmic,Oeillet,1920,https://www.fragrantica.com/perfume/Erasmic/Oeillet-126126.html
54947,Erasmic,Old London Lavender,1926,https://www.fragrantica.com/perfume/Erasmic/Old-London-Lavender-125978.html
54948,Erasmic,Perfume of Mecca,1889,https://www.fragrantica.com/perfume/Erasmic/Perfume-of-Mecca-125962.html
54949,Erasmic,Ranjani,1923,https://www.fragrantica.com/perfume/Erasmic/Ranjani-126127.html
54950,Erasmic,Red Rose of Lancaster,1923,https://www.fragrantica.com/perfume/Erasmic/Red-Rose-of-Lancaster-126128.html
54951,Erasmic,Rose,1920,https://www.fragrantica.com/perfume/Erasmic/Rose-125968.html
54952,Erasmic,Royal Erasmic,1920,https://www.fragrantica.com/perfume/Erasmic/Royal-Erasmic-126136.html
54953,Erasmic,Success of the Season,1923,https://www.fragrantica.com/perfume/Erasmic/Success-of-the-Season-126135.html
54954,Erasmic,Summer Bloom,1920,https://www.fragrantica.com/perfume/Erasmic/Summer-Bloom-125963.html
54955,Erasmic,Sympathy,1917,https://www.fragrantica.com/perfume/Erasmic/Sympathy-126137.html
54956,Erasmic,Xenia,1919,https://www.fragrantica.com/perfume/Erasmic/Xenia-125972.html
54957,Erb,Crimson Chromatic,2025,https://www.fragrantica.com/perfume/Erb/Crimson-Chromatic-105037.html
54958,Erba Vita,Aqua Maris,2020,https://www.fragrantica.com/perfume/Erba-Vita/Aqua-Maris-105317.html
54959,Erbario Toscano,Agrumato di Costa,,https://www.fragrantica.com/perfume/Erbario-Toscano/Agrumato-di-Costa-10575.html
54960,Erbario Toscano,Bacche di Tuscia,2015,https://www.fragrantica.com/perfume/Erbario-Toscano/Bacche-di-Tuscia-39846.html
54961,Erbario Toscano,Cedro & Bergamotto Cedar & Bergamot,2001,https://www.parfumo.com/Perfumes/Erbario_Toscano/Cedro__Bergamotto_Cedar__Bergamot
54962,Erbario Toscano,Cuoio Bianco,2019,https://www.fragrantica.com/perfume/Erbario-Toscano/Cuoio-Bianco-94888.html
54963,Erbario Toscano,Cuore di Pepe Nero,2012,https://www.fragrantica.com/perfume/Erbario-Toscano/Cuore-di-Pepe-Nero-39854.html
54964,Erbario Toscano,Cuore di Pepe Nero Black Pepper,,https://www.parfumo.com/Perfumes/Erbario_Toscano/Cuore_Di_Pepe_Nero_Black_Pepper
54965,Erbario Toscano,Delfina - Brezza Marina,2007,https://www.parfumo.com/Perfumes/Erbario_Toscano/Delfina_Brezza_Marina
54966,Erbario Toscano,Elicriso Marino,2019,https://www.fragrantica.com/perfume/Erbario-Toscano/Elicriso-Marino-94889.html
54967,Erbario Toscano,Fico d'Elba,2015,https://www.fragrantica.com/perfume/Erbario-Toscano/Fico-d-Elba-39848.html
54968,Erbario Toscano,Fior Gentile,2019,https://www.fragrantica.com/perfume/Erbario-Toscano/Fior-Gentile-94890.html
54969,Erbario Toscano,Foglia Ghiacciata,2019,https://www.fragrantica.com/perfume/Erbario-Toscano/Foglia-Ghiacciata-94891.html
54970,Erbario Toscano,Fumo di Oppio,2015,https://www.fragrantica.com/perfume/Erbario-Toscano/Fumo-di-Oppio-39847.html
54971,Erbario Toscano,Gocce di Lavanda,1998,https://www.parfumo.com/Perfumes/Erbario_Toscano/Gocce_di_Lavanda
54972,Erbario Toscano,Gocce di Resina,2013,https://www.fragrantica.com/perfume/Erbario-Toscano/Gocce-di-Resina-39850.html
54973,Erbario Toscano,Gocce di Resina Resin Drops,,https://www.parfumo.com/Perfumes/Erbario_Toscano/Gocce_Di_Resina_Resin_Drops
54974,Erbario Toscano,Iris Muschiato,2019,https://www.fragrantica.com/perfume/Erbario-Toscano/Iris-Muschiato-94892.html
54975,Erbario Toscano,La Via del Profumo - Cuoio Bianco,1939,https://www.parfumo.com/Perfumes/Erbario_Toscano/la-via-del-profumo-cuoio-bianco
54976,Erbario Toscano,La Via del Profumo - Fior Gentile,,https://www.parfumo.com/Perfumes/Erbario_Toscano/la-via-del-profumo-fior-gentile
54977,Erbario Toscano,La Via del Profumo - Foglia Ghiacciata,2019,https://www.parfumo.com/Perfumes/Erbario_Toscano/la-via-del-profumo-foglia-ghiacciata
54978,Erbario Toscano,La Via del Profumo - Iris Muschiato,,https://www.parfumo.com/Perfumes/Erbario_Toscano/la-via-del-profumo-iris-muschiato
54979,Erbario Toscano,La Via del Profumo - Legno Patchouli,2015,https://www.parfumo.com/Perfumes/Erbario_Toscano/la-via-del-profumo-legno-patchouli
54980,Erbario Toscano,La Via del Profumo - Tabacco Dolce,2010,https://www.parfumo.com/Perfumes/Erbario_Toscano/la-via-del-profumo-tabacco-dolce
54981,Erbario Toscano,Legno di Rosa,2013,https://www.fragrantica.com/perfume/Erbario-Toscano/Legno-di-Rosa-39851.html
54982,Erbario Toscano,Legno Patchouli,2019,https://www.fragrantica.com/perfume/Erbario-Toscano/Legno-Patchouli-94893.html
54983,Erbario Toscano,Noble Flowers,,https://www.fragrantica.com/perfume/Erbario-Toscano/Noble-Flowers-49744.html
54984,Erbario Toscano,Polvere di Siena,2013,https://www.fragrantica.com/perfume/Erbario-Toscano/Polvere-di-Siena-39852.html
54985,Erbario Toscano,Primavera Toscana,2014,https://www.fragrantica.com/perfume/Erbario-Toscano/Primavera-Toscana-39833.html
54986,Erbario Toscano,Rabarbaro Esperidato,2019,https://www.fragrantica.com/perfume/Erbario-Toscano/Rabarbaro-Esperidato-94894.html
54987,Erbario Toscano,Salis,2017,https://www.fragrantica.com/perfume/Erbario-Toscano/Salis-46398.html
54988,Erbario Toscano,Speziato Nero,2019,https://www.fragrantica.com/perfume/Erbario-Toscano/Speziato-Nero-94895.html
54989,Erbario Toscano,Sugar Spicy,,https://www.fragrantica.com/perfume/Erbario-Toscano/Sugar-Spicy-49743.html
54990,Erbario Toscano,Tabacco Dolce,2019,https://www.fragrantica.com/perfume/Erbario-Toscano/Tabacco-Dolce-94896.html
54991,Erbario Toscano,Terra,2019,https://www.fragrantica.com/perfume/Erbario-Toscano/Terra-94897.html
54992,Erbario Toscano,Tuberosa Ambrata,2019,https://www.fragrantica.com/perfume/Erbario-Toscano/Tuberosa-Ambrata-94898.html
54993,Erbario Toscano,Vaniglia Piccante,2012,https://www.fragrantica.com/perfume/Erbario-Toscano/Vaniglia-Piccante-39849.html
54994,Erbario Toscano,Violetta Nobile,2014,https://www.fragrantica.com/perfume/Erbario-Toscano/Violetta-Nobile-39853.html
54995,Erbario Toscano,Wild Musk,,https://www.fragrantica.com/perfume/Erbario-Toscano/Wild-Musk-49742.html
54996,Erbario Toscano,Zafferano Rosa,2019,https://www.fragrantica.com/perfume/Erbario-Toscano/Zafferano-Rosa-94899.html
54997,Erboristeria Magentina,Profumo degli Angeli,,https://www.fragrantica.com/perfume/Erboristeria-Magentina/Profumo-degli-Angeli-38317.html
54998,Erboristeria Magentina,Profumo degli Elfi,,https://www.fragrantica.com/perfume/Erboristeria-Magentina/Profumo-degli-Elfi-38320.html
54999,Erboristeria Magentina,Profumo degli Esseni,,https://www.fragrantica.com/perfume/Erboristeria-Magentina/Profumo-degli-Esseni-38319.html
55000,Erboristeria Magentina,Profumo delle Fate,,https://www.fragrantica.com/perfume/Erboristeria-Magentina/Profumo-delle-Fate-38318.html