id,brand_name,product_name,release_year,source_url
40001,Comme des Garcons,Blue Encens,2013,https://www.fragrantica.com/perfume/Comme-des-Garcons/Blue-Encens-18876.html
40002,Comme des Garcons,Blue Invasion - Blue Cedrat,2013,https://www.parfumo.com/Perfumes/Comme_des_Garons/Blue_Invasion_Blue_Cedrat
40003,Comme des Garcons,Blue Invasion - Blue Encens,2013,https://www.parfumo.com/Perfumes/Comme_des_Garons/Blue_Invasion_Blue_Encens
40004,Comme des Garcons,Blue Invasion - Blue Santal,2013,https://www.parfumo.com/Perfumes/Comme_des_Garons/Blue_Invasion_Blue_Santal
40005,Comme des Garcons,Blue Santal,2013,https://www.fragrantica.com/perfume/Comme-des-Garcons/Blue-Santal-18878.html
40006,Comme des Garcons,Celluloid Galbanum,2019,https://www.fragrantica.com/perfume/Comme-des-Garcons/Celluloid-Galbanum-57515.html
40007,Comme des Garcons,Chalayan Airborne,2011,https://www.parfumo.com/Perfumes/Comme_des_Garons/Chalayan_Airborne
40008,Comme des Garçons,Champaca Eau De Parfum,,https://huggingface.co/datasets/doevent/perfume
40009,Comme des Garçons,Champaca Eau De Toilette,,https://huggingface.co/datasets/doevent/perfume
40010,Comme des Garcons,Chlorophyll Gardenia,2019,https://www.fragrantica.com/perfume/Comme-des-Garcons/Chlorophyll-Gardenia-57514.html
40011,Comme des Garçons,Clash : Celluloid Galbanum,,https://huggingface.co/datasets/doevent/perfume
40012,Comme des Garçons,Clash : Chlorophyll Gardenia,,https://huggingface.co/datasets/doevent/perfume
40013,Comme des Garçons,Clash : Radish Vetiver,,https://huggingface.co/datasets/doevent/perfume
40014,Comme des Garcons,Classique Perdu,2025,https://www.fragrantica.com/perfume/Comme-des-Garcons/Classique-Perdu-116397.html
40015,Comme des Garcons,Comme 3,2002,https://www.parfumo.com/Perfumes/Comme_des_Garons/Comme_3
40016,Comme des Garcons,Comme des Garcons 2,1999,https://www.fragrantica.com/perfume/Comme-des-Garcons/Comme-des-Garcons-2-390.html
40017,Comme des Garcons,Comme des Garcons 2 Bijou,2007,https://www.fragrantica.com/perfume/Comme-des-Garcons/Comme-des-Garcons-2-Bijou-4368.html
40018,Comme des Garcons,Comme des Garcons 2 Flower Power,2001,https://www.fragrantica.com/perfume/Comme-des-Garcons/Comme-des-Garcons-2-Flower-Power-393.html
40019,Comme des Garcons,Comme des Garçons 2 Flower Power Special Edition,2004,https://www.parfumo.com/Perfumes/Comme_des_Garons/Comme_des_Garcons_2_Flower_Power_Special_Edition
40020,Comme des Garcons,Comme des Garçons 2 Glitter Special Edition,2009,https://www.parfumo.com/Perfumes/Comme_des_Garons/Comme_des_Garcons_2_Glitter_Special_Edition
40021,Comme des Garçons,Comme des Garçons 2 Happy Pillow Special Edition,,https://www.parfumo.com/Perfumes/Comme_des_Garons/Comme_des_Garcons_2_Happy_Pillow_Special_Edition
40022,Comme des Garcons,Comme des Garcons 2 Love Hurts,2005,https://www.fragrantica.com/perfume/Comme-des-Garcons/Comme-des-Garcons-2-Love-Hurts-394.html
40023,Comme des Garcons,Comme des Garcons 2 Man,2004,https://www.fragrantica.com/perfume/Comme-des-Garcons/Comme-des-Garcons-2-Man-391.html
40024,Comme des Garcons,Comme des Garcons 2 Silver Words,2008,https://www.fragrantica.com/perfume/Comme-des-Garcons/Comme-des-Garcons-2-Silver-Words-4638.html
40025,Comme des Garcons,Comme des Garcons 2011,2011,https://www.fragrantica.com/perfume/Comme-des-Garcons/Comme-des-Garcons-2011-14023.html
40026,Comme des Garçons,Comme Des Garçons 3,,https://huggingface.co/datasets/doevent/perfume
40027,Comme des Garçons,Comme des Garçons Comme des Garçons 1994 Eau de Parfum,1994,https://www.parfumo.com/Perfumes/Comme_des_Garons/Comme_des_Garcons_Eau_de_Parfum
40028,Comme des Garçons,Comme des Garçons Comme des Garçons 1996 Eau de Cologne,1996,https://www.parfumo.com/Perfumes/Comme_des_Garons/Comme_des_Garcons_Eau_de_Cologne
40029,Comme des Garcons,Comme des Garcons Eau de Cologne,1994,https://www.fragrantica.com/perfume/Comme-des-Garcons/Comme-des-Garcons-Eau-de-Cologne-20179.html
40030,Comme des Garcons,Comme des Garcons (Eau de Parfum),1994,https://www.fragrantica.com/perfume/Comme-des-Garcons/Comme-des-Garcons-389.html
40031,Comme des Garçons,Comme Des Garçons Eau De Parfum 2012,2012,https://huggingface.co/datasets/doevent/perfume
40032,Comme des Garcons,Comme des Garcons Happy Pillow,2003,https://www.fragrantica.com/perfume/Comme-des-Garcons/Comme-des-Garcons-Happy-Pillow-4370.html
40033,Comme des Garcons,Comme des Garcons Play,2007,https://www.fragrantica.com/perfume/Comme-des-Garcons/Comme-des-Garcons-Play-3637.html
40034,Comme des Garcons,Comme des Garcons Series 1 Leaves: Calamus,2000,https://www.fragrantica.com/perfume/Comme-des-Garcons/Comme-des-Garcons-Series-1-Leaves-Calamus-3719.html
40035,Comme des Garcons,Comme des Garcons Series 1 Leaves: Lily,2000,https://www.fragrantica.com/perfume/Comme-des-Garcons/Comme-des-Garcons-Series-1-Leaves-Lily-3720.html
40036,Comme des Garcons,Comme des Garcons Series 1 Leaves: Mint,2000,https://www.fragrantica.com/perfume/Comme-des-Garcons/Comme-des-Garcons-Series-1-Leaves-Mint-4371.html
40037,Comme des Garcons,Comme des Garcons Series 1 Leaves: Shiso,2000,https://www.fragrantica.com/perfume/Comme-des-Garcons/Comme-des-Garcons-Series-1-Leaves-Shiso-4372.html
40038,Comme des Garcons,Comme des Garcons Series 1 Leaves: Tea,2000,https://www.fragrantica.com/perfume/Comme-des-Garcons/Comme-des-Garcons-Series-1-Leaves-Tea-3721.html
40039,Comme des Garcons,Comme des Garcons Series 2 Red: Carnation,2001,https://www.fragrantica.com/perfume/Comme-des-Garcons/Comme-des-Garcons-Series-2-Red-Carnation-3722.html
40040,Comme des Garcons,Comme des Garcons Series 2 Red: Harissa,2001,https://www.fragrantica.com/perfume/Comme-des-Garcons/Comme-des-Garcons-Series-2-Red-Harissa-3723.html
40041,Comme des Garcons,Comme des Garcons Series 2 Red: Palisander,2001,https://www.fragrantica.com/perfume/Comme-des-Garcons/Comme-des-Garcons-Series-2-Red-Palisander-3724.html
40042,Comme des Garcons,Comme des Garcons Series 2 Red: Rose,2001,https://www.fragrantica.com/perfume/Comme-des-Garcons/Comme-des-Garcons-Series-2-Red-Rose-3725.html
40043,Comme des Garcons,Comme des Garcons Series 2 Red: Sequoia,2001,https://www.fragrantica.com/perfume/Comme-des-Garcons/Comme-des-Garcons-Series-2-Red-Sequoia-3726.html
40044,Comme des Garcons,Comme des Garcons Series 3 Incense: Avignon,2002,https://www.fragrantica.com/perfume/Comme-des-Garcons/Comme-des-Garcons-Series-3-Incense-Avignon-1230.html
40045,Comme des Garcons,Comme des Garcons Series 3 Incense: Jaisalmer,2002,https://www.fragrantica.com/perfume/Comme-des-Garcons/Comme-des-Garcons-Series-3-Incense-Jaisalmer-1234.html
40046,Comme des Garcons,Comme des Garcons Series 3 Incense: Kyoto,2002,https://www.fragrantica.com/perfume/Comme-des-Garcons/Comme-des-Garcons-Series-3-Incense-Kyoto-1232.html
40047,Comme des Garcons,Comme des Garcons Series 3 Incense: Ouarzazate,2002,https://www.fragrantica.com/perfume/Comme-des-Garcons/Comme-des-Garcons-Series-3-Incense-Ouarzazate-1233.html
40048,Comme des Garcons,Comme des Garcons Series 3 Incense: Zagorsk,2002,https://www.fragrantica.com/perfume/Comme-des-Garcons/Comme-des-Garcons-Series-3-Incense-Zagorsk-1231.html
40049,Comme des Garcons,Comme des Garcons Series 4 Cologne : Anbar (Eau de Cologne),2002,https://www.fragrantica.com/perfume/Comme-des-Garcons/Comme-des-Garcons-Series-4-Cologne-Anbar-3634.html
40050,Comme des Garcons,Comme des Garcons Series 4 Cologne : Citrico (Eau de Cologne),2002,https://www.fragrantica.com/perfume/Comme-des-Garcons/Comme-des-Garcons-Series-4-Cologne-Citrico-3635.html
40051,Comme des Garcons,Comme Des Garcons Series 4 Cologne : Vettiveru (Eau de Cologne),2002,https://www.fragrantica.com/perfume/Comme-des-Garcons/Comme-Des-Garcons-Series-4-Cologne-Vettiveru-3636.html
40052,Comme des Garcons,Comme des Garcons Series 5 Sherbet: Cinnamon,2003,https://www.fragrantica.com/perfume/Comme-des-Garcons/Comme-des-Garcons-Series-5-Sherbet-Cinnamon-4373.html
40053,Comme des Garcons,Comme des Garcons Series 5 Sherbet: Peppermint,2003,https://www.fragrantica.com/perfume/Comme-des-Garcons/Comme-des-Garcons-Series-5-Sherbet-Peppermint-4374.html
40054,Comme des Garcons,Comme des Garcons Series 5 Sherbet: Rhubarb,2003,https://www.fragrantica.com/perfume/Comme-des-Garcons/Comme-des-Garcons-Series-5-Sherbet-Rhubarb-4375.html
40055,Comme des Garcons,Comme des Garcons Series 6 Synthetic: Dry Clean,2004,https://www.fragrantica.com/perfume/Comme-des-Garcons/Comme-des-Garcons-Series-6-Synthetic-Dry-Clean-1237.html
40056,Comme des Garcons,Comme des Garcons Series 6 Synthetic: Garage,2004,https://www.fragrantica.com/perfume/Comme-des-Garcons/Comme-des-Garcons-Series-6-Synthetic-Garage-1236.html
40057,Comme des Garcons,Comme des Garcons Series 6 Synthetic: Skai,2004,https://www.fragrantica.com/perfume/Comme-des-Garcons/Comme-des-Garcons-Series-6-Synthetic-Skai-4376.html
40058,Comme des Garcons,Comme des Garcons Series 6 Synthetic: Soda,2004,https://www.fragrantica.com/perfume/Comme-des-Garcons/Comme-des-Garcons-Series-6-Synthetic-Soda-1238.html
40059,Comme des Garcons,Comme des Garcons Series 6 Synthetic: Tar,2004,https://www.fragrantica.com/perfume/Comme-des-Garcons/Comme-des-Garcons-Series-6-Synthetic-Tar-1235.html
40060,Comme des Garcons,Comme des Garcons Series 7 Sweet: Burnt Sugar,2005,https://www.fragrantica.com/perfume/Comme-des-Garcons/Comme-des-Garcons-Series-7-Sweet-Burnt-Sugar-4377.html
40061,Comme des Garcons,Comme des Garcons Series 7 Sweet: Nomad Tea,2005,https://www.fragrantica.com/perfume/Comme-des-Garcons/Comme-des-Garcons-Series-7-Sweet-Nomad-Tea-4378.html
40062,Comme des Garcons,Comme des Garcons Series 7 Sweet: Spicy Cocoa,2005,https://www.fragrantica.com/perfume/Comme-des-Garcons/Comme-des-Garcons-Series-7-Sweet-Spicy-Cocoa-4379.html
40063,Comme des Garcons,Comme des Garcons Series 7 Sweet: Sticky Cake,2005,https://www.fragrantica.com/perfume/Comme-des-Garcons/Comme-des-Garcons-Series-7-Sweet-Sticky-Cake-4380.html
40064,Comme des Garcons,Comme des Garcons Series 7 Sweet: Wood Coffee,2005,https://www.fragrantica.com/perfume/Comme-des-Garcons/Comme-des-Garcons-Series-7-Sweet-Wood-Coffee-4381.html
40065,Comme des Garcons,Comme des Garcons Series 8 Guerrilla: Guerrilla 1,2006,https://www.fragrantica.com/perfume/Comme-des-Garcons/Comme-des-Garcons-Series-8-Guerrilla-Guerrilla-1-4382.html
40066,Comme des Garcons,Comme des Garcons Series 8 Guerrilla: Guerrilla 2,2006,https://www.fragrantica.com/perfume/Comme-des-Garcons/Comme-des-Garcons-Series-8-Guerrilla-Guerrilla-2-4383.html
40067,Comme des Garcons,Comme des Garcons Series Luxe: Champaca (Eau de Parfum),2007,https://www.fragrantica.com/perfume/Comme-des-Garcons/Comme-des-Garcons-Series-Luxe-Champaca-1984.html
40068,Comme des Garcons,Comme des Garcons Series Luxe: Patchouli (Eau de Parfum),2007,https://www.fragrantica.com/perfume/Comme-des-Garcons/Comme-des-Garcons-Series-Luxe-Patchouli-1985.html
40069,Comme des Garcons,Comme des Garcons White,1998,https://www.fragrantica.com/perfume/Comme-des-Garcons/Comme-des-Garcons-White-4369.html
40070,Comme des Garcons,Comme des Garcons x Undercover Holygrace,2010,https://www.fragrantica.com/perfume/Comme-des-Garcons/Comme-des-Garcons-x-Undercover-Holygrace-9129.html
40071,Comme des Garcons,Comme des Garcons x Undercover Holygrapie,2010,https://www.fragrantica.com/perfume/Comme-des-Garcons/Comme-des-Garcons-x-Undercover-Holygrapie-9130.html
40072,Comme des Garcons,Comme des Garsons 3,2002,https://www.fragrantica.com/perfume/Comme-des-Garcons/Comme-des-Garsons-3-392.html
40073,Comme des Garcons,Concrete,2017,https://www.fragrantica.com/perfume/Comme-des-Garcons/Concrete-45911.html
40074,Comme des Garcons,Copper,2019,https://www.fragrantica.com/perfume/Comme-des-Garcons/Copper-57503.html
40075,Comme des Garcons,Daphne,2009,https://www.fragrantica.com/perfume/Comme-des-Garcons/Daphne-6350.html
40076,Comme des Garcons,[ ] Dia x Meg Webster.,2026,https://www.fragrantica.com/perfume/Comme-des-Garcons/Dia-x-Meg-Webster-128199.html
40077,Comme des Garcons,Dot,2015,https://www.fragrantica.com/perfume/Comme-des-Garcons/Dot-34280.html
40078,Comme des Garcons,Dover Street Market,2009,https://www.fragrantica.com/perfume/Comme-des-Garcons/Dover-Street-Market-7056.html
40079,Comme des Garçons,Drawings,,https://www.parfumo.com/Perfumes/Comme_des_Garons/Drawings
40080,Comme des Garcons,Energy C Grapefruit,2008,https://www.fragrantica.com/perfume/Comme-des-Garcons/Energy-C-Grapefruit-3230.html
40081,Comme des Garcons,Energy C Lemon,2008,https://www.fragrantica.com/perfume/Comme-des-Garcons/Energy-C-Lemon-3228.html
40082,Comme des Garcons,Energy C Lime,2008,https://www.fragrantica.com/perfume/Comme-des-Garcons/Energy-C-Lime-3229.html
40083,Comme des Garcons,ERL Sunscreen,2021,https://www.fragrantica.com/perfume/Comme-des-Garcons/ERL-Sunscreen-68551.html
40084,Comme des Garcons,Floriental,2015,https://www.fragrantica.com/perfume/Comme-des-Garcons/Floriental-31541.html
40085,Comme des Garcons,G I R L by Pharrell Williams,2014,https://www.parfumo.com/Perfumes/Comme_des_Garons/G_I_R_L_by_Pharrell_Williams
40086,Comme des Garcons,Ganja,2021,https://www.fragrantica.com/perfume/Comme-des-Garcons/Ganja-71376.html
40087,Comme des Garçons,Girl,,https://huggingface.co/datasets/doevent/perfume
40088,Comme des Garcons,Glitter,2009,https://www.fragrantica.com/perfume/Comme-des-Garcons/Glitter-7419.html
40089,Comme des Garcons,Gosha Rubchinskiy Гоша Рубчинский,2016,https://www.fragrantica.com/perfume/Comme-des-Garcons/Gosha-Rubchinskiy-Gosa-Rubcinskij-41152.html
40090,Comme des Garcons,Grace,2016,https://www.fragrantica.com/perfume/Comme-des-Garcons/Grace-36590.html
40091,Comme des Garcons,Grace by Grace Coddington,2016,https://www.parfumo.com/Perfumes/Comme_des_Garons/Grace_by_Grace_Coddington
40092,Comme des Garcons,Green,2012,https://www.fragrantica.com/perfume/Comme-des-Garcons/Green-15240.html
40093,Comme des Garcons,Guerrilla 1,2006,https://www.parfumo.com/Perfumes/Comme_des_Garons/Guerrilla_1
40094,Comme des Garcons,Guerrilla 2,2006,https://www.parfumo.com/Perfumes/Comme_des_Garons/Guerrilla_2
40095,Comme des Garcons,H&M,2008,https://www.fragrantica.com/perfume/Comme-des-Garcons/H-M-5841.html
40096,Comme des Garcons,Holygrace,2010,https://www.parfumo.com/Perfumes/Comme_des_Garons/Holygrace
40097,Comme des Garcons,Holygrapie,2010,https://www.parfumo.com/Perfumes/Comme_des_Garons/Holygrapie
40098,Comme des Garcons,Luxe Champaca Eau de Toilette,2007,https://www.fragrantica.com/perfume/Comme-des-Garcons/Luxe-Champaca-Eau-de-Toilette-22354.html
40099,Comme des Garcons,Luxe Patchouli Eau de Toilette,2007,https://www.fragrantica.com/perfume/Comme-des-Garcons/Luxe-Patchouli-Eau-de-Toilette-22355.html
40100,Comme des Garcons,Marseille,2021,https://www.fragrantica.com/perfume/Comme-des-Garcons/Marseille-70223.html
40101,Comme des Garcons,Max Richter 01,2025,https://www.fragrantica.com/perfume/Comme-des-Garcons/Max-Richter-01-111764.html
40102,Comme des Garcons,Mirror by Kaws,2021,https://www.fragrantica.com/perfume/Comme-des-Garcons/Mirror-by-Kaws-69808.html
40103,Comme des Garçons,Mirror X Kaws,,https://huggingface.co/datasets/doevent/perfume
40104,Comme des Garcons,Monocle Scent Five: Syros,2025,https://www.fragrantica.com/perfume/Comme-des-Garcons/Monocle-Scent-Five-Syros-110035.html
40105,Comme des Garcons,Monocle Scent Four: Yoyogi,2019,https://www.parfumo.com/Perfumes/Comme_des_Garons/monocle-scent-four-yoyogi
40106,Comme des Garcons,Monocle Scent One: Hinoki,2008,https://www.parfumo.com/Perfumes/Comme_des_Garons/Monocle_Scent_One_Hinoki
40107,Comme des Garcons,Monocle Scent Three: Sugi,2013,https://www.parfumo.com/Perfumes/Comme_des_Garons/Monocle_Scent_Three_Sugi
40108,Comme des Garcons,Monocle Scent Two: Laurel,2009,https://www.parfumo.com/Perfumes/Comme_des_Garons/Monocle_Scent_Two_Laurel
40109,Comme des Garçons,Night Of The Stars,,https://www.parfumo.com/Perfumes/Comme_des_Garons/Night_Of_The_Stars
40110,Comme des Garcons,Odeur 10,2024,https://www.fragrantica.com/perfume/Comme-des-Garcons/Odeur-10-99983.html
40111,Comme des Garcons,Odeur 53,1998,https://www.fragrantica.com/perfume/Comme-des-Garcons/Odeur-53-395.html
40112,Comme des Garcons,Odeur 71,2000,https://www.fragrantica.com/perfume/Comme-des-Garcons/Odeur-71-396.html
40113,Comme des Garçons,Odeur Du Théâtre Du Châtelet,,https://huggingface.co/datasets/doevent/perfume
40114,Comme des Garcons,Odeur Du Théâtre Du Châtelet Acte I,2019,https://www.fragrantica.com/perfume/Comme-des-Garcons/Odeur-Du-Theatre-Du-Chatelet-Acte-I-57481.html
40115,Comme des Garcons,Over The Moon,2013,https://www.fragrantica.com/perfume/Comme-des-Garcons/Over-The-Moon-63279.html
40116,Comme des Garçons,Patchouli Eau De Parfum,,https://huggingface.co/datasets/doevent/perfume
40117,Comme des Garçons,Patchouli Eau De Toilette,,https://huggingface.co/datasets/doevent/perfume
40118,Comme des Garcons,Pearly Monster,2006,https://www.fragrantica.com/perfume/Comme-des-Garcons/Pearly-Monster-4384.html
40119,Comme des Garcons,Play Black,2012,https://www.parfumo.com/Perfumes/Comme_des_Garons/Play_Black
40120,Comme des Garcons,Play Green,2012,https://www.parfumo.com/Perfumes/Comme_des_Garons/Play_Green
40121,Comme des Garcons,Play Red,2012,https://www.parfumo.com/Perfumes/Comme_des_Garons/Play_Red
40122,Comme des Garcons,Radish Vetiver,2019,https://www.fragrantica.com/perfume/Comme-des-Garcons/Radish-Vetiver-57516.html
40123,Comme des Garcons,Red,2012,https://www.fragrantica.com/perfume/Comme-des-Garcons/Red-15239.html
40124,Comme des Garcons,Rouge,2020,https://www.fragrantica.com/perfume/Comme-des-Garcons/Rouge-63280.html
40125,Comme des Garcons,Scent Four: Yoyogi,2019,https://www.fragrantica.com/perfume/Comme-des-Garcons/Scent-Four-Yoyogi-57931.html
40126,Comme des Garcons,Scent One: Hinoki,2008,https://www.fragrantica.com/perfume/Comme-des-Garcons/Scent-One-Hinoki-2558.html
40127,Comme des Garcons,Scent Three: Sugi,2013,https://www.fragrantica.com/perfume/Comme-des-Garcons/Scent-Three-Sugi-18879.html
40128,Comme des Garcons,Scent Two: Laurel,2010,https://www.fragrantica.com/perfume/Comme-des-Garcons/Scent-Two-Laurel-12639.html
40129,Comme des Garcons,Series 10: Clash - Celluloid x Galbanum,2019,https://www.parfumo.com/Perfumes/Comme_des_Garons/series-10-clash-celluloid-x-galbanum
40130,Comme des Garcons,Series 10: Clash - Chlorophyll x Gardenia,2019,https://www.parfumo.com/Perfumes/Comme_des_Garons/series-10-clash-chlorophyll-x-gardenia
40131,Comme des Garcons,Series 10: Clash - Radish x Vetiver,2019,https://www.parfumo.com/Perfumes/Comme_des_Garons/series-10-clash-radish-x-vetiver
40132,Comme des Garcons,Series 4: Cologne - Vettiveru 2 (Eau de Cologne),2018,https://www.parfumo.com/Perfumes/Comme_des_Garons/Series_4_Cologne__Vettiveru_2
40133,Comme des Garçons,Series 7 Sweet : Nomadtea,,https://huggingface.co/datasets/doevent/perfume
40134,Comme des Garçons,Series 7 Sweet : Stickycake,,https://huggingface.co/datasets/doevent/perfume
40135,Comme des Garçons,Series 7 Sweet : Woodcoffee,,https://huggingface.co/datasets/doevent/perfume
40136,Comme des Garcons,Series 8: Energy C - Grapefruit,2008,https://www.parfumo.com/Perfumes/Comme_des_Garons/Series_8_Energy_C_Grapefruit
40137,Comme des Garcons,Series 8: Energy C - Lemon,2008,https://www.parfumo.com/Perfumes/Comme_des_Garons/Series_8_Energy_C_Lemon
40138,Comme des Garcons,Series 8: Energy C - Lime,2008,https://www.parfumo.com/Perfumes/Comme_des_Garons/Series_8_Energy_C_Lime
40139,Comme des Garcons,Series Luxe: Champaca Comme des Garçons Eau de Toilette,,https://www.parfumo.com/Perfumes/Comme_des_Garons/Series_Luxe_Champaca_Eau_de_Toilette
40140,Comme des Garcons,Series Luxe: Patchouli Comme des Garçons Eau de Toilette,,https://www.parfumo.com/Perfumes/Comme_des_Garons/Series_Luxe_Patchouli_Eau_de_Toilette
40141,Comme des Garcons,Serpentine,2014,https://www.fragrantica.com/perfume/Comme-des-Garcons/Serpentine-24924.html
40142,Comme des Garcons,Standard,2009,https://www.fragrantica.com/perfume/Comme-des-Garcons/Standard-7136.html
40143,Comme des Garcons,Stephen Jones,2008,https://www.parfumo.com/Perfumes/Comme_des_Garons/Stephen_Jones
40144,Comme des Garcons,Stephen Jones Millinery,,https://www.fragrantica.com/perfume/Comme-des-Garcons/Stephen-Jones-Millinery-49964.html
40145,Comme des Garcons,Stephen Jones - Wisteria Hysteria,2014,https://www.parfumo.com/Perfumes/Comme_des_Garons/stephen-jones-wisteria-hysteria
40146,Comme des Garcons,Stüssy Laguna Beach,2021,https://www.fragrantica.com/perfume/Comme-des-Garcons/Stuessy-Laguna-Beach-65297.html
40147,Comme des Garcons,Tears,2026,https://www.fragrantica.com/perfume/Comme-des-Garcons/Tears-142760.html
40148,Comme des Garcons,To Vetiver,2026,https://www.fragrantica.com/perfume/Comme-des-Garcons/To-Vetiver-132410.html
40149,Comme des Garcons,Vogue 125,2017,https://www.fragrantica.com/perfume/Comme-des-Garcons/Vogue-125-47725.html
40150,Comme des Garcons,Wonderoud,2014,https://www.fragrantica.com/perfume/Comme-des-Garcons/Wonderoud-25616.html
40151,Comme des Garcons,Wonderwood,2010,https://www.fragrantica.com/perfume/Comme-des-Garcons/Wonderwood-8991.html
40152,Comme des Garçons,"You'Re In I Never Fall Apart...""""",,https://huggingface.co/datasets/doevent/perfume
40153,Comme des Garçons,"You'Re In I Never Read...""""",,https://huggingface.co/datasets/doevent/perfume
40154,Comme des Garçons,"You'Re In If Everybody Is...""""",,https://huggingface.co/datasets/doevent/perfume
40155,Comme des Garçons,"You'Re In In Fifteen Minutes...""""",,https://huggingface.co/datasets/doevent/perfume
40156,Comme des Garçons,"You'Re In In The Future...""""",,https://huggingface.co/datasets/doevent/perfume
40157,Comme des Garcons,Zero,2022,https://www.fragrantica.com/perfume/Comme-des-Garcons/Zero-74318.html
40158,Comme des Garcons,Zero Than Pink,2025,https://www.fragrantica.com/perfume/Comme-des-Garcons/Zero-Than-Pink-120290.html
40159,Commodity,Bergamot,2017,https://www.fragrantica.com/perfume/Commodity/Bergamot-44649.html
40160,Commodity,Bois,2018,https://www.fragrantica.com/perfume/Commodity/Bois-50617.html
40161,Commodity,Book,2013,https://www.fragrantica.com/perfume/Commodity/Book-29559.html
40162,Commodity,Book +,2021,https://www.fragrantica.com/perfume/Commodity/Book-70014.html
40163,Commodity,Book,,https://www.fragrantica.com/perfume/Commodity/Book-50618.html
40164,Commodity,Cane,2013,https://www.fragrantica.com/perfume/Commodity/Cane-29554.html
40165,Commodity,Cloth,2013,https://www.fragrantica.com/perfume/Commodity/Cloth-29549.html
40166,Commodity,Dew,2013,https://www.fragrantica.com/perfume/Commodity/Dew-29546.html
40167,Commodity,Gin,2013,https://www.fragrantica.com/perfume/Commodity/Gin-29558.html
40168,Commodity,Gold,2013,https://www.fragrantica.com/perfume/Commodity/Gold-29539.html
40169,Commodity,Gold +,2021,https://www.fragrantica.com/perfume/Commodity/Gold-70015.html
40170,Commodity,Gold,,https://www.fragrantica.com/perfume/Commodity/Gold-71608.html
40171,Commodity,Ice(d)-,2025,https://www.fragrantica.com/perfume/Commodity/Ice-d-119859.html
40172,Commodity,Ivy,2013,https://www.fragrantica.com/perfume/Commodity/Ivy-29542.html
40173,Commodity,Juice +,2024,https://www.fragrantica.com/perfume/Commodity/Juice-94562.html
40174,Commodity,Leather,2017,https://www.fragrantica.com/perfume/Commodity/Leather-44648.html
40175,Commodity,Magnolia,2013,https://www.fragrantica.com/perfume/Commodity/Magnolia-29547.html
40176,Commodity,Milk,2021,https://www.fragrantica.com/perfume/Commodity/Milk-69191.html
40177,Commodity,Milk Orchid,2025,https://www.fragrantica.com/perfume/Commodity/Milk-Orchid-113911.html
40178,Commodity,Mimosa,2013,https://www.fragrantica.com/perfume/Commodity/Mimosa-29538.html
40179,Commodity,Moss,2013,https://www.fragrantica.com/perfume/Commodity/Moss-29533.html
40180,Commodity,Moss +,2021,https://www.fragrantica.com/perfume/Commodity/Moss-70011.html
40181,Commodity,Nectar,2018,https://www.fragrantica.com/perfume/Commodity/Nectar-50615.html
40182,Commodity,Oak,2013,https://www.fragrantica.com/perfume/Commodity/Oak-29560.html
40183,Commodity,Orris,2017,https://www.fragrantica.com/perfume/Commodity/Orris-44539.html
40184,Commodity,Paper,2013,https://www.fragrantica.com/perfume/Commodity/Paper-29541.html
40185,Commodity,Paper +,2021,https://www.fragrantica.com/perfume/Commodity/Paper-70013.html
40186,Commodity,Paper,,https://www.fragrantica.com/perfume/Commodity/Paper-71609.html
40187,Commodity,Pinot,2014,https://www.fragrantica.com/perfume/Commodity/Pinot-29548.html
40188,Commodity,Rain,2013,https://www.fragrantica.com/perfume/Commodity/Rain-29545.html
40189,Commodity,Tea,2013,https://www.fragrantica.com/perfume/Commodity/Tea-29532.html
40190,Commodity,Tonka,2017,https://www.fragrantica.com/perfume/Commodity/Tonka-44646.html
40191,Commodity,Velvet,2018,https://www.fragrantica.com/perfume/Commodity/Velvet-50616.html
40192,Commodity,Velvet +,2021,https://www.fragrantica.com/perfume/Commodity/Velvet-70016.html
40193,Commodity,Vetiver,2017,https://www.fragrantica.com/perfume/Commodity/Vetiver-44647.html
40194,Commodity,W*****y,2021,https://www.fragrantica.com/perfume/Commodity/W-y-139219.html
40195,Commodity,Whiskey,2013,https://www.fragrantica.com/perfume/Commodity/Whiskey-29556.html
40196,Commodity,Wool,2013,https://www.fragrantica.com/perfume/Commodity/Wool-29550.html
40197,Common Brimstone,Absinthe with Faust,,https://www.parfumo.com/Perfumes/Common_Brimstone/Absinthe_with_Faust
40198,Common Brimstone,Aisha Kandisha,2008,https://www.parfumo.com/Perfumes/Common_Brimstone/Aisha_Kandisha
40199,Common Brimstone,All is Vanity,2004,https://www.parfumo.com/Perfumes/Common_Brimstone/All_is_Vanity
40200,Common Brimstone,Amalthea,2002,https://www.parfumo.com/Perfumes/Common_Brimstone/Amalthea
40201,Common Brimstone,And Wild for to Hold,1998,https://www.parfumo.com/Perfumes/Common_Brimstone/And_Wild_for_to_Hold
40202,Common Brimstone,Anubis,2003,https://www.parfumo.com/Perfumes/Common_Brimstone/Anubis
40203,Common Brimstone,Aurora,2015,https://www.parfumo.com/Perfumes/Common_Brimstone/aurora
40204,Common Brimstone,Avalon,1955,https://www.parfumo.com/Perfumes/Common_Brimstone/Avalon
40205,Common Brimstone,Baked,,https://www.parfumo.com/Perfumes/Common_Brimstone/Baked
40206,Common Brimstone,Bastet,2015,https://www.parfumo.com/Perfumes/Common_Brimstone/Bastet
40207,Common Brimstone,Beatrice,,https://www.parfumo.com/Perfumes/Common_Brimstone/Beatrice
40208,Common Brimstone,Bite,,https://www.parfumo.com/Perfumes/Common_Brimstone/Bite
40209,Common Brimstone,Black Agnes,,https://www.parfumo.com/Perfumes/Common_Brimstone/Black_Agnes
40210,Como Lake,Bacio Nella Pioggia,2018,https://www.fragrantica.com/perfume/Como-Lake/Bacio-Nella-Pioggia-52190.html
40211,Como Lake,Note D'Amore,2018,https://www.fragrantica.com/perfume/Como-Lake/Note-D-Amore-52191.html
40212,Como Lake,Notturno,2018,https://www.fragrantica.com/perfume/Como-Lake/Notturno-52192.html
40213,Como Lake,Silenzio,2018,https://www.fragrantica.com/perfume/Como-Lake/Silenzio-52193.html
40214,Como Lake,Un'Altra Estate,2018,https://www.fragrantica.com/perfume/Como-Lake/Un-Altra-Estate-52194.html
40215,Compagnia Delle Indie,11 Orchidea e Legni di Cedro,2023,https://www.fragrantica.com/perfume/Compagnia-Delle-Indie/11-Orchidea-e-Legni-di-Cedro-90726.html
40216,Compagnia Delle Indie,13 Peonia e Ambra,2023,https://www.fragrantica.com/perfume/Compagnia-Delle-Indie/13-Peonia-e-Ambra-90727.html
40217,Compagnia Delle Indie,19 Mughetto e Muschi Bianchi,2023,https://www.fragrantica.com/perfume/Compagnia-Delle-Indie/19-Mughetto-e-Muschi-Bianchi-90725.html
40218,Compagnia Delle Indie,21 Arancia e Cuoio,2023,https://www.fragrantica.com/perfume/Compagnia-Delle-Indie/21-Arancia-e-Cuoio-90728.html
40219,Compagnia Delle Indie,Africa Desert Tobacco,2009,https://www.fragrantica.com/perfume/Compagnia-Delle-Indie/Africa-Desert-Tobacco-6149.html
40220,Compagnia Delle Indie,Asia Ginger Dust,2009,https://www.fragrantica.com/perfume/Compagnia-Delle-Indie/Asia-Ginger-Dust-6150.html
40221,Compagnia Delle Indie,Blue Essence,,https://www.parfumo.com/Perfumes/Compagnia_delle_Indie/Blue_Essence
40222,Compagnia Delle Indie,Cannella dello Sri Lanka,2012,https://www.fragrantica.com/perfume/Compagnia-Delle-Indie/Cannella-dello-Sri-Lanka-16952.html
40223,Compagnia Delle Indie,Colonia,,https://www.fragrantica.com/perfume/Compagnia-Delle-Indie/Colonia-5811.html
40224,Compagnia Delle Indie,Corallo dell’atollo di Ari,2012,https://www.fragrantica.com/perfume/Compagnia-Delle-Indie/Corallo-dell-atollo-di-Ari-16951.html
40225,Compagnia Delle Indie,Corallo dell'atollo di Ari Ari Atoll Corall,,https://www.parfumo.com/Perfumes/Compagnia_delle_Indie/Corallo_dell_atollo_di_Ari_Ari_Atoll_Corall
40226,Compagnia Delle Indie,Delhi,2007,https://www.parfumo.com/Perfumes/Compagnia_delle_Indie/Delhi
40227,Compagnia Delle Indie,Donna,2015,https://www.parfumo.com/Perfumes/Compagnia_delle_Indie/Donna
40228,Compagnia Delle Indie,Europe Mediterranean Breeze,2009,https://www.fragrantica.com/perfume/Compagnia-Delle-Indie/Europe-Mediterranean-Breeze-6151.html
40229,Compagnia Delle Indie,Giada della Birmania,2012,https://www.fragrantica.com/perfume/Compagnia-Delle-Indie/Giada-della-Birmania-16950.html
40230,Compagnia Delle Indie,I Ragazzi Compagnia Delle Indie Donna,,https://www.fragrantica.com/perfume/Compagnia-Delle-Indie/I-Ragazzi-Compagnia-Delle-Indie-Donna-5808.html
40231,Compagnia Delle Indie,I Ragazzi Compagnia Delle Indie Uomo,2000,https://www.fragrantica.com/perfume/Compagnia-Delle-Indie/I-Ragazzi-Compagnia-Delle-Indie-Uomo-5809.html
40232,Compagnia Delle Indie,Indaco di Persia,2012,https://www.fragrantica.com/perfume/Compagnia-Delle-Indie/Indaco-di-Persia-16949.html
40233,Compagnia Delle Indie,Indaco di Persia Persian Indigo,2001,https://www.parfumo.com/Perfumes/Compagnia_delle_Indie/Indaco_di_Persia_Persian_Indigo
40234,Compagnia Delle Indie,La Via della Seta - Cannella dello Sri Lanka,2007,https://www.parfumo.com/Perfumes/Compagnia_delle_Indie/Cannella_dello_Sri_Lanka
40235,Compagnia Delle Indie,La Via della Seta - Giada della Birmania,,https://www.parfumo.com/Perfumes/Compagnia_delle_Indie/Giada_della_Birmania
40236,Compagnia Delle Indie,La Via della Seta - Olibano del Siam,2002,https://www.parfumo.com/Perfumes/Compagnia_delle_Indie/La_Via_della_Seta_Olibano_del_Siam
40237,Compagnia Delle Indie,La Via della Seta - Vaniglia del Kerala,,https://www.parfumo.com/Perfumes/Compagnia_delle_Indie/La_Via_della_Seta_Vaniglia_del_Kerala
40238,Compagnia Delle Indie,Le Americhe Caribbean Fruits,2009,https://www.fragrantica.com/perfume/Compagnia-Delle-Indie/Le-Americhe-Caribbean-Fruits-6152.html
40239,Compagnia Delle Indie,Legno di Sandalo,,https://www.parfumo.com/Perfumes/Compagnia_delle_Indie/Legno_di_Sandalo
40240,Compagnia Delle Indie,Madagascar,,https://www.parfumo.com/Perfumes/Compagnia_delle_Indie/Madagascar
40241,Compagnia Delle Indie,Madras,1987,https://www.parfumo.com/Perfumes/Compagnia_delle_Indie/Madras
40242,Compagnia Delle Indie,Muschi Bianchi del Tibet,2012,https://www.fragrantica.com/perfume/Compagnia-Delle-Indie/Muschi-Bianchi-del-Tibet-16948.html
40243,Compagnia Delle Indie,Myrhha dello Yemen,2013,https://www.fragrantica.com/perfume/Compagnia-Delle-Indie/Myrhha-dello-Yemen-19329.html
40244,Compagnia Delle Indie,Oceania Tiare Blossom,2009,https://www.fragrantica.com/perfume/Compagnia-Delle-Indie/Oceania-Tiare-Blossom-6148.html
40245,Compagnia Delle Indie,Olibano del Siam,2013,https://www.fragrantica.com/perfume/Compagnia-Delle-Indie/Olibano-del-Siam-19327.html
40246,Compagnia Delle Indie,Parfum De Voyage 16 Sandokan - Sale di Mare e Legno di Cedro,2025,https://www.fragrantica.com/perfume/Compagnia-Delle-Indie/Parfum-De-Voyage-16-Sandokan-Sale-di-Mare-e-Legno-di-Cedro-128476.html
40247,Compagnia Delle Indie,Parfum De Voyage 27 - Note Marine e Bergamotto,2025,https://www.fragrantica.com/perfume/Compagnia-Delle-Indie/Parfum-De-Voyage-27-Note-Marine-e-Bergamotto-138733.html
40248,Compagnia Delle Indie,Parfum De Voyage 83 - Spezie e Vetiver,2025,https://www.fragrantica.com/perfume/Compagnia-Delle-Indie/Parfum-De-Voyage-83-Spezie-e-Vetiver-128477.html
40249,Compagnia Delle Indie,Patchouly,,https://www.fragrantica.com/perfume/Compagnia-Delle-Indie/Patchouly-5812.html
40250,Compagnia Delle Indie,Rosa del Deserto di Petra,2012,https://www.fragrantica.com/perfume/Compagnia-Delle-Indie/Rosa-del-Deserto-di-Petra-16947.html
40251,Compagnia Delle Indie,Sandalo,,https://www.fragrantica.com/perfume/Compagnia-Delle-Indie/Sandalo-5813.html
40252,Compagnia Delle Indie,Topazio Imperiale di Palmyra,2013,https://www.fragrantica.com/perfume/Compagnia-Delle-Indie/Topazio-Imperiale-di-Palmyra-19328.html
40253,Compagnia Delle Indie,Vaniglia Del Kerala,2013,https://www.fragrantica.com/perfume/Compagnia-Delle-Indie/Vaniglia-Del-Kerala-19326.html
40254,Compagnia Delle Indie,Vetyver,,https://www.fragrantica.com/perfume/Compagnia-Delle-Indie/Vetyver-5815.html
40255,Compagnie de Provence,Anise Patchouli,,https://www.fragrantica.com/perfume/Compagnie-de-Provence/Anise-Patchouli-13515.html
40256,Compagnie de Provence,Black Jasmine,,https://www.fragrantica.com/perfume/Compagnie-de-Provence/Black-Jasmine-13516.html
40257,Compagnie de Provence,Entre Eau et Terre,2016,https://www.fragrantica.com/perfume/Compagnie-de-Provence/Entre-Eau-et-Terre-42318.html
40258,Compagnie de Provence,Grooming,2016,https://www.fragrantica.com/perfume/Compagnie-de-Provence/Grooming-42368.html
40259,Compagnie de Provence,Ici L'Eau est d'Or,2016,https://www.fragrantica.com/perfume/Compagnie-de-Provence/Ici-L-Eau-est-d-Or-42316.html
40260,Compagnie de Provence,Incense Lavender,2009,https://www.fragrantica.com/perfume/Compagnie-de-Provence/Incense-Lavender-13514.html
40261,Compagnie de Provence,Les Eaux Vives,2016,https://www.fragrantica.com/perfume/Compagnie-de-Provence/Les-Eaux-Vives-42317.html
40262,Compagnie de Provence,Thé Tonka,2009,https://www.fragrantica.com/perfume/Compagnie-de-Provence/The-Tonka-42315.html
40263,Compagnie de Provence,Ylang,2009,https://www.fragrantica.com/perfume/Compagnie-de-Provence/Ylang-42314.html
40264,Compagnie Royale,Balsamo,2015,https://www.fragrantica.com/perfume/Compagnie-Royale/Balsamo-32118.html
40265,Compagnie Royale,DUE,2015,https://www.fragrantica.com/perfume/Compagnie-Royale/DUE-32116.html
40266,Compagnie Royale,Mademoiselle Cathou,2015,https://www.fragrantica.com/perfume/Compagnie-Royale/Mademoiselle-Cathou-32121.html
40267,Compagnie Royale,Mam'zelle Minouche,2015,https://www.fragrantica.com/perfume/Compagnie-Royale/Mam-zelle-Minouche-32122.html
40268,Compagnie Royale,Nani,2015,https://www.fragrantica.com/perfume/Compagnie-Royale/Nani-32120.html
40269,Compagnie Royale,Pour la Vie,2015,https://www.fragrantica.com/perfume/Compagnie-Royale/Pour-la-Vie-32115.html
40270,Compagnie Royale,UNO,2015,https://www.fragrantica.com/perfume/Compagnie-Royale/UNO-32117.html
40271,Compagnie Royale,Yvette des Lilas,2015,https://www.fragrantica.com/perfume/Compagnie-Royale/Yvette-des-Lilas-32119.html
40272,Compagnie Royale Des Indes Orientales,Cèdre Blanc,2018,https://www.fragrantica.com/perfume/Compagnie-Royale-Des-Indes-Orientales/Cedre-Blanc-49175.html
40273,Compagnie Royale Des Indes Orientales,Eau Verte,2018,https://www.fragrantica.com/perfume/Compagnie-Royale-Des-Indes-Orientales/Eau-Verte-49169.html
40274,Compagnie Royale Des Indes Orientales,Néroli Lointain,2018,https://www.fragrantica.com/perfume/Compagnie-Royale-Des-Indes-Orientales/Neroli-Lointain-49178.html
40275,Compagnie Royale Des Indes Orientales,Phoebus,2018,https://www.fragrantica.com/perfume/Compagnie-Royale-Des-Indes-Orientales/Phoebus-49172.html
40276,Compagnie Royale Des Indes Orientales,Santal Sacré,2018,https://www.fragrantica.com/perfume/Compagnie-Royale-Des-Indes-Orientales/Santal-Sacre-49181.html
40277,Companhia da Terra,Agua de Alfazema,1982,https://www.fragrantica.com/perfume/Companhia-da-Terra/Agua-de-Alfazema-26222.html
40278,Companhia da Terra,Agua de Almiscar,1982,https://www.fragrantica.com/perfume/Companhia-da-Terra/Agua-de-Almiscar-26221.html
40279,Companhia da Terra,Agua de Flores,1982,https://www.fragrantica.com/perfume/Companhia-da-Terra/Agua-de-Flores-26224.html
40280,Companhia da Terra,Agua Imperial,,https://www.fragrantica.com/perfume/Companhia-da-Terra/Agua-Imperial-26583.html
40281,Companhia da Terra,Agua Selvagem,,https://www.fragrantica.com/perfume/Companhia-da-Terra/Agua-Selvagem-26584.html
40282,Companhia da Terra,Aguas de Verao Cavalheiros,1976,https://www.fragrantica.com/perfume/Companhia-da-Terra/Aguas-de-Verao-Cavalheiros-26212.html
40283,Companhia da Terra,Aguas de Verao Damas,1976,https://www.fragrantica.com/perfume/Companhia-da-Terra/Aguas-de-Verao-Damas-26220.html
40284,Companhia da Terra,Ambreta,1978,https://www.fragrantica.com/perfume/Companhia-da-Terra/Ambreta-26236.html
40285,Companhia da Terra,Bergamota,,https://www.fragrantica.com/perfume/Companhia-da-Terra/Bergamota-26684.html
40286,Companhia da Terra,Camaris,1982,https://www.fragrantica.com/perfume/Companhia-da-Terra/Camaris-26223.html
40287,Companhia da Terra,Capim Cheiroso,1976,https://www.fragrantica.com/perfume/Companhia-da-Terra/Capim-Cheiroso-26226.html
40288,Companhia da Terra,Colonia Petropolis,,https://www.fragrantica.com/perfume/Companhia-da-Terra/Colonia-Petropolis-26685.html
40289,Companhia da Terra,Da Vinci,,https://www.fragrantica.com/perfume/Companhia-da-Terra/Da-Vinci-26225.html
40290,Companhia da Terra,Eau de Provence,,https://www.fragrantica.com/perfume/Companhia-da-Terra/Eau-de-Provence-26243.html
40291,Companhia da Terra,Flor de Maca,,https://www.fragrantica.com/perfume/Companhia-da-Terra/Flor-de-Maca-26686.html
40292,Companhia da Terra,Flores do Campo,1979,https://www.fragrantica.com/perfume/Companhia-da-Terra/Flores-do-Campo-26687.html
40293,Companhia da Terra,Lavanda Natural,,https://www.fragrantica.com/perfume/Companhia-da-Terra/Lavanda-Natural-26237.html
40294,Companhia da Terra,Lilas,,https://www.fragrantica.com/perfume/Companhia-da-Terra/Lilas-26688.html
40295,Companhia da Terra,Maca Verde,,https://www.fragrantica.com/perfume/Companhia-da-Terra/Maca-Verde-26689.html
40296,Companhia da Terra,Magnolia,1981,https://www.fragrantica.com/perfume/Companhia-da-Terra/Magnolia-26690.html
40297,Companhia da Terra,Patchouli,1978,https://www.fragrantica.com/perfume/Companhia-da-Terra/Patchouli-26234.html
40298,Companhia da Terra,Rosa,,https://www.fragrantica.com/perfume/Companhia-da-Terra/Rosa-26691.html
40299,Companhia da Terra,Secret Garden,,https://www.fragrantica.com/perfume/Companhia-da-Terra/Secret-Garden-26692.html
40300,Companhia da Terra,Sport Cologne (Eau de Cologne),,https://www.fragrantica.com/perfume/Companhia-da-Terra/Sport-Cologne-26693.html
40301,Companhia da Terra,Violeta,,https://www.fragrantica.com/perfume/Companhia-da-Terra/Violeta-26694.html
40302,Companhia da Terra,Ylang Ylang,,https://www.fragrantica.com/perfume/Companhia-da-Terra/Ylang-Ylang-26235.html
40303,Comporta Perfumes,50 – The Anniversary article,2023,https://www.fragrantica.com/perfume/Comporta-Perfumes/50-The-Anniversary-article-92194.html
40304,Comporta Perfumes,911 Cuarenta,2025,https://www.fragrantica.com/perfume/Comporta-Perfumes/911-Cuarenta-115255.html
40305,Comporta Perfumes,A Olhar Trancoso,2020,https://www.fragrantica.com/perfume/Comporta-Perfumes/A-Olhar-Trancoso-60469.html
40306,Comporta Perfumes,Areia Salgada,2017,https://www.fragrantica.com/perfume/Comporta-Perfumes/Areia-Salgada-45699.html
40307,Comporta Perfumes,Bravo,2021,https://www.fragrantica.com/perfume/Comporta-Perfumes/Bravo-69313.html
40308,Comporta Perfumes,Dapper,2025,https://www.fragrantica.com/perfume/Comporta-Perfumes/Dapper-111229.html
40309,Comporta Perfumes,Dona Bia,2017,https://www.fragrantica.com/perfume/Comporta-Perfumes/Dona-Bia-45701.html
40310,Comporta Perfumes,Femme Fougere,2021,https://www.fragrantica.com/perfume/Comporta-Perfumes/Femme-Fougere-69314.html
40311,Comporta Perfumes,Mosquito,2017,https://www.fragrantica.com/perfume/Comporta-Perfumes/Mosquito-45703.html
40312,Comporta Perfumes,Mosquito Intense,2018,https://www.fragrantica.com/perfume/Comporta-Perfumes/Mosquito-Intense-51587.html
40313,Comporta Perfumes,Mosquito Man Extrait de Parfum,2018,https://www.fragrantica.com/perfume/Comporta-Perfumes/Mosquito-Man-Extrait-de-Parfum-51588.html
40314,Comporta Perfumes,Muda,2017,https://www.fragrantica.com/perfume/Comporta-Perfumes/Muda-45700.html
40315,Comporta Perfumes,Ocaso,2018,https://www.fragrantica.com/perfume/Comporta-Perfumes/Ocaso-50405.html
40316,Comporta Perfumes,Palafítico,2017,https://www.fragrantica.com/perfume/Comporta-Perfumes/Palafitico-45702.html
40317,Comporta Perfumes,Sela,2017,https://www.fragrantica.com/perfume/Comporta-Perfumes/Sela-45704.html
40318,Comporta Perfumes,Sela Parfum,2022,https://www.fragrantica.com/perfume/Comporta-Perfumes/Sela-Parfum-74912.html
40319,Comporta Perfumes,Señor Dias,2025,https://www.fragrantica.com/perfume/Comporta-Perfumes/Senor-Dias-111410.html
40320,Comporta Perfumes,Vivi,2025,https://www.fragrantica.com/perfume/Comporta-Perfumes/Vivi-111256.html
40321,Comporta Perfumes,WILL,2023,https://www.fragrantica.com/perfume/Comporta-Perfumes/WILL-80725.html
40322,Comptoir Cologne,Amber Black,2020,https://www.fragrantica.com/perfume/Comptoir-Cologne/Amber-Black-130392.html
40323,Comptoir Cologne,Bois de Cèdre,2016,https://www.fragrantica.com/perfume/Comptoir-Cologne/Bois-de-Cedre-42831.html
40324,Comptoir Cologne,Gingembre et Vétiver,2016,https://www.fragrantica.com/perfume/Comptoir-Cologne/Gingembre-et-Vetiver-42834.html
40325,Comptoir Cologne,Mandarine Sanguine,2016,https://www.fragrantica.com/perfume/Comptoir-Cologne/Mandarine-Sanguine-42833.html
40326,Comptoir Cologne,Noble Néroli,2016,https://www.fragrantica.com/perfume/Comptoir-Cologne/Noble-Neroli-42832.html
40327,Comptoir Sud Pacifique,Aloha Tiare Eau de Parfum,2010,https://www.fragrantica.com/perfume/Comptoir-Sud-Pacifique/Aloha-Tiare-Eau-de-Parfum-12651.html
40328,Comptoir Sud Pacifique,Aloha Tiare Eau de Toilette,1975,https://www.fragrantica.com/perfume/Comptoir-Sud-Pacifique/Aloha-Tiare-Eau-de-Toilette-1731.html
40329,Comptoir Sud Pacifique,Amour De Cacao,1993,https://www.fragrantica.com/perfume/Comptoir-Sud-Pacifique/Amour-De-Cacao-748.html
40330,Comptoir Sud Pacifique,Aoud de Nuit,2009,https://www.fragrantica.com/perfume/Comptoir-Sud-Pacifique/Aoud-de-Nuit-5959.html
40331,Comptoir Sud Pacifique,Aouda,2009,https://www.fragrantica.com/perfume/Comptoir-Sud-Pacifique/Aouda-5960.html
40332,Comptoir Sud Pacifique,Aqua Motu Eau de Parfum,2010,https://www.fragrantica.com/perfume/Comptoir-Sud-Pacifique/Aqua-Motu-Eau-de-Parfum-12650.html
40333,Comptoir Sud Pacifique,Aqua Motu Eau de Toilette,1993,https://www.fragrantica.com/perfume/Comptoir-Sud-Pacifique/Aqua-Motu-Eau-de-Toilette-751.html
40334,Comptoir Sud Pacifique,Avant Garde,2024,https://www.fragrantica.com/perfume/Comptoir-Sud-Pacifique/Avant-Garde-100057.html
40335,Comptoir Sud Pacifique,Barbier des Isles,1978,https://www.fragrantica.com/perfume/Comptoir-Sud-Pacifique/Barbier-des-Isles-3647.html
40336,Comptoir Sud Pacifique,Bois De Filao,2003,https://www.fragrantica.com/perfume/Comptoir-Sud-Pacifique/Bois-De-Filao-749.html
40337,Comptoir Sud Pacifique,Bois Royal,2013,https://www.fragrantica.com/perfume/Comptoir-Sud-Pacifique/Bois-Royal-18129.html
40338,Comptoir Sud Pacifique,Cœur d'Ylang,2016,https://www.parfumo.com/Perfumes/Comptoir_Sud_Pacifique/Cur_d_Ylang
40339,Comptoir Sud Pacifique,Cœur de Vahiné Les Enfants du Soleil,1999,https://www.parfumo.com/Perfumes/Comptoir_Sud_Pacifique/Cur_de_Vahine
40340,Comptoir Sud Pacifique,Caramel Sunset,,https://www.fragrantica.com/perfume/Comptoir-Sud-Pacifique/Caramel-Sunset-927.html
40341,Comptoir Sud Pacifique,Carte Blanche,2024,https://www.fragrantica.com/perfume/Comptoir-Sud-Pacifique/Carte-Blanche-100055.html
40342,Comptoir Sud Pacifique,Coco Extreme,2007,https://www.fragrantica.com/perfume/Comptoir-Sud-Pacifique/Coco-Extreme-779.html
40343,Comptoir Sud Pacifique,Coco Figue,2009,https://www.fragrantica.com/perfume/Comptoir-Sud-Pacifique/Coco-Figue-5964.html
40344,Comptoir Sud Pacifique,Coeur d'Ylang,2016,https://www.fragrantica.com/perfume/Comptoir-Sud-Pacifique/Coeur-d-Ylang-37439.html
40345,Comptoir Sud Pacifique,Coeur de Vahine,2004,https://www.fragrantica.com/perfume/Comptoir-Sud-Pacifique/Coeur-de-Vahine-2933.html
40346,Comptoir Sud Pacifique,Cologne Mood (Eau de Cologne),2017,https://www.fragrantica.com/perfume/Comptoir-Sud-Pacifique/Cologne-Mood-45517.html
40347,Comptoir Sud Pacifique,Cool Tropic Palm,2005,https://www.fragrantica.com/perfume/Comptoir-Sud-Pacifique/Cool-Tropic-Palm-3648.html
40348,Comptoir Sud Pacifique,Cool Tropic Paradise,2005,https://www.fragrantica.com/perfume/Comptoir-Sud-Pacifique/Cool-Tropic-Paradise-3646.html
40349,Comptoir Sud Pacifique,Cool Tropic Turqouise,2005,https://www.fragrantica.com/perfume/Comptoir-Sud-Pacifique/Cool-Tropic-Turqouise-3649.html
40350,Comptoir Sud Pacifique,Cool Tropic Turquoise,2005,https://www.parfumo.com/Perfumes/Comptoir_Sud_Pacifique/cool-tropic-turquoise
40351,Comptoir Sud Pacifique,Cristal de Musc,1986,https://www.fragrantica.com/perfume/Comptoir-Sud-Pacifique/Cristal-de-Musc-3650.html
40352,Comptoir Sud Pacifique,Eau de Biarritz,1995,https://www.fragrantica.com/perfume/Comptoir-Sud-Pacifique/Eau-de-Biarritz-3651.html
40353,Comptoir Sud Pacifique,Eau de Naphe,2007,https://www.fragrantica.com/perfume/Comptoir-Sud-Pacifique/Eau-de-Naphe-1729.html
40354,Comptoir Sud Pacifique,Eau de Parfum Aqua Motu Intense,2015,https://www.fragrantica.com/perfume/Comptoir-Sud-Pacifique/Eau-de-Parfum-Aqua-Motu-Intense-40093.html
40355,Comptoir Sud Pacifique,Eau des Arts,,https://www.parfumo.com/Perfumes/Comptoir_Sud_Pacifique/Eau_des_Arts
40356,Comptoir Sud Pacifique,Eau des Lagons,2008,https://www.fragrantica.com/perfume/Comptoir-Sud-Pacifique/Eau-des-Lagons-3050.html
40357,Comptoir Sud Pacifique,Eau des Tropiques,1988,https://www.fragrantica.com/perfume/Comptoir-Sud-Pacifique/Eau-des-Tropiques-37442.html
40358,Comptoir Sud Pacifique,Eau du Gouverneur L'Homme,1993,https://www.parfumo.com/Perfumes/Comptoir_Sud_Pacifique/Eau_du_Gouverneur_L_Homme
40359,Comptoir Sud Pacifique,Éclats d’Amandes,2019,https://www.fragrantica.com/perfume/Comptoir-Sud-Pacifique/Eclats-d-Amandes-54833.html
40360,Comptoir Sud Pacifique,Ecume de The,1997,https://www.fragrantica.com/perfume/Comptoir-Sud-Pacifique/Ecume-de-The-2203.html
40361,Comptoir Sud Pacifique,Epices Sultanes,2013,https://www.fragrantica.com/perfume/Comptoir-Sud-Pacifique/Epices-Sultanes-18128.html
40362,Comptoir Sud Pacifique,Fleurs des Caraibes,2005,https://www.fragrantica.com/perfume/Comptoir-Sud-Pacifique/Fleurs-des-Caraibes-2199.html
40363,Comptoir Sud Pacifique,Green Patchouli,2016,https://www.fragrantica.com/perfume/Comptoir-Sud-Pacifique/Green-Patchouli-37440.html
40364,Comptoir Sud Pacifique,Harmonie Creole,,https://www.fragrantica.com/perfume/Comptoir-Sud-Pacifique/Harmonie-Creole-2204.html
40365,Comptoir Sud Pacifique,Hemisphere Sud,2008,https://www.fragrantica.com/perfume/Comptoir-Sud-Pacifique/Hemisphere-Sud-4724.html
40366,Comptoir Sud Pacifique,Hémisphère Sud Pour Femme,,https://huggingface.co/datasets/doevent/perfume
40367,Comptoir Sud Pacifique,Immortel Cédrat,2017,https://www.fragrantica.com/perfume/Comptoir-Sud-Pacifique/Immortel-Cedrat-45519.html
40368,Comptoir Sud Pacifique,Jardin Neroli,2014,https://www.fragrantica.com/perfume/Comptoir-Sud-Pacifique/Jardin-Neroli-26116.html
40369,Comptoir Sud Pacifique,Jasmin Dentelle,2018,https://www.fragrantica.com/perfume/Comptoir-Sud-Pacifique/Jasmin-Dentelle-50162.html
40370,Comptoir Sud Pacifique,Jasmin Poudre,2013,https://www.fragrantica.com/perfume/Comptoir-Sud-Pacifique/Jasmin-Poudre-18127.html
40371,Comptoir Sud Pacifique,Kumquat Alhambra,1999,https://www.fragrantica.com/perfume/Comptoir-Sud-Pacifique/Kumquat-Alhambra-2201.html
40372,Comptoir Sud Pacifique,L'Eau du Gouverneur,1980,https://www.fragrantica.com/perfume/Comptoir-Sud-Pacifique/L-Eau-du-Gouverneur-2202.html
40373,Comptoir Sud Pacifique,Le Roi Santal,1988,https://www.fragrantica.com/perfume/Comptoir-Sud-Pacifique/Le-Roi-Santal-11848.html
40374,Comptoir Sud Pacifique,Lime Tropical,2024,https://www.fragrantica.com/perfume/Comptoir-Sud-Pacifique/Lime-Tropical-91882.html
40375,Comptoir Sud Pacifique,Mage D'Orient,2007,https://www.fragrantica.com/perfume/Comptoir-Sud-Pacifique/Mage-D-Orient-1730.html
40376,Comptoir Sud Pacifique,Matin Calin,,https://www.fragrantica.com/perfume/Comptoir-Sud-Pacifique/Matin-Calin-1450.html
40377,Comptoir Sud Pacifique,Mora Bella,2005,https://www.fragrantica.com/perfume/Comptoir-Sud-Pacifique/Mora-Bella-5106.html
40378,Comptoir Sud Pacifique,Mora Bella Fruits Sauvages,1987,https://www.parfumo.com/Perfumes/Comptoir_Sud_Pacifique/Mora_Bella
40379,Comptoir Sud Pacifique,Musc Alize,2005,https://www.fragrantica.com/perfume/Comptoir-Sud-Pacifique/Musc-Alize-5105.html
40380,Comptoir Sud Pacifique,Musc & Roses,2015,https://www.fragrantica.com/perfume/Comptoir-Sud-Pacifique/Musc-Roses-37441.html
40381,Comptoir Sud Pacifique,Musc Cristal,2022,https://www.fragrantica.com/perfume/Comptoir-Sud-Pacifique/Musc-Cristal-76889.html
40382,Comptoir Sud Pacifique,Nomaoud,2009,https://www.fragrantica.com/perfume/Comptoir-Sud-Pacifique/Nomaoud-5961.html
40383,Comptoir Sud Pacifique,O'Pomelo,1978,https://www.parfumo.com/Perfumes/Comptoir_Sud_Pacifique/O_Pomelo
40384,Comptoir Sud Pacifique,O Pomelo - Pamplemousse,1978,https://www.fragrantica.com/perfume/Comptoir-Sud-Pacifique/O-Pomelo-Pamplemousse-752.html
40385,Comptoir Sud Pacifique,Oud Intense,2009,https://www.fragrantica.com/perfume/Comptoir-Sud-Pacifique/Oud-Intense-5962.html
40386,Comptoir Sud Pacifique,Oudh Intense,2013,https://www.fragrantica.com/perfume/Comptoir-Sud-Pacifique/Oudh-Intense-18131.html
40387,Comptoir Sud Pacifique,Oudh Sensuel,2013,https://www.fragrantica.com/perfume/Comptoir-Sud-Pacifique/Oudh-Sensuel-18130.html
40388,Comptoir Sud Pacifique,Piroguier,1990,https://www.fragrantica.com/perfume/Comptoir-Sud-Pacifique/Piroguier-94730.html
40389,Comptoir Sud Pacifique,Pomelo Fizz,2017,https://www.fragrantica.com/perfume/Comptoir-Sud-Pacifique/Pomelo-Fizz-45520.html
40390,Comptoir Sud Pacifique,Princesse Muscat,2000,https://www.fragrantica.com/perfume/Comptoir-Sud-Pacifique/Princesse-Muscat-6402.html
40391,Comptoir Sud Pacifique,Rhum & Tabac,2016,https://www.fragrantica.com/perfume/Comptoir-Sud-Pacifique/Rhum-Tabac-37438.html
40392,Comptoir Sud Pacifique,Rizieres,2001,https://www.fragrantica.com/perfume/Comptoir-Sud-Pacifique/Rizieres-36333.html
40393,Comptoir Sud Pacifique,Rouge Litchi,2024,https://www.fragrantica.com/perfume/Comptoir-Sud-Pacifique/Rouge-Litchi-91881.html
40394,Comptoir Sud Pacifique,Souffle des Indes,2011,https://www.fragrantica.com/perfume/Comptoir-Sud-Pacifique/Souffle-des-Indes-13298.html
40395,Comptoir Sud Pacifique,Sultan Safran,1996,https://www.fragrantica.com/perfume/Comptoir-Sud-Pacifique/Sultan-Safran-2934.html
40396,Comptoir Sud Pacifique,Tropical Sunset,2024,https://www.fragrantica.com/perfume/Comptoir-Sud-Pacifique/Tropical-Sunset-100059.html
40397,Comptoir Sud Pacifique,Vanille Abricot,1993,https://www.fragrantica.com/perfume/Comptoir-Sud-Pacifique/Vanille-Abricot-738.html
40398,Comptoir Sud Pacifique,Vanille Amande,,https://www.fragrantica.com/perfume/Comptoir-Sud-Pacifique/Vanille-Amande-743.html
40399,Comptoir Sud Pacifique,Vanille Ambre,,https://www.fragrantica.com/perfume/Comptoir-Sud-Pacifique/Vanille-Ambre-5857.html
40400,Comptoir Sud Pacifique,Vanille Banane,2003,https://www.fragrantica.com/perfume/Comptoir-Sud-Pacifique/Vanille-Banane-744.html
40401,Comptoir Sud Pacifique,Vanille Blackberry,2017,https://www.fragrantica.com/perfume/Comptoir-Sud-Pacifique/Vanille-Blackberry-45037.html
40402,Comptoir Sud Pacifique,Vanille Café,2019,https://www.fragrantica.com/perfume/Comptoir-Sud-Pacifique/Vanille-Cafe-56946.html
40403,Comptoir Sud Pacifique,Vanille Cannelle,2003,https://www.fragrantica.com/perfume/Comptoir-Sud-Pacifique/Vanille-Cannelle-746.html
40404,Comptoir Sud Pacifique,Vanille Citrus,2006,https://www.fragrantica.com/perfume/Comptoir-Sud-Pacifique/Vanille-Citrus-747.html
40405,Comptoir Sud Pacifique,Vanille Coco,2003,https://www.fragrantica.com/perfume/Comptoir-Sud-Pacifique/Vanille-Coco-745.html
40406,Comptoir Sud Pacifique,Vanille Extreme Eau de Parfum,2010,https://www.fragrantica.com/perfume/Comptoir-Sud-Pacifique/Vanille-Extreme-Eau-de-Parfum-12660.html
40407,Comptoir Sud Pacifique,Vanille Extreme Eau de Toilette,2005,https://www.fragrantica.com/perfume/Comptoir-Sud-Pacifique/Vanille-Extreme-Eau-de-Toilette-737.html
40408,Comptoir Sud Pacifique,Vanille Iconique,2021,https://www.fragrantica.com/perfume/Comptoir-Sud-Pacifique/Vanille-Iconique-69800.html
40409,Comptoir Sud Pacifique,Vanille Mokha,1976,https://www.fragrantica.com/perfume/Comptoir-Sud-Pacifique/Vanille-Mokha-2517.html
40410,Comptoir Sud Pacifique,Vanille Orange,,https://www.parfumo.com/Perfumes/Comptoir_Sud_Pacifique/Vanille_Orange
40411,Comptoir Sud Pacifique,Vanille Passion Comptoir Sud Pacifique 2015 Eau de Parfum,2015,https://www.parfumo.com/Perfumes/Comptoir_Sud_Pacifique/Vanille_Passion_Eau_de_Parfum
40412,Comptoir Sud Pacifique,Vanille Passion (Eau de Toilette),1975,https://www.fragrantica.com/perfume/Comptoir-Sud-Pacifique/Vanille-Passion-741.html
40413,Comptoir Sud Pacifique,Vanille Peach,2005,https://www.fragrantica.com/perfume/Comptoir-Sud-Pacifique/Vanille-Peach-740.html
40414,Comptoir Sud Pacifique,Vanille Pineapple,2006,https://www.fragrantica.com/perfume/Comptoir-Sud-Pacifique/Vanille-Pineapple-750.html
40415,Comptoir Sud Pacifique,Vanille Pitahaya,2004,https://www.fragrantica.com/perfume/Comptoir-Sud-Pacifique/Vanille-Pitahaya-739.html
40416,Comptoir Sud Pacifique,Vanille Tiare,1989,https://www.fragrantica.com/perfume/Comptoir-Sud-Pacifique/Vanille-Tiare-11219.html
40417,Comptoir Sud Pacifique,Vetyver Haiti,1977,https://www.fragrantica.com/perfume/Comptoir-Sud-Pacifique/Vetyver-Haiti-2200.html
40418,Comptoir Sud Pacifique,Voyages en Orient - Bois Royal,2013,https://www.parfumo.com/Perfumes/Comptoir_Sud_Pacifique/Voyages_en_Orient_Bois_Royal
40419,Comptoir Sud Pacifique,Voyages en Orient - Epices Sultanes,2013,https://www.parfumo.com/Perfumes/Comptoir_Sud_Pacifique/Voyages_en_Orient_Epices_Sultanes
40420,Comptoir Sud Pacifique,Voyages en Orient - Jardin Neroli,2014,https://www.parfumo.com/Perfumes/Comptoir_Sud_Pacifique/Voyages_en_Orient_Jardin_Neroli
40421,Comptoir Sud Pacifique,Voyages en Orient - Jasmin Poudré,2013,https://www.parfumo.com/Perfumes/Comptoir_Sud_Pacifique/Voyages_en_Orient_Jasmin_Poudre
40422,Comptoir Sud Pacifique,Voyages en Orient - Oudh Intense Oud Intense,2009,https://www.parfumo.com/Perfumes/Comptoir_Sud_Pacifique/Voyages_en_Orient_Oudh_Intense_Oud_Intense
40423,Comptoir Sud Pacifique,Voyages en Orient - Oudh Sensuel,2013,https://www.parfumo.com/Perfumes/Comptoir_Sud_Pacifique/Voyages_en_Orient_Oudh_Sensuel
40424,Comptoir Sud Pacifique,Voyages to the Orient - Aoud de Nuit,2009,https://www.parfumo.com/Perfumes/Comptoir_Sud_Pacifique/voyages-to-the-orient-aoud-de-nuit
40425,Comptoir Sud Pacifique,Voyages to the Orient - Aouda,2009,https://www.parfumo.com/Perfumes/Comptoir_Sud_Pacifique/voyages-to-the-orient-aouda
40426,Comptoir Sud Pacifique,Yucatán Secret,2021,https://www.fragrantica.com/perfume/Comptoir-Sud-Pacifique/Yucatan-Secret-68100.html
40427,Condé Parfum,Ambré Beige,2020,https://www.fragrantica.com/perfume/Conde-Parfum/Ambre-Beige-62213.html
40428,Condé Parfum,Bois d'Orange,2021,https://www.fragrantica.com/perfume/Conde-Parfum/Bois-d-Orange-67653.html
40429,Condé Parfum,Boisée Rouge,2019,https://www.fragrantica.com/perfume/Conde-Parfum/Boisee-Rouge-55371.html
40430,Condé Parfum,Bouquet Lilas,2023,https://www.fragrantica.com/perfume/Conde-Parfum/Bouquet-Lilas-87715.html
40431,Condé Parfum,Caipi d' Argent,2023,https://www.fragrantica.com/perfume/Conde-Parfum/Caipi-d-Argent-79627.html
40432,Condé Parfum,Cappuccino,2025,https://www.fragrantica.com/perfume/Conde-Parfum/Cappuccino-117494.html
40433,Condé Parfum,Chypre Clair,2017,https://www.fragrantica.com/perfume/Conde-Parfum/Chypre-Clair-46364.html
40434,Condé Parfum,Cologne Bleue (Eau de Cologne),2018,https://www.fragrantica.com/perfume/Conde-Parfum/Cologne-Bleue-52874.html
40435,Condé Parfum,Cuir Vert,2017,https://www.fragrantica.com/perfume/Conde-Parfum/Cuir-Vert-46365.html
40436,Condé Parfum,Jardin Jaune,2019,https://www.fragrantica.com/perfume/Conde-Parfum/Jardin-Jaune-57797.html
40437,Condé Parfum,L'Eau de Fruits,2025,https://www.fragrantica.com/perfume/Conde-Parfum/L-Eau-de-Fruits-106579.html
40438,Condé Parfum,Tabac D'Or,2017,https://www.fragrantica.com/perfume/Conde-Parfum/Tabac-D-Or-46363.html
40439,Condé Parfum,Vanille Bourbon,2022,https://www.fragrantica.com/perfume/Conde-Parfum/Vanille-Bourbon-75325.html
40440,Condensé Paris,Contemplation Salle Richelieu,2021,https://www.fragrantica.com/perfume/Condense-Paris/Contemplation-Salle-Richelieu-72871.html
40441,Condensé Paris,Dans Le Calme des Serres D'Auteuil,2021,https://www.fragrantica.com/perfume/Condense-Paris/Dans-Le-Calme-des-Serres-D-Auteuil-72874.html
40442,Condensé Paris,Flânerie Place Dauphine,2021,https://www.fragrantica.com/perfume/Condense-Paris/Flanerie-Place-Dauphine-72873.html
40443,Condensé Paris,Instant Acidulé à l'Orangerie,2021,https://www.fragrantica.com/perfume/Condense-Paris/Instant-Acidule-a-l-Orangerie-72872.html
40444,Condensé Paris,Rêve Parfumé Parc Monceau,2021,https://www.fragrantica.com/perfume/Condense-Paris/Reve-Parfume-Parc-Monceau-72876.html
40445,Condensé Paris,Sous les Roses du Jardin des Plantes,2021,https://www.fragrantica.com/perfume/Condense-Paris/Sous-les-Roses-du-Jardin-des-Plantes-72875.html
40446,Condensé Paris,Un Baiser sur le Pont Neuf,2021,https://www.fragrantica.com/perfume/Condense-Paris/Un-Baiser-sur-le-Pont-Neuf-72869.html
40447,Confessions of A Rebel,About Last Night,2018,https://www.fragrantica.com/perfume/Confessions-of-A-Rebel/About-Last-Night-67377.html
40448,Confessions of A Rebel,Almost Single,2019,https://www.fragrantica.com/perfume/Confessions-of-A-Rebel/Almost-Single-67378.html
40449,Confessions of A Rebel,Better Than Your Ex,2020,https://www.fragrantica.com/perfume/Confessions-of-A-Rebel/Better-Than-Your-Ex-125023.html
40450,Confessions of A Rebel,Birthday Suit,2025,https://www.fragrantica.com/perfume/Confessions-of-A-Rebel/Birthday-Suit-108921.html
40451,Confessions of A Rebel,"Bitch, Please",2020,https://www.fragrantica.com/perfume/Confessions-of-A-Rebel/Bitch-Please-67379.html
40452,Confessions of A Rebel,Bite Me,2022,https://www.fragrantica.com/perfume/Confessions-of-A-Rebel/Bite-Me-75596.html
40453,Confessions of A Rebel,Cherry Bomb,2024,https://www.fragrantica.com/perfume/Confessions-of-A-Rebel/Cherry-Bomb-99495.html
40454,Confessions of A Rebel,Eau Yes!,2023,https://www.fragrantica.com/perfume/Confessions-of-A-Rebel/Eau-Yes-82501.html
40455,Confessions of A Rebel,Get A Room,2018,https://www.fragrantica.com/perfume/Confessions-of-A-Rebel/Get-A-Room-67381.html
40456,Confessions of A Rebel,Get A Room & Order Champagne,2023,https://www.fragrantica.com/perfume/Confessions-of-A-Rebel/Get-A-Room-Order-Champagne-82500.html
40457,Confessions of A Rebel,Let's Be Real,2021,https://www.fragrantica.com/perfume/Confessions-of-A-Rebel/Let-s-Be-Real-69004.html
40458,Confessions of A Rebel,Love High,2019,https://www.fragrantica.com/perfume/Confessions-of-A-Rebel/Love-High-67382.html
40459,Confessions of A Rebel,Mondays,2020,https://www.fragrantica.com/perfume/Confessions-of-A-Rebel/Mondays-67380.html
40460,Confessions of A Rebel,Morning After,2021,https://www.fragrantica.com/perfume/Confessions-of-A-Rebel/Morning-After-70354.html
40461,Confessions of A Rebel,Rebel Jasmine,2020,https://www.fragrantica.com/perfume/Confessions-of-A-Rebel/Rebel-Jasmine-114917.html
40462,Confessions of A Rebel,Say Less,2025,https://www.fragrantica.com/perfume/Confessions-of-A-Rebel/Say-Less-128925.html
40463,Confessions of A Rebel,Thirst Trap,2023,https://www.fragrantica.com/perfume/Confessions-of-A-Rebel/Thirst-Trap-82502.html
40464,Confessions of A Rebel,Well Played,2022,https://www.fragrantica.com/perfume/Confessions-of-A-Rebel/Well-Played-75597.html
40465,Connock,Kukui,2013,https://www.fragrantica.com/perfume/Connock/Kukui-42877.html
40466,Connock,Kukui Noir,2020,https://www.fragrantica.com/perfume/Connock/Kukui-Noir-125342.html
40467,Connock,Verdant,2025,https://www.fragrantica.com/perfume/Connock/Verdant-125346.html
40468,Connolly,Cuir de Connolly,,https://www.fragrantica.com/perfume/Connolly/Cuir-de-Connolly-122058.html
40469,Constança BCN,NAUTILUS INTENSE Eau de Parfum,2024,https://www.fragrantica.com/perfume/Constanca-BCN/NAUTILUS-INTENSE-Eau-de-Parfum-95700.html
40470,Constança BCN,Nautilus intense Eau de Toilette,2024,https://www.fragrantica.com/perfume/Constanca-BCN/Nautilus-intense-Eau-de-Toilette-95701.html
40471,Constança BCN,Sea Masters,2025,https://www.fragrantica.com/perfume/Constanca-BCN/Sea-Masters-105885.html
40472,Constance Carroll,American Woman,2015,https://www.parfumo.com/Perfumes/Constance_Carroll/American_Woman
40473,Constance Carroll,Armour,2015,https://www.parfumo.com/Perfumes/Constance_Carroll/Armour
40474,Constance Carroll,Avert Avert Constance Carroll 2001 Eau de Parfum,2001,https://www.parfumo.com/Perfumes/Constance_Carroll/Avert_Avert_Eau_de_Parfum
40475,Constance Carroll,Avert Avert Constance Carroll Eau de Toilette,,https://www.parfumo.com/Perfumes/Constance_Carroll/Avert_Avert_Eau_de_Toilette
40476,Constance Carroll,Blissful,1998,https://www.parfumo.com/Perfumes/Constance_Carroll/Blissful
40477,Constance Carroll,Bosun,2019,https://www.parfumo.com/Perfumes/Constance_Carroll/Bosun
40478,Constance Carroll,Bosun Instinct,,https://www.parfumo.com/Perfumes/Constance_Carroll/Bosun_Instinct
40479,Constance Carroll,CC Unique pour Homme,,https://www.parfumo.com/Perfumes/Constance_Carroll/CC_Unique_pour_Homme
40480,Constance Carroll,Domino for Her,,https://www.parfumo.com/Perfumes/Constance_Carroll/Domino_for_Her
40481,Constance Carroll,Elope pour Femme,2015,https://www.parfumo.com/Perfumes/Constance_Carroll/Elope_pour_Femme
40482,Constance Carroll,Entirety,,https://www.parfumo.com/Perfumes/Constance_Carroll/Entirety
40483,Constance Carroll,Farraday,,https://www.parfumo.com/Perfumes/Constance_Carroll/Farraday
40484,Constance Carroll,G & Pierre,2006,https://www.parfumo.com/Perfumes/Constance_Carroll/G__Pierre
40485,Contém 1g,103,2001,https://www.fragrantica.com/perfume/Contem-1g/103-35050.html
40486,Contém 1g,16,1993,https://www.fragrantica.com/perfume/Contem-1g/16-34710.html
40487,Contém 1g,25,1993,https://www.fragrantica.com/perfume/Contem-1g/25-34711.html
40488,Contém 1g,26,1993,https://www.fragrantica.com/perfume/Contem-1g/26-34712.html
40489,Contém 1g,34,2001,https://www.fragrantica.com/perfume/Contem-1g/34-34713.html
40490,Contém 1g,36,2016,https://www.fragrantica.com/perfume/Contem-1g/36-61896.html
40491,Contém 1g,4,2001,https://www.fragrantica.com/perfume/Contem-1g/4-34707.html
40492,Contém 1g,45,2017,https://www.fragrantica.com/perfume/Contem-1g/45-61897.html
40493,Contém 1g,58,2005,https://www.fragrantica.com/perfume/Contem-1g/58-34714.html
40494,Contém 1g,6,1993,https://www.fragrantica.com/perfume/Contem-1g/6-34708.html
40495,Contém 1g,60,1993,https://www.fragrantica.com/perfume/Contem-1g/60-35042.html
40496,Contém 1g,66,2001,https://www.fragrantica.com/perfume/Contem-1g/66-35043.html
40497,Contém 1g,69,1997,https://www.fragrantica.com/perfume/Contem-1g/69-35044.html
40498,Contém 1g,7,1997,https://www.fragrantica.com/perfume/Contem-1g/7-34705.html
40499,Contém 1g,75,1997,https://www.fragrantica.com/perfume/Contem-1g/75-35045.html
40500,Contém 1g,79,2001,https://www.fragrantica.com/perfume/Contem-1g/79-34706.html
40501,Contém 1g,8,2001,https://www.fragrantica.com/perfume/Contem-1g/8-34709.html
40502,Contém 1g,81,2001,https://www.fragrantica.com/perfume/Contem-1g/81-35046.html
40503,Contém 1g,91,1993,https://www.fragrantica.com/perfume/Contem-1g/91-35047.html
40504,Contém 1g,95,1998,https://www.fragrantica.com/perfume/Contem-1g/95-35048.html
40505,Contém 1g,96,1993,https://www.fragrantica.com/perfume/Contem-1g/96-35049.html
40506,Contém 1g,C1g,2014,https://www.fragrantica.com/perfume/Contem-1g/C1g-34703.html
40507,Contém 1g,I'm Model,2015,https://www.fragrantica.com/perfume/Contem-1g/I-m-Model-34704.html
40508,Contém 1g,Jour,2014,https://www.fragrantica.com/perfume/Contem-1g/Jour-34699.html
40509,Contém 1g,Meu Beijo,2014,https://www.fragrantica.com/perfume/Contem-1g/Meu-Beijo-37708.html
40510,Contém 1g,Meu Despertar,2014,https://www.fragrantica.com/perfume/Contem-1g/Meu-Despertar-37712.html
40511,Contém 1g,Meu Encanto,2014,https://www.fragrantica.com/perfume/Contem-1g/Meu-Encanto-37715.html
40512,Contém 1g,Meu Encontro,2014,https://www.fragrantica.com/perfume/Contem-1g/Meu-Encontro-37713.html
40513,Contém 1g,Meu Estilo,2014,https://www.fragrantica.com/perfume/Contem-1g/Meu-Estilo-37725.html
40514,Contém 1g,Meu Glamour,2014,https://www.fragrantica.com/perfume/Contem-1g/Meu-Glamour-37727.html
40515,Contém 1g,Meu Jeito,2014,https://www.fragrantica.com/perfume/Contem-1g/Meu-Jeito-37721.html
40516,Contém 1g,Meu Luxo,2014,https://www.fragrantica.com/perfume/Contem-1g/Meu-Luxo-37720.html
40517,Contém 1g,Meu Olhar,2014,https://www.fragrantica.com/perfume/Contem-1g/Meu-Olhar-37716.html
40518,Contém 1g,Meu Ritmo,2014,https://www.fragrantica.com/perfume/Contem-1g/Meu-Ritmo-37728.html
40519,Contém 1g,Meu Sonho,2014,https://www.fragrantica.com/perfume/Contem-1g/Meu-Sonho-37709.html
40520,Contém 1g,Meu Tempo,2014,https://www.fragrantica.com/perfume/Contem-1g/Meu-Tempo-37723.html
40521,Contém 1g,Minha Amizade,2014,https://www.fragrantica.com/perfume/Contem-1g/Minha-Amizade-37714.html
40522,Contém 1g,Minha Animação,2014,https://www.fragrantica.com/perfume/Contem-1g/Minha-Animacao-37726.html
40523,Contém 1g,Minha Conquista,2014,https://www.fragrantica.com/perfume/Contem-1g/Minha-Conquista-37719.html
40524,Contém 1g,Minha Dança,2014,https://www.fragrantica.com/perfume/Contem-1g/Minha-Danca-37718.html
40525,Contém 1g,Minha Diversão,2014,https://www.fragrantica.com/perfume/Contem-1g/Minha-Diversao-37717.html
40526,Contém 1g,Minha Felicidade,2014,https://www.fragrantica.com/perfume/Contem-1g/Minha-Felicidade-37724.html
40527,Contém 1g,Minha Inspiração,2014,https://www.fragrantica.com/perfume/Contem-1g/Minha-Inspiracao-37729.html
40528,Contém 1g,Minha Lembrança,2014,https://www.fragrantica.com/perfume/Contem-1g/Minha-Lembranca-37722.html
40529,Contém 1g,Minha Presença,2014,https://www.fragrantica.com/perfume/Contem-1g/Minha-Presenca-37710.html
40530,Contém 1g,Minha Surpresa,2014,https://www.fragrantica.com/perfume/Contem-1g/Minha-Surpresa-37711.html
40531,Contém 1g,Nuit,2014,https://www.fragrantica.com/perfume/Contem-1g/Nuit-34700.html
40532,Contém 1g,Pink,2025,https://www.fragrantica.com/perfume/Contem-1g/Pink-117141.html
40533,Contém 1g,Pink Femme,2014,https://www.fragrantica.com/perfume/Contem-1g/Pink-Femme-34701.html
40534,Contém 1g,Pink Femme Night,2014,https://www.fragrantica.com/perfume/Contem-1g/Pink-Femme-Night-34702.html
40535,Contes de Parfums,Agra (Caroline Dumur),2024,https://www.fragrantica.com/perfume/Contes-de-Parfums/Agra-Caroline-Dumur-98505.html
40536,Contes de Parfums,Alexandria ( Alberto Morillas),2026,https://www.fragrantica.com/perfume/Contes-de-Parfums/Alexandria-Alberto-Morillas-133238.html
40537,Contes de Parfums,Angkor (Florent di Marino),2026,https://www.fragrantica.com/perfume/Contes-de-Parfums/Angkor-Florent-di-Marino-133240.html
40538,Contes de Parfums,Atlantis (Jean-Christophe Hérault),2026,https://www.fragrantica.com/perfume/Contes-de-Parfums/Atlantis-Jean-Christophe-Herault-140427.html
40539,Contes de Parfums,Babylon (Alberto Morillas),2026,https://www.fragrantica.com/perfume/Contes-de-Parfums/Babylon-Alberto-Morillas-133236.html
40540,Contes de Parfums,Bilbao (Ane Ayo),2022,https://www.fragrantica.com/perfume/Contes-de-Parfums/Bilbao-Ane-Ayo-76899.html
40541,Contes de Parfums,Dubai (Anne Flipo),2022,https://www.fragrantica.com/perfume/Contes-de-Parfums/Dubai-Anne-Flipo-76910.html
40542,Contes de Parfums,Hydra (Ilias Ermenidis),2022,https://www.fragrantica.com/perfume/Contes-de-Parfums/Hydra-Ilias-Ermenidis-76909.html
40543,Contes de Parfums,Marrakesh (Nelly Hachem-Ruiz),2024,https://www.fragrantica.com/perfume/Contes-de-Parfums/Marrakesh-Nelly-Hachem-Ruiz-98506.html
40544,Contes de Parfums,Pompeii (Pierre Gueros),2026,https://www.fragrantica.com/perfume/Contes-de-Parfums/Pompeii-Pierre-Gueros-133239.html
40545,Contes de Parfums,Positano (Carlos Benaim),2022,https://www.fragrantica.com/perfume/Contes-de-Parfums/Positano-Carlos-Benaim-76905.html
40546,Contes de Parfums,Reykjavik (Delphine Lebeau),2022,https://www.fragrantica.com/perfume/Contes-de-Parfums/Reykjavik-Delphine-Lebeau-76898.html
40547,Contes de Parfums,Salalah (Julien Rasquinet),2023,https://www.fragrantica.com/perfume/Contes-de-Parfums/Salalah-Julien-Rasquinet-80726.html
40548,Contes de Parfums,Salvador da Bahia (Alexandra Carlin),2025,https://www.fragrantica.com/perfume/Contes-de-Parfums/Salvador-da-Bahia-Alexandra-Carlin-117565.html
40549,Contes de Parfums,Samarkand (Ane Ayo),2026,https://www.fragrantica.com/perfume/Contes-de-Parfums/Samarkand-Ane-Ayo-133237.html
40550,Contes de Parfums,Sevilla (Jean-Christophe Hérault),2022,https://www.fragrantica.com/perfume/Contes-de-Parfums/Sevilla-Jean-Christophe-Herault-76908.html
40551,Contes de Parfums,Shanghai (Nicolas Beaulieu),2022,https://www.fragrantica.com/perfume/Contes-de-Parfums/Shanghai-Nicolas-Beaulieu-76900.html
40552,Contes de Parfums,Sydney (Ramon Monegal),2022,https://www.fragrantica.com/perfume/Contes-de-Parfums/Sydney-Ramon-Monegal-76903.html
40553,Contes de Parfums,Tokyo (Anne Flipo),2022,https://www.fragrantica.com/perfume/Contes-de-Parfums/Tokyo-Anne-Flipo-76901.html
40554,Conteur,Anecdote,2025,https://www.fragrantica.com/perfume/Conteur/Anecdote-105297.html
40555,Conteur,Chronicle,2025,https://www.fragrantica.com/perfume/Conteur/Chronicle-105299.html
40556,Conteur,Mythic,2025,https://www.fragrantica.com/perfume/Conteur/Mythic-105298.html
40557,Conteur,Saga,2025,https://www.fragrantica.com/perfume/Conteur/Saga-105296.html
40558,Contraband,Hands off,2025,https://www.fragrantica.com/perfume/Contraband/Hands-off-104161.html
40559,Contraband,have it all,2025,https://www.fragrantica.com/perfume/Contraband/have-it-all-104163.html
40560,Contraband,Le Oud XI,,https://www.fragrantica.com/perfume/Contraband/Le-Oud-XI-131194.html
40561,Contraband,Not Vanille,2026,https://www.fragrantica.com/perfume/Contraband/Not-Vanille-131193.html
40562,Contraband,Summer Chase,2025,https://www.fragrantica.com/perfume/Contraband/Summer-Chase-111293.html
40563,Contraband,You Again,2025,https://www.fragrantica.com/perfume/Contraband/You-Again-104162.html
40564,Contradictions in ILK,Devious,2020,https://www.fragrantica.com/perfume/Contradictions-in-ILK/Devious-61378.html
40565,Contradictions in ILK,Fantasist,2020,https://www.fragrantica.com/perfume/Contradictions-in-ILK/Fantasist-61383.html
40566,Contradictions in ILK,Human,2022,https://www.fragrantica.com/perfume/Contradictions-in-ILK/Human-83951.html
40567,Contradictions in ILK,Infatuated,2020,https://www.fragrantica.com/perfume/Contradictions-in-ILK/Infatuated-61385.html
40568,Contradictions in ILK,Libertine,2020,https://www.fragrantica.com/perfume/Contradictions-in-ILK/Libertine-61380.html
40569,Contradictions in ILK,Nature,2022,https://www.fragrantica.com/perfume/Contradictions-in-ILK/Nature-83952.html
40570,Contradictions in ILK,Nonchalant,2020,https://www.fragrantica.com/perfume/Contradictions-in-ILK/Nonchalant-61386.html
40571,Contradictions in ILK,Realist,2020,https://www.fragrantica.com/perfume/Contradictions-in-ILK/Realist-61384.html
40572,Contradictions in ILK,Sincere,2020,https://www.fragrantica.com/perfume/Contradictions-in-ILK/Sincere-61379.html
40573,Contradictions in ILK,Virtuous,2020,https://www.fragrantica.com/perfume/Contradictions-in-ILK/Virtuous-61382.html
40574,Converse,All Black,2018,https://www.fragrantica.com/perfume/Converse/All-Black-50435.html
40575,Converse,Black,2018,https://www.fragrantica.com/perfume/Converse/Black-50434.html
40576,Converse,Navy,2018,https://www.fragrantica.com/perfume/Converse/Navy-50433.html
40577,Converse,Off White,2018,https://www.fragrantica.com/perfume/Converse/Off-White-50431.html
40578,Converse,Red,2018,https://www.fragrantica.com/perfume/Converse/Red-50432.html
40579,Converse,White,2018,https://www.fragrantica.com/perfume/Converse/White-50429.html
40580,Coolife,Le Cinquieme Parfum,2016,https://www.fragrantica.com/perfume/Coolife/Le-Cinquieme-Parfum-41165.html
40581,Coolife,Le Deuxieme Parfum,2015,https://www.fragrantica.com/perfume/Coolife/Le-Deuxieme-Parfum-32069.html
40582,Coolife,Le Premier Parfum,2014,https://www.fragrantica.com/perfume/Coolife/Le-Premier-Parfum-24808.html
40583,Coolife,Le Quatrieme Parfum,2016,https://www.fragrantica.com/perfume/Coolife/Le-Quatrieme-Parfum-35673.html
40584,Coolife,Le Septieme Parfum,2017,https://www.fragrantica.com/perfume/Coolife/Le-Septieme-Parfum-44134.html
40585,Coolife,Le Sixieme Parfum,2017,https://www.fragrantica.com/perfume/Coolife/Le-Sixieme-Parfum-43411.html
40586,Coolife,Le Troisieme Parfum,2015,https://www.fragrantica.com/perfume/Coolife/Le-Troisieme-Parfum-32070.html
40587,Coppeneur,Eau de Cacao,2005,https://www.fragrantica.com/perfume/Coppeneur/Eau-de-Cacao-2188.html
40588,Copper Still Fragrance,51,,https://www.fragrantica.com/perfume/Copper-Still-Fragrance/51-100091.html
40589,Copper Still Fragrance,Shine Punch,,https://www.fragrantica.com/perfume/Copper-Still-Fragrance/Shine-Punch-100092.html
40590,Copper Still Fragrance,Watermelon Shine,,https://www.fragrantica.com/perfume/Copper-Still-Fragrance/Watermelon-Shine-100090.html
40591,Coqui Coqui,Agave,2007,https://www.fragrantica.com/perfume/Coqui-Coqui/Agave-37164.html
40592,Coqui Coqui,Citger,2015,https://www.fragrantica.com/perfume/Coqui-Coqui/Citger-37538.html
40593,Coqui Coqui,Coco Coco,2003,https://www.fragrantica.com/perfume/Coqui-Coqui/Coco-Coco-37165.html
40594,Coqui Coqui,Eucaced,2015,https://www.fragrantica.com/perfume/Coqui-Coqui/Eucaced-37540.html
40595,Coqui Coqui,Fleurs des Iles,2019,https://www.fragrantica.com/perfume/Coqui-Coqui/Fleurs-des-Iles-65949.html
40596,Coqui Coqui,Floplum,,https://www.fragrantica.com/perfume/Coqui-Coqui/Floplum-37159.html
40597,Coqui Coqui,Flor De Mayo,2012,https://www.fragrantica.com/perfume/Coqui-Coqui/Flor-De-Mayo-37539.html
40598,Coqui Coqui,Flor de Naranjo,2007,https://www.fragrantica.com/perfume/Coqui-Coqui/Flor-de-Naranjo-37155.html
40599,Coqui Coqui,Lavman,2003,https://www.fragrantica.com/perfume/Coqui-Coqui/Lavman-37161.html
40600,Coqui Coqui,Maderas,2005,https://www.fragrantica.com/perfume/Coqui-Coqui/Maderas-37162.html
40601,Coqui Coqui,Menli,2012,https://www.fragrantica.com/perfume/Coqui-Coqui/Menli-37541.html
40602,Coqui Coqui,Neroli Negro,2015,https://www.fragrantica.com/perfume/Coqui-Coqui/Neroli-Negro-37537.html
40603,Coqui Coqui,Rosas Frescas,2013,https://www.fragrantica.com/perfume/Coqui-Coqui/Rosas-Frescas-37157.html
40604,Coqui Coqui,Rosas Secas,2013,https://www.fragrantica.com/perfume/Coqui-Coqui/Rosas-Secas-37536.html
40605,Coqui Coqui,Sancoco,2019,https://www.fragrantica.com/perfume/Coqui-Coqui/Sancoco-83755.html
40606,Coqui Coqui,Tabaco,2011,https://www.fragrantica.com/perfume/Coqui-Coqui/Tabaco-37156.html
40607,Coquillete,Ambrosia,2017,https://www.fragrantica.com/perfume/Coquillete/Ambrosia-43326.html
40608,Coquillete,Artemisia G,2020,https://www.fragrantica.com/perfume/Coquillete/Artemisia-G-60286.html
40609,Coquillete,Camellia 3.2,2017,https://www.fragrantica.com/perfume/Coquillete/Camellia-3-2-43371.html
40610,Coquillete,Close To You,2023,https://www.fragrantica.com/perfume/Coquillete/Close-To-You-82353.html
40611,Coquillete,Cookiecrunch,2016,https://www.fragrantica.com/perfume/Coquillete/Cookiecrunch-42790.html
40612,Coquillete,Cuiris,2023,https://www.fragrantica.com/perfume/Coquillete/Cuiris-80664.html
40613,Coquillete,Herat,2012,https://www.fragrantica.com/perfume/Coquillete/Herat-17611.html
40614,Coquillete,Joal,2022,https://www.fragrantica.com/perfume/Coquillete/Joal-74337.html
40615,Coquillete,Joal No. 7,2016,https://www.fragrantica.com/perfume/Coquillete/Joal-No-7-38054.html
40616,Coquillete,Mirabilis,2016,https://www.fragrantica.com/perfume/Coquillete/Mirabilis-42792.html
40617,Coquillete,Mirranda,2024,https://www.fragrantica.com/perfume/Coquillete/Mirranda-93234.html
40618,Coquillete,Moramanga,2012,https://www.fragrantica.com/perfume/Coquillete/Moramanga-17613.html
40619,Coquillete,Navy Rum,2016,https://www.fragrantica.com/perfume/Coquillete/Navy-Rum-42793.html
40620,Coquillete,OlaUna,2019,https://www.fragrantica.com/perfume/Coquillete/OlaUna-54705.html
40621,Coquillete,Portrait of a Witch,2025,https://www.fragrantica.com/perfume/Coquillete/Portrait-of-a-Witch-118441.html
40622,Coquillete,Reginette,2021,https://www.fragrantica.com/perfume/Coquillete/Reginette-71595.html
40623,Coquillete,Rosa Muscosa,2017,https://www.fragrantica.com/perfume/Coquillete/Rosa-Muscosa-43372.html
40624,Coquillete,Solo Amber,2025,https://www.fragrantica.com/perfume/Coquillete/Solo-Amber-118443.html
40625,Coquillete,Solo Musc,2024,https://www.fragrantica.com/perfume/Coquillete/Solo-Musc-93235.html
40626,Coquillete,Sulmona,2012,https://www.fragrantica.com/perfume/Coquillete/Sulmona-17612.html
40627,Coquillete,Sumatera,2012,https://www.fragrantica.com/perfume/Coquillete/Sumatera-17614.html
40628,Coquillete,Supergreen,2017,https://www.fragrantica.com/perfume/Coquillete/Supergreen-43325.html
40629,Coquillete,Tan-Tan,2013,https://www.fragrantica.com/perfume/Coquillete/Tan-Tan-20390.html
40630,Coquillete,Tourbière,2016,https://www.fragrantica.com/perfume/Coquillete/Tourbiere-42791.html
40631,Coquillete,Tubexotic,2023,https://www.fragrantica.com/perfume/Coquillete/Tubexotic-80663.html
40632,Coquillete,Tudor,2014,https://www.fragrantica.com/perfume/Coquillete/Tudor-28202.html
40633,Coquillete,Underdog,2025,https://www.fragrantica.com/perfume/Coquillete/Underdog-118442.html
40634,Coquillete,Vesevius,2017,https://www.fragrantica.com/perfume/Coquillete/Vesevius-46641.html
40635,Coquillete,Vivir,2022,https://www.fragrantica.com/perfume/Coquillete/Vivir-81764.html
40636,Coral,Musk Intense,,https://www.fragrantica.com/perfume/Coral/Musk-Intense-36628.html
40637,Coral Perfumes,Brisca,2026,https://www.fragrantica.com/perfume/Coral-Perfumes/Brisca-133500.html
40638,Coral Perfumes,Caligo,2026,https://www.fragrantica.com/perfume/Coral-Perfumes/Caligo-133622.html
40639,Coral Perfumes,Charms Intense,2019,https://www.fragrantica.com/perfume/Coral-Perfumes/Charms-Intense-97320.html
40640,Coral Perfumes,Coral Intenzo Aqua,2022,https://www.fragrantica.com/perfume/Coral-Perfumes/Coral-Intenzo-Aqua-97736.html
40641,Coral Perfumes,Coral Love,2022,https://www.fragrantica.com/perfume/Coral-Perfumes/Coral-Love-97737.html
40642,Coral Perfumes,Coral Panther,2024,https://www.fragrantica.com/perfume/Coral-Perfumes/Coral-Panther-97003.html
40643,Coral Perfumes,Coral Rebirth,2024,https://www.fragrantica.com/perfume/Coral-Perfumes/Coral-Rebirth-97002.html
40644,Coral Perfumes,Coral Ruby,2022,https://www.fragrantica.com/perfume/Coral-Perfumes/Coral-Ruby-97735.html
40645,Coral Perfumes,Coral Waves,2024,https://www.fragrantica.com/perfume/Coral-Perfumes/Coral-Waves-97004.html
40646,Coral Perfumes,Darique,2026,https://www.fragrantica.com/perfume/Coral-Perfumes/Darique-133623.html
40647,Coral Perfumes,Glacius,2026,https://www.fragrantica.com/perfume/Coral-Perfumes/Glacius-133621.html
40648,Coral Perfumes,Kratos,2024,https://www.fragrantica.com/perfume/Coral-Perfumes/Kratos-95412.html
40649,Coral Perfumes,Misty,2022,https://www.fragrantica.com/perfume/Coral-Perfumes/Misty-97322.html
40650,Coral Perfumes,Oud Elixir,2022,https://www.fragrantica.com/perfume/Coral-Perfumes/Oud-Elixir-83222.html
40651,Coral Perfumes,Oud Elixir Gold Edition,2025,https://www.fragrantica.com/perfume/Coral-Perfumes/Oud-Elixir-Gold-Edition-117034.html
40652,Coral Perfumes,Oud Royale,2023,https://www.fragrantica.com/perfume/Coral-Perfumes/Oud-Royale-92829.html
40653,Coral Perfumes,Oudh Malaki,2024,https://www.fragrantica.com/perfume/Coral-Perfumes/Oudh-Malaki-97001.html
40654,Coral Perfumes,Passion Intense,,https://www.fragrantica.com/perfume/Coral-Perfumes/Passion-Intense-93982.html
40655,Coral Perfumes,Radiance,,https://www.fragrantica.com/perfume/Coral-Perfumes/Radiance-93979.html
40656,Coral Perfumes,Tessaro,2026,https://www.fragrantica.com/perfume/Coral-Perfumes/Tessaro-133485.html
40657,Corday,Blanchette,1924,https://www.fragrantica.com/perfume/Corday/Blanchette-121542.html
40658,Corday,Chèvrefeuille,,https://www.fragrantica.com/perfume/Corday/Chevrefeuille-121541.html
40659,Corday,Chèvrefeuille Le Chèvre-feuille,,https://www.parfumo.com/Perfumes/Corday/Chevrefeuille_Le_Chevre_feuille
40660,Corday,Eau de Cologne Brut,,https://www.parfumo.com/Perfumes/Corday/Eau_de_Cologne_Brut
40661,Corday,Eau de Cologne Lavender,,https://www.parfumo.com/Perfumes/Corday/Eau_de_Cologne_Lavender
40662,Corday,Eau de Cologne Sec,,https://www.parfumo.com/Perfumes/Corday/Eau_de_Cologne_Sec
40663,Corday,Fame Corday 1998 Eau de Cologne,1998,https://www.parfumo.com/Perfumes/Corday/fame-eau-de-cologne
40664,Corday,Fame Corday Cream Perfume,,https://www.parfumo.com/Perfumes/Corday/fame-cream-perfume
40665,Corday,Fame (Eau de Toilette),1946,https://www.fragrantica.com/perfume/Corday/Fame-37872.html
40666,Corday,Fame Unicorn Flacon,2010,https://www.parfumo.com/Perfumes/Corday/Fame_Unicorn_Flacon
40667,Corday,Femme du Jour,1926,https://www.fragrantica.com/perfume/Corday/Femme-du-Jour-88443.html
40668,Corday,Frenzy Corday Eau de Cologne,,https://www.parfumo.com/Perfumes/Corday/frenzy-eau-de-cologne
40669,Corday,Frenzy Corday Eau de Toilette,,https://www.parfumo.com/Perfumes/Corday/frenzy-eau-de-toilette
40670,Corday,Frenzy (Parfum),1945,https://www.fragrantica.com/perfume/Corday/Frenzy-88442.html
40671,Corday,Gardenia de,1996,https://www.parfumo.com/Perfumes/Corday/Gardenia_de_Corday
40672,Corday,Gardenia de Corday,1931,https://www.fragrantica.com/perfume/Corday/Gardenia-de-Corday-121544.html
40673,Corday,Jet,1924,https://www.fragrantica.com/perfume/Corday/Jet-82526.html
40674,Corday,Jet for Jentlemen Corday 1998 After Shave Lotion,1998,https://www.parfumo.com/Perfumes/Corday/Jet_for_Jentlemen_After_Shave_Lotion
40675,Corday,Jet for Jentlemen (Eau de Cologne),1949,https://www.fragrantica.com/perfume/Corday/Jet-for-Jentlemen-88444.html
40676,Corday,Kai-Sang,1924,https://www.fragrantica.com/perfume/Corday/Kai-Sang-121543.html
40677,Corday,L'Ardente Nuit Corday 2010 Eau de Toilette,2010,https://www.parfumo.com/Perfumes/Corday/l-ardente-nuit-eau-de-toilette
40678,Corday,L'Ardente Nuit (Parfum),1930,https://www.fragrantica.com/perfume/Corday/L-Ardente-Nuit-88445.html
40679,Corday,L'Heure Romantique,1928,https://www.fragrantica.com/perfume/Corday/L-Heure-Romantique-121531.html
40680,Corday,La Plus Belle,1927,https://www.fragrantica.com/perfume/Corday/La-Plus-Belle-88446.html
40681,Corday,La Promesse,,https://www.parfumo.com/Perfumes/Corday/La_Promesse
40682,Corday,Le Jasmin,1930,https://www.fragrantica.com/perfume/Corday/Le-Jasmin-121534.html
40683,Corday,Le Lilas,1931,https://www.fragrantica.com/perfume/Corday/Le-Lilas-121530.html
40684,Corday,Le Muguet,1931,https://www.fragrantica.com/perfume/Corday/Le-Muguet-121535.html
40685,Corday,Miss Corday,1950,https://www.fragrantica.com/perfume/Corday/Miss-Corday-121536.html
40686,Corday,Orchidée Bleue Corday Eau de Cologne,,https://www.parfumo.com/Perfumes/Corday/orchidee-bleue-eau-de-cologne
40687,Corday,Orchidée Bleue (Parfum),1925,https://www.fragrantica.com/perfume/Corday/Orchidee-Bleue-37875.html
40688,Corday,Pois de Senteur,1934,https://www.fragrantica.com/perfume/Corday/Pois-de-Senteur-121529.html
40689,Corday,Pois de Senteur Sweet Pea,2002,https://www.parfumo.com/Perfumes/Corday/Pois_de_Senteur_Sweet_Pea
40690,Corday,Possession Corday 2019 Parfum de Toilette,2019,https://www.parfumo.com/Perfumes/Corday/possession-parfum-de-toilette
40691,Corday,Possession Corday Cream Perfume,,https://www.parfumo.com/Perfumes/Corday/possession-cream-perfume
40692,Corday,Possession (Eau de Toilette),1937,https://www.fragrantica.com/perfume/Corday/Possession-37871.html
40693,Corday,Quand?,1930,https://www.fragrantica.com/perfume/Corday/Quand-121537.html
40694,Corday,Romantique,,https://www.parfumo.com/Perfumes/Corday/Romantique
40695,Corday,Rusé (Eau de Toilette),1966,https://www.fragrantica.com/perfume/Corday/Ruse-37876.html
40696,Corday,Serre Fleurie,1924,https://www.fragrantica.com/perfume/Corday/Serre-Fleurie-121538.html
40697,Corday,Toodle-oo,1924,https://www.fragrantica.com/perfume/Corday/Toodle-oo-121540.html
40698,Corday,Toujours Moi (Eau de Cologne),1924,https://www.fragrantica.com/perfume/Corday/Toujours-Moi-3932.html
40699,Corday,Toujours Toi,1998,https://www.parfumo.com/Perfumes/Corday/Toujours_Toi
40700,Corday,Trapeze,1956,https://www.fragrantica.com/perfume/Corday/Trapeze-37867.html
40701,Corday,Violette de Corday,1931,https://www.fragrantica.com/perfume/Corday/Violette-de-Corday-121539.html
40702,Corday,Voyage A Paris,1934,https://www.fragrantica.com/perfume/Corday/Voyage-A-Paris-88447.html
40703,Corday,Zigane (Tzigane),1937,https://www.fragrantica.com/perfume/Corday/Zigane-Tzigane-20396.html
40704,Coreterno,Café Mémoire (Eau de Parfum),2026,https://www.fragrantica.com/perfume/Coreterno/Cafe-Memoire-142341.html
40705,Coreterno,Catharsis (Eau de Parfum),2019,https://www.fragrantica.com/perfume/Coreterno/Catharsis-57082.html
40706,Coreterno,DISCOFLOWER (Eau de Parfum),2026,https://www.fragrantica.com/perfume/Coreterno/DISCOFLOWER-133361.html
40707,Coreterno,Egocentrique (Eau de Parfum),2026,https://www.fragrantica.com/perfume/Coreterno/Egocentrique-125239.html
40708,Coreterno,Freakincense (Eau de Parfum),2023,https://www.fragrantica.com/perfume/Coreterno/Freakincense-81005.html
40709,Coreterno,Godimenta (Eau de Parfum),2025,https://www.fragrantica.com/perfume/Coreterno/Godimenta-108300.html
40710,Coreterno,Hardkor (Eau de Parfum),2022,https://www.fragrantica.com/perfume/Coreterno/Hardkor-76941.html
40711,Coreterno,Hierba Nera (Eau de Parfum),2019,https://www.fragrantica.com/perfume/Coreterno/Hierba-Nera-57080.html
40712,Coreterno,Hypnorange (Eau de Parfum),2025,https://www.fragrantica.com/perfume/Coreterno/Hypnorange-103115.html
40713,Coreterno,Mystic Sugar (Eau de Parfum),2021,https://www.fragrantica.com/perfume/Coreterno/Mystic-Sugar-70990.html
40714,Coreterno,Night Idol (Eau de Parfum),2024,https://www.fragrantica.com/perfume/Coreterno/Night-Idol-97292.html
40715,Coreterno,No Sleep (Eau de Parfum),2021,https://www.fragrantica.com/perfume/Coreterno/No-Sleep-67455.html
40716,Coreterno,Oceanoir (Eau de Parfum),2024,https://www.fragrantica.com/perfume/Coreterno/Oceanoir-91359.html
40717,Coreterno,Psychedelicious (Eau de Parfum),2023,https://www.fragrantica.com/perfume/Coreterno/Psychedelicious-88590.html
40718,Coreterno,Punk Motel (Eau de Parfum),2019,https://www.fragrantica.com/perfume/Coreterno/Punk-Motel-57081.html
40719,Coreterno,Rose And Me (Eau de Parfum),2019,https://www.fragrantica.com/perfume/Coreterno/Rose-And-Me-57079.html
40720,Coreterno,Ultralove (Eau de Parfum),2025,https://www.fragrantica.com/perfume/Coreterno/Ultralove-115446.html
40721,Corine de Farme,Avengers Assemble,2008,https://www.parfumo.com/Perfumes/Corine_de_Farme/Avengers_Assemble
40722,Corine de Farme,Barcelona Night,,https://www.fragrantica.com/perfume/Corine-de-Farme/Barcelona-Night-8338.html
40723,Corine de Farme,Camelia,,https://www.fragrantica.com/perfume/Corine-de-Farme/Camelia-8340.html
40724,Corine de Farme,Cars,1981,https://www.parfumo.com/Perfumes/Corine_de_Farme/Cars
40725,Corine de Farme,Disney Fairies,,https://www.parfumo.com/Perfumes/Corine_de_Farme/Disney_Fairies
40726,Corine de Farme,Disney Princess,,https://www.parfumo.com/Perfumes/Corine_de_Farme/Disney_Princess
40727,Corine de Farme,Disney Princess Pink Toffe Dream,,https://www.fragrantica.com/perfume/Corine-de-Farme/Disney-Princess-Pink-Toffe-Dream-8372.html
40728,Corine de Farme,Disney Princess - Pink Toffee Dream,,https://www.parfumo.com/Perfumes/Corine_de_Farme/Disney_Princess_Pink_Toffe_Dream
40729,Corine de Farme,Douceur Nature Figue,,https://www.fragrantica.com/perfume/Corine-de-Farme/Douceur-Nature-Figue-8343.html
40730,Corine de Farme,Douceur Nature The Vert,,https://www.fragrantica.com/perfume/Corine-de-Farme/Douceur-Nature-The-Vert-8341.html
40731,Corine de Farme,Douceur Nature Vanilla,,https://www.fragrantica.com/perfume/Corine-de-Farme/Douceur-Nature-Vanilla-8342.html
40732,Corine de Farme,Douceur Nature Vanille,2019,https://www.parfumo.com/Perfumes/Corine_de_Farme/Douceur_Nature_Vanille
40733,Corine de Farme,Eros Cool,,https://www.fragrantica.com/perfume/Corine-de-Farme/Eros-Cool-8359.html
40734,Corine de Farme,Eros Fever,,https://www.fragrantica.com/perfume/Corine-de-Farme/Eros-Fever-8360.html
40735,Corine de Farme,Eros Hot,,https://www.fragrantica.com/perfume/Corine-de-Farme/Eros-Hot-8361.html
40736,Corine de Farme,Extasia,1998,https://www.parfumo.com/Perfumes/Corine_de_Farme/Extasia
40737,Corine de Farme,Frozen,,https://www.parfumo.com/Perfumes/Corine_de_Farme/Frozen
40738,Corine de Farme,Hannah Montana,,https://www.fragrantica.com/perfume/Corine-de-Farme/Hannah-Montana-8366.html
40739,Corine de Farme,High School Musical,,https://www.fragrantica.com/perfume/Corine-de-Farme/High-School-Musical-8373.html
40740,Corine de Farme,Ibiza Night,,https://www.fragrantica.com/perfume/Corine-de-Farme/Ibiza-Night-8344.html
40741,Corine de Farme,L'Homme,,https://www.fragrantica.com/perfume/Corine-de-Farme/L-Homme-8364.html
40742,Corine de Farme,Lecon de Seduction,2011,https://www.fragrantica.com/perfume/Corine-de-Farme/Lecon-de-Seduction-13163.html
40743,Corine de Farme,Lilly,2013,https://www.fragrantica.com/perfume/Corine-de-Farme/Lilly-20312.html
40744,Corine de Farme,Longboard Seaside,,https://www.fragrantica.com/perfume/Corine-de-Farme/Longboard-Seaside-8362.html
40745,Corine de Farme,Longboard SunSet,,https://www.fragrantica.com/perfume/Corine-de-Farme/Longboard-SunSet-8363.html
40746,Corine de Farme,Los Angeles Night,,https://www.fragrantica.com/perfume/Corine-de-Farme/Los-Angeles-Night-8345.html
40747,Corine de Farme,M'zelle Ananas Chantilly,,https://www.fragrantica.com/perfume/Corine-de-Farme/M-zelle-Ananas-Chantilly-8354.html
40748,Corine de Farme,M'zelle Creme Brulee,,https://www.fragrantica.com/perfume/Corine-de-Farme/M-zelle-Creme-Brulee-8348.html
40749,Corine de Farme,M'zelle Marshmallow,,https://www.fragrantica.com/perfume/Corine-de-Farme/M-zelle-Marshmallow-8350.html
40750,Corine de Farme,M'zelle Pomme d'Amour,,https://www.fragrantica.com/perfume/Corine-de-Farme/M-zelle-Pomme-d-Amour-8349.html
40751,Corine de Farme,M'zelle Speculoos,2010,https://www.fragrantica.com/perfume/Corine-de-Farme/M-zelle-Speculoos-12383.html
40752,Corine de Farme,M'zelle Tarte Citron Meringuee,2010,https://www.fragrantica.com/perfume/Corine-de-Farme/M-zelle-Tarte-Citron-Meringuee-12382.html
40753,Corine de Farme,M'zelle Vanille Chocolat,,https://www.fragrantica.com/perfume/Corine-de-Farme/M-zelle-Vanille-Chocolat-8351.html
40754,Corine de Farme,M'zelle Vanille Fruits Rouges,,https://www.fragrantica.com/perfume/Corine-de-Farme/M-zelle-Vanille-Fruits-Rouges-8353.html
40755,Corine de Farme,M'zelle Vanille Passion,,https://www.fragrantica.com/perfume/Corine-de-Farme/M-zelle-Vanille-Passion-8352.html
40756,Corine de Farme,M'zelle Very Vanilla,,https://www.fragrantica.com/perfume/Corine-de-Farme/M-zelle-Very-Vanilla-8355.html
40757,Corine de Farme,Minnie Mouse,2012,https://www.fragrantica.com/perfume/Corine-de-Farme/Minnie-Mouse-17406.html
40758,Corine de Farme,Samoa,,https://www.fragrantica.com/perfume/Corine-de-Farme/Samoa-8346.html
40759,Corine de Farme,Tabac Spirit,,https://www.fragrantica.com/perfume/Corine-de-Farme/Tabac-Spirit-8365.html
40760,Corine de Farme,Ternata,,https://www.fragrantica.com/perfume/Corine-de-Farme/Ternata-8347.html
40761,Corine de Farme,Witch Corn,,https://www.fragrantica.com/perfume/Corine-de-Farme/Witch-Corn-8367.html
40762,Corine de Farme,Witch Hay Lin,,https://www.fragrantica.com/perfume/Corine-de-Farme/Witch-Hay-Lin-8368.html
40763,Corine de Farme,Witch Irma,,https://www.fragrantica.com/perfume/Corine-de-Farme/Witch-Irma-8369.html
40764,Corine de Farme,Witch Taranee,,https://www.fragrantica.com/perfume/Corine-de-Farme/Witch-Taranee-8370.html
40765,Corine de Farme,Witch Will,,https://www.fragrantica.com/perfume/Corine-de-Farme/Witch-Will-8371.html
40766,Corinne Cobson,Eau de Cobson Orange-Bergamot,,https://www.fragrantica.com/perfume/Corinne-Cobson/Eau-de-Cobson-Orange-Bergamot-464.html
40767,Corinne Cobson,Eau Fraiche Caline Vanille,2006,https://www.fragrantica.com/perfume/Corinne-Cobson/Eau-Fraiche-Caline-Vanille-11251.html
40768,Corinne Cobson,Eau Fraiche Coquine Pamplemousse,2006,https://www.fragrantica.com/perfume/Corinne-Cobson/Eau-Fraiche-Coquine-Pamplemousse-11252.html
40769,Corinne Cobson,Eau Fraiche Exquise Cerise,2006,https://www.fragrantica.com/perfume/Corinne-Cobson/Eau-Fraiche-Exquise-Cerise-11249.html
40770,Corinne Cobson,Eau Fraiche Gourmande Mangue,2006,https://www.fragrantica.com/perfume/Corinne-Cobson/Eau-Fraiche-Gourmande-Mangue-11250.html
40771,Corinne Cobson,Eau Fraiche Pimpante Melon,2006,https://www.fragrantica.com/perfume/Corinne-Cobson/Eau-Fraiche-Pimpante-Melon-11272.html
40772,Corinne Cobson,Eau fraiche Reveuse Magnolia,2006,https://www.fragrantica.com/perfume/Corinne-Cobson/Eau-fraiche-Reveuse-Magnolia-11248.html
40773,Corinne Cobson,Love Etc,1999,https://www.fragrantica.com/perfume/Corinne-Cobson/Love-Etc-2828.html
40774,Cornerland,Abu Dhabi,,https://www.fragrantica.com/perfume/Cornerland/Abu-Dhabi-130250.html
40775,Cornerland,Beirut,,https://www.fragrantica.com/perfume/Cornerland/Beirut-130270.html
40776,Cornerland,Bora Bora,,https://www.fragrantica.com/perfume/Cornerland/Bora-Bora-130241.html
40777,Cornerland,Buenos Aires,,https://www.fragrantica.com/perfume/Cornerland/Buenos-Aires-130243.html
40778,Cornerland,Casablanca,,https://www.fragrantica.com/perfume/Cornerland/Casablanca-130266.html
40779,Cornerland,Grasse,,https://www.fragrantica.com/perfume/Cornerland/Grasse-130277.html
40780,Cornerland,Kyoto,,https://www.fragrantica.com/perfume/Cornerland/Kyoto-130279.html
40781,Cornerland,Madrid,,https://www.fragrantica.com/perfume/Cornerland/Madrid-130275.html
40782,Cornerland,Marbella,,https://www.fragrantica.com/perfume/Cornerland/Marbella-130248.html
40783,Cornerland,Miami,,https://www.fragrantica.com/perfume/Cornerland/Miami-130237.html
40784,Cornerland,Portofino,,https://www.fragrantica.com/perfume/Cornerland/Portofino-130239.html
40785,Cornerland,Reykjavik,,https://www.fragrantica.com/perfume/Cornerland/Reykjavik-130278.html
40786,Cornerland,Santa Monica,,https://www.fragrantica.com/perfume/Cornerland/Santa-Monica-130240.html
40787,Cornerland,Venezia,,https://www.fragrantica.com/perfume/Cornerland/Venezia-130238.html
40788,Cornerland,Zanzibar,,https://www.fragrantica.com/perfume/Cornerland/Zanzibar-130253.html
40789,Corniche D'Or,Black Sense,2020,https://www.fragrantica.com/perfume/Corniche-D-Or/Black-Sense-64288.html
40790,Corniche D'Or,Brise De Mer,2023,https://www.fragrantica.com/perfume/Corniche-D-Or/Brise-De-Mer-87313.html
40791,Corniche D'Or,Cachemire,2023,https://www.fragrantica.com/perfume/Corniche-D-Or/Cachemire-87310.html
40792,Corniche D'Or,Corniche,2020,https://www.fragrantica.com/perfume/Corniche-D-Or/Corniche-64286.html
40793,Corniche D'Or,Decret,2020,https://www.fragrantica.com/perfume/Corniche-D-Or/Decret-64291.html
40794,Corniche D'Or,Immortelle,2023,https://www.fragrantica.com/perfume/Corniche-D-Or/Immortelle-87275.html
40795,Corniche D'Or,Imprevu,2020,https://www.fragrantica.com/perfume/Corniche-D-Or/Imprevu-64297.html
40796,Corniche D'Or,L'Étoile,2023,https://www.fragrantica.com/perfume/Corniche-D-Or/L-Etoile-87276.html
40797,Corniche D'Or,Le Charmant,2020,https://www.fragrantica.com/perfume/Corniche-D-Or/Le-Charmant-64295.html
40798,Corniche D'Or,Le Luxe Noir,2023,https://www.fragrantica.com/perfume/Corniche-D-Or/Le-Luxe-Noir-87308.html
40799,Corniche D'Or,Le Sens De Vol,2020,https://www.fragrantica.com/perfume/Corniche-D-Or/Le-Sens-De-Vol-64299.html
40800,Corniche D'Or,Lord Noir,2020,https://www.fragrantica.com/perfume/Corniche-D-Or/Lord-Noir-64287.html
40801,Corniche D'Or,Lueur De Vie,2023,https://www.fragrantica.com/perfume/Corniche-D-Or/Lueur-De-Vie-87524.html
40802,Corniche D'Or,Magnifique,2023,https://www.fragrantica.com/perfume/Corniche-D-Or/Magnifique-87264.html
40803,Corniche D'Or,Miroir Magique,2023,https://www.fragrantica.com/perfume/Corniche-D-Or/Miroir-Magique-87262.html
40804,Corniche D'Or,Mystic Amber,2020,https://www.fragrantica.com/perfume/Corniche-D-Or/Mystic-Amber-64298.html
40805,Corniche D'Or,Nuit de Romance,2023,https://www.fragrantica.com/perfume/Corniche-D-Or/Nuit-de-Romance-87222.html
40806,Corniche D'Or,Opale,2023,https://www.fragrantica.com/perfume/Corniche-D-Or/Opale-87274.html
40807,Corniche D'Or,Ophrys,2020,https://www.fragrantica.com/perfume/Corniche-D-Or/Ophrys-64296.html
40808,Corniche D'Or,Rebel Cheval,2020,https://www.fragrantica.com/perfume/Corniche-D-Or/Rebel-Cheval-64289.html
40809,Corniche D'Or,Rebelle,2023,https://www.fragrantica.com/perfume/Corniche-D-Or/Rebelle-87212.html
40810,Corniche D'Or,Rebellion,2020,https://www.fragrantica.com/perfume/Corniche-D-Or/Rebellion-64293.html
40811,Corniche D'Or,Révolte,2023,https://www.fragrantica.com/perfume/Corniche-D-Or/Revolte-87311.html
40812,Corniche D'Or,Rouge Et Noir,2020,https://www.fragrantica.com/perfume/Corniche-D-Or/Rouge-Et-Noir-64292.html
40813,Corniche D'Or,Sans Egal,2020,https://www.fragrantica.com/perfume/Corniche-D-Or/Sans-Egal-64290.html
40814,Corniche D'Or,Soleil d'Été,2023,https://www.fragrantica.com/perfume/Corniche-D-Or/Soleil-d-Ete-87263.html
40815,Corniche D'Or,Valse,2023,https://www.fragrantica.com/perfume/Corniche-D-Or/Valse-87225.html
40816,Corniche D'Or,White Paradise,2020,https://www.fragrantica.com/perfume/Corniche-D-Or/White-Paradise-64294.html
40817,Coronation Ambergris,Baleshare,2017,https://www.fragrantica.com/perfume/Coronation-Ambergris/Baleshare-48708.html
40818,Coronation Ambergris,Ballyheigue,2017,https://www.fragrantica.com/perfume/Coronation-Ambergris/Ballyheigue-48706.html
40819,Coronation Ambergris,Cowens,2017,https://www.fragrantica.com/perfume/Coronation-Ambergris/Cowens-48705.html
40820,Coronation Ambergris,Noels,2017,https://www.fragrantica.com/perfume/Coronation-Ambergris/Noels-48707.html
40821,Corpo Sancto,Cowgirl in the Sand,2025,https://www.fragrantica.com/perfume/Corpo-Sancto/Cowgirl-in-the-Sand-112633.html
40822,Corpo Sancto,Gold Dust Woman,2025,https://www.fragrantica.com/perfume/Corpo-Sancto/Gold-Dust-Woman-112685.html
40823,Corpo Sancto,Marrakesh Express,2025,https://www.fragrantica.com/perfume/Corpo-Sancto/Marrakesh-Express-112684.html
40824,Corpo Sancto,This Bird Has Flown,2025,https://www.fragrantica.com/perfume/Corpo-Sancto/This-Bird-Has-Flown-112686.html
40825,Corpo Sancto,Waiting For The Sun,2025,https://www.fragrantica.com/perfume/Corpo-Sancto/Waiting-For-The-Sun-112634.html
40826,Corpo Sancto,Where The Wild Roses Grow,2025,https://www.fragrantica.com/perfume/Corpo-Sancto/Where-The-Wild-Roses-Grow-112687.html
40827,Corps Volatils,Altered Leather,2020,https://www.fragrantica.com/perfume/Corps-Volatils/Altered-Leather-62202.html
40828,Corps Volatils,Blended Bigarade,2020,https://www.fragrantica.com/perfume/Corps-Volatils/Blended-Bigarade-62239.html
40829,Corps Volatils,Blessed Fruit,2020,https://www.fragrantica.com/perfume/Corps-Volatils/Blessed-Fruit-62187.html
40830,Corps Volatils,Captured Aldehyde,2020,https://www.fragrantica.com/perfume/Corps-Volatils/Captured-Aldehyde-62240.html
40831,Corps Volatils,Cloned Ambergris,2020,https://www.fragrantica.com/perfume/Corps-Volatils/Cloned-Ambergris-62200.html
40832,Corps Volatils,Crystallised Sugar,2020,https://www.fragrantica.com/perfume/Corps-Volatils/Crystallised-Sugar-62186.html
40833,Corps Volatils,Distilled Geranium,2020,https://www.fragrantica.com/perfume/Corps-Volatils/Distilled-Geranium-62191.html
40834,Corps Volatils,Encapsulated Sun,2020,https://www.fragrantica.com/perfume/Corps-Volatils/Encapsulated-Sun-62188.html
40835,Corps Volatils,Enchanted Air,2020,https://www.fragrantica.com/perfume/Corps-Volatils/Enchanted-Air-62189.html
40836,Corps Volatils,Enhanced Pepper,2020,https://www.fragrantica.com/perfume/Corps-Volatils/Enhanced-Pepper-62178.html
40837,Corps Volatils,Enriched Lavandin,2020,https://www.fragrantica.com/perfume/Corps-Volatils/Enriched-Lavandin-62190.html
40838,Corps Volatils,Expanded Carbon,2020,https://www.fragrantica.com/perfume/Corps-Volatils/Expanded-Carbon-62201.html
40839,Corps Volatils,Extracted Jasmine,2020,https://www.fragrantica.com/perfume/Corps-Volatils/Extracted-Jasmine-62210.html
40840,Corps Volatils,Fractioned Patchouli,2020,https://www.fragrantica.com/perfume/Corps-Volatils/Fractioned-Patchouli-62197.html
40841,Corps Volatils,Fragmented Vetiver,2020,https://www.fragrantica.com/perfume/Corps-Volatils/Fragmented-Vetiver-62195.html
40842,Corps Volatils,Hybridised Flower,2020,https://www.fragrantica.com/perfume/Corps-Volatils/Hybridised-Flower-62211.html
40843,Corps Volatils,Liquified Amber,2020,https://www.fragrantica.com/perfume/Corps-Volatils/Liquified-Amber-62179.html
40844,Corps Volatils,Magnified Narcissus,2020,https://www.fragrantica.com/perfume/Corps-Volatils/Magnified-Narcissus-62204.html
40845,Corps Volatils,Overdosed Cologne (Eau de Cologne),2020,https://www.fragrantica.com/perfume/Corps-Volatils/Overdosed-Cologne-62192.html
40846,Corps Volatils,Replicated Wood,2020,https://www.fragrantica.com/perfume/Corps-Volatils/Replicated-Wood-62198.html
40847,Corps Volatils,Revealed Sandalwood,2020,https://www.fragrantica.com/perfume/Corps-Volatils/Revealed-Sandalwood-62196.html
40848,Corps Volatils,Supercharged Musk,2020,https://www.fragrantica.com/perfume/Corps-Volatils/Supercharged-Musk-62203.html
40849,Corps Volatils,Synthetised Citrus,2020,https://www.fragrantica.com/perfume/Corps-Volatils/Synthetised-Citrus-62241.html
40850,Corps Volatils,Transcended Rose,2020,https://www.fragrantica.com/perfume/Corps-Volatils/Transcended-Rose-62207.html
40851,Corsica Essences,Acqua Cirnella,,https://www.fragrantica.com/perfume/Corsica-Essences/Acqua-Cirnella-37982.html
40852,Corsica Essences,Aria Turchina,,https://www.fragrantica.com/perfume/Corsica-Essences/Aria-Turchina-37983.html
40853,Corsica Essences,Fiara Passione,,https://www.fragrantica.com/perfume/Corsica-Essences/Fiara-Passione-37984.html
40854,Corsica Essences,Terra Signurìa,,https://www.fragrantica.com/perfume/Corsica-Essences/Terra-Signuri-a-37981.html
40855,Cortina 1224,Madame,2009,https://www.fragrantica.com/perfume/Cortina-1224/Madame-12088.html
40856,Cortina 1224,Monsieur,2009,https://www.fragrantica.com/perfume/Cortina-1224/Monsieur-12089.html
40857,Corvian Parfums,Aether,2025,https://www.fragrantica.com/perfume/Corvian-Parfums/Aether-118990.html
40858,Corvian Parfums,Caviar,2025,https://www.fragrantica.com/perfume/Corvian-Parfums/Caviar-118989.html
40859,Corvian Parfums,Epos,2026,https://www.fragrantica.com/perfume/Corvian-Parfums/Epos-128077.html
40860,Corvian Parfums,Monaco,2025,https://www.fragrantica.com/perfume/Corvian-Parfums/Monaco-118992.html
40861,Corvian Parfums,Nectar Rouge,2025,https://www.fragrantica.com/perfume/Corvian-Parfums/Nectar-Rouge-118993.html
40862,Corvian Parfums,Nectar Rouge,2026,https://www.fragrantica.com/perfume/Corvian-Parfums/Nectar-Rouge-128080.html
40863,Corvian Parfums,Red Lights,2026,https://www.fragrantica.com/perfume/Corvian-Parfums/Red-Lights-128078.html
40864,Corvian Parfums,Sel Marin,2026,https://www.fragrantica.com/perfume/Corvian-Parfums/Sel-Marin-128079.html
40865,Corvian Parfums,Zahira,2025,https://www.fragrantica.com/perfume/Corvian-Parfums/Zahira-118991.html
40866,Coryse Salomé,Epilogue,,https://www.fragrantica.com/perfume/Coryse-Salome/Epilogue-50386.html
40867,Coryse Salomé,Intrepide,,https://www.fragrantica.com/perfume/Coryse-Salome/Intrepide-50387.html
40868,Coryse Salomé,Nuit d’Orient,,https://www.fragrantica.com/perfume/Coryse-Salome/Nuit-d-Orient-50385.html
40869,COS,Auburn,2025,https://www.fragrantica.com/perfume/COS/Auburn-105646.html
40870,COS,Fleuriste,2025,https://www.fragrantica.com/perfume/COS/Fleuriste-105648.html
40871,COS,Mythe,2025,https://www.fragrantica.com/perfume/COS/Mythe-105647.html
40872,COS,Solaire,2025,https://www.fragrantica.com/perfume/COS/Solaire-105649.html
40873,Coscentra,Beach Party,2007,https://www.parfumo.com/Perfumes/Coscentra/Beach_Party
40874,Coscentra,Blue Fashion for Men,2019,https://www.parfumo.com/Perfumes/Coscentra/Blue_Fashion_for_Men
40875,Coscentra,Blue Fashion for Women,2006,https://www.parfumo.com/Perfumes/Coscentra/Blue_Fashion_for_Women
40876,Coscentra,City Trip to Amsterdam,2010,https://www.parfumo.com/Perfumes/Coscentra/city-trip-to-amsterdam
40877,Coscentra,City Trip to Barcelona,,https://www.parfumo.com/Perfumes/Coscentra/city-trip-to-barcelona
40878,Coscentra,City Trip to London,,https://www.parfumo.com/Perfumes/Coscentra/city-trip-to-london
40879,Coscentra,City Trip to Paris,2010,https://www.parfumo.com/Perfumes/Coscentra/city-trip-to-paris
40880,Coscentra,Dream Choice,,https://www.parfumo.com/Perfumes/Coscentra/Dream_Choice
40881,Coscentra,Free Time Woman,,https://www.parfumo.com/Perfumes/Coscentra/Free_Time_Woman
40882,Coscentra,Girls Fashion Türkis,1990,https://www.parfumo.com/Perfumes/Coscentra/Girls_Fashion_Tuerkis
40883,Coscentra,Glamour Girl,1998,https://www.parfumo.com/Perfumes/Coscentra/Glamour_Girl
40884,Coscentra,Heartshape,,https://www.parfumo.com/Perfumes/Coscentra/Heartshape
40885,Coscentra,Just B Happy! - Crazy Shock,2008,https://www.parfumo.com/Perfumes/Coscentra/Just_B_Happy__Crazy_Shock
40886,Coscentra,Just B Happy! - Fuchsia Punch,2006,https://www.parfumo.com/Perfumes/Coscentra/Just_B_Happy__Fuchsia_Punch
40887,Cosmesi Siciliana,Aetna,,https://www.fragrantica.com/perfume/Cosmesi-Siciliana/Aetna-92597.html
40888,Cosmesi Siciliana,Agrumi di Sicilia,,https://www.fragrantica.com/perfume/Cosmesi-Siciliana/Agrumi-di-Sicilia-92600.html
40889,Cosmesi Siciliana,Gelsomino e Melograno,,https://www.fragrantica.com/perfume/Cosmesi-Siciliana/Gelsomino-e-Melograno-92601.html
40890,Cosmesi Siciliana,Laguna dei Fenici,,https://www.fragrantica.com/perfume/Cosmesi-Siciliana/Laguna-dei-Fenici-92596.html
40891,Cosmesi Siciliana,Peonia e Pescanoce,,https://www.fragrantica.com/perfume/Cosmesi-Siciliana/Peonia-e-Pescanoce-92602.html
40892,Cosmesi Siciliana,Ventu 'i Mari For Men,,https://www.fragrantica.com/perfume/Cosmesi-Siciliana/Ventu-i-Mari-For-Men-92598.html
40893,Cosmesi Siciliana,Ventu 'i Mari For Women,,https://www.fragrantica.com/perfume/Cosmesi-Siciliana/Ventu-i-Mari-For-Women-92599.html
40894,Cosmesi Siciliana,Zagara,,https://www.fragrantica.com/perfume/Cosmesi-Siciliana/Zagara-92595.html
40895,Cosmic Earth Wellness,Aquarius,,https://www.fragrantica.com/perfume/Cosmic-Earth-Wellness/Aquarius-75035.html
40896,Cosmic Earth Wellness,Aries,,https://www.fragrantica.com/perfume/Cosmic-Earth-Wellness/Aries-75025.html
40897,Cosmic Earth Wellness,Cancer,,https://www.fragrantica.com/perfume/Cosmic-Earth-Wellness/Cancer-75028.html
40898,Cosmic Earth Wellness,Capricorn,,https://www.fragrantica.com/perfume/Cosmic-Earth-Wellness/Capricorn-75033.html
40899,Cosmic Earth Wellness,Gemini,,https://www.fragrantica.com/perfume/Cosmic-Earth-Wellness/Gemini-75027.html
40900,Cosmic Earth Wellness,Leo,,https://www.fragrantica.com/perfume/Cosmic-Earth-Wellness/Leo-75029.html
40901,Cosmic Earth Wellness,Libra,,https://www.fragrantica.com/perfume/Cosmic-Earth-Wellness/Libra-75031.html
40902,Cosmic Earth Wellness,Pisces,,https://www.fragrantica.com/perfume/Cosmic-Earth-Wellness/Pisces-75036.html
40903,Cosmic Earth Wellness,Sagittarius,,https://www.fragrantica.com/perfume/Cosmic-Earth-Wellness/Sagittarius-75034.html
40904,Cosmic Earth Wellness,Scorpio,,https://www.fragrantica.com/perfume/Cosmic-Earth-Wellness/Scorpio-75032.html
40905,Cosmic Earth Wellness,Taurus,,https://www.fragrantica.com/perfume/Cosmic-Earth-Wellness/Taurus-75026.html
40906,Cosmic Earth Wellness,Virgo,,https://www.fragrantica.com/perfume/Cosmic-Earth-Wellness/Virgo-75030.html
40907,Cosmic Mansion,Another Morning,,https://www.fragrantica.com/perfume/Cosmic-Mansion/Another-Morning-117381.html
40908,Cosmic Mansion,Full Moon,,https://www.fragrantica.com/perfume/Cosmic-Mansion/Full-Moon-117382.html
40909,Cosmic Mansion,Girl with Rose,,https://www.fragrantica.com/perfume/Cosmic-Mansion/Girl-with-Rose-117383.html
40910,Cosmic Mansion,Linen & Musk,,https://www.fragrantica.com/perfume/Cosmic-Mansion/Linen-Musk-117380.html
40911,Cosmic Mansion,Ro-Se,,https://www.fragrantica.com/perfume/Cosmic-Mansion/Ro-Se-117385.html
40912,Cosmic Mansion,Santal Incense,,https://www.fragrantica.com/perfume/Cosmic-Mansion/Santal-Incense-117384.html
40913,Cosmogony,Blue Flash,2024,https://www.fragrantica.com/perfume/Cosmogony/Blue-Flash-100330.html
40914,Cosmogony,Butterfly,2024,https://www.fragrantica.com/perfume/Cosmogony/Butterfly-100337.html
40915,Cosmogony,Earth Core,2023,https://www.fragrantica.com/perfume/Cosmogony/Earth-Core-81783.html
40916,Cosmogony,Flaming Sky,2023,https://www.fragrantica.com/perfume/Cosmogony/Flaming-Sky-79085.html
40917,Cosmogony,Ghost Of Jupiter,2024,https://www.fragrantica.com/perfume/Cosmogony/Ghost-Of-Jupiter-100320.html
40918,Cosmogony,Helix,2024,https://www.fragrantica.com/perfume/Cosmogony/Helix-100328.html
40919,Cosmogony,Lemon Slice,2024,https://www.fragrantica.com/perfume/Cosmogony/Lemon-Slice-100338.html
40920,Cosmogony,Сleopatra's Eye,2024,https://www.fragrantica.com/perfume/Cosmogony/Sleopatra-s-Eye-100339.html
40921,Cosmogony,Moon Light,2017,https://www.fragrantica.com/perfume/Cosmogony/Moon-Light-47182.html
40922,Cosmogony,Morning Star,2022,https://www.fragrantica.com/perfume/Cosmogony/Morning-Star-74109.html
40923,Cosmogony,Other Side,2023,https://www.fragrantica.com/perfume/Cosmogony/Other-Side-81782.html
40924,Cosmogony,Phosphorus,2023,https://www.fragrantica.com/perfume/Cosmogony/Phosphorus-81786.html
40925,Cosmogony,Proserphina,2020,https://www.fragrantica.com/perfume/Cosmogony/Proserphina-65435.html
40926,Cosmogony,Red Element,2023,https://www.fragrantica.com/perfume/Cosmogony/Red-Element-81787.html
40927,Cosmogony,Sacred Earth,2019,https://www.fragrantica.com/perfume/Cosmogony/Sacred-Earth-55344.html
40928,Cosmogony,Solar Power,2023,https://www.fragrantica.com/perfume/Cosmogony/Solar-Power-81781.html
40929,Cosmogony,Sun Light,2017,https://www.fragrantica.com/perfume/Cosmogony/Sun-Light-47181.html
40930,Cosmogony,Underworld,2023,https://www.fragrantica.com/perfume/Cosmogony/Underworld-81785.html
40931,Cosmopolitan,100% Chilled,2019,https://www.fragrantica.com/perfume/Cosmopolitan/100-Chilled-56261.html
40932,Cosmopolitan,100% Chilled Body Mist,2018,https://www.fragrantica.com/perfume/Cosmopolitan/100-Chilled-Body-Mist-114030.html
40933,Cosmopolitan,Beach Please,2021,https://www.fragrantica.com/perfume/Cosmopolitan/Beach-Please-68732.html
40934,Cosmopolitan,"Beach, Please Body Mist",,https://www.fragrantica.com/perfume/Cosmopolitan/Beach-Please-Body-Mist-114029.html
40935,Cosmopolitan,Cherry Cherie,2024,https://www.fragrantica.com/perfume/Cosmopolitan/Cherry-Cherie-102017.html
40936,Cosmopolitan,Cosmopolitan,2015,https://www.fragrantica.com/perfume/Cosmopolitan/Cosmopolitan-31939.html
40937,Cosmopolitan,Extra Concentrated,2019,https://www.fragrantica.com/perfume/Cosmopolitan/Extra-Concentrated-56259.html
40938,Cosmopolitan,Good Energy,2020,https://www.fragrantica.com/perfume/Cosmopolitan/Good-Energy-64035.html
40939,Cosmopolitan,Good Energy Body Mist,,https://www.fragrantica.com/perfume/Cosmopolitan/Good-Energy-Body-Mist-114024.html
40940,Cosmopolitan,Happy Place,2021,https://www.fragrantica.com/perfume/Cosmopolitan/Happy-Place-70626.html
40941,Cosmopolitan,"Love, Unfiltered",2019,https://www.fragrantica.com/perfume/Cosmopolitan/Love-Unfiltered-56263.html
40942,Cosmopolitan,Pure Sugar,2019,https://www.fragrantica.com/perfume/Cosmopolitan/Pure-Sugar-56260.html
40943,Cosmoss by Kate Moss,Sacred Mist,2023,https://www.fragrantica.com/perfume/Cosmoss-by-Kate-Moss/Sacred-Mist-91760.html
40944,Costa Brazil,Aroma,2022,https://www.fragrantica.com/perfume/Costa-Brazil/Aroma-74527.html
40945,Costamor,Beachwood,2009,https://www.fragrantica.com/perfume/Costamor/Beachwood-8266.html
40946,Costamor,Dulcess,,https://www.fragrantica.com/perfume/Costamor/Dulcess-8267.html
40947,Costamor,Sugarwood,,https://www.fragrantica.com/perfume/Costamor/Sugarwood-8245.html
40948,Costamor,Tabacca,,https://www.fragrantica.com/perfume/Costamor/Tabacca-8246.html
40949,Costes,Costes,2004,https://www.fragrantica.com/perfume/Costes/Costes-1713.html
40950,Costes,Costes 2,2009,https://www.fragrantica.com/perfume/Costes/Costes-2-7805.html
40951,CoSTUME NATIONAL,21,2007,https://www.fragrantica.com/perfume/CoSTUME-NATIONAL/21-2298.html
40952,CoSTUME NATIONAL,Costume National,2007,https://www.parfumo.com/Perfumes/Costume_National/Costume_National_21
40953,CoSTUME NATIONAL,Costume National Homme,2009,https://www.fragrantica.com/perfume/CoSTUME-NATIONAL/Costume-National-Homme-7047.html
40954,CoSTUME NATIONAL,Costume National Homme Parfum,2020,https://www.fragrantica.com/perfume/CoSTUME-NATIONAL/Costume-National-Homme-Parfum-64016.html
40955,CoSTUME NATIONAL,Costume National I,2019,https://www.fragrantica.com/perfume/CoSTUME-NATIONAL/Costume-National-I-55525.html
40956,CoSTUME NATIONAL,Costume National J,2019,https://www.fragrantica.com/perfume/CoSTUME-NATIONAL/Costume-National-J-55526.html
40957,CoSTUME NATIONAL,Cyber Garden,2013,https://www.fragrantica.com/perfume/CoSTUME-NATIONAL/Cyber-Garden-27401.html
40958,CoSTUME NATIONAL,Fiery Amber,2025,https://www.fragrantica.com/perfume/CoSTUME-NATIONAL/Fiery-Amber-115997.html
40959,CoSTUME NATIONAL,Free d'Homme,2022,https://www.fragrantica.com/perfume/CoSTUME-NATIONAL/Free-d-Homme-76579.html
40960,CoSTUME NATIONAL,Intense Red Edition,2018,https://www.parfumo.com/Perfumes/Costume_National/Intense_Red_Edition
40961,CoSTUME NATIONAL,NU SO DE,2012,https://www.fragrantica.com/perfume/CoSTUME-NATIONAL/NU-SO-DE-15377.html
40962,CoSTUME NATIONAL,NU SO DE Eau de Toilette,2013,https://www.fragrantica.com/perfume/CoSTUME-NATIONAL/NU-SO-DE-Eau-de-Toilette-18293.html
40963,CoSTUME NATIONAL,Paperplane,2023,https://www.fragrantica.com/perfume/CoSTUME-NATIONAL/Paperplane-85949.html
40964,CoSTUME NATIONAL,Pop Collection,2011,https://www.fragrantica.com/perfume/CoSTUME-NATIONAL/Pop-Collection-12482.html
40965,CoSTUME NATIONAL,Scent,2002,https://www.fragrantica.com/perfume/CoSTUME-NATIONAL/Scent-2303.html
40966,CoSTUME NATIONAL,Scent Cool Gloss,2005,https://www.fragrantica.com/perfume/CoSTUME-NATIONAL/Scent-Cool-Gloss-5976.html
40967,CoSTUME NATIONAL,Scent Gloss,2004,https://www.fragrantica.com/perfume/CoSTUME-NATIONAL/Scent-Gloss-2304.html
40968,CoSTUME NATIONAL,Scent Intense,2002,https://www.fragrantica.com/perfume/CoSTUME-NATIONAL/Scent-Intense-2305.html
40969,CoSTUME NATIONAL,Scent Intense Parfum,,https://www.fragrantica.com/perfume/CoSTUME-NATIONAL/Scent-Intense-Parfum-51638.html
40970,CoSTUME NATIONAL,Scent Intense Parfum Limited Edition,2006,https://www.fragrantica.com/perfume/CoSTUME-NATIONAL/Scent-Intense-Parfum-Limited-Edition-5978.html
40971,CoSTUME NATIONAL,Scent Intense Parfum Red Edition,2018,https://www.fragrantica.com/perfume/CoSTUME-NATIONAL/Scent-Intense-Parfum-Red-Edition-51670.html
40972,CoSTUME NATIONAL,Scent Sheer,2003,https://www.fragrantica.com/perfume/CoSTUME-NATIONAL/Scent-Sheer-2306.html
40973,CoSTUME NATIONAL,Sea Thru,2024,https://www.fragrantica.com/perfume/CoSTUME-NATIONAL/Sea-Thru-97395.html
40974,CoSTUME NATIONAL,Secret Woods,2021,https://www.fragrantica.com/perfume/CoSTUME-NATIONAL/Secret-Woods-70753.html
40975,CoSTUME NATIONAL,So Nude Costume National 2012 Eau de Parfum,2012,https://www.parfumo.com/Perfumes/Costume_National/So_Nude
40976,CoSTUME NATIONAL,So Nude Costume National 2013 Eau de Toilette,2013,https://www.parfumo.com/Perfumes/Costume_National/So_Nude_Eau_de_Toilette
40977,CoSTUME NATIONAL,Soul,2015,https://www.fragrantica.com/perfume/CoSTUME-NATIONAL/Soul-31118.html
40978,CoSTUME NATIONAL,Supergloss,2021,https://www.fragrantica.com/perfume/CoSTUME-NATIONAL/Supergloss-67127.html
40979,CoSTUME NATIONAL,Universal Vanilla,2026,https://www.fragrantica.com/perfume/CoSTUME-NATIONAL/Universal-Vanilla-142434.html
40980,Cote d'Azur,MET GALA,2025,https://www.fragrantica.com/perfume/Cote-d-Azur/MET-GALA-138009.html
40981,Cote d'Azur,Oud Zanjibar,2025,https://www.fragrantica.com/perfume/Cote-d-Azur/Oud-Zanjibar-139655.html
40982,Cote d'Azur,Overdose,2025,https://www.fragrantica.com/perfume/Cote-d-Azur/Overdose-135983.html
40983,Cote d'Azur,The Edge,2025,https://www.fragrantica.com/perfume/Cote-d-Azur/The-Edge-139654.html
40984,Cottage,Envolee de The Vert Green Tea Curl,2016,https://www.fragrantica.com/perfume/Cottage/Envolee-de-The-Vert-Green-Tea-Curl-40743.html
40985,Cottage,Farandole de Violette Violet Swirl,2016,https://www.fragrantica.com/perfume/Cottage/Farandole-de-Violette-Violet-Swirl-40730.html
40986,Cottage,Malice de Fraise Strawberry Delight,2016,https://www.fragrantica.com/perfume/Cottage/Malice-de-Fraise-Strawberry-Delight-40731.html
40987,Cottage,Soleil de Vanille Vanilla Sun,2016,https://www.fragrantica.com/perfume/Cottage/Soleil-de-Vanille-Vanilla-Sun-40742.html
40988,Cottoncake,April Haze,2018,https://www.fragrantica.com/perfume/Cottoncake/April-Haze-55467.html
40989,Cottoncake,L'Eau Coco,2018,https://www.fragrantica.com/perfume/Cottoncake/L-Eau-Coco-55466.html
40990,Cottoncake,Love Shack,2018,https://www.fragrantica.com/perfume/Cottoncake/Love-Shack-55465.html
40991,Cottoncake,Nomade Noir,2018,https://www.fragrantica.com/perfume/Cottoncake/Nomade-Noir-55464.html
40992,Cottoncake,Soft Sencha,2018,https://www.fragrantica.com/perfume/Cottoncake/Soft-Sencha-55462.html
40993,Coty,A'Suma Coty 1948 Eau de Toilette,1948,https://www.parfumo.com/Perfumes/Coty/A_Suma_Eau_de_Toilette
40994,Coty,A'Suma (Parfum),1934,https://www.fragrantica.com/perfume/Coty/A-Suma-38291.html
40995,Coty,Accomplice ? Coty 1954 Eau de Toilette,1954,https://www.parfumo.com/Perfumes/Coty/Accomplice_Eau_de_Toilette_
40996,Coty,Accomplice Coty 1954 Parfum,1954,https://www.parfumo.com/Perfumes/Coty/Accomplice_Parfum
40997,Coty,Amalitsa,,https://www.parfumo.com/Perfumes/Coty/Amalitsa
40998,Coty,Amber Spray,,https://www.parfumo.com/Perfumes/Coty/Amber_Spray
40999,Coty,Ambre Antique,1905,https://www.fragrantica.com/perfume/Coty/Ambre-Antique-116353.html
41000,Coty,America Original Stetson Woman,2001,https://www.fragrantica.com/perfume/Coty/America-Original-Stetson-Woman-119100.html41001,Coty,Après L'Amour,,https://huggingface.co/datasets/doevent/perfume
41002,Coty,April Fields,1999,https://www.fragrantica.com/perfume/Coty/April-Fields-110802.html
41003,Coty,Aspen,1995,https://www.fragrantica.com/perfume/Coty/Aspen-17325.html
41004,Coty,Aspen Discovery Coty 2000 Aftershave (After Shave),2000,https://www.parfumo.com/Perfumes/Coty/Aspen_Discovery_Aftershave
41005,Coty,Aspen Discovery (Eau de Cologne),2001,https://www.fragrantica.com/perfume/Coty/Aspen-Discovery-17327.html
41006,Coty,Aspen For Men (After Shave),1989,https://www.fragrantica.com/perfume/Coty/Aspen-For-Men-17326.html
41007,Coty,Aspen for Men Coty 1989 Cologne (Eau de Cologne),1989,https://www.parfumo.com/Perfumes/Coty/Aspen_for_Men_Cologne
41008,Coty,Aspen for Women Coty 1990 Cologne (Eau de Cologne),1990,https://www.parfumo.com/Perfumes/Coty/Aspen_for_Women_Cologne
41009,Coty,Aspen for Women Coty 1990 Eau de Parfum,1990,https://www.parfumo.com/Perfumes/Coty/Aspen_for_Women_Eau_de_Parfum
41010,Coty,Aspen for Women Coty Concentrated Cologne (Eau de Cologne),,https://www.parfumo.com/Perfumes/Coty/Aspen_for_Women_Concentrated_Cologne
41011,Coty,Aspen Sensations,,https://www.parfumo.com/Perfumes/Coty/Aspen_Sensations
41012,Coty,Au Cœur des Calices,,https://www.parfumo.com/Perfumes/Coty/Au_Cur_des_Calices
41013,Coty,Avatar (After Shave),1997,https://www.fragrantica.com/perfume/Coty/Avatar-8894.html
41014,Coty,Avatar Coty 1997 Cologne (Eau de Cologne),1997,https://www.parfumo.com/Perfumes/Coty/Avatar_Cologne
41015,Coty,Bacchus Coty 1969 After Shave Lotion,1969,https://www.parfumo.com/Perfumes/Coty/Bacchus_After_Shave_Lotion
41016,Coty,Bacchus (Eau de Cologne),1969,https://www.fragrantica.com/perfume/Coty/Bacchus-118259.html
41017,Coty,Celebrate,1996,https://www.fragrantica.com/perfume/Coty/Celebrate-25460.html
41018,Coty,Chanson d'Air,1990,https://www.fragrantica.com/perfume/Coty/Chanson-d-Air-22174.html
41019,Coty,Chanson d'Amour,,https://www.parfumo.com/Perfumes/Coty/Chanson_d_Amour
41020,Coty,Chanson d'Eau,1995,https://www.fragrantica.com/perfume/Coty/Chanson-d-Eau-22173.html
41021,Coty,Chanson d'Eau Amanecer,,https://www.parfumo.com/Perfumes/Coty/chanson-d-eau-amanecer
41022,Coty,Chanson d'Eau Cherry,2025,https://www.fragrantica.com/perfume/Coty/Chanson-d-Eau-Cherry-125446.html
41023,Coty,Chanson d'Eau Coconut,2025,https://www.fragrantica.com/perfume/Coty/Chanson-d-Eau-Coconut-125440.html
41024,Coty,Chanson d'Eau Jasmine,2024,https://www.fragrantica.com/perfume/Coty/Chanson-d-Eau-Jasmine-92032.html
41025,Coty,Chanson d'Eau Lemon,2024,https://www.fragrantica.com/perfume/Coty/Chanson-d-Eau-Lemon-92030.html
41026,Coty,Chanson D'eau Mar Azul,,https://www.fragrantica.com/perfume/Coty/Chanson-D-eau-Mar-Azul-93978.html
41027,Coty,Chanson d'Eau Peach,2025,https://www.fragrantica.com/perfume/Coty/Chanson-d-Eau-Peach-125443.html
41028,Coty,Chanson d'Eau Rose,2024,https://www.fragrantica.com/perfume/Coty/Chanson-d-Eau-Rose-92031.html
41029,Coty,Chanson d'Eau Vanilla,2024,https://www.fragrantica.com/perfume/Coty/Chanson-d-Eau-Vanilla-92033.html
41030,Coty,Chanson d'Eau Vanilla,2025,https://www.fragrantica.com/perfume/Coty/Chanson-d-Eau-Vanilla-125442.html
41031,Coty,Chanson d'Emotions - Cocktail de Vitalité,,https://www.parfumo.com/Perfumes/Coty/chanson-d-emotions-cocktail-de-vitalite
41032,Coty,Chanson d'Emotions Pure Innocence,2000,https://www.fragrantica.com/perfume/Coty/Chanson-d-Emotions-Pure-Innocence-9463.html
41033,Coty,Chanson d'Emotions - Tendre Coton,,https://www.parfumo.com/Perfumes/Coty/Chanson_d_Emotions_Tendre_Coton
41034,Coty,Chanson de Nuit,2000,https://www.fragrantica.com/perfume/Coty/Chanson-de-Nuit-9462.html
41035,Coty,Chanson de Vie,1999,https://www.fragrantica.com/perfume/Coty/Chanson-de-Vie-22175.html
41036,Coty,Chanson ďEmotions Calme de la Mer,,https://www.fragrantica.com/perfume/Coty/Chanson-dEmotions-Calme-de-la-Mer-22176.html
41037,Coty,Chanson Magique,,https://www.parfumo.com/Perfumes/Coty/Chanson_Magique
41038,Coty,Chypre,1917,https://www.fragrantica.com/perfume/Coty/Chypre-6072.html
41039,Coty,Chypre Chyprée Coty Eau de Cologne Parfumée,,https://www.parfumo.com/Perfumes/Coty/Chypre_Eau_de_Cologne_Parfumee
41040,Coty,Chypre Le Chypre Coty 1917 Eau de Toilette,1917,https://www.parfumo.com/Perfumes/Coty/Chypre_de_Coty_Chypree
41041,Coty,Complice Coty 1973 Parfum,1973,https://www.parfumo.com/Perfumes/Coty/Complice_Parfum
41042,Coty,Complice (Eau de Toilette),1973,https://www.fragrantica.com/perfume/Coty/Complice-11790.html
41043,Coty,Cordon Noir,,https://www.parfumo.com/Perfumes/Coty/Cordon_Noir
41044,Coty,Cordon Rouge,,https://www.parfumo.com/Perfumes/Coty/Cordon_Rouge
41045,Coty,Cordon Vert,1909,https://www.parfumo.com/Perfumes/Coty/Cordon_Vert
41046,Coty,Coty,2001,https://www.parfumo.com/Perfumes/Coty/001Coty
41047,Coty,Coty d'Azur Coty Eau de Parfum,,https://www.parfumo.com/Perfumes/Coty/Coty_d_Azur_Eau_de_Parfum
41048,Coty,Coty Musk for Men (Eau de Cologne),1974,https://www.fragrantica.com/perfume/Coty/Coty-Musk-for-Men-28599.html
41049,Coty,Coty Pour Homme,1990,https://www.fragrantica.com/perfume/Coty/Coty-Pour-Homme-58657.html
41050,Coty,Crossmen Ascot,,https://www.fragrantica.com/perfume/Coty/Crossmen-Ascot-42830.html
41051,Coty,Crossmen Original,1989,https://www.fragrantica.com/perfume/Coty/Crossmen-Original-36503.html
41052,Coty,Crossmen St.Andrews,2002,https://www.fragrantica.com/perfume/Coty/Crossmen-St-Andrews-42829.html
41053,Coty,Cyclamen,,https://www.parfumo.com/Perfumes/Coty/Cyclamen
41054,Coty,Dark Vanilla,1998,https://www.fragrantica.com/perfume/Coty/Dark-Vanilla-6028.html
41055,Coty,Desperate Housewives Forbidden Fruit,2006,https://www.fragrantica.com/perfume/Coty/Desperate-Housewives-Forbidden-Fruit-2970.html
41056,Coty,Dulce Vanilla,1999,https://www.fragrantica.com/perfume/Coty/Dulce-Vanilla-4352.html
41057,Coty,Eau de Cologne Spéciale,,https://www.parfumo.com/Perfumes/Coty/eau-de-cologne-speciale
41058,Coty,Eau de Coty Coty 1996 Eau de Cologne Ambrée,1996,https://www.parfumo.com/Perfumes/Coty/eau-de-coty-eau-de-cologne-ambree
41059,Coty,Eau de Coty (Eau de Cologne Fraîche),,https://www.parfumo.com/Perfumes/Coty/eau-de-coty-eau-de-cologne-fraiche
41060,Coty,Eau de Lavande,1939,https://www.parfumo.com/Perfumes/Coty/eau-de-lavande
41061,Coty,Eau Masumi,1993,https://www.fragrantica.com/perfume/Coty/Eau-Masumi-22892.html
41062,Coty,Elan,1968,https://www.fragrantica.com/perfume/Coty/Elan-47952.html
41063,Coty,Élan Coty 1967 Parfum de Toilette,1967,https://www.parfumo.com/Perfumes/Coty/Elan_Parfum_de_Toilette
41064,Coty,Élan Coty Perfume Concentrate,,https://www.parfumo.com/Perfumes/Coty/elan-perfume-concentrate
41065,Coty,Emeraude Coty Parfum de Toilette,,https://www.parfumo.com/Perfumes/Coty/Emeraude_Parfum_de_Toilette
41066,Coty,Emeraude (Eau de Cologne),1921,https://www.fragrantica.com/perfume/Coty/Emeraude-3945.html
41067,Coty,Emeraude (Eau de Toilette),2004,https://www.fragrantica.com/perfume/Coty/Emeraude-65401.html
41068,Coty,Emeraude French Crystal Edition,,https://www.parfumo.com/Perfumes/Coty/Emeraude_French_Crystal_Edition
41069,Coty,Emeraude Imperial Decanter,,https://www.parfumo.com/Perfumes/Coty/emeraude-imperial-decanter
41070,Coty,Emeraude Parfum,1921,https://www.fragrantica.com/perfume/Coty/Emeraude-Parfum-55500.html
41071,Coty,Ever Coty 1998 After Shave,1998,https://www.parfumo.com/Perfumes/Coty/Ever_After_Shave
41072,Coty,Ever Coty 1998 Eau de Toilette,1998,https://www.parfumo.com/Perfumes/Coty/Ever_Eau_de_Toilette
41073,Coty,Ex'cla-ma'tion,1988,https://www.fragrantica.com/perfume/Coty/Ex-cla-ma-tion-4353.html
41074,Coty,Ex'cla-ma'tion Blush,1996,https://www.fragrantica.com/perfume/Coty/Ex-cla-ma-tion-Blush-14545.html
41075,Coty,Ex'cla-ma'tion Dance,2006,https://www.fragrantica.com/perfume/Coty/Ex-cla-ma-tion-Dance-14551.html
41076,Coty,Ex'cla-ma'tion Dare,1997,https://www.fragrantica.com/perfume/Coty/Ex-cla-ma-tion-Dare-14546.html
41077,Coty,Ex'cla-ma'tion Eau,1998,https://www.fragrantica.com/perfume/Coty/Ex-cla-ma-tion-Eau-14547.html
41078,Coty,Ex'cla-ma'tion Eau de Parfum,1993,https://www.fragrantica.com/perfume/Coty/Ex-cla-ma-tion-Eau-de-Parfum-14554.html
41079,Coty,Ex'cla-ma'tion Flirty,,https://www.fragrantica.com/perfume/Coty/Ex-cla-ma-tion-Flirty-14553.html
41080,Coty,Ex'cla-ma'tion Glam,2000,https://www.fragrantica.com/perfume/Coty/Ex-cla-ma-tion-Glam-14557.html
41081,Coty,Ex'cla-ma'tion Gorgeous,2000,https://www.fragrantica.com/perfume/Coty/Ex-cla-ma-tion-Gorgeous-14556.html
41082,Coty,Ex'cla-ma'tion Minx,2000,https://www.fragrantica.com/perfume/Coty/Ex-cla-ma-tion-Minx-14558.html
41083,Coty,Ex'cla-ma'tion Noir Coty Solid Scent,,https://www.parfumo.com/Perfumes/Coty/Ex_cla_ma_tion_Noir_Solid_Scent
41084,Coty,Ex'cla-ma'tion Noir (Eau de Cologne),1998,https://www.fragrantica.com/perfume/Coty/Ex-cla-ma-tion-Noir-14548.html
41085,Coty,Ex'cla-ma'tion P!ay,2003,https://www.parfumo.com/Perfumes/Coty/Ex_clama_tion_Pay
41086,Coty,Ex'cla-ma'tion Play,2003,https://www.fragrantica.com/perfume/Coty/Ex-cla-ma-tion-Play-14549.html
41087,Coty,Ex'cla-ma'tion Star,2005,https://www.fragrantica.com/perfume/Coty/Ex-cla-ma-tion-Star-14550.html
41088,Coty,Ex'cla-ma'tion Wild Musk,2007,https://www.fragrantica.com/perfume/Coty/Ex-cla-ma-tion-Wild-Musk-14555.html
41089,Coty,Exclamation! Femme,,https://www.parfumo.com/Perfumes/Coty/Exclamation_Femme
41090,Coty,Extrême Orient,,https://www.parfumo.com/Perfumes/Coty/Extrme_Orient
41091,Coty,Fairy Princess,,https://www.parfumo.com/Perfumes/Coty/Fairy_Princess
41092,Coty,Fatale,1988,https://www.fragrantica.com/perfume/Coty/Fatale-14543.html
41093,Coty,Felicitàs,,https://www.parfumo.com/Perfumes/Coty/Felicits
41094,Coty,Fernery at Twilight La Fougeraie au Crépuscule,,https://www.parfumo.com/Perfumes/Coty/Fernery_at_Twilight_La_Fougeraie_au_Crepuscule
41095,Coty,Fleur du Lac,,https://www.parfumo.com/Perfumes/Coty/Fleur_du_Lac
41096,Coty,Four Seasons,1940,https://www.parfumo.com/Perfumes/Coty/Four_Seasons
41097,Coty,Gaudí pour Femme,,https://www.parfumo.com/Perfumes/Coty/Gaud_pour_Femme
41098,Coty,Gaudí pour Homme,,https://www.parfumo.com/Perfumes/Coty/Gaud_pour_Homme
41099,Coty,Ghost Myst,1995,https://www.fragrantica.com/perfume/Coty/Ghost-Myst-10025.html
41100,Coty,Giselle,,https://www.parfumo.com/Perfumes/Coty/Giselle
41101,Coty,Gravity Coty 1992 Aftershave (After Shave),1992,https://www.parfumo.com/Perfumes/Coty/Gravity_Aftershave
41102,Coty,Gravity (Eau de Cologne),1992,https://www.fragrantica.com/perfume/Coty/Gravity-32493.html
41103,Coty,Gravity Infinite,,https://www.fragrantica.com/perfume/Coty/Gravity-Infinite-32496.html
41104,Coty,Gravity Pure,,https://www.fragrantica.com/perfume/Coty/Gravity-Pure-32495.html
41105,Coty,Gravity Zero,,https://www.fragrantica.com/perfume/Coty/Gravity-Zero-32494.html
41106,Coty,Green Tea,,https://www.parfumo.com/Perfumes/Coty/Green_Tea
41107,Coty,Héliotrope,,https://www.parfumo.com/Perfumes/Coty/Heliotrope
41108,Coty,i by Ex'cla-ma'tion,1998,https://www.fragrantica.com/perfume/Coty/i-by-Ex-cla-ma-tion-14552.html
41109,Coty,i Exclamation i Ex'cla-ma'tion,1998,https://www.parfumo.com/Perfumes/Coty/i_Exclamation_i_Ex_clama_tion
41110,Coty,Ici Coty 1995 Perfume (Parfum),1995,https://www.parfumo.com/Perfumes/Coty/Ici_Perfume
41111,Coty,Ici (Eau de Toilette),1995,https://www.fragrantica.com/perfume/Coty/Ici-7912.html
41112,Coty,Idylle L'Idylle,,https://www.parfumo.com/Perfumes/Coty/Idylle_L_Idylle
41113,Coty,Œillet France,,https://www.parfumo.com/Perfumes/Coty/illet_France
41114,Coty,Imprévu Coty 1968 Eau de Cologne,1968,https://www.parfumo.com/Perfumes/Coty/Imprevu_Eau_de_Cologne
41115,Coty,Imprévu Coty 1968 Parfum Compact,1968,https://www.parfumo.com/Perfumes/Coty/Imprevu_Parfum_Compact
41116,Coty,Imprévu Coty 1968 Parfum de Toilette,1968,https://www.parfumo.com/Perfumes/Coty/Imprevu_Parfum_de_Toilette
41117,Coty,Imprévu Frosted Velvet,,https://www.parfumo.com/Perfumes/Coty/Imprevu_Frosted_Velvet
41118,Coty,Imprevu (Parfum),1965,https://www.fragrantica.com/perfume/Coty/Imprevu-9624.html
41119,Coty,Indome Coty 1996 After Shave Lotion,1996,https://www.parfumo.com/Perfumes/Coty/Indome_After_Shave_Lotion
41120,Coty,Indome Coty 1996 Eau de Toilette,1996,https://www.parfumo.com/Perfumes/Coty/Indome_Eau_de_Toilette
41121,Coty,Iris,,https://www.parfumo.com/Perfumes/Coty/Iris
41122,Coty,Iron Coty 1987 After Shave Lotion,1987,https://www.parfumo.com/Perfumes/Coty/Iron_After_Shave_Lotion
41123,Coty,Iron Coty 1987 Cologne (Eau de Cologne),1987,https://www.parfumo.com/Perfumes/Coty/Iron_Cologne
41124,Coty,J'Ai Trois Amours,,https://huggingface.co/datasets/doevent/perfume
41125,Coty,Jacinthe La Jacinthe,,https://www.parfumo.com/Perfumes/Coty/Jacinthe_La_Jacinthe
41126,Coty,Jacq's Coty 1979 After Shave,1979,https://www.parfumo.com/Perfumes/Coty/Jacq_s_After_Shave
41127,Coty,Jacq's (Eau de Cologne),1980,https://www.fragrantica.com/perfume/Coty/Jacq-s-76181.html
41128,Coty,Jasmin De Corse,1906,https://www.fragrantica.com/perfume/Coty/Jasmin-De-Corse-48657.html
41129,Coty,Jungle Gardenia,1995,https://www.fragrantica.com/perfume/Coty/Jungle-Gardenia-15461.html
41130,Coty,L'Aimant Caresse d'Orchidee,2006,https://www.fragrantica.com/perfume/Coty/L-Aimant-Caresse-d-Orchidee-37776.html
41131,Coty,L'Aimant Coty 1927 Extrait de Parfum,1927,https://www.parfumo.com/Perfumes/Coty/L_Aimant_Extrait_de_Parfum
41132,Coty,L'Aimant Coty Eau de Cologne,,https://www.parfumo.com/Perfumes/Coty/L_Aimant_Eau_de_Cologne
41133,Coty,L'Aimant Coty Eau de Toilette Concentrée,,https://www.parfumo.com/Perfumes/Coty/L_Aimant_Eau_de_Toilette_Concentree
41134,Coty,L'Aimant Coty Parfum de Toilette,,https://www.parfumo.com/Perfumes/Coty/L_Aimant_Parfum_de_Toilette
41135,Coty,L'Aimant (Eau de Toilette),1927,https://www.fragrantica.com/perfume/Coty/L-Aimant-10934.html
41136,Coty,L'Aimant Eternelle,1987,https://www.fragrantica.com/perfume/Coty/L-Aimant-Eternelle-37772.html
41137,Coty,L'Aimant Fleur de Rose,,https://www.parfumo.com/Perfumes/Coty/L_Aimant_Fleur_de_Rose
41138,Coty,L'Aimant Fleur Rose,1995,https://www.fragrantica.com/perfume/Coty/L-Aimant-Fleur-Rose-37768.html
41139,Coty,L'Aimant Frosted Velvet,,https://www.parfumo.com/Perfumes/Coty/L_Aimant_Frosted_Velvet
41140,Coty,L'Ambre Antique,,https://huggingface.co/datasets/doevent/perfume
41141,Coty,L'Ambréine,,https://www.parfumo.com/Perfumes/Coty/L_Ambreine
41142,Coty,L'Amour Pourpre,,https://huggingface.co/datasets/doevent/perfume
41143,Coty,l'Effleur,1907,https://www.fragrantica.com/perfume/Coty/l-Effleur-11201.html
41144,Coty,L'Effleur Heirloom Edition,,https://www.parfumo.com/Perfumes/Coty/L_Effleur_Heirloom_Edition
41145,Coty,L'Effleurt,1907,https://www.parfumo.com/Perfumes/Coty/l-effleurt-1907
41146,Coty,L'Entraînement,,https://www.parfumo.com/Perfumes/Coty/L_Entrainement
41147,Coty,L'Or,1912,https://www.parfumo.com/Perfumes/Coty/L_Or
41148,Coty,L'Origan (Crème de Parfum),,https://www.parfumo.com/Perfumes/Coty/l-origan-creme-de-parfum
41149,Coty,L'Origan (Eau de Cologne),1905,https://www.fragrantica.com/perfume/Coty/L-Origan-6071.html
41150,Coty,L'Origan (Eau de Toilette),2004,https://www.fragrantica.com/perfume/Coty/L-Origan-65400.html
41151,Coty,L'Origan (Parfum),2020,https://www.fragrantica.com/perfume/Coty/L-Origan-65404.html
41152,Coty,La Feuillaison,,https://www.parfumo.com/Perfumes/Coty/La_Feuillaison
41153,Coty,La Jacée,,https://www.parfumo.com/Perfumes/Coty/La_Jacee
41154,Coty,La Rose Jacqueminot,2020,https://www.fragrantica.com/perfume/Coty/La-Rose-Jacqueminot-65405.html
41155,Coty,La Rose Jacqueminot (Eau de Parfum),1904,https://www.fragrantica.com/perfume/Coty/La-Rose-Jacqueminot-7525.html
41156,Coty,La Rose Jacqueminot (Eau de Toilette),2004,https://www.fragrantica.com/perfume/Coty/La-Rose-Jacqueminot-65403.html
41157,Coty,La Violette Pourpre,,https://www.parfumo.com/Perfumes/Coty/La_Violette_Pourpre
41158,Coty,La Voce Renee Fleming,2008,https://www.fragrantica.com/perfume/Coty/La-Voce-Renee-Fleming-4065.html
41159,Coty,Lady Stetson,1996,https://www.fragrantica.com/perfume/Coty/Lady-Stetson-10255.html
41160,Coty,Le Jasmin de Corse,2004,https://www.fragrantica.com/perfume/Coty/Le-Jasmin-de-Corse-65402.html
41161,Coty,Le Jasmin de Corse,2020,https://www.fragrantica.com/perfume/Coty/Le-Jasmin-de-Corse-65406.html
41162,Coty,Le Muguet,,https://www.parfumo.com/Perfumes/Coty/Le_Muguet
41163,Coty,Le Nouveau Gardénia,,https://www.parfumo.com/Perfumes/Coty/Le_Nouveau_Gardenia
41164,Coty,Le Sport,,https://www.parfumo.com/Perfumes/Coty/le-sport
41165,Coty,Le Vertige,,https://www.parfumo.com/Perfumes/Coty/Le_Vertige
41166,Coty,Les Muses,1986,https://www.fragrantica.com/perfume/Coty/Les-Muses-38396.html
41167,Coty,Lilas Blanc,,https://www.parfumo.com/Perfumes/Coty/Lilas_Blanc
41168,Coty,Lilas Pourpre,,https://www.parfumo.com/Perfumes/Coty/Lilas_Pourpre
41169,Coty,Longing Coty 1994 Perfume (Parfum),1994,https://www.parfumo.com/Perfumes/Coty/Longing_Perfume
41170,Coty,Longing (Eau de Cologne),1994,https://www.fragrantica.com/perfume/Coty/Longing-130781.html
41171,Coty,Mark of a Man Coty 1977 After Shave Lotion,1977,https://www.parfumo.com/Perfumes/Coty/Mark_of_a_Man_After_Shave_Lotion
41172,Coty,Mark of a Man Coty 1977 Cologne (Eau de Cologne),1977,https://www.parfumo.com/Perfumes/Coty/Mark_of_a_Man_Cologne
41173,Coty,Masumi Coty 1967 Eau de Cologne,1967,https://www.parfumo.com/Perfumes/Coty/Masumi_Eau_de_Cologne
41174,Coty,Masumi Coty 1967 Eau de Toilette,1967,https://www.parfumo.com/Perfumes/Coty/Masumi_Eau_de_Toilette
41175,Coty,Masumi - Eau de M,1993,https://www.parfumo.com/Perfumes/Coty/Masumi_Eau_de_M
41176,Coty,Masumi Inner Beauty Purser,,https://www.parfumo.com/Perfumes/Coty/Masumi_Inner_Beauty_Purser
41177,Coty,Masumi (Parfum),1967,https://www.fragrantica.com/perfume/Coty/Masumi-14141.html
41178,Coty,Maximus Coty After Shave Lotion,,https://www.parfumo.com/Perfumes/Coty/Maximus_After_Shave_Lotion
41179,Coty,Maximus Coty Eau de Cologne,,https://www.parfumo.com/Perfumes/Coty/Maximus_Eau_de_Cologne
41180,Coty,Mellow Musk,1993,https://www.fragrantica.com/perfume/Coty/Mellow-Musk-67202.html
41181,Coty,Men's Cologne (Eau de Cologne),,https://www.parfumo.com/Perfumes/Coty/Men_s_Cologne
41182,Coty,Men's Line,,https://www.parfumo.com/Perfumes/Coty/Men_s_Line
41183,Coty,Metéor Meteor,,https://www.parfumo.com/Perfumes/Coty/Meteor_Meteor
41184,Coty,Mexicali Musk,,https://www.parfumo.com/Perfumes/Coty/Mexicali_Musk
41185,Coty,Muguet des Bois,1941,https://www.fragrantica.com/perfume/Coty/Muguet-des-Bois-2998.html
41186,Coty,Muse,1946,https://www.fragrantica.com/perfume/Coty/Muse-38395.html
41187,Coty,Musk for Men Coty 1974 After Shave,1974,https://www.parfumo.com/Perfumes/Coty/Musk_for_Men_After_Shave
41188,Coty,Nokomis Coty 1997 Parfum,1997,https://www.parfumo.com/Perfumes/Coty/Nokomis_Parfum
41189,Coty,Nokomis (Eau de Cologne),1997,https://www.fragrantica.com/perfume/Coty/Nokomis-17037.html
41190,Coty,Nuance Coty 1975 Perfume (Parfum),1975,https://www.parfumo.com/Perfumes/Coty/Nuance_Perfume
41191,Coty,Nuance (Eau de Cologne),1975,https://www.fragrantica.com/perfume/Coty/Nuance-14469.html
41192,Coty,Paris,1923,https://www.fragrantica.com/perfume/Coty/Paris-26758.html
41193,Coty,Peau d'Espagne,,https://www.parfumo.com/Perfumes/Coty/Peau_d_Espagne
41194,Coty,Pour Monsieur,,https://www.parfumo.com/Perfumes/Coty/pour-monsieur
41195,Coty,Preferred Stock Coty 1955 After Shave Lotion,1955,https://www.parfumo.com/Perfumes/Coty/Preferred_Stock_1955_After_Shave_Lotion
41196,Coty,Preferred Stock Coty 1990 After Shave,1990,https://www.parfumo.com/Perfumes/Coty/Preferred_Stock_1990_After_Shave
41197,Coty,Preferred Stock (Eau de Cologne),1990,https://www.fragrantica.com/perfume/Coty/Preferred-Stock-29196.html
41198,Coty,Preferred Stock Light,,https://www.parfumo.com/Perfumes/Coty/Preferred_Stock_Light
41199,Coty,Pret a Porter,1996,https://www.fragrantica.com/perfume/Coty/Pret-a-Porter-17679.html
41200,Coty,Pret a Porter Glamour Chic,,https://www.fragrantica.com/perfume/Coty/Pret-a-Porter-Glamour-Chic-30152.html
41201,Coty,Prêt à Porter Milano,2024,https://www.fragrantica.com/perfume/Coty/Pret-a-Porter-Milano-115370.html
41202,Coty,Prêt à Porter Paris,2024,https://www.fragrantica.com/perfume/Coty/Pret-a-Porter-Paris-115368.html
41203,Coty,Prêt à Porter Tokyo,2024,https://www.fragrantica.com/perfume/Coty/Pret-a-Porter-Tokyo-115369.html
41204,Coty,Puzzle,1997,https://www.fragrantica.com/perfume/Coty/Puzzle-14604.html
41205,Coty,Puzzle Friends,1999,https://www.fragrantica.com/perfume/Coty/Puzzle-Friends-14605.html
41206,Coty,Puzzle Mania,,https://www.parfumo.com/Perfumes/Coty/Puzzle_Mania
41207,Coty,Quotidienne,,https://www.parfumo.com/Perfumes/Coty/Quotidienne
41208,Coty,Raw Vanilla,,https://www.fragrantica.com/perfume/Coty/Raw-Vanilla-6102.html
41209,Coty,Raw Vanilla Men Coty 1996 After Shave,1996,https://www.parfumo.com/Perfumes/Coty/Raw_Vanilla_Men_After_Shave
41210,Coty,Raw Vanilla Men Coty 1996 Cologne (Eau de Cologne),1996,https://www.parfumo.com/Perfumes/Coty/Raw_Vanilla_Men_Cologne
41211,Coty,Roots for Her,1998,https://www.fragrantica.com/perfume/Coty/Roots-for-Her-26023.html
41212,Coty,Roots Spirit Man,,https://www.fragrantica.com/perfume/Coty/Roots-Spirit-Man-26022.html
41213,Coty,Roots Spirit Woman,,https://www.fragrantica.com/perfume/Coty/Roots-Spirit-Woman-26021.html
41214,Coty,Roots Uniscent,,https://www.fragrantica.com/perfume/Coty/Roots-Uniscent-26024.html
41215,Coty,Route 66 Colorado Rain Coty 1998 After Shave,1998,https://www.parfumo.com/Perfumes/Coty/Route_66_Colorado_Rain_After_Shave
41216,Coty,Route 66 Colorado Rain Coty Eau de Toilette,,https://www.parfumo.com/Perfumes/Coty/route-66-colorado-rain-eau-de-toilette
41217,Coty,Route 66 Colorado Rain (Eau de Cologne),,https://www.fragrantica.com/perfume/Coty/Route-66-Colorado-Rain-22044.html
41218,Coty,Route 66 Cool Shadow Coty 1999 After Shave,1999,https://www.parfumo.com/Perfumes/Coty/Route_66_Cool_Shadow_After_Shave
41219,Coty,Route 66 Cool Shadow Coty 1999 Eau de Toilette,1999,https://www.parfumo.com/Perfumes/Coty/Route_66_Cool_Shadow_Eau_de_Toilette
41220,Coty,Route 66 Coty 1997 After Shave,1997,https://www.parfumo.com/Perfumes/Coty/Route_66_After_Shave
41221,Coty,Route 66 (Eau de Toilette),1995,https://www.fragrantica.com/perfume/Coty/Route-66-13138.html
41222,Coty,Route 66 Mystic Road Coty 1999 After Shave,1999,https://www.parfumo.com/Perfumes/Coty/Route_66_Mystic_Road_After_Shave
41223,Coty,Route 66 Mystic Road Coty 1999 Eau de Toilette,1999,https://www.parfumo.com/Perfumes/Coty/Route_66_Mystic_Road_Eau_de_Toilette
41224,Coty,Sand & Sable Coty 1981 Perfume (Parfum),1981,https://www.parfumo.com/Perfumes/Coty/Sand__Sable_Perfume
41225,Coty,Sand & Sable (Eau de Cologne),1981,https://www.fragrantica.com/perfume/Coty/Sand-Sable-3944.html
41226,Coty,Sand & Sable Seashell Perfume Flacon,,https://www.parfumo.com/Perfumes/Coty/Sand__Sable_Seashell_Perfume_Flacon
41227,Coty,Smitty,1976,https://www.fragrantica.com/perfume/Coty/Smitty-16974.html
41228,Coty,Soleil D'Ikosim,,https://huggingface.co/datasets/doevent/perfume
41229,Coty,Soleil d'Or,,https://www.parfumo.com/Perfumes/Coty/Soleil_d_Or
41230,Coty,Sophia Coty 1981 Cologne Concentrate,1981,https://www.parfumo.com/Perfumes/Coty/Sophia_Cologne_Concentrate
41231,Coty,Sophia Coty 1981 Perfume (Parfum),1981,https://www.parfumo.com/Perfumes/Coty/Sophia_Perfume
41232,Coty,Sophia (Eau de Cologne),1980,https://www.fragrantica.com/perfume/Coty/Sophia-9621.html
41233,Coty,Stetson,1981,https://www.fragrantica.com/perfume/Coty/Stetson-5506.html
41234,Coty,Stetson All American,2009,https://www.fragrantica.com/perfume/Coty/Stetson-All-American-9159.html
41235,Coty,Stetson Black,2005,https://www.fragrantica.com/perfume/Coty/Stetson-Black-5507.html
41236,Coty,Stetson Caliber,2014,https://www.fragrantica.com/perfume/Coty/Stetson-Caliber-41058.html
41237,Coty,Stetson Country,1998,https://www.fragrantica.com/perfume/Coty/Stetson-Country-5508.html
41238,Coty,Stetson Fresh,2008,https://www.fragrantica.com/perfume/Coty/Stetson-Fresh-2971.html
41239,Coty,Stetson Rich Suede,2008,https://www.fragrantica.com/perfume/Coty/Stetson-Rich-Suede-5509.html
41240,Coty,Stetson Sierra,1993,https://www.fragrantica.com/perfume/Coty/Stetson-Sierra-5510.html
41241,Coty,Stetson Spirit Cologne (Eau de Cologne),2021,https://www.fragrantica.com/perfume/Coty/Stetson-Spirit-Cologne-71662.html
41242,Coty,Styx,1911,https://www.parfumo.com/Perfumes/Coty/Styx
41243,Coty,Succés by Day Coty 1970 After Shave,1970,https://www.parfumo.com/Perfumes/Coty/Succes_by_Day_After_Shave
41244,Coty,Succés by Day Coty 1970 Cologne (Eau de Cologne),1970,https://www.parfumo.com/Perfumes/Coty/Succes_by_Day_Cologne
41245,Coty,Succés by Night Coty 1970 After Shave,1970,https://www.parfumo.com/Perfumes/Coty/Succes_by_Night_After_Shave
41246,Coty,Succés by Night Coty 1970 Cologne (Eau de Cologne),1970,https://www.parfumo.com/Perfumes/Coty/Succes_by_Night_Cologne
41247,Coty,Sweet Earth Alpine Breezes,,https://www.parfumo.com/Perfumes/Coty/Sweet_Earth_Alpine_Breezes
41248,Coty,Sweet Earth Flower Fragrances - Soft Mist of Amberwood,,https://www.parfumo.com/Perfumes/Coty/Sweet_Earth_Flower_Fragrances_Soft_Mist_of_Amberwood
41249,Coty,Sweet Earth Flower Fragrances - Soft Mist of Hyacinth,,https://www.parfumo.com/Perfumes/Coty/Sweet_Earth_Flower_Fragrances_Soft_Mist_of_Hyacinth
41250,Coty,Sweet Earth Grass Fragrances - Soft Mist of Clover,,https://www.parfumo.com/Perfumes/Coty/Sweet_Earth_Grass_Fragrances__Soft_Mist_of_Clover
41251,Coty,Sweet Earth Grass Fragrances - Soft Mist of Gingergrass,,https://www.parfumo.com/Perfumes/Coty/Sweet_Earth_Grass_Fragrances__Soft_Mist_of_Gingergrass
41252,Coty,Sweet Earth Honeysuckle,,https://www.parfumo.com/Perfumes/Coty/Sweet_Earth_Honeysuckle
41253,Coty,Sweet Earth Jasmine,,https://www.parfumo.com/Perfumes/Coty/Sweet_Earth_Jasmine
41254,Coty,Sweet Earth Mountainledge Flowers,,https://www.parfumo.com/Perfumes/Coty/Sweet_Earth_Mountainledge_Flowers
41255,Coty,Sweet Earth Rare Flower Fragrances - Soft Mist of Tuberose,,https://www.parfumo.com/Perfumes/Coty/Sweet_Earth_Rare_Flower_Fragrances__Soft_Mist_of_Tuberose
41256,Coty,Sweet Earth Sun-Warmed Woods,,https://www.parfumo.com/Perfumes/Coty/Sweet_Earth_Sun_Warmed_Woods
41257,Coty,Sweet Earth Wild Flower Collection - Lavender,,https://www.parfumo.com/Perfumes/Coty/Sweet_Earth_Wild_Flower_Collection__Lavender
41258,Coty,Sweet Earth Wild Flower Collection - Wild Rose,,https://www.parfumo.com/Perfumes/Coty/Sweet_Earth_Wild_Flower_Collection__Wild_Rose
41259,Coty,Toujours L'Aimant,2000,https://www.fragrantica.com/perfume/Coty/Toujours-L-Aimant-37778.html
41260,Coty,Toujours Masumi,1990,https://www.fragrantica.com/perfume/Coty/Toujours-Masumi-37779.html
41261,Coty,Tribe Coty Concentrated Cologne,,https://www.parfumo.com/Perfumes/Coty/tribe-concentrated-cologne
41262,Coty,Tribe (Eau de Cologne),1991,https://www.fragrantica.com/perfume/Coty/Tribe-6101.html
41263,Coty,Trois Couleurs Les Trois Couleurs / Tricolore,1937,https://www.parfumo.com/Perfumes/Coty/Trois_Couleurs_Les_Trois_Couleurs_Tricolore
41264,Coty,Truly Lace Coty 1992 Perfume (Parfum),1992,https://www.parfumo.com/Perfumes/Coty/Truly_Lace_Perfume
41265,Coty,Truly Lace (Eau de Cologne),1992,https://www.fragrantica.com/perfume/Coty/Truly-Lace-6100.html
41266,Coty,Universo (After Shave),1994,https://www.fragrantica.com/perfume/Coty/Universo-81379.html
41267,Coty,Universo Coty 1994 Eau de Toilette,1994,https://www.parfumo.com/Perfumes/Coty/Universo_Eau_de_Toilette
41268,Coty,Vanilla Fields Coty 1993 Cologne (Eau de Cologne),1993,https://www.parfumo.com/Perfumes/Coty/vanilla-fields-cologne
41269,Coty,Vanilla Fields Coty 1993 Perfume (Parfum),1993,https://www.parfumo.com/Perfumes/Coty/vanilla-fields-perfume
41270,Coty,Vanilla Fields Coty Body Spray (Body Mist),,https://www.parfumo.com/Perfumes/Coty/vanilla-fields-body-spray
41271,Coty,Vanilla Fields (Eau de Parfum),1993,https://www.fragrantica.com/perfume/Coty/Vanilla-Fields-6029.html
41272,Coty,Vanilla Fields Winter,1993,https://www.fragrantica.com/perfume/Coty/Vanilla-Fields-Winter-6099.html
41273,Coty,Vanilla Fields Winter Naturals,,https://www.parfumo.com/Perfumes/Coty/vanilla-fields-winter-naturals
41274,Coty,Vanilla Musk,1994,https://www.fragrantica.com/perfume/Coty/Vanilla-Musk-6097.html
41275,Coty,Waterdance Pure Petal Musk,,https://www.parfumo.com/Perfumes/Coty/Waterdance_Pure_Petal_Musk
41276,Coty,Waterdance Sunlit Falls,,https://www.parfumo.com/Perfumes/Coty/Waterdance_Sunlit_Falls
41277,Coty,Waterdance Tropical Springs,,https://www.parfumo.com/Perfumes/Coty/Waterdance_Tropical_Springs
41278,Coty,Wild Citrus,,https://www.parfumo.com/Perfumes/Coty/Wild_Citrus
41279,Coty,Wild Lagoon,1995,https://www.parfumo.com/Perfumes/Coty/Wild_Lagoon
41280,Coty,Wild Musk,1972,https://www.fragrantica.com/perfume/Coty/Wild-Musk-6098.html
41281,Coty,WIld Musk Patchouli Blend,1985,https://www.fragrantica.com/perfume/Coty/WIld-Musk-Patchouli-Blend-43754.html
41282,Coty,Wild Orchid Musk,,https://www.parfumo.com/Perfumes/Coty/Wild_Orchid_Musk
41283,Coty,Wild Spice for Men,,https://www.parfumo.com/Perfumes/Coty/Wild_Spice_for_Men
41284,Coty,Wild Woods for Men,,https://www.parfumo.com/Perfumes/Coty/Wild_Woods_for_Men
41285,Coup de Coeur,Coeur Volcan,2023,https://www.fragrantica.com/perfume/Coup-de-Coeur/Coeur-Volcan-82743.html
41286,Coup de Coeur,Harmonie du Soir,2023,https://www.fragrantica.com/perfume/Coup-de-Coeur/Harmonie-du-Soir-82744.html
41287,Coup de Coeur,J'ai Rendez-Vous,2023,https://www.fragrantica.com/perfume/Coup-de-Coeur/J-ai-Rendez-Vous-82745.html
41288,Coup de Coeur,Ma Nuit,2023,https://www.fragrantica.com/perfume/Coup-de-Coeur/Ma-Nuit-82748.html
41289,Coup de Coeur,Un Amour,2023,https://www.fragrantica.com/perfume/Coup-de-Coeur/Un-Amour-82747.html
41290,Coup de Coeur,Une Promesse,2023,https://www.fragrantica.com/perfume/Coup-de-Coeur/Une-Promesse-82746.html
41291,Courrèges,2030 Verbena Crush,2020,https://www.fragrantica.com/perfume/Courreges/2030-Verbena-Crush-59958.html
41292,Courrèges,2040 Nectar Tonka,2020,https://www.fragrantica.com/perfume/Courreges/2040-Nectar-Tonka-59959.html
41293,Courrèges,2050 Berrie Flash,2020,https://www.fragrantica.com/perfume/Courreges/2050-Berrie-Flash-59960.html
41294,Courrèges,2060 Cedar Pulp,2020,https://www.fragrantica.com/perfume/Courreges/2060-Cedar-Pulp-59961.html
41295,Courrèges,Amérique Courrèges 1974 Parfum,1974,https://www.parfumo.com/Perfumes/Courreges/Amerique_Parfum
41296,Courrèges,Amérique Courrèges 1974 Parfum de Toilette,1974,https://www.parfumo.com/Perfumes/Courreges/Amerique_Parfum_de_Toilette
41297,Courrèges,Amerique de Courreges,1974,https://www.fragrantica.com/perfume/Courreges/Amerique-de-Courreges-18554.html
41298,Courrèges,Blanc de,2012,https://www.parfumo.com/Perfumes/Courreges/Blanc_de_Courreges
41299,Courrèges,Blanc de Courregès,2012,https://www.fragrantica.com/perfume/Courreges/Blanc-de-Courreges-15490.html
41300,Courrèges,C,2021,https://www.fragrantica.com/perfume/Courreges/C-70286.html
41301,Courrèges,Colognes Imaginaires - 2030 Verbena Crush,2020,https://www.parfumo.com/Perfumes/Courreges/colognes-imaginaires-2030-verbena-crush
41302,Courrèges,Colognes Imaginaires - 2040 Nectar Tonka,2020,https://www.parfumo.com/Perfumes/Courreges/colognes-imaginaires-2040-nectar-tonka
41303,Courrèges,Colognes Imaginaires - 2050 Berrie Flash,2020,https://www.parfumo.com/Perfumes/Courreges/colognes-imaginaires-2050-berrie-flash
41304,Courrèges,Colognes Imaginaires - 2060 Cedar Pulp,2020,https://www.parfumo.com/Perfumes/Courreges/colognes-imaginaires-2060-cedar-pulp
41305,Courrèges,Courreges 2020,1997,https://www.fragrantica.com/perfume/Courreges/Courreges-2020-444.html
41306,Courrèges,Courreges Homme (After Shave),1977,https://www.fragrantica.com/perfume/Courreges/Courreges-Homme-47992.html
41307,Courrèges,Courreges in Blue,1983,https://www.fragrantica.com/perfume/Courreges/Courreges-in-Blue-442.html
41308,Courrèges,Courreges In Blue Eau de Parfum,2014,https://www.fragrantica.com/perfume/Courreges/Courreges-In-Blue-Eau-de-Parfum-27495.html
41309,Courrèges,Courreges In Blue Eau de Toilette,2011,https://www.fragrantica.com/perfume/Courreges/Courreges-In-Blue-Eau-de-Toilette-17031.html
41310,Courrèges,Eau de,1974,https://www.parfumo.com/Perfumes/Courreges/Eau_de_Courreges
41311,Courrèges,Eau de,2012,https://www.parfumo.com/Perfumes/Courreges/Eau_de_Courreges_2012
41312,Courrèges,Eau de Courreges,1977,https://www.fragrantica.com/perfume/Courreges/Eau-de-Courreges-445.html
41313,Courrèges,Eau de Courreges (new),2012,https://www.fragrantica.com/perfume/Courreges/Eau-de-Courreges-new-15489.html
41314,Courrèges,Eau Hyper Fraîche,2017,https://www.fragrantica.com/perfume/Courreges/Eau-Hyper-Fraiche-43276.html
41315,Courrèges,Empreinte Courrèges 1971 Parfum,1971,https://www.parfumo.com/Perfumes/Courreges/Empreinte_1971_Parfum
41316,Courrèges,Empreinte (Eau de Toilette),1970,https://www.fragrantica.com/perfume/Courreges/Empreinte-10614.html
41317,Courrèges,Empreinte (new),2012,https://www.fragrantica.com/perfume/Courreges/Empreinte-new-15488.html
41318,Courrèges,FH 77 (Eau de Toilette),1977,https://www.fragrantica.com/perfume/Courreges/FH-77-60927.html
41319,Courrèges,Generation,2001,https://www.fragrantica.com/perfume/Courreges/Generation-18555.html
41320,Courrèges,Homme (Eau de Toilette),2018,https://www.fragrantica.com/perfume/Courreges/Homme-46918.html
41321,Courrèges,Homme Sport,2018,https://www.fragrantica.com/perfume/Courreges/Homme-Sport-46919.html
41322,Courrèges,Hyper Cuir,2023,https://www.fragrantica.com/perfume/Courreges/Hyper-Cuir-87436.html
41323,Courrèges,Hyper Iris,2024,https://www.fragrantica.com/perfume/Courreges/Hyper-Iris-98030.html
41324,Courrèges,Hyper Musc,2023,https://www.fragrantica.com/perfume/Courreges/Hyper-Musc-87435.html
41325,Courrèges,Hyper Oud,2023,https://www.fragrantica.com/perfume/Courreges/Hyper-Oud-87437.html
41326,Courrèges,Hyperbole,2016,https://www.fragrantica.com/perfume/Courreges/Hyperbole-40170.html
41327,Courrèges,L'Eau de Liesse,2022,https://www.fragrantica.com/perfume/Courreges/L-Eau-de-Liesse-74056.html
41328,Courrèges,L'Eau Pâle,2024,https://www.fragrantica.com/perfume/Courreges/L-Eau-Pale-92952.html
41329,Courrèges,L'Empreinte,2021,https://www.fragrantica.com/perfume/Courreges/L-Empreinte-70287.html
41330,Courrèges,La Fille de l'Air,2015,https://www.fragrantica.com/perfume/Courreges/La-Fille-de-l-Air-30550.html
41331,Courrèges,La Fille de L'Air (2021),2021,https://www.fragrantica.com/perfume/Courreges/La-Fille-de-L-Air-2021-70285.html
41332,Courrèges,La Fille de l'Air Eau d'Ete,2016,https://www.fragrantica.com/perfume/Courreges/La-Fille-de-l-Air-Eau-d-Ete-38415.html
41333,Courrèges,La Fille de l'Air Iris,2017,https://www.fragrantica.com/perfume/Courreges/La-Fille-de-l-Air-Iris-46435.html
41334,Courrèges,La Fille de L'Air Monoi,2017,https://www.fragrantica.com/perfume/Courreges/La-Fille-de-L-Air-Monoi-45341.html
41335,Courrèges,Le Messager,2023,https://www.fragrantica.com/perfume/Courreges/Le-Messager-82152.html
41336,Courrèges,Mini Jupe,2018,https://www.fragrantica.com/perfume/Courreges/Mini-Jupe-46917.html
41337,Courrèges,Niagara Courrèges 1995 After Shave,1995,https://www.parfumo.com/Perfumes/Courreges/Niagara_After_Shave
41338,Courrèges,Niagara (Eau de Toilette),1995,https://www.fragrantica.com/perfume/Courreges/Niagara-24704.html
41339,Courrèges,Rose de,2012,https://www.parfumo.com/Perfumes/Courreges/Rose_de_Courreges
41340,Courrèges,Rose de Courreges,2012,https://www.fragrantica.com/perfume/Courreges/Rose-de-Courreges-17030.html
41341,Courrèges,Seconde Peau,2021,https://www.fragrantica.com/perfume/Courreges/Seconde-Peau-70284.html
41342,Courrèges,Slogan,2021,https://www.fragrantica.com/perfume/Courreges/Slogan-70283.html
41343,Courrèges,Sweet,1993,https://www.parfumo.com/Perfumes/Courreges/Sweet_Courreges
41344,Courrèges,Sweet Courreges,1993,https://www.fragrantica.com/perfume/Courreges/Sweet-Courreges-443.html
41345,Courrèges,Sweet Courreges Legere,1993,https://www.fragrantica.com/perfume/Courreges/Sweet-Courreges-Legere-20360.html
41346,Courrèges,Wild Ocean,2019,https://www.fragrantica.com/perfume/Courreges/Wild-Ocean-53952.html
41347,Courtley,Courtley Cologne (Eau de Cologne),1937,https://www.fragrantica.com/perfume/Courtley/Courtley-Cologne-123711.html
41348,Courvoisier Cognac,Courvoisier L’edition Imperiale,2006,https://www.fragrantica.com/perfume/Courvoisier-Cognac/Courvoisier-L-edition-Imperiale-1328.html
41349,Cousu de Fil Blanc,Les Fleurs du Mal Absinthe,2011,https://www.fragrantica.com/perfume/Cousu-de-Fil-Blanc/Les-Fleurs-du-Mal-Absinthe-11672.html
41350,Cousu de Fil Blanc,Les Fleurs du Mal Chanvre,2011,https://www.fragrantica.com/perfume/Cousu-de-Fil-Blanc/Les-Fleurs-du-Mal-Chanvre-11671.html
41351,Cousu de Fil Blanc,Les Fleurs du Mal Pavot,2011,https://www.fragrantica.com/perfume/Cousu-de-Fil-Blanc/Les-Fleurs-du-Mal-Pavot-11673.html
41352,Couteau de Poche,Fumabat,2017,https://www.fragrantica.com/perfume/Couteau-de-Poche/Fumabat-46830.html
41353,Couteau de Poche,Metal Redux,2024,https://www.fragrantica.com/perfume/Couteau-de-Poche/Metal-Redux-92541.html
41354,Cowshed,Gorgeous Cow,,https://www.fragrantica.com/perfume/Cowshed/Gorgeous-Cow-30563.html
41355,Cowshed,Grumpy Cow,,https://www.fragrantica.com/perfume/Cowshed/Grumpy-Cow-30561.html
41356,Cowshed,Horny Cow,,https://www.fragrantica.com/perfume/Cowshed/Horny-Cow-30562.html
41357,Cowshed,Knackered Cow,,https://www.fragrantica.com/perfume/Cowshed/Knackered-Cow-30552.html
41358,Cowshed,Lazy Cow,,https://www.fragrantica.com/perfume/Cowshed/Lazy-Cow-30565.html
41359,Cowshed,Moody Cow,,https://www.fragrantica.com/perfume/Cowshed/Moody-Cow-30564.html
41360,Cowshed,Wild Cow,,https://www.fragrantica.com/perfume/Cowshed/Wild-Cow-30566.html
41361,Coyotl,Affogato,2024,https://www.fragrantica.com/perfume/Coyotl/Affogato-101761.html
41362,Coyotl,AhXoc,2025,https://www.fragrantica.com/perfume/Coyotl/AhXoc-106376.html
41363,Coyotl,Amoxtli,2025,https://www.fragrantica.com/perfume/Coyotl/Amoxtli-109158.html
41364,Coyotl,Baca'nda,2023,https://www.fragrantica.com/perfume/Coyotl/Baca-nda-87101.html
41365,Coyotl,Balam,2024,https://www.fragrantica.com/perfume/Coyotl/Balam-92285.html
41366,Coyotl,Be'te',2024,https://www.fragrantica.com/perfume/Coyotl/Be-te-93437.html
41367,Coyotl,Benixidz,2025,https://www.fragrantica.com/perfume/Coyotl/Benixidz-109155.html
41368,Coyotl,Binnilixii,2024,https://www.fragrantica.com/perfume/Coyotl/Binnilixii-101759.html
41369,Coyotl,Biyé,2023,https://www.fragrantica.com/perfume/Coyotl/Biye-87102.html
41370,Coyotl,Bni,2025,https://www.fragrantica.com/perfume/Coyotl/Bni-106377.html
41371,Coyotl,Cenzontle,2026,https://www.fragrantica.com/perfume/Coyotl/Cenzontle-140297.html
41372,Coyotl,Chalchiuhtlicue,2025,https://www.fragrantica.com/perfume/Coyotl/Chalchiuhtlicue-109157.html
41373,Coyotl,Champurrado,2024,https://www.fragrantica.com/perfume/Coyotl/Champurrado-101758.html
41374,Coyotl,Chipehua,2024,https://www.fragrantica.com/perfume/Coyotl/Chipehua-92286.html
41375,Coyotl,Coca-Ine,2025,https://www.fragrantica.com/perfume/Coyotl/Coca-Ine-109164.html
41376,Coyotl,Colotl,2024,https://www.fragrantica.com/perfume/Coyotl/Colotl-96093.html
41377,Coyotl,Corajillo,2025,https://www.fragrantica.com/perfume/Coyotl/Corajillo-115647.html
41378,Coyotl,Coyolicaltzin,2023,https://www.fragrantica.com/perfume/Coyotl/Coyolicaltzin-87106.html
41379,Coyotl,Coyotl,2023,https://www.fragrantica.com/perfume/Coyotl/Coyotl-87103.html
41380,Coyotl,Donaxhi,2024,https://www.fragrantica.com/perfume/Coyotl/Donaxhi-93438.html
41381,Coyotl,Dxuladi,2023,https://www.fragrantica.com/perfume/Coyotl/Dxuladi-87107.html
41382,Coyotl,Dzahui,2023,https://www.fragrantica.com/perfume/Coyotl/Dzahui-87105.html
41383,Coyotl,Feeling Goud,2025,https://www.fragrantica.com/perfume/Coyotl/Feeling-Goud-109160.html
41384,Coyotl,Gueela,2024,https://www.fragrantica.com/perfume/Coyotl/Gueela-93436.html
41385,Coyotl,Guelaguetza,2024,https://www.fragrantica.com/perfume/Coyotl/Guelaguetza-92283.html
41386,Coyotl,Horchata,2024,https://www.fragrantica.com/perfume/Coyotl/Horchata-101757.html
41387,Coyotl,Hurakan,2026,https://www.fragrantica.com/perfume/Coyotl/Hurakan-135452.html
41388,Coyotl,Kann'o,2023,https://www.fragrantica.com/perfume/Coyotl/Kann-o-87100.html
41389,Coyotl,Kary,2024,https://www.fragrantica.com/perfume/Coyotl/Kary-93439.html
41390,Coyotl,Kary Koali,2026,https://www.fragrantica.com/perfume/Coyotl/Kary-Koali-132580.html
41391,Coyotl,Kary Xmass,2025,https://www.fragrantica.com/perfume/Coyotl/Kary-Xmass-109166.html
41392,Coyotl,Ladxiduá,2023,https://www.fragrantica.com/perfume/Coyotl/Ladxidua-87104.html
41393,Coyotl,Laurka Ciasto,2024,https://www.fragrantica.com/perfume/Coyotl/Laurka-Ciasto-101755.html
41394,Coyotl,Laurka PW Cherry,2024,https://www.fragrantica.com/perfume/Coyotl/Laurka-PW-Cherry-95068.html
41395,Coyotl,Limonero,2026,https://www.fragrantica.com/perfume/Coyotl/Limonero-126020.html
41396,Coyotl,Malinalxóchitl,2024,https://www.fragrantica.com/perfume/Coyotl/Malinalxochitl-101760.html
41397,Coyotl,Mexicali,2025,https://www.fragrantica.com/perfume/Coyotl/Mexicali-109163.html
41398,Coyotl,Mhojito,2024,https://www.fragrantica.com/perfume/Coyotl/Mhojito-95069.html
41399,Coyotl,Mictlecacihuatl,2024,https://www.fragrantica.com/perfume/Coyotl/Mictlecacihuatl-101756.html
41400,Coyotl,Naga'nda',2024,https://www.fragrantica.com/perfume/Coyotl/Naga-nda-92284.html
41401,Coyotl,Nahual,2024,https://www.fragrantica.com/perfume/Coyotl/Nahual-93435.html
41402,Coyotl,Nanaxhi,2024,https://www.fragrantica.com/perfume/Coyotl/Nanaxhi-109167.html
41403,Coyotl,Nayanda,2024,https://www.fragrantica.com/perfume/Coyotl/Nayanda-95070.html
41404,Coyotl,Nektli,2024,https://www.fragrantica.com/perfume/Coyotl/Nektli-101762.html
41405,Coyotl,Nisado',2024,https://www.fragrantica.com/perfume/Coyotl/Nisado-92282.html
41406,Coyotl,Nisaguié,2024,https://www.fragrantica.com/perfume/Coyotl/Nisaguie-109169.html
41407,Coyotl,Octli,2024,https://www.fragrantica.com/perfume/Coyotl/Octli-96094.html
41408,Coyotl,Pan de Muerto,2025,https://www.fragrantica.com/perfume/Coyotl/Pan-de-Muerto-118343.html
41409,Coyotl,Rosa de Invierno,2025,https://www.fragrantica.com/perfume/Coyotl/Rosa-de-Invierno-109170.html
41410,Coyotl,Señora,2026,https://www.fragrantica.com/perfume/Coyotl/Senora-132581.html
41411,Coyotl,Sueño de una Noche,2026,https://www.fragrantica.com/perfume/Coyotl/Sueno-de-una-Noche-123006.html
41412,Coyotl,Tanhori,2025,https://www.fragrantica.com/perfume/Coyotl/Tanhori-109161.html
41413,Coyotl,Tlaloc,2025,https://www.fragrantica.com/perfume/Coyotl/Tlaloc-109156.html
41414,Coyotl,Xi Cui,2025,https://www.fragrantica.com/perfume/Coyotl/Xi-Cui-120021.html
41415,Coyotl,Xochiquetzalli,2024,https://www.fragrantica.com/perfume/Coyotl/Xochiquetzalli-93441.html
41416,Coyotl,Yamuri,2024,https://www.fragrantica.com/perfume/Coyotl/Yamuri-109168.html
41417,Coyotl,Yanelys Dreamer,2024,https://www.fragrantica.com/perfume/Coyotl/Yanelys-Dreamer-97107.html
41418,Coyotl,Yanelys Light,2026,https://www.fragrantica.com/perfume/Coyotl/Yanelys-Light-126019.html
41419,Coyotl,Yanelys Love,2024,https://www.fragrantica.com/perfume/Coyotl/Yanelys-Love-97108.html
41420,Coyotl,Yanelys Patience,2024,https://www.fragrantica.com/perfume/Coyotl/Yanelys-Patience-97111.html
41421,Coyotl,Yanelys Strength,2024,https://www.fragrantica.com/perfume/Coyotl/Yanelys-Strength-97110.html
41422,Coyotl,Yanelys Xamigua,2024,https://www.fragrantica.com/perfume/Coyotl/Yanelys-Xamigua-97109.html
41423,Coyotl,Yola,2025,https://www.fragrantica.com/perfume/Coyotl/Yola-109159.html
41424,Coyotl,Yum Kaax,2024,https://www.fragrantica.com/perfume/Coyotl/Yum-Kaax-93440.html
41425,COYSEIO,Pomponne 038,2026,https://www.fragrantica.com/perfume/COYSEIO/Pomponne-038-125201.html
41426,CR Beauty,Acqua Musk,2020,https://www.fragrantica.com/perfume/CR-Beauty/Acqua-Musk-69779.html
41427,CR Beauty,Carvalho Intenso,2020,https://www.fragrantica.com/perfume/CR-Beauty/Carvalho-Intenso-69764.html
41428,CR Beauty,Cool Mandarine,2020,https://www.fragrantica.com/perfume/CR-Beauty/Cool-Mandarine-69762.html
41429,CR Beauty,Couro Âmbar,2020,https://www.fragrantica.com/perfume/CR-Beauty/Couro-Ambar-69777.html
41430,CR Beauty,Frescor da Floresta,2020,https://www.fragrantica.com/perfume/CR-Beauty/Frescor-da-Floresta-69768.html
41431,CR Beauty,Jasmin D'Amour,2020,https://www.fragrantica.com/perfume/CR-Beauty/Jasmin-D-Amour-69769.html
41432,CR Beauty,Lavanda Fougère,2020,https://www.fragrantica.com/perfume/CR-Beauty/Lavanda-Fougere-69770.html
41433,CR Beauty,Marine Breeze,2020,https://www.fragrantica.com/perfume/CR-Beauty/Marine-Breeze-69767.html
41434,CR Beauty,Mystic Flower,2020,https://www.fragrantica.com/perfume/CR-Beauty/Mystic-Flower-69775.html
41435,CR Beauty,Pétalas de Gardênia,2020,https://www.fragrantica.com/perfume/CR-Beauty/Petalas-de-Gardenia-69774.html
41436,CR Beauty,Pink Lillies,2020,https://www.fragrantica.com/perfume/CR-Beauty/Pink-Lillies-69765.html
41437,CR Beauty,Rose Berries,2020,https://www.fragrantica.com/perfume/CR-Beauty/Rose-Berries-69763.html
41438,CR Beauty,Sandal Fresh,2020,https://www.fragrantica.com/perfume/CR-Beauty/Sandal-Fresh-69778.html
41439,CR Beauty,Sensual Magnólia,2020,https://www.fragrantica.com/perfume/CR-Beauty/Sensual-Magnolia-69771.html
41440,CR Beauty,Spicy Bouquet,2020,https://www.fragrantica.com/perfume/CR-Beauty/Spicy-Bouquet-69773.html
41441,CR Beauty,Vanilla Sucrée,2020,https://www.fragrantica.com/perfume/CR-Beauty/Vanilla-Sucree-69772.html
41442,CR Beauty,Vetiver Moderno,2020,https://www.fragrantica.com/perfume/CR-Beauty/Vetiver-Moderno-69766.html
41443,CR Beauty,Wood Incense,2020,https://www.fragrantica.com/perfume/CR-Beauty/Wood-Incense-69776.html
41444,CR7,Elma,2015,https://www.fragrantica.com/perfume/CR7/Elma-35593.html
41445,Cra-yon,Ami Amie,2021,https://www.fragrantica.com/perfume/Cra-yon/Ami-Amie-106070.html
41446,Cra-yon,Art Life,2023,https://www.fragrantica.com/perfume/Cra-yon/Art-Life-106069.html
41447,Cra-yon,Caramel Days,2023,https://www.fragrantica.com/perfume/Cra-yon/Caramel-Days-106065.html
41448,Cra-yon,Continental,2021,https://www.fragrantica.com/perfume/Cra-yon/Continental-106063.html
41449,Cra-yon,Nutopia,2025,https://www.fragrantica.com/perfume/Cra-yon/Nutopia-106064.html
41450,Cra-yon,Passport Amour,2020,https://www.fragrantica.com/perfume/Cra-yon/Passport-Amour-60258.html
41451,Cra-yon,Sand Service,2020,https://www.fragrantica.com/perfume/Cra-yon/Sand-Service-60255.html
41452,Cra-yon,The Dusk Daze,2024,https://www.fragrantica.com/perfume/Cra-yon/The-Dusk-Daze-106066.html
41453,Cra-yon,The Fougère Affair,2024,https://www.fragrantica.com/perfume/Cra-yon/The-Fougere-Affair-106067.html
41454,Cra-yon,The High Road,2024,https://www.fragrantica.com/perfume/Cra-yon/The-High-Road-98492.html
41455,Cra-yon,Vanilla CEO,2020,https://www.fragrantica.com/perfume/Cra-yon/Vanilla-CEO-60256.html
41456,Cra-yon,Young Air,2026,https://www.fragrantica.com/perfume/Cra-yon/Young-Air-132349.html
41457,Crabtree & Evelyn,Amethyst,,https://www.parfumo.com/Perfumes/Crabtree__Evelyn/Amethyst
41458,Crabtree & Evelyn,Assam Oudh,2013,https://www.fragrantica.com/perfume/Crabtree-Evelyn/Assam-Oudh-18978.html
41459,Crabtree & Evelyn,Azzemour,2001,https://www.fragrantica.com/perfume/Crabtree-Evelyn/Azzemour-104128.html
41460,Crabtree & Evelyn,Black Absinthe,2015,https://www.fragrantica.com/perfume/Crabtree-Evelyn/Black-Absinthe-29722.html
41461,Crabtree & Evelyn,Caribbean Island Wild Flowers,2014,https://www.fragrantica.com/perfume/Crabtree-Evelyn/Caribbean-Island-Wild-Flowers-24912.html
41462,Crabtree & Evelyn,Caribbean Island Wild Flowers India Hicks Island Living - Spider Lily,2007,https://www.parfumo.com/Perfumes/Crabtree__Evelyn/caribbean-island-wild-flowers-india-hicks-island-living-spider-lily
41463,Crabtree & Evelyn,Carnation Oeillet,,https://www.parfumo.com/Perfumes/Crabtree__Evelyn/Carnation_Oeillet
41464,Crabtree & Evelyn,"Citron, Honey & Coriander",,https://www.parfumo.com/Perfumes/Crabtree__Evelyn/Citron_Honey__Coriander
41465,Crabtree & Evelyn,Crabtree & Evelyn for Men Crabtree & Evelyn 1984 Cologne (Eau de Cologne),1984,https://www.parfumo.com/Perfumes/Crabtree__Evelyn/Crabtree__Evelyn_for_Men_Cologne
41466,Crabtree & Evelyn,Crabtree & Evelyn for Men Crabtree & Evelyn After Shave,,https://www.parfumo.com/Perfumes/Crabtree__Evelyn/Crabtree__Evelyn_for_Men_After_Shave
41467,Crabtree & Evelyn,Evelyn,1993,https://www.parfumo.com/Perfumes/Crabtree__Evelyn/Evelyn
41468,Crabtree & Evelyn,Evelyn Rose Crabtree & Evelyn 2012 Eau de Parfum,2012,https://www.parfumo.com/Perfumes/Crabtree__Evelyn/Evelyn_Rose_2012
41469,Crabtree & Evelyn,Evelyn Rose Crabtree & Evelyn 2012 Solid Perfume,2012,https://www.parfumo.com/Perfumes/Crabtree__Evelyn/Evelyn_Rose_Solid_Perfume
41470,Crabtree & Evelyn,Evelyn Rose (Eau de Toilette),2003,https://www.fragrantica.com/perfume/Crabtree-Evelyn/Evelyn-Rose-3946.html
41471,Crabtree & Evelyn,Evelyn Rose - Femme de Force Scent Crabtree & Evelyn 2019 Solid Perfume,2019,https://www.parfumo.com/Perfumes/Crabtree__Evelyn/evelyn-rose-femme-de-force-scent-solid-perfume
41472,Crabtree & Evelyn,Evelyn Rose - Femme de Force Scent Crabtree & Evelyn Eau de Parfum,,https://www.parfumo.com/Perfumes/Crabtree__Evelyn/evelyn-rose-femme-de-force-scent-eau-de-parfum
41473,Crabtree & Evelyn,Extract of Jamaican Vetiver Khus Khus,,https://www.parfumo.com/Perfumes/Crabtree__Evelyn/extract-of-jamaican-vetiver-khus-khus
41474,Crabtree & Evelyn,Extract of Mysore Sandalwood,1970,https://www.fragrantica.com/perfume/Crabtree-Evelyn/Extract-of-Mysore-Sandalwood-67603.html
41475,Crabtree & Evelyn,Extract of West Indian and Sicilian Limes,,https://www.parfumo.com/Perfumes/Crabtree__Evelyn/extract-of-west-indian-and-sicilian-limes-extrait-de-citron-vert-des-caraibes-et-de-sicile
41476,Crabtree & Evelyn,Fire Opal,,https://www.parfumo.com/Perfumes/Crabtree__Evelyn/Fire_Opal
41477,Crabtree & Evelyn,Florentine Freesia Flower Water,2013,https://www.fragrantica.com/perfume/Crabtree-Evelyn/Florentine-Freesia-Flower-Water-19010.html
41478,Crabtree & Evelyn,Folly,2007,https://www.parfumo.com/Perfumes/Crabtree__Evelyn/Folly
41479,Crabtree & Evelyn,Found,2006,https://www.fragrantica.com/perfume/Crabtree-Evelyn/Found-3951.html
41480,Crabtree & Evelyn,Found Crabtree & Evelyn Solid Perfume,,https://www.parfumo.com/Perfumes/Crabtree__Evelyn/Found_Solid_Perfume
41481,Crabtree & Evelyn,Freesia Crabtree & Evelyn 2003 Eau de Parfum,2003,https://www.parfumo.com/Perfumes/Crabtree__Evelyn/freesia-2003-eau-de-parfum
41482,Crabtree & Evelyn,Freesia Crabtree & Evelyn 2003 Eau de Toilette,2003,https://www.parfumo.com/Perfumes/Crabtree__Evelyn/freesia-2003-eau-de-toilette
41483,Crabtree & Evelyn,Gardenia,,https://www.fragrantica.com/perfume/Crabtree-Evelyn/Gardenia-9814.html
41484,Crabtree & Evelyn,Himalayan Blue,2012,https://www.fragrantica.com/perfume/Crabtree-Evelyn/Himalayan-Blue-15989.html
41485,Crabtree & Evelyn,Hungary Water Eau de Cologne,2013,https://www.fragrantica.com/perfume/Crabtree-Evelyn/Hungary-Water-Eau-de-Cologne-19012.html
41486,Crabtree & Evelyn,India Hicks Island Living - Spider Lily,2007,https://www.fragrantica.com/perfume/Crabtree-Evelyn/India-Hicks-Island-Living-Spider-Lily-3950.html
41487,Crabtree & Evelyn,India Hicks Island Night,2009,https://www.parfumo.com/Perfumes/Crabtree__Evelyn/India_Hicks_Island_Night
41488,Crabtree & Evelyn,India Hicks Island Nights,2009,https://www.fragrantica.com/perfume/Crabtree-Evelyn/India-Hicks-Island-Nights-6494.html
41489,Crabtree & Evelyn,Indian Sandalwood,2014,https://www.fragrantica.com/perfume/Crabtree-Evelyn/Indian-Sandalwood-25409.html
41490,Crabtree & Evelyn,Iris Crabtree & Evelyn Solid Perfume,,https://www.parfumo.com/Perfumes/Crabtree__Evelyn/Iris_Solid_Perfume
41491,Crabtree & Evelyn,Iris (Eau de Toilette),2010,https://www.fragrantica.com/perfume/Crabtree-Evelyn/Iris-10116.html
41492,Crabtree & Evelyn,Jasmin de Provence,1993,https://www.parfumo.com/Perfumes/Crabtree__Evelyn/Jasmin_de_Provence
41493,Crabtree & Evelyn,Jilt,2007,https://www.parfumo.com/Perfumes/Crabtree__Evelyn/Jilt
41494,Crabtree & Evelyn,Kashmir Musk,2013,https://www.fragrantica.com/perfume/Crabtree-Evelyn/Kashmir-Musk-18979.html
41495,Crabtree & Evelyn,L°attitude - 23°S Tropic of Capricorn Tropic du Capricorne,,https://www.parfumo.com/Perfumes/Crabtree__Evelyn/l-attitude-23-s-tropic-of-capricorn-tropic-du-capricorne
41496,Crabtree & Evelyn,La Source Crabtree & Evelyn 2017 Eau de Toilette,2017,https://www.parfumo.com/Perfumes/Crabtree__Evelyn/La_Source_Eau_de_Toilette
41497,Crabtree & Evelyn,La Source Crabtree & Evelyn Body Mist,,https://www.parfumo.com/Perfumes/Crabtree__Evelyn/La_Source_Body_Mist
41498,Crabtree & Evelyn,Lavender 1988,1988,https://www.fragrantica.com/perfume/Crabtree-Evelyn/Lavender-1988-134846.html
41499,Crabtree & Evelyn,Lavender & Espresso,,https://www.parfumo.com/Perfumes/Crabtree__Evelyn/Lavender__Espresso
41500,Crabtree & Evelyn,Lavender Crabtree & Evelyn Solid Perfume,,https://www.parfumo.com/Perfumes/Crabtree__Evelyn/Lavender_Solid_Perfume
41501,Crabtree & Evelyn,Lavender (Eau de Toilette),2011,https://www.fragrantica.com/perfume/Crabtree-Evelyn/Lavender-12528.html
41502,Crabtree & Evelyn,Lavender Lavande,,https://www.parfumo.com/Perfumes/Crabtree__Evelyn/lavender-1988-lavande
41503,Crabtree & Evelyn,Lavender Water Eau de Lavande,,https://www.parfumo.com/Perfumes/Crabtree__Evelyn/lavender-water-eau-de-lavande
41504,Crabtree & Evelyn,Leather Musk,2015,https://www.fragrantica.com/perfume/Crabtree-Evelyn/Leather-Musk-38643.html
41505,Crabtree & Evelyn,Lilac Lilas,,https://www.parfumo.com/Perfumes/Crabtree__Evelyn/Lilac_Lilas
41506,Crabtree & Evelyn,Lily Crabtree & Evelyn Solid Perfume,,https://www.parfumo.com/Perfumes/Crabtree__Evelyn/Lily_Solid_Perfume
41507,Crabtree & Evelyn,Lily (Eau de Toilette),2011,https://www.fragrantica.com/perfume/Crabtree-Evelyn/Lily-12529.html
41508,Crabtree & Evelyn,Lily of the Valley,1999,https://www.fragrantica.com/perfume/Crabtree-Evelyn/Lily-of-the-Valley-3947.html
41509,Crabtree & Evelyn,Lily of the Valley Crabtree & Evelyn Eau de Toilette,,https://www.parfumo.com/Perfumes/Crabtree__Evelyn/lily-of-the-valley-2003-eau-de-toilette
41510,Crabtree & Evelyn,Lily of the Valley Muguet,1970,https://www.parfumo.com/Perfumes/Crabtree__Evelyn/lily-of-the-valley-muguet-1970
41511,Crabtree & Evelyn,Lost Crabtree & Evelyn 2006 Eau de Parfum,2006,https://www.parfumo.com/Perfumes/Crabtree__Evelyn/Lost
41512,Crabtree & Evelyn,Lost Crabtree & Evelyn Solid Perfume,,https://www.parfumo.com/Perfumes/Crabtree__Evelyn/Lost_Solid_Perfume
41513,Crabtree & Evelyn,Moroccan Myrrh,2014,https://www.fragrantica.com/perfume/Crabtree-Evelyn/Moroccan-Myrrh-25410.html
41514,Crabtree & Evelyn,Nadira,2006,https://www.fragrantica.com/perfume/Crabtree-Evelyn/Nadira-3952.html
41515,Crabtree & Evelyn,Nantucket Briar (Body Mist),1985,https://www.fragrantica.com/perfume/Crabtree-Evelyn/Nantucket-Briar-4938.html
41516,Crabtree & Evelyn,Nantucket Briar Crabtree & Evelyn 1985 Eau de Toilette,1985,https://www.parfumo.com/Perfumes/Crabtree__Evelyn/nantucket-briar-eau-de-toilette
41517,Crabtree & Evelyn,Nantucket Briar Crabtree & Evelyn Body Mist,,https://www.parfumo.com/Perfumes/Crabtree__Evelyn/nantucket-briar-body-mist
41518,Crabtree & Evelyn,Neapolitan Bergamot Eau de Cologne,2013,https://www.fragrantica.com/perfume/Crabtree-Evelyn/Neapolitan-Bergamot-Eau-de-Cologne-19011.html
41519,Crabtree & Evelyn,Night Garden - Assam Oudh,2013,https://www.parfumo.com/Perfumes/Crabtree__Evelyn/Night_Garden_Assam_Oudh
41520,Crabtree & Evelyn,Night Garden - Kashmir Musk,2013,https://www.parfumo.com/Perfumes/Crabtree__Evelyn/Night_Garden_Kashmir_Musk
41521,Crabtree & Evelyn,Night Garden - Ottoman Rose,2013,https://www.parfumo.com/Perfumes/Crabtree__Evelyn/Night_Garden_Ottoman_Rose
41522,Crabtree & Evelyn,Night Garden - Persian Thé,2013,https://www.parfumo.com/Perfumes/Crabtree__Evelyn/Night_Garden_Persian_The
41523,Crabtree & Evelyn,Nomad,1999,https://www.fragrantica.com/perfume/Crabtree-Evelyn/Nomad-3953.html
41524,Crabtree & Evelyn,Old Windsor Eau de Cologne,2013,https://www.fragrantica.com/perfume/Crabtree-Evelyn/Old-Windsor-Eau-de-Cologne-19013.html
41525,Crabtree & Evelyn,Old World Jasmine Flower Water,2013,https://www.fragrantica.com/perfume/Crabtree-Evelyn/Old-World-Jasmine-Flower-Water-19008.html
41526,Crabtree & Evelyn,Ottoman Rose,2013,https://www.fragrantica.com/perfume/Crabtree-Evelyn/Ottoman-Rose-18977.html
41527,Crabtree & Evelyn,Parisian Millefleurs,2015,https://www.fragrantica.com/perfume/Crabtree-Evelyn/Parisian-Millefleurs-29721.html
41528,Crabtree & Evelyn,Parisian Millefleurs Flower Water,2015,https://www.parfumo.com/Perfumes/Crabtree__Evelyn/Parisian_Millefleurs_Flower_Water
41529,Crabtree & Evelyn,Passion Flower,,https://www.parfumo.com/Perfumes/Crabtree__Evelyn/Passion_Flower
41530,Crabtree & Evelyn,Patchouli,1970,https://www.fragrantica.com/perfume/Crabtree-Evelyn/Patchouli-11198.html
41531,Crabtree & Evelyn,Pear and Pink Magnolia,2014,https://www.fragrantica.com/perfume/Crabtree-Evelyn/Pear-and-Pink-Magnolia-26147.html
41532,Crabtree & Evelyn,Persian Thé,2013,https://www.fragrantica.com/perfume/Crabtree-Evelyn/Persian-The-18980.html
41533,Crabtree & Evelyn,Pink Diamond,,https://www.parfumo.com/Perfumes/Crabtree__Evelyn/Pink_Diamond
41534,Crabtree & Evelyn,"Pomegranate, Argan & Grapeseed",,https://www.parfumo.com/Perfumes/Crabtree__Evelyn/Pomegranate_Argan__Grapeseed
41535,Crabtree & Evelyn,Raw Instinct Scent,,https://www.parfumo.com/Perfumes/Crabtree__Evelyn/Raw_Instinct_Scent
41536,Crabtree & Evelyn,Rose Pineapple,,https://www.parfumo.com/Perfumes/Crabtree__Evelyn/Rose_Pineapple_Solid_Perfume
41537,Crabtree & Evelyn,Rosewater & Pink Peppercorn,2019,https://www.fragrantica.com/perfume/Crabtree-Evelyn/Rosewater-Pink-Peppercorn-134845.html
41538,Crabtree & Evelyn,Rosewater Crabtree & Evelyn Eau Fraîche,,https://www.parfumo.com/Perfumes/Crabtree__Evelyn/Rosewater_Eau_Fraiche
41539,Crabtree & Evelyn,Rosewater Crabtree & Evelyn Solid Perfume,,https://www.parfumo.com/Perfumes/Crabtree__Evelyn/Rosewater_Solid_Perfume
41540,Crabtree & Evelyn,Rosewater (Eau de Toilette),2011,https://www.fragrantica.com/perfume/Crabtree-Evelyn/Rosewater-12530.html
41541,Crabtree & Evelyn,Sandalwood,1976,https://www.fragrantica.com/perfume/Crabtree-Evelyn/Sandalwood-3949.html
41542,Crabtree & Evelyn,Sapphire,,https://www.parfumo.com/Perfumes/Crabtree__Evelyn/Sapphire
41543,Crabtree & Evelyn,Sarawak,2004,https://www.fragrantica.com/perfume/Crabtree-Evelyn/Sarawak-3954.html
41544,Crabtree & Evelyn,Savannah Gardens,1984,https://www.fragrantica.com/perfume/Crabtree-Evelyn/Savannah-Gardens-22055.html
41545,Crabtree & Evelyn,Sevillian Neroli Eau de Cologne,2013,https://www.fragrantica.com/perfume/Crabtree-Evelyn/Sevillian-Neroli-Eau-de-Cologne-19014.html
41546,Crabtree & Evelyn,Sienna,1991,https://www.fragrantica.com/perfume/Crabtree-Evelyn/Sienna-3955.html
41547,Crabtree & Evelyn,Somerset Meadow Crabtree & Evelyn Perfume Gel,,https://www.parfumo.com/Perfumes/Crabtree__Evelyn/Somerset_Meadow_Perfume_Gel
41548,Crabtree & Evelyn,Somerset Meadow (Eau de Toilette),2013,https://www.fragrantica.com/perfume/Crabtree-Evelyn/Somerset-Meadow-18313.html
41549,Crabtree & Evelyn,Song de Chine,,https://www.parfumo.com/Perfumes/Crabtree__Evelyn/Song_de_Chine
41550,Crabtree & Evelyn,Sonoma Valley Crabtree & Evelyn Body Mist,,https://www.parfumo.com/Perfumes/Crabtree__Evelyn/sonoma-valley-body-mist
41551,Crabtree & Evelyn,Sonoma Valley Crabtree & Evelyn Eau de Toilette,,https://www.parfumo.com/Perfumes/Crabtree__Evelyn/sonoma-valley-eau-de-toilette
41552,Crabtree & Evelyn,Southampton Rose,1976,https://www.parfumo.com/Perfumes/Crabtree__Evelyn/Southampton_Rose
41553,Crabtree & Evelyn,Spring Rain,1980,https://www.fragrantica.com/perfume/Crabtree-Evelyn/Spring-Rain-4209.html
41554,Crabtree & Evelyn,Summer Hill Crabtree & Evelyn 1999 Body Mist,1999,https://www.parfumo.com/Perfumes/Crabtree__Evelyn/summer-hill-body-mist
41555,Crabtree & Evelyn,Summer Hill (Eau de Toilette),1991,https://www.fragrantica.com/perfume/Crabtree-Evelyn/Summer-Hill-4208.html
41556,Crabtree & Evelyn,"Tarocco Orange, Eucalyptus & Sage",2013,https://www.parfumo.com/Perfumes/Crabtree__Evelyn/Tarocco_Orange_Eucalyptus__Sage
41557,Crabtree & Evelyn,Tom Kitten,2002,https://www.parfumo.com/Perfumes/Crabtree__Evelyn/Tom_Kitten
41558,Crabtree & Evelyn,Uncharted,2007,https://www.fragrantica.com/perfume/Crabtree-Evelyn/Uncharted-4206.html
41559,Crabtree & Evelyn,Vanilla Vanille,1994,https://www.parfumo.com/Perfumes/Crabtree__Evelyn/vanilla-vanille
41560,Crabtree & Evelyn,Venetian Violet Flower Water,2013,https://www.fragrantica.com/perfume/Crabtree-Evelyn/Venetian-Violet-Flower-Water-19009.html
41561,Crabtree & Evelyn,Veranda,1992,https://www.fragrantica.com/perfume/Crabtree-Evelyn/Veranda-135213.html
41562,Crabtree & Evelyn,Verbena and Lavender de Provence,2013,https://www.fragrantica.com/perfume/Crabtree-Evelyn/Verbena-and-Lavender-de-Provence-20635.html
41563,Crabtree & Evelyn,Violet,1988,https://www.fragrantica.com/perfume/Crabtree-Evelyn/Violet-135207.html
41564,Crabtree & Evelyn,Violet Violette,,https://www.parfumo.com/Perfumes/Crabtree__Evelyn/Violet_Violette
41565,Crabtree & Evelyn,West Indian Lime,2007,https://www.fragrantica.com/perfume/Crabtree-Evelyn/West-Indian-Lime-4207.html
41566,Crabtree & Evelyn,Wisteria Crabtree & Evelyn 2003 Eau de Parfum,2003,https://www.parfumo.com/Perfumes/Crabtree__Evelyn/wisteria-2003-eau-de-parfum
41567,Crabtree & Evelyn,Wisteria (Eau de Toilette),2003,https://www.fragrantica.com/perfume/Crabtree-Evelyn/Wisteria-3948.html
41568,Craftoud,Aguru,2009,https://www.parfumo.com/Perfumes/craftoud/aguru
41569,Craftoud,Aru Naga,,https://www.parfumo.com/Perfumes/craftoud/aru-naga
41570,Craftoud,Assam Classique,,https://www.parfumo.com/Perfumes/craftoud/assam-classique
41571,Craftoud,Attar Aryan (Perfume Oil),,https://www.parfumo.com/Perfumes/craftoud/attar-aryan
41572,Craftoud,Attar Ravi (Perfume Oil),2015,https://www.parfumo.com/Perfumes/craftoud/attar-ravi
41573,Craftoud,Kampot Red,2008,https://www.parfumo.com/Perfumes/craftoud/kampot-red
41574,Craftoud,Khmer Regal,2008,https://www.parfumo.com/Perfumes/craftoud/khmer-regal
41575,Craftoud,Koh-Kong 2015,1991,https://www.parfumo.com/Perfumes/craftoud/koh-kong-2015
41576,Craftoud,Kohi Trang,,https://www.parfumo.com/Perfumes/craftoud/kohi-trang
41577,Craftoud,Lankan Haze,2002,https://www.parfumo.com/Perfumes/craftoud/lankan-haze
41578,Craftoud,Laosi,2003,https://www.parfumo.com/Perfumes/craftoud/laosi
41579,Craftoud,Musk Jasmine,2015,https://www.parfumo.com/Perfumes/craftoud/musk-jasmine
41580,Cranford,Aerial Majesty,2022,https://www.fragrantica.com/perfume/Cranford/Aerial-Majesty-118667.html
41581,Cranford,Apex Wings,2022,https://www.fragrantica.com/perfume/Cranford/Apex-Wings-118664.html
41582,Cranford,Aura,2025,https://www.fragrantica.com/perfume/Cranford/Aura-120086.html
41583,Cranford,Aylanto Magnetic,2025,https://www.fragrantica.com/perfume/Cranford/Aylanto-Magnetic-111919.html
41584,Cranford,AYLANTO SANDALWOOD,2025,https://www.fragrantica.com/perfume/Cranford/AYLANTO-SANDALWOOD-111920.html
41585,Cranford,Birds of Paradise,2020,https://www.fragrantica.com/perfume/Cranford/Birds-of-Paradise-126648.html
41586,Cranford,Blue Pearl,2025,https://www.fragrantica.com/perfume/Cranford/Blue-Pearl-109824.html
41587,Cranford,Blush,2025,https://www.fragrantica.com/perfume/Cranford/Blush-120087.html
41588,Cranford,Blush Rose,2025,https://www.fragrantica.com/perfume/Cranford/Blush-Rose-120091.html
41589,Cranford,Borus,2025,https://www.fragrantica.com/perfume/Cranford/Borus-111918.html
41590,Cranford,Casablanca,2021,https://www.fragrantica.com/perfume/Cranford/Casablanca-118663.html
41591,Cranford,Casanova,2021,https://www.fragrantica.com/perfume/Cranford/Casanova-118662.html
41592,Cranford,Chemistry,2021,https://www.fragrantica.com/perfume/Cranford/Chemistry-118661.html
41593,Cranford,Cryptic,2025,https://www.fragrantica.com/perfume/Cranford/Cryptic-109829.html
41594,Cranford,Cyrus II,2025,https://www.fragrantica.com/perfume/Cranford/Cyrus-II-109826.html
41595,Cranford,Daytona,,https://www.fragrantica.com/perfume/Cranford/Daytona-89615.html
41596,Cranford,Dynamo,2026,https://www.fragrantica.com/perfume/Cranford/Dynamo-141418.html
41597,Cranford,Echo,2025,https://www.fragrantica.com/perfume/Cranford/Echo-120085.html
41598,Cranford,Element,,https://www.fragrantica.com/perfume/Cranford/Element-89663.html
41599,Cranford,Elk,2020,https://www.fragrantica.com/perfume/Cranford/Elk-126649.html
41600,Cranford,Eminent,2025,https://www.fragrantica.com/perfume/Cranford/Eminent-109825.html
41601,Cranford,Eros,,https://www.fragrantica.com/perfume/Cranford/Eros-89613.html
41602,Cranford,Exclusive Collection Carolina,2023,https://www.fragrantica.com/perfume/Cranford/Exclusive-Collection-Carolina-89612.html
41603,Cranford,Exclusive Collection Daliana,2023,https://www.fragrantica.com/perfume/Cranford/Exclusive-Collection-Daliana-89611.html
41604,Cranford,Exclusive Collection Elegance,2023,https://www.fragrantica.com/perfume/Cranford/Exclusive-Collection-Elegance-89609.html
41605,Cranford,Exclusive Collection Exploit,2023,https://www.fragrantica.com/perfume/Cranford/Exclusive-Collection-Exploit-89610.html
41606,Cranford,Exclusive Collection Symphony,2023,https://www.fragrantica.com/perfume/Cranford/Exclusive-Collection-Symphony-89608.html
41607,Cranford,Fairy Tale,,https://www.fragrantica.com/perfume/Cranford/Fairy-Tale-139000.html
41608,Cranford,Gustavus II,2025,https://www.fragrantica.com/perfume/Cranford/Gustavus-II-109827.html
41609,Cranford,Ignite,2025,https://www.fragrantica.com/perfume/Cranford/Ignite-109828.html
41610,Cranford,Jungle Noir,,https://www.fragrantica.com/perfume/Cranford/Jungle-Noir-139002.html
41611,Cranford,Karizma,2024,https://www.fragrantica.com/perfume/Cranford/Karizma-139369.html
41612,Cranford,Levante,2024,https://www.fragrantica.com/perfume/Cranford/Levante-139367.html
41613,Cranford,Levin,,https://www.fragrantica.com/perfume/Cranford/Levin-89616.html
41614,Cranford,Lily Whisper,2025,https://www.fragrantica.com/perfume/Cranford/Lily-Whisper-120090.html
41615,Cranford,Lorenzo,2024,https://www.fragrantica.com/perfume/Cranford/Lorenzo-139366.html
41616,Cranford,Lustura,2026,https://www.fragrantica.com/perfume/Cranford/Lustura-141417.html
41617,Cranford,Monogram for Her,,https://www.fragrantica.com/perfume/Cranford/Monogram-for-Her-89660.html
41618,Cranford,Monogram for Him,,https://www.fragrantica.com/perfume/Cranford/Monogram-for-Him-89661.html
41619,Cranford,Navy Sky,,https://www.fragrantica.com/perfume/Cranford/Navy-Sky-133142.html
41620,Cranford,Noble Essence,2020,https://www.fragrantica.com/perfume/Cranford/Noble-Essence-126645.html
41621,Cranford,Noble Flight,2022,https://www.fragrantica.com/perfume/Cranford/Noble-Flight-118665.html
41622,Cranford,Noir Éclat,,https://www.fragrantica.com/perfume/Cranford/Noir-Eclat-133140.html
41623,Cranford,Onyxa,2026,https://www.fragrantica.com/perfume/Cranford/Onyxa-141419.html
41624,Cranford,Opal Essence,2026,https://www.fragrantica.com/perfume/Cranford/Opal-Essence-128050.html
41625,Cranford,Opulence Paris,,https://www.fragrantica.com/perfume/Cranford/Opulence-Paris-89662.html
41626,Cranford,Oud Black,,https://www.fragrantica.com/perfume/Cranford/Oud-Black-89664.html
41627,Cranford,Oud Combody,,https://www.fragrantica.com/perfume/Cranford/Oud-Combody-89666.html
41628,Cranford,Oud Gold,,https://www.fragrantica.com/perfume/Cranford/Oud-Gold-89665.html
41629,Cranford,Pearl Mist,2025,https://www.fragrantica.com/perfume/Cranford/Pearl-Mist-120088.html
41630,Cranford,Pink Aura,,https://www.fragrantica.com/perfume/Cranford/Pink-Aura-133141.html
41631,Cranford,Riviera,,https://www.fragrantica.com/perfume/Cranford/Riviera-89614.html
41632,Cranford,Roi V White,2019,https://www.fragrantica.com/perfume/Cranford/Roi-V-White-89618.html
41633,Cranford,Roi V White Gold,2021,https://www.fragrantica.com/perfume/Cranford/Roi-V-White-Gold-89619.html
41634,Cranford,Roi VI Black,2020,https://www.fragrantica.com/perfume/Cranford/Roi-VI-Black-89617.html
41635,Cranford,Rosaria,2026,https://www.fragrantica.com/perfume/Cranford/Rosaria-141416.html
41636,Cranford,Royal Flight,2022,https://www.fragrantica.com/perfume/Cranford/Royal-Flight-118666.html
41637,Cranford,Ruby Bloom,,https://www.fragrantica.com/perfume/Cranford/Ruby-Bloom-133139.html
41638,Cranford,Silver Moon,2026,https://www.fragrantica.com/perfume/Cranford/Silver-Moon-128051.html
41639,Cranford,Spartan,2024,https://www.fragrantica.com/perfume/Cranford/Spartan-139368.html
41640,Cranford,The Exclusive Collection Explore,2020,https://www.fragrantica.com/perfume/Cranford/The-Exclusive-Collection-Explore-121621.html
41641,Cranford,Vanilla Kiss,2025,https://www.fragrantica.com/perfume/Cranford/Vanilla-Kiss-120089.html
41642,Cranford,Velvet Aura,2026,https://www.fragrantica.com/perfume/Cranford/Velvet-Aura-128052.html
41643,Cranford,Whispering Angel,2020,https://www.fragrantica.com/perfume/Cranford/Whispering-Angel-126647.html
41644,Cranford,Wild Breeze,2020,https://www.fragrantica.com/perfume/Cranford/Wild-Breeze-126646.html
41645,Cranford,Wild Leopard,,https://www.fragrantica.com/perfume/Cranford/Wild-Leopard-139001.html
41646,Cranford,Zebra for Her,,https://www.fragrantica.com/perfume/Cranford/Zebra-for-Her-89658.html
41647,Cranford,Zebra for Him,,https://www.fragrantica.com/perfume/Cranford/Zebra-for-Him-89659.html
41648,Cranford,Zest,2025,https://www.fragrantica.com/perfume/Cranford/Zest-120083.html
41649,Crazy Jasmine,No.1 Jasmine Sambac,2026,https://www.fragrantica.com/perfume/Crazy-Jasmine/No-1-Jasmine-Sambac-137281.html
41650,Crazy Jasmine,No.2 Jasmine Green,2026,https://www.fragrantica.com/perfume/Crazy-Jasmine/No-2-Jasmine-Green-137284.html
41651,Crazy Jasmine,No.3 Royal Jasmine,2026,https://www.fragrantica.com/perfume/Crazy-Jasmine/No-3-Royal-Jasmine-137286.html
41652,Crazy Jasmine,No.5 Jasmine Jasmine,2026,https://www.fragrantica.com/perfume/Crazy-Jasmine/No-5-Jasmine-Jasmine-137287.html
41653,Crazylibellule and the Poppies,L'Olfactive 122,2007,https://www.fragrantica.com/perfume/Crazylibellule-and-the-Poppies/L-Olfactive-122-4864.html
41654,Crazylibellule and the Poppies,L'Olfactive 127,2007,https://www.fragrantica.com/perfume/Crazylibellule-and-the-Poppies/L-Olfactive-127-4865.html
41655,Crazylibellule and the Poppies,L'Olfactive 129,2007,https://www.fragrantica.com/perfume/Crazylibellule-and-the-Poppies/L-Olfactive-129-4866.html
41656,Crazylibellule and the Poppies,Les Divines Alcoves Amoureuse In Love,,https://www.fragrantica.com/perfume/Crazylibellule-and-the-Poppies/Les-Divines-Alcoves-Amoureuse-In-Love-7590.html
41657,Crazylibellule and the Poppies,Les Divines Alcoves Aux Anges On Cloud Nine,,https://www.fragrantica.com/perfume/Crazylibellule-and-the-Poppies/Les-Divines-Alcoves-Aux-Anges-On-Cloud-Nine-7589.html
41658,Crazylibellule and the Poppies,Les Divines Alcoves Dans Tes Bras In Your Arms,,https://www.fragrantica.com/perfume/Crazylibellule-and-the-Poppies/Les-Divines-Alcoves-Dans-Tes-Bras-In-Your-Arms-7588.html
41659,Crazylibellule and the Poppies,Les Divines Alcoves Presque Nue In The Nude Almost,,https://www.fragrantica.com/perfume/Crazylibellule-and-the-Poppies/Les-Divines-Alcoves-Presque-Nue-In-The-Nude-Almost-7592.html
41660,Crazylibellule and the Poppies,Les Divines Alcoves Toi Mon Prince You My Lord,,https://www.fragrantica.com/perfume/Crazylibellule-and-the-Poppies/Les-Divines-Alcoves-Toi-Mon-Prince-You-My-Lord-7593.html
41661,Crazylibellule and the Poppies,Les Divines Alcoves Tout Oublier Letting Go,,https://www.fragrantica.com/perfume/Crazylibellule-and-the-Poppies/Les-Divines-Alcoves-Tout-Oublier-Letting-Go-7591.html
41662,Crazylibellule and the Poppies,Les Garçonnes - Chère Louise,2019,https://www.parfumo.com/Perfumes/Crazylibellule_and_the_Poppies/Les_Garconnes__Chere_Louise
41663,Crazylibellule and the Poppies,Les Garconnes Homage a Gabrielle,,https://www.fragrantica.com/perfume/Crazylibellule-and-the-Poppies/Les-Garconnes-Homage-a-Gabrielle-7594.html
41664,Crazylibellule and the Poppies,Les Garçonnes - Hommage à Gabrielle,2015,https://www.parfumo.com/Perfumes/Crazylibellule_and_the_Poppies/Les_Garconnes__Hommage_a_Gabrielle
41665,Crazylibellule and the Poppies,Les Garconnes Jeanne Voyage,,https://www.fragrantica.com/perfume/Crazylibellule-and-the-Poppies/Les-Garconnes-Jeanne-Voyage-7597.html
41666,Crazylibellule and the Poppies,Les Garconnes Josephine Jonquille,,https://www.fragrantica.com/perfume/Crazylibellule-and-the-Poppies/Les-Garconnes-Josephine-Jonquille-7596.html
41667,Crazylibellule and the Poppies,Les Garconnes Pompon Gardenia,,https://www.fragrantica.com/perfume/Crazylibellule-and-the-Poppies/Les-Garconnes-Pompon-Gardenia-7595.html
41668,Crazylibellule and the Poppies,Les Garconnes Rose A Saigon,,https://www.fragrantica.com/perfume/Crazylibellule-and-the-Poppies/Les-Garconnes-Rose-A-Saigon-7598.html
41669,Crazylibellule and the Poppies,Les Garconnes Tamara Charleston,,https://www.fragrantica.com/perfume/Crazylibellule-and-the-Poppies/Les-Garconnes-Tamara-Charleston-7599.html
41670,Crazylibellule and the Poppies,Poule de Luxe Vanilla Fruit Sorbet,,https://www.fragrantica.com/perfume/Crazylibellule-and-the-Poppies/Poule-de-Luxe-Vanilla-Fruit-Sorbet-7331.html
41671,Crazylibellule and the Poppies,Poule de Luxe Vanilla Ganache,,https://www.fragrantica.com/perfume/Crazylibellule-and-the-Poppies/Poule-de-Luxe-Vanilla-Ganache-7333.html
41672,Crazylibellule and the Poppies,Poule de Luxe Vanilla Lemon Pie,,https://www.fragrantica.com/perfume/Crazylibellule-and-the-Poppies/Poule-de-Luxe-Vanilla-Lemon-Pie-7329.html
41673,Crazylibellule and the Poppies,Poule de Luxe - Vanilla Moka,1946,https://www.parfumo.com/Perfumes/Crazylibellule_and_the_Poppies/Poule_de_Luxe_Vanilla_Moka
41674,Crazylibellule and the Poppies,Poule de Luxe Vanilla Orangette,,https://www.fragrantica.com/perfume/Crazylibellule-and-the-Poppies/Poule-de-Luxe-Vanilla-Orangette-7330.html
41675,Crazylibellule and the Poppies,Poule de Luxe Vanilla Pom d'Amour,,https://www.fragrantica.com/perfume/Crazylibellule-and-the-Poppies/Poule-de-Luxe-Vanilla-Pom-d-Amour-7332.html
41676,Crazylibellule and the Poppies,Poule de Luxe Vanilla Sucre Glace,,https://www.fragrantica.com/perfume/Crazylibellule-and-the-Poppies/Poule-de-Luxe-Vanilla-Sucre-Glace-7334.html
41677,Crazylibellule and the Poppies,ShanghaiJava Ananas Imperial,,https://www.fragrantica.com/perfume/Crazylibellule-and-the-Poppies/ShanghaiJava-Ananas-Imperial-7328.html
41678,Crazylibellule and the Poppies,ShanghaiJava Blue Orchidee,,https://www.fragrantica.com/perfume/Crazylibellule-and-the-Poppies/ShanghaiJava-Blue-Orchidee-7327.html
41679,Crazylibellule and the Poppies,ShanghaiJava Encens Mystique,,https://www.fragrantica.com/perfume/Crazylibellule-and-the-Poppies/ShanghaiJava-Encens-Mystique-7324.html
41680,Crazylibellule and the Poppies,ShanghaiJava Lilas Spiritual,,https://www.fragrantica.com/perfume/Crazylibellule-and-the-Poppies/ShanghaiJava-Lilas-Spiritual-7326.html
41681,Crazylibellule and the Poppies,ShanghaiJava Litchi Blossom,,https://www.fragrantica.com/perfume/Crazylibellule-and-the-Poppies/ShanghaiJava-Litchi-Blossom-7325.html
41682,Crazylibellule and the Poppies,ShanghaiJava Musc & Patchouli,,https://www.fragrantica.com/perfume/Crazylibellule-and-the-Poppies/ShanghaiJava-Musc-Patchouli-7323.html
41683,Crazypills,Ambermilk,2024,https://www.fragrantica.com/perfume/Crazypills/Ambermilk-95286.html
41684,Crazypills,Fioud,2024,https://www.fragrantica.com/perfume/Crazypills/Fioud-95287.html
41685,Crazypills,Incologne,2024,https://www.fragrantica.com/perfume/Crazypills/Incologne-95288.html
41686,Crazypills,Jizmo,2024,https://www.fragrantica.com/perfume/Crazypills/Jizmo-95285.html
41687,Crea Parfums,Pablita,,https://www.fragrantica.com/perfume/Crea-Parfums/Pablita-41449.html
41688,Cream Co.,Aura Bronze (Eau de Parfum),,https://www.trendyol.com/cream-co/aura-bronze-parfum-edp-50-ml-tuzlu-karamelli-vanilyali-kalici-kokulu-kadin-parfumu-sandal-agaci-p-1159320231
41689,Cream Co.,Aura (Eau de Parfum),,https://www.fragrantica.com/perfume/Cream-Co/Aura-137200.html
41690,Cream Co.,Aura Rouge (Eau de Parfum),,https://www.trendyol.com/cream-co/aura-rouge-parfum-edp-50-ml-meyvemsi-kalici-kokulu-kadin-parfumu-armut-menekse-gul-sedir-agaci-p-1159311396
41691,Creamy,Cosmic Love,2024,https://www.fragrantica.com/perfume/Creamy/Cosmic-Love-100094.html
41692,Creamy,Eletric Heart,2024,https://www.fragrantica.com/perfume/Creamy/Eletric-Heart-100095.html
41693,Create Scent,Addict,2025,https://www.fragrantica.com/perfume/Create-Scent/Addict-136549.html
41694,Create Scent,Aura,2025,https://www.fragrantica.com/perfume/Create-Scent/Aura-136546.html
41695,Create Scent,Bonita,2026,https://www.fragrantica.com/perfume/Create-Scent/Bonita-136916.html
41696,Create Scent,Euphoria,2025,https://www.fragrantica.com/perfume/Create-Scent/Euphoria-136547.html
41697,Create Scent,Focus,2025,https://www.fragrantica.com/perfume/Create-Scent/Focus-136550.html
41698,Create Scent,Glow,2025,https://www.fragrantica.com/perfume/Create-Scent/Glow-136548.html
41699,Create Scent,Lush,2025,https://www.fragrantica.com/perfume/Create-Scent/Lush-133122.html
41700,Create Scent,Mystery,2025,https://www.fragrantica.com/perfume/Create-Scent/Mystery-136543.html
41701,Create Scent,Oh My Vanilla,2025,https://www.fragrantica.com/perfume/Create-Scent/Oh-My-Vanilla-133125.html
41702,Create Scent,Ojas,2025,https://www.fragrantica.com/perfume/Create-Scent/Ojas-133123.html
41703,Create Scent,Pulse,2025,https://www.fragrantica.com/perfume/Create-Scent/Pulse-136544.html
41704,Create Scent,Senorita,2026,https://www.fragrantica.com/perfume/Create-Scent/Senorita-136917.html
41705,Create Scent,Spark,2025,https://www.fragrantica.com/perfume/Create-Scent/Spark-136551.html
41706,Create Scent,Titan Blue,2025,https://www.fragrantica.com/perfume/Create-Scent/Titan-Blue-133124.html
41707,Create Scent,Valentina,2026,https://www.fragrantica.com/perfume/Create-Scent/Valentina-136918.html
41708,Create Scent,Vibe,2025,https://www.fragrantica.com/perfume/Create-Scent/Vibe-136552.html
41709,Createur Mare,Eau du Levant,2018,https://www.fragrantica.com/perfume/Createur-Mare/Eau-du-Levant-50140.html
41710,Createurs Cosmetiques,Cafe del Mar no 1 Men,2008,https://www.fragrantica.com/perfume/Createurs-Cosmetiques/Cafe-del-Mar-no-1-Men-3673.html
41711,Createurs Cosmetiques,Cafe del Mar no 1 Women,2008,https://www.fragrantica.com/perfume/Createurs-Cosmetiques/Cafe-del-Mar-no-1-Women-3672.html
41712,Creation Lamis,Ablaze,,https://www.parfumo.com/Perfumes/Creation_Lamis/Ablaze
41713,Creation Lamis,Ablaze Men,,https://www.parfumo.com/Perfumes/Creation_Lamis/Ablaze_Men
41714,Creation Lamis,Abyss,,https://www.parfumo.com/Perfumes/Creation_Lamis/Abyss
41715,Creation Lamis,Accuse,,https://www.parfumo.com/Perfumes/Creation_Lamis/Accuse
41716,Creation Lamis,Aluminium,,https://www.parfumo.com/Perfumes/Creation_Lamis/Aluminium
41717,Creation Lamis,Amber Imperial,,https://www.fragrantica.com/perfume/Creation-Lamis/Amber-Imperial-121648.html
41718,Creation Lamis,Arrivederci Due,,https://www.parfumo.com/Perfumes/Creation_Lamis/Arrivederci_Due
41719,Creation Lamis,Arrivederci Nuovo Fresco,,https://www.parfumo.com/Perfumes/Creation_Lamis/Arrivederci_Nuovo_Fresco
41720,Creation Lamis,Artistic Men,,https://www.fragrantica.com/perfume/Creation-Lamis/Artistic-Men-121872.html
41721,Creation Lamis,Atomium H₂O,,https://www.parfumo.com/Perfumes/Creation_Lamis/Atomium_H20
41722,Creation Lamis,Atomium Limited Version,,https://www.parfumo.com/Perfumes/Creation_Lamis/Atomium
41723,Creation Lamis,Atomium Version 2000,2000,https://www.parfumo.com/Perfumes/Creation_Lamis/Atomium_Version_2000
41724,Creation Lamis,Azure Mist,,https://www.parfumo.com/Perfumes/Creation_Lamis/Azure_Mist
41725,Creation Lamis,B Fresh,,https://www.parfumo.com/Perfumes/Creation_Lamis/B_Fresh
41726,Creation Lamis,B Fresh Hot,,https://www.parfumo.com/Perfumes/Creation_Lamis/B_Fresh_Hot
41727,Creation Lamis,Catsuit for Women,1990,https://www.fragrantica.com/perfume/Creation-Lamis/Catsuit-for-Women-57039.html
41728,Creation Lamis,Colosseum,,https://www.fragrantica.com/perfume/Creation-Lamis/Colosseum-105962.html
41729,Creation Lamis,Cuir Ultime,,https://www.fragrantica.com/perfume/Creation-Lamis/Cuir-Ultime-121647.html
41730,Creation Lamis,Dark Fever,,https://www.fragrantica.com/perfume/Creation-Lamis/Dark-Fever-121831.html
41731,Creation Lamis,Empyral,,https://www.fragrantica.com/perfume/Creation-Lamis/Empyral-121874.html
41732,Creation Lamis,Everyone,2014,https://www.fragrantica.com/perfume/Creation-Lamis/Everyone-119200.html
41733,Creation Lamis,Illustrious,,https://www.fragrantica.com/perfume/Creation-Lamis/Illustrious-121873.html
41734,Creation Lamis,Jasmine Joy,,https://www.fragrantica.com/perfume/Creation-Lamis/Jasmine-Joy-121646.html
41735,Creation Lamis,Orchid Dream,,https://www.fragrantica.com/perfume/Creation-Lamis/Orchid-Dream-121604.html
41736,Creation Lamis,Oud Magique,,https://www.fragrantica.com/perfume/Creation-Lamis/Oud-Magique-121475.html
41737,Creation Lamis,Pure Black,2013,https://www.fragrantica.com/perfume/Creation-Lamis/Pure-Black-119199.html
41738,Creation Lamis,Rose Augusta,,https://www.fragrantica.com/perfume/Creation-Lamis/Rose-Augusta-121474.html
41739,Creation Lamis,Sandal Intense,,https://www.fragrantica.com/perfume/Creation-Lamis/Sandal-Intense-121473.html
41740,Creation Lamis,Tabac Aromatique,,https://www.fragrantica.com/perfume/Creation-Lamis/Tabac-Aromatique-121472.html
41741,Creation Lamis,Tonka Magique,,https://www.fragrantica.com/perfume/Creation-Lamis/Tonka-Magique-121471.html
41742,Creation Lamis,Vanille Divin,,https://www.fragrantica.com/perfume/Creation-Lamis/Vanille-Divin-121445.html
41743,Creative Universe Beth Terry,Element of Attraction,,https://www.fragrantica.com/perfume/Creative-Universe-Beth-Terry/Element-of-Attraction-6480.html
41744,Creative Universe Beth Terry,Element of Desire,2006,https://www.fragrantica.com/perfume/Creative-Universe-Beth-Terry/Element-of-Desire-6479.html
41745,Creative Universe Beth Terry,Element of Surprise,2004,https://www.fragrantica.com/perfume/Creative-Universe-Beth-Terry/Element-of-Surprise-6477.html
41746,Creative Universe Beth Terry,Mare,1997,https://www.fragrantica.com/perfume/Creative-Universe-Beth-Terry/Mare-6476.html
41747,Creative Universe Beth Terry,Te,1997,https://www.fragrantica.com/perfume/Creative-Universe-Beth-Terry/Te-6475.html
41748,Creative Universe Beth Terry,Vita,2002,https://www.fragrantica.com/perfume/Creative-Universe-Beth-Terry/Vita-6478.html
41749,Creed,2000 Fleurs,2001,https://www.fragrantica.com/perfume/Creed/2000-Fleurs-3806.html
41750,Creed,250 Ème Anniversaire 1760 - 2010,2010,https://huggingface.co/datasets/doevent/perfume
41751,Creed,250 Years Anniversary,2011,https://www.fragrantica.com/perfume/Creed/250-Years-Anniversary-30674.html
41752,Creed,Aberdeen Lavander,2014,https://www.parfumo.com/Perfumes/Creed/aberdeen-lavander
41753,Creed,Aberdeen Lavender,2014,https://www.fragrantica.com/perfume/Creed/Aberdeen-Lavender-24782.html
41754,Creed,Absolu Aventus,2025,https://www.fragrantica.com/perfume/Creed/Absolu-Aventus-106624.html
41755,Creed,Absolu Aventus 2023,2023,https://www.fragrantica.com/perfume/Creed/Absolu-Aventus-2023-84112.html
41756,Creed,Acier Aluminium,1973,https://www.fragrantica.com/perfume/Creed/Acier-Aluminium-7498.html
41757,Creed,Acqua Fiorentina,2009,https://www.fragrantica.com/perfume/Creed/Acqua-Fiorentina-6272.html
41758,Creed,Acqua Fiorentina The Encore,2012,https://www.fragrantica.com/perfume/Creed/Acqua-Fiorentina-The-Encore-67087.html
41759,Creed,Acqua Originale - Citrus Bigarade,2019,https://www.parfumo.com/Perfumes/Creed/acqua-originale-citrus-bigarade
41760,Creed,Acqua Originale - Green Neroli,2019,https://www.parfumo.com/Perfumes/Creed/acqua-originale-green-neroli
41761,Creed,Acqua Originale - Iris Tubereuse,2014,https://www.parfumo.com/Perfumes/Creed/Acqua_Originale__Iris_Tubereuse
41762,Creed,Acqua Originale - Zeste Mandarine,2019,https://www.parfumo.com/Perfumes/Creed/acqua-originale-zeste-mandarine
41763,Creed,Amalfi Flowers,2007,https://www.fragrantica.com/perfume/Creed/Amalfi-Flowers-4247.html
41764,Creed,Ambre Cannelle,1949,https://www.fragrantica.com/perfume/Creed/Ambre-Cannelle-7516.html
41765,Creed,Angelique Encens,1933,https://www.fragrantica.com/perfume/Creed/Angelique-Encens-8887.html
41766,Creed,Angélique Encens (2019),2019,https://www.fragrantica.com/perfume/Creed/Angelique-Encens-2019-58229.html
41767,Creed,Asian Green Tea,2014,https://www.fragrantica.com/perfume/Creed/Asian-Green-Tea-24780.html
41768,Creed,Aubepine Acacia,1965,https://www.fragrantica.com/perfume/Creed/Aubepine-Acacia-8888.html
41769,Creed,Aventus,2010,https://www.fragrantica.com/perfume/Creed/Aventus-9828.html
41770,Creed,Aventus 10th Anniversary,2020,https://www.fragrantica.com/perfume/Creed/Aventus-10th-Anniversary-62845.html
41771,Creed,Aventus Cologne (Eau de Cologne),2018,https://www.fragrantica.com/perfume/Creed/Aventus-Cologne-51692.html
41772,Creed,Aventus for Her,2016,https://www.fragrantica.com/perfume/Creed/Aventus-for-Her-38497.html
41773,Creed,Aventus Oil,2021,https://www.fragrantica.com/perfume/Creed/Aventus-Oil-71297.html
41774,Creed,Baie de Genievre,1982,https://www.fragrantica.com/perfume/Creed/Baie-de-Genievre-7499.html
41775,Creed,Bayrhum Vetiver,2000,https://www.fragrantica.com/perfume/Creed/Bayrhum-Vetiver-30691.html
41776,Creed,Bois de Cedrat,1875,https://www.fragrantica.com/perfume/Creed/Bois-de-Cedrat-7500.html
41777,Creed,Bois de Santal,2000,https://www.fragrantica.com/perfume/Creed/Bois-de-Santal-30676.html
41778,Creed,Bois du Portugal,1987,https://www.fragrantica.com/perfume/Creed/Bois-du-Portugal-3805.html
41779,Creed,Carmina,2023,https://www.fragrantica.com/perfume/Creed/Carmina-84206.html
41780,Creed,Cedre Blanc,2014,https://www.fragrantica.com/perfume/Creed/Cedre-Blanc-24781.html
41781,Creed,Centaurus,2024,https://www.fragrantica.com/perfume/Creed/Centaurus-95601.html
41782,Creed,Chevrefeuille,1982,https://www.fragrantica.com/perfume/Creed/Chevrefeuille-7517.html
41783,Creed,Chèvrefeuille Original,,https://huggingface.co/datasets/doevent/perfume
41784,Creed,Citrus Bigarade,2020,https://www.fragrantica.com/perfume/Creed/Citrus-Bigarade-63619.html
41785,Creed,Citrus Bigarrade,1901,https://www.fragrantica.com/perfume/Creed/Citrus-Bigarrade-7501.html
41786,Creed,Creed Pour Enfant,,https://huggingface.co/datasets/doevent/perfume
41787,Creed,Creed Pour Enfants,2015,https://www.fragrantica.com/perfume/Creed/Creed-Pour-Enfants-37549.html
41788,Creed,Creed pour Enfants for Kids,2015,https://www.parfumo.com/Perfumes/Creed/Creed_pour_Enfants_for_Kids
41789,Creed,Cuir de Russie,1953,https://www.fragrantica.com/perfume/Creed/Cuir-de-Russie-8889.html
41790,Creed,Cypres Musc,1948,https://www.fragrantica.com/perfume/Creed/Cypres-Musc-8890.html
41791,Creed,Delphinus,2024,https://www.fragrantica.com/perfume/Creed/Delphinus-95970.html
41792,Creed,Eladaria,2025,https://www.fragrantica.com/perfume/Creed/Eladaria-103066.html
41793,Creed,Epicea,1965,https://www.fragrantica.com/perfume/Creed/Epicea-7502.html
41794,Creed,Erolfa,1992,https://www.fragrantica.com/perfume/Creed/Erolfa-4248.html
41795,Creed,Fantasia de Fleurs,1862,https://www.fragrantica.com/perfume/Creed/Fantasia-de-Fleurs-4249.html
41796,Creed,Feuille Verte,2006,https://www.fragrantica.com/perfume/Creed/Feuille-Verte-4258.html
41797,Creed,Feuilles Vertes,2006,https://www.parfumo.com/Perfumes/Creed/Feuilles_Vertes
41798,Creed,Fleur de The Rose Bulgare,1890,https://www.fragrantica.com/perfume/Creed/Fleur-de-The-Rose-Bulgare-7518.html
41799,Creed,Fleurissimo,1956,https://www.fragrantica.com/perfume/Creed/Fleurissimo-4250.html
41800,Creed,Fleurs,2000,https://www.parfumo.com/Perfumes/Creed/2000_Fleurs
41801,Creed,Fleurs de Bulgarie,1845,https://www.fragrantica.com/perfume/Creed/Fleurs-de-Bulgarie-4251.html
41802,Creed,Fleurs de Gardenia,2012,https://www.fragrantica.com/perfume/Creed/Fleurs-de-Gardenia-17111.html
41803,Creed,Floralie,2018,https://www.fragrantica.com/perfume/Creed/Floralie-50211.html
41804,Creed,Fragaria,2025,https://www.fragrantica.com/perfume/Creed/Fragaria-100641.html
41805,Creed,Green Irish Tweed,1985,https://www.fragrantica.com/perfume/Creed/Green-Irish-Tweed-474.html
41806,Creed,Green Neroli,2020,https://www.fragrantica.com/perfume/Creed/Green-Neroli-63618.html
41807,Creed,Green Valley,1999,https://www.fragrantica.com/perfume/Creed/Green-Valley-4259.html
41808,Creed,Herbe Marine,,https://www.parfumo.com/Perfumes/Creed/Herbe_Marine
41809,Creed,Himalaya,2002,https://www.fragrantica.com/perfume/Creed/Himalaya-465.html
41810,Creed,Imperatrice Eugenie,1862,https://www.fragrantica.com/perfume/Creed/Imperatrice-Eugenie-4253.html
41811,Creed,Iris Debonair,2026,https://www.fragrantica.com/perfume/Creed/Iris-Debonair-140448.html
41812,Creed,Iris Tubéreuse,,https://huggingface.co/datasets/doevent/perfume
41813,Creed,Iris Tuberose,2014,https://www.fragrantica.com/perfume/Creed/Iris-Tuberose-24784.html
41814,Creed,Irisia,1968,https://www.fragrantica.com/perfume/Creed/Irisia-4252.html
41815,Creed,Jardin d’Amalfi,2011,https://www.fragrantica.com/perfume/Creed/Jardin-d-Amalfi-13389.html
41816,Creed,Jasmal,1959,https://www.fragrantica.com/perfume/Creed/Jasmal-4260.html
41817,Creed,Jasmin Imperatrice Eugenie,1989,https://www.fragrantica.com/perfume/Creed/Jasmin-Imperatrice-Eugenie-3867.html
41818,Creed,Les Floralies,2008,https://www.fragrantica.com/perfume/Creed/Les-Floralies-7522.html
41819,Creed,Les Royales Exclusives - Jardin d'Amalfi,2011,https://www.parfumo.com/Perfumes/Creed/Les_Royales_Exclusives_Jardin_d_Amalfi
41820,Creed,Les Royales Exclusives - Original Cologne (Eau de Cologne),2011,https://www.parfumo.com/Perfumes/Creed/Les_Royales_Exclusives_White_FlowersOriginal_Cologne
41821,Creed,Les Royales Exclusives - Pure White Cologne (Eau de Cologne),2012,https://www.parfumo.com/Perfumes/Creed/Pure_White_Cologne
41822,Creed,Les Royales Exclusives - Spice and Wood,2010,https://www.parfumo.com/Perfumes/Creed/Spice__Wood
41823,Creed,Les Royales Exclusives - Sublime Vanille,2009,https://www.parfumo.com/Perfumes/Creed/Sublime_Vanille
41824,Creed,Les Royales Exclusives - White Amber,2017,https://www.parfumo.com/Perfumes/Creed/Les_Royales_Exclusives__White_Amber
41825,Creed,Les Royales Exclusives - White Flowers,2011,https://www.parfumo.com/Perfumes/Creed/Les_Royales_Exclusives_White_Flowers
41826,Creed,Love in Black,2008,https://www.fragrantica.com/perfume/Creed/Love-in-Black-4261.html
41827,Creed,Love in Black 2024,2024,https://www.fragrantica.com/perfume/Creed/Love-in-Black-2024-101279.html
41828,Creed,Love in White,2005,https://www.fragrantica.com/perfume/Creed/Love-in-White-4262.html
41829,Creed,Love in White 2024,2024,https://www.fragrantica.com/perfume/Creed/Love-in-White-2024-99883.html
41830,Creed,Love in White for Summer,2018,https://www.fragrantica.com/perfume/Creed/Love-in-White-for-Summer-49805.html
41831,Creed,Millesime 1849,2013,https://www.fragrantica.com/perfume/Creed/Millesime-1849-18711.html
41832,Creed,Millesime 1849 Eau de Parfum,2023,https://www.fragrantica.com/perfume/Creed/Millesime-1849-Eau-de-Parfum-88140.html
41833,Creed,Millésime Impérial,1995,https://www.fragrantica.com/perfume/Creed/Millesime-Imperial-466.html
41834,Creed,Neroli Sauvage,1994,https://www.fragrantica.com/perfume/Creed/Neroli-Sauvage-475.html
41835,Creed,Orange Spice,1950,https://www.fragrantica.com/perfume/Creed/Orange-Spice-7507.html
41836,Creed,Original Cologne (Pure White Cologne) (Eau de Cologne),2011,https://www.fragrantica.com/perfume/Creed/Original-Cologne-Pure-White-Cologne-13391.html
41837,Creed,Original Santal,2005,https://www.fragrantica.com/perfume/Creed/Original-Santal-473.html
41838,Creed,Original Santal 2024,2024,https://www.fragrantica.com/perfume/Creed/Original-Santal-2024-100544.html
41839,Creed,Original Vetiver,2004,https://www.fragrantica.com/perfume/Creed/Original-Vetiver-468.html
41840,Creed,Original Vetiver 2024,2024,https://www.fragrantica.com/perfume/Creed/Original-Vetiver-2024-99804.html
41841,Creed,Oud Zarian,2025,https://www.fragrantica.com/perfume/Creed/Oud-Zarian-111224.html
41842,Creed,Queen of Silk,2024,https://www.fragrantica.com/perfume/Creed/Queen-of-Silk-89643.html
41843,Creed,Rose Imperiale,2016,https://www.fragrantica.com/perfume/Creed/Rose-Imperiale-40298.html
41844,Creed,Royal Ceylan,2006,https://www.fragrantica.com/perfume/Creed/Royal-Ceylan-3807.html
41845,Creed,Royal Delight,1993,https://www.fragrantica.com/perfume/Creed/Royal-Delight-4254.html
41846,Creed,Royal English Leather,1781,https://www.fragrantica.com/perfume/Creed/Royal-English-Leather-7508.html
41847,Creed,Royal Mayfair,2015,https://www.fragrantica.com/perfume/Creed/Royal-Mayfair-31562.html
41848,Creed,Royal Mayfair 2024,2024,https://www.fragrantica.com/perfume/Creed/Royal-Mayfair-2024-99603.html
41849,Creed,Royal Mayfair Windsor,2009,https://www.parfumo.com/Perfumes/Creed/Royal_Mayfair_Windsor
41850,Creed,Royal Oud,2011,https://www.fragrantica.com/perfume/Creed/Royal-Oud-12317.html
41851,Creed,Royal Princess Oud,2015,https://www.fragrantica.com/perfume/Creed/Royal-Princess-Oud-31563.html
41852,Creed,Royal Princess Oud 2024,2024,https://www.fragrantica.com/perfume/Creed/Royal-Princess-Oud-2024-100586.html
41853,Creed,Royal Scottish Lavender,1856,https://www.fragrantica.com/perfume/Creed/Royal-Scottish-Lavender-7509.html
41854,Creed,Royal Service,2011,https://www.fragrantica.com/perfume/Creed/Royal-Service-13613.html
41855,Creed,Royal Water,1997,https://www.fragrantica.com/perfume/Creed/Royal-Water-7510.html
41856,Creed,Santal Imperial,1850,https://www.fragrantica.com/perfume/Creed/Santal-Imperial-7513.html
41857,Creed,Scent of Oger,,https://www.parfumo.com/Perfumes/Creed/Scent_of_Oger
41858,Creed,Selection Verte,1901,https://www.fragrantica.com/perfume/Creed/Selection-Verte-7514.html
41859,Creed,Silver Mountain Water,1995,https://www.fragrantica.com/perfume/Creed/Silver-Mountain-Water-472.html
41860,Creed,Spice and Wood,2010,https://www.fragrantica.com/perfume/Creed/Spice-and-Wood-10101.html
41861,Creed,Spring Flower,1996,https://www.fragrantica.com/perfume/Creed/Spring-Flower-471.html
41862,Creed,Spring Flower 2023,2023,https://www.fragrantica.com/perfume/Creed/Spring-Flower-2023-80687.html
41863,Creed,Sublime Vanille,2009,https://www.fragrantica.com/perfume/Creed/Sublime-Vanille-7024.html
41864,Creed,Tabarome,2000,https://www.fragrantica.com/perfume/Creed/Tabarome-470.html
41865,Creed,Tabarome Millésime,2025,https://www.fragrantica.com/perfume/Creed/Tabarome-Millesime-118283.html
41866,Creed,Tabaróme Privé Vintage Tabaróme,1875,https://www.parfumo.com/Perfumes/Creed/Tabarme_Prive_Vintage_Tabarme
41867,Creed,Tubereuse Indiana,1980,https://www.fragrantica.com/perfume/Creed/Tubereuse-Indiana-4255.html
41868,Creed,Vanisia,1987,https://www.fragrantica.com/perfume/Creed/Vanisia-4256.html
41869,Creed,Verveine Narcisse,1970,https://www.fragrantica.com/perfume/Creed/Verveine-Narcisse-74971.html
41870,Creed,Vetiver,1948,https://www.fragrantica.com/perfume/Creed/Vetiver-7515.html
41871,Creed,Vetiver Geranium,2014,https://www.fragrantica.com/perfume/Creed/Vetiver-Geranium-24783.html
41872,Creed,Viking,2017,https://www.fragrantica.com/perfume/Creed/Viking-41698.html
41873,Creed,Viking Cologne (Eau de Cologne),2021,https://www.fragrantica.com/perfume/Creed/Viking-Cologne-67039.html
41874,Creed,Vintage Tabarome,1875,https://www.fragrantica.com/perfume/Creed/Vintage-Tabarome-8891.html
41875,Creed,Virgin Island Water,2025,https://www.fragrantica.com/perfume/Creed/Virgin-Island-Water-111515.html
41876,Creed,Virgin Island Water 2007,2007,https://www.fragrantica.com/perfume/Creed/Virgin-Island-Water-2007-899.html
41877,Creed,White Amber,2017,https://www.fragrantica.com/perfume/Creed/White-Amber-45599.html
41878,Creed,White Flowers,2011,https://www.fragrantica.com/perfume/Creed/White-Flowers-13390.html
41879,Creed,Wild Vetiver,2026,https://www.fragrantica.com/perfume/Creed/Wild-Vetiver-125485.html
41880,Creed,Wind Flowers,2021,https://www.fragrantica.com/perfume/Creed/Wind-Flowers-70182.html
41881,Creed,Windsor,2009,https://www.fragrantica.com/perfume/Creed/Windsor-7031.html
41882,Creed,Zeste Mandarine,1999,https://www.fragrantica.com/perfume/Creed/Zeste-Mandarine-7274.html
41883,Creed,Zeste Mandarine,2020,https://www.fragrantica.com/perfume/Creed/Zeste-Mandarine-63620.html
41884,Creed,Zeste Mandarine Pamplemousse,1975,https://www.fragrantica.com/perfume/Creed/Zeste-Mandarine-Pamplemousse-4257.html
41885,Crémerie,Cherry Éclair,2025,https://www.fragrantica.com/perfume/Cremerie/Cherry-Eclair-109815.html
41886,Crémerie,Coco Soufflé,2025,https://www.fragrantica.com/perfume/Cremerie/Coco-Souffle-109817.html
41887,Crémerie,Rose Macaron,2025,https://www.fragrantica.com/perfume/Cremerie/Rose-Macaron-109819.html
41888,Crémerie,Vanilla Bonbon,2025,https://www.fragrantica.com/perfume/Cremerie/Vanilla-Bonbon-109820.html
41889,Cremo,Bergamot & Musk,2017,https://www.fragrantica.com/perfume/Cremo/Bergamot-Musk-49041.html
41890,Cremo,Blue Cedar & Cypress,2017,https://www.fragrantica.com/perfume/Cremo/Blue-Cedar-Cypress-49039.html
41891,Cremo,Blue Cedar and Cypress Cremo Eau de Toilette,,https://www.parfumo.com/Perfumes/Cremo/Blue_Cedar_and_Cypress_Eau_de_Toilette
41892,Cremo,Blue Cedar & Cypress Cremo Solid Cologne,,https://www.parfumo.com/Perfumes/Cremo/Blue_Cedar__Cypress_Solid_Cologne
41893,Cremo,Bourbon & Oak,2017,https://www.fragrantica.com/perfume/Cremo/Bourbon-Oak-49037.html
41894,Cremo,Bourbon and Oak Cremo Eau de Toilette,,https://www.parfumo.com/Perfumes/Cremo/Bourbon_and_Oak_Eau_de_Toilette
41895,Cremo,Bourbon Vanilla,,https://www.fragrantica.com/perfume/Cremo/Bourbon-Vanilla-95947.html
41896,Cremo,Citrus and Mint Leaf,2020,https://www.fragrantica.com/perfume/Cremo/Citrus-and-Mint-Leaf-70462.html
41897,Cremo,Distiller's Blend,2020,https://www.fragrantica.com/perfume/Cremo/Distiller-s-Blend-70277.html
41898,Cremo,Iced Citron and Driftwood,2020,https://www.fragrantica.com/perfume/Cremo/Iced-Citron-and-Driftwood-110783.html
41899,Cremo,Leather & Oud,2017,https://www.fragrantica.com/perfume/Cremo/Leather-Oud-49042.html
41900,Cremo,No° 23 Hemp and Golden Amber,,https://www.parfumo.com/Perfumes/Cremo/no-23-hemp-and-golden-amber
41901,Cremo,No° 25 Saltwater and Cypress,,https://www.parfumo.com/Perfumes/Cremo/no-25-saltwater-and-cypress
41902,Cremo,No. 26 Spring Water and Fir,,https://www.parfumo.com/Perfumes/Cremo/no-26-spring-water-and-fir
41903,Cremo,No. 508 Heritage Red,,https://www.parfumo.com/Perfumes/Cremo/no-508-heritage-red
41904,Cremo,Palo Santo,2020,https://www.fragrantica.com/perfume/Cremo/Palo-Santo-70463.html
41905,Cremo,Reserve Collection - № 13: Distiller's Blend,,https://www.parfumo.com/Perfumes/Cremo/reserve-collection-13-distiller-s-blend
41906,Cremo,Reserve Collection - № 18: Palo Santo,,https://www.parfumo.com/Perfumes/Cremo/reserve-collection-18-palo-santo
41907,Cremo,Reserve Collection - № 21: Vintage Suede,2022,https://www.parfumo.com/Perfumes/Cremo/reserve-collection-21-vintage-suede
41908,Cremo,Sandalwood and Suede,2021,https://www.fragrantica.com/perfume/Cremo/Sandalwood-and-Suede-135779.html
41909,Cremo,Silver Water & Birch,2017,https://www.fragrantica.com/perfume/Cremo/Silver-Water-Birch-49038.html
41910,Cremo,Silver Water and Birch Cremo Eau de Toilette,,https://www.parfumo.com/Perfumes/Cremo/Silver_Water_and_Birch_Eau_de_Toilette
41911,Cremo,Silver Water & Birch Cremo Solid Cologne,,https://www.parfumo.com/Perfumes/Cremo/Silver_Water__Birch_Solid_Cologne
41912,Cremo,Spice & Black Vanilla,2017,https://www.fragrantica.com/perfume/Cremo/Spice-Black-Vanilla-49040.html
41913,Cremo,Vintage Suede,2022,https://www.fragrantica.com/perfume/Cremo/Vintage-Suede-72483.html
41914,Creso,Babel,2016,https://www.fragrantica.com/perfume/Creso/Babel-38060.html
41915,Creso,Logos,2016,https://www.fragrantica.com/perfume/Creso/Logos-38062.html
41916,Creso,Pantha Rei,2016,https://www.fragrantica.com/perfume/Creso/Pantha-Rei-38059.html
41917,Creso,Philos,,https://www.fragrantica.com/perfume/Creso/Philos-64755.html
41918,Creso,Quarto Vuoto,2016,https://www.fragrantica.com/perfume/Creso/Quarto-Vuoto-38061.html
41919,Creso,Sappho,2016,https://www.fragrantica.com/perfume/Creso/Sappho-38057.html
41920,Cricket Avenue,Almond,2024,https://www.fragrantica.com/perfume/Cricket-Avenue/Almond-127463.html
41921,Cricket Avenue,Amber Vanilla,2023,https://www.fragrantica.com/perfume/Cricket-Avenue/Amber-Vanilla-128103.html
41922,Cricket Avenue,Bianca Creme,2023,https://www.fragrantica.com/perfume/Cricket-Avenue/Bianca-Creme-128105.html
41923,Cricket Avenue,Blackberry Air,2024,https://www.fragrantica.com/perfume/Cricket-Avenue/Blackberry-Air-127465.html
41924,Cricket Avenue,Blissful Dust,2023,https://www.fragrantica.com/perfume/Cricket-Avenue/Blissful-Dust-128106.html
41925,Cricket Avenue,Blossom Crème,2023,https://www.fragrantica.com/perfume/Cricket-Avenue/Blossom-Creme-128109.html
41926,Cricket Avenue,Boujee,2023,https://www.fragrantica.com/perfume/Cricket-Avenue/Boujee-128110.html
41927,Cricket Avenue,Cake,2024,https://www.fragrantica.com/perfume/Cricket-Avenue/Cake-127466.html
41928,Cricket Avenue,Capri,2023,https://www.fragrantica.com/perfume/Cricket-Avenue/Capri-128111.html
41929,Cricket Avenue,Caramel and Macadamia 71,2023,https://www.fragrantica.com/perfume/Cricket-Avenue/Caramel-and-Macadamia-71-128112.html
41930,Cricket Avenue,Cashmere Waves,2024,https://www.fragrantica.com/perfume/Cricket-Avenue/Cashmere-Waves-127467.html
41931,Cricket Avenue,Caskwood,2024,https://www.fragrantica.com/perfume/Cricket-Avenue/Caskwood-127468.html
41932,Cricket Avenue,Citrus Sugar,2024,https://www.fragrantica.com/perfume/Cricket-Avenue/Citrus-Sugar-127469.html
41933,Cricket Avenue,Coconut and Banana,2024,https://www.fragrantica.com/perfume/Cricket-Avenue/Coconut-and-Banana-127470.html
41934,Cricket Avenue,Cookie,2024,https://www.fragrantica.com/perfume/Cricket-Avenue/Cookie-127472.html
41935,Cricket Avenue,Dark Roast,2024,https://www.fragrantica.com/perfume/Cricket-Avenue/Dark-Roast-127473.html
41936,Cricket Avenue,Dreamy Vanilla,2023,https://www.fragrantica.com/perfume/Cricket-Avenue/Dreamy-Vanilla-128113.html
41937,Cricket Avenue,Dusted,2024,https://www.fragrantica.com/perfume/Cricket-Avenue/Dusted-127474.html
41938,Cricket Avenue,Duval Street,2024,https://www.fragrantica.com/perfume/Cricket-Avenue/Duval-Street-127475.html
41939,Cricket Avenue,Escaped,2023,https://www.fragrantica.com/perfume/Cricket-Avenue/Escaped-128114.html
41940,Cricket Avenue,Fig Bloom,2023,https://www.fragrantica.com/perfume/Cricket-Avenue/Fig-Bloom-128115.html
41941,Cricket Avenue,Forge,2024,https://www.fragrantica.com/perfume/Cricket-Avenue/Forge-127476.html
41942,Cricket Avenue,Golden Hour,2023,https://www.fragrantica.com/perfume/Cricket-Avenue/Golden-Hour-128118.html
41943,Cricket Avenue,Golden Pear,2024,https://www.fragrantica.com/perfume/Cricket-Avenue/Golden-Pear-127477.html
41944,Cricket Avenue,Guide,2023,https://www.fragrantica.com/perfume/Cricket-Avenue/Guide-128119.html
41945,Cricket Avenue,Hibiscus,2023,https://www.fragrantica.com/perfume/Cricket-Avenue/Hibiscus-128120.html
41946,Cricket Avenue,Imagine,2023,https://www.fragrantica.com/perfume/Cricket-Avenue/Imagine-128121.html
41947,Cricket Avenue,Innocent,2023,https://www.fragrantica.com/perfume/Cricket-Avenue/Innocent-128122.html
41948,Cricket Avenue,Jasmine,2024,https://www.fragrantica.com/perfume/Cricket-Avenue/Jasmine-127478.html
41949,Cricket Avenue,Lychee Dragon Fruit Hibiscus 68,2024,https://www.fragrantica.com/perfume/Cricket-Avenue/Lychee-Dragon-Fruit-Hibiscus-68-129467.html
41950,Cricket Avenue,Mahogany and Teakwood,2023,https://www.fragrantica.com/perfume/Cricket-Avenue/Mahogany-and-Teakwood-129468.html
41951,Cricket Avenue,Marshmallow,2024,https://www.fragrantica.com/perfume/Cricket-Avenue/Marshmallow-127479.html
41952,Cricket Avenue,Matcha,2024,https://www.fragrantica.com/perfume/Cricket-Avenue/Matcha-127653.html
41953,Cricket Avenue,Midnight Cherry,2024,https://www.fragrantica.com/perfume/Cricket-Avenue/Midnight-Cherry-127655.html
41954,Cricket Avenue,Miss,2023,https://www.fragrantica.com/perfume/Cricket-Avenue/Miss-129469.html
41955,Cricket Avenue,Nilla Mallows,2024,https://www.fragrantica.com/perfume/Cricket-Avenue/Nilla-Mallows-127658.html
41956,Cricket Avenue,Norwald,2024,https://www.fragrantica.com/perfume/Cricket-Avenue/Norwald-127659.html
41957,Cricket Avenue,Oats and Honey,2024,https://www.fragrantica.com/perfume/Cricket-Avenue/Oats-and-Honey-127660.html
41958,Cricket Avenue,Old Fashioned,2024,https://www.fragrantica.com/perfume/Cricket-Avenue/Old-Fashioned-127662.html
41959,Cricket Avenue,Paper,2023,https://www.fragrantica.com/perfume/Cricket-Avenue/Paper-129470.html
41960,Cricket Avenue,Paradise,2023,https://www.fragrantica.com/perfume/Cricket-Avenue/Paradise-129471.html
41961,Cricket Avenue,Peachy,2024,https://www.fragrantica.com/perfume/Cricket-Avenue/Peachy-127663.html
41962,Cricket Avenue,Pink Rose,2022,https://www.fragrantica.com/perfume/Cricket-Avenue/Pink-Rose-129682.html
41963,Cricket Avenue,Plum Jasmine Orchid 40,2022,https://www.fragrantica.com/perfume/Cricket-Avenue/Plum-Jasmine-Orchid-40-129683.html
41964,Cricket Avenue,Puffed,2024,https://www.fragrantica.com/perfume/Cricket-Avenue/Puffed-127664.html
41965,Cricket Avenue,Pumpkin Crème,2024,https://www.fragrantica.com/perfume/Cricket-Avenue/Pumpkin-Creme-127665.html
41966,Cricket Avenue,Rainbow Mallows,2024,https://www.fragrantica.com/perfume/Cricket-Avenue/Rainbow-Mallows-127666.html
41967,Cricket Avenue,Rouge,2022,https://www.fragrantica.com/perfume/Cricket-Avenue/Rouge-129684.html
41968,Cricket Avenue,Salted Caramel and Pistachio 62,2024,https://www.fragrantica.com/perfume/Cricket-Avenue/Salted-Caramel-and-Pistachio-62-129685.html
41969,Cricket Avenue,Sideshow,2024,https://www.fragrantica.com/perfume/Cricket-Avenue/Sideshow-129687.html
41970,Cricket Avenue,Socialite,2023,https://www.fragrantica.com/perfume/Cricket-Avenue/Socialite-129688.html
41971,Cricket Avenue,Spun,2024,https://www.fragrantica.com/perfume/Cricket-Avenue/Spun-127667.html
41972,Cricket Avenue,Strawberry Sugar,2024,https://www.fragrantica.com/perfume/Cricket-Avenue/Strawberry-Sugar-127668.html
41973,Cricket Avenue,Sugar Sun,2024,https://www.fragrantica.com/perfume/Cricket-Avenue/Sugar-Sun-127669.html
41974,Cricket Avenue,Sugared,2023,https://www.fragrantica.com/perfume/Cricket-Avenue/Sugared-129689.html
41975,Cricket Avenue,Sunny Cotton,2024,https://www.fragrantica.com/perfume/Cricket-Avenue/Sunny-Cotton-127670.html
41976,Cricket Avenue,Sweet Whirl,2024,https://www.fragrantica.com/perfume/Cricket-Avenue/Sweet-Whirl-129691.html
41977,Cricket Avenue,Tobacco Wood,2024,https://www.fragrantica.com/perfume/Cricket-Avenue/Tobacco-Wood-129693.html
41978,Cricket Avenue,Tranquil Retreat,2024,https://www.fragrantica.com/perfume/Cricket-Avenue/Tranquil-Retreat-127671.html
41979,Cricket Avenue,Tropical Volcano,2024,https://www.fragrantica.com/perfume/Cricket-Avenue/Tropical-Volcano-129696.html
41980,Cricket Avenue,Truffle,2024,https://www.fragrantica.com/perfume/Cricket-Avenue/Truffle-127672.html
41981,Cricket Avenue,Tyed,2024,https://www.fragrantica.com/perfume/Cricket-Avenue/Tyed-127673.html
41982,Cricket Avenue,Vanille Patisserie,2024,https://www.fragrantica.com/perfume/Cricket-Avenue/Vanille-Patisserie-129804.html
41983,Cricket Avenue,Violet Amber Orchid 59,2024,https://www.fragrantica.com/perfume/Cricket-Avenue/Violet-Amber-Orchid-59-129805.html
41984,Cricket Avenue,Waffle Cone,2024,https://www.fragrantica.com/perfume/Cricket-Avenue/Waffle-Cone-127674.html
41985,Cricket Avenue,Warm Vanilla,2024,https://www.fragrantica.com/perfume/Cricket-Avenue/Warm-Vanilla-129806.html
41986,Cricket Avenue,Watermelon Sugar,2024,https://www.fragrantica.com/perfume/Cricket-Avenue/Watermelon-Sugar-127675.html
41987,Cricket Avenue,Well Kept,2023,https://www.fragrantica.com/perfume/Cricket-Avenue/Well-Kept-129807.html
41988,Cricket Avenue,White Petal,2024,https://www.fragrantica.com/perfume/Cricket-Avenue/White-Petal-127676.html
41989,Cricket Avenue,Winter Ember,2024,https://www.fragrantica.com/perfume/Cricket-Avenue/Winter-Ember-129808.html
41990,Cricket Avenue,Wood Spice,2024,https://www.fragrantica.com/perfume/Cricket-Avenue/Wood-Spice-129809.html
41991,Crimean rose – Крымская роза,Розы Крыма,1968,https://www.fragrantica.com/perfume/Crimean-rose-Krymskaa-roza/Rozy-Kryma-88190.html
41992,Crimean rose – Крымская роза,Крымские Ночи,1969,https://www.fragrantica.com/perfume/Crimean-rose-Krymskaa-roza/Krymskie-Noci-88189.html
41993,Crimean rose – Крымская роза,Форос,1970,https://www.fragrantica.com/perfume/Crimean-rose-Krymskaa-roza/Foros-92053.html
41994,Crimean rose – Крымская роза,Кумпарсита,1980,https://www.fragrantica.com/perfume/Crimean-rose-Krymskaa-roza/Kumparsita-89687.html
41995,Crimean rose – Крымская роза,Чуфут-Кале,,https://www.fragrantica.com/perfume/Crimean-rose-Krymskaa-roza/Cufut-Kale-95851.html
41996,Crimean rose – Крымская роза,Артек (Artek),1970,https://www.fragrantica.com/perfume/Crimean-rose-Krymskaa-roza/Artek-Artek-68207.html
41997,Crimean rose – Крымская роза,Голубая долина (Blue valley),1980,https://www.fragrantica.com/perfume/Crimean-rose-Krymskaa-roza/Golubaa-dolina-Blue-valley-76029.html
41998,Crimean rose – Крымская роза,Крымские духи - Crimean Perfume (Parfum),,https://www.fragrantica.com/perfume/Crimean-rose-Krymskaa-roza/Krymskie-duhi-Crimean-Perfume-83722.html
41999,Crimean rose – Крымская роза,"Здравствуй, лето (Hello, Summer)",1970,https://www.fragrantica.com/perfume/Crimean-rose-Krymskaa-roza/Zdravstvuj-leto-Hello-Summer-67674.html
42000,Crimean rose – Крымская роза,Мелодии моря (Melodies of the Sea),1980,https://www.fragrantica.com/perfume/Crimean-rose-Krymskaa-roza/Melodii-mora-Melodies-of-the-Sea-62506.html42001,Crimean rose – Крымская роза,Долина Роз (Rose Valley),1956,https://www.fragrantica.com/perfume/Crimean-rose-Krymskaa-roza/Dolina-Roz-Rose-Valley-83308.html
42002,Criminal Elements,Anther,2019,https://www.fragrantica.com/perfume/Criminal-Elements/Anther-61040.html
42003,Criminal Elements,Blackwater Thistle,2016,https://www.fragrantica.com/perfume/Criminal-Elements/Blackwater-Thistle-61041.html
42004,Criminal Elements,Fall,2019,https://www.fragrantica.com/perfume/Criminal-Elements/Fall-60739.html
42005,Criminal Elements,Glimmer,2015,https://www.fragrantica.com/perfume/Criminal-Elements/Glimmer-61042.html
42006,Criminal Elements,Gretel,,https://www.fragrantica.com/perfume/Criminal-Elements/Gretel-108934.html
42007,Criminal Elements,Hansel,2024,https://www.fragrantica.com/perfume/Criminal-Elements/Hansel-108930.html
42008,Criminal Elements,Hearth,2015,https://www.fragrantica.com/perfume/Criminal-Elements/Hearth-61043.html
42009,Criminal Elements,Hollow,2015,https://www.fragrantica.com/perfume/Criminal-Elements/Hollow-61045.html
42010,Criminal Elements,Masquerade,2024,https://www.fragrantica.com/perfume/Criminal-Elements/Masquerade-108929.html
42011,Criminal Elements,Muse,2019,https://www.fragrantica.com/perfume/Criminal-Elements/Muse-61047.html
42012,Criminal Elements,Neon,2020,https://www.fragrantica.com/perfume/Criminal-Elements/Neon-68374.html
42013,Criminal Elements,Pyrus,2015,https://www.fragrantica.com/perfume/Criminal-Elements/Pyrus-61048.html
42014,Criminal Elements,Queer,2016,https://www.fragrantica.com/perfume/Criminal-Elements/Queer-61049.html
42015,Criminal Elements,Ruben,2019,https://www.fragrantica.com/perfume/Criminal-Elements/Ruben-60870.html
42016,Criminal Elements,Sanguinem Harena,2021,https://www.fragrantica.com/perfume/Criminal-Elements/Sanguinem-Harena-61057.html
42017,Criminal Elements,Sepal,2015,https://www.fragrantica.com/perfume/Criminal-Elements/Sepal-61060.html
42018,Criminal Elements,Sylphide,2019,https://www.fragrantica.com/perfume/Criminal-Elements/Sylphide-60869.html
42019,Criminal Elements,Tobacco Jam,2016,https://www.fragrantica.com/perfume/Criminal-Elements/Tobacco-Jam-61061.html
42020,Criminal Elements,Verge,2022,https://www.fragrantica.com/perfume/Criminal-Elements/Verge-108932.html
42021,Criminal Elements,Vigour,2019,https://www.fragrantica.com/perfume/Criminal-Elements/Vigour-60871.html
42022,Criminal Elements,Wicked Mistress,2023,https://www.fragrantica.com/perfume/Criminal-Elements/Wicked-Mistress-108928.html
42023,Crisalide,#01,2020,https://www.fragrantica.com/perfume/Crisalide/01-88333.html
42024,Crisalide,12/01,2020,https://www.fragrantica.com/perfume/Crisalide/12-01-88331.html
42025,Crisalide,14/07,2020,https://www.fragrantica.com/perfume/Crisalide/14-07-88330.html
42026,Crisalide,25/02,2020,https://www.fragrantica.com/perfume/Crisalide/25-02-88329.html
42027,Crisalide,666,2020,https://www.fragrantica.com/perfume/Crisalide/666-88332.html
42028,Crisalide,Cliv,2020,https://www.fragrantica.com/perfume/Crisalide/Cliv-88328.html
42029,Cristian Brinck,1804 La Louisiane,2020,https://www.fragrantica.com/perfume/Cristian-Brinck/1804-La-Louisiane-63710.html
42030,Cristian Brinck,Acqua Di Scaramelli,2020,https://www.fragrantica.com/perfume/Cristian-Brinck/Acqua-Di-Scaramelli-61071.html
42031,Cristian Brinck,Aqua Antartic,2020,https://www.fragrantica.com/perfume/Cristian-Brinck/Aqua-Antartic-61067.html
42032,Cristian Brinck,Berthe’s Mirror,2021,https://www.fragrantica.com/perfume/Cristian-Brinck/Berthe-s-Mirror-66551.html
42033,Cristian Brinck,Claude’s Garden,2021,https://www.fragrantica.com/perfume/Cristian-Brinck/Claude-s-Garden-66552.html
42034,Cristian Brinck,Corazón De Luna,2021,https://www.fragrantica.com/perfume/Cristian-Brinck/Corazon-De-Luna-66044.html
42035,Cristian Brinck,E’o ariki,2020,https://www.fragrantica.com/perfume/Cristian-Brinck/E-o-ariki-63684.html
42036,Cristian Brinck,Evelin’s Hell,2021,https://www.fragrantica.com/perfume/Cristian-Brinck/Evelin-s-Hell-66553.html
42037,Cristian Brinck,Gaman 我慢,2019,https://www.fragrantica.com/perfume/Cristian-Brinck/Gaman-wo-man-60996.html
42038,Cristian Brinck,Grotte Cosquer,2019,https://www.fragrantica.com/perfume/Cristian-Brinck/Grotte-Cosquer-60979.html
42039,Cristian Brinck,Gustav’s Flowers,2021,https://www.fragrantica.com/perfume/Cristian-Brinck/Gustav-s-Flowers-66554.html
42040,Cristian Brinck,Jardin Du Prince,2018,https://www.fragrantica.com/perfume/Cristian-Brinck/Jardin-Du-Prince-60975.html
42041,Cristian Brinck,Kimura Shigenari 木村重成,2019,https://www.fragrantica.com/perfume/Cristian-Brinck/Kimura-Shigenari-mu-cun-zhong-cheng-60982.html
42042,Cristian Brinck,Mary’s Lilacs,2021,https://www.fragrantica.com/perfume/Cristian-Brinck/Mary-s-Lilacs-66570.html
42043,Cristian Brinck,Pablo’s Pipe,2021,https://www.fragrantica.com/perfume/Cristian-Brinck/Pablo-s-Pipe-66571.html
42044,Cristian Brinck,Paul’s Nature,2021,https://www.fragrantica.com/perfume/Cristian-Brinck/Paul-s-Nature-66573.html
42045,Cristian Brinck,Peace Medal,2020,https://www.fragrantica.com/perfume/Cristian-Brinck/Peace-Medal-61069.html
42046,Cristian Brinck,Pucon Candy,2020,https://www.fragrantica.com/perfume/Cristian-Brinck/Pucon-Candy-63012.html
42047,Cristian Brinck,Rachel’s Flowers,2021,https://www.fragrantica.com/perfume/Cristian-Brinck/Rachel-s-Flowers-66572.html
42048,Cristian Brinck,Reggio di Calabria,2018,https://www.fragrantica.com/perfume/Cristian-Brinck/Reggio-di-Calabria-60971.html
42049,Cristian Brinck,Suiko 水虎,2019,https://www.fragrantica.com/perfume/Cristian-Brinck/Suiko-shui-hu-60984.html
42050,Cristian Brinck,Time Hunter,2020,https://www.fragrantica.com/perfume/Cristian-Brinck/Time-Hunter-61432.html
42051,Cristian Brinck,Vincent’s Irises,2021,https://www.fragrantica.com/perfume/Cristian-Brinck/Vincent-s-Irises-66550.html
42052,Cristian Brinck,Yūgen 幽玄,2019,https://www.fragrantica.com/perfume/Cristian-Brinck/Yugen-you-xuan-60997.html
42053,Cristian Cavagna,Bianca Forte,2024,https://www.fragrantica.com/perfume/Cristian-Cavagna/Bianca-Forte-90743.html
42054,Cristian Cavagna,Boa Madre,2021,https://www.fragrantica.com/perfume/Cristian-Cavagna/Boa-Madre-69817.html
42055,Cristian Cavagna,Murice Imperiale,2022,https://www.fragrantica.com/perfume/Cristian-Cavagna/Murice-Imperiale-74759.html
42056,Cristian Cavagna,Musa Paradisiaca,2021,https://www.fragrantica.com/perfume/Cristian-Cavagna/Musa-Paradisiaca-65596.html
42057,Cristian Cavagna,Regina Vergine,2025,https://www.fragrantica.com/perfume/Cristian-Cavagna/Regina-Vergine-103103.html
42058,Cristian Cavagna,Vittoria Alata,2023,https://www.fragrantica.com/perfume/Cristian-Cavagna/Vittoria-Alata-82553.html
42059,Cristian Lay,Poems,2020,https://www.fragrantica.com/perfume/Cristian-Lay/Poems-129814.html
42060,Cristiana Bellodi,A,,https://www.fragrantica.com/perfume/Cristiana-Bellodi/A-134976.html
42061,Cristiana Bellodi,B,2016,https://www.fragrantica.com/perfume/Cristiana-Bellodi/B-37990.html
42062,Cristiana Bellodi,C,2016,https://www.fragrantica.com/perfume/Cristiana-Bellodi/C-37987.html
42063,Cristiana Bellodi,D,,https://www.fragrantica.com/perfume/Cristiana-Bellodi/D-134979.html
42064,Cristiana Bellodi,E,2016,https://www.fragrantica.com/perfume/Cristiana-Bellodi/E-37991.html
42065,Cristiana Bellodi,I,2016,https://www.fragrantica.com/perfume/Cristiana-Bellodi/I-37989.html
42066,Cristiana Bellodi,L,2016,https://www.fragrantica.com/perfume/Cristiana-Bellodi/L-37992.html
42067,Cristiana Bellodi,N,,https://www.fragrantica.com/perfume/Cristiana-Bellodi/N-134975.html
42068,Cristiana Bellodi,O,2018,https://www.fragrantica.com/perfume/Cristiana-Bellodi/O-134978.html
42069,Cristiana Bellodi,R,2016,https://www.fragrantica.com/perfume/Cristiana-Bellodi/R-37988.html
42070,Cristiana Bellodi,S,,https://www.fragrantica.com/perfume/Cristiana-Bellodi/S-134973.html
42071,Cristiana Bellodi,T,,https://www.fragrantica.com/perfume/Cristiana-Bellodi/T-134974.html
42072,Cristiano Fissore,Cashmere for Men,2007,https://www.fragrantica.com/perfume/Cristiano-Fissore/Cashmere-for-Men-6813.html
42073,Cristiano Fissore,Cashmere for Women,2007,https://www.fragrantica.com/perfume/Cristiano-Fissore/Cashmere-for-Women-6814.html
42074,Cristiano Fissore,Rapsodia in Blu,2007,https://www.fragrantica.com/perfume/Cristiano-Fissore/Rapsodia-in-Blu-6815.html
42075,Cristiano Ronaldo,CR7 Cristiano Ronaldo 2017 Body Spray,2017,https://www.parfumo.com/Perfumes/Cristiano_Ronaldo/cr7-body-spray
42076,Cristiano Ronaldo,CR7 Discover,2024,https://www.fragrantica.com/perfume/Cristiano-Ronaldo/CR7-Discover-93643.html
42077,Cristiano Ronaldo,CR7 (Eau de Toilette),2017,https://www.fragrantica.com/perfume/Cristiano-Ronaldo/CR7-46587.html
42078,Cristiano Ronaldo,CR7 Energy,2025,https://www.fragrantica.com/perfume/Cristiano-Ronaldo/CR7-Energy-118023.html
42079,Cristiano Ronaldo,CR7 Fearless,2023,https://www.fragrantica.com/perfume/Cristiano-Ronaldo/CR7-Fearless-83736.html
42080,Cristiano Ronaldo,CR7 Game On Cristiano Ronaldo 2020 Body Spray,2020,https://www.parfumo.com/Perfumes/Cristiano_Ronaldo/cr7-game-on-body-spray
42081,Cristiano Ronaldo,CR7 Game On (Eau de Toilette),2020,https://www.fragrantica.com/perfume/Cristiano-Ronaldo/CR7-Game-On-62480.html
42082,Cristiano Ronaldo,CR7 Origins,2022,https://www.fragrantica.com/perfume/Cristiano-Ronaldo/CR7-Origins-72142.html
42083,Cristiano Ronaldo,CR7 Play It Cool Cristiano Ronaldo 2019 Body Spray,2019,https://www.parfumo.com/Perfumes/Cristiano_Ronaldo/cr7-play-it-cool-body-spray
42084,Cristiano Ronaldo,CR7 Play It Cool (Eau de Toilette),2019,https://www.fragrantica.com/perfume/Cristiano-Ronaldo/CR7-Play-It-Cool-60173.html
42085,Cristiano Ronaldo,Discover,2024,https://www.parfumo.com/Perfumes/Cristiano_Ronaldo/discover
42086,Cristiano Ronaldo,Fearless,2023,https://www.parfumo.com/Perfumes/Cristiano_Ronaldo/fearless
42087,Cristiano Ronaldo,Legacy Cristiano Ronaldo 2015 After Shave,2015,https://www.parfumo.com/Perfumes/Cristiano_Ronaldo/Legacy_After_Shave
42088,Cristiano Ronaldo,Legacy Eau de Parfum,2025,https://www.fragrantica.com/perfume/Cristiano-Ronaldo/Legacy-Eau-de-Parfum-104187.html
42089,Cristiano Ronaldo,Legacy (Eau de Toilette),2015,https://www.fragrantica.com/perfume/Cristiano-Ronaldo/Legacy-32058.html
42090,Cristiano Ronaldo,Legacy Private Edition,2016,https://www.fragrantica.com/perfume/Cristiano-Ronaldo/Legacy-Private-Edition-40925.html
42091,Cristiano Ronaldo,Origins,2022,https://www.parfumo.com/Perfumes/Cristiano_Ronaldo/origins
42092,Cristina Ferreira,Meu,2014,https://www.fragrantica.com/perfume/Cristina-Ferreira/Meu-31426.html
42093,Cristóbal,Gay Juice,2023,https://www.fragrantica.com/perfume/Cristobal/Gay-Juice-83151.html
42094,Croatian Perfume House,Just Wow Adventure,2017,https://www.fragrantica.com/perfume/Croatian-Perfume-House/Just-Wow-Adventure-48203.html
42095,Croatian Perfume House,Just Wow Aqua Fresh,2017,https://www.fragrantica.com/perfume/Croatian-Perfume-House/Just-Wow-Aqua-Fresh-48176.html
42096,Croatian Perfume House,Just Wow Beauty,2017,https://www.fragrantica.com/perfume/Croatian-Perfume-House/Just-Wow-Beauty-48202.html
42097,Croatian Perfume House,Just Wow Beauty In A Bottle,2017,https://www.fragrantica.com/perfume/Croatian-Perfume-House/Just-Wow-Beauty-In-A-Bottle-48201.html
42098,Croatian Perfume House,Just Wow Between Sheets,2017,https://www.fragrantica.com/perfume/Croatian-Perfume-House/Just-Wow-Between-Sheets-48200.html
42099,Croatian Perfume House,Just Wow Black,2017,https://www.fragrantica.com/perfume/Croatian-Perfume-House/Just-Wow-Black-48175.html
42100,Croatian Perfume House,Just Wow Body Flower,2017,https://www.fragrantica.com/perfume/Croatian-Perfume-House/Just-Wow-Body-Flower-48199.html
42101,Croatian Perfume House,Just Wow Born To Rule,2017,https://www.fragrantica.com/perfume/Croatian-Perfume-House/Just-Wow-Born-To-Rule-48174.html
42102,Croatian Perfume House,Just Wow Cool Girl,2017,https://www.fragrantica.com/perfume/Croatian-Perfume-House/Just-Wow-Cool-Girl-48198.html
42103,Croatian Perfume House,Just Wow Feelings,2017,https://www.fragrantica.com/perfume/Croatian-Perfume-House/Just-Wow-Feelings-48197.html
42104,Croatian Perfume House,Just Wow Flame,2017,https://www.fragrantica.com/perfume/Croatian-Perfume-House/Just-Wow-Flame-48196.html
42105,Croatian Perfume House,Just Wow Flower B,2017,https://www.fragrantica.com/perfume/Croatian-Perfume-House/Just-Wow-Flower-B-48195.html
42106,Croatian Perfume House,Just Wow Fresh Day,2017,https://www.fragrantica.com/perfume/Croatian-Perfume-House/Just-Wow-Fresh-Day-48173.html
42107,Croatian Perfume House,Just Wow Gentlemen,2017,https://www.fragrantica.com/perfume/Croatian-Perfume-House/Just-Wow-Gentlemen-48172.html
42108,Croatian Perfume House,Just Wow Girl On A Mission,2017,https://www.fragrantica.com/perfume/Croatian-Perfume-House/Just-Wow-Girl-On-A-Mission-48194.html
42109,Croatian Perfume House,Just Wow Heat,2017,https://www.fragrantica.com/perfume/Croatian-Perfume-House/Just-Wow-Heat-48193.html
42110,Croatian Perfume House,Just Wow Hunter,2017,https://www.fragrantica.com/perfume/Croatian-Perfume-House/Just-Wow-Hunter-48171.html
42111,Croatian Perfume House,Just Wow La Femme,2017,https://www.fragrantica.com/perfume/Croatian-Perfume-House/Just-Wow-La-Femme-48192.html
42112,Croatian Perfume House,Just Wow Lady Chic,2017,https://www.fragrantica.com/perfume/Croatian-Perfume-House/Just-Wow-Lady-Chic-48191.html
42113,Croatian Perfume House,Just Wow Let's Party,2017,https://www.fragrantica.com/perfume/Croatian-Perfume-House/Just-Wow-Let-s-Party-48190.html
42114,Croatian Perfume House,Just Wow Men Eater,2017,https://www.fragrantica.com/perfume/Croatian-Perfume-House/Just-Wow-Men-Eater-48189.html
42115,Croatian Perfume House,Just Wow Mr. Suit,2017,https://www.fragrantica.com/perfume/Croatian-Perfume-House/Just-Wow-Mr-Suit-48170.html
42116,Croatian Perfume House,Just Wow My Time,2017,https://www.fragrantica.com/perfume/Croatian-Perfume-House/Just-Wow-My-Time-48188.html
42117,Croatian Perfume House,Just Wow My Wow Men,2017,https://www.fragrantica.com/perfume/Croatian-Perfume-House/Just-Wow-My-Wow-Men-48169.html
42118,Croatian Perfume House,Just Wow No.1,2017,https://www.fragrantica.com/perfume/Croatian-Perfume-House/Just-Wow-No-1-48168.html
42119,Croatian Perfume House,Just Wow Only Me,2017,https://www.fragrantica.com/perfume/Croatian-Perfume-House/Just-Wow-Only-Me-48167.html
42120,Croatian Perfume House,Just Wow Oriental Flower,2017,https://www.fragrantica.com/perfume/Croatian-Perfume-House/Just-Wow-Oriental-Flower-48187.html
42121,Croatian Perfume House,Just Wow Pearls,2017,https://www.fragrantica.com/perfume/Croatian-Perfume-House/Just-Wow-Pearls-48186.html
42122,Croatian Perfume House,Just Wow Petite Fleur,2017,https://www.fragrantica.com/perfume/Croatian-Perfume-House/Just-Wow-Petite-Fleur-48185.html
42123,Croatian Perfume House,Just Wow Prince Charming,2017,https://www.fragrantica.com/perfume/Croatian-Perfume-House/Just-Wow-Prince-Charming-48166.html
42124,Croatian Perfume House,Just Wow Princess,2017,https://www.fragrantica.com/perfume/Croatian-Perfume-House/Just-Wow-Princess-48184.html
42125,Croatian Perfume House,Just Wow sCent,2017,https://www.fragrantica.com/perfume/Croatian-Perfume-House/Just-Wow-sCent-48183.html
42126,Croatian Perfume House,Just Wow Sexy I,2017,https://www.fragrantica.com/perfume/Croatian-Perfume-House/Just-Wow-Sexy-I-48182.html
42127,Croatian Perfume House,Just Wow Sexy Me,2017,https://www.fragrantica.com/perfume/Croatian-Perfume-House/Just-Wow-Sexy-Me-48165.html
42128,Croatian Perfume House,Just Wow Sweet Day,2017,https://www.fragrantica.com/perfume/Croatian-Perfume-House/Just-Wow-Sweet-Day-48181.html
42129,Croatian Perfume House,Just Wow Sweet Dreams,2017,https://www.fragrantica.com/perfume/Croatian-Perfume-House/Just-Wow-Sweet-Dreams-48180.html
42130,Croatian Perfume House,Just Wow The Beat,2017,https://www.fragrantica.com/perfume/Croatian-Perfume-House/Just-Wow-The-Beat-48164.html
42131,Croatian Perfume House,Just Wow The Power Of Femininity,2017,https://www.fragrantica.com/perfume/Croatian-Perfume-House/Just-Wow-The-Power-Of-Femininity-48179.html
42132,Croatian Perfume House,Just Wow Weekend,2017,https://www.fragrantica.com/perfume/Croatian-Perfume-House/Just-Wow-Weekend-48163.html
42133,Croatian Perfume House,Just Wow Women In Red,2017,https://www.fragrantica.com/perfume/Croatian-Perfume-House/Just-Wow-Women-In-Red-48178.html
42134,Croatian Perfume House,Just Wow Ylang Ylang,2017,https://www.fragrantica.com/perfume/Croatian-Perfume-House/Just-Wow-Ylang-Ylang-48177.html
42135,Croatian Perfume House,The Scent Of Brač,2018,https://www.fragrantica.com/perfume/Croatian-Perfume-House/The-Scent-Of-Brac-50056.html
42136,Croatian Perfume House,The Scent Of Cres,2018,https://www.fragrantica.com/perfume/Croatian-Perfume-House/The-Scent-Of-Cres-50050.html
42137,Croatian Perfume House,The Scent Of Dalmatia,2018,https://www.fragrantica.com/perfume/Croatian-Perfume-House/The-Scent-Of-Dalmatia-50058.html
42138,Croatian Perfume House,The Scent Of Dubrovnik,2018,https://www.fragrantica.com/perfume/Croatian-Perfume-House/The-Scent-Of-Dubrovnik-50041.html
42139,Croatian Perfume House,The Scent Of Hvar,2018,https://www.fragrantica.com/perfume/Croatian-Perfume-House/The-Scent-Of-Hvar-50055.html
42140,Croatian Perfume House,The Scent Of Istria,2018,https://www.fragrantica.com/perfume/Croatian-Perfume-House/The-Scent-Of-Istria-50059.html
42141,Croatian Perfume House,The Scent Of Krk,2018,https://www.fragrantica.com/perfume/Croatian-Perfume-House/The-Scent-Of-Krk-50049.html
42142,Croatian Perfume House,The Scent Of Kvarner,2018,https://www.fragrantica.com/perfume/Croatian-Perfume-House/The-Scent-Of-Kvarner-50060.html
42143,Croatian Perfume House,The Scent Of Lošinj,2018,https://www.fragrantica.com/perfume/Croatian-Perfume-House/The-Scent-Of-Losinj-50051.html
42144,Croatian Perfume House,The Scent Of Opatija,2018,https://www.fragrantica.com/perfume/Croatian-Perfume-House/The-Scent-Of-Opatija-50042.html
42145,Croatian Perfume House,The Scent Of Osijek,2018,https://www.fragrantica.com/perfume/Croatian-Perfume-House/The-Scent-Of-Osijek-50047.html
42146,Croatian Perfume House,The Scent Of Pag,2018,https://www.fragrantica.com/perfume/Croatian-Perfume-House/The-Scent-Of-Pag-50053.html
42147,Croatian Perfume House,The Scent Of Pula,2018,https://www.fragrantica.com/perfume/Croatian-Perfume-House/The-Scent-Of-Pula-50044.html
42148,Croatian Perfume House,The Scent Of Rab,2018,https://www.fragrantica.com/perfume/Croatian-Perfume-House/The-Scent-Of-Rab-50052.html
42149,Croatian Perfume House,The Scent Of Šibenik,2018,https://www.fragrantica.com/perfume/Croatian-Perfume-House/The-Scent-Of-Sibenik-50046.html
42150,Croatian Perfume House,The Scent Of Slavonia,2018,https://www.fragrantica.com/perfume/Croatian-Perfume-House/The-Scent-Of-Slavonia-50061.html
42151,Croatian Perfume House,The Scent Of Split,2018,https://www.fragrantica.com/perfume/Croatian-Perfume-House/The-Scent-Of-Split-50043.html
42152,Croatian Perfume House,The Scent Of Varaždin,2018,https://www.fragrantica.com/perfume/Croatian-Perfume-House/The-Scent-Of-Varazdin-50048.html
42153,Croatian Perfume House,The Scent Of Vir,2018,https://www.fragrantica.com/perfume/Croatian-Perfume-House/The-Scent-Of-Vir-50054.html
42154,Croatian Perfume House,The Scent Of Vis,2018,https://www.fragrantica.com/perfume/Croatian-Perfume-House/The-Scent-Of-Vis-50057.html
42155,Croatian Perfume House,The Scent Of Zadar,2018,https://www.fragrantica.com/perfume/Croatian-Perfume-House/The-Scent-Of-Zadar-50045.html
42156,Croatian Perfume House,Zrinski Perfume (Parfum),2018,https://www.fragrantica.com/perfume/Croatian-Perfume-House/Zrinski-Perfume-49207.html
42157,Crop,I January,2008,https://www.fragrantica.com/perfume/Crop/I-January-45393.html
42158,Crop,II February,2008,https://www.fragrantica.com/perfume/Crop/II-February-45430.html
42159,Crop,III March,2008,https://www.fragrantica.com/perfume/Crop/III-March-45431.html
42160,Crop,IV April,2008,https://www.fragrantica.com/perfume/Crop/IV-April-45432.html
42161,Crop,IX September,2008,https://www.fragrantica.com/perfume/Crop/IX-September-45437.html
42162,Crop,V May,2008,https://www.fragrantica.com/perfume/Crop/V-May-45433.html
42163,Crop,VI June,2008,https://www.fragrantica.com/perfume/Crop/VI-June-45434.html
42164,Crop,VII July,2008,https://www.fragrantica.com/perfume/Crop/VII-July-45435.html
42165,Crop,VIII August,2008,https://www.fragrantica.com/perfume/Crop/VIII-August-45436.html
42166,Crop,X October,2008,https://www.fragrantica.com/perfume/Crop/X-October-45438.html
42167,Crop,XI November,2008,https://www.fragrantica.com/perfume/Crop/XI-November-45439.html
42168,Crop,XII December,2008,https://www.fragrantica.com/perfume/Crop/XII-December-45440.html
42169,Crow,No. 1 Fruta + Leche,2011,https://www.fragrantica.com/perfume/Crow/No-1-Fruta-Leche-13750.html
42170,Crow,No. 2 La Belle + Dame,2011,https://www.fragrantica.com/perfume/Crow/No-2-La-Belle-Dame-13751.html
42171,Crow,No. 3 Enchanted + Lily,2011,https://www.fragrantica.com/perfume/Crow/No-3-Enchanted-Lily-13752.html
42172,Crow,No. 4 Paper + Lantern,2011,https://www.fragrantica.com/perfume/Crow/No-4-Paper-Lantern-13753.html
42173,Crow,No. 5 Midnight + Swim,2011,https://www.fragrantica.com/perfume/Crow/No-5-Midnight-Swim-13754.html
42174,Crow,No. 6 Luna + Azul,2011,https://www.fragrantica.com/perfume/Crow/No-6-Luna-Azul-13755.html
42175,Crusellas & Company,7 Potencias (7 African Powers),,https://www.fragrantica.com/perfume/Crusellas-Company/7-Potencias-7-African-Powers-41309.html
42176,Crusellas & Company,Abre Camino (Road Opener),,https://www.fragrantica.com/perfume/Crusellas-Company/Abre-Camino-Road-Opener-41304.html
42177,Crusellas & Company,Agua de Ruda (Rue Water),,https://www.fragrantica.com/perfume/Crusellas-Company/Agua-de-Ruda-Rue-Water-41312.html
42178,Crusellas & Company,Agua Floral (Floral Water),,https://www.fragrantica.com/perfume/Crusellas-Company/Agua-Floral-Floral-Water-41310.html
42179,Crusellas & Company,Atrayente (Attraction),,https://www.fragrantica.com/perfume/Crusellas-Company/Atrayente-Attraction-41316.html
42180,Crusellas & Company,Caña Santa (Holy Cane),,https://www.fragrantica.com/perfume/Crusellas-Company/Cana-Santa-Holy-Cane-41314.html
42181,Crusellas & Company,Canela (Cinnamon),,https://www.fragrantica.com/perfume/Crusellas-Company/Canela-Cinnamon-41318.html
42182,Crusellas & Company,Colonia Bebitos (Baby Cologne) (Eau de Cologne),,https://www.fragrantica.com/perfume/Crusellas-Company/Colonia-Bebitos-Baby-Cologne-41370.html
42183,Crusellas & Company,Colonia de Albahaca (Basil),,https://www.fragrantica.com/perfume/Crusellas-Company/Colonia-de-Albahaca-Basil-41308.html
42184,Crusellas & Company,Colonia Del Amor (Love Cologne) (Eau de Cologne),,https://www.fragrantica.com/perfume/Crusellas-Company/Colonia-Del-Amor-Love-Cologne-41320.html
42185,Crusellas & Company,Colonia Dominante (Domineering Cologne) (Eau de Cologne),,https://www.fragrantica.com/perfume/Crusellas-Company/Colonia-Dominante-Domineering-Cologne-41323.html
42186,Crusellas & Company,Exito y Prosperidad (Success & Prosperity),,https://www.fragrantica.com/perfume/Crusellas-Company/Exito-y-Prosperidad-Success-Prosperity-41327.html
42187,Crusellas & Company,Gardenia 1800,1800,https://www.fragrantica.com/perfume/Crusellas-Company/Gardenia-1800-41368.html
42188,Crusellas & Company,Kananga,,https://www.fragrantica.com/perfume/Crusellas-Company/Kananga-41313.html
42189,Crusellas & Company,Kolonia 1800,1800,https://www.fragrantica.com/perfume/Crusellas-Company/Kolonia-1800-41361.html
42190,Crusellas & Company,Kolonia 1800 Extra Dry,1800,https://www.fragrantica.com/perfume/Crusellas-Company/Kolonia-1800-Extra-Dry-41362.html
42191,Crusellas & Company,Kolonia 1800 Lavanda,1800,https://www.fragrantica.com/perfume/Crusellas-Company/Kolonia-1800-Lavanda-41366.html
42192,Crusellas & Company,Kolonia 1800 Rosa,1800,https://www.fragrantica.com/perfume/Crusellas-Company/Kolonia-1800-Rosa-41365.html
42193,Crusellas & Company,Kolonia 1800 Sandalo,1800,https://www.fragrantica.com/perfume/Crusellas-Company/Kolonia-1800-Sandalo-41363.html
42194,Crusellas & Company,Kolonia 1800 Tabaco,1800,https://www.fragrantica.com/perfume/Crusellas-Company/Kolonia-1800-Tabaco-41367.html
42195,Crusellas & Company,Kolonia 1800 Vetiver,1800,https://www.fragrantica.com/perfume/Crusellas-Company/Kolonia-1800-Vetiver-41364.html
42196,Crusellas & Company,Lucky Don Dinero (Lucky Mr. Money),,https://www.fragrantica.com/perfume/Crusellas-Company/Lucky-Don-Dinero-Lucky-Mr-Money-41325.html
42197,Crusellas & Company,Misas Espirituales (Spiritual Masses),,https://www.fragrantica.com/perfume/Crusellas-Company/Misas-Espirituales-Spiritual-Masses-41321.html
42198,Crusellas & Company,Naranja 1800 (Orange 1800),1800,https://www.fragrantica.com/perfume/Crusellas-Company/Naranja-1800-Orange-1800-41369.html
42199,Crusellas & Company,Naranja (Orange),,https://www.fragrantica.com/perfume/Crusellas-Company/Naranja-Orange-41305.html
42200,Crusellas & Company,Nardo (Spikenard),,https://www.fragrantica.com/perfume/Crusellas-Company/Nardo-Spikenard-41307.html
42201,Crusellas & Company,Paraiso (Paradise),,https://www.fragrantica.com/perfume/Crusellas-Company/Paraiso-Paradise-41324.html
42202,Crusellas & Company,Patchouli,,https://www.fragrantica.com/perfume/Crusellas-Company/Patchouli-41311.html
42203,Crusellas & Company,Rompe Saraguey (Hex Breaker),,https://www.fragrantica.com/perfume/Crusellas-Company/Rompe-Saraguey-Hex-Breaker-41326.html
42204,Crusellas & Company,Rosa (Rose),,https://www.fragrantica.com/perfume/Crusellas-Company/Rosa-Rose-41306.html
42205,Crusellas & Company,Sandalo Oriental (Oriental Sandalwood),,https://www.fragrantica.com/perfume/Crusellas-Company/Sandalo-Oriental-Oriental-Sandalwood-41315.html
42206,Crusellas & Company,Suerte Rapida (Fast Luck),,https://www.fragrantica.com/perfume/Crusellas-Company/Suerte-Rapida-Fast-Luck-41328.html
42207,Crusellas & Company,Vencedor (Conqueror),,https://www.fragrantica.com/perfume/Crusellas-Company/Vencedor-Conqueror-41317.html
42208,Crusellas & Company,Yerba Buena (Spearmint),,https://www.fragrantica.com/perfume/Crusellas-Company/Yerba-Buena-Spearmint-41319.html
42209,Crusita,Black Love,2022,https://www.fragrantica.com/perfume/Crusita/Black-Love-95294.html
42210,Crusita,Busy Day,2022,https://www.fragrantica.com/perfume/Crusita/Busy-Day-95299.html
42211,Crusita,Deep Mountain,2022,https://www.fragrantica.com/perfume/Crusita/Deep-Mountain-95297.html
42212,Crusita,Famous,2023,https://www.fragrantica.com/perfume/Crusita/Famous-95293.html
42213,Crusita,First Kiss by Melaney Ricardo,2024,https://www.fragrantica.com/perfume/Crusita/First-Kiss-by-Melaney-Ricardo-95305.html
42214,Crusita,Gentlemen,2022,https://www.fragrantica.com/perfume/Crusita/Gentlemen-95295.html
42215,Crusita,Lady Rose,2022,https://www.fragrantica.com/perfume/Crusita/Lady-Rose-95292.html
42216,Crusita,Land Of Paradise,2024,https://www.fragrantica.com/perfume/Crusita/Land-Of-Paradise-95301.html
42217,Crusita,Midnight Fantasy by Melaney Ricardo,2024,https://www.fragrantica.com/perfume/Crusita/Midnight-Fantasy-by-Melaney-Ricardo-95307.html
42218,Crusita,Mystique of Java,2023,https://www.fragrantica.com/perfume/Crusita/Mystique-of-Java-95302.html
42219,Crusita,Playmaker,2023,https://www.fragrantica.com/perfume/Crusita/Playmaker-95298.html
42220,Crusita,Rich Gold,2023,https://www.fragrantica.com/perfume/Crusita/Rich-Gold-95300.html
42221,Crusita,Scandal,2022,https://www.fragrantica.com/perfume/Crusita/Scandal-95290.html
42222,Crusita,Secret Desire by Melaney Ricardo,2024,https://www.fragrantica.com/perfume/Crusita/Secret-Desire-by-Melaney-Ricardo-95306.html
42223,Crusita,Sweet Peony,2022,https://www.fragrantica.com/perfume/Crusita/Sweet-Peony-95291.html
42224,Crusita,Symphony Of The Sea,2024,https://www.fragrantica.com/perfume/Crusita/Symphony-Of-The-Sea-95303.html
42225,Crusita,The Greatest Toba,2023,https://www.fragrantica.com/perfume/Crusita/The-Greatest-Toba-95304.html
42226,Crusita,Twillight,2022,https://www.fragrantica.com/perfume/Crusita/Twillight-95296.html
42227,Crystal Parfum,Cannabis Plant,2019,https://www.fragrantica.com/perfume/Crystal-Parfum/Cannabis-Plant-55382.html
42228,Crystal Parfum,Crystal Patchouli,2019,https://www.fragrantica.com/perfume/Crystal-Parfum/Crystal-Patchouli-55383.html
42229,Crystal Parfum,Forest Moss,2018,https://www.fragrantica.com/perfume/Crystal-Parfum/Forest-Moss-55380.html
42230,Crystal Parfum,Historical Love,2019,https://www.fragrantica.com/perfume/Crystal-Parfum/Historical-Love-58254.html
42231,Crystal Water,A Man's Empire,2023,https://www.fragrantica.com/perfume/Crystal-Water/A-Man-s-Empire-80162.html
42232,Crystal Water,A Woman's Empire,2023,https://www.fragrantica.com/perfume/Crystal-Water/A-Woman-s-Empire-80160.html
42233,Crystal Water,Africano Woody,2023,https://www.fragrantica.com/perfume/Crystal-Water/Africano-Woody-80161.html
42234,Crystal Water,Blue Sea,2022,https://www.fragrantica.com/perfume/Crystal-Water/Blue-Sea-78391.html
42235,Crystal Water,Breath,2023,https://www.fragrantica.com/perfume/Crystal-Water/Breath-80163.html
42236,Crystal Water,Cold Zamzam,2024,https://www.fragrantica.com/perfume/Crystal-Water/Cold-Zamzam-102368.html
42237,Crystal Water,Cupcake,2024,https://www.fragrantica.com/perfume/Crystal-Water/Cupcake-90339.html
42238,Crystal Water,Indulgence,2022,https://www.fragrantica.com/perfume/Crystal-Water/Indulgence-78385.html
42239,Crystal Water,Moana,2022,https://www.fragrantica.com/perfume/Crystal-Water/Moana-78388.html
42240,Crystal Water,Oud Smoked Honey,2022,https://www.fragrantica.com/perfume/Crystal-Water/Oud-Smoked-Honey-78393.html
42241,Crystal Water,Sporting,2024,https://www.fragrantica.com/perfume/Crystal-Water/Sporting-90338.html
42242,Crystal Water,Street in Cairo,2024,https://www.fragrantica.com/perfume/Crystal-Water/Street-in-Cairo-90340.html
42243,Crystal Water,Sun Rays,2022,https://www.fragrantica.com/perfume/Crystal-Water/Sun-Rays-78389.html
42244,Crystal Water,Sunset,2024,https://www.fragrantica.com/perfume/Crystal-Water/Sunset-102369.html
42245,Crystal Water,Zamzam Intense,2024,https://www.fragrantica.com/perfume/Crystal-Water/Zamzam-Intense-102367.html
42246,Cuarzo Signature,Emerald,2010,https://www.fragrantica.com/perfume/Cuarzo-Signature/Emerald-11525.html
42247,Cuarzo Signature,Ruby,2010,https://www.fragrantica.com/perfume/Cuarzo-Signature/Ruby-11523.html
42248,Cuarzo Signature,Sapphire,2010,https://www.fragrantica.com/perfume/Cuarzo-Signature/Sapphire-11524.html
42249,Cuarzo The Circle,Alchemy,2014,https://www.fragrantica.com/perfume/Cuarzo-The-Circle/Alchemy-38053.html
42250,Cuarzo The Circle,Amethyst,,https://www.fragrantica.com/perfume/Cuarzo-The-Circle/Amethyst-29096.html
42251,Cuarzo The Circle,Aquamarine,,https://www.fragrantica.com/perfume/Cuarzo-The-Circle/Aquamarine-29097.html
42252,Cuarzo The Circle,Black Diamond,2014,https://www.fragrantica.com/perfume/Cuarzo-The-Circle/Black-Diamond-25277.html
42253,Cuarzo The Circle,Emerald,,https://www.fragrantica.com/perfume/Cuarzo-The-Circle/Emerald-29102.html
42254,Cuarzo The Circle,Garnet,,https://www.fragrantica.com/perfume/Cuarzo-The-Circle/Garnet-29095.html
42255,Cuarzo The Circle,Gold Seed,2014,https://www.fragrantica.com/perfume/Cuarzo-The-Circle/Gold-Seed-25273.html
42256,Cuarzo The Circle,Just Gold,,https://www.fragrantica.com/perfume/Cuarzo-The-Circle/Just-Gold-29160.html
42257,Cuarzo The Circle,Just White Gold,,https://www.fragrantica.com/perfume/Cuarzo-The-Circle/Just-White-Gold-29161.html
42258,Cuarzo The Circle,Levitation Gold,2014,https://www.fragrantica.com/perfume/Cuarzo-The-Circle/Levitation-Gold-25275.html
42259,Cuarzo The Circle,Levitation Platinum,2014,https://www.fragrantica.com/perfume/Cuarzo-The-Circle/Levitation-Platinum-25274.html
42260,Cuarzo The Circle,Levitation White Gold,2014,https://www.fragrantica.com/perfume/Cuarzo-The-Circle/Levitation-White-Gold-25276.html
42261,Cuarzo The Circle,Meteorite,2014,https://www.fragrantica.com/perfume/Cuarzo-The-Circle/Meteorite-25272.html
42262,Cuarzo The Circle,Rainbow Gems,,https://www.fragrantica.com/perfume/Cuarzo-The-Circle/Rainbow-Gems-29159.html
42263,Cuarzo The Circle,Ruby,,https://www.fragrantica.com/perfume/Cuarzo-The-Circle/Ruby-29101.html
42264,Cuarzo The Circle,Sapphire,,https://www.fragrantica.com/perfume/Cuarzo-The-Circle/Sapphire-29103.html
42265,Cuarzo The Circle,Sea Gold,,https://www.fragrantica.com/perfume/Cuarzo-The-Circle/Sea-Gold-29104.html
42266,Cuba Paris,Beauty,,https://www.fragrantica.com/perfume/Cuba-Paris/Beauty-104051.html
42267,Cuba Paris,Cuba Authentic Bold,2022,https://www.fragrantica.com/perfume/Cuba-Paris/Cuba-Authentic-Bold-76002.html
42268,Cuba Paris,Cuba Authentic Citrus,2023,https://www.fragrantica.com/perfume/Cuba-Paris/Cuba-Authentic-Citrus-101318.html
42269,Cuba Paris,Cuba Authentic Crystal,2023,https://www.fragrantica.com/perfume/Cuba-Paris/Cuba-Authentic-Crystal-101317.html
42270,Cuba Paris,Cuba Authentic Dark,2022,https://www.fragrantica.com/perfume/Cuba-Paris/Cuba-Authentic-Dark-75997.html
42271,Cuba Paris,Cuba Authentic Flame,2022,https://www.fragrantica.com/perfume/Cuba-Paris/Cuba-Authentic-Flame-76001.html
42272,Cuba Paris,Cuba Authentic Happy,2022,https://www.fragrantica.com/perfume/Cuba-Paris/Cuba-Authentic-Happy-76000.html
42273,Cuba Paris,Cuba Authentic Mystic,2022,https://www.fragrantica.com/perfume/Cuba-Paris/Cuba-Authentic-Mystic-75998.html
42274,Cuba Paris,Cuba Authentic Tasty,2022,https://www.fragrantica.com/perfume/Cuba-Paris/Cuba-Authentic-Tasty-75999.html
42275,Cuba Paris,Cuba Black Cuba After Shave,,https://www.parfumo.com/Perfumes/Cuba/Cuba_Black_After_Shave
42276,Cuba Paris,Cuba Black (Eau de Toilette),,https://www.fragrantica.com/perfume/Cuba-Paris/Cuba-Black-9079.html
42277,Cuba Paris,Cuba Blossom,2021,https://www.fragrantica.com/perfume/Cuba-Paris/Cuba-Blossom-71753.html
42278,Cuba Paris,Cuba Blue Cuba After Shave,,https://www.parfumo.com/Perfumes/Cuba/Cuba_Blue_After_Shave
42279,Cuba Paris,Cuba Blue (Eau de Toilette),,https://www.fragrantica.com/perfume/Cuba-Paris/Cuba-Blue-9078.html
42280,Cuba Paris,Cuba Blue Sky,2017,https://www.fragrantica.com/perfume/Cuba-Paris/Cuba-Blue-Sky-74423.html
42281,Cuba Paris,Cuba Brazil,,https://www.fragrantica.com/perfume/Cuba-Paris/Cuba-Brazil-19358.html
42282,Cuba Paris,Cuba Brown Cuba After Shave,,https://www.parfumo.com/Perfumes/Cuba/Cuba_Brown_After_Shave
42283,Cuba Paris,Cuba Brown (Eau de Toilette),,https://www.fragrantica.com/perfume/Cuba-Paris/Cuba-Brown-9083.html
42284,Cuba Paris,Cuba Cactus,,https://www.fragrantica.com/perfume/Cuba-Paris/Cuba-Cactus-13795.html
42285,Cuba Paris,Cuba Cactus for Men,,https://www.fragrantica.com/perfume/Cuba-Paris/Cuba-Cactus-for-Men-13796.html
42286,Cuba Paris,Cuba Carnaval,,https://www.fragrantica.com/perfume/Cuba-Paris/Cuba-Carnaval-19349.html
42287,Cuba Paris,Cuba Carnaval for women,,https://www.fragrantica.com/perfume/Cuba-Paris/Cuba-Carnaval-for-women-19351.html
42288,Cuba Paris,Cuba Chic,2018,https://www.fragrantica.com/perfume/Cuba-Paris/Cuba-Chic-74424.html
42289,Cuba Paris,Cuba City Hollywood for Men,,https://www.fragrantica.com/perfume/Cuba-Paris/Cuba-City-Hollywood-for-Men-19355.html
42290,Cuba Paris,Cuba City Hollywood for Women,,https://www.fragrantica.com/perfume/Cuba-Paris/Cuba-City-Hollywood-for-Women-19354.html
42291,Cuba Paris,Cuba City Las Vegas,,https://huggingface.co/datasets/doevent/perfume
42292,Cuba Paris,Cuba City Las Vegas for Men,,https://www.fragrantica.com/perfume/Cuba-Paris/Cuba-City-Las-Vegas-for-Men-19356.html
42293,Cuba Paris,Cuba City Las Vegas for Women,,https://www.fragrantica.com/perfume/Cuba-Paris/Cuba-City-Las-Vegas-for-Women-19357.html
42294,Cuba Paris,Cuba City Miami,,https://www.fragrantica.com/perfume/Cuba-Paris/Cuba-City-Miami-14949.html
42295,Cuba Paris,Cuba City Miami for men,,https://www.fragrantica.com/perfume/Cuba-Paris/Cuba-City-Miami-for-men-19350.html
42296,Cuba Paris,Cuba City New York for men,,https://www.fragrantica.com/perfume/Cuba-Paris/Cuba-City-New-York-for-men-19364.html
42297,Cuba Paris,Cuba City New York for women,,https://www.fragrantica.com/perfume/Cuba-Paris/Cuba-City-New-York-for-women-19363.html
42298,Cuba Paris,Cuba Copacabana,,https://huggingface.co/datasets/doevent/perfume
42299,Cuba Paris,Cuba Copacabana for Men,,https://www.fragrantica.com/perfume/Cuba-Paris/Cuba-Copacabana-for-Men-19352.html
42300,Cuba Paris,Cuba Copacabana for Women,,https://www.fragrantica.com/perfume/Cuba-Paris/Cuba-Copacabana-for-Women-19353.html
42301,Cuba Paris,Cuba Deluxe,2016,https://www.fragrantica.com/perfume/Cuba-Paris/Cuba-Deluxe-67339.html
42302,Cuba Paris,Cuba Fierce,,https://huggingface.co/datasets/doevent/perfume
42303,Cuba Paris,Cuba Gold,,https://www.fragrantica.com/perfume/Cuba-Paris/Cuba-Gold-9075.html
42304,Cuba Paris,Cuba Gold Lady,2019,https://www.fragrantica.com/perfume/Cuba-Paris/Cuba-Gold-Lady-74418.html
42305,Cuba Paris,Cuba Green,,https://www.fragrantica.com/perfume/Cuba-Paris/Cuba-Green-9084.html
42306,Cuba Paris,Cuba Grey,,https://www.fragrantica.com/perfume/Cuba-Paris/Cuba-Grey-9085.html
42307,Cuba Paris,Cuba Heartbreaker,,https://www.fragrantica.com/perfume/Cuba-Paris/Cuba-Heartbreaker-19365.html
42308,Cuba Paris,Cuba Hot,,https://www.fragrantica.com/perfume/Cuba-Paris/Cuba-Hot-125436.html
42309,Cuba Paris,Cuba Jungle Snake,,https://www.fragrantica.com/perfume/Cuba-Paris/Cuba-Jungle-Snake-9080.html
42310,Cuba Paris,Cuba Jungle Tiger,,https://www.fragrantica.com/perfume/Cuba-Paris/Cuba-Jungle-Tiger-9081.html
42311,Cuba Paris,Cuba Jungle Zebra,,https://www.fragrantica.com/perfume/Cuba-Paris/Cuba-Jungle-Zebra-9082.html
42312,Cuba Paris,Cuba La Vida,2019,https://www.fragrantica.com/perfume/Cuba-Paris/Cuba-La-Vida-61849.html
42313,Cuba Paris,Cuba Legend,2017,https://www.fragrantica.com/perfume/Cuba-Paris/Cuba-Legend-74416.html
42314,Cuba Paris,Cuba Love Dreams,2017,https://www.fragrantica.com/perfume/Cuba-Paris/Cuba-Love-Dreams-74417.html
42315,Cuba Paris,Cuba Love Forever,2017,https://www.fragrantica.com/perfume/Cuba-Paris/Cuba-Love-Forever-74428.html
42316,Cuba Paris,Cuba Mademoiselle,2017,https://www.fragrantica.com/perfume/Cuba-Paris/Cuba-Mademoiselle-74426.html
42317,Cuba Paris,Cuba Magnum,,https://www.fragrantica.com/perfume/Cuba-Paris/Cuba-Magnum-13798.html
42318,Cuba Paris,Cuba Magnum Blue,,https://www.fragrantica.com/perfume/Cuba-Paris/Cuba-Magnum-Blue-13799.html
42319,Cuba Paris,Cuba Magnum Gold,,https://www.fragrantica.com/perfume/Cuba-Paris/Cuba-Magnum-Gold-13800.html
42320,Cuba Paris,Cuba Magnum Red,,https://www.fragrantica.com/perfume/Cuba-Paris/Cuba-Magnum-Red-13801.html
42321,Cuba Paris,Cuba Maya for men,,https://www.fragrantica.com/perfume/Cuba-Paris/Cuba-Maya-for-men-19367.html
42322,Cuba Paris,Cuba Maya for woman,,https://www.fragrantica.com/perfume/Cuba-Paris/Cuba-Maya-for-woman-19366.html
42323,Cuba Paris,Cuba Milestone,2020,https://www.fragrantica.com/perfume/Cuba-Paris/Cuba-Milestone-71749.html
42324,Cuba Paris,Cuba My Love,2017,https://www.fragrantica.com/perfume/Cuba-Paris/Cuba-My-Love-74425.html
42325,Cuba Paris,Cuba Orange,,https://www.fragrantica.com/perfume/Cuba-Paris/Cuba-Orange-9076.html
42326,Cuba Paris,Cuba Prestige,,https://www.fragrantica.com/perfume/Cuba-Paris/Cuba-Prestige-13803.html
42327,Cuba Paris,Cuba Prestige Black,,https://www.fragrantica.com/perfume/Cuba-Paris/Cuba-Prestige-Black-35599.html
42328,Cuba Paris,Cuba Prestige Legacy,2019,https://www.fragrantica.com/perfume/Cuba-Paris/Cuba-Prestige-Legacy-74421.html
42329,Cuba Paris,Cuba Prestige Platinum,,https://www.fragrantica.com/perfume/Cuba-Paris/Cuba-Prestige-Platinum-35600.html
42330,Cuba Paris,Cuba Red,,https://www.fragrantica.com/perfume/Cuba-Paris/Cuba-Red-9077.html
42331,Cuba Paris,Cuba Royal,,https://www.fragrantica.com/perfume/Cuba-Paris/Cuba-Royal-13802.html
42332,Cuba Paris,Cuba Royal Fortune,,https://www.fragrantica.com/perfume/Cuba-Paris/Cuba-Royal-Fortune-129997.html
42333,Cuba Paris,Cuba Shadow,2018,https://www.fragrantica.com/perfume/Cuba-Paris/Cuba-Shadow-74420.html
42334,Cuba Paris,Cuba Signature,2021,https://www.fragrantica.com/perfume/Cuba-Paris/Cuba-Signature-71750.html
42335,Cuba Paris,Cuba Silver,2020,https://www.fragrantica.com/perfume/Cuba-Paris/Cuba-Silver-71752.html
42336,Cuba Paris,Cuba Silver Blue,,https://www.fragrantica.com/perfume/Cuba-Paris/Cuba-Silver-Blue-70479.html
42337,Cuba Paris,Cuba Strass Heartbreaker,1995,https://www.fragrantica.com/perfume/Cuba-Paris/Cuba-Strass-Heartbreaker-13797.html
42338,Cuba Paris,Cuba Strass Snake,,https://www.fragrantica.com/perfume/Cuba-Paris/Cuba-Strass-Snake-19360.html
42339,Cuba Paris,Cuba Strass Tiger,1995,https://www.fragrantica.com/perfume/Cuba-Paris/Cuba-Strass-Tiger-19361.html
42340,Cuba Paris,Cuba Strass Zebra,1995,https://www.fragrantica.com/perfume/Cuba-Paris/Cuba-Strass-Zebra-19359.html
42341,Cuba Paris,Cuba Tattoo,,https://www.fragrantica.com/perfume/Cuba-Paris/Cuba-Tattoo-41765.html
42342,Cuba Paris,Cuba Too Sexy for You,2021,https://www.fragrantica.com/perfume/Cuba-Paris/Cuba-Too-Sexy-for-You-71756.html
42343,Cuba Paris,Cuba Touch,,https://www.fragrantica.com/perfume/Cuba-Paris/Cuba-Touch-129996.html
42344,Cuba Paris,Cuba Trouble,2021,https://www.fragrantica.com/perfume/Cuba-Paris/Cuba-Trouble-71754.html
42345,Cuba Paris,Cuba Victory,2018,https://www.fragrantica.com/perfume/Cuba-Paris/Cuba-Victory-74415.html
42346,Cuba Paris,Cuba Vip,,https://www.fragrantica.com/perfume/Cuba-Paris/Cuba-Vip-34343.html
42347,Cuba Paris,Cuba VIP for Men,2018,https://www.fragrantica.com/perfume/Cuba-Paris/Cuba-VIP-for-Men-74427.html
42348,Cuba Paris,Cuba VIP for Women,2018,https://www.fragrantica.com/perfume/Cuba-Paris/Cuba-VIP-for-Women-74422.html
42349,Cuba Paris,Cuba Wild Heart,,https://www.fragrantica.com/perfume/Cuba-Paris/Cuba-Wild-Heart-19362.html
42350,Cuba Paris,Cuba Winner,2017,https://www.fragrantica.com/perfume/Cuba-Paris/Cuba-Winner-62261.html
42351,Cuba Paris,Cuba Young Blue,,https://www.fragrantica.com/perfume/Cuba-Paris/Cuba-Young-Blue-106144.html
42352,Cuba Paris,Cuba Young Orange,,https://www.fragrantica.com/perfume/Cuba-Paris/Cuba-Young-Orange-106143.html
42353,Cuba Paris,Cuba Young Pink,,https://www.fragrantica.com/perfume/Cuba-Paris/Cuba-Young-Pink-106142.html
42354,Cuba Paris,Cuba Young Red,,https://www.fragrantica.com/perfume/Cuba-Paris/Cuba-Young-Red-106141.html
42355,Cuba Paris,Cuba Young Violet,,https://www.fragrantica.com/perfume/Cuba-Paris/Cuba-Young-Violet-106140.html
42356,Cuba Paris,Cuba Young Yellow,,https://www.fragrantica.com/perfume/Cuba-Paris/Cuba-Young-Yellow-106145.html
42357,Cuba Paris,Fierce for Men,,https://www.fragrantica.com/perfume/Cuba-Paris/Fierce-for-Men-129995.html
42358,Cuba Paris,Golden Absolute,2020,https://www.fragrantica.com/perfume/Cuba-Paris/Golden-Absolute-74419.html
42359,Cuba Paris,Night,,https://www.fragrantica.com/perfume/Cuba-Paris/Night-104052.html
42360,CULT,Allure,2023,https://www.fragrantica.com/perfume/CULT/Allure-111932.html
42361,CULT,Black Tie,2023,https://www.fragrantica.com/perfume/CULT/Black-Tie-111933.html
42362,CULT,Blue Ocean,2023,https://www.fragrantica.com/perfume/CULT/Blue-Ocean-111934.html
42363,CULT,Cherry Essence,2025,https://www.fragrantica.com/perfume/CULT/Cherry-Essence-121060.html
42364,CULT,Chosen One,2023,https://www.fragrantica.com/perfume/CULT/Chosen-One-111935.html
42365,CULT,Floral Blossom,2022,https://www.fragrantica.com/perfume/CULT/Floral-Blossom-111936.html
42366,CULT,Her Majesty,2022,https://www.fragrantica.com/perfume/CULT/Her-Majesty-111937.html
42367,CULT,Instinct,2023,https://www.fragrantica.com/perfume/CULT/Instinct-111938.html
42368,CULT,L'Homme,2023,https://www.fragrantica.com/perfume/CULT/L-Homme-111939.html
42369,CULT,Let It Be,2022,https://www.fragrantica.com/perfume/CULT/Let-It-Be-111940.html
42370,CULT,Like a Diamond,2022,https://www.fragrantica.com/perfume/CULT/Like-a-Diamond-111941.html
42371,CULT,Lost Hero,2023,https://www.fragrantica.com/perfume/CULT/Lost-Hero-111942.html
42372,CULT,Mango Bloom,2023,https://www.fragrantica.com/perfume/CULT/Mango-Bloom-111943.html
42373,CULT,Night Leather,2023,https://www.fragrantica.com/perfume/CULT/Night-Leather-111944.html
42374,CULT,Ocean Spirit,2023,https://www.fragrantica.com/perfume/CULT/Ocean-Spirit-111945.html
42375,CULT,Oud Force,2023,https://www.fragrantica.com/perfume/CULT/Oud-Force-111946.html
42376,CULT,Pink Dreams,2022,https://www.fragrantica.com/perfume/CULT/Pink-Dreams-111947.html
42377,CULT,Pure Woods,2023,https://www.fragrantica.com/perfume/CULT/Pure-Woods-111948.html
42378,CULT,Show Off,2023,https://www.fragrantica.com/perfume/CULT/Show-Off-111949.html
42379,CULT,Tender,2022,https://www.fragrantica.com/perfume/CULT/Tender-111951.html
42380,CULT,Woman in Love,2022,https://www.fragrantica.com/perfume/CULT/Woman-in-Love-111950.html
42381,Cult 51,Cult 51,2014,https://www.fragrantica.com/perfume/Cult-51/Cult-51-24461.html
42382,Cult For,Dream,2022,https://www.fragrantica.com/perfume/Cult-For/Dream-72221.html
42383,Cult For,Game,2022,https://www.fragrantica.com/perfume/Cult-For/Game-72222.html
42384,Cult For,Love,2022,https://www.fragrantica.com/perfume/Cult-For/Love-72223.html
42385,Cult For,Me,2022,https://www.fragrantica.com/perfume/Cult-For/Me-72225.html
42386,Cult For,You,2022,https://www.fragrantica.com/perfume/Cult-For/You-72224.html
42387,Cult Gaia,Mast,2024,https://www.fragrantica.com/perfume/Cult-Gaia/Mast-96995.html
42388,Cult Gaia,Noor,2024,https://www.fragrantica.com/perfume/Cult-Gaia/Noor-96996.html
42389,Cult Gaia,Zan,2024,https://www.fragrantica.com/perfume/Cult-Gaia/Zan-96997.html
42390,Cult of Kaori,Melon Masu,,https://www.fragrantica.com/perfume/Cult-of-Kaori/Melon-Masu-122072.html
42391,Cult of Kaori,Onsen Minerale,,https://www.fragrantica.com/perfume/Cult-of-Kaori/Onsen-Minerale-122073.html
42392,Cult of Scent,Fire Amber Baby,2014,https://www.fragrantica.com/perfume/Cult-of-Scent/Fire-Amber-Baby-42963.html
42393,Cult of Scent,In The Woods,2015,https://www.fragrantica.com/perfume/Cult-of-Scent/In-The-Woods-42959.html
42394,Cult of Scent,Jazz Age Jasmine,,https://www.fragrantica.com/perfume/Cult-of-Scent/Jazz-Age-Jasmine-42950.html
42395,Cult of Scent,Karavanserai,2015,https://www.fragrantica.com/perfume/Cult-of-Scent/Karavanserai-42951.html
42396,Cult of Scent,Something Beautiful,2014,https://www.fragrantica.com/perfume/Cult-of-Scent/Something-Beautiful-42960.html
42397,Cult of Scent,Sweet Libertine,2014,https://www.fragrantica.com/perfume/Cult-of-Scent/Sweet-Libertine-42961.html
42398,Cult of Scent,The Hedonist,2014,https://www.fragrantica.com/perfume/Cult-of-Scent/The-Hedonist-42962.html
42399,Cult of Scent,The Nightingale's Cup,,https://www.fragrantica.com/perfume/Cult-of-Scent/The-Nightingale-s-Cup-42949.html
42400,Culti,A,,https://www.fragrantica.com/perfume/Culti/A-24287.html
42401,Culti,Acqua Leggera,2019,https://www.fragrantica.com/perfume/Culti/Acqua-Leggera-91982.html
42402,Culti,Acqua Tessuta,,https://www.fragrantica.com/perfume/Culti/Acqua-Tessuta-24288.html
42403,Culti,Anym'Ale,,https://www.fragrantica.com/perfume/Culti/Anym-Ale-24289.html
42404,Culti,Black Tux,2018,https://www.fragrantica.com/perfume/Culti/Black-Tux-91987.html
42405,Culti,Byres,2018,https://www.fragrantica.com/perfume/Culti/Byres-91990.html
42406,Culti,Geranio Imperiale,2019,https://www.fragrantica.com/perfume/Culti/Geranio-Imperiale-91983.html
42407,Culti,Infinito,,https://www.fragrantica.com/perfume/Culti/Infinito-24290.html
42408,Culti,Mediterranea,2009,https://www.fragrantica.com/perfume/Culti/Mediterranea-5953.html
42409,Culti,Milize,2018,https://www.fragrantica.com/perfume/Culti/Milize-91989.html
42410,Culti,Ode Rosae,,https://www.fragrantica.com/perfume/Culti/Ode-Rosae-24291.html
42411,Culti,Pepe Raro,2019,https://www.fragrantica.com/perfume/Culti/Pepe-Raro-91985.html
42412,Culti,Rosa Pura,2019,https://www.fragrantica.com/perfume/Culti/Rosa-Pura-91986.html
42413,Culti,Tabacco Assoluto,2019,https://www.fragrantica.com/perfume/Culti/Tabacco-Assoluto-91984.html
42414,Culti,Terraforte,2009,https://www.fragrantica.com/perfume/Culti/Terraforte-5954.html
42415,Culti,Thessenza,,https://www.fragrantica.com/perfume/Culti/Thessenza-24292.html
42416,Cultus Artem,Alba,2019,https://www.fragrantica.com/perfume/Cultus-Artem/Alba-56200.html
42417,Cultus Artem,Amara,2019,https://www.fragrantica.com/perfume/Cultus-Artem/Amara-56204.html
42418,Cultus Artem,Champaca,2019,https://www.fragrantica.com/perfume/Cultus-Artem/Champaca-56206.html
42419,Cultus Artem,Ilex,2019,https://www.fragrantica.com/perfume/Cultus-Artem/Ilex-56201.html
42420,Cultus Artem,Poeticus,2019,https://www.fragrantica.com/perfume/Cultus-Artem/Poeticus-56205.html
42421,Cultus Artem,Rosa,2019,https://www.fragrantica.com/perfume/Cultus-Artem/Rosa-56207.html
42422,Cultus Artem,Tuberosa,2019,https://www.fragrantica.com/perfume/Cultus-Artem/Tuberosa-56203.html
42423,Cultus Artem,Vetiveria,2019,https://www.fragrantica.com/perfume/Cultus-Artem/Vetiveria-56202.html
42424,Cum Cura,Floridus,2023,https://www.fragrantica.com/perfume/Cum-Cura/Floridus-91836.html
42425,Cum Cura,Ignis,2023,https://www.fragrantica.com/perfume/Cum-Cura/Ignis-91839.html
42426,Cum Cura,Museum,2023,https://www.fragrantica.com/perfume/Cum-Cura/Museum-91837.html
42427,Cum Cura,Silva,2023,https://www.fragrantica.com/perfume/Cum-Cura/Silva-91838.html
42428,Cum Cura,Urbs,2023,https://www.fragrantica.com/perfume/Cum-Cura/Urbs-91835.html
42429,Cunzite,Alexandrite,,https://www.fragrantica.com/perfume/Cunzite/Alexandrite-124337.html
42430,Cunzite,Arturo,,https://www.fragrantica.com/perfume/Cunzite/Arturo-124348.html
42431,Cunzite,Bellatrix,,https://www.fragrantica.com/perfume/Cunzite/Bellatrix-124344.html
42432,Cunzite,Black Agate,,https://www.fragrantica.com/perfume/Cunzite/Black-Agate-124336.html
42433,Cunzite,Buco Nero,,https://www.fragrantica.com/perfume/Cunzite/Buco-Nero-124342.html
42434,Cunzite,Capella,,https://www.fragrantica.com/perfume/Cunzite/Capella-124345.html
42435,Cunzite,Di Natale,,https://www.fragrantica.com/perfume/Cunzite/Di-Natale-124340.html
42436,Cunzite,Diamond,,https://www.fragrantica.com/perfume/Cunzite/Diamond-124338.html
42437,Cunzite,Emerald,,https://www.fragrantica.com/perfume/Cunzite/Emerald-124329.html
42438,Cunzite,Giove,,https://www.fragrantica.com/perfume/Cunzite/Giove-124339.html
42439,Cunzite,Il Sole,,https://www.fragrantica.com/perfume/Cunzite/Il-Sole-124347.html
42440,Cunzite,Kunzite,,https://www.fragrantica.com/perfume/Cunzite/Kunzite-124327.html
42441,Cunzite,La Stella,,https://www.fragrantica.com/perfume/Cunzite/La-Stella-124343.html
42442,Cunzite,Morganite,,https://www.fragrantica.com/perfume/Cunzite/Morganite-124331.html
42443,Cunzite,Pearl,,https://www.fragrantica.com/perfume/Cunzite/Pearl-124334.html
42444,Cunzite,Pianeta,,https://www.fragrantica.com/perfume/Cunzite/Pianeta-124346.html
42445,Cunzite,Plutone,,https://www.fragrantica.com/perfume/Cunzite/Plutone-124341.html
42446,Cunzite,Ruby,,https://www.fragrantica.com/perfume/Cunzite/Ruby-124330.html
42447,Cunzite,Sapphire,,https://www.fragrantica.com/perfume/Cunzite/Sapphire-124335.html
42448,Cunzite,Sunstone,,https://www.fragrantica.com/perfume/Cunzite/Sunstone-124328.html
42449,Cunzite,Topaz,,https://www.fragrantica.com/perfume/Cunzite/Topaz-124332.html
42450,Cunzite,Turquoise,,https://www.fragrantica.com/perfume/Cunzite/Turquoise-124333.html
42451,Cupid Perfumes,Cupid Amo Parfum,2023,https://www.fragrantica.com/perfume/Cupid-Perfumes/Cupid-Amo-Parfum-79567.html
42452,Cupid Perfumes,Cupid Black 1177,2015,https://www.fragrantica.com/perfume/Cupid-Perfumes/Cupid-Black-1177-45551.html
42453,Cupid Perfumes,Cupid Black 1177 Parfum,2023,https://www.fragrantica.com/perfume/Cupid-Perfumes/Cupid-Black-1177-Parfum-79566.html
42454,Cupid Perfumes,Cupid Black 1240,2015,https://www.fragrantica.com/perfume/Cupid-Perfumes/Cupid-Black-1240-45552.html
42455,Cupid Perfumes,Cupid Black 1260,2015,https://www.fragrantica.com/perfume/Cupid-Perfumes/Cupid-Black-1260-45553.html
42456,Cupid Perfumes,Cupid Black 1597,2015,https://www.fragrantica.com/perfume/Cupid-Perfumes/Cupid-Black-1597-45554.html
42457,Cupid Perfumes,Cupid Black 1623,2015,https://www.fragrantica.com/perfume/Cupid-Perfumes/Cupid-Black-1623-45555.html
42458,Cupid Perfumes,Cupid Black 1623 Parfum,2023,https://www.fragrantica.com/perfume/Cupid-Perfumes/Cupid-Black-1623-Parfum-79565.html
42459,Cupid Perfumes,Cupid Black 1779,2015,https://www.fragrantica.com/perfume/Cupid-Perfumes/Cupid-Black-1779-45556.html
42460,Cupid Perfumes,Cupid MI,2014,https://www.fragrantica.com/perfume/Cupid-Perfumes/Cupid-MI-45565.html
42461,Cupid Perfumes,Cupid MII,2014,https://www.fragrantica.com/perfume/Cupid-Perfumes/Cupid-MII-45564.html
42462,Cupid Perfumes,Cupid MIII,2014,https://www.fragrantica.com/perfume/Cupid-Perfumes/Cupid-MIII-45566.html
42463,Cupid Perfumes,Cupid MIV,2014,https://www.fragrantica.com/perfume/Cupid-Perfumes/Cupid-MIV-45567.html
42464,Cupid Perfumes,Cupid MV,2014,https://www.fragrantica.com/perfume/Cupid-Perfumes/Cupid-MV-45568.html
42465,Cupid Perfumes,Cupid MVI,2014,https://www.fragrantica.com/perfume/Cupid-Perfumes/Cupid-MVI-45569.html
42466,Cupid Perfumes,Cupid No.1,2015,https://www.fragrantica.com/perfume/Cupid-Perfumes/Cupid-No-1-45557.html
42467,Cupid Perfumes,Cupid No.1 Parfum,2023,https://www.fragrantica.com/perfume/Cupid-Perfumes/Cupid-No-1-Parfum-79560.html
42468,Cupid Perfumes,Cupid No.2,2015,https://www.fragrantica.com/perfume/Cupid-Perfumes/Cupid-No-2-45558.html
42469,Cupid Perfumes,Cupid No.3,2015,https://www.fragrantica.com/perfume/Cupid-Perfumes/Cupid-No-3-45559.html
42470,Cupid Perfumes,Cupid No.4,2015,https://www.fragrantica.com/perfume/Cupid-Perfumes/Cupid-No-4-45560.html
42471,Cupid Perfumes,Cupid No.5,2015,https://www.fragrantica.com/perfume/Cupid-Perfumes/Cupid-No-5-45561.html
42472,Cupid Perfumes,Cupid No.5 Parfum,2023,https://www.fragrantica.com/perfume/Cupid-Perfumes/Cupid-No-5-Parfum-79561.html
42473,Cupid Perfumes,Cupid No.6,2015,https://www.fragrantica.com/perfume/Cupid-Perfumes/Cupid-No-6-45562.html
42474,Cupid Perfumes,Cupid No.6 Parfum,2023,https://www.fragrantica.com/perfume/Cupid-Perfumes/Cupid-No-6-Parfum-79562.html
42475,Cupid Perfumes,Cupid No.7,2015,https://www.fragrantica.com/perfume/Cupid-Perfumes/Cupid-No-7-45563.html
42476,Cupid Perfumes,Cupid No.7 Parfum,2023,https://www.fragrantica.com/perfume/Cupid-Perfumes/Cupid-No-7-Parfum-79564.html
42477,Cupid Perfumes,Cupid Sogno Parfum,2023,https://www.fragrantica.com/perfume/Cupid-Perfumes/Cupid-Sogno-Parfum-79569.html
42478,Cupid Perfumes,Cupid Vivo Parfum,2023,https://www.fragrantica.com/perfume/Cupid-Perfumes/Cupid-Vivo-Parfum-79568.html
42479,Cupid Perfumes,Cupid Volo Parfum,2023,https://www.fragrantica.com/perfume/Cupid-Perfumes/Cupid-Volo-Parfum-79570.html
42480,Cupids,Charm,2025,https://www.fragrantica.com/perfume/Cupids/Charm-137475.html
42481,Cupids,Charm,2026,https://www.fragrantica.com/perfume/Cupids/Charm-137479.html
42482,Cupids,Hypnosis 2.0,2025,https://www.fragrantica.com/perfume/Cupids/Hypnosis-2-0-137476.html
42483,Cupids,Hypnosis 3.0,2026,https://www.fragrantica.com/perfume/Cupids/Hypnosis-3-0-137466.html
42484,Cupids,Ignite,2025,https://www.fragrantica.com/perfume/Cupids/Ignite-137474.html
42485,Cupids,Ignite,2026,https://www.fragrantica.com/perfume/Cupids/Ignite-137478.html
42486,Cupids,Lust,2025,https://www.fragrantica.com/perfume/Cupids/Lust-137469.html
42487,Cupids,Lust,2026,https://www.fragrantica.com/perfume/Cupids/Lust-137477.html
42488,Cupids,Sugar Baby,2025,https://www.fragrantica.com/perfume/Cupids/Sugar-Baby-137468.html
42489,Cupio,Clandestine Tobacco,2025,https://www.fragrantica.com/perfume/Cupio/Clandestine-Tobacco-103652.html
42490,Cupio,Dramatic Leather,2025,https://www.fragrantica.com/perfume/Cupio/Dramatic-Leather-103656.html
42491,Cupio,Majestic Patchouli,2025,https://www.fragrantica.com/perfume/Cupio/Majestic-Patchouli-103655.html
42492,Cupio,Original Sin,2025,https://www.fragrantica.com/perfume/Cupio/Original-Sin-103653.html
42493,Cupio,Private Tobacco & Vanilla,2025,https://www.fragrantica.com/perfume/Cupio/Private-Tobacco-Vanilla-103657.html
42494,Cupio,Seduction Code,2025,https://www.fragrantica.com/perfume/Cupio/Seduction-Code-103654.html
42495,Curata,Dulceo,2022,https://www.fragrantica.com/perfume/Curata/Dulceo-81994.html
42496,Curatrix,6 Feet Under,2024,https://www.fragrantica.com/perfume/Curatrix/6-Feet-Under-99117.html
42497,Curatrix,Antihero,2024,https://www.fragrantica.com/perfume/Curatrix/Antihero-99118.html
42498,Curatrix,Cold Blooded,2024,https://www.fragrantica.com/perfume/Curatrix/Cold-Blooded-99119.html
42499,Curatrix,Deadly Nightcap,2024,https://www.fragrantica.com/perfume/Curatrix/Deadly-Nightcap-99120.html
42500,Curatrix,Fatale,2024,https://www.fragrantica.com/perfume/Curatrix/Fatale-99121.html
42501,Curatrix,Flashback,2024,https://www.fragrantica.com/perfume/Curatrix/Flashback-99122.html
42502,Curatrix,Foreshadow,2024,https://www.fragrantica.com/perfume/Curatrix/Foreshadow-99123.html
42503,Curatrix,Heist,2024,https://www.fragrantica.com/perfume/Curatrix/Heist-99124.html
42504,Curatrix,Private Eye,2024,https://www.fragrantica.com/perfume/Curatrix/Private-Eye-99125.html
42505,Curionoir,415 AD,2019,https://www.fragrantica.com/perfume/Curionoir/415-AD-65239.html
42506,Curionoir,Cellar Feels,2017,https://www.fragrantica.com/perfume/Curionoir/Cellar-Feels-65222.html
42507,Curionoir,Dark Bouquet,2016,https://www.fragrantica.com/perfume/Curionoir/Dark-Bouquet-65221.html
42508,Curionoir,Diaphanous,2016,https://www.fragrantica.com/perfume/Curionoir/Diaphanous-65171.html
42509,Curionoir,Irtiu Nefertiti,2020,https://www.fragrantica.com/perfume/Curionoir/Irtiu-Nefertiti-65238.html
42510,Curionoir,Kihikihi,2025,https://www.fragrantica.com/perfume/Curionoir/Kihikihi-121033.html
42511,Curionoir,Moon Moss,2025,https://www.fragrantica.com/perfume/Curionoir/Moon-Moss-121035.html
42512,Curionoir,Ngutu Pā,2025,https://www.fragrantica.com/perfume/Curionoir/Ngutu-Pa-121036.html
42513,Curionoir,Opia,2016,https://www.fragrantica.com/perfume/Curionoir/Opia-65170.html
42514,Curionoir,Orpheus Incarnate,2019,https://www.fragrantica.com/perfume/Curionoir/Orpheus-Incarnate-65223.html
42515,Curionoir,Pablo,2018,https://www.fragrantica.com/perfume/Curionoir/Pablo-65219.html
42516,Curionoir,Purotu Rose,2017,https://www.fragrantica.com/perfume/Curionoir/Purotu-Rose-65220.html
42517,Curionoir,Tobacco Night,2016,https://www.fragrantica.com/perfume/Curionoir/Tobacco-Night-65218.html
42518,Curious Perfume / WonderChest Perfumes,Between the Worlds,2015,https://www.parfumo.com/Perfumes/curious-perfume/Between_the_Worlds
42519,Curious Perfume / WonderChest Perfumes,Cancer,,https://www.parfumo.com/Perfumes/curious-perfume/cancer
42520,Curious Perfume / WonderChest Perfumes,Green Man,1990,https://www.parfumo.com/Perfumes/curious-perfume/green-man
42521,Curious Perfume / WonderChest Perfumes,Hermit,2007,https://www.parfumo.com/Perfumes/curious-perfume/9-hermit
42522,Curious Perfume / WonderChest Perfumes,The Fool,2004,https://www.parfumo.com/Perfumes/curious-perfume/0-the-fool
42523,Curious Perfume / WonderChest Perfumes,The Sun,,https://www.parfumo.com/Perfumes/curious-perfume/19-the-sun
42524,Cursed,Black Veil Brides,2026,https://www.fragrantica.com/perfume/Cursed/Black-Veil-Brides-134591.html
42525,Cursed,Crystal Ritual,2023,https://www.fragrantica.com/perfume/Cursed/Crystal-Ritual-88694.html
42526,Cursed,Death's Elixir,2023,https://www.fragrantica.com/perfume/Cursed/Death-s-Elixir-88692.html
42527,Cursed,From Hell,2023,https://www.fragrantica.com/perfume/Cursed/From-Hell-88689.html
42528,Cursed,Kill For Me,2023,https://www.fragrantica.com/perfume/Cursed/Kill-For-Me-88691.html
42529,Cursed,Moonstruck,2023,https://www.fragrantica.com/perfume/Cursed/Moonstruck-88695.html
42530,Cursed,Pretty As Poison,2023,https://www.fragrantica.com/perfume/Cursed/Pretty-As-Poison-88693.html
42531,Cursed,Ritual Spirit,2023,https://www.fragrantica.com/perfume/Cursed/Ritual-Spirit-88690.html
42532,Cursed,Siren's Kiss,2026,https://www.fragrantica.com/perfume/Cursed/Siren-s-Kiss-136595.html
42533,Cursed,Vampiren Veil,2024,https://www.fragrantica.com/perfume/Cursed/Vampiren-Veil-97354.html
42534,Cussons,Imperial Leather,1768,https://www.fragrantica.com/perfume/Cussons/Imperial-Leather-73663.html
42535,Custo Barcelona,Blue Wind,2012,https://www.fragrantica.com/perfume/Custo-Barcelona/Blue-Wind-15414.html
42536,Custo Barcelona,Custo Barcelona,2008,https://www.fragrantica.com/perfume/Custo-Barcelona/Custo-Barcelona-4751.html
42537,Custo Barcelona,Custo Man,2009,https://www.fragrantica.com/perfume/Custo-Barcelona/Custo-Man-6833.html
42538,Custo Barcelona,Custo Woman L’Eau,2014,https://www.fragrantica.com/perfume/Custo-Barcelona/Custo-Woman-L-Eau-25935.html
42539,Custo Barcelona,Enjoy Man,2013,https://www.fragrantica.com/perfume/Custo-Barcelona/Enjoy-Man-18868.html
42540,Custo Barcelona,Enjoy Woman,2013,https://www.fragrantica.com/perfume/Custo-Barcelona/Enjoy-Woman-18869.html
42541,Custo Barcelona,Glam Star,2012,https://www.fragrantica.com/perfume/Custo-Barcelona/Glam-Star-16866.html
42542,Custo Barcelona,Pure Custo Barcelona Man,2010,https://www.fragrantica.com/perfume/Custo-Barcelona/Pure-Custo-Barcelona-Man-10338.html
42543,Custo Barcelona,Pure Custo Barcelona Woman,2010,https://www.fragrantica.com/perfume/Custo-Barcelona/Pure-Custo-Barcelona-Woman-10337.html
42544,Custo Barcelona,This is Me,,https://www.fragrantica.com/perfume/Custo-Barcelona/This-is-Me-84971.html
42545,Cutterman Co.,Cutterman,2017,https://www.fragrantica.com/perfume/Cutterman-Co/Cutterman-79761.html
42546,Cuvée Beauty,Cuvée Beauty Eau de Parfum,2020,https://www.fragrantica.com/perfume/Cuvee-Beauty/Cuvee-Beauty-Eau-de-Parfum-77356.html
42547,CVS Essence of Beauty,Forever Paris,2013,https://www.fragrantica.com/perfume/CVS-Essence-of-Beauty/Forever-Paris-19025.html
42548,CVS Essence of Beauty,In The Tropics,2013,https://www.fragrantica.com/perfume/CVS-Essence-of-Beauty/In-The-Tropics-19027.html
42549,CVS Essence of Beauty,Japanese Garden CVS Essence of Beauty,,https://www.fragrantica.com/perfume/CVS-Essence-of-Beauty/Japanese-Garden-CVS-Essence-of-Beauty-36746.html
42550,CVS Essence of Beauty,Secret Woods,2013,https://www.fragrantica.com/perfume/CVS-Essence-of-Beauty/Secret-Woods-19026.html
42551,CVS Essence of Beauty,Wind Kissed,2013,https://www.fragrantica.com/perfume/CVS-Essence-of-Beauty/Wind-Kissed-19024.html
42552,Cygnet Perfumery,Antiquarian,2020,https://www.fragrantica.com/perfume/Cygnet-Perfumery/Antiquarian-134765.html
42553,Cygnet Perfumery,Conifer,2020,https://www.fragrantica.com/perfume/Cygnet-Perfumery/Conifer-134762.html
42554,Cygnet Perfumery,Nocturne,2020,https://www.fragrantica.com/perfume/Cygnet-Perfumery/Nocturne-134763.html
42555,Cygnet Perfumery,Plein Air,2020,https://www.fragrantica.com/perfume/Cygnet-Perfumery/Plein-Air-134761.html
42556,Cygnet Perfumery,Vigneron,2020,https://www.fragrantica.com/perfume/Cygnet-Perfumery/Vigneron-134766.html
42557,Cyklar,Bergamot Bond,,https://www.fragrantica.com/perfume/Cyklar/Bergamot-Bond-121095.html
42558,Cyklar,Flora Veil,,https://www.fragrantica.com/perfume/Cyklar/Flora-Veil-121097.html
42559,Cyklar,Modern Patchouli,,https://www.fragrantica.com/perfume/Cyklar/Modern-Patchouli-121098.html
42560,Cyklar,Naked Neroli,2025,https://www.fragrantica.com/perfume/Cyklar/Naked-Neroli-127461.html
42561,Cyklar,Rose Bud,2026,https://www.fragrantica.com/perfume/Cyklar/Rose-Bud-127460.html
42562,Cyklar,Sacred Santal,,https://www.fragrantica.com/perfume/Cyklar/Sacred-Santal-121094.html
42563,Cyklar,Sex Musk,,https://www.fragrantica.com/perfume/Cyklar/Sex-Musk-121096.html
42564,Cyklar,Vanilla Verve,,https://www.fragrantica.com/perfume/Cyklar/Vanilla-Verve-121093.html
42565,Cynthia Rowley,Cynthia Rowley,2005,https://www.fragrantica.com/perfume/Cynthia-Rowley/Cynthia-Rowley-14729.html
42566,Cyrus,Al.Matino,2018,https://www.parfumo.com/Perfumes/Cyrus/Al_Matino
42567,Cyrus,Al.Matino Black,,https://www.parfumo.com/Perfumes/Cyrus/Al_Matino_Black
42568,Cyrus,Aviator Flyback Edition,,https://www.parfumo.com/Perfumes/Cyrus/aviator-flyback-edition
42569,Cyrus,Chancellor Ultimate,,https://www.parfumo.com/Perfumes/Cyrus/chancellor-ultimate
42570,Cyrus,Diplomate Legend,,https://www.parfumo.com/Perfumes/Cyrus/diplomate-legend
42571,Cyrus,Driver,,https://www.parfumo.com/Perfumes/Cyrus/driver
42572,Cyrus,Grandiose,2017,https://www.parfumo.com/Perfumes/Cyrus/Grandiose
42573,Cyrus,Grandiose Dreams,2018,https://www.parfumo.com/Perfumes/Cyrus/Grandiose_Dreams
42574,Cyrus,Rich Man Game,,https://www.parfumo.com/Perfumes/Cyrus/rich-man-game
42575,Cyrus,Thallium II,,https://www.parfumo.com/Perfumes/Cyrus/thallium-ii
42576,Cyrus,Writer,2017,https://www.parfumo.com/Perfumes/Cyrus/Writer
42577,Cyzone,Action,2002,https://www.parfumo.com/Perfumes/cyzone/Action
42578,Cyzone,Addicted,,https://www.parfumo.com/Perfumes/cyzone/Addicted
42579,Cyzone,Ainnara,,https://www.parfumo.com/Perfumes/cyzone/Ainnara
42580,Cyzone,Ainnara In Bloom,,https://www.fragrantica.com/perfume/Cyzone/Ainnara-In-Bloom-99396.html
42581,Cyzone,Amilet,,https://www.parfumo.com/Perfumes/cyzone/Amilet
42582,Cyzone,Attrak!,1994,https://www.parfumo.com/Perfumes/cyzone/Attrak
42583,Cyzone,Berrylicious - Berry Cocktail,,https://www.parfumo.com/Perfumes/cyzone/Berrylicious__Berry_Cocktail
42584,Cyzone,Blue & Blue for Him,,https://www.parfumo.com/Perfumes/cyzone/Blue__Blue_for_Him
42585,Cyzone,Dancing,2009,https://www.parfumo.com/Perfumes/cyzone/Dancing
42586,Cyzone,Dancing Night,,https://www.fragrantica.com/perfume/Cyzone/Dancing-Night-133178.html
42587,Cyzone,Depart,,https://www.parfumo.com/Perfumes/cyzone/Depart
42588,Cyzone,Fashion 101,,https://www.parfumo.com/Perfumes/cyzone/Fashion_101
42589,Cyzone,Flirty Girl,2011,https://www.fragrantica.com/perfume/Cyzone/Flirty-Girl-133182.html
42590,Cyzone,Flirty Girl Sexy,2024,https://www.fragrantica.com/perfume/Cyzone/Flirty-Girl-Sexy-133183.html
42591,Cyzone,Forze,2017,https://www.fragrantica.com/perfume/Cyzone/Forze-47154.html
42592,Cyzone,Giulia,2011,https://www.fragrantica.com/perfume/Cyzone/Giulia-133179.html
42593,Cyzone,Giulia Free,2014,https://www.fragrantica.com/perfume/Cyzone/Giulia-Free-133180.html
42594,Cyzone,In Love,,https://www.fragrantica.com/perfume/Cyzone/In-Love-133184.html
42595,Cyzone,In Love Passion,2024,https://www.fragrantica.com/perfume/Cyzone/In-Love-Passion-133185.html
42596,Cyzone,LoveBomb,2014,https://www.fragrantica.com/perfume/Cyzone/LoveBomb-133181.html
42597,Cyzone,Mystic Star,,https://www.fragrantica.com/perfume/Cyzone/Mystic-Star-112004.html
42598,Cyzone,Paradise Dreams,,https://www.fragrantica.com/perfume/Cyzone/Paradise-Dreams-133173.html
42599,Cyzone,Prints,,https://www.fragrantica.com/perfume/Cyzone/Prints-133174.html
42600,Cyzone,Prints Xperience,,https://www.fragrantica.com/perfume/Cyzone/Prints-Xperience-133175.html
42601,Cyzone,Sweet Black,2017,https://www.fragrantica.com/perfume/Cyzone/Sweet-Black-89457.html
42602,Cyzone,Sweet Black Exclusive,2023,https://www.fragrantica.com/perfume/Cyzone/Sweet-Black-Exclusive-89460.html
42603,Cyzone,Sweet Black Intense,2019,https://www.fragrantica.com/perfume/Cyzone/Sweet-Black-Intense-89458.html
42604,Cyzone,Sweet Chic,2018,https://www.fragrantica.com/perfume/Cyzone/Sweet-Chic-89459.html
42605,Cyzone,Taste Velvet,,https://www.fragrantica.com/perfume/Cyzone/Taste-Velvet-133172.html
42606,Cyzone,True by Yuya,1934,https://www.parfumo.com/Perfumes/cyzone/True_by_Yuya
42607,Cyzone,Viva,2020,https://www.fragrantica.com/perfume/Cyzone/Viva-92634.html
42608,CZAR,Alexandra X Aslan Gülçiçek,2018,https://www.fragrantica.com/perfume/CZAR/Alexandra-X-Aslan-Guelcicek-77635.html
42609,CZAR,Alexandre,2018,https://www.fragrantica.com/perfume/CZAR/Alexandre-77645.html
42610,CZAR,Alexis,2018,https://www.fragrantica.com/perfume/CZAR/Alexis-77646.html
42611,CZAR,Alexis - Just For Men X Jennifer Jambon,2021,https://www.fragrantica.com/perfume/CZAR/Alexis-Just-For-Men-X-Jennifer-Jambon-99190.html
42612,CZAR,Alexis - Just for Women X Valerie Bessone,2021,https://www.fragrantica.com/perfume/CZAR/Alexis-Just-for-Women-X-Valerie-Bessone-99191.html
42613,CZAR,Anastasia X Aslan Gülçiçek,2018,https://www.fragrantica.com/perfume/CZAR/Anastasia-X-Aslan-Guelcicek-77636.html
42614,CZAR,Antelope X Nathalie Feisthauer,2023,https://www.fragrantica.com/perfume/CZAR/Antelope-X-Nathalie-Feisthauer-87484.html
42615,CZAR,Aqua Luna X Olivier Cresp,2024,https://www.fragrantica.com/perfume/CZAR/Aqua-Luna-X-Olivier-Cresp-90543.html
42616,CZAR,Butterfly X Aslan Gülçiçek,2018,https://www.fragrantica.com/perfume/CZAR/Butterfly-X-Aslan-Guelcicek-77637.html
42617,CZAR,Falcon X Aslan Gülçiçek,2018,https://www.fragrantica.com/perfume/CZAR/Falcon-X-Aslan-Guelcicek-77638.html
42618,CZAR,Forever Yours X Antoine Cotton,2025,https://www.fragrantica.com/perfume/CZAR/Forever-Yours-X-Antoine-Cotton-130326.html
42619,CZAR,Gardenia X Nathalie Feisthauer,2023,https://www.fragrantica.com/perfume/CZAR/Gardenia-X-Nathalie-Feisthauer-87485.html
42620,CZAR,Gentle Fusion X Nathalie Feisthauer,2024,https://www.fragrantica.com/perfume/CZAR/Gentle-Fusion-X-Nathalie-Feisthauer-90537.html
42621,CZAR,Hijri X Nathalie Feisthauer,2023,https://www.fragrantica.com/perfume/CZAR/Hijri-X-Nathalie-Feisthauer-87486.html
42622,CZAR,Honeymoon X Antoine Lie,2024,https://www.fragrantica.com/perfume/CZAR/Honeymoon-X-Antoine-Lie-98199.html
42623,CZAR,Impala X Aslan Gülçiçek,2018,https://www.fragrantica.com/perfume/CZAR/Impala-X-Aslan-Guelcicek-77639.html
42624,CZAR,LINK X Luca Maffei,2025,https://www.fragrantica.com/perfume/CZAR/LINK-X-Luca-Maffei-116980.html
42625,CZAR,Lora,2018,https://www.fragrantica.com/perfume/CZAR/Lora-77652.html
42626,CZAR,Marble Palace X Antoine Cotton,2025,https://www.fragrantica.com/perfume/CZAR/Marble-Palace-X-Antoine-Cotton-130325.html
42627,CZAR,Maria,2018,https://www.fragrantica.com/perfume/CZAR/Maria-77640.html
42628,CZAR,Nero,2018,https://www.fragrantica.com/perfume/CZAR/Nero-77647.html
42629,CZAR,Nicholas,2018,https://www.fragrantica.com/perfume/CZAR/Nicholas-77648.html
42630,CZAR,Ocean Gravity X Olivier Cresp X Ilias Ermenidis,2024,https://www.fragrantica.com/perfume/CZAR/Ocean-Gravity-X-Olivier-Cresp-X-Ilias-Ermenidis-90542.html
42631,CZAR,Olga,2018,https://www.fragrantica.com/perfume/CZAR/Olga-77641.html
42632,CZAR,PEAK X Cécile Zarokian,2025,https://www.fragrantica.com/perfume/CZAR/PEAK-X-Cecile-Zarokian-105749.html
42633,CZAR,Pella Palace X Marzia Tissino,2024,https://www.fragrantica.com/perfume/CZAR/Pella-Palace-X-Marzia-Tissino-105750.html
42634,CZAR,Potivar,2018,https://www.fragrantica.com/perfume/CZAR/Potivar-77649.html
42635,CZAR,Romanova,2018,https://www.fragrantica.com/perfume/CZAR/Romanova-77650.html
42636,CZAR,Stallion X Aslan Gülçiçek,2018,https://www.fragrantica.com/perfume/CZAR/Stallion-X-Aslan-Guelcicek-77642.html
42637,CZAR,Sword X Antoine Lie,2024,https://www.fragrantica.com/perfume/CZAR/Sword-X-Antoine-Lie-98200.html
42638,CZAR,Tatiana,2018,https://www.fragrantica.com/perfume/CZAR/Tatiana-77643.html
42639,CZAR,Tiger X Aslan Gülçiçek,2018,https://www.fragrantica.com/perfume/CZAR/Tiger-X-Aslan-Guelcicek-77644.html
42640,CZAR,Titus,2018,https://www.fragrantica.com/perfume/CZAR/Titus-77651.html
42641,CZAR,Trend X Antoine Cotton,2025,https://www.fragrantica.com/perfume/CZAR/Trend-X-Antoine-Cotton-119279.html
42642,CZAR,Venom X Aslan Gülçiçek,2023,https://www.fragrantica.com/perfume/CZAR/Venom-X-Aslan-Guelcicek-90538.html
42643,Czarna Mamba,Free Style,2010,https://www.fragrantica.com/perfume/Czarna-Mamba/Free-Style-45959.html
42644,Czarna Mamba,Pasodoble,2010,https://www.fragrantica.com/perfume/Czarna-Mamba/Pasodoble-45960.html
42645,Czarna Mamba,Tango,2010,https://www.fragrantica.com/perfume/Czarna-Mamba/Tango-45958.html
42646,Czech & Speake,Amber 7,2024,https://www.fragrantica.com/perfume/Czech-Speake/Amber-7-95152.html
42647,Czech & Speake,Citrus Paradisi Cologne (Eau de Cologne),2000,https://www.fragrantica.com/perfume/Czech-Speake/Citrus-Paradisi-Cologne-6424.html
42648,Czech & Speake,Cuba Cologne (Eau de Cologne),2002,https://www.fragrantica.com/perfume/Czech-Speake/Cuba-Cologne-6428.html
42649,Czech & Speake,Cuba Eau de Parfum,2021,https://www.fragrantica.com/perfume/Czech-Speake/Cuba-Eau-de-Parfum-72253.html
42650,Czech & Speake,Dark Rose Cologne (Eau de Cologne),2009,https://www.fragrantica.com/perfume/Czech-Speake/Dark-Rose-Cologne-6423.html
42651,Czech & Speake,Dark Rose Eau de Parfum,2022,https://www.fragrantica.com/perfume/Czech-Speake/Dark-Rose-Eau-de-Parfum-119782.html
42652,Czech & Speake,Ferox Spiritus,2026,https://www.fragrantica.com/perfume/Czech-Speake/Ferox-Spiritus-138951.html
42653,Czech & Speake,Figwood No. 3,2026,https://www.fragrantica.com/perfume/Czech-Speake/Figwood-No-3-138954.html
42654,Czech & Speake,Frankincense and Myrrh Cologne (Eau de Cologne),,https://www.fragrantica.com/perfume/Czech-Speake/Frankincense-and-Myrrh-Cologne-6425.html
42655,Czech & Speake,Frankincense & Myrrh Eau de Parfum,2021,https://www.fragrantica.com/perfume/Czech-Speake/Frankincense-Myrrh-Eau-de-Parfum-72255.html
42656,Czech & Speake,Mayfair Oud,2026,https://www.fragrantica.com/perfume/Czech-Speake/Mayfair-Oud-138950.html
42657,Czech & Speake,Mimosa Cologne (Eau de Cologne),,https://www.fragrantica.com/perfume/Czech-Speake/Mimosa-Cologne-6422.html
42658,Czech & Speake,Neroli Cologne (Eau de Cologne),1981,https://www.fragrantica.com/perfume/Czech-Speake/Neroli-Cologne-6426.html
42659,Czech & Speake,Neroli Eau de Parfum,2021,https://www.fragrantica.com/perfume/Czech-Speake/Neroli-Eau-de-Parfum-72256.html
42660,Czech & Speake,No 88 Cologne (Eau de Cologne),1980,https://www.fragrantica.com/perfume/Czech-Speake/No-88-Cologne-6429.html
42661,Czech & Speake,No.88 Eau de Parfum,2021,https://www.fragrantica.com/perfume/Czech-Speake/No-88-Eau-de-Parfum-72252.html
42662,Czech & Speake,Orange Monastery,2026,https://www.fragrantica.com/perfume/Czech-Speake/Orange-Monastery-138953.html
42663,Czech & Speake,Oxford & Cambridge Cologne (Eau de Cologne),1994,https://www.fragrantica.com/perfume/Czech-Speake/Oxford-Cambridge-Cologne-6427.html
42664,Czech & Speake,Oxford & Cambridge Eau de Parfum,2021,https://www.fragrantica.com/perfume/Czech-Speake/Oxford-Cambridge-Eau-de-Parfum-72254.html
42665,Czech & Speake,Pastiche Court,2026,https://www.fragrantica.com/perfume/Czech-Speake/Pastiche-Court-138955.html
42666,Czech & Speake,Perfecto Fino Cologne (Eau de Cologne),2020,https://www.fragrantica.com/perfume/Czech-Speake/Perfecto-Fino-Cologne-63281.html
42667,Czech & Speake,Perfecto Fino Eau de Parfum,2021,https://www.fragrantica.com/perfume/Czech-Speake/Perfecto-Fino-Eau-de-Parfum-72257.html
42668,Czech & Speake,Regent Ambar,2026,https://www.fragrantica.com/perfume/Czech-Speake/Regent-Ambar-138952.html
42669,Czech & Speake,Rose Cologne (Eau de Cologne),,https://www.fragrantica.com/perfume/Czech-Speake/Rose-Cologne-6418.html
42670,Czech & Speake,Spanish Cedar Eau de Parfum,2014,https://www.fragrantica.com/perfume/Czech-Speake/Spanish-Cedar-Eau-de-Parfum-25296.html
42671,Czech & Speake,Vetiver Vert Cologne (Eau de Cologne),2011,https://www.fragrantica.com/perfume/Czech-Speake/Vetiver-Vert-Cologne-14381.html
42672,Czech & Speake,Vetiver Vert Eau de Parfum,2021,https://www.fragrantica.com/perfume/Czech-Speake/Vetiver-Vert-Eau-de-Parfum-72258.html
42673,Czech & Speake,Villa Ausonia Cologne (Eau de Cologne),2018,https://www.fragrantica.com/perfume/Czech-Speake/Villa-Ausonia-Cologne-57042.html
42674,d'Alba,Ritual Tangerine,,https://www.fragrantica.com/perfume/d-Alba/Ritual-Tangerine-115976.html
42675,D&P Perfumum,5 Boulevard,,https://dpperfumum.com/erkek/
42676,D&P Perfumum,A1 (Eau de Parfum),,https://www.trendyol.com/d-p-perfumum/a1-erkek-parfum-edp-100-ml-p-92908066
42677,D&P Perfumum,A10 (Eau de Parfum),,https://www.trendyol.com/d-p-perfumum/a10-erkek-parfum-edp-100-ml-p-92507569
42678,D&P Perfumum,A11 (Eau de Parfum),,https://www.trendyol.com/d-p-perfumum/a11-kadin-parfum-edp-50-ml-p-92873949
42679,D&P Perfumum,A12 (Eau de Parfum),,https://www.trendyol.com/d-p-perfumum/a12-kadin-parfum-edp-50-ml-p-92900809
42680,D&P Perfumum,A13 A13 (Eau de Parfum),,https://www.trendyol.com/d-p-perfumum/a13-erkek-parfum-edp-100-ml-a13-p-92546495
42681,D&P Perfumum,A13 (Eau de Parfum),,https://www.trendyol.com/d-p-perfumum/a13-erkek-parfum-edp-50-ml-p-92872518
42682,D&P Perfumum,A17 (Eau de Parfum),,https://www.trendyol.com/d-p-perfumum/a17-kadin-parfum-edp-50-ml-p-93680637
42683,D&P Perfumum,A19 (Eau de Parfum),,https://www.trendyol.com/d-p-perfumum/a19-erkek-parfum-edp-100-ml-p-834218494
42684,D&P Perfumum,A2 (Eau de Parfum),,https://www.trendyol.com/d-p-perfumum/a2-erkek-parfum-edp-100-ml-p-92900752
42685,D&P Perfumum,A20 (Eau de Parfum),,https://www.trendyol.com/d-p-perfumum/a20-erkek-parfum-edp-100-ml-p-834373454
42686,D&P Perfumum,A24 (Eau de Parfum),,https://www.trendyol.com/d-p-perfumum/a24-kadin-parfum-edp-50-ml-p-198900040
42687,D&P Perfumum,A26 (Eau de Parfum),,https://www.trendyol.com/d-p-perfumum/a26-kadin-parfum-edp-50-ml-p-797094882
42688,D&P Perfumum,A3 (Eau de Parfum),,https://www.trendyol.com/d-p-perfumum/a3-erkek-parfum-edp-100-ml-p-92901001
42689,D&P Perfumum,A4 (Eau de Parfum),,https://www.trendyol.com/d-p-perfumum/a4-kadin-parfum-100-ml-p-90789639
42690,D&P Perfumum,A6 (Eau de Parfum),,https://www.trendyol.com/d-p-perfumum/a6-erkek-parfum-edp-100-ml-p-93681147
42691,D&P Perfumum,A9 (Eau de Parfum),,https://www.trendyol.com/d-p-perfumum/a9-erkek-parfum-edp-50-ml-p-1076082275
42692,D&P Perfumum,Abendrot,,https://dpperfumum.com.tr/
42693,D&P Perfumum,Abendrot M11,2022,https://www.fragrantica.com/perfume/D-P-Perfumum/Abendrot-M11-136455.html
42694,D&P Perfumum,Absolutely Belle,,https://dpperfumum.com.tr/
42695,D&P Perfumum,Accost Her,,https://dpperfumum.com/kadin/
42696,D&P Perfumum,Acrimony Of Might,,https://dpperfumum.com/kadin/
42697,D&P Perfumum,Across From Sky,,https://dpperfumum.com/kadin/
42698,D&P Perfumum,Ainoha,,https://dpperfumum.com/kadin/
42699,D&P Perfumum,Alexandra (Eau de Parfum),,https://dpperfumum.com.tr/c19-alexandra-kadin-parfum-1
42700,D&P Perfumum,Alice's Store,,https://dpperfumum.com.tr/
42701,D&P Perfumum,Always Classy,,https://dpperfumum.com/erkek/
42702,D&P Perfumum,Amador Women (Eau de Parfum),,https://dpperfumum.com.tr/e4-amador-women-kadin-parfum-1
42703,D&P Perfumum,An Armful,,https://dpperfumum.com.tr/
42704,D&P Perfumum,Apricity,,https://dpperfumum.com.tr/
42705,D&P Perfumum,Apricity T15,2022,https://www.fragrantica.com/perfume/D-P-Perfumum/Apricity-T15-136461.html
42706,D&P Perfumum,Arc (Eau de Parfum),,https://www.trendyol.com/d-p-perfumum/niche-seri-c36-golden-arc-edp-55ml-p-92876819
42707,D&P Perfumum,Ardor,,https://dpperfumum.com.tr/pages/parfumler
42708,D&P Perfumum,Arion,,https://dpperfumum.com.tr/pages/parfumler
42709,D&P Perfumum,ARISTOCRAT (Eau de Parfum),,https://dpamerica.com/category/oud-series/
42710,D&P Perfumum,Artful,,https://dpperfumum.com/kadin/
42711,D&P Perfumum,Artifice,,https://dpperfumum.com/kadin/
42712,D&P Perfumum,Athletic Jolu,,https://dpperfumum.com/kadin/
42713,D&P Perfumum,Athletic Xander,,https://dpperfumum.com/erkek/
42714,D&P Perfumum,Atmosphere,,https://dpperfumum.com/erkek/
42715,D&P Perfumum,Attic With,,https://dpperfumum.com.tr/pages/parfumler
42716,D&P Perfumum,Auspicial,,https://dpperfumum.com.tr/pages/parfumler
42717,D&P Perfumum,Azur Mark,,https://dpperfumum.com/erkek/
42718,D&P Perfumum,B15 (Eau de Parfum),,https://www.trendyol.com/d-p-perfumum/b15-kadin-parfum-edp-50-ml-p-797096025
42719,D&P Perfumum,B16 (Eau de Parfum),,https://www.trendyol.com/d-p-perfumum/b16-erkek-parfum-edp-100-ml-p-790558644
42720,D&P Perfumum,B18 (Eau de Parfum),,https://www.trendyol.com/d-p-perfumum/b18-kadin-parfum-edp-50-ml-p-92901167
42721,D&P Perfumum,B19 (Eau de Parfum),,https://www.trendyol.com/d-p-perfumum/b19-kadin-parfum-edp-50-ml-p-92871945
42722,D&P Perfumum,B20 (Eau de Parfum),,https://www.trendyol.com/d-p-perfumum/b20-kadin-parfum-edp-50-ml-p-92907918
42723,D&P Perfumum,B24 (Eau de Parfum),,https://www.trendyol.com/d-p-perfumum/b24-kadin-parfum-edp-100-ml-p-790022269
42724,D&P Perfumum,B24Kadın (Eau de Parfum),,https://www.trendyol.com/d-p-perfumum/b24kadin-parfum-edp-50-ml-p-790021654
42725,D&P Perfumum,B4 (Eau de Parfum),,https://www.trendyol.com/d-p-perfumum/b4-erkek-parfum-edp-50-ml-p-93682416
42726,D&P Perfumum,B6 (Eau de Parfum),,https://www.trendyol.com/d-p-perfumum/b6-kadin-parfum-edp-50-ml-p-92900955
42727,D&P Perfumum,Baldernock,,https://dpperfumum.com/erkek/
42728,D&P Perfumum,Bangel,,https://dpperfumum.com.tr/pages/parfumler
42729,D&P Perfumum,Barby,,https://dpperfumum.com/kadin/
42730,D&P Perfumum,Beatific (Eau de Parfum),,https://dpperfumum.com.tr/a4-beatific-kadin-parfum
42731,D&P Perfumum,Beauty Flame,,https://dpperfumum.com.tr/pages/parfumler
42732,D&P Perfumum,Begonia,,https://dpperfumum.com/kadin/
42733,D&P Perfumum,Behind Heaven,,https://dpperfumum.com/kadin/
42734,D&P Perfumum,Belinda,,https://dpperfumum.com/kadin/
42735,D&P Perfumum,Bergamo,,https://dpperfumum.com/erkek/
42736,D&P Perfumum,Big Screen,,https://dpperfumum.com/kadin/
42737,D&P Perfumum,Bitter Perla,,https://dpperfumum.com.tr/
42738,D&P Perfumum,Black,,https://dpperfumum.com.tr/color-series-1
42739,D&P Perfumum,Bliss Point,,https://dpperfumum.com/kadin/
42740,D&P Perfumum,Blomma,,https://dpperfumum.com.tr/pages/parfumler
42741,D&P Perfumum,Bloomy Sky (Eau de Parfum),,https://dpperfumum.com.tr/50ml-erkek-parfum-1?o=3&page=2
42742,D&P Perfumum,Blue Rod,,https://dpperfumum.com.tr/pages/parfumler
42743,D&P Perfumum,Bold Infusion,,https://dpperfumum.com.tr/pages/parfumler
42744,D&P Perfumum,Bounty,,https://dpperfumum.com.tr/pages/parfumler
42745,D&P Perfumum,Bright Lune,,https://dpperfumum.com.tr/
42746,D&P Perfumum,Bright Ruby,,https://dpperfumum.com.tr/pages/parfumler
42747,D&P Perfumum,Brown,,https://dpperfumum.com.tr/color-series-1
42748,D&P Perfumum,Bruce,,https://dpperfumum.com/erkek/
42749,D&P Perfumum,Brunette,,https://dpperfumum.com/kadin/
42750,D&P Perfumum,Burgundy,,https://dpperfumum.com.tr/color-series-1
42751,D&P Perfumum,Burst Of The Season,,https://dpperfumum.com/kadin/
42752,D&P Perfumum,Busy Girl,,https://dpperfumum.com/kadin/
42753,D&P Perfumum,By British (Eau de Parfum),,https://dpperfumum.com.tr/b4-by-british-kadin-parfum-1
42754,D&P Perfumum,By Giotto,,https://dpperfumum.com/erkek/
42755,D&P Perfumum,By Master (Eau de Parfum),,https://dpperfumum.com.tr/b6-by-master-erkek-parfum-1
42756,D&P Perfumum,C1 (Eau de Parfum),,https://www.trendyol.com/d-p-perfumum/c1-kadin-parfum-edp-50-ml-p-1188159782
42757,D&P Perfumum,C12 (Eau de Parfum),,https://www.trendyol.com/d-p-perfumum/c12-erkek-parfum-edp-50-ml-p-92873450
42758,D&P Perfumum,C14 (Eau de Parfum),,https://www.trendyol.com/d-p-perfumum/c14-erkek-parfum-edp-100-ml-p-93679575
42759,D&P Perfumum,C15 (Eau de Parfum),,https://www.trendyol.com/d-p-perfumum/c15-erkek-parfum-edp-100-ml-p-93677982
42760,D&P Perfumum,C16 (Eau de Parfum),,https://www.trendyol.com/d-p-perfumum/c16-kadin-parfum-edp-50-ml-p-93683256
42761,D&P Perfumum,C17 (Eau de Parfum),,https://www.trendyol.com/d-p-perfumum/c17-kadin-parfum-edp-50-ml-p-92905124
42762,D&P Perfumum,C18 (Eau de Parfum),,https://www.trendyol.com/d-p-perfumum/c18-erkek-parfum-edp-50-ml-p-93677423
42763,D&P Perfumum,C20 (Eau de Parfum),,https://www.trendyol.com/d-p-perfumum/c20-kadin-parfum-100-ml-p-90787860
42764,D&P Perfumum,C21 (Eau de Parfum),,https://www.trendyol.com/d-p-perfumum/c21-kadin-parfum-edp-50-ml-p-92902077
42765,D&P Perfumum,C23 (Eau de Parfum),,https://www.trendyol.com/d-p-perfumum/c23-kadin-parfum-100-ml-p-90789797
42766,D&P Perfumum,C24 (Eau de Parfum),,https://www.trendyol.com/d-p-perfumum/c24-kadin-parfum-edp-50-ml-p-93684063
42767,D&P Perfumum,C26 (Eau de Parfum),,https://www.trendyol.com/d-p-perfumum/c26-kadin-parfum-edp-50-ml-p-92874610
42768,D&P Perfumum,C29 (Eau de Parfum),,https://www.trendyol.com/d-p-perfumum/c29-kadin-parfum-edp-50-ml-p-790022064
42769,D&P Perfumum,C32 (Eau de Parfum),,https://www.trendyol.com/d-p-perfumum/c32-kadin-parfum-edp-50-ml-p-92901805
42770,D&P Perfumum,C33 100 ml (Eau de Parfum),,https://www.trendyol.com/d-p-perfumum/c33-kadin-parfum-edp-100-ml-p-93684674
42771,D&P Perfumum,C33 (Eau de Parfum),,https://www.trendyol.com/d-p-perfumum/c33-kadin-parfum-edp-50-ml-p-93684570
42772,D&P Perfumum,C34 (Eau de Parfum),,https://www.trendyol.com/d-p-perfumum/c34-kadin-parfum-edp-50-ml-p-93681662
42773,D&P Perfumum,C37 (Eau de Parfum),,https://www.trendyol.com/d-p-perfumum/c37-kadin-parfum-edp-100-ml-p-831578122
42774,D&P Perfumum,C5 (Eau de Parfum),,https://www.trendyol.com/d-p-perfumum/c5-kadin-parfum-edp-50-ml-p-92902622
42775,D&P Perfumum,C6 (Eau de Parfum),,https://www.trendyol.com/d-p-perfumum/c6-kadin-parfum-100-ml-p-90787215
42776,D&P Perfumum,C7 (Eau de Parfum),,https://www.trendyol.com/d-p-perfumum/c7-erkek-parfum-edp-100-ml-p-92903167
42777,D&P Perfumum,C9 (Eau de Parfum),,https://www.trendyol.com/d-p-perfumum/c9-kadin-parfum-edp-50-ml-p-93681610
42778,D&P Perfumum,Calmcoy,,https://dpperfumum.com/kadin/
42779,D&P Perfumum,Camomile,,https://dpperfumum.com.tr/
42780,D&P Perfumum,Carriage,,https://dpperfumum.com/kadin/
42781,D&P Perfumum,Catch Me,,https://dpperfumum.com/erkek/
42782,D&P Perfumum,Ceasario,,https://dpperfumum.com/erkek/
42783,D&P Perfumum,Celebrity,,https://dpperfumum.com/kadin/
42784,D&P Perfumum,Chan,,https://dpperfumum.com.tr/
42785,D&P Perfumum,Charlot,,https://dpperfumum.com/kadin/
42786,D&P Perfumum,Charme,,https://dpperfumum.com/kadin/
42787,D&P Perfumum,Cheif's Choice,,https://dpperfumum.com/erkek/
42788,D&P Perfumum,Chilly Aqua For Him,,https://dpperfumum.com.tr/
42789,D&P Perfumum,Chippy,,https://dpperfumum.com/kadin/
42790,D&P Perfumum,Cholo Flume,,https://dpperfumum.com.tr/
42791,D&P Perfumum,Chorale,,https://dpperfumum.com/kadin/
42792,D&P Perfumum,Chromatic Man,,https://dpperfumum.com/erkek/
42793,D&P Perfumum,Chromic Glory,,https://dpperfumum.com/kadin/
42794,D&P Perfumum,Cinderella,,https://dpperfumum.com.tr/
42795,D&P Perfumum,City Of God,,https://dpperfumum.com/kadin/
42796,D&P Perfumum,City Of Love,,https://dpperfumum.com/kadin/
42797,D&P Perfumum,Claude,,https://dpperfumum.com/kadin/
42798,D&P Perfumum,Color Series F5 Gray (Eau de Parfum),,https://www.trendyol.com/d-p-perfumum/color-series-f5-gray-kadin-edp-55ml-p-795895501
42799,D&P Perfumum,Color Series U ı7 Black (Eau de Parfum),,https://www.trendyol.com/d-p-perfumum/color-series-u-i7-black-unisex-edp-55-ml-p-639443175
42800,D&P Perfumum,Color Series U L14 Burgundy (Eau de Parfum),,https://www.trendyol.com/d-p-perfumum/color-series-u-l14-burgundy-unisex-edp-55-ml-p-816466062
42801,D&P Perfumum,Color Series U M13 Purple (Eau de Parfum),,https://www.trendyol.com/d-p-perfumum/color-series-u-m13-purple-unisex-edp-55-ml-p-639443167
42802,D&P Perfumum,Color Series U T19 White (Eau de Parfum),,https://www.trendyol.com/d-p-perfumum/color-series-u-t19-white-unisex-edp-55-ml-p-745756810
42803,D&P Perfumum,Colored Man,,https://dpperfumum.com/erkek/
42804,D&P Perfumum,Combined,,https://dpperfumum.com.tr/pages/parfumler
42805,D&P Perfumum,Combined 02,,https://dpperfumum.com.tr/pages/parfumler
42806,D&P Perfumum,Completely Giovanny,,https://dpperfumum.com/kadin/
42807,D&P Perfumum,Concentrated,,https://dpperfumum.com.tr/
42808,D&P Perfumum,Contrario (Tipi Contradiction),,https://dpperfumum.com/erkek/
42809,D&P Perfumum,Courage,,https://dpperfumum.com/erkek/
42810,D&P Perfumum,Crazy Cosmos,,https://dpperfumum.com/kadin/
42811,D&P Perfumum,Cream Sugar,,https://dpperfumum.com.tr/collections/fragrance-mist
42812,D&P Perfumum,Crespo,,https://dpperfumum.com/erkek/
42813,D&P Perfumum,Crystal Ball,,https://dpperfumum.com.tr/
42814,D&P Perfumum,Crystal Saphire,,https://dpperfumum.com.tr/
42815,D&P Perfumum,Crystayl Glamour,,https://dpperfumum.com.tr/pages/parfumler
42816,D&P Perfumum,D1 (Eau de Parfum),,https://www.trendyol.com/d-p-perfumum/d1-kadin-parfum-100-ml-p-90787039
42817,D&P Perfumum,D10 (Eau de Parfum),,https://www.trendyol.com/d-p-perfumum/d10-kadin-parfum-100-ml-p-90791341
42818,D&P Perfumum,D14 (Eau de Parfum),,https://www.trendyol.com/d-p-perfumum/d14-kadin-parfum-edp-50-ml-p-280069287
42819,D&P Perfumum,D15 (Eau de Parfum),,https://www.trendyol.com/d-p-perfumum/d15-kadin-parfum-edp-50-ml-p-93668955
42820,D&P Perfumum,D17 (Eau de Parfum),,https://www.trendyol.com/d-p-perfumum/d17-kadin-parfum-edp-50-ml-p-678337130
42821,D&P Perfumum,D18 (Eau de Parfum),,https://www.trendyol.com/d-p-perfumum/d18-erkek-parfum-edp-100-ml-p-93678508
42822,D&P Perfumum,D19 (Eau de Parfum),,https://www.trendyol.com/d-p-perfumum/d19-kadin-parfum-100-ml-p-90787724
42823,D&P Perfumum,D2 (Eau de Parfum),,https://www.trendyol.com/d-p-perfumum/d2-erkek-parfum-edp-100-ml-p-93678299
42824,D&P Perfumum,D21 (Eau de Parfum),,https://www.trendyol.com/d-p-perfumum/d21-kadin-parfum-edp-50-ml-p-92905077
42825,D&P Perfumum,D23 (Eau de Parfum),,https://www.trendyol.com/d-p-perfumum/d23-kadin-parfum-edp-50-ml-p-1054055648
42826,D&P Perfumum,D3 (Eau de Parfum),,https://www.trendyol.com/d-p-perfumum/d3-erkek-parfum-edp-50-ml-p-93668823
42827,D&P Perfumum,D4 (Eau de Parfum),,https://www.trendyol.com/d-p-perfumum/d4-erkek-parfum-edp-50-ml-p-92872256
42828,D&P Perfumum,D6 (Eau de Parfum),,https://www.trendyol.com/d-p-perfumum/d6-erkek-parfum-edp-100-ml-p-92902229
42829,D&P Perfumum,D7 (Eau de Parfum),,https://www.trendyol.com/d-p-perfumum/d7-erkek-parfum-edp-100-ml-p-834216415
42830,D&P Perfumum,D8 (Eau de Parfum),,https://www.trendyol.com/d-p-perfumum/d8-erkek-parfum-edp-50-ml-p-1163208531
42831,D&P Perfumum,Dainty,,https://dpperfumum.com.tr/
42832,D&P Perfumum,Dainty K6,2021,https://www.fragrantica.com/perfume/D-P-Perfumum/Dainty-K6-136453.html
42833,D&P Perfumum,Dante,,https://dpperfumum.com/erkek/
42834,D&P Perfumum,Daring Bloom,,https://dpperfumum.com.tr/
42835,D&P Perfumum,Dark Ego,,https://dpperfumum.com.tr/pages/parfumler
42836,D&P Perfumum,Dark Flower,,https://dpperfumum.com.tr/pages/parfumler
42837,D&P Perfumum,Dark Lexes,,https://dpperfumum.com.tr/
42838,D&P Perfumum,Dark Magic,,https://dpperfumum.com/kadin/
42839,D&P Perfumum,Dark Opio,,https://dpperfumum.com.tr/
42840,D&P Perfumum,DARK OUD (Eau de Parfum),,https://dpamerica.com/category/oud-series/
42841,D&P Perfumum,Dark Ruby,,https://dpperfumum.com/kadin/
42842,D&P Perfumum,DAYLIGHT OUD (Eau de Parfum),,https://dpamerica.com/category/oud-series/
42843,D&P Perfumum,Declaration,,https://dpperfumum.com.tr/
42844,D&P Perfumum,Delightful,,https://dpperfumum.com/kadin/
42845,D&P Perfumum,Delinquet,,https://dpperfumum.com.tr/
42846,D&P Perfumum,Demetra,,https://dpperfumum.com/kadin/
42847,D&P Perfumum,Digimon,,https://dpperfumum.com/kadin/
42848,D&P Perfumum,Dominion,,https://dpperfumum.com/kadin/
42849,D&P Perfumum,Donald Karson,,https://dpperfumum.com/kadin/
42850,D&P Perfumum,Dory Garan,,https://dpperfumum.com/kadin/
42851,D&P Perfumum,Douce,,https://dpperfumum.com/kadin/
42852,D&P Perfumum,Dual Pond,,https://dpperfumum.com/erkek/
42853,D&P Perfumum,Dulcet,,https://dpperfumum.com.tr/
42854,D&P Perfumum,Dulcet M14,2023,https://www.fragrantica.com/perfume/D-P-Perfumum/Dulcet-M14-136456.html
42855,D&P Perfumum,Duron Kaarle,,https://dpperfumum.com/erkek/
42856,D&P Perfumum,E 22 (Eau de Parfum),,https://www.trendyol.com/d-p-perfumum/e-22-kadin-parfum-edp-50-ml-p-92900848
42857,D&P Perfumum,E17 (Eau de Parfum),,https://www.trendyol.com/d-p-perfumum/e17-kadin-parfum-edp-50-ml-p-92906244
42858,D&P Perfumum,E4 (Eau de Parfum),,https://www.trendyol.com/d-p-perfumum/e4-kadin-parfum-100-ml-p-90788144
42859,D&P Perfumum,E8 (Eau de Parfum),,https://www.trendyol.com/d-p-perfumum/e8-kadin-parfum-edp-50-ml-p-93682033
42860,D&P Perfumum,E9 (Eau de Parfum),,https://www.trendyol.com/d-p-perfumum/e9-kadin-parfum-edp-50-ml-p-92872359
42861,D&P Perfumum,Elated Aura,,https://dpperfumum.com.tr/pages/parfumler
42862,D&P Perfumum,Elegant,,https://dpperfumum.com/kadin/
42863,D&P Perfumum,Elegant Purple,,https://dpperfumum.com.tr/
42864,D&P Perfumum,Elegant Purple S1,2019,https://www.fragrantica.com/perfume/D-P-Perfumum/Elegant-Purple-S1-136459.html
42865,D&P Perfumum,Elemental,,https://dpperfumum.com.tr/
42866,D&P Perfumum,Elisa,,https://dpperfumum.com.tr/
42867,D&P Perfumum,Elsa Parfum,,https://dpperfumum.com/kadin/
42868,D&P Perfumum,Empowerment,,https://dpperfumum.com.tr/pages/parfumler
42869,D&P Perfumum,Energy For Story,,https://dpperfumum.com/kadin/
42870,D&P Perfumum,Enticing Away,,https://dpperfumum.com/kadin/
42871,D&P Perfumum,Escapist,,https://dpperfumum.com.tr/
42872,D&P Perfumum,Esthetic,,https://dpperfumum.com/kadin/
42873,D&P Perfumum,Estrella,,https://dpperfumum.com.tr/
42874,D&P Perfumum,Eternal Love,,https://dpperfumum.com/kadin/
42875,D&P Perfumum,Eugenıe,,https://dpperfumum.com.tr/pages/parfumler
42876,D&P Perfumum,Eulogizer,,https://dpperfumum.com.tr/
42877,D&P Perfumum,Everwarm,,https://dpperfumum.com.tr/pages/parfumler
42878,D&P Perfumum,Evoke,,https://dpperfumum.com/erkek/
42879,D&P Perfumum,Exciting Message,,https://dpperfumum.com/kadin/
42880,D&P Perfumum,Extra Serene,,https://dpperfumum.com/erkek/
42881,D&P Perfumum,Extremely Blue,,https://dpperfumum.com.tr/
42882,D&P Perfumum,Extremely Important,,https://dpperfumum.com.tr/
42883,D&P Perfumum,Extremum,,https://dpperfumum.com/erkek/
42884,D&P Perfumum,F1 (Eau de Parfum),,https://www.trendyol.com/d-p-perfumum/f1-erkek-parfum-edp-100-ml-p-91679841
42885,D&P Perfumum,Fairness,,https://dpperfumum.com/kadin/
42886,D&P Perfumum,Feroce Uomo,,https://dpperfumum.com.tr/pages/parfumler
42887,D&P Perfumum,Fifth Daniele (Eau de Parfum),,https://dpperfumum.com.tr/c9-fifth-daniele-kadin-parfum-1
42888,D&P Perfumum,Firedance,,https://dpperfumum.com.tr/
42889,D&P Perfumum,Firedance M5,2019,https://www.fragrantica.com/perfume/D-P-Perfumum/Firedance-M5-136454.html
42890,D&P Perfumum,Flammy,,https://dpperfumum.com/kadin/
42891,D&P Perfumum,Flare Up,,https://dpperfumum.com.tr/
42892,D&P Perfumum,Folk In Janeiro,,https://dpperfumum.com/kadin/
42893,D&P Perfumum,For Ages,,https://dpperfumum.com/erkek/
42894,D&P Perfumum,For The Gutsy (Eau de Parfum),,https://dpperfumum.com.tr/50ml-erkek-parfum-1
42895,D&P Perfumum,Forelsket,,https://dpperfumum.com.tr/
42896,D&P Perfumum,Forever,,https://dpperfumum.com/erkek/
42897,D&P Perfumum,Forever Young,,https://dpperfumum.com/kadin/
42898,D&P Perfumum,Fortune,,https://dpperfumum.com.tr/
42899,D&P Perfumum,Free Man,,https://dpperfumum.com.tr/pages/parfumler
42900,D&P Perfumum,Free Mind,,https://dpperfumum.com.tr/
42901,D&P Perfumum,Free Mind İntense,,https://dpperfumum.com.tr/pages/parfumler
42902,D&P Perfumum,From Mars,,https://dpperfumum.com.tr/
42903,D&P Perfumum,Fulgent Flower,,https://dpperfumum.com.tr/pages/parfumler
42904,D&P Perfumum,Full Ache,,https://dpperfumum.com/kadin/
42905,D&P Perfumum,Full Of Flower,,https://dpperfumum.com.tr/
42906,D&P Perfumum,Full Of Spices,,https://dpperfumum.com.tr/pages/parfumler
42907,D&P Perfumum,G1 (Eau de Parfum),,https://www.trendyol.com/d-p-perfumum/g1-erkek-parfum-edp-100-ml-p-92510712
42908,D&P Perfumum,G11 (Eau de Parfum),,https://www.trendyol.com/d-p-perfumum/g11-kadin-parfum-edp-50-ml-p-92900792
42909,D&P Perfumum,G13 (Eau de Parfum),,https://www.trendyol.com/d-p-perfumum/g13-kadin-parfum-edp-50-ml-p-93681792
42910,D&P Perfumum,G14 (Eau de Parfum),,https://www.trendyol.com/d-p-perfumum/g14-kadin-parfum-edp-50-ml-p-92871952
42911,D&P Perfumum,G3 (Eau de Parfum),,https://www.trendyol.com/d-p-perfumum/g3-kadin-parfum-edp-50-ml-p-92901179
42912,D&P Perfumum,G4 (Eau de Parfum),,https://www.trendyol.com/d-p-perfumum/g4-kadin-parfum-edp-50-ml-p-266555178
42913,D&P Perfumum,G8 (Eau de Parfum),,https://www.trendyol.com/d-p-perfumum/g8-erkek-parfum-edp-50-ml-p-109972081
42914,D&P Perfumum,G8 G8 (Eau de Parfum),,https://www.trendyol.com/d-p-perfumum/g8-erkek-parfum-g8-edp-100-ml-p-92509569
42915,D&P Perfumum,Gadabout,,https://dpperfumum.com.tr/pages/parfumler
42916,D&P Perfumum,Game With Her,,https://dpperfumum.com/kadin/
42917,D&P Perfumum,Gianna,,https://dpperfumum.com/kadin/
42918,D&P Perfumum,Gil's Son,,https://dpperfumum.com.tr/
42919,D&P Perfumum,Gilded Gem,,https://dpperfumum.com.tr/
42920,D&P Perfumum,Gilded Gem T6,2020,https://www.fragrantica.com/perfume/D-P-Perfumum/Gilded-Gem-T6-136460.html
42921,D&P Perfumum,Gildest,,https://dpperfumum.com.tr/pages/parfumler
42922,D&P Perfumum,Gino,,https://dpperfumum.com/kadin/
42923,D&P Perfumum,Gladness,,https://dpperfumum.com/kadin/
42924,D&P Perfumum,Glamm Bliss,,https://dpperfumum.com.tr/pages/parfumler
42925,D&P Perfumum,Glamorous,,https://dpperfumum.com/kadin/
42926,D&P Perfumum,Glaring,,https://dpperfumum.com.tr/
42927,D&P Perfumum,Glory For Men,,https://dpperfumum.com/erkek/
42928,D&P Perfumum,Glory For Women,,https://dpperfumum.com/kadin/
42929,D&P Perfumum,Goddess Of Love,,https://dpperfumum.com/kadin/
42930,D&P Perfumum,Gold Spike,,https://dpperfumum.com.tr/
42931,D&P Perfumum,Golden Arc,,https://dpperfumum.com.tr/
42932,D&P Perfumum,Golden Arc C36,2019,https://www.fragrantica.com/perfume/D-P-Perfumum/Golden-Arc-C36-136451.html
42933,D&P Perfumum,Golden Charm,,https://dpperfumum.com/kadin/
42934,D&P Perfumum,Golden Luxury,,https://dpperfumum.com.tr/
42935,D&P Perfumum,GOLDEN OUD (Eau de Parfum),,https://dpamerica.com/category/oud-series/
42936,D&P Perfumum,Gray,,https://dpperfumum.com.tr/color-series-1
42937,D&P Perfumum,Great Desire,,https://dpperfumum.com/erkek/
42938,D&P Perfumum,Green,,https://dpperfumum.com.tr/color-series-1
42939,D&P Perfumum,Guiltless Holly,,https://dpperfumum.com/kadin/
42940,D&P Perfumum,Gunnen C21,2022,https://www.fragrantica.com/perfume/D-P-Perfumum/Gunnen-C21-136450.html
42941,D&P Perfumum,H1 (Eau de Parfum),,https://www.trendyol.com/d-p-perfumum/h1-erkek-parfum-edp-100-ml-p-92477797
42942,D&P Perfumum,H13 (Eau de Parfum),,https://www.trendyol.com/d-p-perfumum/h13-kadin-parfum-edp-50-ml-p-887562264
42943,D&P Perfumum,H3 (Eau de Parfum),,https://www.trendyol.com/d-p-perfumum/h3-kadin-parfum-edp-50-ml-p-93683075
42944,D&P Perfumum,H5 (Eau de Parfum),,https://www.trendyol.com/d-p-perfumum/h5-kadin-parfum-edp-50-ml-p-92872248
42945,D&P Perfumum,H6 (Eau de Parfum),,https://www.trendyol.com/d-p-perfumum/h6-erkek-parfum-edp-100-ml-p-93679347
42946,D&P Perfumum,H9 (Eau de Parfum),,https://www.trendyol.com/d-p-perfumum/h9-erkek-parfum-edp-100-ml-p-93677141
42947,D&P Perfumum,Hedonia,,https://dpperfumum.com/kadin/
42948,D&P Perfumum,Herve's Territory,,https://dpperfumum.com.tr/
42949,D&P Perfumum,Hidden Shadow,,https://dpperfumum.com.tr/urun-kategori/dp-niche-serisi/
42950,D&P Perfumum,Hidden Shadow B23,2023,https://www.fragrantica.com/perfume/D-P-Perfumum/Hidden-Shadow-B23-136449.html
42951,D&P Perfumum,High Creation,,https://dpperfumum.com/kadin/
42952,D&P Perfumum,Highborn,,https://dpperfumum.com.tr/pages/parfumler
42953,D&P Perfumum,Holiday Time,,https://dpperfumum.com/erkek/
42954,D&P Perfumum,Holly & Devil (Eau de Parfum),,https://dpperfumum.com.tr/g11-holly---devil-kadin-parfum-1
42955,D&P Perfumum,Honey Romance,,https://dpperfumum.com.tr/collections/fragrance-mist
42956,D&P Perfumum,Hoodlum,,https://dpperfumum.com.tr/pages/parfumler
42957,D&P Perfumum,Huge Navy,,https://dpperfumum.com/erkek/
42958,D&P Perfumum,Hunky (Eau de Parfum),,https://dpperfumum.com.tr/
42959,D&P Perfumum,Hurry Up,,https://dpperfumum.com/erkek/
42960,D&P Perfumum,Hymn,,https://dpperfumum.com.tr/a4-hymn-erkek-parfum
42961,D&P Perfumum,Hyper Ones,,https://dpperfumum.com/erkek/
42962,D&P Perfumum,I2 (Eau de Parfum),,https://www.trendyol.com/d-p-perfumum/i2-kadin-parfum-edp-50-ml-p-92872276
42963,D&P Perfumum,I3 (Eau de Parfum),,https://www.trendyol.com/d-p-perfumum/i3-erkek-parfum-edp-100-ml-p-92907875
42964,D&P Perfumum,II,,https://dpperfumum.com.tr/
42965,D&P Perfumum,II Johan Powl Gardner,,https://dpperfumum.com/kadin/
42966,D&P Perfumum,Imagination (Eau de Parfum),,https://dpperfumum.com.tr/b19-imagination-kadin-parfum-1
42967,D&P Perfumum,Immure The Fever,,https://dpperfumum.com/erkek/
42968,D&P Perfumum,Imwardly,,https://dpperfumum.com.tr/pages/parfumler
42969,D&P Perfumum,In The Air Tonight,,https://dpperfumum.com/kadin/
42970,D&P Perfumum,Inefable,,https://dpperfumum.com.tr/pages/parfumler
42971,D&P Perfumum,Infrared Men,,https://dpperfumum.com.tr/pages/parfumler
42972,D&P Perfumum,Innefable,,https://dpperfumum.com.tr/
42973,D&P Perfumum,Inscribed,,https://dpperfumum.com/kadin/
42974,D&P Perfumum,Invite,,https://dpperfumum.com.tr/
42975,D&P Perfumum,Isami Mineta,,https://dpperfumum.com/kadin/
42976,D&P Perfumum,J1 (Eau de Parfum),,https://www.trendyol.com/d-p-perfumum/j1-kadin-parfum-edp-50-ml-p-92873102
42977,D&P Perfumum,J15 (Eau de Parfum),,https://www.trendyol.com/d-p-perfumum/j15-kadin-parfum-edp-50-ml-p-786396768
42978,D&P Perfumum,J16 (Eau de Parfum),,https://www.trendyol.com/d-p-perfumum/j16-kadin-parfum-edp-50-ml-p-786356965
42979,D&P Perfumum,J17 (Eau de Parfum),,https://www.trendyol.com/d-p-perfumum/j17-kadin-parfum-edp-50-ml-p-1054055685
42980,D&P Perfumum,J2 (Eau de Parfum),,https://www.trendyol.com/d-p-perfumum/j2-erkek-parfum-edp-50-ml-p-93677297
42981,D&P Perfumum,J3 (Eau de Parfum),,https://www.trendyol.com/d-p-perfumum/j3-kadin-parfum-edp-50-ml-p-92872187
42982,D&P Perfumum,J4 (Eau de Parfum),,https://www.trendyol.com/d-p-perfumum/j4-edp-50-ml-erkek-parfum-p-92476479
42983,D&P Perfumum,J8 (Eau de Parfum),,https://www.trendyol.com/d-p-perfumum/j8-erkek-parfum-edp-100-ml-p-797093278
42984,D&P Perfumum,Jargon,,https://dpperfumum.com/kadin/
42985,D&P Perfumum,Jealousy,,https://dpperfumum.com/kadin/
42986,D&P Perfumum,Jeremy Con,,https://dpperfumum.com.tr/
42987,D&P Perfumum,Jery Ruty,,https://dpperfumum.com/kadin/
42988,D&P Perfumum,Jeu Pour Homme,,https://dpperfumum.com.tr/
42989,D&P Perfumum,Johan Powl Gardner,,https://dpperfumum.com/kadin/
42990,D&P Perfumum,John Powl Walter,,https://dpperfumum.com.tr/
42991,D&P Perfumum,Jolanda's Glory,,https://dpperfumum.com/kadin/
42992,D&P Perfumum,Jolanda's Style,,https://dpperfumum.com/kadin/
42993,D&P Perfumum,Jolie Love,,https://dpperfumum.com.tr/
42994,D&P Perfumum,Joule,,https://dpperfumum.com.tr/
42995,D&P Perfumum,Jovial Mood,,https://dpperfumum.com.tr/pages/parfumler
42996,D&P Perfumum,Just The Gutsy,,https://dpperfumum.com.tr/
42997,D&P Perfumum,K1 (Eau de Parfum),,https://www.trendyol.com/d-p-perfumum/k1-erkek-parfum-edp-100-ml-p-92901535
42998,D&P Perfumum,K3 (Eau de Parfum),,https://www.trendyol.com/d-p-perfumum/k3-kadin-parfum-edp-50-ml-p-92922768
42999,D&P Perfumum,Keiko,,https://dpperfumum.com/kadin/
43000,D&P Perfumum,Kelvin,,https://dpperfumum.com.tr/43001,D&P Perfumum,Kindly Posy,,https://dpperfumum.com/kadin/
43002,D&P Perfumum,King,,https://dpperfumum.com/erkek/
43003,D&P Perfumum,Kingpin,,https://dpperfumum.com.tr/pages/parfumler
43004,D&P Perfumum,Kisho,,https://dpperfumum.com.tr/
43005,D&P Perfumum,Kisho Bloomer (Eau de Parfum),,https://dpperfumum.com.tr/50ml-kadin-pudrali-kadin-parfumleri
43006,D&P Perfumum,L1 (Eau de Parfum),,https://www.trendyol.com/d-p-perfumum/l1-kadin-parfum-edp-50-ml-p-92903317
43007,D&P Perfumum,L12 (Eau de Parfum),,https://www.trendyol.com/d-p-perfumum/l12-kadin-parfum-edp-50-ml-p-93669425
43008,D&P Perfumum,L13 (Eau de Parfum),,https://www.trendyol.com/d-p-perfumum/l13-kadin-parfum-edp-50-ml-p-92922787
43009,D&P Perfumum,L3 (Eau de Parfum),,https://www.trendyol.com/d-p-perfumum/l3-kadin-parfum-100-ml-p-90787823
43010,D&P Perfumum,L5 (Eau de Parfum),,https://www.trendyol.com/d-p-perfumum/l5-erkek-parfum-edp-100-ml-p-92901934
43011,D&P Perfumum,L6 (Eau de Parfum),,https://www.trendyol.com/d-p-perfumum/l6-erkek-parfum-edp-100-ml-p-92903080
43012,D&P Perfumum,L7 (Eau de Parfum),,https://www.trendyol.com/d-p-perfumum/l7-kadin-parfum-edp-50-ml-p-123770961
43013,D&P Perfumum,Lace,,https://dpperfumum.com/kadin/
43014,D&P Perfumum,Lady's Elixir,,https://dpperfumum.com/kadin/
43015,D&P Perfumum,Lancelin,,https://dpperfumum.com/erkek/
43016,D&P Perfumum,Lassie Liana,,https://dpperfumum.com/kadin/
43017,D&P Perfumum,Laureate,,https://dpperfumum.com.tr/
43018,D&P Perfumum,Laverne,,https://dpperfumum.com/kadin/
43019,D&P Perfumum,Leader,,https://dpperfumum.com.tr/
43020,D&P Perfumum,Leafy Man,,https://dpperfumum.com/erkek/
43021,D&P Perfumum,Leap,,https://dpperfumum.com/erkek/
43022,D&P Perfumum,Liberal Man,,https://dpperfumum.com/erkek/
43023,D&P Perfumum,Lift,,https://dpperfumum.com.tr/pages/parfumler
43024,D&P Perfumum,Like Delightful (Eau de Parfum),,https://dpperfumum.com.tr/d21-like-delightful-kadin-parfum-1
43025,D&P Perfumum,Like Emerald,,https://dpperfumum.com/kadin/
43026,D&P Perfumum,Lissome,,https://dpperfumum.com.tr/pages/parfumler
43027,D&P Perfumum,Living Fire,,https://dpperfumum.com.tr/
43028,D&P Perfumum,Loded For Her,,https://dpperfumum.com/kadin/
43029,D&P Perfumum,Lodestone For Her,,https://dpperfumum.com.tr/
43030,D&P Perfumum,Lord Of The Feeling,,https://dpperfumum.com/erkek/
43031,D&P Perfumum,Lord's Day,,https://dpperfumum.com/erkek/
43032,D&P Perfumum,Love Forever (Eau de Parfum),,https://dpperfumum.com.tr/a17-love-forever-kadin-parfum-1
43033,D&P Perfumum,Lovely (Eau de Parfum),,https://dpperfumum.com.tr/c16-lovely-kadin-parfum-1
43034,D&P Perfumum,Lucida,,https://dpperfumum.com.tr/
43035,D&P Perfumum,Lucida P13,2022,https://www.fragrantica.com/perfume/D-P-Perfumum/Lucida-P13-136458.html
43036,D&P Perfumum,Lush Elena,,https://dpperfumum.com/kadin/
43037,D&P Perfumum,Lustful,,https://dpperfumum.com.tr/
43038,D&P Perfumum,Lyric,,https://dpperfumum.com/kadin/
43039,D&P Perfumum,Mıke's Assey,,https://dpperfumum.com.tr/
43040,D&P Perfumum,M1 (Eau de Parfum),,https://www.trendyol.com/d-p-perfumum/m1-kadin-parfum-50-ml-p-107414258
43041,D&P Perfumum,M4 (Eau de Parfum),,https://www.trendyol.com/d-p-perfumum/m4-erkek-parfum-edp-100-ml-p-251857791
43042,D&P Perfumum,MA15,,https://dpperfumum.com/erkek/
43043,D&P Perfumum,Madame Blanche,,https://dpperfumum.com.tr/
43044,D&P Perfumum,Madame Blanche P18,2025,https://www.fragrantica.com/perfume/D-P-Perfumum/Madame-Blanche-P18-136466.html
43045,D&P Perfumum,Madness,,https://dpperfumum.com/erkek/
43046,D&P Perfumum,Maestro,,https://dpperfumum.com.tr/pages/parfumler
43047,D&P Perfumum,Magic Alaska,,https://dpperfumum.com/kadin/
43048,D&P Perfumum,Magic Stone,,https://dpperfumum.com/kadin/
43049,D&P Perfumum,Main Glamour,,https://dpperfumum.com/kadin/
43050,D&P Perfumum,Majesty,,https://dpperfumum.com/erkek/
43051,D&P Perfumum,Make You Mine,,https://dpperfumum.com/kadin/
43052,D&P Perfumum,Manhattan,,https://dpperfumum.com/kadin/
43053,D&P Perfumum,Marco Spark,,https://dpperfumum.com/erkek/
43054,D&P Perfumum,Master Hugh,,https://dpperfumum.com.tr/
43055,D&P Perfumum,Master's Gold,,https://dpperfumum.com/kadin/
43056,D&P Perfumum,Masterpiece,,https://dpperfumum.com.tr/
43057,D&P Perfumum,Masvero,,https://dpperfumum.com.tr/pages/parfumler
43058,D&P Perfumum,Maxima,,https://dpperfumum.com.tr/pages/parfumler
43059,D&P Perfumum,Mazurkas For Men,,https://dpperfumum.com/erkek/
43060,D&P Perfumum,Mazurkas For Women,,https://dpperfumum.com/kadin/
43061,D&P Perfumum,Merriment,,https://dpperfumum.com/kadin/
43062,D&P Perfumum,Metanoia,,https://dpperfumum.com.tr/
43063,D&P Perfumum,Midnight Reverie,,https://dpperfumum.com.tr/
43064,D&P Perfumum,Midnight Reverie U-E6,2025,https://www.fragrantica.com/perfume/D-P-Perfumum/Midnight-Reverie-U-E6-136467.html
43065,D&P Perfumum,Milano,,https://dpperfumum.com/erkek/
43066,D&P Perfumum,Miss Carna,,https://dpperfumum.com.tr/
43067,D&P Perfumum,Miss Diana,,https://dpperfumum.com/kadin/
43068,D&P Perfumum,MITIS,,https://dpperfumum.com.tr/
43069,D&P Perfumum,Modesto Comic,,https://dpperfumum.com/kadin/
43070,D&P Perfumum,Moonlite,,https://dpperfumum.com.tr/
43071,D&P Perfumum,Moonlite U-M17,2025,https://www.fragrantica.com/perfume/D-P-Perfumum/Moonlite-U-M17-136470.html
43072,D&P Perfumum,Moonscape,,https://dpperfumum.com/kadin/
43073,D&P Perfumum,Moony Bright,,https://dpperfumum.com/erkek/
43074,D&P Perfumum,Move,,https://dpperfumum.com/erkek/
43075,D&P Perfumum,MR,,https://dpperfumum.com.tr/
43076,D&P Perfumum,Much More,,https://dpperfumum.com/kadin/
43077,D&P Perfumum,My Mode,,https://dpperfumum.com.tr/
43078,D&P Perfumum,My Trench Coat,,https://dpperfumum.com/kadin/
43079,D&P Perfumum,Mystery For Women,,https://dpperfumum.com.tr/
43080,D&P Perfumum,Mystic Gem,,https://dpperfumum.com.tr/pages/parfumler
43081,D&P Perfumum,Mythic Son,,https://dpperfumum.com.tr/pages/parfumler
43082,D&P Perfumum,N 11 (Eau de Parfum),,https://www.trendyol.com/d-p-perfumum/n-11-kadin-parfum-edp-50-ml-p-1174889944
43083,D&P Perfumum,N1 (Eau de Parfum),,https://www.trendyol.com/d-p-perfumum/n1-kadin-parfum-100-ml-p-90789067
43084,D&P Perfumum,N5 (Eau de Parfum),,https://www.trendyol.com/d-p-perfumum/n5-kadin-parfum-edp-50-ml-p-267213498
43085,D&P Perfumum,N6 (Eau de Parfum),,https://www.trendyol.com/d-p-perfumum/n6-kadin-parfum-edp-50-ml-p-93681439
43086,D&P Perfumum,Nadetta Roredice,,https://dpperfumum.com.tr/
43087,D&P Perfumum,Narcotic,,https://dpperfumum.com/kadin/
43088,D&P Perfumum,Nathelie Camille,,https://dpperfumum.com/kadin/
43089,D&P Perfumum,Navy Blue,,https://dpperfumum.com.tr/color-series-1
43090,D&P Perfumum,Neat,,https://dpperfumum.com/kadin/
43091,D&P Perfumum,Neirin,,https://dpperfumum.com.tr/pages/parfumler
43092,D&P Perfumum,Neo Glow III,,https://dpperfumum.com.tr/
43093,D&P Perfumum,New Fashion,,https://dpperfumum.com/kadin/
43094,D&P Perfumum,New Hedonia,,https://dpperfumum.com/kadin/
43095,D&P Perfumum,New Seafaring,,https://dpperfumum.com/kadin/
43096,D&P Perfumum,Newgate,,https://dpperfumum.com/kadin/
43097,D&P Perfumum,Nicaragua,,https://dpperfumum.com/kadin/
43098,D&P Perfumum,Niche Color Seri U T19 White Extrait De (Eau de Parfum),,https://www.trendyol.com/d-p-perfumum/niche-color-seri-u-t19-white-unisex-extrait-de-parfum-100-ml-p-1198580871
43099,D&P Perfumum,Niche Color Seri U X3 Yellow Extrait de (Eau de Parfum),,https://www.trendyol.com/d-p-perfumum/niche-color-seri-u-x3-yellow-unisex-extrait-de-parfum-100-ml-p-1198582033
43100,D&P Perfumum,Niche Seri E1 Princess Style Extrait De (Eau de Parfum),,https://www.trendyol.com/d-p-perfumum/niche-seri-e1-princess-style-kadin-extrait-de-parfum-100-ml-p-1189289121
43101,D&P Perfumum,Niche Seri K6 Dainty Extrait De (Eau de Parfum),,https://www.trendyol.com/d-p-perfumum/niche-seri-k6-dainty-kadin-extrait-de-parfum-100-ml-p-1189289005
43102,D&P Perfumum,Niche Seri P13 Lucida Extrait De (Eau de Parfum),,https://www.trendyol.com/d-p-perfumum/niche-seri-p13-lucida-kadin-extrait-de-parfum-100-ml-p-1198575576
43103,D&P Perfumum,Niche Seri U b22 Serein (Eau de Parfum),,https://www.trendyol.com/d-p-perfumum/niche-seri-u-b22-serein-unisex-55ml-p-284781405
43104,D&P Perfumum,Niche Seri U M5 Firadance Extrait De (Eau de Parfum),,https://www.trendyol.com/d-p-perfumum/niche-seri-u-m5-firadance-unisex-extrait-de-parfum-100-ml-p-1189289027
43105,D&P Perfumum,Niche Seri U O5 Seatherny Extrait De (Eau de Parfum),,https://www.trendyol.com/d-p-perfumum/niche-seri-u-o5-seatherny-unisex-extrait-de-parfum-100-ml-p-1189289012
43106,D&P Perfumum,Niche Seri U S1 Elegant Purple Extrait De (Eau de Parfum),,https://www.trendyol.com/d-p-perfumum/niche-seri-u-s1-elegant-purple-unisex-extrait-de-parfum-100-ml-p-1189289004
43107,D&P Perfumum,Niche Seri U T6 Gilged Gem Extrait De (Eau de Parfum),,https://www.trendyol.com/d-p-perfumum/niche-seri-u-t6-gilged-gem-unisex-extrait-de-parfum-100-ml-p-1189289044
43108,D&P Perfumum,NIGHT OUD (Eau de Parfum),,https://dpamerica.com/category/oud-series/
43109,D&P Perfumum,Nippy Aqua For Her (Eau de Parfum),,https://dpperfumum.com.tr/50ml-kadin-aquatik-kadin-parfumleri
43110,D&P Perfumum,Notice About Him,,https://dpperfumum.com/erkek/
43111,D&P Perfumum,O2 (Eau de Parfum),,https://www.trendyol.com/d-p-perfumum/o2-kadin-parfum-edp-50-ml-p-92874927
43112,D&P Perfumum,Ode,,https://dpperfumum.com/kadin/
43113,D&P Perfumum,Only For Men,,https://dpperfumum.com/erkek/
43114,D&P Perfumum,Opiate,,https://dpperfumum.com.tr/
43115,D&P Perfumum,Oracle Man,,https://dpperfumum.com/erkek/
43116,D&P Perfumum,OUD SOUL (Eau de Parfum),,https://dpamerica.com/category/oud-series/
43117,D&P Perfumum,Oud Soul Koku (Eau de Parfum),,https://www.trendyol.com/d-p-perfumum/oud-soul-koku-edp-55-ml-p-686935287
43118,D&P Perfumum,Oui,,https://dpperfumum.com.tr/
43119,D&P Perfumum,Outlander (Eau de Parfum),,https://dpperfumum.com.tr/a12-outlander-kadin-parfum-1
43120,D&P Perfumum,Ovation,,https://dpperfumum.com.tr/pages/parfumler
43121,D&P Perfumum,Ovation Intense,,https://dpperfumum.com.tr/pages/parfumler
43122,D&P Perfumum,P12 (Eau de Parfum),,https://www.trendyol.com/d-p-perfumum/p12-kadin-parfum-100-ml-p-90790082
43123,D&P Perfumum,P14 (Eau de Parfum),,https://www.trendyol.com/d-p-perfumum/p14-erkek-parfum-edp-100-ml-p-266771224
43124,D&P Perfumum,P17 (Eau de Parfum),,https://www.trendyol.com/d-p-perfumum/p17-kadin-parfum-edp-50-ml-p-672418170
43125,D&P Perfumum,P4 (Eau de Parfum),,https://www.trendyol.com/d-p-perfumum/p4-erkek-parfum-edp-100-ml-p-91681126
43126,D&P Perfumum,P5 (Eau de Parfum),,https://www.trendyol.com/d-p-perfumum/p5-erkek-parfum-edp-100-ml-p-92900878
43127,D&P Perfumum,P6 (Eau de Parfum),,https://www.trendyol.com/d-p-perfumum/p6-erkek-parfum-edp-100-ml-p-834222383
43128,D&P Perfumum,P7 (Eau de Parfum),,https://www.trendyol.com/d-p-perfumum/p7-kadin-parfum-edp-50-ml-p-93684217
43129,D&P Perfumum,P9 (Eau de Parfum),,https://www.trendyol.com/d-p-perfumum/p9-erkek-parfum-edp-100-ml-p-92905276
43130,D&P Perfumum,Pale Harmony,,https://dpperfumum.com/erkek/
43131,D&P Perfumum,Paquito,,https://dpperfumum.com/erkek/
43132,D&P Perfumum,Parson,,https://dpperfumum.com/kadin/
43133,D&P Perfumum,Partisan,,https://dpperfumum.com/kadin/
43134,D&P Perfumum,Pashmina,,https://dpperfumum.com/kadin/
43135,D&P Perfumum,Peach Love (Body Mist),,https://www.trendyol.com/d-p-perfumum/peach-love-fragrance-mist-250-ml-p-1188159844
43136,D&P Perfumum,Peiskos,,https://dpperfumum.com.tr/pages/parfumler
43137,D&P Perfumum,Perfect Love,,https://dpperfumum.com/kadin/
43138,D&P Perfumum,Perfection,,https://dpperfumum.com/kadin/
43139,D&P Perfumum,Pier Sebastiano,,https://dpperfumum.com/erkek/
43140,D&P Perfumum,Pink Hour,,https://dpperfumum.com.tr/pages/parfumler
43141,D&P Perfumum,Plot Twist,,https://dpperfumum.com.tr/
43142,D&P Perfumum,Plot Twist T16,2022,https://www.fragrantica.com/perfume/D-P-Perfumum/Plot-Twist-T16-136462.html
43143,D&P Perfumum,Plus,,https://dpperfumum.com/erkek/
43144,D&P Perfumum,Plutonium,,https://dpperfumum.com.tr/
43145,D&P Perfumum,Pompous,,https://dpperfumum.com.tr/
43146,D&P Perfumum,Pompous U-N8,2025,https://www.fragrantica.com/perfume/D-P-Perfumum/Pompous-U-N8-136471.html
43147,D&P Perfumum,Powerful Lord,,https://dpperfumum.com.tr/
43148,D&P Perfumum,Premium Seri K5 Rune (Eau de Parfum),,https://www.trendyol.com/d-p-perfumum/premium-seri-k5-rune-kadin-100-ml-p-881230381
43149,D&P Perfumum,Premium Seri L1 Valor Extrait De (Eau de Parfum),,https://www.trendyol.com/d-p-perfumum/premium-seri-l1-valor-erkek-100-ml-extrait-de-parfum-p-1090799640
43150,D&P Perfumum,Premium Seri N8 Pompous Extrait de (Eau de Parfum),,https://www.trendyol.com/d-p-perfumum/premium-seri-n8-pompous-unisex-100-ml-extrait-de-parfum-p-1076261643
43151,D&P Perfumum,Premium Seri U E6 Midnight Reverie Extrait de (Eau de Parfum),,https://www.trendyol.com/d-p-perfumum/premium-seri-u-e6-midnight-reverie-unisex-100-ml-extrait-de-parfum-p-1076261560
43152,D&P Perfumum,Premium Seri U m15 Upstarrus (Eau de Parfum),,https://www.trendyol.com/d-p-perfumum/premium-seri-u-m15-upstarrus-unisex-100-ml-p-847332093
43153,D&P Perfumum,Premium Seri U M16 Richest Joy (Eau de Parfum),,https://www.trendyol.com/d-p-perfumum/premium-seri-u-m16-richest-joy-unisex-parfum-110-ml-p-903734027
43154,D&P Perfumum,Premium Seri U M17 Moonlite (Eau de Parfum),,https://www.trendyol.com/d-p-perfumum/premium-seri-u-m17-moonlite-unisex-parfum-100-ml-p-929935434
43155,D&P Perfumum,Premium Seri U Z31 Swanky Bouquet Extrait de (Eau de Parfum),,https://www.trendyol.com/d-p-perfumum/premium-seri-u-z31-swanky-bouquet-unisex-100-ml-extrait-de-parfum-p-1154990803
43156,D&P Perfumum,Premium Serisi P18 Madame Blanche (Eau de Parfum),,https://www.trendyol.com/d-p-perfumum/premium-serisi-p18-madame-blanche-kadin-100-ml-parfum-p-948971548
43157,D&P Perfumum,Premium Serisi U T20 MITIS Extrait De (Eau de Parfum),,https://www.trendyol.com/d-p-perfumum/premium-serisi-u-t20-mitis-extrait-de-parfum-unisex-100-ml-p-1155002363
43158,D&P Perfumum,Premium Serisi U X4 SOL D'ORO EXTRAIT DE (Eau de Parfum),,https://www.trendyol.com/d-p-perfumum/premium-serisi-u-x4-sol-d-oro-extrait-de-parfum-unisex-100-ml-p-979104525
43159,D&P Perfumum,Pretty Girl,,https://dpperfumum.com/kadin/
43160,D&P Perfumum,Princess Style,,https://dpperfumum.com.tr/
43161,D&P Perfumum,Princess Style E1,2018,https://www.fragrantica.com/perfume/D-P-Perfumum/Princess-Style-E1-136452.html
43162,D&P Perfumum,Provocative,,https://dpperfumum.com/erkek/
43163,D&P Perfumum,Puissance,,https://dpperfumum.com.tr/
43164,D&P Perfumum,Puissance X2,2022,https://www.fragrantica.com/perfume/D-P-Perfumum/Puissance-X2-136463.html
43165,D&P Perfumum,Purple,,https://dpperfumum.com.tr/color-series-1
43166,D&P Perfumum,Purple Stone,,https://dpperfumum.com/kadin/
43167,D&P Perfumum,R1 (Eau de Parfum),,https://www.trendyol.com/d-p-perfumum/r1-kadin-parfum-edp-50-ml-p-93681011
43168,D&P Perfumum,R10 (Eau de Parfum),,https://www.trendyol.com/d-p-perfumum/r10-kadin-parfum-edp-50-ml-p-92906204
43169,D&P Perfumum,R3 (Eau de Parfum),,https://www.trendyol.com/d-p-perfumum/r3-erkek-parfum-edp-100-ml-p-92901626
43170,D&P Perfumum,R5 (Eau de Parfum),,https://www.trendyol.com/d-p-perfumum/r5-kadin-parfum-edp-50-ml-p-92872409
43171,D&P Perfumum,R9 (Eau de Parfum),,https://www.trendyol.com/d-p-perfumum/r9-kadin-parfum-edp-50-ml-p-93684614
43172,D&P Perfumum,Rachel Larino Summer,,https://dpperfumum.com/kadin/
43173,D&P Perfumum,Radiated Amour,,https://dpperfumum.com/kadin/
43174,D&P Perfumum,Radical Purple,,https://dpperfumum.com/kadin/
43175,D&P Perfumum,Rapture,,https://dpperfumum.com/kadin/
43176,D&P Perfumum,Rare Azur,,https://dpperfumum.com/kadin/
43177,D&P Perfumum,Real Man,,https://dpperfumum.com/erkek/
43178,D&P Perfumum,Rebellius Woman,,https://dpperfumum.com/kadin/
43179,D&P Perfumum,Red,,https://dpperfumum.com.tr/color-series-1
43180,D&P Perfumum,Redolent Magic,,https://dpperfumum.com/kadin/
43181,D&P Perfumum,Reflection,,https://dpperfumum.com/erkek/
43182,D&P Perfumum,Reshuffle,,https://dpperfumum.com/kadin/
43183,D&P Perfumum,Resound For Women,,https://dpperfumum.com/kadin/
43184,D&P Perfumum,Rhythm,,https://dpperfumum.com/kadin/
43185,D&P Perfumum,Rich One,,https://dpperfumum.com.tr/
43186,D&P Perfumum,Rich Witch,,https://dpperfumum.com/kadin/
43187,D&P Perfumum,Rich Women,,https://dpperfumum.com.tr/
43188,D&P Perfumum,Richest Joy,,https://dpperfumum.com.tr/
43189,D&P Perfumum,Richest Joy U-M16,2025,https://www.fragrantica.com/perfume/D-P-Perfumum/Richest-Joy-U-M16-136469.html
43190,D&P Perfumum,Rita,,https://dpperfumum.com/kadin/
43191,D&P Perfumum,Robust,,https://dpperfumum.com.tr/
43192,D&P Perfumum,Roby Finn,,https://dpperfumum.com/erkek/
43193,D&P Perfumum,Rock Chose,,https://dpperfumum.com.tr/
43194,D&P Perfumum,Rock'n Folk,,https://dpperfumum.com/erkek/
43195,D&P Perfumum,Romanticist,,https://dpperfumum.com.tr/pages/parfumler
43196,D&P Perfumum,Royal Blue,,https://dpperfumum.com/erkek/
43197,D&P Perfumum,ROYAL OUD (Eau de Parfum),,https://dpamerica.com/category/oud-series/
43198,D&P Perfumum,Rune,,https://dpperfumum.com.tr/
43199,D&P Perfumum,Rune K-5,2024,https://www.fragrantica.com/perfume/D-P-Perfumum/Rune-K-5-136464.html
43200,D&P Perfumum,S1 (Eau de Parfum),,https://www.trendyol.com/d-p-perfumum/s1-erkek-parfum-edp-100-ml-p-92901815
43201,D&P Perfumum,S2 (Eau de Parfum),,https://www.trendyol.com/d-p-perfumum/s2-erkek-parfum-edp-100-ml-p-91682043
43202,D&P Perfumum,S8 (Eau de Parfum),,https://www.trendyol.com/d-p-perfumum/s8-kadin-parfum-edp-50-ml-p-92901568
43203,D&P Perfumum,Samantho,,https://dpperfumum.com/kadin/
43204,D&P Perfumum,Santo Dino,,https://dpperfumum.com/kadin/
43205,D&P Perfumum,Sapphire Shade,,https://dpperfumum.com/erkek/
43206,D&P Perfumum,Scarlet Whisper,,https://dpperfumum.com.tr/pages/parfumler
43207,D&P Perfumum,Seatherny,,https://dpperfumum.com.tr/
43208,D&P Perfumum,Seatherny O5,2022,https://www.fragrantica.com/perfume/D-P-Perfumum/Seatherny-O5-136457.html
43209,D&P Perfumum,Second Partisan,,https://dpperfumum.com/kadin/
43210,D&P Perfumum,Secret Garden,,https://dpperfumum.com/kadin/
43211,D&P Perfumum,Secret Rules,,https://dpperfumum.com.tr/
43212,D&P Perfumum,Seersha (Eau de Parfum),,https://dpperfumum.com.tr/a24-seersha-kadin-parfum-1
43213,D&P Perfumum,Selection,,https://dpperfumum.com/kadin/
43214,D&P Perfumum,Senior Tearlach,,https://dpperfumum.com/kadin/
43215,D&P Perfumum,Sense Of Color,,https://dpperfumum.com/kadin/
43216,D&P Perfumum,Sensuous (Eau de Parfum),,https://dpperfumum.com.tr/c26-sensuous-kadin-parfum-1
43217,D&P Perfumum,Seraphic,,https://dpperfumum.com.tr/
43218,D&P Perfumum,Serein,,https://dpperfumum.com.tr/
43219,D&P Perfumum,Serein B22,2022,https://www.fragrantica.com/perfume/D-P-Perfumum/Serein-B22-136448.html
43220,D&P Perfumum,Sheen,,https://dpperfumum.com.tr/pages/parfumler
43221,D&P Perfumum,Signora,,https://dpperfumum.com/kadin/
43222,D&P Perfumum,Silver Dice,,https://dpperfumum.com.tr/pages/parfumler
43223,D&P Perfumum,Single,,https://dpperfumum.com.tr/pages/parfumler
43224,D&P Perfumum,Single Man,,https://dpperfumum.com/erkek/
43225,D&P Perfumum,Sky Lantern,,https://dpperfumum.com/kadin/
43226,D&P Perfumum,Smooth,,https://dpperfumum.com/erkek/
43227,D&P Perfumum,So Fashion,,https://dpperfumum.com.tr/
43228,D&P Perfumum,So Perfectible,,https://dpperfumum.com/erkek/
43229,D&P Perfumum,So Willy,,https://dpperfumum.com.tr/pages/parfumler
43230,D&P Perfumum,SOL D'ORO,,https://dpperfumum.com.tr/
43231,D&P Perfumum,Sol D’Oro U-X4,2025,https://www.fragrantica.com/perfume/D-P-Perfumum/Sol-D-Oro-U-X4-136472.html
43232,D&P Perfumum,Sole For Women,,https://dpperfumum.com/kadin/
43233,D&P Perfumum,Soncy,,https://dpperfumum.com.tr/pages/parfumler
43234,D&P Perfumum,St Brice,,https://dpperfumum.com/erkek/
43235,D&P Perfumum,Strawberry Blossoms,,https://dpperfumum.com.tr/collections/fragrance-mist
43236,D&P Perfumum,Strong Joy,,https://dpperfumum.com/kadin/
43237,D&P Perfumum,Subtil Women,,https://dpperfumum.com.tr/
43238,D&P Perfumum,Sunset & Vanilla,,https://dpperfumum.com.tr/collections/fragrance-mist
43239,D&P Perfumum,Suny Sunday (Eau de Parfum),,https://dpperfumum.com.tr/b6-suny-sunday-kadin-parfum-1
43240,D&P Perfumum,Supernature,,https://dpperfumum.com.tr/
43241,D&P Perfumum,Swanky Bouquet,,https://dpperfumum.com/kadin/
43242,D&P Perfumum,Swarty Lily (Eau de Parfum),,https://dpperfumum.com.tr/b20-swarty-lily-kadin-parfum-1
43243,D&P Perfumum,Sweet Fluff,,https://dpperfumum.com.tr/
43244,D&P Perfumum,Sweet Muse,,https://dpperfumum.com.tr/pages/parfumler
43245,D&P Perfumum,Sweven,,https://dpperfumum.com.tr/pages/parfumler
43246,D&P Perfumum,T2 (Eau de Parfum),,https://www.trendyol.com/d-p-perfumum/t2-kadin-parfum-edp-50-ml-p-93681930
43247,D&P Perfumum,T7 (Eau de Parfum),,https://www.trendyol.com/d-p-perfumum/t7-kadin-parfum-edp-50-ml-p-92901659
43248,D&P Perfumum,Tacenda,,https://dpperfumum.com.tr/pages/parfumler
43249,D&P Perfumum,Tao Che,,https://dpperfumum.com/kadin/
43250,D&P Perfumum,The Dore,,https://dpperfumum.com/erkek/
43251,D&P Perfumum,The Dore Intense,,https://dpperfumum.com.tr/
43252,D&P Perfumum,The Private One,,https://dpperfumum.com.tr/
43253,D&P Perfumum,Thump (Eau de Parfum),,https://dpperfumum.com.tr/b18-thump-kadin-parfum-1
43254,D&P Perfumum,Timeless Enigma,,https://dpperfumum.com.tr/
43255,D&P Perfumum,Timeless Yen,,https://dpperfumum.com/kadin/
43256,D&P Perfumum,To Twelve,,https://dpperfumum.com/kadin/
43257,D&P Perfumum,Toy For Men,,https://dpperfumum.com/erkek/
43258,D&P Perfumum,Toya Finn,,https://dpperfumum.com/kadin/
43259,D&P Perfumum,Tracee,,https://dpperfumum.com/kadin/
43260,D&P Perfumum,Treat,,https://dpperfumum.com/erkek/
43261,D&P Perfumum,Trust,,https://dpperfumum.com/erkek/
43262,D&P Perfumum,Two Twelve,,https://dpperfumum.com.tr/
43263,D&P Perfumum,U C4 (Eau de Parfum),,https://www.trendyol.com/d-p-perfumum/u-c4-unisex-parfum-edp-100-ml-p-92902682
43264,D&P Perfumum,U j13 (Eau de Parfum),,https://www.trendyol.com/d-p-perfumum/u-j13-unisex-parfum-edp-100-ml-p-679742220
43265,D&P Perfumum,U K2 (Eau de Parfum),,https://www.trendyol.com/d-p-perfumum/u-k2-unisex-parfum-edp-100-ml-p-1116977613
43266,D&P Perfumum,U L11 (Eau de Parfum),,https://www.trendyol.com/d-p-perfumum/u-l11-unisex-parfum-100-ml-p-90788075
43267,D&P Perfumum,U-M15,2024,https://www.fragrantica.com/perfume/D-P-Perfumum/U-M15-136468.html
43268,D&P Perfumum,U T17 (Eau de Parfum),,https://www.trendyol.com/d-p-perfumum/u-t17-unisex-parfum-edp-100-ml-p-313464312
43269,D&P Perfumum,U T3 (Eau de Parfum),,https://www.trendyol.com/d-p-perfumum/u-t3-unisex-parfum-100-ml-edp-100-ml-p-93680473
43270,D&P Perfumum,U T3 T3 (Eau de Parfum),,https://www.trendyol.com/d-p-perfumum/u-t3-unisex-parfum-edp-50-ml-t3-p-92902199
43271,D&P Perfumum,U T5 (Eau de Parfum),,https://www.trendyol.com/d-p-perfumum/u-t5-unisex-parfum-edp-100-ml-p-91680413
43272,D&P Perfumum,U T7 (Eau de Parfum),,https://www.trendyol.com/d-p-perfumum/u-t7-unisex-parfum-edp-50-ml-p-206637934
43273,D&P Perfumum,U TY11 (Eau de Parfum),,https://www.trendyol.com/d-p-perfumum/u-ty11-unisex-parfum-edp-50-ml-p-313464162
43274,D&P Perfumum,U1 (Eau de Parfum),,https://www.trendyol.com/d-p-perfumum/u1-erkek-parfum-edp-100-ml-p-93679150
43275,D&P Perfumum,Ultimate,,https://dpperfumum.com/erkek/
43276,D&P Perfumum,Unknown X,,https://dpperfumum.com/kadin/
43277,D&P Perfumum,Unknown Y,,https://dpperfumum.com/erkek/
43278,D&P Perfumum,Upstarrus,,https://dpperfumum.com.tr/
43279,D&P Perfumum,Urban Fusion,,https://dpperfumum.com/kadin/
43280,D&P Perfumum,Urban Minitus,,https://dpperfumum.com/kadin/
43281,D&P Perfumum,Utopian,,https://dpperfumum.com.tr/
43282,D&P Perfumum,Utopian Dream (Eau de Parfum),,https://dpperfumum.com.tr/c21-utopian-dream-kadin-parfum-1
43283,D&P Perfumum,V1 (Eau de Parfum),,https://www.trendyol.com/d-p-perfumum/v1-kadin-parfum-edp-50-ml-p-92902620
43284,D&P Perfumum,V10 (Eau de Parfum),,https://www.trendyol.com/d-p-perfumum/v10-kadin-parfum-edp-50-ml-p-746186140
43285,D&P Perfumum,V11 (Eau de Parfum),,https://www.trendyol.com/d-p-perfumum/v11-kadin-parfum-edp-50-ml-p-793652050
43286,D&P Perfumum,V12 (Eau de Parfum),,https://www.trendyol.com/d-p-perfumum/v12-kadin-parfum-edp-50-ml-p-770783226
43287,D&P Perfumum,V13 (Eau de Parfum),,https://www.trendyol.com/d-p-perfumum/v13-kadin-parfum-edp-50-ml-p-1180887029
43288,D&P Perfumum,V2 (Eau de Parfum),,https://www.trendyol.com/d-p-perfumum/v2-kadin-parfum-100-ml-p-90787642
43289,D&P Perfumum,V3 (Eau de Parfum),,https://www.trendyol.com/d-p-perfumum/v3-kadin-parfum-100-ml-p-90789142
43290,D&P Perfumum,V4 (Eau de Parfum),,https://www.trendyol.com/d-p-perfumum/v4-kadin-parfum-edp-50-ml-p-96149164
43291,D&P Perfumum,V5 (Eau de Parfum),,https://www.trendyol.com/d-p-perfumum/v5-kadin-parfum-edp-50-ml-p-92871974
43292,D&P Perfumum,V6 (Eau de Parfum),,https://www.trendyol.com/d-p-perfumum/v6-erkek-parfum-edp-50-ml-p-854147666
43293,D&P Perfumum,V7 (Eau de Parfum),,https://www.trendyol.com/d-p-perfumum/v7-erkek-parfum-100-ml-p-896254509
43294,D&P Perfumum,V8 (Eau de Parfum),,https://www.trendyol.com/d-p-perfumum/v8-erkek-parfum-edp-100-ml-p-960748096
43295,D&P Perfumum,V9 (Eau de Parfum),,https://www.trendyol.com/d-p-perfumum/v9-kadin-parfum-edp-50-ml-p-746153505
43296,D&P Perfumum,Vagabond Girl,,https://dpperfumum.com.tr/pages/parfumler
43297,D&P Perfumum,Valor,,https://dpperfumum.com.tr/
43298,D&P Perfumum,Valor L1,2025,https://www.fragrantica.com/perfume/D-P-Perfumum/Valor-L1-136465.html
43299,D&P Perfumum,Vanilla Fantasy,,https://dpperfumum.com.tr/collections/fragrance-mist
43300,D&P Perfumum,Venezia,,https://dpperfumum.com/erkek/
43301,D&P Perfumum,Venus,,https://dpperfumum.com.tr/
43302,D&P Perfumum,Vincens,,https://dpperfumum.com/kadin/
43303,D&P Perfumum,Vital,,https://dpperfumum.com/kadin/
43304,D&P Perfumum,Vivace,,https://dpperfumum.com.tr/pages/parfumler
43305,D&P Perfumum,WARD OUD (Eau de Parfum),,https://dpamerica.com/category/oud-series/
43306,D&P Perfumum,Ward Oud Koku (Eau de Parfum),,https://www.trendyol.com/d-p-perfumum/ward-oud-koku-edp-55-ml-p-686935521
43307,D&P Perfumum,Warm Sand,,https://dpperfumum.com.tr/pages/parfumler
43308,D&P Perfumum,Warm Sense,,https://dpperfumum.com/erkek/
43309,D&P Perfumum,Well Bred,,https://dpperfumum.com.tr/
43310,D&P Perfumum,Whimsical,,https://dpperfumum.com.tr/pages/parfumler
43311,D&P Perfumum,Whimsy,,https://dpperfumum.com.tr/pages/parfumler
43312,D&P Perfumum,White,,https://dpperfumum.com.tr/color-series-1
43313,D&P Perfumum,Wonderful Life,,https://dpperfumum.com.tr/
43314,D&P Perfumum,X Eager,,https://dpperfumum.com/erkek/
43315,D&P Perfumum,Y1 (Eau de Parfum),,https://www.trendyol.com/d-p-perfumum/y1-erkek-parfum-edp-50-ml-p-92877593
43316,D&P Perfumum,Y2 (Eau de Parfum),,https://www.trendyol.com/d-p-perfumum/y2-erkek-parfum-edp-100-ml-p-854148421
43317,D&P Perfumum,Y3 (Eau de Parfum),,https://www.trendyol.com/d-p-perfumum/y3-kadin-parfum-edp-50-ml-p-92872134
43318,D&P Perfumum,Y4 (Eau de Parfum),,https://www.trendyol.com/d-p-perfumum/y4-kadin-parfum-edp-50-ml-p-93682088
43319,D&P Perfumum,Y5 (Eau de Parfum),,https://www.trendyol.com/d-p-perfumum/y5-kadin-parfum-edp-50-ml-p-107413230
43320,D&P Perfumum,Y6 (Eau de Parfum),,https://www.trendyol.com/d-p-perfumum/y6-kadin-parfum-edp-50-ml-p-960750154
43321,D&P Perfumum,Y7 (Eau de Parfum),,https://www.trendyol.com/d-p-perfumum/y7-kadin-parfum-edp-50-ml-p-1148168982
43322,D&P Perfumum,Yellow,,https://dpperfumum.com.tr/color-series-1
43323,D&P Perfumum,Yen,,https://dpperfumum.com/kadin/
43324,D&P Perfumum,Yoshiko,,https://dpperfumum.com/kadin/
43325,D&P Perfumum,Youngster (Eau de Parfum),,https://dpperfumum.com.tr/c5-youngster-kadin-parfum-1
43326,D&P Perfumum,Z2 (Eau de Parfum),,https://www.trendyol.com/d-p-perfumum/z2-kadin-parfum-edp-50-ml-p-1054055650
43327,D&P Perfumum,Zephyr,,https://dpperfumum.com/erkek/
43328,D&P Perfumum,Zero,,https://dpperfumum.com/erkek/
43329,D&P Perfumum,Zeus,,https://dpperfumum.com/erkek/
43330,D&P Perfumum,Zodiac (Eau de Parfum),,https://dpperfumum.com.tr/50ml-kadin-pudrali-kadin-parfumleri
43331,d'Annam,Arashiyama,2024,https://www.fragrantica.com/perfume/d-Annam/Arashiyama-100501.html
43332,d'Annam,Bubble Tea,2026,https://www.fragrantica.com/perfume/d-Annam/Bubble-Tea-137768.html
43333,d'Annam,Chinese Calligraphy,2025,https://www.fragrantica.com/perfume/d-Annam/Chinese-Calligraphy-118478.html
43334,d'Annam,Da Lat,2023,https://www.fragrantica.com/perfume/d-Annam/Da-Lat-89237.html
43335,d'Annam,Harvest Season,2023,https://www.fragrantica.com/perfume/d-Annam/Harvest-Season-89240.html
43336,d'Annam,Hinoki Meditation,2024,https://www.fragrantica.com/perfume/d-Annam/Hinoki-Meditation-100498.html
43337,d'Annam,In The Garden,2023,https://www.fragrantica.com/perfume/d-Annam/In-The-Garden-89241.html
43338,d'Annam,Japanese Whiskey,2025,https://www.fragrantica.com/perfume/d-Annam/Japanese-Whiskey-105700.html
43339,d'Annam,Kimono,2024,https://www.fragrantica.com/perfume/d-Annam/Kimono-100500.html
43340,d'Annam,Mango Sticky Rice,2026,https://www.fragrantica.com/perfume/d-Annam/Mango-Sticky-Rice-128201.html
43341,d'Annam,Matcha Soft Serve,2024,https://www.fragrantica.com/perfume/d-Annam/Matcha-Soft-Serve-100496.html
43342,d'Annam,Monsoon Tea,2023,https://www.fragrantica.com/perfume/d-Annam/Monsoon-Tea-89242.html
43343,d'Annam,Mooncake,2025,https://www.fragrantica.com/perfume/d-Annam/Mooncake-115992.html
43344,d'Annam,Moonlight Samurai,2024,https://www.fragrantica.com/perfume/d-Annam/Moonlight-Samurai-100497.html
43345,d'Annam,Pho Breakfast,2023,https://www.fragrantica.com/perfume/d-Annam/Pho-Breakfast-89235.html
43346,d'Annam,Phu Quoc,2023,https://www.fragrantica.com/perfume/d-Annam/Phu-Quoc-89239.html
43347,d'Annam,Pomelo Oolong,2025,https://www.fragrantica.com/perfume/d-Annam/Pomelo-Oolong-114031.html
43348,d'Annam,Princess of China,2025,https://www.fragrantica.com/perfume/d-Annam/Princess-of-China-118473.html
43349,d'Annam,Sakura Snow,2024,https://www.fragrantica.com/perfume/d-Annam/Sakura-Snow-100494.html
43350,d'Annam,Spring Festival,2025,https://www.fragrantica.com/perfume/d-Annam/Spring-Festival-118475.html
43351,d'Annam,Strawberry Mochi,2024,https://www.fragrantica.com/perfume/d-Annam/Strawberry-Mochi-100499.html
43352,d'Annam,The Silk Road,2025,https://www.fragrantica.com/perfume/d-Annam/The-Silk-Road-118477.html
43353,d'Annam,Through The Forest,2023,https://www.fragrantica.com/perfume/d-Annam/Through-The-Forest-89236.html
43354,d'Annam,Tokyo Nights,2024,https://www.fragrantica.com/perfume/d-Annam/Tokyo-Nights-100495.html
43355,d'Annam,Vietnamese Coffee,2023,https://www.fragrantica.com/perfume/d-Annam/Vietnamese-Coffee-89234.html
43356,d'Annam,White Rice,2023,https://www.fragrantica.com/perfume/d-Annam/White-Rice-89243.html
43357,D'Anthe Parfums,Aura Maris,2026,https://www.fragrantica.com/perfume/D-Anthe-Parfums/Aura-Maris-142712.html
43358,D’Antol’ Parfums,Almond Morning — Миндальное Утро,2021,https://www.fragrantica.com/perfume/D-Antol-Parfums/Almond-Morning-Mindal-noe-Utro-81734.html
43359,D’Antol’ Parfums,Fantasy — Фантазия,2020,https://www.fragrantica.com/perfume/D-Antol-Parfums/Fantasy-Fantazia-81735.html
43360,D’Antol’ Parfums,Figue Doree — Золотой Инжир,2020,https://www.fragrantica.com/perfume/D-Antol-Parfums/Figue-Doree-Zolotoj-Inzir-81736.html
43361,D’Antol’ Parfums,Theatre — Театр,2021,https://www.fragrantica.com/perfume/D-Antol-Parfums/Theatre-Teatr-81737.html
43362,D’Antol’ Parfums,Vetiver — Ветивер,2020,https://www.fragrantica.com/perfume/D-Antol-Parfums/Vetiver-Vetiver-81738.html
43363,d'Argelys,Amante,1920,https://www.fragrantica.com/perfume/d-Argelys/Amante-128566.html
43364,d'Argelys,Amour Sans Fin,1925,https://www.fragrantica.com/perfume/d-Argelys/Amour-Sans-Fin-128569.html
43365,d'Argelys,Carnaval de Fleurs,1930,https://www.fragrantica.com/perfume/d-Argelys/Carnaval-de-Fleurs-128576.html
43366,d'Argelys,Cri du Jour,1930,https://www.fragrantica.com/perfume/d-Argelys/Cri-du-Jour-128574.html
43367,d'Argelys,Eau de Cologne,1925,https://www.fragrantica.com/perfume/d-Argelys/Eau-de-Cologne-128571.html
43368,d'Argelys,Les Fleurs d'Argelys,1925,https://www.fragrantica.com/perfume/d-Argelys/Les-Fleurs-d-Argelys-128567.html
43369,d'Argelys,Origan Vestale,1925,https://www.fragrantica.com/perfume/d-Argelys/Origan-Vestale-128572.html
43370,d'Argelys,Pourquoi Je T’aime,1925,https://www.fragrantica.com/perfume/d-Argelys/Pourquoi-Je-T-aime-128573.html
43371,d'Argelys,Rêve de Noël,1927,https://www.fragrantica.com/perfume/d-Argelys/Reve-de-Noel-128575.html
43372,d.grayi,24 KÀRỐT,2023,https://www.fragrantica.com/perfume/d-grayi/24-KAROT-123662.html
43373,d.grayi,Alter Oud,2022,https://www.fragrantica.com/perfume/d-grayi/Alter-Oud-87111.html
43374,d.grayi,Bittersweet Sixteen,,https://www.fragrantica.com/perfume/d-grayi/Bittersweet-Sixteen-133150.html
43375,d.grayi,Black Cat,2025,https://www.fragrantica.com/perfume/d-grayi/Black-Cat-109452.html
43376,d.grayi,Black Dog,2024,https://www.fragrantica.com/perfume/d-grayi/Black-Dog-90634.html
43377,d.grayi,Blood of Pollen,,https://www.fragrantica.com/perfume/d-grayi/Blood-of-Pollen-133149.html
43378,d.grayi,CÀ PHÊ BY NIGHT,2024,https://www.fragrantica.com/perfume/d-grayi/CA-PHE-BY-NIGHT-90629.html
43379,d.grayi,Calci-Fir,2023,https://www.fragrantica.com/perfume/d-grayi/Calci-Fir-90122.html
43380,d.grayi,Ceremonial Rice,2026,https://www.fragrantica.com/perfume/d-grayi/Ceremonial-Rice-136423.html
43381,d.grayi,Chanh,2026,https://www.fragrantica.com/perfume/d-grayi/Chanh-142164.html
43382,d.grayi,Charmed,2022,https://www.fragrantica.com/perfume/d-grayi/Charmed-87116.html
43383,d.grayi,Cloud Dreamer,2025,https://www.fragrantica.com/perfume/d-grayi/Cloud-Dreamer-123663.html
43384,d.grayi,Coffee Cat,2022,https://www.fragrantica.com/perfume/d-grayi/Coffee-Cat-87110.html
43385,d.grayi,Coffee Cat Latté,,https://www.fragrantica.com/perfume/d-grayi/Coffee-Cat-Latte-123665.html
43386,d.grayi,Cosmic Serpent,2025,https://www.fragrantica.com/perfume/d-grayi/Cosmic-Serpent-109070.html
43387,d.grayi,Dispelled,2022,https://www.fragrantica.com/perfume/d-grayi/Dispelled-87114.html
43388,d.grayi,Dragon Baby,2024,https://www.fragrantica.com/perfume/d-grayi/Dragon-Baby-90630.html
43389,d.grayi,Durian,2025,https://www.fragrantica.com/perfume/d-grayi/Durian-109453.html
43390,d.grayi,Eclipsed,2024,https://www.fragrantica.com/perfume/d-grayi/Eclipsed-95248.html
43391,d.grayi,Eden's Flood,,https://www.fragrantica.com/perfume/d-grayi/Eden-s-Flood-133145.html
43392,d.grayi,Friend of the Condemned,2026,https://www.fragrantica.com/perfume/d-grayi/Friend-of-the-Condemned-133148.html
43393,d.grayi,Hmong Bobtail Dog,2026,https://www.fragrantica.com/perfume/d-grayi/Hmong-Bobtail-Dog-139786.html
43394,d.grayi,Homecoming of the Rascal,2026,https://www.fragrantica.com/perfume/d-grayi/Homecoming-of-the-Rascal-133146.html
43395,d.grayi,Honey Bunny,2024,https://www.fragrantica.com/perfume/d-grayi/Honey-Bunny-95249.html
43396,d.grayi,Incense Stick,2023,https://www.fragrantica.com/perfume/d-grayi/Incense-Stick-87121.html
43397,d.grayi,Jade Phoenix,2022,https://www.fragrantica.com/perfume/d-grayi/Jade-Phoenix-87112.html
43398,d.grayi,Jasmine Rice,2020,https://www.fragrantica.com/perfume/d-grayi/Jasmine-Rice-101193.html
43399,d.grayi,Lazy Lop,2022,https://www.fragrantica.com/perfume/d-grayi/Lazy-Lop-87108.html
43400,d.grayi,Low Carb Cat,2023,https://www.fragrantica.com/perfume/d-grayi/Low-Carb-Cat-87158.html
43401,d.grayi,Lychee Sheep's Shadow,2015,https://www.parfumo.com/Perfumes/d-grayi/lychee-sheep-s-shadow
43402,d.grayi,Lychee Sheep’s Shadow,2023,https://www.fragrantica.com/perfume/d-grayi/Lychee-Sheep-s-Shadow-90120.html
43403,d.grayi,Ma Lon: Ghost in the Can,2025,https://www.fragrantica.com/perfume/d-grayi/Ma-Lon-Ghost-in-the-Can-123667.html
43404,d.grayi,Manjo Bee,2023,https://www.fragrantica.com/perfume/d-grayi/Manjo-Bee-87161.html
43405,d.grayi,Matcha Cat,2024,https://www.fragrantica.com/perfume/d-grayi/Matcha-Cat-90635.html
43406,d.grayi,Matcha Cat Matté,2025,https://www.fragrantica.com/perfume/d-grayi/Matcha-Cat-Matte-123668.html
43407,d.grayi,Midnight Lychee,2026,https://www.fragrantica.com/perfume/d-grayi/Midnight-Lychee-133662.html
43408,d.grayi,Myrrh Cat,2023,https://www.fragrantica.com/perfume/d-grayi/Myrrh-Cat-87163.html
43409,d.grayi,Neptune's Gift,,https://www.fragrantica.com/perfume/d-grayi/Neptune-s-Gift-109069.html
43410,d.grayi,Orange Cat Express,2020,https://www.fragrantica.com/perfume/d-grayi/Orange-Cat-Express-123669.html
43411,d.grayi,Pandan,2023,https://www.fragrantica.com/perfume/d-grayi/Pandan-87120.html
43412,d.grayi,Paradise's Eruption,2026,https://www.fragrantica.com/perfume/d-grayi/Paradise-s-Eruption-133144.html
43413,d.grayi,Pemouwood,2024,https://www.fragrantica.com/perfume/d-grayi/Pemouwood-90628.html
43414,d.grayi,PHỞ-GERE,2024,https://www.fragrantica.com/perfume/d-grayi/PHO-GERE-90632.html
43415,d.grayi,Pu-Oud,2026,https://www.fragrantica.com/perfume/d-grayi/Pu-Oud-133663.html
43416,d.grayi,Rain On Me,2023,https://www.fragrantica.com/perfume/d-grayi/Rain-On-Me-87119.html
43417,d.grayi,RE:M,2022,https://www.fragrantica.com/perfume/d-grayi/RE-M-87115.html
43418,d.grayi,Reap,2024,https://www.fragrantica.com/perfume/d-grayi/Reap-133320.html
43419,d.grayi,Red Jasmine Rice,,https://www.fragrantica.com/perfume/d-grayi/Red-Jasmine-Rice-109071.html
43420,d.grayi,Roan on Fire,2026,https://www.fragrantica.com/perfume/d-grayi/Roan-on-Fire-123624.html
43421,d.grayi,Rose Covered Classes,,https://www.fragrantica.com/perfume/d-grayi/Rose-Covered-Classes-133147.html
43422,d.grayi,Rose Phoenix,2024,https://www.fragrantica.com/perfume/d-grayi/Rose-Phoenix-95246.html
43423,d.grayi,Saigon Sin,2023,https://www.fragrantica.com/perfume/d-grayi/Saigon-Sin-87164.html
43424,d.grayi,Sexy Skunk,2023,https://www.fragrantica.com/perfume/d-grayi/Sexy-Skunk-87159.html
43425,d.grayi,Sexy Skunk (Vegan Edition),2023,https://www.fragrantica.com/perfume/d-grayi/Sexy-Skunk-Vegan-Edition-90118.html
43426,d.grayi,Shy Plant (MẮC CỠ),2023,https://www.fragrantica.com/perfume/d-grayi/Shy-Plant-MAC-CO-87118.html
43427,d.grayi,Smell of Sedition,2026,https://www.fragrantica.com/perfume/d-grayi/Smell-of-Sedition-133152.html
43428,d.grayi,Spice,2023,https://www.fragrantica.com/perfume/d-grayi/Spice-87117.html
43429,d.grayi,Strawberry Cat Shortcake,2025,https://www.fragrantica.com/perfume/d-grayi/Strawberry-Cat-Shortcake-123670.html
43430,d.grayi,Strawberry Support,2024,https://www.fragrantica.com/perfume/d-grayi/Strawberry-Support-109454.html
43431,d.grayi,Sugar,2022,https://www.fragrantica.com/perfume/d-grayi/Sugar-87109.html
43432,d.grayi,(Super) Sexy Skunk,2024,https://www.fragrantica.com/perfume/d-grayi/Super-Sexy-Skunk-95247.html
43433,d.grayi,Tomacco,2026,https://www.fragrantica.com/perfume/d-grayi/Tomacco-142511.html
43434,d.grayi,TRÀ-YUJA,2023,https://www.fragrantica.com/perfume/d-grayi/TRA-YUJA-90121.html
43435,d.grayi,ĐỤRIAN,2025,https://www.fragrantica.com/perfume/d-grayi/DURIAN-105844.html
43436,d.grayi,Wednesday's Child,2022,https://www.fragrantica.com/perfume/d-grayi/Wednesday-s-Child-87113.html
43437,d.grayi,Wednesday's Child (Vegan Edition),2023,https://www.fragrantica.com/perfume/d-grayi/Wednesday-s-Child-Vegan-Edition-90119.html
43438,d.grayi,Wednesday's Nevermore,2025,https://www.fragrantica.com/perfume/d-grayi/Wednesday-s-Nevermore-123672.html
43439,d.grayi,White Cat Milktea,2025,https://www.fragrantica.com/perfume/d-grayi/White-Cat-Milktea-123674.html
43440,d.grayi,White Rabbit,2024,https://www.fragrantica.com/perfume/d-grayi/White-Rabbit-90633.html
43441,d.grayi,Wood,2024,https://www.fragrantica.com/perfume/d-grayi/Wood-90631.html
43442,d'Orsay,A.C. J'approchais un mystère.,2020,https://www.parfumo.com/Perfumes/d_Orsay/a-c-j-approchais-un-mystere
43443,D’ORSAY,À cœur perdu. L.B.,2023,https://www.fragrantica.com/perfume/D-ORSAY/A-coeur-perdu-L-B-83241.html
43444,d'Orsay,A.N. Acte d'amour furtif.,2020,https://www.parfumo.com/Perfumes/d_Orsay/a-n-acte-d-amour-furtif
43445,d'Orsay,A.R. Les ombres fantastiques.,2020,https://www.parfumo.com/Perfumes/d_Orsay/a-r-les-ombres-fantastiques
43446,D’ORSAY,Acte d’Amour Furtif A.N.,2020,https://www.fragrantica.com/perfume/D-ORSAY/Acte-d-Amour-Furtif-A-N-63979.html
43447,d'Orsay,Al-Kimiya - Ambre et Musc,2014,https://www.parfumo.com/Perfumes/d_Orsay/AlKimiya_Ambre_et_Musc
43448,d'Orsay,Al-Kimiya - Oud et Bois,2014,https://www.parfumo.com/Perfumes/d_Orsay/AlKimiya_Oud_et_Bois
43449,d'Orsay,Ambre,1911,https://www.parfumo.com/Perfumes/d_Orsay/Ambre_d_Orsay
43450,D’ORSAY,Ambre et Musc,2014,https://www.fragrantica.com/perfume/D-ORSAY/Ambre-et-Musc-28115.html
43451,D’ORSAY,Arome 3,1943,https://www.fragrantica.com/perfume/D-ORSAY/Arome-3-482.html
43452,D’ORSAY,Arome 3 Tradition,1998,https://www.fragrantica.com/perfume/D-ORSAY/Arome-3-Tradition-37972.html
43453,d'Orsay,Arome 3 Tradition,1999,https://www.parfumo.com/Perfumes/d_Orsay/Arome_3_Tradition
43454,d'Orsay,Belle de Jour,,https://www.parfumo.com/Perfumes/d_Orsay/Belle_de_Jour
43455,d'Orsay,C.B. Songe à la douceur.,2020,https://www.parfumo.com/Perfumes/d_Orsay/c-b-songe-a-la-douceur
43456,D’ORSAY,C’est Toujours Agréable d’Être Attendu O.W.,2020,https://www.fragrantica.com/perfume/D-ORSAY/C-est-Toujours-Agreable-d-Etre-Attendu-O-W-63986.html
43457,d'Orsay,C.G. Vouloir être ailleurs.,2020,https://www.parfumo.com/Perfumes/d_Orsay/c-g-vouloir-etre-ailleurs
43458,D’ORSAY,Camelia,1919,https://www.fragrantica.com/perfume/D-ORSAY/Camelia-67556.html
43459,D’ORSAY,Candy Rush,2026,https://www.fragrantica.com/perfume/D-ORSAY/Candy-Rush-128859.html
43460,d'Orsay,Cherry Blossom,,https://www.parfumo.com/Perfumes/d_Orsay/Cherry_Blossom
43461,D’ORSAY,Chevalier d'Orsay,1911,https://www.fragrantica.com/perfume/D-ORSAY/Chevalier-d-Orsay-8674.html
43462,d'Orsay,Chevalier d'Orsay d'Orsay 1911 After Shave Lotion,1911,https://www.parfumo.com/Perfumes/d_Orsay/Chevalier_d_Orsay_After_Shave_Lotion
43463,d'Orsay,Chevalier d'Orsay d'Orsay 1911 Eau de Toilette,1911,https://www.parfumo.com/Perfumes/d_Orsay/Chevalier_d_Orsay_Eau_de_Toilette
43464,d'Orsay,Chevalier d'Orsay d'Orsay Eau de Cologne,,https://www.parfumo.com/Perfumes/d_Orsay/chevalier-d-orsay-eau-de-cologne
43465,d'Orsay,Chypre,,https://www.parfumo.com/Perfumes/d_Orsay/Chypre
43466,D’ORSAY,Chypre d'Orsay,1912,https://www.fragrantica.com/perfume/D-ORSAY/Chypre-d-Orsay-41630.html
43467,d'Orsay,Comtesse,,https://www.parfumo.com/Perfumes/d_Orsay/Comtesse_d_Orsay
43468,D’ORSAY,Dandy or not. G.A.,2022,https://www.fragrantica.com/perfume/D-ORSAY/Dandy-or-not-G-A-76312.html
43469,d'Orsay,Diamant Noir,,https://www.parfumo.com/Perfumes/d_Orsay/Diamant_Noir
43470,d'Orsay,Divine,1947,https://www.parfumo.com/Perfumes/d_Orsay/Divine
43471,d'Orsay,Duo,,https://www.parfumo.com/Perfumes/d_Orsay/Duo
43472,d'Orsay,Eau de Cologne Ambrée,,https://www.parfumo.com/Perfumes/d_Orsay/eau-de-cologne-ambree
43473,d'Orsay,Eau de Cologne d'Orsay Étiquette Bleue d'Orsay 1910 Eau de Cologne,1910,https://www.parfumo.com/Perfumes/d_Orsay/Eau_de_Cologne_Etiquette_Bleue
43474,d'Orsay,Eau Fringante,1969,https://www.parfumo.com/Perfumes/d_Orsay/Eau_Fringante
43475,D’ORSAY,Etiquette Bleue,1830,https://www.fragrantica.com/perfume/D-ORSAY/Etiquette-Bleue-5536.html
43476,d'Orsay,Etiquette Bleue d'Orsay 1993 Eau de Toilette,1993,https://www.parfumo.com/Perfumes/d_Orsay/Etiquette_Bleue_Eau_de_Toilette
43477,d'Orsay,Etiquette Bleue d'Orsay Cologne Double Extrait,,https://www.parfumo.com/Perfumes/d_Orsay/Etiquette_Bleue_Cologne_Double_Extrait
43478,d'Orsay,Fantastique,1953,https://www.parfumo.com/Perfumes/d_Orsay/Fantastique
43479,d'Orsay,Femme de Dandy,2001,https://www.parfumo.com/Perfumes/d_Orsay/Femme_de_Dandy
43480,d'Orsay,Fleur de France,,https://www.parfumo.com/Perfumes/d_Orsay/Fleur_de_France
43481,d'Orsay,Fleurette Bleue,,https://www.parfumo.com/Perfumes/d_Orsay/Fleurette_Bleue
43482,D’ORSAY,Flower Lust,2024,https://www.fragrantica.com/perfume/D-ORSAY/Flower-Lust-96258.html
43483,d'Orsay,G.A. Dandy or not.,2022,https://www.parfumo.com/Perfumes/d_Orsay/g-a-dandy-or-not
43484,d'Orsay,Ganika,,https://www.parfumo.com/Perfumes/d_Orsay/Ganika
43485,d'Orsay,Grace,,https://www.parfumo.com/Perfumes/d_Orsay/Grace
43486,D’ORSAY,Holy Berry,2025,https://www.fragrantica.com/perfume/D-ORSAY/Holy-Berry-117084.html
43487,D’ORSAY,Il N’y a Pas De Bien Ni De Mal T.J.,2020,https://www.fragrantica.com/perfume/D-ORSAY/Il-N-y-a-Pas-De-Bien-Ni-De-Mal-T-J-63987.html
43488,D’ORSAY,Il Ne Faut Pas Être Plus Sage Qu’il Ne Faut S.P.,2020,https://www.fragrantica.com/perfume/D-ORSAY/Il-Ne-Faut-Pas-Etre-Plus-Sage-Qu-il-Ne-Faut-S-P-63985.html
43489,D’ORSAY,Incense Crush,2024,https://www.fragrantica.com/perfume/D-ORSAY/Incense-Crush-96260.html
43490,D’ORSAY,Intoxication,2006,https://www.fragrantica.com/perfume/D-ORSAY/Intoxication-39379.html
43491,d'Orsay,Intoxication d'Amour,1942,https://www.parfumo.com/Perfumes/d_Orsay/Intoxication_d_Amour
43492,D’ORSAY,Intoxication d'Amour,1997,https://www.fragrantica.com/perfume/D-ORSAY/Intoxication-d-Amour-39381.html
43493,D’ORSAY,Intoxication d'Amour (Vintage),1942,https://www.fragrantica.com/perfume/D-ORSAY/Intoxication-d-Amour-Vintage-39380.html
43494,d'Orsay,Intoxication d'Orsay 1938 Parfum,1938,https://www.parfumo.com/Perfumes/d_Orsay/intoxication-parfum
43495,d'Orsay,Intoxication d'Orsay Eau de Toilette,,https://www.parfumo.com/Perfumes/d_Orsay/intoxication-eau-de-toilette
43496,D’ORSAY,Intoxication (Vintage),1938,https://www.fragrantica.com/perfume/D-ORSAY/Intoxication-Vintage-39378.html
43497,D’ORSAY,J'ai L'air De Ce Que Je Suis J.R.,2020,https://www.fragrantica.com/perfume/D-ORSAY/J-ai-L-air-De-Ce-Que-Je-Suis-J-R-63982.html
43498,D’ORSAY,J’approchais Un Mystère A.C.,2020,https://www.fragrantica.com/perfume/D-ORSAY/J-approchais-Un-Mystere-A-C-63980.html
43499,D’ORSAY,J.R.,2018,https://www.fragrantica.com/perfume/D-ORSAY/J-R-60903.html
43500,d'Orsay,J.R. J'ai l'air de ce que je suis.,2019,https://www.parfumo.com/Perfumes/d_Orsay/j-r-j-ai-l-air-de-ce-que-je-suis
43501,d'Orsay,Jasmin,,https://www.parfumo.com/Perfumes/d_Orsay/Jasmin
43502,D’ORSAY,Je Suis Le Plus Grand M.A.,2020,https://www.fragrantica.com/perfume/D-ORSAY/Je-Suis-Le-Plus-Grand-M-A-63989.html
43503,D’ORSAY,Jusqu’à toi. P.S.,2023,https://www.fragrantica.com/perfume/D-ORSAY/Jusqu-a-toi-P-S-83242.html
43504,d'Orsay,L'Aveu,,https://www.parfumo.com/Perfumes/d_Orsay/L_Aveu
43505,d'Orsay,L.B. À cœur perdu.,,https://www.parfumo.com/Perfumes/d_Orsay/l-b-a-coeur-perdu
43506,d'Orsay,L'Élégance Elegance,,https://www.parfumo.com/Perfumes/d_Orsay/L_Elegance_Elegance
43507,D’ORSAY,L'Intrigante,2010,https://www.fragrantica.com/perfume/D-ORSAY/L-Intrigante-10340.html
43508,D’ORSAY,La Dandy,2010,https://www.fragrantica.com/perfume/D-ORSAY/La-Dandy-480.html
43509,d'Orsay,La Dandy pour Femme,1922,https://www.parfumo.com/Perfumes/d_Orsay/La_Dandy_pour_Femme
43510,d'Orsay,La Flambée,,https://www.parfumo.com/Perfumes/d_Orsay/La_Flambee
43511,d'Orsay,La Serenata,,https://www.parfumo.com/Perfumes/d_Orsay/la-serenata
43512,d'Orsay,Le Charme,,https://www.parfumo.com/Perfumes/d_Orsay/Le_Charme_d_Orsay
43513,d'Orsay,Le Chevalier A la Rose,,https://www.parfumo.com/Perfumes/d_Orsay/Le_Chevalier_A_la_Rose
43514,D’ORSAY,Le Dandy,1923,https://www.fragrantica.com/perfume/D-ORSAY/Le-Dandy-72262.html
43515,d'Orsay,Le Dandy pour Homme,1923,https://www.parfumo.com/Perfumes/d_Orsay/Le_Dandy_pour_Homme
43516,D’ORSAY,Le Dandy Pour Homme,1999,https://www.fragrantica.com/perfume/D-ORSAY/Le-Dandy-Pour-Homme-479.html
43517,d'Orsay,Le Dandy pour Homme Edition Prestige 90 Ans,,https://www.parfumo.com/Perfumes/d_Orsay/le-dandy-pour-homme-edition-prestige-90-ans
43518,d'Orsay,Le Jardin,,https://www.parfumo.com/Perfumes/d_Orsay/Le_Jardin
43519,D’ORSAY,Le Nomade,1974,https://www.fragrantica.com/perfume/D-ORSAY/Le-Nomade-481.html
43520,d'Orsay,Le Nomade,2001,https://www.parfumo.com/Perfumes/d_Orsay/Le_Nomade
43521,d'Orsay,Le Parfum d'Antan,,https://www.parfumo.com/Perfumes/d_Orsay/Le_Parfum_d_Antan
43522,d'Orsay,Le Parfum du Chevalier,,https://www.parfumo.com/Perfumes/d_Orsay/le-parfum-du-chevalier-d-orsay
43523,d'Orsay,Le Porte-Bonheur,,https://www.parfumo.com/Perfumes/d_Orsay/Le_PorteBonheur
43524,d'Orsay,Les Fleurs,,https://www.parfumo.com/Perfumes/d_Orsay/Les_Fleurs
43525,d'Orsay,Les Lys Bonheur,,https://www.parfumo.com/Perfumes/d_Orsay/Les_Lys_Bonheur
43526,D’ORSAY,Les Ombres Fantastiques A.R.,2020,https://www.fragrantica.com/perfume/D-ORSAY/Les-Ombres-Fantastiques-A-R-63988.html
43527,d'Orsay,Les Roses,,https://www.parfumo.com/Perfumes/d_Orsay/Les_Roses_d_Orsay
43528,d'Orsay,Leur Cœur,,https://www.parfumo.com/Perfumes/d_Orsay/Leur_Cur
43529,d'Orsay,Leurs Ames,,https://www.parfumo.com/Perfumes/d_Orsay/Leurs_Ames
43530,D’ORSAY,Love After Rain K.M.,2026,https://www.fragrantica.com/perfume/D-ORSAY/Love-After-Rain-K-M-135731.html
43531,d'Orsay,Lydis,,https://www.parfumo.com/Perfumes/d_Orsay/Lydis
43532,d'Orsay,M.A. Je suis le plus grand.,2020,https://www.parfumo.com/Perfumes/d_Orsay/m-a-je-suis-le-plus-grand
43533,d'Orsay,M.D. Nous sommes amants.,2021,https://www.parfumo.com/Perfumes/d_Orsay/m-d-nous-sommes-amants
43534,d'Orsay,Meggy,,https://www.parfumo.com/Perfumes/d_Orsay/Meggy
43535,d'Orsay,Milord,,https://www.parfumo.com/Perfumes/d_Orsay/Milord
43536,D’ORSAY,Muguet,1924,https://www.fragrantica.com/perfume/D-ORSAY/Muguet-137079.html
43537,d'Orsay,Muguet Muguet,,https://www.parfumo.com/Perfumes/d_Orsay/muguet-muguet-d-orsay
43538,D’ORSAY,Mystere,1915,https://www.fragrantica.com/perfume/D-ORSAY/Mystere-56387.html
43539,d'Orsay,Nomade d'Orsay 1973 After-Shave,1973,https://www.parfumo.com/Perfumes/d_Orsay/Nomade_1973_After_Shave
43540,d'Orsay,Nomade d'Orsay 1973 Eau de Cologne,1973,https://www.parfumo.com/Perfumes/d_Orsay/Nomade_1973_Eau_de_Cologne
43541,d'Orsay,Nomade d'Orsay 1973 Eau de Toilette,1973,https://www.parfumo.com/Perfumes/d_Orsay/Nomade_1973_Eau_de_Toilette
43542,D’ORSAY,Nous Sommes Amants. M.D.,2022,https://www.fragrantica.com/perfume/D-ORSAY/Nous-Sommes-Amants-M-D-75330.html
43543,D’ORSAY,O.W.,2019,https://www.fragrantica.com/perfume/D-ORSAY/O-W-60904.html
43544,d'Orsay,O.W. C'est toujours agréable d'être attendu.,2019,https://www.parfumo.com/Perfumes/d_Orsay/o-w-c-est-toujours-agreable-d-etre-attendu
43545,D’ORSAY,Oud et Bois,2014,https://www.fragrantica.com/perfume/D-ORSAY/Oud-et-Bois-28114.html
43546,d'Orsay,P.S. Jusqu'à toi.,2021,https://www.parfumo.com/Perfumes/d_Orsay/p-s-jusqu-a-toi
43547,d'Orsay,Panier des Roses,,https://www.parfumo.com/Perfumes/d_Orsay/Panier_des_Roses
43548,d'Orsay,Poesie,,https://www.parfumo.com/Perfumes/d_Orsay/Poesie
43549,D’ORSAY,Quelque Chose Dans L’air S.C.,2020,https://www.fragrantica.com/perfume/D-ORSAY/Quelque-Chose-Dans-L-air-S-C-63984.html
43550,d'Orsay,Rose Ambrée Rose d'Orsay Ambrée,,https://www.parfumo.com/Perfumes/d_Orsay/rose-ambree-rose-d-orsay-ambree
43551,D’ORSAY,Rose Blaze,2025,https://www.fragrantica.com/perfume/D-ORSAY/Rose-Blaze-117083.html
43552,d'Orsay,RoseLys,,https://www.parfumo.com/Perfumes/d_Orsay/RoseLys
43553,d'Orsay,Royal Origan,,https://www.parfumo.com/Perfumes/d_Orsay/Royal_Origan
43554,D’ORSAY,S.C.,2019,https://www.fragrantica.com/perfume/D-ORSAY/S-C-60905.html
43555,d'Orsay,S.C. Quelque chose dans l'air.,2019,https://www.parfumo.com/Perfumes/d_Orsay/s-c-quelque-chose-dans-l-air
43556,D’ORSAY,S.P.,2019,https://www.fragrantica.com/perfume/D-ORSAY/S-P-60906.html
43557,d'Orsay,S.P. Il ne faut pas être plus sage qu'il ne faut.,2019,https://www.parfumo.com/Perfumes/d_Orsay/s-p-il-ne-faut-pas-etre-plus-sage-qu-il-ne-faut
43558,D’ORSAY,Songe à La Douceur C.B.,2020,https://www.fragrantica.com/perfume/D-ORSAY/Songe-a-La-Douceur-C-B-63981.html
43559,D’ORSAY,Sur tes levres. E.Q.,2023,https://www.fragrantica.com/perfume/D-ORSAY/Sur-tes-levres-E-Q-83243.html
43560,d'Orsay,Sweet Disruption W.T.,2023,https://www.parfumo.com/Perfumes/d_Orsay/sweet-disruption-w-t
43561,D’ORSAY,Sweet Disruption W.T.,2024,https://www.fragrantica.com/perfume/D-ORSAY/Sweet-Disruption-W-T-91036.html
43562,D’ORSAY,T.J.,2019,https://www.fragrantica.com/perfume/D-ORSAY/T-J-60907.html
43563,d'Orsay,T.J. Il n'y a pas de bien ni de mal.,2019,https://www.parfumo.com/Perfumes/d_Orsay/t-j-il-n-y-a-pas-de-bien-ni-de-mal
43564,D’ORSAY,Te Dire Oui V.H.,2022,https://www.fragrantica.com/perfume/D-ORSAY/Te-Dire-Oui-V-H-76533.html
43565,D’ORSAY,Tilleul,1915,https://www.fragrantica.com/perfume/D-ORSAY/Tilleul-477.html
43566,d'Orsay,Tilleul,1995,https://www.parfumo.com/Perfumes/d_Orsay/Tilleul
43567,d'Orsay,Tilleul en Fleurs,,https://www.parfumo.com/Perfumes/d_Orsay/Tilleul_en_Fleurs
43568,D’ORSAY,Tilleul Friction de Nuit,1999,https://www.fragrantica.com/perfume/D-ORSAY/Tilleul-Friction-de-Nuit-8673.html
43569,D’ORSAY,Tilleul Pour La Nuit,2012,https://www.fragrantica.com/perfume/D-ORSAY/Tilleul-Pour-La-Nuit-17005.html
43570,D’ORSAY,Tonka Hysteria,2024,https://www.fragrantica.com/perfume/D-ORSAY/Tonka-Hysteria-96259.html
43571,d'Orsay,Toujours Fidèle,,https://www.parfumo.com/Perfumes/d_Orsay/Toujous_Fidele
43572,d'Orsay,Triomphe,,https://www.parfumo.com/Perfumes/d_Orsay/Triomphe
43573,d'Orsay,Trophée,1935,https://www.parfumo.com/Perfumes/d_Orsay/Trophee
43574,D’ORSAY,Une rose au paradis R.B.,2023,https://www.fragrantica.com/perfume/D-ORSAY/Une-rose-au-paradis-R-B-85906.html
43575,d'Orsay,V.H. Te dire oui.,2022,https://www.parfumo.com/Perfumes/d_Orsay/v-h-te-dire-oui
43576,D’ORSAY,Vanilla Affair,2026,https://www.fragrantica.com/perfume/D-ORSAY/Vanilla-Affair-137876.html
43577,d'Orsay,Violette,,https://www.parfumo.com/Perfumes/d_Orsay/Violette
43578,d'Orsay,Violette Ambrée,,https://www.parfumo.com/Perfumes/d_Orsay/Violette_Ambree
43579,d'Orsay,Voulez-Vous d'Orsay 1960 Parfum,1960,https://www.parfumo.com/Perfumes/d_Orsay/Voulez_Vous_Parfum
43580,d'Orsay,Voulez-Vous d'Orsay 1960 Parfum de Toilette,1960,https://www.parfumo.com/Perfumes/d_Orsay/Voulez_Vous_Parfum_de_Toilette
43581,d'Orsay,Voulez-Vous d'Orsay 1964 Skin-Essence,1964,https://www.parfumo.com/Perfumes/d_Orsay/Voulez_Vous_Skin_Essence
43582,d'Orsay,Voulez-Vous d'Orsay Perfume Oil,,https://www.parfumo.com/Perfumes/d_Orsay/voulez-vous-perfume-oil
43583,D’ORSAY,Vouloir Être Ailleurs C.G.,2020,https://www.fragrantica.com/perfume/D-ORSAY/Vouloir-Etre-Ailleurs-C-G-63983.html
43584,D'OTTO,1+7 Extrait de Parfum,2022,https://www.fragrantica.com/perfume/D-OTTO/1-7-Extrait-de-Parfum-74388.html
43585,D'OTTO,1x8,2024,https://www.fragrantica.com/perfume/D-OTTO/1x8-92124.html
43586,D'OTTO,2+6 Extrait de Parfum,2022,https://www.fragrantica.com/perfume/D-OTTO/2-6-Extrait-de-Parfum-74394.html
43587,D'OTTO,2x4,2024,https://www.fragrantica.com/perfume/D-OTTO/2x4-92125.html
43588,D'OTTO,3+5 Extrait de Parfum,2022,https://www.fragrantica.com/perfume/D-OTTO/3-5-Extrait-de-Parfum-74393.html
43589,D'OTTO,4x2,2025,https://www.fragrantica.com/perfume/D-OTTO/4x2-108305.html
43590,D'OTTO,5+3 Extrait de Parfum,2022,https://www.fragrantica.com/perfume/D-OTTO/5-3-Extrait-de-Parfum-74391.html
43591,D'OTTO,6+2 Extrait de Parfum,2022,https://www.fragrantica.com/perfume/D-OTTO/6-2-Extrait-de-Parfum-74397.html
43592,D'OTTO,7+1,2022,https://www.fragrantica.com/perfume/D-OTTO/7-1-77294.html
43593,D'OTTO,8x1,2025,https://www.fragrantica.com/perfume/D-OTTO/8x1-108306.html
43594,D.R.Harris,Albany Cologne (Eau de Cologne),,https://www.fragrantica.com/perfume/D-R-Harris/Albany-Cologne-17419.html
43595,D.R.Harris,Arlington Cologne (Eau de Cologne),,https://www.fragrantica.com/perfume/D-R-Harris/Arlington-Cologne-17420.html
43596,D.R.Harris,Classic Cologne (Eau de Cologne),,https://www.fragrantica.com/perfume/D-R-Harris/Classic-Cologne-17421.html
43597,D.R.Harris,Freshening Cologne (Eau de Cologne),,https://www.fragrantica.com/perfume/D-R-Harris/Freshening-Cologne-17422.html
43598,D.R.Harris,Marlborough Cologne (Eau de Cologne),,https://www.fragrantica.com/perfume/D-R-Harris/Marlborough-Cologne-17423.html
43599,D.R.Harris,Mayfair,,https://www.fragrantica.com/perfume/D-R-Harris/Mayfair-17424.html
43600,D.R.Harris,Old English Lavender Water,,https://www.fragrantica.com/perfume/D-R-Harris/Old-English-Lavender-Water-17425.html
43601,D.R.Harris,Sandalwood Cologne (Eau de Cologne),2007,https://www.fragrantica.com/perfume/D-R-Harris/Sandalwood-Cologne-41269.html
43602,D.R.Harris,Traditional Cologne (Eau de Cologne),,https://www.fragrantica.com/perfume/D-R-Harris/Traditional-Cologne-17426.html
43603,D.R.Harris,Twenty Nine,2015,https://www.fragrantica.com/perfume/D-R-Harris/Twenty-Nine-41268.html
43604,D.R.Harris,Windsor Eau de Toilette,,https://www.fragrantica.com/perfume/D-R-Harris/Windsor-Eau-de-Toilette-17427.html
43605,D''Ram,Caring,2021,https://www.fragrantica.com/perfume/D-Ram/Caring-71047.html
43606,D''Ram,Gem Of A Person,2021,https://www.fragrantica.com/perfume/D-Ram/Gem-Of-A-Person-71043.html
43607,D''Ram,Love & Music,2021,https://www.fragrantica.com/perfume/D-Ram/Love-Music-71042.html
43608,D''Ram,Love You Dad,2021,https://www.fragrantica.com/perfume/D-Ram/Love-You-Dad-71027.html
43609,D''Ram,Man Of Word,2021,https://www.fragrantica.com/perfume/D-Ram/Man-Of-Word-71044.html
43610,D''Ram,Strong Personality,2021,https://www.fragrantica.com/perfume/D-Ram/Strong-Personality-71045.html
43611,D.S. & Durga,$,2008,https://www.parfumo.com/Perfumes/D_S__Durga/Dollar
43612,D.S. & Durga,40 Million Year Old Amber 2023,2023,https://huggingface.co/datasets/doevent/perfume
43613,D.S. & Durga,Amber Kiso,2018,https://www.parfumo.com/Perfumes/D_S__Durga/Amber_Kiso
43614,D.S. & Durga,Amber Teutonic,2018,https://www.parfumo.com/Perfumes/D_S__Durga/Amber_Teutonic
43615,D.S. & Durga,Big Sur Eucalyptus,2023,https://www.parfumo.com/Perfumes/D_S__Durga/big-sur-eucalyptus
43616,D.S. & Durga,Bistro Waters,2022,https://www.parfumo.com/Perfumes/D_S__Durga/bistro-waters
43617,D.S. & Durga,Black Magenta,2024,https://www.parfumo.com/Perfumes/D_S__Durga/black-magenta
43618,D.S. & Durga,Bleeding Heart Patchouli,2020,https://www.parfumo.com/Perfumes/D_S__Durga/bleeding-heart-patchouli
43619,D.S. & Durga,Boston Ivy,2011,https://www.parfumo.com/Perfumes/D_S__Durga/Boston_Ivy
43620,D.S. & Durga,Bowmakers D.S. & Durga 2012 Eau de Parfum,2012,https://www.parfumo.com/Perfumes/D_S__Durga/bowmakers-eau-de-parfum
43621,D.S. & Durga,Bowmakers D.S. & Durga Perfume Oil,,https://www.parfumo.com/Perfumes/D_S__Durga/bowmakers-perfume-oil
43622,D.S. & Durga,Bruja de la Rosa,,https://www.parfumo.com/Perfumes/D_S__Durga/Bruja_de_la_Rosa
43623,D.S. & Durga,Burning Barbershop,2008,https://www.parfumo.com/Perfumes/D_S__Durga/Burning_Barbershop
43624,D.S. & Durga,Colorado & Florida by Shipley & Halmos,,https://www.parfumo.com/Perfumes/D_S__Durga/Colorado__Florida_by_Shipley__Halmos
43625,D.S. & Durga,Coriander D.S. & Durga 2008 Eau de Parfum,2008,https://www.parfumo.com/Perfumes/D_S__Durga/coriander-eau-de-parfum
43626,D.S. & Durga,Coriander D.S. & Durga 2019 Perfume Oil,2019,https://www.parfumo.com/Perfumes/D_S__Durga/coriander-perfume-oil
43627,D.S. & Durga,Cowboy Grass,2008,https://www.parfumo.com/Perfumes/D_S__Durga/Cowboy_Grass
43628,D.S. & Durga,Cowgirl Grass,2008,https://www.parfumo.com/Perfumes/D_S__Durga/cowgirl-grass-2008
43629,D.S. & Durga,Cowgirl Grass,2024,https://www.parfumo.com/Perfumes/D_S__Durga/cowgirl-grass-2024
43630,D.S. & Durga,Crush Balls 2023,2023,https://huggingface.co/datasets/doevent/perfume
43631,D.S. & Durga,Crystal Pistil,2020,https://www.parfumo.com/Perfumes/D_S__Durga/crystal-pistil
43632,D.S. & Durga,D.S.,2019,https://www.parfumo.com/Perfumes/D_S__Durga/D_S_
43633,D.S. & Durga,D.S. & Durga for Duran Duran - Come Undone,2018,https://www.parfumo.com/Perfumes/D_S__Durga/D_S__Durga_for_Duran_Duran__Come_Undone
43634,D.S. & Durga,D.S. & Durga for Duran Duran - Hungry Like The Wolf,2018,https://www.parfumo.com/Perfumes/D_S__Durga/D_S__Durga_for_Duran_Duran__Hungry_Like_The_Wolf
43635,D.S. & Durga,D.S. & Durga for Duran Duran - Skin Divers,,https://www.parfumo.com/Perfumes/D_S__Durga/D_S__Durga_for_Duran_Duran__Skin_Divers
43636,D.S. & Durga,D.S. & Durga for Duran Duran - You Kill Me With Silence,2018,https://www.parfumo.com/Perfumes/D_S__Durga/D_S__Durga_for_Duran_Duran__You_Kill_Me_With_Silence
43637,D.S. & Durga,D.S. & Durga for J.Crew - Homesteader's Cologne Water (Eau de Cologne),,https://www.parfumo.com/Perfumes/D_S__Durga/D_S__Durga_for_J_Crew_Homesteader_s_Cologne_Water
43638,D.S. & Durga,D.S. & Durga for J.Crew - Longshoreman's Cologne Water (Eau de Cologne),2014,https://www.parfumo.com/Perfumes/D_S__Durga/D_S__Durga_for_J_Crew__Longshoreman_s_Cologne_Water
43639,D.S. & Durga,Debaser D.S. & Durga 2015 Eau de Parfum,2015,https://www.parfumo.com/Perfumes/D_S__Durga/Debaser_Eau_de_Parfum
43640,D.S. & Durga,Debaser D.S. & Durga Perfume Oil,,https://www.parfumo.com/Perfumes/D_S__Durga/Debaser_Perfume_Oil
43641,D.S. & Durga,Deep Dark Vanilla,2023,https://www.parfumo.com/Perfumes/D_S__Durga/deep-dark-vanilla
43642,D.S. & Durga,Desert Paintbrush,2021,https://www.parfumo.com/Perfumes/D_S__Durga/desert-paintbrush
43643,D.S. & Durga,Durga,2017,https://www.parfumo.com/Perfumes/D_S__Durga/Durga
43644,D.S. & Durga,Duzina Rozi,2020,https://www.parfumo.com/Perfumes/D_S__Durga/duzina-rozi
43645,D.S. & Durga,Dylan,2021,https://www.parfumo.com/Perfumes/D_S__Durga/dylan
43646,D.S. & Durga,East Mid East,2009,https://www.parfumo.com/Perfumes/D_S__Durga/East_Mid_East
43647,D.S. & Durga,El Cosmico,2015,https://www.parfumo.com/Perfumes/D_S__Durga/El_Cosmico
43648,D.S. & Durga,Eve's Saint L'Orange,,https://www.parfumo.com/Perfumes/D_S__Durga/Eve_s_Saint_L_Orange
43649,D.S. & Durga,First Light Five Boroughs,2020,https://www.parfumo.com/Perfumes/D_S__Durga/first-light-five-boroughs
43650,D.S. & Durga,Freetrapper,2011,https://www.parfumo.com/Perfumes/D_S__Durga/Freetrapper
43651,D.S. & Durga,Gateau Blackout,2024,https://www.parfumo.com/Perfumes/D_S__Durga/gateau-blackout
43652,D.S. & Durga,Grapefruit Generation,2021,https://www.parfumo.com/Perfumes/D_S__Durga/grapefruit-generation
43653,D.S. & Durga,Hiko Men - Clouds,,https://www.parfumo.com/Perfumes/D_S__Durga/Hiko_Men__Clouds
43654,D.S. & Durga,Hiko Men - Desert,,https://www.parfumo.com/Perfumes/D_S__Durga/Hiko_Men__Desert
43655,D.S. & Durga,Hiko Men - Frontier Town,,https://www.parfumo.com/Perfumes/D_S__Durga/Hiko_Men__Frontier_Town
43656,D.S. & Durga,Hiko Men - High Mountain Air,,https://www.parfumo.com/Perfumes/D_S__Durga/Hiko_Men__High_Mountain_Air
43657,D.S. & Durga,Hiko Men - Soft Rolling Hills/Meadows,,https://www.parfumo.com/Perfumes/D_S__Durga/Hiko_Men__Soft_Rolling_HillsMeadows
43658,D.S. & Durga,Hiko Men - Steppe/Swamp,,https://www.parfumo.com/Perfumes/D_S__Durga/Hiko_Men__SteppeSwamp
43659,D.S. & Durga,Hollywood Regency,,https://www.parfumo.com/Perfumes/D_S__Durga/Hollywood_Regency
43660,D.S. & Durga,Homesteader'S Cologne (Eau de Cologne),,https://huggingface.co/datasets/doevent/perfume
43661,D.S. & Durga,"Hylnds - Bitter Rose, Broken Spear",,https://www.parfumo.com/Perfumes/D_S__Durga/Hylnds_Bitter_Rose_Broken_Spear
43662,D.S. & Durga,Hylnds - Foxglove,2014,https://www.parfumo.com/Perfumes/D_S__Durga/Hylnds_Foxglove
43663,D.S. & Durga,Hylnds - Isle Ryder,2013,https://www.parfumo.com/Perfumes/D_S__Durga/Hylnds_Isle_Ryder
43664,D.S. & Durga,"Hylnds - Pale Grey Mountain, Small Black Lake",2013,https://www.parfumo.com/Perfumes/D_S__Durga/Hylnds_Pale_Grey_Mountain_Small_Black_Lake
43665,D.S. & Durga,Hylnds - Spirit of the Glen,2013,https://www.parfumo.com/Perfumes/D_S__Durga/Hylnds_Spirit_of_the_Glen
43666,D.S. & Durga,I Don't Know What,2018,https://www.parfumo.com/Perfumes/D_S__Durga/I_Don_t_Know_What
43667,D.S. & Durga,Italian Citrus,2011,https://www.parfumo.com/Perfumes/D_S__Durga/Italian_Citrus
43668,D.S. & Durga,Jazmín Yucatan,2020,https://www.parfumo.com/Perfumes/D_S__Durga/jazmin-yucatan
43669,D.S. & Durga,Lady Greystock,2011,https://www.parfumo.com/Perfumes/D_S__Durga/Lady_Greystock
43670,D.S. & Durga,Leatherize,2022,https://www.parfumo.com/Perfumes/D_S__Durga/leatherize
43671,D.S. & Durga,Let's Dive,2024,https://www.parfumo.com/Perfumes/D_S__Durga/let-s-dive
43672,D.S. & Durga,Lilac City,2023,https://www.parfumo.com/Perfumes/D_S__Durga/lilac-city-2023
43673,D.S. & Durga,Longshoreman'S Cologne Water (Eau de Cologne),,https://huggingface.co/datasets/doevent/perfume
43674,D.S. & Durga,M'Head Reds,,https://www.parfumo.com/Perfumes/D_S__Durga/M_Head_Reds
43675,D.S. & Durga,Magnolia City,,https://www.parfumo.com/Perfumes/D_S__Durga/magnolia-city
43676,D.S. & Durga,Mahogany Kora,2023,https://www.parfumo.com/Perfumes/D_S__Durga/mahogany-kora
43677,D.S. & Durga,Million Year Old Amber,2023,https://www.parfumo.com/Perfumes/D_S__Durga/40-million-year-old-amber
43678,D.S. & Durga,Mississippi Medicine D.S. & Durga 2011 Eau de Parfum,2011,https://www.parfumo.com/Perfumes/D_S__Durga/Mississippi_Medicine_Eau_de_Parfum
43679,D.S. & Durga,Mississippi Medicine D.S. & Durga Perfume Oil,,https://www.parfumo.com/Perfumes/D_S__Durga/Mississippi_Medicine_Perfume_Oil
43680,D.S. & Durga,My Indian Childhood,2000,https://www.parfumo.com/Perfumes/D_S__Durga/My_Indian_Childhood
43681,D.S. & Durga,Notorious Oud,2019,https://www.parfumo.com/Perfumes/D_S__Durga/Notorious_Oud
43682,D.S. & Durga,Osmanthus Cologne (Eau de Cologne),,https://www.parfumo.com/Perfumes/D_S__Durga/Osmanthus_Cologne
43683,D.S. & Durga,Peanut,2024,https://www.parfumo.com/Perfumes/D_S__Durga/peanut
43684,D.S. & Durga,Pistachio,2022,https://www.parfumo.com/Perfumes/D_S__Durga/pistachio
43685,D.S. & Durga,Poppy Rouge,2011,https://www.parfumo.com/Perfumes/D_S__Durga/Poppy_Rouge
43686,D.S. & Durga,Radio Bombay,2016,https://www.parfumo.com/Perfumes/D_S__Durga/Radio_Bombay
43687,D.S. & Durga,Rheims,,https://www.parfumo.com/Perfumes/D_S__Durga/1538_Rheims
43688,D.S. & Durga,Rockaway Beach,2020,https://www.parfumo.com/Perfumes/D_S__Durga/rockaway-beach
43689,D.S. & Durga,Roman Fruit Sellers,2022,https://www.parfumo.com/Perfumes/D_S__Durga/roman-fruit-sellers
43690,D.S. & Durga,Roman Ruin Cypress,2023,https://www.parfumo.com/Perfumes/D_S__Durga/roman-ruin-cypress
43691,D.S. & Durga,Rose Atlantic D.S. & Durga 2016 Eau de Parfum,2016,https://www.parfumo.com/Perfumes/D_S__Durga/rose-atlantic-eau-de-parfum
43692,D.S. & Durga,Rose Atlantic D.S. & Durga Perfume Oil,,https://www.parfumo.com/Perfumes/D_S__Durga/rose-atlantic-perfume-oil
43693,D.S. & Durga,Royal Kinam Oud,2023,https://www.parfumo.com/Perfumes/D_S__Durga/royal-kinam-oud
43694,D.S. & Durga,Royal Purpure,2009,https://www.parfumo.com/Perfumes/D_S__Durga/Royal_Purpure
43695,D.S. & Durga,Salem Gothic,2023,https://www.parfumo.com/Perfumes/D_S__Durga/salem-gothic
43696,D.S. & Durga,Sexy Viking,2022,https://www.parfumo.com/Perfumes/D_S__Durga/sexy-viking
43697,D.S. & Durga,Siberian Snow,2008,https://www.parfumo.com/Perfumes/D_S__Durga/Siberian_Snow
43698,D.S. & Durga,Silent Grove,,https://www.parfumo.com/Perfumes/D_S__Durga/Silent_Grove
43699,D.S. & Durga,Sir,2011,https://www.parfumo.com/Perfumes/D_S__Durga/Sir
43700,D.S. & Durga,Smoked Amber,2009,https://www.parfumo.com/Perfumes/D_S__Durga/Smoked_Amber
43701,D.S. & Durga,Spent Musket Oil,2012,https://www.parfumo.com/Perfumes/D_S__Durga/Spent_Musket_Oil
43702,D.S. & Durga,Spirit Lamp,2016,https://www.parfumo.com/Perfumes/D_S__Durga/Spirit_Lamp
43703,D.S. & Durga,St. Vetyver,2021,https://www.parfumo.com/Perfumes/D_S__Durga/st-vetyver
43704,D.S. & Durga,Staghorn Sumac,2011,https://www.parfumo.com/Perfumes/D_S__Durga/Staghorn_Sumac
43705,D.S. & Durga,Steamed Rainbow,2023,https://www.parfumo.com/Perfumes/D_S__Durga/steamed-rainbow
43706,D.S. & Durga,Suckle Honey City,2022,https://www.parfumo.com/Perfumes/D_S__Durga/suckle-honey-city
43707,D.S. & Durga,Summer in Queens,,https://www.parfumo.com/Perfumes/D_S__Durga/summer-in-queens
43708,D.S. & Durga,Sweet Do Nothing,2021,https://www.parfumo.com/Perfumes/D_S__Durga/sweet-do-nothing
43709,D.S. & Durga,The Carlyle,2023,https://www.parfumo.com/Perfumes/D_S__Durga/the-carlyle
43710,D.S. & Durga,The Greatest Cologne of All Time (Eau de Cologne),2022,https://www.parfumo.com/Perfumes/D_S__Durga/the-greatest-cologne-of-all-time
43711,D.S. & Durga,Vio-Volta,2017,https://www.parfumo.com/Perfumes/D_S__Durga/Vio_Volta
43712,D.S. & Durga,Wear at Maximum Volume,2024,https://www.parfumo.com/Perfumes/D_S__Durga/wear-at-maximum-volume
43713,D.S. & Durga,White Peacock Lily,2016,https://www.parfumo.com/Perfumes/D_S__Durga/White_Peacock_Lily
43714,D.S. & Durga,Whose Jacket His Jacket,2018,https://www.parfumo.com/Perfumes/D_S__Durga/whose-jacket-his-jacket
43715,D.S. & Durga,Wipeout!,2022,https://www.parfumo.com/Perfumes/D_S__Durga/wipeout
43716,D.S. & Durga,Young Dunes,2023,https://www.parfumo.com/Perfumes/D_S__Durga/young-dunes
43717,D.S. & Durga,Young Dunes X Todd Snyder,,https://huggingface.co/datasets/doevent/perfume
43718,D'S Damat,Classic,,https://www.dsdamat.com/
43719,D'S Damat,Ds Damat Brown (Eau de Parfum),,https://www.trendyol.com/d-s-damat/ds-damat-brown-100ml-parfum-p-1198202414
43720,D'S Damat,Ds Damat Other (Eau de Parfum),,https://www.trendyol.com/d-s-damat/ds-damat-other-100-ml-parfum-p-1201328343
43721,D'S Damat,Ds Damat Standart Classic (Eau de Parfum),,https://www.trendyol.com/d-s-damat/ds-damat-standart-classic-100-ml-parfum-p-1198213428
43722,D'S Damat,Ds Damat Standart (Eau de Parfum),,https://www.trendyol.com/d-s-damat/ds-damat-standart-parfum-p-901824747
43723,D'S Damat,Ds Damat Standart Juste Toi (Eau de Parfum),,https://www.trendyol.com/d-s-damat/ds-damat-standart-juste-toi-100-ml-parfum-p-1200422104
43724,D'S Damat,Ds Damat Standart Sport (Eau de Parfum),,https://www.trendyol.com/d-s-damat/ds-damat-standart-sport-100-ml-parfum-p-1199084282
43725,D'S Damat,Juste Toi,,https://www.dsdamat.com/
43726,D'S Damat,Sport,,https://www.dsdamat.com/
43727,D:SOL MMXVI,Azuris,2026,https://www.fragrantica.com/perfume/D-SOL-MMXVI/Azuris-142339.html
43728,D:SOL MMXVI,Cistus,2024,https://www.fragrantica.com/perfume/D-SOL-MMXVI/Cistus-98217.html
43729,D:SOL MMXVI,HERBES,2020,https://www.fragrantica.com/perfume/D-SOL-MMXVI/HERBES-63332.html
43730,D:SOL MMXVI,ISLETA,2025,https://www.fragrantica.com/perfume/D-SOL-MMXVI/ISLETA-108755.html
43731,D:SOL MMXVI,Ládano,2025,https://www.fragrantica.com/perfume/D-SOL-MMXVI/Ladano-117411.html
43732,D:SOL MMXVI,Sombra,2023,https://www.fragrantica.com/perfume/D-SOL-MMXVI/Sombra-87546.html
43733,D:SOL MMXVI,Sombra 24,2024,https://www.fragrantica.com/perfume/D-SOL-MMXVI/Sombra-24-98641.html
43734,D:SOL MMXVI,TERRAM,2020,https://www.fragrantica.com/perfume/D-SOL-MMXVI/TERRAM-63330.html
43735,D:SOL MMXVI,TESORO,2020,https://www.fragrantica.com/perfume/D-SOL-MMXVI/TESORO-63331.html
43736,D4C,BÈS4-MÉ,2026,https://www.fragrantica.com/perfume/D4C/BES4-ME-140407.html
43737,D4C,C4R4C4S NIGHT,2024,https://www.fragrantica.com/perfume/D4C/C4R4C4S-NIGHT-102419.html
43738,D4C,C4TCH ME IF YOU C4N,2024,https://www.fragrantica.com/perfume/D4C/C4TCH-ME-IF-YOU-C4N-102420.html
43739,D4C,COUR4GE,2024,https://www.fragrantica.com/perfume/D4C/COUR4GE-102421.html
43740,D4C,M4DNESS,2024,https://www.fragrantica.com/perfume/D4C/M4DNESS-102418.html
43741,D4C,M4R-4BISS4L,2026,https://www.fragrantica.com/perfume/D4C/M4R-4BISS4L-140406.html
43742,Daar of Vanilla,Cookie Melt,2026,https://www.fragrantica.com/perfume/Daar-of-Vanilla/Cookie-Melt-134886.html
43743,Daar of Vanilla,Melon Aura,2026,https://www.fragrantica.com/perfume/Daar-of-Vanilla/Melon-Aura-134887.html
43744,Dadamilano,Androgin,2025,https://www.fragrantica.com/perfume/Dadamilano/Androgin-129299.html
43745,Dadamilano,Cheesecake Rovesciata,2025,https://www.fragrantica.com/perfume/Dadamilano/Cheesecake-Rovesciata-129297.html
43746,Dadamilano,Corium Amandorla,2026,https://www.fragrantica.com/perfume/Dadamilano/Corium-Amandorla-129298.html
43747,Dadamilano,Eden,2025,https://www.fragrantica.com/perfume/Dadamilano/Eden-129296.html
43748,Dadamilano,Genesi,2024,https://www.fragrantica.com/perfume/Dadamilano/Genesi-104209.html
43749,Dadamilano,Lattementa,2026,https://www.fragrantica.com/perfume/Dadamilano/Lattementa-139142.html
43750,Dadamilano,Promenade Settanta,2024,https://www.fragrantica.com/perfume/Dadamilano/Promenade-Settanta-129295.html
43751,Dadamilano,Velluto,2024,https://www.fragrantica.com/perfume/Dadamilano/Velluto-104211.html
43752,Daddy Yankee,Daddy Yankee,2008,https://www.fragrantica.com/perfume/Daddy-Yankee/Daddy-Yankee-5056.html
43753,Daddy Yankee,DYamante,2010,https://www.fragrantica.com/perfume/Daddy-Yankee/DYamante-11766.html
43754,Daichun Lin 戴春林,LianXiangLu (Lotus Dew) 莲香露,2009,https://www.fragrantica.com/perfume/Daichun-Lin-dai-chun-lin/LianXiangLu-Lotus-Dew-lian-xiang-lu-35747.html
43755,Dailus Lab,Ice Cream Cookies & Cream,2025,https://www.fragrantica.com/perfume/Dailus-Lab/Ice-Cream-Cookies-Cream-127101.html
43756,Dailus Lab,Ice Cream Creme de Baunilha,2026,https://www.fragrantica.com/perfume/Dailus-Lab/Ice-Cream-Creme-de-Baunilha-138809.html
43757,Dailus Lab,Ice Cream Morango ao Leite,2025,https://www.fragrantica.com/perfume/Dailus-Lab/Ice-Cream-Morango-ao-Leite-127102.html
43758,Dailus Lab,Ice Cream Mousse de Pistache,2025,https://www.fragrantica.com/perfume/Dailus-Lab/Ice-Cream-Mousse-de-Pistache-127103.html
43759,Dailus Lab,Nº 07,2023,https://www.fragrantica.com/perfume/Dailus-Lab/No-07-84422.html
43760,Dailus Lab,Nº 09,2023,https://www.fragrantica.com/perfume/Dailus-Lab/No-09-84420.html
43761,Dailus Lab,Nº 10,2023,https://www.fragrantica.com/perfume/Dailus-Lab/No-10-84425.html
43762,Dailus Lab,Nº 16,2023,https://www.fragrantica.com/perfume/Dailus-Lab/No-16-84416.html
43763,Dailus Lab,Nº 18,2023,https://www.fragrantica.com/perfume/Dailus-Lab/No-18-84417.html
43764,Dailus Lab,Nº 20,2023,https://www.fragrantica.com/perfume/Dailus-Lab/No-20-84427.html
43765,Dailus Lab,Nº 25,2023,https://www.fragrantica.com/perfume/Dailus-Lab/No-25-84428.html
43766,Dailus Lab,Nº 29,2023,https://www.fragrantica.com/perfume/Dailus-Lab/No-29-84423.html
43767,Dailus Lab,Nº 31,2023,https://www.fragrantica.com/perfume/Dailus-Lab/No-31-84421.html
43768,Dailus Lab,Nº 37,2023,https://www.fragrantica.com/perfume/Dailus-Lab/No-37-84424.html
43769,Dailus Lab,Sweet Skin Sundae de Cereja,2026,https://www.fragrantica.com/perfume/Dailus-Lab/Sweet-Skin-Sundae-de-Cereja-138810.html
43770,Dailus Lab,Sweet Skin Torta de Limão,2026,https://www.fragrantica.com/perfume/Dailus-Lab/Sweet-Skin-Torta-de-Limao-138811.html
43771,Daise Fragrance,Bloom,2026,https://www.fragrantica.com/perfume/Daise-Fragrance/Bloom-131414.html
43772,Daise Fragrance,Happy Daise,2025,https://www.fragrantica.com/perfume/Daise-Fragrance/Happy-Daise-106778.html
43773,Daise Fragrance,Hello Daise,2025,https://www.fragrantica.com/perfume/Daise-Fragrance/Hello-Daise-106773.html
43774,Daise Fragrance,Lowkey Daise,2025,https://www.fragrantica.com/perfume/Daise-Fragrance/Lowkey-Daise-106775.html
43775,Daise Fragrance,Oh So Daise,2025,https://www.fragrantica.com/perfume/Daise-Fragrance/Oh-So-Daise-106779.html
43776,Daise Fragrance,Peachy Daise,2025,https://www.fragrantica.com/perfume/Daise-Fragrance/Peachy-Daise-106777.html
43777,Daise Fragrance,Sunny Daise,,https://www.fragrantica.com/perfume/Daise-Fragrance/Sunny-Daise-106766.html
43778,Daisy Fuentes,Dianoche Day,2006,https://www.fragrantica.com/perfume/Daisy-Fuentes/Dianoche-Day-9493.html
43779,Daisy Fuentes,Dianoche Love,2009,https://www.fragrantica.com/perfume/Daisy-Fuentes/Dianoche-Love-9497.html
43780,Daisy Fuentes,Dianoche Love Night,2009,https://www.fragrantica.com/perfume/Daisy-Fuentes/Dianoche-Love-Night-9498.html
43781,Daisy Fuentes,Dianoche Night,2006,https://www.fragrantica.com/perfume/Daisy-Fuentes/Dianoche-Night-9494.html
43782,Daisy Fuentes,Dianoche Ocean,2008,https://www.fragrantica.com/perfume/Daisy-Fuentes/Dianoche-Ocean-9495.html
43783,Daisy Fuentes,Dianoche Ocean Night,2008,https://www.fragrantica.com/perfume/Daisy-Fuentes/Dianoche-Ocean-Night-9496.html
43784,Daisy Fuentes,Dianoche Passion,,https://www.fragrantica.com/perfume/Daisy-Fuentes/Dianoche-Passion-9499.html
43785,Daisy Fuentes,Dianoche Passion Night,,https://www.fragrantica.com/perfume/Daisy-Fuentes/Dianoche-Passion-Night-9500.html
43786,Daisy Fuentes,Mysterious,2011,https://www.fragrantica.com/perfume/Daisy-Fuentes/Mysterious-12308.html
43787,Daisy Fuentes,So Luxurious,2007,https://www.fragrantica.com/perfume/Daisy-Fuentes/So-Luxurious-9501.html
43788,Dalegerard,Discernment dgr01,2018,https://www.fragrantica.com/perfume/Dalegerard/Discernment-dgr01-76939.html
43789,Dalegerard,Mannered dgr01,2018,https://www.fragrantica.com/perfume/Dalegerard/Mannered-dgr01-76940.html
43790,Dalegerard,Vocation dgr01,2018,https://www.fragrantica.com/perfume/Dalegerard/Vocation-dgr01-76938.html
43791,Dalibor Parfums,Aqua du Póete,2022,https://www.fragrantica.com/perfume/Dalibor-Parfums/Aqua-du-Poete-90380.html
43792,Dalibor Parfums,Baikal 1642,2022,https://www.fragrantica.com/perfume/Dalibor-Parfums/Baikal-1642-90386.html
43793,Dalibor Parfums,Bergamotto,2022,https://www.fragrantica.com/perfume/Dalibor-Parfums/Bergamotto-90373.html
43794,Dalibor Parfums,Château,2022,https://www.fragrantica.com/perfume/Dalibor-Parfums/Chateau-90376.html
43795,Dalibor Parfums,Cuore Freddo,2022,https://www.fragrantica.com/perfume/Dalibor-Parfums/Cuore-Freddo-90383.html
43796,Dalibor Parfums,Gigoló,2022,https://www.fragrantica.com/perfume/Dalibor-Parfums/Gigolo-90381.html
43797,Dalibor Parfums,Giulietta,2022,https://www.fragrantica.com/perfume/Dalibor-Parfums/Giulietta-90379.html
43798,Dalibor Parfums,Maldivas,2022,https://www.fragrantica.com/perfume/Dalibor-Parfums/Maldivas-90382.html
43799,Dalibor Parfums,Marbella,2022,https://www.fragrantica.com/perfume/Dalibor-Parfums/Marbella-90385.html
43800,Dalibor Parfums,Mojito,2022,https://www.fragrantica.com/perfume/Dalibor-Parfums/Mojito-90377.html
43801,Dalibor Parfums,Pierrot,2022,https://www.fragrantica.com/perfume/Dalibor-Parfums/Pierrot-90384.html
43802,Daly Beauty,Eau de Jane,2019,https://www.fragrantica.com/perfume/Daly-Beauty/Eau-de-Jane-53597.html
43803,Damask Haus,Agape,2024,https://www.fragrantica.com/perfume/Damask-Haus/Agape-115972.html
43804,Damask Haus,Allerton Garden (Eau de Parfum),2021,https://www.fragrantica.com/perfume/Damask-Haus/Allerton-Garden-119072.html
43805,Damask Haus,Alsace Rhubarb Damask Haus Eau de Parfum,,https://www.parfumo.com/Perfumes/damask-haus/alsace-rhubarb-eau-de-parfum
43806,Damask Haus,Alsace Rhubarb (Perfume Oil),2022,https://www.fragrantica.com/perfume/Damask-Haus/Alsace-Rhubarb-117020.html
43807,Damask Haus,Amber Exhale,2024,https://www.fragrantica.com/perfume/Damask-Haus/Amber-Exhale-115588.html
43808,Damask Haus,Ambrosial Orris,2024,https://www.fragrantica.com/perfume/Damask-Haus/Ambrosial-Orris-115973.html
43809,Damask Haus,Andes Creme Candies (Perfume Oil),2022,https://www.fragrantica.com/perfume/Damask-Haus/Andes-Creme-Candies-117023.html
43810,Damask Haus,Antoinette Damask Haus 1966 Eau de Parfum,1966,https://www.parfumo.com/Perfumes/damask-haus/antoinette-eau-de-parfum
43811,Damask Haus,Antoinette (Perfume Oil),2023,https://www.fragrantica.com/perfume/Damask-Haus/Antoinette-131631.html
43812,Damask Haus,Apple Festival,2022,https://www.fragrantica.com/perfume/Damask-Haus/Apple-Festival-116047.html
43813,Damask Haus,Apricot Orchard (Eau de Parfum),2021,https://www.fragrantica.com/perfume/Damask-Haus/Apricot-Orchard-132694.html
43814,Damask Haus,BadonkaTonk (Eau de Parfum),2024,https://www.fragrantica.com/perfume/Damask-Haus/BadonkaTonk-116048.html
43815,Damask Haus,Bat Song (Eau de Parfum),2022,https://www.fragrantica.com/perfume/Damask-Haus/Bat-Song-117003.html
43816,Damask Haus,Beach Goddess Damask Haus 2015 Perfume Oil,2015,https://www.parfumo.com/Perfumes/damask-haus/beach-goddess-perfume-oil
43817,Damask Haus,Beach Goddess (Eau de Parfum),2022,https://www.fragrantica.com/perfume/Damask-Haus/Beach-Goddess-132487.html
43818,Damask Haus,BeLoved,2022,https://www.fragrantica.com/perfume/Damask-Haus/BeLoved-119071.html
43819,Damask Haus,Berliners,2021,https://www.fragrantica.com/perfume/Damask-Haus/Berliners-116049.html
43820,Damask Haus,Bittersweet Fall,2021,https://www.fragrantica.com/perfume/Damask-Haus/Bittersweet-Fall-132484.html
43821,Damask Haus,Black Lilac,2021,https://www.fragrantica.com/perfume/Damask-Haus/Black-Lilac-117639.html
43822,Damask Haus,Blimey,2021,https://www.fragrantica.com/perfume/Damask-Haus/Blimey-119070.html
43823,Damask Haus,Blue Qingniao,2021,https://www.fragrantica.com/perfume/Damask-Haus/Blue-Qingniao-131587.html
43824,Damask Haus,Booty,2020,https://www.fragrantica.com/perfume/Damask-Haus/Booty-118942.html
43825,Damask Haus,Boughs of Holly,2022,https://www.fragrantica.com/perfume/Damask-Haus/Boughs-of-Holly-119069.html
43826,Damask Haus,Canchánchara,2021,https://www.fragrantica.com/perfume/Damask-Haus/Canchanchara-119068.html
43827,Damask Haus,Candied Almonds,2021,https://www.fragrantica.com/perfume/Damask-Haus/Candied-Almonds-119065.html
43828,Damask Haus,Candlelight Service,2022,https://www.fragrantica.com/perfume/Damask-Haus/Candlelight-Service-118959.html
43829,Damask Haus,Carcassonne,2022,https://www.fragrantica.com/perfume/Damask-Haus/Carcassonne-117620.html
43830,Damask Haus,Carpe Vanilliem,2026,https://www.fragrantica.com/perfume/Damask-Haus/Carpe-Vanilliem-131238.html
43831,Damask Haus,Carrot Cake Ice Cream,2021,https://www.fragrantica.com/perfume/Damask-Haus/Carrot-Cake-Ice-Cream-116050.html
43832,Damask Haus,Centaur,2021,https://www.fragrantica.com/perfume/Damask-Haus/Centaur-131585.html
43833,Damask Haus,Chimera,2021,https://www.fragrantica.com/perfume/Damask-Haus/Chimera-131584.html
43834,Damask Haus,Chinese Dragon,2021,https://www.fragrantica.com/perfume/Damask-Haus/Chinese-Dragon-131575.html
43835,Damask Haus,Chocolate Rum Balls,2021,https://www.fragrantica.com/perfume/Damask-Haus/Chocolate-Rum-Balls-131636.html
43836,Damask Haus,Cloud Puffs,2022,https://www.fragrantica.com/perfume/Damask-Haus/Cloud-Puffs-131632.html
43837,Damask Haus,Clover & Crumb,2025,https://www.fragrantica.com/perfume/Damask-Haus/Clover-Crumb-116051.html
43838,Damask Haus,Cockswain,2021,https://www.fragrantica.com/perfume/Damask-Haus/Cockswain-117024.html
43839,Damask Haus,Cocoa Liqueur Bomb,2022,https://www.fragrantica.com/perfume/Damask-Haus/Cocoa-Liqueur-Bomb-116052.html
43840,Damask Haus,CocoTantric,2024,https://www.fragrantica.com/perfume/Damask-Haus/CocoTantric-116053.html
43841,Damask Haus,Coffer,2021,https://www.fragrantica.com/perfume/Damask-Haus/Coffer-118952.html
43842,Damask Haus,Copper Dream,2024,https://www.fragrantica.com/perfume/Damask-Haus/Copper-Dream-116054.html
43843,Damask Haus,Coronation,2023,https://www.fragrantica.com/perfume/Damask-Haus/Coronation-117637.html
43844,Damask Haus,"Cosmopolitan, Hold the Vodka",2022,https://www.fragrantica.com/perfume/Damask-Haus/Cosmopolitan-Hold-the-Vodka-117015.html
43845,Damask Haus,Crème Caramel Flan,2022,https://www.fragrantica.com/perfume/Damask-Haus/Creme-Caramel-Flan-117025.html
43846,Damask Haus,Crown Shy,2022,https://www.fragrantica.com/perfume/Damask-Haus/Crown-Shy-116055.html
43847,Damask Haus,Damasco,2022,https://www.fragrantica.com/perfume/Damask-Haus/Damasco-116056.html
43848,Damask Haus,Dark Forest Cherry,2022,https://www.fragrantica.com/perfume/Damask-Haus/Dark-Forest-Cherry-118950.html
43849,Damask Haus,Debauchery,2021,https://www.fragrantica.com/perfume/Damask-Haus/Debauchery-118948.html
43850,Damask Haus,Deep State Mango,2021,https://www.fragrantica.com/perfume/Damask-Haus/Deep-State-Mango-118945.html
43851,Damask Haus,Driftwood Sunset,2022,https://www.fragrantica.com/perfume/Damask-Haus/Driftwood-Sunset-132488.html
43852,Damask Haus,Dryad,2021,https://www.fragrantica.com/perfume/Damask-Haus/Dryad-131573.html
43853,Damask Haus,Éclair,2020,https://www.fragrantica.com/perfume/Damask-Haus/Eclair-119074.html
43854,Damask Haus,Elderberry Punch,2021,https://www.fragrantica.com/perfume/Damask-Haus/Elderberry-Punch-118944.html
43855,Damask Haus,Elpis,2025,https://www.fragrantica.com/perfume/Damask-Haus/Elpis-115584.html
43856,Damask Haus,Emerald Oasis,2022,https://www.fragrantica.com/perfume/Damask-Haus/Emerald-Oasis-132500.html
43857,Damask Haus,Eros,2024,https://www.fragrantica.com/perfume/Damask-Haus/Eros-116057.html
43858,Damask Haus,Fairy Dust,2021,https://www.fragrantica.com/perfume/Damask-Haus/Fairy-Dust-118939.html
43859,Damask Haus,Fenghuang,2021,https://www.fragrantica.com/perfume/Damask-Haus/Fenghuang-119732.html
43860,Damask Haus,Filthy Femme,2022,https://www.fragrantica.com/perfume/Damask-Haus/Filthy-Femme-117617.html
43861,Damask Haus,Fleeting Light,2022,https://www.fragrantica.com/perfume/Damask-Haus/Fleeting-Light-116058.html
43862,Damask Haus,Flirt,2022,https://www.fragrantica.com/perfume/Damask-Haus/Flirt-118935.html
43863,Damask Haus,Flower Fort,2022,https://www.fragrantica.com/perfume/Damask-Haus/Flower-Fort-132485.html
43864,Damask Haus,German Chocolate Cake,2022,https://www.fragrantica.com/perfume/Damask-Haus/German-Chocolate-Cake-117621.html
43865,Damask Haus,Gilded Crest,2023,https://www.fragrantica.com/perfume/Damask-Haus/Gilded-Crest-116059.html
43866,Damask Haus,Glass Bauble,2022,https://www.fragrantica.com/perfume/Damask-Haus/Glass-Bauble-118930.html
43867,Damask Haus,Goblin Market,2021,https://www.fragrantica.com/perfume/Damask-Haus/Goblin-Market-132433.html
43868,Damask Haus,Gravity,2022,https://www.fragrantica.com/perfume/Damask-Haus/Gravity-116060.html
43869,Damask Haus,Grecian Fig,2022,https://www.fragrantica.com/perfume/Damask-Haus/Grecian-Fig-116061.html
43870,Damask Haus,Green Tea,2021,https://www.fragrantica.com/perfume/Damask-Haus/Green-Tea-116062.html
43871,Damask Haus,Gremlin,2021,https://www.fragrantica.com/perfume/Damask-Haus/Gremlin-131576.html
43872,Damask Haus,Hala Lani,2022,https://www.fragrantica.com/perfume/Damask-Haus/Hala-Lani-116063.html
43873,Damask Haus,Halo,2022,https://www.fragrantica.com/perfume/Damask-Haus/Halo-118086.html
43874,Damask Haus,Hanalei Farmer's Market,2021,https://www.fragrantica.com/perfume/Damask-Haus/Hanalei-Farmer-s-Market-118085.html
43875,Damask Haus,Hazelnut Turrone,2022,https://www.fragrantica.com/perfume/Damask-Haus/Hazelnut-Turrone-116064.html
43876,Damask Haus,Heidrun,2021,https://www.fragrantica.com/perfume/Damask-Haus/Heidrun-131586.html
43877,Damask Haus,Heir Apparent,2023,https://www.fragrantica.com/perfume/Damask-Haus/Heir-Apparent-117622.html
43878,Damask Haus,Honeymoon,2023,https://www.fragrantica.com/perfume/Damask-Haus/Honeymoon-116306.html
43879,Damask Haus,Hope,2021,https://www.fragrantica.com/perfume/Damask-Haus/Hope-118083.html
43880,Damask Haus,Horchata,2021,https://www.fragrantica.com/perfume/Damask-Haus/Horchata-117947.html
43881,Damask Haus,January,2022,https://www.fragrantica.com/perfume/Damask-Haus/January-117946.html
43882,Damask Haus,Jelly Beans & G-Strings,2022,https://www.fragrantica.com/perfume/Damask-Haus/Jelly-Beans-G-Strings-131593.html
43883,Damask Haus,Kaneohe Sunrise,2022,https://www.fragrantica.com/perfume/Damask-Haus/Kaneohe-Sunrise-116307.html
43884,Damask Haus,Kirschenplotzer,2021,https://www.fragrantica.com/perfume/Damask-Haus/Kirschenplotzer-117945.html
43885,Damask Haus,Koloa,2021,https://www.fragrantica.com/perfume/Damask-Haus/Koloa-117944.html
43886,Damask Haus,Lady Earl Grey,2021,https://www.fragrantica.com/perfume/Damask-Haus/Lady-Earl-Grey-116309.html
43887,Damask Haus,Lady In The Streets,2022,https://www.fragrantica.com/perfume/Damask-Haus/Lady-In-The-Streets-117943.html
43888,Damask Haus,Lava Flow,2022,https://www.fragrantica.com/perfume/Damask-Haus/Lava-Flow-116310.html
43889,Damask Haus,Lava Tube Lookout,2022,https://www.fragrantica.com/perfume/Damask-Haus/Lava-Tube-Lookout-117942.html
43890,Damask Haus,Lavender Lace,2021,https://www.fragrantica.com/perfume/Damask-Haus/Lavender-Lace-117941.html
43891,Damask Haus,Le Petite Mort au Chocolat,2022,https://www.fragrantica.com/perfume/Damask-Haus/Le-Petite-Mort-au-Chocolat-116308.html
43892,Damask Haus,Lilinoe,2022,https://www.fragrantica.com/perfume/Damask-Haus/Lilinoe-116311.html
43893,Damask Haus,Limahuli,2021,https://www.fragrantica.com/perfume/Damask-Haus/Limahuli-117940.html
43894,Damask Haus,Lip Smacker,2022,https://www.fragrantica.com/perfume/Damask-Haus/Lip-Smacker-132497.html
43895,Damask Haus,Lonicera Libation,2023,https://www.fragrantica.com/perfume/Damask-Haus/Lonicera-Libation-117939.html
43896,Damask Haus,Lotus Water,2021,https://www.fragrantica.com/perfume/Damask-Haus/Lotus-Water-117938.html
43897,Damask Haus,Ludus,2024,https://www.fragrantica.com/perfume/Damask-Haus/Ludus-116312.html
43898,Damask Haus,Lust,2022,https://www.fragrantica.com/perfume/Damask-Haus/Lust-117806.html
43899,Damask Haus,Magic Beans,2023,https://www.fragrantica.com/perfume/Damask-Haus/Magic-Beans-117803.html
43900,Damask Haus,Mais Bouffée,2021,https://www.fragrantica.com/perfume/Damask-Haus/Mais-Bouffee-117801.html
43901,Damask Haus,Majorelle Bleu Vanille,2023,https://www.fragrantica.com/perfume/Damask-Haus/Majorelle-Bleu-Vanille-116313.html
43902,Damask Haus,MangoTango,2024,https://www.fragrantica.com/perfume/Damask-Haus/MangoTango-116314.html
43903,Damask Haus,Mania,2024,https://www.fragrantica.com/perfume/Damask-Haus/Mania-116316.html
43904,Damask Haus,Manna,2026,https://www.fragrantica.com/perfume/Damask-Haus/Manna-125847.html
43905,Damask Haus,Mayan Meade,2021,https://www.fragrantica.com/perfume/Damask-Haus/Mayan-Meade-132692.html
43906,Damask Haus,Midori,2021,https://www.fragrantica.com/perfume/Damask-Haus/Midori-117800.html
43907,Damask Haus,Milk Shaka,2022,https://www.fragrantica.com/perfume/Damask-Haus/Milk-Shaka-116318.html
43908,Damask Haus,Miss Je Ne Sais Quoi,2025,https://www.fragrantica.com/perfume/Damask-Haus/Miss-Je-Ne-Sais-Quoi-116319.html
43909,Damask Haus,Mokoli'i,2022,https://www.fragrantica.com/perfume/Damask-Haus/Mokoli-i-116355.html
43910,Damask Haus,Moon Gazing,2022,https://www.fragrantica.com/perfume/Damask-Haus/Moon-Gazing-117799.html
43911,Damask Haus,Moon Milk,2022,https://www.fragrantica.com/perfume/Damask-Haus/Moon-Milk-117798.html
43912,Damask Haus,Moonglade,2022,https://www.fragrantica.com/perfume/Damask-Haus/Moonglade-117793.html
43913,Damask Haus,Muscgasmic,2024,https://www.fragrantica.com/perfume/Damask-Haus/Muscgasmic-116356.html
43914,Damask Haus,Mystique de la Mer,2024,https://www.fragrantica.com/perfume/Damask-Haus/Mystique-de-la-Mer-116357.html
43915,Damask Haus,Nebula,2022,https://www.fragrantica.com/perfume/Damask-Haus/Nebula-117618.html
43916,Damask Haus,Neuschwanstein,2021,https://www.fragrantica.com/perfume/Damask-Haus/Neuschwanstein-117789.html
43917,Damask Haus,Nocturnal Tendencies,2021,https://www.fragrantica.com/perfume/Damask-Haus/Nocturnal-Tendencies-131633.html
43918,Damask Haus,Northern Lights,2022,https://www.fragrantica.com/perfume/Damask-Haus/Northern-Lights-117784.html
43919,Damask Haus,Not Sharing,2021,https://www.fragrantica.com/perfume/Damask-Haus/Not-Sharing-132448.html
43920,Damask Haus,Nu'uanu Pali Winds,2022,https://www.fragrantica.com/perfume/Damask-Haus/Nu-uanu-Pali-Winds-117779.html
43921,Damask Haus,Obscura,2026,https://www.fragrantica.com/perfume/Damask-Haus/Obscura-125848.html
43922,Damask Haus,Ogre,2021,https://www.fragrantica.com/perfume/Damask-Haus/Ogre-131574.html
43923,Damask Haus,Orange Julius,2021,https://www.fragrantica.com/perfume/Damask-Haus/Orange-Julius-117778.html
43924,Damask Haus,Orange Streusel,2022,https://www.fragrantica.com/perfume/Damask-Haus/Orange-Streusel-117777.html
43925,Damask Haus,Pear Kolaczki,2022,https://www.fragrantica.com/perfume/Damask-Haus/Pear-Kolaczki-116358.html
43926,Damask Haus,Philautia,2024,https://www.fragrantica.com/perfume/Damask-Haus/Philautia-116617.html
43927,Damask Haus,Philia,2024,https://www.fragrantica.com/perfume/Damask-Haus/Philia-132422.html
43928,Damask Haus,Pineberry Splash,2021,https://www.fragrantica.com/perfume/Damask-Haus/Pineberry-Splash-132693.html
43929,Damask Haus,Pink Cumulus,2022,https://www.fragrantica.com/perfume/Damask-Haus/Pink-Cumulus-116618.html
43930,Damask Haus,Pink Guimauve,2021,https://www.fragrantica.com/perfume/Damask-Haus/Pink-Guimauve-117776.html
43931,Damask Haus,Pinkies Up,2022,https://www.fragrantica.com/perfume/Damask-Haus/Pinkies-Up-132501.html
43932,Damask Haus,Po'ipu Beach,2022,https://www.fragrantica.com/perfume/Damask-Haus/Po-ipu-Beach-116619.html
43933,Damask Haus,Polaris,2022,https://www.fragrantica.com/perfume/Damask-Haus/Polaris-117005.html
43934,Damask Haus,Pragma,2024,https://www.fragrantica.com/perfume/Damask-Haus/Pragma-117775.html
43935,Damask Haus,Pumpkin Monkey,2021,https://www.fragrantica.com/perfume/Damask-Haus/Pumpkin-Monkey-117774.html
43936,Damask Haus,Queen Of Hearts,2022,https://www.fragrantica.com/perfume/Damask-Haus/Queen-Of-Hearts-117769.html
43937,Damask Haus,Queen of Tarts,2022,https://www.fragrantica.com/perfume/Damask-Haus/Queen-of-Tarts-117673.html
43938,Damask Haus,Radiance,2024,https://www.fragrantica.com/perfume/Damask-Haus/Radiance-117619.html
43939,Damask Haus,Raspberry Rosé,2023,https://www.fragrantica.com/perfume/Damask-Haus/Raspberry-Rose-117672.html
43940,Damask Haus,Reaper Ride,2022,https://www.fragrantica.com/perfume/Damask-Haus/Reaper-Ride-132434.html
43941,Damask Haus,Regalia,2023,https://www.fragrantica.com/perfume/Damask-Haus/Regalia-117635.html
43942,Damask Haus,Rosario,2023,https://www.fragrantica.com/perfume/Damask-Haus/Rosario-117671.html
43943,Damask Haus,Royal Hawaiian,2022,https://www.fragrantica.com/perfume/Damask-Haus/Royal-Hawaiian-117670.html
43944,Damask Haus,Rum Raisin Pie,2021,https://www.fragrantica.com/perfume/Damask-Haus/Rum-Raisin-Pie-117669.html
43945,Damask Haus,Rumor,2025,https://www.fragrantica.com/perfume/Damask-Haus/Rumor-116620.html
43946,Damask Haus,Saturday Morning,2021,https://www.fragrantica.com/perfume/Damask-Haus/Saturday-Morning-117662.html
43947,Damask Haus,Savannah Stroll,2022,https://www.fragrantica.com/perfume/Damask-Haus/Savannah-Stroll-117652.html
43948,Damask Haus,Scallywag,2021,https://www.fragrantica.com/perfume/Damask-Haus/Scallywag-117646.html
43949,Damask Haus,Selkie,2021,https://www.fragrantica.com/perfume/Damask-Haus/Selkie-116622.html
43950,Damask Haus,Shave Ice,2022,https://www.fragrantica.com/perfume/Damask-Haus/Shave-Ice-116623.html
43951,Damask Haus,Sierra Nevada,2021,https://www.fragrantica.com/perfume/Damask-Haus/Sierra-Nevada-132691.html
43952,Damask Haus,Silkmoth,2021,https://www.fragrantica.com/perfume/Damask-Haus/Silkmoth-119734.html
43953,Damask Haus,Simmer,2025,https://www.fragrantica.com/perfume/Damask-Haus/Simmer-116924.html
43954,Damask Haus,Sort Sol,2022,https://www.fragrantica.com/perfume/Damask-Haus/Sort-Sol-117644.html
43955,Damask Haus,Sphinx,2021,https://www.fragrantica.com/perfume/Damask-Haus/Sphinx-132718.html
43956,Damask Haus,Star Dust,2022,https://www.fragrantica.com/perfume/Damask-Haus/Star-Dust-132502.html
43957,Damask Haus,Steam Queen,2022,https://www.fragrantica.com/perfume/Damask-Haus/Steam-Queen-117643.html
43958,Damask Haus,Storge,2024,https://www.fragrantica.com/perfume/Damask-Haus/Storge-115586.html
43959,Damask Haus,Strawberry Festival,2022,https://www.fragrantica.com/perfume/Damask-Haus/Strawberry-Festival-117642.html
43960,Damask Haus,Sugar Addict,2023,https://www.fragrantica.com/perfume/Damask-Haus/Sugar-Addict-117636.html
43961,Damask Haus,Sun Kissed,2024,https://www.fragrantica.com/perfume/Damask-Haus/Sun-Kissed-116925.html
43962,Damask Haus,Sundress Weather,2022,https://www.fragrantica.com/perfume/Damask-Haus/Sundress-Weather-132505.html
43963,Damask Haus,Swashbuckler,2021,https://www.fragrantica.com/perfume/Damask-Haus/Swashbuckler-117641.html
43964,Damask Haus,Sweet Bee,2022,https://www.fragrantica.com/perfume/Damask-Haus/Sweet-Bee-119729.html
43965,Damask Haus,Taro Boba Tea,2021,https://www.fragrantica.com/perfume/Damask-Haus/Taro-Boba-Tea-116926.html
43966,Damask Haus,The Invisible,2021,https://www.fragrantica.com/perfume/Damask-Haus/The-Invisible-116927.html
43967,Damask Haus,The Naughty List,2022,https://www.fragrantica.com/perfume/Damask-Haus/The-Naughty-List-132423.html
43968,Damask Haus,The Pastry Peddler,2025,https://www.fragrantica.com/perfume/Damask-Haus/The-Pastry-Peddler-116928.html
43969,Damask Haus,The Pearl,2026,https://www.fragrantica.com/perfume/Damask-Haus/The-Pearl-142825.html
43970,Damask Haus,Three Magi,2022,https://www.fragrantica.com/perfume/Damask-Haus/Three-Magi-117011.html
43971,Damask Haus,Tiara,2023,https://www.fragrantica.com/perfume/Damask-Haus/Tiara-116930.html
43972,Damask Haus,Trellis Tapestry,2023,https://www.fragrantica.com/perfume/Damask-Haus/Trellis-Tapestry-117012.html
43973,Damask Haus,Tulip Fields,2022,https://www.fragrantica.com/perfume/Damask-Haus/Tulip-Fields-119081.html
43974,Damask Haus,Tuscany Vineyard,2022,https://www.fragrantica.com/perfume/Damask-Haus/Tuscany-Vineyard-119080.html
43975,Damask Haus,Ube Malasada,2022,https://www.fragrantica.com/perfume/Damask-Haus/Ube-Malasada-116931.html
43976,Damask Haus,Vanille Crepusculaire,2024,https://www.fragrantica.com/perfume/Damask-Haus/Vanille-Crepusculaire-116932.html
43977,Damask Haus,Velvet Damask,2025,https://www.fragrantica.com/perfume/Damask-Haus/Velvet-Damask-116934.html
43978,Damask Haus,Violet Glacé,2021,https://www.fragrantica.com/perfume/Damask-Haus/Violet-Glace-116995.html
43979,Damask Haus,Walk The Plank,2021,https://www.fragrantica.com/perfume/Damask-Haus/Walk-The-Plank-119079.html
43980,Damask Haus,White Sea,2022,https://www.fragrantica.com/perfume/Damask-Haus/White-Sea-132690.html
43981,Damask Haus,Windsor Garden,2022,https://www.fragrantica.com/perfume/Damask-Haus/Windsor-Garden-119077.html
43982,Damask Haus,Wintermelon Tea,2024,https://www.fragrantica.com/perfume/Damask-Haus/Wintermelon-Tea-116994.html
43983,Damask Haus,Witchberry,2020,https://www.fragrantica.com/perfume/Damask-Haus/Witchberry-119073.html
43984,Damask Haus,XOXO,2022,https://www.fragrantica.com/perfume/Damask-Haus/XOXO-119076.html
43985,Damask Haus,Yeti,2021,https://www.fragrantica.com/perfume/Damask-Haus/Yeti-131582.html
43986,Damask Haus,Yuletide Carols,2022,https://www.fragrantica.com/perfume/Damask-Haus/Yuletide-Carols-117640.html
43987,Dame Perfumery,"Bergamot, Jasmine & Labdanum",2016,https://www.fragrantica.com/perfume/Dame-Perfumery/Bergamot-Jasmine-Labdanum-38056.html
43988,Dame Perfumery,Black Flower Mexican Vanilla,2014,https://www.fragrantica.com/perfume/Dame-Perfumery/Black-Flower-Mexican-Vanilla-27036.html
43989,Dame Perfumery,Black Flower Mexican Vanilla,2026,https://www.fragrantica.com/perfume/Dame-Perfumery/Black-Flower-Mexican-Vanilla-128324.html
43990,Dame Perfumery,"Cassis, Rose & Sandalwood",2014,https://www.fragrantica.com/perfume/Dame-Perfumery/Cassis-Rose-Sandalwood-27034.html
43991,Dame Perfumery,Chilehead,2019,https://www.fragrantica.com/perfume/Dame-Perfumery/Chilehead-54674.html
43992,Dame Perfumery,Chocolate+,2022,https://www.fragrantica.com/perfume/Dame-Perfumery/Chocolate-79079.html
43993,Dame Perfumery,Chocolate Man,2016,https://www.fragrantica.com/perfume/Dame-Perfumery/Chocolate-Man-39660.html
43994,Dame Perfumery,Chocolate+ Milk,2023,https://www.fragrantica.com/perfume/Dame-Perfumery/Chocolate-Milk-87716.html
43995,Dame Perfumery,Chocolate Perfume Oil,2016,https://www.fragrantica.com/perfume/Dame-Perfumery/Chocolate-Perfume-Oil-43159.html
43996,Dame Perfumery,Chocolate+ Rose,2022,https://www.fragrantica.com/perfume/Dame-Perfumery/Chocolate-Rose-79078.html
43997,Dame Perfumery,Citrus Man,2016,https://www.fragrantica.com/perfume/Dame-Perfumery/Citrus-Man-38055.html
43998,Dame Perfumery,Dark Horse,2015,https://www.fragrantica.com/perfume/Dame-Perfumery/Dark-Horse-30553.html
43999,Dame Perfumery,Desert Rose,2015,https://www.fragrantica.com/perfume/Dame-Perfumery/Desert-Rose-29943.html
44000,Dame Perfumery,Earth Mother,2017,https://www.fragrantica.com/perfume/Dame-Perfumery/Earth-Mother-43690.html44001,Dame Perfumery,Herb Man,2014,https://www.fragrantica.com/perfume/Dame-Perfumery/Herb-Man-27421.html
44002,Dame Perfumery,Leather Man,2015,https://www.fragrantica.com/perfume/Dame-Perfumery/Leather-Man-31607.html
44003,Dame Perfumery,"Lime, Gardenia & Benzoin",2015,https://www.fragrantica.com/perfume/Dame-Perfumery/Lime-Gardenia-Benzoin-30554.html
44004,Dame Perfumery,"Mandarin, Neroli & Cedar",2015,https://www.fragrantica.com/perfume/Dame-Perfumery/Mandarin-Neroli-Cedar-30555.html
44005,Dame Perfumery,"Mate, Heliotrope & Patchouli",2014,https://www.fragrantica.com/perfume/Dame-Perfumery/Mate-Heliotrope-Patchouli-27027.html
44006,Dame Perfumery,Minty Man,2018,https://www.fragrantica.com/perfume/Dame-Perfumery/Minty-Man-50624.html
44007,Dame Perfumery,Monsoon,2017,https://www.fragrantica.com/perfume/Dame-Perfumery/Monsoon-45406.html
44008,Dame Perfumery,New Musk,2022,https://www.fragrantica.com/perfume/Dame-Perfumery/New-Musk-79076.html
44009,Dame Perfumery,New Musk Man,2015,https://www.fragrantica.com/perfume/Dame-Perfumery/New-Musk-Man-31608.html
44010,Dame Perfumery,New Musk Perfume Oil,2015,https://www.fragrantica.com/perfume/Dame-Perfumery/New-Musk-Perfume-Oil-33327.html
44011,Dame Perfumery,"Passion Fruit, Orange Blossom & Vetiver",2014,https://www.fragrantica.com/perfume/Dame-Perfumery/Passion-Fruit-Orange-Blossom-Vetiver-27031.html
44012,Dame Perfumery,"Peach Blossom, Violet & Vanilla",2014,https://www.fragrantica.com/perfume/Dame-Perfumery/Peach-Blossom-Violet-Vanilla-27032.html
44013,Dame Perfumery,"Pear, Water Lily & Amber",2014,https://www.fragrantica.com/perfume/Dame-Perfumery/Pear-Water-Lily-Amber-27025.html
44014,Dame Perfumery,Pineapple Musk,2022,https://www.fragrantica.com/perfume/Dame-Perfumery/Pineapple-Musk-79077.html
44015,Dame Perfumery,Pinyon Pine Man,2022,https://www.fragrantica.com/perfume/Dame-Perfumery/Pinyon-Pine-Man-78878.html
44016,Dame Perfumery,Sky Father,2017,https://www.fragrantica.com/perfume/Dame-Perfumery/Sky-Father-43689.html
44017,Dame Perfumery,Soliflore Cactus Orchid,2018,https://www.fragrantica.com/perfume/Dame-Perfumery/Soliflore-Cactus-Orchid-48544.html
44018,Dame Perfumery,Soliflore Freesia,2016,https://www.fragrantica.com/perfume/Dame-Perfumery/Soliflore-Freesia-39859.html
44019,Dame Perfumery,Soliflore Gardenia,2015,https://www.fragrantica.com/perfume/Dame-Perfumery/Soliflore-Gardenia-34037.html
44020,Dame Perfumery,Soliflore Ginger Lily,2019,https://www.fragrantica.com/perfume/Dame-Perfumery/Soliflore-Ginger-Lily-54891.html
44021,Dame Perfumery,Soliflore Honeysuckle,2016,https://www.fragrantica.com/perfume/Dame-Perfumery/Soliflore-Honeysuckle-39860.html
44022,Dame Perfumery,Soliflore Lily Of The Valley,2016,https://www.fragrantica.com/perfume/Dame-Perfumery/Soliflore-Lily-Of-The-Valley-39861.html
44023,Dame Perfumery,Soliflore Linden Blossom,2021,https://www.fragrantica.com/perfume/Dame-Perfumery/Soliflore-Linden-Blossom-68562.html
44024,Dame Perfumery,Soliflore Mimosa,2015,https://www.fragrantica.com/perfume/Dame-Perfumery/Soliflore-Mimosa-34042.html
44025,Dame Perfumery,Soliflore Narcissus,2015,https://www.fragrantica.com/perfume/Dame-Perfumery/Soliflore-Narcissus-34043.html
44026,Dame Perfumery,Soliflore Orange Flower,2016,https://www.fragrantica.com/perfume/Dame-Perfumery/Soliflore-Orange-Flower-39862.html
44027,Dame Perfumery,Soliflore Osmanthus,2015,https://www.fragrantica.com/perfume/Dame-Perfumery/Soliflore-Osmanthus-34044.html
44028,Dame Perfumery,Soliflore Peony,2016,https://www.fragrantica.com/perfume/Dame-Perfumery/Soliflore-Peony-39863.html
44029,Dame Perfumery,Soliflore Rose De Mai,2015,https://www.fragrantica.com/perfume/Dame-Perfumery/Soliflore-Rose-De-Mai-34045.html
44030,Dame Perfumery,Soliflore Tuberose,2015,https://www.fragrantica.com/perfume/Dame-Perfumery/Soliflore-Tuberose-34041.html
44031,Dame Perfumery,Soliflore Vanilla Orchid,2022,https://www.fragrantica.com/perfume/Dame-Perfumery/Soliflore-Vanilla-Orchid-78879.html
44032,Dame Perfumery,Soliflore Wisteria,2016,https://www.fragrantica.com/perfume/Dame-Perfumery/Soliflore-Wisteria-39864.html
44033,Dame Perfumery,Strawberry Fool,2024,https://www.fragrantica.com/perfume/Dame-Perfumery/Strawberry-Fool-98003.html
44034,Dame Perfumery,"Verbena, Freesia & Musk",2014,https://www.fragrantica.com/perfume/Dame-Perfumery/Verbena-Freesia-Musk-27029.html
44035,Dame Perfumery Scottsdale,Black Flower Mexican Vanilla,2002,https://www.parfumo.com/Perfumes/Dame_Perfumery_Scottsdale/Black_Flower_Mexican_Vanilla
44036,Dame Perfumery Scottsdale,"Cassis, Rose & Sandalwood",,https://www.parfumo.com/Perfumes/Dame_Perfumery_Scottsdale/Cassis_Rose__Sandalwood
44037,Dame Perfumery Scottsdale,Chilehead,2009,https://www.parfumo.com/Perfumes/Dame_Perfumery_Scottsdale/Chilehead
44038,Dame Perfumery Scottsdale,Chocolate Man Dame Perfumery Scottsdale Cologne (Eau de Cologne),,https://www.parfumo.com/Perfumes/Dame_Perfumery_Scottsdale/Chocolate_Man_Cologne
44039,Dame Perfumery Scottsdale,Chocolate+ Milk,,https://www.parfumo.com/Perfumes/Dame_Perfumery_Scottsdale/chocolate-milk
44040,Dame Perfumery Scottsdale,Citrus Man,2019,https://www.parfumo.com/Perfumes/Dame_Perfumery_Scottsdale/Citrus_Man
44041,Dame Perfumery Scottsdale,Dark Horse,2008,https://www.parfumo.com/Perfumes/Dame_Perfumery_Scottsdale/Dark_Horse
44042,Dame Perfumery Scottsdale,Fidele Ambre,2002,https://www.parfumo.com/Perfumes/Dame_Perfumery_Scottsdale/fidele-ambre
44043,Dame Perfumery Scottsdale,Grand Cuir Dame Perfumery Scottsdale Perfume Oil,,https://www.parfumo.com/Perfumes/Dame_Perfumery_Scottsdale/Grand_Cuir_Perfume_Oil
44044,Damfool Perfume,Ask of Ancestor,2025,https://www.fragrantica.com/perfume/Damfool-Perfume/Ask-of-Ancestor-131638.html
44045,Damfool Perfume,Canton Memoirs,2022,https://www.fragrantica.com/perfume/Damfool-Perfume/Canton-Memoirs-132346.html
44046,Damfool Perfume,Cattle,2025,https://www.fragrantica.com/perfume/Damfool-Perfume/Cattle-131634.html
44047,Damfool Perfume,Chai Lee,2025,https://www.fragrantica.com/perfume/Damfool-Perfume/Chai-Lee-132323.html
44048,Damfool Perfume,Chai Na,2025,https://www.fragrantica.com/perfume/Damfool-Perfume/Chai-Na-132342.html
44049,Damfool Perfume,Chai Qing,2025,https://www.fragrantica.com/perfume/Damfool-Perfume/Chai-Qing-132345.html
44050,Damfool Perfume,Elder River,,https://www.fragrantica.com/perfume/Damfool-Perfume/Elder-River-132351.html
44051,Damfool Perfume,Enchanté,2024,https://www.fragrantica.com/perfume/Damfool-Perfume/Enchante-132353.html
44052,Damfool Perfume,Grave Flower,2025,https://www.fragrantica.com/perfume/Damfool-Perfume/Grave-Flower-131637.html
44053,Damfool Perfume,Hiden Peacock,2025,https://www.fragrantica.com/perfume/Damfool-Perfume/Hiden-Peacock-129625.html
44054,Damfool Perfume,Lord of Tree 树王,2025,https://www.fragrantica.com/perfume/Damfool-Perfume/Lord-of-Tree-shu-wang-131639.html
44055,Damfool Perfume,Macau Egg Tarts 澳门葡挞,2022,https://www.fragrantica.com/perfume/Damfool-Perfume/Macau-Egg-Tarts-ao-men-pu-ta-132355.html
44056,Damfool Perfume,Nap Under Tree,2025,https://www.fragrantica.com/perfume/Damfool-Perfume/Nap-Under-Tree-129631.html
44057,Damfool Perfume,Old House,2025,https://www.fragrantica.com/perfume/Damfool-Perfume/Old-House-131635.html
44058,Damfool Perfume,Penang Stroll,2025,https://www.fragrantica.com/perfume/Damfool-Perfume/Penang-Stroll-129628.html
44059,Damfool Perfume,Silent Tiger,2025,https://www.fragrantica.com/perfume/Damfool-Perfume/Silent-Tiger-129627.html
44060,Damfool Perfume,Sleeve Cutter,2025,https://www.fragrantica.com/perfume/Damfool-Perfume/Sleeve-Cutter-129626.html
44061,Damfool Perfume,Untouchable Butterfly,2025,https://www.fragrantica.com/perfume/Damfool-Perfume/Untouchable-Butterfly-132344.html
44062,Damfool Perfume,Watting Warbler,2025,https://www.fragrantica.com/perfume/Damfool-Perfume/Watting-Warbler-129630.html
44063,Damfool Perfume,Yak Traveling Troop 雅克旅队,2024,https://www.fragrantica.com/perfume/Damfool-Perfume/Yak-Traveling-Troop-ya-ke-lu-dui-132356.html
44064,Damien Bash,Omen,2000,https://www.fragrantica.com/perfume/Damien-Bash/Omen-9214.html
44065,Damien Bash,Parfum Lucifer No.1,2000,https://www.fragrantica.com/perfume/Damien-Bash/Parfum-Lucifer-No-1-9215.html
44066,Damien Bash,Parfum Lucifer No.2,2000,https://www.fragrantica.com/perfume/Damien-Bash/Parfum-Lucifer-No-2-9216.html
44067,Damien Bash,Parfum Lucifer No.3,2000,https://www.fragrantica.com/perfume/Damien-Bash/Parfum-Lucifer-No-3-9217.html
44068,Damien Bash,Parfum Lucifer No.4,2000,https://www.fragrantica.com/perfume/Damien-Bash/Parfum-Lucifer-No-4-9218.html
44069,Damien Bash,Parfum Lucifer Sin,2000,https://www.fragrantica.com/perfume/Damien-Bash/Parfum-Lucifer-Sin-9213.html
44070,Damien Escobar,H2H: Love Notes,,https://www.fragrantica.com/perfume/Damien-Escobar/H2H-Love-Notes-122599.html
44071,Dana,20 Carats,1933,https://www.fragrantica.com/perfume/Dana/20-Carats-27958.html
44072,Dana,Alcohol de Verbena,,https://www.parfumo.com/Perfumes/Dana/Alcohol_de_Verbena
44073,Dana,Ambush,1997,https://www.fragrantica.com/perfume/Dana/Ambush-4588.html
44074,Dana,Ambush original,1955,https://www.fragrantica.com/perfume/Dana/Ambush-original-4587.html
44075,Dana,Ambush Tender Musk,,https://www.parfumo.com/Perfumes/Dana/Ambush_Tender_Musk
44076,Dana,Bali,,https://www.parfumo.com/Perfumes/Dana/Bali
44077,Dana,Black Lace,2000,https://www.fragrantica.com/perfume/Dana/Black-Lace-9459.html
44078,Dana,Blunt Men,2002,https://www.parfumo.com/Perfumes/Dana/Blunt_Men
44079,Dana,Bolero,1932,https://www.parfumo.com/Perfumes/Dana/Bolero
44080,Dana,Bon Voyage,,https://www.parfumo.com/Perfumes/Dana/Bon_Voyage
44081,Dana,Bridal Bouquet Dana 1971 Cologne (Eau de Cologne),1971,https://www.parfumo.com/Perfumes/Dana/bridal-bouquet-cologne
44082,Dana,British Sterling Dana 1996 After Shave,1996,https://www.parfumo.com/Perfumes/Dana/British_Sterling_After_Shave
44083,Dana,British Sterling Dana 1996 Cologne (Eau de Cologne),1996,https://www.parfumo.com/Perfumes/Dana/British_Sterling_Cologne
44084,Dana,British Sterling H.I.M. Private Stock,2014,https://www.parfumo.com/Perfumes/Dana/British_Sterling_H_I_M_Private_Stock
44085,Dana,British Sterling H.I.M. Reserve,2014,https://www.parfumo.com/Perfumes/Dana/British_Sterling_H_I_M_Reserve
44086,Dana,California,1989,https://www.fragrantica.com/perfume/Dana/California-9460.html
44087,Dana,California for Men Dana 1996 After Shave,1996,https://www.parfumo.com/Perfumes/Dana/California_for_Men_1996_After_Shave
44088,Dana,California for Men Dana 1996 Cologne (Eau de Cologne),1996,https://www.parfumo.com/Perfumes/Dana/California_for_Men_1996_Cologne
44089,Dana,California for Women,1996,https://www.parfumo.com/Perfumes/Dana/California
44090,Dana,Canoe (After Shave),1936,https://www.fragrantica.com/perfume/Dana/Canoe-4590.html
44091,Dana,Canoe Canoe Royale (Extra-Rich Cologne) Dana 1972 Eau de Toilette,1972,https://www.parfumo.com/Perfumes/Dana/Canoe_Eau_de_Toilette_Canoe_Royale_Extra_Rich_Cologne
44092,Dana,Canoe Dana 1935 Eau de Cologne,1935,https://www.parfumo.com/Perfumes/Dana/Canoe_1935_Eau_de_Cologne
44093,Dana,Canoe Dana 1935 Parfum,1935,https://www.parfumo.com/Perfumes/Dana/Canoe_1935_Parfum
44094,Dana,Canoe Dana 1951 Eau de Cologne Solide,1951,https://www.parfumo.com/Perfumes/Dana/Canoe_Eau_de_Cologne_Solide
44095,Dana,Canoe Dana 1996 Eau de Toilette,1996,https://www.parfumo.com/Perfumes/Dana/Canoe_1996_Eau_de_Toilette
44096,Dana,Canoe Dana Low Alcohol After Shave,,https://www.parfumo.com/Perfumes/Dana/Canoe_Low_Alcohol_After_Shave
44097,Dana,Canoe French Admiral,,https://www.parfumo.com/Perfumes/Dana/Canoe_French_Admiral
44098,Dana,Canoe Noir,,https://www.parfumo.com/Perfumes/Dana/Canoe_Noir
44099,Dana,Canoe Sailor Decanter,,https://www.parfumo.com/Perfumes/Dana/Canoe_Sailor_Decanter
44100,Dana,Canoe Sea Captain Decanter,,https://www.parfumo.com/Perfumes/Dana/Canoe_Sea_Captain_Decanter
44101,Dana,Canoe Sport,,https://www.parfumo.com/Perfumes/Dana/Canoe_Sport
44102,Dana,Celisse Dana 1980 Eau de Parfum,1980,https://www.parfumo.com/Perfumes/Dana/Celisse_Eau_de_Parfum
44103,Dana,Celisse Dana 1980 Perfume (Parfum),1980,https://www.parfumo.com/Perfumes/Dana/Celisse_Perfume
44104,Dana,Chantilly Black Lace,,https://www.parfumo.com/Perfumes/Dana/Chantilly_Black_Lace
44105,Dana,Chantilly Dana 2000 Eau de Toilette,2000,https://www.parfumo.com/Perfumes/Dana/chantilly-eau-de-toilette
44106,Dana,Chantilly Dana Body Spray,,https://www.parfumo.com/Perfumes/Dana/chantilly-body-spray
44107,Dana,Chantilly Dana Eau de Cologne,,https://www.parfumo.com/Perfumes/Dana/chantilly-eau-de-cologne
44108,Dana,Chantilly Eau de Vie Dana Fragrance Mist,,https://www.parfumo.com/Perfumes/Dana/Chantilly_Eau_de_Vie_Fragrance_Mist
44109,Dana,Chantilly Eau de Vie (Eau de Parfum),2015,https://www.fragrantica.com/perfume/Dana/Chantilly-Eau-de-Vie-44740.html
44110,Dana,Chantilly (Parfum),1941,https://www.fragrantica.com/perfume/Dana/Chantilly-35857.html
44111,Dana,Chispas,1982,https://www.parfumo.com/Perfumes/Dana/Chispas
44112,Dana,Classic Freesia,1994,https://www.fragrantica.com/perfume/Dana/Classic-Freesia-22021.html
44113,Dana,Classic Gardenia,1995,https://www.fragrantica.com/perfume/Dana/Classic-Gardenia-4591.html
44114,Dana,Classic Peony,,https://www.fragrantica.com/perfume/Dana/Classic-Peony-25485.html
44115,Dana,Classic Wisteria,1995,https://www.parfumo.com/Perfumes/Dana/Classic_Wisteria
44116,Dana,Colonia Vetyver,,https://www.parfumo.com/Perfumes/Dana/Colonia_Vetyver
44117,Dana,Cuir du Canada Dana 1948 Eau de Cologne,1948,https://www.parfumo.com/Perfumes/Dana/Cuir_du_Canada_Eau_de_Cologne
44118,Dana,Cuir du Canada Dana 1948 Perfume (Parfum),1948,https://www.parfumo.com/Perfumes/Dana/Cuir_du_Canada_Perfume
44119,Dana,Danita,,https://www.parfumo.com/Perfumes/Dana/Danita
44120,Dana,Demi-Jour,1988,https://www.fragrantica.com/perfume/Dana/Demi-Jour-37109.html
44121,Dana,DN Black,,https://www.parfumo.com/Perfumes/Dana/DN_Black
44122,Dana,DN Blue,,https://www.parfumo.com/Perfumes/Dana/DN_Blue
44123,Dana,Dreams by Tabu,1995,https://www.fragrantica.com/perfume/Dana/Dreams-by-Tabu-12303.html
44124,Dana,Eau de Lavande,,https://www.parfumo.com/Perfumes/Dana/eau-de-lavande
44125,Dana,Eau de Verveine,,https://www.parfumo.com/Perfumes/Dana/Eau_de_Verveine
44126,Dana,Eau Distinta,2004,https://www.parfumo.com/Perfumes/Dana/Eau_Distinta
44127,Dana,Eau Distinta Rosa Rosae,,https://www.parfumo.com/Perfumes/Dana/Eau_Distinta_Rosa_Rosae
44128,Dana,Eau So Adorable,2016,https://www.fragrantica.com/perfume/Dana/Eau-So-Adorable-61199.html
44129,Dana,Eau So Fabulous,2016,https://www.fragrantica.com/perfume/Dana/Eau-So-Fabulous-61197.html
44130,Dana,Eau So Fearless,2016,https://www.fragrantica.com/perfume/Dana/Eau-So-Fearless-61200.html
44131,Dana,Eau So Glamorous,2016,https://www.fragrantica.com/perfume/Dana/Eau-So-Glamorous-61198.html
44132,Dana,Eau So Pretty,2016,https://www.fragrantica.com/perfume/Dana/Eau-So-Pretty-61201.html
44133,Dana,Eau So Spectacular,2016,https://www.fragrantica.com/perfume/Dana/Eau-So-Spectacular-61196.html
44134,Dana,Emir,1935,https://www.fragrantica.com/perfume/Dana/Emir-22054.html
44135,Dana,Emir Dana 1936 Colonia,1936,https://www.parfumo.com/Perfumes/Dana/Emir_Colonia
44136,Dana,Emir Dana 1936 Extracto,1936,https://www.parfumo.com/Perfumes/Dana/Emir_Extracto
44137,Dana,English Leather Black,2007,https://www.parfumo.com/Perfumes/Dana/English_Leather_Black
44138,Dana,English Leather Dana 1949 After Shave,1949,https://www.parfumo.com/Perfumes/Dana/English_Leather_After_Shave
44139,Dana,English Leather Dana 1949 Cologne (Eau de Cologne),1949,https://www.parfumo.com/Perfumes/Dana/English_Leather_Cologne
44140,Dana,English Leather Lime Dana 1966 After Shave,1966,https://www.parfumo.com/Perfumes/Dana/English_Leather_Lime_After_Shave
44141,Dana,English Leather Lime Dana 1966 Cologne (Eau de Cologne),1966,https://www.parfumo.com/Perfumes/Dana/English_Leather_Lime_Cologne
44142,Dana,English Leather Musk,1972,https://www.parfumo.com/Perfumes/Dana/English_Leather_Musk
44143,Dana,English Leather Spiced,,https://www.parfumo.com/Perfumes/Dana/English_Leather_Spiced
44144,Dana,Espíritu de Montesinos,2001,https://www.parfumo.com/Perfumes/Dana/Espritu_de_Montesinos
44145,Dana,Fathom Dana 1990 After Shave,1990,https://www.parfumo.com/Perfumes/Dana/Fathom_After_Shave
44146,Dana,Fathom Dana 1990 Cologne (Eau de Cologne),1990,https://www.parfumo.com/Perfumes/Dana/Fathom_Cologne
44147,Dana,Fetish Dana Solid Perfume,,https://www.parfumo.com/Perfumes/Dana/Fetish_Solid_Perfume
44148,Dana,Fetish (Eau de Cologne),1997,https://www.fragrantica.com/perfume/Dana/Fetish-20406.html
44149,Dana,Forbidden,,https://www.parfumo.com/Perfumes/Dana/Forbidden
44150,Dana,French Vanilla,1994,https://www.fragrantica.com/perfume/Dana/French-Vanilla-9275.html
44151,Dana,Gentry,1971,https://www.parfumo.com/Perfumes/Dana/Gentry
44152,Dana,Golf Sport,1998,https://www.parfumo.com/Perfumes/Dana/Golf_Sport
44153,Dana,Green Desire,1988,https://www.parfumo.com/Perfumes/Dana/Green_Desire
44154,Dana,Halago,,https://www.parfumo.com/Perfumes/Dana/Halago
44155,Dana,Heaven Sent,2001,https://www.fragrantica.com/perfume/Dana/Heaven-Sent-4592.html
44156,Dana,Heliotrope,,https://www.parfumo.com/Perfumes/Dana/heliotrope
44157,Dana,Herbíssimo Bambú,2002,https://www.parfumo.com/Perfumes/Dana/Herbssimo_Bamb
44158,Dana,Herbíssimo Cedro,1980,https://www.parfumo.com/Perfumes/Dana/Herbssimo_Cedro
44159,Dana,Herbissimo Citrus,,https://huggingface.co/datasets/doevent/perfume
44160,Dana,Herbíssimo Enebro Mountain Juniper Dana 1980 Agua de Colonia,1980,https://www.parfumo.com/Perfumes/Dana/Herbssimo_Enebro_Mountain_Juniper_Agua_de_Colonia
44161,Dana,Herbíssimo Enebro Mountain Juniper Dana After Shave,,https://www.parfumo.com/Perfumes/Dana/Herbssimo_Mountain_Juniper_After_Shave
44162,Dana,Herbíssimo Lavanda,1980,https://www.parfumo.com/Perfumes/Dana/Herbssimo_Lavanda
44163,Dana,Herbíssimo Mejorana Mediterranean Marjoram Dana 1980 Agua de Colonia,1980,https://www.parfumo.com/Perfumes/Dana/Herbssimo_Mejorana_Mediterranean_Marjoram_Agua_de_Colonia
44164,Dana,Herbíssimo Mejorana Mediterranean Marjoram Dana After Shave,,https://www.parfumo.com/Perfumes/Dana/Herbssimo_Mejorana_Mediterranean_Marjoram_After_Shave
44165,Dana,Herbíssímo Orange Verte d'Afrique,,https://www.parfumo.com/Perfumes/Dana/Herbssmo_Orange_Verte_d_Afrique
44166,Dana,Herbissimo Te Verde,1996,https://www.fragrantica.com/perfume/Dana/Herbissimo-Te-Verde-38181.html
44167,Dana,Hidalgo,1934,https://www.parfumo.com/Perfumes/Dana/Hidalgo
44168,Dana,Imposible,1950,https://www.parfumo.com/Perfumes/Dana/Imposible
44169,Dana,Incognito,1992,https://www.fragrantica.com/perfume/Dana/Incognito-3700.html
44170,Dana,Insignia i.am,,https://www.parfumo.com/Perfumes/Dana/Insignia_i_am
44171,Dana,Insignia i.care,,https://www.parfumo.com/Perfumes/Dana/Insignia_i_care
44172,Dana,Insignia i.do,,https://www.parfumo.com/Perfumes/Dana/Insignia_i_do
44173,Dana,Insignia i.live,,https://www.parfumo.com/Perfumes/Dana/Insignia_i_live
44174,Dana,Insignia i.relax,,https://www.parfumo.com/Perfumes/Dana/Insignia_i_relax
44175,Dana,Insignia Instinct,,https://www.parfumo.com/Perfumes/Dana/Insignia_Instinct
44176,Dana,Insignia Musk,,https://www.parfumo.com/Perfumes/Dana/Insignia_Musk
44177,Dana,Insignia Nature,1995,https://www.parfumo.com/Perfumes/Dana/Insignia_Nature
44178,Dana,Insignia Rio,,https://www.parfumo.com/Perfumes/Dana/Insignia_Rio
44179,Dana,Insignia Rush,,https://www.parfumo.com/Perfumes/Dana/Insignia_Rush
44180,Dana,Insignia Zero,,https://www.parfumo.com/Perfumes/Dana/Insignia_Zero
44181,Dana,Iro,2002,https://www.parfumo.com/Perfumes/Dana/Iro
44182,Dana,Jacinthe,,https://www.parfumo.com/Perfumes/Dana/Jacinthe
44183,Dana,Jasmin,,https://www.parfumo.com/Perfumes/Dana/Jasmin
44184,Dana,Je Veux,2003,https://www.parfumo.com/Perfumes/Dana/Je_Veux
44185,Dana,Kali,1952,https://www.parfumo.com/Perfumes/Dana/Kali
44186,Dana,Ks 20 Carats / 20 Quilates,1933,https://www.parfumo.com/Perfumes/Dana/20_Ks_20_Carats_20_Quilates
44187,Dana,Love's Baby Soft,1974,https://www.fragrantica.com/perfume/Dana/Love-s-Baby-Soft-9401.html
44188,Dana,Love's Berry Blue,2001,https://www.parfumo.com/Perfumes/Dana/Love_s_Berry_Blue
44189,Dana,Love's Berry Sweet,2007,https://www.parfumo.com/Perfumes/Dana/Love_s_Berry_Sweet
44190,Dana,Love's Eau So Adorable Dana 2016 Eau de Parfum,2016,https://www.parfumo.com/Perfumes/Dana/Love_s_Eau_So_Adorable_Eau_de_Parfum
44191,Dana,Love's Eau So Adorable Dana 2016 Fragrance Mist,2016,https://www.parfumo.com/Perfumes/Dana/Love_s_Eau_So_Adorable_Fragrance_Mist
44192,Dana,Love's Eau So Fabulous Dana 2016 Eau de Parfum,2016,https://www.parfumo.com/Perfumes/Dana/Love_s_Eau_So_Fabulous_Eau_de_Parfum
44193,Dana,Love's Eau So Fabulous Dana 2016 Fragrance Mist,2016,https://www.parfumo.com/Perfumes/Dana/Love_s_Eau_So_Fabulous_Fragrance_Mist
44194,Dana,Love's Eau So Fearless Dana 2016 Eau de Parfum,2016,https://www.parfumo.com/Perfumes/Dana/Love_s_Eau_So_Fearless_Eau_de_Parfum
44195,Dana,Love's Eau So Fearless Dana 2016 Fragrance Mist,2016,https://www.parfumo.com/Perfumes/Dana/Love_s_Eau_So_Fearless_Fragrance_Mist
44196,Dana,Love's Eau So Glamorous Dana 2016 Eau de Parfum,2016,https://www.parfumo.com/Perfumes/Dana/Love_s_Eau_So_Glamorous_Eau_de_Parfum
44197,Dana,Love's Eau So Glamorous Dana 2016 Fragrance Mist,2016,https://www.parfumo.com/Perfumes/Dana/Love_s_Eau_So_Glamorous_Fragrance_Mist
44198,Dana,Love's Eau So Pretty Dana 2016 Eau de Parfum,2016,https://www.parfumo.com/Perfumes/Dana/Love_s_Eau_So_Pretty_Eau_de_Parfum
44199,Dana,Love's Eau So Pretty Dana 2016 Fragrance Mist,2016,https://www.parfumo.com/Perfumes/Dana/Love_s_Eau_So_Pretty_Fragrance_Mist
44200,Dana,Love's Eau So Spectacular Dana 2016 Eau de Parfum,2016,https://www.parfumo.com/Perfumes/Dana/Love_s_Eau_So_Spectacular_Eau_de_Parfum
44201,Dana,Love's Eau So Spectacular Dana 2016 Fragrance Mist,2016,https://www.parfumo.com/Perfumes/Dana/Love_s_Eau_So_Spectacular_Fragrance_Mist
44202,Dana,Love's Frenzy,1994,https://www.parfumo.com/Perfumes/Dana/Love_s_Frenzy
44203,Dana,Love's Fresh Lemon,1994,https://www.parfumo.com/Perfumes/Dana/Love_s_Fresh_Lemon
44204,Dana,Love's Gentle Musk,1994,https://www.parfumo.com/Perfumes/Dana/Love_s_Gentle_Musk
44205,Dana,Love's Heart Throb,2000,https://www.fragrantica.com/perfume/Dana/Love-s-Heart-Throb-13103.html
44206,Dana,Love's Lemon Scent,1970,https://www.fragrantica.com/perfume/Dana/Love-s-Lemon-Scent-13104.html
44207,Dana,Love's Rain Scent,1994,https://www.parfumo.com/Perfumes/Dana/Love_s_Rain_Scent
44208,Dana,Love's Rainforest,2010,https://www.fragrantica.com/perfume/Dana/Love-s-Rainforest-23521.html
44209,Dana,Love's Sheer Petals,1999,https://www.parfumo.com/Perfumes/Dana/Love_s_Sheer_Petals
44210,Dana,Love's Soft Jasmin,2000,https://www.fragrantica.com/perfume/Dana/Love-s-Soft-Jasmin-13105.html
44211,Dana,Love's Soft Jasmine,1969,https://www.parfumo.com/Perfumes/Dana/Love_s_Soft_Jasmine
44212,Dana,Love’s Sugar Kiss,2007,https://www.fragrantica.com/perfume/Dana/Love-s-Sugar-Kiss-13102.html
44213,Dana,Love's Vanilla Pop,,https://www.parfumo.com/Perfumes/Dana/Love_s_Vanilla_Pop
44214,Dana,Love's White Vanilla,1995,https://www.parfumo.com/Perfumes/Dana/Love_s_White_Vanilla
44215,Dana,Love Secrets,,https://www.parfumo.com/Perfumes/Dana/Love_Secrets
44216,Dana,Lutece,1984,https://www.fragrantica.com/perfume/Dana/Lutece-4593.html
44217,Dana,Mad Indigo,,https://www.parfumo.com/Perfumes/Dana/Mad_Indigo
44218,Dana,Marmara,1973,https://www.fragrantica.com/perfume/Dana/Marmara-90196.html
44219,Dana,Miss Dana…,2007,https://www.parfumo.com/Perfumes/Dana/Miss_Dana
44220,Dana,Monsieur Musk Dana 1973 After Shave,1973,https://www.parfumo.com/Perfumes/Dana/Monsieur_Musk_After_Shave
44221,Dana,Monsieur Musk Dana 1973 Cologne (Eau de Cologne),1973,https://www.parfumo.com/Perfumes/Dana/Monsieur_Musk_Cologne
44222,Dana,Musk,2003,https://www.fragrantica.com/perfume/Dana/Musk-38360.html
44223,Dana,Musk Oil,1972,https://www.parfumo.com/Perfumes/Dana/Musk_Oil
44224,Dana,Myth,,https://www.parfumo.com/Perfumes/Dana/Myth
44225,Dana,Navigator Dana 1996 After Shave,1996,https://www.parfumo.com/Perfumes/Dana/Navigator_After_Shave
44226,Dana,Navigator Dana 1996 Cologne (Eau de Cologne),1996,https://www.parfumo.com/Perfumes/Dana/Navigator_Cologne
44227,Dana,Navy,1990,https://www.fragrantica.com/perfume/Dana/Navy-3701.html
44228,Dana,Navy for Men (After Shave),1995,https://www.fragrantica.com/perfume/Dana/Navy-for-Men-3702.html
44229,Dana,Navy for Men Dana 1995 Cologne (Eau de Cologne),1995,https://www.parfumo.com/Perfumes/Dana/Navy_for_Men_Cologne
44230,Dana,No Limit,2003,https://www.parfumo.com/Perfumes/Dana/No_Limit
44231,Dana,Platino Platine / Platinum,1934,https://www.parfumo.com/Perfumes/Dana/Platino_Platine_Platinum
44232,Dana,Pootle Pink,1988,https://www.parfumo.com/Perfumes/Dana/Pootle_Pink
44233,Dana,Priorité,1998,https://www.parfumo.com/Perfumes/Dana/Priorite
44234,Dana,Priorité Eau Bleu,2000,https://www.parfumo.com/Perfumes/Dana/Priorite_Eau_Bleu
44235,Dana,Pullman (After Shave),1968,https://www.fragrantica.com/perfume/Dana/Pullman-53353.html
44236,Dana,Pullman Dana 1968 Eau de Toilette,1968,https://www.parfumo.com/Perfumes/Dana/Pullman_Eau_de_Toilette
44237,Dana,Raffinée,1995,https://www.parfumo.com/Perfumes/Dana/Raffinee
44238,Dana,Ramillete de Novia,1935,https://www.parfumo.com/Perfumes/Dana/ramillete-de-novia
44239,Dana,Rocio,1944,https://www.parfumo.com/Perfumes/Dana/Rocio
44240,Dana,Secrets,2001,https://www.parfumo.com/Perfumes/Dana/Secrets
44241,Dana,Shades,,https://www.fragrantica.com/perfume/Dana/Shades-8186.html
44242,Dana,Simpatía,1953,https://www.parfumo.com/Perfumes/Dana/Simpata
44243,Dana,Sirocco Donna,2000,https://www.parfumo.com/Perfumes/Dana/Sirocco_Donna
44244,Dana,Sirocco Uomo,2000,https://www.parfumo.com/Perfumes/Dana/Sirocco_Uomo
44245,Dana,Squash,1984,https://www.parfumo.com/Perfumes/Dana/Squash
44246,Dana,Symbole,1946,https://www.fragrantica.com/perfume/Dana/Symbole-114369.html
44247,Dana,Syrah,2002,https://www.parfumo.com/Perfumes/Dana/Syrah
44248,Dana,Tabu Dana 1932 Eau de Cologne,1932,https://www.parfumo.com/Perfumes/Dana/Tabu_Eau_de_Cologne
44249,Dana,Tabu Dana 1932 Eau de Toilette,1932,https://www.parfumo.com/Perfumes/Dana/Tabu_Eau_de_Toilette
44250,Dana,Tabu Dana 1932 Loción,1932,https://www.parfumo.com/Perfumes/Dana/Tabu_Locin
44251,Dana,Tabu Dana Skin Perfume Oil,,https://www.parfumo.com/Perfumes/Dana/tabu-skin-perfume-oil
44252,Dana,Tabu Dana Solid Perfume,,https://www.parfumo.com/Perfumes/Dana/Tabu_Solid_Perfume
44253,Dana,Tabu (Eau de Parfum),1932,https://www.fragrantica.com/perfume/Dana/Tabu-1104.html
44254,Dana,Tabu Flores,2006,https://www.fragrantica.com/perfume/Dana/Tabu-Flores-35752.html
44255,Dana,Tabu Forbidden,,https://www.fragrantica.com/perfume/Dana/Tabu-Forbidden-9458.html
44256,Dana,Tabu Pure,2003,https://www.parfumo.com/Perfumes/Dana/Tabu_Pure
44257,Dana,Tabu Red Heels,2002,https://www.fragrantica.com/perfume/Dana/Tabu-Red-Heels-36110.html
44258,Dana,Tabu Romance,2013,https://www.fragrantica.com/perfume/Dana/Tabu-Romance-35751.html
44259,Dana,Tabu Rose Dana 2015 Fragrance Mist,2015,https://www.parfumo.com/Perfumes/Dana/Tabu_Rose_Fragrance_Mist
44260,Dana,Tabu Rose (Eau de Parfum),2015,https://www.fragrantica.com/perfume/Dana/Tabu-Rose-32740.html
44261,Dana,Tabu Segredos,2013,https://www.fragrantica.com/perfume/Dana/Tabu-Segredos-35753.html
44262,Dana,Tabu Tabou Dana 1932 Perfume (Parfum),1932,https://www.parfumo.com/Perfumes/Dana/Tabu_Tabou_Perfume
44263,Dana,Tabu Woman,,https://www.parfumo.com/Perfumes/Dana/Tabu_Woman
44264,Dana,Timberline Dana 1968 After Shave,1968,https://www.parfumo.com/Perfumes/Dana/Timberline_After_Shave
44265,Dana,Timberline (Eau de Cologne),1968,https://www.fragrantica.com/perfume/Dana/Timberline-53186.html
44266,Dana,Todavía,,https://www.parfumo.com/Perfumes/Dana/Todava
44267,Dana,Totem,2003,https://www.fragrantica.com/perfume/Dana/Totem-42488.html
44268,Dana,Toujours Moi,1995,https://www.fragrantica.com/perfume/Dana/Toujours-Moi-4594.html
44269,Dana,Valor Dana 2014 Eau de Toilette,2014,https://www.parfumo.com/Perfumes/Dana/Valor_Eau_de_Toilette
44270,Dana,Valor Dana Body Spray,,https://www.parfumo.com/Perfumes/Dana/Valor_Body_Spray
44271,Dana,Valor for Her Dana 2015 Fragrance Mist,2015,https://www.parfumo.com/Perfumes/Dana/Valor_for_Her_Fragrance_Mist
44272,Dana,Valor for Her (Eau de Toilette),2015,https://www.fragrantica.com/perfume/Dana/Valor-for-Her-37739.html
44273,Dana,Vetiver,2001,https://www.fragrantica.com/perfume/Dana/Vetiver-38361.html
44274,Dana,Voodoo Vudu,,https://www.parfumo.com/Perfumes/Dana/Voodoo_Vudu
44275,Dana,White Chantilly Dana 1995 Eau de Toilette,1995,https://www.parfumo.com/Perfumes/Dana/white-chantilly-eau-de-toilette
44276,Dana,White Chantilly (Parfum),1995,https://www.fragrantica.com/perfume/Dana/White-Chantilly-4595.html
44277,Dana,Wild Baby Blue Eyes,,https://www.parfumo.com/Perfumes/Dana/Wild_Baby_Blue_Eyes
44278,Dana,Wild Fire Pink,,https://www.parfumo.com/Perfumes/Dana/Wild_Fire_Pink
44279,Dana,Wild Passion Flower,,https://www.parfumo.com/Perfumes/Dana/Wild_Passion_Flower
44280,Dana,Wild Tiger Lily,,https://www.parfumo.com/Perfumes/Dana/Wild_Tiger_Lily
44281,Dana,Wind Drift by English Leather Dana 1970 After Shave,1970,https://www.parfumo.com/Perfumes/Dana/Wind_Drift_by_English_Leather_After_Shave
44282,Dana,Wind Drift by English Leather Dana 1970 Cologne (Eau de Cologne),1970,https://www.parfumo.com/Perfumes/Dana/Wind_Drift_by_English_Leather_Cologne
44283,Dana,Yellow Happy,,https://www.parfumo.com/Perfumes/Dana/Yellow_Happy
44284,Dana,Zig Zag,,https://www.fragrantica.com/perfume/Dana/Zig-Zag-9916.html
44285,Dana,Zok,,https://www.parfumo.com/Perfumes/Dana/Zok
44286,Dana Buchman,Dana Buchman Luxury,,https://www.fragrantica.com/perfume/Dana-Buchman/Dana-Buchman-Luxury-7183.html
44287,Dana Savuica,Challenge,2010,https://www.fragrantica.com/perfume/Dana-Savuica/Challenge-11685.html
44288,DANHERA,Abanthe,2023,https://www.fragrantica.com/perfume/DANHERA/Abanthe-90090.html
44289,DANHERA,Altavilla,2025,https://www.fragrantica.com/perfume/DANHERA/Altavilla-115642.html
44290,DANHERA,Araldo,2025,https://www.fragrantica.com/perfume/DANHERA/Araldo-115645.html
44291,DANHERA,Bianca Lancia,2025,https://www.fragrantica.com/perfume/DANHERA/Bianca-Lancia-115641.html
44292,DANHERA,Eliodoro,2025,https://www.fragrantica.com/perfume/DANHERA/Eliodoro-115643.html
44293,DANHERA,Lunaria,2025,https://www.fragrantica.com/perfume/DANHERA/Lunaria-115646.html
44294,DANHERA,Orkeia,2026,https://www.fragrantica.com/perfume/DANHERA/Orkeia-137611.html
44295,DANHERA,Pavus,2023,https://www.fragrantica.com/perfume/DANHERA/Pavus-90089.html
44296,DANHERA,Plumea,2025,https://www.fragrantica.com/perfume/DANHERA/Plumea-115644.html
44297,DANHERA,Thal,2023,https://www.fragrantica.com/perfume/DANHERA/Thal-90105.html
44298,DANHERA,Thiope,2023,https://www.fragrantica.com/perfume/DANHERA/Thiope-90095.html
44299,Daniel Barros,Amberula,2016,https://www.fragrantica.com/perfume/Daniel-Barros/Amberula-40797.html
44300,Daniel Barros,Caipiroud,2016,https://www.fragrantica.com/perfume/Daniel-Barros/Caipiroud-42894.html
44301,Daniel Barros,Cedretto,2016,https://www.fragrantica.com/perfume/Daniel-Barros/Cedretto-42896.html
44302,Daniel Barros,Choco Frap,2016,https://www.fragrantica.com/perfume/Daniel-Barros/Choco-Frap-40801.html
44303,Daniel Barros,Cuir Mojito,2016,https://www.fragrantica.com/perfume/Daniel-Barros/Cuir-Mojito-40803.html
44304,Daniel Barros,Gincenso,2016,https://www.fragrantica.com/perfume/Daniel-Barros/Gincenso-40804.html
44305,Daniel Barros,Jasmiña Colada,2016,https://www.fragrantica.com/perfume/Daniel-Barros/Jasmina-Colada-40806.html
44306,Daniel Barros,Kiris Royale,2016,https://www.fragrantica.com/perfume/Daniel-Barros/Kiris-Royale-40802.html
44307,Daniel Barros,Lavender Chai,2016,https://www.fragrantica.com/perfume/Daniel-Barros/Lavender-Chai-40795.html
44308,Daniel Barros,Rosa Libre,2016,https://www.fragrantica.com/perfume/Daniel-Barros/Rosa-Libre-40796.html
44309,Daniel Barros,Scotchouli,2016,https://www.fragrantica.com/perfume/Daniel-Barros/Scotchouli-42897.html
44310,Daniel Barros,Sex on the Peach,2016,https://www.fragrantica.com/perfume/Daniel-Barros/Sex-on-the-Peach-40798.html
44311,Daniel Barros,Tobacognac,2016,https://www.fragrantica.com/perfume/Daniel-Barros/Tobacognac-40799.html
44312,Daniel Barros,Tonkaccino,2016,https://www.fragrantica.com/perfume/Daniel-Barros/Tonkaccino-40805.html
44313,Daniel Barros,Yuzucello,2016,https://www.fragrantica.com/perfume/Daniel-Barros/Yuzucello-40800.html
44314,Daniel de Fasson,Daniel de Fasson,1990,https://www.fragrantica.com/perfume/Daniel-de-Fasson/Daniel-de-Fasson-17294.html
44315,Daniel Hechter,Black,2015,https://www.fragrantica.com/perfume/Daniel-Hechter/Black-31834.html
44316,Daniel Hechter,Caractere,1989,https://www.fragrantica.com/perfume/Daniel-Hechter/Caractere-4916.html
44317,Daniel Hechter,Caractere Blue,2012,https://www.fragrantica.com/perfume/Daniel-Hechter/Caractere-Blue-17466.html
44318,Daniel Hechter,Caractere de Femme,2002,https://www.fragrantica.com/perfume/Daniel-Hechter/Caractere-de-Femme-17463.html
44319,Daniel Hechter,Caractere Sport,2009,https://www.fragrantica.com/perfume/Daniel-Hechter/Caractere-Sport-17464.html
44320,Daniel Hechter,Caractere Sport Extreme,2010,https://www.fragrantica.com/perfume/Daniel-Hechter/Caractere-Sport-Extreme-17465.html
44321,Daniel Hechter,Contact,2003,https://www.fragrantica.com/perfume/Daniel-Hechter/Contact-17468.html
44322,Daniel Hechter,Coton Chic,,https://www.fragrantica.com/perfume/Daniel-Hechter/Coton-Chic-117727.html
44323,Daniel Hechter,Cuir Sensuel,2013,https://www.fragrantica.com/perfume/Daniel-Hechter/Cuir-Sensuel-28712.html
44324,Daniel Hechter,Daniel Hechter Sport,1999,https://www.fragrantica.com/perfume/Daniel-Hechter/Daniel-Hechter-Sport-7918.html
44325,Daniel Hechter,Daniel Hechter Sport Pour Elle,2000,https://www.fragrantica.com/perfume/Daniel-Hechter/Daniel-Hechter-Sport-Pour-Elle-17470.html
44326,Daniel Hechter,Hechter Paris,2007,https://www.fragrantica.com/perfume/Daniel-Hechter/Hechter-Paris-17471.html
44327,Daniel Hechter,Jeans Brut,2014,https://www.fragrantica.com/perfume/Daniel-Hechter/Jeans-Brut-26188.html
44328,Daniel Hechter,Midnight,2005,https://www.fragrantica.com/perfume/Daniel-Hechter/Midnight-17469.html
44329,Daniel Hechter,Velours Intense,2015,https://www.fragrantica.com/perfume/Daniel-Hechter/Velours-Intense-31835.html
44330,Daniel Hechter,XXL,1997,https://www.fragrantica.com/perfume/Daniel-Hechter/XXL-17467.html
44331,Daniel Josier,1929 Eau de Parfum,1929,https://www.fragrantica.com/perfume/Daniel-Josier/1929-Eau-de-Parfum-29784.html
44332,Daniel Josier,28,2025,https://www.fragrantica.com/perfume/Daniel-Josier/28-129893.html
44333,Daniel Josier,Ambre Tabac Daniel Josier 2024 Attar,2024,https://www.parfumo.com/Perfumes/Daniel_Josier/ambre-tabac-attar
44334,Daniel Josier,Ambre Tabac (Eau de Parfum),,https://www.fragrantica.com/perfume/Daniel-Josier/Ambre-Tabac-29785.html
44335,Daniel Josier,April 3rd,2022,https://www.parfumo.com/Perfumes/Daniel_Josier/april-3rd
44336,Daniel Josier,Beaux Ténébreux,2025,https://www.fragrantica.com/perfume/Daniel-Josier/Beaux-Tenebreux-129892.html
44337,Daniel Josier,Black Widow,2022,https://www.parfumo.com/Perfumes/Daniel_Josier/black-widow
44338,Daniel Josier,Bois d'Iris,2017,https://www.fragrantica.com/perfume/Daniel-Josier/Bois-d-Iris-34146.html
44339,Daniel Josier,Cain,2026,https://www.fragrantica.com/perfume/Daniel-Josier/Cain-142714.html
44340,Daniel Josier,Casanova,,https://www.fragrantica.com/perfume/Daniel-Josier/Casanova-29786.html
44341,Daniel Josier,Cuero de la Toscana,,https://www.parfumo.com/Perfumes/Daniel_Josier/Cuero_de_la_Toscana
44342,Daniel Josier,Cuero Dela Toscana,,https://www.fragrantica.com/perfume/Daniel-Josier/Cuero-Dela-Toscana-29790.html
44343,Daniel Josier,Cyrano,2024,https://www.parfumo.com/Perfumes/Daniel_Josier/cyrano
44344,Daniel Josier,Daniel Josier,,https://www.parfumo.com/Perfumes/Daniel_Josier/1929
44345,Daniel Josier,Golden Musk,2018,https://www.fragrantica.com/perfume/Daniel-Josier/Golden-Musk-75556.html
44346,Daniel Josier,Golden Tuberose,2014,https://www.fragrantica.com/perfume/Daniel-Josier/Golden-Tuberose-29734.html
44347,Daniel Josier,Golden Vetiver,2014,https://www.fragrantica.com/perfume/Daniel-Josier/Golden-Vetiver-29735.html
44348,Daniel Josier,Green Leather,2016,https://www.fragrantica.com/perfume/Daniel-Josier/Green-Leather-41734.html
44349,Daniel Josier,Heart Attack,2023,https://www.parfumo.com/Perfumes/Daniel_Josier/heart-attack
44350,Daniel Josier,History in Drops Volume I,2022,https://www.fragrantica.com/perfume/Daniel-Josier/History-in-Drops-Volume-I-75578.html
44351,Daniel Josier,History in Drops Volume II,2022,https://www.fragrantica.com/perfume/Daniel-Josier/History-in-Drops-Volume-II-75579.html
44352,Daniel Josier,History in Drops Volume III,2022,https://www.fragrantica.com/perfume/Daniel-Josier/History-in-Drops-Volume-III-75580.html
44353,Daniel Josier,History in Drops Volume IV,2022,https://www.fragrantica.com/perfume/Daniel-Josier/History-in-Drops-Volume-IV-75581.html
44354,Daniel Josier,History in Drops Volume V,2022,https://www.fragrantica.com/perfume/Daniel-Josier/History-in-Drops-Volume-V-75582.html
44355,Daniel Josier,History in Drops Volume VI,2022,https://www.fragrantica.com/perfume/Daniel-Josier/History-in-Drops-Volume-VI-75583.html
44356,Daniel Josier,Interdit Absente,,https://www.fragrantica.com/perfume/Daniel-Josier/Interdit-Absente-29792.html
44357,Daniel Josier,Intrigue,,https://www.fragrantica.com/perfume/Daniel-Josier/Intrigue-139177.html
44358,Daniel Josier,Josune,2015,https://www.fragrantica.com/perfume/Daniel-Josier/Josune-34147.html
44359,Daniel Josier,Kaleidoscope,2017,https://www.fragrantica.com/perfume/Daniel-Josier/Kaleidoscope-45075.html
44360,Daniel Josier,Lancelot,2026,https://www.fragrantica.com/perfume/Daniel-Josier/Lancelot-142715.html
44361,Daniel Josier,Le Chef,2026,https://www.fragrantica.com/perfume/Daniel-Josier/Le-Chef-142716.html
44362,Daniel Josier,Le Musk,,https://www.fragrantica.com/perfume/Daniel-Josier/Le-Musk-29787.html
44363,Daniel Josier,Magnolia,,https://www.fragrantica.com/perfume/Daniel-Josier/Magnolia-29788.html
44364,Daniel Josier,Mystery Oud,,https://www.fragrantica.com/perfume/Daniel-Josier/Mystery-Oud-29793.html
44365,Daniel Josier,Orquidea,2018,https://www.fragrantica.com/perfume/Daniel-Josier/Orquidea-75551.html
44366,Daniel Josier,Orquidea Negra,,https://www.fragrantica.com/perfume/Daniel-Josier/Orquidea-Negra-29789.html
44367,Daniel Josier,Quetzaly,2019,https://www.fragrantica.com/perfume/Daniel-Josier/Quetzaly-57753.html
44368,Daniel Josier,Signature April 3rd,2022,https://www.fragrantica.com/perfume/Daniel-Josier/Signature-April-3rd-75555.html
44369,Daniel Josier,Signature Black Widow,2022,https://www.fragrantica.com/perfume/Daniel-Josier/Signature-Black-Widow-75554.html
44370,Daniel Josier,Signature Heart Attack,2023,https://www.fragrantica.com/perfume/Daniel-Josier/Signature-Heart-Attack-89160.html
44371,Daniel Josier,Strigoi,2026,https://www.fragrantica.com/perfume/Daniel-Josier/Strigoi-142713.html
44372,Daniel Josier,Stupid Sugar Daddy,2025,https://www.fragrantica.com/perfume/Daniel-Josier/Stupid-Sugar-Daddy-129891.html
44373,Daniel Josier,Tangy Caper,2023,https://www.parfumo.com/Perfumes/Daniel_Josier/tangy-caper
44374,Daniel Josier,Tuberose,,https://www.fragrantica.com/perfume/Daniel-Josier/Tuberose-45073.html
44375,Daniel Josier,Under The Figtree,2021,https://www.fragrantica.com/perfume/Daniel-Josier/Under-The-Figtree-75553.html
44376,Daniel Josier,Vanille et Coco,,https://www.fragrantica.com/perfume/Daniel-Josier/Vanille-et-Coco-29791.html
44377,Daniel Josier,Vetiver,,https://www.fragrantica.com/perfume/Daniel-Josier/Vetiver-45074.html
44378,Daniel Jouvance,Ecume Océane,,https://www.fragrantica.com/perfume/Daniel-Jouvance/Ecume-Oceane-39399.html
44379,Daniel Jouvance,Ete Océane,,https://www.fragrantica.com/perfume/Daniel-Jouvance/Ete-Oceane-39400.html
44380,Daniel Jouvance,Gaia,,https://www.fragrantica.com/perfume/Daniel-Jouvance/Gaia-41272.html
44381,Daniel Jouvance,Harmonie Oceane,2013,https://www.fragrantica.com/perfume/Daniel-Jouvance/Harmonie-Oceane-39398.html
44382,Daniel Pescio,Effluves de Jasmins et Magnolias,2010,https://www.fragrantica.com/perfume/Daniel-Pescio/Effluves-de-Jasmins-et-Magnolias-87845.html
44383,Daniel's Truth,Angela 316,2024,https://www.fragrantica.com/perfume/Daniel-s-Truth/Angela-316-132088.html
44384,Daniel's Truth,Blue Daniel,2025,https://www.fragrantica.com/perfume/Daniel-s-Truth/Blue-Daniel-132084.html
44385,Daniel's Truth,Blue Sage Blossom,2023,https://www.fragrantica.com/perfume/Daniel-s-Truth/Blue-Sage-Blossom-132134.html
44386,Daniel's Truth,Bulgarian Rose,2023,https://www.fragrantica.com/perfume/Daniel-s-Truth/Bulgarian-Rose-132137.html
44387,Daniel's Truth,Forest & Soul,2023,https://www.fragrantica.com/perfume/Daniel-s-Truth/Forest-Soul-132133.html
44388,Daniel's Truth,Magnolia Hill,2023,https://www.fragrantica.com/perfume/Daniel-s-Truth/Magnolia-Hill-132136.html
44389,Daniel's Truth,Michelle 322,2024,https://www.fragrantica.com/perfume/Daniel-s-Truth/Michelle-322-132091.html
44390,Daniel's Truth,Olive Ridge,2023,https://www.fragrantica.com/perfume/Daniel-s-Truth/Olive-Ridge-132139.html
44391,Daniel's Truth,Sea Moss,2023,https://www.fragrantica.com/perfume/Daniel-s-Truth/Sea-Moss-132135.html
44392,Daniel's Truth,Signature Bombshelluth,2023,https://www.fragrantica.com/perfume/Daniel-s-Truth/Signature-Bombshelluth-132132.html
44393,Daniel's Truth,Truth Agarwood,2024,https://www.fragrantica.com/perfume/Daniel-s-Truth/Truth-Agarwood-132089.html
44394,Daniel's Truth,Truth No.1,2023,https://www.fragrantica.com/perfume/Daniel-s-Truth/Truth-No-1-132140.html
44395,Daniel's Truth,Truth No.2,2023,https://www.fragrantica.com/perfume/Daniel-s-Truth/Truth-No-2-132141.html
44396,Daniel's Truth,Truth No.3,2023,https://www.fragrantica.com/perfume/Daniel-s-Truth/Truth-No-3-132142.html
44397,Daniel's Truth,Truth Red,2025,https://www.fragrantica.com/perfume/Daniel-s-Truth/Truth-Red-132087.html
44398,Daniel's Truth,Twilight Dew,2023,https://www.fragrantica.com/perfume/Daniel-s-Truth/Twilight-Dew-132138.html
44399,Daniel Vaudd,Actus Reus,,https://www.fragrantica.com/perfume/Daniel-Vaudd/Actus-Reus-9127.html
44400,Daniel Vaudd,Amplexus,,https://www.fragrantica.com/perfume/Daniel-Vaudd/Amplexus-9128.html
44401,Daniel Vaudd,Mens Rea,,https://www.fragrantica.com/perfume/Daniel-Vaudd/Mens-Rea-9126.html
44402,Daniela Katzenberger,Daniela Katzenberger Eau de Toilette,2012,https://www.fragrantica.com/perfume/Daniela-Katzenberger/Daniela-Katzenberger-Eau-de-Toilette-15635.html
44403,Daniela Katzenberger,Love Cat,2013,https://www.fragrantica.com/perfume/Daniela-Katzenberger/Love-Cat-17385.html
44404,Daniela Katzenberger,Magic Kiss,2015,https://www.fragrantica.com/perfume/Daniela-Katzenberger/Magic-Kiss-29564.html
44405,Danielle Steel,Danielle,2006,https://www.fragrantica.com/perfume/Danielle-Steel/Danielle-2040.html
44406,Danijela Martinovic,La-La,,https://www.fragrantica.com/perfume/Danijela-Martinovic/La-La-5730.html
44407,Danlo,Distilled Heat,2025,https://www.fragrantica.com/perfume/Danlo/Distilled-Heat-135028.html
44408,Danlo,Gold Dust,2026,https://www.fragrantica.com/perfume/Danlo/Gold-Dust-135046.html
44409,Danlo,Grounded Hills,,https://www.fragrantica.com/perfume/Danlo/Grounded-Hills-133592.html
44410,Danlo,Island Crumb,2025,https://www.fragrantica.com/perfume/Danlo/Island-Crumb-135027.html
44411,Danlo,Taimaru,2025,https://www.fragrantica.com/perfume/Danlo/Taimaru-135030.html
44412,Danner & Flemming,Iris Altesse,2025,https://www.fragrantica.com/perfume/Danner-Flemming/Iris-Altesse-115079.html
44413,Danner & Flemming,Iris Poulsard,2025,https://www.fragrantica.com/perfume/Danner-Flemming/Iris-Poulsard-115081.html
44414,Danner & Flemming,Iris Trousseau,2025,https://www.fragrantica.com/perfume/Danner-Flemming/Iris-Trousseau-115080.html
44415,Danny Seo,Reserve America,2014,https://www.fragrantica.com/perfume/Danny-Seo/Reserve-America-40230.html
44416,Danny Seo,Reserve Australia,2014,https://www.fragrantica.com/perfume/Danny-Seo/Reserve-Australia-26451.html
44417,Danny Seo,Reserve Global,2013,https://www.fragrantica.com/perfume/Danny-Seo/Reserve-Global-19049.html
44418,Dans Le Noir,Dans le Noir,2024,https://www.fragrantica.com/perfume/Dans-Le-Noir/Dans-le-Noir-97410.html
44419,Dans un Jardin,Aquaflora,,https://www.fragrantica.com/perfume/Dans-un-Jardin/Aquaflora-42804.html
44420,Dans un Jardin,Azalia,,https://www.fragrantica.com/perfume/Dans-un-Jardin/Azalia-42798.html
44421,Dans un Jardin,Belle d'Amour,2016,https://www.fragrantica.com/perfume/Dans-un-Jardin/Belle-d-Amour-42750.html
44422,Dans un Jardin,Bouquet de Lavande,2009,https://www.fragrantica.com/perfume/Dans-un-Jardin/Bouquet-de-Lavande-42817.html
44423,Dans un Jardin,Camellia,2016,https://www.fragrantica.com/perfume/Dans-un-Jardin/Camellia-42752.html
44424,Dans un Jardin,Captaine Dragon,2014,https://www.fragrantica.com/perfume/Dans-un-Jardin/Captaine-Dragon-42848.html
44425,Dans un Jardin,Caroline Néron Désinvolte,,https://www.fragrantica.com/perfume/Dans-un-Jardin/Caroline-Neron-Desinvolte-42756.html
44426,Dans un Jardin,Caroline Néron Pur Diamant,,https://www.fragrantica.com/perfume/Dans-un-Jardin/Caroline-Neron-Pur-Diamant-42822.html
44427,Dans un Jardin,Citron et bambou,,https://www.fragrantica.com/perfume/Dans-un-Jardin/Citron-et-bambou-87618.html
44428,Dans un Jardin,Cléo,,https://www.fragrantica.com/perfume/Dans-un-Jardin/Cleo-42847.html
44429,Dans un Jardin,Concombre & Aloès,,https://www.fragrantica.com/perfume/Dans-un-Jardin/Concombre-Aloes-42814.html
44430,Dans un Jardin,Crème de Mangue,2009,https://www.fragrantica.com/perfume/Dans-un-Jardin/Creme-de-Mangue-42816.html
44431,Dans un Jardin,Désir Secret,,https://www.fragrantica.com/perfume/Dans-un-Jardin/Desir-Secret-42753.html
44432,Dans un Jardin,Fanny,,https://www.fragrantica.com/perfume/Dans-un-Jardin/Fanny-42846.html
44433,Dans un Jardin,Fascination des Tropiques,2009,https://www.fragrantica.com/perfume/Dans-un-Jardin/Fascination-des-Tropiques-42818.html
44434,Dans un Jardin,Fjord,,https://www.fragrantica.com/perfume/Dans-un-Jardin/Fjord-42835.html
44435,Dans un Jardin,Fleur de Coton,,https://www.fragrantica.com/perfume/Dans-un-Jardin/Fleur-de-Coton-42803.html
44436,Dans un Jardin,Foreplay,,https://www.fragrantica.com/perfume/Dans-un-Jardin/Foreplay-42836.html
44437,Dans un Jardin,Gamine,,https://www.fragrantica.com/perfume/Dans-un-Jardin/Gamine-42805.html
44438,Dans un Jardin,Glace,,https://www.fragrantica.com/perfume/Dans-un-Jardin/Glace-42837.html
44439,Dans un Jardin,Jean Airoldi Haute Couture,,https://www.fragrantica.com/perfume/Dans-un-Jardin/Jean-Airoldi-Haute-Couture-42823.html
44440,Dans un Jardin,Jean Airoldi Sur Mesure,,https://www.fragrantica.com/perfume/Dans-un-Jardin/Jean-Airoldi-Sur-Mesure-42824.html
44441,Dans un Jardin,Jolie,,https://www.fragrantica.com/perfume/Dans-un-Jardin/Jolie-42811.html
44442,Dans un Jardin,La Feria,,https://www.fragrantica.com/perfume/Dans-un-Jardin/La-Feria-42807.html
44443,Dans un Jardin,Lait de Chèvre,,https://www.fragrantica.com/perfume/Dans-un-Jardin/Lait-de-Chevre-42812.html
44444,Dans un Jardin,Lys d'Eau,,https://www.fragrantica.com/perfume/Dans-un-Jardin/Lys-d-Eau-42815.html
44445,Dans un Jardin,Mahée,,https://www.fragrantica.com/perfume/Dans-un-Jardin/Mahee-42821.html
44446,Dans un Jardin,Mahée Angélique,,https://www.fragrantica.com/perfume/Dans-un-Jardin/Mahee-Angelique-42755.html
44447,Dans un Jardin,Mahée Île Homme,,https://www.fragrantica.com/perfume/Dans-un-Jardin/Mahee-Ile-Homme-42843.html
44448,Dans un Jardin,Mahée Sparkling Eau Fraîche,,https://www.fragrantica.com/perfume/Dans-un-Jardin/Mahee-Sparkling-Eau-Fraiche-42819.html
44449,Dans un Jardin,Mahée Sublime Eau Fraîche,,https://www.fragrantica.com/perfume/Dans-un-Jardin/Mahee-Sublime-Eau-Fraiche-42820.html
44450,Dans un Jardin,Melon d'Eau,2016,https://www.fragrantica.com/perfume/Dans-un-Jardin/Melon-d-Eau-42757.html
44451,Dans un Jardin,Mirabella,,https://www.fragrantica.com/perfume/Dans-un-Jardin/Mirabella-42808.html
44452,Dans un Jardin,Monoi de Tahiti,,https://www.fragrantica.com/perfume/Dans-un-Jardin/Monoi-de-Tahiti-87619.html
44453,Dans un Jardin,Néron Homme,,https://www.fragrantica.com/perfume/Dans-un-Jardin/Neron-Homme-42841.html
44454,Dans un Jardin,Néron Sport,,https://www.fragrantica.com/perfume/Dans-un-Jardin/Neron-Sport-42844.html
44455,Dans un Jardin,Oriza,,https://www.fragrantica.com/perfume/Dans-un-Jardin/Oriza-42801.html
44456,Dans un Jardin,Perle de Mer,2026,https://www.fragrantica.com/perfume/Dans-un-Jardin/Perle-de-Mer-135425.html
44457,Dans un Jardin,Pitaya,,https://www.fragrantica.com/perfume/Dans-un-Jardin/Pitaya-42799.html
44458,Dans un Jardin,Poire Divine,,https://www.fragrantica.com/perfume/Dans-un-Jardin/Poire-Divine-42809.html
44459,Dans un Jardin,Pois de Senteur Maman,,https://www.fragrantica.com/perfume/Dans-un-Jardin/Pois-de-Senteur-Maman-42802.html
44460,Dans un Jardin,Pomelo-Vanille,,https://www.fragrantica.com/perfume/Dans-un-Jardin/Pomelo-Vanille-42810.html
44461,Dans un Jardin,Princesse Jujube,,https://www.fragrantica.com/perfume/Dans-un-Jardin/Princesse-Jujube-42845.html
44462,Dans un Jardin,Rêve de Douceur,,https://www.fragrantica.com/perfume/Dans-un-Jardin/Reve-de-Douceur-42754.html
44463,Dans un Jardin,Souffle de Mer,2009,https://www.fragrantica.com/perfume/Dans-un-Jardin/Souffle-de-Mer-42813.html
44464,Dans un Jardin,Super Rez,,https://www.fragrantica.com/perfume/Dans-un-Jardin/Super-Rez-42849.html
44465,Dans un Jardin,Terre,,https://www.fragrantica.com/perfume/Dans-un-Jardin/Terre-42838.html
44466,Dans un Jardin,Uomo Di Sicilia,2016,https://www.fragrantica.com/perfume/Dans-un-Jardin/Uomo-Di-Sicilia-42751.html
44467,Dans un Jardin,Vanille,,https://www.fragrantica.com/perfume/Dans-un-Jardin/Vanille-42806.html
44468,Dans un Jardin,Wild Blackberry,,https://www.fragrantica.com/perfume/Dans-un-Jardin/Wild-Blackberry-42800.html
44469,Dapper Daddy,Saffron Oud,2025,https://www.fragrantica.com/perfume/Dapper-Daddy/Saffron-Oud-118572.html
44470,Dar Al Oud,BN10301,,https://www.fragrantica.com/perfume/Dar-Al-Oud/BN10301-36094.html
44471,Dar Al Oud,BN10501,,https://www.fragrantica.com/perfume/Dar-Al-Oud/BN10501-36093.html
44472,Dar Al Oud,BN10601,,https://www.fragrantica.com/perfume/Dar-Al-Oud/BN10601-36095.html
44473,Dar Al Oud,BN10701,,https://www.fragrantica.com/perfume/Dar-Al-Oud/BN10701-36091.html
44474,Dar Al Oud,BR1,,https://www.fragrantica.com/perfume/Dar-Al-Oud/BR1-36090.html
44475,Dar Al Oud,BR5,,https://www.fragrantica.com/perfume/Dar-Al-Oud/BR5-36092.html
44476,Dar Al Oud,Oud Amber,,https://www.fragrantica.com/perfume/Dar-Al-Oud/Oud-Amber-36097.html
44477,Dar Al Oud,Oud Musk,,https://www.fragrantica.com/perfume/Dar-Al-Oud/Oud-Musk-36098.html
44478,Dar Al Oud,Oud Rose,,https://www.fragrantica.com/perfume/Dar-Al-Oud/Oud-Rose-36096.html
44479,Dar Al Teeb / House of Fragrance,Ajyaal,,https://www.parfumo.com/Perfumes/Dar_Al_Teeb/Ajyaal
44480,Dar Al Teeb / House of Fragrance,Arjaas,,https://www.parfumo.com/Perfumes/Dar_Al_Teeb/Arjaas
44481,Dar Al Teeb / House of Fragrance,Aromatique,2007,https://www.parfumo.com/Perfumes/Dar_Al_Teeb/Aromatique
44482,Dar Al Teeb / House of Fragrance,Atraab,2004,https://www.parfumo.com/Perfumes/Dar_Al_Teeb/Atraab
44483,Dar Al Teeb / House of Fragrance,Balques,,https://www.parfumo.com/Perfumes/Dar_Al_Teeb/balques
44484,Dar Al Teeb / House of Fragrance,Biography,,https://www.parfumo.com/Perfumes/Dar_Al_Teeb/Biography
44485,Dar Al Teeb / House of Fragrance,Bukhoor Bourmi,2002,https://www.parfumo.com/Perfumes/Dar_Al_Teeb/bukhoor-bourmi
44486,Dar Al Teeb / House of Fragrance,Dahiya,2003,https://www.parfumo.com/Perfumes/Dar_Al_Teeb/Dahiya
44487,Dar Al Teeb / House of Fragrance,Delmaniyeh,,https://www.parfumo.com/Perfumes/Dar_Al_Teeb/Delmaniyeh
44488,Dar Al Teeb / House of Fragrance,Desert Rose,2007,https://www.parfumo.com/Perfumes/Dar_Al_Teeb/Desert_Rose
44489,Dar Al Teeb / House of Fragrance,Eastern Heritage,2010,https://www.parfumo.com/Perfumes/Dar_Al_Teeb/Eastern_Heritage
44490,Dar Alhanouf,La Mariée,2020,https://www.fragrantica.com/perfume/Dar-Alhanouf/La-Mariee-66642.html
44491,Dar El Ward,Oriental Oud,,https://www.fragrantica.com/perfume/Dar-El-Ward/Oriental-Oud-137619.html
44492,Dar Hamad Perfumes,Arabian Night,2020,https://www.fragrantica.com/perfume/Dar-Hamad-Perfumes/Arabian-Night-61413.html
44493,Dar Hamad Perfumes,Forest,2020,https://www.fragrantica.com/perfume/Dar-Hamad-Perfumes/Forest-61414.html
44494,Dar Hamad Perfumes,Hamad,2020,https://www.fragrantica.com/perfume/Dar-Hamad-Perfumes/Hamad-61415.html
44495,Dar Hamad Perfumes,London Nights,2020,https://www.fragrantica.com/perfume/Dar-Hamad-Perfumes/London-Nights-61416.html
44496,Dar Hamad Perfumes,Night Oud,,https://www.fragrantica.com/perfume/Dar-Hamad-Perfumes/Night-Oud-93132.html
44497,Dar Hamad Perfumes,Oud Incense,2020,https://www.fragrantica.com/perfume/Dar-Hamad-Perfumes/Oud-Incense-61417.html
44498,Dar Hamad Perfumes,Rock & Rose,2020,https://www.fragrantica.com/perfume/Dar-Hamad-Perfumes/Rock-Rose-61418.html
44499,Dar Hamad Perfumes,Shaikh Abdullah,2020,https://www.fragrantica.com/perfume/Dar-Hamad-Perfumes/Shaikh-Abdullah-61419.html
44500,Dar Hamad Perfumes,The Bride,2020,https://www.fragrantica.com/perfume/Dar-Hamad-Perfumes/The-Bride-61420.html
44501,Dar Hamad Perfumes,Zaina,2020,https://www.fragrantica.com/perfume/Dar-Hamad-Perfumes/Zaina-61422.html
44502,Dara Caro,Aazaadee,,https://www.fragrantica.com/perfume/Dara-Caro/Aazaadee-89984.html
44503,Dara Caro,Bananoud,2025,https://www.fragrantica.com/perfume/Dara-Caro/Bananoud-119822.html
44504,Dara Caro,Chily,2025,https://www.fragrantica.com/perfume/Dara-Caro/Chily-128181.html
44505,Dara Caro,Oud Coconut,,https://www.fragrantica.com/perfume/Dara-Caro/Oud-Coconut-89983.html
44506,Dara Caro,Oud Coffee,,https://www.fragrantica.com/perfume/Dara-Caro/Oud-Coffee-89958.html
44507,Dara Caro,Oud Dubai,,https://www.fragrantica.com/perfume/Dara-Caro/Oud-Dubai-89957.html
44508,Dara Caro,Oud Roses,,https://www.fragrantica.com/perfume/Dara-Caro/Oud-Roses-89985.html
44509,Dark Alchemy,No. 16 Fetish,,https://www.fragrantica.com/perfume/Dark-Alchemy/No-16-Fetish-114455.html
44510,Dark Tales,1001,2024,https://www.fragrantica.com/perfume/Dark-Tales/1001-121676.html
44511,Dark Tales,999 Ghosts,2025,https://www.fragrantica.com/perfume/Dark-Tales/999-Ghosts-121674.html
44512,Dark Tales,Air,2022,https://www.fragrantica.com/perfume/Dark-Tales/Air-137076.html
44513,Dark Tales,Alchemy Potion,2026,https://www.fragrantica.com/perfume/Dark-Tales/Alchemy-Potion-135923.html
44514,Dark Tales,All Hallow's Eve,2025,https://www.fragrantica.com/perfume/Dark-Tales/All-Hallow-s-Eve-121673.html
44515,Dark Tales,Amadeus,2026,https://www.fragrantica.com/perfume/Dark-Tales/Amadeus-135919.html
44516,Dark Tales,Antonio Salieri,,https://www.parfumo.com/Perfumes/dark-tales/antonio-salieri
44517,Dark Tales,Aurora Borealis,2023,https://www.fragrantica.com/perfume/Dark-Tales/Aurora-Borealis-105434.html
44518,Dark Tales,Bathory,2020,https://www.fragrantica.com/perfume/Dark-Tales/Bathory-136677.html
44519,Dark Tales,Bathory,2023,https://www.fragrantica.com/perfume/Dark-Tales/Bathory-136678.html
44520,Dark Tales,Black Magick,1983,https://www.parfumo.com/Perfumes/dark-tales/black-magick
44521,Dark Tales,Black Pearl,2023,https://www.fragrantica.com/perfume/Dark-Tales/Black-Pearl-105412.html
44522,Dark Tales,Black Waters,2024,https://www.fragrantica.com/perfume/Dark-Tales/Black-Waters-121498.html
44523,Dark Tales,Blåkulla,2026,https://www.fragrantica.com/perfume/Dark-Tales/Blaakulla-136668.html
44524,Dark Tales,Bloody Mary,2024,https://www.fragrantica.com/perfume/Dark-Tales/Bloody-Mary-105414.html
44525,Dark Tales,Blue Lagoon,2025,https://www.fragrantica.com/perfume/Dark-Tales/Blue-Lagoon-109747.html
44526,Dark Tales,Bluebeard,2002,https://www.parfumo.com/Perfumes/dark-tales/bluebeard
44527,Dark Tales,Boho,2023,https://www.fragrantica.com/perfume/Dark-Tales/Boho-136914.html
44528,Dark Tales,Château,,https://www.parfumo.com/Perfumes/dark-tales/chateau
44529,Dark Tales,Cosmopolitan,2025,https://www.fragrantica.com/perfume/Dark-Tales/Cosmopolitan-109746.html
44530,Dark Tales,Crimson,2022,https://www.fragrantica.com/perfume/Dark-Tales/Crimson-135927.html
44531,Dark Tales,Dame Gothel,2015,https://www.parfumo.com/Perfumes/dark-tales/dame-gothel
44532,Dark Tales,DeVil,2025,https://www.fragrantica.com/perfume/Dark-Tales/DeVil-136775.html
44533,Dark Tales,Dracula,2021,https://www.fragrantica.com/perfume/Dark-Tales/Dracula-137055.html
44534,Dark Tales,Dryad,,https://www.parfumo.com/Perfumes/dark-tales/dryad
44535,Dark Tales,Fern Valley,2023,https://www.fragrantica.com/perfume/Dark-Tales/Fern-Valley-105413.html
44536,Dark Tales,Fire Potion,2026,https://www.fragrantica.com/perfume/Dark-Tales/Fire-Potion-135921.html
44537,Dark Tales,Floating Candles,2024,https://www.fragrantica.com/perfume/Dark-Tales/Floating-Candles-105415.html
44538,Dark Tales,Flying Salve - Solid Perfume,2026,https://www.fragrantica.com/perfume/Dark-Tales/Flying-Salve-Solid-Perfume-136915.html
44539,Dark Tales,Gothic Girl,2022,https://www.fragrantica.com/perfume/Dark-Tales/Gothic-Girl-136676.html
44540,Dark Tales,Gothika,2022,https://www.fragrantica.com/perfume/Dark-Tales/Gothika-105416.html
44541,Dark Tales,Graveyard Silk,2025,https://www.fragrantica.com/perfume/Dark-Tales/Graveyard-Silk-121675.html
44542,Dark Tales,Haunted Circus,2025,https://www.fragrantica.com/perfume/Dark-Tales/Haunted-Circus-105417.html
44543,Dark Tales,Häxeld,2026,https://www.fragrantica.com/perfume/Dark-Tales/Haexeld-136670.html
44544,Dark Tales,Irish Coffee,2025,https://www.fragrantica.com/perfume/Dark-Tales/Irish-Coffee-109751.html
44545,Dark Tales,King's Jester,2023,https://www.fragrantica.com/perfume/Dark-Tales/King-s-Jester-105418.html
44546,Dark Tales,Knight of Darkness,2026,https://www.fragrantica.com/perfume/Dark-Tales/Knight-of-Darkness-136673.html
44547,Dark Tales,Love Potion,2026,https://www.fragrantica.com/perfume/Dark-Tales/Love-Potion-135926.html
44548,Dark Tales,Lumière Noire (Noir Noël),2024,https://www.fragrantica.com/perfume/Dark-Tales/Lumiere-Noire-Noir-Noel-136674.html
44549,Dark Tales,Macabre,2024,https://www.fragrantica.com/perfume/Dark-Tales/Macabre-136777.html
44550,Dark Tales,Mojito,2025,https://www.fragrantica.com/perfume/Dark-Tales/Mojito-109750.html
44551,Dark Tales,Mystic Ink,2023,https://www.fragrantica.com/perfume/Dark-Tales/Mystic-Ink-136665.html
44552,Dark Tales,Night Potion,2026,https://www.fragrantica.com/perfume/Dark-Tales/Night-Potion-135925.html
44553,Dark Tales,NSFRTÅ,2025,https://www.fragrantica.com/perfume/Dark-Tales/NSFRTAA-105419.html
44554,Dark Tales,Obsidian Apple,2023,https://www.fragrantica.com/perfume/Dark-Tales/Obsidian-Apple-105420.html
44555,Dark Tales,Old Library,2019,https://www.fragrantica.com/perfume/Dark-Tales/Old-Library-105421.html
44556,Dark Tales,Ondskan,2026,https://www.fragrantica.com/perfume/Dark-Tales/Ondskan-136776.html
44557,Dark Tales,Phantom,2023,https://www.fragrantica.com/perfume/Dark-Tales/Phantom-136675.html
44558,Dark Tales,Piña Colada,2025,https://www.fragrantica.com/perfume/Dark-Tales/Pina-Colada-109749.html
44559,Dark Tales,Powdered Peruke,2023,https://www.fragrantica.com/perfume/Dark-Tales/Powdered-Peruke-105429.html
44560,Dark Tales,Purple Veil,2024,https://www.fragrantica.com/perfume/Dark-Tales/Purple-Veil-105430.html
44561,Dark Tales,Rose Trollogy,2024,https://www.fragrantica.com/perfume/Dark-Tales/Rose-Trollogy-136666.html
44562,Dark Tales,Rosén,2024,https://www.fragrantica.com/perfume/Dark-Tales/Rosen-105431.html
44563,Dark Tales,Sea Potion,2026,https://www.fragrantica.com/perfume/Dark-Tales/Sea-Potion-135924.html
44564,Dark Tales,Shadows Potion,2026,https://www.fragrantica.com/perfume/Dark-Tales/Shadows-Potion-135922.html
44565,Dark Tales,Siren,2020,https://www.fragrantica.com/perfume/Dark-Tales/Siren-137050.html
44566,Dark Tales,Strawberry Daiquiri,2025,https://www.fragrantica.com/perfume/Dark-Tales/Strawberry-Daiquiri-109748.html
44567,Dark Tales,The Witches,2026,https://www.fragrantica.com/perfume/Dark-Tales/The-Witches-135918.html
44568,Dark Tales,Valborg,2026,https://www.fragrantica.com/perfume/Dark-Tales/Valborg-136672.html
44569,Dark Tales,Victorian,2023,https://www.fragrantica.com/perfume/Dark-Tales/Victorian-136912.html
44570,Dark Tales,Victorian Petals,2024,https://www.fragrantica.com/perfume/Dark-Tales/Victorian-Petals-136911.html
44571,Dark Tales,Witching Hour,2024,https://www.fragrantica.com/perfume/Dark-Tales/Witching-Hour-105432.html
44572,Dark Tales,Yaga,2020,https://www.fragrantica.com/perfume/Dark-Tales/Yaga-105433.html
44573,Darkbeat Parfums,Ambra Gadir,2022,https://www.fragrantica.com/perfume/Darkbeat-Parfums/Ambra-Gadir-75319.html
44574,Darkbeat Parfums,Antika,2018,https://www.fragrantica.com/perfume/Darkbeat-Parfums/Antika-64965.html
44575,Darkbeat Parfums,Aquarium,2021,https://www.fragrantica.com/perfume/Darkbeat-Parfums/Aquarium-69448.html
44576,Darkbeat Parfums,Aura Impía,2026,https://www.fragrantica.com/perfume/Darkbeat-Parfums/Aura-Impia-131293.html
44577,Darkbeat Parfums,Aura Sacra,2026,https://www.fragrantica.com/perfume/Darkbeat-Parfums/Aura-Sacra-131295.html
44578,Darkbeat Parfums,Austral,2026,https://www.fragrantica.com/perfume/Darkbeat-Parfums/Austral-131300.html
44579,Darkbeat Parfums,Barber Note,2022,https://www.fragrantica.com/perfume/Darkbeat-Parfums/Barber-Note-71315.html
44580,Darkbeat Parfums,Cuero,2019,https://www.fragrantica.com/perfume/Darkbeat-Parfums/Cuero-64966.html
44581,Darkbeat Parfums,Dark Note,2023,https://www.fragrantica.com/perfume/Darkbeat-Parfums/Dark-Note-84965.html
44582,Darkbeat Parfums,Especias,2020,https://www.fragrantica.com/perfume/Darkbeat-Parfums/Especias-66078.html
44583,Darkbeat Parfums,Gula,2025,https://www.fragrantica.com/perfume/Darkbeat-Parfums/Gula-120022.html
44584,Darkbeat Parfums,Jazal,2021,https://www.fragrantica.com/perfume/Darkbeat-Parfums/Jazal-66079.html
44585,Darkbeat Parfums,Khaox,2020,https://www.fragrantica.com/perfume/Darkbeat-Parfums/Khaox-64967.html
44586,Darkbeat Parfums,L'Myrrhe,2017,https://www.fragrantica.com/perfume/Darkbeat-Parfums/L-Myrrhe-64968.html
44587,Darkbeat Parfums,Limae,2020,https://www.fragrantica.com/perfume/Darkbeat-Parfums/Limae-64969.html
44588,Darkbeat Parfums,Manaqua,2019,https://www.fragrantica.com/perfume/Darkbeat-Parfums/Manaqua-64970.html
44589,Darkbeat Parfums,Nuit D'Ylang,2021,https://www.fragrantica.com/perfume/Darkbeat-Parfums/Nuit-D-Ylang-66080.html
44590,Darkbeat Parfums,Oud Al'Andalus,2021,https://www.fragrantica.com/perfume/Darkbeat-Parfums/Oud-Al-Andalus-69449.html
44591,Darkbeat Parfums,Oud Gadir,2021,https://www.fragrantica.com/perfume/Darkbeat-Parfums/Oud-Gadir-64971.html
44592,Darkbeat Parfums,Qelibar,2019,https://www.fragrantica.com/perfume/Darkbeat-Parfums/Qelibar-64972.html
44593,Darkbeat Parfums,Sombra,2021,https://www.fragrantica.com/perfume/Darkbeat-Parfums/Sombra-67266.html
44594,Darkbeat Parfums,Somnium,2025,https://www.fragrantica.com/perfume/Darkbeat-Parfums/Somnium-120023.html
44595,Darkbeat Parfums,Spice Leather,2023,https://www.fragrantica.com/perfume/Darkbeat-Parfums/Spice-Leather-80341.html
44596,Darkbeat Parfums,Susurro,2021,https://www.fragrantica.com/perfume/Darkbeat-Parfums/Susurro-69450.html
44597,Darkbeat Parfums,Verdial,2020,https://www.fragrantica.com/perfume/Darkbeat-Parfums/Verdial-64973.html
44598,Darkbeat Parfums,Verhum,2019,https://www.fragrantica.com/perfume/Darkbeat-Parfums/Verhum-64974.html
44599,Darkwood Forest,No. 3 Wild Cambodia 2014,2017,https://www.fragrantica.com/perfume/Darkwood-Forest/No-3-Wild-Cambodia-2014-44969.html
44600,Darkwood Forest,Oud No. 5,2017,https://www.fragrantica.com/perfume/Darkwood-Forest/Oud-No-5-44594.html
44601,Darkwood Forest,Oud No. 8,2017,https://www.fragrantica.com/perfume/Darkwood-Forest/Oud-No-8-44595.html
44602,Darkwood Forest,Vetiver,2017,https://www.fragrantica.com/perfume/Darkwood-Forest/Vetiver-44593.html
44603,Darline,Betterless,,https://www.fragrantica.com/perfume/Darline/Betterless-94259.html
44604,Darline,Creature,,https://www.fragrantica.com/perfume/Darline/Creature-94247.html
44605,Darline,Intention,,https://www.fragrantica.com/perfume/Darline/Intention-94252.html
44606,Darline,Retrospective,,https://www.fragrantica.com/perfume/Darline/Retrospective-94268.html
44607,Darling*,Citopia,2023,https://www.fragrantica.com/perfume/Darling/Citopia-79364.html
44608,Darling*,E-motion,2023,https://www.fragrantica.com/perfume/Darling/E-motion-79366.html
44609,Darling*,Rhubay,2023,https://www.fragrantica.com/perfume/Darling/Rhubay-79365.html
44610,Darphin,Accents d'Aromes Pour Elle,2003,https://www.fragrantica.com/perfume/Darphin/Accents-d-Aromes-Pour-Elle-13789.html
44611,Darphin,Accents d'Aromes Pour Lui,2003,https://www.fragrantica.com/perfume/Darphin/Accents-d-Aromes-Pour-Lui-13790.html
44612,Darphin,Baies Sauvages,2008,https://www.fragrantica.com/perfume/Darphin/Baies-Sauvages-13791.html
44613,Darphin,Cedre Precieux,2008,https://www.fragrantica.com/perfume/Darphin/Cedre-Precieux-13792.html
44614,Darphin,Lys d'Eau,2008,https://www.fragrantica.com/perfume/Darphin/Lys-d-Eau-13793.html
44615,Darren Alan Perfumes,Acqua di Colonia,2009,https://www.fragrantica.com/perfume/Darren-Alan-Perfumes/Acqua-di-Colonia-87671.html
44616,Darren Alan Perfumes,After The Rain,2007,https://www.fragrantica.com/perfume/Darren-Alan-Perfumes/After-The-Rain-87672.html
44617,Darren Alan Perfumes,Bathory,2017,https://www.fragrantica.com/perfume/Darren-Alan-Perfumes/Bathory-87673.html
44618,Darren Alan Perfumes,Chypre No.1 Parfum,1998,https://www.fragrantica.com/perfume/Darren-Alan-Perfumes/Chypre-No-1-Parfum-87659.html
44619,Darren Alan Perfumes,Cupid's Bow,2020,https://www.fragrantica.com/perfume/Darren-Alan-Perfumes/Cupid-s-Bow-87668.html
44620,Darren Alan Perfumes,Devil's Share,2020,https://www.fragrantica.com/perfume/Darren-Alan-Perfumes/Devil-s-Share-87666.html
44621,Darren Alan Perfumes,Dorian's Fougère,2020,https://www.fragrantica.com/perfume/Darren-Alan-Perfumes/Dorian-s-Fougere-87661.html
44622,Darren Alan Perfumes,Fêtes de Noël,2020,https://www.fragrantica.com/perfume/Darren-Alan-Perfumes/Fetes-de-Noel-87669.html
44623,Darren Alan Perfumes,Hekate,2020,https://www.fragrantica.com/perfume/Darren-Alan-Perfumes/Hekate-87665.html
44624,Darren Alan Perfumes,Jonquille,2020,https://www.fragrantica.com/perfume/Darren-Alan-Perfumes/Jonquille-87662.html
44625,Darren Alan Perfumes,Lipstick Queen x ÇaFleureBon,2025,https://www.fragrantica.com/perfume/Darren-Alan-Perfumes/Lipstick-Queen-x-CaFleureBon-125851.html
44626,Darren Alan Perfumes,Musc Moderne,2020,https://www.fragrantica.com/perfume/Darren-Alan-Perfumes/Musc-Moderne-87663.html
44627,Darren Alan Perfumes,Sacred Smoke,2018,https://www.fragrantica.com/perfume/Darren-Alan-Perfumes/Sacred-Smoke-87667.html
44628,Darren Alan Perfumes,Sakura Green Tea,2026,https://www.fragrantica.com/perfume/Darren-Alan-Perfumes/Sakura-Green-Tea-132467.html
44629,Darren Alan Perfumes,Sea Fever,2025,https://www.fragrantica.com/perfume/Darren-Alan-Perfumes/Sea-Fever-116415.html
44630,Darren Alan Perfumes,Songes à Fleurs,2024,https://www.fragrantica.com/perfume/Darren-Alan-Perfumes/Songes-a-Fleurs-130959.html
44631,Darren Alan Perfumes,Sweet Repose,2010,https://www.fragrantica.com/perfume/Darren-Alan-Perfumes/Sweet-Repose-87670.html
44632,Darren Alan Perfumes,Vintage Novel,2021,https://www.fragrantica.com/perfume/Darren-Alan-Perfumes/Vintage-Novel-87660.html
44633,Dasa Concept Store,Ambre Rouge,,https://www.fragrantica.com/perfume/Dasa-Concept-Store/Ambre-Rouge-31947.html
44634,Dasa Concept Store,Blanche Patchouly,,https://www.fragrantica.com/perfume/Dasa-Concept-Store/Blanche-Patchouly-31946.html
44635,Dasa Concept Store,Deep Sea,,https://www.fragrantica.com/perfume/Dasa-Concept-Store/Deep-Sea-31953.html
44636,Dasa Concept Store,Douce Chateau,,https://www.fragrantica.com/perfume/Dasa-Concept-Store/Douce-Chateau-31952.html
44637,Dasa Concept Store,Green Santal Wood,,https://www.fragrantica.com/perfume/Dasa-Concept-Store/Green-Santal-Wood-31950.html
44638,Dasa Concept Store,Mandarine Mousse,,https://www.fragrantica.com/perfume/Dasa-Concept-Store/Mandarine-Mousse-31951.html
44639,Dasa Concept Store,Oriental Dream,,https://www.fragrantica.com/perfume/Dasa-Concept-Store/Oriental-Dream-31945.html
44640,Dasa Concept Store,Touberouse Noir,,https://www.fragrantica.com/perfume/Dasa-Concept-Store/Touberouse-Noir-31949.html
44641,Dasa Concept Store,Vert Musc,,https://www.fragrantica.com/perfume/Dasa-Concept-Store/Vert-Musc-31948.html
44642,Dasein,Autumn,2015,https://www.fragrantica.com/perfume/Dasein/Autumn-33194.html
44643,Dasein,Spring,2015,https://www.fragrantica.com/perfume/Dasein/Spring-31071.html
44644,Dasein,Summer,2015,https://www.fragrantica.com/perfume/Dasein/Summer-31072.html
44645,Dasein,Winter,2013,https://www.fragrantica.com/perfume/Dasein/Winter-28135.html
44646,Dasein,Winter Green,2019,https://www.fragrantica.com/perfume/Dasein/Winter-Green-64032.html
44647,Dasein,Winter Nights,2016,https://www.fragrantica.com/perfume/Dasein/Winter-Nights-41798.html
44648,Dashu,Acqua Dive,2021,https://www.fragrantica.com/perfume/Dashu/Acqua-Dive-68919.html
44649,Dashu,Botanik Leaf,2021,https://www.fragrantica.com/perfume/Dashu/Botanik-Leaf-68920.html
44650,Dashu,Sunday Cotton,2021,https://www.fragrantica.com/perfume/Dashu/Sunday-Cotton-68921.html
44651,Datura Perfumes,Accendis,2024,https://www.fragrantica.com/perfume/Datura-Perfumes/Accendis-106715.html
44652,Datura Perfumes,Divine,2022,https://www.fragrantica.com/perfume/Datura-Perfumes/Divine-106716.html
44653,Datura Perfumes,Gloaming,2024,https://www.fragrantica.com/perfume/Datura-Perfumes/Gloaming-106717.html
44654,Datura Perfumes,Magnolia,2022,https://www.fragrantica.com/perfume/Datura-Perfumes/Magnolia-106718.html
44655,Datura Perfumes,Nicolai,2022,https://www.fragrantica.com/perfume/Datura-Perfumes/Nicolai-106719.html
44656,Datura Perfumes,Snow,2022,https://www.fragrantica.com/perfume/Datura-Perfumes/Snow-106720.html
44657,Datura Perfumes,Torando,2022,https://www.fragrantica.com/perfume/Datura-Perfumes/Torando-106721.html
44658,Datura Perfumes,Torando Absolu L'Eau,2025,https://www.fragrantica.com/perfume/Datura-Perfumes/Torando-Absolu-L-Eau-135695.html
44659,Datura Perfumes,Warrior,2024,https://www.fragrantica.com/perfume/Datura-Perfumes/Warrior-106722.html
44660,Daükens Arôme Co.,Pink Cotton,2023,https://www.fragrantica.com/perfume/Dauekens-Arome-Co/Pink-Cotton-136875.html
44661,Davene,Exotic Comores,2019,https://www.fragrantica.com/perfume/Davene/Exotic-Comores-60182.html
44662,Davene,Exotic Indonésia,2019,https://www.fragrantica.com/perfume/Davene/Exotic-Indonesia-60179.html
44663,Davene,Exotic Laos,2019,https://www.fragrantica.com/perfume/Davene/Exotic-Laos-60180.html
44664,Davene,Exotic Madagascar,2019,https://www.fragrantica.com/perfume/Davene/Exotic-Madagascar-60181.html
44665,Davene,La Flore Flor de Cereja,2017,https://www.fragrantica.com/perfume/Davene/La-Flore-Flor-de-Cereja-74268.html
44666,Davene,La Flore Flor de Cerejeira,2019,https://www.fragrantica.com/perfume/Davene/La-Flore-Flor-de-Cerejeira-69934.html
44667,Davene,La Flore Flor de Frésia,2019,https://www.fragrantica.com/perfume/Davene/La-Flore-Flor-de-Fresia-69933.html
44668,Davene,La Flore Flor de Hibisco,2019,https://www.fragrantica.com/perfume/Davene/La-Flore-Flor-de-Hibisco-69935.html
44669,Davene,La Flore Flor de Laranjeira,2017,https://www.fragrantica.com/perfume/Davene/La-Flore-Flor-de-Laranjeira-74266.html
44670,Davene,La Flore Flor de Lavanda,2019,https://www.fragrantica.com/perfume/Davene/La-Flore-Flor-de-Lavanda-69932.html
44671,Davene,La Flore Flor de Lilly e Verbena,2017,https://www.fragrantica.com/perfume/Davene/La-Flore-Flor-de-Lilly-e-Verbena-74271.html
44672,Davene,La Flore Lavanda e Vanilla,2017,https://www.fragrantica.com/perfume/Davene/La-Flore-Lavanda-e-Vanilla-74269.html
44673,Davene,La Flore Rosas e Morango,2017,https://www.fragrantica.com/perfume/Davene/La-Flore-Rosas-e-Morango-74270.html
44674,Davene,Lavanda Brasileira,2019,https://www.fragrantica.com/perfume/Davene/Lavanda-Brasileira-75567.html
44675,Davene,Rosas Bouquet Essence,2019,https://www.fragrantica.com/perfume/Davene/Rosas-Bouquet-Essence-60629.html
44676,Davene,Rosas Rose Noir,2025,https://www.fragrantica.com/perfume/Davene/Rosas-Rose-Noir-108945.html
44677,Davene,Rosas Sublime,2019,https://www.fragrantica.com/perfume/Davene/Rosas-Sublime-60628.html
44678,Davene,Rosas Summer Blooming,2019,https://www.fragrantica.com/perfume/Davene/Rosas-Summer-Blooming-60627.html
44679,Davene,Rosas Velvet,2019,https://www.fragrantica.com/perfume/Davene/Rosas-Velvet-60626.html
44680,Davene,Sinn Pour Femme,2022,https://www.fragrantica.com/perfume/Davene/Sinn-Pour-Femme-75566.html
44681,Davene,Sinn Pour Homme,2022,https://www.fragrantica.com/perfume/Davene/Sinn-Pour-Homme-75565.html
44682,Davene,Vereda Tropical Jardim Tropical,2019,https://www.fragrantica.com/perfume/Davene/Vereda-Tropical-Jardim-Tropical-60171.html
44683,Davene,Vereda Tropical Noite de Verão,2019,https://www.fragrantica.com/perfume/Davene/Vereda-Tropical-Noite-de-Verao-60029.html
44684,Davì Parfum,Blackout,2024,https://www.fragrantica.com/perfume/Davi-Parfum/Blackout-137694.html
44685,Davì Parfum,Chèrie,2024,https://www.fragrantica.com/perfume/Davi-Parfum/Cherie-137697.html
44686,Davì Parfum,Davì Amour,2024,https://www.fragrantica.com/perfume/Davi-Parfum/Davi-Amour-137700.html
44687,Davì Parfum,Femme Fatale,2024,https://www.fragrantica.com/perfume/Davi-Parfum/Femme-Fatale-137701.html
44688,Davì Parfum,Identity,2024,https://www.fragrantica.com/perfume/Davi-Parfum/Identity-137702.html
44689,Davì Parfum,Prestige,2025,https://www.fragrantica.com/perfume/Davi-Parfum/Prestige-137703.html
44690,Davì Parfum,Privacy,2024,https://www.fragrantica.com/perfume/Davi-Parfum/Privacy-137704.html
44691,Davì Parfum,Sexy Oud,2024,https://www.fragrantica.com/perfume/Davi-Parfum/Sexy-Oud-137705.html
44692,Davì Parfum,Veleno,2024,https://www.fragrantica.com/perfume/Davi-Parfum/Veleno-137706.html
44693,David Beckham,Amber Breeze,2022,https://www.fragrantica.com/perfume/David-Beckham/Amber-Breeze-89330.html
44694,David Beckham,Aqua Classic,2016,https://www.fragrantica.com/perfume/David-Beckham/Aqua-Classic-35019.html
44695,David Beckham,Aromatic Greens,2021,https://www.fragrantica.com/perfume/David-Beckham/Aromatic-Greens-69826.html
44696,David Beckham,Beckham Signature Men,,https://huggingface.co/datasets/doevent/perfume
44697,David Beckham,Beyond David Beckham 2015 After Shave Lotion,2015,https://www.parfumo.com/Perfumes/David_Beckham/Beyond_After_Shave_Lotion
44698,David Beckham,Beyond (Eau de Toilette),2015,https://www.fragrantica.com/perfume/David-Beckham/Beyond-31171.html
44699,David Beckham,Beyond Forever David Beckham 2016 After Shave Lotion,2016,https://www.parfumo.com/Perfumes/David_Beckham/beyond-forever-after-shave-lotion
44700,David Beckham,Beyond Forever (Eau de Toilette),2016,https://www.fragrantica.com/perfume/David-Beckham/Beyond-Forever-39299.html
44701,David Beckham,Bold Instinct David Beckham Eau de Parfum,,https://www.parfumo.com/Perfumes/David_Beckham/bold-instinct-eau-de-parfum
44702,David Beckham,Bold Instinct (Eau de Toilette),2020,https://www.fragrantica.com/perfume/David-Beckham/Bold-Instinct-62483.html
44703,David Beckham,Botanical Resin,2025,https://www.fragrantica.com/perfume/David-Beckham/Botanical-Resin-113832.html
44704,David Beckham,Classic Blue (After Shave),2014,https://www.fragrantica.com/perfume/David-Beckham/Classic-Blue-25966.html
44705,David Beckham,Classic Blue David Beckham 2014 Eau de Toilette,2014,https://www.parfumo.com/Perfumes/David_Beckham/Classic_Blue_Eau_de_Toilette
44706,David Beckham,Classic David Beckham 2013 After Shave Lotion,2013,https://www.parfumo.com/Perfumes/David_Beckham/Classic_After_Shave_Lotion
44707,David Beckham,Classic (Eau de Toilette),2013,https://www.fragrantica.com/perfume/David-Beckham/Classic-18548.html
44708,David Beckham,Classic Homme,2023,https://www.fragrantica.com/perfume/David-Beckham/Classic-Homme-104554.html
44709,David Beckham,Classic Summer,2014,https://www.fragrantica.com/perfume/David-Beckham/Classic-Summer-23518.html
44710,David Beckham,Classic Touch,2018,https://www.fragrantica.com/perfume/David-Beckham/Classic-Touch-52202.html
44711,David Beckham,David Beckham True Instinct,,https://www.fragrantica.com/perfume/David-Beckham/David-Beckham-True-Instinct-97333.html
44712,David Beckham,Exquisite Leather,2020,https://www.fragrantica.com/perfume/David-Beckham/Exquisite-Leather-104677.html
44713,David Beckham,Follow Your Instinct David Beckham 2019 Eau de Toilette,2019,https://www.parfumo.com/Perfumes/David_Beckham/follow-your-instinct-eau-de-toilette
44714,David Beckham,Follow Your Instinct (Eau de Parfum),2019,https://www.fragrantica.com/perfume/David-Beckham/Follow-Your-Instinct-53350.html
44715,David Beckham,Homme (After Shave),2011,https://www.fragrantica.com/perfume/David-Beckham/Homme-12427.html
44716,David Beckham,Homme David Beckham 2011 Eau de Toilette,2011,https://www.parfumo.com/Perfumes/David_Beckham/Homme_Eau_de_Toilette
44717,David Beckham,Infinite Aqua,2021,https://www.fragrantica.com/perfume/David-Beckham/Infinite-Aqua-69825.html
44718,David Beckham,Inspired by Respect (After Shave),2018,https://www.fragrantica.com/perfume/David-Beckham/Inspired-by-Respect-51211.html
44719,David Beckham,Inspired by Respect David Beckham 2018 Eau de Toilette,2018,https://www.parfumo.com/Perfumes/David_Beckham/inspired-by-respect-eau-de-toilette
44720,David Beckham,Instinct 20th Anniversary Edition,2025,https://www.fragrantica.com/perfume/David-Beckham/Instinct-20th-Anniversary-Edition-109954.html
44721,David Beckham,Instinct After Dark,2008,https://www.fragrantica.com/perfume/David-Beckham/Instinct-After-Dark-2771.html
44722,David Beckham,Instinct David Beckham 2005 Eau de Toilette,2005,https://www.parfumo.com/Perfumes/David_Beckham/Instinct_Eau_de_Toilette
44723,David Beckham,Instinct David Beckham After Shave Lotion,,https://www.parfumo.com/Perfumes/David_Beckham/Instinct_After_Shave_Lotion
44724,David Beckham,Instinct (Eau de Parfum),2005,https://www.fragrantica.com/perfume/David-Beckham/Instinct-2772.html
44725,David Beckham,Instinct Gold Edition,2015,https://www.fragrantica.com/perfume/David-Beckham/Instinct-Gold-Edition-29638.html
44726,David Beckham,Instinct Ice,2010,https://www.fragrantica.com/perfume/David-Beckham/Instinct-Ice-8107.html
44727,David Beckham,Instinct Sport,2012,https://www.fragrantica.com/perfume/David-Beckham/Instinct-Sport-14337.html
44728,David Beckham,Intense Instinct,2007,https://www.fragrantica.com/perfume/David-Beckham/Intense-Instinct-2773.html
44729,David Beckham,Intimately Beckham,2006,https://www.fragrantica.com/perfume/David-Beckham/Intimately-Beckham-1948.html
44730,David Beckham,Intimately Beckham Men,2006,https://www.fragrantica.com/perfume/David-Beckham/Intimately-Beckham-Men-1949.html
44731,David Beckham,Intimately Beckham Night,2007,https://www.fragrantica.com/perfume/David-Beckham/Intimately-Beckham-Night-1950.html
44732,David Beckham,Intimately Beckham Night for Men,2007,https://www.fragrantica.com/perfume/David-Beckham/Intimately-Beckham-Night-for-Men-1951.html
44733,David Beckham,Intimately Men David Beckham 2006 Eau de Toilette,2006,https://www.parfumo.com/Perfumes/David_Beckham/Intimately_Men_Eau_de_Toilette
44734,David Beckham,Intimately Men David Beckham After Shave Lotion,,https://www.parfumo.com/Perfumes/David_Beckham/Intimately_Men_After_Shave_Lotion
44735,David Beckham,Intimately Night Men David Beckham 2007 After Shave Lotion,2007,https://www.parfumo.com/Perfumes/David_Beckham/intimately-night-men-after-shave-lotion
44736,David Beckham,Intimately Night Men David Beckham 2007 Eau de Toilette,2007,https://www.parfumo.com/Perfumes/David_Beckham/intimately-night-men-eau-de-toilette
44737,David Beckham,Intimately Night Women,2007,https://www.parfumo.com/Perfumes/David_Beckham/Intimately_Night
44738,David Beckham,Intimately Women,2006,https://www.parfumo.com/Perfumes/David_Beckham/Intimately_Women
44739,David Beckham,Intimately Yours Men,2010,https://www.fragrantica.com/perfume/David-Beckham/Intimately-Yours-Men-9896.html
44740,David Beckham,Intimately Yours Women,2010,https://www.fragrantica.com/perfume/David-Beckham/Intimately-Yours-Women-9897.html
44741,David Beckham,Made of Instinct,2017,https://www.fragrantica.com/perfume/David-Beckham/Made-of-Instinct-42411.html
44742,David Beckham,Pure Instinct,2009,https://www.fragrantica.com/perfume/David-Beckham/Pure-Instinct-5637.html
44743,David Beckham,Refined Woods,2021,https://www.fragrantica.com/perfume/David-Beckham/Refined-Woods-69827.html
44744,David Beckham,Respect David Beckham 2017 After Shave Lotion,2017,https://www.parfumo.com/Perfumes/David_Beckham/respect-after-shave-lotion
44745,David Beckham,Respect (Eau de Toilette),2017,https://www.fragrantica.com/perfume/David-Beckham/Respect-46144.html
44746,David Beckham,Signature for Her,2008,https://www.fragrantica.com/perfume/David-Beckham/Signature-for-Her-3795.html
44747,David Beckham,Signature for Him,2008,https://www.fragrantica.com/perfume/David-Beckham/Signature-for-Him-3796.html
44748,David Beckham,Signature Men David Beckham 2008 Eau de Toilette,2008,https://www.parfumo.com/Perfumes/David_Beckham/Signature_Men_Eau_de_Toilette
44749,David Beckham,Signature Men David Beckham After Shave Lotion,,https://www.parfumo.com/Perfumes/David_Beckham/Signature_Men_After_Shave_Lotion
44750,David Beckham,Signature Story for Her,2009,https://www.fragrantica.com/perfume/David-Beckham/Signature-Story-for-Her-6545.html
44751,David Beckham,Signature Story for Him,2009,https://www.fragrantica.com/perfume/David-Beckham/Signature-Story-for-Him-6544.html
44752,David Beckham,Signature Story Men David Beckham 2009 After Shave Lotion,2009,https://www.parfumo.com/Perfumes/David_Beckham/signature-story-men-after-shave-lotion
44753,David Beckham,Signature Story Men David Beckham 2009 Eau de Toilette,2009,https://www.parfumo.com/Perfumes/David_Beckham/Signature_Story_Men_Eau_de_Toilette
44754,David Beckham,Signature Story Women,2009,https://www.parfumo.com/Perfumes/David_Beckham/Signature_Story_Women
44755,David Beckham,Signature Summer for Her,2011,https://www.fragrantica.com/perfume/David-Beckham/Signature-Summer-for-Her-11499.html
44756,David Beckham,Signature Summer for Him,2011,https://www.fragrantica.com/perfume/David-Beckham/Signature-Summer-for-Him-11500.html
44757,David Beckham,Signature Summer Men,2011,https://www.parfumo.com/Perfumes/David_Beckham/Signature_Summer_for_Him
44758,David Beckham,Signature Summer Women,2011,https://www.parfumo.com/Perfumes/David_Beckham/Signature_Summer_for_Her
44759,David Beckham,Signature Women,2008,https://www.parfumo.com/Perfumes/David_Beckham/Beckham_Signature_for_Her
44760,David Beckham,The Essence David Beckham After Shave Lotion,,https://www.parfumo.com/Perfumes/David_Beckham/The_Essence_After_Shave_Lotion
44761,David Beckham,The Essence (Eau de Toilette),2012,https://www.fragrantica.com/perfume/David-Beckham/The-Essence-15956.html
44762,David Beckham,Urban Homme,2013,https://www.fragrantica.com/perfume/David-Beckham/Urban-Homme-17357.html
44763,David Bustamante,Esencia in Blue,2017,https://www.fragrantica.com/perfume/David-Bustamante/Esencia-in-Blue-53065.html
44764,David Bustamante,Muy Mía,,https://www.fragrantica.com/perfume/David-Bustamante/Muy-Mia-48501.html
44765,David Bustamante,Muy Mio,2012,https://www.fragrantica.com/perfume/David-Bustamante/Muy-Mio-23360.html
44766,David Bustamante,Muy Mio Sport,2013,https://www.fragrantica.com/perfume/David-Bustamante/Muy-Mio-Sport-23361.html
44767,David Garrett,Rock Symphonies Man,2010,https://www.fragrantica.com/perfume/David-Garrett/Rock-Symphonies-Man-39283.html
44768,David Garrett,Rock Symphonies Woman,2010,https://www.fragrantica.com/perfume/David-Garrett/Rock-Symphonies-Woman-39282.html
44769,David Haris,Cachemere Gold,,https://www.fragrantica.com/perfume/David-Haris/Cachemere-Gold-36151.html
44770,David Haris,Cachemere Platinum,,https://www.fragrantica.com/perfume/David-Haris/Cachemere-Platinum-36150.html
44771,David Jourquin,Cuir Altesse,2014,https://www.fragrantica.com/perfume/David-Jourquin/Cuir-Altesse-24637.html
44772,David Jourquin,Cuir Caraibes,2015,https://www.fragrantica.com/perfume/David-Jourquin/Cuir-Caraibes-30656.html
44773,David Jourquin,Cuir d'Eden,2022,https://www.fragrantica.com/perfume/David-Jourquin/Cuir-d-Eden-74861.html
44774,David Jourquin,Cuir de R'Eve,2014,https://www.fragrantica.com/perfume/David-Jourquin/Cuir-de-R-Eve-24636.html
44775,David Jourquin,Cuir Mandarine,2011,https://www.fragrantica.com/perfume/David-Jourquin/Cuir-Mandarine-13886.html
44776,David Jourquin,Cuir Solaire,2015,https://www.fragrantica.com/perfume/David-Jourquin/Cuir-Solaire-30657.html
44777,David Jourquin,Cuir Tabac,2011,https://www.fragrantica.com/perfume/David-Jourquin/Cuir-Tabac-13887.html
44778,David Jourquin,Cuir Venitien,2016,https://www.fragrantica.com/perfume/David-Jourquin/Cuir-Venitien-37902.html
44779,David LISS Parfums,Bergamote Chocolat,,https://www.fragrantica.com/perfume/David-LISS-Parfums/Bergamote-Chocolat-41584.html
44780,David LISS Parfums,Cédre Pamplemousse,,https://www.fragrantica.com/perfume/David-LISS-Parfums/Cedre-Pamplemousse-41594.html
44781,David LISS Parfums,Citron Vert - Musc Blanc,,https://www.fragrantica.com/perfume/David-LISS-Parfums/Citron-Vert-Musc-Blanc-41585.html
44782,David LISS Parfums,Eau de LISS Pour Homme,,https://www.fragrantica.com/perfume/David-LISS-Parfums/Eau-de-LISS-Pour-Homme-41591.html
44783,David LISS Parfums,Esthète Homme,,https://www.fragrantica.com/perfume/David-LISS-Parfums/Esthete-Homme-41595.html
44784,David LISS Parfums,F Pour Femme,,https://www.fragrantica.com/perfume/David-LISS-Parfums/F-Pour-Femme-41587.html
44785,David LISS Parfums,Femme,,https://www.fragrantica.com/perfume/David-LISS-Parfums/Femme-41588.html
44786,David LISS Parfums,Fleur de Tiaré,,https://www.fragrantica.com/perfume/David-LISS-Parfums/Fleur-de-Tiare-41586.html
44787,David LISS Parfums,H pour Homme,,https://www.fragrantica.com/perfume/David-LISS-Parfums/H-pour-Homme-41597.html
44788,David LISS Parfums,Jour De l'Homme,,https://www.fragrantica.com/perfume/David-LISS-Parfums/Jour-De-l-Homme-41599.html
44789,David LISS Parfums,Just For Women,,https://www.fragrantica.com/perfume/David-LISS-Parfums/Just-For-Women-41589.html
44790,David LISS Parfums,Just For You,,https://www.fragrantica.com/perfume/David-LISS-Parfums/Just-For-You-41590.html
44791,David LISS Parfums,Musc Poudré,,https://www.fragrantica.com/perfume/David-LISS-Parfums/Musc-Poudre-41583.html
44792,David LISS Parfums,Oriental Epice,,https://www.fragrantica.com/perfume/David-LISS-Parfums/Oriental-Epice-41592.html
44793,David LISS Parfums,Santal Orange,,https://www.fragrantica.com/perfume/David-LISS-Parfums/Santal-Orange-41593.html
44794,David Naman,You First,,https://www.fragrantica.com/perfume/David-Naman/You-First-83563.html
44795,David’s Perfume by David Dobrik,David's Perfume #01 Amber & Cashmere,2020,https://www.fragrantica.com/perfume/David-s-Perfume-by-David-Dobrik/David-s-Perfume-01-Amber-Cashmere-63810.html
44796,David’s Perfume by David Dobrik,David's Perfume #02 Grapefruit & Sandalwood,2020,https://www.fragrantica.com/perfume/David-s-Perfume-by-David-Dobrik/David-s-Perfume-02-Grapefruit-Sandalwood-63811.html
44797,David Thibaud-Bourahla,Crystal d'Afrique,2017,https://www.fragrantica.com/perfume/David-Thibaud-Bourahla/Crystal-d-Afrique-43686.html
44798,David Thibaud-Bourahla,L'Indigène,2018,https://www.fragrantica.com/perfume/David-Thibaud-Bourahla/L-Indigene-49553.html
44799,David Walker,B1 Crace (Eau de Parfum),,https://www.trendyol.com/david-walker/b1-crace-100-ml-kadin-parfum-floral-meyve-p-461839411
44800,David Walker,B10 Rodin (Eau de Parfum),,https://www.trendyol.com/david-walker/b10-rodin-100-ml-kadin-parfum-citrus-p-112248210
44801,David Walker,B103 Lerken (Eau de Parfum),,https://www.trendyol.com/david-walker/b103-lerken-100-ml-kadin-parfum-aromatic-p-134123566
44802,David Walker,B113 Diegor (Eau de Parfum),,https://www.trendyol.com/david-walker/b113-diegor-100-ml-kadin-parfum-woody-p-112490122
44803,David Walker,B114 Fragaria (Eau de Parfum),,https://www.trendyol.com/david-walker/b114-fragaria-100-ml-kadin-parfum-fruity-p-111199378
44804,David Walker,B115 Minno Two (Eau de Parfum),,https://www.trendyol.com/david-walker/b115-minno-two-100-ml-kadin-parfum-fruity-p-112189422
44805,David Walker,B116 Learn Brits (Eau de Parfum),,https://www.trendyol.com/david-walker/b116-learn-brits-50-ml-kadin-parfum-floral-p-38013935
44806,David Walker,B117 Batacian (Eau de Parfum),,https://www.trendyol.com/david-walker/b117-batacian-100-ml-kadin-parfum-fruity-p-136831587
44807,David Walker,B12 Beker (Eau de Parfum),,https://www.trendyol.com/david-walker/b12-beker-50-ml-kadin-parfum-oriental-floral-p-38014107
44808,David Walker,B122 Straor (Eau de Parfum),,https://www.trendyol.com/david-walker/b122-straor-100-ml-kadin-parfum-floral-p-114776365
44809,David Walker,B124 Jewelli (Eau de Parfum),,https://www.trendyol.com/david-walker/b124-jewelli-50-ml-kadin-parfum-floral-p-38015323
44810,David Walker,B125 Junyer (Eau de Parfum),,https://www.trendyol.com/david-walker/b125-junyer-50-ml-kadin-parfum-floral-p-38014444
44811,David Walker,B126 Freton (Eau de Parfum),,https://www.trendyol.com/david-walker/b126-freton-50-ml-kadin-parfum-floral-p-38015193
44812,David Walker,B128 Ozodelfi (Eau de Parfum),,https://www.trendyol.com/david-walker/b128-ozodelfi-50-ml-kadin-parfum-aromatic-p-41848404
44813,David Walker,B13 Helena (Eau de Parfum),,https://www.trendyol.com/david-walker/b13-helena-100-ml-kadin-parfum-fruity-floral-p-134054590
44814,David Walker,B130 Jeuel (Eau de Parfum),,https://www.trendyol.com/david-walker/b130-jeuel-100-ml-kadin-parfum-citrus-p-132331735
44815,David Walker,B131 Bavaros (Eau de Parfum),,https://www.trendyol.com/david-walker/b131-bavaros-100-ml-kadin-parfum-floral-p-94695551
44816,David Walker,B134 Durima (Eau de Parfum),,https://www.trendyol.com/david-walker/b134-durima-50-ml-kadin-parfum-floral-woody-p-38032835
44817,David Walker,B14 Evole (Eau de Parfum),,https://www.trendyol.com/david-walker/b14-evole-100-ml-kadin-parfum-woody-floral-p-136297230
44818,David Walker,B143 Romano (Eau de Parfum),,https://www.trendyol.com/david-walker/b143-romano-100-ml-kadin-parfum-aromatic-p-111701134
44819,David Walker,B144 Little Bla (Eau de Parfum),,https://www.trendyol.com/david-walker/b144-little-bla-50-ml-kadin-parfum-vanilla-oriental-p-38032868
44820,David Walker,B146 Ulyim (Eau de Parfum),,https://www.trendyol.com/david-walker/b146-ulyim-50-ml-kadin-parfum-floral-p-38014353
44821,David Walker,B148 Genius (Eau de Parfum),,https://www.trendyol.com/david-walker/b148-genius-50-ml-kadin-parfum-floral-p-38013236
44822,David Walker,B149 Leader (Eau de Parfum),,https://www.trendyol.com/david-walker/b149-leader-50-ml-kadin-parfum-floral-p-356000775
44823,David Walker,B150 Nonses (Eau de Parfum),,https://www.trendyol.com/david-walker/b150-nonses-100-ml-kadin-parfum-citrus-p-134043088
44824,David Walker,B151 Tendes (Eau de Parfum),,https://www.trendyol.com/david-walker/b151-tendes-50-ml-kadin-parfum-floral-p-38015191
44825,David Walker,B154 Guest (Eau de Parfum),,https://www.trendyol.com/david-walker/b154-guest-100-ml-kadin-parfum-woody-p-111676299
44826,David Walker,B155 Vip (Eau de Parfum),,https://www.trendyol.com/david-walker/b155-vip-100-ml-kadin-parfum-aromatic-p-111359958
44827,David Walker,B156 Beaty (Eau de Parfum),,https://www.trendyol.com/david-walker/b156-beaty-50-ml-kadin-parfum-floral-p-38013209
44828,David Walker,B16 Defile (Eau de Parfum),,https://www.trendyol.com/david-walker/b16-defile-100-ml-kadin-parfum-aromatic-p-112182752
44829,David Walker,B16 DEFILE Exclusive (Eau de Parfum),,https://www.trendyol.com/david-walker/b16-defile-50-ml-exclusive-kadin-parfum-floral-p-38032836
44830,David Walker,B162 Oranged (Eau de Parfum),,https://www.trendyol.com/david-walker/b162-oranged-100-ml-kadin-parfum-fresh-fruity-p-355673479
44831,David Walker,B163 Secret (Eau de Parfum),,https://www.trendyol.com/david-walker/b163-secret-50-ml-oryantal-kadin-parfum-p-38013999
44832,David Walker,B168 Woods (Eau de Parfum),,https://www.trendyol.com/david-walker/b168-woods-100-ml-kadin-parfum-oriental-p-112177992
44833,David Walker,B17 Hollywood (Eau de Parfum),,https://www.trendyol.com/david-walker/b17-hollywood-100-ml-kadin-parfum-velvet-p-112474052
44834,David Walker,B172 Fowred Black (Eau de Parfum),,https://www.trendyol.com/david-walker/b172-fowred-black-100-ml-kadin-parfum-woody-p-112175628
44835,David Walker,B173 Today (Eau de Parfum),,https://www.trendyol.com/david-walker/b173-today-50-ml-kadin-parfum-floral-p-38013231
44836,David Walker,B174 Briseli (Eau de Parfum),,https://www.trendyol.com/david-walker/b174-briseli-100-ml-kadin-parfum-woody-p-112169803
44837,David Walker,B177 Delfi (Eau de Parfum),,https://www.trendyol.com/david-walker/b177-delfi-100-ml-kadin-parfum-floral-p-111290516
44838,David Walker,B178 Carica (Eau de Parfum),,https://www.trendyol.com/david-walker/b178-carica-50-ml-kadin-parfum-woody-p-38015594
44839,David Walker,B179 Ficuscaracus (Eau de Parfum),,https://www.trendyol.com/david-walker/b179-ficuscaracus-50-ml-kadin-parfum-floral-p-38014332
44840,David Walker,B180 Helena (Eau de Parfum),,https://www.trendyol.com/david-walker/b180-helena-100-ml-kadin-parfum-floral-p-356001062
44841,David Walker,B183 Nuanse (Eau de Parfum),,https://www.trendyol.com/david-walker/b183-nuanse-100-ml-kadin-parfum-aromatic-p-134054919
44842,David Walker,B184 Tragedi (Eau de Parfum),,https://www.trendyol.com/david-walker/b184-tragedi-100-ml-kadin-parfum-velvet-p-111301546
44843,David Walker,B186 Cherry Love (Eau de Parfum),,https://www.trendyol.com/david-walker/b186-cherry-love-100-ml-kadin-parfum-floral-p-461957080
44844,David Walker,B187 Sierra (Eau de Parfum),,https://www.trendyol.com/david-walker/b187-sierra-100-ml-kadin-parfum-velvet-p-112167582
44845,David Walker,B188 Surrender (Eau de Parfum),,https://www.trendyol.com/david-walker/b188-surrender-100-ml-kadin-parfum-velvet-p-111328235
44846,David Walker,B19 Gaby (Eau de Parfum),,https://www.trendyol.com/david-walker/b19-gaby-50-ml-kadin-parfum-fruity-floral-p-38032849
44847,David Walker,B192 Stil (Eau de Parfum),,https://www.trendyol.com/david-walker/b192-stil-100-ml-kadin-parfum-floral-p-111328159
44848,David Walker,B193 Secret (Eau de Parfum),,https://www.trendyol.com/david-walker/b193-secret-100-ml-kadin-parfum-aromatic-p-111694872
44849,David Walker,B194 Noir (Eau de Parfum),,https://www.trendyol.com/david-walker/b194-noir-50-ml-kadin-parfum-floral-p-38014167
44850,David Walker,B195 Lili (Eau de Parfum),,https://www.trendyol.com/david-walker/b195-lili-100-ml-kadin-parfum-citrus-p-111283884
44851,David Walker,B196 Ance (Eau de Parfum),,https://www.trendyol.com/david-walker/b196-ance-50-ml-kadin-parfum-woody-p-38017337
44852,David Walker,B197 Black Rose (Eau de Parfum),,https://www.trendyol.com/david-walker/b197-black-rose-100-ml-kadin-parfum-aromatic-p-94695624
44853,David Walker,B199 Oley (Eau de Parfum),,https://www.trendyol.com/david-walker/b199-oley-50-ml-kadin-parfum-aromatic-p-38014111
44854,David Walker,B2 Suny (Eau de Parfum),,https://www.trendyol.com/david-walker/b2-suny-100-ml-kadin-parfum-aromatic-p-111788696
44855,David Walker,B20 Agetti (Eau de Parfum),,https://www.trendyol.com/david-walker/b20-agetti-100-ml-kadin-parfum-citrus-p-136297019
44856,David Walker,B200 Summer (Eau de Parfum),,https://www.trendyol.com/david-walker/b200-summer-50-ml-kadin-parfum-floral-p-38017087
44857,David Walker,B201 Selena (Eau de Parfum),,https://www.trendyol.com/david-walker/b201-selena-100-ml-kadin-parfum-floral-fruity-p-111329145
44858,David Walker,B202 Almata (Eau de Parfum),,https://www.trendyol.com/david-walker/b202-almata-100-ml-kadin-parfum-floral-p-94695436
44859,David Walker,B203 Abella (Eau de Parfum),,https://www.trendyol.com/david-walker/b203-abella-100-ml-kadin-parfum-fruity-p-134044283
44860,David Walker,B205 Vboswell (Eau de Parfum),,https://www.trendyol.com/david-walker/b205-vboswell-100-ml-kadin-parfum-aromatic-p-111227609
44861,David Walker,B206 Wild Flower (Eau de Parfum),,https://www.trendyol.com/david-walker/b206-wild-flower-100-ml-kadin-parfum-aromatic-p-94695489
44862,David Walker,B207 Dahlia (Eau de Parfum),,https://www.trendyol.com/david-walker/b207-dahlia-50-ml-kadin-parfum-fresh-p-38014276
44863,David Walker,B208 Waterlily (Eau de Parfum),,https://www.trendyol.com/david-walker/b208-waterlily-50-ml-kadin-parfum-woody-p-38013207
44864,David Walker,B209 Maidan 100 ml Kadın Parfüm | Oriental (Eau de Parfum),,https://www.trendyol.com/david-walker/b209-maidan-100-ml-kadin-parfum-oriental-p-111244530
44865,David Walker,B209 Maidan 50 ml Kadın Parfüm | Oriental (Eau de Parfum),,https://www.trendyol.com/david-walker/b209-maidan-50-ml-kadin-parfum-oriental-p-38014165
44866,David Walker,B21 Glasow (Eau de Parfum),,https://www.trendyol.com/david-walker/b21-glasow-50-ml-kadin-parfum-floral-p-38015315
44867,David Walker,B210 Bernica (Eau de Parfum),,https://www.trendyol.com/david-walker/b210-bernica-100-ml-kadin-parfum-aromatic-p-111267041
44868,David Walker,B211 Daily (Eau de Parfum),,https://www.trendyol.com/david-walker/b211-daily-50-ml-kadin-parfum-floral-p-38015535
44869,David Walker,B212 History (Eau de Parfum),,https://www.trendyol.com/david-walker/b212-history-100-ml-kadin-parfum-woody-p-470815137
44870,David Walker,B213 Roberta (Eau de Parfum),,https://www.trendyol.com/david-walker/b213-roberta-50-ml-kadin-parfum-woody-p-38014095
44871,David Walker,B214 Rosita (Eau de Parfum),,https://www.trendyol.com/david-walker/b214-rosita-100-ml-kadin-parfum-fruity-p-111793812
44872,David Walker,B216 Cassini (Eau de Parfum),,https://www.trendyol.com/david-walker/b216-cassini-50-ml-kadin-parfum-floral-p-1047737886
44873,David Walker,B217 Winner (Eau de Parfum),,https://www.trendyol.com/david-walker/b217-winner-100-ml-kadin-parfum-velvet-p-653410041
44874,David Walker,B219 Scandive (Eau de Parfum),,https://www.trendyol.com/david-walker/b219-scandive-50-ml-kadin-parfum-aromatic-p-1047784240
44875,David Walker,B220 Moonlight (Eau de Parfum),,https://www.trendyol.com/david-walker/b220-moonlight-100-ml-kadin-parfum-citrus-p-464446159
44876,David Walker,B221 Picasso (Eau de Parfum),,https://www.trendyol.com/david-walker/b221-picasso-50-ml-kadin-parfum-aromatic-p-72454501
44877,David Walker,B222 Liberation (Eau de Parfum),,https://www.trendyol.com/david-walker/b222-liberation-100-ml-kadin-parfum-aromatic-p-464319334
44878,David Walker,B223 More Relax (Eau de Parfum),,https://www.trendyol.com/david-walker/b223-more-relax-50-ml-kadin-parfum-citrus-p-356002205
44879,David Walker,B224 Senseless (Eau de Parfum),,https://www.trendyol.com/david-walker/b224-senseless-100-ml-kadin-parfum-floral-p-464322887
44880,David Walker,B225 Hannowen (Eau de Parfum),,https://www.trendyol.com/david-walker/b225-hannowen-100-ml-kadin-parfum-fruity-meyve-p-460769522
44881,David Walker,B226 Brigette (Eau de Parfum),,https://www.trendyol.com/david-walker/b226-brigette-100-ml-kadin-parfum-floral-p-788171503
44882,David Walker,B227 Famous (Eau de Parfum),,https://www.trendyol.com/david-walker/b227-famous-50-ml-kadin-parfum-fruity-p-778496614
44883,David Walker,B228 Pink Dreams (Eau de Parfum),,https://www.trendyol.com/david-walker/b228-pink-dreams-100-ml-kadin-parfum-velvet-p-788680311
44884,David Walker,B229 Solomon Island (Eau de Parfum),,https://www.trendyol.com/david-walker/b229-solomon-island-50-ml-kadin-parfum-floral-p-788684543
44885,David Walker,B23 Algerian (Eau de Parfum),,https://www.trendyol.com/david-walker/b23-algerian-100-ml-kadin-parfum-floral-p-461172110
44886,David Walker,B230 Magenta (Eau de Parfum),,https://www.trendyol.com/david-walker/b230-magenta-100-ml-kadin-parfum-floral-p-808326783
44887,David Walker,B231 Sensitive (Eau de Parfum),,https://www.trendyol.com/david-walker/b231-sensitive-50-ml-kadin-parfum-fruity-p-835876342
44888,David Walker,B232 El Paso (Eau de Parfum),,https://www.trendyol.com/david-walker/b232-el-paso-50-ml-kadin-parfum-velvet-p-923437602
44889,David Walker,B233 Valeria (Eau de Parfum),,https://www.trendyol.com/david-walker/b233-valeria-100-ml-kadin-parfum-floral-p-923447749
44890,David Walker,B234 Teresa (Eau de Parfum),,https://www.trendyol.com/david-walker/b234-teresa-50-ml-kadin-parfum-aromatic-p-1051598550
44891,David Walker,B235 Gilda (Eau de Parfum),,https://www.trendyol.com/david-walker/b235-gilda-50-ml-kadin-parfum-floral-p-877229050
44892,David Walker,B236 Back To Back (Eau de Parfum),,https://www.trendyol.com/david-walker/b236-back-to-back-50-ml-kadin-parfum-floral-p-958147049
44893,David Walker,B237 Gold (Eau de Parfum),,https://www.trendyol.com/david-walker/b237-gold-50-ml-kadin-parfum-velvet-p-871230665
44894,David Walker,B238 Purpose (Eau de Parfum),,https://www.trendyol.com/david-walker/b238-purpose-50-ml-kadin-parfum-fruity-p-922693045
44895,David Walker,B239 Effect (Eau de Parfum),,https://www.trendyol.com/david-walker/b239-effect-50-ml-kadin-parfum-aromatic-p-922701812
44896,David Walker,B24 Ornello (Eau de Parfum),,https://www.trendyol.com/david-walker/b24-ornello-50-ml-kadin-parfum-floral-p-38017138
44897,David Walker,B240 Kindness (Eau de Parfum),,https://www.trendyol.com/david-walker/b240-kindness-50-ml-kadin-parfum-fruity-p-922718411
44898,David Walker,B241 Valencia (Eau de Parfum),,https://www.trendyol.com/david-walker/b241-valencia-50-ml-kadin-parfum-fruity-p-1045050897
44899,David Walker,B25 Revef (Eau de Parfum),,https://www.trendyol.com/david-walker/b25-revef-50-ml-kadin-parfum-floral-p-38032833
44900,David Walker,B27 Slaykur (Eau de Parfum),,https://www.trendyol.com/david-walker/b27-slaykur-50-ml-kadin-parfum-citrus-p-38014129
44901,David Walker,B28 Nidor (Eau de Parfum),,https://www.trendyol.com/david-walker/b28-nidor-100-ml-kadin-parfum-fresh-floral-p-111648361
44902,David Walker,B3 Scuat (Eau de Parfum),,https://www.trendyol.com/david-walker/b3-scuat-50-ml-kadin-parfum-floral-p-38015496
44903,David Walker,B30 Rakell (Eau de Parfum),,https://www.trendyol.com/david-walker/b30-rakell-100-ml-kadin-parfum-floral-meyve-p-95978362
44904,David Walker,B32 Elove (Eau de Parfum),,https://www.trendyol.com/david-walker/b32-elove-50-ml-kadin-parfum-floral-p-38015266
44905,David Walker,B34 Woohool (Eau de Parfum),,https://www.trendyol.com/david-walker/b34-woohool-50-ml-kadin-parfum-fruity-floral-p-38014224
44906,David Walker,B35 Eletra (Eau de Parfum),,https://www.trendyol.com/david-walker/b35-eletra-50-ml-kadin-parfum-fruity-p-38032864
44907,David Walker,B36 Diospvros (Eau de Parfum),,https://www.trendyol.com/david-walker/b36-diospvros-50-ml-kadin-parfum-citrus-p-38014209
44908,David Walker,B37 Scilla (Eau de Parfum),,https://www.trendyol.com/david-walker/b37-scilla-50-ml-kadin-parfum-floral-p-38014132
44909,David Walker,B4 Mucci (Eau de Parfum),,https://www.trendyol.com/david-walker/b4-mucci-100-ml-kadin-parfum-woody-p-112040390
44910,David Walker,B40 İdaeus (Eau de Parfum),,https://www.trendyol.com/david-walker/b40-idaeus-100-ml-kadin-parfum-fruity-p-136296888
44911,David Walker,B41 Clematis (Eau de Parfum),,https://www.trendyol.com/david-walker/b41-clematis-50-ml-kadin-parfum-fruity-p-41849616
44912,David Walker,B42 Acerace (Eau de Parfum),,https://www.trendyol.com/david-walker/b42-acerace-50-ml-kadin-parfum-floral-powder-p-38013948
44913,David Walker,B46 Sativ (Eau de Parfum),,https://www.trendyol.com/david-walker/b46-sativ-50-ml-kadin-parfum-aromatic-p-38013515
44914,David Walker,B47 Satival (Eau de Parfum),,https://www.trendyol.com/david-walker/b47-satival-100-ml-kadin-parfum-fruity-p-134123691
44915,David Walker,B5 Gondol (Eau de Parfum),,https://www.trendyol.com/david-walker/b5-gondol-100-ml-kadin-parfum-floral-p-112209655
44916,David Walker,B50 Cedrus (Eau de Parfum),,https://www.trendyol.com/david-walker/b50-cedrus-100-ml-kadin-parfum-floral-p-136297193
44917,David Walker,B51 Dragstar (Eau de Parfum),,https://www.trendyol.com/david-walker/b51-dragstar-50-ml-kadin-parfum-floral-p-38032850
44918,David Walker,B52 Persea (Eau de Parfum),,https://www.trendyol.com/david-walker/b52-persea-100-ml-kadin-parfum-fruity-p-136297064
44919,David Walker,B54 Sinens (Eau de Parfum),,https://www.trendyol.com/david-walker/b54-sinens-50-ml-kadin-parfum-fresh-woody-p-38014162
44920,David Walker,B56 Pulmanoria (Eau de Parfum),,https://www.trendyol.com/david-walker/b56-pulmanoria-50-ml-kadin-parfum-oriental-fruity-p-38032830
44921,David Walker,B57 Sport (Eau de Parfum),,https://www.trendyol.com/david-walker/b57-sport-100-ml-kadin-parfum-fruity-p-94695655
44922,David Walker,B6 Desting (Eau de Parfum),,https://www.trendyol.com/david-walker/b6-desting-100-ml-kadin-parfum-woody-p-112199553
44923,David Walker,B60 Nigelle (Eau de Parfum),,https://www.trendyol.com/david-walker/b60-nigelle-100-ml-kadin-parfum-aromatic-p-136297129
44924,David Walker,B61 Laurus (Eau de Parfum),,https://www.trendyol.com/david-walker/b61-laurus-50-ml-kadin-parfum-fruity-floral-p-371033951
44925,David Walker,B62 Orientalist (Eau de Parfum),,https://www.trendyol.com/david-walker/b62-orientalist-50-ml-kadin-parfum-fruity-floral-p-38014246
44926,David Walker,B63 Morecea (Eau de Parfum),,https://www.trendyol.com/david-walker/b63-morecea-50-ml-kadin-parfum-floral-p-38014955
44927,David Walker,B66 Gardenia (Eau de Parfum),,https://www.trendyol.com/david-walker/b66-gardenia-50-ml-kadin-parfum-oriental-p-38032865
44928,David Walker,B67 Cappari (Eau de Parfum),,https://www.trendyol.com/david-walker/b67-cappari-50-ml-kadin-parfum-spicy-p-38032832
44929,David Walker,B69 Posacea (Eau de Parfum),,https://www.trendyol.com/david-walker/b69-posacea-50-ml-kadin-parfum-fresh-aromatic-p-38014039
44930,David Walker,B70 Lonicera (Eau de Parfum),,https://www.trendyol.com/david-walker/b70-lonicera-100-ml-kadin-parfum-fruity-floral-p-136681796
44931,David Walker,B71 Utilia (Eau de Parfum),,https://www.trendyol.com/david-walker/b71-utilia-100-ml-kadin-parfum-aromatic-p-114550629
44932,David Walker,B73 Elagnus (Eau de Parfum),,https://www.trendyol.com/david-walker/b73-elagnus-100-ml-kadin-parfum-aromatic-p-111694542
44933,David Walker,B74 Victor (Eau de Parfum),,https://www.trendyol.com/david-walker/b74-victor-100-ml-kadin-parfum-floral-p-136680890
44934,David Walker,B77 Diegos (Eau de Parfum),,https://www.trendyol.com/david-walker/b77-diegos-50-ml-kadin-parfum-fruity-fresh-p-38013960
44935,David Walker,B78 Keuma (Eau de Parfum),,https://www.trendyol.com/david-walker/b78-keuma-100-ml-kadin-parfum-floral-p-356002768
44936,David Walker,B80 Arizone (Eau de Parfum),,https://www.trendyol.com/david-walker/b80-arizone-50-ml-kadin-parfum-floral-oriental-p-38014642
44937,David Walker,B81 Zoro (Eau de Parfum),,https://www.trendyol.com/david-walker/b81-zoro-50-ml-kadin-parfum-floral-p-38014406
44938,David Walker,B82 Smith (Eau de Parfum),,https://www.trendyol.com/david-walker/b82-smith-50-ml-kadin-parfum-citrus-p-38013409
44939,David Walker,B84 Navigetuer (Eau de Parfum),,https://www.trendyol.com/david-walker/b84-navigetuer-100-ml-kadin-parfum-fresh-vanilla-p-136411449
44940,David Walker,B87 Becjkir (Eau de Parfum),,https://www.trendyol.com/david-walker/b87-becjkir-50-ml-kadin-parfum-woody-p-38013244
44941,David Walker,B88 Nino (Eau de Parfum),,https://www.trendyol.com/david-walker/b88-nino-50-ml-kadin-parfum-floral-p-38015247
44942,David Walker,B89 Cactus (Eau de Parfum),,https://www.trendyol.com/david-walker/b89-cactus-50-ml-kadin-parfum-aromatic-p-38013955
44943,David Walker,B90 Herros (Eau de Parfum),,https://www.trendyol.com/david-walker/b90-herros-50-ml-kadin-parfum-fruity-p-38032831
44944,David Walker,B91 Huget (Eau de Parfum),,https://www.trendyol.com/david-walker/b91-huget-100-ml-kadin-parfum-floral-p-356002533
44945,David Walker,B93 Blast (Eau de Parfum),,https://www.trendyol.com/david-walker/b93-blast-50-ml-kadin-parfum-fruity-fresh-p-38013348
44946,David Walker,B94 Bristo (Eau de Parfum),,https://www.trendyol.com/david-walker/b94-bristo-50-ml-kadin-parfum-velvet-p-38014312
44947,David Walker,B95 Love Arizone (Eau de Parfum),,https://www.trendyol.com/david-walker/b95-love-arizone-50-ml-kadin-parfum-woody-p-38017269
44948,David Walker,B97 Toureg (Eau de Parfum),,https://www.trendyol.com/david-walker/b97-toureg-50-ml-kadin-parfum-floral-p-38014184
44949,David Walker,B98 Lernin (Eau de Parfum),,https://www.trendyol.com/david-walker/b98-lernin-50-ml-kadin-parfum-oriental-p-38015070
44950,David Walker,B99 Quiz (Eau de Parfum),,https://www.trendyol.com/david-walker/b99-quiz-100-ml-kadin-parfum-velvet-p-136297279
44951,David Walker,Black (Eau de Parfum),,https://www.trendyol.com/david-walker/black-unisex-parfum-p-689275647
44952,David Walker,Blue (Eau de Parfum),,https://www.trendyol.com/david-walker/blue-50-ml-unisex-parfum-p-689301910
44953,David Walker,BLUE VALLEY 1982 (Eau de Parfum),1982,https://www.trendyol.com/david-walker/blue-valley-1982-p-859956064
44954,David Walker,Boutıque Vogue Extrait De / (Eau de Parfum),,https://www.trendyol.com/david-walker/boutique-vogue-50-ml-unisex-extrait-de-parfum-edp-unisex-parfum-p-88813652
44955,David Walker,BOUTIQUE AMBER (Eau de Parfum),,https://www.trendyol.com/david-walker/boutique-amber-50ml-erkek-parfum-p-33816327
44956,David Walker,BOUTIQUE ELIXIR (Eau de Parfum),,https://www.trendyol.com/david-walker/boutique-elixir-50ml-kadin-parfum-p-52548627
44957,David Walker,BOUTIQUE ITALIAN BLACK (Eau de Parfum),,https://www.trendyol.com/david-walker/boutique-italian-black-50ml-erkek-parfum-p-72404449
44958,David Walker,BOUTIQUE MAGNIFICENT (Eau de Parfum),,https://www.trendyol.com/david-walker/boutique-magnificent-50ml-parfum-p-52548621
44959,David Walker,BOUTIQUE MASCULINE (Eau de Parfum),,https://www.trendyol.com/david-walker/boutique-masculine-50-ml-erkek-parfum-p-125776916
44960,David Walker,BOUTIQUE MEDITERAN (Eau de Parfum),,https://www.trendyol.com/david-walker/boutique-mediteran-50ml-erkek-parfum-p-52548625
44961,David Walker,BOUTIQUE MUSK (Eau de Parfum),,https://www.trendyol.com/david-walker/boutique-musk-50ml-kadin-parfum-p-72503359
44962,David Walker,BOUTIQUE SOIRE ELEGAN (Eau de Parfum),,https://www.trendyol.com/david-walker/boutique-soire-elegan-50ml-erkek-parfum-p-72455006
44963,David Walker,CUIZES B102 Çiçek (Eau de Parfum),,https://www.trendyol.com/david-walker/cuizes-b102-50ml-cicek-kadin-parfum-p-38014516
44964,David Walker,DOUR E127 Ferah& (Eau de Parfum),,https://www.trendyol.com/david-walker/dour-e127-50ml-ferah-oryantal-erkek-parfum-p-37870963
44965,David Walker,DUNO E140 Ferah&Baharat (Eau de Parfum),,https://www.trendyol.com/david-walker/duno-e140-50ml-ferah-baharat-erkek-parfum-p-37870950
44966,David Walker,E1 Diegos (Eau de Parfum),,https://www.trendyol.com/david-walker/e1-diegos-50-ml-erkek-parfum-citrus-p-41853264
44967,David Walker,E10 Starblack (Eau de Parfum),,https://www.trendyol.com/david-walker/e10-starblack-50-ml-erkek-parfum-nature-p-37871008
44968,David Walker,E100 Benust (Eau de Parfum),,https://www.trendyol.com/david-walker/e100-benust-50-ml-erkek-parfum-citrus-p-37870920
44969,David Walker,E101 Dominnon (Eau de Parfum),,https://www.trendyol.com/david-walker/e101-dominnon-50-ml-erkek-parfum-woody-p-41848608
44970,David Walker,E103 Clear (Eau de Parfum),,https://www.trendyol.com/david-walker/e103-clear-50-ml-erkek-parfum-nature-p-41849294
44971,David Walker,E104 Harbor (Eau de Parfum),,https://www.trendyol.com/david-walker/e104-harbor-50-ml-erkek-parfum-aromatic-p-37871211
44972,David Walker,E11 Belluc (Eau de Parfum),,https://www.trendyol.com/david-walker/e11-belluc-50-ml-erkek-parfum-citrus-p-37871005
44973,David Walker,E112 Wolff (Eau de Parfum),,https://www.trendyol.com/david-walker/e112-wolff-50-ml-erkek-parfum-citrus-p-37870916
44974,David Walker,E117 Edge (Eau de Parfum),,https://www.trendyol.com/david-walker/e117-edge-50-ml-erkek-parfum-fruity-floral-p-37872086
44975,David Walker,E12 Reji (Eau de Parfum),,https://www.trendyol.com/david-walker/e12-reji-50-ml-erkek-parfum-woody-p-37870966
44976,David Walker,E121 Sepeek (Eau de Parfum),,https://www.trendyol.com/david-walker/e121-sepeek-50-ml-erkek-parfum-aromatic-p-37871253
44977,David Walker,E122 Black Youch (Eau de Parfum),,https://www.trendyol.com/david-walker/e122-black-youch-50-ml-erkek-parfum-woody-p-37871024
44978,David Walker,E124 Lowrenc (Eau de Parfum),,https://www.trendyol.com/david-walker/e124-lowrenc-50-ml-erkek-parfum-citrus-p-37871123
44979,David Walker,E125 Thumb (Eau de Parfum),,https://www.trendyol.com/david-walker/e125-thumb-50-ml-erkek-parfum-aromatic-woody-p-37870887
44980,David Walker,E126 Inten (Eau de Parfum),,https://www.trendyol.com/david-walker/e126-inten-50-ml-erkek-parfum-aromatic-p-37871341
44981,David Walker,E130 Star Mod (Eau de Parfum),,https://www.trendyol.com/david-walker/e130-star-mod-50-ml-erkek-parfum-aromatic-p-41849229
44982,David Walker,E131 Diamond (Eau de Parfum),,https://www.trendyol.com/david-walker/e131-diamond-50-ml-erkek-parfum-woody-p-37871100
44983,David Walker,E132 Whiteen (Eau de Parfum),,https://www.trendyol.com/david-walker/e132-whiteen-50-ml-erkek-parfum-nature-p-37871166
44984,David Walker,E135 Vipss (Eau de Parfum),,https://www.trendyol.com/david-walker/e135-vipss-50-ml-erkek-parfum-aromatic-p-37870754
44985,David Walker,E137 Tedrew (Eau de Parfum),,https://www.trendyol.com/david-walker/e137-tedrew-50-ml-erkek-parfum-woody-p-37871969
44986,David Walker,E138 Blue Div (Eau de Parfum),,https://www.trendyol.com/david-walker/e138-blue-div-50-ml-erkek-parfum-nature-p-37871151
44987,David Walker,E14 Brunet (Eau de Parfum),,https://www.trendyol.com/david-walker/e14-brunet-50-ml-erkek-parfum-aromatic-p-37871041
44988,David Walker,E141 Serve (Eau de Parfum),,https://www.trendyol.com/david-walker/e141-serve-50-ml-erkek-parfum-aromatic-p-37870914
44989,David Walker,E142 Tense (Eau de Parfum),,https://www.trendyol.com/david-walker/e142-tense-50-ml-erkek-parfum-citrus-p-37871149
44990,David Walker,E144 Dens (Eau de Parfum),,https://www.trendyol.com/david-walker/e144-dens-50-ml-erkek-parfum-fresh-aromatic-p-37871602
44991,David Walker,E145 Rick (Eau de Parfum),,https://www.trendyol.com/david-walker/e145-rick-50-ml-erkek-parfum-woody-p-37871108
44992,David Walker,E146 Marry (Eau de Parfum),,https://www.trendyol.com/david-walker/e146-marry-50-ml-erkek-parfum-woody-p-37871091
44993,David Walker,E147 Brady (Eau de Parfum),,https://www.trendyol.com/david-walker/e147-brady-50-ml-erkek-parfum-aromatic-p-37872249
44994,David Walker,E148 Funn (Eau de Parfum),,https://www.trendyol.com/david-walker/e148-funn-50-ml-erkek-parfum-aromatic-p-37697900
44995,David Walker,E15 Affaction (Eau de Parfum),,https://www.trendyol.com/david-walker/e15-affaction-50-ml-erkek-parfum-fruity-p-37871185
44996,David Walker,E150 Woods (Eau de Parfum),,https://www.trendyol.com/david-walker/e150-woods-50-ml-erkek-parfum-aromatic-p-37873036
44997,David Walker,E151 (Eau de Parfum),,https://www.trendyol.com/david-walker/e151-50-ml-erkek-parfum-woody-p-37871055
44998,David Walker,E152 Loggudu (Eau de Parfum),,https://www.trendyol.com/david-walker/e152-loggudu-50-ml-erkek-parfum-citrus-p-41848744
44999,David Walker,E153 Crash (Eau de Parfum),,https://www.trendyol.com/david-walker/e153-crash-50-ml-erkek-parfum-aromatic-p-37871101
45000,David Walker,E154 Albert (Eau de Parfum),,https://www.trendyol.com/david-walker/e154-albert-50-ml-erkek-parfum-aromatic-p-37872935