id,brand_name,product_name,release_year,source_url
35001,Carolina Herrera,VIP Men Carolina Herrera 2011 After Shave Lotion,2011,https://www.parfumo.com/Perfumes/Carolina_Herrera/212_VIP_Men_After_Shave_Lotion
35002,Carolina Herrera,VIP Men Carolina Herrera 2011 Eau de Toilette,2011,https://www.parfumo.com/Perfumes/Carolina_Herrera/212_VIP_Men_Eau_de_Toilette
35003,Carolina Herrera,VIP Men Carolina Herrera Body Fragrance,,https://www.parfumo.com/Perfumes/Carolina_Herrera/212-vip-men-body-fragrance
35004,Carolina Herrera,VIP Men Club Edition,2015,https://www.fragrantica.com/perfume/Carolina-Herrera/VIP-Men-Club-Edition-30426.html
35005,Carolina Herrera,VIP Men Party Fever,2018,https://www.parfumo.com/Perfumes/Carolina_Herrera/212_VIP_Men_Party_Fever
35006,Carolina Herrera,VIP Men Wild Party,2016,https://www.parfumo.com/Perfumes/Carolina_Herrera/212_VIP_Men_Wild_Party
35007,Carolina Herrera,VIP Men Wins,2021,https://www.parfumo.com/Perfumes/Carolina_Herrera/212-vip-men-wins
35008,Carolina Herrera,VIP Party Fever,2018,https://www.parfumo.com/Perfumes/Carolina_Herrera/212_VIP_Party_Fever
35009,Carolina Herrera,VIP Rosé Carolina Herrera 2014 Eau de Parfum,2014,https://www.parfumo.com/Perfumes/Carolina_Herrera/212-vip-rose-eau-de-parfum
35010,Carolina Herrera,VIP Rosé Carolina Herrera Body Fragrance,,https://www.parfumo.com/Perfumes/Carolina_Herrera/212-vip-rose-body-fragrance
35011,Carolina Herrera,VIP Rosé Carolina Herrera Hair Mist,,https://www.parfumo.com/Perfumes/Carolina_Herrera/212-vip-rose-hair-mist
35012,Carolina Herrera,VIP Rosé Elixir,2024,https://www.parfumo.com/Perfumes/Carolina_Herrera/212-vip-rose-elixir
35013,Carolina Herrera,VIP Rosé Extra,2019,https://www.parfumo.com/Perfumes/Carolina_Herrera/212_VIP_Rose_Extra
35014,Carolina Herrera,VIP Rosé I ♥ NY,2023,https://www.parfumo.com/Perfumes/Carolina_Herrera/212-vip-rose-i-ny
35015,Carolina Herrera,VIP Rosé Red,2020,https://www.parfumo.com/Perfumes/Carolina_Herrera/212-vip-rose-red
35016,Carolina Herrera,VIP Rosé Smiley,2022,https://www.parfumo.com/Perfumes/Carolina_Herrera/212-vip-rose-smiley
35017,Carolina Herrera,VIP Smiley,2022,https://www.parfumo.com/Perfumes/Carolina_Herrera/212-vip-smiley
35018,Carolina Herrera,VIP Wild Party,2016,https://www.parfumo.com/Perfumes/Carolina_Herrera/212_VIP_Wild_Party
35019,Carolina Herrera,VIP Wins,2021,https://www.parfumo.com/Perfumes/Carolina_Herrera/212-vip-wins
35020,Carolina Herrera,Virgin Mint,2017,https://www.fragrantica.com/perfume/Carolina-Herrera/Virgin-Mint-45727.html
35021,Carolina Herrera,White,2003,https://www.parfumo.com/Perfumes/Carolina_Herrera/212_White
35022,Caroline Duó,2660,2025,https://www.fragrantica.com/perfume/Caroline-Duo/2660-133097.html
35023,Caroline Duó,31 de Maio,2026,https://www.fragrantica.com/perfume/Caroline-Duo/31-de-Maio-133095.html
35024,Caroline Duó,Miss 279,2026,https://www.fragrantica.com/perfume/Caroline-Duo/Miss-279-133096.html
35025,Caroll,Caroll de Caroll,,https://www.fragrantica.com/perfume/Caroll/Caroll-de-Caroll-283.html
35026,Caron,Acaciosa,2018,https://www.fragrantica.com/perfume/Caron/Acaciosa-49061.html
35027,Caron,Acaciosa (Eau de Parfum),1924,https://www.fragrantica.com/perfume/Caron/Acaciosa-7423.html
35028,Caron,Acaciosa Parfum,1924,https://www.fragrantica.com/perfume/Caron/Acaciosa-Parfum-34539.html
35029,Caron,Accord 119 (2021),2021,https://www.fragrantica.com/perfume/Caron/Accord-119-2021-68138.html
35030,Caron,Accord 119 Caron 2011 Parfum,2011,https://www.parfumo.com/Perfumes/Caron/Accord_119_Parfum
35031,Caron,Accord 119 (Eau de Parfum),2011,https://www.fragrantica.com/perfume/Caron/Accord-119-11787.html
35032,Caron,Adastra,,https://www.parfumo.com/Perfumes/Caron/Adastra
35033,Caron,Aimez-Moi Caron 1996 Perfume (Parfum),1996,https://www.parfumo.com/Perfumes/Caron/Aimez_Moi_Perfume
35034,Caron,Aimez-Moi Caron 2000 Parfum Solide,2000,https://www.parfumo.com/Perfumes/Caron/Aimez_Moi_Parfum_Solide
35035,Caron,Aimez Moi Comme Je Suis,2020,https://www.fragrantica.com/perfume/Caron/Aimez-Moi-Comme-Je-Suis-62675.html
35036,Caron,Aimez - Moi (Eau de Toilette),1996,https://www.fragrantica.com/perfume/Caron/Aimez-Moi-2816.html
35037,Caron,Alpona,1939,https://www.fragrantica.com/perfume/Caron/Alpona-7424.html
35038,Caron,Atmah,2025,https://www.fragrantica.com/perfume/Caron/Atmah-117149.html
35039,Caron,Bain de Champagne (Royal Bain de Caron),1923,https://www.fragrantica.com/perfume/Caron/Bain-de-Champagne-Royal-Bain-de-Caron-4580.html
35040,Caron,Bel Amour,,https://www.parfumo.com/Perfumes/Caron/Bel_Amour
35041,Caron,Belle de Niassa,2023,https://www.fragrantica.com/perfume/Caron/Belle-de-Niassa-80102.html
35042,Caron,Bellodgia Caron 1960 Eau de Toilette,1960,https://www.parfumo.com/Perfumes/Caron/Bellodgia_Eau_de_Toilette
35043,Caron,Bellodgia Caron 1965 Cologne Parfumée (Eau de Cologne),1965,https://www.parfumo.com/Perfumes/Caron/Bellodgia_Cologne_Parfumee
35044,Caron,Bellodgia Caron Eau de Cologne,,https://www.parfumo.com/Perfumes/Caron/bellodgia-eau-de-cologne
35045,Caron,Bellodgia Caron Eau de Parfum,,https://www.parfumo.com/Perfumes/Caron/bellodgia-eau-de-parfum
35046,Caron,Bellodgia Caron Parfum Solide (Solid Perfume),,https://www.parfumo.com/Perfumes/Caron/Bellodgia_Parfum_Solide
35047,Caron,Bellodgia Extrait,1927,https://www.fragrantica.com/perfume/Caron/Bellodgia-Extrait-34543.html
35048,Caron,Bellodgia (Parfum),1927,https://www.fragrantica.com/perfume/Caron/Bellodgia-2817.html
35049,Caron,Champ Bleu du Ciel,2022,https://www.fragrantica.com/perfume/Caron/Champ-Bleu-du-Ciel-75947.html
35050,Caron,Chantecler,,https://www.parfumo.com/Perfumes/Caron/Chanticler
35051,Caron,Coup de Fouet Eau de Cologne Poivrée,1954,https://www.parfumo.com/Perfumes/Caron/coup-de-fouet-eau-de-cologne-poivree
35052,Caron,Coup De Fouet (Eau de Toilette),1954,https://www.fragrantica.com/perfume/Caron/Coup-De-Fouet-31382.html
35053,Caron,Délire de Roses (Eau de Parfum),2021,https://www.fragrantica.com/perfume/Caron/Delire-de-Roses-68136.html
35054,Caron,Delire de Roses (Parfum),2011,https://www.fragrantica.com/perfume/Caron/Delire-de-Roses-11786.html
35055,Caron,Eau de,1980,https://www.parfumo.com/Perfumes/Caron/Eau_de_Caron
35056,Caron,Eau de Caron,1980,https://www.fragrantica.com/perfume/Caron/Eau-de-Caron-20313.html
35057,Caron,Eau de Cologne,1994,https://www.fragrantica.com/perfume/Caron/Eau-de-Cologne-43700.html
35058,Caron,Eau de Reglisse (Liquorice),2006,https://www.fragrantica.com/perfume/Caron/Eau-de-Reglisse-Liquorice-7422.html
35059,Caron,Eau De Rocaille,2021,https://www.fragrantica.com/perfume/Caron/Eau-De-Rocaille-83489.html
35060,Caron,Eaux de Caron Forte,1999,https://www.fragrantica.com/perfume/Caron/Eaux-de-Caron-Forte-1421.html
35061,Caron,Eaux de Caron Fraiche,1997,https://www.fragrantica.com/perfume/Caron/Eaux-de-Caron-Fraiche-1420.html
35062,Caron,Eaux de Caron Pure,1996,https://www.fragrantica.com/perfume/Caron/Eaux-de-Caron-Pure-1422.html
35063,Caron,Elegancia,,https://www.parfumo.com/Perfumes/Caron/Elegancia
35064,Caron,En Avion Caron 1929 Parfum,1929,https://www.parfumo.com/Perfumes/Caron/En_Avion_Parfum
35065,Caron,En Avion (Eau de Parfum),1932,https://www.fragrantica.com/perfume/Caron/En-Avion-6183.html
35066,Caron,Farnesiana (Eau de Parfum),1947,https://www.fragrantica.com/perfume/Caron/Farnesiana-7425.html
35067,Caron,Farnesiana (Parfum),2018,https://www.fragrantica.com/perfume/Caron/Farnesiana-49062.html
35068,Caron,Fleur de Rocaille,2021,https://www.parfumo.com/Perfumes/Caron/fleur-de-rocaille-2021
35069,Caron,Fleur de Rocaille (1993),1993,https://www.fragrantica.com/perfume/Caron/Fleur-de-Rocaille-1993-2918.html
35070,Caron,Fleur de Rocaille (2021),2021,https://www.fragrantica.com/perfume/Caron/Fleur-de-Rocaille-2021-68135.html
35071,Caron,Fleur de Rocaille Caron 1993 Eau de Parfum,1993,https://www.parfumo.com/Perfumes/Caron/Fleur_de_Rocaille
35072,Caron,Fleur de Rocaille Caron Parfum Solide (Solid Perfume),,https://www.parfumo.com/Perfumes/Caron/fleur-de-rocaille-parfum-solide
35073,Caron,Fleurs de Rocaille Caron 1933 Extrait,1933,https://www.parfumo.com/Perfumes/Caron/Fleurs_de_Rocaille_Extrait
35074,Caron,Fleurs de Rocaille Caron Parfum de Toilette,,https://www.parfumo.com/Perfumes/Caron/fleurs-de-rocaille-parfum-de-toilette
35075,Caron,Fleurs de Rocaille (Eau de Cologne),1934,https://www.fragrantica.com/perfume/Caron/Fleurs-de-Rocaille-34542.html
35076,Caron,Fleurs de Rocaille (Eau de Toilette),1934,https://www.fragrantica.com/perfume/Caron/Fleurs-de-Rocaille-2919.html
35077,Caron,French Cancan Caron 2017 Parfum,2017,https://www.parfumo.com/Perfumes/Caron/French_Cancan_2017_Parfum
35078,Caron,French Cancan (Eau de Parfum),2018,https://www.fragrantica.com/perfume/Caron/French-Cancan-49063.html
35079,Caron,French Cancan (Eau de Toilette),1936,https://www.fragrantica.com/perfume/Caron/French-Cancan-7426.html
35080,Caron,French Cancan French Can-Can Caron 1936 Parfum,1936,https://www.parfumo.com/Perfumes/Caron/french-cancan-1936-french-can-can-parfum
35081,Caron,Impact Pour Un Homme,2005,https://www.fragrantica.com/perfume/Caron/Impact-Pour-Un-Homme-7638.html
35082,Caron,Infini,2018,https://www.parfumo.com/Perfumes/Caron/Infini_2018
35083,Caron,Infini,2021,https://www.parfumo.com/Perfumes/Caron/infini-2021
35084,Caron,Infini (1970),1970,https://www.fragrantica.com/perfume/Caron/Infini-1970-3808.html
35085,Caron,Infini (2018),2018,https://www.fragrantica.com/perfume/Caron/Infini-2018-49831.html
35086,Caron,Infini (2021),2021,https://www.fragrantica.com/perfume/Caron/Infini-2021-68137.html
35087,Caron,Infini Caron 1970 Eau de Toilette,1970,https://www.parfumo.com/Perfumes/Caron/Infini_1970_Eau_de_Toilette
35088,Caron,Infini Caron 1970 Parfum,1970,https://www.parfumo.com/Perfumes/Caron/Infini_1970_Parfum
35089,Caron,Infini Caron 1970 Parfum de Toilette,1970,https://www.parfumo.com/Perfumes/Caron/Infini_1970_Parfum_de_Toilette
35090,Caron,Infini Caron Eau de Cologne,,https://www.parfumo.com/Perfumes/Caron/Infini_1970_Eau_de_Cologne
35091,Caron,Infini L'Infini,1912,https://www.parfumo.com/Perfumes/Caron/Infini_L_Infini
35092,Caron,Isadora,,https://www.parfumo.com/Perfumes/Caron/Isadora
35093,Caron,Ivre De Liberté,2022,https://www.fragrantica.com/perfume/Caron/Ivre-De-Liberte-75948.html
35094,Caron,L'Anarchiste Caron 2000 Lotion Après-Rasage,2000,https://www.parfumo.com/Perfumes/Caron/L_Anarchiste_Lotion_Apres_Rasage
35095,Caron,L'Anarchiste (Eau de Toilette),2000,https://www.fragrantica.com/perfume/Caron/L-Anarchiste-6380.html
35096,Caron,L'Eau Cologne (Eau de Cologne),2014,https://www.fragrantica.com/perfume/Caron/L-Eau-Cologne-27531.html
35097,Caron,L'Eau Pure,2014,https://www.parfumo.com/Perfumes/Caron/L_Eau_Pure
35098,Caron,L'Eau Pure (2014),2014,https://www.fragrantica.com/perfume/Caron/L-Eau-Pure-2014-27532.html
35099,Caron,L'Eau Réglisse Eau de Réglisse,2006,https://www.parfumo.com/Perfumes/Caron/L_Eau_Reglisse_Eau_de_Reglisse
35100,Caron,L'Heure Vagabonde,2022,https://www.fragrantica.com/perfume/Caron/L-Heure-Vagabonde-75950.html
35101,Caron,L'Invisible qui Luit,2022,https://www.fragrantica.com/perfume/Caron/L-Invisible-qui-Luit-75946.html
35102,Caron,L'Invitation au Voyage,2022,https://www.fragrantica.com/perfume/Caron/L-Invitation-au-Voyage-75949.html
35103,Caron,La Fête des Roses,1936,https://www.fragrantica.com/perfume/Caron/La-Fete-des-Roses-75152.html
35104,Caron,La Rose Précieuse,,https://www.parfumo.com/Perfumes/Caron/La_Rose_Precieuse
35105,Caron,La Selection Aimez Moi,2013,https://www.fragrantica.com/perfume/Caron/La-Selection-Aimez-Moi-17795.html
35106,Caron,La Selection Lady Caron,2014,https://www.fragrantica.com/perfume/Caron/La-Selection-Lady-Caron-26111.html
35107,Caron,La Selection My Ylang,2013,https://www.fragrantica.com/perfume/Caron/La-Selection-My-Ylang-17793.html
35108,Caron,La Selection Nocturnes,2013,https://www.fragrantica.com/perfume/Caron/La-Selection-Nocturnes-17794.html
35109,Caron,La Selection Parfum Sacre,2013,https://www.fragrantica.com/perfume/Caron/La-Selection-Parfum-Sacre-26112.html
35110,Caron,La Selection Piu Bellodgia,2013,https://www.fragrantica.com/perfume/Caron/La-Selection-Piu-Bellodgia-17792.html
35111,Caron,Lady,2021,https://www.parfumo.com/Perfumes/Caron/lady-caron-2021
35112,Caron,Lady Caron (2021),2021,https://www.fragrantica.com/perfume/Caron/Lady-Caron-2021-68143.html
35113,Caron,Lady Caron (Eau de Parfum),2000,https://www.fragrantica.com/perfume/Caron/Lady-Caron-5591.html
35114,Caron,Lady Caron Édition Limitée,,https://www.parfumo.com/Perfumes/Caron/Lady_Caron_Edition_Limitee
35115,Caron,Le 3ᵉ Homme Caron 1985 Après-Rasage,1985,https://www.parfumo.com/Perfumes/Caron/Le_3_Homme_Apres_Rasage
35116,Caron,Le 3ᵉ Homme Caron 1985 Eau de Toilette,1985,https://www.parfumo.com/Perfumes/Caron/Le_3_Homme_Eau_de_Toilette
35117,Caron,Le 3e Homme de Caron,1985,https://www.fragrantica.com/perfume/Caron/Le-3e-Homme-de-Caron-7421.html
35118,Caron,Les Plus Belles Lavandes,2008,https://www.parfumo.com/Perfumes/Caron/Les_Plus_Belles_Lavandes
35119,Caron,Les Plus Belles Lavandes de Caron,2008,https://www.fragrantica.com/perfume/Caron/Les-Plus-Belles-Lavandes-de-Caron-3420.html
35120,Caron,Les Pois de Senteur Caron 1927 Eau de Cologne,1927,https://www.parfumo.com/Perfumes/Caron/Les_Pois_de_Senteur_Eau_de_Cologne
35121,Caron,Mimosa,,https://www.parfumo.com/Perfumes/Caron/Mimosa
35122,Caron,Miss Rocaille,2004,https://www.fragrantica.com/perfume/Caron/Miss-Rocaille-3928.html
35123,Caron,Mode,,https://www.parfumo.com/Perfumes/Caron/Mode
35124,Caron,Modernis,,https://www.parfumo.com/Perfumes/Caron/Modernis
35125,Caron,Montaigne 2016 Edition,2016,https://www.fragrantica.com/perfume/Caron/Montaigne-2016-Edition-42737.html
35126,Caron,Montaigne (2021),2021,https://www.fragrantica.com/perfume/Caron/Montaigne-2021-68146.html
35127,Caron,Montaigne Cœur de,,https://www.parfumo.com/Perfumes/Caron/Montaigne_Cur_de_Caron
35128,Caron,Montaigne Caron 2007 Eau de Parfum,2007,https://www.parfumo.com/Perfumes/Caron/Montaigne_2007_Eau_de_Parfum
35129,Caron,Montaigne Caron 2017 Eau de Parfum,2017,https://www.parfumo.com/Perfumes/Caron/Montaigne_2017_Eau_de_Parfum
35130,Caron,Montaigne Collection Prestige,,https://www.parfumo.com/Perfumes/Caron/Montaigne_Collection_Prestige
35131,Caron,Montaigne Diamélite,,https://www.parfumo.com/Perfumes/Caron/Montaigne_Diamelite
35132,Caron,Montaigne (Eau de Toilette),1987,https://www.fragrantica.com/perfume/Caron/Montaigne-4030.html
35133,Caron,Montaigne Édition Baccarat,,https://www.parfumo.com/Perfumes/Caron/Montaigne_Edition_Baccarat
35134,Caron,Montaigne (Parfum),2018,https://www.fragrantica.com/perfume/Caron/Montaigne-49064.html
35135,Caron,Montaigne Volez-Le,,https://www.parfumo.com/Perfumes/Caron/Montaigne_Volez_Le
35136,Caron,Muguet du Bonheur (2021),2021,https://www.fragrantica.com/perfume/Caron/Muguet-du-Bonheur-2021-66866.html
35137,Caron,Muguet du Bonheur Caron 1952 Parfum,1952,https://www.parfumo.com/Perfumes/Caron/muguet-du-bonheur-parfum
35138,Caron,Muguet du Bonheur Caron Eau de Cologne,,https://www.parfumo.com/Perfumes/Caron/muguet-du-bonheur-eau-de-cologne
35139,Caron,Muguet du Bonheur (Eau de Toilette),1952,https://www.fragrantica.com/perfume/Caron/Muguet-du-Bonheur-3837.html
35140,Caron,Musc Oli,2022,https://www.fragrantica.com/perfume/Caron/Musc-Oli-78717.html
35141,Caron,My Ylang,2013,https://www.parfumo.com/Perfumes/Caron/My_Ylang
35142,Caron,N'Aimez Que Moi (2023),2023,https://www.fragrantica.com/perfume/Caron/N-Aimez-Que-Moi-2023-90480.html
35143,Caron,N'Aimez Que Moi (Eau de Parfum),1916,https://www.fragrantica.com/perfume/Caron/N-Aimez-Que-Moi-7428.html
35144,Caron,N'Aimez que Moi Édition Limitée Lalique,,https://www.parfumo.com/Perfumes/Caron/N_Aimez_que_Moi_Edition_Limitee_Lalique
35145,Caron,N'Aimez Que Moi Parfum,1916,https://www.fragrantica.com/perfume/Caron/N-Aimez-Que-Moi-Parfum-52042.html
35146,Caron,Narcisse Blanc,2018,https://www.fragrantica.com/perfume/Caron/Narcisse-Blanc-49065.html
35147,Caron,Narcisse Blanc,2020,https://www.fragrantica.com/perfume/Caron/Narcisse-Blanc-64106.html
35148,Caron,Narcisse Blanc (2021),2021,https://www.fragrantica.com/perfume/Caron/Narcisse-Blanc-2021-68140.html
35149,Caron,Narcisse Blanc (Eau de Parfum),1923,https://www.fragrantica.com/perfume/Caron/Narcisse-Blanc-7429.html
35150,Caron,Narcisse Blanc Le Narcisse Blanc,1923,https://www.parfumo.com/Perfumes/Caron/Narcisse_Blanc_Le_Narcisse_Blanc_1923
35151,Caron,Narcisse Blanc Parfum,1923,https://www.fragrantica.com/perfume/Caron/Narcisse-Blanc-Parfum-35285.html
35152,Caron,Narcisse Noir (1911),1911,https://www.fragrantica.com/perfume/Caron/Narcisse-Noir-1911-5593.html
35153,Caron,Narcisse Noir (2021),2021,https://www.fragrantica.com/perfume/Caron/Narcisse-Noir-2021-68141.html
35154,Caron,Narcisse Noir Caron 2017 Parfum,2017,https://www.parfumo.com/Perfumes/Caron/Narcisse_Noir_2017_Parfum
35155,Caron,Narcisse Noir Caron Eau de Cologne,,https://www.parfumo.com/Perfumes/Caron/narcisse-noir-eau-de-cologne
35156,Caron,Narcisse Noir (Eau de Parfum),,https://www.fragrantica.com/perfume/Caron/Narcisse-Noir-53072.html
35157,Caron,Narcisse Noir (Eau de Toilette),2018,https://www.fragrantica.com/perfume/Caron/Narcisse-Noir-52230.html
35158,Caron,Narcisse Noir Le Narcisse Noir Caron 1911 Extrait,1911,https://www.parfumo.com/Perfumes/Caron/Narcisse_Noir_1911_Le_Narcisse_Noir_Extrait
35159,Caron,Nocturnes,2013,https://www.parfumo.com/Perfumes/Caron/Nocturnes_2013
35160,Caron,Nocturnes (2023),2023,https://www.fragrantica.com/perfume/Caron/Nocturnes-2023-90479.html
35161,Caron,Nocturnes Caron 1981 Eau de Toilette,1981,https://www.parfumo.com/Perfumes/Caron/Nocturnes_Eau_de_Toilette
35162,Caron,Nocturnes Caron 1981 Parfum,1981,https://www.parfumo.com/Perfumes/Caron/Nocturnes_Parfum
35163,Caron,Nocturnes de Caron,1981,https://www.fragrantica.com/perfume/Caron/Nocturnes-de-Caron-284.html
35164,Caron,Nocturnes de Caron Parfum,1981,https://www.fragrantica.com/perfume/Caron/Nocturnes-de-Caron-Parfum-34541.html
35165,Caron,Nocturnes Édition Limitée Baccarat,,https://www.parfumo.com/Perfumes/Caron/Nocturnes_Edition_Limitee_Baccarat
35166,Caron,Nuit de Noël - Boîte à Musique,,https://www.parfumo.com/Perfumes/Caron/Nuit_de_Noel_Boite__Musique
35167,Caron,Nuit de Noël Caron 1960 Eau de Toilette,1960,https://www.parfumo.com/Perfumes/Caron/Nuit_de_Noel_Eau_de_Toilette
35168,Caron,Nuit de Noël Caron 1965 Cologne Parfumée,1965,https://www.parfumo.com/Perfumes/Caron/Nuit_de_Noel_Cologne_Parfumee
35169,Caron,Nuit de Noël Caron Eau de Cologne,,https://www.parfumo.com/Perfumes/Caron/nuit-de-noel-eau-de-cologne
35170,Caron,Nuit de Noël Caron Parfum de Toilette,,https://www.parfumo.com/Perfumes/Caron/Nuit_de_Noel_Parfum_de_Toilette
35171,Caron,Nuit de Noel Extrait de Parfum,1922,https://www.fragrantica.com/perfume/Caron/Nuit-de-Noel-Extrait-de-Parfum-34198.html
35172,Caron,Nuit de Noël - Le Messager d'Éole,,https://www.parfumo.com/Perfumes/Caron/Nuit_de_Noel__Le_Messager_d_Eole
35173,Caron,Nuit de Noel (Parfum),1922,https://www.fragrantica.com/perfume/Caron/Nuit-de-Noel-4581.html
35174,Caron,Nuit de Noël - Pillow,,https://www.parfumo.com/Perfumes/Caron/Nuit_de_Noel__Pillow
35175,Caron,Nuit Fraîche,2019,https://www.fragrantica.com/perfume/Caron/Nuit-Fraiche-56264.html
35176,Caron,Or et Noir Cristal de Baccarat,,https://www.parfumo.com/Perfumes/Caron/Or_et_Noir_Cristal_de_Baccarat
35177,Caron,Or et Noir (Eau de Parfum),1949,https://www.fragrantica.com/perfume/Caron/Or-et-Noir-7430.html
35178,Caron,Or et Noir (Parfum),2018,https://www.fragrantica.com/perfume/Caron/Or-et-Noir-49066.html
35179,Caron,Oud by,2009,https://www.parfumo.com/Perfumes/Caron/Oud_by_Caron
35180,Caron,Oud Excelsa,2024,https://www.fragrantica.com/perfume/Caron/Oud-Excelsa-97030.html
35181,Caron,Parfum Précieux,,https://www.parfumo.com/Perfumes/Caron/Parfum_Precieux
35182,Caron,Parfum Sacre (2021),2021,https://www.fragrantica.com/perfume/Caron/Parfum-Sacre-2021-68144.html
35183,Caron,Parfum Sacré Caron 1990 Eau de Toilette,1990,https://www.parfumo.com/Perfumes/Caron/Parfum_Sacre_1990_Eau_de_Toilette
35184,Caron,Parfum Sacré Caron 1990 Extrait,1990,https://www.parfumo.com/Perfumes/Caron/Parfum_Sacre_1990_Extrait
35185,Caron,Parfum Sacré Caron 2010 Eau de Parfum Intense,2010,https://www.parfumo.com/Perfumes/Caron/Parfum_Sacre_Eau_de_Parfum_Intense
35186,Caron,Parfum Sacre (Eau de Parfum),1990,https://www.fragrantica.com/perfume/Caron/Parfum-Sacre-3304.html
35187,Caron,Parfum Sacre Eau de Parfum Intense,2010,https://www.fragrantica.com/perfume/Caron/Parfum-Sacre-Eau-de-Parfum-Intense-8926.html
35188,Caron,Più Bellodgia,2013,https://www.parfumo.com/Perfumes/Caron/Pi_Bellodgia
35189,Caron,Pois de Senteur,1927,https://www.fragrantica.com/perfume/Caron/Pois-de-Senteur-7427.html
35190,Caron,Pois de Senteur (2021),2021,https://www.fragrantica.com/perfume/Caron/Pois-de-Senteur-2021-68142.html
35191,Caron,Pois de Senteur Les Pois de Senteur de Chez Moi Caron 1927 Parfum,1927,https://www.parfumo.com/Perfumes/Caron/Pois_de_Senteur_Les_Pois_de_Senteur_de_Chez_Moi_Parfum
35192,Caron,Pois de Senteur Parfum,1927,https://www.fragrantica.com/perfume/Caron/Pois-de-Senteur-Parfum-34538.html
35193,Caron,Poivre Édition Limitée,,https://www.parfumo.com/Perfumes/Caron/Poivre_Edition_Limitee
35194,Caron,Poivre (Extrait de Parfum),1954,https://www.fragrantica.com/perfume/Caron/Poivre-7431.html
35195,Caron,Poivre Impérial,2022,https://www.fragrantica.com/perfume/Caron/Poivre-Imperial-74087.html
35196,Caron,Poivre Sacré,2022,https://www.fragrantica.com/perfume/Caron/Poivre-Sacre-74086.html
35197,Caron,Pour Un Homme de Caron 2017,2017,https://www.fragrantica.com/perfume/Caron/Pour-Un-Homme-de-Caron-2017-44103.html
35198,Caron,Pour Un Homme de Caron Caron 1934 Après Rasage,1934,https://www.parfumo.com/Perfumes/Caron/Pour_Un_Homme_de_Caron_Apres_Rasage
35199,Caron,Pour Un Homme de Caron Caron Lotion Après-Rasage,,https://www.parfumo.com/Perfumes/Caron/pour-un-homme-de-caron-2022-lotion-apres-rasage
35200,Caron,Pour Un Homme de Caron (Eau de Toilette),1934,https://www.fragrantica.com/perfume/Caron/Pour-Un-Homme-de-Caron-3166.html
35201,Caron,Pour Un Homme de Caron Edition Baccarat,,https://www.parfumo.com/Perfumes/Caron/Pour_Un_Homme_de_Caron_Edition_Baccarat
35202,Caron,Pour Un Homme de Caron L'Eau,2018,https://www.fragrantica.com/perfume/Caron/Pour-Un-Homme-de-Caron-L-Eau-50180.html
35203,Caron,Pour Un Homme de Caron L'Impact de Pour Un Homme Caron 2005 Parfum,2005,https://www.parfumo.com/Perfumes/Caron/pour-un-homme-de-caron-2005-parfum-l-impact-de-pour-un-homme
35204,Caron,Pour Un Homme de Caron Le Matin,2022,https://www.fragrantica.com/perfume/Caron/Pour-Un-Homme-de-Caron-Le-Matin-73601.html
35205,Caron,Pour Un Homme de Caron Le Soir,2022,https://www.fragrantica.com/perfume/Caron/Pour-Un-Homme-de-Caron-Le-Soir-73600.html
35206,Caron,Pour Un Homme de Caron Millésime 2014,2014,https://www.parfumo.com/Perfumes/Caron/Pour_Un_Homme_Millesime_2014
35207,Caron,Pour Un Homme de Caron Parfum,2024,https://www.fragrantica.com/perfume/Caron/Pour-Un-Homme-de-Caron-Parfum-88080.html
35208,Caron,Pour Un Homme de Caron Sport,2015,https://www.fragrantica.com/perfume/Caron/Pour-Un-Homme-de-Caron-Sport-32678.html
35209,Caron,Pour Un Homme de Caron x Nathanaël Koffi,2025,https://www.fragrantica.com/perfume/Caron/Pour-Un-Homme-de-Caron-x-Nathanael-Koffi-104596.html
35210,Caron,Pour Un Homme Gitana,2026,https://www.fragrantica.com/perfume/Caron/Pour-Un-Homme-Gitana-136512.html
35211,Caron,Pour un Homme Millesime 2014,2014,https://www.fragrantica.com/perfume/Caron/Pour-un-Homme-Millesime-2014-30896.html
35212,Caron,Pour Une Femme Caron 2017 Parfum,2017,https://www.parfumo.com/Perfumes/Caron/Pour_Une_Femme_2017_Parfum
35213,Caron,Pour Une Femme de Caron Caron 2001 Parfum,2001,https://www.parfumo.com/Perfumes/Caron/Pour_Une_Femme_de_Caron_2001_Parfum
35214,Caron,Pour Une Femme de Caron (Eau de Parfum),2001,https://www.fragrantica.com/perfume/Caron/Pour-Une-Femme-de-Caron-5592.html
35215,Caron,Pour Une Femme (Eau de Parfum),2018,https://www.fragrantica.com/perfume/Caron/Pour-Une-Femme-49067.html
35216,Caron,Radiant,,https://www.parfumo.com/Perfumes/Caron/Radiant
35217,Caron,Rose,2018,https://www.fragrantica.com/perfume/Caron/Rose-49068.html
35218,Caron,Rose Croquante,2022,https://www.fragrantica.com/perfume/Caron/Rose-Croquante-74084.html
35219,Caron,Rose (Eau de Parfum),1949,https://www.fragrantica.com/perfume/Caron/Rose-7432.html
35220,Caron,Rose Ebène,2019,https://www.fragrantica.com/perfume/Caron/Rose-Ebene-58618.html
35221,Caron,Rose Ebène (2021),2021,https://www.fragrantica.com/perfume/Caron/Rose-Ebene-2021-68133.html
35222,Caron,Rose Ébène de,2019,https://www.parfumo.com/Perfumes/Caron/rose-ebene-de-caron
35223,Caron,Rose Ivoire,2019,https://www.fragrantica.com/perfume/Caron/Rose-Ivoire-58617.html
35224,Caron,Rose Ivoire de,2019,https://www.parfumo.com/Perfumes/Caron/rose-ivoire-de-caron
35225,Caron,Rose Ivoire de Caron (2021),2021,https://www.fragrantica.com/perfume/Caron/Rose-Ivoire-de-Caron-2021-68005.html
35226,Caron,Rose Parfum,1949,https://www.fragrantica.com/perfume/Caron/Rose-Parfum-35368.html
35227,Caron,Royal Emilia,,https://www.parfumo.com/Perfumes/Caron/Royal_Emilia
35228,Caron,Santal Précieux,2020,https://www.fragrantica.com/perfume/Caron/Santal-Precieux-64108.html
35229,Caron,Santal Précieux (2021),2021,https://www.fragrantica.com/perfume/Caron/Santal-Precieux-2021-68139.html
35230,Caron,Secret Oud (Eau de Parfum),2018,https://www.fragrantica.com/perfume/Caron/Secret-Oud-49069.html
35231,Caron,Secret Oud (Parfum),2011,https://www.fragrantica.com/perfume/Caron/Secret-Oud-12955.html
35232,Caron,Tabac Blanc,2022,https://www.fragrantica.com/perfume/Caron/Tabac-Blanc-75945.html
35233,Caron,Tabac Blond Caron 1960 Eau de Toilette,1960,https://www.parfumo.com/Perfumes/Caron/tabac-blond-eau-de-toilette
35234,Caron,Tabac Blond Caron Eau de Cologne,,https://www.parfumo.com/Perfumes/Caron/tabac-blond-eau-de-cologne
35235,Caron,Tabac Blond (Eau de Parfum),1919,https://www.fragrantica.com/perfume/Caron/Tabac-Blond-29.html
35236,Caron,Tabac Blond Parfum,1919,https://www.fragrantica.com/perfume/Caron/Tabac-Blond-Parfum-35369.html
35237,Caron,Tabac Exquis,2020,https://www.fragrantica.com/perfume/Caron/Tabac-Exquis-64107.html
35238,Caron,Tabac Exquis (2021),2021,https://www.fragrantica.com/perfume/Caron/Tabac-Exquis-2021-68145.html
35239,Caron,Tabac Noir,2019,https://www.fragrantica.com/perfume/Caron/Tabac-Noir-64207.html
35240,Caron,Tabac Noir (2021),2021,https://www.fragrantica.com/perfume/Caron/Tabac-Noir-2021-68134.html
35241,Caron,Tubereuse (Eau de Parfum),2003,https://www.fragrantica.com/perfume/Caron/Tubereuse-7433.html
35242,Caron,Tubéreuse Merveilleuse,2019,https://www.fragrantica.com/perfume/Caron/Tubereuse-Merveilleuse-58615.html
35243,Caron,Tubéreuse Merveilleuse (2021),2021,https://www.fragrantica.com/perfume/Caron/Tubereuse-Merveilleuse-2021-68004.html
35244,Caron,Tubéreuse (Parfum),2018,https://www.fragrantica.com/perfume/Caron/Tubereuse-49070.html
35245,Caron,Vœu de Noël,1939,https://www.parfumo.com/Perfumes/Caron/Vu_de_Noel
35246,Caron,Vétiver Infini,2020,https://www.fragrantica.com/perfume/Caron/Vetiver-Infini-64109.html
35247,Caron,Vétiver Infini (2021),2021,https://www.fragrantica.com/perfume/Caron/Vetiver-Infini-2021-68003.html
35248,Caron,Violette Précieuse (Eau de Parfum),2018,https://www.fragrantica.com/perfume/Caron/Violette-Precieuse-49071.html
35249,Caron,Violette Precieuse (Parfum),1913,https://www.fragrantica.com/perfume/Caron/Violette-Precieuse-9073.html
35250,Caron,With Pleasure,1949,https://www.parfumo.com/Perfumes/Caron/With_Pleasure
35251,Caron,Yatagan Caron 1976 Lotion Après-Rasage,1976,https://www.parfumo.com/Perfumes/Caron/Yatagan_Lotion_Apres_Rasage
35252,Caron,Yatagan (Eau de Toilette),1978,https://www.fragrantica.com/perfume/Caron/Yatagan-4024.html
35253,Caron,Yuzu Man,2011,https://www.fragrantica.com/perfume/Caron/Yuzu-Man-11785.html
35254,Carpenter,Abuse of Power (Alexandria),2026,https://www.fragrantica.com/perfume/Carpenter/Abuse-of-Power-Alexandria-129445.html
35255,Carpenter,Clementine Carpenter,2025,https://www.fragrantica.com/perfume/Carpenter/Clementine-Carpenter-121515.html
35256,Carpenter,Coast Escape,2025,https://www.fragrantica.com/perfume/Carpenter/Coast-Escape-121516.html
35257,Carpenter,Habaq,2026,https://www.fragrantica.com/perfume/Carpenter/Habaq-137921.html
35258,Carpenter,Hubris (Carthage),2026,https://www.fragrantica.com/perfume/Carpenter/Hubris-Carthage-129442.html
35259,Carpenter,Kremlin,2025,https://www.fragrantica.com/perfume/Carpenter/Kremlin-121517.html
35260,Carpenter,Paranoia (Beirut),2026,https://www.fragrantica.com/perfume/Carpenter/Paranoia-Beirut-129444.html
35261,Carpenter,Santorini,2025,https://www.fragrantica.com/perfume/Carpenter/Santorini-114821.html
35262,Carpentieri Profumi,Acqua di Tropea Pour Femme,,https://www.fragrantica.com/perfume/Carpentieri-Profumi/Acqua-di-Tropea-Pour-Femme-117576.html
35263,Carpentieri Profumi,Acqua di Tropea Pour Homme,,https://www.fragrantica.com/perfume/Carpentieri-Profumi/Acqua-di-Tropea-Pour-Homme-117575.html
35264,Carpentieri Profumi,Acqua di Tropea Unisex,,https://www.fragrantica.com/perfume/Carpentieri-Profumi/Acqua-di-Tropea-Unisex-117577.html
35265,Carpentieri Profumi,Bergamotto Acqua di Colonia,2000,https://www.fragrantica.com/perfume/Carpentieri-Profumi/Bergamotto-Acqua-di-Colonia-84553.html
35266,Carpentieri Profumi,Calabrese Uomo,2000,https://www.fragrantica.com/perfume/Carpentieri-Profumi/Calabrese-Uomo-84551.html
35267,Carpentieri Profumi,Calabresella Acqua di Colonia,,https://www.fragrantica.com/perfume/Carpentieri-Profumi/Calabresella-Acqua-di-Colonia-117573.html
35268,Carpentieri Profumi,Calabresella Colonia Essenziale,,https://www.fragrantica.com/perfume/Carpentieri-Profumi/Calabresella-Colonia-Essenziale-117574.html
35269,Carpentieri Profumi,Cedro del Mediterraneo,2000,https://www.fragrantica.com/perfume/Carpentieri-Profumi/Cedro-del-Mediterraneo-84549.html
35270,Carpentieri Profumi,Fico Parfum,,https://www.fragrantica.com/perfume/Carpentieri-Profumi/Fico-Parfum-117572.html
35271,Carpentieri Profumi,Fior d'Ulivo,2000,https://www.fragrantica.com/perfume/Carpentieri-Profumi/Fior-d-Ulivo-84548.html
35272,Carpentieri Profumi,Fior di Mandorlo,,https://www.fragrantica.com/perfume/Carpentieri-Profumi/Fior-di-Mandorlo-131929.html
35273,Carpentieri Profumi,Gelsomino,,https://www.fragrantica.com/perfume/Carpentieri-Profumi/Gelsomino-76869.html
35274,Carpentieri Profumi,Ginestra,,https://www.fragrantica.com/perfume/Carpentieri-Profumi/Ginestra-84552.html
35275,Carpentieri Profumi,Lavanda Parfum,,https://www.fragrantica.com/perfume/Carpentieri-Profumi/Lavanda-Parfum-117571.html
35276,Carpentieri Profumi,Limone,2000,https://www.fragrantica.com/perfume/Carpentieri-Profumi/Limone-84747.html
35277,Carpentieri Profumi,Liquirizia Parfum,,https://www.fragrantica.com/perfume/Carpentieri-Profumi/Liquirizia-Parfum-117570.html
35278,Carpentieri Profumi,Mediterraneo,2000,https://www.fragrantica.com/perfume/Carpentieri-Profumi/Mediterraneo-84550.html
35279,Carpentieri Profumi,Melograno,2000,https://www.fragrantica.com/perfume/Carpentieri-Profumi/Melograno-84748.html
35280,Carpentieri Profumi,Muschio Bianco,2000,https://www.fragrantica.com/perfume/Carpentieri-Profumi/Muschio-Bianco-84749.html
35281,Carpentieri Profumi,Vaniglia,2000,https://www.fragrantica.com/perfume/Carpentieri-Profumi/Vaniglia-84746.html
35282,Carpentieri Profumi,Violetta del Mediterraneo,,https://www.fragrantica.com/perfume/Carpentieri-Profumi/Violetta-del-Mediterraneo-91799.html
35283,Carpentieri Profumi,Zagara Colonia ai Fiori d'Arancio,,https://www.fragrantica.com/perfume/Carpentieri-Profumi/Zagara-Colonia-ai-Fiori-d-Arancio-117569.html
35284,Carrement Belle,555,,https://www.fragrantica.com/perfume/Carrement-Belle/555-33583.html
35285,Carrement Belle,Agité,,https://www.fragrantica.com/perfume/Carrement-Belle/Agite-33584.html
35286,Carrement Belle,Alfred Kafé,,https://www.fragrantica.com/perfume/Carrement-Belle/Alfred-Kafe-33579.html
35287,Carrement Belle,Alõ,2018,https://www.fragrantica.com/perfume/Carrement-Belle/Alo-82144.html
35288,Carrement Belle,Enkor,,https://www.fragrantica.com/perfume/Carrement-Belle/Enkor-33585.html
35289,Carrement Belle,Iode,,https://www.fragrantica.com/perfume/Carrement-Belle/Iode-33577.html
35290,Carrement Belle,Iode Pure Perfume (Extrait de Parfum),,https://www.fragrantica.com/perfume/Carrement-Belle/Iode-Pure-Perfume-33590.html
35291,Carrement Belle,Ippi Patchouli,,https://www.fragrantica.com/perfume/Carrement-Belle/Ippi-Patchouli-33582.html
35292,Carrement Belle,Ippi Patchouli Pure Perfume (Extrait de Parfum),,https://www.fragrantica.com/perfume/Carrement-Belle/Ippi-Patchouli-Pure-Perfume-33588.html
35293,Carrement Belle,Kilim,,https://www.fragrantica.com/perfume/Carrement-Belle/Kilim-33581.html
35294,Carrement Belle,Kilim Pure Perfume (Extrait de Parfum),,https://www.fragrantica.com/perfume/Carrement-Belle/Kilim-Pure-Perfume-33591.html
35295,Carrement Belle,Label Rose,,https://www.fragrantica.com/perfume/Carrement-Belle/Label-Rose-33575.html
35296,Carrement Belle,Musc Original,,https://www.fragrantica.com/perfume/Carrement-Belle/Musc-Original-33587.html
35297,Carrement Belle,Musk,,https://www.fragrantica.com/perfume/Carrement-Belle/Musk-33578.html
35298,Carrement Belle,So,,https://www.fragrantica.com/perfume/Carrement-Belle/So-33580.html
35299,Carrement Belle,So Pure Perfume (Extrait de Parfum),,https://www.fragrantica.com/perfume/Carrement-Belle/So-Pure-Perfume-33589.html
35300,Carrement Belle,Vanille,,https://www.fragrantica.com/perfume/Carrement-Belle/Vanille-33576.html
35301,Carrera,Carrera Emotion,,https://www.fragrantica.com/perfume/Carrera/Carrera-Emotion-285.html
35302,Carrera,Carrera Emotion Pour Femme,2002,https://www.fragrantica.com/perfume/Carrera/Carrera-Emotion-Pour-Femme-19347.html
35303,Carrera,Carrera Femme,1988,https://www.fragrantica.com/perfume/Carrera/Carrera-Femme-40182.html
35304,Carrera,Carrera Master,2005,https://www.fragrantica.com/perfume/Carrera/Carrera-Master-19345.html
35305,Carrera,Carrera (original),1988,https://www.fragrantica.com/perfume/Carrera/Carrera-original-19348.html
35306,Carrera Jeans Parfums,Carrera Jeans 700 Original Uomo,2016,https://www.fragrantica.com/perfume/Carrera-Jeans-Parfums/Carrera-Jeans-700-Original-Uomo-38377.html
35307,Carrera Jeans Parfums,Carrera Jeans 707 Camouflage Uomo,2019,https://www.fragrantica.com/perfume/Carrera-Jeans-Parfums/Carrera-Jeans-707-Camouflage-Uomo-54314.html
35308,Carrera Jeans Parfums,Carrera Jeans 767 Camouflage Donna,2019,https://www.fragrantica.com/perfume/Carrera-Jeans-Parfums/Carrera-Jeans-767-Camouflage-Donna-54313.html
35309,Carrera Jeans Parfums,Carrera Jeans 770 Original Donna,2016,https://www.fragrantica.com/perfume/Carrera-Jeans-Parfums/Carrera-Jeans-770-Original-Donna-38378.html
35310,Carrera Jeans Parfums,Carrera Jeans Original Black Uomo,,https://www.fragrantica.com/perfume/Carrera-Jeans-Parfums/Carrera-Jeans-Original-Black-Uomo-82399.html
35311,Carrera Jeans Parfums,Carrera Jeans Original White Donna,,https://www.fragrantica.com/perfume/Carrera-Jeans-Parfums/Carrera-Jeans-Original-White-Donna-82400.html
35312,Carroten,Coconut Dreams,2020,https://www.fragrantica.com/perfume/Carroten/Coconut-Dreams-73944.html
35313,Carta,Immortelle 43 | 17,2020,https://www.fragrantica.com/perfume/Carta/Immortelle-43-17-64177.html
35314,Carta,Moena 12 | 69,2017,https://www.fragrantica.com/perfume/Carta/Moena-12-69-47843.html
35315,Carthusia,1681,2010,https://www.fragrantica.com/perfume/Carthusia/1681-11494.html
35316,Carthusia,A'mmare,2021,https://www.fragrantica.com/perfume/Carthusia/A-mmare-67862.html
35317,Carthusia,Acqua di Carthusia Aloe,2014,https://www.fragrantica.com/perfume/Carthusia/Acqua-di-Carthusia-Aloe-22069.html
35318,Carthusia,Acqua di Carthusia - Aloe Vera,2013,https://www.parfumo.com/Perfumes/Carthusia/Acqua_di_Carthusia__Aloe_Vera
35319,Carthusia,Acqua di Carthusia Bergamoto,2014,https://www.fragrantica.com/perfume/Carthusia/Acqua-di-Carthusia-Bergamoto-22070.html
35320,Carthusia,Acqua di Carthusia - Bergamotto,2013,https://www.parfumo.com/Perfumes/Carthusia/acqua-di-carthusia-bergamotto
35321,Carthusia,Acqua di Carthusia Geranio,2014,https://www.fragrantica.com/perfume/Carthusia/Acqua-di-Carthusia-Geranio-22071.html
35322,Carthusia,Acqua di Carthusia Zagara,2014,https://www.fragrantica.com/perfume/Carthusia/Acqua-di-Carthusia-Zagara-22072.html
35323,Carthusia,Aloe Vera,,https://huggingface.co/datasets/doevent/perfume
35324,Carthusia,Aria di Capri Carthusia 2003 Eau de Toilette,2003,https://www.parfumo.com/Perfumes/Carthusia/Aria_di_Capri
35325,Carthusia,Aria di Capri Carthusia Profumo,,https://www.parfumo.com/Perfumes/Carthusia/Aria_di_Capri_Profumo
35326,Carthusia,Aria di Capri Carthusia Profumo Solido,,https://www.parfumo.com/Perfumes/Carthusia/Aria_di_Capri_Profumo_Solido
35327,Carthusia,Aria di Capri (Eau de Parfum),2003,https://www.fragrantica.com/perfume/Carthusia/Aria-di-Capri-4017.html
35328,Carthusia,Aria di Capri Profumo,2003,https://www.fragrantica.com/perfume/Carthusia/Aria-di-Capri-Profumo-123317.html
35329,Carthusia,Bergamotto,,https://huggingface.co/datasets/doevent/perfume
35330,Carthusia,Capri Forget Me Not Carthusia 2012 Profumo,2012,https://www.parfumo.com/Perfumes/Carthusia/Capri_Forget_Me_Not_Profumo
35331,Carthusia,Capri Forget Me Not (Eau de Parfum),2012,https://www.fragrantica.com/perfume/Carthusia/Capri-Forget-Me-Not-16238.html
35332,Carthusia,Capri Forget Me Not San Valentino Limited Edition,,https://www.parfumo.com/Perfumes/Carthusia/capri-forget-me-not-san-valentino-limited-edition
35333,Carthusia,Caprissimo Carthusia Profumo,,https://www.parfumo.com/Perfumes/Carthusia/Caprissimo_Profumo
35334,Carthusia,Caprissimo (Eau de Toilette),2009,https://www.fragrantica.com/perfume/Carthusia/Caprissimo-6892.html
35335,Carthusia,Caprissimo Profumo,2009,https://www.fragrantica.com/perfume/Carthusia/Caprissimo-Profumo-123314.html
35336,Carthusia,Carthusia,2010,https://www.parfumo.com/Perfumes/Carthusia/1681
35337,Carthusia,Carthusia Lady Carthusia Profumo,,https://www.parfumo.com/Perfumes/Carthusia/Carthusia_Lady_Profumo
35338,Carthusia,Carthusia Lady (Eau de Parfum),2011,https://www.fragrantica.com/perfume/Carthusia/Carthusia-Lady-12145.html
35339,Carthusia,Carthusia Lady Edela Limited Edition,,https://www.parfumo.com/Perfumes/Carthusia/carthusia-lady-edela-limited-edition
35340,Carthusia,Carthusia Lady Profumo,2011,https://www.fragrantica.com/perfume/Carthusia/Carthusia-Lady-Profumo-123318.html
35341,Carthusia,Carthusia Uomo (Eau de Parfum),2004,https://www.fragrantica.com/perfume/Carthusia/Carthusia-Uomo-4018.html
35342,Carthusia,Corallium Carthusia Profumo,,https://www.parfumo.com/Perfumes/Carthusia/Corallium_Profumo
35343,Carthusia,Corallium Carthusia Profumo Solido,,https://www.parfumo.com/Perfumes/Carthusia/Corallium_Profumo_Solido
35344,Carthusia,Corallium (Eau de Parfum),2010,https://www.fragrantica.com/perfume/Carthusia/Corallium-11495.html
35345,Carthusia,Essence of the Park (Eau de Parfum),2015,https://www.fragrantica.com/perfume/Carthusia/Essence-of-the-Park-30193.html
35346,Carthusia,Essence Of The Park Profumo,,https://huggingface.co/datasets/doevent/perfume
35347,Carthusia,Essence of the Park The Essence of Central Park Carthusia 2015 Profumo,2015,https://www.parfumo.com/Perfumes/Carthusia/Essence_of_the_Park_The_Essence_of_Central_Park_Profumo
35348,Carthusia,Fiori di Capri Carthusia 2018 Eau de Parfum,2018,https://www.parfumo.com/Perfumes/Carthusia/Fiori_di_Capri_Eau_de_Parfum
35349,Carthusia,Fiori di Capri Carthusia Profumo,,https://www.parfumo.com/Perfumes/Carthusia/Fiori_di_Capri_Profumo
35350,Carthusia,Fiori di Capri Carthusia Profumo Solido,,https://www.parfumo.com/Perfumes/Carthusia/Fiori_di_Capri_Profumo_Solido
35351,Carthusia,Fiori di Capri (Eau de Toilette),1948,https://www.fragrantica.com/perfume/Carthusia/Fiori-di-Capri-4025.html
35352,Carthusia,Fiori di Capri Parfum,,https://www.fragrantica.com/perfume/Carthusia/Fiori-di-Capri-Parfum-71944.html
35353,Carthusia,Gelsomini,2009,https://www.parfumo.com/Perfumes/Carthusia/Gelsomini
35354,Carthusia,Gelsomini di Capri 2017,2017,https://www.fragrantica.com/perfume/Carthusia/Gelsomini-di-Capri-2017-46668.html
35355,Carthusia,Gelsomini di Capri Carthusia 2017 Profumo,2017,https://www.parfumo.com/Perfumes/Carthusia/Gelsomini_di_Capri_Profumo
35356,Carthusia,Gelsomini di Capri (Eau de Parfum),2009,https://www.fragrantica.com/perfume/Carthusia/Gelsomini-di-Capri-7466.html
35357,Carthusia,Gelsomino Di Capri Profumo,,https://huggingface.co/datasets/doevent/perfume
35358,Carthusia,Geranio,,https://huggingface.co/datasets/doevent/perfume
35359,Carthusia,Intenso di Basilico,2025,https://www.fragrantica.com/perfume/Carthusia/Intenso-di-Basilico-103106.html
35360,Carthusia,Intenso di Ginestra,2025,https://www.fragrantica.com/perfume/Carthusia/Intenso-di-Ginestra-103107.html
35361,Carthusia,Intenso di Mirto,2025,https://www.fragrantica.com/perfume/Carthusia/Intenso-di-Mirto-103104.html
35362,Carthusia,Intenso di Nero,2026,https://www.fragrantica.com/perfume/Carthusia/Intenso-di-Nero-142778.html
35363,Carthusia,Intenso di Sandalo,2026,https://www.fragrantica.com/perfume/Carthusia/Intenso-di-Sandalo-134680.html
35364,Carthusia,Io Capri Carthusia 2000 Eau de Toilette,2000,https://www.parfumo.com/Perfumes/Carthusia/Io_Capri_Eau_de_Toilette
35365,Carthusia,Io Capri Carthusia 2000 Profumo,2000,https://www.parfumo.com/Perfumes/Carthusia/Io_Capri_Profumo
35366,Carthusia,Io Capri (Eau de Parfum),2000,https://www.fragrantica.com/perfume/Carthusia/Io-Capri-4026.html
35367,Carthusia,Io Capri Profumo,2000,https://www.fragrantica.com/perfume/Carthusia/Io-Capri-Profumo-123316.html
35368,Carthusia,Ligea Carthusia Profumo Solido,,https://www.parfumo.com/Perfumes/Carthusia/Ligea_Profumo_Solido
35369,Carthusia,Ligea La Sirena Carthusia 2018 Eau de Parfum,2018,https://www.parfumo.com/Perfumes/Carthusia/Ligea_La_Sirena_Eau_de_Parfum
35370,Carthusia,Ligea La Sirena Carthusia Eau de Toilette,,https://www.parfumo.com/Perfumes/Carthusia/Ligea
35371,Carthusia,Ligea La Sirena Carthusia Profumo,,https://www.parfumo.com/Perfumes/Carthusia/Ligea_La_Sirena_Profumo
35372,Carthusia,Ligea (Ligea la Sirena) (Eau de Toilette),2000,https://www.fragrantica.com/perfume/Carthusia/Ligea-Ligea-la-Sirena-6362.html
35373,Carthusia,Mediterraneo Carthusia 2003 Eau de Toilette,2003,https://www.parfumo.com/Perfumes/Carthusia/Mediterraneo
35374,Carthusia,Mediterraneo Carthusia Profumo,,https://www.parfumo.com/Perfumes/Carthusia/Mediterraneo_Profumo
35375,Carthusia,Mediterraneo Carthusia Profumo Solido,,https://www.parfumo.com/Perfumes/Carthusia/Mediterraneo_Profumo_Solido
35376,Carthusia,Mediterraneo (Eau de Parfum),2003,https://www.fragrantica.com/perfume/Carthusia/Mediterraneo-4027.html
35377,Carthusia,Mediterraneo Parfum,1990,https://www.fragrantica.com/perfume/Carthusia/Mediterraneo-Parfum-71943.html
35378,Carthusia,Numero Uno,2007,https://www.fragrantica.com/perfume/Carthusia/Numero-Uno-4028.html
35379,Carthusia,Prima,,https://huggingface.co/datasets/doevent/perfume
35380,Carthusia,Prima del Teatro di San Carlo,2013,https://www.fragrantica.com/perfume/Carthusia/Prima-del-Teatro-di-San-Carlo-17791.html
35381,Carthusia,Terra Mia Carthusia 2017 Profumo,2017,https://www.parfumo.com/Perfumes/Carthusia/Terra_Mia_Profumo
35382,Carthusia,Terra Mia (Eau de Parfum),2017,https://www.fragrantica.com/perfume/Carthusia/Terra-Mia-46640.html
35383,Carthusia,Terra Mia Profumo,2017,https://www.fragrantica.com/perfume/Carthusia/Terra-Mia-Profumo-123913.html
35384,Carthusia,Tuberosa Carthusia 2019 Profumo,2019,https://www.parfumo.com/Perfumes/Carthusia/Tuberosa_Profumo
35385,Carthusia,Tuberosa (Eau de Parfum),2019,https://www.fragrantica.com/perfume/Carthusia/Tuberosa-54831.html
35386,Carthusia,Via Camerelle Carthusia 2018 Eau de Parfum,2018,https://www.parfumo.com/Perfumes/Carthusia/Via_Camerelle_Eau_de_Parfum
35387,Carthusia,Via Camerelle Carthusia Profumo,,https://www.parfumo.com/Perfumes/Carthusia/Via_Camerelle_Profumo
35388,Carthusia,Via Camerelle Carthusia Profumo Solido,,https://www.parfumo.com/Perfumes/Carthusia/Via_Camerelle_Profumo_Solido
35389,Carthusia,Via Camerelle (Eau de Toilette),2006,https://www.fragrantica.com/perfume/Carthusia/Via-Camerelle-4029.html
35390,Carthusia,Via Camerelle Profumo,,https://www.fragrantica.com/perfume/Carthusia/Via-Camerelle-Profumo-64208.html
35391,Carthusia,Zagara Carthusia,,https://huggingface.co/datasets/doevent/perfume
35392,Cartier,Allégresse,,https://www.fragrantica.com/perfume/Cartier/Allegresse-66984.html
35393,Cartier,Baiser Fou,2017,https://www.fragrantica.com/perfume/Cartier/Baiser-Fou-42431.html
35394,Cartier,Baiser Volé Cartier 2013 Essence de Parfum,2013,https://www.parfumo.com/Perfumes/Cartier/Baiser_Vole_Essence_de_Parfum
35395,Cartier,Baiser Volé Cartier 2015 Eau de Parfum Fraîche,2015,https://www.parfumo.com/Perfumes/Cartier/Baiser_Vole_Eau_de_Parfum_Fraiche
35396,Cartier,Baiser Vole (Eau de Parfum),2011,https://www.fragrantica.com/perfume/Cartier/Baiser-Vole-12878.html
35397,Cartier,Baiser Vole Eau de Parfum Collector Edition,2021,https://www.fragrantica.com/perfume/Cartier/Baiser-Vole-Eau-de-Parfum-Collector-Edition-69877.html
35398,Cartier,Baiser Volé Eau de Parfum Fraîche,2015,https://www.fragrantica.com/perfume/Cartier/Baiser-Vole-Eau-de-Parfum-Fraiche-32896.html
35399,Cartier,Baiser Vole Eau de Toilette,2012,https://www.fragrantica.com/perfume/Cartier/Baiser-Vole-Eau-de-Toilette-15902.html
35400,Cartier,Baiser Vole Essence de Parfum,2013,https://www.fragrantica.com/perfume/Cartier/Baiser-Vole-Essence-de-Parfum-20815.html
35401,Cartier,Baiser Vole Extrait de Parfum,2012,https://www.fragrantica.com/perfume/Cartier/Baiser-Vole-Extrait-de-Parfum-15901.html
35402,Cartier,Baiser Vole Lys Rose,2014,https://www.fragrantica.com/perfume/Cartier/Baiser-Vole-Lys-Rose-25531.html
35403,Cartier,Baiser Volé Parfum,2022,https://www.fragrantica.com/perfume/Cartier/Baiser-Vole-Parfum-74530.html
35404,Cartier,Baiser Volé Shimmering Eau de Parfum Spray,2012,https://www.fragrantica.com/perfume/Cartier/Baiser-Vole-Shimmering-Eau-de-Parfum-Spray-15938.html
35405,Cartier,Carat Cartier Brume Parfumée (Body Mist),,https://www.parfumo.com/Perfumes/Cartier/carat-brume-parfumee
35406,Cartier,Carat (Eau de Parfum),2018,https://www.fragrantica.com/perfume/Cartier/Carat-50748.html
35407,Cartier,Carat Sparkling,2022,https://www.fragrantica.com/perfume/Cartier/Carat-Sparkling-75663.html
35408,Cartier,Cartier Carat Eau De Parfum Roller Ball,,https://huggingface.co/datasets/doevent/perfume
35409,Cartier,Cartier De Lune,2011,https://www.fragrantica.com/perfume/Cartier/Cartier-De-Lune-11165.html
35410,Cartier,Déclaration Bois Bleu,2001,https://www.fragrantica.com/perfume/Cartier/Declaration-Bois-Bleu-1120.html
35411,Cartier,Déclaration Cartier 1998 Lotion Après-Rasage,1998,https://www.parfumo.com/Perfumes/Cartier/Declaration_Lotion_Apres_Rasage
35412,Cartier,Déclaration Cartier Body Spray,,https://www.parfumo.com/Perfumes/Cartier/declaration-body-spray
35413,Cartier,Declaration Cologne (Eau de Cologne),2010,https://www.fragrantica.com/perfume/Cartier/Declaration-Cologne-13271.html
35414,Cartier,Declaration d'Amour,2013,https://www.fragrantica.com/perfume/Cartier/Declaration-d-Amour-38635.html
35415,Cartier,Declaration d'Un Soir,2012,https://www.fragrantica.com/perfume/Cartier/Declaration-d-Un-Soir-15462.html
35416,Cartier,Declaration d'Un Soir Intense,2014,https://www.fragrantica.com/perfume/Cartier/Declaration-d-Un-Soir-Intense-28110.html
35417,Cartier,Déclaration Eau de Parfum,2024,https://www.fragrantica.com/perfume/Cartier/Declaration-Eau-de-Parfum-101278.html
35418,Cartier,Declaration (Eau de Toilette),1998,https://www.fragrantica.com/perfume/Cartier/Declaration-307.html
35419,Cartier,Déclaration Edition Limitée,2008,https://www.fragrantica.com/perfume/Cartier/Declaration-Edition-Limitee-3231.html
35420,Cartier,Déclaration Edition Prestige,,https://www.parfumo.com/Perfumes/Cartier/Declaration_Edition_Prestige
35421,Cartier,Declaration Essence,2001,https://www.fragrantica.com/perfume/Cartier/Declaration-Essence-1121.html
35422,Cartier,Déclaration Essence Clip Voyage,,https://www.parfumo.com/Perfumes/Cartier/Declaration_Essence_Clip_Voyage
35423,Cartier,Déclaration Essence Édition Limitée,,https://www.parfumo.com/Perfumes/Cartier/Declaration_Essence_Edition_Limitee
35424,Cartier,Declaration Essence Limited Edition,2008,https://www.fragrantica.com/perfume/Cartier/Declaration-Essence-Limited-Edition-3232.html
35425,Cartier,Declaration Fraiche (Eau de Toilette),2016,https://www.fragrantica.com/perfume/Cartier/Declaration-Fraiche-38678.html
35426,Cartier,Déclaration Haute Fraîcheur,2021,https://www.fragrantica.com/perfume/Cartier/Declaration-Haute-Fraicheur-71441.html
35427,Cartier,Declaration L'Eau,2014,https://www.fragrantica.com/perfume/Cartier/Declaration-L-Eau-24711.html
35428,Cartier,Déclaration Parfum,2018,https://www.fragrantica.com/perfume/Cartier/Declaration-Parfum-48518.html
35429,Cartier,Delices,2006,https://www.fragrantica.com/perfume/Cartier/Delices-308.html
35430,Cartier,Délices de Cartier Cartier 2006 Eau de Toilette,2006,https://www.parfumo.com/Perfumes/Cartier/Delices_de_Cartier
35431,Cartier,Délices de Cartier Cartier 2006 Parfum,2006,https://www.parfumo.com/Perfumes/Cartier/Delices_de_Cartier_Parfum
35432,Cartier,Délices de Cartier Cartier Parfum Solide,,https://www.parfumo.com/Perfumes/Cartier/Delices_de_Cartier_Parfum_Solide
35433,Cartier,Delices De Cartier Eau de Parfum,2008,https://www.fragrantica.com/perfume/Cartier/Delices-De-Cartier-Eau-de-Parfum-3233.html
35434,Cartier,Delices de Cartier Eau Fruitee,2007,https://www.fragrantica.com/perfume/Cartier/Delices-de-Cartier-Eau-Fruitee-781.html
35435,Cartier,Delices de Cartier Edition Limitee 2010,2010,https://www.fragrantica.com/perfume/Cartier/Delices-de-Cartier-Edition-Limitee-2010-10966.html
35436,Cartier,Eau de Cartier Cartier 2001 Eau de Toilette,2001,https://www.parfumo.com/Perfumes/Cartier/Eau_de_Cartier
35437,Cartier,Eau de Cartier Cartier 2016 Eau de Parfum,2016,https://www.parfumo.com/Perfumes/Cartier/Eau_de_Cartier_Eau_de_Parfum
35438,Cartier,Eau de Cartier Concentree,2002,https://www.fragrantica.com/perfume/Cartier/Eau-de-Cartier-Concentree-2442.html
35439,Cartier,Eau de Cartier Concentree Edition Limitee,,https://www.fragrantica.com/perfume/Cartier/Eau-de-Cartier-Concentree-Edition-Limitee-2443.html
35440,Cartier,Eau de Cartier Concentree Edition Limitee 2007,2007,https://www.fragrantica.com/perfume/Cartier/Eau-de-Cartier-Concentree-Edition-Limitee-2007-2818.html
35441,Cartier,Eau de Cartier Eau de Parfum,2016,https://www.fragrantica.com/perfume/Cartier/Eau-de-Cartier-Eau-de-Parfum-33646.html
35442,Cartier,Eau de Cartier (Eau de Toilette),2001,https://www.fragrantica.com/perfume/Cartier/Eau-de-Cartier-309.html
35443,Cartier,Eau de Cartier Edition Limitee,2011,https://www.fragrantica.com/perfume/Cartier/Eau-de-Cartier-Edition-Limitee-46078.html
35444,Cartier,Eau de Cartier Essence d'Orange,2010,https://www.fragrantica.com/perfume/Cartier/Eau-de-Cartier-Essence-d-Orange-8157.html
35445,Cartier,Eau de Cartier Essence d'Orange Édition Limitée,,https://www.parfumo.com/Perfumes/Cartier/eau-de-cartier-essence-d-orange-edition-limitee
35446,Cartier,Eau de Cartier Essence d'Orange Limited Edition 2011,2011,https://www.fragrantica.com/perfume/Cartier/Eau-de-Cartier-Essence-d-Orange-Limited-Edition-2011-12954.html
35447,Cartier,Eau de Cartier Essence de Bois,2012,https://www.fragrantica.com/perfume/Cartier/Eau-de-Cartier-Essence-de-Bois-14641.html
35448,Cartier,Eau de Cartier Essence de Paradis,2016,https://www.fragrantica.com/perfume/Cartier/Eau-de-Cartier-Essence-de-Paradis-35813.html
35449,Cartier,Eau de Cartier Goutte de Rose,2013,https://www.fragrantica.com/perfume/Cartier/Eau-de-Cartier-Goutte-de-Rose-17323.html
35450,Cartier,Eau de Cartier Relaxante,2004,https://www.parfumo.com/Perfumes/Cartier/Eau_de_Cartier_Relaxante
35451,Cartier,Eau de Cartier Vetiver Bleu,2015,https://www.fragrantica.com/perfume/Cartier/Eau-de-Cartier-Vetiver-Bleu-29563.html
35452,Cartier,Eau de Cartier Zeste de Soleil,2013,https://www.fragrantica.com/perfume/Cartier/Eau-de-Cartier-Zeste-de-Soleil-22216.html
35453,Cartier,I: L'Heure Promise,2009,https://www.parfumo.com/Perfumes/Cartier/i-l-heure-promise
35454,Cartier,II: L'Heure Convoitée,2011,https://www.parfumo.com/Perfumes/Cartier/ii-l-heure-convoitee
35455,Cartier,Insouciance,2021,https://www.fragrantica.com/perfume/Cartier/Insouciance-66985.html
35456,Cartier,IV: L'Heure Fougueuse,2010,https://www.parfumo.com/Perfumes/Cartier/iv-l-heure-fougueuse
35457,Cartier,L'Envol Cartier 2016 Eau de Parfum,2016,https://www.parfumo.com/Perfumes/Cartier/L_Envol_Eau_de_Parfum
35458,Cartier,L'Envol Cartier 2017 Eau de Toilette,2017,https://www.parfumo.com/Perfumes/Cartier/L_Envol_Eau_de_Toilette
35459,Cartier,L'Envol de Cartier Eau de Parfum,2016,https://www.fragrantica.com/perfume/Cartier/L-Envol-de-Cartier-Eau-de-Parfum-39885.html
35460,Cartier,L'Envol de Cartier Eau de Toilette,2017,https://www.fragrantica.com/perfume/Cartier/L-Envol-de-Cartier-Eau-de-Toilette-45954.html
35461,Cartier,L'Envol de Cartier Parfum,2019,https://www.fragrantica.com/perfume/Cartier/L-Envol-de-Cartier-Parfum-102878.html
35462,Cartier,L'Envol Édition Limitée,,https://www.parfumo.com/Perfumes/Cartier/l-envol-edition-limitee
35463,Cartier,L'Envol Parfum,2019,https://www.parfumo.com/Perfumes/Cartier/l-envol-parfum
35464,Cartier,L'Heure Osée,2021,https://www.parfumo.com/Perfumes/Cartier/l-heure-ose-e
35465,Cartier,L'Heure Osee V,2021,https://www.fragrantica.com/perfume/Cartier/L-Heure-Osee-V-65702.html
35466,Cartier,L'Heure Vertueuse III,2012,https://www.fragrantica.com/perfume/Cartier/L-Heure-Vertueuse-III-17158.html
35467,Cartier,La Panthère Cartier 2014 Eau de Parfum,2014,https://www.parfumo.com/Perfumes/Cartier/La_Panthere_Eau_de_Parfum
35468,Cartier,La Panthère Cartier 2015 Eau de Parfum Légère,2015,https://www.parfumo.com/Perfumes/Cartier/La_Panthere_Eau_de_Parfum_Legere
35469,Cartier,La Panthère Cartier 2020 Parfum Solide,2020,https://www.parfumo.com/Perfumes/Cartier/la-panthere-parfum-solide
35470,Cartier,La Panthère Celeste Limited Edition,,https://www.parfumo.com/Perfumes/Cartier/La_Panthere_Celeste_Limited_Edition
35471,Cartier,La Panthère Eau De Parfum Anniversary Edition 2019,2019,https://huggingface.co/datasets/doevent/perfume
35472,Cartier,La Panthere Eau de Parfum Edition Limitee,2016,https://www.fragrantica.com/perfume/Cartier/La-Panthere-Eau-de-Parfum-Edition-Limitee-38189.html
35473,Cartier,La Panthere Eau de Parfum Edition Limitee 2017,2017,https://www.fragrantica.com/perfume/Cartier/La-Panthere-Eau-de-Parfum-Edition-Limitee-2017-45510.html
35474,Cartier,La Panthere Eau de Parfum Edition Limitee 2019,2019,https://www.fragrantica.com/perfume/Cartier/La-Panthere-Eau-de-Parfum-Edition-Limitee-2019-56982.html
35475,Cartier,La Panthère Eau de Parfum Edition Limitée 2021,2021,https://www.fragrantica.com/perfume/Cartier/La-Panthere-Eau-de-Parfum-Edition-Limitee-2021-69733.html
35476,Cartier,La Panthere Eau de Parfum Legere Edition Limitee,2016,https://www.fragrantica.com/perfume/Cartier/La-Panthere-Eau-de-Parfum-Legere-Edition-Limitee-38190.html
35477,Cartier,La Panthère Eau De Parfum Ltd. Ed. 2019,2019,https://huggingface.co/datasets/doevent/perfume
35478,Cartier,La Panthère Eau De Parfum Ltd. Ed. 2021,2021,https://huggingface.co/datasets/doevent/perfume
35479,Cartier,La Panthere Eau de Toilette,2018,https://www.fragrantica.com/perfume/Cartier/La-Panthere-Eau-de-Toilette-48872.html
35480,Cartier,La Panthère Eau De Toilette Rollerball,,https://huggingface.co/datasets/doevent/perfume
35481,Cartier,La Panthere Edition Soir,2016,https://www.fragrantica.com/perfume/Cartier/La-Panthere-Edition-Soir-40372.html
35482,Cartier,La Panthere Elixir,2024,https://www.fragrantica.com/perfume/Cartier/La-Panthere-Elixir-96872.html
35483,Cartier,La Panthère Etincelante,2017,https://www.fragrantica.com/perfume/Cartier/La-Panthere-Etincelante-46899.html
35484,Cartier,La Panthere Extrait,2014,https://www.fragrantica.com/perfume/Cartier/La-Panthere-Extrait-27563.html
35485,Cartier,La Panthère Extrait Rock Crystal,,https://www.parfumo.com/Perfumes/Cartier/La_Panthere_Extrait_Rock_Crystal
35486,Cartier,La Panthere Legere,2015,https://www.fragrantica.com/perfume/Cartier/La-Panthere-Legere-29360.html
35487,Cartier,La Panthere Noir Absolu,2016,https://www.fragrantica.com/perfume/Cartier/La-Panthere-Noir-Absolu-42155.html
35488,Cartier,La Panthère Parfum,2020,https://www.fragrantica.com/perfume/Cartier/La-Panthere-Parfum-62708.html
35489,Cartier,La Panthere (Perfume Oil),2014,https://www.fragrantica.com/perfume/Cartier/La-Panthere-23295.html
35490,Cartier,La Panthère Solid Perfume,2020,https://www.fragrantica.com/perfume/Cartier/La-Panthere-Solid-Perfume-64118.html
35491,Cartier,La Treizieme Heure XIII,2009,https://www.fragrantica.com/perfume/Cartier/La-Treizieme-Heure-XIII-6771.html
35492,Cartier,Le Baiser du Dragon Cartier 2003 Brume Corps et Cheveux,2003,https://www.parfumo.com/Perfumes/Cartier/le-baiser-du-dragon-brume-corps-et-cheveux
35493,Cartier,Le Baiser du Dragon Cartier 2006 Parfum Solide (Solid Perfume),2006,https://www.parfumo.com/Perfumes/Cartier/Le_Baiser_du_Dragon_Parfum_Solide_Solid_Perfume
35494,Cartier,Le Baiser Du Dragon Cartier Fond de Parfum,,https://www.parfumo.com/Perfumes/Cartier/Le_Baiser_Du_Dragon_Fond_de_Parfum
35495,Cartier,Le Baiser Du Dragon (Eau de Parfum),2003,https://www.fragrantica.com/perfume/Cartier/Le-Baiser-Du-Dragon-310.html
35496,Cartier,Le Baiser Du Dragon Eau de Toilette,2005,https://www.fragrantica.com/perfume/Cartier/Le-Baiser-Du-Dragon-Eau-de-Toilette-48154.html
35497,Cartier,Le Baiser du Dragon Edition Prestige,,https://www.parfumo.com/Perfumes/Cartier/Le_Baiser_du_Dragon_Edition_Prestige
35498,Cartier,Le Baiser Du Dragon Parfum,2003,https://www.fragrantica.com/perfume/Cartier/Le-Baiser-Du-Dragon-Parfum-58961.html
35499,Cartier,Le Voile Parfumé de,,https://www.parfumo.com/Perfumes/Cartier/Le_Voile_Parfume_de_Cartier
35500,Cartier,Les Epures De Parfum Pur Lilas,,https://huggingface.co/datasets/doevent/perfume
35501,Cartier,Les Epures De Parfum Pur Magnolia,,https://huggingface.co/datasets/doevent/perfume
35502,Cartier,Les Epures De Parfum Pure Rose,,https://huggingface.co/datasets/doevent/perfume
35503,Cartier,Les Heures de Cartier: L'Heure Brilliant VI,2009,https://www.fragrantica.com/perfume/Cartier/Les-Heures-de-Cartier-L-Heure-Brilliant-VI-6768.html
35504,Cartier,Les Heures de Cartier: L'Heure Convoiteé II,2011,https://www.fragrantica.com/perfume/Cartier/Les-Heures-de-Cartier-L-Heure-Convoitee-II-14078.html
35505,Cartier,Les Heures de Cartier: L'Heure Defendue VII,2011,https://www.fragrantica.com/perfume/Cartier/Les-Heures-de-Cartier-L-Heure-Defendue-VII-11425.html
35506,Cartier,Les Heures de Cartier: L'Heure Diaphane VIII,2011,https://www.fragrantica.com/perfume/Cartier/Les-Heures-de-Cartier-L-Heure-Diaphane-VIII-11426.html
35507,Cartier,Les Heures de Cartier: L'Heure Folle X,2009,https://www.fragrantica.com/perfume/Cartier/Les-Heures-de-Cartier-L-Heure-Folle-X-6769.html
35508,Cartier,Les Heures de Cartier: L'Heure Fougueuse IV,2011,https://www.fragrantica.com/perfume/Cartier/Les-Heures-de-Cartier-L-Heure-Fougueuse-IV-11424.html
35509,Cartier,Les Heures de Cartier: L'Heure Mysterieuse XII,2009,https://www.fragrantica.com/perfume/Cartier/Les-Heures-de-Cartier-L-Heure-Mysterieuse-XII-6770.html
35510,Cartier,Les Heures de Cartier: L'Heure Perdue XI,2015,https://www.fragrantica.com/perfume/Cartier/Les-Heures-de-Cartier-L-Heure-Perdue-XI-31175.html
35511,Cartier,Les Heures de Cartier: L'Heure Promise I,2009,https://www.fragrantica.com/perfume/Cartier/Les-Heures-de-Cartier-L-Heure-Promise-I-6767.html
35512,Cartier,Les Heures Voyageuses Oud & Santal,,https://huggingface.co/datasets/doevent/perfume
35513,Cartier,Les Heures Voyageuses Oud Vanillé,,https://huggingface.co/datasets/doevent/perfume
35514,Cartier,Luxuriance,2021,https://www.fragrantica.com/perfume/Cartier/Luxuriance-66986.html
35515,Cartier,Must Cartier Pour Homme Essence,2001,https://www.fragrantica.com/perfume/Cartier/Must-Cartier-Pour-Homme-Essence-2444.html
35516,Cartier,Must de Cartier Cartier 1981 Eau de Toilette,1981,https://www.parfumo.com/Perfumes/Cartier/Must_de_Cartier_Eau_de_Toilette
35517,Cartier,Must de Cartier Cartier 1981 Eau Parfumée Sans Alcool,1981,https://www.parfumo.com/Perfumes/Cartier/Must_de_Cartier_Eau_Parfumee_Sans_Alcool
35518,Cartier,Must de Cartier Cartier Brume Corps et Cheveux,,https://www.parfumo.com/Perfumes/Cartier/must-de-cartier-brume-corps-et-cheveux
35519,Cartier,Must de Cartier Cartier Eau Légère,,https://www.parfumo.com/Perfumes/Cartier/Must_de_Cartier_Eau_Legere
35520,Cartier,Must de Cartier Cartier Fond de Parfum,,https://www.parfumo.com/Perfumes/Cartier/Must_de_Cartier_Fond_de_Parfum
35521,Cartier,Must de Cartier Cartier Parfum Solide,,https://www.parfumo.com/Perfumes/Cartier/Must_de_Cartier_Parfum_Solide
35522,Cartier,Must de Cartier Clair De Jasmin,2001,https://www.fragrantica.com/perfume/Cartier/Must-de-Cartier-Clair-De-Jasmin-38225.html
35523,Cartier,Must de Cartier Eau Fine,2003,https://www.fragrantica.com/perfume/Cartier/Must-de-Cartier-Eau-Fine-13929.html
35524,Cartier,Must de Cartier Édition Prestige,2010,https://www.fragrantica.com/perfume/Cartier/Must-de-Cartier-Edition-Prestige-123315.html
35525,Cartier,Must de Cartier Gold,2015,https://www.fragrantica.com/perfume/Cartier/Must-de-Cartier-Gold-32436.html
35526,Cartier,Must de Cartier II Cartier 1993 Eau de Parfum,1993,https://www.parfumo.com/Perfumes/Cartier/Must_de_Cartier_II_Eau_de_Parfum
35527,Cartier,Must de Cartier II Cartier 1993 Eau de Toilette,1993,https://www.parfumo.com/Perfumes/Cartier/Must_de_Cartier_II_Eau_de_Toilette
35528,Cartier,Must de Cartier II (Eau Fraiche),,https://www.parfumo.com/Perfumes/Cartier/must-de-cartier-ii-eau-fraiche
35529,Cartier,Must de Cartier (Parfum),1981,https://www.fragrantica.com/perfume/Cartier/Must-de-Cartier-312.html
35530,Cartier,Must de Cartier Parfum 2015,2015,https://www.fragrantica.com/perfume/Cartier/Must-de-Cartier-Parfum-2015-34584.html
35531,Cartier,Must de Cartier pour Homme Cartier 2000 Après-Rasage,2000,https://www.parfumo.com/Perfumes/Cartier/Must_de_Cartier_pour_Homme_Apres_Rasage
35532,Cartier,Must de Cartier Pour Homme (Eau de Toilette),2000,https://www.fragrantica.com/perfume/Cartier/Must-de-Cartier-Pour-Homme-313.html
35533,Cartier,Must de Cartier pour Homme Essence,2000,https://www.parfumo.com/Perfumes/Cartier/L_Essence_de_Must_de_Cartier
35534,Cartier,Must de Cartier Pour Homme Essence Edition Prestige,2002,https://www.fragrantica.com/perfume/Cartier/Must-de-Cartier-Pour-Homme-Essence-Edition-Prestige-39292.html
35535,Cartier,Must de Cartier Pour Homme Vert Anis,2001,https://www.fragrantica.com/perfume/Cartier/Must-de-Cartier-Pour-Homme-Vert-Anis-45137.html
35536,Cartier,Must II,1993,https://www.fragrantica.com/perfume/Cartier/Must-II-311.html
35537,Cartier,Oud Absolu,2016,https://www.fragrantica.com/perfume/Cartier/Oud-Absolu-39063.html
35538,Cartier,Oud & Amber,,https://huggingface.co/datasets/doevent/perfume
35539,Cartier,Oud & Ambre,2020,https://www.fragrantica.com/perfume/Cartier/Oud-Ambre-64276.html
35540,Cartier,Oud & Menthe,2019,https://www.fragrantica.com/perfume/Cartier/Oud-Menthe-64275.html
35541,Cartier,Oud & Musc,2014,https://www.fragrantica.com/perfume/Cartier/Oud-Musc-25983.html
35542,Cartier,Oud & Oud,2014,https://www.fragrantica.com/perfume/Cartier/Oud-Oud-25981.html
35543,Cartier,Oud & Pink,2021,https://www.fragrantica.com/perfume/Cartier/Oud-Pink-72138.html
35544,Cartier,Oud & Rose,2014,https://www.fragrantica.com/perfume/Cartier/Oud-Rose-25982.html
35545,Cartier,Oud & Santal Cartier 2024 Perfume Oil,2024,https://www.parfumo.com/Perfumes/Cartier/oud-santal-perfume-oil
35546,Cartier,Oud & Santal (Parfum),2016,https://www.fragrantica.com/perfume/Cartier/Oud-Santal-39064.html
35547,Cartier,Oud Radieux,2015,https://www.fragrantica.com/perfume/Cartier/Oud-Radieux-32775.html
35548,Cartier,Oud Vanille,2023,https://www.fragrantica.com/perfume/Cartier/Oud-Vanille-80343.html
35549,Cartier,Panthere,1986,https://www.fragrantica.com/perfume/Cartier/Panthere-314.html
35550,Cartier,Panthère de Cartier Cartier 1987 Eau de Toilette,1987,https://www.parfumo.com/Perfumes/Cartier/Panthere_de_Cartier_Eau_de_Toilette
35551,Cartier,Panthère de Cartier Cartier 1987 Parfum,1987,https://www.parfumo.com/Perfumes/Cartier/Panthere_de_Cartier
35552,Cartier,Panthère de Cartier Cartier 1987 Parfum de Toilette,1987,https://www.parfumo.com/Perfumes/Cartier/Panthere_de_Cartier_Parfum_de_Toilette
35553,Cartier,Panthere de Cartier Eau Legere,1987,https://www.fragrantica.com/perfume/Cartier/Panthere-de-Cartier-Eau-Legere-2441.html
35554,Cartier,Panthère de Cartier Edition Cristal,,https://www.parfumo.com/Perfumes/Cartier/Panthere_de_Cartier_Edition_Cristal
35555,Cartier,Panthère de Cartier Edition Limitée Satinée,,https://www.parfumo.com/Perfumes/Cartier/Panthere_de_Cartier_Edition_Limitee_Satinee
35556,Cartier,Panthère de Cartier Flacon Cristal Édition Limitée,,https://www.parfumo.com/Perfumes/Cartier/Panthere_de_Cartier_Flacon_Cristal_Edition_Limitee
35557,Cartier,Panthère de Cartier Flacon en Cristal,,https://www.parfumo.com/Perfumes/Cartier/Panthere_de_Cartier_Flacon_en_Cristal
35558,Cartier,Pasha Cartier,1992,https://www.fragrantica.com/perfume/Cartier/Pasha-Cartier-315.html
35559,Cartier,Pasha de Cartier Cartier 1992 Eau de Toilette,1992,https://www.parfumo.com/Perfumes/Cartier/Pasha_de_Cartier_Eau_de_Toilette
35560,Cartier,Pasha de Cartier Cartier 1992 Lotion Après Rasage,1992,https://www.parfumo.com/Perfumes/Cartier/Pasha_de_Cartier_Lotion_Apres_Rasage
35561,Cartier,Pasha de Cartier Edition Noire,2013,https://www.fragrantica.com/perfume/Cartier/Pasha-de-Cartier-Edition-Noire-22861.html
35562,Cartier,Pasha de Cartier Édition Noire Cartier Body Spray (Body Mist),,https://www.parfumo.com/Perfumes/Cartier/pasha-de-cartier-edition-noire-body-spray
35563,Cartier,Pasha de Cartier Edition Noire Eau de Toilette,2019,https://www.fragrantica.com/perfume/Cartier/Pasha-de-Cartier-Edition-Noire-Eau-de-Toilette-59432.html
35564,Cartier,Pasha de Cartier Édition Noire Édition Limitée,,https://www.parfumo.com/Perfumes/Cartier/pasha-de-cartier-edition-noire-edition-limitee
35565,Cartier,Pasha de Cartier Édition Noire Édition Limitée 2022,2022,https://www.parfumo.com/Perfumes/Cartier/pasha-de-cartier-edition-noire-edition-limitee-2022
35566,Cartier,Pasha de Cartier Edition Noire Sport,2015,https://www.fragrantica.com/perfume/Cartier/Pasha-de-Cartier-Edition-Noire-Sport-34282.html
35567,Cartier,Pasha De Cartier Édition Noire Ultimate,,https://huggingface.co/datasets/doevent/perfume
35568,Cartier,Pasha de Cartier Edition Prestige Acier,1992,https://www.fragrantica.com/perfume/Cartier/Pasha-de-Cartier-Edition-Prestige-Acier-2445.html
35569,Cartier,Pasha de Cartier Fraicheur Menthe,1999,https://www.fragrantica.com/perfume/Cartier/Pasha-de-Cartier-Fraicheur-Menthe-2446.html
35570,Cartier,Pasha De Cartier Ltd.Ed 2022,2022,https://huggingface.co/datasets/doevent/perfume
35571,Cartier,Pasha de Cartier Noir Absolu,2023,https://www.fragrantica.com/perfume/Cartier/Pasha-de-Cartier-Noir-Absolu-82328.html
35572,Cartier,Pasha de Cartier Noir Absolu Limited-Edition,2024,https://www.fragrantica.com/perfume/Cartier/Pasha-de-Cartier-Noir-Absolu-Limited-Edition-94970.html
35573,Cartier,Pasha de Cartier Parfum,2019,https://www.parfumo.com/Perfumes/Cartier/pasha-de-cartier-parfum
35574,Cartier,Pasha de Cartier Parfum,2020,https://www.fragrantica.com/perfume/Cartier/Pasha-de-Cartier-Parfum-59418.html
35575,Cartier,Pasha de Cartier Parfum Édition Limitée,,https://www.parfumo.com/Perfumes/Cartier/pasha-de-cartier-parfum-edition-limitee
35576,Cartier,Pasha Eau d'Hiver,,https://www.parfumo.com/Perfumes/Cartier/Pasha_Eau_d_Hiver
35577,Cartier,Pasha Fraîcheur Menthe,1999,https://www.parfumo.com/Perfumes/Cartier/Pasha_Fraicheur_Menthe
35578,Cartier,Pur Kinkan,2020,https://www.fragrantica.com/perfume/Cartier/Pur-Kinkan-60151.html
35579,Cartier,Pur Lilas,2024,https://www.fragrantica.com/perfume/Cartier/Pur-Lilas-92550.html
35580,Cartier,Pur Magnolia,2020,https://www.fragrantica.com/perfume/Cartier/Pur-Magnolia-60152.html
35581,Cartier,Pur Muguet,2020,https://www.fragrantica.com/perfume/Cartier/Pur-Muguet-60150.html
35582,Cartier,Pure Rose Cartier 2024 Perfume Oil,2024,https://www.parfumo.com/Perfumes/Cartier/pure-rose-perfume-oil
35583,Cartier,Pure Rose (Eau de Toilette),2022,https://www.fragrantica.com/perfume/Cartier/Pure-Rose-78022.html
35584,Cartier,Rivières de Cartier - Allégresse,2021,https://www.parfumo.com/Perfumes/Cartier/rivieres-de-cartier-allegresse
35585,Cartier,Rivières de Cartier - Insouciance,2021,https://www.parfumo.com/Perfumes/Cartier/rivieres-de-cartier-insouciance
35586,Cartier,Rivières de Cartier - Luxuriance,2021,https://www.parfumo.com/Perfumes/Cartier/rivieres-de-cartier-luxuriance
35587,Cartier,Roadster Black,2010,https://www.fragrantica.com/perfume/Cartier/Roadster-Black-8011.html
35588,Cartier,Roadster Cartier 2008 Lotion Après-Rasage,2008,https://www.parfumo.com/Perfumes/Cartier/Roadster_Lotion_Apres_Rasage
35589,Cartier,Roadster (Eau de Toilette),2008,https://www.fragrantica.com/perfume/Cartier/Roadster-3474.html
35590,Cartier,Roadster Édition Limitée,2010,https://www.parfumo.com/Perfumes/Cartier/Roadster_Black
35591,Cartier,Roadster Sport Cartier 2009 Lotion Après-Rasage,2009,https://www.parfumo.com/Perfumes/Cartier/Roadster_Sport_Lotion_Apres_Rasage
35592,Cartier,Roadster Sport (Eau de Toilette),2009,https://www.fragrantica.com/perfume/Cartier/Roadster-Sport-7302.html
35593,Cartier,Roadster Sport Speedometer Limited Edition,2012,https://www.fragrantica.com/perfume/Cartier/Roadster-Sport-Speedometer-Limited-Edition-14502.html
35594,Cartier,Santos Cartier 1981 Après Rasage,1981,https://www.parfumo.com/Perfumes/Cartier/Santos_Apres_Rasage
35595,Cartier,Santos Cartier 1981 Eau de Toilette,1981,https://www.parfumo.com/Perfumes/Cartier/Santos
35596,Cartier,Santos Cartier 1981 Eau de Toilette Concentrée,1981,https://www.parfumo.com/Perfumes/Cartier/Santos_Concentree
35597,Cartier,Santos Cartier 1989 Eau de Sport,1989,https://www.parfumo.com/Perfumes/Cartier/Santos_Eau_de_Sport
35598,Cartier,Santos Concentrée,1982,https://www.fragrantica.com/perfume/Cartier/Santos-Concentree-38763.html
35599,Cartier,Santos de Cartier,1981,https://www.fragrantica.com/perfume/Cartier/Santos-de-Cartier-316.html
35600,Cartier,Santos Eau de Sport,1989,https://www.fragrantica.com/perfume/Cartier/Santos-Eau-de-Sport-5853.html
35601,Cartier,So Pretty Cartier 1995 Eau de Parfum,1995,https://www.parfumo.com/Perfumes/Cartier/So_Pretty_Eau_de_Parfum
35602,Cartier,So Pretty Cartier 1995 Eau de Toilette,1995,https://www.parfumo.com/Perfumes/Cartier/So_Pretty_Eau_de_Toilette
35603,Cartier,So Pretty Eau d'Or Blanc,1999,https://www.fragrantica.com/perfume/Cartier/So-Pretty-Eau-d-Or-Blanc-13927.html
35604,Cartier,So Pretty - Eau d'Or Jaune,,https://www.parfumo.com/Perfumes/Cartier/So_Pretty__Eau_d_Or_Jaune
35605,Cartier,So Pretty - Eau d'Or Rose,,https://www.parfumo.com/Perfumes/Cartier/So_Pretty__Eau_d_Or_Rose
35606,Cartier,So Pretty Eau Fruitee,2000,https://www.fragrantica.com/perfume/Cartier/So-Pretty-Eau-Fruitee-3234.html
35607,Cartier,So Pretty Édition Limitée Cristal,,https://www.parfumo.com/Perfumes/Cartier/So_Pretty_Edition_Limitee_Cristal
35608,Cartier,So Pretty Edition Prestige Les 3 Ors de,,https://www.parfumo.com/Perfumes/Cartier/So_Pretty_Edition_Prestige_Les_3_Ors_de_Cartier
35609,Cartier,So Pretty (Parfum),1995,https://www.fragrantica.com/perfume/Cartier/So-Pretty-317.html
35610,Cartier,So Pretty Rose Verte,2001,https://www.fragrantica.com/perfume/Cartier/So-Pretty-Rose-Verte-13926.html
35611,Cartier,So Pretty Sirop des Bois,2000,https://www.fragrantica.com/perfume/Cartier/So-Pretty-Sirop-des-Bois-13928.html
35612,Cartier,VI: L'Heure Brillante,2009,https://www.parfumo.com/Perfumes/Cartier/vi-l-heure-brillante
35613,Cartier,VII: L'Heure Défendue,2010,https://www.parfumo.com/Perfumes/Cartier/vii-l-heure-defendue
35614,Cartier,VIII: L'Heure Diaphane Cartier 2010 Eau de Toilette,2010,https://www.parfumo.com/Perfumes/Cartier/viii-l-heure-diaphane-eau-de-toilette
35615,Cartier,VIII L'Heure Diaphane Cartier 2024 Perfume Oil,2024,https://www.parfumo.com/Perfumes/Cartier/viii-l-heure-diaphane-perfume-oil
35616,Cartier,X: L'Heure Folle,2009,https://www.parfumo.com/Perfumes/Cartier/x-l-heure-folle
35617,Cartier,XI: L'Heure Perdue,2015,https://www.parfumo.com/Perfumes/Cartier/xi-l-heure-perdue
35618,Cartier,XII: L'Heure Mysterieuse,2009,https://www.parfumo.com/Perfumes/Cartier/xii-l-heure-mysterieuse
35619,Carven,Amour,2021,https://www.parfumo.com/Perfumes/Carven/amour
35620,Carven,C'est Paris ! Elixir pour Femme,2024,https://www.fragrantica.com/perfume/Carven/C-est-Paris-Elixir-pour-Femme-93626.html
35621,Carven,C'est Paris ! Elixir pour Homme,2024,https://www.fragrantica.com/perfume/Carven/C-est-Paris-Elixir-pour-Homme-93627.html
35622,Carven,Carven C'est Paris ! Carven 2021 Eau de Parfum,2021,https://www.parfumo.com/Perfumes/Carven/carven-c-est-paris-eau-de-parfum
35623,Carven,Carven C'est Paris ! Carven 2021 Eau de Toilette,2021,https://www.parfumo.com/Perfumes/Carven/carven-c-est-paris-eau-de-toilette
35624,Carven,Carven C'est Paris ! La Nuit Pour Femme,2023,https://www.fragrantica.com/perfume/Carven/Carven-C-est-Paris-La-Nuit-Pour-Femme-85338.html
35625,Carven,Carven C'est Paris ! La Nuit Pour Homme,2023,https://www.fragrantica.com/perfume/Carven/Carven-C-est-Paris-La-Nuit-Pour-Homme-85339.html
35626,Carven,Carven C'est Paris ! Pour Femme,2021,https://www.fragrantica.com/perfume/Carven/Carven-C-est-Paris-Pour-Femme-67064.html
35627,Carven,Carven C'est Paris ! Pour Homme,2021,https://www.fragrantica.com/perfume/Carven/Carven-C-est-Paris-Pour-Homme-67063.html
35628,Carven,Carven Couture,2005,https://www.fragrantica.com/perfume/Carven/Carven-Couture-3471.html
35629,Carven,Carven Couture for Men,,https://www.parfumo.com/Perfumes/Carven/Carven_Couture_for_Men
35630,Carven,Carven L'Absolu,2015,https://www.fragrantica.com/perfume/Carven/Carven-L-Absolu-31875.html
35631,Carven,Carven L'Eau De Toilette,,https://huggingface.co/datasets/doevent/perfume
35632,Carven,Carven L'Eau Intense,2016,https://www.fragrantica.com/perfume/Carven/Carven-L-Eau-Intense-35300.html
35633,Carven,Carven Le Parfum,2013,https://www.fragrantica.com/perfume/Carven/Carven-Le-Parfum-17744.html
35634,Carven,Carven Pour Elle,2025,https://www.fragrantica.com/perfume/Carven/Carven-Pour-Elle-105513.html
35635,Carven,Carven pour Homme Carven 2014 Après-Rasage,2014,https://www.parfumo.com/Perfumes/Carven/Carven_pour_Homme_Apres_Rasage
35636,Carven,Carven Pour Homme Eau de Parfum,2020,https://www.fragrantica.com/perfume/Carven/Carven-Pour-Homme-Eau-de-Parfum-63018.html
35637,Carven,Carven Pour Homme (Eau de Toilette),2014,https://www.fragrantica.com/perfume/Carven/Carven-Pour-Homme-28012.html
35638,Carven,Carven Vetiver,2014,https://www.fragrantica.com/perfume/Carven/Carven-Vetiver-28013.html
35639,Carven,Chasse Gardée,1950,https://www.fragrantica.com/perfume/Carven/Chasse-Gardee-38323.html
35640,Carven,Dans Ma Bulle de Fleurs,2020,https://www.fragrantica.com/perfume/Carven/Dans-Ma-Bulle-de-Fleurs-60324.html
35641,Carven,Dans Ma Bulle De Musc,2022,https://www.fragrantica.com/perfume/Carven/Dans-Ma-Bulle-De-Musc-77576.html
35642,Carven,Dans Ma Bulle (Eau de Parfum),2018,https://www.fragrantica.com/perfume/Carven/Dans-Ma-Bulle-48698.html
35643,Carven,Dans Ma Bulle Eau de Toilette,2019,https://www.fragrantica.com/perfume/Carven/Dans-Ma-Bulle-Eau-de-Toilette-55073.html
35644,Carven,Eau Vive,1966,https://www.fragrantica.com/perfume/Carven/Eau-Vive-9326.html
35645,Carven,Guirlandes (Eau de Toilette),1982,https://www.fragrantica.com/perfume/Carven/Guirlandes-13142.html
35646,Carven,Homme,1999,https://www.fragrantica.com/perfume/Carven/Homme-11791.html
35647,Carven,Intrigue,1986,https://www.fragrantica.com/perfume/Carven/Intrigue-9325.html
35648,Carven,L’Eau de Toilette,2014,https://www.fragrantica.com/perfume/Carven/L-Eau-de-Toilette-23434.html
35649,Carven,Le Vetiver,2009,https://www.fragrantica.com/perfume/Carven/Le-Vetiver-6486.html
35650,Carven,Ma Griffe,2013,https://www.fragrantica.com/perfume/Carven/Ma-Griffe-28816.html
35651,Carven,Ma Griffe Eau de Cologne,1946,https://www.fragrantica.com/perfume/Carven/Ma-Griffe-Eau-de-Cologne-65236.html
35652,Carven,Ma Griffe Eau de Parfum (Vintage),1946,https://www.fragrantica.com/perfume/Carven/Ma-Griffe-Eau-de-Parfum-Vintage-3467.html
35653,Carven,Ma Griffe Parfum,1946,https://www.fragrantica.com/perfume/Carven/Ma-Griffe-Parfum-65235.html
35654,Carven,Madame de Carven,1979,https://www.fragrantica.com/perfume/Carven/Madame-de-Carven-3470.html
35655,Carven,Monsieur Carven,1978,https://www.fragrantica.com/perfume/Carven/Monsieur-Carven-3469.html
35656,Carven,Paris Alexandrie,2019,https://www.fragrantica.com/perfume/Carven/Paris-Alexandrie-57943.html
35657,Carven,Paris Angkor,2024,https://www.fragrantica.com/perfume/Carven/Paris-Angkor-95241.html
35658,Carven,Paris Bangalore,2017,https://www.fragrantica.com/perfume/Carven/Paris-Bangalore-46290.html
35659,Carven,Paris Florence,2017,https://www.fragrantica.com/perfume/Carven/Paris-Florence-46293.html
35660,Carven,Paris Izmir,2017,https://www.fragrantica.com/perfume/Carven/Paris-Izmir-46292.html
35661,Carven,Paris La Havane,2019,https://www.fragrantica.com/perfume/Carven/Paris-La-Havane-57945.html
35662,Carven,Paris Mandalay,2024,https://www.fragrantica.com/perfume/Carven/Paris-Mandalay-95240.html
35663,Carven,Paris Manille,2017,https://www.fragrantica.com/perfume/Carven/Paris-Manille-46289.html
35664,Carven,Paris Mascate,2017,https://www.fragrantica.com/perfume/Carven/Paris-Mascate-46291.html
35665,Carven,Paris Prague,2019,https://www.fragrantica.com/perfume/Carven/Paris-Prague-57942.html
35666,Carven,Paris Sambava,2024,https://www.fragrantica.com/perfume/Carven/Paris-Sambava-95242.html
35667,Carven,Paris Santorin,2018,https://www.fragrantica.com/perfume/Carven/Paris-Santorin-51970.html
35668,Carven,Paris Sao Paulo,2017,https://www.fragrantica.com/perfume/Carven/Paris-Sao-Paulo-46294.html
35669,Carven,Paris Séville,2017,https://www.fragrantica.com/perfume/Carven/Paris-Seville-46288.html
35670,Carven,Paris Shenandoah,2019,https://www.fragrantica.com/perfume/Carven/Paris-Shenandoah-57944.html
35671,Carven,Paris Tanger,2019,https://www.fragrantica.com/perfume/Carven/Paris-Tanger-57941.html
35672,Carven,Robe d'Un Soir,1947,https://www.fragrantica.com/perfume/Carven/Robe-d-Un-Soir-9464.html
35673,Carven,Variations,,https://www.fragrantica.com/perfume/Carven/Variations-9324.html
35674,Carven,Vert et Blanc,1958,https://www.fragrantica.com/perfume/Carven/Vert-et-Blanc-15906.html
35675,Carven,Vetiver,1957,https://www.fragrantica.com/perfume/Carven/Vetiver-3468.html
35676,Carven,Vétiver Extrait,1957,https://www.fragrantica.com/perfume/Carven/Vetiver-Extrait-65237.html
35677,Casa Amalfi,Aperitivo In Amalfi,2025,https://www.fragrantica.com/perfume/Casa-Amalfi/Aperitivo-In-Amalfi-103281.html
35678,Casa Amalfi,Blue Grotto,2025,https://www.fragrantica.com/perfume/Casa-Amalfi/Blue-Grotto-103280.html
35679,Casa Amalfi,Blue Vibes Only Capri,2026,https://www.fragrantica.com/perfume/Casa-Amalfi/Blue-Vibes-Only-Capri-139847.html
35680,Casa Amalfi,Buongiorno Positano,2025,https://www.fragrantica.com/perfume/Casa-Amalfi/Buongiorno-Positano-103279.html
35681,Casa Amalfi,Drunk Lovers In Amalfi,2026,https://www.fragrantica.com/perfume/Casa-Amalfi/Drunk-Lovers-In-Amalfi-139890.html
35682,Casa Amalfi,Giardini di Ravello,2026,https://www.fragrantica.com/perfume/Casa-Amalfi/Giardini-di-Ravello-139845.html
35683,Casa Amalfi,Sunday In Napoli,2026,https://www.fragrantica.com/perfume/Casa-Amalfi/Sunday-In-Napoli-139846.html
35684,Casa Amalfi,Take Me to Capri,2025,https://www.fragrantica.com/perfume/Casa-Amalfi/Take-Me-to-Capri-103278.html
35685,Casa Amalfi,The Golden Hour Sorrento,2026,https://www.fragrantica.com/perfume/Casa-Amalfi/The-Golden-Hour-Sorrento-139893.html
35686,Casa Ancheta,"10.4305° N, 123.7761° E (Buwakan, Balamban Cebu)",2022,https://www.fragrantica.com/perfume/Casa-Ancheta/10-43050-N-123-77610-E-Buwakan-Balamban-Cebu-128157.html
35687,Casa Ancheta,"10.6967° N, 122.6504° E (Buenavista, Guimaras)",2022,https://www.fragrantica.com/perfume/Casa-Ancheta/10-69670-N-122-65040-E-Buenavista-Guimaras-128160.html
35688,Casa Ancheta,"10.8915° N, 122.4333° E (Maasin, Iloilo)",2022,https://www.fragrantica.com/perfume/Casa-Ancheta/10-89150-N-122-43330-E-Maasin-Iloilo-128149.html
35689,Casa Ancheta,"14.5914° N, 120.9738° E (Manila Cathedral, Manila)",2022,https://www.fragrantica.com/perfume/Casa-Ancheta/14-59140-N-120-97380-E-Manila-Cathedral-Manila-128148.html
35690,Casa Ancheta,"17.0981° N, 120.9073° E (Sagada, Mt. Province)",2022,https://www.fragrantica.com/perfume/Casa-Ancheta/17-09810-N-120-90730-E-Sagada-Mt-Province-128159.html
35691,Casa Ancheta,"18.1406° N, 120.5171° E (Paoay Sand Dunes, Ilocos)",2022,https://www.fragrantica.com/perfume/Casa-Ancheta/18-14060-N-120-51710-E-Paoay-Sand-Dunes-Ilocos-128150.html
35692,Casa Ancheta,"8.8230° N, 125.0976° E (Gingoog City, Misamis Oriental)",2022,https://www.fragrantica.com/perfume/Casa-Ancheta/8-82300-N-125-09760-E-Gingoog-City-Misamis-Oriental-128161.html
35693,Casa Ancheta,"9.84822° N, 126.0458° E (Siargao Island, Surigao)",2022,https://www.fragrantica.com/perfume/Casa-Ancheta/9-848220-N-126-04580-E-Siargao-Island-Surigao-128156.html
35694,Casa Ancheta,Balikbayan Box,2022,https://www.fragrantica.com/perfume/Casa-Ancheta/Balikbayan-Box-128146.html
35695,Casa Ancheta,Hemp Juice,2022,https://www.fragrantica.com/perfume/Casa-Ancheta/Hemp-Juice-128147.html
35696,Casa Closet,50 Tons de Rosa,2025,https://www.fragrantica.com/perfume/Casa-Closet/50-Tons-de-Rosa-123985.html
35697,Casa Closet,Beijo de Lichia,2025,https://www.fragrantica.com/perfume/Casa-Closet/Beijo-de-Lichia-123981.html
35698,Casa Closet,Céu de Manga,2025,https://www.fragrantica.com/perfume/Casa-Closet/Ceu-de-Manga-123982.html
35699,Casa Closet,Chuva de Pêssego,2025,https://www.fragrantica.com/perfume/Casa-Closet/Chuva-de-Pessego-123984.html
35700,Casa Closet,Manda Nudes,2025,https://www.fragrantica.com/perfume/Casa-Closet/Manda-Nudes-138287.html
35701,Casa Closet,Suco de Anjo,2025,https://www.fragrantica.com/perfume/Casa-Closet/Suco-de-Anjo-123979.html
35702,Casa de Coca,Chasqui,2021,https://www.fragrantica.com/perfume/Casa-de-Coca/Chasqui-69940.html
35703,Casa de Coca,Noche de Coca,2021,https://www.fragrantica.com/perfume/Casa-de-Coca/Noche-de-Coca-69943.html
35704,Casa de Coca,Paq’os,2021,https://www.fragrantica.com/perfume/Casa-de-Coca/Paq-os-69942.html
35705,Casa Far Niente,Après Alpine,2025,https://www.fragrantica.com/perfume/Casa-Far-Niente/Apres-Alpine-136763.html
35706,Casa Far Niente,Crema di Capri,2024,https://www.fragrantica.com/perfume/Casa-Far-Niente/Crema-di-Capri-116189.html
35707,Casa Far Niente,Negroni Nights,2024,https://www.fragrantica.com/perfume/Casa-Far-Niente/Negroni-Nights-116191.html
35708,Casa Far Niente,Rilago Rush,2025,https://www.fragrantica.com/perfume/Casa-Far-Niente/Rilago-Rush-116188.html
35709,Casa Far Niente,Tuscan Tea,2024,https://www.fragrantica.com/perfume/Casa-Far-Niente/Tuscan-Tea-116190.html
35710,CASA GOA,Alba,,https://www.fragrantica.com/perfume/CASA-GOA/Alba-103841.html
35711,CASA GOA,Cubano,,https://www.fragrantica.com/perfume/CASA-GOA/Cubano-103843.html
35712,CASA GOA,Goa L'orientale,,https://www.fragrantica.com/perfume/CASA-GOA/Goa-L-orientale-103844.html
35713,CASA GOA,JurJ,,https://www.fragrantica.com/perfume/CASA-GOA/JurJ-103845.html
35714,CASA GOA,Musk,,https://www.fragrantica.com/perfume/CASA-GOA/Musk-103846.html
35715,CASA GOA,SAL NÀUTICO,2025,https://www.fragrantica.com/perfume/CASA-GOA/SAL-NAUTICO-105680.html
35716,CASA GOA,Velvet Fog,,https://www.fragrantica.com/perfume/CASA-GOA/Velvet-Fog-103840.html
35717,Casa Invidia,Acta Fabula,2023,https://www.fragrantica.com/perfume/Casa-Invidia/Acta-Fabula-79848.html
35718,Casa Invidia,Acta Fabula intense,2023,https://www.fragrantica.com/perfume/Casa-Invidia/Acta-Fabula-intense-88792.html
35719,Casa Invidia,César,2023,https://www.fragrantica.com/perfume/Casa-Invidia/Cesar-79852.html
35720,Casa Invidia,Figue Noire,2023,https://www.fragrantica.com/perfume/Casa-Invidia/Figue-Noire-88796.html
35721,Casa Invidia,Iris Panthéon,2023,https://www.fragrantica.com/perfume/Casa-Invidia/Iris-Pantheon-79853.html
35722,Casa Invidia,Madiha,2023,https://www.fragrantica.com/perfume/Casa-Invidia/Madiha-88795.html
35723,Casa Invidia,Menthe Religieuse,2024,https://www.fragrantica.com/perfume/Casa-Invidia/Menthe-Religieuse-94982.html
35724,Casa Invidia,Palacio di Amore,2024,https://www.fragrantica.com/perfume/Casa-Invidia/Palacio-di-Amore-94980.html
35725,Casa Invidia,Santa Cruz,2024,https://www.fragrantica.com/perfume/Casa-Invidia/Santa-Cruz-94981.html
35726,Casamorati 1888,1888,2013,https://www.fragrantica.com/perfume/Casamorati-1888/1888-21616.html
35727,Casamorati 1888,Bouquet Ideale,2010,https://www.fragrantica.com/perfume/Casamorati-1888/Bouquet-Ideale-11800.html
35728,Casamorati 1888,Casafutura,2021,https://www.fragrantica.com/perfume/Casamorati-1888/Casafutura-70113.html
35729,Casamorati 1888,Casamorati Harrods Edition,2025,https://www.fragrantica.com/perfume/Casamorati-1888/Casamorati-Harrods-Edition-102771.html
35730,Casamorati 1888,Corallo,2018,https://www.fragrantica.com/perfume/Casamorati-1888/Corallo-51462.html
35731,Casamorati 1888,Dama Bianca,2012,https://www.fragrantica.com/perfume/Casamorati-1888/Dama-Bianca-15555.html
35732,Casamorati 1888,Dolce Amalfi,2017,https://www.fragrantica.com/perfume/Casamorati-1888/Dolce-Amalfi-42988.html
35733,Casamorati 1888,Fiero,2010,https://www.fragrantica.com/perfume/Casamorati-1888/Fiero-11802.html
35734,Casamorati 1888,Fiore d'Ulivo,2009,https://www.fragrantica.com/perfume/Casamorati-1888/Fiore-d-Ulivo-6311.html
35735,Casamorati 1888,Gran Ballo,2013,https://www.fragrantica.com/perfume/Casamorati-1888/Gran-Ballo-26708.html
35736,Casamorati 1888,Italica,2016,https://www.fragrantica.com/perfume/Casamorati-1888/Italica-41149.html
35737,Casamorati 1888,Italica (2021),2021,https://www.fragrantica.com/perfume/Casamorati-1888/Italica-2021-65383.html
35738,Casamorati 1888,La Tosca,2015,https://www.fragrantica.com/perfume/Casamorati-1888/La-Tosca-32191.html
35739,Casamorati 1888,Levar del Sole,2024,https://www.fragrantica.com/perfume/Casamorati-1888/Levar-del-Sole-93107.html
35740,Casamorati 1888,Lira,2011,https://www.fragrantica.com/perfume/Casamorati-1888/Lira-11801.html
35741,Casamorati 1888,Mefisto,2009,https://www.fragrantica.com/perfume/Casamorati-1888/Mefisto-6310.html
35742,Casamorati 1888,Mefisto Gentiluomo,2018,https://www.fragrantica.com/perfume/Casamorati-1888/Mefisto-Gentiluomo-52432.html
35743,Casamorati 1888,Quattro Pizzi,2024,https://www.fragrantica.com/perfume/Casamorati-1888/Quattro-Pizzi-91640.html
35744,Casamorati 1888,Regio,2011,https://www.fragrantica.com/perfume/Casamorati-1888/Regio-14079.html
35745,Casamorati 1888,Tempio d'Acqua,2026,https://www.fragrantica.com/perfume/Casamorati-1888/Tempio-d-Acqua-128356.html
35746,Casaniche,Adán,2025,https://www.fragrantica.com/perfume/Casaniche/Adan-122166.html
35747,Casaniche,ALGUM Wood for God,2023,https://www.fragrantica.com/perfume/Casaniche/ALGUM-Wood-for-God-85303.html
35748,Casaniche,Amatista,2025,https://www.fragrantica.com/perfume/Casaniche/Amatista-122168.html
35749,Casaniche,Atacama Bloom,2022,https://www.fragrantica.com/perfume/Casaniche/Atacama-Bloom-73788.html
35750,Casaniche,Buaya Anfar,2026,https://www.fragrantica.com/perfume/Casaniche/Buaya-Anfar-138934.html
35751,Casaniche,Buaya Laos,2026,https://www.fragrantica.com/perfume/Casaniche/Buaya-Laos-138936.html
35752,Casaniche,Bubble Gum and Caramel,2024,https://www.fragrantica.com/perfume/Casaniche/Bubble-Gum-and-Caramel-90041.html
35753,Casaniche,Cappuccino Gourmand,2021,https://www.fragrantica.com/perfume/Casaniche/Cappuccino-Gourmand-69447.html
35754,Casaniche,Chilean Leather,2021,https://www.fragrantica.com/perfume/Casaniche/Chilean-Leather-71088.html
35755,Casaniche,Choco Orange,2022,https://www.fragrantica.com/perfume/Casaniche/Choco-Orange-73213.html
35756,Casaniche,Cine Niche,2024,https://www.fragrantica.com/perfume/Casaniche/Cine-Niche-90042.html
35757,Casaniche,Citric Fresh,2024,https://www.fragrantica.com/perfume/Casaniche/Citric-Fresh-90040.html
35758,Casaniche,Comer en tu Piel,2025,https://www.fragrantica.com/perfume/Casaniche/Comer-en-tu-Piel-122164.html
35759,Casaniche,Daiquiri Mango,2025,https://www.fragrantica.com/perfume/Casaniche/Daiquiri-Mango-102957.html
35760,Casaniche,Days in México,2023,https://www.fragrantica.com/perfume/Casaniche/Days-in-Mexico-85302.html
35761,Casaniche,Después de un Café,2024,https://www.fragrantica.com/perfume/Casaniche/Despues-de-un-Cafe-92136.html
35762,Casaniche,Eva,2024,https://www.fragrantica.com/perfume/Casaniche/Eva-92901.html
35763,Casaniche,Father Tobacco,2022,https://www.fragrantica.com/perfume/Casaniche/Father-Tobacco-72401.html
35764,Casaniche,Fig Fusion,2025,https://www.fragrantica.com/perfume/Casaniche/Fig-Fusion-102958.html
35765,Casaniche,Forest Animals,2022,https://www.fragrantica.com/perfume/Casaniche/Forest-Animals-72400.html
35766,Casaniche,Hindi Kundha,2026,https://www.fragrantica.com/perfume/Casaniche/Hindi-Kundha-138938.html
35767,Casaniche,Hora del Té,2024,https://www.fragrantica.com/perfume/Casaniche/Hora-del-Te-90078.html
35768,Casaniche,Iris 1934,2023,https://www.fragrantica.com/perfume/Casaniche/Iris-1934-82415.html
35769,Casaniche,La rosa que nunca te di,2024,https://www.fragrantica.com/perfume/Casaniche/La-rosa-que-nunca-te-di-101113.html
35770,Casaniche,La vida del Naranjo,2025,https://www.fragrantica.com/perfume/Casaniche/La-vida-del-Naranjo-122167.html
35771,Casaniche,Make you feel,2023,https://www.fragrantica.com/perfume/Casaniche/Make-you-feel-78934.html
35772,Casaniche,Maldito Placer,2021,https://www.fragrantica.com/perfume/Casaniche/Maldito-Placer-70451.html
35773,Casaniche,Marejada,2021,https://www.fragrantica.com/perfume/Casaniche/Marejada-70450.html
35774,Casaniche,Me quiero casar,2024,https://www.fragrantica.com/perfume/Casaniche/Me-quiero-casar-94053.html
35775,Casaniche,Moka,2023,https://www.fragrantica.com/perfume/Casaniche/Moka-84158.html
35776,Casaniche,Nadie te quiso tanto como yo,2024,https://www.fragrantica.com/perfume/Casaniche/Nadie-te-quiso-tanto-como-yo-101112.html
35777,Casaniche,One Click,2023,https://www.fragrantica.com/perfume/Casaniche/One-Click-78935.html
35778,Casaniche,Oriental,2022,https://www.fragrantica.com/perfume/Casaniche/Oriental-72064.html
35779,Casaniche,OscUroD,2022,https://www.fragrantica.com/perfume/Casaniche/OscUroD-75233.html
35780,Casaniche,Piña Colada,2021,https://www.fragrantica.com/perfume/Casaniche/Pina-Colada-70759.html
35781,Casaniche,Ralco,2022,https://www.fragrantica.com/perfume/Casaniche/Ralco-72399.html
35782,Casaniche,Sex & Musk,2025,https://www.fragrantica.com/perfume/Casaniche/Sex-Musk-122169.html
35783,Casaniche,Sex Appeal,,https://www.fragrantica.com/perfume/Casaniche/Sex-Appeal-139853.html
35784,Casaniche,Suyufi,2026,https://www.fragrantica.com/perfume/Casaniche/Suyufi-138932.html
35785,Casaniche,Thaw The Andes,2022,https://www.fragrantica.com/perfume/Casaniche/Thaw-The-Andes-75855.html
35786,Casaniche,Trufa Chilena,2026,https://www.fragrantica.com/perfume/Casaniche/Trufa-Chilena-122165.html
35787,Casaniche,Uva Bombón,2025,https://www.fragrantica.com/perfume/Casaniche/Uva-Bombon-102956.html
35788,Casaniche,White India,2026,https://www.fragrantica.com/perfume/Casaniche/White-India-138943.html
35789,Casaniche,Ylang Feast,2022,https://www.fragrantica.com/perfume/Casaniche/Ylang-Feast-73058.html
35790,Casati,Black,2025,https://www.fragrantica.com/perfume/Casati/Black-102209.html
35791,Casati,Green,2025,https://www.fragrantica.com/perfume/Casati/Green-102220.html
35792,Casati,Jas me®,2026,https://www.fragrantica.com/perfume/Casati/Jas-me-123102.html
35793,Casati,N.11,2025,https://www.fragrantica.com/perfume/Casati/N-11-102217.html
35794,Casati,N.79,2025,https://www.fragrantica.com/perfume/Casati/N-79-102218.html
35795,Casati,Primo Piano,2026,https://www.fragrantica.com/perfume/Casati/Primo-Piano-134577.html
35796,Casati,Purple,2025,https://www.fragrantica.com/perfume/Casati/Purple-102222.html
35797,Casati,ReATTAR® No 1,2025,https://www.fragrantica.com/perfume/Casati/ReATTAR-No-1-136773.html
35798,Casati,ReATTAR® No 13,2025,https://www.fragrantica.com/perfume/Casati/ReATTAR-No-13-136940.html
35799,Casati,ReATTAR® No 2,2025,https://www.fragrantica.com/perfume/Casati/ReATTAR-No-2-136778.html
35800,Casati,ReATTAR® No 21,2025,https://www.fragrantica.com/perfume/Casati/ReATTAR-No-21-136941.html
35801,Casati,ReATTAR® No 3,2025,https://www.fragrantica.com/perfume/Casati/ReATTAR-No-3-136817.html
35802,Casati,ReATTAR® No 5,2025,https://www.fragrantica.com/perfume/Casati/ReATTAR-No-5-136818.html
35803,Casati,ReATTAR® No 8,2025,https://www.fragrantica.com/perfume/Casati/ReATTAR-No-8-136939.html
35804,Casati,Red,2025,https://www.fragrantica.com/perfume/Casati/Red-102221.html
35805,Casati,White,2025,https://www.fragrantica.com/perfume/Casati/White-102210.html
35806,Castanez Parfums,Abyss of Neptune,2026,https://www.fragrantica.com/perfume/Castanez-Parfums/Abyss-of-Neptune-136378.html
35807,Castanez Parfums,Antara,2025,https://www.fragrantica.com/perfume/Castanez-Parfums/Antara-117805.html
35808,Castanez Parfums,Anthem of Mars,2023,https://www.fragrantica.com/perfume/Castanez-Parfums/Anthem-of-Mars-88431.html
35809,Castanez Parfums,Golden Dawn,2026,https://www.fragrantica.com/perfume/Castanez-Parfums/Golden-Dawn-128441.html
35810,Castanez Parfums,Kiss from Mercury,2024,https://www.fragrantica.com/perfume/Castanez-Parfums/Kiss-from-Mercury-92268.html
35811,Castanez Parfums,Melody of Venus,2023,https://www.fragrantica.com/perfume/Castanez-Parfums/Melody-of-Venus-88430.html
35812,Castanez Parfums,Moon,2026,https://www.fragrantica.com/perfume/Castanez-Parfums/Moon-123486.html
35813,Castanez Parfums,Moonlight in Saturn,2025,https://www.fragrantica.com/perfume/Castanez-Parfums/Moonlight-in-Saturn-117802.html
35814,Castanez Parfums,Pride of Jupiter,2024,https://www.fragrantica.com/perfume/Castanez-Parfums/Pride-of-Jupiter-100742.html
35815,Castanez Parfums,Rojo Nocturno Mérope,2026,https://www.fragrantica.com/perfume/Castanez-Parfums/Rojo-Nocturno-Merope-128447.html
35816,Castanez Parfums,Songs of Terra,2023,https://www.fragrantica.com/perfume/Castanez-Parfums/Songs-of-Terra-88428.html
35817,Castanez Parfums,Stride to the Sun,2025,https://www.fragrantica.com/perfume/Castanez-Parfums/Stride-to-the-Sun-106678.html
35818,Castanez Parfums,Umbra Maia,2025,https://www.fragrantica.com/perfume/Castanez-Parfums/Umbra-Maia-117804.html
35819,Castel,Delectation,2025,https://www.fragrantica.com/perfume/Castel/Delectation-102021.html
35820,Castel,Orchard,2025,https://www.fragrantica.com/perfume/Castel/Orchard-102023.html
35821,Castelbajac,Addiction,2023,https://www.fragrantica.com/perfume/Castelbajac/Addiction-87336.html
35822,Castelbajac,Beautiful Day,2017,https://www.fragrantica.com/perfume/Castelbajac/Beautiful-Day-44511.html
35823,Castelbajac,Beautiful Day Absolu For Her,2026,https://www.fragrantica.com/perfume/Castelbajac/Beautiful-Day-Absolu-For-Her-136710.html
35824,Castelbajac,Beautiful Day Absolu For Him,2026,https://www.fragrantica.com/perfume/Castelbajac/Beautiful-Day-Absolu-For-Him-136712.html
35825,Castelbajac,Beautiful Day Bonheur,2018,https://www.fragrantica.com/perfume/Castelbajac/Beautiful-Day-Bonheur-48530.html
35826,Castelbajac,Beautiful Day In Love,2022,https://www.fragrantica.com/perfume/Castelbajac/Beautiful-Day-In-Love-77406.html
35827,Castelbajac,Beautiful Day Intense,2018,https://www.fragrantica.com/perfume/Castelbajac/Beautiful-Day-Intense-52165.html
35828,Castelbajac,Beautiful Day L'Eau Bonheur,2021,https://www.fragrantica.com/perfume/Castelbajac/Beautiful-Day-L-Eau-Bonheur-68725.html
35829,Castelbajac,Beautiful Day L'Eau Original,2021,https://www.fragrantica.com/perfume/Castelbajac/Beautiful-Day-L-Eau-Original-68726.html
35830,Castelbajac,Blue Pop,2020,https://www.fragrantica.com/perfume/Castelbajac/Blue-Pop-61453.html
35831,Castelbajac,Castelbajac,2001,https://www.fragrantica.com/perfume/Castelbajac/Castelbajac-318.html
35832,Castelbajac,Castelbajac Eau de Toilette,2004,https://www.fragrantica.com/perfume/Castelbajac/Castelbajac-Eau-de-Toilette-319.html
35833,Castelbajac,Castelbajac Homme,2019,https://www.fragrantica.com/perfume/Castelbajac/Castelbajac-Homme-55381.html
35834,Castelbajac,Homme Cool,2020,https://www.fragrantica.com/perfume/Castelbajac/Homme-Cool-59537.html
35835,Castelbajac,JCC No. 2,1987,https://www.fragrantica.com/perfume/Castelbajac/JCC-No-2-13936.html
35836,Castelbajac,Jean-Charles de Castelbajac,1982,https://www.fragrantica.com/perfume/Castelbajac/Jean-Charles-de-Castelbajac-13937.html
35837,Castelbajac,Mythic,2023,https://www.fragrantica.com/perfume/Castelbajac/Mythic-87338.html
35838,Castelbajac,Orange Chic,2020,https://www.fragrantica.com/perfume/Castelbajac/Orange-Chic-61451.html
35839,Castelbajac,Premiere,1981,https://www.fragrantica.com/perfume/Castelbajac/Premiere-17688.html
35840,Castelbajac,Red Cherry,2020,https://www.fragrantica.com/perfume/Castelbajac/Red-Cherry-61452.html
35841,Castelbajac,Royal Oud,2023,https://www.fragrantica.com/perfume/Castelbajac/Royal-Oud-87339.html
35842,Castelbel,Oud & Bergamot,,https://www.fragrantica.com/perfume/Castelbel/Oud-Bergamot-83675.html
35843,Castelbel,Patchouli & Sandalwood,,https://www.fragrantica.com/perfume/Castelbel/Patchouli-Sandalwood-83674.html
35844,Castelbel,Rosa,,https://www.fragrantica.com/perfume/Castelbel/Rosa-83676.html
35845,Castelbel,Sea Salt & Grapefruit,,https://www.fragrantica.com/perfume/Castelbel/Sea-Salt-Grapefruit-83673.html
35846,Castelbel,Spearmint & Moss,,https://www.fragrantica.com/perfume/Castelbel/Spearmint-Moss-83672.html
35847,Castello di Ama,Helios Chrysos,2023,https://www.fragrantica.com/perfume/Castello-di-Ama/Helios-Chrysos-81662.html
35848,Castello di Ama,Iris Mater,2014,https://www.fragrantica.com/perfume/Castello-di-Ama/Iris-Mater-29146.html
35849,Castello di Ama,Nomen Rosae Absolue,2018,https://www.fragrantica.com/perfume/Castello-di-Ama/Nomen-Rosae-Absolue-57143.html
35850,Castle Forbes,1445,,https://www.fragrantica.com/perfume/Castle-Forbes/1445-24296.html
35851,Castle Forbes,Absolutely Vital,,https://www.fragrantica.com/perfume/Castle-Forbes/Absolutely-Vital-30538.html
35852,Castle Forbes,Applause,,https://www.fragrantica.com/perfume/Castle-Forbes/Applause-30540.html
35853,Castle Forbes,Chatelaine,1996,https://www.fragrantica.com/perfume/Castle-Forbes/Chatelaine-17572.html
35854,Castle Forbes,Eau Deux,,https://www.fragrantica.com/perfume/Castle-Forbes/Eau-Deux-30539.html
35855,Castle Forbes,Forbes Limes,2006,https://www.fragrantica.com/perfume/Castle-Forbes/Forbes-Limes-30534.html
35856,Castle Forbes,Forbes of Forbes,,https://www.fragrantica.com/perfume/Castle-Forbes/Forbes-of-Forbes-24297.html
35857,Castle Forbes,Gentleman's Cologne (Eau de Cologne),,https://www.fragrantica.com/perfume/Castle-Forbes/Gentleman-s-Cologne-24298.html
35858,Castle Forbes,Keig,1990,https://www.fragrantica.com/perfume/Castle-Forbes/Keig-17571.html
35859,Castle Forbes,Lonach,,https://www.fragrantica.com/perfume/Castle-Forbes/Lonach-30541.html
35860,Castle Forbes,Neroli,,https://www.fragrantica.com/perfume/Castle-Forbes/Neroli-24923.html
35861,Castle Forbes,S'Eau Amazing,,https://www.fragrantica.com/perfume/Castle-Forbes/S-Eau-Amazing-30536.html
35862,Castle Forbes,S'Eau Fresh,,https://www.fragrantica.com/perfume/Castle-Forbes/S-Eau-Fresh-30535.html
35863,Castle Forbes,S'Eau Rose,,https://www.fragrantica.com/perfume/Castle-Forbes/S-Eau-Rose-30537.html
35864,Castle Forbes,Sandalwood,2018,https://www.fragrantica.com/perfume/Castle-Forbes/Sandalwood-49393.html
35865,Castle Forbes,Vetiver,,https://www.fragrantica.com/perfume/Castle-Forbes/Vetiver-30532.html
35866,Caswell-Massey,2571,,https://huggingface.co/datasets/doevent/perfume
35867,Caswell Massey,Almond Eau de Toilette,2023,https://www.fragrantica.com/perfume/Caswell-Massey/Almond-Eau-de-Toilette-81888.html
35868,Caswell Massey,Aura of Patchouli,,https://www.fragrantica.com/perfume/Caswell-Massey/Aura-of-Patchouli-8518.html
35869,Caswell Massey,Beatrix,,https://www.fragrantica.com/perfume/Caswell-Massey/Beatrix-50017.html
35870,Caswell Massey,Canyon Fragrance Tonic,2019,https://www.fragrantica.com/perfume/Caswell-Massey/Canyon-Fragrance-Tonic-54655.html
35871,Caswell Massey,Casma (Eau de Cologne),,https://www.fragrantica.com/perfume/Caswell-Massey/Casma-9017.html
35872,Caswell-Massey,Casma Stepping Out Caswell-Massey 2007 Perfume (Parfum),2007,https://www.parfumo.com/Perfumes/Caswell_Massey/Casma_Stepping_Out_2001_Perfume
35873,Caswell Massey,Caswell-Massey,,https://www.parfumo.com/Perfumes/Caswell_Massey/1752
35874,Caswell Massey,Centuries Almond,2017,https://www.fragrantica.com/perfume/Caswell-Massey/Centuries-Almond-50011.html
35875,Caswell Massey,Centuries Lavender,2017,https://www.fragrantica.com/perfume/Caswell-Massey/Centuries-Lavender-50023.html
35876,Caswell Massey,Centuries Sandalwood,2017,https://www.fragrantica.com/perfume/Caswell-Massey/Centuries-Sandalwood-50021.html
35877,Caswell Massey,Centuries Verbena,2017,https://www.fragrantica.com/perfume/Caswell-Massey/Centuries-Verbena-50022.html
35878,Caswell-Massey,Charleston - Lord Ashley Cooper,,https://www.parfumo.com/Perfumes/Caswell_Massey/Charleston__Lord_Ashley_Cooper
35879,Caswell-Massey,Charleston - Southern Gardenia,,https://www.parfumo.com/Perfumes/Caswell_Massey/Charleston__Southern_Gardenia
35880,Caswell Massey,Classic Greenbriar,2017,https://www.fragrantica.com/perfume/Caswell-Massey/Classic-Greenbriar-50088.html
35881,Caswell Massey,Classic Newport,2017,https://www.fragrantica.com/perfume/Caswell-Massey/Classic-Newport-50087.html
35882,Caswell Massey,Cucumber,,https://www.fragrantica.com/perfume/Caswell-Massey/Cucumber-49880.html
35883,Caswell-Massey,Damask Rose,,https://www.parfumo.com/Perfumes/Caswell_Massey/Damask_Rose
35884,Caswell Massey,Damask Rose Signature Scent,,https://www.fragrantica.com/perfume/Caswell-Massey/Damask-Rose-Signature-Scent-49870.html
35885,Caswell Massey,Distiller's Lounge,2026,https://www.fragrantica.com/perfume/Caswell-Massey/Distiller-s-Lounge-131561.html
35886,Caswell Massey,Elixir of Love,,https://www.fragrantica.com/perfume/Caswell-Massey/Elixir-of-Love-8510.html
35887,Caswell-Massey,Elixir Of Love No.1,,https://www.parfumo.com/Perfumes/Caswell_Massey/elixir-of-love-no-1
35888,Caswell Massey,English Lavender,,https://www.fragrantica.com/perfume/Caswell-Massey/English-Lavender-49873.html
35889,Caswell Massey,English Lavender Signature Scent,,https://www.fragrantica.com/perfume/Caswell-Massey/English-Lavender-Signature-Scent-8501.html
35890,Caswell Massey,Freesia,,https://www.parfumo.com/Perfumes/Caswell_Massey/Freesia
35891,Caswell Massey,Freesia Signature Scent,,https://www.fragrantica.com/perfume/Caswell-Massey/Freesia-Signature-Scent-8506.html
35892,Caswell Massey,Gardenia,,https://www.fragrantica.com/perfume/Caswell-Massey/Gardenia-8503.html
35893,Caswell Massey,Greenbriar Caswell-Massey After Shave,,https://www.parfumo.com/Perfumes/Caswell_Massey/Greenbriar_After_Shave
35894,Caswell Massey,Greenbriar (Eau de Cologne),,https://www.fragrantica.com/perfume/Caswell-Massey/Greenbriar-8512.html
35895,Caswell Massey,Heliotrope,,https://www.fragrantica.com/perfume/Caswell-Massey/Heliotrope-49878.html
35896,Caswell Massey,Heritage 2571,2023,https://www.fragrantica.com/perfume/Caswell-Massey/Heritage-2571-84031.html
35897,Caswell Massey,Heritage Jockey Club,2017,https://www.fragrantica.com/perfume/Caswell-Massey/Heritage-Jockey-Club-50086.html
35898,Caswell Massey,Heritage Tricorn,2017,https://www.fragrantica.com/perfume/Caswell-Massey/Heritage-Tricorn-50085.html
35899,Caswell Massey,Honeysuckle,,https://www.fragrantica.com/perfume/Caswell-Massey/Honeysuckle-8505.html
35900,Caswell Massey,Honeysuckle Eau de Toilette,2023,https://www.fragrantica.com/perfume/Caswell-Massey/Honeysuckle-Eau-de-Toilette-81886.html
35901,Caswell Massey,Jockey Club (After Shave),,https://www.fragrantica.com/perfume/Caswell-Massey/Jockey-Club-8517.html
35902,Caswell-Massey,Jockey Club Caswell-Massey 1903 Cologne (Eau de Cologne),1903,https://www.parfumo.com/Perfumes/Caswell_Massey/jockey-club-cologne
35903,Caswell-Massey,Jockey Club Caswell-Massey 2007 Eau de Parfum,2007,https://www.parfumo.com/Perfumes/Caswell_Massey/jockey-club-eau-de-parfum
35904,Caswell-Massey,Jockey Club Eau De Parfum,,https://huggingface.co/datasets/doevent/perfume
35905,Caswell Massey,Lake Fragrance Tonic,2019,https://www.fragrantica.com/perfume/Caswell-Massey/Lake-Fragrance-Tonic-54653.html
35906,Caswell Massey,Lavender,2012,https://www.fragrantica.com/perfume/Caswell-Massey/Lavender-16162.html
35907,Caswell Massey,Lavender (Original),,https://www.fragrantica.com/perfume/Caswell-Massey/Lavender-Original-49871.html
35908,Caswell Massey,Lemony Lime,,https://www.parfumo.com/Perfumes/Caswell_Massey/Lemony_Lime
35909,Caswell Massey,Lilac,,https://www.fragrantica.com/perfume/Caswell-Massey/Lilac-8504.html
35910,Caswell Massey,Lilac Eau de Toilette,2023,https://www.fragrantica.com/perfume/Caswell-Massey/Lilac-Eau-de-Toilette-81889.html
35911,Caswell Massey,Lily of the Valley,,https://www.parfumo.com/Perfumes/Caswell_Massey/Lily_of_the_Valley
35912,Caswell Massey,Lily of the Valley Signature Scent,,https://www.fragrantica.com/perfume/Caswell-Massey/Lily-of-the-Valley-Signature-Scent-8502.html
35913,Caswell Massey,Lime,,https://www.fragrantica.com/perfume/Caswell-Massey/Lime-8521.html
35914,Caswell Massey,Living Floral - Gardenia,1984,https://www.parfumo.com/Perfumes/Caswell_Massey/living-floral-gardenia
35915,Caswell-Massey,Living Floral - Honeysuckle,,https://www.parfumo.com/Perfumes/Caswell_Massey/living-floral-honeysuckle
35916,Caswell-Massey,Living Floral - Lilac,,https://www.parfumo.com/Perfumes/Caswell_Massey/living-floral-lilac
35917,Caswell-Massey,Living Floral - Orchid,,https://www.parfumo.com/Perfumes/Caswell_Massey/living-floral-orchid
35918,Caswell Massey,Living Floral - Peony,,https://www.parfumo.com/Perfumes/Caswell_Massey/living-floral-peony
35919,Caswell Massey,Living Floral - Rose Beatrix,2015,https://www.parfumo.com/Perfumes/Caswell_Massey/living-floral-rose-beatrix
35920,Caswell Massey,Lord Ashley Cooper,,https://www.fragrantica.com/perfume/Caswell-Massey/Lord-Ashley-Cooper-49875.html
35921,Caswell-Massey,LX48 Caswell-Massey 2007 Eau de Parfum,2007,https://www.parfumo.com/Perfumes/Caswell_Massey/lx48-eau-de-parfum
35922,Caswell Massey,LX48 (Eau de Cologne),,https://www.fragrantica.com/perfume/Caswell-Massey/LX48-50020.html
35923,Caswell Massey,Mammoth Fragrance Tonic,2019,https://www.fragrantica.com/perfume/Caswell-Massey/Mammoth-Fragrance-Tonic-54656.html
35924,Caswell Massey,Marem,2014,https://www.fragrantica.com/perfume/Caswell-Massey/Marem-50019.html
35925,Caswell Massey,Marem Eau de Parfum,2023,https://www.fragrantica.com/perfume/Caswell-Massey/Marem-Eau-de-Parfum-81887.html
35926,Caswell Massey,Michelsen Bay Rum,2008,https://www.parfumo.com/Perfumes/Caswell_Massey/michelsen-bay-rum
35927,Caswell Massey,Michelsen's Bay Rum,,https://www.fragrantica.com/perfume/Caswell-Massey/Michelsen-s-Bay-Rum-8522.html
35928,Caswell-Massey,Newport Caswell-Massey After Shave,,https://www.parfumo.com/Perfumes/Caswell_Massey/Newport_After_Shave
35929,Caswell Massey,Newport (Eau de Cologne),,https://www.fragrantica.com/perfume/Caswell-Massey/Newport-8513.html
35930,Caswell Massey,Number Six Caswell-Massey After Shave,,https://www.parfumo.com/Perfumes/Caswell_Massey/Number_Six_After_Shave
35931,Caswell Massey,Number Six (Eau de Cologne),2018,https://www.fragrantica.com/perfume/Caswell-Massey/Number-Six-8516.html
35932,Caswell Massey,OAIRE,2024,https://www.fragrantica.com/perfume/Caswell-Massey/OAIRE-92961.html
35933,Caswell Massey,Old Faithful Fragrance Tonic,2019,https://www.fragrantica.com/perfume/Caswell-Massey/Old-Faithful-Fragrance-Tonic-54652.html
35934,Caswell Massey,Orchid Eau de Parfum,2023,https://www.fragrantica.com/perfume/Caswell-Massey/Orchid-Eau-de-Parfum-81890.html
35935,Caswell Massey,Peony Eau de Parfum,2023,https://www.fragrantica.com/perfume/Caswell-Massey/Peony-Eau-de-Parfum-81884.html
35936,Caswell Massey,Persian Leather,2009,https://www.parfumo.com/Perfumes/Caswell_Massey/Persian_Leather
35937,Caswell-Massey,Petals & Lace,,https://www.parfumo.com/Perfumes/Caswell_Massey/Petals__Lace
35938,Caswell-Massey,Pomegranate,,https://www.parfumo.com/Perfumes/Caswell_Massey/Pomegranate
35939,Caswell Massey,Pomegranate Signature Scent,,https://www.fragrantica.com/perfume/Caswell-Massey/Pomegranate-Signature-Scent-8500.html
35940,Caswell-Massey,Potpourri 250th Anniversary Limited Edition,,https://www.parfumo.com/Perfumes/Caswell_Massey/Potpourri_250th_Anniversary_Limited_Edition
35941,Caswell Massey,Pure Frost,2012,https://www.fragrantica.com/perfume/Caswell-Massey/Pure-Frost-16161.html
35942,Caswell Massey,Purple Sage,,https://www.fragrantica.com/perfume/Caswell-Massey/Purple-Sage-49874.html
35943,Caswell Massey,Red Jasmin,,https://www.fragrantica.com/perfume/Caswell-Massey/Red-Jasmin-49869.html
35944,Caswell Massey,RÒS,,https://www.fragrantica.com/perfume/Caswell-Massey/ROS-50018.html
35945,Caswell Massey,Rose Eau de Parfum,2023,https://www.fragrantica.com/perfume/Caswell-Massey/Rose-Eau-de-Parfum-81885.html
35946,Caswell Massey,Sandalwood,,https://www.fragrantica.com/perfume/Caswell-Massey/Sandalwood-8511.html
35947,Caswell Massey,Seaboard Matcha,2026,https://www.fragrantica.com/perfume/Caswell-Massey/Seaboard-Matcha-127941.html
35948,Caswell Massey,Southern Gardenia,,https://www.fragrantica.com/perfume/Caswell-Massey/Southern-Gardenia-49876.html
35949,Caswell-Massey,Supernatural Number Six,,https://huggingface.co/datasets/doevent/perfume
35950,Caswell Massey,Supernatural VI,2018,https://www.fragrantica.com/perfume/Caswell-Massey/Supernatural-VI-51040.html
35951,Caswell Massey,Tower Fall Fragrance Tonic,2019,https://www.fragrantica.com/perfume/Caswell-Massey/Tower-Fall-Fragrance-Tonic-54654.html
35952,Caswell Massey,Tricorn Caswell-Massey 2007 Aftershave (After Shave),2007,https://www.parfumo.com/Perfumes/Caswell_Massey/tricorn-aftershave
35953,Caswell Massey,Tricorn (Eau de Cologne),,https://www.fragrantica.com/perfume/Caswell-Massey/Tricorn-8519.html
35954,Caswell Massey,Valentina’s My Own Cologne (Eau de Cologne),,https://www.fragrantica.com/perfume/Caswell-Massey/Valentina-s-My-Own-Cologne-49872.html
35955,Caswell-Massey,Vanilla Orchid,,https://www.parfumo.com/Perfumes/Caswell_Massey/Vanilla_Orchid
35956,Caswell Massey,Vanilla Orchid Signature Scent,,https://www.fragrantica.com/perfume/Caswell-Massey/Vanilla-Orchid-Signature-Scent-8499.html
35957,Caswell Massey,Verbena,2012,https://www.fragrantica.com/perfume/Caswell-Massey/Verbena-16163.html
35958,Caswell Massey,Verbena Cologne Spray (Eau de Cologne),,https://www.fragrantica.com/perfume/Caswell-Massey/Verbena-Cologne-Spray-8520.html
35959,Caswell Massey,Vetiver,,https://www.fragrantica.com/perfume/Caswell-Massey/Vetiver-49879.html
35960,Caswell-Massey,VI Number Six Caswell-Massey 2002 Eau de Parfum,2002,https://www.parfumo.com/Perfumes/Caswell_Massey/vi-number-six-eau-de-parfum
35961,Caswell Massey,VIC,,https://www.parfumo.com/Perfumes/Caswell_Massey/vic
35962,Caswell Massey,VIC Orchid,,https://www.fragrantica.com/perfume/Caswell-Massey/VIC-Orchid-56370.html
35963,Caswell Massey,White Rose,,https://www.fragrantica.com/perfume/Caswell-Massey/White-Rose-49877.html
35964,Caswell Massey,Woodgrain,,https://www.parfumo.com/Perfumes/Caswell_Massey/woodgrain
35965,Caswell-Massey,Woodgrain Sandalwood,,https://huggingface.co/datasets/doevent/perfume
35966,Caswell Massey,Yellowstone - Canyon,1998,https://www.parfumo.com/Perfumes/Caswell_Massey/Yellowstone__Canyon
35967,Caswell Massey,Yellowstone - Lake,2006,https://www.parfumo.com/Perfumes/Caswell_Massey/Yellowstone__Lake
35968,Caswell-Massey,Yellowstone - Mammoth,,https://www.parfumo.com/Perfumes/Caswell_Massey/Yellowstone__Mammoth
35969,Caswell Massey,Yellowstone - Old Faithful,1915,https://www.parfumo.com/Perfumes/Caswell_Massey/Yellowstone__Old_Faithful
35970,Caswell Massey,Yellowstone - Tower Fall,2001,https://www.parfumo.com/Perfumes/Caswell_Massey/Yellowstone__Tower_Fall
35971,Catharine Hill,Cherry Breeze Body Splash (Body Mist),2025,https://www.fragrantica.com/perfume/Catharine-Hill/Cherry-Breeze-Body-Splash-113671.html
35972,Catharine Hill,Chill Santorini,2024,https://www.fragrantica.com/perfume/Catharine-Hill/Chill-Santorini-113670.html
35973,Cathay Pacific Airways,Parfum de Voyage,2017,https://www.fragrantica.com/perfume/Cathay-Pacific-Airways/Parfum-de-Voyage-46412.html
35974,Catherine Deneuve,Deneuve,1986,https://www.fragrantica.com/perfume/Catherine-Deneuve/Deneuve-2688.html
35975,Catherine Lara,Aral Un des Sens,2009,https://www.fragrantica.com/perfume/Catherine-Lara/Aral-Un-des-Sens-6839.html
35976,Catherine Malandrino,L'Energie de New York,2017,https://www.fragrantica.com/perfume/Catherine-Malandrino/L-Energie-de-New-York-66628.html
35977,Catherine Malandrino,Luxe de Venise,2020,https://www.fragrantica.com/perfume/Catherine-Malandrino/Luxe-de-Venise-60431.html
35978,Catherine Malandrino,Mystere,2023,https://www.fragrantica.com/perfume/Catherine-Malandrino/Mystere-127886.html
35979,Catherine Malandrino,Romance de Provence,2016,https://www.fragrantica.com/perfume/Catherine-Malandrino/Romance-de-Provence-40005.html
35980,Catherine Malandrino,Special Moments,2022,https://www.fragrantica.com/perfume/Catherine-Malandrino/Special-Moments-82819.html
35981,Catherine Malandrino,Style de Paris,2014,https://www.fragrantica.com/perfume/Catherine-Malandrino/Style-de-Paris-30005.html
35982,Catherine Malandrino,Transcendent,2023,https://www.fragrantica.com/perfume/Catherine-Malandrino/Transcendent-85052.html
35983,Catherine Malandrino,Unconquered,2023,https://www.fragrantica.com/perfume/Catherine-Malandrino/Unconquered-85051.html
35984,Catherine Malandrino,Violet Gem,2022,https://www.fragrantica.com/perfume/Catherine-Malandrino/Violet-Gem-82818.html
35985,Catherine Omai,Contagious Gold,2019,https://www.fragrantica.com/perfume/Catherine-Omai/Contagious-Gold-56664.html
35986,Catherine Omai,Contagious Green,2023,https://www.fragrantica.com/perfume/Catherine-Omai/Contagious-Green-80696.html
35987,Catherine Omai,Contagious Rose,2023,https://www.fragrantica.com/perfume/Catherine-Omai/Contagious-Rose-79663.html
35988,Cathy Carden,Carmen,,https://www.fragrantica.com/perfume/Cathy-Carden/Carmen-33883.html
35989,Cathy Carden,Space,1994,https://www.fragrantica.com/perfume/Cathy-Carden/Space-32966.html
35990,Cathy Carden,Space,1998,https://www.fragrantica.com/perfume/Cathy-Carden/Space-32967.html
35991,Cathy Carden,Space 21st,2001,https://www.fragrantica.com/perfume/Cathy-Carden/Space-21st-49618.html
35992,Cathy Carden,Space Eau du Jour,,https://www.fragrantica.com/perfume/Cathy-Carden/Space-Eau-du-Jour-49622.html
35993,Cathy Carden,Space Eau du Soir,,https://www.fragrantica.com/perfume/Cathy-Carden/Space-Eau-du-Soir-49621.html
35994,Cathy Guetta,Ibiza Femme,2004,https://www.fragrantica.com/perfume/Cathy-Guetta/Ibiza-Femme-320.html
35995,Cathy Guetta,Ibiza for Men,2004,https://www.fragrantica.com/perfume/Cathy-Guetta/Ibiza-for-Men-2073.html
35996,Cathy Guetta,Pink Power,2008,https://www.fragrantica.com/perfume/Cathy-Guetta/Pink-Power-3884.html
35997,Catie's Bubbles,Florentine Fern,2017,https://www.fragrantica.com/perfume/Catie-s-Bubbles/Florentine-Fern-44148.html
35998,Catie's Bubbles,Le Piment de la Vie Eau de Cologne,2017,https://www.fragrantica.com/perfume/Catie-s-Bubbles/Le-Piment-de-la-Vie-Eau-de-Cologne-44145.html
35999,Catie's Bubbles,Menage A Lavande,2017,https://www.fragrantica.com/perfume/Catie-s-Bubbles/Menage-A-Lavande-44147.html
36000,Catie's Bubbles,Quatre Cent Vingt,2017,https://www.fragrantica.com/perfume/Catie-s-Bubbles/Quatre-Cent-Vingt-44146.html36001,Catrice,C010 Clouds of Seoul Mist,2026,https://www.fragrantica.com/perfume/Catrice/C010-Clouds-of-Seoul-Mist-133250.html
36002,Catrice,L'Eau so Magic! Mist,2025,https://www.fragrantica.com/perfume/Catrice/L-Eau-so-Magic-Mist-133251.html
36003,Catrice,L'Eau So Sunkissed,2026,https://www.fragrantica.com/perfume/Catrice/L-Eau-So-Sunkissed-137580.html
36004,Catrice,Spring's Signature,2026,https://www.fragrantica.com/perfume/Catrice/Spring-s-Signature-130357.html
36005,Catrice,The Joker,2024,https://www.fragrantica.com/perfume/Catrice/The-Joker-137581.html
36006,Cattier,Eau Boisee,2008,https://www.fragrantica.com/perfume/Cattier/Eau-Boisee-3656.html
36007,Cattier,Eau Champetre,2008,https://www.fragrantica.com/perfume/Cattier/Eau-Champetre-3657.html
36008,Cattier,Eau de Mai,2008,https://www.fragrantica.com/perfume/Cattier/Eau-de-Mai-3658.html
36009,Cattier,Eau de Matin,2008,https://www.fragrantica.com/perfume/Cattier/Eau-de-Matin-3660.html
36010,Cattier,Eau de Provence,2008,https://www.fragrantica.com/perfume/Cattier/Eau-de-Provence-3659.html
36011,Cattier,Eau du Verger,2008,https://www.fragrantica.com/perfume/Cattier/Eau-du-Verger-3661.html
36012,Cattier,Tonissima,,https://www.fragrantica.com/perfume/Cattier/Tonissima-3662.html
36013,Caudalie,Ange des Vignes,2023,https://www.fragrantica.com/perfume/Caudalie/Ange-des-Vignes-83510.html
36014,Caudalie,Eau Des Vignes,2017,https://www.fragrantica.com/perfume/Caudalie/Eau-Des-Vignes-46049.html
36015,Caudalie,Figue de Vigne,2013,https://www.parfumo.com/Perfumes/Caudalie/Figue_de_Vigne
36016,Caudalie,Figue de Vigne Eau Fraiche,2013,https://www.fragrantica.com/perfume/Caudalie/Figue-de-Vigne-Eau-Fraiche-18096.html
36017,Caudalie,Fleur de Vigne,2002,https://www.fragrantica.com/perfume/Caudalie/Fleur-de-Vigne-4331.html
36018,Caudalie,Huile Divine (Perfume Oil),,https://www.fragrantica.com/perfume/Caudalie/Huile-Divine-24295.html
36019,Caudalie,Parfum Divin,2014,https://www.fragrantica.com/perfume/Caudalie/Parfum-Divin-25048.html
36020,Caudalie,Rose de Vigne,2015,https://www.fragrantica.com/perfume/Caudalie/Rose-de-Vigne-31290.html
36021,Caudalie,Soleil des Vignes,2021,https://www.fragrantica.com/perfume/Caudalie/Soleil-des-Vignes-68558.html
36022,Caudalie,Thé Des Vignes,2011,https://www.fragrantica.com/perfume/Caudalie/The-Des-Vignes-12696.html
36023,Caudalie,Zeste de Vigne,2011,https://www.fragrantica.com/perfume/Caudalie/Zeste-de-Vigne-12695.html
36024,Cavalera,Bay Rum,2019,https://www.fragrantica.com/perfume/Cavalera/Bay-Rum-59665.html
36025,Cavalinho,Cavalinho Gold For Her,,https://www.fragrantica.com/perfume/Cavalinho/Cavalinho-Gold-For-Her-95828.html
36026,Cavalinho,Cavalinho Gold For Him,2023,https://www.fragrantica.com/perfume/Cavalinho/Cavalinho-Gold-For-Him-95827.html
36027,Cavalinho,Fleur d'Amour,2025,https://www.fragrantica.com/perfume/Cavalinho/Fleur-d-Amour-121702.html
36028,Cavalinho,Secret Passion For Her,2024,https://www.fragrantica.com/perfume/Cavalinho/Secret-Passion-For-Her-95829.html
36029,Cavalinho,Secret Passion For Him,2024,https://www.fragrantica.com/perfume/Cavalinho/Secret-Passion-For-Him-95830.html
36030,Cavarel,Cereza,2026,https://www.fragrantica.com/perfume/Cavarel/Cereza-138440.html
36031,Cavarel,Marinero,2026,https://www.fragrantica.com/perfume/Cavarel/Marinero-138441.html
36032,Cave,Alheba,,https://www.fragrantica.com/perfume/Cave/Alheba-80714.html
36033,Cave,Ambra,,https://www.fragrantica.com/perfume/Cave/Ambra-80705.html
36034,Cave,Amor,,https://www.fragrantica.com/perfume/Cave/Amor-91048.html
36035,Cave,Bloomé,2026,https://www.fragrantica.com/perfume/Cave/Bloome-140148.html
36036,Cave,Caffè Rosa Vaniglia,,https://www.fragrantica.com/perfume/Cave/Caffe-Rosa-Vaniglia-80713.html
36037,Cave,Cashmere Oud,,https://www.fragrantica.com/perfume/Cave/Cashmere-Oud-80711.html
36038,Cave,Imperial Saffron,,https://www.fragrantica.com/perfume/Cave/Imperial-Saffron-80710.html
36039,Cave,Love Declaration,,https://www.fragrantica.com/perfume/Cave/Love-Declaration-91354.html
36040,Cave,Marine,2024,https://www.fragrantica.com/perfume/Cave/Marine-102291.html
36041,Cave,Mystic Moon,,https://www.fragrantica.com/perfume/Cave/Mystic-Moon-91355.html
36042,Cave,Patchouly,,https://www.fragrantica.com/perfume/Cave/Patchouly-80707.html
36043,Cave,Rosa Vaniglia,,https://www.fragrantica.com/perfume/Cave/Rosa-Vaniglia-80702.html
36044,Cave,Secret Tuberose,2024,https://www.fragrantica.com/perfume/Cave/Secret-Tuberose-100876.html
36045,Cave,Sunset Caramel,2025,https://www.fragrantica.com/perfume/Cave/Sunset-Caramel-108785.html
36046,Cave,Sweet Rose,,https://www.fragrantica.com/perfume/Cave/Sweet-Rose-80712.html
36047,Cave,White Amber,2025,https://www.fragrantica.com/perfume/Cave/White-Amber-103032.html
36048,Cave,Wood Mirage,2025,https://www.fragrantica.com/perfume/Cave/Wood-Mirage-119880.html
36049,Cave,Xander,,https://www.fragrantica.com/perfume/Cave/Xander-91356.html
36050,Cave London,Angel Dust,2022,https://www.fragrantica.com/perfume/Cave-London/Angel-Dust-137109.html
36051,Cave London,Belgravia Oud,2022,https://www.fragrantica.com/perfume/Cave-London/Belgravia-Oud-137110.html
36052,Cave London,Brixton Opium,2022,https://www.fragrantica.com/perfume/Cave-London/Brixton-Opium-137111.html
36053,Cave London,Covent Garden Emperor,2022,https://www.fragrantica.com/perfume/Cave-London/Covent-Garden-Emperor-137112.html
36054,Cave London,Emirati Emerald,2022,https://www.fragrantica.com/perfume/Cave-London/Emirati-Emerald-137113.html
36055,Cave London,Hampstead Heritage,2022,https://www.fragrantica.com/perfume/Cave-London/Hampstead-Heritage-137114.html
36056,Cave London,Kensington Oud,2022,https://www.fragrantica.com/perfume/Cave-London/Kensington-Oud-137115.html
36057,Cave London,Knightsbridge Nights,2022,https://www.fragrantica.com/perfume/Cave-London/Knightsbridge-Nights-137116.html
36058,Cave London,Marylebone Roses,2022,https://www.fragrantica.com/perfume/Cave-London/Marylebone-Roses-137117.html
36059,Cave London,Mayfair Musk,2022,https://www.fragrantica.com/perfume/Cave-London/Mayfair-Musk-137118.html
36060,Cave London,New Cross Noir,2023,https://www.fragrantica.com/perfume/Cave-London/New-Cross-Noir-137119.html
36061,Cave London,Oman Oud,2024,https://www.fragrantica.com/perfume/Cave-London/Oman-Oud-137120.html
36062,Cave London,Oxford Oud,2023,https://www.fragrantica.com/perfume/Cave-London/Oxford-Oud-137121.html
36063,Cave London,Qatar Quill,2024,https://www.fragrantica.com/perfume/Cave-London/Qatar-Quill-137122.html
36064,Cave London,Shoreditch Sand,2024,https://www.fragrantica.com/perfume/Cave-London/Shoreditch-Sand-137123.html
36065,Cave London,Sloane Tones,2024,https://www.fragrantica.com/perfume/Cave-London/Sloane-Tones-137124.html
36066,Cave London,Soho Musk,2024,https://www.fragrantica.com/perfume/Cave-London/Soho-Musk-137125.html
36067,Cave London,Victoria Wood,2024,https://www.fragrantica.com/perfume/Cave-London/Victoria-Wood-137126.html
36068,Caviar Elixir,Ombre Fleur Reserve,2024,https://www.fragrantica.com/perfume/Caviar-Elixir/Ombre-Fleur-Reserve-112057.html
36069,Cavok,Dew Point,2025,https://www.fragrantica.com/perfume/Cavok/Dew-Point-121246.html
36070,Cavok,Eclissi,2025,https://www.fragrantica.com/perfume/Cavok/Eclissi-121245.html
36071,Cayla Gray,Undeniable,,https://www.fragrantica.com/perfume/Cayla-Gray/Undeniable-115991.html
36072,CB I Hate Perfume,2nd Cumming,2010,https://www.fragrantica.com/perfume/CB-I-Hate-Perfume/2nd-Cumming-11236.html
36073,CB I Hate Perfume,602 Here Piggy,,https://www.fragrantica.com/perfume/CB-I-Hate-Perfume/602-Here-Piggy-127270.html
36074,CB I Hate Perfume,610 Outside,2013,https://www.fragrantica.com/perfume/CB-I-Hate-Perfume/610-Outside-19043.html
36075,CB I Hate Perfume,7 Billion Hearts,2012,https://www.fragrantica.com/perfume/CB-I-Hate-Perfume/7-Billion-Hearts-23233.html
36076,CB I Hate Perfume,AmBrosius,2009,https://www.fragrantica.com/perfume/CB-I-Hate-Perfume/AmBrosius-8666.html
36077,CB I Hate Perfume,At The Beach 1966,2005,https://www.fragrantica.com/perfume/CB-I-Hate-Perfume/At-The-Beach-1966-8652.html
36078,CB I Hate Perfume,Beautiful Launderette - 047,2009,https://www.fragrantica.com/perfume/CB-I-Hate-Perfume/Beautiful-Launderette-047-25021.html
36079,CB I Hate Perfume,Burning Leaves,2005,https://www.fragrantica.com/perfume/CB-I-Hate-Perfume/Burning-Leaves-8640.html
36080,CB I Hate Perfume,Burnt Wood,2009,https://www.fragrantica.com/perfume/CB-I-Hate-Perfume/Burnt-Wood-25024.html
36081,CB I Hate Perfume,CB93,2005,https://www.fragrantica.com/perfume/CB-I-Hate-Perfume/CB93-8663.html
36082,CB I Hate Perfume,CBMUSK,2004,https://www.fragrantica.com/perfume/CB-I-Hate-Perfume/CBMUSK-8659.html
36083,CB I Hate Perfume,Cedarwood Tea,2006,https://www.fragrantica.com/perfume/CB-I-Hate-Perfume/Cedarwood-Tea-8647.html
36084,CB I Hate Perfume,Champaca,2013,https://www.fragrantica.com/perfume/CB-I-Hate-Perfume/Champaca-23232.html
36085,CB I Hate Perfume,Cradle of Light,2006,https://www.fragrantica.com/perfume/CB-I-Hate-Perfume/Cradle-of-Light-8661.html
36086,CB I Hate Perfume,Crushed Fig Leaf,2000,https://www.fragrantica.com/perfume/CB-I-Hate-Perfume/Crushed-Fig-Leaf-15435.html
36087,CB I Hate Perfume,Eternal Return,2007,https://www.fragrantica.com/perfume/CB-I-Hate-Perfume/Eternal-Return-1241.html
36088,CB I Hate Perfume,Fire From Heaven,2007,https://www.fragrantica.com/perfume/CB-I-Hate-Perfume/Fire-From-Heaven-8645.html
36089,CB I Hate Perfume,Gathering Apples,2005,https://www.fragrantica.com/perfume/CB-I-Hate-Perfume/Gathering-Apples-8657.html
36090,CB I Hate Perfume,Gingerbread,2013,https://www.fragrantica.com/perfume/CB-I-Hate-Perfume/Gingerbread-23225.html
36091,CB I Hate Perfume,Grass,2009,https://www.fragrantica.com/perfume/CB-I-Hate-Perfume/Grass-15436.html
36092,CB I Hate Perfume,Greenbriar 1968,2007,https://www.fragrantica.com/perfume/CB-I-Hate-Perfume/Greenbriar-1968-8660.html
36093,CB I Hate Perfume,I am a Dandelion,2007,https://www.fragrantica.com/perfume/CB-I-Hate-Perfume/I-am-a-Dandelion-1239.html
36094,CB I Hate Perfume,In The Library,2005,https://www.fragrantica.com/perfume/CB-I-Hate-Perfume/In-The-Library-8641.html
36095,CB I Hate Perfume,In The Summer Kitchen,2004,https://www.fragrantica.com/perfume/CB-I-Hate-Perfume/In-The-Summer-Kitchen-8651.html
36096,CB I Hate Perfume,Invisible Monster,2012,https://www.fragrantica.com/perfume/CB-I-Hate-Perfume/Invisible-Monster-23234.html
36097,CB I Hate Perfume,Jasmine Sambac,2013,https://www.fragrantica.com/perfume/CB-I-Hate-Perfume/Jasmine-Sambac-23226.html
36098,CB I Hate Perfume,Jonquil,2013,https://www.fragrantica.com/perfume/CB-I-Hate-Perfume/Jonquil-23227.html
36099,CB I Hate Perfume,Just Breathe,2005,https://www.fragrantica.com/perfume/CB-I-Hate-Perfume/Just-Breathe-8648.html
36100,CB I Hate Perfume,Lavender Tea,2006,https://www.fragrantica.com/perfume/CB-I-Hate-Perfume/Lavender-Tea-8662.html
36101,CB I Hate Perfume,M1 Narcissus,2004,https://www.fragrantica.com/perfume/CB-I-Hate-Perfume/M1-Narcissus-23235.html
36102,CB I Hate Perfume,M2 Black March,2006,https://www.fragrantica.com/perfume/CB-I-Hate-Perfume/M2-Black-March-8642.html
36103,CB I Hate Perfume,M4 A Room With A View,2009,https://www.fragrantica.com/perfume/CB-I-Hate-Perfume/M4-A-Room-With-A-View-8773.html
36104,CB I Hate Perfume,M5 Where We Are There Is No Here,2011,https://www.fragrantica.com/perfume/CB-I-Hate-Perfume/M5-Where-We-Are-There-Is-No-Here-14373.html
36105,CB I Hate Perfume,Memory of Kindness,2006,https://www.fragrantica.com/perfume/CB-I-Hate-Perfume/Memory-of-Kindness-8646.html
36106,CB I Hate Perfume,Mr Hulot's Holiday,2004,https://www.fragrantica.com/perfume/CB-I-Hate-Perfume/Mr-Hulot-s-Holiday-8650.html
36107,CB I Hate Perfume,Narcissus,2013,https://www.fragrantica.com/perfume/CB-I-Hate-Perfume/Narcissus-23229.html
36108,CB I Hate Perfume,Neroli,2013,https://www.fragrantica.com/perfume/CB-I-Hate-Perfume/Neroli-23231.html
36109,CB I Hate Perfume,North Atlantic,2010,https://www.fragrantica.com/perfume/CB-I-Hate-Perfume/North-Atlantic-15434.html
36110,CB I Hate Perfume,November,2008,https://www.fragrantica.com/perfume/CB-I-Hate-Perfume/November-7137.html
36111,CB I Hate Perfume,Old Leather,2009,https://www.fragrantica.com/perfume/CB-I-Hate-Perfume/Old-Leather-25025.html
36112,CB I Hate Perfume,On A Clear Day You Can See Forever,2007,https://www.parfumo.com/Perfumes/CB_I_Hate_Perfume/108_On_A_Clear_Day_You_Can_See_Forever
36113,CB I Hate Perfume,Patchouli Empire,2005,https://www.fragrantica.com/perfume/CB-I-Hate-Perfume/Patchouli-Empire-8643.html
36114,CB I Hate Perfume,Pumpkin Pie,1998,https://www.parfumo.com/Perfumes/CB_I_Hate_Perfume/0154_Pumpkin_Pie
36115,CB I Hate Perfume,Revelation,2006,https://www.fragrantica.com/perfume/CB-I-Hate-Perfume/Revelation-8664.html
36116,CB I Hate Perfume,Russian Caravan Tea,2004,https://www.fragrantica.com/perfume/CB-I-Hate-Perfume/Russian-Caravan-Tea-8649.html
36117,CB I Hate Perfume,Smokey Tobacco,2009,https://www.fragrantica.com/perfume/CB-I-Hate-Perfume/Smokey-Tobacco-25026.html
36118,CB I Hate Perfume,Soaked Earth,2009,https://www.fragrantica.com/perfume/CB-I-Hate-Perfume/Soaked-Earth-15433.html
36119,CB I Hate Perfume,Tea/Rose,2005,https://www.fragrantica.com/perfume/CB-I-Hate-Perfume/Tea-Rose-4067.html
36120,CB I Hate Perfume,The Fir Tree,2004,https://www.fragrantica.com/perfume/CB-I-Hate-Perfume/The-Fir-Tree-15432.html
36121,CB I Hate Perfume,Tidal Pool,2004,https://www.parfumo.com/Perfumes/CB_I_Hate_Perfume/0071_Tidal_Pool
36122,CB I Hate Perfume,To See A Flower,2005,https://www.fragrantica.com/perfume/CB-I-Hate-Perfume/To-See-A-Flower-8667.html
36123,CB I Hate Perfume,Tuberose,2013,https://www.fragrantica.com/perfume/CB-I-Hate-Perfume/Tuberose-23230.html
36124,CB I Hate Perfume,Under the Arbor,2007,https://www.fragrantica.com/perfume/CB-I-Hate-Perfume/Under-the-Arbor-8665.html
36125,CB I Hate Perfume,Violet Empire,2006,https://www.fragrantica.com/perfume/CB-I-Hate-Perfume/Violet-Empire-15431.html
36126,CB I Hate Perfume,Walking in the Air,2007,https://www.fragrantica.com/perfume/CB-I-Hate-Perfume/Walking-in-the-Air-8658.html
36127,CB I Hate Perfume,Wet Pavement London,2014,https://www.fragrantica.com/perfume/CB-I-Hate-Perfume/Wet-Pavement-London-47868.html
36128,CB I Hate Perfume,Wet Stone - 0162,2015,https://www.fragrantica.com/perfume/CB-I-Hate-Perfume/Wet-Stone-0162-66740.html
36129,CB I Hate Perfume,White Ginger,2007,https://www.fragrantica.com/perfume/CB-I-Hate-Perfume/White-Ginger-15438.html
36130,CB I Hate Perfume,White Ginger Flower,2009,https://www.fragrantica.com/perfume/CB-I-Hate-Perfume/White-Ginger-Flower-25027.html
36131,CB I Hate Perfume,Wild Hunt,2007,https://www.fragrantica.com/perfume/CB-I-Hate-Perfume/Wild-Hunt-1240.html
36132,CB I Hate Perfume,Wild Pansy,2006,https://www.fragrantica.com/perfume/CB-I-Hate-Perfume/Wild-Pansy-4066.html
36133,CB I Hate Perfume,Wildflower Honey,2009,https://www.fragrantica.com/perfume/CB-I-Hate-Perfume/Wildflower-Honey-15437.html
36134,CB I Hate Perfume,Winter 1972,2005,https://www.fragrantica.com/perfume/CB-I-Hate-Perfume/Winter-1972-8644.html
36135,cbcb fragrances,COMRADE,2026,https://www.fragrantica.com/perfume/cbcb-fragrances/COMRADE-132278.html
36136,cbcb fragrances,DIVERSION,2020,https://www.fragrantica.com/perfume/cbcb-fragrances/DIVERSION-121427.html
36137,cbcb fragrances,GUN GIRL,2020,https://www.fragrantica.com/perfume/cbcb-fragrances/GUN-GIRL-121424.html
36138,cbcb fragrances,PAST LOVERS,2020,https://www.fragrantica.com/perfume/cbcb-fragrances/PAST-LOVERS-121426.html
36139,cbcb fragrances,STILL,2020,https://www.fragrantica.com/perfume/cbcb-fragrances/STILL-121423.html
36140,cbcb fragrances,Sweetie,2020,https://www.fragrantica.com/perfume/cbcb-fragrances/Sweetie-121425.html
36141,Cecile,Diva (Body Mist),,https://www.trendyol.com/cecile/diva-for-women-150-ml-p-100302156
36142,Cecile,Diva X2 (Body Mist),,https://www.trendyol.com/cecile/body-mist-diva-150-ml-x2-p-129861794
36143,Cecile,Diva X3 (Body Mist),,https://www.trendyol.com/cecile/body-mist-diva-150-ml-x3-p-129533017
36144,Cecile,Inanılmaz Tazelik Hissi Veren Yaz Kokusu (Body Mist),,https://www.trendyol.com/cecile/body-mist-inanilmaz-kalici-tazelik-hissi-veren-yaz-kokusu-150-ml-2-adet-p-129547158
36145,Cecile,Irıs (Eau de Toilette),,https://www.trendyol.com/cecile/iris-eau-de-toilette-for-women-55-ml-p-53758955
36146,Cecile,Iris Bayan (Eau de Toilette),,https://www.trendyol.com/cecile/iris-parfum-bayan-100-ml-p-32538318
36147,Cecile,İris Etkin Bir Yaz (Eau de Toilette),,https://www.trendyol.com/cecile/iris-cok-kalici-fark-yaratan-etkin-bir-yaz-parfumu-55ml-edt-p-654201640
36148,Cecile,İris KULLANDIĞINIZ NEDİR SORUSU ALABİLECEĞİNİZ Etkin bir Kokusudur (Eau de Toilette),,https://www.trendyol.com/cecile/iris-parfum-kullandiginiz-parfum-nedir-sorusu-alabileceginiz-cok-kalici-etkin-bir-kokusudur-100-ml-p-140355476
36149,Cecile,Iris X3 (Body Mist),,https://www.trendyol.com/cecile/body-mist-150-ml-women-iris-x3-adet-p-129544250
36150,Cecile,Lovely (Body Mist),,https://www.trendyol.com/cecile/body-mist-lovely-150-ml-p-125996194
36151,Cecile,Lovely . X (Body Mist),,https://www.trendyol.com/cecile/body-mist-lovely-150-ml-x-3-adet-p-129544248
36152,Cecile,Tiaras /KADINLARI BAŞTAN ÇIKARICI ETKİ/ (Eau de Toilette),,https://www.trendyol.com/cecile/tiaras-edt-100-ml-parfum-kadinlari-bastan-cikarici-etki-p-88636441
36153,Celebon,Amorous,2020,https://www.fragrantica.com/perfume/Celebon/Amorous-62405.html
36154,Celebon,Canaille,2019,https://www.fragrantica.com/perfume/Celebon/Canaille-55701.html
36155,Celebon,Colorist,2024,https://www.fragrantica.com/perfume/Celebon/Colorist-95708.html
36156,Celebon,Fortune,2019,https://www.fragrantica.com/perfume/Celebon/Fortune-55702.html
36157,Celebon,Iconique,2019,https://www.fragrantica.com/perfume/Celebon/Iconique-55703.html
36158,Celebon,Imparfait,2019,https://www.fragrantica.com/perfume/Celebon/Imparfait-55706.html
36159,Celebon,LONE CYPRESS,2024,https://www.fragrantica.com/perfume/Celebon/LONE-CYPRESS-95607.html
36160,Celebon,Milord,2019,https://www.fragrantica.com/perfume/Celebon/Milord-55704.html
36161,Celebon,Mogador,2019,https://www.fragrantica.com/perfume/Celebon/Mogador-55700.html
36162,Celebon,MONTEZUMA,2024,https://www.fragrantica.com/perfume/Celebon/MONTEZUMA-95608.html
36163,Celebon,Rafaelle,2019,https://www.fragrantica.com/perfume/Celebon/Rafaelle-55707.html
36164,Celebon,Revolution,2024,https://www.fragrantica.com/perfume/Celebon/Revolution-95707.html
36165,Celebon,Rise,2020,https://www.fragrantica.com/perfume/Celebon/Rise-62406.html
36166,Celebon,TREE OF LIFE,2024,https://www.fragrantica.com/perfume/Celebon/TREE-OF-LIFE-95610.html
36167,Celebon,Typhon,2019,https://www.fragrantica.com/perfume/Celebon/Typhon-55705.html
36168,Celine,Black Tie,2019,https://www.fragrantica.com/perfume/Celine/Black-Tie-57925.html
36169,Celine,Bois Dormant,2022,https://www.fragrantica.com/perfume/Celine/Bois-Dormant-76132.html
36170,Celine,Celine,2001,https://www.fragrantica.com/perfume/Celine/Celine-321.html
36171,Celine,Celine Oriental Summer,2003,https://www.fragrantica.com/perfume/Celine/Celine-Oriental-Summer-323.html
36172,Celine,Céline pour Femme,2001,https://www.parfumo.com/Perfumes/Celine/Celine_pour_Femme
36173,Celine,Céline pour Homme Celine 2001 Eau de Parfum,2001,https://www.parfumo.com/Perfumes/Celine/celine-pour-homme-eau-de-parfum
36174,Celine,Céline pour Homme Celine After Shave,,https://www.parfumo.com/Perfumes/Celine/celine-pour-homme-after-shave
36175,Celine,Celine Sensual Summer,,https://www.fragrantica.com/perfume/Celine/Celine-Sensual-Summer-324.html
36176,Celine,Collection Pastel,2006,https://www.fragrantica.com/perfume/Celine/Collection-Pastel-3864.html
36177,Celine,Cologne Céleste (Eau de Cologne),2023,https://www.fragrantica.com/perfume/Celine/Cologne-Celeste-87920.html
36178,Celine,Cologne Francaise (Eau de Cologne),2019,https://www.fragrantica.com/perfume/Celine/Cologne-Francaise-57920.html
36179,Celine,Dans Paris,2019,https://www.fragrantica.com/perfume/Celine/Dans-Paris-57921.html
36180,Celine,Eau de Californie,2019,https://www.fragrantica.com/perfume/Celine/Eau-de-Californie-57923.html
36181,Celine,Fever,2005,https://www.fragrantica.com/perfume/Celine/Fever-2822.html
36182,Celine,Fever pour Femme,2005,https://www.parfumo.com/Perfumes/Celine/Fever_pour_Femme
36183,Celine,Fever pour Homme,2005,https://www.fragrantica.com/perfume/Celine/Fever-pour-Homme-2823.html
36184,Celine,La Peau Nue,2019,https://www.fragrantica.com/perfume/Celine/La-Peau-Nue-57922.html
36185,Celine,Magic Celine 1996 Eau de Parfum,1996,https://www.parfumo.com/Perfumes/Celine/Magic_Eau_de_Parfum
36186,Celine,Magic Celine 1996 Solid Perfume,1996,https://www.parfumo.com/Perfumes/Celine/Magic_Solid_Perfume
36187,Celine,Magic (Eau de Toilette),1996,https://www.fragrantica.com/perfume/Celine/Magic-2824.html
36188,Celine,Nightclubbing,2019,https://www.fragrantica.com/perfume/Celine/Nightclubbing-57926.html
36189,Celine,Parade,2019,https://www.fragrantica.com/perfume/Celine/Parade-57918.html
36190,Celine,Reptile,2019,https://www.fragrantica.com/perfume/Celine/Reptile-57924.html
36191,Celine,Rimbaud,2022,https://www.fragrantica.com/perfume/Celine/Rimbaud-71475.html
36192,Celine,Saint-Germain-Des-Pres,2019,https://www.fragrantica.com/perfume/Celine/Saint-Germain-Des-Pres-57919.html
36193,Celine,Un Été Français,2024,https://www.fragrantica.com/perfume/Celine/Un-Ete-Francais-97828.html
36194,Celine,Vent Fou,1964,https://www.fragrantica.com/perfume/Celine/Vent-Fou-44083.html
36195,Celine,Zouzou,2024,https://www.fragrantica.com/perfume/Celine/Zouzou-92290.html
36196,Celine Dion,All For Love,2014,https://www.fragrantica.com/perfume/Celine-Dion/All-For-Love-25351.html
36197,Celine Dion,Always Belong,2006,https://www.fragrantica.com/perfume/Celine-Dion/Always-Belong-1057.html
36198,Celine Dion,Belong,2005,https://www.fragrantica.com/perfume/Celine-Dion/Belong-1056.html
36199,Celine Dion,Celine Dion,,https://www.fragrantica.com/perfume/Celine-Dion/Celine-Dion-325.html
36200,Celine Dion,Celine Dion Parfum Notes,,https://www.fragrantica.com/perfume/Celine-Dion/Celine-Dion-Parfum-Notes-326.html
36201,Celine Dion,Chic,2009,https://www.fragrantica.com/perfume/Celine-Dion/Chic-5696.html
36202,Celine Dion,Enchanting,2006,https://www.fragrantica.com/perfume/Celine-Dion/Enchanting-1058.html
36203,Celine Dion,Paris Nights,2007,https://www.fragrantica.com/perfume/Celine-Dion/Paris-Nights-3167.html
36204,Celine Dion,Pure Brilliance,2010,https://www.fragrantica.com/perfume/Celine-Dion/Pure-Brilliance-8498.html
36205,Celine Dion,Sensational,2008,https://www.fragrantica.com/perfume/Celine-Dion/Sensational-2518.html
36206,Celine Dion,Sensational Luxe Blossom,2013,https://www.fragrantica.com/perfume/Celine-Dion/Sensational-Luxe-Blossom-20816.html
36207,Celine Dion,Sensational Moment,2008,https://www.fragrantica.com/perfume/Celine-Dion/Sensational-Moment-4235.html
36208,Celine Dion,Signature,2011,https://www.fragrantica.com/perfume/Celine-Dion/Signature-12990.html
36209,Celine Dion,Simply Chic,2010,https://www.fragrantica.com/perfume/Celine-Dion/Simply-Chic-8131.html
36210,Celine Dion,Spring in Paris,2007,https://www.fragrantica.com/perfume/Celine-Dion/Spring-in-Paris-1059.html
36211,Celine Dion,Spring in Provence,2009,https://www.fragrantica.com/perfume/Celine-Dion/Spring-in-Provence-5956.html
36212,Celine Leora,Hamsa,2011,https://www.fragrantica.com/perfume/Celine-Leora/Hamsa-23046.html
36213,Celio,Amber,,https://www.fragrantica.com/perfume/Celio/Amber-140563.html
36214,Celio,Bergamot,,https://www.fragrantica.com/perfume/Celio/Bergamot-140492.html
36215,Celio,Cedar,,https://www.fragrantica.com/perfume/Celio/Cedar-140566.html
36216,Celio,Citrus,,https://www.fragrantica.com/perfume/Celio/Citrus-140490.html
36217,Celio,Leather,,https://www.fragrantica.com/perfume/Celio/Leather-140561.html
36218,Celio,Marine,,https://www.fragrantica.com/perfume/Celio/Marine-140558.html
36219,Celio,Mineral,,https://www.fragrantica.com/perfume/Celio/Mineral-140564.html
36220,Celio,Musk,,https://www.fragrantica.com/perfume/Celio/Musk-140491.html
36221,Celio,Santal,,https://www.fragrantica.com/perfume/Celio/Santal-140562.html
36222,Celio,Spice,,https://www.fragrantica.com/perfume/Celio/Spice-140559.html
36223,Celio,Tonka,,https://www.fragrantica.com/perfume/Celio/Tonka-140560.html
36224,Celio,Vetiver,,https://www.fragrantica.com/perfume/Celio/Vetiver-140565.html
36225,Cellcosmet,Cellmen,2013,https://www.fragrantica.com/perfume/Cellcosmet/Cellmen-20858.html
36226,Celuí,Celuí Signature,2020,https://www.fragrantica.com/perfume/Celui/Celui-Signature-68239.html
36227,Celuí,Eau de Malibu,2026,https://www.fragrantica.com/perfume/Celui/Eau-de-Malibu-134829.html
36228,Celuí,Eden Rocque,2026,https://www.fragrantica.com/perfume/Celui/Eden-Rocque-134832.html
36229,Celuí,Les Fleurs Sont Bu,2023,https://www.fragrantica.com/perfume/Celui/Les-Fleurs-Sont-Bu-85066.html
36230,Celuí,No. 55,2026,https://www.fragrantica.com/perfume/Celui/No-55-134831.html
36231,Celuí,Nuage Blanc,2023,https://www.fragrantica.com/perfume/Celui/Nuage-Blanc-85065.html
36232,Celuí,The One,2023,https://www.fragrantica.com/perfume/Celui/The-One-85067.html
36233,Celuí,The One 2026,2026,https://www.fragrantica.com/perfume/Celui/The-One-2026-134828.html
36234,Celuí,Tokyo,2026,https://www.fragrantica.com/perfume/Celui/Tokyo-134830.html
36235,cent.pm,eau de pensée,2025,https://www.fragrantica.com/perfume/cent-pm/eau-de-pensee-128593.html
36236,Centauri Perfumes,Antheia,2021,https://www.fragrantica.com/perfume/Centauri-Perfumes/Antheia-71449.html
36237,Centauri Perfumes,Carina,2024,https://www.fragrantica.com/perfume/Centauri-Perfumes/Carina-100600.html
36238,Centauri Perfumes,Dendera,2019,https://www.fragrantica.com/perfume/Centauri-Perfumes/Dendera-58690.html
36239,Centauri Perfumes,Elixir,2023,https://www.fragrantica.com/perfume/Centauri-Perfumes/Elixir-84125.html
36240,Centauri Perfumes,Gaea,2019,https://www.fragrantica.com/perfume/Centauri-Perfumes/Gaea-58689.html
36241,Centauri Perfumes,Mirabai,2022,https://www.fragrantica.com/perfume/Centauri-Perfumes/Mirabai-78613.html
36242,Centauri Perfumes,Om,2021,https://www.fragrantica.com/perfume/Centauri-Perfumes/Om-71945.html
36243,Centauri Perfumes,Proxima,2020,https://www.fragrantica.com/perfume/Centauri-Perfumes/Proxima-60515.html
36244,Centauri Perfumes,Santalamore,2024,https://www.fragrantica.com/perfume/Centauri-Perfumes/Santalamore-100601.html
36245,Centauri Perfumes,Vanillium,2025,https://www.fragrantica.com/perfume/Centauri-Perfumes/Vanillium-113785.html
36246,Centopercentocachemire,CO The Essence of Cotton,2025,https://www.fragrantica.com/perfume/Centopercentocachemire/CO-The-Essence-of-Cotton-115447.html
36247,Centopercentocachemire,LI The Essence of Linen,2025,https://www.fragrantica.com/perfume/Centopercentocachemire/LI-The-Essence-of-Linen-115450.html
36248,Centopercentocachemire,SE The Essence of Silk,2025,https://www.fragrantica.com/perfume/Centopercentocachemire/SE-The-Essence-of-Silk-115449.html
36249,Centopercentocachemire,WS The Essence of Cashmere,2025,https://www.fragrantica.com/perfume/Centopercentocachemire/WS-The-Essence-of-Cashmere-115448.html
36250,Centurion Parfums,Ancient Rome,2016,https://www.fragrantica.com/perfume/Centurion-Parfums/Ancient-Rome-40871.html
36251,Centurion Parfums,Armor,2016,https://www.fragrantica.com/perfume/Centurion-Parfums/Armor-38705.html
36252,Centurion Parfums,Cohort,2016,https://www.fragrantica.com/perfume/Centurion-Parfums/Cohort-38698.html
36253,Centurion Parfums,Courage,2016,https://www.fragrantica.com/perfume/Centurion-Parfums/Courage-40870.html
36254,Centurion Parfums,Kentarch,2016,https://www.fragrantica.com/perfume/Centurion-Parfums/Kentarch-40873.html
36255,Centurion Parfums,Primus Pilus,2016,https://www.fragrantica.com/perfume/Centurion-Parfums/Primus-Pilus-38697.html
36256,Centurion Parfums,Revolution,2016,https://www.fragrantica.com/perfume/Centurion-Parfums/Revolution-38702.html
36257,Centurion Parfums,Roman Leather,2016,https://www.fragrantica.com/perfume/Centurion-Parfums/Roman-Leather-38706.html
36258,Centurion Parfums,Royal Chariot,2017,https://www.fragrantica.com/perfume/Centurion-Parfums/Royal-Chariot-42931.html
36259,Centurion Parfums,Shield,2016,https://www.fragrantica.com/perfume/Centurion-Parfums/Shield-38704.html
36260,Centurion Parfums,The Emperor,2017,https://www.fragrantica.com/perfume/Centurion-Parfums/The-Emperor-42930.html
36261,Centurion Parfums,The First 100,2016,https://www.fragrantica.com/perfume/Centurion-Parfums/The-First-100-38703.html
36262,Centurion Parfums,Valiant Demenour,2016,https://www.fragrantica.com/perfume/Centurion-Parfums/Valiant-Demenour-38701.html
36263,Centurion Parfums,Victorious Opulence,2016,https://www.fragrantica.com/perfume/Centurion-Parfums/Victorious-Opulence-38699.html
36264,Cépages Parfums,Borderline,2025,https://www.fragrantica.com/perfume/Cepages-Parfums/Borderline-114905.html
36265,Cépages Parfums,Cardamome Noire,2024,https://www.fragrantica.com/perfume/Cepages-Parfums/Cardamome-Noire-100606.html
36266,Cépages Parfums,Contre Courant,2024,https://www.fragrantica.com/perfume/Cepages-Parfums/Contre-Courant-100607.html
36267,Cépages Parfums,Muscaté,2024,https://www.fragrantica.com/perfume/Cepages-Parfums/Muscate-100608.html
36268,Cépages Parfums,Taniros,2025,https://www.fragrantica.com/perfume/Cepages-Parfums/Taniros-114904.html
36269,Cera Sine Cera,Amor,2024,https://www.fragrantica.com/perfume/Cera-Sine-Cera/Amor-105664.html
36270,Cera Sine Cera,City Walk,2024,https://www.fragrantica.com/perfume/Cera-Sine-Cera/City-Walk-105665.html
36271,Cera Sine Cera,Creamy Dream,2024,https://www.fragrantica.com/perfume/Cera-Sine-Cera/Creamy-Dream-105654.html
36272,Cera Sine Cera,Crisp Sheet,2024,https://www.fragrantica.com/perfume/Cera-Sine-Cera/Crisp-Sheet-105655.html
36273,Cera Sine Cera,Endless Drizzle,2024,https://www.fragrantica.com/perfume/Cera-Sine-Cera/Endless-Drizzle-105656.html
36274,Cera Sine Cera,I Don't Go Out,2024,https://www.fragrantica.com/perfume/Cera-Sine-Cera/I-Don-t-Go-Out-105657.html
36275,Cera Sine Cera,Spring St,2024,https://www.fragrantica.com/perfume/Cera-Sine-Cera/Spring-St-105666.html
36276,Cera Sine Cera,Whisper,2024,https://www.fragrantica.com/perfume/Cera-Sine-Cera/Whisper-105663.html
36277,Cerchi Nell’Acqua,Ambr’Ero,2000,https://www.fragrantica.com/perfume/Cerchi-Nell-Acqua/Ambr-Ero-13362.html
36278,Cerchi Nell’Acqua,Amyris,2024,https://www.fragrantica.com/perfume/Cerchi-Nell-Acqua/Amyris-119572.html
36279,Cerchi Nell’Acqua,Angel's Bread,2024,https://www.fragrantica.com/perfume/Cerchi-Nell-Acqua/Angel-s-Bread-102683.html
36280,Cerchi Nell’Acqua,Armonia,,https://www.fragrantica.com/perfume/Cerchi-Nell-Acqua/Armonia-24294.html
36281,Cerchi Nell’Acqua,Birthday Cake,2024,https://www.fragrantica.com/perfume/Cerchi-Nell-Acqua/Birthday-Cake-95079.html
36282,Cerchi Nell’Acqua,Blue Java,2024,https://www.fragrantica.com/perfume/Cerchi-Nell-Acqua/Blue-Java-119564.html
36283,Cerchi Nell’Acqua,Blueberry Jam,2025,https://www.fragrantica.com/perfume/Cerchi-Nell-Acqua/Blueberry-Jam-119571.html
36284,Cerchi Nell’Acqua,Calembour,2024,https://www.fragrantica.com/perfume/Cerchi-Nell-Acqua/Calembour-119575.html
36285,Cerchi Nell’Acqua,Chiffon Cake,2025,https://www.fragrantica.com/perfume/Cerchi-Nell-Acqua/Chiffon-Cake-119510.html
36286,Cerchi Nell’Acqua,Corinna,2025,https://www.fragrantica.com/perfume/Cerchi-Nell-Acqua/Corinna-119583.html
36287,Cerchi Nell’Acqua,Drive In,2026,https://www.fragrantica.com/perfume/Cerchi-Nell-Acqua/Drive-In-140376.html
36288,Cerchi Nell’Acqua,E5,2013,https://www.fragrantica.com/perfume/Cerchi-Nell-Acqua/E5-18094.html
36289,Cerchi Nell’Acqua,Edith,2026,https://www.fragrantica.com/perfume/Cerchi-Nell-Acqua/Edith-129354.html
36290,Cerchi Nell’Acqua,Emilie,,https://www.fragrantica.com/perfume/Cerchi-Nell-Acqua/Emilie-24293.html
36291,Cerchi Nell’Acqua,Endless,2026,https://www.fragrantica.com/perfume/Cerchi-Nell-Acqua/Endless-129351.html
36292,Cerchi Nell’Acqua,Fior di Cocco,2024,https://www.fragrantica.com/perfume/Cerchi-Nell-Acqua/Fior-di-Cocco-119570.html
36293,Cerchi Nell’Acqua,Fragole con Panna,2025,https://www.fragrantica.com/perfume/Cerchi-Nell-Acqua/Fragole-con-Panna-119574.html
36294,Cerchi Nell’Acqua,Gingerbread,2024,https://www.fragrantica.com/perfume/Cerchi-Nell-Acqua/Gingerbread-119186.html
36295,Cerchi Nell’Acqua,Ipazia,2012,https://www.fragrantica.com/perfume/Cerchi-Nell-Acqua/Ipazia-14942.html
36296,Cerchi Nell’Acqua,Iris Vanilla,2025,https://www.fragrantica.com/perfume/Cerchi-Nell-Acqua/Iris-Vanilla-119576.html
36297,Cerchi Nell’Acqua,Isotta,2011,https://www.fragrantica.com/perfume/Cerchi-Nell-Acqua/Isotta-13366.html
36298,Cerchi Nell’Acqua,Jolie,2000,https://www.fragrantica.com/perfume/Cerchi-Nell-Acqua/Jolie-13363.html
36299,Cerchi Nell’Acqua,L'Amour Fleuri,2017,https://www.fragrantica.com/perfume/Cerchi-Nell-Acqua/L-Amour-Fleuri-46105.html
36300,Cerchi Nell’Acqua,L'Exotique,2012,https://www.fragrantica.com/perfume/Cerchi-Nell-Acqua/L-Exotique-14941.html
36301,Cerchi Nell’Acqua,La Magie D'Auberon,2023,https://www.fragrantica.com/perfume/Cerchi-Nell-Acqua/La-Magie-D-Auberon-119565.html
36302,Cerchi Nell’Acqua,Latte e Biscotti,2023,https://www.fragrantica.com/perfume/Cerchi-Nell-Acqua/Latte-e-Biscotti-119188.html
36303,Cerchi Nell’Acqua,Latte e Cacao,2025,https://www.fragrantica.com/perfume/Cerchi-Nell-Acqua/Latte-e-Cacao-119578.html
36304,Cerchi Nell’Acqua,Le Bain de Minuit,2017,https://www.fragrantica.com/perfume/Cerchi-Nell-Acqua/Le-Bain-de-Minuit-46106.html
36305,Cerchi Nell’Acqua,Macaron,2024,https://www.fragrantica.com/perfume/Cerchi-Nell-Acqua/Macaron-119561.html
36306,Cerchi Nell’Acqua,Marshmallow,,https://www.fragrantica.com/perfume/Cerchi-Nell-Acqua/Marshmallow-93236.html
36307,Cerchi Nell’Acqua,Pancake Tuberose,2026,https://www.fragrantica.com/perfume/Cerchi-Nell-Acqua/Pancake-Tuberose-129350.html
36308,Cerchi Nell’Acqua,Panettone,2025,https://www.fragrantica.com/perfume/Cerchi-Nell-Acqua/Panettone-120932.html
36309,Cerchi Nell’Acqua,Peau d'Ange,2014,https://www.fragrantica.com/perfume/Cerchi-Nell-Acqua/Peau-d-Ange-28187.html
36310,Cerchi Nell’Acqua,Piccolo Amor,2000,https://www.fragrantica.com/perfume/Cerchi-Nell-Acqua/Piccolo-Amor-13361.html
36311,Cerchi Nell’Acqua,Pink Bubble,2025,https://www.fragrantica.com/perfume/Cerchi-Nell-Acqua/Pink-Bubble-119581.html
36312,Cerchi Nell’Acqua,Red Crown,2024,https://www.fragrantica.com/perfume/Cerchi-Nell-Acqua/Red-Crown-119568.html
36313,Cerchi Nell’Acqua,Risolatte,2025,https://www.fragrantica.com/perfume/Cerchi-Nell-Acqua/Risolatte-119187.html
36314,Cerchi Nell’Acqua,Snake Cake,2024,https://www.fragrantica.com/perfume/Cerchi-Nell-Acqua/Snake-Cake-119569.html
36315,Cerchi Nell’Acqua,Strong Man,2025,https://www.fragrantica.com/perfume/Cerchi-Nell-Acqua/Strong-Man-119584.html
36316,Cerchi Nell’Acqua,Sweet Coconut,2025,https://www.fragrantica.com/perfume/Cerchi-Nell-Acqua/Sweet-Coconut-119563.html
36317,Cerchi Nell’Acqua,Sweet Doll,2026,https://www.fragrantica.com/perfume/Cerchi-Nell-Acqua/Sweet-Doll-129349.html
36318,Cerchi Nell’Acqua,Syconia,2017,https://www.fragrantica.com/perfume/Cerchi-Nell-Acqua/Syconia-43007.html
36319,Cerchi Nell’Acqua,Titania,2025,https://www.fragrantica.com/perfume/Cerchi-Nell-Acqua/Titania-119579.html
36320,Cerchi Nell’Acqua,Toffee,2025,https://www.fragrantica.com/perfume/Cerchi-Nell-Acqua/Toffee-119567.html
36321,Cerchi Nell’Acqua,Très Jolie,2024,https://www.fragrantica.com/perfume/Cerchi-Nell-Acqua/Tres-Jolie-119562.html
36322,Cerchi Nell’Acqua,Tuscia,2026,https://www.fragrantica.com/perfume/Cerchi-Nell-Acqua/Tuscia-129353.html
36323,Cerchi Nell’Acqua,Tyrsenoi,2025,https://www.fragrantica.com/perfume/Cerchi-Nell-Acqua/Tyrsenoi-129352.html
36324,Cerchi Nell’Acqua,Vanilla,2023,https://www.fragrantica.com/perfume/Cerchi-Nell-Acqua/Vanilla-119566.html
36325,Cerchi Nell’Acqua,Vanilla Fudge,2025,https://www.fragrantica.com/perfume/Cerchi-Nell-Acqua/Vanilla-Fudge-119189.html
36326,Cerchi Nell’Acqua,Visir,2014,https://www.fragrantica.com/perfume/Cerchi-Nell-Acqua/Visir-28188.html
36327,Cerchi Nell’Acqua,Waves,2000,https://www.fragrantica.com/perfume/Cerchi-Nell-Acqua/Waves-13364.html
36328,Cerchi Nell’Acqua,White Musk,2024,https://www.fragrantica.com/perfume/Cerchi-Nell-Acqua/White-Musk-119573.html
36329,Cerchi Nell’Acqua,White Out,2000,https://www.fragrantica.com/perfume/Cerchi-Nell-Acqua/White-Out-13365.html
36330,Cerchi Nell’Acqua,Yubris,2014,https://www.fragrantica.com/perfume/Cerchi-Nell-Acqua/Yubris-27534.html
36331,Cerchi Nell’Acqua,Zucchero Filato,2024,https://www.fragrantica.com/perfume/Cerchi-Nell-Acqua/Zucchero-Filato-95078.html
36332,Ceremonia,Perfume de la Tierra,2023,https://www.fragrantica.com/perfume/Ceremonia/Perfume-de-la-Tierra-81968.html
36333,Ceremonia,Perfume Mist de Guava,2025,https://www.fragrantica.com/perfume/Ceremonia/Perfume-Mist-de-Guava-105365.html
36334,Cereus,Cereus No.11,2007,https://www.fragrantica.com/perfume/Cereus/Cereus-No-11-2256.html
36335,Cereus,Cereus No.12,2011,https://www.fragrantica.com/perfume/Cereus/Cereus-No-12-13853.html
36336,Cereus,Cereus No. 14,2008,https://www.fragrantica.com/perfume/Cereus/Cereus-No-14-18175.html
36337,Cereus,Cereus No.3,2011,https://www.fragrantica.com/perfume/Cereus/Cereus-No-3-13851.html
36338,Cereus,Cereus No.4,2007,https://www.fragrantica.com/perfume/Cereus/Cereus-No-4-2253.html
36339,Cereus,Cereus No.5,2007,https://www.fragrantica.com/perfume/Cereus/Cereus-No-5-2254.html
36340,Cereus,Cereus No. 6,2007,https://www.fragrantica.com/perfume/Cereus/Cereus-No-6-71946.html
36341,Cereus,Cereus No.7,2007,https://www.fragrantica.com/perfume/Cereus/Cereus-No-7-2255.html
36342,Cereus,Cereus No.9,2011,https://www.fragrantica.com/perfume/Cereus/Cereus-No-9-13852.html
36343,Cerruti,1881,1995,https://www.fragrantica.com/perfume/Cerruti/1881-327.html
36344,Cerruti,1881 Acqua Forte,2013,https://www.fragrantica.com/perfume/Cerruti/1881-Acqua-Forte-17639.html
36345,Cerruti,1881 Amber pour Homme,2002,https://www.fragrantica.com/perfume/Cerruti/1881-Amber-pour-Homme-328.html
36346,Cerruti,1881 Bella Notte Man,2014,https://www.fragrantica.com/perfume/Cerruti/1881-Bella-Notte-Man-23595.html
36347,Cerruti,1881 Bella Notte Woman,2014,https://www.fragrantica.com/perfume/Cerruti/1881-Bella-Notte-Woman-23596.html
36348,Cerruti,1881 Cerruti Eau d'Ete 2004,2004,https://www.fragrantica.com/perfume/Cerruti/1881-Cerruti-Eau-d-Ete-2004-14139.html
36349,Cerruti,1881 Edition Blanche,2015,https://www.fragrantica.com/perfume/Cerruti/1881-Edition-Blanche-29799.html
36350,Cerruti,1881 Edition Blanche Pour Homme,2015,https://www.fragrantica.com/perfume/Cerruti/1881-Edition-Blanche-Pour-Homme-29798.html
36351,Cerruti,1881 Essentiel,2018,https://www.fragrantica.com/perfume/Cerruti/1881-Essentiel-49152.html
36352,Cerruti,1881 Fairplay,2011,https://www.fragrantica.com/perfume/Cerruti/1881-Fairplay-12198.html
36353,Cerruti,1881 Men,1990,https://www.fragrantica.com/perfume/Cerruti/1881-Men-329.html
36354,Cerruti,1881 Riviera,2019,https://www.fragrantica.com/perfume/Cerruti/1881-Riviera-69485.html
36355,Cerruti,1881 Signature,2017,https://www.fragrantica.com/perfume/Cerruti/1881-Signature-43765.html
36356,Cerruti,1881 Silver,2020,https://www.fragrantica.com/perfume/Cerruti/1881-Silver-61623.html
36357,Cerruti,Acqua Forte,2013,https://www.parfumo.com/Perfumes/Cerruti/Cerruti_1881_Acqua_Forte
36358,Cerruti,Amber Cerruti 2002 After Shave,2002,https://www.parfumo.com/Perfumes/Cerruti/1881-amber-after-shave
36359,Cerruti,Amber Cerruti 2002 Eau de Toilette,2002,https://www.parfumo.com/Perfumes/Cerruti/1881_Amber_Eau_de_Toilette
36360,Cerruti,Bella Notte pour Femme,2014,https://www.parfumo.com/Perfumes/Cerruti/1881_Bella_Notte_Woman
36361,Cerruti,Bella Notte pour Homme,2014,https://www.parfumo.com/Perfumes/Cerruti/1881_Bella_Notte
36362,Cerruti,Black,2006,https://www.parfumo.com/Perfumes/Cerruti/1881_Black
36363,Cerruti,Blanc,2006,https://www.parfumo.com/Perfumes/Cerruti/1881_Blanc
36364,Cerruti,Cerruti 1881 Black,2006,https://www.fragrantica.com/perfume/Cerruti/Cerruti-1881-Black-2819.html
36365,Cerruti,Cerruti 1881 Blanc,2006,https://www.fragrantica.com/perfume/Cerruti/Cerruti-1881-Blanc-333.html
36366,Cerruti,Cerruti 1881 Blanc Pour Femme 2006,2006,https://huggingface.co/datasets/doevent/perfume
36367,Cerruti,Cerruti 1881 Collection,2005,https://www.fragrantica.com/perfume/Cerruti/Cerruti-1881-Collection-334.html
36368,Cerruti,Cerruti 1881 Eau d'Ete,2003,https://www.fragrantica.com/perfume/Cerruti/Cerruti-1881-Eau-d-Ete-335.html
36369,Cerruti,Cerruti 1881 En Fleurs,2008,https://www.fragrantica.com/perfume/Cerruti/Cerruti-1881-En-Fleurs-2569.html
36370,Cerruti,Cerruti 1881 Fraicheur d'ete,2009,https://www.fragrantica.com/perfume/Cerruti/Cerruti-1881-Fraicheur-d-ete-5881.html
36371,Cerruti,Cerruti 1881 Intense Pour Homme,2008,https://www.fragrantica.com/perfume/Cerruti/Cerruti-1881-Intense-Pour-Homme-4781.html
36372,Cerruti,Cerruti 1881 Lumieres d'Ete,2007,https://www.fragrantica.com/perfume/Cerruti/Cerruti-1881-Lumieres-d-Ete-2820.html
36373,Cerruti,Cerruti 1881 Pour Femme,1881,https://huggingface.co/datasets/doevent/perfume
36374,Cerruti,Cerruti 1881 Rêve De Roses,2023,https://www.fragrantica.com/perfume/Cerruti/Cerruti-1881-Reve-De-Roses-84703.html
36375,Cerruti,Cerruti 1881 Serie Limitee,2012,https://www.fragrantica.com/perfume/Cerruti/Cerruti-1881-Serie-Limitee-14888.html
36376,Cerruti,Cerruti 1881 Silver Night,2022,https://www.fragrantica.com/perfume/Cerruti/Cerruti-1881-Silver-Night-76808.html
36377,Cerruti,Cerruti 1881 Sport,2016,https://www.fragrantica.com/perfume/Cerruti/Cerruti-1881-Sport-36209.html
36378,Cerruti,Cerruti 1881 Summer Fragrance pour Homme,2004,https://www.fragrantica.com/perfume/Cerruti/Cerruti-1881-Summer-Fragrance-pour-Homme-336.html
36379,Cerruti,Cerruti Image pour Femme,2000,https://www.parfumo.com/Perfumes/Cerruti/Cerruti_Image_Femme
36380,Cerruti,Cerruti Image pour Homme Cerruti 1998 Après Rasage,1998,https://www.parfumo.com/Perfumes/Cerruti/Cerruti_Image_pour_Homme_Apres_Rasage
36381,Cerruti,Cerruti Image pour Homme Cerruti 1998 Eau de Toilette,1998,https://www.parfumo.com/Perfumes/Cerruti/Cerruti_Image_pour_Homme_Eau_de_Toilette
36382,Cerruti,Cerruti pour Homme Cerruti 2007 After Shave,2007,https://www.parfumo.com/Perfumes/Cerruti/Cerruti_pour_Homme_After_Shave
36383,Cerruti,Cerruti pour Homme Couture Edition,,https://www.fragrantica.com/perfume/Cerruti/Cerruti-pour-Homme-Couture-Edition-3323.html
36384,Cerruti,Cerruti Pour Homme (Eau de Toilette),2007,https://www.fragrantica.com/perfume/Cerruti/Cerruti-Pour-Homme-1441.html
36385,Cerruti,CerrutiSí Cerruti 2003 Après Rasage,2003,https://www.parfumo.com/Perfumes/Cerruti/cerrutisi-apres-rasage
36386,Cerruti,CerrutiSi (Eau de Toilette),2003,https://www.fragrantica.com/perfume/Cerruti/CerrutiSi-330.html
36387,Cerruti,Collection,2005,https://www.parfumo.com/Perfumes/Cerruti/1881_Collection
36388,Cerruti,Eau d'Été 2003 pour Femme,2003,https://www.parfumo.com/Perfumes/Cerruti/1881_Eau_d_Ete
36389,Cerruti,Eau d'Été 2004 pour Femme,2004,https://www.parfumo.com/Perfumes/Cerruti/1881_Eau_d_Ete_2004_pour_Femme
36390,Cerruti,Eau d'Été 2004 pour Homme,2004,https://www.parfumo.com/Perfumes/Cerruti/1881_Eau_d_Ete_Summer_Fragrance
36391,Cerruti,Edition Blanche pour Femme,2015,https://www.parfumo.com/Perfumes/Cerruti/1881_Edition_Blanche_pour_Femme
36392,Cerruti,Edition Blanche pour Homme,2015,https://www.parfumo.com/Perfumes/Cerruti/1881_Edition_Blanche_pour_Homme
36393,Cerruti,en Fleurs,2008,https://www.parfumo.com/Perfumes/Cerruti/1881_en_Fleurs
36394,Cerruti,Essentiel,2018,https://www.parfumo.com/Perfumes/Cerruti/1881_Essentiel
36395,Cerruti,Fair Play (1985),1985,https://www.fragrantica.com/perfume/Cerruti/Fair-Play-1985-43835.html
36396,Cerruti,Fair Play Cerruti 1984 After Shave,1984,https://www.parfumo.com/Perfumes/Cerruti/Fair_Play_After_Shave
36397,Cerruti,Fair Play Cerruti 1984 Eau de Toilette,1984,https://www.parfumo.com/Perfumes/Cerruti/Fair_Play_Eau_de_Toilette
36398,Cerruti,Fairplay,2011,https://www.parfumo.com/Perfumes/Cerruti/1881_Fairplay
36399,Cerruti,Fraîcheur d'Eau,2008,https://www.parfumo.com/Perfumes/Cerruti/1881_Fraicheur_d_Eau
36400,Cerruti,Fraîcheur d'Été,2009,https://www.parfumo.com/Perfumes/Cerruti/1881_Fraocheur_d_Ete
36401,Cerruti,Image,1998,https://www.fragrantica.com/perfume/Cerruti/Image-332.html
36402,Cerruti,Image Fresh Energy,2008,https://www.fragrantica.com/perfume/Cerruti/Image-Fresh-Energy-18550.html
36403,Cerruti,Image Harmony,2000,https://www.fragrantica.com/perfume/Cerruti/Image-Harmony-18549.html
36404,Cerruti,Image Woman,2000,https://www.fragrantica.com/perfume/Cerruti/Image-Woman-331.html
36405,Cerruti,Intense pour Homme,2008,https://www.parfumo.com/Perfumes/Cerruti/1881_Intense_Pour_Homme
36406,Cerruti,L'Essence de Cerruti Cerruti 2009 After Shave,2009,https://www.parfumo.com/Perfumes/Cerruti/L_Essence_de_Cerruti_After_Shave
36407,Cerruti,L'Essence de Cerruti (Eau de Toilette),2009,https://www.fragrantica.com/perfume/Cerruti/L-Essence-de-Cerruti-5407.html
36408,Cerruti,Lumières d'Été,2007,https://www.parfumo.com/Perfumes/Cerruti/1881_Lumieres_d_Ete
36409,Cerruti,Nino Cerruti pour Femme Cerruti 1987 Eau de Toilette,1987,https://www.parfumo.com/Perfumes/Cerruti/Nino_Cerruti_pour_Femme_Eau_de_Toilette
36410,Cerruti,Nino Cerruti Pour Femme (Eau de Parfum),1987,https://www.fragrantica.com/perfume/Cerruti/Nino-Cerruti-Pour-Femme-10495.html
36411,Cerruti,Nino Cerruti Pour Homme (After Shave),1979,https://www.fragrantica.com/perfume/Cerruti/Nino-Cerruti-Pour-Homme-10496.html
36412,Cerruti,Nino Cerruti pour Homme Cerruti 1979 Eau de Toilette,1979,https://www.parfumo.com/Perfumes/Cerruti/Nino_Cerruti_pour_Homme_Eau_de_Toilette
36413,Cerruti,pour Femme,2018,https://www.parfumo.com/Perfumes/Cerruti/1881-pour-femme-2018
36414,Cerruti,pour Femme Cerruti 1995 Eau de Toilette,1995,https://www.parfumo.com/Perfumes/Cerruti/1881-pour-femme-1995-eau-de-toilette
36415,Cerruti,pour Femme Cerruti 1995 Parfum,1995,https://www.parfumo.com/Perfumes/Cerruti/1881-pour-femme-1995-parfum
36416,Cerruti,pour Homme Cerruti 1990 After Shave,1990,https://www.parfumo.com/Perfumes/Cerruti/1881-pour-homme-1990-after-shave
36417,Cerruti,pour Homme Cerruti 2005 After Shave,2005,https://www.parfumo.com/Perfumes/Cerruti/1881_pour_Homme_2005_After_Shave
36418,Cerruti,pour Homme Cerruti 2018 After Shave,2018,https://www.parfumo.com/Perfumes/Cerruti/1881-pour-homme-2018-after-shave
36419,Cerruti,Rêve de Roses,2023,https://www.parfumo.com/Perfumes/Cerruti/1881-reve-de-roses
36420,Cerruti,Riviera,2019,https://www.parfumo.com/Perfumes/Cerruti/1881_Riviera
36421,Cerruti,Signature,2017,https://www.parfumo.com/Perfumes/Cerruti/1881_Signature
36422,Cerruti,Silver,2020,https://www.parfumo.com/Perfumes/Cerruti/1881-silver
36423,Cerruti,Silver Night,2022,https://www.parfumo.com/Perfumes/Cerruti/1881-silver-night
36424,Cerruti,Sport,2016,https://www.parfumo.com/Perfumes/Cerruti/1881_Sport
36425,Cerruti,Vivo,2024,https://www.fragrantica.com/perfume/Cerruti/Vivo-92926.html
36426,Cerruti,Vivo Elixir,2026,https://www.fragrantica.com/perfume/Cerruti/Vivo-Elixir-129054.html
36427,Ces Enfants,Extroverted Introvert,2025,https://www.fragrantica.com/perfume/Ces-Enfants/Extroverted-Introvert-122083.html
36428,Cesare Paciotti,Cesare Paciotti For Her,2011,https://www.fragrantica.com/perfume/Cesare-Paciotti/Cesare-Paciotti-For-Her-10590.html
36429,Cesare Paciotti,Cesare Paciotti For Him,2011,https://www.fragrantica.com/perfume/Cesare-Paciotti/Cesare-Paciotti-For-Him-10591.html
36430,Cesare Paciotti,Oriental Supreme for Her,2013,https://www.fragrantica.com/perfume/Cesare-Paciotti/Oriental-Supreme-for-Her-16916.html
36431,Cesare Paciotti,Oriental Supreme for Him,2013,https://www.fragrantica.com/perfume/Cesare-Paciotti/Oriental-Supreme-for-Him-16917.html
36432,Cesium,Charming Night Eau De Parfum,2023,https://www.fragrantica.com/perfume/Cesium/Charming-Night-Eau-De-Parfum-100061.html
36433,Cesium,Charming Night Intense Eau De Parfum,2024,https://www.fragrantica.com/perfume/Cesium/Charming-Night-Intense-Eau-De-Parfum-100064.html
36434,Cesium,Classic Elite Eau De Parfum,2023,https://www.fragrantica.com/perfume/Cesium/Classic-Elite-Eau-De-Parfum-100062.html
36435,Cesium,Golden Mystery Eau De Parfum,2024,https://www.fragrantica.com/perfume/Cesium/Golden-Mystery-Eau-De-Parfum-100063.html
36436,CEVI,Crucible,2025,https://www.fragrantica.com/perfume/CEVI/Crucible-117443.html
36437,CEVI,Divinity,2026,https://www.fragrantica.com/perfume/CEVI/Divinity-132303.html
36438,CEVI,Element,2025,https://www.fragrantica.com/perfume/CEVI/Element-117444.html
36439,CEVI,Elysian Essence,2026,https://www.fragrantica.com/perfume/CEVI/Elysian-Essence-124856.html
36440,CEVI,Ethereal Elixir,2026,https://www.fragrantica.com/perfume/CEVI/Ethereal-Elixir-124855.html
36441,CEVI,Ezel,2026,https://www.fragrantica.com/perfume/CEVI/Ezel-124853.html
36442,CEVI,Femme Absolue,2026,https://www.fragrantica.com/perfume/CEVI/Femme-Absolue-124852.html
36443,CEVI,Homme Absolu,2025,https://www.fragrantica.com/perfume/CEVI/Homme-Absolu-117445.html
36444,CEVI,Infiniti,2025,https://www.fragrantica.com/perfume/CEVI/Infiniti-117446.html
36445,CEVI,Monarc,2025,https://www.fragrantica.com/perfume/CEVI/Monarc-117440.html
36446,CEVI,Obsidius,2026,https://www.fragrantica.com/perfume/CEVI/Obsidius-124850.html
36447,CEVI,Oud Alif,,https://www.fragrantica.com/perfume/CEVI/Oud-Alif-117439.html
36448,CEVI,Oud Miraj,2025,https://www.fragrantica.com/perfume/CEVI/Oud-Miraj-117441.html
36449,CEVI,Santal Eternel,2026,https://www.fragrantica.com/perfume/CEVI/Santal-Eternel-124854.html
36450,CEVI,Sovrin,2025,https://www.fragrantica.com/perfume/CEVI/Sovrin-117442.html
36451,CEVI,Vanilla Affair,2026,https://www.fragrantica.com/perfume/CEVI/Vanilla-Affair-132302.html
36452,CFFC Fragrances,Indicible Desire,,https://www.fragrantica.com/perfume/CFFC-Fragrances/Indicible-Desire-24244.html
36453,CFFC Fragrances,Indicible Emotion,,https://www.fragrantica.com/perfume/CFFC-Fragrances/Indicible-Emotion-24245.html
36454,CFFC Fragrances,Indicible Lust,,https://www.fragrantica.com/perfume/CFFC-Fragrances/Indicible-Lust-24243.html
36455,CFFC Fragrances,Indicible Passion,,https://www.fragrantica.com/perfume/CFFC-Fragrances/Indicible-Passion-24242.html
36456,CFFC Fragrances,L'Impertinente,2016,https://www.fragrantica.com/perfume/CFFC-Fragrances/L-Impertinente-119127.html
36457,CFFC Fragrances,Love Is… a Candy Thawing in my Heart,,https://www.fragrantica.com/perfume/CFFC-Fragrances/Love-Is-a-Candy-Thawing-in-my-Heart-24240.html
36458,CFFC Fragrances,Love Is… All You Need,,https://www.fragrantica.com/perfume/CFFC-Fragrances/Love-Is-All-You-Need-24238.html
36459,CFFC Fragrances,Love Is… Lust,,https://www.fragrantica.com/perfume/CFFC-Fragrances/Love-Is-Lust-24239.html
36460,CFFC Fragrances,Love Is… U,,https://www.fragrantica.com/perfume/CFFC-Fragrances/Love-Is-U-24241.html
36461,CFFC Fragrances,Loverdose,,https://www.fragrantica.com/perfume/CFFC-Fragrances/Loverdose-24235.html
36462,CFFC Fragrances,Loverdose For Men,,https://www.fragrantica.com/perfume/CFFC-Fragrances/Loverdose-For-Men-24236.html
36463,CFFC Fragrances,Mystery Secret,,https://www.fragrantica.com/perfume/CFFC-Fragrances/Mystery-Secret-24237.html
36464,CFFC Fragrances,Mystery Woman,,https://www.fragrantica.com/perfume/CFFC-Fragrances/Mystery-Woman-24234.html
36465,CFFC Fragrances,Ottomane,1993,https://www.fragrantica.com/perfume/CFFC-Fragrances/Ottomane-24233.html
36466,CFFC Fragrances,Rue Pergolese,1996,https://www.fragrantica.com/perfume/CFFC-Fragrances/Rue-Pergolese-3548.html
36467,CFFC Fragrances,Rue Pergolèse Black pour Homme,2014,https://www.fragrantica.com/perfume/CFFC-Fragrances/Rue-Pergolese-Black-pour-Homme-119125.html
36468,CFFC Fragrances,Rue Pergolese Bullit pour Homme,2015,https://www.fragrantica.com/perfume/CFFC-Fragrances/Rue-Pergolese-Bullit-pour-Homme-119126.html
36469,CFFC Fragrances,Rue Pergolese Gold,2011,https://www.fragrantica.com/perfume/CFFC-Fragrances/Rue-Pergolese-Gold-22921.html
36470,CFFC Fragrances,Rue Pergolese Night,2012,https://www.fragrantica.com/perfume/CFFC-Fragrances/Rue-Pergolese-Night-22922.html
36471,CFFC Fragrances,Rue Pergolèse pour Homme,2014,https://www.fragrantica.com/perfume/CFFC-Fragrances/Rue-Pergolese-pour-Homme-119124.html
36472,CFFC Fragrances,Rue Pergolèse Rouge,2014,https://www.fragrantica.com/perfume/CFFC-Fragrances/Rue-Pergolese-Rouge-119123.html
36473,CGS,Bad Dream,2025,https://www.fragrantica.com/perfume/CGS/Bad-Dream-112165.html
36474,CGS,Flower Study,2025,https://www.fragrantica.com/perfume/CGS/Flower-Study-112166.html
36475,CGS,Love and Hate,2025,https://www.fragrantica.com/perfume/CGS/Love-and-Hate-112167.html
36476,Chabaud Maison de Parfum,Ambre Du Reve,2019,https://www.fragrantica.com/perfume/Chabaud-Maison-de-Parfum/Ambre-Du-Reve-59416.html
36477,Chabaud Maison de Parfum,Caprice de Jeanne,2024,https://www.fragrantica.com/perfume/Chabaud-Maison-de-Parfum/Caprice-de-Jeanne-90135.html
36478,Chabaud Maison de Parfum,Caprice de Julie,2022,https://www.fragrantica.com/perfume/Chabaud-Maison-de-Parfum/Caprice-de-Julie-77328.html
36479,Chabaud Maison de Parfum,Caprice De Marie,2021,https://www.fragrantica.com/perfume/Chabaud-Maison-de-Parfum/Caprice-De-Marie-70499.html
36480,Chabaud Maison de Parfum,Caprice De Sophie,2018,https://www.fragrantica.com/perfume/Chabaud-Maison-de-Parfum/Caprice-De-Sophie-49428.html
36481,Chabaud Maison de Parfum,Caramelito,2025,https://www.fragrantica.com/perfume/Chabaud-Maison-de-Parfum/Caramelito-120931.html
36482,Chabaud Maison de Parfum,Cedre Noble,2019,https://www.fragrantica.com/perfume/Chabaud-Maison-de-Parfum/Cedre-Noble-59413.html
36483,Chabaud Maison de Parfum,Chic et Bohème,,https://www.fragrantica.com/perfume/Chabaud-Maison-de-Parfum/Chic-et-Boheme-23548.html
36484,Chabaud Maison de Parfum,Eau Ambrée,,https://www.fragrantica.com/perfume/Chabaud-Maison-de-Parfum/Eau-Ambree-23545.html
36485,Chabaud Maison de Parfum,Eau de Source,2015,https://www.fragrantica.com/perfume/Chabaud-Maison-de-Parfum/Eau-de-Source-37898.html
36486,Chabaud Maison de Parfum,Etoile de Lune,,https://www.fragrantica.com/perfume/Chabaud-Maison-de-Parfum/Etoile-de-Lune-23547.html
36487,Chabaud Maison de Parfum,Fleur de Figuier,,https://www.fragrantica.com/perfume/Chabaud-Maison-de-Parfum/Fleur-de-Figuier-23550.html
36488,Chabaud Maison de Parfum,Ile Mythique,2018,https://www.fragrantica.com/perfume/Chabaud-Maison-de-Parfum/Ile-Mythique-52396.html
36489,Chabaud Maison de Parfum,Innocente Fragilité,,https://www.fragrantica.com/perfume/Chabaud-Maison-de-Parfum/Innocente-Fragilite-23543.html
36490,Chabaud Maison de Parfum,La Nuit Danse,2019,https://www.fragrantica.com/perfume/Chabaud-Maison-de-Parfum/La-Nuit-Danse-59415.html
36491,Chabaud Maison de Parfum,Lait Concentré,2014,https://www.fragrantica.com/perfume/Chabaud-Maison-de-Parfum/Lait-Concentre-30551.html
36492,Chabaud Maison de Parfum,Lait de Biscuit,,https://www.fragrantica.com/perfume/Chabaud-Maison-de-Parfum/Lait-de-Biscuit-23552.html
36493,Chabaud Maison de Parfum,Lait de Vanille,,https://www.fragrantica.com/perfume/Chabaud-Maison-de-Parfum/Lait-de-Vanille-33556.html
36494,Chabaud Maison de Parfum,Lait et Chocolat,2017,https://www.fragrantica.com/perfume/Chabaud-Maison-de-Parfum/Lait-et-Chocolat-44231.html
36495,Chabaud Maison de Parfum,Lumière de Venise,2015,https://www.fragrantica.com/perfume/Chabaud-Maison-de-Parfum/Lumiere-de-Venise-37899.html
36496,Chabaud Maison de Parfum,Mon Tiramisù,2024,https://www.fragrantica.com/perfume/Chabaud-Maison-de-Parfum/Mon-Tiramisu-98504.html
36497,Chabaud Maison de Parfum,Mysterious Oud,,https://www.fragrantica.com/perfume/Chabaud-Maison-de-Parfum/Mysterious-Oud-23544.html
36498,Chabaud Maison de Parfum,Nectar de Fleurs,2015,https://www.fragrantica.com/perfume/Chabaud-Maison-de-Parfum/Nectar-de-Fleurs-37386.html
36499,Chabaud Maison de Parfum,Orangerie Musicale,2018,https://www.fragrantica.com/perfume/Chabaud-Maison-de-Parfum/Orangerie-Musicale-52395.html
36500,Chabaud Maison de Parfum,Patchouli 1973,2019,https://www.fragrantica.com/perfume/Chabaud-Maison-de-Parfum/Patchouli-1973-59414.html
36501,Chabaud Maison de Parfum,Rêve du Désert,2026,https://www.fragrantica.com/perfume/Chabaud-Maison-de-Parfum/Reve-du-Desert-135175.html
36502,Chabaud Maison de Parfum,Rose Orage,2018,https://www.fragrantica.com/perfume/Chabaud-Maison-de-Parfum/Rose-Orage-52394.html
36503,Chabaud Maison de Parfum,Vert d'Eau,,https://www.fragrantica.com/perfume/Chabaud-Maison-de-Parfum/Vert-d-Eau-23549.html
36504,Chabaud Maison de Parfum,Vintage,,https://www.fragrantica.com/perfume/Chabaud-Maison-de-Parfum/Vintage-23546.html
36505,Chabrawichi,555 Cologne (Eau de Cologne),1920,https://www.fragrantica.com/perfume/Chabrawichi/555-Cologne-43995.html
36506,Chabrawichi,Chypre Fin,1925,https://www.fragrantica.com/perfume/Chabrawichi/Chypre-Fin-124734.html
36507,Chabrawichi,Cleopatra,1930,https://www.fragrantica.com/perfume/Chabrawichi/Cleopatra-124736.html
36508,Chabrawichi,Fairy,1950,https://www.fragrantica.com/perfume/Chabrawichi/Fairy-80210.html
36509,Chabrawichi,Favori,1930,https://www.fragrantica.com/perfume/Chabrawichi/Favori-21817.html
36510,Chabrawichi,Femme Chic,1978,https://www.fragrantica.com/perfume/Chabrawichi/Femme-Chic-85077.html
36511,Chabrawichi,Jasmin Naturel,1925,https://www.fragrantica.com/perfume/Chabrawichi/Jasmin-Naturel-85079.html
36512,Chabrawichi,Ma Vie,1960,https://www.fragrantica.com/perfume/Chabrawichi/Ma-Vie-124737.html
36513,Chabrawichi,Nefertiti,1970,https://www.fragrantica.com/perfume/Chabrawichi/Nefertiti-21816.html
36514,Chabrawichi,Polka,1940,https://www.fragrantica.com/perfume/Chabrawichi/Polka-124738.html
36515,Chabrawichi,Pour la Vie,,https://www.fragrantica.com/perfume/Chabrawichi/Pour-la-Vie-124739.html
36516,Chabrawichi,Rien Que Toi,1930,https://www.fragrantica.com/perfume/Chabrawichi/Rien-Que-Toi-124740.html
36517,Chabrawichi,Salma,1940,https://www.fragrantica.com/perfume/Chabrawichi/Salma-85076.html
36518,Chabrawichi,Secret,1930,https://www.fragrantica.com/perfume/Chabrawichi/Secret-85078.html
36519,Chacok,Chacok,2001,https://www.fragrantica.com/perfume/Chacok/Chacok-13006.html
36520,Chaka Khan,Chaka,2023,https://www.fragrantica.com/perfume/Chaka-Khan/Chaka-89233.html
36521,Chambre52,Bois Flotte,2025,https://www.fragrantica.com/perfume/Chambre52/Bois-Flotte-105972.html
36522,Chambre52,Contre Ta Peau,2025,https://www.fragrantica.com/perfume/Chambre52/Contre-Ta-Peau-105971.html
36523,Chambre52,Cuir A Corps,2024,https://www.fragrantica.com/perfume/Chambre52/Cuir-A-Corps-105973.html
36524,Chambre52,Orencie,2025,https://www.fragrantica.com/perfume/Chambre52/Orencie-105970.html
36525,Chambre52,Soleil Tonka,2020,https://www.fragrantica.com/perfume/Chambre52/Soleil-Tonka-102849.html
36526,Chambre52,Tobacco Memories,2024,https://www.fragrantica.com/perfume/Chambre52/Tobacco-Memories-105974.html
36527,Chambre52,Tobacco Memories Extrait,2026,https://www.fragrantica.com/perfume/Chambre52/Tobacco-Memories-Extrait-125330.html
36528,Chamma da Amazônia,Acqua Fresh,2020,https://www.fragrantica.com/perfume/Chamma-da-Amazonia/Acqua-Fresh-61888.html
36529,Chamma da Amazônia,Água Forte,2014,https://www.fragrantica.com/perfume/Chamma-da-Amazonia/Agua-Forte-64622.html
36530,Chamma da Amazônia,Aisó Aneci,2015,https://www.fragrantica.com/perfume/Chamma-da-Amazonia/Aiso-Aneci-61883.html
36531,Chamma da Amazônia,Ajubá,2014,https://www.fragrantica.com/perfume/Chamma-da-Amazonia/Ajuba-61884.html
36532,Chamma da Amazônia,Antã,2014,https://www.fragrantica.com/perfume/Chamma-da-Amazonia/Anta-61817.html
36533,Chamma da Amazônia,Caboclo,2019,https://www.fragrantica.com/perfume/Chamma-da-Amazonia/Caboclo-61889.html
36534,Chamma da Amazônia,Caupé,2015,https://www.fragrantica.com/perfume/Chamma-da-Amazonia/Caupe-61818.html
36535,Chamma da Amazônia,Cendy,2014,https://www.fragrantica.com/perfume/Chamma-da-Amazonia/Cendy-61885.html
36536,Chamma da Amazônia,Chamma Feminino,2014,https://www.fragrantica.com/perfume/Chamma-da-Amazonia/Chamma-Feminino-61886.html
36537,Chamma da Amazônia,Chamma Masculino,2014,https://www.fragrantica.com/perfume/Chamma-da-Amazonia/Chamma-Masculino-61891.html
36538,Chamma da Amazônia,Felicity,2020,https://www.fragrantica.com/perfume/Chamma-da-Amazonia/Felicity-61892.html
36539,Chamma da Amazônia,Flor de Maria,2020,https://www.fragrantica.com/perfume/Chamma-da-Amazonia/Flor-de-Maria-66611.html
36540,Chamma da Amazônia,Juno,2015,https://www.fragrantica.com/perfume/Chamma-da-Amazonia/Juno-61814.html
36541,Chamma da Amazônia,Lavanda,2018,https://www.fragrantica.com/perfume/Chamma-da-Amazonia/Lavanda-61890.html
36542,Chamma da Amazônia,Lírio,2015,https://www.fragrantica.com/perfume/Chamma-da-Amazonia/Lirio-61815.html
36543,Chamma da Amazônia,Patchouli,2019,https://www.fragrantica.com/perfume/Chamma-da-Amazonia/Patchouli-61887.html
36544,Chamma da Amazônia,Uaraná,2014,https://www.fragrantica.com/perfume/Chamma-da-Amazonia/Uarana-61816.html
36545,Champagne,Almost Nothing On Me,2023,https://www.fragrantica.com/perfume/Champagne/Almost-Nothing-On-Me-119111.html
36546,Champagne,Barby,2023,https://www.fragrantica.com/perfume/Champagne/Barby-117914.html
36547,Champagne,Caramel Sea,2023,https://www.fragrantica.com/perfume/Champagne/Caramel-Sea-119101.html
36548,Champagne,Green mandarin or Happy New Year,2023,https://www.fragrantica.com/perfume/Champagne/Green-mandarin-or-Happy-New-Year-85034.html
36549,Champagne,Hokku,2023,https://www.fragrantica.com/perfume/Champagne/Hokku-119105.html
36550,Champagne,Honey addiction,2023,https://www.fragrantica.com/perfume/Champagne/Honey-addiction-85037.html
36551,Champagne,Iguana,2023,https://www.fragrantica.com/perfume/Champagne/Iguana-119106.html
36552,Champagne,Maleficent,2023,https://www.fragrantica.com/perfume/Champagne/Maleficent-85036.html
36553,Champagne,Marmalade Nights,2023,https://www.fragrantica.com/perfume/Champagne/Marmalade-Nights-117912.html
36554,Champagne,Marussya,2023,https://www.fragrantica.com/perfume/Champagne/Marussya-119104.html
36555,Champagne,Moroccan Lover,2023,https://www.fragrantica.com/perfume/Champagne/Moroccan-Lover-117936.html
36556,Champagne,Mother’s Hands,2023,https://www.fragrantica.com/perfume/Champagne/Mother-s-Hands-118022.html
36557,Champagne,Mother’s Poudre,2023,https://www.fragrantica.com/perfume/Champagne/Mother-s-Poudre-119107.html
36558,Champagne,Pink Iguana,2023,https://www.fragrantica.com/perfume/Champagne/Pink-Iguana-119108.html
36559,Champagne,Plombir,2023,https://www.fragrantica.com/perfume/Champagne/Plombir-85033.html
36560,Champagne,Polpocco,2023,https://www.fragrantica.com/perfume/Champagne/Polpocco-117934.html
36561,Champagne,Richy-Lychee,2023,https://www.fragrantica.com/perfume/Champagne/Richy-Lychee-117773.html
36562,Champagne,Rose Champagne,2023,https://www.fragrantica.com/perfume/Champagne/Rose-Champagne-85035.html
36563,Champagne,Sex On The Grass,2023,https://www.fragrantica.com/perfume/Champagne/Sex-On-The-Grass-118084.html
36564,Champagne,Sicilia,2023,https://www.fragrantica.com/perfume/Champagne/Sicilia-117935.html
36565,Champagne,Something Royal,2023,https://www.fragrantica.com/perfume/Champagne/Something-Royal-119110.html
36566,Champagne,Vanilla Metavers,2023,https://www.fragrantica.com/perfume/Champagne/Vanilla-Metavers-117916.html
36567,Champagne,Venera,2023,https://www.fragrantica.com/perfume/Champagne/Venera-90188.html
36568,Champagne,Vera,2023,https://www.fragrantica.com/perfume/Champagne/Vera-119109.html
36569,Champagne,Wedding In Monaco,2023,https://www.fragrantica.com/perfume/Champagne/Wedding-In-Monaco-118509.html
36570,Champagne,What The F* Is Your Prosecco,2023,https://www.fragrantica.com/perfume/Champagne/What-The-F-Is-Your-Prosecco-118510.html
36571,Champagne,Witch,2023,https://www.fragrantica.com/perfume/Champagne/Witch-90187.html
36572,Chanceux Parfum,Hades,2022,https://www.fragrantica.com/perfume/Chanceux-Parfum/Hades-79752.html
36573,Chanceux Parfum,Hercule,2022,https://www.fragrantica.com/perfume/Chanceux-Parfum/Hercule-79750.html
36574,Chanceux Parfum,Nefertiti,2022,https://www.fragrantica.com/perfume/Chanceux-Parfum/Nefertiti-79753.html
36575,Chanceux Parfum,Poseidon,2022,https://www.fragrantica.com/perfume/Chanceux-Parfum/Poseidon-79751.html
36576,Chanceux Parfum,Vanilla Matrimony,2023,https://www.fragrantica.com/perfume/Chanceux-Parfum/Vanilla-Matrimony-92660.html
36577,Chanceux Parfum,Vanilla Matrimony Intense,2024,https://www.fragrantica.com/perfume/Chanceux-Parfum/Vanilla-Matrimony-Intense-93944.html
36578,Chanel,1932 Eau de Parfum,2016,https://www.fragrantica.com/perfume/Chanel/1932-Eau-de-Parfum-41778.html
36579,Chanel,1932 Eau De Toilette,1932,https://huggingface.co/datasets/doevent/perfume
36580,Chanel,1932 Extrait de Parfum,2026,https://www.fragrantica.com/perfume/Chanel/1932-Extrait-de-Parfum-135613.html
36581,Chanel,1957 Eau de Parfum,2019,https://www.fragrantica.com/perfume/Chanel/1957-Eau-de-Parfum-52483.html
36582,Chanel,1957 Extrait de Parfum,2026,https://www.fragrantica.com/perfume/Chanel/1957-Extrait-de-Parfum-135604.html
36583,Chanel,28 La Pausa Eau De Toilette,,https://huggingface.co/datasets/doevent/perfume
36584,Chanel,31 Rue Cambon Eau de Parfum,2016,https://www.fragrantica.com/perfume/Chanel/31-Rue-Cambon-Eau-de-Parfum-41785.html
36585,Chanel,31 Rue Cambon Eau De Toilette,,https://huggingface.co/datasets/doevent/perfume
36586,Chanel,Allure Chanel Parfum Cheveux,,https://www.parfumo.com/Perfumes/Chanel/Allure_Parfum_Cheveux
36587,Chanel,Allure Eau de Parfum,1999,https://www.fragrantica.com/perfume/Chanel/Allure-Eau-de-Parfum-176.html
36588,Chanel,Allure (Eau de Toilette),1996,https://www.fragrantica.com/perfume/Chanel/Allure-502.html
36589,Chanel,Allure Eau Fraîchissante pour l'Été,2002,https://www.fragrantica.com/perfume/Chanel/Allure-Eau-Fraichissante-pour-l-Ete-12448.html
36590,Chanel,Allure (Extrait),,https://huggingface.co/datasets/doevent/perfume
36591,Chanel,Allure Hair Mist,,https://www.fragrantica.com/perfume/Chanel/Allure-Hair-Mist-46217.html
36592,Chanel,Allure Homme Chanel 1999 Lotion Après Rasage,1999,https://www.parfumo.com/Perfumes/Chanel/allure-homme-lotion-apres-rasage
36593,Chanel,Allure Homme Chanel All-Over Spray,,https://www.parfumo.com/Perfumes/Chanel/allure-homme-all-over-spray
36594,Chanel,Allure Homme (Eau de Toilette),1999,https://www.fragrantica.com/perfume/Chanel/Allure-Homme-523.html
36595,Chanel,Allure Homme Eau Fraîchissante pour l'Été,2002,https://www.fragrantica.com/perfume/Chanel/Allure-Homme-Eau-Fraichissante-pour-l-Ete-12447.html
36596,Chanel,Allure Homme Edition Blanche,2008,https://www.fragrantica.com/perfume/Chanel/Allure-Homme-Edition-Blanche-2653.html
36597,Chanel,Allure Homme Édition Blanche Chanel 2008 Eau de Toilette Concentrée,2008,https://www.parfumo.com/Perfumes/Chanel/Allure_Homme_Edition_Blanche_Eau_de_Toilette_Concentree
36598,Chanel,Allure Homme Édition Blanche Chanel 2008 Lotion Après Rasage,2008,https://www.parfumo.com/Perfumes/Chanel/Allure_Homme_Edition_Blanche_Lotion_Apres_Rasage
36599,Chanel,Allure Homme Edition Blanche Eau de Parfum,2014,https://www.fragrantica.com/perfume/Chanel/Allure-Homme-Edition-Blanche-Eau-de-Parfum-28942.html
36600,Chanel,Allure Homme Sport Chanel 2004 Lotion Après Rasage,2004,https://www.parfumo.com/Perfumes/Chanel/allure-homme-sport-lotion-apres-rasage
36601,Chanel,Allure Homme Sport Chanel All-Over Spray,,https://www.parfumo.com/Perfumes/Chanel/allure-homme-sport-all-over-spray
36602,Chanel,Allure Homme Sport Cologne (Eau de Cologne),2007,https://www.fragrantica.com/perfume/Chanel/Allure-Homme-Sport-Cologne-1004.html
36603,Chanel,Allure Homme Sport (Eau de Toilette),2004,https://www.fragrantica.com/perfume/Chanel/Allure-Homme-Sport-607.html
36604,Chanel,Allure Homme Sport Eau Extreme,2012,https://www.fragrantica.com/perfume/Chanel/Allure-Homme-Sport-Eau-Extreme-14669.html
36605,Chanel,Allure Homme Sport Superleggera,2024,https://www.fragrantica.com/perfume/Chanel/Allure-Homme-Sport-Superleggera-95753.html
36606,Chanel,Allure Homme Vaporisateur de Voyage,,https://www.parfumo.com/Perfumes/Chanel/Allure_Homme_Vaporisateur_de_Voyage
36607,Chanel,Allure Parfum,,https://www.fragrantica.com/perfume/Chanel/Allure-Parfum-33506.html
36608,Chanel,Allure Sensuelle (Eau de Parfum),2005,https://www.fragrantica.com/perfume/Chanel/Allure-Sensuelle-606.html
36609,Chanel,Allure Sensuelle Eau de Toilette,2006,https://www.fragrantica.com/perfume/Chanel/Allure-Sensuelle-Eau-de-Toilette-28682.html
36610,Chanel,Allure Sensuelle Parfum,2006,https://www.fragrantica.com/perfume/Chanel/Allure-Sensuelle-Parfum-28683.html
36611,Chanel,Ambre,,https://www.parfumo.com/Perfumes/Chanel/Ambre
36612,Chanel,Antaeus Chanel 1981 Lotion Après Rasage,1981,https://www.parfumo.com/Perfumes/Chanel/antaeus-lotion-apres-rasage
36613,Chanel,Antaeus (Eau de Toilette),1981,https://www.fragrantica.com/perfume/Chanel/Antaeus-616.html
36614,Chanel,Antaeus Pour Homme,,https://huggingface.co/datasets/doevent/perfume
36615,Chanel,Antaeus Sport Cologne (Eau de Cologne),1985,https://www.fragrantica.com/perfume/Chanel/Antaeus-Sport-Cologne-125706.html
36616,Chanel,Beige Chanel 2008 Eau de Toilette,2008,https://www.parfumo.com/Perfumes/Chanel/Les_Exclusifs_de_Chanel__Beige_Eau_de_Toilette
36617,Chanel,Beige Chanel 2014 Parfum,2014,https://www.parfumo.com/Perfumes/Chanel/Beige_Parfum
36618,Chanel,Beige Eau de Parfum,2016,https://www.fragrantica.com/perfume/Chanel/Beige-Eau-de-Parfum-41779.html
36619,Chanel,Beige Extrait de Parfum,2026,https://www.fragrantica.com/perfume/Chanel/Beige-Extrait-de-Parfum-135614.html
36620,Chanel,Bel Respiro Chanel 2007 Eau de Toilette,2007,https://www.parfumo.com/Perfumes/Chanel/Bel_Respiro
36621,Chanel,Bel Respiro Eau de Parfum,2016,https://www.fragrantica.com/perfume/Chanel/Bel-Respiro-Eau-de-Parfum-41782.html
36622,Chanel,Bleu de Chanel All-Over Spray,2021,https://www.fragrantica.com/perfume/Chanel/Bleu-de-Chanel-All-Over-Spray-67790.html
36623,Chanel,Bleu de Chanel Chanel 2010 After Shave,2010,https://www.parfumo.com/Perfumes/Chanel/Bleu_de_Chanel_After_Shave
36624,Chanel,Bleu de Chanel Eau de Parfum,2014,https://www.fragrantica.com/perfume/Chanel/Bleu-de-Chanel-Eau-de-Parfum-25967.html
36625,Chanel,Bleu de Chanel (Eau de Toilette),2010,https://www.fragrantica.com/perfume/Chanel/Bleu-de-Chanel-9099.html
36626,Chanel,Bleu de Chanel L'Exclusif,2025,https://www.fragrantica.com/perfume/Chanel/Bleu-de-Chanel-L-Exclusif-113429.html
36627,Chanel,Bleu de Chanel Parfum,2018,https://www.fragrantica.com/perfume/Chanel/Bleu-de-Chanel-Parfum-49912.html
36628,Chanel,Bois des Iles Eau de Parfum,2016,https://www.fragrantica.com/perfume/Chanel/Bois-des-Iles-Eau-de-Parfum-41787.html
36629,Chanel,Bois des Iles (Eau de Toilette),2007,https://www.fragrantica.com/perfume/Chanel/Bois-des-Iles-1006.html
36630,Chanel,Bois des Iles Extrait de Parfum,2026,https://www.fragrantica.com/perfume/Chanel/Bois-des-Iles-Extrait-de-Parfum-135617.html
36631,Chanel,Bois Des Iles Parfum,1926,https://www.fragrantica.com/perfume/Chanel/Bois-Des-Iles-Parfum-52140.html
36632,Chanel,Bois Noir,1987,https://www.fragrantica.com/perfume/Chanel/Bois-Noir-34568.html
36633,Chanel,Boy Eau de Parfum,2016,https://www.fragrantica.com/perfume/Chanel/Boy-Eau-de-Parfum-37473.html
36634,Chanel,Chance Chanel Parfum Cheveux,,https://www.parfumo.com/Perfumes/Chanel/chance-parfum-cheveux
36635,Chanel,Chance Crayon de Parfum,2020,https://www.parfumo.com/Perfumes/Chanel/chance-crayon-de-parfum
36636,Chanel,Chance Eau de Parfum,2005,https://www.fragrantica.com/perfume/Chanel/Chance-Eau-de-Parfum-31351.html
36637,Chanel,Chance Eau de Toilette,2002,https://www.fragrantica.com/perfume/Chanel/Chance-Eau-de-Toilette-610.html
36638,Chanel,Chance Eau Fraîche Chanel Parfum Cheveux,,https://www.parfumo.com/Perfumes/Chanel/Chance_Eau_Fraiche_Parfum_Cheveux
36639,Chanel,Chance Eau Fraîche Crayon de Parfum,2020,https://www.parfumo.com/Perfumes/Chanel/chance-eau-fraiche-crayon-de-parfum
36640,Chanel,Chance Eau Fraiche Eau de Parfum,2023,https://www.fragrantica.com/perfume/Chanel/Chance-Eau-Fraiche-Eau-de-Parfum-83980.html
36641,Chanel,Chance Eau Fraiche (Eau de Toilette),2007,https://www.fragrantica.com/perfume/Chanel/Chance-Eau-Fraiche-1483.html
36642,Chanel,Chance Eau Fraiche Hair Mist,,https://www.fragrantica.com/perfume/Chanel/Chance-Eau-Fraiche-Hair-Mist-46214.html
36643,Chanel,Chance Eau Splendide,2025,https://www.fragrantica.com/perfume/Chanel/Chance-Eau-Splendide-104610.html
36644,Chanel,Chance Eau Tendre Chanel 2017 Gel de Parfum,2017,https://www.parfumo.com/Perfumes/Chanel/chance-eau-tendre-gel-de-parfum
36645,Chanel,Chance Eau Tendre Chanel Parfum Cheveux,,https://www.parfumo.com/Perfumes/Chanel/chance-eau-tendre-parfum-cheveux
36646,Chanel,Chance Eau Tendre Crayon de Parfum,2020,https://www.parfumo.com/Perfumes/Chanel/chance-eau-tendre-crayon-de-parfum
36647,Chanel,Chance Eau Tendre Eau de Parfum,2019,https://www.fragrantica.com/perfume/Chanel/Chance-Eau-Tendre-Eau-de-Parfum-52359.html
36648,Chanel,Chance Eau Tendre (Eau de Toilette),2010,https://www.fragrantica.com/perfume/Chanel/Chance-Eau-Tendre-8069.html
36649,Chanel,Chance Eau Tendre Hair Mist,,https://www.fragrantica.com/perfume/Chanel/Chance-Eau-Tendre-Hair-Mist-46215.html
36650,Chanel,Chance Eau Vive Chanel 2016 Parfum Cheveux,2016,https://www.parfumo.com/Perfumes/Chanel/chance-eau-vive-parfum-cheveux
36651,Chanel,Chance Eau Vive (Eau de Toilette),2015,https://www.fragrantica.com/perfume/Chanel/Chance-Eau-Vive-30796.html
36652,Chanel,Chance Eau Vive Hair Mist,,https://www.fragrantica.com/perfume/Chanel/Chance-Eau-Vive-Hair-Mist-46216.html
36653,Chanel,Chance Hair Mist,,https://www.fragrantica.com/perfume/Chanel/Chance-Hair-Mist-46213.html
36654,Chanel,Chance Parfum,2003,https://www.fragrantica.com/perfume/Chanel/Chance-Parfum-31350.html
36655,Chanel,Chanel,2018,https://www.parfumo.com/Perfumes/Chanel/1957
36656,Chanel,Chanel 2012 Eau de Toilette,2012,https://www.parfumo.com/Perfumes/Chanel/Les_Exclusifs_de_Chanel__1932_Eau_de_Toilette
36657,Chanel,Chanel 2014 Parfum,2014,https://www.parfumo.com/Perfumes/Chanel/1932_Parfum
36658,Chanel,Chanel 2016 Eau de Parfum,2016,https://www.parfumo.com/Perfumes/Chanel/Les_Exclusifs_de_Chanel__1932_Eau_de_Parfum
36659,Chanel,Chanel Eau Vive Crayon de Parfum,2020,https://www.parfumo.com/Perfumes/Chanel/chanel-eau-vive-crayon-de-parfum
36660,Chanel,Chanel N°19 (Eau de Cologne),1970,https://www.fragrantica.com/perfume/Chanel/Chanel-N019-11.html
36661,Chanel,Chanel N°19 Eau de Toilette (2023),2023,https://www.fragrantica.com/perfume/Chanel/Chanel-N019-Eau-de-Toilette-2023-87556.html
36662,Chanel,Chanel N°19 Voile Parfumé,,https://www.fragrantica.com/perfume/Chanel/Chanel-N019-Voile-Parfume-125708.html
36663,Chanel,Chanel N°22 (Eau de Toilette),1922,https://www.fragrantica.com/perfume/Chanel/Chanel-N022-1007.html
36664,Chanel,Chanel N°5 Eau Premiere,2008,https://www.fragrantica.com/perfume/Chanel/Chanel-N05-Eau-Premiere-1360.html
36665,Chanel,Chanel N°5 Elixir Sensuel,2004,https://www.fragrantica.com/perfume/Chanel/Chanel-N05-Elixir-Sensuel-4687.html
36666,Chanel,Chanel N°5 (Vintage),1921,https://www.fragrantica.com/perfume/Chanel/Chanel-N05-Vintage-608.html
36667,Chanel,Chanel N°5 Voile Parfumé,1995,https://www.fragrantica.com/perfume/Chanel/Chanel-N05-Voile-Parfume-122790.html
36668,Chanel,Chanel No 19 Eau de Parfum,,https://www.fragrantica.com/perfume/Chanel/Chanel-No-19-Eau-de-Parfum-12345.html
36669,Chanel,Chanel No 19 Parfum,1970,https://www.fragrantica.com/perfume/Chanel/Chanel-No-19-Parfum-12346.html
36670,Chanel,Chanel No 19 Poudre,2011,https://www.fragrantica.com/perfume/Chanel/Chanel-No-19-Poudre-12424.html
36671,Chanel,Chanel No 46,1946,https://www.fragrantica.com/perfume/Chanel/Chanel-No-46-22520.html
36672,Chanel,Chanel No 5 Eau de Cologne,,https://www.fragrantica.com/perfume/Chanel/Chanel-No-5-Eau-de-Cologne-11638.html
36673,Chanel,Chanel No 5 Eau de Parfum,1986,https://www.fragrantica.com/perfume/Chanel/Chanel-No-5-Eau-de-Parfum-40069.html
36674,Chanel,Chanel No 5 Eau de Parfum 100th Anniversary – Ask For The Moon Limited Edition,2021,https://www.fragrantica.com/perfume/Chanel/Chanel-No-5-Eau-de-Parfum-100th-Anniversary-Ask-For-The-Moon-Limited-Edition-69910.html
36675,Chanel,Chanel No 5 Eau de Parfum 2024 Limited Edition,2024,https://www.fragrantica.com/perfume/Chanel/Chanel-No-5-Eau-de-Parfum-2024-Limited-Edition-97825.html
36676,Chanel,Chanel No 5 Eau de Parfum Red Edition,2018,https://www.fragrantica.com/perfume/Chanel/Chanel-No-5-Eau-de-Parfum-Red-Edition-51421.html
36677,Chanel,Chanel No 5 Eau de Toilette,2024,https://www.fragrantica.com/perfume/Chanel/Chanel-No-5-Eau-de-Toilette-10856.html
36678,Chanel,Chanel No 5 Eau de Toilette,2026,https://www.fragrantica.com/perfume/Chanel/Chanel-No-5-Eau-de-Toilette-126361.html
36679,Chanel,Chanel No 5 Eau de Toilette - Vintage,1924,https://www.fragrantica.com/perfume/Chanel/Chanel-No-5-Eau-de-Toilette-Vintage-126362.html
36680,Chanel,Chanel No 5 Eau Premiere (2015),2015,https://www.fragrantica.com/perfume/Chanel/Chanel-No-5-Eau-Premiere-2015-31172.html
36681,Chanel,Chanel No 5 Hair Fragrance,2021,https://www.fragrantica.com/perfume/Chanel/Chanel-No-5-Hair-Fragrance-65510.html
36682,Chanel,Chanel No 5 Hair Mist,,https://www.fragrantica.com/perfume/Chanel/Chanel-No-5-Hair-Mist-46212.html
36683,Chanel,Chanel No 5 L'Eau (Eau de Toilette),2016,https://www.fragrantica.com/perfume/Chanel/Chanel-No-5-L-Eau-38543.html
36684,Chanel,Chanel No 5 L'Eau Eau De Toilette 100th Anniversary – Ask For The Moon Limited Edition,2021,https://www.fragrantica.com/perfume/Chanel/Chanel-No-5-L-Eau-Eau-De-Toilette-100th-Anniversary-Ask-For-The-Moon-Limited-Edition-69911.html
36685,Chanel,Chanel No 5 L'Eau Red Edition,2018,https://www.fragrantica.com/perfume/Chanel/Chanel-No-5-L-Eau-Red-Edition-51422.html
36686,Chanel,Chanel No 5 Parfum,1921,https://www.fragrantica.com/perfume/Chanel/Chanel-No-5-Parfum-28711.html
36687,Chanel,Chanel No 5 Parfum,2026,https://www.fragrantica.com/perfume/Chanel/Chanel-No-5-Parfum-135693.html
36688,Chanel,Chanel No 5 Parfum Baccarat Grand Extrait,2021,https://www.fragrantica.com/perfume/Chanel/Chanel-No-5-Parfum-Baccarat-Grand-Extrait-69912.html
36689,Chanel,Chanel No 5 Parfum Red Edition,2018,https://www.fragrantica.com/perfume/Chanel/Chanel-No-5-Parfum-Red-Edition-51423.html
36690,Chanel,Chypre,1924,https://www.parfumo.com/Perfumes/Chanel/Chypre
36691,Chanel,Coco Chanel Voile Parfumé,,https://www.parfumo.com/Perfumes/Chanel/Coco_Voile_Parfume
36692,Chanel,Coco Eau de Parfum,1984,https://www.fragrantica.com/perfume/Chanel/Coco-Eau-de-Parfum-609.html
36693,Chanel,Coco Eau de Toilette,,https://www.fragrantica.com/perfume/Chanel/Coco-Eau-de-Toilette-31353.html
36694,Chanel,Coco Mademoiselle Chanel 2001 Brume Corps,2001,https://www.parfumo.com/Perfumes/Chanel/coco-mademoiselle-brume-corps
36695,Chanel,Coco Mademoiselle Chanel 2016 Touche de Parfum,2016,https://www.parfumo.com/Perfumes/Chanel/Coco_Mademoiselle_Touche_de_Parfum
36696,Chanel,Coco Mademoiselle Chanel 2018 Eau de Parfum Intense,2018,https://www.parfumo.com/Perfumes/Chanel/Coco_Mademoiselle_Eau_de_Parfum_Intense
36697,Chanel,Coco Mademoiselle Chanel 2023 Parfum Cheveux,2023,https://www.parfumo.com/Perfumes/Chanel/coco-mademoiselle-2023-parfum-cheveux
36698,Chanel,Coco Mademoiselle Chanel Parfum Cheveux,,https://www.parfumo.com/Perfumes/Chanel/Coco_Mademoiselle_Parfum_Cheveux
36699,Chanel,Coco Mademoiselle Collection Cambon (Concrète de Parfum),,https://www.parfumo.com/Perfumes/Chanel/Coco_Mademoiselle_Collection_Cambon_Concrete_de_Parfum
36700,Chanel,Coco Mademoiselle Crush Absolu,2026,https://www.fragrantica.com/perfume/Chanel/Coco-Mademoiselle-Crush-Absolu-137506.html
36701,Chanel,Coco Mademoiselle (Eau de Parfum),2001,https://www.fragrantica.com/perfume/Chanel/Coco-Mademoiselle-611.html
36702,Chanel,Coco Mademoiselle Eau de Toilette,2002,https://www.fragrantica.com/perfume/Chanel/Coco-Mademoiselle-Eau-de-Toilette-612.html
36703,Chanel,Coco Mademoiselle Fragrance Primer,2025,https://www.fragrantica.com/perfume/Chanel/Coco-Mademoiselle-Fragrance-Primer-114251.html
36704,Chanel,Coco Mademoiselle Hair Mist,,https://www.fragrantica.com/perfume/Chanel/Coco-Mademoiselle-Hair-Mist-46211.html
36705,Chanel,Coco Mademoiselle Hair Mist (2023),2023,https://www.fragrantica.com/perfume/Chanel/Coco-Mademoiselle-Hair-Mist-2023-79638.html
36706,Chanel,Coco Mademoiselle Intense,2018,https://www.fragrantica.com/perfume/Chanel/Coco-Mademoiselle-Intense-48310.html
36707,Chanel,Coco Mademoiselle L'Eau,2021,https://www.fragrantica.com/perfume/Chanel/Coco-Mademoiselle-L-Eau-66700.html
36708,Chanel,Coco Mademoiselle L'Eau Privée,2020,https://www.fragrantica.com/perfume/Chanel/Coco-Mademoiselle-L-Eau-Privee-62194.html
36709,Chanel,Coco Mademoiselle L’Extrait,2012,https://www.fragrantica.com/perfume/Chanel/Coco-Mademoiselle-L-Extrait-14957.html
36710,Chanel,Coco Mademoiselle Parfum,,https://www.fragrantica.com/perfume/Chanel/Coco-Mademoiselle-Parfum-6928.html
36711,Chanel,Coco Noir Chanel 2018 Parfum Cheveux,2018,https://www.parfumo.com/Perfumes/Chanel/coco-noir-parfum-cheveux
36712,Chanel,Coco Noir (Eau de Parfum),2012,https://www.fragrantica.com/perfume/Chanel/Coco-Noir-15963.html
36713,Chanel,Coco Noir Extrait,2014,https://www.fragrantica.com/perfume/Chanel/Coco-Noir-Extrait-27496.html
36714,Chanel,Coco Noir Hair Mist,2018,https://www.fragrantica.com/perfume/Chanel/Coco-Noir-Hair-Mist-50254.html
36715,Chanel,Coco Noir Parfum,,https://huggingface.co/datasets/doevent/perfume
36716,Chanel,Coco Parfum,,https://www.fragrantica.com/perfume/Chanel/Coco-Parfum-31354.html
36717,Chanel,Coco Voile Parfumé,1980,https://www.fragrantica.com/perfume/Chanel/Coco-Voile-Parfume-125707.html
36718,Chanel,Comète,2024,https://www.fragrantica.com/perfume/Chanel/Comete-90434.html
36719,Chanel,Coromandel Chanel 2007 Eau de Toilette,2007,https://www.parfumo.com/Perfumes/Chanel/Les_Exclusifs_de_Chanel__Coromandel
36720,Chanel,Coromandel Eau de Parfum,2016,https://www.fragrantica.com/perfume/Chanel/Coromandel-Eau-de-Parfum-41783.html
36721,Chanel,Coromandel Extrait de Parfum,2026,https://www.fragrantica.com/perfume/Chanel/Coromandel-Extrait-de-Parfum-135616.html
36722,Chanel,Coromandel Parfum,2019,https://www.fragrantica.com/perfume/Chanel/Coromandel-Parfum-56712.html
36723,Chanel,Cristalle Cristal Chanel 1974 Eau de Toilette,1974,https://www.parfumo.com/Perfumes/Chanel/Cristalle_Cristal_Eau_de_Toilette
36724,Chanel,Cristalle Eau de Parfum,1993,https://www.fragrantica.com/perfume/Chanel/Cristalle-Eau-de-Parfum-31352.html
36725,Chanel,Cristalle Eau de Parfum (2023),2023,https://www.fragrantica.com/perfume/Chanel/Cristalle-Eau-de-Parfum-2023-87555.html
36726,Chanel,Cristalle Eau de Toilette,1974,https://www.fragrantica.com/perfume/Chanel/Cristalle-Eau-de-Toilette-12.html
36727,Chanel,Cristalle Eau Verte,2009,https://www.fragrantica.com/perfume/Chanel/Cristalle-Eau-Verte-5909.html
36728,Chanel,Cristalle Eau Verte Chanel 2009 Eau de Toilette Concentrée,2009,https://www.parfumo.com/Perfumes/Chanel/cristalle-eau-verte-eau-de-toilette-concentree
36729,Chanel,Cristalle Eau Verte Eau de Parfum,2023,https://www.fragrantica.com/perfume/Chanel/Cristalle-Eau-Verte-Eau-de-Parfum-87554.html
36730,Chanel,Cuir de Russie Chanel 2007 Eau de Toilette,2007,https://www.parfumo.com/Perfumes/Chanel/Les_Exclusifs_de_Chanel__Cuir_de_Russie
36731,Chanel,Cuir de Russie Eau de Parfum,2016,https://www.fragrantica.com/perfume/Chanel/Cuir-de-Russie-Eau-de-Parfum-41786.html
36732,Chanel,Cuir de Russie Extrait de Parfum,2026,https://www.fragrantica.com/perfume/Chanel/Cuir-de-Russie-Extrait-de-Parfum-135607.html
36733,Chanel,Cuir de Russie Parfum,1924,https://www.fragrantica.com/perfume/Chanel/Cuir-de-Russie-Parfum-47794.html
36734,Chanel,Cuir de Russie Russia Leather Chanel 1927 Parfum,1927,https://www.parfumo.com/Perfumes/Chanel/cuir-de-russie-parfum-russia-leather
36735,Chanel,Eau de Cologne,2016,https://www.fragrantica.com/perfume/Chanel/Eau-de-Cologne-90642.html
36736,Chanel,Eau de Gardénia,,https://www.parfumo.com/Perfumes/Chanel/Eau_de_Gardenia
36737,Chanel,Égoïste Chanel 1990 Lotion Après Rasage,1990,https://www.parfumo.com/Perfumes/Chanel/Egoiste_Lotion_Apres_Rasage
36738,Chanel,Égoïste Chanel 1992 Cologne Concentrée,1992,https://www.parfumo.com/Perfumes/Chanel/Egoiste_Cologne_Concentree
36739,Chanel,Egoiste Cologne Concentree (Eau de Cologne),1992,https://www.fragrantica.com/perfume/Chanel/Egoiste-Cologne-Concentree-17293.html
36740,Chanel,Egoiste (Eau de Toilette),1990,https://www.fragrantica.com/perfume/Chanel/Egoiste-613.html
36741,Chanel,Egoiste Platinum (Eau de Toilette),1993,https://www.fragrantica.com/perfume/Chanel/Egoiste-Platinum-614.html
36742,Chanel,Gabrielle,2017,https://www.fragrantica.com/perfume/Chanel/Gabrielle-43718.html
36743,Chanel,Gabrielle Chanel Chanel 2017 Eau de Parfum,2017,https://www.parfumo.com/Perfumes/Chanel/Gabrielle_Chanel
36744,Chanel,Gabrielle Chanel Chanel 2019 Parfum Cheveux,2019,https://www.parfumo.com/Perfumes/Chanel/gabrielle-chanel-parfum-cheveux
36745,Chanel,Gabrielle Chanel Édition Exceptionnelle,,https://www.parfumo.com/Perfumes/Chanel/Gabrielle_Chanel_Edition_Exceptionnelle
36746,Chanel,Gabrielle Chanel Essence,2019,https://www.parfumo.com/Perfumes/Chanel/gabrielle-chanel-essence
36747,Chanel,Gabrielle Chanel Hair Mist,2019,https://www.fragrantica.com/perfume/Chanel/Gabrielle-Chanel-Hair-Mist-56250.html
36748,Chanel,Gabrielle Essence,2019,https://www.fragrantica.com/perfume/Chanel/Gabrielle-Essence-56076.html
36749,Chanel,Gabrielle Fragrance Primer,2025,https://www.fragrantica.com/perfume/Chanel/Gabrielle-Fragrance-Primer-113101.html
36750,Chanel,Gabrielle L'Eau,2024,https://www.fragrantica.com/perfume/Chanel/Gabrielle-L-Eau-95110.html
36751,Chanel,Gabrielle Parfum,2022,https://www.fragrantica.com/perfume/Chanel/Gabrielle-Parfum-75185.html
36752,Chanel,Gardénia Chanel 2007 Eau de Toilette,2007,https://www.parfumo.com/Perfumes/Chanel/Les_Exclusifs_de_Chanel__Gardenia
36753,Chanel,Gardénia Eau de Parfum,2016,https://www.fragrantica.com/perfume/Chanel/Gardenia-Eau-de-Parfum-41788.html
36754,Chanel,Gardénia Extrait de Parfum,2017,https://www.fragrantica.com/perfume/Chanel/Gardenia-Extrait-de-Parfum-71252.html
36755,Chanel,Gardénia Extrait de Parfum,2026,https://www.fragrantica.com/perfume/Chanel/Gardenia-Extrait-de-Parfum-135619.html
36756,Chanel,Gardénia (Parfum),1925,https://www.fragrantica.com/perfume/Chanel/Gardenia-936.html
36757,Chanel,Glamour,,https://www.parfumo.com/Perfumes/Chanel/Glamour
36758,Chanel,Ivoire,1932,https://www.parfumo.com/Perfumes/Chanel/Ivoire_de_Chanel
36759,Chanel,Jasmin,,https://www.parfumo.com/Perfumes/Chanel/Jasmin
36760,Chanel,Jersey Chanel 2011 Eau de Toilette,2011,https://www.parfumo.com/Perfumes/Chanel/Les_Exclusifs_de_Chanel__Jersey_Eau_de_Toilette
36761,Chanel,Jersey Chanel 2014 Parfum,2014,https://www.parfumo.com/Perfumes/Chanel/Jersey_Parfum
36762,Chanel,Jersey Eau de Parfum,2016,https://www.fragrantica.com/perfume/Chanel/Jersey-Eau-de-Parfum-41776.html
36763,Chanel,Jersey Extrait de Parfum,2026,https://www.fragrantica.com/perfume/Chanel/Jersey-Extrait-de-Parfum-135618.html
36764,Chanel,La Pausa Chanel 2007 Eau de Toilette,2007,https://www.parfumo.com/Perfumes/Chanel/Les_Exclusifs_de_Chanel__28_La_Pausa
36765,Chanel,La Pausa Eau de Parfum,2016,https://www.fragrantica.com/perfume/Chanel/La-Pausa-Eau-de-Parfum-41781.html
36766,Chanel,Le 1940 Beige de Chanel,1931,https://www.fragrantica.com/perfume/Chanel/Le-1940-Beige-de-Chanel-45188.html
36767,Chanel,Le 1940 Bleu de,1931,https://www.parfumo.com/Perfumes/Chanel/Le_Bleu_de_Chanel
36768,Chanel,Le 1940 Bleu de Chanel,1931,https://www.fragrantica.com/perfume/Chanel/Le-1940-Bleu-de-Chanel-45187.html
36769,Chanel,Le 1940 Rouge de Chanel,1931,https://www.fragrantica.com/perfume/Chanel/Le-1940-Rouge-de-Chanel-45186.html
36770,Chanel,Le Lion de,2020,https://www.parfumo.com/Perfumes/Chanel/le-lion-de-chanel
36771,Chanel,Le Lion Eau de Parfum,2020,https://www.fragrantica.com/perfume/Chanel/Le-Lion-Eau-de-Parfum-61036.html
36772,Chanel,Les Exclusifs de Chanel 1932,2013,https://www.fragrantica.com/perfume/Chanel/Les-Exclusifs-de-Chanel-1932-17388.html
36773,Chanel,Les Exclusifs de Chanel 1932 Parfum,2014,https://www.fragrantica.com/perfume/Chanel/Les-Exclusifs-de-Chanel-1932-Parfum-24445.html
36774,Chanel,Les Exclusifs de Chanel 28 La Pausa,2007,https://www.fragrantica.com/perfume/Chanel/Les-Exclusifs-de-Chanel-28-La-Pausa-7131.html
36775,Chanel,Les Exclusifs de Chanel 31 Rue Cambon,2007,https://www.fragrantica.com/perfume/Chanel/Les-Exclusifs-de-Chanel-31-Rue-Cambon-7150.html
36776,Chanel,Les Exclusifs de Chanel Beige,2008,https://www.fragrantica.com/perfume/Chanel/Les-Exclusifs-de-Chanel-Beige-4686.html
36777,Chanel,Les Exclusifs de Chanel Beige Parfum,2014,https://www.fragrantica.com/perfume/Chanel/Les-Exclusifs-de-Chanel-Beige-Parfum-24446.html
36778,Chanel,Les Exclusifs de Chanel Bel Respiro,2007,https://www.fragrantica.com/perfume/Chanel/Les-Exclusifs-de-Chanel-Bel-Respiro-7141.html
36779,Chanel,Les Exclusifs de Chanel Coromandel,,https://www.fragrantica.com/perfume/Chanel/Les-Exclusifs-de-Chanel-Coromandel-7145.html
36780,Chanel,Les Exclusifs de Chanel Cuir de Russie,2007,https://www.fragrantica.com/perfume/Chanel/Les-Exclusifs-de-Chanel-Cuir-de-Russie-7144.html
36781,Chanel,Les Exclusifs de Chanel Cuir de Russie 1924,2007,https://www.fragrantica.com/perfume/Chanel/Les-Exclusifs-de-Chanel-Cuir-de-Russie-1924-98.html
36782,Chanel,Les Exclusifs de Chanel Eau de Cologne,2007,https://www.fragrantica.com/perfume/Chanel/Les-Exclusifs-de-Chanel-Eau-de-Cologne-7130.html
36783,Chanel,Les Exclusifs de Chanel Jersey,2011,https://www.fragrantica.com/perfume/Chanel/Les-Exclusifs-de-Chanel-Jersey-12425.html
36784,Chanel,Les Exclusifs de Chanel Jersey Parfum,2014,https://www.fragrantica.com/perfume/Chanel/Les-Exclusifs-de-Chanel-Jersey-Parfum-24447.html
36785,Chanel,Les Exclusifs de Chanel Misia,2015,https://www.fragrantica.com/perfume/Chanel/Les-Exclusifs-de-Chanel-Misia-29676.html
36786,Chanel,Les Exclusifs de Chanel No 18,2007,https://www.fragrantica.com/perfume/Chanel/Les-Exclusifs-de-Chanel-No-18-7147.html
36787,Chanel,Les Exclusifs de Chanel No 22,2007,https://www.fragrantica.com/perfume/Chanel/Les-Exclusifs-de-Chanel-No-22-7142.html
36788,Chanel,Les Exclusifs de Chanel Sycomore,2008,https://www.fragrantica.com/perfume/Chanel/Les-Exclusifs-de-Chanel-Sycomore-4688.html
36789,Chanel,Mademoiselle Chanel N°1,,https://www.parfumo.com/Perfumes/Chanel/Mademoiselle_Chanel_No_1
36790,Chanel,Mademoiselle Chanel N°2,,https://www.parfumo.com/Perfumes/Chanel/Mademoiselle_Chanel_No__2
36791,Chanel,Magnolia,,https://www.parfumo.com/Perfumes/Chanel/Magnolia
36792,Chanel,Misia Chanel 2015 Eau de Toilette,2015,https://www.parfumo.com/Perfumes/Chanel/Misia
36793,Chanel,Misia Eau de Parfum,2016,https://www.fragrantica.com/perfume/Chanel/Misia-Eau-de-Parfum-41777.html
36794,Chanel,N°1 de Chanel L'Eau Rouge,2022,https://www.fragrantica.com/perfume/Chanel/N01-de-Chanel-L-Eau-Rouge-71442.html
36795,Chanel,N°1 L'Eau Rouge,2022,https://www.parfumo.com/Perfumes/Chanel/n-1-l-eau-rouge
36796,Chanel,N°11,,https://www.parfumo.com/Perfumes/Chanel/No_11
36797,Chanel,N°18 Chanel 2007 Eau de Toilette,2007,https://www.parfumo.com/Perfumes/Chanel/Les_Exclusifs_de_Chanel__N18
36798,Chanel,N°18 Eau de Parfum,2016,https://www.fragrantica.com/perfume/Chanel/N018-Eau-de-Parfum-41784.html
36799,Chanel,N°19 Chanel 1971 Eau de Toilette,1971,https://www.parfumo.com/Perfumes/Chanel/N19_Eau_de_Toilette
36800,Chanel,N°19 Chanel Voile Parfumé,,https://www.parfumo.com/Perfumes/Chanel/N19_Voile_Parfume
36801,Chanel,N°21,,https://www.parfumo.com/Perfumes/Chanel/No_21
36802,Chanel,N°22 Eau de Parfum,2016,https://www.fragrantica.com/perfume/Chanel/N022-Eau-de-Parfum-41789.html
36803,Chanel,N°22 Extrait de Parfum,2026,https://www.fragrantica.com/perfume/Chanel/N022-Extrait-de-Parfum-135615.html
36804,Chanel,N°31,,https://www.parfumo.com/Perfumes/Chanel/N31
36805,Chanel,N°5 Chanel 1995 Voile Parfumé,1995,https://www.parfumo.com/Perfumes/Chanel/N5_Voile_Parfume
36806,Chanel,N°5 Chanel Parfum Cheveux,,https://www.parfumo.com/Perfumes/Chanel/n-5-parfum-cheveux
36807,Chanel,N°5 L'Eau Chanel 2018 All-Over Spray,2018,https://www.parfumo.com/Perfumes/Chanel/n-5-l-eau-all-over-spray
36808,Chanel,N°5 L’EAU – Limited Edition,2024,https://www.fragrantica.com/perfume/Chanel/N05-L-EAU-Limited-Edition-93881.html
36809,Chanel,N°55,,https://www.parfumo.com/Perfumes/Chanel/No_55
36810,Chanel,No 22 Parfum,1922,https://www.fragrantica.com/perfume/Chanel/No-22-Parfum-60368.html
36811,Chanel,Nº 5 Eau De Toilete,,https://huggingface.co/datasets/doevent/perfume
36812,Chanel,Paris – Biarritz,2018,https://www.fragrantica.com/perfume/Chanel/Paris-Biarritz-49698.html
36813,Chanel,Paris – Deauville,2018,https://www.fragrantica.com/perfume/Chanel/Paris-Deauville-49697.html
36814,Chanel,Paris – Édimbourg,2021,https://www.fragrantica.com/perfume/Chanel/Paris-Edimbourg-67269.html
36815,Chanel,Paris – Paris,2022,https://www.fragrantica.com/perfume/Chanel/Paris-Paris-73411.html
36816,Chanel,Paris – Riviera,2019,https://www.fragrantica.com/perfume/Chanel/Paris-Riviera-54854.html
36817,Chanel,Paris – Venise,2018,https://www.fragrantica.com/perfume/Chanel/Paris-Venise-49696.html
36818,Chanel,Platinum Égoïste Chanel 1993 Lotion Après Rasage,1993,https://www.parfumo.com/Perfumes/Chanel/Platinum_Egoiste_Lotion_Apres_Rasage
36819,Chanel,Pour Monsieur,1955,https://www.fragrantica.com/perfume/Chanel/Pour-Monsieur-615.html
36820,Chanel,Pour Monsieur A Gentleman's Cologne / For Men Chanel 1955 Eau de Toilette,1955,https://www.parfumo.com/Perfumes/Chanel/Pour_Monsieur_A_Gentleman_s_Cologne_For_Men
36821,Chanel,Pour Monsieur Chanel 1955 Lotion Après Rasage,1955,https://www.parfumo.com/Perfumes/Chanel/Pour_Monsieur_Lotion_Apres_Rasage
36822,Chanel,Pour Monsieur Chanel 1989 Eau de Toilette Concentrée,1989,https://www.parfumo.com/Perfumes/Chanel/Pour_Monsieur_Eau_de_Toilette_Concentree
36823,Chanel,Pour Monsieur Chanel 1989 Lotion Après Rasage Concentrée,1989,https://www.parfumo.com/Perfumes/Chanel/Pour_Monsieur_Lotion_Apres_Rasage_Concentree
36824,Chanel,Pour Monsieur Concentree,1989,https://www.fragrantica.com/perfume/Chanel/Pour-Monsieur-Concentree-3131.html
36825,Chanel,Pour Monsieur Eau de Parfum,2016,https://www.fragrantica.com/perfume/Chanel/Pour-Monsieur-Eau-de-Parfum-43001.html
36826,Chanel,Pour Monsieur Vaporisateur de Voyage,,https://www.parfumo.com/Perfumes/Chanel/Pour_Monsieur_Vaporisateur_de_Voyage
36827,Chanel,Rose,,https://www.parfumo.com/Perfumes/Chanel/Rose
36828,Chanel,Rue Cambon Chanel 2007 Eau de Toilette,2007,https://www.parfumo.com/Perfumes/Chanel/31_rue_Cambon
36829,Chanel,Rue Cambon Chanel 2016 Eau de Parfum,2016,https://www.parfumo.com/Perfumes/Chanel/Les_Exclusifs_de_Chanel__31_Rue_Cambon_Eau_de_Parfum
36830,Chanel,Sycomore Chanel 2008 Eau de Toilette,2008,https://www.parfumo.com/Perfumes/Chanel/Les_Exclusifs_de_Chanel__Sycomore_2008
36831,Chanel,Sycomore Eau de Parfum,2016,https://www.fragrantica.com/perfume/Chanel/Sycomore-Eau-de-Parfum-41780.html
36832,Chanel,Sycomore Extrait de Parfum,2026,https://www.fragrantica.com/perfume/Chanel/Sycomore-Extrait-de-Parfum-135610.html
36833,Chanel,Sycomore Parfum,2022,https://www.fragrantica.com/perfume/Chanel/Sycomore-Parfum-75821.html
36834,Chanel,Une Fleur de,1998,https://www.parfumo.com/Perfumes/Chanel/Une_Fleur_de_Chanel
36835,Chanel,Une Fleur de Chanel,1998,https://www.fragrantica.com/perfume/Chanel/Une-Fleur-de-Chanel-4689.html
36836,Chanel,Une Idée,,https://www.parfumo.com/Perfumes/Chanel/Une_Idee
36837,Chantal du Monde,Silver Shadow,1984,https://www.fragrantica.com/perfume/Chantal-du-Monde/Silver-Shadow-137072.html
36838,Chantal Thomass,211,2020,https://www.fragrantica.com/perfume/Chantal-Thomass/211-63575.html
36839,Chantal Thomass,Ame Coquine,2004,https://www.fragrantica.com/perfume/Chantal-Thomass/Ame-Coquine-463.html
36840,Chantal Thomass,Chantal Thomass,2002,https://www.fragrantica.com/perfume/Chantal-Thomass/Chantal-Thomass-462.html
36841,Chantal Thomass,Chantal Thomass Eau de Toilette,2010,https://www.fragrantica.com/perfume/Chantal-Thomass/Chantal-Thomass-Eau-de-Toilette-10560.html
36842,Chantal Thomass,Et Plus Si Affinites,2005,https://www.fragrantica.com/perfume/Chantal-Thomass/Et-Plus-Si-Affinites-6033.html
36843,Chantal Thomass,Gold,2000,https://www.fragrantica.com/perfume/Chantal-Thomass/Gold-76642.html
36844,Chantal Thomass,Osez-Moi!,2009,https://www.fragrantica.com/perfume/Chantal-Thomass/Osez-Moi-6032.html
36845,Chantal Thomass,Pink,2000,https://www.fragrantica.com/perfume/Chantal-Thomass/Pink-76641.html
36846,Chantecaille,Darby Rose,2019,https://www.fragrantica.com/perfume/Chantecaille/Darby-Rose-55287.html
36847,Chantecaille,Eau de Fleur D'Oranger,2021,https://www.fragrantica.com/perfume/Chantecaille/Eau-de-Fleur-D-Oranger-68380.html
36848,Chantecaille,Frangipane,1997,https://www.fragrantica.com/perfume/Chantecaille/Frangipane-4019.html
36849,Chantecaille,Kalimantan,2010,https://www.fragrantica.com/perfume/Chantecaille/Kalimantan-9970.html
36850,Chantecaille,Le Jasmin,1997,https://www.fragrantica.com/perfume/Chantecaille/Le-Jasmin-4020.html
36851,Chantecaille,Le Wild,2016,https://www.fragrantica.com/perfume/Chantecaille/Le-Wild-41191.html
36852,Chantecaille,Oud Fumé,2019,https://www.fragrantica.com/perfume/Chantecaille/Oud-Fume-71669.html
36853,Chantecaille,Petales,2010,https://www.fragrantica.com/perfume/Chantecaille/Petales-9971.html
36854,Chantecaille,Tiare,1997,https://www.fragrantica.com/perfume/Chantecaille/Tiare-4021.html
36855,Chantecaille,Vetyver,2010,https://www.fragrantica.com/perfume/Chantecaille/Vetyver-9972.html
36856,Chantecaille,Vetyver Cèdre,2019,https://www.fragrantica.com/perfume/Chantecaille/Vetyver-Cedre-71668.html
36857,Chantecaille,Wisteria,1997,https://www.fragrantica.com/perfume/Chantecaille/Wisteria-4022.html
36858,Chantelle,Eau de Desir,2008,https://www.fragrantica.com/perfume/Chantelle/Eau-de-Desir-23356.html
36859,Chantelle,Eau Elegante,2008,https://www.fragrantica.com/perfume/Chantelle/Eau-Elegante-23358.html
36860,Chantelle,Eau Libre,2008,https://www.fragrantica.com/perfume/Chantelle/Eau-Libre-23359.html
36861,Chantelle,Eau Sensuelle,2008,https://www.fragrantica.com/perfume/Chantelle/Eau-Sensuelle-23357.html
36862,Chaos,Angelic Touch,2024,https://www.fragrantica.com/perfume/Chaos/Angelic-Touch-112780.html
36863,Chaos,Destructible Love,2024,https://www.fragrantica.com/perfume/Chaos/Destructible-Love-112777.html
36864,Chaos,Lead Us Into Temptation,2024,https://www.fragrantica.com/perfume/Chaos/Lead-Us-Into-Temptation-112779.html
36865,Chaos,Paradise Is Not For Everyone,2024,https://www.fragrantica.com/perfume/Chaos/Paradise-Is-Not-For-Everyone-112781.html
36866,Chaos,Seven Deadly Sins,2024,https://www.fragrantica.com/perfume/Chaos/Seven-Deadly-Sins-112778.html
36867,Chaos,White Overdose,2024,https://www.fragrantica.com/perfume/Chaos/White-Overdose-112782.html
36868,Chapel Factory,Baptisma,2020,https://www.fragrantica.com/perfume/Chapel-Factory/Baptisma-63966.html
36869,Chapel Factory,Candor,2025,https://www.fragrantica.com/perfume/Chapel-Factory/Candor-109823.html
36870,Chapel Factory,Cornette,2026,https://www.fragrantica.com/perfume/Chapel-Factory/Cornette-134877.html
36871,Chapel Factory,Erborista,2024,https://www.fragrantica.com/perfume/Chapel-Factory/Erborista-97175.html
36872,Chapel Factory,Heresy,2020,https://www.fragrantica.com/perfume/Chapel-Factory/Heresy-63967.html
36873,Chapel Factory,Hermit Coat,2021,https://www.fragrantica.com/perfume/Chapel-Factory/Hermit-Coat-71947.html
36874,Chapel Factory,Holy Stick,2020,https://www.fragrantica.com/perfume/Chapel-Factory/Holy-Stick-63968.html
36875,Chapel Factory,Idolatry,2025,https://www.fragrantica.com/perfume/Chapel-Factory/Idolatry-111816.html
36876,Chapel Factory,L'eau d'Epine,2022,https://www.fragrantica.com/perfume/Chapel-Factory/L-eau-d-Epine-87593.html
36877,Chapel Factory,Oud Pagode,2023,https://www.fragrantica.com/perfume/Chapel-Factory/Oud-Pagode-87594.html
36878,Chapel Factory,Pilgrim,2025,https://www.fragrantica.com/perfume/Chapel-Factory/Pilgrim-116937.html
36879,Chapel Factory,Pura Lux,2022,https://www.fragrantica.com/perfume/Chapel-Factory/Pura-Lux-87592.html
36880,Chapel Factory,Scapular,2025,https://www.fragrantica.com/perfume/Chapel-Factory/Scapular-111817.html
36881,Chaque Jour,Aromatic Blue,2024,https://www.fragrantica.com/perfume/Chaque-Jour/Aromatic-Blue-112330.html
36882,Chaque Jour,Black Rose,2023,https://www.fragrantica.com/perfume/Chaque-Jour/Black-Rose-112332.html
36883,Chaque Jour,Blooming Rose,2022,https://www.fragrantica.com/perfume/Chaque-Jour/Blooming-Rose-112229.html
36884,Chaque Jour,Citrus Jasmine,2023,https://www.fragrantica.com/perfume/Chaque-Jour/Citrus-Jasmine-112320.html
36885,Chaque Jour,Cotton Powder,2022,https://www.fragrantica.com/perfume/Chaque-Jour/Cotton-Powder-112163.html
36886,Chaque Jour,Daisy Garden,2023,https://www.fragrantica.com/perfume/Chaque-Jour/Daisy-Garden-112170.html
36887,Chaque Jour,Jasmine Orange,2023,https://www.fragrantica.com/perfume/Chaque-Jour/Jasmine-Orange-112334.html
36888,Chaque Jour,Lilac In Water,2022,https://www.fragrantica.com/perfume/Chaque-Jour/Lilac-In-Water-112314.html
36889,Chaque Jour,Lovely Peach,2023,https://www.fragrantica.com/perfume/Chaque-Jour/Lovely-Peach-112336.html
36890,Chaque Jour,Rainy Forest,2022,https://www.fragrantica.com/perfume/Chaque-Jour/Rainy-Forest-112168.html
36891,Chaque Jour,Raspberry Vanilla,2023,https://www.fragrantica.com/perfume/Chaque-Jour/Raspberry-Vanilla-112313.html
36892,Chaque Jour,Sage Bergamot,2023,https://www.fragrantica.com/perfume/Chaque-Jour/Sage-Bergamot-112340.html
36893,Chaque Jour,Sandal Beige,2022,https://www.fragrantica.com/perfume/Chaque-Jour/Sandal-Beige-112316.html
36894,Chaque Jour,Secret Rose,2022,https://www.fragrantica.com/perfume/Chaque-Jour/Secret-Rose-112318.html
36895,Chaque Jour,Silky Lotus,2024,https://www.fragrantica.com/perfume/Chaque-Jour/Silky-Lotus-112341.html
36896,Chaque Jour,Soft Leather,2024,https://www.fragrantica.com/perfume/Chaque-Jour/Soft-Leather-112322.html
36897,Chaque Jour,Sweet Peony,2022,https://www.fragrantica.com/perfume/Chaque-Jour/Sweet-Peony-112317.html
36898,Chaque Jour,Sweet Red Berry,2024,https://www.fragrantica.com/perfume/Chaque-Jour/Sweet-Red-Berry-112325.html
36899,Chaque Jour,Tropical Jasmine,2022,https://www.fragrantica.com/perfume/Chaque-Jour/Tropical-Jasmine-112315.html
36900,Chaque Jour,White Floral,2022,https://www.fragrantica.com/perfume/Chaque-Jour/White-Floral-112342.html
36901,Char-Zillya,Amber Necklace / Бурштинове намисто,2019,https://www.fragrantica.com/perfume/Char-Zillya/Amber-Necklace-Burstinove-namisto-61670.html
36902,Char-Zillya,Black Flower / Чорна квітка,2017,https://www.fragrantica.com/perfume/Char-Zillya/Black-Flower-Corna-kvitka-61443.html
36903,Char-Zillya,Fetters / Пута,2019,https://www.fragrantica.com/perfume/Char-Zillya/Fetters-Puta-61438.html
36904,Char-Zillya,Hurrem Sultan / Хюррем Султан,2018,https://www.fragrantica.com/perfume/Char-Zillya/Hurrem-Sultan-Hurrem-Sultan-61792.html
36905,Char-Zillya,Island of the dead towns / Острів мертвих міст,2020,https://www.fragrantica.com/perfume/Char-Zillya/Island-of-the-dead-towns-Ostriv-mertvih-mist-61442.html
36906,Char-Zillya,Keiko's tears / Сльози Кейко,2015,https://www.fragrantica.com/perfume/Char-Zillya/Keiko-s-tears-Sl-ozi-Kejko-61444.html
36907,Char-Zillya,Molfar Forest / Мольфарський Ліс,2019,https://www.fragrantica.com/perfume/Char-Zillya/Molfar-Forest-Mol-fars-kij-Lis-61449.html
36908,Char-Zillya,Moon shadow / Тінь Місяця,2015,https://www.fragrantica.com/perfume/Char-Zillya/Moon-shadow-Tin-Misaca-61794.html
36909,Char-Zillya,Partisan Love / Партизанська любов,2017,https://www.fragrantica.com/perfume/Char-Zillya/Partisan-Love-Partizans-ka-lubov-61793.html
36910,Char-Zillya,Sight / Погляд,2019,https://www.fragrantica.com/perfume/Char-Zillya/Sight-Poglad-61439.html
36911,Char-Zillya,Spider / Павук,2019,https://www.fragrantica.com/perfume/Char-Zillya/Spider-Pavuk-61441.html
36912,Char-Zillya,Spring over the Dnieper / Весна над Дніпром,2019,https://www.fragrantica.com/perfume/Char-Zillya/Spring-over-the-Dnieper-Vesna-nad-Dniprom-61450.html
36913,Char-Zillya,Tales of grandfather Taras / Казки діда Тараса,2018,https://www.fragrantica.com/perfume/Char-Zillya/Tales-of-grandfather-Taras-Kazki-dida-Tarasa-61791.html
36914,Charenton Macerations,Asphalt Rainbow,2015,https://www.fragrantica.com/perfume/Charenton-Macerations/Asphalt-Rainbow-30351.html
36915,Charenton Macerations,Christopher Street,2012,https://www.fragrantica.com/perfume/Charenton-Macerations/Christopher-Street-20275.html
36916,Charenton Macerations,"Eye, Hatshepsut",2016,https://www.fragrantica.com/perfume/Charenton-Macerations/Eye-Hatshepsut-39706.html
36917,Charles de Beaune,Cuir Sublime,2021,https://www.fragrantica.com/perfume/Charles-de-Beaune/Cuir-Sublime-79709.html
36918,Charles de Beaune,Esprit de Charles,2021,https://www.fragrantica.com/perfume/Charles-de-Beaune/Esprit-de-Charles-79710.html
36919,Charles de Beaune,Montée Rouge,2021,https://www.fragrantica.com/perfume/Charles-de-Beaune/Montee-Rouge-79711.html
36920,Charles de Beaune,Première Nuit,2021,https://www.fragrantica.com/perfume/Charles-de-Beaune/Premiere-Nuit-79712.html
36921,Charles de Beaune,Reflet D'Orient,2021,https://www.fragrantica.com/perfume/Charles-de-Beaune/Reflet-D-Orient-79713.html
36922,Charles Jourdan,Charles Jourdan The Parfum,2004,https://www.fragrantica.com/perfume/Charles-Jourdan/Charles-Jourdan-The-Parfum-476.html
36923,Charles Jourdan,Individuelle,1996,https://www.fragrantica.com/perfume/Charles-Jourdan/Individuelle-12526.html
36924,Charles Jourdan,Inspiration,1998,https://www.fragrantica.com/perfume/Charles-Jourdan/Inspiration-4894.html
36925,Charles Jourdan,L'Insolent,1986,https://www.fragrantica.com/perfume/Charles-Jourdan/L-Insolent-4895.html
36926,Charles Jourdan,Tres Jourdan,1992,https://www.fragrantica.com/perfume/Charles-Jourdan/Tres-Jourdan-4896.html
36927,Charles Jourdan,Un Homme,1980,https://www.fragrantica.com/perfume/Charles-Jourdan/Un-Homme-4892.html
36928,Charles Jourdan,Un Jour,1982,https://www.fragrantica.com/perfume/Charles-Jourdan/Un-Jour-12527.html
36929,Charles Jourdan,Votre,1978,https://www.fragrantica.com/perfume/Charles-Jourdan/Votre-4893.html
36930,Charles of the Ritz,Carrington,1984,https://www.fragrantica.com/perfume/Charles-of-the-Ritz/Carrington-14140.html
36931,Charles of the Ritz,Charles of the Ritz,1977,https://www.fragrantica.com/perfume/Charles-of-the-Ritz/Charles-of-the-Ritz-4598.html
36932,Charles of the Ritz,Enjoli,1978,https://www.fragrantica.com/perfume/Charles-of-the-Ritz/Enjoli-4596.html
36933,Charles of the Ritz,Enjoli Midnight,1984,https://www.fragrantica.com/perfume/Charles-of-the-Ritz/Enjoli-Midnight-13555.html
36934,Charles of the Ritz,Forever Krystle,1984,https://www.fragrantica.com/perfume/Charles-of-the-Ritz/Forever-Krystle-4597.html
36935,Charles of the Ritz,Senchal,1981,https://www.fragrantica.com/perfume/Charles-of-the-Ritz/Senchal-22883.html
36936,Charles Revson,Braggi,1966,https://www.fragrantica.com/perfume/Charles-Revson/Braggi-17402.html
36937,Charles Revson,Cerissa,1974,https://www.fragrantica.com/perfume/Charles-Revson/Cerissa-17403.html
36938,Charles Revson,Madly Ultima II,1996,https://www.fragrantica.com/perfume/Charles-Revson/Madly-Ultima-II-34650.html
36939,Charles Revson,Maroc,1985,https://www.fragrantica.com/perfume/Charles-Revson/Maroc-48615.html
36940,Charles Revson,Ultima II,1967,https://www.fragrantica.com/perfume/Charles-Revson/Ultima-II-17405.html
36941,Charleston Girl,Charleston Girl,2012,https://www.fragrantica.com/perfume/Charleston-Girl/Charleston-Girl-15163.html
36942,Charley Stone,Adagio,,https://www.parfumo.com/Perfumes/Charley_Stone/Adagio
36943,Charley Stone,Boston,2007,https://www.parfumo.com/Perfumes/Charley_Stone/Boston
36944,Charley Stone,Charline,1998,https://www.parfumo.com/Perfumes/Charley_Stone/Charline
36945,Charley Stone,Coryalis,2010,https://www.parfumo.com/Perfumes/Charley_Stone/Coryalis
36946,Charley Stone,Dancing Queen,2007,https://www.parfumo.com/Perfumes/Charley_Stone/Dancing_Queen
36947,Charley Stone,Heros,2015,https://www.parfumo.com/Perfumes/Charley_Stone/Heros
36948,Charley Stone,Hysope,1982,https://www.parfumo.com/Perfumes/Charley_Stone/Hysope
36949,Charli D'Amelio,Born Dreamer,2022,https://www.fragrantica.com/perfume/Charli-D-Amelio/Born-Dreamer-75135.html
36950,Charli D'Amelio,Born Dreamer Happy Place,2023,https://www.fragrantica.com/perfume/Charli-D-Amelio/Born-Dreamer-Happy-Place-92953.html
36951,Charlotte Meentzen,Enjoy,2007,https://www.fragrantica.com/perfume/Charlotte-Meentzen/Enjoy-11167.html
36952,Charlotte Meentzen,M4M,2014,https://www.fragrantica.com/perfume/Charlotte-Meentzen/M4M-30096.html
36953,Charlotte Meentzen,Spirit for Men,2011,https://www.fragrantica.com/perfume/Charlotte-Meentzen/Spirit-for-Men-30097.html
36954,Charlotte Meentzen,Spirit for Women,2011,https://www.fragrantica.com/perfume/Charlotte-Meentzen/Spirit-for-Women-30098.html
36955,Charlotte Russe,"Love, Charlotte",2013,https://www.fragrantica.com/perfume/Charlotte-Russe/Love-Charlotte-22325.html
36956,Charlotte Russe,Refuge Nights,,https://www.fragrantica.com/perfume/Charlotte-Russe/Refuge-Nights-88797.html
36957,Charlotte Tilbury,Calm Bliss,2024,https://www.fragrantica.com/perfume/Charlotte-Tilbury/Calm-Bliss-92090.html
36958,Charlotte Tilbury,Cosmic Power,2024,https://www.fragrantica.com/perfume/Charlotte-Tilbury/Cosmic-Power-92088.html
36959,Charlotte Tilbury,Joyphoria,2024,https://www.fragrantica.com/perfume/Charlotte-Tilbury/Joyphoria-92089.html
36960,Charlotte Tilbury,Love Frequency,2024,https://www.fragrantica.com/perfume/Charlotte-Tilbury/Love-Frequency-92085.html
36961,Charlotte Tilbury,Magic Energy,2024,https://www.fragrantica.com/perfume/Charlotte-Tilbury/Magic-Energy-92087.html
36962,Charlotte Tilbury,More Sex,2024,https://www.fragrantica.com/perfume/Charlotte-Tilbury/More-Sex-92086.html
36963,Charlotte Tilbury,Scent of a Dream,2016,https://www.fragrantica.com/perfume/Charlotte-Tilbury/Scent-of-a-Dream-40118.html
36964,Charlotte Tilbury,Star Confidence,2025,https://www.fragrantica.com/perfume/Charlotte-Tilbury/Star-Confidence-116340.html
36965,Charme de Vie,Diamond Blossom,2025,https://www.fragrantica.com/perfume/Charme-de-Vie/Diamond-Blossom-121057.html
36966,Charme de Vie,Lennon Juice,2025,https://www.fragrantica.com/perfume/Charme-de-Vie/Lennon-Juice-121059.html
36967,Charme de Vie,Les Fleur De Mal,2025,https://www.fragrantica.com/perfume/Charme-de-Vie/Les-Fleur-De-Mal-121056.html
36968,Charme de Vie,Obsidian Dream,2025,https://www.fragrantica.com/perfume/Charme-de-Vie/Obsidian-Dream-121055.html
36969,Charme de Vie,One & Only Memory,2025,https://www.fragrantica.com/perfume/Charme-de-Vie/One-Only-Memory-121058.html
36970,Charme Essência,Cedro e Vinho,2015,https://www.fragrantica.com/perfume/Charme-Essencia/Cedro-e-Vinho-34396.html
36971,Charme Essência,Diarum Black,2017,https://www.fragrantica.com/perfume/Charme-Essencia/Diarum-Black-45509.html
36972,Charme Essência,Elegans,2013,https://www.fragrantica.com/perfume/Charme-Essencia/Elegans-31267.html
36973,Charme Essência,Encanto D'Charme,2015,https://www.fragrantica.com/perfume/Charme-Essencia/Encanto-D-Charme-31263.html
36974,Charme Essência,Enigma,2013,https://www.fragrantica.com/perfume/Charme-Essencia/Enigma-31269.html
36975,Charme Essência,Fator Top,2013,https://www.fragrantica.com/perfume/Charme-Essencia/Fator-Top-31270.html
36976,Charme Essência,Incenso e Ambar,2015,https://www.fragrantica.com/perfume/Charme-Essencia/Incenso-e-Ambar-34397.html
36977,Charme Essência,Instinto,2014,https://www.fragrantica.com/perfume/Charme-Essencia/Instinto-31266.html
36978,Charme Essência,Le Charmant Absolu,2015,https://www.fragrantica.com/perfume/Charme-Essencia/Le-Charmant-Absolu-31264.html
36979,Charme Essência,Néctar Rosé,2017,https://www.fragrantica.com/perfume/Charme-Essencia/Nectar-Rose-56578.html
36980,Charme Essência,Nobre,2013,https://www.fragrantica.com/perfume/Charme-Essencia/Nobre-31268.html
36981,Charme Essência,Oquira,2017,https://www.fragrantica.com/perfume/Charme-Essencia/Oquira-56579.html
36982,Charme Essência,Patchouli Passion,2015,https://www.fragrantica.com/perfume/Charme-Essencia/Patchouli-Passion-34398.html
36983,Charme Essência,QA+,2014,https://www.fragrantica.com/perfume/Charme-Essencia/QA-31265.html
36984,Charme Essência,Raoni,2017,https://www.fragrantica.com/perfume/Charme-Essencia/Raoni-43643.html
36985,Charme Essência,Vetiver Pour Moi,2015,https://www.fragrantica.com/perfume/Charme-Essencia/Vetiver-Pour-Moi-34399.html
36986,Charrier Parfums,A Toi,,https://www.fragrantica.com/perfume/Charrier-Parfums/A-Toi-20338.html
36987,Charrier Parfums,Air de France,,https://www.fragrantica.com/perfume/Charrier-Parfums/Air-de-France-20326.html
36988,Charrier Parfums,Ambre,,https://www.fragrantica.com/perfume/Charrier-Parfums/Ambre-11107.html
36989,Charrier Parfums,Ash & Diamonds Blue,,https://www.fragrantica.com/perfume/Charrier-Parfums/Ash-Diamonds-Blue-20025.html
36990,Charrier Parfums,Ash & Diamonds Pink,,https://www.fragrantica.com/perfume/Charrier-Parfums/Ash-Diamonds-Pink-20024.html
36991,Charrier Parfums,Cordon d'Or,,https://www.fragrantica.com/perfume/Charrier-Parfums/Cordon-d-Or-20348.html
36992,Charrier Parfums,Cotton Candy,,https://www.fragrantica.com/perfume/Charrier-Parfums/Cotton-Candy-20332.html
36993,Charrier Parfums,Croyance,,https://www.fragrantica.com/perfume/Charrier-Parfums/Croyance-20330.html
36994,Charrier Parfums,Croyance Or,,https://www.fragrantica.com/perfume/Charrier-Parfums/Croyance-Or-11103.html
36995,Charrier Parfums,Douce Faute,,https://www.fragrantica.com/perfume/Charrier-Parfums/Douce-Faute-11110.html
36996,Charrier Parfums,Flanade,,https://www.fragrantica.com/perfume/Charrier-Parfums/Flanade-20334.html
36997,Charrier Parfums,Folie de Femme,,https://www.fragrantica.com/perfume/Charrier-Parfums/Folie-de-Femme-20341.html
36998,Charrier Parfums,Garde Moi,,https://www.fragrantica.com/perfume/Charrier-Parfums/Garde-Moi-20343.html
36999,Charrier Parfums,Gerine,,https://www.fragrantica.com/perfume/Charrier-Parfums/Gerine-11104.html
37000,Charrier Parfums,Jasmin,,https://www.fragrantica.com/perfume/Charrier-Parfums/Jasmin-63299.html37001,Charrier Parfums,Jolie Valse,,https://www.fragrantica.com/perfume/Charrier-Parfums/Jolie-Valse-20337.html
37002,Charrier Parfums,Kinou,,https://www.fragrantica.com/perfume/Charrier-Parfums/Kinou-20346.html
37003,Charrier Parfums,Lavande,,https://www.fragrantica.com/perfume/Charrier-Parfums/Lavande-63300.html
37004,Charrier Parfums,Lonia,,https://www.fragrantica.com/perfume/Charrier-Parfums/Lonia-20335.html
37005,Charrier Parfums,Love Elegant,,https://www.fragrantica.com/perfume/Charrier-Parfums/Love-Elegant-63307.html
37006,Charrier Parfums,Love Mysterious,,https://www.fragrantica.com/perfume/Charrier-Parfums/Love-Mysterious-63309.html
37007,Charrier Parfums,Love Romantic,,https://www.fragrantica.com/perfume/Charrier-Parfums/Love-Romantic-63308.html
37008,Charrier Parfums,Lovely French,,https://www.fragrantica.com/perfume/Charrier-Parfums/Lovely-French-63304.html
37009,Charrier Parfums,Mach 2,,https://www.fragrantica.com/perfume/Charrier-Parfums/Mach-2-20022.html
37010,Charrier Parfums,Madame Charrier,,https://www.fragrantica.com/perfume/Charrier-Parfums/Madame-Charrier-11106.html
37011,Charrier Parfums,Mademoiselle Charrier,,https://www.fragrantica.com/perfume/Charrier-Parfums/Mademoiselle-Charrier-20345.html
37012,Charrier Parfums,Mademoiselle France,,https://www.fragrantica.com/perfume/Charrier-Parfums/Mademoiselle-France-20023.html
37013,Charrier Parfums,Madisha,,https://www.fragrantica.com/perfume/Charrier-Parfums/Madisha-20344.html
37014,Charrier Parfums,Magic Rose,,https://www.fragrantica.com/perfume/Charrier-Parfums/Magic-Rose-11105.html
37015,Charrier Parfums,Malandrin,,https://www.fragrantica.com/perfume/Charrier-Parfums/Malandrin-20329.html
37016,Charrier Parfums,Malica,1960,https://www.fragrantica.com/perfume/Charrier-Parfums/Malica-103009.html
37017,Charrier Parfums,Mélissa,,https://www.fragrantica.com/perfume/Charrier-Parfums/Melissa-20339.html
37018,Charrier Parfums,Mimosa,,https://www.fragrantica.com/perfume/Charrier-Parfums/Mimosa-63301.html
37019,Charrier Parfums,Miss Charrier,,https://www.fragrantica.com/perfume/Charrier-Parfums/Miss-Charrier-20342.html
37020,Charrier Parfums,Miss Solena,,https://www.fragrantica.com/perfume/Charrier-Parfums/Miss-Solena-63306.html
37021,Charrier Parfums,Mon Otage,,https://www.fragrantica.com/perfume/Charrier-Parfums/Mon-Otage-20336.html
37022,Charrier Parfums,Orient,,https://www.fragrantica.com/perfume/Charrier-Parfums/Orient-20340.html
37023,Charrier Parfums,Ponant,,https://www.fragrantica.com/perfume/Charrier-Parfums/Ponant-11109.html
37024,Charrier Parfums,Reine de Mai,,https://www.fragrantica.com/perfume/Charrier-Parfums/Reine-de-Mai-11108.html
37025,Charrier Parfums,Rose,,https://www.fragrantica.com/perfume/Charrier-Parfums/Rose-63302.html
37026,Charrier Parfums,Sarine,,https://www.fragrantica.com/perfume/Charrier-Parfums/Sarine-20333.html
37027,Charrier Parfums,Tendre Folie,,https://www.fragrantica.com/perfume/Charrier-Parfums/Tendre-Folie-20327.html
37028,Charrier Parfums,Versant,,https://www.fragrantica.com/perfume/Charrier-Parfums/Versant-20331.html
37029,Charrier Parfums,Veux Tu,,https://www.fragrantica.com/perfume/Charrier-Parfums/Veux-Tu-20347.html
37030,Charrier Parfums,Violette,,https://www.fragrantica.com/perfume/Charrier-Parfums/Violette-63303.html
37031,Charrier Parfums,Viva Paris,,https://www.fragrantica.com/perfume/Charrier-Parfums/Viva-Paris-63305.html
37032,Charrier Parfums,Vogade,,https://www.fragrantica.com/perfume/Charrier-Parfums/Vogade-20328.html
37033,Charrier Parfums,Winky,,https://www.fragrantica.com/perfume/Charrier-Parfums/Winky-20349.html
37034,Charriol,Charriol Eau de Parfum,2008,https://www.fragrantica.com/perfume/Charriol/Charriol-Eau-de-Parfum-5807.html
37035,Charriol,Charriol Eau de Parfum Pour Homme,2010,https://www.fragrantica.com/perfume/Charriol/Charriol-Eau-de-Parfum-Pour-Homme-18054.html
37036,Charriol,Charriol Eau de Toilette,2008,https://www.fragrantica.com/perfume/Charriol/Charriol-Eau-de-Toilette-5810.html
37037,Charriol,Charriol Homme Sport,2010,https://www.fragrantica.com/perfume/Charriol/Charriol-Homme-Sport-8990.html
37038,Charriol,Charriol Men,2008,https://www.fragrantica.com/perfume/Charriol/Charriol-Men-5814.html
37039,Charriol,Charriol Royal Gold Eau de Toilette Intense,2011,https://www.fragrantica.com/perfume/Charriol/Charriol-Royal-Gold-Eau-de-Toilette-Intense-11435.html
37040,Charriol,Imperial Ruby,2011,https://www.fragrantica.com/perfume/Charriol/Imperial-Ruby-13416.html
37041,Charriol,Imperial Saphir,2012,https://www.fragrantica.com/perfume/Charriol/Imperial-Saphir-16288.html
37042,Charriol,Infinite Celtic,2017,https://www.fragrantica.com/perfume/Charriol/Infinite-Celtic-45644.html
37043,Charriol,Infinite Celtic For Women,2018,https://www.fragrantica.com/perfume/Charriol/Infinite-Celtic-For-Women-49541.html
37044,Charriol,Infinite Celtic Ultimate,2019,https://www.fragrantica.com/perfume/Charriol/Infinite-Celtic-Ultimate-52463.html
37045,Charriol,Philippe Eau de Parfum Pour Homme,2014,https://www.fragrantica.com/perfume/Charriol/Philippe-Eau-de-Parfum-Pour-Homme-28219.html
37046,Charriol,Philippe II,2015,https://www.fragrantica.com/perfume/Charriol/Philippe-II-32548.html
37047,Charriol,Royal Leather,2012,https://www.fragrantica.com/perfume/Charriol/Royal-Leather-15264.html
37048,Charriol,Royal Platinum,2011,https://www.fragrantica.com/perfume/Charriol/Royal-Platinum-17328.html
37049,Charriol,Royal White,2013,https://www.fragrantica.com/perfume/Charriol/Royal-White-18153.html
37050,Charriol,Show Off,2012,https://www.fragrantica.com/perfume/Charriol/Show-Off-14500.html
37051,Charriol,Tourmaline,2010,https://www.fragrantica.com/perfume/Charriol/Tourmaline-8099.html
37052,Charriol,Young For Ever,2016,https://www.fragrantica.com/perfume/Charriol/Young-For-Ever-39677.html
37053,Chase,Black Bishop,2024,https://www.fragrantica.com/perfume/Chase/Black-Bishop-99610.html
37054,Chase,Black King,2024,https://www.fragrantica.com/perfume/Chase/Black-King-99611.html
37055,Chase,Black Knight,2024,https://www.fragrantica.com/perfume/Chase/Black-Knight-99612.html
37056,Chase,Black Queen,2024,https://www.fragrantica.com/perfume/Chase/Black-Queen-99613.html
37057,Chase,Black Rook,2024,https://www.fragrantica.com/perfume/Chase/Black-Rook-99614.html
37058,Chase,White Bishop,2024,https://www.fragrantica.com/perfume/Chase/White-Bishop-99615.html
37059,Chase,White King,2024,https://www.fragrantica.com/perfume/Chase/White-King-99616.html
37060,Chase,White Knight,2024,https://www.fragrantica.com/perfume/Chase/White-Knight-99617.html
37061,Chase,White Queen,2024,https://www.fragrantica.com/perfume/Chase/White-Queen-99618.html
37062,Chase,White Rook,2024,https://www.fragrantica.com/perfume/Chase/White-Rook-99619.html
37063,Chasense,Biluochun Green Tea,,https://www.fragrantica.com/perfume/Chasense/Biluochun-Green-Tea-125953.html
37064,Chasense,Chinese Milk Tea,,https://www.fragrantica.com/perfume/Chasense/Chinese-Milk-Tea-125957.html
37065,Chasense,Comforting Oolong,,https://www.fragrantica.com/perfume/Chasense/Comforting-Oolong-129509.html
37066,Chasense,Confidence Black Tea,,https://www.fragrantica.com/perfume/Chasense/Confidence-Black-Tea-129510.html
37067,Chasense,Find Myself Dark Tea,,https://www.fragrantica.com/perfume/Chasense/Find-Myself-Dark-Tea-129512.html
37068,Chasense,Ganpu Tea,,https://www.fragrantica.com/perfume/Chasense/Ganpu-Tea-125952.html
37069,Chasense,Hong,,https://www.fragrantica.com/perfume/Chasense/Hong-125950.html
37070,Chasense,Japanese Matcha,,https://www.fragrantica.com/perfume/Chasense/Japanese-Matcha-125959.html
37071,Chasense,Moroccan Mint Tea,,https://www.fragrantica.com/perfume/Chasense/Moroccan-Mint-Tea-125951.html
37072,Chasense,Nature Green Tea,,https://www.fragrantica.com/perfume/Chasense/Nature-Green-Tea-129511.html
37073,Chasense,Spring Tea,2023,https://www.fragrantica.com/perfume/Chasense/Spring-Tea-125939.html
37074,Chasense,Ya,2022,https://www.fragrantica.com/perfume/Chasense/Ya-125947.html
37075,Chasense,Zenmind Harmony,2022,https://www.fragrantica.com/perfume/Chasense/Zenmind-Harmony-125948.html
37076,Chasense,Zentea Qing,2022,https://www.fragrantica.com/perfume/Chasense/Zentea-Qing-125944.html
37077,Chasense,Zheng,,https://www.fragrantica.com/perfume/Chasense/Zheng-125949.html
37078,Chasing Scents,Bitter Melon Lemon Tea,2025,https://www.fragrantica.com/perfume/Chasing-Scents/Bitter-Melon-Lemon-Tea-107404.html
37079,Chasing Scents,Matcha Break,2026,https://www.fragrantica.com/perfume/Chasing-Scents/Matcha-Break-128750.html
37080,Chasing Scents,Private Teahouse,2024,https://www.fragrantica.com/perfume/Chasing-Scents/Private-Teahouse-95013.html
37081,Chasing Scents,Rain Tea,2023,https://www.fragrantica.com/perfume/Chasing-Scents/Rain-Tea-79639.html
37082,Chasing Scents,Slow World,2021,https://www.fragrantica.com/perfume/Chasing-Scents/Slow-World-73355.html
37083,Chasing Scents,Tea Service,2021,https://www.fragrantica.com/perfume/Chasing-Scents/Tea-Service-73356.html
37084,Chasing Scents,Weeping Rose,2021,https://www.fragrantica.com/perfume/Chasing-Scents/Weeping-Rose-73357.html
37085,Chateau Berger,E As Exciting,2018,https://www.fragrantica.com/perfume/Chateau-Berger/E-As-Exciting-55096.html
37086,Chateau Berger,I As Iconic,2018,https://www.fragrantica.com/perfume/Chateau-Berger/I-As-Iconic-55100.html
37087,Chateau Berger,L,2018,https://www.fragrantica.com/perfume/Chateau-Berger/L-55077.html
37088,Chateau Berger,M As Masculine,2018,https://www.fragrantica.com/perfume/Chateau-Berger/M-As-Masculine-55097.html
37089,Chateau Berger,N As Natural,2018,https://www.fragrantica.com/perfume/Chateau-Berger/N-As-Natural-55101.html
37090,Chateau Berger,O As Original,2018,https://www.fragrantica.com/perfume/Chateau-Berger/O-As-Original-55098.html
37091,Chateau Berger,T As Troubling,2018,https://www.fragrantica.com/perfume/Chateau-Berger/T-As-Troubling-55099.html
37092,Chateau Berger,Voyage Désir,2026,https://www.fragrantica.com/perfume/Chateau-Berger/Voyage-Desir-135174.html
37093,Chateau Les Parfums,Emerald,2026,https://www.fragrantica.com/perfume/Chateau-Les-Parfums/Emerald-142610.html
37094,Chateau Les Parfums,Exodus,,https://www.fragrantica.com/perfume/Chateau-Les-Parfums/Exodus-142611.html
37095,Chateau Les Parfums,Icon,,https://www.fragrantica.com/perfume/Chateau-Les-Parfums/Icon-142609.html
37096,Chateau Les Parfums,Le Sensuel,,https://www.fragrantica.com/perfume/Chateau-Les-Parfums/Le-Sensuel-142612.html
37097,Chateau Les Parfums,Vivino,2023,https://www.fragrantica.com/perfume/Chateau-Les-Parfums/Vivino-142613.html
37098,Château Privé,Dhermi,2025,https://www.fragrantica.com/perfume/Chateau-Prive/Dhermi-132814.html
37099,Château Privé,Fosen,2025,https://www.fragrantica.com/perfume/Chateau-Prive/Fosen-132815.html
37100,Chatillon Lux Parfums,1904,2021,https://www.fragrantica.com/perfume/Chatillon-Lux-Parfums/1904-72729.html
37101,Chatillon Lux Parfums,Admiral,2019,https://www.fragrantica.com/perfume/Chatillon-Lux-Parfums/Admiral-58893.html
37102,Chatillon Lux Parfums,Admiral Chatillon Lux 2015 Aftershave (After Shave),2015,https://www.parfumo.com/Perfumes/Chatillon_Lux/admiral-aftershave
37103,Chatillon Lux Parfums,Agua Fresca,2001,https://www.parfumo.com/Perfumes/Chatillon_Lux/agua-fresca
37104,Chatillon Lux Parfums,Biblio,,https://www.parfumo.com/Perfumes/Chatillon_Lux/Biblio
37105,Chatillon Lux Parfums,Bon Vivant (Eau de Toilette),2017,https://www.fragrantica.com/perfume/Chatillon-Lux-Parfums/Bon-Vivant-48695.html
37106,Chatillon Lux Parfums,Catalan's Prairie,1990,https://www.parfumo.com/Perfumes/Chatillon_Lux/Catalan_s_Prairie
37107,Chatillon Lux Parfums,Champs de Lavande,,https://www.parfumo.com/Perfumes/Chatillon_Lux/Champs_de_Lavande
37108,Chatillon Lux Parfums,Chestnut Street Chatillon Lux 1993 Eau de Cologne,1993,https://www.parfumo.com/Perfumes/Chatillon_Lux/88_Chestnut_Street_Eau_de_Cologne
37109,Chatillon Lux Parfums,Chestnut Street Chatillon Lux 2008 Aftershave (After Shave),2008,https://www.parfumo.com/Perfumes/Chatillon_Lux/88_Chestnut_Street_Aftershave
37110,Chatillon Lux Parfums,Colbeck,2003,https://www.parfumo.com/Perfumes/Chatillon_Lux/Colbeck
37111,Chatillon Lux Parfums,Confluence,2021,https://www.fragrantica.com/perfume/Chatillon-Lux-Parfums/Confluence-66663.html
37112,Chatillon Lux Parfums,Delor de Treget,,https://www.parfumo.com/Perfumes/Chatillon_Lux/Delor_de_Treget
37113,Chatillon Lux Parfums,Eau de Treget,2018,https://www.fragrantica.com/perfume/Chatillon-Lux-Parfums/Eau-de-Treget-51722.html
37114,Chatillon Lux Parfums,Gratiot League Square,2016,https://www.fragrantica.com/perfume/Chatillon-Lux-Parfums/Gratiot-League-Square-48696.html
37115,Chatillon Lux Parfums,La Petite Prairie,2020,https://www.fragrantica.com/perfume/Chatillon-Lux-Parfums/La-Petite-Prairie-61988.html
37116,Chatillon Lux Parfums,Lamplight Penance,2018,https://www.fragrantica.com/perfume/Chatillon-Lux-Parfums/Lamplight-Penance-51721.html
37117,Chatillon Lux Parfums,Nefertiti,2019,https://www.fragrantica.com/perfume/Chatillon-Lux-Parfums/Nefertiti-55336.html
37118,Chatillon Lux Parfums,Omnostre,2017,https://www.fragrantica.com/perfume/Chatillon-Lux-Parfums/Omnostre-48694.html
37119,Chatillon Lux Parfums,Rose Santal,2017,https://www.fragrantica.com/perfume/Chatillon-Lux-Parfums/Rose-Santal-48693.html
37120,Chatillon Lux Parfums,Santal Auster,2018,https://www.fragrantica.com/perfume/Chatillon-Lux-Parfums/Santal-Auster-48896.html
37121,Chatillon Lux Parfums,Sheets,2008,https://www.parfumo.com/Perfumes/Chatillon_Lux/3_Sheets
37122,Chatillon Lux Parfums,Sunrise on LaSalle,2021,https://www.fragrantica.com/perfume/Chatillon-Lux-Parfums/Sunrise-on-LaSalle-72728.html
37123,Chatillon Lux Parfums,Sylva,2017,https://www.fragrantica.com/perfume/Chatillon-Lux-Parfums/Sylva-48697.html
37124,Chatillon Lux Parfums,Unconditional Surrender,2017,https://www.fragrantica.com/perfume/Chatillon-Lux-Parfums/Unconditional-Surrender-48575.html
37125,Chatillon Lux Parfums,Weinstrasse,2019,https://www.fragrantica.com/perfume/Chatillon-Lux-Parfums/Weinstrasse-58892.html
37126,Chatillon Lux Parfums,Yuzu/ Rose/ Patchouli,2018,https://www.fragrantica.com/perfume/Chatillon-Lux-Parfums/Yuzu-Rose-Patchouli-49909.html
37127,Chaugan,Delicate,2014,https://www.fragrantica.com/perfume/Chaugan/Delicate-30476.html
37128,Chaugan,Fleur de Pavot,2016,https://www.fragrantica.com/perfume/Chaugan/Fleur-de-Pavot-37928.html
37129,Chaugan,L'Eau de L'Ame,2020,https://www.fragrantica.com/perfume/Chaugan/L-Eau-de-L-Ame-64395.html
37130,Chaugan,Le Caspien,2024,https://www.fragrantica.com/perfume/Chaugan/Le-Caspien-92639.html
37131,Chaugan,Les Princes Du Polo,2020,https://www.fragrantica.com/perfume/Chaugan/Les-Princes-Du-Polo-64394.html
37132,Chaugan,Mysterieuse,2013,https://www.fragrantica.com/perfume/Chaugan/Mysterieuse-30204.html
37133,Chaugan,Plaine de Nisaye,2024,https://www.fragrantica.com/perfume/Chaugan/Plaine-de-Nisaye-92638.html
37134,Chaugan,Rosee des Jardins d’Ispahan,2013,https://www.fragrantica.com/perfume/Chaugan/Rosee-des-Jardins-d-Ispahan-33393.html
37135,Chaugan,Royal Cannabis,2017,https://www.fragrantica.com/perfume/Chaugan/Royal-Cannabis-44338.html
37136,Chaugan,Sublime,2015,https://www.fragrantica.com/perfume/Chaugan/Sublime-30477.html
37137,Chaugan,Terre de Perse,2017,https://www.fragrantica.com/perfume/Chaugan/Terre-de-Perse-44340.html
37138,Chaumet,Chaumet,1999,https://www.fragrantica.com/perfume/Chaumet/Chaumet-460.html
37139,Chaumet,Chaumet Homme,,https://www.fragrantica.com/perfume/Chaumet/Chaumet-Homme-461.html
37140,Chaumet,Chaumet L'eau,,https://www.fragrantica.com/perfume/Chaumet/Chaumet-L-eau-459.html
37141,Chaz Dean,Wen Sixthirteen,2014,https://www.fragrantica.com/perfume/Chaz-Dean/Wen-Sixthirteen-26014.html
37142,Cher,60's Couture,2022,https://www.fragrantica.com/perfume/Cher/60-s-Couture-82639.html
37143,Cher,70's Couture,2022,https://www.fragrantica.com/perfume/Cher/70-s-Couture-82640.html
37144,Cher,80's Couture,2022,https://www.fragrantica.com/perfume/Cher/80-s-Couture-82641.html
37145,Cher,90's Couture,2022,https://www.fragrantica.com/perfume/Cher/90-s-Couture-82642.html
37146,Cher,Deli Sugar Melo,,https://www.fragrantica.com/perfume/Cher/Deli-Sugar-Melo-139065.html
37147,Cher,Eau de Couture,2019,https://www.fragrantica.com/perfume/Cher/Eau-de-Couture-55325.html
37148,Cher,Uninhibited,1987,https://www.fragrantica.com/perfume/Cher/Uninhibited-9615.html
37149,Cher Lloyd,Pink Diamond,2012,https://www.fragrantica.com/perfume/Cher-Lloyd/Pink-Diamond-16037.html
37150,Cheri Milaney,Ametista,2009,https://www.fragrantica.com/perfume/Cheri-Milaney/Ametista-15394.html
37151,Cheri Milaney,Perla,2009,https://www.fragrantica.com/perfume/Cheri-Milaney/Perla-15391.html
37152,Cheri Milaney,Rubino,2009,https://www.fragrantica.com/perfume/Cheri-Milaney/Rubino-15392.html
37153,Cheri Milaney,Topazio,2009,https://www.fragrantica.com/perfume/Cheri-Milaney/Topazio-15393.html
37154,Cherigan,Adhara Oud,2021,https://www.fragrantica.com/perfume/Cherigan/Adhara-Oud-69468.html
37155,Cherigan,Bleu Impérial,1945,https://www.fragrantica.com/perfume/Cherigan/Bleu-Imperial-41679.html
37156,Cherigan,Bleu Impérial,2023,https://www.fragrantica.com/perfume/Cherigan/Bleu-Imperial-74820.html
37157,Cherigan,Chance,1929,https://www.fragrantica.com/perfume/Cherigan/Chance-41672.html
37158,Cherigan,Edo Park,2021,https://www.fragrantica.com/perfume/Cherigan/Edo-Park-69469.html
37159,Cherigan,Fiesta Habana,2023,https://www.fragrantica.com/perfume/Cherigan/Fiesta-Habana-80719.html
37160,Cherigan,Fleurs de Tabac,1929,https://www.fragrantica.com/perfume/Cherigan/Fleurs-de-Tabac-41670.html
37161,Cherigan,Fleurs de Tabac,2021,https://www.fragrantica.com/perfume/Cherigan/Fleurs-de-Tabac-69465.html
37162,Cherigan,Iris Coffee,2021,https://www.fragrantica.com/perfume/Cherigan/Iris-Coffee-69470.html
37163,Cherigan,Lovers In Pink,2021,https://www.fragrantica.com/perfume/Cherigan/Lovers-In-Pink-69466.html
37164,Cherigan,Mascarades,1929,https://www.fragrantica.com/perfume/Cherigan/Mascarades-41671.html
37165,Cherigan,Or Des Îles,2021,https://www.fragrantica.com/perfume/Cherigan/Or-Des-Iles-69467.html
37166,Cherigan,Shanghai le Soir,2025,https://www.fragrantica.com/perfume/Cherigan/Shanghai-le-Soir-103033.html
37167,Cherigan,The Purple Bar,2021,https://www.fragrantica.com/perfume/Cherigan/The-Purple-Bar-69471.html
37168,CherrykasTrunk,Bat Romni,,https://www.fragrantica.com/perfume/CherrykasTrunk/Bat-Romni-95794.html
37169,CherrykasTrunk,Boogeyman,,https://www.fragrantica.com/perfume/CherrykasTrunk/Boogeyman-95797.html
37170,CherrykasTrunk,Chai,,https://www.fragrantica.com/perfume/CherrykasTrunk/Chai-95793.html
37171,CherrykasTrunk,Conquering Horseman,,https://www.fragrantica.com/perfume/CherrykasTrunk/Conquering-Horseman-95795.html
37172,CherrykasTrunk,Conqueror Queen,,https://www.fragrantica.com/perfume/CherrykasTrunk/Conqueror-Queen-95796.html
37173,CherrykasTrunk,Flying,,https://www.fragrantica.com/perfume/CherrykasTrunk/Flying-95789.html
37174,CherrykasTrunk,Iron Mask,,https://www.fragrantica.com/perfume/CherrykasTrunk/Iron-Mask-95787.html
37175,CherrykasTrunk,Sara e Kali,,https://www.fragrantica.com/perfume/CherrykasTrunk/Sara-e-Kali-95798.html
37176,CherrykasTrunk,Scarlet Choxani,,https://www.fragrantica.com/perfume/CherrykasTrunk/Scarlet-Choxani-95788.html
37177,CherrykasTrunk,Substance and Class,,https://www.fragrantica.com/perfume/CherrykasTrunk/Substance-and-Class-95791.html
37178,CherrykasTrunk,Vardo,,https://www.fragrantica.com/perfume/CherrykasTrunk/Vardo-95792.html
37179,CherrykasTrunk,Water Silver,,https://www.fragrantica.com/perfume/CherrykasTrunk/Water-Silver-95790.html
37180,Cheryl,StormFlower,2014,https://www.fragrantica.com/perfume/Cheryl/StormFlower-26588.html
37181,Cheryl,StormFlower Eau de Toilette,2015,https://www.fragrantica.com/perfume/Cheryl/StormFlower-Eau-de-Toilette-29819.html
37182,Cheryl,StormFlower Noir,2015,https://www.fragrantica.com/perfume/Cheryl/StormFlower-Noir-31866.html
37183,Cheryl,StormFlower Platinum,2016,https://www.fragrantica.com/perfume/Cheryl/StormFlower-Platinum-40777.html
37184,Chevignon,Best of Chevignon (Eau de Toilette),1995,https://www.fragrantica.com/perfume/Chevignon/Best-of-Chevignon-339.html
37185,Chevignon,cc 50cc / 100cc Chevignon 1996 Eau de Toilette,1996,https://www.parfumo.com/Perfumes/Chevignon/30cc_50cc_100cc
37186,Chevignon,cc 50cc / 100cc Chevignon After Shave,,https://www.parfumo.com/Perfumes/Chevignon/30cc_50cc_100cc_After_Shave
37187,Chevignon,Che by Chevignon,,https://www.fragrantica.com/perfume/Chevignon/Che-by-Chevignon-337.html
37188,Chevignon,Che Chevignon Eau de Toilette,,https://www.parfumo.com/Perfumes/Chevignon/Che_Eau_de_Toilette
37189,Chevignon,Che pour Elle,2004,https://www.fragrantica.com/perfume/Chevignon/Che-pour-Elle-32994.html
37190,Chevignon,Chevignon 57 for Her,,https://www.fragrantica.com/perfume/Chevignon/Chevignon-57-for-Her-342.html
37191,Chevignon,Chevignon 57 for Him (After Shave),,https://www.fragrantica.com/perfume/Chevignon/Chevignon-57-for-Him-341.html
37192,Chevignon,Chevignon 57 for Him Chevignon 2007 Eau de Toilette,2007,https://www.parfumo.com/Perfumes/Chevignon/Chevignon_57_for_Him_Eau_de_Toilette
37193,Chevignon,Chevignon CC,,https://www.fragrantica.com/perfume/Chevignon/Chevignon-CC-338.html
37194,Chevignon,Chevignon Chevignon 1998 After Shave,1998,https://www.parfumo.com/Perfumes/Chevignon/Chevignon_2005_After_Shave
37195,Chevignon,Chevignon Chevignon 2001 After-Shave,2001,https://www.parfumo.com/Perfumes/Chevignon/Chevignon_After_Shave
37196,Chevignon,Chevignon For Men,,https://www.fragrantica.com/perfume/Chevignon/Chevignon-For-Men-340.html
37197,Chevignon,Chevignon Heritage for Men,2013,https://www.fragrantica.com/perfume/Chevignon/Chevignon-Heritage-for-Men-21406.html
37198,Chevignon,Chevignon Heritage for Women,2013,https://www.fragrantica.com/perfume/Chevignon/Chevignon-Heritage-for-Women-21405.html
37199,Chevignon,Chevignon Perfumes,2005,https://www.fragrantica.com/perfume/Chevignon/Chevignon-Perfumes-28819.html
37200,Chevignon,Conquest,2015,https://www.fragrantica.com/perfume/Chevignon/Conquest-32552.html
37201,Chevignon,Forever Mine for Men,2009,https://www.fragrantica.com/perfume/Chevignon/Forever-Mine-for-Men-5780.html
37202,Chevignon,Forever Mine for Women,2009,https://www.fragrantica.com/perfume/Chevignon/Forever-Mine-for-Women-5779.html
37203,Chevignon,Forever Mine Into The Legend for Men (Eau de Toilette),2010,https://www.fragrantica.com/perfume/Chevignon/Forever-Mine-Into-The-Legend-for-Men-9418.html
37204,Chevignon,Forever Mine Into The Legend for Women,2010,https://www.fragrantica.com/perfume/Chevignon/Forever-Mine-Into-The-Legend-for-Women-9419.html
37205,Chevignon,Togs Unlimited,2019,https://www.fragrantica.com/perfume/Chevignon/Togs-Unlimited-57490.html
37206,Chevignon,Togs Unlimited White,2019,https://www.fragrantica.com/perfume/Chevignon/Togs-Unlimited-White-57491.html
37207,Chi,Chi Man,2006,https://www.fragrantica.com/perfume/Chi/Chi-Man-3652.html
37208,Chi,Miss Chi,2006,https://www.fragrantica.com/perfume/Chi/Miss-Chi-3653.html
37209,Chi Chi,Berry Passionfruit,2014,https://www.fragrantica.com/perfume/Chi-Chi/Berry-Passionfruit-76612.html
37210,Chi Chi,Blueberry,2021,https://www.fragrantica.com/perfume/Chi-Chi/Blueberry-76617.html
37211,Chi Chi,Coconut & Lime,2021,https://www.fragrantica.com/perfume/Chi-Chi/Coconut-Lime-76613.html
37212,Chi Chi,Coconut & Vanilla,2014,https://www.fragrantica.com/perfume/Chi-Chi/Coconut-Vanilla-76610.html
37213,Chi Chi,Floral Cashmere,2021,https://www.fragrantica.com/perfume/Chi-Chi/Floral-Cashmere-76620.html
37214,Chi Chi,Floral Musk,2021,https://www.fragrantica.com/perfume/Chi-Chi/Floral-Musk-76621.html
37215,Chi Chi,Flower Power,2021,https://www.fragrantica.com/perfume/Chi-Chi/Flower-Power-76615.html
37216,Chi Chi,Marshmallow,2021,https://www.fragrantica.com/perfume/Chi-Chi/Marshmallow-75483.html
37217,Chi Chi,Musk Rose & Vanilla,2021,https://www.fragrantica.com/perfume/Chi-Chi/Musk-Rose-Vanilla-76619.html
37218,Chi Chi,Peach & Mango,2014,https://www.fragrantica.com/perfume/Chi-Chi/Peach-Mango-76609.html
37219,Chi Chi,Persimmon,2014,https://www.fragrantica.com/perfume/Chi-Chi/Persimmon-76614.html
37220,Chi Chi,Strawberry & Violet,2021,https://www.fragrantica.com/perfume/Chi-Chi/Strawberry-Violet-76616.html
37221,Chi Chi,Vanilla & Cassis,2021,https://www.fragrantica.com/perfume/Chi-Chi/Vanilla-Cassis-76442.html
37222,Chi Chi,Vanilla Orchid,2014,https://www.fragrantica.com/perfume/Chi-Chi/Vanilla-Orchid-76618.html
37223,Chi Chi,Warm Vanilla Sugar,2021,https://www.fragrantica.com/perfume/Chi-Chi/Warm-Vanilla-Sugar-76611.html
37224,Chi Chi,Watermelon,2021,https://www.fragrantica.com/perfume/Chi-Chi/Watermelon-75485.html
37225,Chiara Boni,Chiara Boni,1990,https://www.fragrantica.com/perfume/Chiara-Boni/Chiara-Boni-29358.html
37226,Chiara Boni,Chiara Boni 101,1990,https://www.fragrantica.com/perfume/Chiara-Boni/Chiara-Boni-101-119180.html
37227,Chiara Boni,Chiara Boni 102,1990,https://www.fragrantica.com/perfume/Chiara-Boni/Chiara-Boni-102-119181.html
37228,Chiara Boni,Fleurs de Chiara Boni,1999,https://www.fragrantica.com/perfume/Chiara-Boni/Fleurs-de-Chiara-Boni-29359.html
37229,Chiara Boni,Sensitivity,2006,https://www.fragrantica.com/perfume/Chiara-Boni/Sensitivity-14317.html
37230,Chiara Boni,Sunshine,1998,https://www.fragrantica.com/perfume/Chiara-Boni/Sunshine-29357.html
37231,Chiara Boni,Tango,2008,https://www.fragrantica.com/perfume/Chiara-Boni/Tango-5328.html
37232,Chiara Boni,Vanilla,,https://www.fragrantica.com/perfume/Chiara-Boni/Vanilla-5329.html
37233,Chiara Firenze,Clori,,https://www.fragrantica.com/perfume/Chiara-Firenze/Clori-112759.html
37234,Chiara Firenze,Zefiro,,https://www.fragrantica.com/perfume/Chiara-Firenze/Zefiro-112760.html
37235,Chicca Collections,Cristal Fragrance Apple,,https://www.parfumo.com/Perfumes/Chicca_Collections/Cristal_Fragrance_Apple
37236,Chicca Collections,Cristal Fragrance Coconut,,https://www.parfumo.com/Perfumes/Chicca_Collections/Cristal_Fragrance_Coconut
37237,Chicca Collections,Cristal Fragrance Mandarin,2015,https://www.parfumo.com/Perfumes/Chicca_Collections/Cristal_Fragrance_Mandarin
37238,Chicca Collections,Cristal Fragrance Mimosa,2003,https://www.parfumo.com/Perfumes/Chicca_Collections/Cristal_Fragrance_Mimosa
37239,Chicca Collections,Cristal Fragrance Raspberry,2001,https://www.parfumo.com/Perfumes/Chicca_Collections/Cristal_Fragrance_Raspberry
37240,Chicca Collections,Cristal Fragrance Strawberry,1998,https://www.parfumo.com/Perfumes/Chicca_Collections/Cristal_Fragrance_Strawberry
37241,Chicca Collections,Cristal Fragrance White Musk,,https://www.parfumo.com/Perfumes/Chicca_Collections/Cristal_Fragrance_White_Musk
37242,Chicca Collections,Cristal Fragrance Ylang,,https://www.parfumo.com/Perfumes/Chicca_Collections/Cristal_Fragrance_Ylang
37243,Chicca Collections,Estasi,,https://www.parfumo.com/Perfumes/Chicca_Collections/Estasi
37244,Chicca Collections,Frou Frou,,https://www.parfumo.com/Perfumes/Chicca_Collections/Frou_Frou
37245,Chicca Collections,Fuego,1998,https://www.parfumo.com/Perfumes/Chicca_Collections/Fuego
37246,Chicca Collections,La Suerte,2007,https://www.parfumo.com/Perfumes/Chicca_Collections/La_Suerte
37247,Chicco,Natural Sensation,,https://www.fragrantica.com/perfume/Chicco/Natural-Sensation-96286.html
37248,Chiemsee,Man,1999,https://www.fragrantica.com/perfume/Chiemsee/Man-15643.html
37249,Chiemsee,Revolution!,2009,https://www.fragrantica.com/perfume/Chiemsee/Revolution-6642.html
37250,Chiemsee,Wildcard!,2009,https://www.fragrantica.com/perfume/Chiemsee/Wildcard-6643.html
37251,Chiò Skin Care,Bonita Acqua Profumata,,https://www.fragrantica.com/perfume/Chio-Skin-Care/Bonita-Acqua-Profumata-79017.html
37252,Chiò Skin Care,Ebir,2020,https://www.fragrantica.com/perfume/Chio-Skin-Care/Ebir-125499.html
37253,Chiò Skin Care,Lolita Acqua Profumata,,https://www.fragrantica.com/perfume/Chio-Skin-Care/Lolita-Acqua-Profumata-79016.html
37254,Chipie,100% Pure Chipie Green,1998,https://www.fragrantica.com/perfume/Chipie/100-Pure-Chipie-Green-14148.html
37255,Chipie,100% Pure Chipie Purple,1998,https://www.fragrantica.com/perfume/Chipie/100-Pure-Chipie-Purple-14147.html
37256,Chipie,Chipie,1995,https://www.fragrantica.com/perfume/Chipie/Chipie-6680.html
37257,Chipie,Princesse Chipie,1997,https://www.fragrantica.com/perfume/Chipie/Princesse-Chipie-14146.html
37258,Chipie,Quiddity Cool Spell,1997,https://www.fragrantica.com/perfume/Chipie/Quiddity-Cool-Spell-14150.html
37259,Chipie,Quiddity Dark Fire,1997,https://www.fragrantica.com/perfume/Chipie/Quiddity-Dark-Fire-14149.html
37260,Chipie,Quiddity Riot,1998,https://www.fragrantica.com/perfume/Chipie/Quiddity-Riot-14151.html
37261,Chiqio,Forest Child,2020,https://www.fragrantica.com/perfume/Chiqio/Forest-Child-98025.html
37262,Chiqio,Forest Child Black,2020,https://www.fragrantica.com/perfume/Chiqio/Forest-Child-Black-98027.html
37263,Chiqio,Mountain Rain,2020,https://www.fragrantica.com/perfume/Chiqio/Mountain-Rain-98024.html
37264,Chiqio,Mountain Rain Black,2020,https://www.fragrantica.com/perfume/Chiqio/Mountain-Rain-Black-98026.html
37265,Chiquis,Reina,2019,https://www.fragrantica.com/perfume/Chiquis/Reina-96627.html
37266,Chiseled Face,Bay Rum Chiseled Face 2002 Aftershave (After Shave),2002,https://www.parfumo.com/Perfumes/Chiseled_Face/Bay_Rum
37267,Chiseled Face,Black Fern Chiseled Face Aftershave (After Shave),,https://www.parfumo.com/Perfumes/Chiseled_Face/black-fern-aftershave
37268,Chiseled Face,Black Rose Chiseled Face 2002 Aftershave (After Shave),2002,https://www.parfumo.com/Perfumes/Chiseled_Face/black-rose-aftershave
37269,Chiseled Face,Cedar & Spice Chiseled Face 2015 Eau de Parfum,2015,https://www.parfumo.com/Perfumes/Chiseled_Face/cedar-spice-eau-de-parfum
37270,Chiseled Face,Cedar & Spice Chiseled Face Aftershave (After Shave),,https://www.parfumo.com/Perfumes/Chiseled_Face/cedar-spice-aftershave
37271,Chiseled Face,Cryogen,2003,https://www.parfumo.com/Perfumes/Chiseled_Face/Cryogen
37272,Chiseled Face,Easy Street,,https://www.parfumo.com/Perfumes/Chiseled_Face/Easy_Street
37273,Chiseled Face,Gearhead,,https://www.parfumo.com/Perfumes/Chiseled_Face/Gearhead
37274,Chiseled Face,Gemütlichkeit,1994,https://www.parfumo.com/Perfumes/Chiseled_Face/gemutlichkeit
37275,Chiseled Face,Ghost Town Barber Chiseled Face 2010 Aftershave (After Shave),2010,https://www.parfumo.com/Perfumes/Chiseled_Face/Ghost_Town_Barber_Aftershave
37276,Chiseled Face,Ghost Town Barber Chiseled Face 2015 Eau de Parfum,2015,https://www.parfumo.com/Perfumes/Chiseled_Face/Ghost_Town_Barber_Eau_de_Parfum
37277,Chiseled Face,Guy Noir Chiseled Face 1968 Eau de Parfum,1968,https://www.parfumo.com/Perfumes/Chiseled_Face/guy-noir-eau-de-parfum
37278,Chiseled Face,Járnviðr,1998,https://www.parfumo.com/Perfumes/Chiseled_Face/jarnvidr
37279,Chloé,Atelier des Fleurs - Cedrus,2019,https://www.parfumo.com/Perfumes/Chloe/atelier-des-fleurs-cedrus
37280,Chloé,Atelier des Fleurs - Herba Mimosa,2019,https://www.parfumo.com/Perfumes/Chloe/atelier-des-fleurs-herba-mimosa
37281,Chloé,Atelier des Fleurs - Hibiscus Abelmoschus,2019,https://www.parfumo.com/Perfumes/Chloe/atelier-des-fleurs-hibiscus-abelmoschus
37282,Chloé,Atelier des Fleurs - Iris,2021,https://www.parfumo.com/Perfumes/Chloe/atelier-des-fleurs-iris
37283,Chloé,Atelier des Fleurs - Jasminum Sambac,2019,https://www.parfumo.com/Perfumes/Chloe/atelier-des-fleurs-jasminum-sambac
37284,Chloé,Atelier des Fleurs - Lavanda,2019,https://www.parfumo.com/Perfumes/Chloe/atelier-des-fleurs-lavanda
37285,Chloé,Atelier des Fleurs - Magnolia Alba,2019,https://www.parfumo.com/Perfumes/Chloe/atelier-des-fleurs-magnolia-alba
37286,Chloé,Atelier des Fleurs - Narcissus Poeticus,2021,https://www.parfumo.com/Perfumes/Chloe/atelier-des-fleurs-narcissus-poeticus
37287,Chloé,Atelier des Fleurs - Neroli,2019,https://www.parfumo.com/Perfumes/Chloe/atelier-des-fleurs-neroli
37288,Chloé,Atelier des Fleurs - Papyrus,2020,https://www.parfumo.com/Perfumes/Chloe/atelier-des-fleurs-papyrus
37289,Chloé,Atelier des Fleurs - Rosa Damascena,2019,https://www.parfumo.com/Perfumes/Chloe/atelier-des-fleurs-rosa-damascena
37290,Chloé,Atelier des Fleurs - Santalum,2022,https://www.parfumo.com/Perfumes/Chloe/atelier-des-fleurs-santalum
37291,Chloé,Atelier des Fleurs - Tuberosa 1974,2020,https://www.parfumo.com/Perfumes/Chloe/atelier-des-fleurs-tuberosa-1974
37292,Chloé,Atelier des Fleurs - Vanilla Planifolia,2020,https://www.parfumo.com/Perfumes/Chloe/atelier-des-fleurs-vanilla-planifolia
37293,Chloé,Atelier des Fleurs - Verbena,2019,https://www.parfumo.com/Perfumes/Chloe/atelier-des-fleurs-verbena
37294,Chloé,Atelier des Fleurs - Violette,2022,https://www.parfumo.com/Perfumes/Chloe/atelier-des-fleurs-violette
37295,Chloé,Atelier des Fleurs - Ylang Cananga,2021,https://www.parfumo.com/Perfumes/Chloe/atelier-des-fleurs-ylang-cananga
37296,Chloé,Cedrus,2019,https://www.fragrantica.com/perfume/Chloe/Cedrus-57246.html
37297,Chloé,Cedrus de Nuit,2026,https://www.fragrantica.com/perfume/Chloe/Cedrus-de-Nuit-138702.html
37298,Chloé,Cedrus Intense,2025,https://www.fragrantica.com/perfume/Chloe/Cedrus-Intense-101280.html
37299,Chloé,Cedrus Solid Parfum,2025,https://www.fragrantica.com/perfume/Chloe/Cedrus-Solid-Parfum-107498.html
37300,Chloé,Chêne,2023,https://www.fragrantica.com/perfume/Chloe/Chene-89914.html
37301,Chloé,Chloé Absolu de Parfum,2017,https://www.fragrantica.com/perfume/Chloe/Chloe-Absolu-de-Parfum-46911.html
37302,Chloé,Chloé Chloé 1975 Eau de Parfum,1975,https://www.parfumo.com/Perfumes/Chloe/Chloe_1975_Eau_de_Parfum
37303,Chloé,Chloé Chloé 1975 Eau de Toilette,1975,https://www.parfumo.com/Perfumes/Chloe/Chloe_1975_Eau_de_Toilette
37304,Chloé,Chloé Chloé 1975 Parfum,1975,https://www.parfumo.com/Perfumes/Chloe/Chloe_1975_Parfum
37305,Chloé,Chloé Chloé 2007 Eau de Parfum,2007,https://www.parfumo.com/Perfumes/Chloe/Chloe
37306,Chloé,Chloé Chloé 2008 Parfum,2008,https://www.parfumo.com/Perfumes/Chloe/Chloe_2008_Parfum
37307,Chloé,Chloé Chloé 2009 Eau de Parfum Intense,2009,https://www.parfumo.com/Perfumes/Chloe/Chloe_Intense
37308,Chloé,Chloé Chloé 2009 Eau de Toilette,2009,https://www.parfumo.com/Perfumes/Chloe/Chloe_Eau_de_Toilette
37309,Chloé,Chloé Chloé 2015 Eau de Toilette,2015,https://www.parfumo.com/Perfumes/Chloe/Chloe_Eau_de_Toilette_2015
37310,Chloé,Chloé Chloé Body Mist,,https://www.parfumo.com/Perfumes/Chloe/Chloe_Body_Mist
37311,Chloé,Chloé Chloé Solid Perfume,,https://www.parfumo.com/Perfumes/Chloe/Chloe_Solid_Perfume
37312,Chloé,Chloé 'Classic' (1975),1975,https://huggingface.co/datasets/doevent/perfume
37313,Chloé,Chloé Collection 2005,2005,https://www.fragrantica.com/perfume/Chloe/Chloe-Collection-2005-347.html
37314,Chloé,Chloé Eau de Parfum,2008,https://www.fragrantica.com/perfume/Chloe/Chloe-Eau-de-Parfum-1733.html
37315,Chloé,Chloé Eau De Parfum (2008),2008,https://huggingface.co/datasets/doevent/perfume
37316,Chloé,Chloé Eau de Parfum Intense,2009,https://www.fragrantica.com/perfume/Chloe/Chloe-Eau-de-Parfum-Intense-6358.html
37317,Chloé,Chloé Eau de Parfum Naturelle,2021,https://www.fragrantica.com/perfume/Chloe/Chloe-Eau-de-Parfum-Naturelle-68777.html
37318,Chloé,Chloé Eau de Toilette,2009,https://www.fragrantica.com/perfume/Chloe/Chloe-Eau-de-Toilette-5886.html
37319,Chloé,Chloé Eau de Toilette (2015),2015,https://www.fragrantica.com/perfume/Chloe/Chloe-Eau-de-Toilette-2015-31197.html
37320,Chloé,Chloé Fleur de Parfum,2016,https://www.fragrantica.com/perfume/Chloe/Chloe-Fleur-de-Parfum-39632.html
37321,Chloé,Chloé Innocence,1995,https://www.fragrantica.com/perfume/Chloe/Chloe-Innocence-346.html
37322,Chloé,Chloé Intense Collect'Or,2010,https://www.fragrantica.com/perfume/Chloe/Chloe-Intense-Collect-Or-34304.html
37323,Chloé,Chloé L'Eau de Parfum Intense (2024),2024,https://www.fragrantica.com/perfume/Chloe/Chloe-L-Eau-de-Parfum-Intense-2024-96145.html
37324,Chloé,Chloé L'Eau de Parfum Lumineuse,2023,https://www.fragrantica.com/perfume/Chloe/Chloe-L-Eau-de-Parfum-Lumineuse-83915.html
37325,Chloé,Chloé L'Eau Eau de Toilette,2019,https://www.fragrantica.com/perfume/Chloe/Chloe-L-Eau-Eau-de-Toilette-56051.html
37326,Chloé,Chloé Le Nectar,2026,https://www.fragrantica.com/perfume/Chloe/Chloe-Le-Nectar-138915.html
37327,Chloé,Chloé Le Parfum,2025,https://www.fragrantica.com/perfume/Chloe/Chloe-Le-Parfum-111273.html
37328,Chloé,Chloé Lisy,2008,https://www.fragrantica.com/perfume/Chloe/Chloe-Lisy-5838.html
37329,Chloé,Chloé Narcisse (Eau de Toilette),1992,https://www.fragrantica.com/perfume/Chloe/Chloe-Narcisse-344.html
37330,Chloé,Chloé Parfum,,https://huggingface.co/datasets/doevent/perfume
37331,Chloé,Chloé (Parfums Chloé),1975,https://www.fragrantica.com/perfume/Chloe/Chloe-Parfums-Chloe-343.html
37332,Chloé,Chloé Rose Edition,2011,https://www.fragrantica.com/perfume/Chloe/Chloe-Rose-Edition-11344.html
37333,Chloé,Chloé Rose Naturelle Chloé Eau de Parfum Naturelle,2021,https://www.parfumo.com/Perfumes/Chloe/chloe-rose-naturelle-chloe-eau-de-parfum-naturelle
37334,Chloé,Chloé Rose Naturelle Intense,2022,https://www.fragrantica.com/perfume/Chloe/Chloe-Rose-Naturelle-Intense-76287.html
37335,Chloé,Chloé Rose Tangerine,2020,https://www.fragrantica.com/perfume/Chloe/Chloe-Rose-Tangerine-62372.html
37336,Chloé,Chloé Roses de Chloé,2013,https://www.fragrantica.com/perfume/Chloe/Chloe-Roses-de-Chloe-18702.html
37337,Chloé,Eau de Fleurs Capucine,2010,https://www.fragrantica.com/perfume/Chloe/Eau-de-Fleurs-Capucine-7626.html
37338,Chloé,Eau de Fleurs Lavande,2010,https://www.fragrantica.com/perfume/Chloe/Eau-de-Fleurs-Lavande-7627.html
37339,Chloé,Eau de Fleurs Neroli,2010,https://www.fragrantica.com/perfume/Chloe/Eau-de-Fleurs-Neroli-7625.html
37340,Chloé,Fleur de Narcisse,1994,https://www.fragrantica.com/perfume/Chloe/Fleur-de-Narcisse-345.html
37341,Chloé,Herba Mimosa,2019,https://www.fragrantica.com/perfume/Chloe/Herba-Mimosa-57247.html
37342,Chloé,Hibiscus Abelmoschus,2019,https://www.fragrantica.com/perfume/Chloe/Hibiscus-Abelmoschus-57254.html
37343,Chloé,Hysope,2023,https://www.fragrantica.com/perfume/Chloe/Hysope-89915.html
37344,Chloé,Immortelle,2023,https://www.fragrantica.com/perfume/Chloe/Immortelle-89916.html
37345,Chloé,Iris,2021,https://www.fragrantica.com/perfume/Chloe/Iris-69292.html
37346,Chloé,Jasminum Sambac,2019,https://www.fragrantica.com/perfume/Chloe/Jasminum-Sambac-57248.html
37347,Chloé,L'Eau de,2012,https://www.parfumo.com/Perfumes/Chloe/L_Eau_de_Chloe
37348,Chloé,L'Eau de Chloe,2012,https://www.fragrantica.com/perfume/Chloe/L-Eau-de-Chloe-14000.html
37349,Chloé,Lavanda,2019,https://www.fragrantica.com/perfume/Chloe/Lavanda-57249.html
37350,Chloé,Love,2010,https://www.fragrantica.com/perfume/Chloe/Love-9370.html
37351,Chloé,"Love, Chloe Eau Florale",2012,https://www.fragrantica.com/perfume/Chloe/Love-Chloe-Eau-Florale-15440.html
37352,Chloé,"Love, Chloé Eau Intense",2011,https://www.parfumo.com/Perfumes/Chloe/Love_Eau_Intense
37353,Chloé,Love Eau Intense,2011,https://www.fragrantica.com/perfume/Chloe/Love-Eau-Intense-12594.html
37354,Chloé,Love Purse Spray,2012,https://www.fragrantica.com/perfume/Chloe/Love-Purse-Spray-14677.html
37355,Chloé,Love Story (Eau de Parfum),2014,https://www.fragrantica.com/perfume/Chloe/Love-Story-26227.html
37356,Chloé,Love Story Eau de Toilette,2016,https://www.fragrantica.com/perfume/Chloe/Love-Story-Eau-de-Toilette-33429.html
37357,Chloé,Love Story Eau Sensuelle,2017,https://www.fragrantica.com/perfume/Chloe/Love-Story-Eau-Sensuelle-42130.html
37358,Chloé,Magnolia Alba,2019,https://www.fragrantica.com/perfume/Chloe/Magnolia-Alba-57250.html
37359,Chloé,Magnolia Alba Solid Perfume,2025,https://www.fragrantica.com/perfume/Chloe/Magnolia-Alba-Solid-Perfume-107497.html
37360,Chloé,Narcisse Chloé 1992 Parfum,1992,https://www.parfumo.com/Perfumes/Chloe/Narcisse_Parfum
37361,Chloé,Narcisse Chloé Eau de Parfum,,https://www.parfumo.com/Perfumes/Chloe/narcisse-eau-de-parfum
37362,Chloé,Narcissus Poeticus,2021,https://www.fragrantica.com/perfume/Chloe/Narcissus-Poeticus-69293.html
37363,Chloé,Neroli,2019,https://www.fragrantica.com/perfume/Chloe/Neroli-57251.html
37364,Chloé,Nomade Absolu de Parfum,2020,https://www.fragrantica.com/perfume/Chloe/Nomade-Absolu-de-Parfum-58424.html
37365,Chloé,Nomade Chloé 2022 Eau de Parfum Naturelle,2022,https://www.parfumo.com/Perfumes/Chloe/nomade-eau-de-parfum-naturelle
37366,Chloé,Nomade (Eau de Parfum),2018,https://www.fragrantica.com/perfume/Chloe/Nomade-48434.html
37367,Chloé,Nomade Eau de Toilette,2019,https://www.fragrantica.com/perfume/Chloe/Nomade-Eau-de-Toilette-53224.html
37368,Chloé,Nomade Jardin d’Égypte,2025,https://www.fragrantica.com/perfume/Chloe/Nomade-Jardin-d-Egypte-121688.html
37369,Chloé,Nomade Jasmin Naturel,2023,https://www.fragrantica.com/perfume/Chloe/Nomade-Jasmin-Naturel-98266.html
37370,Chloé,Nomade Jasmin Naturel Intense,2023,https://www.fragrantica.com/perfume/Chloe/Nomade-Jasmin-Naturel-Intense-79230.html
37371,Chloé,Nomade Lumiere d'Egypte,2025,https://www.fragrantica.com/perfume/Chloe/Nomade-Lumiere-d-Egypte-101148.html
37372,Chloé,Nomade Naturelle Eau de Parfum,2022,https://www.fragrantica.com/perfume/Chloe/Nomade-Naturelle-Eau-de-Parfum-71597.html
37373,Chloé,Nomade Nuit d’Egypte,2024,https://www.fragrantica.com/perfume/Chloe/Nomade-Nuit-d-Egypte-89372.html
37374,Chloé,Nuit d'Oranger,2024,https://www.fragrantica.com/perfume/Chloe/Nuit-d-Oranger-96454.html
37375,Chloé,Orchidée de Minuit,2024,https://www.fragrantica.com/perfume/Chloe/Orchidee-de-Minuit-96452.html
37376,Chloé,Papyrus,2020,https://www.fragrantica.com/perfume/Chloe/Papyrus-63117.html
37377,Chloé,Plage du Figuier,2026,https://www.fragrantica.com/perfume/Chloe/Plage-du-Figuier-122845.html
37378,Chloé,Rosa Damascena,2019,https://www.fragrantica.com/perfume/Chloe/Rosa-Damascena-57252.html
37379,Chloé,Roses de,2013,https://www.parfumo.com/Perfumes/Chloe/Roses_de_Chloe
37380,Chloé,Sable Lavande,2026,https://www.fragrantica.com/perfume/Chloe/Sable-Lavande-122846.html
37381,Chloé,Santalum,2022,https://www.fragrantica.com/perfume/Chloe/Santalum-76992.html
37382,Chloé,Santalum Solid Parfum,2025,https://www.fragrantica.com/perfume/Chloe/Santalum-Solid-Parfum-107499.html
37383,Chloé,See By Chloé,2012,https://www.fragrantica.com/perfume/Chloe/See-By-Chloe-17123.html
37384,Chloé,See by Chloé Eau Fraiche,2014,https://www.fragrantica.com/perfume/Chloe/See-by-Chloe-Eau-Fraiche-22479.html
37385,Chloé,See by Chloé Si Belle,2015,https://www.fragrantica.com/perfume/Chloe/See-by-Chloe-Si-Belle-29253.html
37386,Chloé,SeeByChloé,2012,https://www.parfumo.com/Perfumes/Chloe/See_By_Chloe
37387,Chloé,SeeByChloé Eau Fraîche,2014,https://www.parfumo.com/Perfumes/Chloe/SeeByChloe_Eau_Fraiche
37388,Chloé,SeeByChloé Si Belle,2014,https://www.parfumo.com/Perfumes/Chloe/SeeByChloe_Si_Belle
37389,Chloé,Sous les Pins,2026,https://www.fragrantica.com/perfume/Chloe/Sous-les-Pins-122848.html
37390,Chloé,Tubéreuse Lazuli,2024,https://www.fragrantica.com/perfume/Chloe/Tubereuse-Lazuli-96453.html
37391,Chloé,Tuberosa 1974,2020,https://www.fragrantica.com/perfume/Chloe/Tuberosa-1974-63116.html
37392,Chloé,Vanila Planifolia,,https://huggingface.co/datasets/doevent/perfume
37393,Chloé,Vanilla Planifolia,2020,https://www.fragrantica.com/perfume/Chloe/Vanilla-Planifolia-63118.html
37394,Chloé,Verbena,2019,https://www.fragrantica.com/perfume/Chloe/Verbena-57253.html
37395,Chloé,Vert Soleil,2026,https://www.fragrantica.com/perfume/Chloe/Vert-Soleil-122847.html
37396,Chloé,Violette,2022,https://www.fragrantica.com/perfume/Chloe/Violette-76993.html
37397,Chloé,Ylang Cananga,2021,https://www.fragrantica.com/perfume/Chloe/Ylang-Cananga-69291.html
37398,Chlorophylla,A Beleza de Ser Eu Mesmo,2016,https://www.fragrantica.com/perfume/Chlorophylla/A-Beleza-de-Ser-Eu-Mesmo-41216.html
37399,Chlorophylla,Acaso,2015,https://www.fragrantica.com/perfume/Chlorophylla/Acaso-41199.html
37400,Chlorophylla,Agora É Que Sou Eu,2016,https://www.fragrantica.com/perfume/Chlorophylla/Agora-E-Que-Sou-Eu-41217.html
37401,Chlorophylla,Águas Frescas Aurora,2020,https://www.fragrantica.com/perfume/Chlorophylla/Aguas-Frescas-Aurora-71309.html
37402,Chlorophylla,Águas Frescas Brisa,2016,https://www.fragrantica.com/perfume/Chlorophylla/Aguas-Frescas-Brisa-56952.html
37403,Chlorophylla,Águas Frescas Cristal,2016,https://www.fragrantica.com/perfume/Chlorophylla/Aguas-Frescas-Cristal-56953.html
37404,Chlorophylla,Águas Frescas Flora,2016,https://www.fragrantica.com/perfume/Chlorophylla/Aguas-Frescas-Flora-56951.html
37405,Chlorophylla,Baby Bio Dengo,2022,https://www.fragrantica.com/perfume/Chlorophylla/Baby-Bio-Dengo-79973.html
37406,Chlorophylla,Baby Bio Fofura,2022,https://www.fragrantica.com/perfume/Chlorophylla/Baby-Bio-Fofura-79972.html
37407,Chlorophylla,Black,2015,https://www.fragrantica.com/perfume/Chlorophylla/Black-41200.html
37408,Chlorophylla,Blanc,2016,https://www.fragrantica.com/perfume/Chlorophylla/Blanc-41214.html
37409,Chlorophylla,Blanc Amour,2017,https://www.fragrantica.com/perfume/Chlorophylla/Blanc-Amour-57288.html
37410,Chlorophylla,Chlorophylla Homem,2015,https://www.fragrantica.com/perfume/Chlorophylla/Chlorophylla-Homem-41203.html
37411,Chlorophylla,Crao,2010,https://www.fragrantica.com/perfume/Chlorophylla/Crao-41171.html
37412,Chlorophylla,Eibi,2010,https://www.fragrantica.com/perfume/Chlorophylla/Eibi-41170.html
37413,Chlorophylla,Equilíbrio,2021,https://www.fragrantica.com/perfume/Chlorophylla/Equilibrio-71308.html
37414,Chlorophylla,Frutas Cítricas,2015,https://www.fragrantica.com/perfume/Chlorophylla/Frutas-Citricas-57285.html
37415,Chlorophylla,Frutas Verdes,2015,https://www.fragrantica.com/perfume/Chlorophylla/Frutas-Verdes-57286.html
37416,Chlorophylla,Frutas Vermelhas,2015,https://www.fragrantica.com/perfume/Chlorophylla/Frutas-Vermelhas-57287.html
37417,Chlorophylla,Georgia,1992,https://www.fragrantica.com/perfume/Chlorophylla/Georgia-41169.html
37418,Chlorophylla,Georgia Elegance,2015,https://www.fragrantica.com/perfume/Chlorophylla/Georgia-Elegance-41173.html
37419,Chlorophylla,Georgia Fashion,2015,https://www.fragrantica.com/perfume/Chlorophylla/Georgia-Fashion-41172.html
37420,Chlorophylla,Georgia Intense,2021,https://www.fragrantica.com/perfume/Chlorophylla/Georgia-Intense-71307.html
37421,Chlorophylla,H,2015,https://www.fragrantica.com/perfume/Chlorophylla/H-41201.html
37422,Chlorophylla,H Intense,2019,https://www.fragrantica.com/perfume/Chlorophylla/H-Intense-56958.html
37423,Chlorophylla,H Ocean,2022,https://www.fragrantica.com/perfume/Chlorophylla/H-Ocean-79974.html
37424,Chlorophylla,Hero,2015,https://www.fragrantica.com/perfume/Chlorophylla/Hero-41202.html
37425,Chlorophylla,Hot Chic,2015,https://www.fragrantica.com/perfume/Chlorophylla/Hot-Chic-41174.html
37426,Chlorophylla,Inspire,2022,https://www.fragrantica.com/perfume/Chlorophylla/Inspire-79975.html
37427,Chlorophylla,Ma Belle,2024,https://www.fragrantica.com/perfume/Chlorophylla/Ma-Belle-94720.html
37428,Chlorophylla,Ma Belle Sarab,2024,https://www.fragrantica.com/perfume/Chlorophylla/Ma-Belle-Sarab-107213.html
37429,Chlorophylla,Marro,1986,https://www.fragrantica.com/perfume/Chlorophylla/Marro-41167.html
37430,Chlorophylla,Marro Eau de Parfum,2024,https://www.fragrantica.com/perfume/Chlorophylla/Marro-Eau-de-Parfum-92519.html
37431,Chlorophylla,Marro Sport,2019,https://www.fragrantica.com/perfume/Chlorophylla/Marro-Sport-56957.html
37432,Chlorophylla,Marro Urban,2019,https://www.fragrantica.com/perfume/Chlorophylla/Marro-Urban-58780.html
37433,Chlorophylla,Naturalize,2019,https://www.fragrantica.com/perfume/Chlorophylla/Naturalize-58167.html
37434,Chlorophylla,Oh!,1986,https://www.fragrantica.com/perfume/Chlorophylla/Oh-41168.html
37435,Chlorophylla,Old West,2015,https://www.fragrantica.com/perfume/Chlorophylla/Old-West-41204.html
37436,Chlorophylla,Only Good Aqui Tem Amor,2019,https://www.fragrantica.com/perfume/Chlorophylla/Only-Good-Aqui-Tem-Amor-58170.html
37437,Chlorophylla,Only Good Bergamota & Lírio,2019,https://www.fragrantica.com/perfume/Chlorophylla/Only-Good-Bergamota-Lirio-56955.html
37438,Chlorophylla,Only Good Champanhe & Pêssego,2021,https://www.fragrantica.com/perfume/Chlorophylla/Only-Good-Champanhe-Pessego-72359.html
37439,Chlorophylla,Only Good Especiarias & Musk,2021,https://www.fragrantica.com/perfume/Chlorophylla/Only-Good-Especiarias-Musk-72358.html
37440,Chlorophylla,Only Good Flores & Caramelo,2019,https://www.fragrantica.com/perfume/Chlorophylla/Only-Good-Flores-Caramelo-56954.html
37441,Chlorophylla,Only Good Pimenta & Melão,2019,https://www.fragrantica.com/perfume/Chlorophylla/Only-Good-Pimenta-Melao-56956.html
37442,Chlorophylla,Only Good Sonhe Bem Alto,2019,https://www.fragrantica.com/perfume/Chlorophylla/Only-Good-Sonhe-Bem-Alto-58169.html
37443,Chlorophylla,Only Good Tranquilidade,2019,https://www.fragrantica.com/perfume/Chlorophylla/Only-Good-Tranquilidade-58168.html
37444,Chlorophylla,Paradoxo,1992,https://www.fragrantica.com/perfume/Chlorophylla/Paradoxo-76376.html
37445,Chlorophylla,Petite Lavanda,2015,https://www.fragrantica.com/perfume/Chlorophylla/Petite-Lavanda-41175.html
37446,Chlorophylla,Prumo,2015,https://www.fragrantica.com/perfume/Chlorophylla/Prumo-41205.html
37447,Chlorophylla,Rouge,2015,https://www.fragrantica.com/perfume/Chlorophylla/Rouge-41198.html
37448,Chlorophylla,Sayonara,2015,https://www.fragrantica.com/perfume/Chlorophylla/Sayonara-41176.html
37449,Chlorophylla,Segredos,2015,https://www.fragrantica.com/perfume/Chlorophylla/Segredos-41206.html
37450,Chlorophylla,Te Adoro,2015,https://www.fragrantica.com/perfume/Chlorophylla/Te-Adoro-41196.html
37451,Chlorophylla,Te Amo,2015,https://www.fragrantica.com/perfume/Chlorophylla/Te-Amo-41197.html
37452,Chlorophylla,Walker,2015,https://www.fragrantica.com/perfume/Chlorophylla/Walker-41207.html
37453,Chocolate CRAVE Perfume,Chocolate CRAVE Perfume (Parfum),2013,https://www.fragrantica.com/perfume/Chocolate-CRAVE-Perfume/Chocolate-CRAVE-Perfume-22859.html
37454,Choix,Bonbon,2026,https://www.fragrantica.com/perfume/Choix/Bonbon-133303.html
37455,Choix,Lumiere Du Desert,2018,https://www.fragrantica.com/perfume/Choix/Lumiere-Du-Desert-49389.html
37456,Choix,Matin D'Ete,2018,https://www.fragrantica.com/perfume/Choix/Matin-D-Ete-49386.html
37457,Choix,Mon Ami,2018,https://www.fragrantica.com/perfume/Choix/Mon-Ami-49388.html
37458,Choix,Oud Masira,2023,https://www.fragrantica.com/perfume/Choix/Oud-Masira-80720.html
37459,Choix,Reve D'Or,2018,https://www.fragrantica.com/perfume/Choix/Reve-D-Or-49390.html
37460,Choix,Une Nuit,2018,https://www.fragrantica.com/perfume/Choix/Une-Nuit-49387.html
37461,Choix,Vanille Mystère,2026,https://www.fragrantica.com/perfume/Choix/Vanille-Mystere-133301.html
37462,Chopard,1000 Miglia,2013,https://www.fragrantica.com/perfume/Chopard/1000-Miglia-20846.html
37463,Chopard,1000 Miglia Chrono,2017,https://www.fragrantica.com/perfume/Chopard/1000-Miglia-Chrono-44960.html
37464,Chopard,1000 Miglia Extreme,2015,https://www.fragrantica.com/perfume/Chopard/1000-Miglia-Extreme-29600.html
37465,Chopard,Agar Royal,2019,https://www.fragrantica.com/perfume/Chopard/Agar-Royal-55857.html
37466,Chopard,Aigle Imperial,2019,https://www.fragrantica.com/perfume/Chopard/Aigle-Imperial-55856.html
37467,Chopard,Amber Malaki,2015,https://www.fragrantica.com/perfume/Chopard/Amber-Malaki-32742.html
37468,Chopard,Angélique Begum,2025,https://www.fragrantica.com/perfume/Chopard/Angelique-Begum-103609.html
37469,Chopard,Black Incense Malaki,2020,https://www.fragrantica.com/perfume/Chopard/Black-Incense-Malaki-61770.html
37470,Chopard,Bois Nomades,2022,https://www.fragrantica.com/perfume/Chopard/Bois-Nomades-74633.html
37471,Chopard,Brilliant Wish,2010,https://www.fragrantica.com/perfume/Chopard/Brilliant-Wish-8125.html
37472,Chopard,Cascade,2009,https://www.fragrantica.com/perfume/Chopard/Cascade-6206.html
37473,Chopard,Cašmir Chopard 1991 Parfum,1991,https://www.parfumo.com/Perfumes/Chopard/Camir_Parfum
37474,Chopard,Cašmir Divine Secret,,https://www.parfumo.com/Perfumes/Chopard/Camir_Divine_Secret
37475,Chopard,Casmir (Eau de Parfum),1992,https://www.fragrantica.com/perfume/Chopard/Casmir-348.html
37476,Chopard,Casmir Fragrance Festival Blue,1992,https://www.fragrantica.com/perfume/Chopard/Casmir-Fragrance-Festival-Blue-11094.html
37477,Chopard,Casmir Fragrance Festival Pink,1992,https://www.fragrantica.com/perfume/Chopard/Casmir-Fragrance-Festival-Pink-11093.html
37478,Chopard,Casmir Fragrance Festival White,1992,https://www.fragrantica.com/perfume/Chopard/Casmir-Fragrance-Festival-White-11095.html
37479,Chopard,Cašmir Gold Edition,,https://www.parfumo.com/Perfumes/Chopard/Camir_Gold_Edition
37480,Chopard,Casmir Summer Breeze,2004,https://www.fragrantica.com/perfume/Chopard/Casmir-Summer-Breeze-37685.html
37481,Chopard,Cašran Chopard 2000 After Shave Lotion,2000,https://www.parfumo.com/Perfumes/Chopard/Caran_After_Shave_Lotion
37482,Chopard,Casran (Eau de Toilette),2000,https://www.fragrantica.com/perfume/Chopard/Casran-349.html
37483,Chopard,Cedar Malaki,2023,https://www.fragrantica.com/perfume/Chopard/Cedar-Malaki-79336.html
37484,Chopard,Chopard 1927 Vintage Edition,2016,https://www.fragrantica.com/perfume/Chopard/Chopard-1927-Vintage-Edition-37335.html
37485,Chopard,Chopard pour Homme (After Shave),2006,https://www.fragrantica.com/perfume/Chopard/Chopard-pour-Homme-2821.html
37486,Chopard,Chopard pour Homme Chopard 2006 Eau de Toilette,2006,https://www.parfumo.com/Perfumes/Chopard/Chopard_pour_Homme_Eau_de_Toilette
37487,Chopard,Chopard Rose Malaki,2014,https://www.fragrantica.com/perfume/Chopard/Chopard-Rose-Malaki-25804.html
37488,Chopard,Enchanted,2012,https://www.fragrantica.com/perfume/Chopard/Enchanted-14832.html
37489,Chopard,Enchanted Golden Absolute,2013,https://www.fragrantica.com/perfume/Chopard/Enchanted-Golden-Absolute-18954.html
37490,Chopard,Enchanted Midnight Spell,2014,https://www.fragrantica.com/perfume/Chopard/Enchanted-Midnight-Spell-25158.html
37491,Chopard,Gardénia Tahia,2025,https://www.fragrantica.com/perfume/Chopard/Gardenia-Tahia-103608.html
37492,Chopard,Happy Chopard Bigaradia,2018,https://www.fragrantica.com/perfume/Chopard/Happy-Chopard-Bigaradia-51703.html
37493,Chopard,Happy Chopard Felicia Roses,2018,https://www.fragrantica.com/perfume/Chopard/Happy-Chopard-Felicia-Roses-49807.html
37494,Chopard,Happy Chopard Lemon Dulci,2018,https://www.fragrantica.com/perfume/Chopard/Happy-Chopard-Lemon-Dulci-49806.html
37495,Chopard,Happy Chopard Magnolia Bliss,2022,https://www.fragrantica.com/perfume/Chopard/Happy-Chopard-Magnolia-Bliss-72989.html
37496,Chopard,Happy Diamonds Chopard 1986 Parfum,1986,https://www.parfumo.com/Perfumes/Chopard/Happy_Diamonds_Parfum
37497,Chopard,Happy Diamonds (Eau de Parfum),1986,https://www.fragrantica.com/perfume/Chopard/Happy-Diamonds-37683.html
37498,Chopard,Happy Diamonds Parfumkette,,https://www.parfumo.com/Perfumes/Chopard/Happy_Diamonds_Parfumkette
37499,Chopard,Happy Magnolia Bouquet,2024,https://www.fragrantica.com/perfume/Chopard/Happy-Magnolia-Bouquet-123487.html
37500,Chopard,Happy Spirit,2007,https://www.fragrantica.com/perfume/Chopard/Happy-Spirit-1440.html
37501,Chopard,Happy Spirit Amira d’Amour,2015,https://www.fragrantica.com/perfume/Chopard/Happy-Spirit-Amira-d-Amour-30520.html
37502,Chopard,Happy Spirit Bouquet d’Amour,2013,https://www.fragrantica.com/perfume/Chopard/Happy-Spirit-Bouquet-d-Amour-17745.html
37503,Chopard,Happy Spirit Elixir d'Amour,2009,https://www.fragrantica.com/perfume/Chopard/Happy-Spirit-Elixir-d-Amour-11679.html
37504,Chopard,Happy Spirit Forever,2016,https://www.fragrantica.com/perfume/Chopard/Happy-Spirit-Forever-42135.html
37505,Chopard,Happy Spirit Magical Nights,2008,https://www.fragrantica.com/perfume/Chopard/Happy-Spirit-Magical-Nights-4624.html
37506,Chopard,Heaven (After Shave),1994,https://www.fragrantica.com/perfume/Chopard/Heaven-1846.html
37507,Chopard,Heaven Chopard 1994 Eau de Toilette,1994,https://www.parfumo.com/Perfumes/Chopard/Heaven_Eau_de_Toilette
37508,Chopard,Imperiale - Iris Malika,2022,https://www.parfumo.com/Perfumes/Chopard/imperiale-iris-malika
37509,Chopard,Imperiale - Vanille Malika,2023,https://www.parfumo.com/Perfumes/Chopard/imperiale-vanille-malika
37510,Chopard,Infiniment (Eau de Parfum),2004,https://www.fragrantica.com/perfume/Chopard/Infiniment-350.html
37511,Chopard,Infiniment Eau de Toilette,2006,https://www.fragrantica.com/perfume/Chopard/Infiniment-Eau-de-Toilette-37684.html
37512,Chopard,Iris Malika,2022,https://www.fragrantica.com/perfume/Chopard/Iris-Malika-72990.html
37513,Chopard,Jasmin Malika,2025,https://www.fragrantica.com/perfume/Chopard/Jasmin-Malika-103606.html
37514,Chopard,Jasmin Moghol,2018,https://www.fragrantica.com/perfume/Chopard/Jasmin-Moghol-48459.html
37515,Chopard,Leather Malaki,2024,https://www.fragrantica.com/perfume/Chopard/Leather-Malaki-93521.html
37516,Chopard,Love,2020,https://www.parfumo.com/Perfumes/Chopard/love-chopard
37517,Chopard,Love Chopard,2020,https://www.fragrantica.com/perfume/Chopard/Love-Chopard-59327.html
37518,Chopard,Madness Chopard 2001 Eau de Parfum,2001,https://www.parfumo.com/Perfumes/Chopard/Madness_Eau_de_Parfum
37519,Chopard,Madness Chopard 2001 Parfum,2001,https://www.parfumo.com/Perfumes/Chopard/Madness_Parfum
37520,Chopard,Madness (Eau de Toilette),2001,https://www.fragrantica.com/perfume/Chopard/Madness-351.html
37521,Chopard,Madness Natural Black,2007,https://www.fragrantica.com/perfume/Chopard/Madness-Natural-Black-20408.html
37522,Chopard,Magnolia au Vétiver d'Haïti,2017,https://www.parfumo.com/Perfumes/Chopard/Magnolia_au_Vetiver_d_Haiti
37523,Chopard,Magnolia Au Vetiver du Haiti,2017,https://www.fragrantica.com/perfume/Chopard/Magnolia-Au-Vetiver-du-Haiti-45224.html
37524,Chopard,Miel d'Arabie,2018,https://www.fragrantica.com/perfume/Chopard/Miel-d-Arabie-48433.html
37525,Chopard,Miglia,2013,https://www.parfumo.com/Perfumes/Chopard/1000_Miglia
37526,Chopard,Miglia Chrono,2017,https://www.parfumo.com/Perfumes/Chopard/1000_Miglia_Chrono
37527,Chopard,Miglia Extreme,2015,https://www.parfumo.com/Perfumes/Chopard/1000_Miglia_Extreme
37528,Chopard,Mira-Bai,1998,https://www.fragrantica.com/perfume/Chopard/Mira-Bai-352.html
37529,Chopard,Musk Malaki,2017,https://www.fragrantica.com/perfume/Chopard/Musk-Malaki-43759.html
37530,Chopard,Neroli a la Cardamome du Guatemala,2017,https://www.fragrantica.com/perfume/Chopard/Neroli-a-la-Cardamome-du-Guatemala-45227.html
37531,Chopard,Noble Cedar,2011,https://www.fragrantica.com/perfume/Chopard/Noble-Cedar-13153.html
37532,Chopard,Noble Vetiver,2010,https://www.fragrantica.com/perfume/Chopard/Noble-Vetiver-10677.html
37533,Chopard,Nuit des Rois,2019,https://www.fragrantica.com/perfume/Chopard/Nuit-des-Rois-55854.html
37534,Chopard,Or de Calambac,2019,https://www.fragrantica.com/perfume/Chopard/Or-de-Calambac-55853.html
37535,Chopard,Orange Mauresque,2018,https://www.fragrantica.com/perfume/Chopard/Orange-Mauresque-48458.html
37536,Chopard,Oud Malaki,2012,https://www.fragrantica.com/perfume/Chopard/Oud-Malaki-17184.html
37537,Chopard,Patchouli de Sumatra,2022,https://www.fragrantica.com/perfume/Chopard/Patchouli-de-Sumatra-74634.html
37538,Chopard,Rose de Caroline,2018,https://www.fragrantica.com/perfume/Chopard/Rose-de-Caroline-52734.html
37539,Chopard,Rose Seljuke,2018,https://www.fragrantica.com/perfume/Chopard/Rose-Seljuke-48460.html
37540,Chopard,Santal Odeyar,2022,https://www.fragrantica.com/perfume/Chopard/Santal-Odeyar-74632.html
37541,Chopard,Sparkling Love,2023,https://www.fragrantica.com/perfume/Chopard/Sparkling-Love-88194.html
37542,Chopard,Tobacco Malaki,2026,https://www.fragrantica.com/perfume/Chopard/Tobacco-Malaki-128061.html
37543,Chopard,Tubéreuse Maharané,2025,https://www.fragrantica.com/perfume/Chopard/Tubereuse-Maharane-103607.html
37544,Chopard,Vanille de Madagascar,2017,https://www.fragrantica.com/perfume/Chopard/Vanille-de-Madagascar-45225.html
37545,Chopard,Vanille Malika,2023,https://www.fragrantica.com/perfume/Chopard/Vanille-Malika-88152.html
37546,Chopard,Vetiver d'Haiti au The Vert,2017,https://www.fragrantica.com/perfume/Chopard/Vetiver-d-Haiti-au-The-Vert-45226.html
37547,Chopard,Vintage Edition,2016,https://www.parfumo.com/Perfumes/Chopard/1927_Vintage_Edition
37548,Chopard,Wish Chopard 1997 Eau de Parfum,1997,https://www.parfumo.com/Perfumes/Chopard/Wish_Eau_de_Parfum
37549,Chopard,Wish Magical Nights,2008,https://www.fragrantica.com/perfume/Chopard/Wish-Magical-Nights-4641.html
37550,Chopard,Wish (Parfum),1997,https://www.fragrantica.com/perfume/Chopard/Wish-353.html
37551,Chopard,Wish Pink Diamond,2005,https://www.fragrantica.com/perfume/Chopard/Wish-Pink-Diamond-354.html
37552,Chopard,Wish Pure,2000,https://www.fragrantica.com/perfume/Chopard/Wish-Pure-355.html
37553,Chopard,Wish Turquoise Diamond,2007,https://www.fragrantica.com/perfume/Chopard/Wish-Turquoise-Diamond-1558.html
37554,Chopin Perfumes,Chopin OP. 25,2018,https://www.fragrantica.com/perfume/Chopin-Perfumes/Chopin-OP-25-63593.html
37555,Chopin Perfumes,Chopin OP. 28,2018,https://www.fragrantica.com/perfume/Chopin-Perfumes/Chopin-OP-28-63592.html
37556,Chopin Perfumes,Chopin OP. 9,2018,https://www.fragrantica.com/perfume/Chopin-Perfumes/Chopin-OP-9-63594.html
37557,Chopin Perfumes,Constance,,https://www.fragrantica.com/perfume/Chopin-Perfumes/Constance-101046.html
37558,Chopin Perfumes,George Sand,,https://www.fragrantica.com/perfume/Chopin-Perfumes/George-Sand-101047.html
37559,Chopin Perfumes,Marie,,https://www.fragrantica.com/perfume/Chopin-Perfumes/Marie-101045.html
37560,Chopova Lowena,"Great Root, Green Ruth",2025,https://www.fragrantica.com/perfume/Chopova-Lowena/Great-Root-Green-Ruth-102323.html
37561,Chopova Lowena,Hay Zhasmina!,2025,https://www.fragrantica.com/perfume/Chopova-Lowena/Hay-Zhasmina-102324.html
37562,Chopova Lowena,"Queen Rosa, Rosa is Queen",2025,https://www.fragrantica.com/perfume/Chopova-Lowena/Queen-Rosa-Rosa-is-Queen-102322.html
37563,Chord,Fa+ Fancy Flawless,2024,https://www.fragrantica.com/perfume/Chord/Fa-Fancy-Flawless-92066.html
37564,Chord,Re- Romantic Luscious,2024,https://www.fragrantica.com/perfume/Chord/Re-Romantic-Luscious-92067.html
37565,Chorus,Almost After,,https://www.fragrantica.com/perfume/Chorus/Almost-After-129419.html
37566,Chorus,Before Smoke,,https://www.fragrantica.com/perfume/Chorus/Before-Smoke-129408.html
37567,Chorus,Clean Wake,,https://www.fragrantica.com/perfume/Chorus/Clean-Wake-129418.html
37568,Chorus,Close Range,,https://www.fragrantica.com/perfume/Chorus/Close-Range-129412.html
37569,Chorus,Dark Comfort,,https://www.fragrantica.com/perfume/Chorus/Dark-Comfort-129424.html
37570,Chorus,Drawn Close,,https://www.fragrantica.com/perfume/Chorus/Drawn-Close-129414.html
37571,Chorus,Even Light,,https://www.fragrantica.com/perfume/Chorus/Even-Light-129409.html
37572,Chorus,Held Heat,,https://www.fragrantica.com/perfume/Chorus/Held-Heat-129417.html
37573,Chorus,Horizon Line,,https://www.fragrantica.com/perfume/Chorus/Horizon-Line-129415.html
37574,Chorus,Inner Radiance,,https://www.fragrantica.com/perfume/Chorus/Inner-Radiance-129420.html
37575,Chorus,Midway Air,,https://www.fragrantica.com/perfume/Chorus/Midway-Air-129423.html
37576,Chorus,Open Stone,,https://www.fragrantica.com/perfume/Chorus/Open-Stone-129411.html
37577,Chorus,Set Point,,https://www.fragrantica.com/perfume/Chorus/Set-Point-129416.html
37578,Chorus,Soft Tide,,https://www.fragrantica.com/perfume/Chorus/Soft-Tide-129421.html
37579,Chorus,Solar Tide,,https://www.fragrantica.com/perfume/Chorus/Solar-Tide-129410.html
37580,Chorus,Still Green,,https://www.fragrantica.com/perfume/Chorus/Still-Green-129422.html
37581,Chorus,Sun Soaked,,https://www.fragrantica.com/perfume/Chorus/Sun-Soaked-129413.html
37582,Chouette Vierge Parfumée,Chouette Vierge 0 Zero,2024,https://www.fragrantica.com/perfume/Chouette-Vierge-Parfumee/Chouette-Vierge-0-Zero-92904.html
37583,Chouette Vierge Parfumée,Chouette Vierge No. 1,2024,https://www.fragrantica.com/perfume/Chouette-Vierge-Parfumee/Chouette-Vierge-No-1-92905.html
37584,Chouette Vierge Parfumée,Chouette Vierge No. 10,2024,https://www.fragrantica.com/perfume/Chouette-Vierge-Parfumee/Chouette-Vierge-No-10-92914.html
37585,Chouette Vierge Parfumée,Chouette Vierge No. 11,2024,https://www.fragrantica.com/perfume/Chouette-Vierge-Parfumee/Chouette-Vierge-No-11-92915.html
37586,Chouette Vierge Parfumée,Chouette Vierge No. 2,2024,https://www.fragrantica.com/perfume/Chouette-Vierge-Parfumee/Chouette-Vierge-No-2-92906.html
37587,Chouette Vierge Parfumée,Chouette Vierge No. 3,2024,https://www.fragrantica.com/perfume/Chouette-Vierge-Parfumee/Chouette-Vierge-No-3-92907.html
37588,Chouette Vierge Parfumée,Chouette Vierge No. 4,2024,https://www.fragrantica.com/perfume/Chouette-Vierge-Parfumee/Chouette-Vierge-No-4-92908.html
37589,Chouette Vierge Parfumée,Chouette Vierge No. 5,2024,https://www.fragrantica.com/perfume/Chouette-Vierge-Parfumee/Chouette-Vierge-No-5-92909.html
37590,Chouette Vierge Parfumée,Chouette Vierge No. 6,2024,https://www.fragrantica.com/perfume/Chouette-Vierge-Parfumee/Chouette-Vierge-No-6-92910.html
37591,Chouette Vierge Parfumée,Chouette Vierge No. 7,2024,https://www.fragrantica.com/perfume/Chouette-Vierge-Parfumee/Chouette-Vierge-No-7-92911.html
37592,Chouette Vierge Parfumée,Chouette Vierge No. 8,2024,https://www.fragrantica.com/perfume/Chouette-Vierge-Parfumee/Chouette-Vierge-No-8-92912.html
37593,Chouette Vierge Parfumée,Chouette Vierge No. 9,2024,https://www.fragrantica.com/perfume/Chouette-Vierge-Parfumee/Chouette-Vierge-No-9-92913.html
37594,Chouette Vierge Parfumée,L' IAM,2024,https://www.fragrantica.com/perfume/Chouette-Vierge-Parfumee/L-IAM-92917.html
37595,Chouette Vierge Parfumée,L' U ARE,2024,https://www.fragrantica.com/perfume/Chouette-Vierge-Parfumee/L-U-ARE-92916.html
37596,Chouette Vierge Parfumée,Nébuleuse de L'abeille,2024,https://www.fragrantica.com/perfume/Chouette-Vierge-Parfumee/Nebuleuse-de-L-abeille-92919.html
37597,Chouette Vierge Parfumée,Nébuleuse du Papillon,2024,https://www.fragrantica.com/perfume/Chouette-Vierge-Parfumee/Nebuleuse-du-Papillon-92918.html
37598,Chouette Vierge Parfumée,Nébuleuse du sang,2024,https://www.fragrantica.com/perfume/Chouette-Vierge-Parfumee/Nebuleuse-du-sang-92920.html
37599,Chouette Vierge Parfumée,Nébuleuse Marine Violet,2024,https://www.fragrantica.com/perfume/Chouette-Vierge-Parfumee/Nebuleuse-Marine-Violet-92921.html
37600,Chris Adams,713,,https://www.fragrantica.com/perfume/Chris-Adams/713-33035.html
37601,Chris Adams,Ace,,https://www.fragrantica.com/perfume/Chris-Adams/Ace-33036.html
37602,Chris Adams,Active Man,,https://www.fragrantica.com/perfume/Chris-Adams/Active-Man-33037.html
37603,Chris Adams,Active Man Blanc,,https://huggingface.co/datasets/doevent/perfume
37604,Chris Adams,Active Man Intense,,https://www.fragrantica.com/perfume/Chris-Adams/Active-Man-Intense-98054.html
37605,Chris Adams,Active Man Noir,,https://www.parfumo.com/Perfumes/Chris_Adams/Active_Man_Noir
37606,Chris Adams,Active Woman,,https://www.fragrantica.com/perfume/Chris-Adams/Active-Woman-33038.html
37607,Chris Adams,Active Woman Blanche,,https://huggingface.co/datasets/doevent/perfume
37608,Chris Adams,Active Woman Intense,2024,https://www.fragrantica.com/perfume/Chris-Adams/Active-Woman-Intense-99198.html
37609,Chris Adams,Active Woman Noire,,https://huggingface.co/datasets/doevent/perfume
37610,Chris Adams,Adora,,https://www.parfumo.com/Perfumes/Chris_Adams/Adora
37611,Chris Adams,Africano,,https://huggingface.co/datasets/doevent/perfume
37612,Chris Adams,Amazing Lady,,https://huggingface.co/datasets/doevent/perfume
37613,Chris Adams,Aqua De Oud,,https://huggingface.co/datasets/doevent/perfume
37614,Chris Adams,Beauté,,https://www.parfumo.com/Perfumes/Chris_Adams/Beaute
37615,Chris Adams,Belle Noir,,https://www.fragrantica.com/perfume/Chris-Adams/Belle-Noir-33039.html
37616,Chris Adams,Belle Noire,2001,https://www.parfumo.com/Perfumes/Chris_Adams/Belle_Noire
37617,Chris Adams,Belle Violette,,https://www.fragrantica.com/perfume/Chris-Adams/Belle-Violette-33040.html
37618,Chris Adams,Black Corduroy,2007,https://www.parfumo.com/Perfumes/Chris_Adams/black-corduroy
37619,Chris Adams,Black Corduroy Pour Homme,2022,https://www.fragrantica.com/perfume/Chris-Adams/Black-Corduroy-Pour-Homme-77520.html
37620,Chris Adams,Black Label,,https://www.fragrantica.com/perfume/Chris-Adams/Black-Label-33041.html
37621,Chris Adams,Black Leopard,,https://www.parfumo.com/Perfumes/Chris_Adams/Black_Leopard
37622,Chris Adams,Black Shadow,,https://www.fragrantica.com/perfume/Chris-Adams/Black-Shadow-33042.html
37623,Chris Adams,Blue Corduroy,2003,https://www.parfumo.com/Perfumes/Chris_Adams/blue-corduroy
37624,Chris Adams,Blue Corduroy Pour Homme,2022,https://www.fragrantica.com/perfume/Chris-Adams/Blue-Corduroy-Pour-Homme-77523.html
37625,Chris Adams,Blumine,,https://huggingface.co/datasets/doevent/perfume
37626,Chris Adams,Blumine Pour Femme,2022,https://www.fragrantica.com/perfume/Chris-Adams/Blumine-Pour-Femme-77502.html
37627,Chris Adams,Boss Babe,,https://huggingface.co/datasets/doevent/perfume
37628,Chris Adams,Boss Babe Pour Femme,2022,https://www.fragrantica.com/perfume/Chris-Adams/Boss-Babe-Pour-Femme-77503.html
37629,Chris Adams,Bronze Corduroy,1983,https://www.parfumo.com/Perfumes/Chris_Adams/bronze-corduroy
37630,Chris Adams,Bronze Corduroy Pour Homme,2022,https://www.fragrantica.com/perfume/Chris-Adams/Bronze-Corduroy-Pour-Homme-77518.html
37631,Chris Adams,CA Accord,,https://www.fragrantica.com/perfume/Chris-Adams/CA-Accord-33043.html
37632,Chris Adams,Ca Classic Denim Man,,https://huggingface.co/datasets/doevent/perfume
37633,Chris Adams,Ca Classic Denim Woman,,https://huggingface.co/datasets/doevent/perfume
37634,Chris Adams,CA Classic pour Femme,,https://www.parfumo.com/Perfumes/Chris_Adams/CA_Classic_pour_Femme
37635,Chris Adams,CA Classic pour Homme,,https://www.parfumo.com/Perfumes/Chris_Adams/CA_Classic_pour_Homme
37636,Chris Adams,Ca Dreamz,,https://huggingface.co/datasets/doevent/perfume
37637,Chris Adams,CA Dreamz Blue,,https://www.parfumo.com/Perfumes/Chris_Adams/ca-dreamz-blue
37638,Chris Adams,Ca Dreamz Pink,,https://huggingface.co/datasets/doevent/perfume
37639,Chris Adams,Ca Dreamz Pour Homme,,https://huggingface.co/datasets/doevent/perfume
37640,Chris Adams,Ca Gentleman,,https://huggingface.co/datasets/doevent/perfume
37641,Chris Adams,CA Man,,https://www.fragrantica.com/perfume/Chris-Adams/CA-Man-33049.html
37642,Chris Adams,CA Woman,,https://www.fragrantica.com/perfume/Chris-Adams/CA-Woman-33059.html
37643,Chris Adams,Ca Woman New Edition,,https://huggingface.co/datasets/doevent/perfume
37644,Chris Adams,Capture,,https://huggingface.co/datasets/doevent/perfume
37645,Chris Adams,Catch Me,,https://www.fragrantica.com/perfume/Chris-Adams/Catch-Me-33060.html
37646,Chris Adams,Catch Me Adventure,,https://huggingface.co/datasets/doevent/perfume
37647,Chris Adams,Catch Me Aqua Sport,,https://huggingface.co/datasets/doevent/perfume
37648,Chris Adams,Catch Me Woman,,https://huggingface.co/datasets/doevent/perfume
37649,Chris Adams,Chess,,https://huggingface.co/datasets/doevent/perfume
37650,Chris Adams,Choice,,https://www.fragrantica.com/perfume/Chris-Adams/Choice-33061.html
37651,Chris Adams,Chris Adams,,https://www.parfumo.com/Perfumes/Chris_Adams/713
37652,Chris Adams,Classic pour Femme,,https://www.fragrantica.com/perfume/Chris-Adams/Classic-pour-Femme-33044.html
37653,Chris Adams,Classic pour Homme,,https://www.fragrantica.com/perfume/Chris-Adams/Classic-pour-Homme-33045.html
37654,Chris Adams,Club Ricco,,https://www.fragrantica.com/perfume/Chris-Adams/Club-Ricco-33062.html
37655,Chris Adams,Conspiracy,,https://www.fragrantica.com/perfume/Chris-Adams/Conspiracy-33063.html
37656,Chris Adams,Destiny,,https://huggingface.co/datasets/doevent/perfume
37657,Chris Adams,Dispute for Men,,https://www.fragrantica.com/perfume/Chris-Adams/Dispute-for-Men-33067.html
37658,Chris Adams,Dispute for Women,,https://www.fragrantica.com/perfume/Chris-Adams/Dispute-for-Women-33068.html
37659,Chris Adams,Dolby Ice,,https://www.fragrantica.com/perfume/Chris-Adams/Dolby-Ice-135538.html
37660,Chris Adams,Dolby Man,,https://www.fragrantica.com/perfume/Chris-Adams/Dolby-Man-33070.html
37661,Chris Adams,Dolby Man Sport,2016,https://www.fragrantica.com/perfume/Chris-Adams/Dolby-Man-Sport-129766.html
37662,Chris Adams,Dolby Woman,,https://www.fragrantica.com/perfume/Chris-Adams/Dolby-Woman-33071.html
37663,Chris Adams,Dreamz Man,,https://www.fragrantica.com/perfume/Chris-Adams/Dreamz-Man-33046.html
37664,Chris Adams,Dreamz Woman,,https://www.fragrantica.com/perfume/Chris-Adams/Dreamz-Woman-33047.html
37665,Chris Adams,Durante,,https://huggingface.co/datasets/doevent/perfume
37666,Chris Adams,DVD,,https://www.fragrantica.com/perfume/Chris-Adams/DVD-33064.html
37667,Chris Adams,DX 77 Man,,https://www.fragrantica.com/perfume/Chris-Adams/DX-77-Man-33065.html
37668,Chris Adams,DX 77 Woman,,https://www.fragrantica.com/perfume/Chris-Adams/DX-77-Woman-33066.html
37669,Chris Adams,Dx77,,https://huggingface.co/datasets/doevent/perfume
37670,Chris Adams,Dx77 Intense Leather,,https://huggingface.co/datasets/doevent/perfume
37671,Chris Adams,Empress,,https://huggingface.co/datasets/doevent/perfume
37672,Chris Adams,Fancy,,https://www.fragrantica.com/perfume/Chris-Adams/Fancy-33072.html
37673,Chris Adams,Fancy Lady,,https://huggingface.co/datasets/doevent/perfume
37674,Chris Adams,Fantasy,,https://huggingface.co/datasets/doevent/perfume
37675,Chris Adams,Fiore,,https://www.fragrantica.com/perfume/Chris-Adams/Fiore-33073.html
37676,Chris Adams,First Impression Blue,,https://www.fragrantica.com/perfume/Chris-Adams/First-Impression-Blue-33075.html
37677,Chris Adams,First Impression Green,,https://www.fragrantica.com/perfume/Chris-Adams/First-Impression-Green-33076.html
37678,Chris Adams,Frequency,,https://huggingface.co/datasets/doevent/perfume
37679,Chris Adams,Gifted,,https://huggingface.co/datasets/doevent/perfume
37680,Chris Adams,Gifted Pour Femme,2022,https://www.fragrantica.com/perfume/Chris-Adams/Gifted-Pour-Femme-77504.html
37681,Chris Adams,Gorgeous Woman,,https://huggingface.co/datasets/doevent/perfume
37682,Chris Adams,Great Kingdom,,https://huggingface.co/datasets/doevent/perfume
37683,Chris Adams,Green Corduroy,,https://huggingface.co/datasets/doevent/perfume
37684,Chris Adams,Green Corduroy Pour Homme,2022,https://www.fragrantica.com/perfume/Chris-Adams/Green-Corduroy-Pour-Homme-77533.html
37685,Chris Adams,Grey Corduroy,,https://huggingface.co/datasets/doevent/perfume
37686,Chris Adams,Grey Corduroy Pour Homme,2022,https://www.fragrantica.com/perfume/Chris-Adams/Grey-Corduroy-Pour-Homme-77530.html
37687,Chris Adams,Iconic Men,,https://www.fragrantica.com/perfume/Chris-Adams/Iconic-Men-33078.html
37688,Chris Adams,Incredible,,https://huggingface.co/datasets/doevent/perfume
37689,Chris Adams,Ink Pink,,https://www.fragrantica.com/perfume/Chris-Adams/Ink-Pink-33079.html
37690,Chris Adams,Intense,,https://www.fragrantica.com/perfume/Chris-Adams/Intense-33080.html
37691,Chris Adams,Into Me,,https://huggingface.co/datasets/doevent/perfume
37692,Chris Adams,J'aime,,https://www.fragrantica.com/perfume/Chris-Adams/J-aime-33081.html
37693,Chris Adams,Jumaira Breeze,,https://huggingface.co/datasets/doevent/perfume
37694,Chris Adams,Kaotic,,https://www.fragrantica.com/perfume/Chris-Adams/Kaotic-33082.html
37695,Chris Adams,Kaotic Intense,,https://www.fragrantica.com/perfume/Chris-Adams/Kaotic-Intense-33084.html
37696,Chris Adams,Kyss,,https://huggingface.co/datasets/doevent/perfume
37697,Chris Adams,Legend Woman,,https://www.fragrantica.com/perfume/Chris-Adams/Legend-Woman-33048.html
37698,Chris Adams,Legendary Woman,,https://huggingface.co/datasets/doevent/perfume
37699,Chris Adams,Let's Imagine,,https://www.fragrantica.com/perfume/Chris-Adams/Let-s-Imagine-33085.html
37700,Chris Adams,Let's Imagine Pour Femme,2022,https://www.fragrantica.com/perfume/Chris-Adams/Let-s-Imagine-Pour-Femme-77511.html
37701,Chris Adams,Merci Juliet,,https://huggingface.co/datasets/doevent/perfume
37702,Chris Adams,MP Pour Homme,,https://www.fragrantica.com/perfume/Chris-Adams/MP-Pour-Homme-33086.html
37703,Chris Adams,New Era,,https://www.fragrantica.com/perfume/Chris-Adams/New-Era-33087.html
37704,Chris Adams,New Lifetime Pour Homme,2018,https://www.fragrantica.com/perfume/Chris-Adams/New-Lifetime-Pour-Homme-57907.html
37705,Chris Adams,Niche for Men,,https://www.fragrantica.com/perfume/Chris-Adams/Niche-for-Men-33088.html
37706,Chris Adams,Niche for Women,,https://www.fragrantica.com/perfume/Chris-Adams/Niche-for-Women-33089.html
37707,Chris Adams,Nobleman,,https://huggingface.co/datasets/doevent/perfume
37708,Chris Adams,Perfecto,,https://huggingface.co/datasets/doevent/perfume
37709,Chris Adams,Phobia Pour Femme,,https://huggingface.co/datasets/doevent/perfume
37710,Chris Adams,Phobia Pour Homme,,https://huggingface.co/datasets/doevent/perfume
37711,Chris Adams,Pink de Pink,2013,https://www.fragrantica.com/perfume/Chris-Adams/Pink-de-Pink-75147.html
37712,Chris Adams,Posh Lady,,https://huggingface.co/datasets/doevent/perfume
37713,Chris Adams,Possessive,,https://www.fragrantica.com/perfume/Chris-Adams/Possessive-33090.html
37714,Chris Adams,Powerful,,https://huggingface.co/datasets/doevent/perfume
37715,Chris Adams,Prize,,https://huggingface.co/datasets/doevent/perfume
37716,Chris Adams,Prize Pour Femme,2022,https://www.fragrantica.com/perfume/Chris-Adams/Prize-Pour-Femme-77506.html
37717,Chris Adams,Pure Blue,,https://www.fragrantica.com/perfume/Chris-Adams/Pure-Blue-33091.html
37718,Chris Adams,Pure One,,https://www.fragrantica.com/perfume/Chris-Adams/Pure-One-33092.html
37719,Chris Adams,Pure Red,,https://www.fragrantica.com/perfume/Chris-Adams/Pure-Red-33093.html
37720,Chris Adams,Pure Soul,,https://huggingface.co/datasets/doevent/perfume
37721,Chris Adams,Rebellion,,https://huggingface.co/datasets/doevent/perfume
37722,Chris Adams,Reflection,,https://huggingface.co/datasets/doevent/perfume
37723,Chris Adams,Rover,,https://huggingface.co/datasets/doevent/perfume
37724,Chris Adams,Rover Pour Homme,2022,https://www.fragrantica.com/perfume/Chris-Adams/Rover-Pour-Homme-77516.html
37725,Chris Adams,Salsa,,https://www.fragrantica.com/perfume/Chris-Adams/Salsa-33094.html
37726,Chris Adams,Saturn,,https://www.fragrantica.com/perfume/Chris-Adams/Saturn-33095.html
37727,Chris Adams,Silver Shine,,https://www.fragrantica.com/perfume/Chris-Adams/Silver-Shine-33096.html
37728,Chris Adams,So Good Pour Femme,,https://huggingface.co/datasets/doevent/perfume
37729,Chris Adams,So Good Pour Homme,,https://huggingface.co/datasets/doevent/perfume
37730,Chris Adams,st Impression Blue,,https://www.parfumo.com/Perfumes/Chris_Adams/1st_Impression_Blue
37731,Chris Adams,st Impression Green,2015,https://www.parfumo.com/Perfumes/Chris_Adams/1st_Impression_Green
37732,Chris Adams,Strange,,https://www.fragrantica.com/perfume/Chris-Adams/Strange-33097.html
37733,Chris Adams,Stunner Pour Femme,,https://www.fragrantica.com/perfume/Chris-Adams/Stunner-Pour-Femme-33098.html
37734,Chris Adams,Stunner Pour Homme,,https://www.fragrantica.com/perfume/Chris-Adams/Stunner-Pour-Homme-33099.html
37735,Chris Adams,The Encounter,,https://huggingface.co/datasets/doevent/perfume
37736,Chris Adams,True Reflections,,https://www.fragrantica.com/perfume/Chris-Adams/True-Reflections-33100.html
37737,Chris Adams,Volante,,https://huggingface.co/datasets/doevent/perfume
37738,Chris Adams,Volante Pour Homme,2022,https://www.fragrantica.com/perfume/Chris-Adams/Volante-Pour-Homme-77514.html
37739,Chris Adams,What'S Up?,,https://huggingface.co/datasets/doevent/perfume
37740,Chris Adams,White Corduroy,,https://huggingface.co/datasets/doevent/perfume
37741,Chris Adams,White Corduroy Pour Homme,2022,https://www.fragrantica.com/perfume/Chris-Adams/White-Corduroy-Pour-Homme-77525.html
37742,Chris Adams,Wild Leopard,,https://huggingface.co/datasets/doevent/perfume
37743,Chris Adams,You Are Gorgeous,,https://www.fragrantica.com/perfume/Chris-Adams/You-Are-Gorgeous-33101.html
37744,Chris Adams,Zest Woman,,https://www.fragrantica.com/perfume/Chris-Adams/Zest-Woman-33102.html
37745,Chris Collins,African Rooibos,2021,https://www.fragrantica.com/perfume/Chris-Collins/African-Rooibos-66748.html
37746,Chris Collins,African Rooibos Intens,2025,https://www.fragrantica.com/perfume/Chris-Collins/African-Rooibos-Intens-119206.html
37747,Chris Collins,Autumn Rhythm,2019,https://www.fragrantica.com/perfume/Chris-Collins/Autumn-Rhythm-57228.html
37748,Chris Collins,Citrus Grandis,2022,https://www.fragrantica.com/perfume/Chris-Collins/Citrus-Grandis-76128.html
37749,Chris Collins,Danse Sauvage,2017,https://www.fragrantica.com/perfume/Chris-Collins/Danse-Sauvage-47742.html
37750,Chris Collins,Forbidden Apple Croque Moi,2025,https://www.fragrantica.com/perfume/Chris-Collins/Forbidden-Apple-Croque-Moi-115783.html
37751,Chris Collins,Harlem Nights,2017,https://www.fragrantica.com/perfume/Chris-Collins/Harlem-Nights-47741.html
37752,Chris Collins,Kingmaker,2023,https://www.fragrantica.com/perfume/Chris-Collins/Kingmaker-87971.html
37753,Chris Collins,Long Kiss Goodnight,2022,https://www.fragrantica.com/perfume/Chris-Collins/Long-Kiss-Goodnight-76127.html
37754,Chris Collins,Lost in Paradise,2022,https://www.fragrantica.com/perfume/Chris-Collins/Lost-in-Paradise-75895.html
37755,Chris Collins,Lust Oud Delice,2024,https://www.fragrantica.com/perfume/Chris-Collins/Lust-Oud-Delice-92547.html
37756,Chris Collins,Oud Galoré,2019,https://www.fragrantica.com/perfume/Chris-Collins/Oud-Galore-58800.html
37757,Chris Collins,Renaissance Man,2017,https://www.fragrantica.com/perfume/Chris-Collins/Renaissance-Man-47740.html
37758,Chris Collins,Savant Manhattan Cherry,2025,https://www.fragrantica.com/perfume/Chris-Collins/Savant-Manhattan-Cherry-114919.html
37759,Chris Collins,Sunset in Tamarindo,2026,https://www.fragrantica.com/perfume/Chris-Collins/Sunset-in-Tamarindo-130456.html
37760,Chris Collins,Sweet Taboo,2019,https://www.fragrantica.com/perfume/Chris-Collins/Sweet-Taboo-54930.html
37761,Chris Collins,Tokyo Blue,2019,https://www.fragrantica.com/perfume/Chris-Collins/Tokyo-Blue-56013.html
37762,Chris Collins,VideCorMeum,2021,https://www.fragrantica.com/perfume/Chris-Collins/VideCorMeum-69487.html
37763,Chris Collins,Villain,2026,https://www.fragrantica.com/perfume/Chris-Collins/Villain-133396.html
37764,Chris Rusak,33,2018,https://www.fragrantica.com/perfume/Chris-Rusak/33-53674.html
37765,Chris Rusak,After Every Ounce of Joy (Leaves My Body),2019,https://www.fragrantica.com/perfume/Chris-Rusak/After-Every-Ounce-of-Joy-Leaves-My-Body-63813.html
37766,Chris Rusak,Beast Mode,2019,https://www.fragrantica.com/perfume/Chris-Rusak/Beast-Mode-58145.html
37767,Chris Rusak,Bluer Skies (Whenever You're Around),2018,https://www.fragrantica.com/perfume/Chris-Rusak/Bluer-Skies-Whenever-You-re-Around-53673.html
37768,Chris Rusak,Io,2018,https://www.fragrantica.com/perfume/Chris-Rusak/Io-53676.html
37769,Chris Rusak,Quasi una absurdia,2018,https://www.fragrantica.com/perfume/Chris-Rusak/Quasi-una-absurdia-53677.html
37770,Chris Rusak,Relief,2020,https://www.fragrantica.com/perfume/Chris-Rusak/Relief-64170.html
37771,Chris Rusak,Resonance,2021,https://www.fragrantica.com/perfume/Chris-Rusak/Resonance-76309.html
37772,Chris Rusak,Timbre,2019,https://www.fragrantica.com/perfume/Chris-Rusak/Timbre-54667.html
37773,Christèle Jacquemin,Celebration,2024,https://www.fragrantica.com/perfume/Christele-Jacquemin/Celebration-93347.html
37774,Christèle Jacquemin,Echoes of Silence,2022,https://www.fragrantica.com/perfume/Christele-Jacquemin/Echoes-of-Silence-74446.html
37775,Christèle Jacquemin,Enlightenment,2022,https://www.fragrantica.com/perfume/Christele-Jacquemin/Enlightenment-74445.html
37776,Christèle Jacquemin,Impermanence,2019,https://www.fragrantica.com/perfume/Christele-Jacquemin/Impermanence-60735.html
37777,Christèle Jacquemin,Meandering Soul,2019,https://www.fragrantica.com/perfume/Christele-Jacquemin/Meandering-Soul-60784.html
37778,Christèle Jacquemin,Memory Lane,2021,https://www.fragrantica.com/perfume/Christele-Jacquemin/Memory-Lane-66395.html
37779,Christèle Jacquemin,Slow Life,2022,https://www.fragrantica.com/perfume/Christele-Jacquemin/Slow-Life-74447.html
37780,Christèle Jacquemin,Underworld,2019,https://www.fragrantica.com/perfume/Christele-Jacquemin/Underworld-60785.html
37781,Christian Alexander,Cozy,2025,https://www.fragrantica.com/perfume/Christian-Alexander/Cozy-116877.html
37782,Christian Alexander,Palm Royale,2025,https://www.fragrantica.com/perfume/Christian-Alexander/Palm-Royale-116879.html
37783,Christian Alexander,Provocateur,2025,https://www.fragrantica.com/perfume/Christian-Alexander/Provocateur-116880.html
37784,Christian Alexander,Zesty,2025,https://www.fragrantica.com/perfume/Christian-Alexander/Zesty-116878.html
37785,Christian Audigier,Christian Audigier For Her,2009,https://www.fragrantica.com/perfume/Christian-Audigier/Christian-Audigier-For-Her-7240.html
37786,Christian Audigier,Christian Audigier For Him,2009,https://www.fragrantica.com/perfume/Christian-Audigier/Christian-Audigier-For-Him-7241.html
37787,Christian Audigier,Ed Hardy Born Wild For Men,2010,https://www.fragrantica.com/perfume/Christian-Audigier/Ed-Hardy-Born-Wild-For-Men-10155.html
37788,Christian Audigier,Ed Hardy Born Wild For Women,2010,https://www.fragrantica.com/perfume/Christian-Audigier/Ed-Hardy-Born-Wild-For-Women-10154.html
37789,Christian Audigier,Ed Hardy Hearts & Daggers for Her,2009,https://www.fragrantica.com/perfume/Christian-Audigier/Ed-Hardy-Hearts-Daggers-for-Her-7396.html
37790,Christian Audigier,Ed Hardy Hearts & Daggers for Him,2009,https://www.fragrantica.com/perfume/Christian-Audigier/Ed-Hardy-Hearts-Daggers-for-Him-7397.html
37791,Christian Audigier,Ed Hardy Love & Luck,2008,https://www.fragrantica.com/perfume/Christian-Audigier/Ed-Hardy-Love-Luck-4169.html
37792,Christian Audigier,Ed Hardy Love & Luck for Men,2008,https://www.fragrantica.com/perfume/Christian-Audigier/Ed-Hardy-Love-Luck-for-Men-4170.html
37793,Christian Audigier,Ed Hardy Love Is...,2014,https://www.fragrantica.com/perfume/Christian-Audigier/Ed-Hardy-Love-Is-23872.html
37794,Christian Audigier,Ed Hardy Men's EDT,2008,https://www.fragrantica.com/perfume/Christian-Audigier/Ed-Hardy-Men-s-EDT-2463.html
37795,Christian Audigier,Ed Hardy Skulls & Roses for Her,2012,https://www.fragrantica.com/perfume/Christian-Audigier/Ed-Hardy-Skulls-Roses-for-Her-14603.html
37796,Christian Audigier,Ed Hardy Skulls & Roses for Him,2012,https://www.fragrantica.com/perfume/Christian-Audigier/Ed-Hardy-Skulls-Roses-for-Him-14602.html
37797,Christian Audigier,Ed Hardy Skulls & Roses Limited Edition,2013,https://www.fragrantica.com/perfume/Christian-Audigier/Ed-Hardy-Skulls-Roses-Limited-Edition-21367.html
37798,Christian Audigier,Ed Hardy Villain for Men,2011,https://www.fragrantica.com/perfume/Christian-Audigier/Ed-Hardy-Villain-for-Men-13553.html
37799,Christian Audigier,Ed Hardy Villain for Women,2011,https://www.fragrantica.com/perfume/Christian-Audigier/Ed-Hardy-Villain-for-Women-13552.html
37800,Christian Audigier,Ed Hardy Women's EDT,2008,https://www.fragrantica.com/perfume/Christian-Audigier/Ed-Hardy-Women-s-EDT-2464.html
37801,Christian Blanc Paris,Soir de Fête,,https://www.fragrantica.com/perfume/Christian-Blanc-Paris/Soir-de-Fete-118057.html
37802,Christian Breton,Blue Gold,,https://www.fragrantica.com/perfume/Christian-Breton/Blue-Gold-42865.html
37803,Christian Breton,For a Woman,2004,https://www.fragrantica.com/perfume/Christian-Breton/For-a-Woman-41873.html
37804,Christian Breton,Her,2010,https://www.fragrantica.com/perfume/Christian-Breton/Her-42863.html
37805,Christian Breton,Ismene,,https://www.fragrantica.com/perfume/Christian-Breton/Ismene-42864.html
37806,Christian Kölbl,Neuwagen,2023,https://www.fragrantica.com/perfume/Christian-Koelbl/Neuwagen-89142.html
37807,Christian Lacroix,Bazar,2002,https://www.fragrantica.com/perfume/Christian-Lacroix/Bazar-356.html
37808,Christian Lacroix,Bazar pour Femme Summer Fragrance,,https://www.fragrantica.com/perfume/Christian-Lacroix/Bazar-pour-Femme-Summer-Fragrance-357.html
37809,Christian Lacroix,Bazar pour Homme,2002,https://www.fragrantica.com/perfume/Christian-Lacroix/Bazar-pour-Homme-359.html
37810,Christian Lacroix,Bazar Summer Fragrance New,2004,https://www.fragrantica.com/perfume/Christian-Lacroix/Bazar-Summer-Fragrance-New-358.html
37811,Christian Lacroix,C'est La Fete,2007,https://www.fragrantica.com/perfume/Christian-Lacroix/C-est-La-Fete-888.html
37812,Christian Lacroix,C'est la Fete Patchouli,2008,https://www.fragrantica.com/perfume/Christian-Lacroix/C-est-la-Fete-Patchouli-4697.html
37813,Christian Lacroix,C'est La Vie,1990,https://www.fragrantica.com/perfume/Christian-Lacroix/C-est-La-Vie-6012.html
37814,Christian Lacroix,Christian Lacroix,1999,https://www.fragrantica.com/perfume/Christian-Lacroix/Christian-Lacroix-360.html
37815,Christian Lacroix,Eau Florale,2001,https://www.fragrantica.com/perfume/Christian-Lacroix/Eau-Florale-361.html
37816,Christian Lacroix,Eau Florale Bleue,2006,https://www.fragrantica.com/perfume/Christian-Lacroix/Eau-Florale-Bleue-3475.html
37817,Christian Lacroix,Eau So Couture,2015,https://www.fragrantica.com/perfume/Christian-Lacroix/Eau-So-Couture-123632.html
37818,Christian Lacroix,Noir,,https://www.fragrantica.com/perfume/Christian-Lacroix/Noir-1017.html
37819,Christian Lacroix,Rouge,2007,https://www.fragrantica.com/perfume/Christian-Lacroix/Rouge-1016.html
37820,Christian Lacroix,Tumulte,2005,https://www.fragrantica.com/perfume/Christian-Lacroix/Tumulte-362.html
37821,Christian Lacroix,Tumulte pour Homme,2005,https://www.fragrantica.com/perfume/Christian-Lacroix/Tumulte-pour-Homme-363.html
37822,Christian Louboutin,Bikini Questa Sera (Parfum),2016,https://www.fragrantica.com/perfume/Christian-Louboutin/Bikini-Questa-Sera-40982.html
37823,Christian Louboutin,Cuir Fétiche L'Extrait,2026,https://www.fragrantica.com/perfume/Christian-Louboutin/Cuir-Fetiche-L-Extrait-142412.html
37824,Christian Louboutin,Fétiche L’Ambre,2024,https://www.fragrantica.com/perfume/Christian-Louboutin/Fetiche-L-Ambre-95663.html
37825,Christian Louboutin,Fétiche L’Ébène,2024,https://www.fragrantica.com/perfume/Christian-Louboutin/Fetiche-L-Ebene-95665.html
37826,Christian Louboutin,Fétiche L’Encens,2024,https://www.fragrantica.com/perfume/Christian-Louboutin/Fetiche-L-Encens-95666.html
37827,Christian Louboutin,Fétiche L’Iris,2024,https://www.fragrantica.com/perfume/Christian-Louboutin/Fetiche-L-Iris-95664.html
37828,Christian Louboutin,Fétiche La Rose,2025,https://www.fragrantica.com/perfume/Christian-Louboutin/Fetiche-La-Rose-102899.html
37829,Christian Louboutin,Fétiche Lavande,2025,https://www.fragrantica.com/perfume/Christian-Louboutin/Fetiche-Lavande-113898.html
37830,Christian Louboutin,Fétiche Le Cuir,2024,https://www.fragrantica.com/perfume/Christian-Louboutin/Fetiche-Le-Cuir-95662.html
37831,Christian Louboutin,Fétiche Le Santal,2025,https://www.fragrantica.com/perfume/Christian-Louboutin/Fetiche-Le-Santal-106248.html
37832,Christian Louboutin,Loubicharme,2021,https://www.fragrantica.com/perfume/Christian-Louboutin/Loubicharme-70308.html
37833,Christian Louboutin,Loubicroc,2020,https://www.fragrantica.com/perfume/Christian-Louboutin/Loubicroc-63441.html
37834,Christian Louboutin,Loubicrown,2020,https://www.fragrantica.com/perfume/Christian-Louboutin/Loubicrown-63442.html
37835,Christian Louboutin,Loubidoo,2020,https://www.fragrantica.com/perfume/Christian-Louboutin/Loubidoo-63437.html
37836,Christian Louboutin,Loubidoo Rose,1975,https://www.parfumo.com/Perfumes/Christian_Louboutin/loubidoo-rose
37837,Christian Louboutin,Loubidoo Rose Eau de Parfum Limited Edition,2023,https://www.fragrantica.com/perfume/Christian-Louboutin/Loubidoo-Rose-Eau-de-Parfum-Limited-Edition-85287.html
37838,Christian Louboutin,Loubidoo Rose Encens,2024,https://www.fragrantica.com/perfume/Christian-Louboutin/Loubidoo-Rose-Encens-93894.html
37839,Christian Louboutin,Loubifunk,2020,https://www.fragrantica.com/perfume/Christian-Louboutin/Loubifunk-63436.html
37840,Christian Louboutin,Loubihorse,2023,https://www.fragrantica.com/perfume/Christian-Louboutin/Loubihorse-83003.html
37841,Christian Louboutin,Loubikiss,2020,https://www.fragrantica.com/perfume/Christian-Louboutin/Loubikiss-63438.html
37842,Christian Louboutin,Loubiluna,2021,https://www.fragrantica.com/perfume/Christian-Louboutin/Loubiluna-70310.html
37843,Christian Louboutin,Loubimar,,https://www.parfumo.com/Perfumes/Christian_Louboutin/loubimar
37844,Christian Louboutin,Loubimar Eau de Parfum Légère,2022,https://www.fragrantica.com/perfume/Christian-Louboutin/Loubimar-Eau-de-Parfum-Legere-73941.html
37845,Christian Louboutin,Loubiprince,2021,https://www.fragrantica.com/perfume/Christian-Louboutin/Loubiprince-70309.html
37846,Christian Louboutin,Loubiraj,2020,https://www.fragrantica.com/perfume/Christian-Louboutin/Loubiraj-63440.html
37847,Christian Louboutin,Loubirouge,2020,https://www.fragrantica.com/perfume/Christian-Louboutin/Loubirouge-63439.html
37848,Christian Louboutin,Lys Fétiche,2026,https://www.fragrantica.com/perfume/Christian-Louboutin/Lys-Fetiche-133720.html
37849,Christian Louboutin,Oud Fétiche,2026,https://www.fragrantica.com/perfume/Christian-Louboutin/Oud-Fetiche-125380.html
37850,Christian Louboutin,Tornade Blonde (Perfume Oil),2016,https://www.fragrantica.com/perfume/Christian-Louboutin/Tornade-Blonde-40984.html
37851,Christian Louboutin,Trouble in Heaven (Parfum),2016,https://www.fragrantica.com/perfume/Christian-Louboutin/Trouble-in-Heaven-40985.html
37852,Christian Provenzano Parfums,Amanti,2026,https://www.fragrantica.com/perfume/Christian-Provenzano-Parfums/Amanti-136946.html
37853,Christian Provenzano Parfums,Ambre d'Or,2018,https://www.fragrantica.com/perfume/Christian-Provenzano-Parfums/Ambre-d-Or-49453.html
37854,Christian Provenzano Parfums,Ambre D’or Extrait De Parfum,2023,https://www.fragrantica.com/perfume/Christian-Provenzano-Parfums/Ambre-D-or-Extrait-De-Parfum-87823.html
37855,Christian Provenzano Parfums,Colosseum Extrait De Parfum,2023,https://www.fragrantica.com/perfume/Christian-Provenzano-Parfums/Colosseum-Extrait-De-Parfum-87822.html
37856,Christian Provenzano Parfums,Crystal Musk Extrait de Parfum,2025,https://www.fragrantica.com/perfume/Christian-Provenzano-Parfums/Crystal-Musk-Extrait-de-Parfum-102462.html
37857,Christian Provenzano Parfums,Cuir Elite,2019,https://www.fragrantica.com/perfume/Christian-Provenzano-Parfums/Cuir-Elite-54964.html
37858,Christian Provenzano Parfums,Cuir Elite Extrait De Parfum,2023,https://www.fragrantica.com/perfume/Christian-Provenzano-Parfums/Cuir-Elite-Extrait-De-Parfum-87827.html
37859,Christian Provenzano Parfums,Esprit de Oud,2021,https://www.fragrantica.com/perfume/Christian-Provenzano-Parfums/Esprit-de-Oud-66093.html
37860,Christian Provenzano Parfums,Eternal Love,2026,https://www.fragrantica.com/perfume/Christian-Provenzano-Parfums/Eternal-Love-136948.html
37861,Christian Provenzano Parfums,Fleur d'Asie,2021,https://www.fragrantica.com/perfume/Christian-Provenzano-Parfums/Fleur-d-Asie-66091.html
37862,Christian Provenzano Parfums,Guanabana Extrait de Parfum,2025,https://www.fragrantica.com/perfume/Christian-Provenzano-Parfums/Guanabana-Extrait-de-Parfum-117092.html
37863,Christian Provenzano Parfums,Inspirato Extrait De Parfum,2023,https://www.fragrantica.com/perfume/Christian-Provenzano-Parfums/Inspirato-Extrait-De-Parfum-87826.html
37864,Christian Provenzano Parfums,Iris d'Orient,2018,https://www.fragrantica.com/perfume/Christian-Provenzano-Parfums/Iris-d-Orient-49454.html
37865,Christian Provenzano Parfums,Magnolia Mystere,2026,https://www.fragrantica.com/perfume/Christian-Provenzano-Parfums/Magnolia-Mystere-136947.html
37866,Christian Provenzano Parfums,Mangostino Extrait de Parfum,2025,https://www.fragrantica.com/perfume/Christian-Provenzano-Parfums/Mangostino-Extrait-de-Parfum-102464.html
37867,Christian Provenzano Parfums,Massimo Extrait De Parfum,2023,https://www.fragrantica.com/perfume/Christian-Provenzano-Parfums/Massimo-Extrait-De-Parfum-87825.html
37868,Christian Provenzano Parfums,Musc Poudré,2021,https://www.fragrantica.com/perfume/Christian-Provenzano-Parfums/Musc-Poudre-66092.html
37869,Christian Provenzano Parfums,Nuit de Noces,2018,https://www.fragrantica.com/perfume/Christian-Provenzano-Parfums/Nuit-de-Noces-49455.html
37870,Christian Provenzano Parfums,Nuit de Noces Extrait de Parfum,2025,https://www.fragrantica.com/perfume/Christian-Provenzano-Parfums/Nuit-de-Noces-Extrait-de-Parfum-117094.html
37871,Christian Provenzano Parfums,Onda de Mar Extrait de Parfum,2025,https://www.fragrantica.com/perfume/Christian-Provenzano-Parfums/Onda-de-Mar-Extrait-de-Parfum-102461.html
37872,Christian Provenzano Parfums,Ophelie,2021,https://www.fragrantica.com/perfume/Christian-Provenzano-Parfums/Ophelie-66094.html
37873,Christian Provenzano Parfums,Oud Al Fayed,2018,https://www.fragrantica.com/perfume/Christian-Provenzano-Parfums/Oud-Al-Fayed-49456.html
37874,Christian Provenzano Parfums,Oud al Fayed Extrait De Parfum,2023,https://www.fragrantica.com/perfume/Christian-Provenzano-Parfums/Oud-al-Fayed-Extrait-De-Parfum-87824.html
37875,Christian Provenzano Parfums,Oud Signature,2018,https://www.fragrantica.com/perfume/Christian-Provenzano-Parfums/Oud-Signature-49457.html
37876,Christian Provenzano Parfums,Palazzo Extrait De Parfum,2023,https://www.fragrantica.com/perfume/Christian-Provenzano-Parfums/Palazzo-Extrait-De-Parfum-87821.html
37877,Christian Provenzano Parfums,Patchouli Noir,2018,https://www.fragrantica.com/perfume/Christian-Provenzano-Parfums/Patchouli-Noir-49458.html
37878,Christian Provenzano Parfums,Patchouli Noir Extrait De Parfum,2023,https://www.fragrantica.com/perfume/Christian-Provenzano-Parfums/Patchouli-Noir-Extrait-De-Parfum-87820.html
37879,Christian Provenzano Parfums,Patchouli Noir Intense,2021,https://www.fragrantica.com/perfume/Christian-Provenzano-Parfums/Patchouli-Noir-Intense-66090.html
37880,Christian Provenzano Parfums,Rocca Extrait De Parfum,2023,https://www.fragrantica.com/perfume/Christian-Provenzano-Parfums/Rocca-Extrait-De-Parfum-87819.html
37881,Christian Provenzano Parfums,Santal Indien,2021,https://www.fragrantica.com/perfume/Christian-Provenzano-Parfums/Santal-Indien-66089.html
37882,Christian Provenzano Parfums,Santal Indien Extrait De Parfum,2023,https://www.fragrantica.com/perfume/Christian-Provenzano-Parfums/Santal-Indien-Extrait-De-Parfum-87818.html
37883,Christian Provenzano Parfums,Sirocco Extrait de Parfum,2025,https://www.fragrantica.com/perfume/Christian-Provenzano-Parfums/Sirocco-Extrait-de-Parfum-117093.html
37884,Christian Provenzano Parfums,Spezia Extrait de Parfum,2023,https://www.fragrantica.com/perfume/Christian-Provenzano-Parfums/Spezia-Extrait-de-Parfum-90028.html
37885,Christian Provenzano Parfums,Ultimate Rose,2019,https://www.fragrantica.com/perfume/Christian-Provenzano-Parfums/Ultimate-Rose-54965.html
37886,Christian Richard,Altra Donna,2021,https://www.fragrantica.com/perfume/Christian-Richard/Altra-Donna-73281.html
37887,Christian Richard,Amore Mio,2021,https://www.fragrantica.com/perfume/Christian-Richard/Amore-Mio-73283.html
37888,Christian Richard,Bellezza Napoletana,2023,https://www.fragrantica.com/perfume/Christian-Richard/Bellezza-Napoletana-91667.html
37889,Christian Richard,Cercami,2021,https://www.fragrantica.com/perfume/Christian-Richard/Cercami-73282.html
37890,Christian Richard,Ciliegia Intensa,2023,https://www.fragrantica.com/perfume/Christian-Richard/Ciliegia-Intensa-91666.html
37891,Christian Richard,Come Vorrei,2020,https://www.fragrantica.com/perfume/Christian-Richard/Come-Vorrei-65545.html
37892,Christian Richard,Dose di Eroina,2023,https://www.fragrantica.com/perfume/Christian-Richard/Dose-di-Eroina-91668.html
37893,Christian Richard,Giorno,2020,https://www.fragrantica.com/perfume/Christian-Richard/Giorno-65585.html
37894,Christian Richard,Intossicato,2023,https://www.fragrantica.com/perfume/Christian-Richard/Intossicato-91669.html
37895,Christian Richard,L'Imperatore,2020,https://www.fragrantica.com/perfume/Christian-Richard/L-Imperatore-65588.html
37896,Christian Richard,Magnifica Nakhchivan,2023,https://www.fragrantica.com/perfume/Christian-Richard/Magnifica-Nakhchivan-91670.html
37897,Christian Richard,Mi Piace,2021,https://www.fragrantica.com/perfume/Christian-Richard/Mi-Piace-73300.html
37898,Christian Richard,Patchouli Intenso,2020,https://www.fragrantica.com/perfume/Christian-Richard/Patchouli-Intenso-65584.html
37899,Christian Richard,Per Sempre,2020,https://www.fragrantica.com/perfume/Christian-Richard/Per-Sempre-65587.html
37900,Christian Richard,Rich Blend Classic For Women,2016,https://www.fragrantica.com/perfume/Christian-Richard/Rich-Blend-Classic-For-Women-65543.html
37901,Christian Richard,Rich Blend Intense For Men,2016,https://www.fragrantica.com/perfume/Christian-Richard/Rich-Blend-Intense-For-Men-65542.html
37902,Christian Richard,Rich Blend Intense For Women,2016,https://www.fragrantica.com/perfume/Christian-Richard/Rich-Blend-Intense-For-Women-65544.html
37903,Christian Richard,Rich Blend Royal For Men,2016,https://www.fragrantica.com/perfume/Christian-Richard/Rich-Blend-Royal-For-Men-65399.html
37904,Christian Richard,Stanotte,2021,https://www.fragrantica.com/perfume/Christian-Richard/Stanotte-73296.html
37905,Christian Richard,Storia D'Amore,2020,https://www.fragrantica.com/perfume/Christian-Richard/Storia-D-Amore-65583.html
37906,Christian Richard,White Chocola,2016,https://www.fragrantica.com/perfume/Christian-Richard/White-Chocola-65586.html
37907,Christian Riese Lassen,Aqua Sapphire Serena,2009,https://www.fragrantica.com/perfume/Christian-Riese-Lassen/Aqua-Sapphire-Serena-21748.html
37908,Christian Riese Lassen,Rising Wave,2008,https://www.fragrantica.com/perfume/Christian-Riese-Lassen/Rising-Wave-20723.html
37909,Christian Riese Lassen,Rising Wave Black,2008,https://www.fragrantica.com/perfume/Christian-Riese-Lassen/Rising-Wave-Black-21742.html
37910,Christian Riese Lassen,Rising Wave Blue,2010,https://www.fragrantica.com/perfume/Christian-Riese-Lassen/Rising-Wave-Blue-21751.html
37911,Christian Riese Lassen,Rising Wave Bout & About,2010,https://www.fragrantica.com/perfume/Christian-Riese-Lassen/Rising-Wave-Bout-About-21749.html
37912,Christian Riese Lassen,Rising Wave Clear Green,2009,https://www.fragrantica.com/perfume/Christian-Riese-Lassen/Rising-Wave-Clear-Green-21744.html
37913,Christian Riese Lassen,Rising Wave Eternal,,https://www.fragrantica.com/perfume/Christian-Riese-Lassen/Rising-Wave-Eternal-21746.html
37914,Christian Riese Lassen,Rising Wave Eternal Solid Blue,,https://www.fragrantica.com/perfume/Christian-Riese-Lassen/Rising-Wave-Eternal-Solid-Blue-21745.html
37915,Christian Riese Lassen,Rising Wave Light Blue,2009,https://www.fragrantica.com/perfume/Christian-Riese-Lassen/Rising-Wave-Light-Blue-21743.html
37916,Christian Riese Lassen,Rising Wave Pink,2008,https://www.fragrantica.com/perfume/Christian-Riese-Lassen/Rising-Wave-Pink-21747.html
37917,Christian Riese Lassen,Rising Wave Soul,2009,https://www.fragrantica.com/perfume/Christian-Riese-Lassen/Rising-Wave-Soul-20779.html
37918,Christian Riese Lassen,Rising Wave Summer,2006,https://www.fragrantica.com/perfume/Christian-Riese-Lassen/Rising-Wave-Summer-21741.html
37919,Christian Riese Lassen,Rising Wave Sunset Pink,2010,https://www.fragrantica.com/perfume/Christian-Riese-Lassen/Rising-Wave-Sunset-Pink-21750.html
37920,Christian Riese Lassen,Rising Wave Zero,2008,https://www.fragrantica.com/perfume/Christian-Riese-Lassen/Rising-Wave-Zero-21740.html
37921,Christian Siriano,Intimate Silhouette,2018,https://www.fragrantica.com/perfume/Christian-Siriano/Intimate-Silhouette-52437.html
37922,Christian Siriano,Midnight Silhouette,2019,https://www.fragrantica.com/perfume/Christian-Siriano/Midnight-Silhouette-57175.html
37923,Christian Siriano,Ooh La Rose,2025,https://www.fragrantica.com/perfume/Christian-Siriano/Ooh-La-Rose-104666.html
37924,Christian Siriano,Ooh La Rouge,2020,https://www.fragrantica.com/perfume/Christian-Siriano/Ooh-La-Rouge-61001.html
37925,Christian Siriano,People Are People,2018,https://www.fragrantica.com/perfume/Christian-Siriano/People-Are-People-53861.html
37926,Christian Siriano,Silhouette,2014,https://www.fragrantica.com/perfume/Christian-Siriano/Silhouette-27614.html
37927,Christian Siriano,Silhouette Au Naturel,2022,https://www.fragrantica.com/perfume/Christian-Siriano/Silhouette-Au-Naturel-84604.html
37928,Christian Siriano,Silhouette In Bloom,2018,https://www.fragrantica.com/perfume/Christian-Siriano/Silhouette-In-Bloom-48646.html
37929,Christian Tortu,Christian Tortu Eau de Toilette,,https://www.fragrantica.com/perfume/Christian-Tortu/Christian-Tortu-Eau-de-Toilette-7189.html
37930,Christian Tortu,L'Eau de Cologne,,https://www.fragrantica.com/perfume/Christian-Tortu/L-Eau-de-Cologne-7188.html
37931,Christian Tortu,Riviera,2019,https://www.fragrantica.com/perfume/Christian-Tortu/Riviera-54797.html
37932,Christina Aguilera,By Night Christina Aguilera 2017 Fragrance Mist,2017,https://www.parfumo.com/Perfumes/Christina_Aguilera/By_Night_Fragrance_Mist
37933,Christina Aguilera,Cherry Noir,2022,https://www.fragrantica.com/perfume/Christina-Aguilera/Cherry-Noir-76786.html
37934,Christina Aguilera,Christina Aguilera by Night (Eau de Parfum),2009,https://www.fragrantica.com/perfume/Christina-Aguilera/Christina-Aguilera-by-Night-6714.html
37935,Christina Aguilera,Christina Aguilera Christina Aguilera 2007 Eau de Parfum,2007,https://www.parfumo.com/Perfumes/Christina_Aguilera/Christina_Aguilera_Eau_de_Parfum
37936,Christina Aguilera,Christina Aguilera Christina Aguilera 2017 Fragrance Mist,2017,https://www.parfumo.com/Perfumes/Christina_Aguilera/Christina_Aguilera_Fragrance_Mist
37937,Christina Aguilera,Christina Aguilera (Eau de Parfum),2007,https://www.fragrantica.com/perfume/Christina-Aguilera/Christina-Aguilera-1494.html
37938,Christina Aguilera,Christina Aguilera 'Signature' (2007),2007,https://huggingface.co/datasets/doevent/perfume
37939,Christina Aguilera,Definition Christina Aguilera 2017 Fragrance Mist,2017,https://www.parfumo.com/Perfumes/Christina_Aguilera/Definition_Fragrance_Mist
37940,Christina Aguilera,Definition (Eau de Parfum),2017,https://www.fragrantica.com/perfume/Christina-Aguilera/Definition-46624.html
37941,Christina Aguilera,Eau So Beautiful,2020,https://www.fragrantica.com/perfume/Christina-Aguilera/Eau-So-Beautiful-63114.html
37942,Christina Aguilera,Glam X Christina Aguilera Fragrance Mist,,https://www.parfumo.com/Perfumes/Christina_Aguilera/Glam_X_Fragrance_Mist
37943,Christina Aguilera,Glam X Eau de Parfum,2017,https://www.fragrantica.com/perfume/Christina-Aguilera/Glam-X-Eau-de-Parfum-43108.html
37944,Christina Aguilera,Infinite Xtina,2024,https://www.fragrantica.com/perfume/Christina-Aguilera/Infinite-Xtina-97456.html
37945,Christina Aguilera,Inspire,2008,https://www.fragrantica.com/perfume/Christina-Aguilera/Inspire-3594.html
37946,Christina Aguilera,Moonlight Bloom Christina Aguilera 2022 Fragrance Mist,2022,https://www.parfumo.com/Perfumes/Christina_Aguilera/moonlight-bloom-fragrance-mist
37947,Christina Aguilera,Moonlight Bloom (Eau de Parfum),2021,https://www.fragrantica.com/perfume/Christina-Aguilera/Moonlight-Bloom-69456.html
37948,Christina Aguilera,Red Sin,2012,https://www.fragrantica.com/perfume/Christina-Aguilera/Red-Sin-15451.html
37949,Christina Aguilera,Royal Desire,2010,https://www.fragrantica.com/perfume/Christina-Aguilera/Royal-Desire-10007.html
37950,Christina Aguilera,Secret Potion,2011,https://www.fragrantica.com/perfume/Christina-Aguilera/Secret-Potion-11722.html
37951,Christina Aguilera,Touch of Seduction,2015,https://www.fragrantica.com/perfume/Christina-Aguilera/Touch-of-Seduction-31783.html
37952,Christina Aguilera,Unforgettable,2013,https://www.fragrantica.com/perfume/Christina-Aguilera/Unforgettable-19006.html
37953,Christina Aguilera,Violet Noir Christina Aguilera 2018 Fragrance Mist,2018,https://www.parfumo.com/Perfumes/Christina_Aguilera/Violet_Noir_Fragrance_Mist
37954,Christina Aguilera,Violet Noir (Eau de Parfum),2018,https://www.fragrantica.com/perfume/Christina-Aguilera/Violet-Noir-51350.html
37955,Christina Aguilera,Woman,2014,https://www.fragrantica.com/perfume/Christina-Aguilera/Woman-26129.html
37956,Christina Aguilera,X Pose Desire,2004,https://www.fragrantica.com/perfume/Christina-Aguilera/X-Pose-Desire-7867.html
37957,Christina Aguilera,X Pose Glamour,2004,https://www.fragrantica.com/perfume/Christina-Aguilera/X-Pose-Glamour-7866.html
37958,Christina Aguilera,X Pose Passion,2004,https://www.fragrantica.com/perfume/Christina-Aguilera/X-Pose-Passion-7868.html
37959,Christina Aguilera,X Pose Stardust,2004,https://www.fragrantica.com/perfume/Christina-Aguilera/X-Pose-Stardust-7869.html
37960,Christina Aguilera,Xperience,2019,https://www.fragrantica.com/perfume/Christina-Aguilera/Xperience-57051.html
37961,Christina Aguilera,Xtina,2023,https://www.fragrantica.com/perfume/Christina-Aguilera/Xtina-85026.html
37962,Christina Aguilera,Xtina After Dark,2025,https://www.fragrantica.com/perfume/Christina-Aguilera/Xtina-After-Dark-113780.html
37963,Christine Arbel,Amandine,2015,https://www.parfumo.com/Perfumes/Christine_Arbel/Amandine
37964,Christine Arbel,Ananas Passion,2012,https://www.fragrantica.com/perfume/Christine-Arbel/Ananas-Passion-134645.html
37965,Christine Arbel,Arbel Arbel Femme,,https://www.parfumo.com/Perfumes/Christine_Arbel/Arbel_Arbel_Femme
37966,Christine Arbel,Arbel Homme 1,2009,https://www.parfumo.com/Perfumes/Christine_Arbel/Arbel_Homme_1
37967,Christine Arbel,Arbel Homme 3,,https://www.parfumo.com/Perfumes/Christine_Arbel/Arbel_Homme_3
37968,Christine Arbel,Arbel pour Homme,2008,https://www.parfumo.com/Perfumes/Christine_Arbel/Arbel_pour_Homme
37969,Christine Arbel,Arbel pour Homme 1997,1997,https://www.fragrantica.com/perfume/Christine-Arbel/Arbel-pour-Homme-1997-134583.html
37970,Christine Arbel,Arbel pour Homme 2002,2002,https://www.fragrantica.com/perfume/Christine-Arbel/Arbel-pour-Homme-2002-134588.html
37971,Christine Arbel,Arbel Sport - K.O Men,,https://www.parfumo.com/Perfumes/Christine_Arbel/Arbel_Sport__K_O_Men
37972,Christine Arbel,Arbel Sport - K.O Women,2015,https://www.parfumo.com/Perfumes/Christine_Arbel/Arbel_Sport__K_O_Women
37973,Christine Arbel,Black Precious,2001,https://www.parfumo.com/Perfumes/Christine_Arbel/Black_Precious
37974,Christine Arbel,Dérobade,,https://www.parfumo.com/Perfumes/Christine_Arbel/Derobade
37975,Christine Arbel,Exquise,2015,https://www.parfumo.com/Perfumes/Christine_Arbel/Exquise
37976,Christine Arbel,Fleur d'Oranger Freesia,2012,https://www.fragrantica.com/perfume/Christine-Arbel/Fleur-d-Oranger-Freesia-134717.html
37977,Christine Arbel,Jade,2016,https://www.fragrantica.com/perfume/Christine-Arbel/Jade-134641.html
37978,Christine Arbel,Jewel Sky,2008,https://www.fragrantica.com/perfume/Christine-Arbel/Jewel-Sky-134644.html
37979,Christine Arbel,Jolie Mademoiselle Arbel,2025,https://www.fragrantica.com/perfume/Christine-Arbel/Jolie-Mademoiselle-Arbel-134569.html
37980,Christine Arbel,Life Style,2017,https://www.fragrantica.com/perfume/Christine-Arbel/Life-Style-134580.html
37981,Christine Arbel,Litchi Cola,2012,https://www.fragrantica.com/perfume/Christine-Arbel/Litchi-Cola-134716.html
37982,Christine Arbel,Loving You,1997,https://www.fragrantica.com/perfume/Christine-Arbel/Loving-You-134582.html
37983,Christine Arbel,Lucas,2016,https://www.fragrantica.com/perfume/Christine-Arbel/Lucas-134642.html
37984,Christine Arbel,Madame Arbel,2025,https://www.fragrantica.com/perfume/Christine-Arbel/Madame-Arbel-134570.html
37985,Christine Arbel,Mademoiselle Arbel,2024,https://www.fragrantica.com/perfume/Christine-Arbel/Mademoiselle-Arbel-134572.html
37986,Christine Arbel,Mademoiselle Arbel à Barcelone,2015,https://www.fragrantica.com/perfume/Christine-Arbel/Mademoiselle-Arbel-a-Barcelone-134486.html
37987,Christine Arbel,Mademoiselle Arbel à Londres,2015,https://www.fragrantica.com/perfume/Christine-Arbel/Mademoiselle-Arbel-a-Londres-134492.html
37988,Christine Arbel,Mademoiselle Arbel à New York,2015,https://www.fragrantica.com/perfume/Christine-Arbel/Mademoiselle-Arbel-a-New-York-134484.html
37989,Christine Arbel,Mademoiselle Arbel à Paris,2015,https://www.fragrantica.com/perfume/Christine-Arbel/Mademoiselle-Arbel-a-Paris-134493.html
37990,Christine Arbel,Mademoiselle Arbel à Paris Intense,2016,https://www.fragrantica.com/perfume/Christine-Arbel/Mademoiselle-Arbel-a-Paris-Intense-134494.html
37991,Christine Arbel,Mademoiselle Arbel à Paris Sublime,2016,https://www.fragrantica.com/perfume/Christine-Arbel/Mademoiselle-Arbel-a-Paris-Sublime-134568.html
37992,Christine Arbel,Magique,1987,https://www.fragrantica.com/perfume/Christine-Arbel/Magique-134643.html
37993,Christine Arbel,Mille Merveilles,2015,https://www.fragrantica.com/perfume/Christine-Arbel/Mille-Merveilles-134480.html
37994,Christine Arbel,Miss Arbel 1995,1995,https://www.fragrantica.com/perfume/Christine-Arbel/Miss-Arbel-1995-134631.html
37995,Christine Arbel,Miss Arbel 2009,2009,https://www.fragrantica.com/perfume/Christine-Arbel/Miss-Arbel-2009-134633.html
37996,Christine Arbel,Mon Instant Câlin,2018,https://www.fragrantica.com/perfume/Christine-Arbel/Mon-Instant-Calin-134635.html
37997,Christine Arbel,Mon Premier Sent-Bon!,2000,https://www.fragrantica.com/perfume/Christine-Arbel/Mon-Premier-Sent-Bon-134636.html
37998,Christine Arbel,Mûre Framboise,2012,https://www.fragrantica.com/perfume/Christine-Arbel/Mure-Framboise-134718.html
37999,Christine Arbel,n° 3 Eau de Cologne,1975,https://www.fragrantica.com/perfume/Christine-Arbel/n0-3-Eau-de-Cologne-134629.html
38000,Christine Arbel,n° 3 Eau de Toilette,1975,https://www.fragrantica.com/perfume/Christine-Arbel/n0-3-Eau-de-Toilette-134628.html38001,Christine Arbel,n° 3 Parfum de Toilette (Eau de Parfum),1975,https://www.fragrantica.com/perfume/Christine-Arbel/n0-3-Parfum-de-Toilette-134589.html
38002,Christine Arbel,Profil for Men,1987,https://www.fragrantica.com/perfume/Christine-Arbel/Profil-for-Men-134719.html
38003,Christine Arbel,Profil pour Madame,1987,https://www.fragrantica.com/perfume/Christine-Arbel/Profil-pour-Madame-134476.html
38004,Christine Arbel,Style À la Française,2017,https://www.fragrantica.com/perfume/Christine-Arbel/Style-A-la-Francaise-134475.html
38005,Christine Arbel,Style À la Française Chic,2018,https://www.fragrantica.com/perfume/Christine-Arbel/Style-A-la-Francaise-Chic-134578.html
38006,Christine Arbel,Style À la Française Classique,2018,https://www.fragrantica.com/perfume/Christine-Arbel/Style-A-la-Francaise-Classique-134575.html
38007,Christine Arbel,Style À la Française Original,2018,https://www.fragrantica.com/perfume/Christine-Arbel/Style-A-la-Francaise-Original-134573.html
38008,Christine Arbel,Style À la Française Sport,2022,https://www.fragrantica.com/perfume/Christine-Arbel/Style-A-la-Francaise-Sport-134579.html
38009,Christine Arbel,The Original Gentleman - Hipster,2016,https://www.fragrantica.com/perfume/Christine-Arbel/The-Original-Gentleman-Hipster-134581.html
38010,Christine Arbel,Tibet Eau de Toilette,1977,https://www.fragrantica.com/perfume/Christine-Arbel/Tibet-Eau-de-Toilette-134478.html
38011,Christine Arbel,Tibet Parfum,1979,https://www.fragrantica.com/perfume/Christine-Arbel/Tibet-Parfum-134479.html
38012,Christine Arbel,Tibet Parfum de Toilette (Eau de Parfum),1978,https://www.fragrantica.com/perfume/Christine-Arbel/Tibet-Parfum-de-Toilette-134477.html
38013,Christine Arbel,Vanille Poire,2012,https://www.fragrantica.com/perfume/Christine-Arbel/Vanille-Poire-134715.html
38014,Christine Darvin,Agruma,2016,https://www.fragrantica.com/perfume/Christine-Darvin/Agruma-41546.html
38015,Christine Darvin,Aubana,,https://www.fragrantica.com/perfume/Christine-Darvin/Aubana-23794.html
38016,Christine Darvin,Blue Soul,,https://www.fragrantica.com/perfume/Christine-Darvin/Blue-Soul-23809.html
38017,Christine Darvin,Calima,,https://www.fragrantica.com/perfume/Christine-Darvin/Calima-23791.html
38018,Christine Darvin,Cedromal,2016,https://www.fragrantica.com/perfume/Christine-Darvin/Cedromal-41543.html
38019,Christine Darvin,Charming,1995,https://www.fragrantica.com/perfume/Christine-Darvin/Charming-14002.html
38020,Christine Darvin,Charming Angel,2010,https://www.fragrantica.com/perfume/Christine-Darvin/Charming-Angel-37532.html
38021,Christine Darvin,Charming For Ever,2010,https://www.fragrantica.com/perfume/Christine-Darvin/Charming-For-Ever-32730.html
38022,Christine Darvin,Cologne Authentic - Agruma (Eau de Cologne),2016,https://www.parfumo.com/Perfumes/Parfums_Christine_Darvin/Cologne_Authentic__Agruma
38023,Christine Darvin,Cologne Authentic - Cedromal (Eau de Cologne),2016,https://www.parfumo.com/Perfumes/Parfums_Christine_Darvin/Cologne_Authentic__Cedromal
38024,Christine Darvin,Cologne Authentic - Glazonic (Eau de Cologne),2016,https://www.parfumo.com/Perfumes/Parfums_Christine_Darvin/Cologne_Authentic__Glazonic
38025,Christine Darvin,Cologne Authentic - Matin Floral (Eau de Cologne),2016,https://www.parfumo.com/Perfumes/Parfums_Christine_Darvin/Cologne_Authentic__Matin_Floral
38026,Christine Darvin,Cologne Authentic - Rayon Vert (Eau de Cologne),2016,https://www.parfumo.com/Perfumes/Parfums_Christine_Darvin/Cologne_Authentic__Rayon_Vert
38027,Christine Darvin,Cologne Authentic - Torrentiel (Eau de Cologne),2016,https://www.parfumo.com/Perfumes/Parfums_Christine_Darvin/Cologne_Authentic__Torrentiel
38028,Christine Darvin,Eau de Cologne Bouquet d'Or,,https://www.fragrantica.com/perfume/Christine-Darvin/Eau-de-Cologne-Bouquet-d-Or-23813.html
38029,Christine Darvin,Eau de Cologne Fraicheur Ambree,,https://www.fragrantica.com/perfume/Christine-Darvin/Eau-de-Cologne-Fraicheur-Ambree-23815.html
38030,Christine Darvin,Eau de Cologne Fraîcheur Fleur D'Oranger,2022,https://www.fragrantica.com/perfume/Christine-Darvin/Eau-de-Cologne-Fraicheur-Fleur-D-Oranger-90224.html
38031,Christine Darvin,Eau de Cologne Fraîcheur Frangipanier,2022,https://www.fragrantica.com/perfume/Christine-Darvin/Eau-de-Cologne-Fraicheur-Frangipanier-88519.html
38032,Christine Darvin,Eau de Cologne Fraicheur Lavande,,https://www.fragrantica.com/perfume/Christine-Darvin/Eau-de-Cologne-Fraicheur-Lavande-23817.html
38033,Christine Darvin,Eau de Cologne Fraîcheur Lilas Bleu,,https://www.fragrantica.com/perfume/Christine-Darvin/Eau-de-Cologne-Fraicheur-Lilas-Bleu-42853.html
38034,Christine Darvin,Eau de Cologne Fraîcheur Mandarine,2021,https://www.fragrantica.com/perfume/Christine-Darvin/Eau-de-Cologne-Fraicheur-Mandarine-90223.html
38035,Christine Darvin,Eau de Cologne Fraîcheur Musc Blanc,,https://www.fragrantica.com/perfume/Christine-Darvin/Eau-de-Cologne-Fraicheur-Musc-Blanc-42855.html
38036,Christine Darvin,Eau de Cologne Fraicheur Naturelle,,https://www.fragrantica.com/perfume/Christine-Darvin/Eau-de-Cologne-Fraicheur-Naturelle-23814.html
38037,Christine Darvin,Eau de Cologne Fraîcheur Pivoine,2023,https://www.fragrantica.com/perfume/Christine-Darvin/Eau-de-Cologne-Fraicheur-Pivoine-83597.html
38038,Christine Darvin,Eau de Cologne Fraîcheur Thé Vert,,https://www.fragrantica.com/perfume/Christine-Darvin/Eau-de-Cologne-Fraicheur-The-Vert-42854.html
38039,Christine Darvin,Eau de Cologne Fraîcheur Verveine Citron,2018,https://www.fragrantica.com/perfume/Christine-Darvin/Eau-de-Cologne-Fraicheur-Verveine-Citron-63804.html
38040,Christine Darvin,Eau de Cologne Fraicheur Vetyver,,https://www.fragrantica.com/perfume/Christine-Darvin/Eau-de-Cologne-Fraicheur-Vetyver-23816.html
38041,Christine Darvin,Eau de Cologne Fraîcheur Ylang-Ylang,2022,https://www.fragrantica.com/perfume/Christine-Darvin/Eau-de-Cologne-Fraicheur-Ylang-Ylang-88520.html
38042,Christine Darvin,Ego Purple,,https://www.fragrantica.com/perfume/Christine-Darvin/Ego-Purple-23799.html
38043,Christine Darvin,Glazonic,2016,https://www.fragrantica.com/perfume/Christine-Darvin/Glazonic-41545.html
38044,Christine Darvin,Hotel Du Louvre,,https://www.fragrantica.com/perfume/Christine-Darvin/Hotel-Du-Louvre-23811.html
38045,Christine Darvin,Jardins de Versailles,,https://www.fragrantica.com/perfume/Christine-Darvin/Jardins-de-Versailles-23803.html
38046,Christine Darvin,Jardins des Merveilles,,https://www.fragrantica.com/perfume/Christine-Darvin/Jardins-des-Merveilles-42787.html
38047,Christine Darvin,Jardins du Luxembourg,,https://www.fragrantica.com/perfume/Christine-Darvin/Jardins-du-Luxembourg-23804.html
38048,Christine Darvin,Lexus,,https://www.fragrantica.com/perfume/Christine-Darvin/Lexus-23805.html
38049,Christine Darvin,Lexus Gold,,https://www.fragrantica.com/perfume/Christine-Darvin/Lexus-Gold-23807.html
38050,Christine Darvin,Lexus Sport,,https://www.fragrantica.com/perfume/Christine-Darvin/Lexus-Sport-23806.html
38051,Christine Darvin,Lexus White,,https://www.fragrantica.com/perfume/Christine-Darvin/Lexus-White-42852.html
38052,Christine Darvin,Losanges,,https://www.fragrantica.com/perfume/Christine-Darvin/Losanges-23800.html
38053,Christine Darvin,Love,,https://www.fragrantica.com/perfume/Christine-Darvin/Love-23797.html
38054,Christine Darvin,Love Macho,,https://www.fragrantica.com/perfume/Christine-Darvin/Love-Macho-23798.html
38055,Christine Darvin,Matin Floral,2016,https://www.fragrantica.com/perfume/Christine-Darvin/Matin-Floral-41542.html
38056,Christine Darvin,Mike Ego,,https://www.fragrantica.com/perfume/Christine-Darvin/Mike-Ego-23787.html
38057,Christine Darvin,Mike Ego Women,,https://www.fragrantica.com/perfume/Christine-Darvin/Mike-Ego-Women-23785.html
38058,Christine Darvin,New Ego,,https://www.fragrantica.com/perfume/Christine-Darvin/New-Ego-23786.html
38059,Christine Darvin,Ok Boy,,https://www.fragrantica.com/perfume/Christine-Darvin/Ok-Boy-23812.html
38060,Christine Darvin,Pampero,,https://www.fragrantica.com/perfume/Christine-Darvin/Pampero-23788.html
38061,Christine Darvin,Papillon,,https://www.fragrantica.com/perfume/Christine-Darvin/Papillon-23795.html
38062,Christine Darvin,Papillon In Blue,,https://www.fragrantica.com/perfume/Christine-Darvin/Papillon-In-Blue-23796.html
38063,Christine Darvin,Rayon Vert,2016,https://www.fragrantica.com/perfume/Christine-Darvin/Rayon-Vert-41544.html
38064,Christine Darvin,Red Passion,,https://www.fragrantica.com/perfume/Christine-Darvin/Red-Passion-23801.html
38065,Christine Darvin,Romancia,,https://www.fragrantica.com/perfume/Christine-Darvin/Romancia-23802.html
38066,Christine Darvin,Royal Palace,,https://www.fragrantica.com/perfume/Christine-Darvin/Royal-Palace-23810.html
38067,Christine Darvin,Slam in Black,,https://www.fragrantica.com/perfume/Christine-Darvin/Slam-in-Black-23792.html
38068,Christine Darvin,Slam in Black for men,,https://www.fragrantica.com/perfume/Christine-Darvin/Slam-in-Black-for-men-23808.html
38069,Christine Darvin,So Bella,,https://www.fragrantica.com/perfume/Christine-Darvin/So-Bella-42786.html
38070,Christine Darvin,So Fashion,,https://www.fragrantica.com/perfume/Christine-Darvin/So-Fashion-42785.html
38071,Christine Darvin,So Lady,,https://www.fragrantica.com/perfume/Christine-Darvin/So-Lady-42775.html
38072,Christine Darvin,Sonora,,https://www.fragrantica.com/perfume/Christine-Darvin/Sonora-23790.html
38073,Christine Darvin,Sweet Melody,,https://www.fragrantica.com/perfume/Christine-Darvin/Sweet-Melody-23793.html
38074,Christine Darvin,Tivano,,https://www.fragrantica.com/perfume/Christine-Darvin/Tivano-23789.html
38075,Christine Darvin,Torrentiel,2016,https://www.fragrantica.com/perfume/Christine-Darvin/Torrentiel-41541.html
38076,Christine Lavoisier Parfums,1000 Miles Away,2020,https://www.fragrantica.com/perfume/Christine-Lavoisier-Parfums/1000-Miles-Away-111657.html
38077,Christine Lavoisier Parfums,Aura Pink Pepper,2026,https://www.fragrantica.com/perfume/Christine-Lavoisier-Parfums/Aura-Pink-Pepper-138462.html
38078,Christine Lavoisier Parfums,Be Sexy,2020,https://www.fragrantica.com/perfume/Christine-Lavoisier-Parfums/Be-Sexy-111619.html
38079,Christine Lavoisier Parfums,Best Aqua Niagara,,https://www.fragrantica.com/perfume/Christine-Lavoisier-Parfums/Best-Aqua-Niagara-26964.html
38080,Christine Lavoisier Parfums,Best Big Boss,,https://www.fragrantica.com/perfume/Christine-Lavoisier-Parfums/Best-Big-Boss-26966.html
38081,Christine Lavoisier Parfums,Best Classic,,https://www.fragrantica.com/perfume/Christine-Lavoisier-Parfums/Best-Classic-26967.html
38082,Christine Lavoisier Parfums,Best Free Lander,,https://www.fragrantica.com/perfume/Christine-Lavoisier-Parfums/Best-Free-Lander-26963.html
38083,Christine Lavoisier Parfums,Best Man in Black,,https://www.fragrantica.com/perfume/Christine-Lavoisier-Parfums/Best-Man-in-Black-26968.html
38084,Christine Lavoisier Parfums,Best Ocean Water,2024,https://www.fragrantica.com/perfume/Christine-Lavoisier-Parfums/Best-Ocean-Water-107215.html
38085,Christine Lavoisier Parfums,Best Sexy Man,,https://www.fragrantica.com/perfume/Christine-Lavoisier-Parfums/Best-Sexy-Man-26965.html
38086,Christine Lavoisier Parfums,Bubble Gum,2020,https://www.fragrantica.com/perfume/Christine-Lavoisier-Parfums/Bubble-Gum-111618.html
38087,Christine Lavoisier Parfums,Burlesk Kitty,,https://www.fragrantica.com/perfume/Christine-Lavoisier-Parfums/Burlesk-Kitty-26976.html
38088,Christine Lavoisier Parfums,Burlesk Lolita,,https://www.fragrantica.com/perfume/Christine-Lavoisier-Parfums/Burlesk-Lolita-26974.html
38089,Christine Lavoisier Parfums,Burlesk Malina,,https://www.fragrantica.com/perfume/Christine-Lavoisier-Parfums/Burlesk-Malina-26973.html
38090,Christine Lavoisier Parfums,Burlesk Pretty,,https://www.fragrantica.com/perfume/Christine-Lavoisier-Parfums/Burlesk-Pretty-26975.html
38091,Christine Lavoisier Parfums,Cafe de Fleur Bright,,https://www.fragrantica.com/perfume/Christine-Lavoisier-Parfums/Cafe-de-Fleur-Bright-26917.html
38092,Christine Lavoisier Parfums,Cafe de Fleur Glamour,,https://www.fragrantica.com/perfume/Christine-Lavoisier-Parfums/Cafe-de-Fleur-Glamour-26913.html
38093,Christine Lavoisier Parfums,Cafe de Fleur Glance,,https://www.fragrantica.com/perfume/Christine-Lavoisier-Parfums/Cafe-de-Fleur-Glance-26914.html
38094,Christine Lavoisier Parfums,Cafe de Fleur Happy,,https://www.fragrantica.com/perfume/Christine-Lavoisier-Parfums/Cafe-de-Fleur-Happy-26915.html
38095,Christine Lavoisier Parfums,Caramel,2020,https://www.fragrantica.com/perfume/Christine-Lavoisier-Parfums/Caramel-111603.html
38096,Christine Lavoisier Parfums,Coliseo,,https://www.fragrantica.com/perfume/Christine-Lavoisier-Parfums/Coliseo-26971.html
38097,Christine Lavoisier Parfums,Coliseo Blue Edition,,https://www.fragrantica.com/perfume/Christine-Lavoisier-Parfums/Coliseo-Blue-Edition-26972.html
38098,Christine Lavoisier Parfums,Cotton Sunday,2020,https://www.fragrantica.com/perfume/Christine-Lavoisier-Parfums/Cotton-Sunday-111659.html
38099,Christine Lavoisier Parfums,Crazy Cherry,2020,https://www.fragrantica.com/perfume/Christine-Lavoisier-Parfums/Crazy-Cherry-111623.html
38100,Christine Lavoisier Parfums,Danger Night,,https://www.fragrantica.com/perfume/Christine-Lavoisier-Parfums/Danger-Night-26969.html
38101,Christine Lavoisier Parfums,Danger Wild,,https://www.fragrantica.com/perfume/Christine-Lavoisier-Parfums/Danger-Wild-26970.html
38102,Christine Lavoisier Parfums,Diamond Cherry,2025,https://www.fragrantica.com/perfume/Christine-Lavoisier-Parfums/Diamond-Cherry-111563.html
38103,Christine Lavoisier Parfums,Diamond Innocence,2025,https://www.fragrantica.com/perfume/Christine-Lavoisier-Parfums/Diamond-Innocence-111562.html
38104,Christine Lavoisier Parfums,Disco Charm,,https://www.fragrantica.com/perfume/Christine-Lavoisier-Parfums/Disco-Charm-26922.html
38105,Christine Lavoisier Parfums,Disco Dance,,https://www.fragrantica.com/perfume/Christine-Lavoisier-Parfums/Disco-Dance-26919.html
38106,Christine Lavoisier Parfums,Disco Impulse,,https://www.fragrantica.com/perfume/Christine-Lavoisier-Parfums/Disco-Impulse-26920.html
38107,Christine Lavoisier Parfums,Disco Sexy,,https://www.fragrantica.com/perfume/Christine-Lavoisier-Parfums/Disco-Sexy-26921.html
38108,Christine Lavoisier Parfums,Dream Tea,2026,https://www.fragrantica.com/perfume/Christine-Lavoisier-Parfums/Dream-Tea-138455.html
38109,Christine Lavoisier Parfums,Elle 11 Bal,2020,https://www.fragrantica.com/perfume/Christine-Lavoisier-Parfums/Elle-11-Bal-111579.html
38110,Christine Lavoisier Parfums,Elle 15 Black Shine,2025,https://www.fragrantica.com/perfume/Christine-Lavoisier-Parfums/Elle-15-Black-Shine-138453.html
38111,Christine Lavoisier Parfums,Elle 17 Roses in Dance,2020,https://www.fragrantica.com/perfume/Christine-Lavoisier-Parfums/Elle-17-Roses-in-Dance-111566.html
38112,Christine Lavoisier Parfums,Elle 18 Cherry Desire,2020,https://www.fragrantica.com/perfume/Christine-Lavoisier-Parfums/Elle-18-Cherry-Desire-111565.html
38113,Christine Lavoisier Parfums,Elle 21 Intrigue,2020,https://www.fragrantica.com/perfume/Christine-Lavoisier-Parfums/Elle-21-Intrigue-111580.html
38114,Christine Lavoisier Parfums,Elle 23 Pink Sorbet,2025,https://www.fragrantica.com/perfume/Christine-Lavoisier-Parfums/Elle-23-Pink-Sorbet-138454.html
38115,Christine Lavoisier Parfums,Elle 3 Imperatrice,2020,https://www.fragrantica.com/perfume/Christine-Lavoisier-Parfums/Elle-3-Imperatrice-111578.html
38116,Christine Lavoisier Parfums,Elle 7 Kirenza,2020,https://www.fragrantica.com/perfume/Christine-Lavoisier-Parfums/Elle-7-Kirenza-111581.html
38117,Christine Lavoisier Parfums,Elle 9 Molecule,2020,https://www.fragrantica.com/perfume/Christine-Lavoisier-Parfums/Elle-9-Molecule-111582.html
38118,Christine Lavoisier Parfums,Elle Passion,,https://www.fragrantica.com/perfume/Christine-Lavoisier-Parfums/Elle-Passion-26926.html
38119,Christine Lavoisier Parfums,Elle Sensual,,https://www.fragrantica.com/perfume/Christine-Lavoisier-Parfums/Elle-Sensual-26927.html
38120,Christine Lavoisier Parfums,Feel Me,2025,https://www.fragrantica.com/perfume/Christine-Lavoisier-Parfums/Feel-Me-138459.html
38121,Christine Lavoisier Parfums,Forbidden Fruit,2020,https://www.fragrantica.com/perfume/Christine-Lavoisier-Parfums/Forbidden-Fruit-111660.html
38122,Christine Lavoisier Parfums,Fusion Hot Man,,https://www.fragrantica.com/perfume/Christine-Lavoisier-Parfums/Fusion-Hot-Man-26940.html
38123,Christine Lavoisier Parfums,Fusion Night Flight,,https://www.fragrantica.com/perfume/Christine-Lavoisier-Parfums/Fusion-Night-Flight-26938.html
38124,Christine Lavoisier Parfums,Fusion Very Masculine,,https://www.fragrantica.com/perfume/Christine-Lavoisier-Parfums/Fusion-Very-Masculine-26939.html
38125,Christine Lavoisier Parfums,Grand Tobacco Cavendish,,https://www.fragrantica.com/perfume/Christine-Lavoisier-Parfums/Grand-Tobacco-Cavendish-26942.html
38126,Christine Lavoisier Parfums,Grand Tobacco Monte Cristo,,https://www.fragrantica.com/perfume/Christine-Lavoisier-Parfums/Grand-Tobacco-Monte-Cristo-26943.html
38127,Christine Lavoisier Parfums,Grand Tobacco Virginia,,https://www.fragrantica.com/perfume/Christine-Lavoisier-Parfums/Grand-Tobacco-Virginia-26941.html
38128,Christine Lavoisier Parfums,Green Tea,2020,https://www.fragrantica.com/perfume/Christine-Lavoisier-Parfums/Green-Tea-112073.html
38129,Christine Lavoisier Parfums,HIM Codex,,https://www.fragrantica.com/perfume/Christine-Lavoisier-Parfums/HIM-Codex-26981.html
38130,Christine Lavoisier Parfums,HIM Desire,,https://www.fragrantica.com/perfume/Christine-Lavoisier-Parfums/HIM-Desire-26983.html
38131,Christine Lavoisier Parfums,HIM Secret,,https://www.fragrantica.com/perfume/Christine-Lavoisier-Parfums/HIM-Secret-26982.html
38132,Christine Lavoisier Parfums,Honor Explorer,2023,https://www.fragrantica.com/perfume/Christine-Lavoisier-Parfums/Honor-Explorer-107220.html
38133,Christine Lavoisier Parfums,Honor Infinity,2023,https://www.fragrantica.com/perfume/Christine-Lavoisier-Parfums/Honor-Infinity-107216.html
38134,Christine Lavoisier Parfums,Honor Riverside,2024,https://www.fragrantica.com/perfume/Christine-Lavoisier-Parfums/Honor-Riverside-107218.html
38135,Christine Lavoisier Parfums,In Love,2026,https://www.fragrantica.com/perfume/Christine-Lavoisier-Parfums/In-Love-138452.html
38136,Christine Lavoisier Parfums,Jamilati,2025,https://www.fragrantica.com/perfume/Christine-Lavoisier-Parfums/Jamilati-115314.html
38137,Christine Lavoisier Parfums,Layla,2025,https://www.fragrantica.com/perfume/Christine-Lavoisier-Parfums/Layla-115313.html
38138,Christine Lavoisier Parfums,Legend Resolute,2020,https://www.fragrantica.com/perfume/Christine-Lavoisier-Parfums/Legend-Resolute-111561.html
38139,Christine Lavoisier Parfums,Legend Splendid,,https://www.fragrantica.com/perfume/Christine-Lavoisier-Parfums/Legend-Splendid-111560.html
38140,Christine Lavoisier Parfums,Let's Fly Prestige,2020,https://www.fragrantica.com/perfume/Christine-Lavoisier-Parfums/Let-s-Fly-Prestige-111564.html
38141,Christine Lavoisier Parfums,Lider Amber,,https://www.fragrantica.com/perfume/Christine-Lavoisier-Parfums/Lider-Amber-26933.html
38142,Christine Lavoisier Parfums,Lider Aqua,,https://www.fragrantica.com/perfume/Christine-Lavoisier-Parfums/Lider-Aqua-26932.html
38143,Christine Lavoisier Parfums,Lider Black,,https://www.fragrantica.com/perfume/Christine-Lavoisier-Parfums/Lider-Black-26936.html
38144,Christine Lavoisier Parfums,Lider Egoist,,https://www.fragrantica.com/perfume/Christine-Lavoisier-Parfums/Lider-Egoist-26935.html
38145,Christine Lavoisier Parfums,Lider Energy,,https://www.fragrantica.com/perfume/Christine-Lavoisier-Parfums/Lider-Energy-26934.html
38146,Christine Lavoisier Parfums,Lider Nevy Blue,,https://www.fragrantica.com/perfume/Christine-Lavoisier-Parfums/Lider-Nevy-Blue-26937.html
38147,Christine Lavoisier Parfums,Lider Universe,,https://www.fragrantica.com/perfume/Christine-Lavoisier-Parfums/Lider-Universe-26931.html
38148,Christine Lavoisier Parfums,Life Garmony,,https://www.fragrantica.com/perfume/Christine-Lavoisier-Parfums/Life-Garmony-26911.html
38149,Christine Lavoisier Parfums,Life Pleasure,,https://www.fragrantica.com/perfume/Christine-Lavoisier-Parfums/Life-Pleasure-26912.html
38150,Christine Lavoisier Parfums,Life Sence,,https://www.fragrantica.com/perfume/Christine-Lavoisier-Parfums/Life-Sence-26910.html
38151,Christine Lavoisier Parfums,Lil'Amira,2025,https://www.fragrantica.com/perfume/Christine-Lavoisier-Parfums/Lil-Amira-115315.html
38152,Christine Lavoisier Parfums,Love Is... Choco,2020,https://www.fragrantica.com/perfume/Christine-Lavoisier-Parfums/Love-Is-Choco-111611.html
38153,Christine Lavoisier Parfums,Mango Boom,2020,https://www.fragrantica.com/perfume/Christine-Lavoisier-Parfums/Mango-Boom-111622.html
38154,Christine Lavoisier Parfums,Men Amsterdam,2008,https://www.fragrantica.com/perfume/Christine-Lavoisier-Parfums/Men-Amsterdam-34205.html
38155,Christine Lavoisier Parfums,Men Berlin,2008,https://www.fragrantica.com/perfume/Christine-Lavoisier-Parfums/Men-Berlin-34204.html
38156,Christine Lavoisier Parfums,MEN Madrid,2008,https://www.fragrantica.com/perfume/Christine-Lavoisier-Parfums/MEN-Madrid-26953.html
38157,Christine Lavoisier Parfums,MEN Milan,2008,https://www.fragrantica.com/perfume/Christine-Lavoisier-Parfums/MEN-Milan-26949.html
38158,Christine Lavoisier Parfums,MEN Monreal,2008,https://www.fragrantica.com/perfume/Christine-Lavoisier-Parfums/MEN-Monreal-26952.html
38159,Christine Lavoisier Parfums,MEN Paris,2008,https://www.fragrantica.com/perfume/Christine-Lavoisier-Parfums/MEN-Paris-26951.html
38160,Christine Lavoisier Parfums,MEN Sidney,,https://www.fragrantica.com/perfume/Christine-Lavoisier-Parfums/MEN-Sidney-26950.html
38161,Christine Lavoisier Parfums,Men Tokyo,2008,https://www.fragrantica.com/perfume/Christine-Lavoisier-Parfums/Men-Tokyo-34206.html
38162,Christine Lavoisier Parfums,Midsummer Lady in Gold,,https://www.fragrantica.com/perfume/Christine-Lavoisier-Parfums/Midsummer-Lady-in-Gold-26980.html
38163,Christine Lavoisier Parfums,Midsummer Moon Shine,,https://www.fragrantica.com/perfume/Christine-Lavoisier-Parfums/Midsummer-Moon-Shine-26977.html
38164,Christine Lavoisier Parfums,Midsummer Night’s Dream,,https://www.fragrantica.com/perfume/Christine-Lavoisier-Parfums/Midsummer-Night-s-Dream-26979.html
38165,Christine Lavoisier Parfums,Millions Stars,2020,https://www.fragrantica.com/perfume/Christine-Lavoisier-Parfums/Millions-Stars-111658.html
38166,Christine Lavoisier Parfums,Mister Great,2026,https://www.fragrantica.com/perfume/Christine-Lavoisier-Parfums/Mister-Great-138456.html
38167,Christine Lavoisier Parfums,My Secet Wish,,https://www.fragrantica.com/perfume/Christine-Lavoisier-Parfums/My-Secet-Wish-26923.html
38168,Christine Lavoisier Parfums,My Secret Dream,,https://www.fragrantica.com/perfume/Christine-Lavoisier-Parfums/My-Secret-Dream-26925.html
38169,Christine Lavoisier Parfums,My Sexy Love,,https://www.fragrantica.com/perfume/Christine-Lavoisier-Parfums/My-Sexy-Love-26924.html
38170,Christine Lavoisier Parfums,Navigator East,,https://www.fragrantica.com/perfume/Christine-Lavoisier-Parfums/Navigator-East-26947.html
38171,Christine Lavoisier Parfums,Navigator North,,https://www.fragrantica.com/perfume/Christine-Lavoisier-Parfums/Navigator-North-26944.html
38172,Christine Lavoisier Parfums,Navigator South,,https://www.fragrantica.com/perfume/Christine-Lavoisier-Parfums/Navigator-South-26945.html
38173,Christine Lavoisier Parfums,Navigator West,,https://www.fragrantica.com/perfume/Christine-Lavoisier-Parfums/Navigator-West-26946.html
38174,Christine Lavoisier Parfums,Nice Dreams,,https://www.fragrantica.com/perfume/Christine-Lavoisier-Parfums/Nice-Dreams-37977.html
38175,Christine Lavoisier Parfums,Nord Nord,,https://www.fragrantica.com/perfume/Christine-Lavoisier-Parfums/Nord-Nord-26948.html
38176,Christine Lavoisier Parfums,Oasis,,https://www.fragrantica.com/perfume/Christine-Lavoisier-Parfums/Oasis-26895.html
38177,Christine Lavoisier Parfums,Oasis Paradise,,https://www.fragrantica.com/perfume/Christine-Lavoisier-Parfums/Oasis-Paradise-26894.html
38178,Christine Lavoisier Parfums,Ocean Bliss,2020,https://www.fragrantica.com/perfume/Christine-Lavoisier-Parfums/Ocean-Bliss-111661.html
38179,Christine Lavoisier Parfums,Raspberry Sorbet,2020,https://www.fragrantica.com/perfume/Christine-Lavoisier-Parfums/Raspberry-Sorbet-111624.html
38180,Christine Lavoisier Parfums,San Francisco Black,2020,https://www.fragrantica.com/perfume/Christine-Lavoisier-Parfums/San-Francisco-Black-112070.html
38181,Christine Lavoisier Parfums,San Francisco Blue,2020,https://www.fragrantica.com/perfume/Christine-Lavoisier-Parfums/San-Francisco-Blue-112071.html
38182,Christine Lavoisier Parfums,Sense Dreamy,2020,https://www.fragrantica.com/perfume/Christine-Lavoisier-Parfums/Sense-Dreamy-111589.html
38183,Christine Lavoisier Parfums,Sense Joyful,2020,https://www.fragrantica.com/perfume/Christine-Lavoisier-Parfums/Sense-Joyful-111584.html
38184,Christine Lavoisier Parfums,Sense Pure,2020,https://www.fragrantica.com/perfume/Christine-Lavoisier-Parfums/Sense-Pure-111583.html
38185,Christine Lavoisier Parfums,Sense Pure Coconut,2020,https://www.fragrantica.com/perfume/Christine-Lavoisier-Parfums/Sense-Pure-Coconut-111592.html
38186,Christine Lavoisier Parfums,Sexy Lace Flirt,,https://www.fragrantica.com/perfume/Christine-Lavoisier-Parfums/Sexy-Lace-Flirt-26928.html
38187,Christine Lavoisier Parfums,Sexy Lace Love,,https://www.fragrantica.com/perfume/Christine-Lavoisier-Parfums/Sexy-Lace-Love-26929.html
38188,Christine Lavoisier Parfums,Sexy Lace Secret,,https://www.fragrantica.com/perfume/Christine-Lavoisier-Parfums/Sexy-Lace-Secret-26930.html
38189,Christine Lavoisier Parfums,Smorodina,2025,https://www.fragrantica.com/perfume/Christine-Lavoisier-Parfums/Smorodina-115312.html
38190,Christine Lavoisier Parfums,Strawberry,2020,https://www.fragrantica.com/perfume/Christine-Lavoisier-Parfums/Strawberry-111612.html
38191,Christine Lavoisier Parfums,STREAM Blue,,https://www.fragrantica.com/perfume/Christine-Lavoisier-Parfums/STREAM-Blue-26960.html
38192,Christine Lavoisier Parfums,STREAM Dark,,https://www.fragrantica.com/perfume/Christine-Lavoisier-Parfums/STREAM-Dark-26962.html
38193,Christine Lavoisier Parfums,STREAM Motion,,https://www.fragrantica.com/perfume/Christine-Lavoisier-Parfums/STREAM-Motion-26961.html
38194,Christine Lavoisier Parfums,STREAM Silver Touch,,https://www.fragrantica.com/perfume/Christine-Lavoisier-Parfums/STREAM-Silver-Touch-26959.html
38195,Christine Lavoisier Parfums,STREAM Victor,,https://www.fragrantica.com/perfume/Christine-Lavoisier-Parfums/STREAM-Victor-26958.html
38196,Christine Lavoisier Parfums,Sweet Candy Berry,,https://www.fragrantica.com/perfume/Christine-Lavoisier-Parfums/Sweet-Candy-Berry-35858.html
38197,Christine Lavoisier Parfums,Sweet Candy Bounty,,https://www.fragrantica.com/perfume/Christine-Lavoisier-Parfums/Sweet-Candy-Bounty-26902.html
38198,Christine Lavoisier Parfums,Sweet Candy Frutty,,https://www.fragrantica.com/perfume/Christine-Lavoisier-Parfums/Sweet-Candy-Frutty-26903.html
38199,Christine Lavoisier Parfums,Sweet Candy Raffaello,,https://www.fragrantica.com/perfume/Christine-Lavoisier-Parfums/Sweet-Candy-Raffaello-26899.html
38200,Christine Lavoisier Parfums,Sweet Candy Strawberry Kiss,,https://www.fragrantica.com/perfume/Christine-Lavoisier-Parfums/Sweet-Candy-Strawberry-Kiss-26901.html
38201,Christine Lavoisier Parfums,Sweet Candy Truffle,,https://www.fragrantica.com/perfume/Christine-Lavoisier-Parfums/Sweet-Candy-Truffle-26900.html
38202,Christine Lavoisier Parfums,TAXI Blues,,https://www.fragrantica.com/perfume/Christine-Lavoisier-Parfums/TAXI-Blues-26954.html
38203,Christine Lavoisier Parfums,TAXI Express,,https://www.fragrantica.com/perfume/Christine-Lavoisier-Parfums/TAXI-Express-26955.html
38204,Christine Lavoisier Parfums,TAXI London,,https://www.fragrantica.com/perfume/Christine-Lavoisier-Parfums/TAXI-London-26956.html
38205,Christine Lavoisier Parfums,TAXI New York,,https://www.fragrantica.com/perfume/Christine-Lavoisier-Parfums/TAXI-New-York-26957.html
38206,Christine Lavoisier Parfums,The Man Original,2020,https://www.fragrantica.com/perfume/Christine-Lavoisier-Parfums/The-Man-Original-115317.html
38207,Christine Lavoisier Parfums,The Only Freedom,2022,https://www.fragrantica.com/perfume/Christine-Lavoisier-Parfums/The-Only-Freedom-111559.html
38208,Christine Lavoisier Parfums,The Only Intense,2020,https://www.fragrantica.com/perfume/Christine-Lavoisier-Parfums/The-Only-Intense-115316.html
38209,Christine Lavoisier Parfums,Trigger Desires,2025,https://www.fragrantica.com/perfume/Christine-Lavoisier-Parfums/Trigger-Desires-138460.html
38210,Christine Lavoisier Parfums,Trigger Touch,2025,https://www.fragrantica.com/perfume/Christine-Lavoisier-Parfums/Trigger-Touch-138457.html
38211,Christine Lavoisier Parfums,Vanilla Dream,2020,https://www.fragrantica.com/perfume/Christine-Lavoisier-Parfums/Vanilla-Dream-111615.html
38212,Christine Lavoisier Parfums,What Women Want Flower Kiss,,https://www.fragrantica.com/perfume/Christine-Lavoisier-Parfums/What-Women-Want-Flower-Kiss-26904.html
38213,Christine Lavoisier Parfums,What Women Want Glamour,,https://www.fragrantica.com/perfume/Christine-Lavoisier-Parfums/What-Women-Want-Glamour-26909.html
38214,Christine Lavoisier Parfums,What Women Want I Love Paris,,https://www.fragrantica.com/perfume/Christine-Lavoisier-Parfums/What-Women-Want-I-Love-Paris-26907.html
38215,Christine Lavoisier Parfums,What Women Want Love Forever,,https://www.fragrantica.com/perfume/Christine-Lavoisier-Parfums/What-Women-Want-Love-Forever-26905.html
38216,Christine Lavoisier Parfums,What Women Want Sexy Night,,https://www.fragrantica.com/perfume/Christine-Lavoisier-Parfums/What-Women-Want-Sexy-Night-26908.html
38217,Christine Lavoisier Parfums,What Women Want Shopping,,https://www.fragrantica.com/perfume/Christine-Lavoisier-Parfums/What-Women-Want-Shopping-26906.html
38218,Christine Lavoisier Parfums,White Choco,2026,https://www.fragrantica.com/perfume/Christine-Lavoisier-Parfums/White-Choco-137512.html
38219,Christine Lavoisier Parfums,White Tea,2020,https://www.fragrantica.com/perfume/Christine-Lavoisier-Parfums/White-Tea-112072.html
38220,Christine Lavoisier Parfums,Wild Hardguard,2025,https://www.fragrantica.com/perfume/Christine-Lavoisier-Parfums/Wild-Hardguard-115311.html
38221,Christine Lavoisier Parfums,YOU Feeling,,https://www.fragrantica.com/perfume/Christine-Lavoisier-Parfums/YOU-Feeling-26896.html
38222,Christine Lavoisier Parfums,YOU Morning,,https://www.fragrantica.com/perfume/Christine-Lavoisier-Parfums/YOU-Morning-26897.html
38223,Christine Lavoisier Parfums,YOU Sexy,,https://www.fragrantica.com/perfume/Christine-Lavoisier-Parfums/YOU-Sexy-26898.html
38224,Christine Lavoisier Parfums,Yummy,2020,https://www.fragrantica.com/perfume/Christine-Lavoisier-Parfums/Yummy-111621.html
38225,Christophe Guillarme,Le Tapis Rouge,2010,https://www.fragrantica.com/perfume/Christophe-Guillarme/Le-Tapis-Rouge-10608.html
38226,Christopher,Atlas,2026,https://www.fragrantica.com/perfume/Christopher/Atlas-142597.html
38227,Christopher,Aurora,2026,https://www.fragrantica.com/perfume/Christopher/Aurora-142601.html
38228,Christopher,Celeste,2026,https://www.fragrantica.com/perfume/Christopher/Celeste-142595.html
38229,Christopher,Nebbia,2026,https://www.fragrantica.com/perfume/Christopher/Nebbia-142594.html
38230,Christopher,Orion,2026,https://www.fragrantica.com/perfume/Christopher/Orion-142593.html
38231,Christopher,Oud Milano,2026,https://www.fragrantica.com/perfume/Christopher/Oud-Milano-142604.html
38232,Christopher,Perseus,2026,https://www.fragrantica.com/perfume/Christopher/Perseus-142599.html
38233,Christopher,Spiga 48,2026,https://www.fragrantica.com/perfume/Christopher/Spiga-48-142605.html
38234,Christopher,Zafferano,2026,https://www.fragrantica.com/perfume/Christopher/Zafferano-142606.html
38235,Christopher Chronis,Christos Man,1998,https://www.fragrantica.com/perfume/Christopher-Chronis/Christos-Man-67759.html
38236,Christopher Chronis,Christos Woman,1998,https://www.fragrantica.com/perfume/Christopher-Chronis/Christos-Woman-67758.html
38237,Christopher Colvmbvs,Christopher Colvmbvs,,https://www.fragrantica.com/perfume/Christopher-Colvmbvs/Christopher-Colvmbvs-20681.html
38238,Christopher Dicas,69,2012,https://www.fragrantica.com/perfume/Christopher-Dicas/69-16088.html
38239,Christopher Dicas,69 Le Parfum,2018,https://www.fragrantica.com/perfume/Christopher-Dicas/69-Le-Parfum-50456.html
38240,Christopher Dicas,Christopher Dicas Eau de Parfum,2011,https://www.fragrantica.com/perfume/Christopher-Dicas/Christopher-Dicas-Eau-de-Parfum-14054.html
38241,Christopher DiCas,Christopher DiCas Le Parfum,2018,https://www.fragrantica.com/perfume/Christopher-DiCas/Christopher-DiCas-Le-Parfum-50455.html
38242,Christopher Hanlon,Black Cockatoo,2019,https://www.fragrantica.com/perfume/Christopher-Hanlon/Black-Cockatoo-68377.html
38243,Christopher Hanlon,Black Jasmine Rose,2020,https://www.fragrantica.com/perfume/Christopher-Hanlon/Black-Jasmine-Rose-68391.html
38244,Christopher Hanlon,Colonial Gold,2020,https://www.fragrantica.com/perfume/Christopher-Hanlon/Colonial-Gold-68379.html
38245,Christopher Hanlon,Convict Diamond,2019,https://www.fragrantica.com/perfume/Christopher-Hanlon/Convict-Diamond-68396.html
38246,Christopher Hanlon,Gold Rush,2020,https://www.fragrantica.com/perfume/Christopher-Hanlon/Gold-Rush-68389.html
38247,Christopher Hanlon,Melbourne Amber Musk,2019,https://www.fragrantica.com/perfume/Christopher-Hanlon/Melbourne-Amber-Musk-68395.html
38248,Christopher Hanlon,Ned Kelly Titanium,2020,https://www.fragrantica.com/perfume/Christopher-Hanlon/Ned-Kelly-Titanium-68394.html
38249,Christopher Hanlon,New Bluegum Amber,2020,https://www.fragrantica.com/perfume/Christopher-Hanlon/New-Bluegum-Amber-68399.html
38250,Christopher Hanlon,New Grand Crown,2020,https://www.fragrantica.com/perfume/Christopher-Hanlon/New-Grand-Crown-68397.html
38251,Christopher Hanlon,New Ormeau Oud,2020,https://www.fragrantica.com/perfume/Christopher-Hanlon/New-Ormeau-Oud-68398.html
38252,Christopher Hanlon,Outback Sapphire,2020,https://www.fragrantica.com/perfume/Christopher-Hanlon/Outback-Sapphire-68378.html
38253,Christopher Hanlon,Rocks Gold,2019,https://www.fragrantica.com/perfume/Christopher-Hanlon/Rocks-Gold-68390.html
38254,Christopher Hanlon,Royal Banksia,2019,https://www.fragrantica.com/perfume/Christopher-Hanlon/Royal-Banksia-68376.html
38255,Christopher Hanlon,Royal Sovereign,2020,https://www.fragrantica.com/perfume/Christopher-Hanlon/Royal-Sovereign-68392.html
38256,Christopher Hanlon,Silver Penny,2016,https://www.fragrantica.com/perfume/Christopher-Hanlon/Silver-Penny-68375.html
38257,Christopher Joseph,Christopher Joseph,2009,https://www.fragrantica.com/perfume/Christopher-Joseph/Christopher-Joseph-7571.html
38258,Christy Organics,Abundance,2016,https://www.fragrantica.com/perfume/Christy-Organics/Abundance-44399.html
38259,Christy Organics,Amber,2016,https://www.fragrantica.com/perfume/Christy-Organics/Amber-44396.html
38260,Christy Organics,Satisfaction,2016,https://www.fragrantica.com/perfume/Christy-Organics/Satisfaction-44397.html
38261,Christy Organics,Trance,2016,https://www.fragrantica.com/perfume/Christy-Organics/Trance-44395.html
38262,Christy Organics,Urbane,2016,https://www.fragrantica.com/perfume/Christy-Organics/Urbane-44398.html
38263,Chrome Hearts,+22+,,https://www.fragrantica.com/perfume/Chrome-Hearts/22-134743.html
38264,Chrome Hearts,+33+,,https://www.fragrantica.com/perfume/Chrome-Hearts/33-134744.html
38265,Chronicles – scents of history,"Boston Tea Party, 1773",2023,https://www.fragrantica.com/perfume/Chronicles-scents-of-history/Boston-Tea-Party-1773-89888.html
38266,Chronicles – scents of history,"Cleopatra’s Power Play, 47 BC",2023,https://www.fragrantica.com/perfume/Chronicles-scents-of-history/Cleopatra-s-Power-Play-47-BC-89889.html
38267,Chronicles – scents of history,"O obrotach. Copernican Revolution, 1541",2025,https://www.fragrantica.com/perfume/Chronicles-scents-of-history/O-obrotach-Copernican-Revolution-1541-105512.html
38268,Chronotope,Buen Camino,2020,https://www.fragrantica.com/perfume/Chronotope/Buen-Camino-62662.html
38269,Chronotope,Buen Camino Extrait,,https://www.fragrantica.com/perfume/Chronotope/Buen-Camino-Extrait-121705.html
38270,Chronotope,Caryatis,2025,https://www.fragrantica.com/perfume/Chronotope/Caryatis-131080.html
38271,Chronotope,Cucurrucucú,2020,https://www.fragrantica.com/perfume/Chronotope/Cucurrucucu-131236.html
38272,Chronotope,Intra Venus,2021,https://www.fragrantica.com/perfume/Chronotope/Intra-Venus-70553.html
38273,Chronotope,Janus,2020,https://www.fragrantica.com/perfume/Chronotope/Janus-131234.html
38274,Chronotope,Me/dea,2024,https://www.fragrantica.com/perfume/Chronotope/Me-dea-125855.html
38275,Chronotope,Nanas,2022,https://www.fragrantica.com/perfume/Chronotope/Nanas-109379.html
38276,Chronotope,Playalinda,2020,https://www.fragrantica.com/perfume/Chronotope/Playalinda-62664.html
38277,Chronotope,Spite Eau de Parfum,2021,https://www.fragrantica.com/perfume/Chronotope/Spite-Eau-de-Parfum-70492.html
38278,Chronotope,Spite Eau de Toilette,2020,https://www.fragrantica.com/perfume/Chronotope/Spite-Eau-de-Toilette-62663.html
38279,Chryso Louer,Selah No. 1 - Aimer Encore,2025,https://www.fragrantica.com/perfume/Chryso-Louer/Selah-No-1-Aimer-Encore-139596.html
38280,Chryso Louer,Selah No. 2 - Douce Promesse,2025,https://www.fragrantica.com/perfume/Chryso-Louer/Selah-No-2-Douce-Promesse-139597.html
38281,Chryso Louer,Selah No. 3 - Fait Pour Être,2026,https://www.fragrantica.com/perfume/Chryso-Louer/Selah-No-3-Fait-Pour-Etre-139598.html
38282,Chryso Louer,Selah No. 4 - Belamoure,2026,https://www.fragrantica.com/perfume/Chryso-Louer/Selah-No-4-Belamoure-139599.html
38283,ChuJian 初柬,Ambergris Rose No.P29 龙涎玫瑰,2025,https://www.fragrantica.com/perfume/ChuJian-chu-jian/Ambergris-Rose-No-P29-long-xian-mei-gui-117198.html
38284,ChuJian 初柬,Boreal Fir No.M39 北境冷杉,2024,https://www.fragrantica.com/perfume/ChuJian-chu-jian/Boreal-Fir-No-M39-bei-jing-leng-shan-130232.html
38285,ChuJian 初柬,Buddha‘s Narcissus No.P42 佛前水仙,2024,https://www.fragrantica.com/perfume/ChuJian-chu-jian/Buddha-s-Narcissus-No-P42-fu-qian-shui-xian-130633.html
38286,ChuJian 初柬,ChangBai Sandal No.M37 长白清檀,2024,https://www.fragrantica.com/perfume/ChuJian-chu-jian/ChangBai-Sandal-No-M37-zhang-bai-qing-tan-130233.html
38287,ChuJian 初柬,Iris in Jiangnan No.P43 江南鸢尾,2024,https://www.fragrantica.com/perfume/ChuJian-chu-jian/Iris-in-Jiangnan-No-P43-jiang-nan-yuan-wei-130635.html
38288,ChuJian 初柬,Moonlight Silken Veil No.L32 月光白纱,2025,https://www.fragrantica.com/perfume/ChuJian-chu-jian/Moonlight-Silken-Veil-No-L32-yue-guang-bai-sha-125859.html
38289,ChuJian 初柬,Oolong Rocking Green No.P26 观音摇青,2025,https://www.fragrantica.com/perfume/ChuJian-chu-jian/Oolong-Rocking-Green-No-P26-guan-yin-yao-qing-117196.html
38290,ChuJian 初柬,Phoenix Meets Mountain No.P27 凤凰见山,2025,https://www.fragrantica.com/perfume/ChuJian-chu-jian/Phoenix-Meets-Mountain-No-P27-feng-huang-jian-shan-117201.html
38291,ChuJian 初柬,Snow on Cangshan No.P44 苍山见雪,2024,https://www.fragrantica.com/perfume/ChuJian-chu-jian/Snow-on-Cangshan-No-P44-cang-shan-jian-xue-130636.html
38292,ChuJian 初柬,Tianshan Spring No.L31 天山之泉,2025,https://www.fragrantica.com/perfume/ChuJian-chu-jian/Tianshan-Spring-No-L31-tian-shan-zhi-quan-125858.html
38293,ChuJian 初柬,Yihe in Rosa No.P41 颐和蔷薇,2024,https://www.fragrantica.com/perfume/ChuJian-chu-jian/Yihe-in-Rosa-No-P41-yi-he-qiang-wei-130634.html
38294,ChuJian 初柬,Zijin Sandalwood No.P28 紫禁白檀,2025,https://www.fragrantica.com/perfume/ChuJian-chu-jian/Zijin-Sandalwood-No-P28-zi-jin-bai-tan-117200.html
38295,Chupa Chups,Cheeky Cherry,2019,https://www.fragrantica.com/perfume/Chupa-Chups/Cheeky-Cherry-55536.html
38296,Chupa Chups,Coconut Crush Body Mist,2022,https://www.fragrantica.com/perfume/Chupa-Chups/Coconut-Crush-Body-Mist-88957.html
38297,Chupa Chups,Gorgeous Grape Body Mist,2022,https://www.fragrantica.com/perfume/Chupa-Chups/Gorgeous-Grape-Body-Mist-88961.html
38298,Chupa Chups,I Love Me Night Fever,2003,https://www.fragrantica.com/perfume/Chupa-Chups/I-Love-Me-Night-Fever-11601.html
38299,Chupa Chups,I Love Me Pop Vinyl,2003,https://www.fragrantica.com/perfume/Chupa-Chups/I-Love-Me-Pop-Vinyl-11600.html
38300,Chupa Chups,I Love Me Soul Shine,2003,https://www.fragrantica.com/perfume/Chupa-Chups/I-Love-Me-Soul-Shine-11602.html
38301,Chupa Chups,I Love Me Urban Groove,2004,https://www.fragrantica.com/perfume/Chupa-Chups/I-Love-Me-Urban-Groove-11608.html
38302,Chupa Chups,Jolly Lolly,2019,https://www.fragrantica.com/perfume/Chupa-Chups/Jolly-Lolly-55535.html
38303,Chupa Chups,Love Trap Divine Paradise,2005,https://www.fragrantica.com/perfume/Chupa-Chups/Love-Trap-Divine-Paradise-11604.html
38304,Chupa Chups,Love Trap Exotic Kiss,2005,https://www.fragrantica.com/perfume/Chupa-Chups/Love-Trap-Exotic-Kiss-11607.html
38305,Chupa Chups,Love Trap Hot Pink,2005,https://www.fragrantica.com/perfume/Chupa-Chups/Love-Trap-Hot-Pink-11606.html
38306,Chupa Chups,Love Trap Magnific Sun,2005,https://www.fragrantica.com/perfume/Chupa-Chups/Love-Trap-Magnific-Sun-11605.html
38307,Chupa Chups,Love Trap Sensual Heaven,2005,https://www.fragrantica.com/perfume/Chupa-Chups/Love-Trap-Sensual-Heaven-11603.html
38308,Chupa Chups,Ripe Raspberry Body Mist,2022,https://www.fragrantica.com/perfume/Chupa-Chups/Ripe-Raspberry-Body-Mist-88960.html
38309,Chupa Chups,Sandy Candy,2019,https://www.fragrantica.com/perfume/Chupa-Chups/Sandy-Candy-55538.html
38310,Chupa Chups,Strawberries & Cream Dream Body Mist,2022,https://www.fragrantica.com/perfume/Chupa-Chups/Strawberries-Cream-Dream-Body-Mist-88958.html
38311,Chupa Chups,Very Berry,2019,https://www.fragrantica.com/perfume/Chupa-Chups/Very-Berry-55537.html
38312,Chupa Chups,Wonderful Watermelon Body Mist,2022,https://www.fragrantica.com/perfume/Chupa-Chups/Wonderful-Watermelon-Body-Mist-88959.html
38313,Chwi 취,Daenamu 대나무,2024,https://www.fragrantica.com/perfume/Chwi-chwi/Daenamu-daenamu-104337.html
38314,Chwi 취,Hwawon 화원,2024,https://www.fragrantica.com/perfume/Chwi-chwi/Hwawon-hwawon-104361.html
38315,Chwi 취,Odii 오디,2024,https://www.fragrantica.com/perfume/Chwi-chwi/Odii-odi-104335.html
38316,Chwi 취,Sachal 사찰,2024,https://www.fragrantica.com/perfume/Chwi-chwi/Sachal-sachal-104354.html
38317,Chwi 취,Ssook 쑥,2024,https://www.fragrantica.com/perfume/Chwi-chwi/Ssook-ssug-104356.html
38318,Chwi 취,Sumuk 수묵,2024,https://www.fragrantica.com/perfume/Chwi-chwi/Sumuk-sumug-104362.html
38319,Chypron,Shahi,1995,https://www.fragrantica.com/perfume/Chypron/Shahi-72668.html
38320,Chypron,Shahi Aqua,1998,https://www.fragrantica.com/perfume/Chypron/Shahi-Aqua-72669.html
38321,Chypron,Shahi Cool Blue,,https://www.fragrantica.com/perfume/Chypron/Shahi-Cool-Blue-72671.html
38322,Chypron,Shahi Golden Sun,1997,https://www.fragrantica.com/perfume/Chypron/Shahi-Golden-Sun-72670.html
38323,Ciatu - Soul of Sicily,Akragas,2022,https://www.fragrantica.com/perfume/Ciatu-Soul-of-Sicily/Akragas-76250.html
38324,Ciatu - Soul of Sicily,Artemis,2025,https://www.fragrantica.com/perfume/Ciatu-Soul-of-Sicily/Artemis-108889.html
38325,Ciatu - Soul of Sicily,Bronth,2024,https://www.fragrantica.com/perfume/Ciatu-Soul-of-Sicily/Bronth-93620.html
38326,Ciatu - Soul of Sicily,Catania,2018,https://www.fragrantica.com/perfume/Ciatu-Soul-of-Sicily/Catania-51526.html
38327,Ciatu - Soul of Sicily,Colapesce,2024,https://www.fragrantica.com/perfume/Ciatu-Soul-of-Sicily/Colapesce-93619.html
38328,Ciatu - Soul of Sicily,Khalisa,2023,https://www.fragrantica.com/perfume/Ciatu-Soul-of-Sicily/Khalisa-82441.html
38329,Ciatu - Soul of Sicily,Ortiughia,2017,https://www.fragrantica.com/perfume/Ciatu-Soul-of-Sicily/Ortiughia-51525.html
38330,Ciatu - Soul of Sicily,Taormina Eau de Parfum,2014,https://www.fragrantica.com/perfume/Ciatu-Soul-of-Sicily/Taormina-Eau-de-Parfum-51522.html
38331,Ciatu - Soul of Sicily,Taormina Eau de Toilette,2014,https://www.fragrantica.com/perfume/Ciatu-Soul-of-Sicily/Taormina-Eau-de-Toilette-51524.html
38332,Ciccio,Eau de Lune,2025,https://www.fragrantica.com/perfume/Ciccio/Eau-de-Lune-135333.html
38333,Ciccio,Out of Office,2026,https://www.fragrantica.com/perfume/Ciccio/Out-of-Office-135334.html
38334,Ciccio,Sugar & Spice,2025,https://www.fragrantica.com/perfume/Ciccio/Sugar-Spice-135332.html
38335,Ciclo Cosméticos,Animal Pink,2019,https://www.fragrantica.com/perfume/Ciclo-Cosmeticos/Animal-Pink-73477.html
38336,Ciclo Cosméticos,Animal Pink,2020,https://www.fragrantica.com/perfume/Ciclo-Cosmeticos/Animal-Pink-68654.html
38337,Ciclo Cosméticos,Athina,2023,https://www.fragrantica.com/perfume/Ciclo-Cosmeticos/Athina-87250.html
38338,Ciclo Cosméticos,Athina Body Splash (Body Mist),2023,https://www.fragrantica.com/perfume/Ciclo-Cosmeticos/Athina-Body-Splash-124394.html
38339,Ciclo Cosméticos,BK,2017,https://www.fragrantica.com/perfume/Ciclo-Cosmeticos/BK-66735.html
38340,Ciclo Cosméticos,California Sunset,2020,https://www.fragrantica.com/perfume/Ciclo-Cosmeticos/California-Sunset-68644.html
38341,Ciclo Cosméticos,Camu,2019,https://www.fragrantica.com/perfume/Ciclo-Cosmeticos/Camu-68651.html
38342,Ciclo Cosméticos,Carrousel,2019,https://www.fragrantica.com/perfume/Ciclo-Cosmeticos/Carrousel-68649.html
38343,Ciclo Cosméticos,Ciclo Mini Baby Beé,2020,https://www.fragrantica.com/perfume/Ciclo-Cosmeticos/Ciclo-Mini-Baby-Bee-66664.html
38344,Ciclo Cosméticos,Ciclo Mini Baby QuéQué,2020,https://www.fragrantica.com/perfume/Ciclo-Cosmeticos/Ciclo-Mini-Baby-QueQue-66666.html
38345,Ciclo Cosméticos,Ciclo Mini Cici Bela,2018,https://www.fragrantica.com/perfume/Ciclo-Cosmeticos/Ciclo-Mini-Cici-Bela-66670.html
38346,Ciclo Cosméticos,Ciclo Mini Cici Mel,2018,https://www.fragrantica.com/perfume/Ciclo-Cosmeticos/Ciclo-Mini-Cici-Mel-66668.html
38347,Ciclo Cosméticos,Ciclo Mini Cici Zoe,2018,https://www.fragrantica.com/perfume/Ciclo-Cosmeticos/Ciclo-Mini-Cici-Zoe-66669.html
38348,Ciclo Cosméticos,Ciclo Mini Pingucho,2018,https://www.fragrantica.com/perfume/Ciclo-Cosmeticos/Ciclo-Mini-Pingucho-66674.html
38349,Ciclo Cosméticos,Ciclo Mini Raposete,2018,https://www.fragrantica.com/perfume/Ciclo-Cosmeticos/Ciclo-Mini-Raposete-66672.html
38350,Ciclo Cosméticos,Ciclo Mini Rino,2018,https://www.fragrantica.com/perfume/Ciclo-Cosmeticos/Ciclo-Mini-Rino-66673.html
38351,Ciclo Cosméticos,Ciclo Mini Ursolina,2018,https://www.fragrantica.com/perfume/Ciclo-Cosmeticos/Ciclo-Mini-Ursolina-66671.html
38352,Ciclo Cosméticos,Coffe Queen,2019,https://www.fragrantica.com/perfume/Ciclo-Cosmeticos/Coffe-Queen-68648.html
38353,Ciclo Cosméticos,Comfy,2020,https://www.fragrantica.com/perfume/Ciclo-Cosmeticos/Comfy-68646.html
38354,Ciclo Cosméticos,Dog Lover,2019,https://www.fragrantica.com/perfume/Ciclo-Cosmeticos/Dog-Lover-68645.html
38355,Ciclo Cosméticos,Dream,2018,https://www.fragrantica.com/perfume/Ciclo-Cosmeticos/Dream-68656.html
38356,Ciclo Cosméticos,Flower,2019,https://www.fragrantica.com/perfume/Ciclo-Cosmeticos/Flower-68655.html
38357,Ciclo Cosméticos,Forever,2020,https://www.fragrantica.com/perfume/Ciclo-Cosmeticos/Forever-56970.html
38358,Ciclo Cosméticos,Forever Magic,2018,https://www.fragrantica.com/perfume/Ciclo-Cosmeticos/Forever-Magic-56971.html
38359,Ciclo Cosméticos,Forever Night,2018,https://www.fragrantica.com/perfume/Ciclo-Cosmeticos/Forever-Night-56972.html
38360,Ciclo Cosméticos,Gold,2017,https://www.fragrantica.com/perfume/Ciclo-Cosmeticos/Gold-66733.html
38361,Ciclo Cosméticos,Hello Hello!,2024,https://www.fragrantica.com/perfume/Ciclo-Cosmeticos/Hello-Hello-137731.html
38362,Ciclo Cosméticos,Hello Hello by Nah Cardoso,2019,https://www.fragrantica.com/perfume/Ciclo-Cosmeticos/Hello-Hello-by-Nah-Cardoso-58358.html
38363,Ciclo Cosméticos,Hello Hello! Muse,2026,https://www.fragrantica.com/perfume/Ciclo-Cosmeticos/Hello-Hello-Muse-137726.html
38364,Ciclo Cosméticos,I’MAN Atomic,2021,https://www.fragrantica.com/perfume/Ciclo-Cosmeticos/I-MAN-Atomic-71359.html
38365,Ciclo Cosméticos,I’MAN Camper,2018,https://www.fragrantica.com/perfume/Ciclo-Cosmeticos/I-MAN-Camper-71357.html
38366,Ciclo Cosméticos,I’MAN Iconic,2021,https://www.fragrantica.com/perfume/Ciclo-Cosmeticos/I-MAN-Iconic-71358.html
38367,Ciclo Cosméticos,I’MAN Rebel,2021,https://www.fragrantica.com/perfume/Ciclo-Cosmeticos/I-MAN-Rebel-71356.html
38368,Ciclo Cosméticos,Intense Youly Kéfera,2025,https://www.fragrantica.com/perfume/Ciclo-Cosmeticos/Intense-Youly-Kefera-120431.html
38369,Ciclo Cosméticos,Jardin Baunilha,2025,https://www.fragrantica.com/perfume/Ciclo-Cosmeticos/Jardin-Baunilha-118392.html
38370,Ciclo Cosméticos,Jardin Bergamota Calábria,2024,https://www.fragrantica.com/perfume/Ciclo-Cosmeticos/Jardin-Bergamota-Calabria-105103.html
38371,Ciclo Cosméticos,Jardin Flor de Cerejeira,2025,https://www.fragrantica.com/perfume/Ciclo-Cosmeticos/Jardin-Flor-de-Cerejeira-118391.html
38372,Ciclo Cosméticos,Jardin Flor de Laranjeira,2024,https://www.fragrantica.com/perfume/Ciclo-Cosmeticos/Jardin-Flor-de-Laranjeira-105100.html
38373,Ciclo Cosméticos,Jardin Íris,2025,https://www.fragrantica.com/perfume/Ciclo-Cosmeticos/Jardin-Iris-118394.html
38374,Ciclo Cosméticos,Jardin Jasmim Sambac,2024,https://www.fragrantica.com/perfume/Ciclo-Cosmeticos/Jardin-Jasmim-Sambac-105101.html
38375,Ciclo Cosméticos,Jardin Magnólia,2025,https://www.fragrantica.com/perfume/Ciclo-Cosmeticos/Jardin-Magnolia-118483.html
38376,Ciclo Cosméticos,Jardin Nectarina,2024,https://www.fragrantica.com/perfume/Ciclo-Cosmeticos/Jardin-Nectarina-105102.html
38377,Ciclo Cosméticos,Jardin Orquídea,2025,https://www.fragrantica.com/perfume/Ciclo-Cosmeticos/Jardin-Orquidea-118485.html
38378,Ciclo Cosméticos,Jardin Rosa Damascena,2024,https://www.fragrantica.com/perfume/Ciclo-Cosmeticos/Jardin-Rosa-Damascena-105099.html
38379,Ciclo Cosméticos,Jet,2017,https://www.fragrantica.com/perfume/Ciclo-Cosmeticos/Jet-66734.html
38380,Ciclo Cosméticos,Kiss,2018,https://www.fragrantica.com/perfume/Ciclo-Cosmeticos/Kiss-56973.html
38381,Ciclo Cosméticos,Kiss Me More,2023,https://www.fragrantica.com/perfume/Ciclo-Cosmeticos/Kiss-Me-More-79355.html
38382,Ciclo Cosméticos,Kiss You More,2025,https://www.fragrantica.com/perfume/Ciclo-Cosmeticos/Kiss-You-More-108943.html
38383,Ciclo Cosméticos,La Luna,2016,https://www.fragrantica.com/perfume/Ciclo-Cosmeticos/La-Luna-56975.html
38384,Ciclo Cosméticos,La Vida,2016,https://www.fragrantica.com/perfume/Ciclo-Cosmeticos/La-Vida-56974.html
38385,Ciclo Cosméticos,Light,2018,https://www.fragrantica.com/perfume/Ciclo-Cosmeticos/Light-68657.html
38386,Ciclo Cosméticos,Love,2019,https://www.fragrantica.com/perfume/Ciclo-Cosmeticos/Love-68652.html
38387,Ciclo Cosméticos,Move Youly Kéfera,2025,https://www.fragrantica.com/perfume/Ciclo-Cosmeticos/Move-Youly-Kefera-120432.html
38388,Ciclo Cosméticos,Oriental Neon,2020,https://www.fragrantica.com/perfume/Ciclo-Cosmeticos/Oriental-Neon-68647.html
38389,Ciclo Cosméticos,Power Youly Kéfera,2025,https://www.fragrantica.com/perfume/Ciclo-Cosmeticos/Power-Youly-Kefera-120433.html
38390,Ciclo Cosméticos,Rainbow,2019,https://www.fragrantica.com/perfume/Ciclo-Cosmeticos/Rainbow-68650.html
38391,Ciclo Cosméticos,Retrô,2019,https://www.fragrantica.com/perfume/Ciclo-Cosmeticos/Retro-68653.html
38392,Ciclo Cosméticos,Seduction,2018,https://www.fragrantica.com/perfume/Ciclo-Cosmeticos/Seduction-90220.html
38393,Ciclo Cosméticos,Sunset,2023,https://www.fragrantica.com/perfume/Ciclo-Cosmeticos/Sunset-84540.html
38394,Ciclo Cosméticos,Velvety,2026,https://www.fragrantica.com/perfume/Ciclo-Cosmeticos/Velvety-130960.html
38395,Ciclo Cosméticos,Zahra,2025,https://www.fragrantica.com/perfume/Ciclo-Cosmeticos/Zahra-105106.html
38396,CIEL Parfum,Absolute Ego,2015,https://www.fragrantica.com/perfume/CIEL-Parfum/Absolute-Ego-34158.html
38397,CIEL Parfum,Aimez Moi,2007,https://www.fragrantica.com/perfume/CIEL-Parfum/Aimez-Moi-34484.html
38398,CIEL Parfum,Aisha,,https://www.fragrantica.com/perfume/CIEL-Parfum/Aisha-34131.html
38399,CIEL Parfum,Amani,,https://www.fragrantica.com/perfume/CIEL-Parfum/Amani-34095.html
38400,CIEL Parfum,Ange du Ciel,2005,https://www.fragrantica.com/perfume/CIEL-Parfum/Ange-du-Ciel-34134.html
38401,CIEL Parfum,Anytime,2020,https://www.fragrantica.com/perfume/CIEL-Parfum/Anytime-64149.html
38402,CIEL Parfum,Aqua,,https://www.fragrantica.com/perfume/CIEL-Parfum/Aqua-34162.html
38403,CIEL Parfum,Arc-en-ciel 1 Million Pleasures,,https://www.fragrantica.com/perfume/CIEL-Parfum/Arc-en-ciel-1-Million-Pleasures-33959.html
38404,CIEL Parfum,Arc-en-Ciel Corset,,https://www.fragrantica.com/perfume/CIEL-Parfum/Arc-en-Ciel-Corset-33995.html
38405,CIEL Parfum,Arc-en-Ciel Crystal Rose,,https://www.fragrantica.com/perfume/CIEL-Parfum/Arc-en-Ciel-Crystal-Rose-33979.html
38406,CIEL Parfum,Arc-en-Ciel Halloween,,https://www.fragrantica.com/perfume/CIEL-Parfum/Arc-en-Ciel-Halloween-34077.html
38407,CIEL Parfum,Arc-en-Ciel Kiss,,https://www.fragrantica.com/perfume/CIEL-Parfum/Arc-en-Ciel-Kiss-34452.html
38408,CIEL Parfum,Arc-en-Ciel Morning Rose,,https://www.fragrantica.com/perfume/CIEL-Parfum/Arc-en-Ciel-Morning-Rose-33980.html
38409,CIEL Parfum,Arc-en-Ciel № 10,,https://www.fragrantica.com/perfume/CIEL-Parfum/Arc-en-Ciel-10-34123.html
38410,CIEL Parfum,Arc-en-Ciel № 11,,https://www.fragrantica.com/perfume/CIEL-Parfum/Arc-en-Ciel-11-34122.html
38411,CIEL Parfum,Arc-en-Ciel № 12,,https://www.fragrantica.com/perfume/CIEL-Parfum/Arc-en-Ciel-12-34121.html
38412,CIEL Parfum,Arc-en-Ciel № 14,,https://www.fragrantica.com/perfume/CIEL-Parfum/Arc-en-Ciel-14-34120.html
38413,CIEL Parfum,Arc-en-Ciel № 15,,https://www.fragrantica.com/perfume/CIEL-Parfum/Arc-en-Ciel-15-34119.html
38414,CIEL Parfum,Arc-en-Ciel № 16,,https://www.fragrantica.com/perfume/CIEL-Parfum/Arc-en-Ciel-16-34118.html
38415,CIEL Parfum,Arc-en-Ciel № 17,,https://www.fragrantica.com/perfume/CIEL-Parfum/Arc-en-Ciel-17-34117.html
38416,CIEL Parfum,Arc-en-Ciel № 19,,https://www.fragrantica.com/perfume/CIEL-Parfum/Arc-en-Ciel-19-34080.html
38417,CIEL Parfum,Arc-en-Ciel № 20,,https://www.fragrantica.com/perfume/CIEL-Parfum/Arc-en-Ciel-20-34073.html
38418,CIEL Parfum,Arc-en-Ciel № 21,,https://www.fragrantica.com/perfume/CIEL-Parfum/Arc-en-Ciel-21-34072.html
38419,CIEL Parfum,Arc-en-Ciel № 22,,https://www.fragrantica.com/perfume/CIEL-Parfum/Arc-en-Ciel-22-34066.html
38420,CIEL Parfum,Arc-en-Ciel № 23,,https://www.fragrantica.com/perfume/CIEL-Parfum/Arc-en-Ciel-23-34059.html
38421,CIEL Parfum,Arc-en-Ciel № 24,,https://www.fragrantica.com/perfume/CIEL-Parfum/Arc-en-Ciel-24-34000.html
38422,CIEL Parfum,Arc-en-Ciel № 25,,https://www.fragrantica.com/perfume/CIEL-Parfum/Arc-en-Ciel-25-33964.html
38423,CIEL Parfum,Arc-en-Ciel № 3,,https://www.fragrantica.com/perfume/CIEL-Parfum/Arc-en-Ciel-3-34129.html
38424,CIEL Parfum,Arc-en-Ciel № 4,,https://www.fragrantica.com/perfume/CIEL-Parfum/Arc-en-Ciel-4-34128.html
38425,CIEL Parfum,Arc-en-Ciel № 5,,https://www.fragrantica.com/perfume/CIEL-Parfum/Arc-en-Ciel-5-34127.html
38426,CIEL Parfum,Arc-en-Ciel № 6,,https://www.fragrantica.com/perfume/CIEL-Parfum/Arc-en-Ciel-6-34126.html
38427,CIEL Parfum,Arc-en-Ciel № 7,,https://www.fragrantica.com/perfume/CIEL-Parfum/Arc-en-Ciel-7-34125.html
38428,CIEL Parfum,Arc-en-Ciel № 8,,https://www.fragrantica.com/perfume/CIEL-Parfum/Arc-en-Ciel-8-34124.html
38429,CIEL Parfum,Arc-en-Ciel Passion,2015,https://www.fragrantica.com/perfume/CIEL-Parfum/Arc-en-Ciel-Passion-33966.html
38430,CIEL Parfum,Attendez Moi,2007,https://www.fragrantica.com/perfume/CIEL-Parfum/Attendez-Moi-34488.html
38431,CIEL Parfum,Boa,,https://www.fragrantica.com/perfume/CIEL-Parfum/Boa-33996.html
38432,CIEL Parfum,Brillance,2017,https://www.fragrantica.com/perfume/CIEL-Parfum/Brillance-47328.html
38433,CIEL Parfum,British Club,2020,https://www.fragrantica.com/perfume/CIEL-Parfum/British-Club-64145.html
38434,CIEL Parfum,Carrousel d'Ete,,https://www.fragrantica.com/perfume/CIEL-Parfum/Carrousel-d-Ete-34766.html
38435,CIEL Parfum,Cherchez Moi,2007,https://www.fragrantica.com/perfume/CIEL-Parfum/Cherchez-Moi-34487.html
38436,CIEL Parfum,Ciel,,https://huggingface.co/datasets/doevent/perfume
38437,CIEL Parfum,Ciel Crystal,,https://huggingface.co/datasets/doevent/perfume
38438,CIEL Parfum,Ciel D'Or,,https://huggingface.co/datasets/doevent/perfume
38439,CIEL Parfum,Ciel Love,,https://huggingface.co/datasets/doevent/perfume
38440,CIEL Parfum,Ciel Magic,,https://huggingface.co/datasets/doevent/perfume
38441,CIEL Parfum,Ciel Nuit,,https://huggingface.co/datasets/doevent/perfume
38442,CIEL Parfum,Ciel Nuit 1,,https://huggingface.co/datasets/doevent/perfume
38443,CIEL Parfum,Ciel Paradise,,https://huggingface.co/datasets/doevent/perfume
38444,CIEL Parfum,CIEL Pour Femme,2012,https://www.fragrantica.com/perfume/CIEL-Parfum/CIEL-Pour-Femme-34083.html
38445,CIEL Parfum,Ciel Rose,,https://huggingface.co/datasets/doevent/perfume
38446,CIEL Parfum,Courage,,https://www.fragrantica.com/perfume/CIEL-Parfum/Courage-34137.html
38447,CIEL Parfum,Crash,,https://www.fragrantica.com/perfume/CIEL-Parfum/Crash-34167.html
38448,CIEL Parfum,Crazy U Delight,,https://www.fragrantica.com/perfume/CIEL-Parfum/Crazy-U-Delight-34296.html
38449,CIEL Parfum,Crazy U Intense,,https://www.fragrantica.com/perfume/CIEL-Parfum/Crazy-U-Intense-34082.html
38450,CIEL Parfum,Crazy U Intrigue,,https://www.fragrantica.com/perfume/CIEL-Parfum/Crazy-U-Intrigue-34297.html
38451,CIEL Parfum,Crazy U Midnight,,https://www.fragrantica.com/perfume/CIEL-Parfum/Crazy-U-Midnight-34065.html
38452,CIEL Parfum,Crazy U Non-Stop,,https://www.fragrantica.com/perfume/CIEL-Parfum/Crazy-U-Non-Stop-34060.html
38453,CIEL Parfum,Crazy U Sponsor,,https://www.fragrantica.com/perfume/CIEL-Parfum/Crazy-U-Sponsor-34166.html
38454,CIEL Parfum,Crazy U The Best,,https://www.fragrantica.com/perfume/CIEL-Parfum/Crazy-U-The-Best-34164.html
38455,CIEL Parfum,Crazy U Ultra Sense,,https://www.fragrantica.com/perfume/CIEL-Parfum/Crazy-U-Ultra-Sense-34295.html
38456,CIEL Parfum,Creez Moi,2007,https://www.fragrantica.com/perfume/CIEL-Parfum/Creez-Moi-34489.html
38457,CIEL Parfum,Demi-Lune Black,,https://www.fragrantica.com/perfume/CIEL-Parfum/Demi-Lune-Black-34169.html
38458,CIEL Parfum,Demi-Lune Corrida,,https://www.fragrantica.com/perfume/CIEL-Parfum/Demi-Lune-Corrida-34159.html
38459,CIEL Parfum,Demi-Lune Idol,,https://www.fragrantica.com/perfume/CIEL-Parfum/Demi-Lune-Idol-34168.html
38460,CIEL Parfum,Demi-Lune № 13,,https://www.fragrantica.com/perfume/CIEL-Parfum/Demi-Lune-13-34175.html
38461,CIEL Parfum,Demi-Lune № 16,,https://www.fragrantica.com/perfume/CIEL-Parfum/Demi-Lune-16-34174.html
38462,CIEL Parfum,Demi-Lune № 17,,https://www.fragrantica.com/perfume/CIEL-Parfum/Demi-Lune-17-34173.html
38463,CIEL Parfum,Demi-Lune № 18,,https://www.fragrantica.com/perfume/CIEL-Parfum/Demi-Lune-18-34172.html
38464,CIEL Parfum,Demi-Lune № 19,,https://www.fragrantica.com/perfume/CIEL-Parfum/Demi-Lune-19-34170.html
38465,CIEL Parfum,Demi-Lune № 2,,https://www.fragrantica.com/perfume/CIEL-Parfum/Demi-Lune-2-34181.html
38466,CIEL Parfum,Demi-Lune № 21,,https://www.fragrantica.com/perfume/CIEL-Parfum/Demi-Lune-21-34165.html
38467,CIEL Parfum,Demi-Lune № 22,,https://www.fragrantica.com/perfume/CIEL-Parfum/Demi-Lune-22-34163.html
38468,CIEL Parfum,Demi-Lune № 23,,https://www.fragrantica.com/perfume/CIEL-Parfum/Demi-Lune-23-34160.html
38469,CIEL Parfum,Demi-Lune № 24,,https://www.fragrantica.com/perfume/CIEL-Parfum/Demi-Lune-24-34161.html
38470,CIEL Parfum,Demi-Lune № 4,,https://www.fragrantica.com/perfume/CIEL-Parfum/Demi-Lune-4-34180.html
38471,CIEL Parfum,Demi-Lune № 6,,https://www.fragrantica.com/perfume/CIEL-Parfum/Demi-Lune-6-34179.html
38472,CIEL Parfum,Demi-Lune № 7,,https://www.fragrantica.com/perfume/CIEL-Parfum/Demi-Lune-7-34178.html
38473,CIEL Parfum,Demi-Lune № 8,,https://www.fragrantica.com/perfume/CIEL-Parfum/Demi-Lune-8-34177.html
38474,CIEL Parfum,Demi-Lune № 9,,https://www.fragrantica.com/perfume/CIEL-Parfum/Demi-Lune-9-34176.html
38475,CIEL Parfum,Demi-Lune Surf,2017,https://www.fragrantica.com/perfume/CIEL-Parfum/Demi-Lune-Surf-47367.html
38476,CIEL Parfum,Demon du Ciel,,https://www.fragrantica.com/perfume/CIEL-Parfum/Demon-du-Ciel-34135.html
38477,CIEL Parfum,Ecoutez Moi,2007,https://www.fragrantica.com/perfume/CIEL-Parfum/Ecoutez-Moi-34486.html
38478,CIEL Parfum,Energique,,https://www.fragrantica.com/perfume/CIEL-Parfum/Energique-34449.html
38479,CIEL Parfum,Gardez Moi,2007,https://www.fragrantica.com/perfume/CIEL-Parfum/Gardez-Moi-34139.html
38480,CIEL Parfum,Glamour,,https://www.fragrantica.com/perfume/CIEL-Parfum/Glamour-33997.html
38481,CIEL Parfum,Happy Essence,,https://www.fragrantica.com/perfume/CIEL-Parfum/Happy-Essence-34130.html
38482,CIEL Parfum,Happy Essence Eden,,https://www.fragrantica.com/perfume/CIEL-Parfum/Happy-Essence-Eden-34081.html
38483,CIEL Parfum,Happy Essence Forever,,https://www.fragrantica.com/perfume/CIEL-Parfum/Happy-Essence-Forever-34086.html
38484,CIEL Parfum,High-Grade,2020,https://www.fragrantica.com/perfume/CIEL-Parfum/High-Grade-64146.html
38485,CIEL Parfum,In Love,2020,https://www.fragrantica.com/perfume/CIEL-Parfum/In-Love-64151.html
38486,CIEL Parfum,Insight,2019,https://www.fragrantica.com/perfume/CIEL-Parfum/Insight-64147.html
38487,CIEL Parfum,Je t’aime Bora Bora,,https://www.fragrantica.com/perfume/CIEL-Parfum/Je-t-aime-Bora-Bora-34068.html
38488,CIEL Parfum,Je t’aime Caribbean,,https://www.fragrantica.com/perfume/CIEL-Parfum/Je-t-aime-Caribbean-34069.html
38489,CIEL Parfum,Je t’aime Maldives,,https://www.fragrantica.com/perfume/CIEL-Parfum/Je-t-aime-Maldives-34070.html
38490,CIEL Parfum,Je t’aime New York,,https://www.fragrantica.com/perfume/CIEL-Parfum/Je-t-aime-New-York-34088.html
38491,CIEL Parfum,Je t’aime Paris,,https://www.fragrantica.com/perfume/CIEL-Parfum/Je-t-aime-Paris-34090.html
38492,CIEL Parfum,Je t’aime Rome,,https://www.fragrantica.com/perfume/CIEL-Parfum/Je-t-aime-Rome-34089.html
38493,CIEL Parfum,Kamila,,https://www.fragrantica.com/perfume/CIEL-Parfum/Kamila-34094.html
38494,CIEL Parfum,L’Amour..r..r,,https://www.fragrantica.com/perfume/CIEL-Parfum/L-Amour-r-r-34002.html
38495,CIEL Parfum,L’Amour…r…r Purpur,,https://www.fragrantica.com/perfume/CIEL-Parfum/L-Amour-r-r-Purpur-33965.html
38496,CIEL Parfum,L’Image,,https://www.fragrantica.com/perfume/CIEL-Parfum/L-Image-34084.html
38497,CIEL Parfum,L’Image Nude,,https://www.fragrantica.com/perfume/CIEL-Parfum/L-Image-Nude-34074.html
38498,CIEL Parfum,Lady Vogue Couture,,https://www.fragrantica.com/perfume/CIEL-Parfum/Lady-Vogue-Couture-33963.html
38499,CIEL Parfum,Lady Vogue Finesse,,https://www.fragrantica.com/perfume/CIEL-Parfum/Lady-Vogue-Finesse-33962.html
38500,CIEL Parfum,Lady Vogue Grace,,https://www.fragrantica.com/perfume/CIEL-Parfum/Lady-Vogue-Grace-33961.html
38501,CIEL Parfum,Leila,,https://www.fragrantica.com/perfume/CIEL-Parfum/Leila-34093.html
38502,CIEL Parfum,Lemis,,https://www.fragrantica.com/perfume/CIEL-Parfum/Lemis-34092.html
38503,CIEL Parfum,Maria Shukshina Premiere,2015,https://www.fragrantica.com/perfume/CIEL-Parfum/Maria-Shukshina-Premiere-35650.html
38504,CIEL Parfum,Noir,,https://www.fragrantica.com/perfume/CIEL-Parfum/Noir-104669.html
38505,CIEL Parfum,Nuage Boa,2012,https://www.fragrantica.com/perfume/CIEL-Parfum/Nuage-Boa-34718.html
38506,CIEL Parfum,Nuage Freshness,,https://www.fragrantica.com/perfume/CIEL-Parfum/Nuage-Freshness-34719.html
38507,CIEL Parfum,Nuage Mist de Lilas,2017,https://www.fragrantica.com/perfume/CIEL-Parfum/Nuage-Mist-de-Lilas-45961.html
38508,CIEL Parfum,Nuage Mystere,,https://www.fragrantica.com/perfume/CIEL-Parfum/Nuage-Mystere-34079.html
38509,CIEL Parfum,Nuage № 1,,https://www.fragrantica.com/perfume/CIEL-Parfum/Nuage-1-34133.html
38510,CIEL Parfum,Nuage № 10,,https://www.fragrantica.com/perfume/CIEL-Parfum/Nuage-10-34109.html
38511,CIEL Parfum,Nuage № 107,,https://www.fragrantica.com/perfume/CIEL-Parfum/Nuage-107-34112.html
38512,CIEL Parfum,Nuage № 13,,https://www.fragrantica.com/perfume/CIEL-Parfum/Nuage-13-34108.html
38513,CIEL Parfum,Nuage № 15,,https://www.fragrantica.com/perfume/CIEL-Parfum/Nuage-15-34107.html
38514,CIEL Parfum,Nuage № 17,,https://www.fragrantica.com/perfume/CIEL-Parfum/Nuage-17-34106.html
38515,CIEL Parfum,Nuage № 21,,https://www.fragrantica.com/perfume/CIEL-Parfum/Nuage-21-34105.html
38516,CIEL Parfum,Nuage № 22,,https://www.fragrantica.com/perfume/CIEL-Parfum/Nuage-22-34104.html
38517,CIEL Parfum,Nuage № 23,,https://www.fragrantica.com/perfume/CIEL-Parfum/Nuage-23-34103.html
38518,CIEL Parfum,Nuage № 24,,https://www.fragrantica.com/perfume/CIEL-Parfum/Nuage-24-34102.html
38519,CIEL Parfum,Nuage № 25,,https://www.fragrantica.com/perfume/CIEL-Parfum/Nuage-25-34101.html
38520,CIEL Parfum,Nuage № 28,,https://www.fragrantica.com/perfume/CIEL-Parfum/Nuage-28-34075.html
38521,CIEL Parfum,Nuage № 29,,https://www.fragrantica.com/perfume/CIEL-Parfum/Nuage-29-34067.html
38522,CIEL Parfum,Nuage № 3,,https://www.fragrantica.com/perfume/CIEL-Parfum/Nuage-3-34116.html
38523,CIEL Parfum,Nuage № 30,,https://www.fragrantica.com/perfume/CIEL-Parfum/Nuage-30-34003.html
38524,CIEL Parfum,Nuage № 31,,https://www.fragrantica.com/perfume/CIEL-Parfum/Nuage-31-33969.html
38525,CIEL Parfum,Nuage № 32,,https://www.fragrantica.com/perfume/CIEL-Parfum/Nuage-32-33999.html
38526,CIEL Parfum,Nuage № 33,,https://www.fragrantica.com/perfume/CIEL-Parfum/Nuage-33-33994.html
38527,CIEL Parfum,Nuage № 4,,https://www.fragrantica.com/perfume/CIEL-Parfum/Nuage-4-34115.html
38528,CIEL Parfum,Nuage № 5,,https://www.fragrantica.com/perfume/CIEL-Parfum/Nuage-5-34114.html
38529,CIEL Parfum,Nuage № 6,,https://www.fragrantica.com/perfume/CIEL-Parfum/Nuage-6-34113.html
38530,CIEL Parfum,Nuage № 8,,https://www.fragrantica.com/perfume/CIEL-Parfum/Nuage-8-34111.html
38531,CIEL Parfum,Nuage № 9,,https://www.fragrantica.com/perfume/CIEL-Parfum/Nuage-9-34110.html
38532,CIEL Parfum,Nuage Romantic,,https://www.fragrantica.com/perfume/CIEL-Parfum/Nuage-Romantic-34716.html
38533,CIEL Parfum,Nuage Rouge,2015,https://www.fragrantica.com/perfume/CIEL-Parfum/Nuage-Rouge-33967.html
38534,CIEL Parfum,One More,2020,https://www.fragrantica.com/perfume/CIEL-Parfum/One-More-64150.html
38535,CIEL Parfum,Paris Seasons Paradis Vert,,https://www.fragrantica.com/perfume/CIEL-Parfum/Paris-Seasons-Paradis-Vert-34763.html
38536,CIEL Parfum,Paris Seasons Robe d'Hiver,,https://www.fragrantica.com/perfume/CIEL-Parfum/Paris-Seasons-Robe-d-Hiver-34765.html
38537,CIEL Parfum,Paris Seasons Souffle d'Automne,,https://www.fragrantica.com/perfume/CIEL-Parfum/Paris-Seasons-Souffle-d-Automne-34762.html
38538,CIEL Parfum,Relax,,https://www.fragrantica.com/perfume/CIEL-Parfum/Relax-34071.html
38539,CIEL Parfum,Renommée,,https://www.fragrantica.com/perfume/CIEL-Parfum/Renommee-34076.html
38540,CIEL Parfum,Robe d'Hiver,,https://www.fragrantica.com/perfume/CIEL-Parfum/Robe-d-Hiver-34140.html
38541,CIEL Parfum,Roll in Money,2020,https://www.fragrantica.com/perfume/CIEL-Parfum/Roll-in-Money-64144.html
38542,CIEL Parfum,Saison du Chocolat,,https://www.fragrantica.com/perfume/CIEL-Parfum/Saison-du-Chocolat-34063.html
38543,CIEL Parfum,Saison Fabuleuse,,https://www.fragrantica.com/perfume/CIEL-Parfum/Saison-Fabuleuse-33998.html
38544,CIEL Parfum,Sex&Success Charm Double Effect,,https://www.fragrantica.com/perfume/CIEL-Parfum/Sex-Success-Charm-Double-Effect-33978.html
38545,CIEL Parfum,Sex&Success Instinct,,https://www.fragrantica.com/perfume/CIEL-Parfum/Sex-Success-Instinct-34061.html
38546,CIEL Parfum,Sexuel,,https://www.fragrantica.com/perfume/CIEL-Parfum/Sexuel-34138.html
38547,CIEL Parfum,Soleil Amulet,2013,https://www.fragrantica.com/perfume/CIEL-Parfum/Soleil-Amulet-34078.html
38548,CIEL Parfum,Soleil Le Midi,,https://www.fragrantica.com/perfume/CIEL-Parfum/Soleil-Le-Midi-34450.html
38549,CIEL Parfum,Soleil № 1,,https://www.fragrantica.com/perfume/CIEL-Parfum/Soleil-1-34132.html
38550,CIEL Parfum,Soleil № 10,,https://www.fragrantica.com/perfume/CIEL-Parfum/Soleil-10-34062.html
38551,CIEL Parfum,Soleil № 2,,https://www.fragrantica.com/perfume/CIEL-Parfum/Soleil-2-45007.html
38552,CIEL Parfum,Soleil № 3,,https://www.fragrantica.com/perfume/CIEL-Parfum/Soleil-3-34100.html
38553,CIEL Parfum,Soleil № 4,,https://www.fragrantica.com/perfume/CIEL-Parfum/Soleil-4-34099.html
38554,CIEL Parfum,Soleil № 5,,https://www.fragrantica.com/perfume/CIEL-Parfum/Soleil-5-34098.html
38555,CIEL Parfum,Soleil № 7,,https://www.fragrantica.com/perfume/CIEL-Parfum/Soleil-7-34097.html
38556,CIEL Parfum,Soleil № 8,,https://www.fragrantica.com/perfume/CIEL-Parfum/Soleil-8-34096.html
38557,CIEL Parfum,Soleil № 9,,https://www.fragrantica.com/perfume/CIEL-Parfum/Soleil-9-34087.html
38558,CIEL Parfum,Soleil Purple,,https://www.fragrantica.com/perfume/CIEL-Parfum/Soleil-Purple-34451.html
38559,CIEL Parfum,Soleil Robe Noire,,https://www.fragrantica.com/perfume/CIEL-Parfum/Soleil-Robe-Noire-34085.html
38560,CIEL Parfum,Soleil Special,,https://www.fragrantica.com/perfume/CIEL-Parfum/Soleil-Special-34136.html
38561,CIEL Parfum,Soleil Sunrise,,https://www.fragrantica.com/perfume/CIEL-Parfum/Soleil-Sunrise-33968.html
38562,CIEL Parfum,Taboo,2019,https://www.fragrantica.com/perfume/CIEL-Parfum/Taboo-64148.html
38563,CIEL Parfum,Tango,,https://www.fragrantica.com/perfume/CIEL-Parfum/Tango-34091.html
38564,CIEL Parfum,Tango Argentina,,https://www.fragrantica.com/perfume/CIEL-Parfum/Tango-Argentina-33960.html
38565,CIEL Parfum,Tanguero,,https://www.fragrantica.com/perfume/CIEL-Parfum/Tanguero-34171.html
38566,CIEL Parfum,Vin Nouveau,,https://www.fragrantica.com/perfume/CIEL-Parfum/Vin-Nouveau-34001.html
38567,Cigar,Aromatic Amber,2014,https://www.fragrantica.com/perfume/Cigar/Aromatic-Amber-28691.html
38568,Cigar,Bois de Cachemire,2014,https://www.fragrantica.com/perfume/Cigar/Bois-de-Cachemire-28689.html
38569,Cigar,Essence de Bois Precieux,2014,https://www.fragrantica.com/perfume/Cigar/Essence-de-Bois-Precieux-28690.html
38570,Cigar,Iris of Florence,2014,https://www.fragrantica.com/perfume/Cigar/Iris-of-Florence-28692.html
38571,Cigar,Jasmin de Grasse,2014,https://www.fragrantica.com/perfume/Cigar/Jasmin-de-Grasse-28695.html
38572,Cigar,Mystic Scent,2014,https://www.fragrantica.com/perfume/Cigar/Mystic-Scent-28688.html
38573,Cigar,Rose Noire,2014,https://www.fragrantica.com/perfume/Cigar/Rose-Noire-28694.html
38574,Cigar,Silver Essence,2014,https://www.fragrantica.com/perfume/Cigar/Silver-Essence-28687.html
38575,Cigar,Vanille Tonka,2014,https://www.fragrantica.com/perfume/Cigar/Vanille-Tonka-28693.html
38576,Cigno Nero,Anima Libera,2020,https://www.fragrantica.com/perfume/Cigno-Nero/Anima-Libera-66780.html
38577,Cigno Nero,Araba Fenice,2020,https://www.fragrantica.com/perfume/Cigno-Nero/Araba-Fenice-66781.html
38578,Cigno Nero,Blu Divino,2024,https://www.fragrantica.com/perfume/Cigno-Nero/Blu-Divino-90775.html
38579,Cigno Nero,Dolce Canto,2020,https://www.fragrantica.com/perfume/Cigno-Nero/Dolce-Canto-66782.html
38580,Cigno Nero,Estremo Incanto,2025,https://www.fragrantica.com/perfume/Cigno-Nero/Estremo-Incanto-103089.html
38581,Cigno Nero,Forza Suprema,2020,https://www.fragrantica.com/perfume/Cigno-Nero/Forza-Suprema-66783.html
38582,Cigno Nero,Pura Essenza,2020,https://www.fragrantica.com/perfume/Cigno-Nero/Pura-Essenza-66784.html
38583,Cimed,Carmed Amor de Verão,2025,https://www.fragrantica.com/perfume/Cimed/Carmed-Amor-de-Verao-128401.html
38584,Cimed,Carmed Luz do Sol,2025,https://www.fragrantica.com/perfume/Cimed/Carmed-Luz-do-Sol-128400.html
38585,Cimed,Carmed Nas Nuvens,2025,https://www.fragrantica.com/perfume/Cimed/Carmed-Nas-Nuvens-128399.html
38586,Cinch,Cinch Classic,,https://www.fragrantica.com/perfume/Cinch/Cinch-Classic-21114.html
38587,Cinch,Ninety.Six,,https://www.fragrantica.com/perfume/Cinch/Ninety-Six-21113.html
38588,Cindy Adams,Gossip,1997,https://www.fragrantica.com/perfume/Cindy-Adams/Gossip-13699.html
38589,Cindy C.,Accession,,https://www.fragrantica.com/perfume/Cindy-C/Accession-28659.html
38590,Cindy C.,Accession For Him,,https://www.fragrantica.com/perfume/Cindy-C/Accession-For-Him-28671.html
38591,Cindy C.,Amiral Design,,https://www.fragrantica.com/perfume/Cindy-C/Amiral-Design-23680.html
38592,Cindy C.,Amiral Edition,,https://www.fragrantica.com/perfume/Cindy-C/Amiral-Edition-23679.html
38593,Cindy C.,Atomik,,https://www.fragrantica.com/perfume/Cindy-C/Atomik-28643.html
38594,Cindy C.,Atomik Intense,,https://www.fragrantica.com/perfume/Cindy-C/Atomik-Intense-28649.html
38595,Cindy C.,Bijourka,2003,https://www.fragrantica.com/perfume/Cindy-C/Bijourka-22505.html
38596,Cindy C.,Black & White,,https://www.fragrantica.com/perfume/Cindy-C/Black-White-28648.html
38597,Cindy C.,C de Cindy,,https://www.fragrantica.com/perfume/Cindy-C/C-de-Cindy-28663.html
38598,Cindy C.,C For You,,https://www.fragrantica.com/perfume/Cindy-C/C-For-You-22515.html
38599,Cindy C.,Ca Va,,https://www.fragrantica.com/perfume/Cindy-C/Ca-Va-28652.html
38600,Cindy C.,Ca Va Pink,,https://www.fragrantica.com/perfume/Cindy-C/Ca-Va-Pink-28657.html
38601,Cindy C.,Cindy Key,,https://www.fragrantica.com/perfume/Cindy-C/Cindy-Key-28654.html
38602,Cindy C.,Cufflink,,https://www.fragrantica.com/perfume/Cindy-C/Cufflink-28670.html
38603,Cindy C.,Cufflink Intense,,https://www.fragrantica.com/perfume/Cindy-C/Cufflink-Intense-28673.html
38604,Cindy C.,Darwin,,https://www.fragrantica.com/perfume/Cindy-C/Darwin-22508.html
38605,Cindy C.,Lom,,https://www.fragrantica.com/perfume/Cindy-C/Lom-22516.html
38606,Cindy C.,Malia,2000,https://www.fragrantica.com/perfume/Cindy-C/Malia-138837.html
38607,Cindy C.,Nightinium,,https://www.fragrantica.com/perfume/Cindy-C/Nightinium-33384.html
38608,Cindy C.,Ocean Pearl,,https://www.fragrantica.com/perfume/Cindy-C/Ocean-Pearl-28647.html
38609,Cindy C.,Orange Orange,,https://www.fragrantica.com/perfume/Cindy-C/Orange-Orange-33783.html
38610,Cindy C.,Own It,,https://www.fragrantica.com/perfume/Cindy-C/Own-It-22506.html
38611,Cindy C.,Plenium,,https://www.fragrantica.com/perfume/Cindy-C/Plenium-28650.html
38612,Cindy C.,Princesse Diana,,https://www.fragrantica.com/perfume/Cindy-C/Princesse-Diana-28644.html
38613,Cindy C.,Royal Garden,,https://www.fragrantica.com/perfume/Cindy-C/Royal-Garden-28653.html
38614,Cindy C.,Royal Garden Intense,,https://www.fragrantica.com/perfume/Cindy-C/Royal-Garden-Intense-28658.html
38615,Cindy C.,Sagapo,,https://www.fragrantica.com/perfume/Cindy-C/Sagapo-28655.html
38616,Cindy C.,The Diamond,,https://www.fragrantica.com/perfume/Cindy-C/The-Diamond-22510.html
38617,Cindy C.,The Diamond Purple,,https://www.fragrantica.com/perfume/Cindy-C/The-Diamond-Purple-28645.html
38618,Cindy C.,Theleme,,https://www.fragrantica.com/perfume/Cindy-C/Theleme-28651.html
38619,Cindy C.,Ti Amo,,https://www.fragrantica.com/perfume/Cindy-C/Ti-Amo-28656.html
38620,Cindy C.,Ti Amo For Men,,https://www.fragrantica.com/perfume/Cindy-C/Ti-Amo-For-Men-28668.html
38621,Cindy C.,Tornade,,https://www.fragrantica.com/perfume/Cindy-C/Tornade-22512.html
38622,Cindy C.,Toross,,https://www.fragrantica.com/perfume/Cindy-C/Toross-22513.html
38623,Cindy C.,Toross Black,,https://www.fragrantica.com/perfume/Cindy-C/Toross-Black-28672.html
38624,Cindy C.,Tuileries,,https://www.fragrantica.com/perfume/Cindy-C/Tuileries-22518.html
38625,Cindy C.,Uge,,https://www.fragrantica.com/perfume/Cindy-C/Uge-41766.html
38626,Cindy C.,Watergate,,https://www.fragrantica.com/perfume/Cindy-C/Watergate-22517.html
38627,Cindy C.,Waterworld,,https://www.fragrantica.com/perfume/Cindy-C/Waterworld-28661.html
38628,Cindy C.,Waterworld Red,,https://www.fragrantica.com/perfume/Cindy-C/Waterworld-Red-28662.html
38629,Cindy C.,Zafira,,https://www.fragrantica.com/perfume/Cindy-C/Zafira-28646.html
38630,Cindy Crawford,Cindy Crawford,2002,https://www.fragrantica.com/perfume/Cindy-Crawford/Cindy-Crawford-365.html
38631,Cindy Crawford,Cindy Crawford Feminine,,https://www.fragrantica.com/perfume/Cindy-Crawford/Cindy-Crawford-Feminine-366.html
38632,Cindy Crawford,Joyful,,https://www.fragrantica.com/perfume/Cindy-Crawford/Joyful-367.html
38633,Cindy Crawford,Summer Day,2006,https://www.fragrantica.com/perfume/Cindy-Crawford/Summer-Day-1791.html
38634,Cindy Crawford,Waterfalls,2005,https://www.fragrantica.com/perfume/Cindy-Crawford/Waterfalls-368.html
38635,Cinematic Infusions,Absinthe,2022,https://www.fragrantica.com/perfume/Cinematic-Infusions/Absinthe-76328.html
38636,Cinematic Infusions,Everlasting,2022,https://www.fragrantica.com/perfume/Cinematic-Infusions/Everlasting-76327.html
38637,Cinematic Infusions,Wonka,2022,https://www.fragrantica.com/perfume/Cinematic-Infusions/Wonka-76329.html
38638,Cinnamon Projects,10 AM,2015,https://www.fragrantica.com/perfume/Cinnamon-Projects/10-AM-42726.html
38639,Cinnamon Projects,11 PM,2015,https://www.fragrantica.com/perfume/Cinnamon-Projects/11-PM-42729.html
38640,Cinnamon Projects,2 PM,2015,https://www.fragrantica.com/perfume/Cinnamon-Projects/2-PM-42727.html
38641,Cinnamon Projects,8 AM,2015,https://www.fragrantica.com/perfume/Cinnamon-Projects/8-AM-42725.html
38642,Cinnamon Projects,9 PM,2015,https://www.fragrantica.com/perfume/Cinnamon-Projects/9-PM-42728.html
38643,Cinnamon Projects,I Feel Love,2016,https://www.fragrantica.com/perfume/Cinnamon-Projects/I-Feel-Love-42724.html
38644,Cinq Mondes,Eau Egyptienne,,https://www.fragrantica.com/perfume/Cinq-Mondes/Eau-Egyptienne-4924.html
38645,Cinq Mondes,Eau Egyptienne Limited Edition,,https://www.fragrantica.com/perfume/Cinq-Mondes/Eau-Egyptienne-Limited-Edition-4925.html
38646,Cinq Mondes,Huile Somptueuse de l'Orient (Perfume Oil),,https://www.fragrantica.com/perfume/Cinq-Mondes/Huile-Somptueuse-de-l-Orient-10128.html
38647,Cinq Mondes,Jardins de Carthage,,https://www.fragrantica.com/perfume/Cinq-Mondes/Jardins-de-Carthage-10125.html
38648,Cinq Mondes,Pluie de Pétales de Fleurs d'Oranger,,https://www.fragrantica.com/perfume/Cinq-Mondes/Pluie-de-Petales-de-Fleurs-d-Oranger-10129.html
38649,Cinq Mondes,Pluie de Pétales de Roses,,https://www.fragrantica.com/perfume/Cinq-Mondes/Pluie-de-Petales-de-Roses-10130.html
38650,Cinq Mondes,Rituel de Bengalore,2007,https://www.fragrantica.com/perfume/Cinq-Mondes/Rituel-de-Bengalore-7928.html
38651,Cinq Mondes,Rituel de Java,2008,https://www.fragrantica.com/perfume/Cinq-Mondes/Rituel-de-Java-7925.html
38652,Cinq Mondes,Rituel de Kyoto,2007,https://www.fragrantica.com/perfume/Cinq-Mondes/Rituel-de-Kyoto-7924.html
38653,Cinq Mondes,Rituel de l'Atlas,2008,https://www.fragrantica.com/perfume/Cinq-Mondes/Rituel-de-l-Atlas-7926.html
38654,Cinq Mondes,Rituel du Siam,2007,https://www.fragrantica.com/perfume/Cinq-Mondes/Rituel-du-Siam-7927.html
38655,Cioccolato Mon Amour,Bianco Classico,2007,https://www.fragrantica.com/perfume/Cioccolato-Mon-Amour/Bianco-Classico-3654.html
38656,Cioccolato Mon Amour,Fondente Extra,2007,https://www.fragrantica.com/perfume/Cioccolato-Mon-Amour/Fondente-Extra-3655.html
38657,Circle of Lim,Art Deco Eau de Parfum,2023,https://www.fragrantica.com/perfume/Circle-of-Lim/Art-Deco-Eau-de-Parfum-101287.html
38658,Circle of Lim,Lost Generation Eau de Cologne,2023,https://www.fragrantica.com/perfume/Circle-of-Lim/Lost-Generation-Eau-de-Cologne-101292.html
38659,Circle of Lim,Mister Bungalow Eau de Cologne,2023,https://www.fragrantica.com/perfume/Circle-of-Lim/Mister-Bungalow-Eau-de-Cologne-101289.html
38660,Circle of Lim,Oblivion Eau de Parfum,2023,https://www.fragrantica.com/perfume/Circle-of-Lim/Oblivion-Eau-de-Parfum-101286.html
38661,Circle of Lim,Picnic Basket Eau de Cologne,2023,https://www.fragrantica.com/perfume/Circle-of-Lim/Picnic-Basket-Eau-de-Cologne-101290.html
38662,Circle of Lim,Wander’s End Eau de Parfum,2024,https://www.fragrantica.com/perfume/Circle-of-Lim/Wander-s-End-Eau-de-Parfum-101288.html
38663,Circle of Lim,Watercolor Eau de Cologne,2023,https://www.fragrantica.com/perfume/Circle-of-Lim/Watercolor-Eau-de-Cologne-101291.html
38664,Cirqadian,Away Message,2026,https://www.fragrantica.com/perfume/Cirqadian/Away-Message-139415.html
38665,Cirqadian,Brain Stems,2026,https://www.fragrantica.com/perfume/Cirqadian/Brain-Stems-139418.html
38666,Cirqadian,Good Anjou,2026,https://www.fragrantica.com/perfume/Cirqadian/Good-Anjou-139419.html
38667,Cirque du Soleil,L'eau de Parfum,2024,https://www.fragrantica.com/perfume/Cirque-du-Soleil/L-eau-de-Parfum-92656.html
38668,Cirrus Parfum,A Dog Named Pam,,https://www.fragrantica.com/perfume/Cirrus-Parfum/A-Dog-Named-Pam-122627.html
38669,Cirrus Parfum,Alibi,,https://www.fragrantica.com/perfume/Cirrus-Parfum/Alibi-122628.html
38670,Cirrus Parfum,Antique Nouveau,2024,https://www.fragrantica.com/perfume/Cirrus-Parfum/Antique-Nouveau-122607.html
38671,Cirrus Parfum,Bellano,,https://www.fragrantica.com/perfume/Cirrus-Parfum/Bellano-122608.html
38672,Cirrus Parfum,Calico Koi,,https://www.fragrantica.com/perfume/Cirrus-Parfum/Calico-Koi-122609.html
38673,Cirrus Parfum,Chamomile Cafe,2024,https://www.fragrantica.com/perfume/Cirrus-Parfum/Chamomile-Cafe-122610.html
38674,Cirrus Parfum,Daphnedil,2024,https://www.fragrantica.com/perfume/Cirrus-Parfum/Daphnedil-122611.html
38675,Cirrus Parfum,Duomo,2024,https://www.fragrantica.com/perfume/Cirrus-Parfum/Duomo-122612.html
38676,Cirrus Parfum,Enforced Modesty,,https://www.fragrantica.com/perfume/Cirrus-Parfum/Enforced-Modesty-122613.html
38677,Cirrus Parfum,Fall Creek,,https://www.fragrantica.com/perfume/Cirrus-Parfum/Fall-Creek-122614.html
38678,Cirrus Parfum,It's Just Pears...,,https://www.fragrantica.com/perfume/Cirrus-Parfum/It-s-Just-Pears-122616.html
38679,Cirrus Parfum,It's Just Spiced Pears,2024,https://www.fragrantica.com/perfume/Cirrus-Parfum/It-s-Just-Spiced-Pears-122605.html
38680,Cirrus Parfum,Landscaper Fan-Fic,,https://www.fragrantica.com/perfume/Cirrus-Parfum/Landscaper-Fan-Fic-122617.html
38681,Cirrus Parfum,Laundry Day,,https://www.fragrantica.com/perfume/Cirrus-Parfum/Laundry-Day-122618.html
38682,Cirrus Parfum,Maid Marian,,https://www.fragrantica.com/perfume/Cirrus-Parfum/Maid-Marian-122619.html
38683,Cirrus Parfum,Mango Baby,2024,https://www.fragrantica.com/perfume/Cirrus-Parfum/Mango-Baby-122629.html
38684,Cirrus Parfum,Maravilla,2025,https://www.fragrantica.com/perfume/Cirrus-Parfum/Maravilla-122603.html
38685,Cirrus Parfum,Moon Bathing,2025,https://www.fragrantica.com/perfume/Cirrus-Parfum/Moon-Bathing-122620.html
38686,Cirrus Parfum,Palomino,2025,https://www.fragrantica.com/perfume/Cirrus-Parfum/Palomino-122604.html
38687,Cirrus Parfum,Parakeet,2024,https://www.fragrantica.com/perfume/Cirrus-Parfum/Parakeet-125849.html
38688,Cirrus Parfum,Sea Anemone,2024,https://www.fragrantica.com/perfume/Cirrus-Parfum/Sea-Anemone-125857.html
38689,Cirrus Parfum,Snooze,2024,https://www.fragrantica.com/perfume/Cirrus-Parfum/Snooze-122621.html
38690,Cirrus Parfum,Sybarite,2024,https://www.fragrantica.com/perfume/Cirrus-Parfum/Sybarite-125049.html
38691,Cirrus Parfum,The Idea of You,2025,https://www.fragrantica.com/perfume/Cirrus-Parfum/The-Idea-of-You-122615.html
38692,Cirrus Parfum,The Strange Proclivities of Mr. Dickens,2024,https://www.fragrantica.com/perfume/Cirrus-Parfum/The-Strange-Proclivities-of-Mr-Dickens-122606.html
38693,Cirrus Parfum,Union St Crash,,https://www.fragrantica.com/perfume/Cirrus-Parfum/Union-St-Crash-122622.html
38694,Cities Perfumes,Dubai,2025,https://www.fragrantica.com/perfume/Cities-Perfumes/Dubai-132456.html
38695,Cities Perfumes,Marrakech,2024,https://www.fragrantica.com/perfume/Cities-Perfumes/Marrakech-132455.html
38696,Cities Perfumes,Miami,2023,https://www.fragrantica.com/perfume/Cities-Perfumes/Miami-132458.html
38697,Cities Perfumes,Paris,2026,https://www.fragrantica.com/perfume/Cities-Perfumes/Paris-132457.html
38698,City Parfum,Advance,,https://www.fragrantica.com/perfume/City-Parfum/Advance-26637.html
38699,City Parfum,Amor,,https://www.fragrantica.com/perfume/City-Parfum/Amor-26581.html
38700,City Parfum,April Dream,2014,https://www.fragrantica.com/perfume/City-Parfum/April-Dream-26582.html
38701,City Parfum,B-Free,,https://www.fragrantica.com/perfume/City-Parfum/B-Free-36878.html
38702,City Parfum,Be a Flame,,https://www.fragrantica.com/perfume/City-Parfum/Be-a-Flame-102483.html
38703,City Parfum,Belle,,https://www.fragrantica.com/perfume/City-Parfum/Belle-26627.html
38704,City Parfum,Belle de Nuit,,https://www.fragrantica.com/perfume/City-Parfum/Belle-de-Nuit-26628.html
38705,City Parfum,Black,,https://www.fragrantica.com/perfume/City-Parfum/Black-26644.html
38706,City Parfum,Black XX,2012,https://www.fragrantica.com/perfume/City-Parfum/Black-XX-26576.html
38707,City Parfum,Brilliant Absolu,,https://www.fragrantica.com/perfume/City-Parfum/Brilliant-Absolu-36872.html
38708,City Parfum,Bunny,2023,https://www.fragrantica.com/perfume/City-Parfum/Bunny-102496.html
38709,City Parfum,Burn,,https://www.fragrantica.com/perfume/City-Parfum/Burn-26645.html
38710,City Parfum,Cherry Kiss,,https://www.fragrantica.com/perfume/City-Parfum/Cherry-Kiss-36880.html
38711,City Parfum,Choco,2012,https://www.fragrantica.com/perfume/City-Parfum/Choco-26574.html
38712,City Parfum,CITY 3D Be Top,2024,https://www.fragrantica.com/perfume/City-Parfum/CITY-3D-Be-Top-102491.html
38713,City Parfum,City 3D Jeans Original,2017,https://www.fragrantica.com/perfume/City-Parfum/City-3D-Jeans-Original-47373.html
38714,City Parfum,CITY 3D Neon Surf,2024,https://www.fragrantica.com/perfume/City-Parfum/CITY-3D-Neon-Surf-102492.html
38715,City Parfum,CITY 3D Ocean,2024,https://www.fragrantica.com/perfume/City-Parfum/CITY-3D-Ocean-102487.html
38716,City Parfum,City 3D Sport,,https://www.fragrantica.com/perfume/City-Parfum/City-3D-Sport-102398.html
38717,City Parfum,City Life Deep Vision,2024,https://www.fragrantica.com/perfume/City-Parfum/City-Life-Deep-Vision-102488.html
38718,City Parfum,City Life Urban Code,2024,https://www.fragrantica.com/perfume/City-Parfum/City-Life-Urban-Code-102489.html
38719,City Parfum,City MAX Dark Seduction,2024,https://www.fragrantica.com/perfume/City-Parfum/City-MAX-Dark-Seduction-102497.html
38720,City Parfum,City MAX Fresh Inside,2024,https://www.fragrantica.com/perfume/City-Parfum/City-MAX-Fresh-Inside-102498.html
38721,City Parfum,City Park Acqua di Vita,2024,https://www.fragrantica.com/perfume/City-Parfum/City-Park-Acqua-di-Vita-102490.html
38722,City Parfum,City Sexy Be Free,2020,https://www.fragrantica.com/perfume/City-Parfum/City-Sexy-Be-Free-102486.html
38723,City Parfum,CITY Sexy Be Top,2024,https://www.fragrantica.com/perfume/City-Parfum/CITY-Sexy-Be-Top-102484.html
38724,City Parfum,City Sexy Glamour,2000,https://www.fragrantica.com/perfume/City-Parfum/City-Sexy-Glamour-23383.html
38725,City Parfum,City Sexy Like Me,2023,https://www.fragrantica.com/perfume/City-Parfum/City-Sexy-Like-Me-102485.html
38726,City Parfum,City Sexy Sweet Cats,2000,https://www.fragrantica.com/perfume/City-Parfum/City-Sexy-Sweet-Cats-23382.html
38727,City Parfum,City Woman Beauty,2000,https://www.fragrantica.com/perfume/City-Parfum/City-Woman-Beauty-23385.html
38728,City Parfum,City Woman Charm,2000,https://www.fragrantica.com/perfume/City-Parfum/City-Woman-Charm-23386.html
38729,City Parfum,City Woman Paradise,2000,https://www.fragrantica.com/perfume/City-Parfum/City-Woman-Paradise-23384.html
38730,City Parfum,Cruise,,https://www.fragrantica.com/perfume/City-Parfum/Cruise-26626.html
38731,City Parfum,Dark Choco,,https://www.fragrantica.com/perfume/City-Parfum/Dark-Choco-26534.html
38732,City Parfum,Discover,,https://www.fragrantica.com/perfume/City-Parfum/Discover-26638.html
38733,City Parfum,Doll,2024,https://www.fragrantica.com/perfume/City-Parfum/Doll-102493.html
38734,City Parfum,Driver,2006,https://www.fragrantica.com/perfume/City-Parfum/Driver-26578.html
38735,City Parfum,Eclat de la Fleur,,https://www.fragrantica.com/perfume/City-Parfum/Eclat-de-la-Fleur-36871.html
38736,City Parfum,Explorer,2012,https://www.fragrantica.com/perfume/City-Parfum/Explorer-26575.html
38737,City Parfum,Fashion,,https://www.fragrantica.com/perfume/City-Parfum/Fashion-26629.html
38738,City Parfum,Fiesta,,https://www.fragrantica.com/perfume/City-Parfum/Fiesta-26623.html
38739,City Parfum,Fly in Pink,,https://www.fragrantica.com/perfume/City-Parfum/Fly-in-Pink-36881.html
38740,City Parfum,In Blue,,https://www.fragrantica.com/perfume/City-Parfum/In-Blue-35866.html
38741,City Parfum,In Gold,,https://www.fragrantica.com/perfume/City-Parfum/In-Gold-36874.html
38742,City Parfum,Jeans,,https://www.fragrantica.com/perfume/City-Parfum/Jeans-26642.html
38743,City Parfum,Juicy Sunrise,,https://www.fragrantica.com/perfume/City-Parfum/Juicy-Sunrise-36882.html
38744,City Parfum,Kiss Me!,,https://www.fragrantica.com/perfume/City-Parfum/Kiss-Me-36873.html
38745,City Parfum,Kitty,,https://www.fragrantica.com/perfume/City-Parfum/Kitty-36876.html
38746,City Parfum,L'Amour,,https://www.fragrantica.com/perfume/City-Parfum/L-Amour-26634.html
38747,City Parfum,L'eau par le Ciel,,https://www.fragrantica.com/perfume/City-Parfum/L-eau-par-le-Ciel-36884.html
38748,City Parfum,Love Love,2014,https://www.fragrantica.com/perfume/City-Parfum/Love-Love-26570.html
38749,City Parfum,Love Me!,,https://www.fragrantica.com/perfume/City-Parfum/Love-Me-36875.html
38750,City Parfum,Lovely,2012,https://www.fragrantica.com/perfume/City-Parfum/Lovely-26572.html
38751,City Parfum,Masha,,https://www.fragrantica.com/perfume/City-Parfum/Masha-36877.html
38752,City Parfum,"O, Paris!",2013,https://www.fragrantica.com/perfume/City-Parfum/O-Paris-26624.html
38753,City Parfum,Ocean,,https://www.fragrantica.com/perfume/City-Parfum/Ocean-26636.html
38754,City Parfum,Party Star,,https://www.fragrantica.com/perfume/City-Parfum/Party-Star-39987.html
38755,City Parfum,Power,,https://www.fragrantica.com/perfume/City-Parfum/Power-26643.html
38756,City Parfum,Princess,2024,https://www.fragrantica.com/perfume/City-Parfum/Princess-102494.html
38757,City Parfum,Rainbow,2024,https://www.fragrantica.com/perfume/City-Parfum/Rainbow-102495.html
38758,City Parfum,Savage,,https://www.fragrantica.com/perfume/City-Parfum/Savage-26579.html
38759,City Parfum,Sensual Shine,,https://www.fragrantica.com/perfume/City-Parfum/Sensual-Shine-36879.html
38760,City Parfum,Sexx,,https://www.fragrantica.com/perfume/City-Parfum/Sexx-26640.html
38761,City Parfum,Sexy,,https://www.fragrantica.com/perfume/City-Parfum/Sexy-26571.html
38762,City Parfum,Sexy Jeans,2017,https://www.fragrantica.com/perfume/City-Parfum/Sexy-Jeans-47371.html
38763,City Parfum,Sexy Night,,https://www.fragrantica.com/perfume/City-Parfum/Sexy-Night-26641.html
38764,City Parfum,Smily,2012,https://www.fragrantica.com/perfume/City-Parfum/Smily-26573.html
38765,City Parfum,Status,,https://www.fragrantica.com/perfume/City-Parfum/Status-26580.html
38766,City Parfum,VIP Code,,https://www.fragrantica.com/perfume/City-Parfum/VIP-Code-36870.html
38767,City Parfum,Viva Barcelona!,,https://www.fragrantica.com/perfume/City-Parfum/Viva-Barcelona-26625.html
38768,City Parfum,White Musk,,https://www.fragrantica.com/perfume/City-Parfum/White-Musk-36883.html
38769,City Rhythm,86.41,2025,https://www.fragrantica.com/perfume/City-Rhythm/86-41-104177.html
38770,City Rhythm,Austin,2023,https://www.fragrantica.com/perfume/City-Rhythm/Austin-107327.html
38771,City Rhythm,Barcelona,2024,https://www.fragrantica.com/perfume/City-Rhythm/Barcelona-107328.html
38772,City Rhythm,City Rhythm,2022,https://www.parfumo.com/Perfumes/city-rhythm/2654
38773,City Rhythm,DC,2026,https://www.fragrantica.com/perfume/City-Rhythm/DC-134597.html
38774,City Rhythm,Emanuel New York,2026,https://www.fragrantica.com/perfume/City-Rhythm/Emanuel-New-York-133330.html
38775,City Rhythm,Frequent Flyer,2022,https://www.fragrantica.com/perfume/City-Rhythm/Frequent-Flyer-75010.html
38776,City Rhythm,Heart Spark,2022,https://www.fragrantica.com/perfume/City-Rhythm/Heart-Spark-75013.html
38777,City Rhythm,Manhattan,2021,https://www.fragrantica.com/perfume/City-Rhythm/Manhattan-75007.html
38778,City Rhythm,Manhattan Midnight,2024,https://www.fragrantica.com/perfume/City-Rhythm/Manhattan-Midnight-107326.html
38779,City Rhythm,Martha's Vineyard,,https://www.fragrantica.com/perfume/City-Rhythm/Martha-s-Vineyard-112551.html
38780,City Rhythm,Miami,2021,https://www.fragrantica.com/perfume/City-Rhythm/Miami-75008.html
38781,City Rhythm,Miami Tropical Confessions,2023,https://www.fragrantica.com/perfume/City-Rhythm/Miami-Tropical-Confessions-92883.html
38782,City Rhythm,Nashville,2023,https://www.fragrantica.com/perfume/City-Rhythm/Nashville-102780.html
38783,City Rhythm,New Orleans Jazz & Booze,2022,https://www.fragrantica.com/perfume/City-Rhythm/New-Orleans-Jazz-Booze-104179.html
38784,City Rhythm,Puerto Rico,2024,https://www.fragrantica.com/perfume/City-Rhythm/Puerto-Rico-95932.html
38785,City Rhythm,Pulse,2021,https://www.fragrantica.com/perfume/City-Rhythm/Pulse-75015.html
38786,City Rhythm,Red Line 2654,2024,https://www.fragrantica.com/perfume/City-Rhythm/Red-Line-2654-95933.html
38787,City Rhythm,Rhythm,2021,https://www.fragrantica.com/perfume/City-Rhythm/Rhythm-75014.html
38788,City Rhythm,San Diego,2022,https://www.fragrantica.com/perfume/City-Rhythm/San-Diego-75005.html
38789,City Rhythm,Savannah,2026,https://www.fragrantica.com/perfume/City-Rhythm/Savannah-134595.html
38790,City Rhythm,St. John Prive Blend,2023,https://www.fragrantica.com/perfume/City-Rhythm/St-John-Prive-Blend-104178.html
38791,City Rhythm,"St. John, USVI",2023,https://www.parfumo.com/Perfumes/city-rhythm/st-john-usvi
38792,City Rhythm,Sultry,2023,https://www.fragrantica.com/perfume/City-Rhythm/Sultry-107330.html
38793,City Rhythm,Tempo,2022,https://www.fragrantica.com/perfume/City-Rhythm/Tempo-107329.html
38794,CJ Scents,Autumn Nights,,https://www.fragrantica.com/perfume/CJ-Scents/Autumn-Nights-57392.html
38795,CJ Scents,Comfort,,https://www.fragrantica.com/perfume/CJ-Scents/Comfort-57389.html
38796,CJ Scents,Darkness,,https://www.fragrantica.com/perfume/CJ-Scents/Darkness-26196.html
38797,CJ Scents,Flirt,2010,https://www.fragrantica.com/perfume/CJ-Scents/Flirt-26194.html
38798,CJ Scents,Goddess of Dreams,2010,https://www.fragrantica.com/perfume/CJ-Scents/Goddess-of-Dreams-26195.html
38799,CJ Scents,Honeywood,,https://www.fragrantica.com/perfume/CJ-Scents/Honeywood-57383.html
38800,CJ Scents,Lemonilla,,https://www.fragrantica.com/perfume/CJ-Scents/Lemonilla-57386.html
38801,CJ Scents,Perfume (Parfum),2014,https://www.fragrantica.com/perfume/CJ-Scents/Perfume-28046.html
38802,CJ Scents,Puff,,https://www.fragrantica.com/perfume/CJ-Scents/Puff-57387.html
38803,CJ Scents,Sandalwood Fig,2010,https://www.fragrantica.com/perfume/CJ-Scents/Sandalwood-Fig-26192.html
38804,CJ Scents,So Blue,,https://www.fragrantica.com/perfume/CJ-Scents/So-Blue-57390.html
38805,CJ Scents,Sunshine,2011,https://www.fragrantica.com/perfume/CJ-Scents/Sunshine-65391.html
38806,CJ Scents,Sweet Memories,,https://www.fragrantica.com/perfume/CJ-Scents/Sweet-Memories-26190.html
38807,CJ Scents,Titania,2010,https://www.fragrantica.com/perfume/CJ-Scents/Titania-26191.html
38808,CJ Scents,Vanilla Autumn Nights,2010,https://www.fragrantica.com/perfume/CJ-Scents/Vanilla-Autumn-Nights-26193.html
38809,CJ Scents,Vanilla Incense,,https://www.fragrantica.com/perfume/CJ-Scents/Vanilla-Incense-57388.html
38810,Clair de Lune,Babylon,2024,https://www.fragrantica.com/perfume/Clair-de-Lune/Babylon-99082.html
38811,Clair de Lune,Calabria,2024,https://www.fragrantica.com/perfume/Clair-de-Lune/Calabria-99080.html
38812,Clair de Lune,Darkness of Cherry,2024,https://www.fragrantica.com/perfume/Clair-de-Lune/Darkness-of-Cherry-115501.html
38813,Clair de Lune,Garden of Fruits,2023,https://www.fragrantica.com/perfume/Clair-de-Lune/Garden-of-Fruits-91084.html
38814,Clair de Lune,Heaven of Coconut,2024,https://www.fragrantica.com/perfume/Clair-de-Lune/Heaven-of-Coconut-91082.html
38815,Clair de Lune,Heaven of Mango,2023,https://www.fragrantica.com/perfume/Clair-de-Lune/Heaven-of-Mango-115504.html
38816,Clair de Lune,Heaven of Vanilla,2023,https://www.fragrantica.com/perfume/Clair-de-Lune/Heaven-of-Vanilla-115503.html
38817,Clair de Lune,Maracuja Passion,2024,https://www.fragrantica.com/perfume/Clair-de-Lune/Maracuja-Passion-115502.html
38818,Clair de Lune,Raspberry Vanilla,2023,https://www.fragrantica.com/perfume/Clair-de-Lune/Raspberry-Vanilla-115500.html
38819,Clair de Lune,Whisper of Mirage,2024,https://www.fragrantica.com/perfume/Clair-de-Lune/Whisper-of-Mirage-99081.html
38820,Claire Commeau,Etats d'Ame,2002,https://www.fragrantica.com/perfume/Claire-Commeau/Etats-d-Ame-12190.html
38821,Claire's,Amber Candy,2024,https://www.fragrantica.com/perfume/Claire-s/Amber-Candy-109321.html
38822,Claire's,Be The Most,2024,https://www.fragrantica.com/perfume/Claire-s/Be-The-Most-101259.html
38823,Claire's,Berry Babe,2024,https://www.fragrantica.com/perfume/Claire-s/Berry-Babe-109322.html
38824,Claire's,Bestie Era,2025,https://www.fragrantica.com/perfume/Claire-s/Bestie-Era-109323.html
38825,Claire's,Butterfly Bling,2015,https://www.parfumo.com/Perfumes/Claires/Butterfly_Bling
38826,Claire's,C.BODY - Peach Citrus,2006,https://www.parfumo.com/Perfumes/Claires/c-body-peach-citrus
38827,Claire's,C.BODY - Sweet Jasmine,,https://www.parfumo.com/Perfumes/Claires/c-body-sweet-jasmine
38828,Claire's,Candy Collection Bling,2009,https://www.parfumo.com/Perfumes/Claires/candy-collection-bling
38829,Claire's,Cherry Bliss,2024,https://www.fragrantica.com/perfume/Claire-s/Cherry-Bliss-109406.html
38830,Claire's,Cloudberry Fizz,2024,https://www.fragrantica.com/perfume/Claire-s/Cloudberry-Fizz-109410.html
38831,Claire's,Coco Confess,2025,https://www.fragrantica.com/perfume/Claire-s/Coco-Confess-109324.html
38832,Claire's,Coney Island,,https://www.parfumo.com/Perfumes/Claires/Coney_Island
38833,Claire's,Crème de Coco,2023,https://www.fragrantica.com/perfume/Claire-s/Creme-de-Coco-93328.html
38834,Claire's,Dear Guava,2025,https://www.fragrantica.com/perfume/Claire-s/Dear-Guava-109320.html
38835,Claire's,Fruit Bling,,https://www.parfumo.com/Perfumes/Claires/Fruit_Bling
38836,Claire's,Juice Pop,2025,https://www.fragrantica.com/perfume/Claire-s/Juice-Pop-109382.html
38837,Claire's,Juicy Fusion,,https://www.parfumo.com/Perfumes/Claires/Juicy_Fusion
38838,Claire's,Lait de Fraise,2023,https://www.fragrantica.com/perfume/Claire-s/Lait-de-Fraise-93329.html
38839,Claire's,Latte a la Caramel,2023,https://www.fragrantica.com/perfume/Claire-s/Latte-a-la-Caramel-93330.html
38840,Claire's,Nectarine Sunset,2025,https://www.fragrantica.com/perfume/Claire-s/Nectarine-Sunset-109383.html
38841,Claire's,Patisserie - Strawberry,,https://www.parfumo.com/Perfumes/Claires/Patisserie__Strawberry
38842,Claire's,Pistache Cerise,2023,https://www.fragrantica.com/perfume/Claire-s/Pistache-Cerise-93325.html
38843,Claire's,Rainbow Bling,2019,https://www.parfumo.com/Perfumes/Claires/rainbow-bling
38844,Claire's,Rainbow Clouds,2015,https://www.parfumo.com/Perfumes/Claires/rainbow-clouds
38845,Claire's,Rainbow Disco Ball,2007,https://www.parfumo.com/Perfumes/Claires/rainbow-disco-ball
38846,Claire's,Salted Caramel,2024,https://www.fragrantica.com/perfume/Claire-s/Salted-Caramel-109389.html
38847,Claire's,Single Era,2025,https://www.fragrantica.com/perfume/Claire-s/Single-Era-109385.html
38848,Claire's,Sorbet Vanille,2023,https://www.fragrantica.com/perfume/Claire-s/Sorbet-Vanille-93327.html
38849,Claire's,Sweetheart Era,2025,https://www.fragrantica.com/perfume/Claire-s/Sweetheart-Era-109384.html
38850,Claire's,Vanilla Wink,2024,https://www.fragrantica.com/perfume/Claire-s/Vanilla-Wink-109386.html
38851,Claire's,Watermelon Kiss,2024,https://www.fragrantica.com/perfume/Claire-s/Watermelon-Kiss-109402.html
38852,Claire's,Zesty Orange,2025,https://www.fragrantica.com/perfume/Claire-s/Zesty-Orange-109387.html
38853,Clairvoyant Beauty,Clairvoyant,2012,https://www.fragrantica.com/perfume/Clairvoyant-Beauty/Clairvoyant-14441.html
38854,Clandestine Laboratories,Ashes,,https://www.fragrantica.com/perfume/Clandestine-Laboratories/Ashes-75519.html
38855,Clandestine Laboratories,Assam,2012,https://www.fragrantica.com/perfume/Clandestine-Laboratories/Assam-75523.html
38856,Clandestine Laboratories,Belem,,https://www.fragrantica.com/perfume/Clandestine-Laboratories/Belem-75494.html
38857,Clandestine Laboratories,Ceremony,,https://www.fragrantica.com/perfume/Clandestine-Laboratories/Ceremony-113494.html
38858,Clandestine Laboratories,Certo,,https://www.fragrantica.com/perfume/Clandestine-Laboratories/Certo-75521.html
38859,Clandestine Laboratories,Chiron,2024,https://www.fragrantica.com/perfume/Clandestine-Laboratories/Chiron-100065.html
38860,Clandestine Laboratories,Côte,1998,https://www.parfumo.com/Perfumes/clandestine-laboratories/cote
38861,Clandestine Laboratories,Covert,2024,https://www.fragrantica.com/perfume/Clandestine-Laboratories/Covert-101110.html
38862,Clandestine Laboratories,Dharan,,https://www.fragrantica.com/perfume/Clandestine-Laboratories/Dharan-75492.html
38863,Clandestine Laboratories,Film Noir,,https://www.fragrantica.com/perfume/Clandestine-Laboratories/Film-Noir-75484.html
38864,Clandestine Laboratories,Haunted,2024,https://www.fragrantica.com/perfume/Clandestine-Laboratories/Haunted-101109.html
38865,Clandestine Laboratories,Island,2026,https://www.fragrantica.com/perfume/Clandestine-Laboratories/Island-132227.html
38866,Clandestine Laboratories,Madrid,2021,https://www.fragrantica.com/perfume/Clandestine-Laboratories/Madrid-75502.html
38867,Clandestine Laboratories,Master,,https://www.fragrantica.com/perfume/Clandestine-Laboratories/Master-75493.html
38868,Clandestine Laboratories,Novochoc,,https://www.fragrantica.com/perfume/Clandestine-Laboratories/Novochoc-75503.html
38869,Clandestine Laboratories,Orpheus,2023,https://www.fragrantica.com/perfume/Clandestine-Laboratories/Orpheus-79024.html
38870,Clandestine Laboratories,Pool Boy,,https://www.parfumo.com/Perfumes/clandestine-laboratories/pool-boy
38871,Clandestine Laboratories,Sanctuary,2026,https://www.fragrantica.com/perfume/Clandestine-Laboratories/Sanctuary-132228.html
38872,Clandestine Laboratories,Silver,,https://www.fragrantica.com/perfume/Clandestine-Laboratories/Silver-75482.html
38873,Clandestine Laboratories,The Boy,2022,https://www.fragrantica.com/perfume/Clandestine-Laboratories/The-Boy-80318.html
38874,Clandestine Laboratories,Tilia,,https://www.fragrantica.com/perfume/Clandestine-Laboratories/Tilia-75522.html
38875,Clandestine Laboratories,Vert,,https://www.fragrantica.com/perfume/Clandestine-Laboratories/Vert-75496.html
38876,Clandestine Laboratories,Wendover,2023,https://www.fragrantica.com/perfume/Clandestine-Laboratories/Wendover-79022.html
38877,Clarins,Clarins Men Energizer,2020,https://www.fragrantica.com/perfume/Clarins/Clarins-Men-Energizer-66652.html
38878,Clarins,Eau des Jardins,2010,https://www.fragrantica.com/perfume/Clarins/Eau-des-Jardins-8325.html
38879,Clarins,Eau Dynamisante,1987,https://www.fragrantica.com/perfume/Clarins/Eau-Dynamisante-2825.html
38880,Clarins,Eau Dynamisante 25th Anniversary,2012,https://www.parfumo.com/Perfumes/Clarins/Eau_Dynamisante_25th_Anniversary
38881,Clarins,Eau Dynamisante 25th Anniversary Fragrance Spray,2012,https://www.fragrantica.com/perfume/Clarins/Eau-Dynamisante-25th-Anniversary-Fragrance-Spray-15931.html
38882,Clarins,Eau Dynamisante Collector Heart Edition 2010,2010,https://www.fragrantica.com/perfume/Clarins/Eau-Dynamisante-Collector-Heart-Edition-2010-10276.html
38883,Clarins,Eau Dynamisante - Eau du Cœur Collector 2009,2009,https://www.parfumo.com/Perfumes/Clarins/Eau_Dynamisante__Eau_du_Cur_Collector_2009
38884,Clarins,Eau Ensoleillante,2007,https://www.fragrantica.com/perfume/Clarins/Eau-Ensoleillante-2826.html
38885,Clarins,Eau Extraordinaire,2022,https://www.fragrantica.com/perfume/Clarins/Eau-Extraordinaire-72870.html
38886,Clarins,Eau Ressourcante,2003,https://www.fragrantica.com/perfume/Clarins/Eau-Ressourcante-2827.html
38887,Clarins,Elysium,1993,https://www.fragrantica.com/perfume/Clarins/Elysium-11278.html
38888,Clarins,Par Amour,,https://www.fragrantica.com/perfume/Clarins/Par-Amour-369.html
38889,Clarins,Par Amour Toujour,2005,https://www.fragrantica.com/perfume/Clarins/Par-Amour-Toujour-370.html
38890,Clarins,Par Amour Toujours Clarins 2005 Eau de Toilette,2005,https://www.parfumo.com/Perfumes/Clarins/Par_Amour_Toujours
38891,Clarins,Par Amour Toujours Clarins Eau de Parfum,,https://www.parfumo.com/Perfumes/Clarins/Par_Amour_Toujours_Eau_de_Parfum
38892,Clash,B.B. Chic,2015,https://www.fragrantica.com/perfume/Clash/B-B-Chic-36203.html
38893,Clash,Beach Babe,2015,https://www.fragrantica.com/perfume/Clash/Beach-Babe-36220.html
38894,Clash,Beautiful Lies,2015,https://www.fragrantica.com/perfume/Clash/Beautiful-Lies-36140.html
38895,Clash,Black Earth,2015,https://www.fragrantica.com/perfume/Clash/Black-Earth-36128.html
38896,Clash,Blind Devotion,2015,https://www.fragrantica.com/perfume/Clash/Blind-Devotion-36167.html
38897,Clash,Blonds vs Brunettes,2015,https://www.fragrantica.com/perfume/Clash/Blonds-vs-Brunettes-36221.html
38898,Clash,Bon Vivant,2015,https://www.fragrantica.com/perfume/Clash/Bon-Vivant-36175.html
38899,Clash,Catwalk,2015,https://www.fragrantica.com/perfume/Clash/Catwalk-36130.html
38900,Clash,Clandestine,2015,https://www.fragrantica.com/perfume/Clash/Clandestine-36132.html
38901,Clash,Dazzle,2015,https://www.fragrantica.com/perfume/Clash/Dazzle-36224.html
38902,Clash,Devil May Care,2015,https://www.fragrantica.com/perfume/Clash/Devil-May-Care-36143.html
38903,Clash,Enfant Terrible,2015,https://www.fragrantica.com/perfume/Clash/Enfant-Terrible-36129.html
38904,Clash,Extraordinary Gentleman,2015,https://www.fragrantica.com/perfume/Clash/Extraordinary-Gentleman-36173.html
38905,Clash,Girl - Innoscent,2007,https://www.parfumo.com/Perfumes/Clash/Girl__Innoscent
38906,Clash,Girl - Miss Portofino,,https://www.parfumo.com/Perfumes/Clash/Girl__Miss_Portofino
38907,Clash,He,2015,https://www.fragrantica.com/perfume/Clash/He-36176.html
38908,Clash,I Hate Mondays,2015,https://www.fragrantica.com/perfume/Clash/I-Hate-Mondays-36123.html
38909,Clash,Idol,2015,https://www.fragrantica.com/perfume/Clash/Idol-36206.html
38910,Clash,Ignite,2015,https://www.fragrantica.com/perfume/Clash/Ignite-36218.html
38911,Clash,In Love - Blind Devotion,2003,https://www.parfumo.com/Perfumes/Clash/In_Love__Blind_Devotion
38912,Clash,In Love - English Garden,1984,https://www.parfumo.com/Perfumes/Clash/In_Love__English_Garden
38913,Clash,In Love - Magnet,,https://www.parfumo.com/Perfumes/Clash/In_Love__Magnet
38914,Clash,In Love - Penelope,2002,https://www.parfumo.com/Perfumes/Clash/In_Love__Penelope
38915,Clash,Innoscent,2015,https://www.fragrantica.com/perfume/Clash/Innoscent-36202.html
38916,Clash,Iron Man,2015,https://www.fragrantica.com/perfume/Clash/Iron-Man-36199.html
38917,Clash,Kate,2015,https://www.fragrantica.com/perfume/Clash/Kate-36141.html
38918,Clash,Little Black Dress,2015,https://www.fragrantica.com/perfume/Clash/Little-Black-Dress-36223.html
38919,Clash,Love Potion,2015,https://www.fragrantica.com/perfume/Clash/Love-Potion-36171.html
38920,Clash,Madam President,2015,https://www.fragrantica.com/perfume/Clash/Madam-President-36222.html
38921,Clash,Magnet,2015,https://www.fragrantica.com/perfume/Clash/Magnet-36169.html
38922,Clash,Match Point,2015,https://www.fragrantica.com/perfume/Clash/Match-Point-36200.html
38923,Clash,Miss Portofino,2015,https://www.fragrantica.com/perfume/Clash/Miss-Portofino-36219.html
38924,Clash,Monsieur Vetiver,2015,https://www.fragrantica.com/perfume/Clash/Monsieur-Vetiver-36172.html
38925,Clash,Moody,2015,https://www.fragrantica.com/perfume/Clash/Moody-36122.html
38926,Clash,Objection,2015,https://www.fragrantica.com/perfume/Clash/Objection-36174.html
38927,Clash,Off Road,2015,https://www.fragrantica.com/perfume/Clash/Off-Road-36201.html
38928,Clash,Penelope,2015,https://www.fragrantica.com/perfume/Clash/Penelope-36170.html
38929,Clash,Riot (M) - Black Earth,,https://www.parfumo.com/Perfumes/Clash/Black_Earth
38930,Clash,Riot (M) - Enfant Terrible,,https://www.parfumo.com/Perfumes/Clash/Riot_M__Enfant_Terrible
38931,Clash,Runaway Girl,2015,https://www.fragrantica.com/perfume/Clash/Runaway-Girl-36205.html
38932,Clash,Scarlett,2015,https://www.fragrantica.com/perfume/Clash/Scarlett-36204.html
38933,Clash,Shaken Not Stirred,2015,https://www.fragrantica.com/perfume/Clash/Shaken-Not-Stirred-36177.html
38934,Clash,Tantrum,2015,https://www.fragrantica.com/perfume/Clash/Tantrum-36168.html
38935,Clash,Victoria,2015,https://www.fragrantica.com/perfume/Clash/Victoria-36225.html
38936,Clash,Wild Car,2015,https://www.fragrantica.com/perfume/Clash/Wild-Car-36127.html
38937,Class,Belisimo,2015,https://www.fragrantica.com/perfume/Class/Belisimo-35185.html
38938,Class,Black Man,,https://www.fragrantica.com/perfume/Class/Black-Man-35186.html
38939,Class,Edis,2014,https://www.fragrantica.com/perfume/Class/Edis-35448.html
38940,Class,Endure,2015,https://www.fragrantica.com/perfume/Class/Endure-35187.html
38941,Class,Hera,,https://www.fragrantica.com/perfume/Class/Hera-35447.html
38942,Class,Perfect,2015,https://www.fragrantica.com/perfume/Class/Perfect-35449.html
38943,Class,Pleasure,2015,https://www.fragrantica.com/perfume/Class/Pleasure-35189.html
38944,Class,Plotinum,2014,https://www.fragrantica.com/perfume/Class/Plotinum-35444.html
38945,Class,Sentiment,2014,https://www.fragrantica.com/perfume/Class/Sentiment-35445.html
38946,Class,Sport,2015,https://www.fragrantica.com/perfume/Class/Sport-35443.html
38947,Class,Technique,2015,https://www.fragrantica.com/perfume/Class/Technique-35188.html
38948,Class,Touch,2014,https://www.fragrantica.com/perfume/Class/Touch-35446.html
38949,CLASSIC BLEND,Vip Blend Amber,2024,https://www.fragrantica.com/perfume/CLASSIC-BLEND/Vip-Blend-Amber-102417.html
38950,CLASSIC BLEND,Vip Blend Classic,2025,https://www.fragrantica.com/perfume/CLASSIC-BLEND/Vip-Blend-Classic-120142.html
38951,CLASSIC BLEND,Vip Blend Oud,2024,https://www.fragrantica.com/perfume/CLASSIC-BLEND/Vip-Blend-Oud-102416.html
38952,Claude Andre Hebert,A l'Ombre des Clochers,2016,https://www.fragrantica.com/perfume/Claude-Andre-Hebert/A-l-Ombre-des-Clochers-43179.html
38953,Claude Andre Hebert,Africa,2008,https://www.parfumo.com/Perfumes/Claude_Andre_Hebert/Africa
38954,Claude Andre Hebert,Amazone,2010,https://www.parfumo.com/Perfumes/Claude_Andre_Hebert/Amazone
38955,Claude Andre Hebert,Autochtone,2015,https://www.parfumo.com/Perfumes/Claude_Andre_Hebert/Autochtone
38956,Claude Andre Hebert,Bombay,1987,https://www.parfumo.com/Perfumes/Claude_Andre_Hebert/Bombay
38957,Claude Andre Hebert,CAH,2003,https://www.parfumo.com/Perfumes/Claude_Andre_Hebert/CAH
38958,Claude Andre Hebert,Carnaval,,https://www.parfumo.com/Perfumes/Claude_Andre_Hebert/Carnaval
38959,Claude Andre Hebert,Cascade,,https://www.parfumo.com/Perfumes/Claude_Andre_Hebert/Cascade
38960,Claude Andre Hebert,Débutante,,https://www.parfumo.com/Perfumes/Claude_Andre_Hebert/Debutante
38961,Claude Andre Hebert,Dragée,2006,https://www.parfumo.com/Perfumes/Claude_Andre_Hebert/Dragee
38962,Claude Andre Hebert,Eau du Bûcheron,2010,https://www.parfumo.com/Perfumes/Claude_Andre_Hebert/Eau_du_Bucheron
38963,Claude Andre Hebert,Eaux Trouble$ de Zïlon,1998,https://www.parfumo.com/Perfumes/Claude_Andre_Hebert/Eaux_Trouble_de_Zilon
38964,Claude Andre Hebert,Geisha,2010,https://www.parfumo.com/Perfumes/Claude_Andre_Hebert/Geisha
38965,Claude Andre Hebert,Hélène de Champlain,2015,https://www.parfumo.com/Perfumes/Claude_Andre_Hebert/Helene_de_Champlain
38966,Claude Andre Hebert,Joseph,2006,https://www.parfumo.com/Perfumes/Claude_Andre_Hebert/Joseph
38967,Claude Andre Hebert,Lumière de Paris,2006,https://www.parfumo.com/Perfumes/Claude_Andre_Hebert/Lumiere_de_Paris
38968,Claude Andre Hebert,Métropole,2016,https://www.fragrantica.com/perfume/Claude-Andre-Hebert/Metropole-43187.html
38969,Claude Andre Hebert,Mont-Royal,2016,https://www.fragrantica.com/perfume/Claude-Andre-Hebert/Mont-Royal-43188.html
38970,Claude Andre Hebert,Notre-Dame,2016,https://www.fragrantica.com/perfume/Claude-Andre-Hebert/Notre-Dame-43181.html
38971,Claude Andre Hebert,Ville-Marie,2016,https://www.fragrantica.com/perfume/Claude-Andre-Hebert/Ville-Marie-43186.html
38972,Claude Marsal Parfums,Etoile,2016,https://www.fragrantica.com/perfume/Claude-Marsal-Parfums/Etoile-49838.html
38973,Claude Marsal Parfums,La Chanson,2016,https://www.fragrantica.com/perfume/Claude-Marsal-Parfums/La-Chanson-49839.html
38974,Claude Marsal Parfums,La Danse,2016,https://www.fragrantica.com/perfume/Claude-Marsal-Parfums/La-Danse-49840.html
38975,Claude Marsal Parfums,La Guitare,2018,https://www.fragrantica.com/perfume/Claude-Marsal-Parfums/La-Guitare-50849.html
38976,Claude Marsal Parfums,La Melodie,2016,https://www.fragrantica.com/perfume/Claude-Marsal-Parfums/La-Melodie-49841.html
38977,Claude Marsal Parfums,La Musique,2018,https://www.fragrantica.com/perfume/Claude-Marsal-Parfums/La-Musique-50848.html
38978,Claude Marsal Parfums,La Noche,2016,https://www.fragrantica.com/perfume/Claude-Marsal-Parfums/La-Noche-49842.html
38979,Claude Marsal Parfums,La Symphonie,2016,https://www.fragrantica.com/perfume/Claude-Marsal-Parfums/La-Symphonie-49843.html
38980,Claude Marsal Parfums,Le Batteur,2016,https://www.fragrantica.com/perfume/Claude-Marsal-Parfums/Le-Batteur-49844.html
38981,Claude Marsal Parfums,Le Concerto,2016,https://www.fragrantica.com/perfume/Claude-Marsal-Parfums/Le-Concerto-49845.html
38982,Claude Marsal Parfums,Le Piano,2016,https://www.fragrantica.com/perfume/Claude-Marsal-Parfums/Le-Piano-49846.html
38983,Claude Marsal Parfums,Le Violon,2016,https://www.fragrantica.com/perfume/Claude-Marsal-Parfums/Le-Violon-49847.html
38984,Claudia Kilsby,Signature,2025,https://www.fragrantica.com/perfume/Claudia-Kilsby/Signature-109618.html
38985,Claudia Scattolini,Agrums,2016,https://www.fragrantica.com/perfume/Claudia-Scattolini/Agrums-38732.html
38986,Claudia Scattolini,Amber,2016,https://www.fragrantica.com/perfume/Claudia-Scattolini/Amber-38737.html
38987,Claudia Scattolini,Black Rose,2021,https://www.fragrantica.com/perfume/Claudia-Scattolini/Black-Rose-70010.html
38988,Claudia Scattolini,Marine,2016,https://www.fragrantica.com/perfume/Claudia-Scattolini/Marine-38733.html
38989,Claudia Scattolini,Rose,2016,https://www.fragrantica.com/perfume/Claudia-Scattolini/Rose-38735.html
38990,Claudia Scattolini,Vanilla,2016,https://www.fragrantica.com/perfume/Claudia-Scattolini/Vanilla-38736.html
38991,Claudia Scattolini,Wild Fig,2016,https://www.fragrantica.com/perfume/Claudia-Scattolini/Wild-Fig-38734.html
38992,Claudia Scattolini,Wood & Skin,2016,https://www.fragrantica.com/perfume/Claudia-Scattolini/Wood-Skin-38738.html
38993,Claudio Cutuli Parfums,Atomico XXVI,2019,https://www.fragrantica.com/perfume/Claudio-Cutuli-Parfums/Atomico-XXVI-68530.html
38994,Claudio Cutuli Parfums,Cor Meum,2021,https://www.fragrantica.com/perfume/Claudio-Cutuli-Parfums/Cor-Meum-68533.html
38995,Claudio Cutuli Parfums,Ferrum,2019,https://www.fragrantica.com/perfume/Claudio-Cutuli-Parfums/Ferrum-68531.html
38996,Claudio Cutuli Parfums,Imperium,2021,https://www.fragrantica.com/perfume/Claudio-Cutuli-Parfums/Imperium-68532.html
38997,Claudio Cutuli Parfums,Rosetum,2022,https://www.fragrantica.com/perfume/Claudio-Cutuli-Parfums/Rosetum-75087.html
38998,Claudio La Viola,La Lettera Da...,1989,https://www.fragrantica.com/perfume/Claudio-La-Viola/La-Lettera-Da-43914.html
38999,Claudio Zucca Parfums,Benjoin en Fleur,2022,https://www.fragrantica.com/perfume/Claudio-Zucca-Parfums/Benjoin-en-Fleur-75133.html
39000,Claudio Zucca Parfums,Bois Primitif,2022,https://www.fragrantica.com/perfume/Claudio-Zucca-Parfums/Bois-Primitif-75131.html39001,Claudio Zucca Parfums,Cereal Break,2024,https://www.fragrantica.com/perfume/Claudio-Zucca-Parfums/Cereal-Break-91442.html
39002,Claudio Zucca Parfums,Deep Water,2022,https://www.fragrantica.com/perfume/Claudio-Zucca-Parfums/Deep-Water-75132.html
39003,Claudio Zucca Parfums,Dolce Sicilia,2026,https://www.fragrantica.com/perfume/Claudio-Zucca-Parfums/Dolce-Sicilia-128229.html
39004,Claudio Zucca Parfums,Eden Amber,2022,https://www.fragrantica.com/perfume/Claudio-Zucca-Parfums/Eden-Amber-78134.html
39005,Claudio Zucca Parfums,Idi di Marzo,2024,https://www.fragrantica.com/perfume/Claudio-Zucca-Parfums/Idi-di-Marzo-91443.html
39006,Claudio Zucca Parfums,Mineral Wood,2022,https://www.fragrantica.com/perfume/Claudio-Zucca-Parfums/Mineral-Wood-78135.html
39007,Claudio Zucca Parfums,Musk Tuberose,2023,https://www.fragrantica.com/perfume/Claudio-Zucca-Parfums/Musk-Tuberose-83665.html
39008,Claudio Zucca Parfums,Rose du Matin,2025,https://www.fragrantica.com/perfume/Claudio-Zucca-Parfums/Rose-du-Matin-117088.html
39009,Claudio Zucca Parfums,Royal Verbena,2025,https://www.fragrantica.com/perfume/Claudio-Zucca-Parfums/Royal-Verbena-103898.html
39010,Claudio Zucca Parfums,Vanilla Pancake,2024,https://www.fragrantica.com/perfume/Claudio-Zucca-Parfums/Vanilla-Pancake-99006.html
39011,Claudio Zucca Parfums,Velvet Rose,2023,https://www.fragrantica.com/perfume/Claudio-Zucca-Parfums/Velvet-Rose-81504.html
39012,Claus Porto,1 Agua Vetiver,,https://huggingface.co/datasets/doevent/perfume
39013,Claus Porto,2 Agua Geranium,,https://huggingface.co/datasets/doevent/perfume
39014,Claus Porto,3 Agua Fougère,,https://huggingface.co/datasets/doevent/perfume
39015,Claus Porto,4 Agua Clementina,,https://huggingface.co/datasets/doevent/perfume
39016,Claus Porto,5 Agua Porto,,https://huggingface.co/datasets/doevent/perfume
39017,Claus Porto,6 Agua Flores,,https://huggingface.co/datasets/doevent/perfume
39018,Claus Porto,Agua Clementina,2018,https://www.fragrantica.com/perfume/Claus-Porto/Agua-Clementina-59580.html
39019,Claus Porto,Agua de Colonia - N.° 1 Bergamot & Vetyver,2008,https://www.parfumo.com/Perfumes/Claus_Porto/Agua_de_Colonia__N__1_Bergamot__Vetyver
39020,Claus Porto,Agua de Colonia - N.° 2 Oriental Bloom,,https://www.parfumo.com/Perfumes/Claus_Porto/Agua_de_Colonia__N__2_Oriental_Bloom
39021,Claus Porto,Agua de Colonia - N.° 4 Spearmint Tea,1983,https://www.parfumo.com/Perfumes/Claus_Porto/Agua_de_Colonia__N__4_Spearmint_Tea
39022,Claus Porto,Agua de Colonia - N.° 6 Luxurious Ebony,2015,https://www.parfumo.com/Perfumes/Claus_Porto/Agua_de_Colonia__N__6_Luxurious_Ebony
39023,Claus Porto,Agua de Colonia No.1 Bergamot & Vetyver,,https://www.fragrantica.com/perfume/Claus-Porto/Agua-de-Colonia-No-1-Bergamot-Vetyver-36974.html
39024,Claus Porto,Agua De Colonia No.2 Oriental Bloom,,https://www.fragrantica.com/perfume/Claus-Porto/Agua-De-Colonia-No-2-Oriental-Bloom-36975.html
39025,Claus Porto,Agua De Colonia No.3 Arabian Wood,,https://www.fragrantica.com/perfume/Claus-Porto/Agua-De-Colonia-No-3-Arabian-Wood-36976.html
39026,Claus Porto,Agua De Colonia No.4 Spearmint Tea,,https://www.fragrantica.com/perfume/Claus-Porto/Agua-De-Colonia-No-4-Spearmint-Tea-36977.html
39027,Claus Porto,Agua De Colonia No.5 Geranium Sandal,,https://www.fragrantica.com/perfume/Claus-Porto/Agua-De-Colonia-No-5-Geranium-Sandal-36978.html
39028,Claus Porto,Agua de Colonia No.6 Luxurious Ebony,,https://www.fragrantica.com/perfume/Claus-Porto/Agua-de-Colonia-No-6-Luxurious-Ebony-36979.html
39029,Claus Porto,Agua Flores,2020,https://www.fragrantica.com/perfume/Claus-Porto/Agua-Flores-59590.html
39030,Claus Porto,Agua Fougere,2018,https://www.fragrantica.com/perfume/Claus-Porto/Agua-Fougere-59579.html
39031,Claus Porto,Agua Geranium,2018,https://www.fragrantica.com/perfume/Claus-Porto/Agua-Geranium-52199.html
39032,Claus Porto,Agua Porto,2018,https://www.fragrantica.com/perfume/Claus-Porto/Agua-Porto-59581.html
39033,Claus Porto,Agua Vetiver,2018,https://www.fragrantica.com/perfume/Claus-Porto/Agua-Vetiver-52198.html
39034,Claus Porto,Le Parfum,2017,https://www.fragrantica.com/perfume/Claus-Porto/Le-Parfum-50659.html
39035,Claus Porto,Monocle Soleil Zeste,2025,https://www.fragrantica.com/perfume/Claus-Porto/Monocle-Soleil-Zeste-116321.html
39036,Claus Porto,Musgo Real Agua de Colonia No.1 Orange Amber,,https://www.fragrantica.com/perfume/Claus-Porto/Musgo-Real-Agua-de-Colonia-No-1-Orange-Amber-20709.html
39037,Claus Porto,Musgo Real Agua de Colonia No.2 Oak Moss,,https://www.fragrantica.com/perfume/Claus-Porto/Musgo-Real-Agua-de-Colonia-No-2-Oak-Moss-20710.html
39038,Claus Porto,Musgo Real Agua de Colonia No.3 Spiced Citrus,,https://www.fragrantica.com/perfume/Claus-Porto/Musgo-Real-Agua-de-Colonia-No-3-Spiced-Citrus-20711.html
39039,Claus Porto,Musgo Real Alto Mar,2023,https://www.fragrantica.com/perfume/Claus-Porto/Musgo-Real-Alto-Mar-83095.html
39040,Claus Porto,Musgo Real Black Edition,2019,https://www.fragrantica.com/perfume/Claus-Porto/Musgo-Real-Black-Edition-59578.html
39041,Claus Porto,Musgo Real Classic Scent (After Shave),1935,https://www.fragrantica.com/perfume/Claus-Porto/Musgo-Real-Classic-Scent-24277.html
39042,Claus Porto,Musgo Real - Classic Scent Claus Porto Cologne (Eau de Cologne),,https://www.parfumo.com/Perfumes/Claus_Porto/Musgo_Real__Classic_Scent_Cologne
39043,Claus Porto,Musgo Real Clássico 22,2025,https://www.fragrantica.com/perfume/Claus-Porto/Musgo-Real-Classico-22-104557.html
39044,Claus Porto,Musgo Real - No. 1 Orange Amber,,https://www.parfumo.com/Perfumes/Claus_Porto/Musgo_Real__No_1_Orange_Amber
39045,Claus Porto,Musgo Real - No. 2 Oak Moss,,https://www.parfumo.com/Perfumes/Claus_Porto/Musgo_Real__No_2_Oak_Moss
39046,Claus Porto,Musgo Real - No. 3 Spiced Citrus,1971,https://www.parfumo.com/Perfumes/Claus_Porto/Musgo_Real__No_3_Spiced_Citrus
39047,Claus Porto,Musgo Real Oak Moss,,https://huggingface.co/datasets/doevent/perfume
39048,Claus Porto,Musgo Real Orange Amber,,https://huggingface.co/datasets/doevent/perfume
39049,Claus Porto,Musgo Real Puro Sangue,2024,https://www.fragrantica.com/perfume/Claus-Porto/Musgo-Real-Puro-Sangue-101511.html
39050,Claus Porto,Musgo Real Spiced Citrus,,https://huggingface.co/datasets/doevent/perfume
39051,Clayeux,Boy,2015,https://www.fragrantica.com/perfume/Clayeux/Boy-32610.html
39052,Clayeux,Girl,2015,https://www.fragrantica.com/perfume/Clayeux/Girl-32611.html
39053,Clé D'amour,Audacious Pleasures FOUGERE/ Vegan (Eau de Parfum),,https://www.trendyol.com/cle-d-amour/audacious-pleasures-fougere-aromatik-men-erkek-parfum-100-ml-vegan-p-211987155
39054,Clé D'amour,Audacious Pleasures FOUGGERE/ Jel Vegan (Eau de Parfum),,https://www.trendyol.com/cle-d-amour/audacious-pleasures-fouggere-aromatik-erkek-jel-parfum-men-15-ml-vegan-p-301828190
39055,Clé D'amour,Beauty Of Life MİSKLİ/ Stick Vegan (Eau de Parfum),,https://www.trendyol.com/cle-d-amour/beauty-of-life-miskli-ciceksi-women-kadin-stick-parfum-3-gr-vegan-p-241633879
39056,Clé D'amour,Beauty Of Life MİSKLİ Vegan (Eau de Parfum),,https://www.trendyol.com/cle-d-amour/beauty-of-life-miskli-ciceksi-women-kadin-parfum-20-ml-vegan-p-217074284
39057,Clé D'amour,Blooming Days /GURME Jel Vegan (Eau de Parfum),,https://www.trendyol.com/cle-d-amour/blooming-days-ciceksi-gurme-women-kadin-jel-parfum-15-ml-vegan-p-229308635
39058,Clé D'amour,Cle D'Amour Beauty Of Life Miskli Vegan (Eau de Parfum),,https://www.trendyol.com/cle-d-amour/cle-d-amour-beauty-of-life-miskli-ciceksi-women-kadin-parfum-100-ml-vegan-p-211576892
39059,Clé D'amour,Cle D'Amour Blooming Days /Gurme Vegan (Eau de Parfum),,https://www.trendyol.com/cle-d-amour/cle-d-amour-blooming-days-ciceksi-gurme-women-kadin-parfum-50-ml-vegan-p-211576485
39060,Clé D'amour,Cle D'amour Delicate Lady Vegan (Eau de Parfum),,https://www.trendyol.com/cle-d-amour/cle-d-amour-kadin-parfum-50-ml-delicate-lady-ciceksi-women-vegan-p-211711836
39061,Clé D'amour,Cle D'Amour DYNAMIC Turunçgil/Baharat Vegan (Eau de Parfum),,https://www.trendyol.com/cle-d-amour/cle-d-amour-dynamic-nature-turuncgil-baharat-men-erkek-parfum-100-ml-vegan-p-211574354
39062,Clé D'amour,Cle D'Amour Emerald Stone Gurme/ Vegan (Eau de Parfum),,https://www.trendyol.com/cle-d-amour/cle-d-amour-emerald-stone-gurme-ciceksi-women-kadin-parfum-20-ml-vegan-p-215360883
39063,Clé D'amour,Cle D'Amour Powdering Fruits Vegan (Eau de Parfum),,https://www.trendyol.com/cle-d-amour/cle-d-amour-powdering-fruits-oryantal-women-kadin-parfum-100-ml-vegan-p-211978702
39064,Clé D'amour,Cle D'amour Powerful Scent / Vegan (Eau de Parfum),,https://www.trendyol.com/cle-d-amour/cle-d-amour-erkek-parfum-20-ml-powerful-scent-aromatik-odunsu-men-vegan-p-215383560
39065,Clé D'amour,Cle D'amour Strong FOUGÈRE/ Vegan (Eau de Parfum),,https://www.trendyol.com/cle-d-amour/cle-d-amour-erkek-parfum-100-ml-strong-man-fougere-aromatik-men-vegan-p-211575408
39066,Clé D'amour,Cle D'amour Sweet Dreams Vegan (Eau de Parfum),,https://www.trendyol.com/cle-d-amour/cle-d-amour-kadin-parfum-50-ml-sweet-dreams-ciceksi-women-vegan-p-211954718
39067,Clé D'amour,Delicate Lady Jel Vegan (Eau de Parfum),,https://www.trendyol.com/cle-d-amour/delicate-lady-ciceksi-kadin-jel-parfum-15-ml-women-vegan-p-666810777
39068,Clé D'amour,Delicate Lady Stick Vegan (Eau de Parfum),,https://www.trendyol.com/cle-d-amour/delicate-lady-ciceksi-kadin-stick-parfum-3-gr-women-vegan-p-211977304
39069,Clé D'amour,Dynamic TURUNÇGİL/BAHARAT Jel Vegan (Eau de Parfum),,https://www.trendyol.com/cle-d-amour/dynamic-nature-turuncgil-baharat-men-erkek-jel-parfum-15-ml-vegan-p-234092288
39070,Clé D'amour,Emerald Stone GURME/ Stick Vegan (Eau de Parfum),,https://www.trendyol.com/cle-d-amour/emerald-stone-gurme-ciceksi-women-kadin-stick-parfum-3-gr-vegan-p-186942952
39071,Clé D'amour,Jel Pink Cadillac /GURME Vegan (Eau de Parfum),,https://www.trendyol.com/cle-d-amour/kadin-jel-parfum-15-ml-pink-cadillac-meyveli-gurme-women-vegan-p-232003655
39072,Clé D'amour,Pink Cadillac /GURME Vegan (Eau de Parfum),,https://www.trendyol.com/cle-d-amour/pink-cadillac-meyveli-gurme-kadin-parfum-50-ml-women-vegan-edp-p-807714372
39073,Clé D'amour,Pink Cadillac Stick Vegan (Eau de Parfum),,https://www.trendyol.com/cle-d-amour/pink-cadillac-meyveli-ciceksi-kadin-stick-parfum-edp-3-gr-women-vegan-p-168899380
39074,Clé D'amour,Powdering Fruits Stick Vegan (Eau de Parfum),,https://www.trendyol.com/cle-d-amour/powdering-fruits-oryantal-women-kadin-stick-parfum-3-gr-vegan-p-200313408
39075,Clé D'amour,Powerful Scent / Jel Vegan (Eau de Parfum),,https://www.trendyol.com/cle-d-amour/powerful-scent-aromatik-odunsu-erkek-jel-parfum-15-ml-men-vegan-p-231994015
39076,Clé D'amour,Powerful Scent TURUNÇGİL/BAHARAT Stick Vegan (Eau de Parfum),,https://www.trendyol.com/cle-d-amour/powerful-scent-turuncgil-baharat-erkek-stick-parfum-6-2-gr-men-vegan-p-198703045
39077,Clé D'amour,Powerful Scent / Vegan (Eau de Parfum),,https://www.trendyol.com/cle-d-amour/powerful-scent-aromatik-odunsu-erkek-parfum-100-ml-men-vegan-p-211588670
39078,Clé D'amour,Strong FOUGÈRE/ Jel Vegan (Eau de Parfum),,https://www.trendyol.com/cle-d-amour/strong-man-fougere-aromatik-erkek-jel-parfum-15-ml-men-vegan-p-217816431
39079,Clé D'amour,Strong FOUGÈRE/ Stick Vegan (Eau de Parfum),,https://www.trendyol.com/cle-d-amour/strong-man-fougere-aromatik-erkek-stick-parfum-6-2-gr-men-vegan-p-186595202
39080,Clé D'amour,Symbol Of Love / Jel Vegan (Eau de Parfum),,https://www.trendyol.com/cle-d-amour/symbol-of-love-meyveli-ciceksi-women-kadin-jel-parfum-15-ml-vegan-p-222742193
39081,Clé D'amour,Symbol Of Love / Vegan (Eau de Parfum),,https://www.trendyol.com/cle-d-amour/symbol-of-love-meyveli-ciceksi-men-kadin-parfum-50-ml-vegan-p-211573266
39082,Clean,Acqua Neroli,2018,https://www.fragrantica.com/perfume/Clean/Acqua-Neroli-50623.html
39083,Clean,Air & Coconut Water,,https://huggingface.co/datasets/doevent/perfume
39084,Clean,Air & Coconut Water Clean 2017 Eau Fraîche,2017,https://www.parfumo.com/Perfumes/Clean/Air__Coconut_Water_Eau_Fraiche
39085,Clean,Air & Coconut Water Eau Fraiche,2017,https://www.fragrantica.com/perfume/Clean/Air-Coconut-Water-Eau-Fraiche-60100.html
39086,Clean,Air Clean Eau de Toilette,,https://www.parfumo.com/Perfumes/Clean/Air_Eau_de_Toilette
39087,Clean,Amber Cashmere,,https://huggingface.co/datasets/doevent/perfume
39088,Clean,Amber Saffron,2016,https://www.fragrantica.com/perfume/Clean/Amber-Saffron-35241.html
39089,Clean,Apple Blossom,2023,https://www.fragrantica.com/perfume/Clean/Apple-Blossom-82586.html
39090,Clean,Autumn,2018,https://www.fragrantica.com/perfume/Clean/Autumn-52357.html
39091,Clean,Beach Vibes,2023,https://www.parfumo.com/Perfumes/Clean/beach-vibes
39092,Clean,Black Leather,2016,https://www.parfumo.com/Perfumes/Clean/Black_Leather
39093,Clean,Blonde Rose,2016,https://www.fragrantica.com/perfume/Clean/Blonde-Rose-35231.html
39094,Clean,Brilliant Peony,,https://huggingface.co/datasets/doevent/perfume
39095,Clean,Caramel Craze,2026,https://www.fragrantica.com/perfume/Clean/Caramel-Craze-139802.html
39096,Clean,Caramel Swirl,2026,https://www.fragrantica.com/perfume/Clean/Caramel-Swirl-122655.html
39097,Clean,Citron Fig,2016,https://www.fragrantica.com/perfume/Clean/Citron-Fig-42893.html
39098,Clean,Clean,2002,https://www.parfumo.com/Perfumes/Clean/Clean
39099,Clean,Clean Air (Eau de Parfum),2015,https://www.fragrantica.com/perfume/Clean/Clean-Air-30822.html
39100,Clean,Clean Baby Girl,2003,https://www.fragrantica.com/perfume/Clean/Clean-Baby-Girl-3028.html
39101,Clean,Clean Blossom,2016,https://www.fragrantica.com/perfume/Clean/Clean-Blossom-35191.html
39102,Clean,Clean Cashmere,2015,https://www.fragrantica.com/perfume/Clean/Clean-Cashmere-38510.html
39103,Clean,Clean Classic Beach Vibes,2023,https://www.fragrantica.com/perfume/Clean/Clean-Classic-Beach-Vibes-82761.html
39104,Clean,Clean Classic Flower Fresh,2020,https://www.fragrantica.com/perfume/Clean/Clean-Classic-Flower-Fresh-60823.html
39105,Clean,Clean Classic Hello Summer,2022,https://www.fragrantica.com/perfume/Clean/Clean-Classic-Hello-Summer-73916.html
39106,Clean,Clean Classic Summer Day,2020,https://www.fragrantica.com/perfume/Clean/Clean-Classic-Summer-Day-60822.html
39107,Clean,Clean Classic Sunshine,2021,https://www.fragrantica.com/perfume/Clean/Clean-Classic-Sunshine-67376.html
39108,Clean,Clean Classic Warm Cotton,2019,https://www.fragrantica.com/perfume/Clean/Clean-Classic-Warm-Cotton-71221.html
39109,Clean,Clean For Men Black Leather,2017,https://www.fragrantica.com/perfume/Clean/Clean-For-Men-Black-Leather-42953.html
39110,Clean,Clean for Men Classic,2014,https://www.parfumo.com/Perfumes/Clean/Clean_for_Men_Classic
39111,Clean,Clean for Men Clean Men,2003,https://www.parfumo.com/Perfumes/Clean/Clean_for_Men_Clean_Men
39112,Clean,Clean For Men White Vetiver,2017,https://www.fragrantica.com/perfume/Clean/Clean-For-Men-White-Vetiver-42954.html
39113,Clean,Clean Fragrance,2002,https://www.fragrantica.com/perfume/Clean/Clean-Fragrance-3027.html
39114,Clean,Clean Lather,2007,https://www.fragrantica.com/perfume/Clean/Clean-Lather-3029.html
39115,Clean,Clean Lovegrass,2017,https://www.fragrantica.com/perfume/Clean/Clean-Lovegrass-42952.html
39116,Clean,Clean Man,2003,https://www.fragrantica.com/perfume/Clean/Clean-Man-3030.html
39117,Clean,Clean Provence,2004,https://www.fragrantica.com/perfume/Clean/Clean-Provence-3031.html
39118,Clean,Clean Rain (Eau de Parfum),2012,https://www.fragrantica.com/perfume/Clean/Clean-Rain-16602.html
39119,Clean,Clean Reserve - Acqua Neroli,2018,https://www.parfumo.com/Perfumes/Clean/Clean_Reserve__Acqua_Neroli
39120,Clean,Clean Reserve - Amber Saffron,2015,https://www.parfumo.com/Perfumes/Clean/Clean_Reserve__Amber_Saffron
39121,Clean,Clean Reserve Avant Garden - Galbanum & Rain,2018,https://www.parfumo.com/Perfumes/Clean/Clean_Reserve_Avant_Garden__Galbanum__Rain
39122,Clean,Clean Reserve Avant Garden - Hemp & Ginger,2018,https://www.parfumo.com/Perfumes/Clean/Clean_Reserve_Avant_Garden__Hemp__Ginger
39123,Clean,Clean Reserve Avant Garden - Muguet & Skin,2018,https://www.parfumo.com/Perfumes/Clean/Clean_Reserve_Avant_Garden__Muguet__Skin
39124,Clean,Clean Reserve Avant Garden - Nude Santal & Heliotrope,2018,https://www.parfumo.com/Perfumes/Clean/Clean_Reserve_Avant_Garden_Nude_Santal__Heliotrope
39125,Clean,Clean Reserve Avant Garden - Saguaro Blossom & Sand,2018,https://www.parfumo.com/Perfumes/Clean/Clean_Reserve_Avant_Garden__Saguaro_Blossom__Sand
39126,Clean,Clean Reserve Avant Garden - Sweetbriar & Moss,2018,https://www.parfumo.com/Perfumes/Clean/Clean_Reserve_Avant_Garden__Sweetbriar__Moss
39127,Clean,Clean Reserve Avant Garden - White Amber & Warm Cotton,2018,https://www.parfumo.com/Perfumes/Clean/Clean_Reserve_Avant_Garden__White_Amber__Warm_Cotton
39128,Clean,Clean Reserve Avant Garden - White Fig & Bourbon,2019,https://www.parfumo.com/Perfumes/Clean/Clean_Reserve_Avant_Garden__White_Fig__Bourbon
39129,Clean,Clean Reserve - Blonde Rose,2015,https://www.parfumo.com/Perfumes/Clean/Clean_Reserve__Blonde_Rose
39130,Clean,Clean Reserve - Citron Fig,2016,https://www.parfumo.com/Perfumes/Clean/Clean_Reserve__Citron_Fig
39131,Clean,Clean Reserve H₂Eau Collection - Amber Cashmere,2023,https://www.parfumo.com/Perfumes/Clean/clean-reserve-h-eau-collection-amber-cashmere
39132,Clean,Clean Reserve H₂Eau Collection - Brilliant Peony,2023,https://www.parfumo.com/Perfumes/Clean/clean-reserve-h-eau-collection-brilliant-peony
39133,Clean,Clean Reserve H₂Eau Collection - Emerald Oasis,2023,https://www.parfumo.com/Perfumes/Clean/clean-reserve-h-eau-collection-emerald-oasis
39134,Clean,Clean Reserve H₂Eau Collection - Golden Citrus,2023,https://www.parfumo.com/Perfumes/Clean/clean-reserve-h-eau-collection-golden-citrus
39135,Clean,Clean Reserve H₂Eau Collection - Musk Noir,2023,https://www.parfumo.com/Perfumes/Clean/clean-reserve-h-eau-collection-musk-noir
39136,Clean,Clean Reserve H₂Eau Collection - Nectarine Petal,2023,https://www.parfumo.com/Perfumes/Clean/clean-reserve-h-eau-collection-nectarine-petal
39137,Clean,Clean Reserve H₂Eau Collection - Water Lotus,2023,https://www.parfumo.com/Perfumes/Clean/clean-reserve-h-eau-collection-water-lotus
39138,Clean,Clean Reserve H₂Eau Collection - Waterfall,2023,https://www.parfumo.com/Perfumes/Clean/clean-reserve-h-eau-collection-waterfall
39139,Clean,Clean Reserve - Lush Fleur,2021,https://www.parfumo.com/Perfumes/Clean/clean-reserve-lush-fleur
39140,Clean,Clean Reserve - Radiant Nectar,2020,https://www.parfumo.com/Perfumes/Clean/clean-reserve-radiant-nectar
39141,Clean,Clean Reserve - Rain [Reserve Blend] Clean 2015 Eau de Parfum,2015,https://www.parfumo.com/Perfumes/Clean/clean-reserve-rain-reserve-blend-eau-de-parfum
39142,Clean,Clean Reserve - Rain [Reserve Blend] Clean Hair Fragrance,,https://www.parfumo.com/Perfumes/Clean/clean-reserve-rain-reserve-blend-hair-fragrance
39143,Clean,Clean Reserve - Sel Santal,2016,https://www.parfumo.com/Perfumes/Clean/Clean_Reserve__Sel_Santal
39144,Clean,Clean Reserve - Skin [Reserve Blend] Clean 2015 Eau de Parfum,2015,https://www.parfumo.com/Perfumes/Clean/clean-reserve-skin-reserve-blend-eau-de-parfum
39145,Clean,Clean Reserve - Skin [Reserve Blend] Clean Hair Fragrance,,https://www.parfumo.com/Perfumes/Clean/clean-reserve-skin-reserve-blend-hair-fragrance
39146,Clean,Clean Reserve - Smoked Vetiver,2015,https://www.parfumo.com/Perfumes/Clean/Clean_Reserve__Smoked_Vetiver
39147,Clean,Clean Reserve - Solar Bloom Clean 2019 Eau de Parfum,2019,https://www.parfumo.com/Perfumes/Clean/clean-reserve-solar-bloom-eau-de-parfum
39148,Clean,Clean Reserve - Solar Bloom Clean Hair Fragrance,,https://www.parfumo.com/Perfumes/Clean/clean-reserve-solar-bloom-hair-fragrance
39149,Clean,Clean Reserve - Sparkling Sugar,2023,https://www.parfumo.com/Perfumes/Clean/clean-reserve-sparkling-sugar
39150,Clean,Clean Reserve - Sueded Oud,2015,https://www.parfumo.com/Perfumes/Clean/Clean_Reserve__Sueded_Oud
39151,Clean,Clean Reserve - Terra Woods,2015,https://www.parfumo.com/Perfumes/Clean/Clean_Reserve__Terra_Woods
39152,Clean,Clean Reserve - Velvet Flora,2015,https://www.parfumo.com/Perfumes/Clean/Clean_Reserve__Velvet_Flora
39153,Clean,Clean Shower Fresh,2007,https://www.fragrantica.com/perfume/Clean/Clean-Shower-Fresh-3021.html
39154,Clean,Clean Shower Fresh for Men,,https://www.fragrantica.com/perfume/Clean/Clean-Shower-Fresh-for-Men-16604.html
39155,Clean,Clean Simply Soap,2009,https://www.fragrantica.com/perfume/Clean/Clean-Simply-Soap-5899.html
39156,Clean,Clean Skin (Eau de Toilette),2012,https://www.fragrantica.com/perfume/Clean/Clean-Skin-16603.html
39157,Clean,Clean Summer Eau Fraiche,2009,https://www.fragrantica.com/perfume/Clean/Clean-Summer-Eau-Fraiche-5898.html
39158,Clean,Clean Summer Sailing,2014,https://www.fragrantica.com/perfume/Clean/Clean-Summer-Sailing-25227.html
39159,Clean,Clean Sweet Layer,2004,https://www.fragrantica.com/perfume/Clean/Clean-Sweet-Layer-3022.html
39160,Clean,Clean The Original,2019,https://www.fragrantica.com/perfume/Clean/Clean-The-Original-107689.html
39161,Clean,Clean Ultimate,2004,https://www.fragrantica.com/perfume/Clean/Clean-Ultimate-3023.html
39162,Clean,Clean Warm Cashmere,2017,https://www.fragrantica.com/perfume/Clean/Clean-Warm-Cashmere-46483.html
39163,Clean,Clean Warm Cotton (Eau de Parfum),2007,https://www.fragrantica.com/perfume/Clean/Clean-Warm-Cotton-3024.html
39164,Clean,Cool Cotton & Grapefruit,,https://huggingface.co/datasets/doevent/perfume
39165,Clean,Cool Cotton & Grapefruit Clean 2017 Eau Fraîche,2017,https://www.parfumo.com/Perfumes/Clean/Cool_Cotton__Grapefruit_Eau_Fraiche
39166,Clean,Cool Cotton Clean 2013 Eau de Parfum,2013,https://www.parfumo.com/Perfumes/Clean/Cool_Cotton
39167,Clean,Cool Cotton (Eau de Toilette),2013,https://www.fragrantica.com/perfume/Clean/Cool-Cotton-23032.html
39168,Clean,Cotton T-Shirt,2011,https://www.fragrantica.com/perfume/Clean/Cotton-T-Shirt-12038.html
39169,Clean,Emerald Oasis,,https://huggingface.co/datasets/doevent/perfume
39170,Clean,Endless Summer,2019,https://www.fragrantica.com/perfume/Clean/Endless-Summer-55254.html
39171,Clean,First Blush,2013,https://www.fragrantica.com/perfume/Clean/First-Blush-17797.html
39172,Clean,Flower Fresh,2020,https://www.parfumo.com/Perfumes/Clean/flower-fresh
39173,Clean,Fresh Laundry & Lavender,,https://huggingface.co/datasets/doevent/perfume
39174,Clean,Fresh Laundry & Lavender Clean 2017 Eau Fraîche,2017,https://www.parfumo.com/Perfumes/Clean/Fresh_Laundry__Lavender_Eau_Fraiche
39175,Clean,Fresh Laundry & Lavender Eau De Toilette,,https://huggingface.co/datasets/doevent/perfume
39176,Clean,Fresh Laundry & Lavender Eau Fraiche,2018,https://www.fragrantica.com/perfume/Clean/Fresh-Laundry-Lavender-Eau-Fraiche-53167.html
39177,Clean,Fresh Laundry Clean 2005 Eau de Parfum,2005,https://www.parfumo.com/Perfumes/Clean/Fresh_Laundry
39178,Clean,Fresh Laundry (Eau de Toilette),2005,https://www.fragrantica.com/perfume/Clean/Fresh-Laundry-6763.html
39179,Clean,Fresh Linens,2018,https://www.fragrantica.com/perfume/Clean/Fresh-Linens-53402.html
39180,Clean,Fun,2000,https://www.fragrantica.com/perfume/Clean/Fun-45491.html
39181,Clean,Galbanum & Rain,2018,https://www.fragrantica.com/perfume/Clean/Galbanum-Rain-55777.html
39182,Clean,Golden Citrus,,https://huggingface.co/datasets/doevent/perfume
39183,Clean,H2Eau Amber Cashmere,2023,https://www.fragrantica.com/perfume/Clean/H2Eau-Amber-Cashmere-88770.html
39184,Clean,H2Eau Brilliant Peony,2023,https://www.fragrantica.com/perfume/Clean/H2Eau-Brilliant-Peony-88637.html
39185,Clean,H2Eau Emerald Oasis,2023,https://www.fragrantica.com/perfume/Clean/H2Eau-Emerald-Oasis-88769.html
39186,Clean,H2Eau Golden Citrus,2023,https://www.fragrantica.com/perfume/Clean/H2Eau-Golden-Citrus-88641.html
39187,Clean,H2Eau Musk Noir,2023,https://www.fragrantica.com/perfume/Clean/H2Eau-Musk-Noir-88635.html
39188,Clean,H2Eau Nectarine Petal,2023,https://www.fragrantica.com/perfume/Clean/H2Eau-Nectarine-Petal-88642.html
39189,Clean,H2Eau Water Lotus,2023,https://www.fragrantica.com/perfume/Clean/H2Eau-Water-Lotus-88639.html
39190,Clean,H2Eau Waterfall,2023,https://www.fragrantica.com/perfume/Clean/H2Eau-Waterfall-88638.html
39191,Clean,Hello Summer!,2022,https://www.parfumo.com/Perfumes/Clean/hello-summer
39192,Clean,Hemp & Ginger,2018,https://www.fragrantica.com/perfume/Clean/Hemp-Ginger-55778.html
39193,Clean,Lush Fleur,2021,https://www.fragrantica.com/perfume/Clean/Lush-Fleur-66651.html
39194,Clean,Malibu Beach,2024,https://www.fragrantica.com/perfume/Clean/Malibu-Beach-92564.html
39195,Clean,Muguet & Skin,2018,https://www.fragrantica.com/perfume/Clean/Muguet-Skin-55773.html
39196,Clean,Musk Noir,,https://huggingface.co/datasets/doevent/perfume
39197,Clean,Nectarine Petal,,https://huggingface.co/datasets/doevent/perfume
39198,Clean,Nordic Light,2022,https://www.fragrantica.com/perfume/Clean/Nordic-Light-77891.html
39199,Clean,Nude Santal & Heliotrope,2018,https://www.fragrantica.com/perfume/Clean/Nude-Santal-Heliotrope-55774.html
39200,Clean,Outdoor Shower Fresh,,https://www.fragrantica.com/perfume/Clean/Outdoor-Shower-Fresh-9144.html
39201,Clean,Papaya Paradise Mist,2026,https://www.fragrantica.com/perfume/Clean/Papaya-Paradise-Mist-129799.html
39202,Clean,Pistachio Passion Mist,2026,https://www.fragrantica.com/perfume/Clean/Pistachio-Passion-Mist-129792.html
39203,Clean,Pool Daze,2026,https://www.fragrantica.com/perfume/Clean/Pool-Daze-131711.html
39204,Clean,Pure Soap,2021,https://www.fragrantica.com/perfume/Clean/Pure-Soap-68416.html
39205,Clean,Radiant Nectar,2020,https://www.fragrantica.com/perfume/Clean/Radiant-Nectar-59860.html
39206,Clean,Rain & Pear,,https://huggingface.co/datasets/doevent/perfume
39207,Clean,Rain & Pear Clean 2017 Eau Fraîche,2017,https://www.parfumo.com/Perfumes/Clean/Rain__Pear_Eau_Fraiche
39208,Clean,Rain & Pear Eau De Toilette,,https://huggingface.co/datasets/doevent/perfume
39209,Clean,Rain (Eau de Toilette),2016,https://www.fragrantica.com/perfume/Clean/Rain-35234.html
39210,Clean,Rosé All Day Mist,2026,https://www.fragrantica.com/perfume/Clean/Rose-All-Day-Mist-129797.html
39211,Clean,Saguaro Blossom & Sand,2018,https://www.fragrantica.com/perfume/Clean/Saguaro-Blossom-Sand-55775.html
39212,Clean,Sel Santal,2016,https://www.fragrantica.com/perfume/Clean/Sel-Santal-42828.html
39213,Clean,Simply,2019,https://www.parfumo.com/Perfumes/Clean/simply-clean
39214,Clean,Simply Clean,2020,https://www.fragrantica.com/perfume/Clean/Simply-Clean-60666.html
39215,Clean,Skin & Vanilla,,https://huggingface.co/datasets/doevent/perfume
39216,Clean,Skin & Vanilla Clean 2017 Eau Fraîche,2017,https://www.parfumo.com/Perfumes/Clean/Skin__Vanilla_Eau_Fraiche
39217,Clean,Skin & Vanilla Eau De Toilette,,https://huggingface.co/datasets/doevent/perfume
39218,Clean,Skin & Vanilla Eau Fraiche,2017,https://www.fragrantica.com/perfume/Clean/Skin-Vanilla-Eau-Fraiche-60101.html
39219,Clean,Skin (Eau de Parfum),2016,https://www.fragrantica.com/perfume/Clean/Skin-35244.html
39220,Clean,Skin [Intense],2025,https://www.fragrantica.com/perfume/Clean/Skin-Intense-116829.html
39221,Clean,Skin [Reserve Blend] Hair Perfume (Hair Mist),,https://www.fragrantica.com/perfume/Clean/Skin-Reserve-Blend-Hair-Perfume-128986.html
39222,Clean,Smoked Vetiver,2016,https://www.fragrantica.com/perfume/Clean/Smoked-Vetiver-35242.html
39223,Clean,Soft Laundry,2022,https://www.fragrantica.com/perfume/Clean/Soft-Laundry-75629.html
39224,Clean,Solar Bloom,2019,https://www.fragrantica.com/perfume/Clean/Solar-Bloom-55041.html
39225,Clean,Sparkling Sugar,2023,https://www.fragrantica.com/perfume/Clean/Sparkling-Sugar-79348.html
39226,Clean,Spring Breeze,2024,https://www.fragrantica.com/perfume/Clean/Spring-Breeze-90714.html
39227,Clean,Strawberry Fields,2025,https://www.fragrantica.com/perfume/Clean/Strawberry-Fields-104123.html
39228,Clean,Sueded Oud,2016,https://www.fragrantica.com/perfume/Clean/Sueded-Oud-35236.html
39229,Clean,Sugar-Coated,2026,https://www.fragrantica.com/perfume/Clean/Sugar-Coated-125738.html
39230,Clean,Summer,2009,https://www.parfumo.com/Perfumes/Clean/Clean_Summer
39231,Clean,Summer Day,2020,https://www.parfumo.com/Perfumes/Clean/summer-day
39232,Clean,Summer Escape,2011,https://www.fragrantica.com/perfume/Clean/Summer-Escape-12037.html
39233,Clean,Summer Linen,,https://www.fragrantica.com/perfume/Clean/Summer-Linen-9735.html
39234,Clean,Summer Linen Clean 2010 Eau Fraîche,2010,https://www.parfumo.com/Perfumes/Clean/Summer_Linen_Eau_Fraiche
39235,Clean,Summer Splash Sunkissed Skin,2016,https://www.fragrantica.com/perfume/Clean/Summer-Splash-Sunkissed-Skin-36537.html
39236,Clean,Summer Splash Warm Cotton Breeze,2016,https://www.fragrantica.com/perfume/Clean/Summer-Splash-Warm-Cotton-Breeze-36538.html
39237,Clean,Summer Sun,2015,https://www.fragrantica.com/perfume/Clean/Summer-Sun-31101.html
39238,Clean,Sun-Kissed Papaya,2026,https://www.fragrantica.com/perfume/Clean/Sun-Kissed-Papaya-136130.html
39239,Clean,Sunkissed Skin,2016,https://www.parfumo.com/Perfumes/Clean/Sunkissed_Skin
39240,Clean,Sunshine,2021,https://www.parfumo.com/Perfumes/Clean/sunshine
39241,Clean,Sweetbriar & Moss,2018,https://www.fragrantica.com/perfume/Clean/Sweetbriar-Moss-55776.html
39242,Clean,Terra Woods,2016,https://www.fragrantica.com/perfume/Clean/Terra-Woods-35238.html
39243,Clean,Tropical Escape,2025,https://www.fragrantica.com/perfume/Clean/Tropical-Escape-106120.html
39244,Clean,Ultimate Beach Day,2018,https://www.fragrantica.com/perfume/Clean/Ultimate-Beach-Day-52228.html
39245,Clean,Ultimate Beach Night,2018,https://www.fragrantica.com/perfume/Clean/Ultimate-Beach-Night-52229.html
39246,Clean,Vanilla Cloud,2024,https://www.fragrantica.com/perfume/Clean/Vanilla-Cloud-99576.html
39247,Clean,Velvet Flora,2016,https://www.fragrantica.com/perfume/Clean/Velvet-Flora-35239.html
39248,Clean,Warm Cotton & Mandarin,,https://huggingface.co/datasets/doevent/perfume
39249,Clean,Warm Cotton & Mandarin Clean 2017 Eau Fraîche,2017,https://www.parfumo.com/Perfumes/Clean/Warm_Cotton__Mandarin_Eau_Fraiche
39250,Clean,Warm Cotton & Mandarin Eau De Toilette,,https://huggingface.co/datasets/doevent/perfume
39251,Clean,Warm Cotton Breeze,2016,https://www.parfumo.com/Perfumes/Clean/Warm_Cotton_Breeze
39252,Clean,Warm Cotton Clean Eau de Toilette,,https://www.parfumo.com/Perfumes/Clean/Warm_Cotton_Eau_de_Toilette
39253,Clean,Warm Cotton [Reserve Blend],2016,https://www.fragrantica.com/perfume/Clean/Warm-Cotton-Reserve-Blend-35233.html
39254,Clean,Water Lotus,,https://huggingface.co/datasets/doevent/perfume
39255,Clean,Waterfall,,https://huggingface.co/datasets/doevent/perfume
39256,Clean,Wellness by Clean Harmony,2008,https://www.fragrantica.com/perfume/Clean/Wellness-by-Clean-Harmony-3025.html
39257,Clean,Wellness by Clean Purity,2008,https://www.fragrantica.com/perfume/Clean/Wellness-by-Clean-Purity-3026.html
39258,Clean,Whipped Cherry,2024,https://www.fragrantica.com/perfume/Clean/Whipped-Cherry-100205.html
39259,Clean,Whipped Vanilla Mist,2026,https://www.fragrantica.com/perfume/Clean/Whipped-Vanilla-Mist-129798.html
39260,Clean,White Amber & Warm Cotton,2018,https://www.fragrantica.com/perfume/Clean/White-Amber-Warm-Cotton-55779.html
39261,Clean,White Fig & Bourbon,2019,https://www.fragrantica.com/perfume/Clean/White-Fig-Bourbon-55780.html
39262,Clean,White Vetiver,2016,https://www.parfumo.com/Perfumes/Clean/White_Vetiver
39263,Clean,White Woods,2013,https://www.fragrantica.com/perfume/Clean/White-Woods-18680.html
39264,Clean,Winter,2008,https://www.fragrantica.com/perfume/Clean/Winter-45494.html
39265,Clean Reserve,Clean Reserve - Acqua Neroli,,
39266,Clean Reserve,Clean Reserve - Amber Saffron,,
39267,Clean Reserve,Clean Reserve Avant Garden - Galbanum & Rain,,
39268,Clean Reserve,Clean Reserve Avant Garden - Hemp & Ginger,,
39269,Clean Reserve,Clean Reserve Avant Garden - Muguet & Skin,,
39270,Clean Reserve,Clean Reserve Avant Garden - Nude Santal & Heliotrope,,
39271,Clean Reserve,Clean Reserve Avant Garden - Saguaro Blossom & Sand,,
39272,Clean Reserve,Clean Reserve Avant Garden - Sweetbriar & Moss,,
39273,Clean Reserve,Clean Reserve Avant Garden - White Amber & Warm Cotton,,
39274,Clean Reserve,Clean Reserve Avant Garden - White Fig & Bourbon,,
39275,Clean Reserve,Clean Reserve - Blonde Rose,,
39276,Clean Reserve,Clean Reserve - Citron Fig,,
39277,Clean Reserve,Clean Reserve H₂Eau Collection - Amber Cashmere,,
39278,Clean Reserve,Clean Reserve H₂Eau Collection - Brilliant Peony,,
39279,Clean Reserve,Clean Reserve H₂Eau Collection - Emerald Oasis,,
39280,Clean Reserve,Clean Reserve H₂Eau Collection - Golden Citrus,,
39281,Clean Reserve,Clean Reserve H₂Eau Collection - Musk Noir,,
39282,Clean Reserve,Clean Reserve H₂Eau Collection - Nectarine Petal,,
39283,Clean Reserve,Clean Reserve H₂Eau Collection - Water Lotus,,
39284,Clean Reserve,Clean Reserve H₂Eau Collection - Waterfall,,
39285,Clean Reserve,Clean Reserve - Lush Fleur,,
39286,Clean Reserve,Clean Reserve - Lush Fleur Limited Edition,,
39287,Clean Reserve,Clean Reserve - Radiant Nectar,,
39288,Clean Reserve,Clean Reserve - Rain [Reserve Blend] Clean 2015 Eau de Parfum,2015,
39289,Clean Reserve,Clean Reserve - Rain [Reserve Blend] Clean Hair Fragrance,,
39290,Clean Reserve,Clean Reserve - Rain [Reserve Blend] Limited Edition,,
39291,Clean Reserve,Clean Reserve - Sel Santal,,
39292,Clean Reserve,Clean Reserve - Skin [Reserve Blend] Clean 2015 Eau de Parfum,2015,
39293,Clean Reserve,Clean Reserve - Skin [Reserve Blend] Clean Hair Fragrance,,
39294,Clean Reserve,Clean Reserve - Skin [Reserve Blend] Limited Edition,,
39295,Clean Reserve,Clean Reserve - Smoked Vetiver,,
39296,Clean Reserve,Clean Reserve - Solar Bloom Clean 2019 Eau de Parfum,2019,
39297,Clean Reserve,Clean Reserve - Solar Bloom Clean Hair Fragrance,,
39298,Clean Reserve,Clean Reserve - Sparkling Sugar,,
39299,Clean Reserve,Clean Reserve - Sparkling Sugar Limited Edition,,
39300,Clean Reserve,Clean Reserve - Sueded Oud,,
39301,Clean Reserve,Clean Reserve - Terra Woods,,
39302,Clean Reserve,Clean Reserve - Velvet Flora,,
39303,Clean Reserve,Rain (Reserve Blend),,
39304,Clean Reserve,Skin (Reserve Blend),,
39305,Clean Reserve,Warm Cotton (Reserve Blend),,
39306,Clement B,Floral Leather,2019,https://www.fragrantica.com/perfume/Clement-B/Floral-Leather-55840.html
39307,Clement B,Fluorescent,2019,https://www.fragrantica.com/perfume/Clement-B/Fluorescent-55843.html
39308,Clement B,Sinful Wood,2019,https://www.fragrantica.com/perfume/Clement-B/Sinful-Wood-55841.html
39309,Clement B,tattoo,2019,https://www.fragrantica.com/perfume/Clement-B/tattoo-55842.html
39310,Cliff Richard,Devil Woman,1976,https://www.fragrantica.com/perfume/Cliff-Richard/Devil-Woman-8494.html
39311,Cliff Richard,Dream Maker,,https://www.fragrantica.com/perfume/Cliff-Richard/Dream-Maker-8495.html
39312,Cliff Richard,Miss You Nights,,https://www.fragrantica.com/perfume/Cliff-Richard/Miss-You-Nights-8492.html
39313,Cliff Richard,Summer Holiday,1963,https://www.fragrantica.com/perfume/Cliff-Richard/Summer-Holiday-8493.html
39314,Clinique,Aromatics Black Cherry,2016,https://www.fragrantica.com/perfume/Clinique/Aromatics-Black-Cherry-39570.html
39315,Clinique,Aromatics Elixir Clinique 1971 Eau de Toilette,1971,https://www.parfumo.com/Perfumes/Clinique/Aromatics_Elixir_Eau_de_Toilette
39316,Clinique,Aromatics Elixir Clinique Solid Perfume,,https://www.parfumo.com/Perfumes/Clinique/Aromatics_Elixir_Solid_Perfume
39317,Clinique,Aromatics Elixir Eau De Parfum,,https://huggingface.co/datasets/doevent/perfume
39318,Clinique,Aromatics Elixir Eau De Parfum Fête Des Mères 2022,2022,https://huggingface.co/datasets/doevent/perfume
39319,Clinique,Aromatics Elixir Fête des Mères Edition Limitée,2022,https://www.fragrantica.com/perfume/Clinique/Aromatics-Elixir-Fete-des-Meres-Edition-Limitee-73229.html
39320,Clinique,Aromatics Elixir (Parfum),1971,https://www.fragrantica.com/perfume/Clinique/Aromatics-Elixir-371.html
39321,Clinique,Aromatics Elixir Perfumer's Reserve,2011,https://www.fragrantica.com/perfume/Clinique/Aromatics-Elixir-Perfumer-s-Reserve-12577.html
39322,Clinique,Aromatics Elixir Premier,2017,https://www.fragrantica.com/perfume/Clinique/Aromatics-Elixir-Premier-45211.html
39323,Clinique,Aromatics Elixir Premier Edition Prestige,2017,https://www.parfumo.com/Perfumes/Clinique/Aromatics_Elixir_Premier_Edition_Prestige
39324,Clinique,Aromatics Elixir Sheer Velvet Philtre Sensuel,2006,https://www.fragrantica.com/perfume/Clinique/Aromatics-Elixir-Sheer-Velvet-Philtre-Sensuel-3847.html
39325,Clinique,Aromatics in Black,2015,https://www.fragrantica.com/perfume/Clinique/Aromatics-in-Black-31761.html
39326,Clinique,Aromatics in White,2014,https://www.fragrantica.com/perfume/Clinique/Aromatics-in-White-28532.html
39327,Clinique,Baby Bouquet,2021,https://www.fragrantica.com/perfume/Clinique/Baby-Bouquet-64664.html
39328,Clinique,Beyond Rose,2014,https://www.fragrantica.com/perfume/Clinique/Beyond-Rose-25726.html
39329,Clinique,Blue Sky Neroli,2018,https://www.fragrantica.com/perfume/Clinique/Blue-Sky-Neroli-53722.html
39330,Clinique,Calyx,2013,https://www.fragrantica.com/perfume/Clinique/Calyx-29195.html
39331,Clinique,Chemistry,1994,https://www.fragrantica.com/perfume/Clinique/Chemistry-7980.html
39332,Clinique,Clinique Happy by Donald Robertson,2022,https://www.fragrantica.com/perfume/Clinique/Clinique-Happy-by-Donald-Robertson-73338.html
39333,Clinique,Clinique Happy For Men (Eau de Toilette),1999,https://www.fragrantica.com/perfume/Clinique/Clinique-Happy-For-Men-373.html
39334,Clinique,Clinique Happy For Women,1998,https://www.fragrantica.com/perfume/Clinique/Clinique-Happy-For-Women-372.html
39335,Clinique,Clinique Happy Glimmering,,https://www.fragrantica.com/perfume/Clinique/Clinique-Happy-Glimmering-374.html
39336,Clinique,Clinique Happy Heart 2003,2003,https://www.fragrantica.com/perfume/Clinique/Clinique-Happy-Heart-2003-375.html
39337,Clinique,Clinique Happy Heart 2012,2012,https://www.fragrantica.com/perfume/Clinique/Clinique-Happy-Heart-2012-17154.html
39338,Clinique,Clinique Happy Holiday,,https://www.fragrantica.com/perfume/Clinique/Clinique-Happy-Holiday-376.html
39339,Clinique,Clinique Happy In Bloom 2006,2006,https://www.fragrantica.com/perfume/Clinique/Clinique-Happy-In-Bloom-2006-377.html
39340,Clinique,Clinique Happy In Bloom 2008,2008,https://www.fragrantica.com/perfume/Clinique/Clinique-Happy-In-Bloom-2008-3129.html
39341,Clinique,Clinique Happy In Bloom 2010,2010,https://www.fragrantica.com/perfume/Clinique/Clinique-Happy-In-Bloom-2010-7825.html
39342,Clinique,Clinique Happy In Bloom 2011,2011,https://www.fragrantica.com/perfume/Clinique/Clinique-Happy-In-Bloom-2011-10857.html
39343,Clinique,Clinique Happy In Bloom 2012,2012,https://www.fragrantica.com/perfume/Clinique/Clinique-Happy-In-Bloom-2012-14222.html
39344,Clinique,Clinique Happy In Bloom 2013,2013,https://www.fragrantica.com/perfume/Clinique/Clinique-Happy-In-Bloom-2013-17344.html
39345,Clinique,Clinique Happy In Bloom 2014,2014,https://www.fragrantica.com/perfume/Clinique/Clinique-Happy-In-Bloom-2014-22824.html
39346,Clinique,Clinique Happy In Bloom 2015,2015,https://www.fragrantica.com/perfume/Clinique/Clinique-Happy-In-Bloom-2015-29338.html
39347,Clinique,Clinique Happy In Bloom 2016,2016,https://www.fragrantica.com/perfume/Clinique/Clinique-Happy-In-Bloom-2016-34895.html
39348,Clinique,Clinique Happy Limited Edition 2022,2022,https://www.fragrantica.com/perfume/Clinique/Clinique-Happy-Limited-Edition-2022-71666.html
39349,Clinique,Clinique Happy Smile Click,1998,https://www.fragrantica.com/perfume/Clinique/Clinique-Happy-Smile-Click-1739.html
39350,Clinique,Clinique Happy Summer Spray 2009,2009,https://www.fragrantica.com/perfume/Clinique/Clinique-Happy-Summer-Spray-2009-6203.html
39351,Clinique,Clinique Happy Summer Spray 2010,2010,https://www.fragrantica.com/perfume/Clinique/Clinique-Happy-Summer-Spray-2010-11522.html
39352,Clinique,Clinique Happy Summer Spray 2012,2012,https://www.fragrantica.com/perfume/Clinique/Clinique-Happy-Summer-Spray-2012-14997.html
39353,Clinique,Clinique Happy Summer Spray 2013,2013,https://www.fragrantica.com/perfume/Clinique/Clinique-Happy-Summer-Spray-2013-16987.html
39354,Clinique,Clinique Happy Summer Spray 2015,2015,https://www.fragrantica.com/perfume/Clinique/Clinique-Happy-Summer-Spray-2015-30953.html
39355,Clinique,Clinique Happy To Be,2005,https://www.fragrantica.com/perfume/Clinique/Clinique-Happy-To-Be-378.html
39356,Clinique,Clinique Happy: You Make Me Happy Because,2022,https://www.fragrantica.com/perfume/Clinique/Clinique-Happy-You-Make-Me-Happy-Because-77465.html
39357,Clinique,Clinique Wrappings,1990,https://www.fragrantica.com/perfume/Clinique/Clinique-Wrappings-6760.html
39358,Clinique,Cocoa & Cashmere,2018,https://www.fragrantica.com/perfume/Clinique/Cocoa-Cashmere-53720.html
39359,Clinique,Cookies & Kisses,2021,https://www.fragrantica.com/perfume/Clinique/Cookies-Kisses-64663.html
39360,Clinique,Happy - A Hint of Citrus Clinique Solid Perfume,,https://www.parfumo.com/Perfumes/Clinique/Happy__A_Hint_of_Citrus_Solid_Perfume
39361,Clinique,Happy A Hint of Citrus (Parfum),2012,https://www.fragrantica.com/perfume/Clinique/Happy-A-Hint-of-Citrus-70806.html
39362,Clinique,Happy - A Wealth of Flowers Clinique Perfume (Parfum),,https://www.parfumo.com/Perfumes/Clinique/Happy__A_Wealth_of_Flowers
39363,Clinique,Happy - A Wealth of Flowers Clinique Solid Perfume,,https://www.parfumo.com/Perfumes/Clinique/Happy__A_Wealth_of_Flowers_Solid_Perfume
39364,Clinique,Happy Clinique 1997 Perfume (Parfum),1997,https://www.parfumo.com/Perfumes/Clinique/Happy
39365,Clinique,Happy Clinique Solid Perfume,,https://www.parfumo.com/Perfumes/Clinique/Happy_Solid_Perfume
39366,Clinique,Happy for Men Clinique 1999 After Shave,1999,https://www.parfumo.com/Perfumes/Clinique/Happy_for_Men_After_Shave
39367,Clinique,Happy Heart,2003,https://www.parfumo.com/Perfumes/Clinique/Happy_Heart
39368,Clinique,Happy In Bloom 2017,2017,https://www.fragrantica.com/perfume/Clinique/Happy-In-Bloom-2017-45794.html
39369,Clinique,Happy in Paradise,2024,https://www.fragrantica.com/perfume/Clinique/Happy-in-Paradise-91930.html
39370,Clinique,Happy Love 2023,2023,https://huggingface.co/datasets/doevent/perfume
39371,Clinique,Happy Mom Vibes,,https://www.parfumo.com/Perfumes/Clinique/happy-mom-vibes
39372,Clinique,Happy Mom Vibes 2023,2023,https://huggingface.co/datasets/doevent/perfume
39373,Clinique,Happy Splash,2018,https://www.fragrantica.com/perfume/Clinique/Happy-Splash-53719.html
39374,Clinique,Happy Summer Spray,2007,https://www.parfumo.com/Perfumes/Clinique/Happy_Summer_Spray
39375,Clinique,Indigo Mist,2021,https://www.fragrantica.com/perfume/Clinique/Indigo-Mist-64665.html
39376,Clinique,Lily of the Beach,2018,https://www.fragrantica.com/perfume/Clinique/Lily-of-the-Beach-53721.html
39377,Clinique,My Happy. - Baby Bouquet,2021,https://www.parfumo.com/Perfumes/Clinique/my-happy-baby-bouquet
39378,Clinique,My Happy. - Blue Sky Neroli,2018,https://www.parfumo.com/Perfumes/Clinique/My_Happy__Blue_Sky_Neroli
39379,Clinique,My Happy. - Cocoa & Cashmere,2018,https://www.parfumo.com/Perfumes/Clinique/My_Happy__Cocoa__Cashmere
39380,Clinique,My Happy. - Cookies & Kisses,2021,https://www.parfumo.com/Perfumes/Clinique/my-happy-cookies-kisses
39381,Clinique,My Happy. - Happy Splash,,https://www.parfumo.com/Perfumes/Clinique/My_Happy__Happy_Splash
39382,Clinique,My Happy. - Indigo Mist,2021,https://www.parfumo.com/Perfumes/Clinique/my-happy-indigo-mist
39383,Clinique,My Happy. - Lily of the Beach,2018,https://www.parfumo.com/Perfumes/Clinique/My_Happy__Lily_of_the_Beach
39384,Clinique,My Happy. - Peace & Jasmine,,https://www.parfumo.com/Perfumes/Clinique/My_Happy__Peace__Jasmine
39385,Clinique,My Happy. - Peony Picnic,,https://www.parfumo.com/Perfumes/Clinique/My_Happy__Peony_Picnic
39386,Clinique,Peace & Jasmine,2018,https://www.fragrantica.com/perfume/Clinique/Peace-Jasmine-53718.html
39387,Clinique,Peony Picnic,2018,https://www.fragrantica.com/perfume/Clinique/Peony-Picnic-53717.html
39388,Clinique,Simply,2003,https://www.parfumo.com/Perfumes/Clinique/Simply
39389,Clinique,Simply Clinique,2004,https://www.fragrantica.com/perfume/Clinique/Simply-Clinique-379.html
39390,Clinique,Splash,,https://huggingface.co/datasets/doevent/perfume
39391,Clinique,Tailoring for Men,1984,https://www.fragrantica.com/perfume/Clinique/Tailoring-for-Men-125644.html
39392,Clive Christian,1872 Basil,2018,https://www.fragrantica.com/perfume/Clive-Christian/1872-Basil-50753.html
39393,Clive Christian,1872 For Men,2001,https://www.fragrantica.com/perfume/Clive-Christian/1872-For-Men-4646.html
39394,Clive Christian,1872 For Women,1872,https://www.fragrantica.com/perfume/Clive-Christian/1872-For-Women-4647.html
39395,Clive Christian,1872 Leather,2017,https://www.fragrantica.com/perfume/Clive-Christian/1872-Leather-46828.html
39396,Clive Christian,1872 Mandarin,2016,https://www.fragrantica.com/perfume/Clive-Christian/1872-Mandarin-39178.html
39397,Clive Christian,1872 Orris,2017,https://www.fragrantica.com/perfume/Clive-Christian/1872-Orris-46829.html
39398,Clive Christian,1872 Tarocco Orange,2018,https://www.fragrantica.com/perfume/Clive-Christian/1872-Tarocco-Orange-50754.html
39399,Clive Christian,1872 Twist Acacia,2017,https://www.fragrantica.com/perfume/Clive-Christian/1872-Twist-Acacia-45427.html
39400,Clive Christian,1872 Twist Bergamot,2017,https://www.fragrantica.com/perfume/Clive-Christian/1872-Twist-Bergamot-45426.html
39401,Clive Christian,1872 Twist Jasmine,2018,https://www.fragrantica.com/perfume/Clive-Christian/1872-Twist-Jasmine-59902.html
39402,Clive Christian,1872 Twist Mandarin 2016 + 2020,2020,https://huggingface.co/datasets/doevent/perfume
39403,Clive Christian,1872 Vetiver,2016,https://www.fragrantica.com/perfume/Clive-Christian/1872-Vetiver-39179.html
39404,Clive Christian,20 Iconic Feminine,2019,https://www.fragrantica.com/perfume/Clive-Christian/20-Iconic-Feminine-57888.html
39405,Clive Christian,20 Iconic Masculine,2019,https://www.fragrantica.com/perfume/Clive-Christian/20-Iconic-Masculine-57887.html
39406,Clive Christian,A Separate Reality Manic,2018,https://www.fragrantica.com/perfume/Clive-Christian/A-Separate-Reality-Manic-63055.html
39407,Clive Christian,A Separate Reality Soporific,2018,https://www.fragrantica.com/perfume/Clive-Christian/A-Separate-Reality-Soporific-63056.html
39408,Clive Christian,Acacia,2017,https://www.parfumo.com/Perfumes/Clive_Christian/1872_Acacia
39409,Clive Christian,AddictiveArts - A Separate Reality Manic,2018,https://www.parfumo.com/Perfumes/Clive_Christian/AddictiveArts__A_Separate_Reality_Manic
39410,Clive Christian,AddictiveArts - A Separate Reality Soporific,2018,https://www.parfumo.com/Perfumes/Clive_Christian/AddictiveArts__A_Separate_Reality_Soporific
39411,Clive Christian,AddictiveArts - Chasing the Dragon Euphoric,2017,https://www.parfumo.com/Perfumes/Clive_Christian/AddictiveArts__Chasing_the_Dragon_Euphoric
39412,Clive Christian,AddictiveArts - Chasing the Dragon Hypnotic,2017,https://www.parfumo.com/Perfumes/Clive_Christian/AddictiveArts__Chasing_the_Dragon_Hypnotic
39413,Clive Christian,AddictiveArts - Vision in a Dream Mesmeric,2017,https://www.parfumo.com/Perfumes/Clive_Christian/AddictiveArts__Vision_in_a_Dream_Mesmeric
39414,Clive Christian,AddictiveArts - Vision in a Dream Psychedelic,2017,https://www.parfumo.com/Perfumes/Clive_Christian/AddictiveArts__Vision_in_a_Dream_Psychedelic
39415,Clive Christian,Amber Absolute Oil,2018,https://www.fragrantica.com/perfume/Clive-Christian/Amber-Absolute-Oil-52416.html
39416,Clive Christian,Amberwood,2022,https://www.fragrantica.com/perfume/Clive-Christian/Amberwood-73599.html
39417,Clive Christian,Baies Rose Iconic Elixir,2019,https://www.fragrantica.com/perfume/Clive-Christian/Baies-Rose-Iconic-Elixir-57889.html
39418,Clive Christian,Basil,2018,https://www.parfumo.com/Perfumes/Clive_Christian/1872_Basil
39419,Clive Christian,Bergamot,2017,https://www.parfumo.com/Perfumes/Clive_Christian/1872_Bergamot
39420,Clive Christian,Blonde Amber,2022,https://www.fragrantica.com/perfume/Clive-Christian/Blonde-Amber-73595.html
39421,Clive Christian,C for Men,2010,https://www.fragrantica.com/perfume/Clive-Christian/C-for-Men-9728.html
39422,Clive Christian,C for Men Woody Leather With Oudh Intense,2017,https://www.fragrantica.com/perfume/Clive-Christian/C-for-Men-Woody-Leather-With-Oudh-Intense-47337.html
39423,Clive Christian,C for Women,2010,https://www.fragrantica.com/perfume/Clive-Christian/C-for-Women-9729.html
39424,Clive Christian,C for Women Green Floral With Scottish Heather,2017,https://www.fragrantica.com/perfume/Clive-Christian/C-for-Women-Green-Floral-With-Scottish-Heather-47336.html
39425,Clive Christian,C: Green Floral,2017,https://www.parfumo.com/Perfumes/Clive_Christian/c-green-floral
39426,Clive Christian,C: Woody Leather,2017,https://www.parfumo.com/Perfumes/Clive_Christian/c-woody-leather
39427,Clive Christian,Chasing the Dragon Euphoric,2017,https://www.fragrantica.com/perfume/Clive-Christian/Chasing-the-Dragon-Euphoric-47119.html
39428,Clive Christian,Chasing the Dragon Hypnotic,2017,https://www.fragrantica.com/perfume/Clive-Christian/Chasing-the-Dragon-Hypnotic-47120.html
39429,Clive Christian,Contemporary,2022,https://www.fragrantica.com/perfume/Clive-Christian/Contemporary-77141.html
39430,Clive Christian,Cosmos Flower,2016,https://www.fragrantica.com/perfume/Clive-Christian/Cosmos-Flower-40131.html
39431,Clive Christian,Crab Apple Blossom,2020,https://www.fragrantica.com/perfume/Clive-Christian/Crab-Apple-Blossom-63461.html
39432,Clive Christian,E Cashmere Musk,2024,https://www.fragrantica.com/perfume/Clive-Christian/E-Cashmere-Musk-90448.html
39433,Clive Christian,E for Men Gourmand Oriental With Sweet Clove,2017,https://www.fragrantica.com/perfume/Clive-Christian/E-for-Men-Gourmand-Oriental-With-Sweet-Clove-47346.html
39434,Clive Christian,E for Women Green Fougere With Aromatic Lavender,2017,https://www.fragrantica.com/perfume/Clive-Christian/E-for-Women-Green-Fougere-With-Aromatic-Lavender-47348.html
39435,Clive Christian,E: Gourmande Oriental,2017,https://www.parfumo.com/Perfumes/Clive_Christian/e-gourmande-oriental
39436,Clive Christian,E: Green Fougere,2017,https://www.parfumo.com/Perfumes/Clive_Christian/e-green-fougere
39437,Clive Christian,for Men,2001,https://www.parfumo.com/Perfumes/Clive_Christian/1872-for-men
39438,Clive Christian,for Women,2001,https://www.parfumo.com/Perfumes/Clive_Christian/1872-for-women
39439,Clive Christian,Frankincense Absolute,2018,https://www.parfumo.com/Perfumes/Clive_Christian/Frankincense_Absolute
39440,Clive Christian,Geranium,2018,https://www.parfumo.com/Perfumes/Clive_Christian/1872_Geranium
39441,Clive Christian,I: Amber Oriental,2017,https://www.parfumo.com/Perfumes/Clive_Christian/i-amber-oriental
39442,Clive Christian,I for Men Amber Oriental With Rich Musk,2017,https://www.fragrantica.com/perfume/Clive-Christian/I-for-Men-Amber-Oriental-With-Rich-Musk-47356.html
39443,Clive Christian,I for Women Woody Floral With Vintage Rose,2017,https://www.fragrantica.com/perfume/Clive-Christian/I-for-Women-Woody-Floral-With-Vintage-Rose-47357.html
39444,Clive Christian,I: Woody Floral,2017,https://www.parfumo.com/Perfumes/Clive_Christian/i-woody-floral
39445,Clive Christian,Iconic Feminine,2025,https://www.fragrantica.com/perfume/Clive-Christian/Iconic-Feminine-116035.html
39446,Clive Christian,: Iconic Feminine 20: The Feminine Perfume of an Iconic Pair,2019,https://www.parfumo.com/Perfumes/Clive_Christian/20-iconic-feminine-20-the-feminine-perfume-of-an-iconic-pair
39447,Clive Christian,Iconic Masculine,2025,https://www.fragrantica.com/perfume/Clive-Christian/Iconic-Masculine-116034.html
39448,Clive Christian,: Iconic Masculine 20: The Masculine Perfume of an Iconic Pair,2019,https://www.parfumo.com/Perfumes/Clive_Christian/20-iconic-masculine-20-the-masculine-perfume-of-an-iconic-pair
39449,Clive Christian,Inox,2025,https://www.fragrantica.com/perfume/Clive-Christian/Inox-120987.html
39450,Clive Christian,Jasmin Absolute Oil,2016,https://www.fragrantica.com/perfume/Clive-Christian/Jasmin-Absolute-Oil-42477.html
39451,Clive Christian,Jasmine,2018,https://www.parfumo.com/Perfumes/Clive_Christian/1872_Jasmine
39452,Clive Christian,Jasmine Absolute,2016,https://www.parfumo.com/Perfumes/Clive_Christian/Jasmine_Absolute
39453,Clive Christian,Jump up and Kiss Me Ecstatic,2017,https://www.fragrantica.com/perfume/Clive-Christian/Jump-up-and-Kiss-Me-Ecstatic-47115.html
39454,Clive Christian,Jump Up And Kiss Me Ecstatic (2021),2021,https://www.fragrantica.com/perfume/Clive-Christian/Jump-Up-And-Kiss-Me-Ecstatic-2021-70766.html
39455,Clive Christian,Jump up and Kiss Me Hedonistic,2017,https://www.fragrantica.com/perfume/Clive-Christian/Jump-up-and-Kiss-Me-Hedonistic-47116.html
39456,Clive Christian,Jump Up And Kiss Me Hedonistic (2021),2021,https://www.fragrantica.com/perfume/Clive-Christian/Jump-Up-And-Kiss-Me-Hedonistic-2021-70767.html
39457,Clive Christian,Kinam,2026,https://www.fragrantica.com/perfume/Clive-Christian/Kinam-132698.html
39458,Clive Christian,L: Floral Chypre,2017,https://www.parfumo.com/Perfumes/Clive_Christian/l-floral-chypre
39459,Clive Christian,L for Men,2014,https://www.fragrantica.com/perfume/Clive-Christian/L-for-Men-26134.html
39460,Clive Christian,L for Men Woody Oriental With Deep Amber,2017,https://www.fragrantica.com/perfume/Clive-Christian/L-for-Men-Woody-Oriental-With-Deep-Amber-47353.html
39461,Clive Christian,L for Women,2014,https://www.fragrantica.com/perfume/Clive-Christian/L-for-Women-26133.html
39462,Clive Christian,L for Women Floral Chypre With Rich Patchouli,2017,https://www.fragrantica.com/perfume/Clive-Christian/L-for-Women-Floral-Chypre-With-Rich-Patchouli-47354.html
39463,Clive Christian,L Red Tea Vetiver,2025,https://www.fragrantica.com/perfume/Clive-Christian/L-Red-Tea-Vetiver-101977.html
39464,Clive Christian,L: Woody Oriental,2017,https://www.parfumo.com/Perfumes/Clive_Christian/l-woody-oriental
39465,Clive Christian,Leather,2017,https://www.parfumo.com/Perfumes/Clive_Christian/1872_Leather
39466,Clive Christian,Mandarin,2016,https://www.parfumo.com/Perfumes/Clive_Christian/1872_Mandarin
39467,Clive Christian,Matsukita,2021,https://www.fragrantica.com/perfume/Clive-Christian/Matsukita-65983.html
39468,Clive Christian,Men - Pure Perfume (Extrait de Parfum),,https://www.parfumo.com/Perfumes/Clive_Christian/1872_Men__Pure_Perfume
39469,Clive Christian,Miami Beach 2019,2019,https://huggingface.co/datasets/doevent/perfume
39470,Clive Christian,Miami Poolside 2019,2019,https://huggingface.co/datasets/doevent/perfume
39471,Clive Christian,No. 1,2001,https://www.fragrantica.com/perfume/Clive-Christian/No-1-4648.html
39472,Clive Christian,No. 1 15th Year Anniversary Men,2014,https://www.fragrantica.com/perfume/Clive-Christian/No-1-15th-Year-Anniversary-Men-26231.html
39473,Clive Christian,No. 1 15th Year Anniversary Women,2014,https://www.fragrantica.com/perfume/Clive-Christian/No-1-15th-Year-Anniversary-Women-26232.html
39474,Clive Christian,No. 1 Anise,,https://www.parfumo.com/Perfumes/Clive_Christian/No_1_Anise
39475,Clive Christian,No. 1 Cardamom,2018,https://www.parfumo.com/Perfumes/Clive_Christian/No_1_Cardamom
39476,Clive Christian,No. 1 Chamomile,2016,https://www.parfumo.com/Perfumes/Clive_Christian/No_1_Chamomile
39477,Clive Christian,No. 1 for Men,2001,https://www.parfumo.com/Perfumes/Clive_Christian/no-1-for-men
39478,Clive Christian,No. 1 for Men 15th Anniversary Edition,,https://www.parfumo.com/Perfumes/Clive_Christian/No_1_for_Men_15th_Anniversary_Edition
39479,Clive Christian,No. 1 for Men Imperial Coronation,,https://www.parfumo.com/Perfumes/Clive_Christian/no-1-for-men-imperial-coronation
39480,Clive Christian,No. 1 for Men Imperial Jubilee,,https://www.parfumo.com/Perfumes/Clive_Christian/no-1-for-men-imperial-jubilee
39481,Clive Christian,No. 1 for Men Pure Perfume (Extrait de Parfum),,https://www.parfumo.com/Perfumes/Clive_Christian/No_1_for_Men_Pure_Perfume
39482,Clive Christian,No. 1 for Women,2001,https://www.parfumo.com/Perfumes/Clive_Christian/no-1-for-women
39483,Clive Christian,No. 1 for Women 15th Anniversary Edition,,https://www.parfumo.com/Perfumes/Clive_Christian/No_1_for_Women_15th_Anniversary_Edition
39484,Clive Christian,No. 1 for Women Imperial Coronation,,https://www.parfumo.com/Perfumes/Clive_Christian/no-1-for-women-imperial-coronation
39485,Clive Christian,No. 1 for Women Imperial Jubilee,,https://www.parfumo.com/Perfumes/Clive_Christian/no-1-for-women-imperial-jubilee
39486,Clive Christian,No. 1 for Women Pure Perfume (Extrait de Parfum),,https://www.parfumo.com/Perfumes/Clive_Christian/No_1_for_Women_Pure_Perfume
39487,Clive Christian,No. 1 Imperial For Men,2015,https://www.fragrantica.com/perfume/Clive-Christian/No-1-Imperial-For-Men-29024.html
39488,Clive Christian,No. 1 Imperial For Women,2014,https://www.fragrantica.com/perfume/Clive-Christian/No-1-Imperial-For-Women-29025.html
39489,Clive Christian,No. 1 Imperial Majesty,,https://www.parfumo.com/Perfumes/Clive_Christian/No_1_Imperial_Majesty
39490,Clive Christian,No. 1 Juniperberry,,https://www.parfumo.com/Perfumes/Clive_Christian/No_1_Juniperberry
39491,Clive Christian,No. 1 Olibanum,,https://www.parfumo.com/Perfumes/Clive_Christian/No_1_Olibanum
39492,Clive Christian,No. 1 Osmanthus,,https://www.parfumo.com/Perfumes/Clive_Christian/No_1_Osmanthus
39493,Clive Christian,No. 1 Passant Guardant,2014,https://www.fragrantica.com/perfume/Clive-Christian/No-1-Passant-Guardant-28245.html
39494,Clive Christian,No.1 Twist Cardamom,2018,https://www.fragrantica.com/perfume/Clive-Christian/No-1-Twist-Cardamom-59180.html
39495,Clive Christian,No. 1 Twist Chamomile,2016,https://www.fragrantica.com/perfume/Clive-Christian/No-1-Twist-Chamomile-39605.html
39496,Clive Christian,No. 1 Twist Violet,2016,https://www.fragrantica.com/perfume/Clive-Christian/No-1-Twist-Violet-39606.html
39497,Clive Christian,No. 1 Twist Water Mint,2018,https://www.fragrantica.com/perfume/Clive-Christian/No-1-Twist-Water-Mint-59179.html
39498,Clive Christian,No. 1 Violet,2016,https://www.parfumo.com/Perfumes/Clive_Christian/No_1_Violet
39499,Clive Christian,No. 1 Water Mint,2018,https://www.parfumo.com/Perfumes/Clive_Christian/No_1_Water_Mint
39500,Clive Christian,Noble Vii Queen Anne Cosmos Flower,,https://huggingface.co/datasets/doevent/perfume
39501,Clive Christian,Noble Vii Queen Anne Rock Rose,,https://huggingface.co/datasets/doevent/perfume
39502,Clive Christian,Noble Viii Rococo Immortelle,,https://huggingface.co/datasets/doevent/perfume
39503,Clive Christian,Noble Viii Rococo Magnolia,,https://huggingface.co/datasets/doevent/perfume
39504,Clive Christian,Noble XIX: Victoriana - Cedar Leaf,2018,https://www.parfumo.com/Perfumes/Clive_Christian/Noble_XIX__Victoriana_Cedar_Leaf
39505,Clive Christian,Noble XIX: Victoriana - Heliotrope,2018,https://www.parfumo.com/Perfumes/Clive_Christian/Noble_XIX__Victoriana_Heliotrope
39506,Clive Christian,Noble XVII: Baroque - Russian Coriander,2017,https://www.parfumo.com/Perfumes/Clive_Christian/Noble_XVII__Baroque_Russian_Coriander
39507,Clive Christian,Noble XVII: Baroque - Siberian Pine,2017,https://www.parfumo.com/Perfumes/Clive_Christian/Noble_XVII__Baroque_Siberian_Pine
39508,Clive Christian,Noble XX: Art Nouveau - Papyrus,2018,https://www.parfumo.com/Perfumes/Clive_Christian/Noble_XX_Art_Nouveau__Papyrus
39509,Clive Christian,Noble XX: Art Nouveau - Water Lily,2018,https://www.parfumo.com/Perfumes/Clive_Christian/Noble_XX_Art_Nouveau__Water_Lily
39510,Clive Christian,Noble Xxi Art Deco Amberwood,,https://huggingface.co/datasets/doevent/perfume
39511,Clive Christian,Noble Xxi Art Deco Blonde Amber,,https://huggingface.co/datasets/doevent/perfume
39512,Clive Christian,Noble XXI: Art Deco - Cypress,2018,https://www.parfumo.com/Perfumes/Clive_Christian/Noble_XXI_Art_Deco__Cypress
39513,Clive Christian,Noble XXI: Art Deco - Vanilla Orchid,2018,https://www.parfumo.com/Perfumes/Clive_Christian/Noble_XXI_Art_Deco__Vanilla_Orchid
39514,Clive Christian,Oakwood Absolute,2018,https://www.parfumo.com/Perfumes/Clive_Christian/Oakwood_Absolute
39515,Clive Christian,Orris,2017,https://www.parfumo.com/Perfumes/Clive_Christian/1872_Orris
39516,Clive Christian,Osmanthus Absolut Oil,2018,https://www.fragrantica.com/perfume/Clive-Christian/Osmanthus-Absolut-Oil-52415.html
39517,Clive Christian,Osmanthus Absolute,2018,https://www.parfumo.com/Perfumes/Clive_Christian/Osmanthus_Absolute
39518,Clive Christian,Rock Rose,2016,https://www.fragrantica.com/perfume/Clive-Christian/Rock-Rose-40132.html
39519,Clive Christian,Rose Absolute,2016,https://www.parfumo.com/Perfumes/Clive_Christian/Rose_Absolute
39520,Clive Christian,Rose Absolute Oil,2016,https://www.fragrantica.com/perfume/Clive-Christian/Rose-Absolute-Oil-42476.html
39521,Clive Christian,Sandalwood Absolute,2016,https://www.parfumo.com/Perfumes/Clive_Christian/Sandalwood_Absolute
39522,Clive Christian,Sandalwood Absolute Oil,2016,https://www.fragrantica.com/perfume/Clive-Christian/Sandalwood-Absolute-Oil-42475.html
39523,Clive Christian,Separate Reality Manic,,https://huggingface.co/datasets/doevent/perfume
39524,Clive Christian,Separate Reality Soporific,,https://huggingface.co/datasets/doevent/perfume
39525,Clive Christian,Strange Heavens Out Of The Blue,2026,https://www.fragrantica.com/perfume/Clive-Christian/Strange-Heavens-Out-Of-The-Blue-122036.html
39526,Clive Christian,Tarocco Orange,2018,https://www.parfumo.com/Perfumes/Clive_Christian/1872_Tarocco_Orange
39527,Clive Christian,The Art Of Travel Collection - Miami Beach,,https://www.parfumo.com/Perfumes/Clive_Christian/the-art-of-travel-collection-miami-beach
39528,Clive Christian,The Art Of Travel Collection - Miami Poolside,,https://www.parfumo.com/Perfumes/Clive_Christian/the-art-of-travel-collection-miami-poolside
39529,Clive Christian,Timeless,2022,https://www.fragrantica.com/perfume/Clive-Christian/Timeless-77140.html
39530,Clive Christian,Town & Country,2023,https://www.fragrantica.com/perfume/Clive-Christian/Town-Country-83240.html
39531,Clive Christian,V: Amber Fougere,2017,https://www.parfumo.com/Perfumes/Clive_Christian/v-amber-fougere
39532,Clive Christian,V for Men,2012,https://www.fragrantica.com/perfume/Clive-Christian/V-for-Men-14638.html
39533,Clive Christian,V for Men Amber Fougere With Smoky Vetiver,2017,https://www.fragrantica.com/perfume/Clive-Christian/V-for-Men-Amber-Fougere-With-Smoky-Vetiver-47350.html
39534,Clive Christian,V for Women,2012,https://www.fragrantica.com/perfume/Clive-Christian/V-for-Women-14637.html
39535,Clive Christian,V for Women Fruity Floral With Dark Plum,2017,https://www.fragrantica.com/perfume/Clive-Christian/V-for-Women-Fruity-Floral-With-Dark-Plum-47351.html
39536,Clive Christian,V: Fruity Floral,2017,https://www.parfumo.com/Perfumes/Clive_Christian/v-fruity-floral
39537,Clive Christian,Vetiver,2016,https://www.parfumo.com/Perfumes/Clive_Christian/1872_Vetiver
39538,Clive Christian,Vetiver Absolute,2018,https://www.parfumo.com/Perfumes/Clive_Christian/Vetiver_Absolute
39539,Clive Christian,Victoriana Cedar Leaf,2018,https://www.fragrantica.com/perfume/Clive-Christian/Victoriana-Cedar-Leaf-51062.html
39540,Clive Christian,Victoriana Heliotrope,2018,https://www.fragrantica.com/perfume/Clive-Christian/Victoriana-Heliotrope-51064.html
39541,Clive Christian,VII: Queen Anne - Cosmos Flower,2016,https://www.parfumo.com/Perfumes/Clive_Christian/vii-queen-anne-cosmos-flower
39542,Clive Christian,VII: Queen Anne - Rock Rose,2016,https://www.parfumo.com/Perfumes/Clive_Christian/vii-queen-anne-rock-rose
39543,Clive Christian,VIII Rococo Immortelle,2017,https://www.fragrantica.com/perfume/Clive-Christian/VIII-Rococo-Immortelle-45206.html
39544,Clive Christian,VIII Rococo Magnolia,2017,https://www.fragrantica.com/perfume/Clive-Christian/VIII-Rococo-Magnolia-45207.html
39545,Clive Christian,Vision in a Dream Mesmeric,2017,https://www.fragrantica.com/perfume/Clive-Christian/Vision-in-a-Dream-Mesmeric-47117.html
39546,Clive Christian,Vision in a Dream Psychedelic,2017,https://www.fragrantica.com/perfume/Clive-Christian/Vision-in-a-Dream-Psychedelic-47118.html
39547,Clive Christian,X Amber,2017,https://www.parfumo.com/Perfumes/Clive_Christian/X_Amber
39548,Clive Christian,X Baies Rose,2017,https://www.parfumo.com/Perfumes/Clive_Christian/X_Baies_Rose
39549,Clive Christian,X For Men,2001,https://www.fragrantica.com/perfume/Clive-Christian/X-For-Men-4650.html
39550,Clive Christian,X For Women,,https://www.fragrantica.com/perfume/Clive-Christian/X-For-Women-4652.html
39551,Clive Christian,X Liquorice,,https://www.parfumo.com/Perfumes/Clive_Christian/X_Liquorice
39552,Clive Christian,X Mate Tea,2018,https://www.parfumo.com/Perfumes/Clive_Christian/X_Mate_Tea
39553,Clive Christian,X Myrrh,2017,https://www.parfumo.com/Perfumes/Clive_Christian/X_Myrrh
39554,Clive Christian,X Narcissus,2016,https://www.parfumo.com/Perfumes/Clive_Christian/X_Narcissus
39555,Clive Christian,X Neroli,2020,https://www.parfumo.com/Perfumes/Clive_Christian/x-neroli
39556,Clive Christian,X Oudh,2017,https://www.parfumo.com/Perfumes/Clive_Christian/X_Oudh
39557,Clive Christian,X Patchouli,2018,https://www.parfumo.com/Perfumes/Clive_Christian/X_Patchouli
39558,Clive Christian,X Saffron,2016,https://www.parfumo.com/Perfumes/Clive_Christian/X_Saffron
39559,Clive Christian,X Sichuan Pepper,,https://www.parfumo.com/Perfumes/Clive_Christian/X_Sichuan_Pepper
39560,Clive Christian,X Tabac,2017,https://www.parfumo.com/Perfumes/Clive_Christian/X_Tabac
39561,Clive Christian,X Tuberose,2017,https://www.parfumo.com/Perfumes/Clive_Christian/X_Tuberose
39562,Clive Christian,X Twist Baies Rose,2017,https://www.fragrantica.com/perfume/Clive-Christian/X-Twist-Baies-Rose-45601.html
39563,Clive Christian,X Twist Liquorice,2021,https://www.fragrantica.com/perfume/Clive-Christian/X-Twist-Liquorice-67267.html
39564,Clive Christian,X Twist Mate Tea,2018,https://www.fragrantica.com/perfume/Clive-Christian/X-Twist-Mate-Tea-59178.html
39565,Clive Christian,X Twist Myrrh,2017,https://www.fragrantica.com/perfume/Clive-Christian/X-Twist-Myrrh-45298.html
39566,Clive Christian,X Twist Narcissus,2016,https://www.fragrantica.com/perfume/Clive-Christian/X-Twist-Narcissus-39250.html
39567,Clive Christian,X Twist Neroli 2020,2020,https://huggingface.co/datasets/doevent/perfume
39568,Clive Christian,X Twist Oudh,2017,https://www.fragrantica.com/perfume/Clive-Christian/X-Twist-Oudh-67715.html
39569,Clive Christian,X Twist Saffron,2016,https://www.fragrantica.com/perfume/Clive-Christian/X-Twist-Saffron-39249.html
39570,Clive Christian,X Twist Sichuan Pepper,2018,https://www.fragrantica.com/perfume/Clive-Christian/X-Twist-Sichuan-Pepper-53326.html
39571,Clive Christian,X Twist Tabac,2017,https://www.fragrantica.com/perfume/Clive-Christian/X-Twist-Tabac-45371.html
39572,Clive Christian,X Twist Tuberose,2017,https://www.fragrantica.com/perfume/Clive-Christian/X-Twist-Tuberose-45600.html
39573,Clive Christian,XVII Baroque Russian Coriander,2017,https://www.fragrantica.com/perfume/Clive-Christian/XVII-Baroque-Russian-Coriander-52254.html
39574,Clive Christian,XVII Baroque Siberian Pine,2017,https://www.fragrantica.com/perfume/Clive-Christian/XVII-Baroque-Siberian-Pine-52253.html
39575,Clive Christian,XX Art Nouveau Papyrus,2018,https://www.fragrantica.com/perfume/Clive-Christian/XX-Art-Nouveau-Papyrus-50929.html
39576,Clive Christian,XX Art Nouveau Water Lily,2018,https://www.fragrantica.com/perfume/Clive-Christian/XX-Art-Nouveau-Water-Lily-50928.html
39577,Clive Christian,XXI: Art Deco - Amberwood,2022,https://www.parfumo.com/Perfumes/Clive_Christian/xxi-art-deco-amberwood
39578,Clive Christian,XXI: Art Deco - Blonde Amber,2022,https://www.parfumo.com/Perfumes/Clive_Christian/xxi-art-deco-blonde-amber
39579,Clive Christian,XXI Art Deco Cypress,2018,https://www.fragrantica.com/perfume/Clive-Christian/XXI-Art-Deco-Cypress-50926.html
39580,Clive Christian,XXI Art Deco Vanilla Orchid,2018,https://www.fragrantica.com/perfume/Clive-Christian/XXI-Art-Deco-Vanilla-Orchid-50752.html
39581,Clive Wood,Clive by Clive,2020,https://www.fragrantica.com/perfume/Clive-Wood/Clive-by-Clive-100739.html
39582,Cliven,Bengal Tea,,https://www.fragrantica.com/perfume/Cliven/Bengal-Tea-32904.html
39583,Cliven,Ceylon Cinnamon,,https://www.fragrantica.com/perfume/Cliven/Ceylon-Cinnamon-32903.html
39584,Cliven,Japanese Lotus Flowers,,https://www.fragrantica.com/perfume/Cliven/Japanese-Lotus-Flowers-32905.html
39585,Cliven,Lily of the Valley,,https://www.fragrantica.com/perfume/Cliven/Lily-of-the-Valley-32879.html
39586,Cliven,Madagascar Sweet Vanilla,,https://www.fragrantica.com/perfume/Cliven/Madagascar-Sweet-Vanilla-32901.html
39587,Cliven,Mimosa,,https://www.fragrantica.com/perfume/Cliven/Mimosa-32878.html
39588,Cliven,Sicilian Citrus Fruit,,https://www.fragrantica.com/perfume/Cliven/Sicilian-Citrus-Fruit-32902.html
39589,Cliven,Tibetan White Moss,,https://www.fragrantica.com/perfume/Cliven/Tibetan-White-Moss-32900.html
39590,Cliven,Violet,,https://www.fragrantica.com/perfume/Cliven/Violet-32876.html
39591,Clochard,Clochard,1980,https://www.fragrantica.com/perfume/Clochard/Clochard-113573.html
39592,Clochard,Flirt,1989,https://www.fragrantica.com/perfume/Clochard/Flirt-113574.html
39593,Clochard,Jouet,1990,https://www.fragrantica.com/perfume/Clochard/Jouet-113572.html
39594,Clocks and Colours,Dusk 505,,https://www.fragrantica.com/perfume/Clocks-and-Colours/Dusk-505-126631.html
39595,Clocks and Colours,Eclipse 723,,https://www.fragrantica.com/perfume/Clocks-and-Colours/Eclipse-723-126630.html
39596,Clocks and Colours,Ember 154,,https://www.fragrantica.com/perfume/Clocks-and-Colours/Ember-154-126632.html
39597,Clocks and Colours,Nocturne 02,,https://www.fragrantica.com/perfume/Clocks-and-Colours/Nocturne-02-126633.html
39598,Clogau,Am Byth,2014,https://www.fragrantica.com/perfume/Clogau/Am-Byth-29240.html
39599,Clogau,Cariad,2014,https://www.fragrantica.com/perfume/Clogau/Cariad-29239.html
39600,Cloon Keen Atelier,Báinín,2024,https://www.fragrantica.com/perfume/Cloon-Keen-Atelier/Bainin-95870.html
39601,Cloon Keen Atelier,Bataille de Fleurs,,https://www.fragrantica.com/perfume/Cloon-Keen-Atelier/Bataille-de-Fleurs-20974.html
39602,Cloon Keen Atelier,Bel Étage,2022,https://www.fragrantica.com/perfume/Cloon-Keen-Atelier/Bel-Etage-81959.html
39603,Cloon Keen Atelier,Castaña,2011,https://www.fragrantica.com/perfume/Cloon-Keen-Atelier/Castana-20973.html
39604,Cloon Keen Atelier,Copacetic,2014,https://www.fragrantica.com/perfume/Cloon-Keen-Atelier/Copacetic-40818.html
39605,Cloon Keen Atelier,Edition Tuberose,2015,https://www.fragrantica.com/perfume/Cloon-Keen-Atelier/Edition-Tuberose-40819.html
39606,Cloon Keen Atelier,Énbarr,2022,https://www.fragrantica.com/perfume/Cloon-Keen-Atelier/Enbarr-79906.html
39607,Cloon Keen Atelier,Frosted Moon,2014,https://www.fragrantica.com/perfume/Cloon-Keen-Atelier/Frosted-Moon-51880.html
39608,Cloon Keen Atelier,Grande Dame,2016,https://www.fragrantica.com/perfume/Cloon-Keen-Atelier/Grande-Dame-40820.html
39609,Cloon Keen Atelier,Infusion Assam,2014,https://www.fragrantica.com/perfume/Cloon-Keen-Atelier/Infusion-Assam-40821.html
39610,Cloon Keen Atelier,Lá Bealtaine,2021,https://www.fragrantica.com/perfume/Cloon-Keen-Atelier/La-Bealtaine-51884.html
39611,Cloon Keen Atelier,Lúnasa,2018,https://www.fragrantica.com/perfume/Cloon-Keen-Atelier/Lunasa-51883.html
39612,Cloon Keen Atelier,Lune de Givre,2013,https://www.fragrantica.com/perfume/Cloon-Keen-Atelier/Lune-de-Givre-20976.html
39613,Cloon Keen Atelier,Róisín Dubh,2018,https://www.fragrantica.com/perfume/Cloon-Keen-Atelier/Roisin-Dubh-51881.html
39614,Cloon Keen Atelier,Suede Galore,2018,https://www.fragrantica.com/perfume/Cloon-Keen-Atelier/Suede-Galore-51882.html
39615,Cloon Keen Atelier,Sybarite,2013,https://www.fragrantica.com/perfume/Cloon-Keen-Atelier/Sybarite-22893.html
39616,Cloon Keen Atelier,Terre de l'Encens,2012,https://www.fragrantica.com/perfume/Cloon-Keen-Atelier/Terre-de-l-Encens-20975.html
39617,Cloon Keen Atelier,Tulum,2014,https://www.fragrantica.com/perfume/Cloon-Keen-Atelier/Tulum-40822.html
39618,Cloudy Scents,[02] love language,2023,https://www.fragrantica.com/perfume/Cloudy-Scents/02-love-language-116084.html
39619,Cloudy Scents,[03] amaterasu,2023,https://www.fragrantica.com/perfume/Cloudy-Scents/03-amaterasu-116085.html
39620,Cloudy Scents,[05] 838,2025,https://www.fragrantica.com/perfume/Cloudy-Scents/05-838-116086.html
39621,Cloudy Scents,[06] été crème,2025,https://www.fragrantica.com/perfume/Cloudy-Scents/06-ete-creme-116087.html
39622,Cloudy Scents,[1] who is she?,2022,https://www.fragrantica.com/perfume/Cloudy-Scents/1-who-is-she-116083.html
39623,Cloudy Scents,[4] vanilla goddess,2024,https://www.fragrantica.com/perfume/Cloudy-Scents/4-vanilla-goddess-116141.html
39624,CLST,Humidors of Perception,2024,https://www.fragrantica.com/perfume/CLST/Humidors-of-Perception-108722.html
39625,CLST,Marginalia,2024,https://www.fragrantica.com/perfume/CLST/Marginalia-108721.html
39626,CLST,Mushmallow,2025,https://www.fragrantica.com/perfume/CLST/Mushmallow-108723.html
39627,CLST,Rile,2025,https://www.fragrantica.com/perfume/CLST/Rile-109354.html
39628,CLST,The Beast,2025,https://www.fragrantica.com/perfume/CLST/The-Beast-128145.html
39629,CLST,The Fields,2025,https://www.fragrantica.com/perfume/CLST/The-Fields-128183.html
39630,CLST,The Forest,2025,https://www.fragrantica.com/perfume/CLST/The-Forest-128191.html
39631,CLST,The Incense,2025,https://www.fragrantica.com/perfume/CLST/The-Incense-128175.html
39632,Clubman / Edouard Pinaud,Acacia de France,1994,https://www.parfumo.com/Perfumes/clubman/Acacia_de_France
39633,Clubman / Edouard Pinaud,Agrume Frais,1994,https://www.parfumo.com/Perfumes/clubman/Agrume_Frais
39634,Clubman / Edouard Pinaud,Aurora-Tulip,2007,https://www.parfumo.com/Perfumes/clubman/AuroraTulip
39635,Clubman / Edouard Pinaud,Bergamote Jasmin,2002,https://www.parfumo.com/Perfumes/clubman/Bergamote_Jasmin
39636,Clubman / Edouard Pinaud,Bergamote Mandarine,2007,https://www.parfumo.com/Perfumes/clubman/Bergamote_Mandarine
39637,Clubman / Edouard Pinaud,Bois d'Anis,,https://www.parfumo.com/Perfumes/clubman/Bois_d_Anis
39638,Clubman / Edouard Pinaud,Bois d'Epice,,https://www.parfumo.com/Perfumes/clubman/Bois_d_Epice
39639,Clubman / Edouard Pinaud,Bouquet de l'Empereur Napoléon III,2019,https://www.parfumo.com/Perfumes/clubman/Bouquet_de_l_Empereur_Napoleon_III
39640,Clubman / Edouard Pinaud,Bouquet de L'Exposition,2006,https://www.parfumo.com/Perfumes/clubman/Bouquet_de_L_Exposition
39641,Clubman / Edouard Pinaud,Bouquet de Victoria Bouquet de la Reine Victoria,,https://www.parfumo.com/Perfumes/clubman/Bouquet_de_Victoria_Bouquet_de_la_Reine_Victoria
39642,Clubman / Edouard Pinaud,Bouquet Marie-Louise,2008,https://www.parfumo.com/Perfumes/clubman/Bouquet_MarieLouise
39643,Clue Perfumery,Dandelion Butter,2025,https://www.fragrantica.com/perfume/Clue-Perfumery/Dandelion-Butter-108129.html
39644,Clue Perfumery,Like Mesh,2025,https://www.fragrantica.com/perfume/Clue-Perfumery/Like-Mesh-104601.html
39645,Clue Perfumery,Morel Map,2023,https://www.fragrantica.com/perfume/Clue-Perfumery/Morel-Map-88205.html
39646,Clue Perfumery,The Point,2024,https://www.fragrantica.com/perfume/Clue-Perfumery/The-Point-95126.html
39647,Clue Perfumery,Warm Bulb,2023,https://www.fragrantica.com/perfume/Clue-Perfumery/Warm-Bulb-88207.html
39648,Clue Perfumery,With the Candlestick,2023,https://www.fragrantica.com/perfume/Clue-Perfumery/With-the-Candlestick-88206.html
39649,CN Perfumes,A Walk In The Woods,,https://www.fragrantica.com/perfume/CN-Perfumes/A-Walk-In-The-Woods-128402.html
39650,CN Perfumes,Citrus Garden,,https://www.fragrantica.com/perfume/CN-Perfumes/Citrus-Garden-128403.html
39651,CN Perfumes,Lilac In Glass,,https://www.fragrantica.com/perfume/CN-Perfumes/Lilac-In-Glass-128404.html
39652,CN Perfumes,Pistachio Queen,,https://www.fragrantica.com/perfume/CN-Perfumes/Pistachio-Queen-128405.html
39653,CN Perfumes,Porcelain,,https://www.fragrantica.com/perfume/CN-Perfumes/Porcelain-128439.html
39654,CN Perfumes,Porcelain Intense,,https://www.fragrantica.com/perfume/CN-Perfumes/Porcelain-Intense-128438.html
39655,CN Perfumes,Radiant Cherry,,https://www.fragrantica.com/perfume/CN-Perfumes/Radiant-Cherry-128475.html
39656,CN Perfumes,Santal Cherry,,https://www.fragrantica.com/perfume/CN-Perfumes/Santal-Cherry-128478.html
39657,CN Perfumes,Tiare Peach,,https://www.fragrantica.com/perfume/CN-Perfumes/Tiare-Peach-128480.html
39658,CnR Create,Air Aquarius,2011,https://www.fragrantica.com/perfume/CnR-Create/Air-Aquarius-13983.html
39659,CnR Create,Air Gemini,2011,https://www.fragrantica.com/perfume/CnR-Create/Air-Gemini-13985.html
39660,CnR Create,Air Libra,2011,https://www.fragrantica.com/perfume/CnR-Create/Air-Libra-13984.html
39661,CnR Create,Aquarius,2008,https://www.fragrantica.com/perfume/CnR-Create/Aquarius-6522.html
39662,CnR Create,Aquarius (Damen),2007,https://www.parfumo.com/Perfumes/CnR_Create/Aquarius
39663,CnR Create,Aquarius for Men,2010,https://www.fragrantica.com/perfume/CnR-Create/Aquarius-for-Men-10747.html
39664,CnR Create,Aquarius (Herren),2009,https://www.parfumo.com/Perfumes/CnR_Create/Aquarius_Herren
39665,CnR Create,Aries,2008,https://www.fragrantica.com/perfume/CnR-Create/Aries-6512.html
39666,CnR Create,Aries for Men,2010,https://www.fragrantica.com/perfume/CnR-Create/Aries-for-Men-10737.html
39667,CnR Create,Cancer,2008,https://www.fragrantica.com/perfume/CnR-Create/Cancer-6515.html
39668,CnR Create,Cancer for Men,2010,https://www.fragrantica.com/perfume/CnR-Create/Cancer-for-Men-10740.html
39669,CnR Create,Cancer (Herren),1998,https://www.parfumo.com/Perfumes/CnR_Create/Cancer_Herren
39670,CnR Create,Capricorn,2008,https://www.fragrantica.com/perfume/CnR-Create/Capricorn-6521.html
39671,CnR Create,Capricorn for Men,2010,https://www.fragrantica.com/perfume/CnR-Create/Capricorn-for-Men-10746.html
39672,CnR Create,Earth Capricorn,2011,https://www.fragrantica.com/perfume/CnR-Create/Earth-Capricorn-13986.html
39673,CnR Create,Earth Taurus,2011,https://www.fragrantica.com/perfume/CnR-Create/Earth-Taurus-13987.html
39674,CnR Create,Earth Virgo,2011,https://www.fragrantica.com/perfume/CnR-Create/Earth-Virgo-13988.html
39675,CnR Create,Fire Aries,2011,https://www.fragrantica.com/perfume/CnR-Create/Fire-Aries-13989.html
39676,CnR Create,Fire Leo,2011,https://www.fragrantica.com/perfume/CnR-Create/Fire-Leo-13990.html
39677,CnR Create,Fire Sagittarius,2011,https://www.fragrantica.com/perfume/CnR-Create/Fire-Sagittarius-13991.html
39678,CnR Create,Gemini,2008,https://www.fragrantica.com/perfume/CnR-Create/Gemini-6514.html
39679,CnR Create,Gemini for Men,2010,https://www.fragrantica.com/perfume/CnR-Create/Gemini-for-Men-10739.html
39680,CnR Create,Gemini (Herren),2007,https://www.parfumo.com/Perfumes/CnR_Create/Gemini_Herren
39681,CnR Create,Leo,2008,https://www.fragrantica.com/perfume/CnR-Create/Leo-6516.html
39682,CnR Create,Leo (Damen),2019,https://www.parfumo.com/Perfumes/CnR_Create/Leo
39683,CnR Create,Leo for Men,2010,https://www.fragrantica.com/perfume/CnR-Create/Leo-for-Men-10741.html
39684,CnR Create,Libra,2008,https://www.fragrantica.com/perfume/CnR-Create/Libra-6518.html
39685,CnR Create,Libra for Men,2010,https://www.fragrantica.com/perfume/CnR-Create/Libra-for-Men-10743.html
39686,CnR Create,Pisces,2008,https://www.fragrantica.com/perfume/CnR-Create/Pisces-6523.html
39687,CnR Create,Pisces for Men,2010,https://www.fragrantica.com/perfume/CnR-Create/Pisces-for-Men-10748.html
39688,CnR Create,Sagittarius,2008,https://www.fragrantica.com/perfume/CnR-Create/Sagittarius-6520.html
39689,CnR Create,Sagittarius for Men,2010,https://www.fragrantica.com/perfume/CnR-Create/Sagittarius-for-Men-10745.html
39690,CnR Create,Scorpio,2008,https://www.fragrantica.com/perfume/CnR-Create/Scorpio-6519.html
39691,CnR Create,Scorpio for Men,2010,https://www.fragrantica.com/perfume/CnR-Create/Scorpio-for-Men-10744.html
39692,CnR Create,Taurus,2008,https://www.fragrantica.com/perfume/CnR-Create/Taurus-6513.html
39693,CnR Create,Taurus for Men,2010,https://www.fragrantica.com/perfume/CnR-Create/Taurus-for-Men-10738.html
39694,CnR Create,Virgo,2008,https://www.fragrantica.com/perfume/CnR-Create/Virgo-6517.html
39695,CnR Create,Virgo for Men,2010,https://www.fragrantica.com/perfume/CnR-Create/Virgo-for-Men-10742.html
39696,CnR Create,Water Cancer,2011,https://www.fragrantica.com/perfume/CnR-Create/Water-Cancer-13992.html
39697,CnR Create,Water Pisces,2011,https://www.fragrantica.com/perfume/CnR-Create/Water-Pisces-13993.html
39698,CnR Create,Water Scorpio,2011,https://www.fragrantica.com/perfume/CnR-Create/Water-Scorpio-13994.html
39699,CO:NEZ 꼬네,Bois du Lait,2024,https://www.fragrantica.com/perfume/CO-NEZ-kkone/Bois-du-Lait-105247.html
39700,CO:NEZ 꼬네,Matin Clair,2025,https://www.fragrantica.com/perfume/CO-NEZ-kkone/Matin-Clair-126261.html
39701,CO:NEZ 꼬네,Murmure,2025,https://www.fragrantica.com/perfume/CO-NEZ-kkone/Murmure-126260.html
39702,CO:NEZ 꼬네,Plaisir Interdit,2024,https://www.fragrantica.com/perfume/CO-NEZ-kkone/Plaisir-Interdit-105248.html
39703,CO:NEZ 꼬네,Rose Sur L'eau,2024,https://www.fragrantica.com/perfume/CO-NEZ-kkone/Rose-Sur-L-eau-105245.html
39704,Coach,Coach Blue,2020,https://www.fragrantica.com/perfume/Coach/Coach-Blue-60332.html
39705,Coach,Coach Cherry,2026,https://www.fragrantica.com/perfume/Coach/Coach-Cherry-122669.html
39706,Coach,Coach Coach 2007 Eau de Parfum,2007,https://www.parfumo.com/Perfumes/Coach/Coach
39707,Coach,Coach Coach 2010 Eau de Toilette,2010,https://www.parfumo.com/Perfumes/Coach/Coach_Eau_de_Toilette
39708,Coach,Coach Coach 2016 Eau de Parfum,2016,https://www.parfumo.com/Perfumes/Coach/Coach_2016_Eau_de_Parfum
39709,Coach,Coach Coach 2016 Eau de Toilette,2016,https://www.parfumo.com/Perfumes/Coach/Coach_2016_Eau_de_Toilette
39710,Coach,Coach Dreams,2020,https://www.fragrantica.com/perfume/Coach/Coach-Dreams-58846.html
39711,Coach,Coach Dreams Moonlight,2024,https://www.fragrantica.com/perfume/Coach/Coach-Dreams-Moonlight-93621.html
39712,Coach,Coach Dreams Starlight,2025,https://www.fragrantica.com/perfume/Coach/Coach-Dreams-Starlight-120363.html
39713,Coach,Coach Dreams Sunset,2021,https://www.fragrantica.com/perfume/Coach/Coach-Dreams-Sunset-66267.html
39714,Coach,Coach (Eau de Parfum),2007,https://www.fragrantica.com/perfume/Coach/Coach-942.html
39715,Coach,Coach Eau de Toilette,2010,https://www.fragrantica.com/perfume/Coach/Coach-Eau-de-Toilette-11915.html
39716,Coach,Coach Eau de Toilette Summer Edition,2011,https://www.fragrantica.com/perfume/Coach/Coach-Eau-de-Toilette-Summer-Edition-11916.html
39717,Coach,Coach Floral,2018,https://www.parfumo.com/Perfumes/Coach/Coach_Floral
39718,Coach,Coach Floral Blush,2019,https://www.fragrantica.com/perfume/Coach/Coach-Floral-Blush-53699.html
39719,Coach,Coach Floral Eau The Parfum,2018,https://www.fragrantica.com/perfume/Coach/Coach-Floral-Eau-The-Parfum-48115.html
39720,Coach,Coach for Men,2017,https://www.fragrantica.com/perfume/Coach/Coach-for-Men-45343.html
39721,Coach,Coach for Men Eau de Parfum,2025,https://www.fragrantica.com/perfume/Coach/Coach-for-Men-Eau-de-Parfum-102668.html
39722,Coach,Coach for Men Pure Platinum,2026,https://www.fragrantica.com/perfume/Coach/Coach-for-Men-Pure-Platinum-126363.html
39723,Coach,Coach Gold,2025,https://www.fragrantica.com/perfume/Coach/Coach-Gold-107567.html
39724,Coach,Coach Green,2023,https://www.fragrantica.com/perfume/Coach/Coach-Green-81391.html
39725,Coach,Coach Leatherware,2009,https://www.fragrantica.com/perfume/Coach/Coach-Leatherware-6765.html
39726,Coach,Coach Leatherware No. 01,2013,https://www.fragrantica.com/perfume/Coach/Coach-Leatherware-No-01-21931.html
39727,Coach,Coach Leatherware No. 02,2013,https://www.fragrantica.com/perfume/Coach/Coach-Leatherware-No-02-21932.html
39728,Coach,Coach Leatherware No. 03,2013,https://www.fragrantica.com/perfume/Coach/Coach-Leatherware-No-03-21933.html
39729,Coach,Coach Limited Edition,,https://www.parfumo.com/Perfumes/Coach/coach-limited-edition
39730,Coach,Coach Love Eau de Parfum,2023,https://www.fragrantica.com/perfume/Coach/Coach-Love-Eau-de-Parfum-83465.html
39731,Coach,Coach Platinum,2018,https://www.fragrantica.com/perfume/Coach/Coach-Platinum-50777.html
39732,Coach,Coach Poppy,2010,https://www.fragrantica.com/perfume/Coach/Coach-Poppy-9371.html
39733,Coach,Coach Poppy Blossom,2012,https://www.fragrantica.com/perfume/Coach/Coach-Poppy-Blossom-16805.html
39734,Coach,Coach Poppy Citrine Blossom,2013,https://www.fragrantica.com/perfume/Coach/Coach-Poppy-Citrine-Blossom-18960.html
39735,Coach,Coach Poppy Flower,2011,https://www.fragrantica.com/perfume/Coach/Coach-Poppy-Flower-12572.html
39736,Coach,Coach Poppy Freesia Blossom,2013,https://www.fragrantica.com/perfume/Coach/Coach-Poppy-Freesia-Blossom-18961.html
39737,Coach,Coach Signature Rose D'Or,2012,https://www.fragrantica.com/perfume/Coach/Coach-Signature-Rose-D-Or-17155.html
39738,Coach,Coach Signature Summer Fragrance,2012,https://www.fragrantica.com/perfume/Coach/Coach-Signature-Summer-Fragrance-14599.html
39739,Coach,Coach Signature Summer Fragrance 2014,2014,https://www.fragrantica.com/perfume/Coach/Coach-Signature-Summer-Fragrance-2014-23251.html
39740,Coach,Coach Summer Edition 2011,2011,https://www.parfumo.com/Perfumes/Coach/Coach_Summer_Edition_2011
39741,Coach,Coach Summer Edition 2012,2012,https://www.parfumo.com/Perfumes/Coach/Coach_Summer_Edition_2012
39742,Coach,Coach Summer Edition 2013,2013,https://www.parfumo.com/Perfumes/Coach/Coach_Signature_Summer_Legacy
39743,Coach,Coach the Fragrance,2016,https://www.fragrantica.com/perfume/Coach/Coach-the-Fragrance-38855.html
39744,Coach,Coach the Fragrance Eau de Toilette,2016,https://www.fragrantica.com/perfume/Coach/Coach-the-Fragrance-Eau-de-Toilette-41869.html
39745,Coach,Coach Wild Rose,2022,https://www.fragrantica.com/perfume/Coach/Coach-Wild-Rose-72051.html
39746,Coach,Freesia Splash,2009,https://www.fragrantica.com/perfume/Coach/Freesia-Splash-6041.html
39747,Coach,Iris Splash,2009,https://www.fragrantica.com/perfume/Coach/Iris-Splash-6040.html
39748,Coach,Legacy,2008,https://www.fragrantica.com/perfume/Coach/Legacy-4529.html
39749,Coach,Love,2012,https://www.fragrantica.com/perfume/Coach/Love-17318.html
39750,Coach,Love Eau Blush,2014,https://www.fragrantica.com/perfume/Coach/Love-Eau-Blush-22988.html
39751,Coach,Open Road,2022,https://www.fragrantica.com/perfume/Coach/Open-Road-75425.html
39752,Coach,Peony Splash,2009,https://www.fragrantica.com/perfume/Coach/Peony-Splash-6039.html
39753,Coach,Poppy Wild Flower,2014,https://www.fragrantica.com/perfume/Coach/Poppy-Wild-Flower-26619.html
39754,Coach,Poppy Wildflower,2014,https://www.parfumo.com/Perfumes/Coach/Poppy_Wild_Flower
39755,Coach,Signature Summer Legacy,2013,https://www.fragrantica.com/perfume/Coach/Signature-Summer-Legacy-17746.html
39756,Coala,Dream Rose,2025,https://www.fragrantica.com/perfume/Coala/Dream-Rose-133863.html
39757,Coala,Pink Sunset,2025,https://www.fragrantica.com/perfume/Coala/Pink-Sunset-133864.html
39758,Coala,Secret Vibe,2025,https://www.fragrantica.com/perfume/Coala/Secret-Vibe-133862.html
39759,Coast+Salt,Banana Beach,,https://www.fragrantica.com/perfume/Coast-Salt/Banana-Beach-129381.html
39760,Coast+Salt,Coast,,https://www.fragrantica.com/perfume/Coast-Salt/Coast-129382.html
39761,Coast+Salt,Ibiza,,https://www.fragrantica.com/perfume/Coast-Salt/Ibiza-129383.html
39762,Coast+Salt,Palm,,https://www.fragrantica.com/perfume/Coast-Salt/Palm-129384.html
39763,Coast+Salt,Rio,,https://www.fragrantica.com/perfume/Coast-Salt/Rio-129385.html
39764,Coast+Salt,Salt,,https://www.fragrantica.com/perfume/Coast-Salt/Salt-129386.html
39765,Coast+Salt,Sunset Sorbet,,https://www.fragrantica.com/perfume/Coast-Salt/Sunset-Sorbet-129388.html
39766,Coastal Carolina,2-6 Elixir,2022,https://www.fragrantica.com/perfume/Coastal-Carolina/2-6-Elixir-83000.html
39767,Coastal Carolina,Southern Comfort,2022,https://www.fragrantica.com/perfume/Coastal-Carolina/Southern-Comfort-82980.html
39768,Coastal Carolina,Southern Peach Tea,2022,https://www.fragrantica.com/perfume/Coastal-Carolina/Southern-Peach-Tea-82981.html
39769,Coastal Carolina,Victorian Vanilla,2022,https://www.fragrantica.com/perfume/Coastal-Carolina/Victorian-Vanilla-82969.html
39770,Coastal Fragrance,Gulf Coast Spyce,,https://www.fragrantica.com/perfume/Coastal-Fragrance/Gulf-Coast-Spyce-46728.html
39771,COCHINE,Frangipani & Neroli,2021,https://www.fragrantica.com/perfume/COCHINE/Frangipani-Neroli-71328.html
39772,COCHINE,Tuberose Absolute & Sandalwood,2021,https://www.fragrantica.com/perfume/COCHINE/Tuberose-Absolute-Sandalwood-71329.html
39773,COCHINE,Tuberose & Wild Fig,2021,https://www.fragrantica.com/perfume/COCHINE/Tuberose-Wild-Fig-71331.html
39774,COCHINE,Vanille & Tabac Noir,2021,https://www.fragrantica.com/perfume/COCHINE/Vanille-Tabac-Noir-71330.html
39775,COCHINE,White Jasmine & Gardenia,2021,https://www.fragrantica.com/perfume/COCHINE/White-Jasmine-Gardenia-71327.html
39776,Cocktail Fragrances,Sunrise,2024,https://www.fragrantica.com/perfume/Cocktail-Fragrances/Sunrise-93379.html
39777,Cocktail Fragrances,Sunset,2024,https://www.fragrantica.com/perfume/Cocktail-Fragrances/Sunset-93380.html
39778,Coco De Mer Cosmetics,Coco de Mer Oud,2025,https://www.fragrantica.com/perfume/Coco-De-Mer-Cosmetics/Coco-de-Mer-Oud-105845.html
39779,Coco De Mer Cosmetics,Fanm,2020,https://www.fragrantica.com/perfume/Coco-De-Mer-Cosmetics/Fanm-68333.html
39780,Coco De Mer Cosmetics,Lodas,2020,https://www.fragrantica.com/perfume/Coco-De-Mer-Cosmetics/Lodas-68365.html
39781,Coco De Mer Cosmetics,Sovaz,2025,https://www.fragrantica.com/perfume/Coco-De-Mer-Cosmetics/Sovaz-105846.html
39782,Coco De Mer Cosmetics,Zonm,2020,https://www.fragrantica.com/perfume/Coco-De-Mer-Cosmetics/Zonm-68364.html
39783,Coco Monoï,Coco Monoï,2020,https://www.fragrantica.com/perfume/Coco-Monoi/Coco-Monoi-97418.html
39784,Coco Monoï,Copa Cabana,2025,https://www.fragrantica.com/perfume/Coco-Monoi/Copa-Cabana-106602.html
39785,Coco Monoï,L.A. Sunset,2020,https://www.fragrantica.com/perfume/Coco-Monoi/L-A-Sunset-97419.html
39786,Coco Monoï,Milos,2026,https://www.fragrantica.com/perfume/Coco-Monoi/Milos-136398.html
39787,Coco Monoï,Panarea,2025,https://www.fragrantica.com/perfume/Coco-Monoi/Panarea-106601.html
39788,Coco Monoï,Zanzibar,2026,https://www.fragrantica.com/perfume/Coco-Monoi/Zanzibar-136397.html
39789,Cocoon,Kareem,2020,https://www.fragrantica.com/perfume/Cocoon/Kareem-62131.html
39790,Cocoon,Leather Oud,2020,https://www.fragrantica.com/perfume/Cocoon/Leather-Oud-62130.html
39791,Cocoon,Musk Tabacco,2020,https://www.fragrantica.com/perfume/Cocoon/Musk-Tabacco-62129.html
39792,Cocoon,Shaman Arabiq,2020,https://www.fragrantica.com/perfume/Cocoon/Shaman-Arabiq-62128.html
39793,Code Deco,A Minor,2013,https://www.fragrantica.com/perfume/Code-Deco/A-Minor-25049.html
39794,Code Deco,B Minor,2013,https://www.fragrantica.com/perfume/Code-Deco/B-Minor-25050.html
39795,Code Deco,Blanc One,2014,https://www.fragrantica.com/perfume/Code-Deco/Blanc-One-25530.html
39796,Code Deco,Damasc,2013,https://www.fragrantica.com/perfume/Code-Deco/Damasc-25060.html
39797,Code Deco,Eaux de Jasmine,2013,https://www.fragrantica.com/perfume/Code-Deco/Eaux-de-Jasmine-25053.html
39798,Code Deco,Eaux de Rose,,https://www.fragrantica.com/perfume/Code-Deco/Eaux-de-Rose-25054.html
39799,Code Deco,George,2013,https://www.fragrantica.com/perfume/Code-Deco/George-25056.html
39800,Code Deco,Happy Blu,,https://www.fragrantica.com/perfume/Code-Deco/Happy-Blu-25052.html
39801,Code Deco,Juliette,,https://www.fragrantica.com/perfume/Code-Deco/Juliette-25055.html
39802,Code Deco,Kokomo,2013,https://www.fragrantica.com/perfume/Code-Deco/Kokomo-25051.html
39803,Code Deco,Malabar,2015,https://www.fragrantica.com/perfume/Code-Deco/Malabar-31113.html
39804,Code Deco,Marwar,2013,https://www.fragrantica.com/perfume/Code-Deco/Marwar-25058.html
39805,Code Deco,Tasman in Grey,2013,https://www.fragrantica.com/perfume/Code-Deco/Tasman-in-Grey-25059.html
39806,Code Deco,Thar in Pink,2013,https://www.fragrantica.com/perfume/Code-Deco/Thar-in-Pink-25057.html
39807,Code Deco,White Oud,2015,https://www.fragrantica.com/perfume/Code-Deco/White-Oud-31112.html
39808,CodruD Parfums,Nox,,https://www.fragrantica.com/perfume/CodruD-Parfums/Nox-137803.html
39809,CodruD Parfums,Țepeș – Impaler's Formula,2026,https://www.fragrantica.com/perfume/CodruD-Parfums/Tepes-Impaler-s-Formula-137801.html
39810,CodruD Parfums,Vela,,https://www.fragrantica.com/perfume/CodruD-Parfums/Vela-137802.html
39811,Coelia Parfums,Cap Spartel,2025,https://www.fragrantica.com/perfume/Coelia-Parfums/Cap-Spartel-121725.html
39812,Coelia Parfums,Dinajpur,2023,https://www.fragrantica.com/perfume/Coelia-Parfums/Dinajpur-88822.html
39813,Coeur d’Esprit Natural Perfumes,Autumn Aura,2010,https://www.fragrantica.com/perfume/Coeur-d-Esprit-Natural-Perfumes/Autumn-Aura-13106.html
39814,Coeur d’Esprit Natural Perfumes,Bridge Notes,2007,https://www.fragrantica.com/perfume/Coeur-d-Esprit-Natural-Perfumes/Bridge-Notes-13107.html
39815,Coeur d’Esprit Natural Perfumes,Citrance,2008,https://www.fragrantica.com/perfume/Coeur-d-Esprit-Natural-Perfumes/Citrance-13108.html
39816,Coeur d’Esprit Natural Perfumes,Eau d'Esprit,2004,https://www.fragrantica.com/perfume/Coeur-d-Esprit-Natural-Perfumes/Eau-d-Esprit-13110.html
39817,Coeur d’Esprit Natural Perfumes,Entranced,2008,https://www.fragrantica.com/perfume/Coeur-d-Esprit-Natural-Perfumes/Entranced-13109.html
39818,Coeur d’Esprit Natural Perfumes,Hedgerow,2010,https://www.fragrantica.com/perfume/Coeur-d-Esprit-Natural-Perfumes/Hedgerow-13111.html
39819,Coeur d’Esprit Natural Perfumes,Inspiration from the Sea,2010,https://www.fragrantica.com/perfume/Coeur-d-Esprit-Natural-Perfumes/Inspiration-from-the-Sea-13112.html
39820,Coeur d’Esprit Natural Perfumes,Loverly,2007,https://www.fragrantica.com/perfume/Coeur-d-Esprit-Natural-Perfumes/Loverly-13113.html
39821,Coeur d’Esprit Natural Perfumes,Midnight Blue,2007,https://www.fragrantica.com/perfume/Coeur-d-Esprit-Natural-Perfumes/Midnight-Blue-13114.html
39822,Coeur d’Esprit Natural Perfumes,Powder ‘n Lace,2003,https://www.fragrantica.com/perfume/Coeur-d-Esprit-Natural-Perfumes/Powder-n-Lace-13115.html
39823,Coeur d’Esprit Natural Perfumes,Souvenirs de la Vie,2009,https://www.fragrantica.com/perfume/Coeur-d-Esprit-Natural-Perfumes/Souvenirs-de-la-Vie-13116.html
39824,Coeur d’Esprit Natural Perfumes,Tantric Notions,2010,https://www.fragrantica.com/perfume/Coeur-d-Esprit-Natural-Perfumes/Tantric-Notions-13117.html
39825,Coeur d’Esprit Natural Perfumes,Wise One,2003,https://www.fragrantica.com/perfume/Coeur-d-Esprit-Natural-Perfumes/Wise-One-13118.html
39826,Coeur d’Esprit Natural Perfumes,Wonder,2007,https://www.fragrantica.com/perfume/Coeur-d-Esprit-Natural-Perfumes/Wonder-13119.html
39827,Cofinluxe,Coca,1976,https://www.fragrantica.com/perfume/Cofinluxe/Coca-33941.html
39828,Cofinluxe,Coca for Men,1976,https://www.fragrantica.com/perfume/Cofinluxe/Coca-for-Men-33939.html
39829,Cofinluxe,Love Love Music,2013,https://www.fragrantica.com/perfume/Cofinluxe/Love-Love-Music-104659.html
39830,Cofinluxe,Taxi,2000,https://www.fragrantica.com/perfume/Cofinluxe/Taxi-15612.html
39831,Cofinluxe,Watt Blue,,https://www.fragrantica.com/perfume/Cofinluxe/Watt-Blue-9389.html
39832,Cofinluxe,Watt Mauve,2004,https://www.fragrantica.com/perfume/Cofinluxe/Watt-Mauve-9391.html
39833,Cofinluxe,Watt Pink,,https://www.fragrantica.com/perfume/Cofinluxe/Watt-Pink-9388.html
39834,Cofinluxe,Watt Red,1993,https://www.fragrantica.com/perfume/Cofinluxe/Watt-Red-9390.html
39835,Cognoscenti,No 1 Bergamot Sage,2012,https://www.fragrantica.com/perfume/Cognoscenti/No-1-Bergamot-Sage-16508.html
39836,Cognoscenti,No 16 Tomato Leather,2012,https://www.fragrantica.com/perfume/Cognoscenti/No-16-Tomato-Leather-16509.html
39837,Cognoscenti,No 17 Civet Chypre,2014,https://www.fragrantica.com/perfume/Cognoscenti/No-17-Civet-Chypre-30148.html
39838,Cognoscenti,No 19 Warm Carrot,2012,https://www.fragrantica.com/perfume/Cognoscenti/No-19-Warm-Carrot-16510.html
39839,Cognoscenti,No 30 Hay Incense,2016,https://www.fragrantica.com/perfume/Cognoscenti/No-30-Hay-Incense-45457.html
39840,Cognoscenti,No 32 Blue Oud,2015,https://www.fragrantica.com/perfume/Cognoscenti/No-32-Blue-Oud-45456.html
39841,Cognoscenti,No 8 Aldehydic Oakmoss,2013,https://www.fragrantica.com/perfume/Cognoscenti/No-8-Aldehydic-Oakmoss-30147.html
39842,Cognoscenti,Wild Child,2019,https://www.fragrantica.com/perfume/Cognoscenti/Wild-Child-60738.html
39843,Coisy B.,Breeze,2024,https://www.fragrantica.com/perfume/Coisy-B/Breeze-93629.html
39844,Coisy B.,Coisy Bear,2023,https://www.fragrantica.com/perfume/Coisy-B/Coisy-Bear-89489.html
39845,Coisy B.,Danger,2021,https://www.fragrantica.com/perfume/Coisy-B/Danger-72268.html
39846,Coisy B.,Dangerous,2023,https://www.fragrantica.com/perfume/Coisy-B/Dangerous-80023.html
39847,Coisy B.,Ego,2024,https://www.fragrantica.com/perfume/Coisy-B/Ego-98335.html
39848,Coisy B.,Mood,2021,https://www.fragrantica.com/perfume/Coisy-B/Mood-72265.html
39849,Coisy B.,Shades,2021,https://www.fragrantica.com/perfume/Coisy-B/Shades-72266.html
39850,Coisy B.,Smoke,2025,https://www.fragrantica.com/perfume/Coisy-B/Smoke-110051.html
39851,Coisy B.,Waves,2021,https://www.fragrantica.com/perfume/Coisy-B/Waves-72267.html
39852,COLABO,Chypre Bergamot & Coriander,2021,https://www.fragrantica.com/perfume/COLABO/Chypre-Bergamot-Coriander-84848.html
39853,COLABO,Citrus Lemon & Petitgrain,2021,https://www.fragrantica.com/perfume/COLABO/Citrus-Lemon-Petitgrain-84849.html
39854,COLABO,Floral Rose & Blackcurrant,2021,https://www.fragrantica.com/perfume/COLABO/Floral-Rose-Blackcurrant-84850.html
39855,COLABO,Flower Hour,2022,https://www.fragrantica.com/perfume/COLABO/Flower-Hour-84854.html
39856,COLABO,Green Clary Sage & Basil,2021,https://www.fragrantica.com/perfume/COLABO/Green-Clary-Sage-Basil-84851.html
39857,COLABO,Morning Breeze,2022,https://www.fragrantica.com/perfume/COLABO/Morning-Breeze-84857.html
39858,COLABO,Oriental Ylang Ylang & Amyris,2021,https://www.fragrantica.com/perfume/COLABO/Oriental-Ylang-Ylang-Amyris-84852.html
39859,COLABO,Tropical Nectar,2022,https://www.fragrantica.com/perfume/COLABO/Tropical-Nectar-84855.html
39860,COLABO,Warm Meadow,2022,https://www.fragrantica.com/perfume/COLABO/Warm-Meadow-84856.html
39861,COLABO,Woody Cedarwood & Patchouli,2021,https://www.fragrantica.com/perfume/COLABO/Woody-Cedarwood-Patchouli-84853.html
39862,Colcci,Colcci Neon Man,2020,https://www.fragrantica.com/perfume/Colcci/Colcci-Neon-Man-62832.html
39863,Colcci,Colcci Neon Woman,2020,https://www.fragrantica.com/perfume/Colcci/Colcci-Neon-Woman-62831.html
39864,Colcci,Colcci Rosé,2022,https://www.fragrantica.com/perfume/Colcci/Colcci-Rose-74961.html
39865,Colcci,Colcci Silver,2022,https://www.fragrantica.com/perfume/Colcci/Colcci-Silver-74960.html
39866,Colcci,Colcci Urban Boys,2021,https://www.fragrantica.com/perfume/Colcci/Colcci-Urban-Boys-71095.html
39867,Colcci,Colcci Urban Girls,2021,https://www.fragrantica.com/perfume/Colcci/Colcci-Urban-Girls-71094.html
39868,Colcci,Colcci White,2024,https://www.fragrantica.com/perfume/Colcci/Colcci-White-96204.html
39869,Colcci,Colcci Woman,2024,https://www.fragrantica.com/perfume/Colcci/Colcci-Woman-90440.html
39870,Coldculture,55 Parfum,2025,https://www.fragrantica.com/perfume/Coldculture/55-Parfum-128262.html
39871,Coleen Rooney,Butterflies,2010,https://www.fragrantica.com/perfume/Coleen-Rooney/Butterflies-10912.html
39872,Coleen Rooney,Coleen X,2007,https://www.fragrantica.com/perfume/Coleen-Rooney/Coleen-X-10909.html
39873,Coleen Rooney,Coleen X Black,2008,https://www.fragrantica.com/perfume/Coleen-Rooney/Coleen-X-Black-10910.html
39874,Coleen Rooney,Coleen X Summer,2010,https://www.fragrantica.com/perfume/Coleen-Rooney/Coleen-X-Summer-10911.html
39875,Colekt,La Chambre,2022,https://www.fragrantica.com/perfume/Colekt/La-Chambre-79155.html
39876,Colekt,Persona,2022,https://www.fragrantica.com/perfume/Colekt/Persona-79153.html
39877,Colekt,Void,2022,https://www.fragrantica.com/perfume/Colekt/Void-79154.html
39878,Colish,Absolute Santal,2021,https://www.fragrantica.com/perfume/Colish/Absolute-Santal-78881.html
39879,Colish,Amber Saffron,2021,https://www.fragrantica.com/perfume/Colish/Amber-Saffron-78880.html
39880,Colish,Anokha Extrait de Parfum,2025,https://www.fragrantica.com/perfume/Colish/Anokha-Extrait-de-Parfum-121314.html
39881,Colish,Aurum,2023,https://www.fragrantica.com/perfume/Colish/Aurum-105210.html
39882,Colish,Bera Extrait de Parfum,2025,https://www.fragrantica.com/perfume/Colish/Bera-Extrait-de-Parfum-121315.html
39883,Colish,Black Mojo,2024,https://www.fragrantica.com/perfume/Colish/Black-Mojo-105218.html
39884,Colish,Chaunsa Leather Extrait de Parfum,2025,https://www.fragrantica.com/perfume/Colish/Chaunsa-Leather-Extrait-de-Parfum-121313.html
39885,Colish,Himalayan Cedar Extrait de Parfum,2025,https://www.fragrantica.com/perfume/Colish/Himalayan-Cedar-Extrait-de-Parfum-121316.html
39886,Colish,Khizan,2021,https://www.fragrantica.com/perfume/Colish/Khizan-78884.html
39887,Colish,Layal Extrait de Parfum,2025,https://www.fragrantica.com/perfume/Colish/Layal-Extrait-de-Parfum-121317.html
39888,Colish,Lucid,2023,https://www.fragrantica.com/perfume/Colish/Lucid-105209.html
39889,Colish,Millennial Grass,2021,https://www.fragrantica.com/perfume/Colish/Millennial-Grass-78887.html
39890,Colish,Mysterious Musk,2021,https://www.fragrantica.com/perfume/Colish/Mysterious-Musk-78886.html
39891,Colish,Oud Gulabi,2021,https://www.fragrantica.com/perfume/Colish/Oud-Gulabi-78882.html
39892,Colish,Oud Night Out,2021,https://www.fragrantica.com/perfume/Colish/Oud-Night-Out-78883.html
39893,Colish,Outcast,2025,https://www.fragrantica.com/perfume/Colish/Outcast-105211.html
39894,Colish,Queen of Hearts,2024,https://www.fragrantica.com/perfume/Colish/Queen-of-Hearts-105220.html
39895,Colish,Retro Rose,2021,https://www.fragrantica.com/perfume/Colish/Retro-Rose-78885.html
39896,Colish,Tribal Leather,2024,https://www.fragrantica.com/perfume/Colish/Tribal-Leather-105217.html
39897,Colish,Vanilla Noar,2025,https://www.fragrantica.com/perfume/Colish/Vanilla-Noar-105216.html
39898,Colish,Wadi,2025,https://www.fragrantica.com/perfume/Colish/Wadi-105213.html
39899,Colitaly,Costa Azul,2024,https://www.fragrantica.com/perfume/Colitaly/Costa-Azul-114587.html
39900,Colitaly,Costa Carta,2024,https://www.fragrantica.com/perfume/Colitaly/Costa-Carta-114586.html
39901,Collect & Bottle,Acqua Di Losó,2016,https://www.fragrantica.com/perfume/Collect-Bottle/Acqua-Di-Loso-41950.html
39902,Collesi,Aqua,2021,https://www.fragrantica.com/perfume/Collesi/Aqua-74881.html
39903,Collesi,Segreto,2021,https://www.fragrantica.com/perfume/Collesi/Segreto-74882.html
39904,Collines de Provence,Thé Blanc,2020,https://www.fragrantica.com/perfume/Collines-de-Provence/The-Blanc-70948.html
39905,Collistar,Acqua Attiva,2009,https://www.fragrantica.com/perfume/Collistar/Acqua-Attiva-7153.html
39906,Collistar,Acqua Attiva Assoluta,2011,https://www.fragrantica.com/perfume/Collistar/Acqua-Attiva-Assoluta-13823.html
39907,Collistar,Acqua Attiva Green,2013,https://www.fragrantica.com/perfume/Collistar/Acqua-Attiva-Green-24490.html
39908,Collistar,Acqua Attiva Ice,2012,https://www.fragrantica.com/perfume/Collistar/Acqua-Attiva-Ice-14802.html
39909,Collistar,Acqua Vetiver,2023,https://www.fragrantica.com/perfume/Collistar/Acqua-Vetiver-79703.html
39910,Collistar,Acqua Wood,2015,https://www.fragrantica.com/perfume/Collistar/Acqua-Wood-32391.html
39911,Collistar,Benessere,,https://www.fragrantica.com/perfume/Collistar/Benessere-3499.html
39912,Collistar,Benessere dei Sensi,2008,https://www.fragrantica.com/perfume/Collistar/Benessere-dei-Sensi-4794.html
39913,Collistar,Benessere Fico e Glicine,2024,https://www.fragrantica.com/perfume/Collistar/Benessere-Fico-e-Glicine-114051.html
39914,Collistar,Benessere Neroli e Elicriso,2024,https://www.fragrantica.com/perfume/Collistar/Benessere-Neroli-e-Elicriso-114050.html
39915,Collistar,Benessere Notte,,https://www.fragrantica.com/perfume/Collistar/Benessere-Notte-3498.html
39916,Collistar,L'Ambra,2016,https://www.fragrantica.com/perfume/Collistar/L-Ambra-41161.html
39917,Collistar,L'Incenso,2017,https://www.fragrantica.com/perfume/Collistar/L-Incenso-47207.html
39918,Collistar,L'Oud,2015,https://www.fragrantica.com/perfume/Collistar/L-Oud-41618.html
39919,Collistar,La Rosa,2017,https://www.fragrantica.com/perfume/Collistar/La-Rosa-47206.html
39920,Collistar,La Vaniglia,2018,https://www.fragrantica.com/perfume/Collistar/La-Vaniglia-51767.html
39921,Collistar,Profumo Dei Sogni,2017,https://www.fragrantica.com/perfume/Collistar/Profumo-Dei-Sogni-45196.html
39922,Collistar,Profumo dell’Amore,2016,https://www.fragrantica.com/perfume/Collistar/Profumo-dell-Amore-42232.html
39923,Collistar,Profumo della Felicità,2011,https://www.fragrantica.com/perfume/Collistar/Profumo-della-Felicita-13822.html
39924,Collistar,Profumo di Armonia,2014,https://www.fragrantica.com/perfume/Collistar/Profumo-di-Armonia-26058.html
39925,Collistar,Profumo di Energia,2018,https://www.fragrantica.com/perfume/Collistar/Profumo-di-Energia-50105.html
39926,Collistar,Vetiver Forte,2016,https://www.fragrantica.com/perfume/Collistar/Vetiver-Forte-40962.html
39927,Cologne-Zation,Bigarade Verte,2017,https://www.fragrantica.com/perfume/Cologne-Zation/Bigarade-Verte-47374.html
39928,Cologne-Zation,Iris & Tonka Bean,2019,https://www.fragrantica.com/perfume/Cologne-Zation/Iris-Tonka-Bean-57180.html
39929,Cologne-Zation,Lavender & Black Tea,2016,https://www.fragrantica.com/perfume/Cologne-Zation/Lavender-Black-Tea-47375.html
39930,Cologne-Zation,Spices & Wacapou Wood,2016,https://www.fragrantica.com/perfume/Cologne-Zation/Spices-Wacapou-Wood-47376.html
39931,Cologne-Zation,Tobacco & Amber,2019,https://www.fragrantica.com/perfume/Cologne-Zation/Tobacco-Amber-57181.html
39932,COLOR.ZONE,Blue Sky,2021,https://www.fragrantica.com/perfume/COLOR-ZONE/Blue-Sky-107757.html
39933,COLOR.ZONE,Heartbeat,2021,https://www.fragrantica.com/perfume/COLOR-ZONE/Heartbeat-107750.html
39934,COLOR.ZONE,Peach Fantasy,2021,https://www.fragrantica.com/perfume/COLOR-ZONE/Peach-Fantasy-107755.html
39935,COLOR.ZONE,Sea Breeze,2021,https://www.fragrantica.com/perfume/COLOR-ZONE/Sea-Breeze-107761.html
39936,COLOR.ZONE,Sunlight,2021,https://www.fragrantica.com/perfume/COLOR-ZONE/Sunlight-107759.html
39937,COLOR.ZONE,Tender Pink,2021,https://www.fragrantica.com/perfume/COLOR-ZONE/Tender-Pink-107763.html
39938,Colornoise,Acai Bowl,2019,https://www.fragrantica.com/perfume/Colornoise/Acai-Bowl-65226.html
39939,Colornoise,Adrift.,2004,https://www.parfumo.com/Perfumes/Colornoise/Adrift_
39940,Colornoise,All Black.,,https://www.parfumo.com/Perfumes/Colornoise/All_Black_
39941,Colornoise,Bassoon.,,https://www.parfumo.com/Perfumes/Colornoise/Bassoon_
39942,Colornoise,Birthday Cake,2019,https://www.fragrantica.com/perfume/Colornoise/Birthday-Cake-65227.html
39943,Colornoise,Bronze.,,https://www.parfumo.com/Perfumes/Colornoise/Bronze_
39944,Colornoise,Bubblegum,2019,https://www.fragrantica.com/perfume/Colornoise/Bubblegum-65228.html
39945,Colornoise,Cello,2019,https://www.fragrantica.com/perfume/Colornoise/Cello-65229.html
39946,Colornoise,Cereal Milk,2019,https://www.fragrantica.com/perfume/Colornoise/Cereal-Milk-65233.html
39947,Colornoise,Chill,2019,https://www.fragrantica.com/perfume/Colornoise/Chill-65231.html
39948,Colornoise,Chocolate Cereal Milk,2019,https://www.fragrantica.com/perfume/Colornoise/Chocolate-Cereal-Milk-65232.html
39949,Colornoise,Cinnamon Cereal Milk,,https://www.parfumo.com/Perfumes/Colornoise/cinnamon-cereal-milk
39950,Colornoise,Circus Peanuts,,https://www.parfumo.com/Perfumes/Colornoise/circus-peanuts
39951,Colornoise,Coast.,,https://www.parfumo.com/Perfumes/Colornoise/Coast_
39952,Colornoise,Coral.,1996,https://www.parfumo.com/Perfumes/Colornoise/Coral_
39953,Colornoise,Country,2019,https://www.fragrantica.com/perfume/Colornoise/Country-65301.html
39954,Colornoise,Creativity.,1987,https://www.parfumo.com/Perfumes/Colornoise/Creativity_
39955,Colornoise,Crunchy Cereal Milk,2019,https://www.fragrantica.com/perfume/Colornoise/Crunchy-Cereal-Milk-65230.html
39956,Colornoise,Dole Whip,2019,https://www.fragrantica.com/perfume/Colornoise/Dole-Whip-65302.html
39957,Colornoise,Flute,2019,https://www.fragrantica.com/perfume/Colornoise/Flute-65303.html
39958,Colornoise,In the Clouds,2019,https://www.fragrantica.com/perfume/Colornoise/In-the-Clouds-65309.html
39959,Colornoise,Jazz,2019,https://www.fragrantica.com/perfume/Colornoise/Jazz-65308.html
39960,Colornoise,Jelly Donut,2019,https://www.fragrantica.com/perfume/Colornoise/Jelly-Donut-65304.html
39961,Colornoise,Matcha Ice Cream,2020,https://www.fragrantica.com/perfume/Colornoise/Matcha-Ice-Cream-132752.html
39962,Colornoise,Matcha Latte,2019,https://www.fragrantica.com/perfume/Colornoise/Matcha-Latte-65305.html
39963,Colornoise,Melted Popsicle,2019,https://www.fragrantica.com/perfume/Colornoise/Melted-Popsicle-65306.html
39964,Colornoise,Orange Ice Cream,2018,https://www.fragrantica.com/perfume/Colornoise/Orange-Ice-Cream-76321.html
39965,Colornoise,Rainfall,2019,https://www.fragrantica.com/perfume/Colornoise/Rainfall-65310.html
39966,Colornoise,Strawberry Ice Cream,,https://www.fragrantica.com/perfume/Colornoise/Strawberry-Ice-Cream-82699.html
39967,Colornoise,Trumpet,2019,https://www.fragrantica.com/perfume/Colornoise/Trumpet-65307.html
39968,Colors Parfums Paris,Alezane Brulée,2025,https://www.fragrantica.com/perfume/Colors-Parfums-Paris/Alezane-Brulee-103511.html
39969,Colors Parfums Paris,Carmin des Bois,2025,https://www.fragrantica.com/perfume/Colors-Parfums-Paris/Carmin-des-Bois-103512.html
39970,Colors Parfums Paris,Oranger Sous L'Atlas,2026,https://www.fragrantica.com/perfume/Colors-Parfums-Paris/Oranger-Sous-L-Atlas-127347.html
39971,Colour Intense,Darkilla,2025,https://www.fragrantica.com/perfume/Colour-Intense/Darkilla-135518.html
39972,Colour Intense,Oudness,2025,https://www.fragrantica.com/perfume/Colour-Intense/Oudness-135521.html
39973,Colour Intense,Portofino,2025,https://www.fragrantica.com/perfume/Colour-Intense/Portofino-135520.html
39974,Colour Intense,Punchline,2025,https://www.fragrantica.com/perfume/Colour-Intense/Punchline-135519.html
39975,Colour Intense,Sold Out,2025,https://www.fragrantica.com/perfume/Colour-Intense/Sold-Out-135517.html
39976,Comedìa,Comedìa Delle Dune Di Sabbia,2025,https://www.fragrantica.com/perfume/Comedia/Comedia-Delle-Dune-Di-Sabbia-104526.html
39977,Comedìa,Comedìa Delle Mie Brame,2025,https://www.fragrantica.com/perfume/Comedia/Comedia-Delle-Mie-Brame-104525.html
39978,Comedìa,Comedìa Di Mezza Estate,2025,https://www.fragrantica.com/perfume/Comedia/Comedia-Di-Mezza-Estate-104528.html
39979,Comin,Absolut Diamond,2015,https://www.parfumo.com/Perfumes/Comin/absolut-diamond
39980,Comin,Alya - Luce di Stelle,,https://www.parfumo.com/Perfumes/Comin/alya-luce-di-stelle
39981,Comin,Amabile,2010,https://www.parfumo.com/Perfumes/Comin/amabile
39982,Comin,Anima Nobile,,https://www.parfumo.com/Perfumes/Comin/anima-nobile
39983,Comin,Black Blues Comin 2001 Eau de Toilette,2001,https://www.parfumo.com/Perfumes/Comin/black-blues-eau-de-toilette
39984,Comin,Blank Nuit,2015,https://www.parfumo.com/Perfumes/Comin/Blank_Nuit
39985,Comin,D&M Comin 2006 Eau de Toilette,2006,https://www.parfumo.com/Perfumes/Comin/d-m-eau-de-toilette
39986,Comin,EliLù,2009,https://www.parfumo.com/Perfumes/Comin/elilu
39987,Comma,Choice,2013,https://www.fragrantica.com/perfume/Comma/Choice-18676.html
39988,Comma,Comma,2004,https://www.fragrantica.com/perfume/Comma/Comma-15590.html
39989,Comma,Comma (new),2012,https://www.fragrantica.com/perfume/Comma/Comma-new-15591.html
39990,Comme des Garcons,8 88,2008,https://www.fragrantica.com/perfume/Comme-des-Garcons/8-88-2140.html
39991,Comme des Garcons,88,2007,https://www.parfumo.com/Perfumes/Comme_des_Garons/8_88
39992,Comme des Garçons,Airborne,,https://huggingface.co/datasets/doevent/perfume
39993,Comme des Garcons,Amazingreen,2012,https://www.fragrantica.com/perfume/Comme-des-Garcons/Amazingreen-15526.html
39994,Comme des Garcons,Andy Warhol's You're In,2017,https://www.fragrantica.com/perfume/Comme-des-Garcons/Andy-Warhol-s-You-re-In-46583.html
39995,Comme des Garcons,Artek - Standard,2009,https://www.parfumo.com/Perfumes/Comme_des_Garons/Artek_Standard
39996,Comme des Garçons,Beads,,https://www.parfumo.com/Perfumes/Comme_des_Garons/Beads
39997,Comme des Garcons,Black,2012,https://www.fragrantica.com/perfume/Comme-des-Garcons/Black-15238.html
39998,Comme des Garcons,Black Eau de Toilette,2013,https://www.fragrantica.com/perfume/Comme-des-Garcons/Black-Eau-de-Toilette-18368.html
39999,Comme des Garcons,Blackpepper,2016,https://www.fragrantica.com/perfume/Comme-des-Garcons/Blackpepper-40188.html
40000,Comme des Garcons,Blue Cedrat,2013,https://www.fragrantica.com/perfume/Comme-des-Garcons/Blue-Cedrat-18877.html