id,brand_name,product_name,release_year,source_url
115001,Navitus Parfums,Lyrik,2022,https://www.fragrantica.com/perfume/Navitus-Parfums/Lyrik-77206.html
115002,Navitus Parfums,Mahni Cassonade,2023,https://www.fragrantica.com/perfume/Navitus-Parfums/Mahni-Cassonade-88119.html
115003,Navitus Parfums,Mahni Cassonade,2024,https://www.fragrantica.com/perfume/Navitus-Parfums/Mahni-Cassonade-113876.html
115004,Navitus Parfums,Melon Kiss,2024,https://www.fragrantica.com/perfume/Navitus-Parfums/Melon-Kiss-92216.html
115005,Navitus Parfums,Miel Extase,2023,https://www.fragrantica.com/perfume/Navitus-Parfums/Miel-Extase-84405.html
115006,Navitus Parfums,Miel Extase,2024,https://www.fragrantica.com/perfume/Navitus-Parfums/Miel-Extase-92325.html
115007,Navitus Parfums,Navus,2019,https://www.fragrantica.com/perfume/Navitus-Parfums/Navus-60625.html
115008,Navitus Parfums,Nuit Royale,2023,https://www.fragrantica.com/perfume/Navitus-Parfums/Nuit-Royale-81974.html
115009,Navitus Parfums,Nuit Royale,2024,https://www.fragrantica.com/perfume/Navitus-Parfums/Nuit-Royale-92326.html
115010,Navitus Parfums,Opulentas,2020,https://www.fragrantica.com/perfume/Navitus-Parfums/Opulentas-60635.html
115011,Navitus Parfums,Oud Imperium,2019,https://www.fragrantica.com/perfume/Navitus-Parfums/Oud-Imperium-60637.html
115012,Navitus Parfums,Oud Luxuria,2019,https://www.fragrantica.com/perfume/Navitus-Parfums/Oud-Luxuria-60636.html
115013,Navitus Parfums,Paradis Exotique,2023,https://www.fragrantica.com/perfume/Navitus-Parfums/Paradis-Exotique-81975.html
115014,Navitus Parfums,Peach Aurum,2024,https://www.fragrantica.com/perfume/Navitus-Parfums/Peach-Aurum-100085.html
115015,Navitus Parfums,Primas,2019,https://www.fragrantica.com/perfume/Navitus-Parfums/Primas-60638.html
115016,Navitus Parfums,Raised Spirits,2022,https://www.fragrantica.com/perfume/Navitus-Parfums/Raised-Spirits-81654.html
115017,Navitus Parfums,Reve Nuit,2020,https://www.fragrantica.com/perfume/Navitus-Parfums/Reve-Nuit-67811.html
115018,Navitus Parfums,Reverie Blanc,2025,https://www.fragrantica.com/perfume/Navitus-Parfums/Reverie-Blanc-105731.html
115019,Navitus Parfums,Reverie Rouge,2025,https://www.fragrantica.com/perfume/Navitus-Parfums/Reverie-Rouge-105730.html
115020,Navitus Parfums,Sartorial Nuit,2022,https://www.fragrantica.com/perfume/Navitus-Parfums/Sartorial-Nuit-77209.html
115021,Navitus Parfums,Serenade,2021,https://www.fragrantica.com/perfume/Navitus-Parfums/Serenade-70084.html
115022,Navitus Parfums,Siesta Drive,2021,https://www.fragrantica.com/perfume/Navitus-Parfums/Siesta-Drive-75166.html
115023,Navitus Parfums,Soir Exclusif,2020,https://www.fragrantica.com/perfume/Navitus-Parfums/Soir-Exclusif-63289.html
115024,Navitus Parfums,Soleil Matin,2020,https://www.fragrantica.com/perfume/Navitus-Parfums/Soleil-Matin-67810.html
115025,Navitus Parfums,Splendeur Absolu,2023,https://www.fragrantica.com/perfume/Navitus-Parfums/Splendeur-Absolu-87488.html
115026,Navitus Parfums,Tempt Me Not,2024,https://www.fragrantica.com/perfume/Navitus-Parfums/Tempt-Me-Not-100796.html
115027,Navitus Parfums,The Embrace,2020,https://www.fragrantica.com/perfume/Navitus-Parfums/The-Embrace-70109.html
115028,Navitus Parfums,The Key,2021,https://www.fragrantica.com/perfume/Navitus-Parfums/The-Key-75167.html
115029,Navitus Parfums,Vanilla Éclat,2024,https://www.fragrantica.com/perfume/Navitus-Parfums/Vanilla-Eclat-100381.html
115030,Navitus Parfums,Venom of Love,2022,https://www.fragrantica.com/perfume/Navitus-Parfums/Venom-of-Love-76980.html
115031,Navitus Parfums,Venom Of Love,2024,https://www.fragrantica.com/perfume/Navitus-Parfums/Venom-Of-Love-92327.html
115032,Navitus Parfums,Verve Matin,2020,https://www.fragrantica.com/perfume/Navitus-Parfums/Verve-Matin-63288.html
115033,Navitus Parfums,Virtus,2019,https://www.fragrantica.com/perfume/Navitus-Parfums/Virtus-60639.html
115034,Navitus Parfums,Vivamor,2020,https://www.fragrantica.com/perfume/Navitus-Parfums/Vivamor-60640.html
115035,Navitus Parfums,Vivamor,2024,https://www.fragrantica.com/perfume/Navitus-Parfums/Vivamor-92328.html
115036,Navitus Parfums,Xenial,2023,https://www.fragrantica.com/perfume/Navitus-Parfums/Xenial-88118.html
115037,Navitus Parfums,XO Brandy,2021,https://www.fragrantica.com/perfume/Navitus-Parfums/XO-Brandy-75165.html
115038,Nawaf Saad,Good Mood,2024,https://www.fragrantica.com/perfume/Nawaf-Saad/Good-Mood-91273.html
115039,Nawaf Saad,HICKEY,2024,https://www.fragrantica.com/perfume/Nawaf-Saad/HICKEY-91271.html
115040,Nawaf Saad,HIGH,2024,https://www.fragrantica.com/perfume/Nawaf-Saad/HIGH-91270.html
115041,Nawaf Saad,Jazful Pure Parfum (Extrait de Parfum),2025,https://www.fragrantica.com/perfume/Nawaf-Saad/Jazful-Pure-Parfum-108787.html
115042,Nawaf Saad,Old Woods,2026,https://www.fragrantica.com/perfume/Nawaf-Saad/Old-Woods-128060.html
115043,Nawaf Saad,Sea Breeze,2024,https://www.fragrantica.com/perfume/Nawaf-Saad/Sea-Breeze-91272.html
115044,Nayaat,Can't Get Enough,2025,https://www.fragrantica.com/perfume/Nayaat/Can-t-Get-Enough-119238.html
115045,Nayaat,Forbidden Bloom,2025,https://www.fragrantica.com/perfume/Nayaat/Forbidden-Bloom-119239.html
115046,Nayaat,Liquid Desire,2025,https://www.fragrantica.com/perfume/Nayaat/Liquid-Desire-119240.html
115047,Nayaat,Naughty Brew,2025,https://www.fragrantica.com/perfume/Nayaat/Naughty-Brew-119241.html
115048,Nayaat,Qahwa,2025,https://www.fragrantica.com/perfume/Nayaat/Qahwa-119242.html
115049,Nayaat,Red Sugar Kiss,2025,https://www.fragrantica.com/perfume/Nayaat/Red-Sugar-Kiss-119243.html
115050,Nayaat,Soho Aura,2025,https://www.fragrantica.com/perfume/Nayaat/Soho-Aura-119245.html
115051,Nayaat,Sultry Vanilla,2025,https://www.fragrantica.com/perfume/Nayaat/Sultry-Vanilla-119244.html
115052,Nayaat,XLNC Grandeur,2025,https://www.fragrantica.com/perfume/Nayaat/XLNC-Grandeur-119246.html
115053,Nayaat,XLNC Imperium,2025,https://www.fragrantica.com/perfume/Nayaat/XLNC-Imperium-119247.html
115054,Nayaat,XLNC Infinity,2025,https://www.fragrantica.com/perfume/Nayaat/XLNC-Infinity-119248.html
115055,Nayaat,XLNC Titan,2025,https://www.fragrantica.com/perfume/Nayaat/XLNC-Titan-119249.html
115056,Nayara,I am not Sorry,2019,https://www.fragrantica.com/perfume/Nayara/I-am-not-Sorry-74058.html
115057,Nayara,One in a Million,2019,https://www.fragrantica.com/perfume/Nayara/One-in-a-Million-74057.html
115058,Nayara,The One,2019,https://www.fragrantica.com/perfume/Nayara/The-One-74059.html
115059,Nayassia,Aja’ib,2020,https://www.fragrantica.com/perfume/Nayassia/Aja-ib-75327.html
115060,Nayassia,Bevin House,2019,https://www.fragrantica.com/perfume/Nayassia/Bevin-House-55116.html
115061,Nayassia,Brothers in Art,2019,https://www.fragrantica.com/perfume/Nayassia/Brothers-in-Art-55117.html
115062,Nayassia,Farrukhnaz,2020,https://www.fragrantica.com/perfume/Nayassia/Farrukhnaz-75328.html
115063,Nayassia,Hymne a l’Amour,2019,https://www.fragrantica.com/perfume/Nayassia/Hymne-a-l-Amour-55113.html
115064,Nayassia,Jardin d’El Biar,2022,https://www.fragrantica.com/perfume/Nayassia/Jardin-d-El-Biar-76026.html
115065,Nayassia,Matsya,2020,https://www.fragrantica.com/perfume/Nayassia/Matsya-75326.html
115066,Nayassia,Sakountala,2019,https://www.fragrantica.com/perfume/Nayassia/Sakountala-55115.html
115067,Nayassia,Shahryar,2022,https://www.fragrantica.com/perfume/Nayassia/Shahryar-75329.html
115068,Nayassia,Swinging London,2019,https://www.fragrantica.com/perfume/Nayassia/Swinging-London-55114.html
115069,Nayassia,Terre Blanche,2019,https://www.fragrantica.com/perfume/Nayassia/Terre-Blanche-55112.html
115070,Nayu Parfums,Esprit Libre,2024,https://www.fragrantica.com/perfume/Nayu-Parfums/Esprit-Libre-98363.html
115071,Nayu Parfums,One Life,2025,https://www.fragrantica.com/perfume/Nayu-Parfums/One-Life-123582.html
115072,Nazareno Gabrielli,Details For Her,2015,https://www.fragrantica.com/perfume/Nazareno-Gabrielli/Details-For-Her-36555.html
115073,Nazareno Gabrielli,Details For Him,2015,https://www.fragrantica.com/perfume/Nazareno-Gabrielli/Details-For-Him-36556.html
115074,Nazareno Gabrielli,I'm Not A Bad Girl,2020,https://www.fragrantica.com/perfume/Nazareno-Gabrielli/I-m-Not-A-Bad-Girl-72147.html
115075,Nazareno Gabrielli,I'm Not A Good Boy,2022,https://www.fragrantica.com/perfume/Nazareno-Gabrielli/I-m-Not-A-Good-Boy-72146.html
115076,Nazareno Gabrielli,Nazareno,2000,https://www.fragrantica.com/perfume/Nazareno-Gabrielli/Nazareno-9475.html
115077,Nazareno Gabrielli,Nazareno Gabrielli Pour Femme,1996,https://www.fragrantica.com/perfume/Nazareno-Gabrielli/Nazareno-Gabrielli-Pour-Femme-9474.html
115078,Nazareno Gabrielli,Nazareno Gabrielli Pour Homme,1996,https://www.fragrantica.com/perfume/Nazareno-Gabrielli/Nazareno-Gabrielli-Pour-Homme-9478.html
115079,Nazareno Gabrielli,Nazarenogabrielli,2004,https://www.fragrantica.com/perfume/Nazareno-Gabrielli/Nazarenogabrielli-9476.html
115080,Nazareno Gabrielli,Tu,2004,https://www.fragrantica.com/perfume/Nazareno-Gabrielli/Tu-9477.html
115081,Nazari Essences,Lagrimas de la Alhambra,2014,https://www.fragrantica.com/perfume/Nazari-Essences/Lagrimas-de-la-Alhambra-31683.html
115082,Nazca,Origem Secrets Alfazema,2021,https://www.fragrantica.com/perfume/Nazca/Origem-Secrets-Alfazema-71839.html
115083,Nazca,Origem Secrets Amêndoas e Vanilla,2021,https://www.fragrantica.com/perfume/Nazca/Origem-Secrets-Amendoas-e-Vanilla-71837.html
115084,Nazca,Origem Secrets Flor de Cerejeira,2021,https://www.fragrantica.com/perfume/Nazca/Origem-Secrets-Flor-de-Cerejeira-71840.html
115085,Nazca,Origem Secrets Lavanda,2021,https://www.fragrantica.com/perfume/Nazca/Origem-Secrets-Lavanda-71838.html
115086,Nazira Bou Nassif,Family Tree,2025,https://www.fragrantica.com/perfume/Nazira-Bou-Nassif/Family-Tree-130501.html
115087,nBitor,Akelarre,2023,https://www.fragrantica.com/perfume/nBitor/Akelarre-87704.html
115088,nBitor,Babieca,2023,https://www.fragrantica.com/perfume/nBitor/Babieca-79841.html
115089,nBitor,Bucaro Royal,2024,https://www.fragrantica.com/perfume/nBitor/Bucaro-Royal-95392.html
115090,nBitor,Erauso,2024,https://www.fragrantica.com/perfume/nBitor/Erauso-96085.html
115091,nBitor,Hombre de Palo,2023,https://www.fragrantica.com/perfume/nBitor/Hombre-de-Palo-79982.html
115092,nBitor,Laban Arruz,2025,https://www.fragrantica.com/perfume/nBitor/Laban-Arruz-114500.html
115093,nBitor,Nuevalos,2023,https://www.fragrantica.com/perfume/nBitor/Nuevalos-80718.html
115094,nBitor,Ocaña,2023,https://www.fragrantica.com/perfume/nBitor/Ocana-79842.html
115095,nBitor,Orbis Iberica,2025,https://www.fragrantica.com/perfume/nBitor/Orbis-Iberica-117611.html
115096,nBitor,Santalla,2023,https://www.fragrantica.com/perfume/nBitor/Santalla-79847.html
115097,nBitor,Taraq,2023,https://www.fragrantica.com/perfume/nBitor/Taraq-79849.html
115098,nBitor,Torreja Sacra,2025,https://www.fragrantica.com/perfume/nBitor/Torreja-Sacra-120759.html
115099,Ne'emah For Fragrance & Oudh,Aryam,,https://www.fragrantica.com/perfume/Ne-emah-For-Fragrance-Oudh/Aryam-28308.html
115100,Ne'emah For Fragrance & Oudh,Black & White,2011,https://www.fragrantica.com/perfume/Ne-emah-For-Fragrance-Oudh/Black-White-28313.html
115101,Ne'emah For Fragrance & Oudh,Chateau Rouge,2013,https://www.fragrantica.com/perfume/Ne-emah-For-Fragrance-Oudh/Chateau-Rouge-28356.html
115102,Ne'emah For Fragrance & Oudh,Collection No.1,2009,https://www.fragrantica.com/perfume/Ne-emah-For-Fragrance-Oudh/Collection-No-1-28314.html
115103,Ne'emah For Fragrance & Oudh,Collection No.10,2009,https://www.fragrantica.com/perfume/Ne-emah-For-Fragrance-Oudh/Collection-No-10-28316.html
115104,Ne'emah For Fragrance & Oudh,Collection No.2,2009,https://www.fragrantica.com/perfume/Ne-emah-For-Fragrance-Oudh/Collection-No-2-28315.html
115105,Ne'emah For Fragrance & Oudh,Collection No.3,2009,https://www.fragrantica.com/perfume/Ne-emah-For-Fragrance-Oudh/Collection-No-3-28317.html
115106,Ne'emah For Fragrance & Oudh,Collection No.4,2009,https://www.fragrantica.com/perfume/Ne-emah-For-Fragrance-Oudh/Collection-No-4-28318.html
115107,Ne'emah For Fragrance & Oudh,Collection No.5,2009,https://www.fragrantica.com/perfume/Ne-emah-For-Fragrance-Oudh/Collection-No-5-28319.html
115108,Ne'emah For Fragrance & Oudh,Collection No.6,2009,https://www.fragrantica.com/perfume/Ne-emah-For-Fragrance-Oudh/Collection-No-6-28320.html
115109,Ne'emah For Fragrance & Oudh,Collection No.7,2009,https://www.fragrantica.com/perfume/Ne-emah-For-Fragrance-Oudh/Collection-No-7-28321.html
115110,Ne'emah For Fragrance & Oudh,Collection No.8,2009,https://www.fragrantica.com/perfume/Ne-emah-For-Fragrance-Oudh/Collection-No-8-28322.html
115111,Ne'emah For Fragrance & Oudh,Collection No.9,2009,https://www.fragrantica.com/perfume/Ne-emah-For-Fragrance-Oudh/Collection-No-9-28323.html
115112,Ne'emah For Fragrance & Oudh,Deja Vu,2012,https://www.fragrantica.com/perfume/Ne-emah-For-Fragrance-Oudh/Deja-Vu-28324.html
115113,Ne'emah For Fragrance & Oudh,Desert Rose,2012,https://www.fragrantica.com/perfume/Ne-emah-For-Fragrance-Oudh/Desert-Rose-28355.html
115114,Ne'emah For Fragrance & Oudh,Ghala,2006,https://www.fragrantica.com/perfume/Ne-emah-For-Fragrance-Oudh/Ghala-28325.html
115115,Ne'emah For Fragrance & Oudh,Laya,2012,https://www.fragrantica.com/perfume/Ne-emah-For-Fragrance-Oudh/Laya-28337.html
115116,Ne'emah For Fragrance & Oudh,Musk Soul,,https://www.fragrantica.com/perfume/Ne-emah-For-Fragrance-Oudh/Musk-Soul-28339.html
115117,Ne'emah For Fragrance & Oudh,Ne'emah Pour Homme,2013,https://www.fragrantica.com/perfume/Ne-emah-For-Fragrance-Oudh/Ne-emah-Pour-Homme-28338.html
115118,Ne'emah For Fragrance & Oudh,Ne'emah Scent,2013,https://www.fragrantica.com/perfume/Ne-emah-For-Fragrance-Oudh/Ne-emah-Scent-28357.html
115119,Ne'emah For Fragrance & Oudh,Noir Oudh,2012,https://www.fragrantica.com/perfume/Ne-emah-For-Fragrance-Oudh/Noir-Oudh-28340.html
115120,Ne'emah For Fragrance & Oudh,Paris,2011,https://www.fragrantica.com/perfume/Ne-emah-For-Fragrance-Oudh/Paris-28341.html
115121,Ne'emah For Fragrance & Oudh,Patchouli Soul,,https://www.fragrantica.com/perfume/Ne-emah-For-Fragrance-Oudh/Patchouli-Soul-28342.html
115122,Ne'emah For Fragrance & Oudh,Shahla,2013,https://www.fragrantica.com/perfume/Ne-emah-For-Fragrance-Oudh/Shahla-28353.html
115123,Ne'emah For Fragrance & Oudh,Wood Soul,2009,https://www.fragrantica.com/perfume/Ne-emah-For-Fragrance-Oudh/Wood-Soul-28354.html
115124,Neadea,Ama,2020,https://www.fragrantica.com/perfume/Neadea/Ama-61265.html
115125,Neadea,Kyra,2020,https://www.fragrantica.com/perfume/Neadea/Kyra-61266.html
115126,Neadea,Rose,2020,https://www.fragrantica.com/perfume/Neadea/Rose-61268.html
115127,Neadea,Sogna,2020,https://www.fragrantica.com/perfume/Neadea/Sogna-61267.html
115128,Neal & Wolf,Aura,2019,https://www.fragrantica.com/perfume/Neal-Wolf/Aura-64561.html
115129,Neandertal,Dark,2018,https://www.fragrantica.com/perfume/Neandertal/Dark-57218.html
115130,Neandertal,is™,2025,https://www.fragrantica.com/perfume/Neandertal/is-115340.html
115131,Neandertal,Neandertal Dark 2015,2015,https://www.fragrantica.com/perfume/Neandertal/Neandertal-Dark-2015-52091.html
115132,Neandertal,Neandertal Light,2018,https://www.fragrantica.com/perfume/Neandertal/Neandertal-Light-52102.html
115133,Neandertal,Neandertal Them,2020,https://www.fragrantica.com/perfume/Neandertal/Neandertal-Them-64123.html
115134,Neandertal,Neandertal Us,2020,https://www.fragrantica.com/perfume/Neandertal/Neandertal-Us-64122.html
115135,Neandertal,was™,2025,https://www.fragrantica.com/perfume/Neandertal/was-115341.html
115136,near:garden,Books with Black Tea,2026,https://www.fragrantica.com/perfume/near-garden/Books-with-Black-Tea-126672.html
115137,near:garden,Dew in Bloom,2026,https://www.fragrantica.com/perfume/near-garden/Dew-in-Bloom-126667.html
115138,near:garden,Fleeting Lilac,2026,https://www.fragrantica.com/perfume/near-garden/Fleeting-Lilac-126666.html
115139,near:garden,Juicy Paradise,2026,https://www.fragrantica.com/perfume/near-garden/Juicy-Paradise-126670.html
115140,near:garden,L’aube Libre,2026,https://www.fragrantica.com/perfume/near-garden/L-aube-Libre-126671.html
115141,near:garden,Summer Ensemble,2026,https://www.fragrantica.com/perfume/near-garden/Summer-Ensemble-126669.html
115142,Nearest but Lost,#01 Melancholy,2024,https://www.fragrantica.com/perfume/Nearest-but-Lost/01-Melancholy-136526.html
115143,Nearest but Lost,#08 Veiled,2024,https://www.fragrantica.com/perfume/Nearest-but-Lost/08-Veiled-136529.html
115144,Nearest but Lost,#12 Youth,2024,https://www.fragrantica.com/perfume/Nearest-but-Lost/12-Youth-136524.html
115145,Nearest but Lost,#15 Unveil,2024,https://www.fragrantica.com/perfume/Nearest-but-Lost/15-Unveil-136528.html
115146,Nearest but Lost,#21 Dear,2024,https://www.fragrantica.com/perfume/Nearest-but-Lost/21-Dear-136523.html
115147,Nearest but Lost,#36 Nest,2024,https://www.fragrantica.com/perfume/Nearest-but-Lost/36-Nest-136527.html
115148,Nearest but Lost,#48 Hug,2024,https://www.fragrantica.com/perfume/Nearest-but-Lost/48-Hug-136525.html
115149,Nearest but Lost,Gentle Hug,2020,https://www.fragrantica.com/perfume/Nearest-but-Lost/Gentle-Hug-136646.html
115150,Nearest but Lost,La Lune Rouge,2020,https://www.fragrantica.com/perfume/Nearest-but-Lost/La-Lune-Rouge-136643.html
115151,Nearest but Lost,Shape of Memory,2020,https://www.fragrantica.com/perfume/Nearest-but-Lost/Shape-of-Memory-136642.html
115152,Nearest but Lost,Sweet Melancholy,2020,https://www.fragrantica.com/perfume/Nearest-but-Lost/Sweet-Melancholy-136644.html
115153,Nebiru Parfvms,Agrias Vetivers,2024,https://www.fragrantica.com/perfume/Nebiru-Parfvms/Agrias-Vetivers-134246.html
115154,Nebiru Parfvms,Agrias Vetivers 2,2025,https://www.fragrantica.com/perfume/Nebiru-Parfvms/Agrias-Vetivers-2-134247.html
115155,Nebiru Parfvms,Akasha,2025,https://www.fragrantica.com/perfume/Nebiru-Parfvms/Akasha-134248.html
115156,Nebiru Parfvms,Alma de Cuba,2026,https://www.fragrantica.com/perfume/Nebiru-Parfvms/Alma-de-Cuba-134249.html
115157,Nebiru Parfvms,Antique,2025,https://www.fragrantica.com/perfume/Nebiru-Parfvms/Antique-134250.html
115158,Nebiru Parfvms,Atlas Ghaliya,,https://www.fragrantica.com/perfume/Nebiru-Parfvms/Atlas-Ghaliya-134251.html
115159,Nebiru Parfvms,Barnyard Bonewater,2026,https://www.fragrantica.com/perfume/Nebiru-Parfvms/Barnyard-Bonewater-134253.html
115160,Nebiru Parfvms,Blütenrausch,2025,https://www.fragrantica.com/perfume/Nebiru-Parfvms/Bluetenrausch-134256.html
115161,Nebiru Parfvms,Crown of Ashoka,2025,https://www.fragrantica.com/perfume/Nebiru-Parfvms/Crown-of-Ashoka-134621.html
115162,Nebiru Parfvms,Devine Dominion,2025,https://www.fragrantica.com/perfume/Nebiru-Parfvms/Devine-Dominion-134622.html
115163,Nebiru Parfvms,Emerald,2024,https://www.fragrantica.com/perfume/Nebiru-Parfvms/Emerald-134623.html
115164,Nebiru Parfvms,Flora Santal,2024,https://www.fragrantica.com/perfume/Nebiru-Parfvms/Flora-Santal-134624.html
115165,Nebiru Parfvms,Floris Rex,2025,https://www.fragrantica.com/perfume/Nebiru-Parfvms/Floris-Rex-134625.html
115166,Nebiru Parfvms,Gaiya,2024,https://www.fragrantica.com/perfume/Nebiru-Parfvms/Gaiya-134626.html
115167,Nebiru Parfvms,Paladin,2025,https://www.fragrantica.com/perfume/Nebiru-Parfvms/Paladin-136074.html
115168,Nebiru Parfvms,Subliminal,2026,https://www.fragrantica.com/perfume/Nebiru-Parfvms/Subliminal-136075.html
115169,Nebular Perfumes,Aurora,2026,https://www.fragrantica.com/perfume/Nebular-Perfumes/Aurora-139120.html
115170,Nebular Perfumes,Halo,2026,https://www.fragrantica.com/perfume/Nebular-Perfumes/Halo-139121.html
115171,Nebular Perfumes,One Galaxy,2026,https://www.fragrantica.com/perfume/Nebular-Perfumes/One-Galaxy-139118.html
115172,Nebular Perfumes,Supernova,2026,https://www.fragrantica.com/perfume/Nebular-Perfumes/Supernova-139122.html
115173,Necalli,Azad,2023,https://www.fragrantica.com/perfume/Necalli/Azad-88824.html
115174,Necalli,Leviatan,2026,https://www.fragrantica.com/perfume/Necalli/Leviatan-139026.html
115175,Necalli,Narcis,2024,https://www.fragrantica.com/perfume/Necalli/Narcis-100953.html
115176,Necalli,Prometheu,2025,https://www.fragrantica.com/perfume/Necalli/Prometheu-119392.html
115177,Necalli,Zek,2023,https://www.fragrantica.com/perfume/Necalli/Zek-88823.html
115178,Nectar Olfactif,Ambre Cristal,2025,https://www.fragrantica.com/perfume/Nectar-Olfactif/Ambre-Cristal-103234.html
115179,Nectar Olfactif,Café Gourmand,2026,https://www.fragrantica.com/perfume/Nectar-Olfactif/Cafe-Gourmand-135123.html
115180,Nectar Olfactif,Cerana,2025,https://www.fragrantica.com/perfume/Nectar-Olfactif/Cerana-103233.html
115181,Nectar Olfactif,Etoile de Bali,2024,https://www.fragrantica.com/perfume/Nectar-Olfactif/Etoile-de-Bali-90876.html
115182,Nectar Olfactif,Melipona,2024,https://www.fragrantica.com/perfume/Nectar-Olfactif/Melipona-90875.html
115183,Nectar Olfactif,Musc Sensuel,2026,https://www.fragrantica.com/perfume/Nectar-Olfactif/Musc-Sensuel-135124.html
115184,Nectar Olfactif,Safran Doré,2026,https://www.fragrantica.com/perfume/Nectar-Olfactif/Safran-Dore-135122.html
115185,Nectar Olfactif,Secret du Nil,2024,https://www.fragrantica.com/perfume/Nectar-Olfactif/Secret-du-Nil-90874.html
115186,Nectar Olfactif,Suprême Nectar,2024,https://www.fragrantica.com/perfume/Nectar-Olfactif/Supreme-Nectar-90877.html
115187,Needs,Hype Glow,2026,https://www.fragrantica.com/perfume/Needs/Hype-Glow-133997.html
115188,Needs,Pão de Mel,2025,https://www.fragrantica.com/perfume/Needs/Pao-de-Mel-133998.html
115189,Needs,Summer Vibes Vanilla Blossom,2025,https://www.fragrantica.com/perfume/Needs/Summer-Vibes-Vanilla-Blossom-133868.html
115190,Neela Vermeire Creations,Ashoka,2013,https://www.fragrantica.com/perfume/Neela-Vermeire-Creations/Ashoka-18009.html
115191,Neela Vermeire Creations,Bombay Bling!,2012,https://www.fragrantica.com/perfume/Neela-Vermeire-Creations/Bombay-Bling-13914.html
115192,Neela Vermeire Creations,Eshal,2025,https://www.fragrantica.com/perfume/Neela-Vermeire-Creations/Eshal-103039.html
115193,Neela Vermeire Creations,Mohur,2012,https://www.fragrantica.com/perfume/Neela-Vermeire-Creations/Mohur-13913.html
115194,Neela Vermeire Creations,Mohur Extrait,2014,https://www.fragrantica.com/perfume/Neela-Vermeire-Creations/Mohur-Extrait-18010.html
115195,Neela Vermeire Creations,Neith,2026,https://www.fragrantica.com/perfume/Neela-Vermeire-Creations/Neith-134875.html
115196,Neela Vermeire Creations,Niral,2018,https://www.fragrantica.com/perfume/Neela-Vermeire-Creations/Niral-48867.html
115197,Neela Vermeire Creations,Pichola,2015,https://www.fragrantica.com/perfume/Neela-Vermeire-Creations/Pichola-29918.html
115198,Neela Vermeire Creations,Rahele,2016,https://www.fragrantica.com/perfume/Neela-Vermeire-Creations/Rahele-41164.html
115199,Neela Vermeire Creations,Trayee,2012,https://www.fragrantica.com/perfume/Neela-Vermeire-Creations/Trayee-13912.html
115200,Neesh Perfumes,Cologne Sophistique (Eau de Cologne),2024,https://www.fragrantica.com/perfume/Neesh-Perfumes/Cologne-Sophistique-95427.html
115201,Neesh Perfumes,Flora Divine,2024,https://www.fragrantica.com/perfume/Neesh-Perfumes/Flora-Divine-95455.html
115202,Neesh Perfumes,Glazed Water,2024,https://www.fragrantica.com/perfume/Neesh-Perfumes/Glazed-Water-95429.html
115203,Neesh Perfumes,Haute Tobacco,2024,https://www.fragrantica.com/perfume/Neesh-Perfumes/Haute-Tobacco-95447.html
115204,Neesh Perfumes,Haute Vetiver,2026,https://www.fragrantica.com/perfume/Neesh-Perfumes/Haute-Vetiver-139975.html
115205,Neesh Perfumes,Luxe Aoud,2024,https://www.fragrantica.com/perfume/Neesh-Perfumes/Luxe-Aoud-95434.html
115206,Neesh Perfumes,Luxe Hayat,2024,https://www.fragrantica.com/perfume/Neesh-Perfumes/Luxe-Hayat-95430.html
115207,Neesh Perfumes,Luxe Mirage,2024,https://www.fragrantica.com/perfume/Neesh-Perfumes/Luxe-Mirage-95432.html
115208,Neesh Perfumes,Mehr,2024,https://www.fragrantica.com/perfume/Neesh-Perfumes/Mehr-95449.html
115209,Neesh Perfumes,Milky Way,2020,https://www.fragrantica.com/perfume/Neesh-Perfumes/Milky-Way-111982.html
115210,Neesh Perfumes,Shafran,2024,https://www.fragrantica.com/perfume/Neesh-Perfumes/Shafran-97082.html
115211,Neesh Perfumes,Signature Scent,2024,https://www.fragrantica.com/perfume/Neesh-Perfumes/Signature-Scent-95428.html
115212,Neesh Perfumes,Song of Serenity,2024,https://www.fragrantica.com/perfume/Neesh-Perfumes/Song-of-Serenity-95451.html
115213,Neesh Perfumes,Splendid Rose,2024,https://www.fragrantica.com/perfume/Neesh-Perfumes/Splendid-Rose-95453.html
115214,Neesh Perfumes,Tobacco Vanilla,2024,https://www.fragrantica.com/perfume/Neesh-Perfumes/Tobacco-Vanilla-95426.html
115215,Neesh Perfumes,Tsunara,2026,https://www.fragrantica.com/perfume/Neesh-Perfumes/Tsunara-126867.html
115216,NEEX,Black Panther,,https://www.fragrantica.com/perfume/NEEX/Black-Panther-121250.html
115217,NEEX,Cobana,,https://www.fragrantica.com/perfume/NEEX/Cobana-121255.html
115218,NEEX,Cuban Cigar,,https://www.fragrantica.com/perfume/NEEX/Cuban-Cigar-121248.html
115219,NEEX,Devil's Whisper,,https://www.fragrantica.com/perfume/NEEX/Devil-s-Whisper-121254.html
115220,NEEX,Maya Musk,,https://www.fragrantica.com/perfume/NEEX/Maya-Musk-121251.html
115221,NEEX,Oud & Rose,,https://www.fragrantica.com/perfume/NEEX/Oud-Rose-121257.html
115222,NEEX,Oud No.1,,https://www.fragrantica.com/perfume/NEEX/Oud-No-1-121247.html
115223,NEEX,Raha,,https://www.fragrantica.com/perfume/NEEX/Raha-121252.html
115224,NEEX,Titanium,,https://www.fragrantica.com/perfume/NEEX/Titanium-121249.html
115225,NEEX,Wolf,,https://www.fragrantica.com/perfume/NEEX/Wolf-121253.html
115226,Neferlogne,14:18,2022,https://www.fragrantica.com/perfume/Neferlogne/14-18-89375.html
115227,Neferlogne,I’m Not Her,2022,https://www.fragrantica.com/perfume/Neferlogne/I-m-Not-Her-89382.html
115228,Neferlogne,Juliet,2023,https://www.fragrantica.com/perfume/Neferlogne/Juliet-89388.html
115229,Neferlogne,Make A Toast,2022,https://www.fragrantica.com/perfume/Neferlogne/Make-A-Toast-89379.html
115230,Neferlogne,Nature Heart,2022,https://www.fragrantica.com/perfume/Neferlogne/Nature-Heart-89384.html
115231,Neferlogne,Romeo,2023,https://www.fragrantica.com/perfume/Neferlogne/Romeo-89386.html
115232,Neferlogne,When The Stocks Go Green,2022,https://www.fragrantica.com/perfume/Neferlogne/When-The-Stocks-Go-Green-89381.html
115233,Nefertum,Cleopatra,,https://www.fragrantica.com/perfume/Nefertum/Cleopatra-130234.html
115234,Nefertum,Harem Vanilla,2024,https://www.fragrantica.com/perfume/Nefertum/Harem-Vanilla-115512.html
115235,Nefertum,Papyrus,,https://www.fragrantica.com/perfume/Nefertum/Papyrus-130231.html
115236,Nefertum,Sakkara Spice,2024,https://www.fragrantica.com/perfume/Nefertum/Sakkara-Spice-115513.html
115237,Nefertum,Secret of the Desert,2024,https://www.fragrantica.com/perfume/Nefertum/Secret-of-the-Desert-115511.html
115238,Nefertum,Soul of Sahara,2024,https://www.fragrantica.com/perfume/Nefertum/Soul-of-Sahara-115514.html
115239,Negligé Perfume Lab,Antique Chypre,2020,https://www.fragrantica.com/perfume/Neglige-Perfume-Lab/Antique-Chypre-64567.html
115240,Negligé Perfume Lab,August Evening,2020,https://www.fragrantica.com/perfume/Neglige-Perfume-Lab/August-Evening-64564.html
115241,Negligé Perfume Lab,Egoism,2020,https://www.fragrantica.com/perfume/Neglige-Perfume-Lab/Egoism-64573.html
115242,Negligé Perfume Lab,Hot Sweet Vanilla,2020,https://www.fragrantica.com/perfume/Neglige-Perfume-Lab/Hot-Sweet-Vanilla-64569.html
115243,Negligé Perfume Lab,Iris Absolute,2021,https://www.fragrantica.com/perfume/Neglige-Perfume-Lab/Iris-Absolute-72995.html
115244,Negligé Perfume Lab,Joseph Sons,2021,https://www.fragrantica.com/perfume/Neglige-Perfume-Lab/Joseph-Sons-72993.html
115245,Negligé Perfume Lab,Marrakesh,2021,https://www.fragrantica.com/perfume/Neglige-Perfume-Lab/Marrakesh-72994.html
115246,Negligé Perfume Lab,Maskuline,2020,https://www.fragrantica.com/perfume/Neglige-Perfume-Lab/Maskuline-64568.html
115247,Negligé Perfume Lab,Motherland,2020,https://www.fragrantica.com/perfume/Neglige-Perfume-Lab/Motherland-64570.html
115248,Negligé Perfume Lab,Nude,2020,https://www.fragrantica.com/perfume/Neglige-Perfume-Lab/Nude-64571.html
115249,Negligé Perfume Lab,Oregano Hooligano,2020,https://www.fragrantica.com/perfume/Neglige-Perfume-Lab/Oregano-Hooligano-64566.html
115250,Negligé Perfume Lab,Patchouli Absolute,2020,https://www.fragrantica.com/perfume/Neglige-Perfume-Lab/Patchouli-Absolute-64572.html
115251,Negligé Perfume Lab,Rose Absolute,2020,https://www.fragrantica.com/perfume/Neglige-Perfume-Lab/Rose-Absolute-64565.html
115252,Negligé Perfume Lab,Smoky Dark Vanilla,2020,https://www.fragrantica.com/perfume/Neglige-Perfume-Lab/Smoky-Dark-Vanilla-64563.html
115253,Negligé Perfume Lab,Spring Forest,2021,https://www.fragrantica.com/perfume/Neglige-Perfume-Lab/Spring-Forest-72992.html
115254,Negligé Perfume Lab,Sweet Dreams,2020,https://www.fragrantica.com/perfume/Neglige-Perfume-Lab/Sweet-Dreams-64574.html
115255,NEH,The Element,2024,https://www.fragrantica.com/perfume/NEH/The-Element-99566.html
115256,NEH,The Flavor,2024,https://www.fragrantica.com/perfume/NEH/The-Flavor-99567.html
115257,NEH,The High,2024,https://www.fragrantica.com/perfume/NEH/The-High-94153.html
115258,NEH,The Light,2024,https://www.fragrantica.com/perfume/NEH/The-Light-94150.html
115259,NEH,The Opening,2024,https://www.fragrantica.com/perfume/NEH/The-Opening-94152.html
115260,NEH,The Vibration,2024,https://www.fragrantica.com/perfume/NEH/The-Vibration-102076.html
115261,Neil Jacquet,Amazonia Love,2023,https://www.fragrantica.com/perfume/Neil-Jacquet/Amazonia-Love-88708.html
115262,Neil Jacquet,AMOW,2024,https://www.fragrantica.com/perfume/Neil-Jacquet/AMOW-97793.html
115263,Neil Jacquet,El Malecón,2026,https://www.fragrantica.com/perfume/Neil-Jacquet/El-Malecon-128330.html
115264,Neil Jacquet,Javanilla,2025,https://www.fragrantica.com/perfume/Neil-Jacquet/Javanilla-114415.html
115265,Neil Jacquet,Midnight Pretenders,2026,https://www.fragrantica.com/perfume/Neil-Jacquet/Midnight-Pretenders-135871.html
115266,Neil Jacquet,Oud Absolu,2026,https://www.fragrantica.com/perfume/Neil-Jacquet/Oud-Absolu-135872.html
115267,Neil Jacquet,Oud Luwatu,2026,https://www.fragrantica.com/perfume/Neil-Jacquet/Oud-Luwatu-128329.html
115268,Neil Jacquet,Santal Absolu,2026,https://www.fragrantica.com/perfume/Neil-Jacquet/Santal-Absolu-135874.html
115269,Neil Jacquet,Vanille Absolue,2026,https://www.fragrantica.com/perfume/Neil-Jacquet/Vanille-Absolue-135873.html
115270,Neil Morris,A Darker Rain,2019,https://www.fragrantica.com/perfume/Neil-Morris/A-Darker-Rain-131562.html
115271,Neil Morris,A Rose Is A Rose,2011,https://www.fragrantica.com/perfume/Neil-Morris/A-Rose-Is-A-Rose-13768.html
115272,Neil Morris,Aegean,,https://www.fragrantica.com/perfume/Neil-Morris/Aegean-4399.html
115273,Neil Morris,Afire,,https://www.fragrantica.com/perfume/Neil-Morris/Afire-4400.html
115274,Neil Morris,Ambra Obscura,2013,https://www.parfumo.com/Perfumes/Neil_Morris_Fragrances/Ambra_Obscura
115275,Neil Morris,Asea,2011,https://www.parfumo.com/Perfumes/Neil_Morris_Fragrances/Asea
115276,Neil Morris,Assam,,https://www.fragrantica.com/perfume/Neil-Morris/Assam-24125.html
115277,Neil Morris,Ayour,2011,https://www.fragrantica.com/perfume/Neil-Morris/Ayour-13771.html
115278,Neil Morris,Black Forest,,https://www.parfumo.com/Perfumes/Neil_Morris_Fragrances/black-forest
115279,Neil Morris,Briar,2013,https://www.fragrantica.com/perfume/Neil-Morris/Briar-18166.html
115280,Neil Morris,Burnt Amber,,https://www.fragrantica.com/perfume/Neil-Morris/Burnt-Amber-24088.html
115281,Neil Morris,Café,2008,https://www.fragrantica.com/perfume/Neil-Morris/Cafe-22932.html
115282,Neil Morris,Cathedral,,https://www.fragrantica.com/perfume/Neil-Morris/Cathedral-24089.html
115283,Neil Morris,Chasing Autumn,2014,https://www.fragrantica.com/perfume/Neil-Morris/Chasing-Autumn-28118.html
115284,Neil Morris,City Rain,2009,https://www.fragrantica.com/perfume/Neil-Morris/City-Rain-24090.html
115285,Neil Morris,Clear,,https://www.fragrantica.com/perfume/Neil-Morris/Clear-4401.html
115286,Neil Morris,Coral,,https://www.fragrantica.com/perfume/Neil-Morris/Coral-4402.html
115287,Neil Morris,Dark Season,2008,https://www.fragrantica.com/perfume/Neil-Morris/Dark-Season-24091.html
115288,Neil Morris,DevilScent #1,2010,https://www.parfumo.com/Perfumes/Neil_Morris_Fragrances/DevilScent_1
115289,Neil Morris,DevilScent #2,1981,https://www.parfumo.com/Perfumes/Neil_Morris_Fragrances/DevilScent_2
115290,Neil Morris,DevilScent #3,2016,https://www.parfumo.com/Perfumes/Neil_Morris_Fragrances/DevilScent_3
115291,Neil Morris,Drifting,,https://www.fragrantica.com/perfume/Neil-Morris/Drifting-24092.html
115292,Neil Morris,Earthtones #1: Dark Earth,2008,https://www.fragrantica.com/perfume/Neil-Morris/Earthtones-1-Dark-Earth-24093.html
115293,Neil Morris,Earthtones #2: Desert Wind,,https://www.fragrantica.com/perfume/Neil-Morris/Earthtones-2-Desert-Wind-24094.html
115294,Neil Morris,Earthtones #3: North Woods,,https://www.fragrantica.com/perfume/Neil-Morris/Earthtones-3-North-Woods-24095.html
115295,Neil Morris,Earthtones #4: Red Sky,2009,https://www.fragrantica.com/perfume/Neil-Morris/Earthtones-4-Red-Sky-24096.html
115296,Neil Morris,Fang,2017,https://www.parfumo.com/Perfumes/Neil_Morris_Fragrances/Fang
115297,Neil Morris,Fetish,2000,https://www.fragrantica.com/perfume/Neil-Morris/Fetish-9190.html
115298,Neil Morris,Flowers for men: Gardenia,,https://www.fragrantica.com/perfume/Neil-Morris/Flowers-for-men-Gardenia-24097.html
115299,Neil Morris,Flowers for men: Lilac,,https://www.fragrantica.com/perfume/Neil-Morris/Flowers-for-men-Lilac-24098.html
115300,Neil Morris,Flowers for men: Rose,,https://www.fragrantica.com/perfume/Neil-Morris/Flowers-for-men-Rose-24099.html
115301,Neil Morris,Freya's Amber,,https://www.parfumo.com/Perfumes/Neil_Morris_Fragrances/freya-s-amber
115302,Neil Morris,Gandhara,,https://www.fragrantica.com/perfume/Neil-Morris/Gandhara-24126.html
115303,Neil Morris,Gotham,2008,https://www.fragrantica.com/perfume/Neil-Morris/Gotham-4403.html
115304,Neil Morris,Hippie,2000,https://www.fragrantica.com/perfume/Neil-Morris/Hippie-9191.html
115305,Neil Morris,Hologram,,https://www.fragrantica.com/perfume/Neil-Morris/Hologram-9192.html
115306,Neil Morris,Hula,,https://www.fragrantica.com/perfume/Neil-Morris/Hula-24100.html
115307,Neil Morris,I Will Bring You Flowers,2020,https://www.parfumo.com/Perfumes/Neil_Morris_Fragrances/i-will-bring-you-flowers
115308,Neil Morris,India Café,2015,https://www.parfumo.com/Perfumes/Neil_Morris_Fragrances/india-cafe
115309,Neil Morris,Intimate Gardenia,,https://www.fragrantica.com/perfume/Neil-Morris/Intimate-Gardenia-24101.html
115310,Neil Morris,Intimate Jasmine,2011,https://www.fragrantica.com/perfume/Neil-Morris/Intimate-Jasmine-13767.html
115311,Neil Morris,Intimate Lily,,https://www.fragrantica.com/perfume/Neil-Morris/Intimate-Lily-24102.html
115312,Neil Morris,Intimate Vanilla,2000,https://www.fragrantica.com/perfume/Neil-Morris/Intimate-Vanilla-9187.html
115313,Neil Morris,Intimate Wisteria,,https://www.fragrantica.com/perfume/Neil-Morris/Intimate-Wisteria-24103.html
115314,Neil Morris,Izmir,,https://www.fragrantica.com/perfume/Neil-Morris/Izmir-24104.html
115315,Neil Morris,"Le Parfum, C'est Ma Vie",,https://www.fragrantica.com/perfume/Neil-Morris/Le-Parfum-C-est-Ma-Vie-24106.html
115316,Neil Morris,Le Parfum d'Ida,,https://www.fragrantica.com/perfume/Neil-Morris/Le-Parfum-d-Ida-24107.html
115317,Neil Morris,Le Parfum d'Odette,,https://www.fragrantica.com/perfume/Neil-Morris/Le-Parfum-d-Odette-24108.html
115318,Neil Morris,Leather Garden,,https://www.fragrantica.com/perfume/Neil-Morris/Leather-Garden-24105.html
115319,Neil Morris,Lilith,2016,https://www.parfumo.com/Perfumes/Neil_Morris_Fragrances/Lilith
115320,Neil Morris,M-21,2014,https://www.parfumo.com/Perfumes/Neil_Morris_Fragrances/M21
115321,Neil Morris,Mariner,2009,https://www.fragrantica.com/perfume/Neil-Morris/Mariner-24109.html
115322,Neil Morris,Me,2013,https://www.fragrantica.com/perfume/Neil-Morris/Me-18168.html
115323,Neil Morris,Midnight At The Crossroads Café,2016,https://www.parfumo.com/Perfumes/Neil_Morris_Fragrances/Midnight_At_The_Crossroads_Cafe
115324,Neil Morris,Midnight Flower,2000,https://www.fragrantica.com/perfume/Neil-Morris/Midnight-Flower-9188.html
115325,Neil Morris,Midnight Forest,2009,https://www.fragrantica.com/perfume/Neil-Morris/Midnight-Forest-24110.html
115326,Neil Morris,Midnight Moon,,https://www.fragrantica.com/perfume/Neil-Morris/Midnight-Moon-24111.html
115327,Neil Morris,Midnight Sea,,https://www.fragrantica.com/perfume/Neil-Morris/Midnight-Sea-24112.html
115328,Neil Morris,Midnight Shadows,2011,https://www.fragrantica.com/perfume/Neil-Morris/Midnight-Shadows-13765.html
115329,Neil Morris,Midnight Star,2013,https://www.fragrantica.com/perfume/Neil-Morris/Midnight-Star-24113.html
115330,Neil Morris,Midnight Tryst,,https://www.fragrantica.com/perfume/Neil-Morris/Midnight-Tryst-24114.html
115331,Neil Morris,Mystic Dragon,2009,https://www.fragrantica.com/perfume/Neil-Morris/Mystic-Dragon-24116.html
115332,Neil Morris,October,2000,https://www.fragrantica.com/perfume/Neil-Morris/October-9189.html
115333,Neil Morris,Orchard,,https://www.fragrantica.com/perfume/Neil-Morris/Orchard-13772.html
115334,Neil Morris,Patchouli Narcisse,2011,https://www.fragrantica.com/perfume/Neil-Morris/Patchouli-Narcisse-13766.html
115335,Neil Morris,Phantom Moon Phantom,2017,https://www.parfumo.com/Perfumes/Neil_Morris_Fragrances/Phantom_Moon
115336,Neil Morris,Posh,,https://www.fragrantica.com/perfume/Neil-Morris/Posh-24117.html
115337,Neil Morris,Prowl,2009,https://www.fragrantica.com/perfume/Neil-Morris/Prowl-15455.html
115338,Neil Morris,Psychedelic Luau,2019,https://www.fragrantica.com/perfume/Neil-Morris/Psychedelic-Luau-84601.html
115339,Neil Morris,Quest,,https://www.fragrantica.com/perfume/Neil-Morris/Quest-24118.html
115340,Neil Morris,Rainflower,,https://www.fragrantica.com/perfume/Neil-Morris/Rainflower-4404.html
115341,Neil Morris,Rebel,2017,https://www.parfumo.com/Perfumes/Neil_Morris_Fragrances/Rebel
115342,Neil Morris,Renaissance,2017,https://www.parfumo.com/Perfumes/Neil_Morris_Fragrances/Renaissance
115343,Neil Morris,Renegade,2017,https://www.parfumo.com/Perfumes/Neil_Morris_Fragrances/Renegade
115344,Neil Morris,Rose of Kali,2000,https://www.fragrantica.com/perfume/Neil-Morris/Rose-of-Kali-12554.html
115345,Neil Morris,Rose Tattoo,2011,https://www.fragrantica.com/perfume/Neil-Morris/Rose-Tattoo-13769.html
115346,Neil Morris,Rumi,2009,https://www.fragrantica.com/perfume/Neil-Morris/Rumi-24119.html
115347,Neil Morris,Scrumptious,2011,https://www.fragrantica.com/perfume/Neil-Morris/Scrumptious-13764.html
115348,Neil Morris,Seaflower,2013,https://www.parfumo.com/Perfumes/Neil_Morris_Fragrances/Seaflower
115349,Neil Morris,Sherlock,2017,https://www.parfumo.com/Perfumes/Neil_Morris_Fragrances/Sherlock
115350,Neil Morris,Spectral Violet,2000,https://www.fragrantica.com/perfume/Neil-Morris/Spectral-Violet-13836.html
115351,Neil Morris,Spirit of Water,,https://www.fragrantica.com/perfume/Neil-Morris/Spirit-of-Water-24120.html
115352,Neil Morris,Storm,2007,https://www.fragrantica.com/perfume/Neil-Morris/Storm-4405.html
115353,Neil Morris,Summer of Love,,https://www.fragrantica.com/perfume/Neil-Morris/Summer-of-Love-15456.html
115354,Neil Morris,Summoning,2017,https://www.parfumo.com/Perfumes/Neil_Morris_Fragrances/Summoning
115355,Neil Morris,Swoon,,https://www.fragrantica.com/perfume/Neil-Morris/Swoon-24121.html
115356,Neil Morris,Taj,,https://www.fragrantica.com/perfume/Neil-Morris/Taj-24128.html
115357,Neil Morris,Takashimaya,2008,https://www.fragrantica.com/perfume/Neil-Morris/Takashimaya-4789.html
115358,Neil Morris,Tea House,2011,https://www.fragrantica.com/perfume/Neil-Morris/Tea-House-13770.html
115359,Neil Morris,The Coven's Cottage Rose,,https://www.parfumo.com/Perfumes/Neil_Morris_Fragrances/the-coven-s-cottage-rose
115360,Neil Morris,Trance,,https://www.fragrantica.com/perfume/Neil-Morris/Trance-24122.html
115361,Neil Morris,Vanillaman,2013,https://www.fragrantica.com/perfume/Neil-Morris/Vanillaman-18167.html
115362,Neil Morris,Vanille Rose,2009,https://www.fragrantica.com/perfume/Neil-Morris/Vanille-Rose-24123.html
115363,Neil Morris,Vapor,2009,https://www.fragrantica.com/perfume/Neil-Morris/Vapor-24124.html
115364,Neil Morris,Vision in White,2013,https://www.parfumo.com/Perfumes/Neil_Morris_Fragrances/Vision_in_White
115365,Neil Morris,Voices in Water,2020,https://www.parfumo.com/Perfumes/Neil_Morris_Fragrances/voices-in-water
115366,Neil Morris,Woodland Strawberries,,https://www.fragrantica.com/perfume/Neil-Morris/Woodland-Strawberries-21463.html
115367,Neil Morris,Zephyr,,https://www.fragrantica.com/perfume/Neil-Morris/Zephyr-4406.html
115368,Neil Morris Fragrances,Black as Midnight,,https://www.parfumo.com/Perfumes/Neil_Morris_Fragrances/black-as-midnight
115369,Neil Morris Fragrances,Edge of Forever,,https://www.parfumo.com/Perfumes/Neil_Morris_Fragrances/edge-of-forever
115370,Neil Morris Fragrances,Hedgewitch,,https://www.parfumo.com/Perfumes/Neil_Morris_Fragrances/hedgewitch
115371,Neil Morris Fragrances,Northmen,,https://www.parfumo.com/Perfumes/Neil_Morris_Fragrances/northmen
115372,Neil Morris Fragrances,Phantom Rain,,https://www.parfumo.com/Perfumes/Neil_Morris_Fragrances/Phantom_Rain
115373,Neil Morris Fragrances,Rose Afire,,https://www.parfumo.com/Perfumes/Neil_Morris_Fragrances/rose-afire
115374,Neil Morris Fragrances,Rose Vampyr,,https://www.parfumo.com/Perfumes/Neil_Morris_Fragrances/rose-vampyr
115375,Neil Morris Fragrances,The Coven's Cottage,,https://www.parfumo.com/Perfumes/Neil_Morris_Fragrances/the-coven-s-cottage
115376,Neil Morris Fragrances,The Coven's Moon,,https://www.parfumo.com/Perfumes/Neil_Morris_Fragrances/the-coven-s-moon
115377,Neil Morris Fragrances,The Coven's Patchouli,,https://www.parfumo.com/Perfumes/Neil_Morris_Fragrances/the-coven-s-patchouli
115378,Neil Morris Fragrances,Vision in Black,,https://www.parfumo.com/Perfumes/Neil_Morris_Fragrances/Vision_in_Black
115379,Neil Morris Fragrances,Visiting Trees,,https://www.parfumo.com/Perfumes/Neil_Morris_Fragrances/Visiting_Trees
115380,Neil Morris Fragrances,Waterfall,,https://www.parfumo.com/Perfumes/Neil_Morris_Fragrances/waterfall
115381,Nejma,Bois de Aoud,2014,https://www.fragrantica.com/perfume/Nejma/Bois-de-Aoud-28174.html
115382,Nejma,Extreme,2014,https://www.fragrantica.com/perfume/Nejma/Extreme-28359.html
115383,Nejma,Jasmin,2014,https://www.fragrantica.com/perfume/Nejma/Jasmin-28173.html
115384,Nejma,Koeptys,2018,https://www.fragrantica.com/perfume/Nejma/Koeptys-49605.html
115385,Nejma,Le Delicieux,2010,https://www.fragrantica.com/perfume/Nejma/Le-Delicieux-48617.html
115386,Nejma,Le Fabuleux,2018,https://www.fragrantica.com/perfume/Nejma/Le-Fabuleux-49599.html
115387,Nejma,Le Merveilleux,2018,https://www.fragrantica.com/perfume/Nejma/Le-Merveilleux-49604.html
115388,Nejma,Le Mysterieux,2018,https://www.fragrantica.com/perfume/Nejma/Le-Mysterieux-49598.html
115389,Nejma,Le Parfum d'Alice,2014,https://www.fragrantica.com/perfume/Nejma/Le-Parfum-d-Alice-33898.html
115390,Nejma,Le Somptueux,2015,https://www.fragrantica.com/perfume/Nejma/Le-Somptueux-50014.html
115391,Nejma,Le Sublime,2018,https://www.fragrantica.com/perfume/Nejma/Le-Sublime-50013.html
115392,Nejma,Musc Blanc,2014,https://www.fragrantica.com/perfume/Nejma/Musc-Blanc-28176.html
115393,Nejma,Nejma 1,2014,https://www.fragrantica.com/perfume/Nejma/Nejma-1-10613.html
115394,Nejma,Nejma 2,2014,https://www.fragrantica.com/perfume/Nejma/Nejma-2-10615.html
115395,Nejma,Nejma 3,2014,https://www.fragrantica.com/perfume/Nejma/Nejma-3-10616.html
115396,Nejma,Nejma 4,2014,https://www.fragrantica.com/perfume/Nejma/Nejma-4-10617.html
115397,Nejma,Nejma 5,2014,https://www.fragrantica.com/perfume/Nejma/Nejma-5-10618.html
115398,Nejma,Nejma 6,2014,https://www.fragrantica.com/perfume/Nejma/Nejma-6-10619.html
115399,Nejma,Nejma 7,2014,https://www.fragrantica.com/perfume/Nejma/Nejma-7-10620.html
115400,Nejma,Puro,2010,https://www.fragrantica.com/perfume/Nejma/Puro-10621.html
115401,Nejma,Puro Intense,2010,https://www.fragrantica.com/perfume/Nejma/Puro-Intense-10622.html
115402,Nejma,Rose,2014,https://www.fragrantica.com/perfume/Nejma/Rose-28175.html
115403,Nell’Inconscio - 第二间,Event Horizon 视界,2025,https://www.fragrantica.com/perfume/Nell-Inconscio-di-er-jian/Event-Horizon-shi-jie-140496.html
115404,Nell’Inconscio - 第二间,Maschere 壳,2025,https://www.fragrantica.com/perfume/Nell-Inconscio-di-er-jian/Maschere-ke-140498.html
115405,Nell’Inconscio - 第二间,Pendulus 悬摆,2025,https://www.fragrantica.com/perfume/Nell-Inconscio-di-er-jian/Pendulus-xuan-bai-140497.html
115406,Nelly,Apple Bottoms by Nelly,2009,https://www.fragrantica.com/perfume/Nelly/Apple-Bottoms-by-Nelly-6554.html
115407,Nemat International,African Musk,,https://www.parfumo.com/Perfumes/Nemat_International/African_Musk
115408,Nemat International,Amber Eau De Parfum,2016,https://www.fragrantica.com/perfume/Nemat-International/Amber-Eau-De-Parfum-43494.html
115409,Nemat International,Amber Eau de Parfum,2019,https://www.fragrantica.com/perfume/Nemat-International/Amber-Eau-de-Parfum-78606.html
115410,Nemat International,Amber Fragrance Oil (Perfume Oil),1991,https://www.fragrantica.com/perfume/Nemat-International/Amber-Fragrance-Oil-43495.html
115411,Nemat International,Arabian Nights,1995,https://www.parfumo.com/Perfumes/Nemat_International/Arabian_Nights
115412,Nemat International,Arabian Wood,1991,https://www.fragrantica.com/perfume/Nemat-International/Arabian-Wood-43496.html
115413,Nemat International,Attar 96 Majmua (Perfume Oil),,https://www.parfumo.com/Perfumes/Nemat_International/Attar_96_Majmua
115414,Nemat International,Attar 96 Majmua Special No.1 (Perfume Oil),,https://www.parfumo.com/Perfumes/Nemat_International/Attar_96_Majmua_Special_No_1
115415,Nemat International,Attar Baag Ban (Perfume Oil),,https://www.parfumo.com/Perfumes/Nemat_International/Attar_Baag_Ban
115416,Nemat International,Egyptian Musk,1991,https://www.fragrantica.com/perfume/Nemat-International/Egyptian-Musk-38908.html
115417,Nemat International,Gardenia,1991,https://www.fragrantica.com/perfume/Nemat-International/Gardenia-43497.html
115418,Nemat International,Gardenia Petals,2026,https://www.fragrantica.com/perfume/Nemat-International/Gardenia-Petals-140409.html
115419,Nemat International,Himalayan Musk,1991,https://www.fragrantica.com/perfume/Nemat-International/Himalayan-Musk-43499.html
115420,Nemat International,Jannatul Firdaus,1991,https://www.fragrantica.com/perfume/Nemat-International/Jannatul-Firdaus-43500.html
115421,Nemat International,Jasmine,1991,https://www.fragrantica.com/perfume/Nemat-International/Jasmine-43501.html
115422,Nemat International,Jasmine Blossom,2012,https://www.fragrantica.com/perfume/Nemat-International/Jasmine-Blossom-108137.html
115423,Nemat International,Lavender,1991,https://www.fragrantica.com/perfume/Nemat-International/Lavender-43502.html
115424,Nemat International,Lotus,1991,https://www.fragrantica.com/perfume/Nemat-International/Lotus-43527.html
115425,Nemat International,Majmua,1991,https://www.fragrantica.com/perfume/Nemat-International/Majmua-43532.html
115426,Nemat International,Mogra,1991,https://www.fragrantica.com/perfume/Nemat-International/Mogra-43540.html
115427,Nemat International,Musk Amber,1991,https://www.fragrantica.com/perfume/Nemat-International/Musk-Amber-43542.html
115428,Nemat International,Nag Champa,1991,https://www.fragrantica.com/perfume/Nemat-International/Nag-Champa-43544.html
115429,Nemat International,Narcissus,1991,https://www.fragrantica.com/perfume/Nemat-International/Narcissus-43546.html
115430,Nemat International,Patchouli,1991,https://www.fragrantica.com/perfume/Nemat-International/Patchouli-43550.html
115431,Nemat International,Red Rose,,https://www.fragrantica.com/perfume/Nemat-International/Red-Rose-107343.html
115432,Nemat International,Ruh Gulab,1991,https://www.fragrantica.com/perfume/Nemat-International/Ruh-Gulab-43551.html
115433,Nemat International,Sandal Wood,1991,https://www.fragrantica.com/perfume/Nemat-International/Sandal-Wood-43552.html
115434,Nemat International,Sandalwood Eau de Parfum,2019,https://www.fragrantica.com/perfume/Nemat-International/Sandalwood-Eau-de-Parfum-78605.html
115435,Nemat International,Summer Neroli,2026,https://www.fragrantica.com/perfume/Nemat-International/Summer-Neroli-140410.html
115436,Nemat International,Tropical Bouquet,1991,https://www.fragrantica.com/perfume/Nemat-International/Tropical-Bouquet-43553.html
115437,Nemat International,Vanilla Musk,1991,https://www.fragrantica.com/perfume/Nemat-International/Vanilla-Musk-43554.html
115438,Nemat International,Vanilla Musk Eau de Parfum,2019,https://www.fragrantica.com/perfume/Nemat-International/Vanilla-Musk-Eau-de-Parfum-78604.html
115439,Nemat International,White Musk,1991,https://www.fragrantica.com/perfume/Nemat-International/White-Musk-38909.html
115440,Nenuco,Agua de Colonia,,https://www.fragrantica.com/perfume/Nenuco/Agua-de-Colonia-36417.html
115441,Neo Cologne,Angelique Cloud,2021,https://www.fragrantica.com/perfume/Neo-Cologne/Angelique-Cloud-68159.html
115442,Neo Cologne,Dark Matcha,2021,https://www.fragrantica.com/perfume/Neo-Cologne/Dark-Matcha-68158.html
115443,Neo Cologne,Lavender Mist,2021,https://www.fragrantica.com/perfume/Neo-Cologne/Lavender-Mist-68160.html
115444,Neo Cologne,Pomelo Glow,2021,https://www.fragrantica.com/perfume/Neo-Cologne/Pomelo-Glow-68162.html
115445,Neo Cologne,Spicy Galanga,2021,https://www.fragrantica.com/perfume/Neo-Cologne/Spicy-Galanga-68161.html
115446,Neoclassicism Olfactory 新古典嗅觉艺术,Afternoon Garden Attar 午过花庭 (Perfume Oil),2020,https://www.fragrantica.com/perfume/Neoclassicism-Olfactory-xin-gu-dian-xiu-jue-yi-shu/Afternoon-Garden-Attar-wu-guo-hua-ting-132995.html
115447,Neoclassicism Olfactory 新古典嗅觉艺术,Autant En Emporte Le Vent 乱世佳人,2020,https://www.fragrantica.com/perfume/Neoclassicism-Olfactory-xin-gu-dian-xiu-jue-yi-shu/Autant-En-Emporte-Le-Vent-luan-shi-jia-ren-132859.html
115448,Neoclassicism Olfactory 新古典嗅觉艺术,Le Chant des Ondine 人鱼歌声,2020,https://www.fragrantica.com/perfume/Neoclassicism-Olfactory-xin-gu-dian-xiu-jue-yi-shu/Le-Chant-des-Ondine-ren-yu-ge-sheng-132999.html
115449,Neoclassicism Olfactory 新古典嗅觉艺术,Nocturne Nébuleux 星云夜曲,2020,https://www.fragrantica.com/perfume/Neoclassicism-Olfactory-xin-gu-dian-xiu-jue-yi-shu/Nocturne-Nebuleux-xing-yun-ye-qu-132860.html
115450,Neoclassicism Olfactory 新古典嗅觉艺术,Portrait of a Lady on Fire 在火一方,2020,https://www.fragrantica.com/perfume/Neoclassicism-Olfactory-xin-gu-dian-xiu-jue-yi-shu/Portrait-of-a-Lady-on-Fire-zai-huo-yi-fang-132996.html
115451,Neoclassicism Olfactory 新古典嗅觉艺术,Vanilla Elixir 香草灵药,2020,https://www.fragrantica.com/perfume/Neoclassicism-Olfactory-xin-gu-dian-xiu-jue-yi-shu/Vanilla-Elixir-xiang-cao-ling-yao-132998.html
115452,Neoclassicism Olfactory 新古典嗅觉艺术,Vanilla Oud 香草沉香,2020,https://www.fragrantica.com/perfume/Neoclassicism-Olfactory-xin-gu-dian-xiu-jue-yi-shu/Vanilla-Oud-xiang-cao-chen-xiang-133002.html
115453,Neom Organics,Energy Burst Eau De Parfum,2017,https://www.fragrantica.com/perfume/Neom-Organics/Energy-Burst-Eau-De-Parfum-43062.html
115454,Neom Organics,"Grapefruit, Lemon & Rosemary",2019,https://www.fragrantica.com/perfume/Neom-Organics/Grapefruit-Lemon-Rosemary-58882.html
115455,Neom Organics,"Jasmine, Bergamot & Orange Peel",2019,https://www.fragrantica.com/perfume/Neom-Organics/Jasmine-Bergamot-Orange-Peel-58883.html
115456,Neom Organics,"Ylang Ylang, Vetivert & Tonka Bean",2019,https://www.fragrantica.com/perfume/Neom-Organics/Ylang-Ylang-Vetivert-Tonka-Bean-58884.html
115457,NEOM Wellbeing,Perfect Peace Essential Oil Blend,,https://www.fragrantica.com/perfume/NEOM-Wellbeing/Perfect-Peace-Essential-Oil-Blend-142394.html
115458,NEOM Wellbeing,Sparkling Joy Essential Oil Blend,,https://www.fragrantica.com/perfume/NEOM-Wellbeing/Sparkling-Joy-Essential-Oil-Blend-142395.html
115459,Néomirage,Lac Amné – The Scent of Forgetting,2026,https://www.fragrantica.com/perfume/Neomirage/Lac-Amne-The-Scent-of-Forgetting-124174.html
115460,Néomirage,Limen - The Scent for On-Between,2026,https://www.fragrantica.com/perfume/Neomirage/Limen-The-Scent-for-On-Between-124173.html
115461,Néomirage,Lore - The Scent of Remembering,2026,https://www.fragrantica.com/perfume/Neomirage/Lore-The-Scent-of-Remembering-124172.html
115462,Neos 1911,Futuro Anteriore,2024,https://www.fragrantica.com/perfume/Neos-1911/Futuro-Anteriore-100947.html
115463,Neotantric,Citric Metal Kamasutra,,https://www.fragrantica.com/perfume/Neotantric/Citric-Metal-Kamasutra-6896.html
115464,Neotantric,Dirty Money,2012,https://www.fragrantica.com/perfume/Neotantric/Dirty-Money-21478.html
115465,Neotantric,Drops of Me,,https://www.fragrantica.com/perfume/Neotantric/Drops-of-Me-6895.html
115466,Neotantric,(I am) a Sex Goddess,,https://www.fragrantica.com/perfume/Neotantric/I-am-a-Sex-Goddess-6894.html
115467,Neotantric,Inferno e Paradiso,2012,https://www.fragrantica.com/perfume/Neotantric/Inferno-e-Paradiso-21480.html
115468,Neotantric,Killer Honey,2012,https://www.fragrantica.com/perfume/Neotantric/Killer-Honey-21479.html
115469,Neotantric,Manic Love for Her,2009,https://www.fragrantica.com/perfume/Neotantric/Manic-Love-for-Her-6898.html
115470,Neotantric,Manic Love for Him,2009,https://www.fragrantica.com/perfume/Neotantric/Manic-Love-for-Him-6899.html
115471,Neotantric,Parampara Peepshow,,https://www.fragrantica.com/perfume/Neotantric/Parampara-Peepshow-6897.html
115472,NEQI,The Blossom,2025,https://www.fragrantica.com/perfume/NEQI/The-Blossom-109668.html
115473,NEQI,The Signature,2025,https://www.fragrantica.com/perfume/NEQI/The-Signature-109344.html
115474,NEQI,The Wooden,2025,https://www.fragrantica.com/perfume/NEQI/The-Wooden-109343.html
115475,Nerd,nerd xx,2013,https://www.fragrantica.com/perfume/Nerd/nerd-xx-18731.html
115476,Nerd,nerd xy,2013,https://www.fragrantica.com/perfume/Nerd/nerd-xy-18732.html
115477,Nero Speziale,Aceto dei 4 Ladri,2026,https://www.fragrantica.com/perfume/Nero-Speziale/Aceto-dei-4-Ladri-137138.html
115478,Nero Speziale,Bottana,2024,https://www.fragrantica.com/perfume/Nero-Speziale/Bottana-104731.html
115479,Nero Speziale,Ultimo Atto,2023,https://www.fragrantica.com/perfume/Nero-Speziale/Ultimo-Atto-104733.html
115480,Neshama Perfume,Jasmine & Tobacco,2023,https://www.fragrantica.com/perfume/Neshama-Perfume/Jasmine-Tobacco-87747.html
115481,Neshama Perfume,Ninth Wave,2023,https://www.fragrantica.com/perfume/Neshama-Perfume/Ninth-Wave-87748.html
115482,Neshama Perfume,Souls on Fire,2022,https://www.fragrantica.com/perfume/Neshama-Perfume/Souls-on-Fire-87727.html
115483,Neshama Perfume,Wandering Stars,,https://www.fragrantica.com/perfume/Neshama-Perfume/Wandering-Stars-130441.html
115484,Nest,Amazon Lily,2012,https://www.fragrantica.com/perfume/Nest/Amazon-Lily-16471.html
115485,Nest,Balinese Coconut Eau de Parfum,2026,https://www.fragrantica.com/perfume/Nest/Balinese-Coconut-Eau-de-Parfum-122774.html
115486,Nest,Balinese Coconut Perfume Oil,2023,https://www.fragrantica.com/perfume/Nest/Balinese-Coconut-Perfume-Oil-81961.html
115487,Nest,Balinese Coconut (Perfume Oil),2024,https://www.fragrantica.com/perfume/Nest/Balinese-Coconut-99975.html
115488,Nest,Bamboo & Jasmine,2019,https://www.fragrantica.com/perfume/Nest/Bamboo-Jasmine-54012.html
115489,Nest,Bamboo Body & Soul Spray,2013,https://www.fragrantica.com/perfume/Nest/Bamboo-Body-Soul-Spray-17807.html
115490,Nest,Black Tulip,2016,https://www.fragrantica.com/perfume/Nest/Black-Tulip-42889.html
115491,Nest,Cardamom Latte,2026,https://www.fragrantica.com/perfume/Nest/Cardamom-Latte-138977.html
115492,Nest,Cerulean Coast,2025,https://www.fragrantica.com/perfume/Nest/Cerulean-Coast-107243.html
115493,Nest,Cerulean Coast Perfume Oil,2025,https://www.fragrantica.com/perfume/Nest/Cerulean-Coast-Perfume-Oil-107381.html
115494,Nest,Citrine,2016,https://www.fragrantica.com/perfume/Nest/Citrine-36208.html
115495,Nest,Cocoa Woods,2018,https://www.fragrantica.com/perfume/Nest/Cocoa-Woods-50459.html
115496,Nest,Crème de Clementine,2025,https://www.fragrantica.com/perfume/Nest/Creme-de-Clementine-112319.html
115497,Nest,Dahlia & Vines,2013,https://www.fragrantica.com/perfume/Nest/Dahlia-Vines-18986.html
115498,Nest,Ginger & Neroli,2019,https://www.fragrantica.com/perfume/Nest/Ginger-Neroli-54013.html
115499,Nest,Golden Nectar,2022,https://www.fragrantica.com/perfume/Nest/Golden-Nectar-72274.html
115500,Nest,Grapefruit & Verbena,2019,https://www.fragrantica.com/perfume/Nest/Grapefruit-Verbena-54011.html
115501,Nest,Grapefruit Body & Soul Spray,2013,https://www.fragrantica.com/perfume/Nest/Grapefruit-Body-Soul-Spray-17808.html
115502,Nest,Hypnotic Amber,2025,https://www.fragrantica.com/perfume/Nest/Hypnotic-Amber-107380.html
115503,Nest,Hypnotic Amber Perfume Oil,2025,https://www.fragrantica.com/perfume/Nest/Hypnotic-Amber-Perfume-Oil-107376.html
115504,Nest,Indian Jasmine Body Mist,2024,https://www.fragrantica.com/perfume/Nest/Indian-Jasmine-Body-Mist-99982.html
115505,Nest,Indian Jasmine Nest 2021 Perfume Oil,2021,https://www.parfumo.com/Perfumes/Nest/indian-jasmine-perfume-oil
115506,Nest,Indian Jasmine Perfume Oil,2021,https://www.fragrantica.com/perfume/Nest/Indian-Jasmine-Perfume-Oil-66888.html
115507,Nest,Indigo,2014,https://www.fragrantica.com/perfume/Nest/Indigo-26845.html
115508,Nest,Lychee Rose,2023,https://www.fragrantica.com/perfume/Nest/Lychee-Rose-88577.html
115509,Nest,Lychee Rose,2025,https://www.fragrantica.com/perfume/Nest/Lychee-Rose-124965.html
115510,Nest,Madagascar Vanilla,2025,https://www.fragrantica.com/perfume/Nest/Madagascar-Vanilla-110846.html
115511,Nest,Madagascar Vanilla Perfume Oil,2021,https://www.fragrantica.com/perfume/Nest/Madagascar-Vanilla-Perfume-Oil-66886.html
115512,Nest,Madagascar Vanilla (Perfume Oil),2024,https://www.fragrantica.com/perfume/Nest/Madagascar-Vanilla-99971.html
115513,Nest,Maui Mango Perfume Oil,2026,https://www.fragrantica.com/perfume/Nest/Maui-Mango-Perfume-Oil-131271.html
115514,Nest,Midnight Fleur,2012,https://www.fragrantica.com/perfume/Nest/Midnight-Fleur-16472.html
115515,Nest,Midnight Fleur Soleil,2015,https://www.fragrantica.com/perfume/Nest/Midnight-Fleur-Soleil-31758.html
115516,Nest,Moroccan Amber Body & Soul,2013,https://www.fragrantica.com/perfume/Nest/Moroccan-Amber-Body-Soul-17809.html
115517,Nest,Moss and Mint Body & Soul,2013,https://www.fragrantica.com/perfume/Nest/Moss-and-Mint-Body-Soul-17812.html
115518,Nest,Ocean Mist & Coconut Water,2019,https://www.fragrantica.com/perfume/Nest/Ocean-Mist-Coconut-Water-54014.html
115519,Nest,Opulent Osmanthus,2025,https://www.fragrantica.com/perfume/Nest/Opulent-Osmanthus-107245.html
115520,Nest,Opulent Osmanthus Perfume Oil,2024,https://www.fragrantica.com/perfume/Nest/Opulent-Osmanthus-Perfume-Oil-107382.html
115521,Nest,Orange Blossom Body & Soul Spray,2013,https://www.fragrantica.com/perfume/Nest/Orange-Blossom-Body-Soul-Spray-17811.html
115522,Nest,Oud Mystique,2025,https://www.fragrantica.com/perfume/Nest/Oud-Mystique-107244.html
115523,Nest,Oud Mystique Perfume Oil,2025,https://www.fragrantica.com/perfume/Nest/Oud-Mystique-Perfume-Oil-107384.html
115524,Nest,Paradise,2014,https://www.fragrantica.com/perfume/Nest/Paradise-24144.html
115525,Nest,Passiflora,2012,https://www.fragrantica.com/perfume/Nest/Passiflora-16473.html
115526,Nest,Rose Sublime,2025,https://www.fragrantica.com/perfume/Nest/Rose-Sublime-107379.html
115527,Nest,Rose Sublime Perfume Oil,2025,https://www.fragrantica.com/perfume/Nest/Rose-Sublime-Perfume-Oil-107383.html
115528,Nest,Santa Barbara Strawberry,2025,https://www.fragrantica.com/perfume/Nest/Santa-Barbara-Strawberry-120744.html
115529,Nest,Santa Barbara Strawberry Perfume Oil,2025,https://www.fragrantica.com/perfume/Nest/Santa-Barbara-Strawberry-Perfume-Oil-102463.html
115530,Nest,Seville Orange,2024,https://www.fragrantica.com/perfume/Nest/Seville-Orange-99978.html
115531,Nest,Seville Orange Perfume Oil,2021,https://www.fragrantica.com/perfume/Nest/Seville-Orange-Perfume-Oil-66889.html
115532,Nest,South Pacific Sandalwood Perfume Oil,2021,https://www.fragrantica.com/perfume/Nest/South-Pacific-Sandalwood-Perfume-Oil-66887.html
115533,Nest,Sunkissed Hibiscus,2020,https://www.fragrantica.com/perfume/Nest/Sunkissed-Hibiscus-59126.html
115534,Nest,Tempting Tonka,2025,https://www.fragrantica.com/perfume/Nest/Tempting-Tonka-107377.html
115535,Nest,Tempting Tonka Perfume Oil,2025,https://www.fragrantica.com/perfume/Nest/Tempting-Tonka-Perfume-Oil-107378.html
115536,Nest,Turkish Rose,2024,https://www.fragrantica.com/perfume/Nest/Turkish-Rose-99979.html
115537,Nest,Turkish Rose Perfume Oil,2021,https://www.fragrantica.com/perfume/Nest/Turkish-Rose-Perfume-Oil-66885.html
115538,Nest,Vanilla Bourbon,2024,https://www.fragrantica.com/perfume/Nest/Vanilla-Bourbon-95638.html
115539,Nest,Verde,2015,https://www.fragrantica.com/perfume/Nest/Verde-30283.html
115540,Nest,Wasabi Pear Body & Soul Spray,2013,https://www.fragrantica.com/perfume/Nest/Wasabi-Pear-Body-Soul-Spray-17810.html
115541,Nest,Watermelon Peony,2026,https://www.fragrantica.com/perfume/Nest/Watermelon-Peony-121879.html
115542,Nest,White Narcisse,2013,https://www.fragrantica.com/perfume/Nest/White-Narcisse-17813.html
115543,Nest,White Sandalwood,2013,https://www.fragrantica.com/perfume/Nest/White-Sandalwood-18988.html
115544,Nest,Wild Poppy,2019,https://www.fragrantica.com/perfume/Nest/Wild-Poppy-53153.html
115545,Nest,Wisteria Blue,2018,https://www.fragrantica.com/perfume/Nest/Wisteria-Blue-48504.html
115546,Nest,Wonder,2026,https://www.fragrantica.com/perfume/Nest/Wonder-142004.html
115547,NEST New York,Balinese Coconut Nest 2022 Perfume Oil,2022,https://www.parfumo.com/Perfumes/Nest/balinese-coconut-perfume-oil
115548,NEST New York,Balinese Coconut Nest 2024 Body Mist,2024,https://www.parfumo.com/Perfumes/Nest/balinese-coconut-body-mist
115549,NEST New York,Bamboo,,https://www.parfumo.com/Perfumes/Nest/Bamboo
115550,NEST New York,Grapefruit,,https://www.parfumo.com/Perfumes/Nest/Grapefruit
115551,NEST New York,Indian Jasmine Nest 2024 Body Mist,2024,https://www.parfumo.com/Perfumes/Nest/indian-jasmine-body-mist
115552,NEST New York,Madagascar Vanilla Nest 2021 Perfume Oil,2021,https://www.parfumo.com/Perfumes/Nest/madagascar-vanilla-perfume-oil
115553,NEST New York,Madagascar Vanilla Nest 2024 Body Mist,2024,https://www.parfumo.com/Perfumes/Nest/madagascar-vanilla-body-mist
115554,NEST New York,Midnight Fleur Nest,,https://huggingface.co/datasets/doevent/perfume
115555,Nesti Dante,Luxury Gold,2020,https://www.fragrantica.com/perfume/Nesti-Dante/Luxury-Gold-115104.html
115556,Nesti Dante,N°1 Fico della Signoria,2019,https://www.fragrantica.com/perfume/Nesti-Dante/N01-Fico-della-Signoria-64062.html
115557,Nesti Dante,N°3 Regina di Peonie,2019,https://www.fragrantica.com/perfume/Nesti-Dante/N03-Regina-di-Peonie-64064.html
115558,Nesti Dante,N°5 Limonum Zagara,2019,https://www.fragrantica.com/perfume/Nesti-Dante/N05-Limonum-Zagara-64065.html
115559,Nesti Dante,N°7 Aqua Dea Marine,2019,https://www.fragrantica.com/perfume/Nesti-Dante/N07-Aqua-Dea-Marine-64066.html
115560,Nesti Dante,N°9 De Ambra Papaver,2019,https://www.fragrantica.com/perfume/Nesti-Dante/N09-De-Ambra-Papaver-64067.html
115561,Nette,Coco Fleur,2023,https://www.fragrantica.com/perfume/Nette/Coco-Fleur-88780.html
115562,Nette,La Forêt,2023,https://www.fragrantica.com/perfume/Nette/La-Foret-88783.html
115563,Nette,Lemon Puff,2025,https://www.fragrantica.com/perfume/Nette/Lemon-Puff-107240.html
115564,Nette,Mochi Banane,2026,https://www.fragrantica.com/perfume/Nette/Mochi-Banane-134519.html
115565,Nette,Opening Night,2023,https://www.fragrantica.com/perfume/Nette/Opening-Night-88786.html
115566,Nette,Pear Jam,2024,https://www.fragrantica.com/perfume/Nette/Pear-Jam-92000.html
115567,Nette,Rose Parade,2023,https://www.fragrantica.com/perfume/Nette/Rose-Parade-88789.html
115568,Nette,Thé Vanille,2023,https://www.fragrantica.com/perfume/Nette/The-Vanille-88791.html
115569,Neunére,Rivers of Gold and Nectar,2025,https://www.fragrantica.com/perfume/Neunere/Rivers-of-Gold-and-Nectar-118129.html
115570,Neunére,When All Things Were Divine,2025,https://www.fragrantica.com/perfume/Neunere/When-All-Things-Were-Divine-118130.html
115571,Neunére,Whispers of Dusk and Silk,2025,https://www.fragrantica.com/perfume/Neunere/Whispers-of-Dusk-and-Silk-118131.html
115572,Neuroscent,Calm,2026,https://www.fragrantica.com/perfume/Neuroscent/Calm-131804.html
115573,Neus Parfum,Bright Spring,2023,https://www.fragrantica.com/perfume/Neus-Parfum/Bright-Spring-84985.html
115574,Neus Parfum,Dìdì,2023,https://www.fragrantica.com/perfume/Neus-Parfum/Didi-84986.html
115575,Neus Parfum,Gamos,2025,https://www.fragrantica.com/perfume/Neus-Parfum/Gamos-129764.html
115576,Neus Parfum,Kōdō,2023,https://www.fragrantica.com/perfume/Neus-Parfum/Kodo-84987.html
115577,Neus Parfum,Pelle Salata,2023,https://www.fragrantica.com/perfume/Neus-Parfum/Pelle-Salata-84988.html
115578,Neus Parfum,Radici,2025,https://www.fragrantica.com/perfume/Neus-Parfum/Radici-129763.html
115579,Neus Parfum,Rose Rose,2023,https://www.fragrantica.com/perfume/Neus-Parfum/Rose-Rose-84989.html
115580,Neus Parfum,Soffio,2023,https://www.fragrantica.com/perfume/Neus-Parfum/Soffio-84990.html
115581,Neus Parfum,Valascia,2023,https://www.fragrantica.com/perfume/Neus-Parfum/Valascia-88814.html
115582,Neus Parfum,Vanilla Hug,2023,https://www.fragrantica.com/perfume/Neus-Parfum/Vanilla-Hug-88815.html
115583,Neville,Tobacco Musk Cologne (Eau de Cologne),,https://www.fragrantica.com/perfume/Neville/Tobacco-Musk-Cologne-36475.html
115584,New Brand Parfums,Blue Sky for Men,,https://www.parfumo.com/Perfumes/New_Brand/Blue_Sky_for_Men
115585,New Brand Parfums,Bô Rêve,,https://www.parfumo.com/Perfumes/New_Brand/Bo_Rve
115586,New Brand Parfums,Candy Cancan,2016,https://www.fragrantica.com/perfume/New-Brand-Parfums/Candy-Cancan-74016.html
115587,New Brand Parfums,Charm,2023,https://www.fragrantica.com/perfume/New-Brand-Parfums/Charm-134775.html
115588,New Brand Parfums,Chic 'n Glam Elixir,2017,https://www.fragrantica.com/perfume/New-Brand-Parfums/Chic-n-Glam-Elixir-74050.html
115589,New Brand Parfums,Chic 'n Glam Luxe Edition Tigress,2019,https://www.fragrantica.com/perfume/New-Brand-Parfums/Chic-n-Glam-Luxe-Edition-Tigress-84835.html
115590,New Brand Parfums,Classic Oud,2018,https://www.fragrantica.com/perfume/New-Brand-Parfums/Classic-Oud-61182.html
115591,New Brand Parfums,Club Nº 1,2015,https://www.fragrantica.com/perfume/New-Brand-Parfums/Club-No-1-74007.html
115592,New Brand Parfums,Commando,,https://www.parfumo.com/Perfumes/New_Brand/commando
115593,New Brand Parfums,Cool Woman,2018,https://www.fragrantica.com/perfume/New-Brand-Parfums/Cool-Woman-59119.html
115594,New Brand Parfums,Daily,2018,https://www.fragrantica.com/perfume/New-Brand-Parfums/Daily-60920.html
115595,New Brand Parfums,Dani,2020,https://www.fragrantica.com/perfume/New-Brand-Parfums/Dani-106411.html
115596,New Brand Parfums,Ego Gold,2018,https://www.fragrantica.com/perfume/New-Brand-Parfums/Ego-Gold-74008.html
115597,New Brand Parfums,Ego Silver,2017,https://www.fragrantica.com/perfume/New-Brand-Parfums/Ego-Silver-74009.html
115598,New Brand Parfums,Eva,,https://www.parfumo.com/Perfumes/New_Brand/Eva
115599,New Brand Parfums,Exceed,2013,https://www.fragrantica.com/perfume/New-Brand-Parfums/Exceed-74010.html
115600,New Brand Parfums,Extasia Black,,https://www.parfumo.com/Perfumes/New_Brand/extasia-black
115601,New Brand Parfums,Extasia for Men,,https://www.parfumo.com/Perfumes/New_Brand/extasia-for-men
115602,New Brand Parfums,Extasia for Women,,https://www.parfumo.com/Perfumes/New_Brand/extasia-for-women
115603,New Brand Parfums,Extasia Men,,https://www.fragrantica.com/perfume/New-Brand-Parfums/Extasia-Men-56242.html
115604,New Brand Parfums,Extreme Power,2020,https://www.fragrantica.com/perfume/New-Brand-Parfums/Extreme-Power-64626.html
115605,New Brand Parfums,Fashion Chic'n Glam,2024,https://www.fragrantica.com/perfume/New-Brand-Parfums/Fashion-Chic-n-Glam-132984.html
115606,New Brand Parfums,Fashionista,2020,https://www.fragrantica.com/perfume/New-Brand-Parfums/Fashionista-135373.html
115607,New Brand Parfums,Forever Black,2020,https://www.fragrantica.com/perfume/New-Brand-Parfums/Forever-Black-110219.html
115608,New Brand Parfums,Free Man,,https://www.parfumo.com/Perfumes/New_Brand/Free_Man
115609,New Brand Parfums,French Cancan,2013,https://www.fragrantica.com/perfume/New-Brand-Parfums/French-Cancan-60921.html
115610,New Brand Parfums,Gold,2016,https://www.fragrantica.com/perfume/New-Brand-Parfums/Gold-60973.html
115611,New Brand Parfums,Golf Black,2020,https://www.fragrantica.com/perfume/New-Brand-Parfums/Golf-Black-74013.html
115612,New Brand Parfums,Golf Blue,2018,https://www.fragrantica.com/perfume/New-Brand-Parfums/Golf-Blue-74012.html
115613,New Brand Parfums,Golf Red,2020,https://www.fragrantica.com/perfume/New-Brand-Parfums/Golf-Red-74014.html
115614,New Brand Parfums,GT For Men,2018,https://www.fragrantica.com/perfume/New-Brand-Parfums/GT-For-Men-74006.html
115615,New Brand Parfums,Hero,2020,https://www.fragrantica.com/perfume/New-Brand-Parfums/Hero-110222.html
115616,New Brand Parfums,Hola,2019,https://www.fragrantica.com/perfume/New-Brand-Parfums/Hola-84838.html
115617,New Brand Parfums,In Love,2018,https://www.fragrantica.com/perfume/New-Brand-Parfums/In-Love-84836.html
115618,New Brand Parfums,Invincible,2018,https://www.fragrantica.com/perfume/New-Brand-Parfums/Invincible-59116.html
115619,New Brand Parfums,L’Homme,2018,https://www.fragrantica.com/perfume/New-Brand-Parfums/L-Homme-74001.html
115620,New Brand Parfums,Master of Essence,2018,https://www.fragrantica.com/perfume/New-Brand-Parfums/Master-of-Essence-71032.html
115621,New Brand Parfums,Master of Gold,2017,https://www.fragrantica.com/perfume/New-Brand-Parfums/Master-of-Gold-74022.html
115622,New Brand Parfums,Master of Pink Gold,2017,https://www.fragrantica.com/perfume/New-Brand-Parfums/Master-of-Pink-Gold-74021.html
115623,New Brand Parfums,Master of Platinum,2017,https://www.fragrantica.com/perfume/New-Brand-Parfums/Master-of-Platinum-60974.html
115624,New Brand Parfums,Monaco,2020,https://www.fragrantica.com/perfume/New-Brand-Parfums/Monaco-110223.html
115625,New Brand Parfums,Mysterious Girl,2019,https://www.fragrantica.com/perfume/New-Brand-Parfums/Mysterious-Girl-59120.html
115626,New Brand Parfums,New Brand,,https://www.parfumo.com/Perfumes/New_Brand/1905
115627,New Brand Parfums,New Brand Official,2018,https://www.fragrantica.com/perfume/New-Brand-Parfums/New-Brand-Official-61913.html
115628,New Brand Parfums,Night Cancan,2016,https://www.fragrantica.com/perfume/New-Brand-Parfums/Night-Cancan-74015.html
115629,New Brand Parfums,Ò de La Vie,2017,https://www.fragrantica.com/perfume/New-Brand-Parfums/O-de-La-Vie-121714.html
115630,New Brand Parfums,Ohhh Light,2018,https://www.fragrantica.com/perfume/New-Brand-Parfums/Ohhh-Light-59117.html
115631,New Brand Parfums,Only You Black,2018,https://www.fragrantica.com/perfume/New-Brand-Parfums/Only-You-Black-95998.html
115632,New Brand Parfums,Parfum de Nuit,2019,https://www.fragrantica.com/perfume/New-Brand-Parfums/Parfum-de-Nuit-84837.html
115633,New Brand Parfums,Prestige My Brand,2018,https://www.fragrantica.com/perfume/New-Brand-Parfums/Prestige-My-Brand-74005.html
115634,New Brand Parfums,Prestige Velvet,,https://www.fragrantica.com/perfume/New-Brand-Parfums/Prestige-Velvet-86144.html
115635,New Brand Parfums,Pretty,2020,https://www.fragrantica.com/perfume/New-Brand-Parfums/Pretty-110216.html
115636,New Brand Parfums,Princess Dreaming,2017,https://www.fragrantica.com/perfume/New-Brand-Parfums/Princess-Dreaming-60919.html
115637,New Brand Parfums,Rich,2021,https://www.fragrantica.com/perfume/New-Brand-Parfums/Rich-84839.html
115638,New Brand Parfums,Secret,2022,https://www.fragrantica.com/perfume/New-Brand-Parfums/Secret-134773.html
115639,New Brand Parfums,Seduction,2018,https://www.fragrantica.com/perfume/New-Brand-Parfums/Seduction-59115.html
115640,New Brand Parfums,Seduction Chic'n Glam,2024,https://www.fragrantica.com/perfume/New-Brand-Parfums/Seduction-Chic-n-Glam-132986.html
115641,New Brand Parfums,Sensual,2022,https://www.fragrantica.com/perfume/New-Brand-Parfums/Sensual-134774.html
115642,New Brand Parfums,So French,2021,https://www.fragrantica.com/perfume/New-Brand-Parfums/So-French-134776.html
115643,New Brand Parfums,Story of Black,2020,https://www.fragrantica.com/perfume/New-Brand-Parfums/Story-of-Black-74020.html
115644,New Brand Parfums,Story of White,2020,https://www.fragrantica.com/perfume/New-Brand-Parfums/Story-of-White-74018.html
115645,New Brand Parfums,Stylish Chic'n Glam,2024,https://www.fragrantica.com/perfume/New-Brand-Parfums/Stylish-Chic-n-Glam-132982.html
115646,New Brand Parfums,Sweet Star,2022,https://www.fragrantica.com/perfume/New-Brand-Parfums/Sweet-Star-134772.html
115647,New Brand Parfums,The NB Prestige,2020,https://www.fragrantica.com/perfume/New-Brand-Parfums/The-NB-Prestige-74017.html
115648,New Brand Parfums,Unic,2017,https://www.fragrantica.com/perfume/New-Brand-Parfums/Unic-74004.html
115649,New Brand Parfums,Venezia,2018,https://www.fragrantica.com/perfume/New-Brand-Parfums/Venezia-74002.html
115650,New Brand Parfums,Volcano,2020,https://www.fragrantica.com/perfume/New-Brand-Parfums/Volcano-74003.html
115651,New Brand Parfums,World Champion,2017,https://www.fragrantica.com/perfume/New-Brand-Parfums/World-Champion-71031.html
115652,New DNA Laboratories,Desert Algorithm,,https://www.fragrantica.com/perfume/New-DNA-Laboratories/Desert-Algorithm-118594.html
115653,New DNA Laboratories,Synthetic Summer,,https://www.fragrantica.com/perfume/New-DNA-Laboratories/Synthetic-Summer-118593.html
115654,New Look,1 Exotic Rose,,https://www.fragrantica.com/perfume/New-Look/1-Exotic-Rose-42428.html
115655,New Look,2 Tropical Zest,,https://www.fragrantica.com/perfume/New-Look/2-Tropical-Zest-42426.html
115656,New Look,3 Oriental Night,,https://www.fragrantica.com/perfume/New-Look/3-Oriental-Night-42424.html
115657,New Look,4 Midnight Bloom,,https://www.fragrantica.com/perfume/New-Look/4-Midnight-Bloom-42423.html
115658,New Look,5 Jasmine Forest,,https://www.fragrantica.com/perfume/New-Look/5-Jasmine-Forest-42429.html
115659,New Look,6 Powder Fresh,,https://www.fragrantica.com/perfume/New-Look/6-Powder-Fresh-42430.html
115660,New Look,7 Vanilla Dream,,https://www.fragrantica.com/perfume/New-Look/7-Vanilla-Dream-42427.html
115661,New Look,8 Sweet Blossom,,https://www.fragrantica.com/perfume/New-Look/8-Sweet-Blossom-42425.html
115662,New Look,After Glow,,https://www.fragrantica.com/perfume/New-Look/After-Glow-42418.html
115663,New Look,Blush,,https://www.fragrantica.com/perfume/New-Look/Blush-42419.html
115664,New Look,Devotion,,https://www.fragrantica.com/perfume/New-Look/Devotion-42422.html
115665,New Look,Dusk,,https://www.fragrantica.com/perfume/New-Look/Dusk-42420.html
115666,New Look,Night,,https://www.fragrantica.com/perfume/New-Look/Night-42416.html
115667,New Look,Petal Crush,,https://www.fragrantica.com/perfume/New-Look/Petal-Crush-42417.html
115668,New Look,Touch,,https://www.fragrantica.com/perfume/New-Look/Touch-42421.html
115669,New Notes,Akigala Mandarino,2024,https://www.fragrantica.com/perfume/New-Notes/Akigala-Mandarino-96578.html
115670,New Notes,Bonbons A La Violette,2024,https://www.fragrantica.com/perfume/New-Notes/Bonbons-A-La-Violette-93156.html
115671,New Notes,Caramelo Vanilla,2022,https://www.fragrantica.com/perfume/New-Notes/Caramelo-Vanilla-74979.html
115672,New Notes,Cherry Prosecco,2025,https://www.fragrantica.com/perfume/New-Notes/Cherry-Prosecco-119895.html
115673,New Notes,Cocktail Maracuja,2023,https://www.fragrantica.com/perfume/New-Notes/Cocktail-Maracuja-83744.html
115674,New Notes,Erotika Maximale,2025,https://www.fragrantica.com/perfume/New-Notes/Erotika-Maximale-106628.html
115675,New Notes,Erotika Minimale,2023,https://www.fragrantica.com/perfume/New-Notes/Erotika-Minimale-87364.html
115676,New Notes,Felina,2025,https://www.fragrantica.com/perfume/New-Notes/Felina-106629.html
115677,New Notes,Latte di Cherry,2023,https://www.fragrantica.com/perfume/New-Notes/Latte-di-Cherry-80278.html
115678,New Notes,Latte Mimosa,2024,https://www.fragrantica.com/perfume/New-Notes/Latte-Mimosa-90474.html
115679,New Notes,Latte Pistachio,2025,https://www.fragrantica.com/perfume/New-Notes/Latte-Pistachio-101460.html
115680,New Notes,Magico Safrano,2025,https://www.fragrantica.com/perfume/New-Notes/Magico-Safrano-120293.html
115681,New Notes,Mangomina D,2025,https://www.fragrantica.com/perfume/New-Notes/Mangomina-D-106627.html
115682,New Notes,Musk Complexity,2022,https://www.fragrantica.com/perfume/New-Notes/Musk-Complexity-72447.html
115683,New Notes,New Leather,2022,https://www.fragrantica.com/perfume/New-Notes/New-Leather-72444.html
115684,New Notes,Osmanto Shock,2022,https://www.fragrantica.com/perfume/New-Notes/Osmanto-Shock-72445.html
115685,New Notes,Pomelo Malindi,2026,https://www.fragrantica.com/perfume/New-Notes/Pomelo-Malindi-132081.html
115686,New Notes,Queen Of The Sea,2022,https://www.fragrantica.com/perfume/New-Notes/Queen-Of-The-Sea-72446.html
115687,New Notes,Rosa Limone,2022,https://www.fragrantica.com/perfume/New-Notes/Rosa-Limone-72443.html
115688,New Notes,Talco,2022,https://www.fragrantica.com/perfume/New-Notes/Talco-72442.html
115689,New York Yankees,New York Yankees,2012,https://www.fragrantica.com/perfume/New-York-Yankees/New-York-Yankees-14600.html
115690,New York Yankees,New York Yankees for Her,2012,https://www.fragrantica.com/perfume/New-York-Yankees/New-York-Yankees-for-Her-14601.html
115691,New Yorker,Blue Eclipse,,https://www.fragrantica.com/perfume/New-Yorker/Blue-Eclipse-138211.html
115692,New Yorker,Boho Breeze,,https://www.fragrantica.com/perfume/New-Yorker/Boho-Breeze-138208.html
115693,New Yorker,Dream Voyage,,https://www.fragrantica.com/perfume/New-Yorker/Dream-Voyage-138212.html
115694,New Yorker,Golden Illusion,,https://www.fragrantica.com/perfume/New-Yorker/Golden-Illusion-138213.html
115695,New Yorker,Golden Muse,2026,https://www.fragrantica.com/perfume/New-Yorker/Golden-Muse-138209.html
115696,New Yorker,Mystic Flame,2026,https://www.fragrantica.com/perfume/New-Yorker/Mystic-Flame-138210.html
115697,New Yorker,New Yorker for Her,2012,https://www.fragrantica.com/perfume/New-Yorker/New-Yorker-for-Her-15121.html
115698,New Yorker,New Yorker for Him,2012,https://www.fragrantica.com/perfume/New-Yorker/New-Yorker-for-Him-15122.html
115699,New Yorker,New Yorker Style Up for Her,2013,https://www.fragrantica.com/perfume/New-Yorker/New-Yorker-Style-Up-for-Her-18377.html
115700,New Yorker,New Yorker Style Up for Him,2013,https://www.fragrantica.com/perfume/New-Yorker/New-Yorker-Style-Up-for-Him-18378.html
115701,NewNiche,Before the World Moved Again,2026,https://www.fragrantica.com/perfume/NewNiche/Before-the-World-Moved-Again-130765.html
115702,Next,Albany,,https://www.parfumo.com/Perfumes/Next/albany
115703,Next,Amplify,,https://www.parfumo.com/Perfumes/Next/amplify
115704,Next,Aqua,,https://www.parfumo.com/Perfumes/Next/Aqua
115705,Next,Aura Next Body Mist,,https://www.parfumo.com/Perfumes/Next/aura-body-mist
115706,Next,Aura Next Eau de Parfum,,https://www.parfumo.com/Perfumes/Next/aura-eau-de-parfum
115707,Next,Azzurro,,https://www.parfumo.com/Perfumes/Next/Azzurro
115708,Next,Be Decadent,2016,https://www.fragrantica.com/perfume/Next/Be-Decadent-42220.html
115709,Next,Bergamot & Oakmoss,,https://www.parfumo.com/Perfumes/Next/2__Bergamot__Oakmoss
115710,Next,Boutique - Fresh & Floral,,https://www.parfumo.com/Perfumes/Next/Boutique__Fresh__Floral
115711,Next,Bring The Heat,,https://www.parfumo.com/Perfumes/Next/bring-the-heat
115712,Next,Candied Flowers,,https://www.parfumo.com/Perfumes/Next/candied-flowers
115713,Next,Carbon,,https://www.parfumo.com/Perfumes/Next/Carbon
115714,Next,Cashmere (Body Mist),2000,https://www.fragrantica.com/perfume/Next/Cashmere-13833.html
115715,Next,Cool Blue,,https://www.fragrantica.com/perfume/Next/Cool-Blue-42319.html
115716,Next,Define,2000,https://www.fragrantica.com/perfume/Next/Define-13834.html
115717,Next,Diamonds,2000,https://www.fragrantica.com/perfume/Next/Diamonds-13835.html
115718,Next,Eau Nude,2015,https://www.fragrantica.com/perfume/Next/Eau-Nude-42223.html
115719,Next,Flowers,2016,https://www.fragrantica.com/perfume/Next/Flowers-42224.html
115720,Next,Just Pink,,https://www.fragrantica.com/perfume/Next/Just-Pink-8747.html
115721,Next,Just Pink Bloom,,https://www.fragrantica.com/perfume/Next/Just-Pink-Bloom-8748.html
115722,Next,Neroli & Black Pepper,,https://www.parfumo.com/Perfumes/Next/3__Neroli__Black_Pepper
115723,Next,Paradise,2024,https://www.fragrantica.com/perfume/Next/Paradise-101948.html
115724,Next,Pink Paradise,,https://www.fragrantica.com/perfume/Next/Pink-Paradise-8749.html
115725,Next,Rouge Absolue,2016,https://www.fragrantica.com/perfume/Next/Rouge-Absolue-42222.html
115726,Next,Summer Sun,2020,https://www.fragrantica.com/perfume/Next/Summer-Sun-67754.html
115727,Next,Vetiver & Guaiacwood,,https://www.parfumo.com/Perfumes/Next/1__Vetiver__Guaiacwood
115728,Next,White Amber,2016,https://www.fragrantica.com/perfume/Next/White-Amber-42221.html
115729,Next Generation,Bella Vida,2016,https://www.fragrantica.com/perfume/Next-Generation/Bella-Vida-103982.html
115730,Next Generation,Classic Woman Elegance,,https://www.fragrantica.com/perfume/Next-Generation/Classic-Woman-Elegance-122023.html
115731,Next Generation,Dark Cherry,2016,https://www.fragrantica.com/perfume/Next-Generation/Dark-Cherry-103983.html
115732,Next Generation,Dominatio Woman,2016,https://www.fragrantica.com/perfume/Next-Generation/Dominatio-Woman-103984.html
115733,Next Generation,Femme,2016,https://www.fragrantica.com/perfume/Next-Generation/Femme-103986.html
115734,Next Generation,Femme Brilliant,2016,https://www.fragrantica.com/perfume/Next-Generation/Femme-Brilliant-103985.html
115735,Next Generation,Harmonie des Sens,2016,https://www.fragrantica.com/perfume/Next-Generation/Harmonie-des-Sens-103987.html
115736,Next Generation,Lightness,2016,https://www.fragrantica.com/perfume/Next-Generation/Lightness-111849.html
115737,Next Generation,Ouvert,2016,https://www.fragrantica.com/perfume/Next-Generation/Ouvert-103988.html
115738,Next Generation,Predator,,https://www.fragrantica.com/perfume/Next-Generation/Predator-103989.html
115739,Next Generation,Touch,,https://www.fragrantica.com/perfume/Next-Generation/Touch-127490.html
115740,Next Generation,Woody Soul,2016,https://www.fragrantica.com/perfume/Next-Generation/Woody-Soul-103990.html
115741,Next Memory,Blue Sandalwood,2024,https://www.fragrantica.com/perfume/Next-Memory/Blue-Sandalwood-125487.html
115742,Next Memory,Brown Coffee,2024,https://www.fragrantica.com/perfume/Next-Memory/Brown-Coffee-125488.html
115743,Next Memory,Golden Amber,2025,https://www.fragrantica.com/perfume/Next-Memory/Golden-Amber-125433.html
115744,Next Memory,Green Orange,2020,https://www.fragrantica.com/perfume/Next-Memory/Green-Orange-65488.html
115745,Next Memory,Grey Bergamot,,https://www.fragrantica.com/perfume/Next-Memory/Grey-Bergamot-125494.html
115746,Next Memory,Pastel de Nata,2025,https://www.fragrantica.com/perfume/Next-Memory/Pastel-de-Nata-102081.html
115747,Next Memory,Pink Neroli,2020,https://www.fragrantica.com/perfume/Next-Memory/Pink-Neroli-65489.html
115748,Next Memory,Purple Fig,2020,https://www.fragrantica.com/perfume/Next-Memory/Purple-Fig-65490.html
115749,Next Memory,Red Patchouli,,https://www.fragrantica.com/perfume/Next-Memory/Red-Patchouli-94361.html
115750,Next Memory,Ruby Flower,,https://www.fragrantica.com/perfume/Next-Memory/Ruby-Flower-125495.html
115751,Next Memory,White Cardamom,,https://www.fragrantica.com/perfume/Next-Memory/White-Cardamom-125764.html
115752,Next Memory,Yellow Mandarin,,https://www.fragrantica.com/perfume/Next-Memory/Yellow-Mandarin-125845.html
115753,NEYDO,Alien Fruit 30.03,2024,https://www.fragrantica.com/perfume/NEYDO/Alien-Fruit-30-03-97211.html
115754,NEYDO,Berry Craving 23.06,2024,https://www.fragrantica.com/perfume/NEYDO/Berry-Craving-23-06-92160.html
115755,NEYDO,Blond Redhead 16.11,2024,https://www.fragrantica.com/perfume/NEYDO/Blond-Redhead-16-11-92158.html
115756,NEYDO,Breathe Out 01.02,2024,https://www.fragrantica.com/perfume/NEYDO/Breathe-Out-01-02-97213.html
115757,NEYDO,Chasing Light 19.10,2025,https://www.fragrantica.com/perfume/NEYDO/Chasing-Light-19-10-115303.html
115758,NEYDO,Cloud Essence 28.08,2025,https://www.fragrantica.com/perfume/NEYDO/Cloud-Essence-28-08-115302.html
115759,NEYDO,Far Very Far 18.08,2024,https://www.fragrantica.com/perfume/NEYDO/Far-Very-Far-18-08-92161.html
115760,NEYDO,Fiery Fig 24.05,2024,https://www.fragrantica.com/perfume/NEYDO/Fiery-Fig-24-05-97212.html
115761,NEYDO,Mossland 12.09,2024,https://www.fragrantica.com/perfume/NEYDO/Mossland-12-09-92162.html
115762,NEYDO,Pulsation 11.07,2025,https://www.fragrantica.com/perfume/NEYDO/Pulsation-11-07-115304.html
115763,NEYDO,Where Love Belongs 22.07,2024,https://www.fragrantica.com/perfume/NEYDO/Where-Love-Belongs-22-07-92157.html
115764,NEYDO,Wood Haze 01.11,2024,https://www.fragrantica.com/perfume/NEYDO/Wood-Haze-01-11-92159.html
115765,NEZ,1+1 Ambre à Levres,2020,https://www.fragrantica.com/perfume/NEZ/1-1-Ambre-a-Levres-68178.html
115766,NEZ,1+1 Folia,2020,https://www.fragrantica.com/perfume/NEZ/1-1-Folia-68179.html
115767,NEZ,1+1 Hongkong Oolong,2019,https://www.fragrantica.com/perfume/NEZ/1-1-Hongkong-Oolong-68180.html
115768,NEZ,1+1 Kraft Gommé,2021,https://www.fragrantica.com/perfume/NEZ/1-1-Kraft-Gomme-68181.html
115769,NEZ,Adorem,2023,https://www.fragrantica.com/perfume/NEZ/Adorem-81902.html
115770,NEZ,Ansongo,2025,https://www.fragrantica.com/perfume/NEZ/Ansongo-114916.html
115771,NEZ,Armoressence,2023,https://www.fragrantica.com/perfume/NEZ/Armoressence-84612.html
115772,NEZ,In The Arboretum,2022,https://www.fragrantica.com/perfume/NEZ/In-The-Arboretum-81903.html
115773,Nez a Nez,Ambre a Sade,,https://www.fragrantica.com/perfume/Nez-a-Nez/Ambre-a-Sade-6473.html
115774,Nez a Nez,Atelier d’Artiste,,https://www.fragrantica.com/perfume/Nez-a-Nez/Atelier-d-Artiste-6474.html
115775,Nez a Nez,Bal Musque,,https://www.fragrantica.com/perfume/Nez-a-Nez/Bal-Musque-6531.html
115776,Nez a Nez,Bouche Baie,,https://www.fragrantica.com/perfume/Nez-a-Nez/Bouche-Baie-6532.html
115777,Nez a Nez,Figues et Garçons,,https://www.fragrantica.com/perfume/Nez-a-Nez/Figues-et-Garcons-6533.html
115778,Nez a Nez,Foret de Becharre,,https://www.fragrantica.com/perfume/Nez-a-Nez/Foret-de-Becharre-6534.html
115779,Nez a Nez,Hiroshima Mon Amour,2010,https://www.fragrantica.com/perfume/Nez-a-Nez/Hiroshima-Mon-Amour-11569.html
115780,Nez a Nez,Immortelle Marilyn,2011,https://www.fragrantica.com/perfume/Nez-a-Nez/Immortelle-Marilyn-12133.html
115781,Nez a Nez,L’Hetre Reve,,https://www.fragrantica.com/perfume/Nez-a-Nez/L-Hetre-Reve-6535.html
115782,Nez a Nez,Marron Chic,,https://www.fragrantica.com/perfume/Nez-a-Nez/Marron-Chic-6540.html
115783,Nez a Nez,Rosier Ardent,,https://www.fragrantica.com/perfume/Nez-a-Nez/Rosier-Ardent-6541.html
115784,Nez a Nez,Vanithe,,https://www.fragrantica.com/perfume/Nez-a-Nez/Vanithe-6542.html
115785,Nez Sens,Bella Jasmina,2024,https://www.fragrantica.com/perfume/Nez-Sens/Bella-Jasmina-110886.html
115786,Nez Sens,Éclat Nocturne,2024,https://www.fragrantica.com/perfume/Nez-Sens/Eclat-Nocturne-110885.html
115787,Nez Sens,Lune Rose,2024,https://www.fragrantica.com/perfume/Nez-Sens/Lune-Rose-110884.html
115788,NeZ ZeN,1001 Nuits,,https://www.fragrantica.com/perfume/NeZ-ZeN/1001-Nuits-65160.html
115789,NeZ ZeN,Carnaval,,https://www.fragrantica.com/perfume/NeZ-ZeN/Carnaval-65168.html
115790,NeZ ZeN,Earl Grey,,https://www.fragrantica.com/perfume/NeZ-ZeN/Earl-Grey-65161.html
115791,NeZ ZeN,Fougère Sauvage,,https://www.fragrantica.com/perfume/NeZ-ZeN/Fougere-Sauvage-65141.html
115792,NeZ ZeN,Jardin Des Roses,,https://www.fragrantica.com/perfume/NeZ-ZeN/Jardin-Des-Roses-65157.html
115793,NeZ ZeN,Jasmin d'Eté,,https://www.fragrantica.com/perfume/NeZ-ZeN/Jasmin-d-Ete-65140.html
115794,NeZ ZeN,L'indomptable,,https://www.fragrantica.com/perfume/NeZ-ZeN/L-indomptable-65159.html
115795,NeZ ZeN,La Ballerine,,https://www.fragrantica.com/perfume/NeZ-ZeN/La-Ballerine-65158.html
115796,NeZ ZeN,La Bibliothèque,,https://www.fragrantica.com/perfume/NeZ-ZeN/La-Bibliotheque-65165.html
115797,NeZ ZeN,Mont Blanc,,https://www.fragrantica.com/perfume/NeZ-ZeN/Mont-Blanc-65167.html
115798,NeZ ZeN,New York,,https://www.fragrantica.com/perfume/NeZ-ZeN/New-York-65166.html
115799,NeZ ZeN,Niwa,,https://www.fragrantica.com/perfume/NeZ-ZeN/Niwa-65164.html
115800,NeZ ZeN,Pleine Lune,,https://www.fragrantica.com/perfume/NeZ-ZeN/Pleine-Lune-65163.html
115801,NeZ ZeN,Terre De Feu,,https://www.fragrantica.com/perfume/NeZ-ZeN/Terre-De-Feu-65169.html
115802,NeZ ZeN,Vetiver Epicé,,https://www.fragrantica.com/perfume/NeZ-ZeN/Vetiver-Epice-65142.html
115803,NG Perfumes,Bam B,,https://www.parfumo.com/Perfumes/ng-perfumes/Bam_B
115804,NG Perfumes,Boom!!,,https://www.parfumo.com/Perfumes/ng-perfumes/Boom
115805,NG Perfumes,Caught,,https://www.parfumo.com/Perfumes/ng-perfumes/Caught
115806,NG Perfumes,Domina,,https://www.parfumo.com/Perfumes/ng-perfumes/Domina
115807,NG Perfumes,Eternal Earth,1999,https://www.parfumo.com/Perfumes/ng-perfumes/Eternal_Earth
115808,NG Perfumes,Faith,,https://www.parfumo.com/Perfumes/ng-perfumes/Faith
115809,NG Perfumes,Golden Pearl,,https://www.parfumo.com/Perfumes/ng-perfumes/Golden_Pearl
115810,NG Perfumes,Hallucination,,https://www.parfumo.com/Perfumes/ng-perfumes/Hallucination
115811,NG Perfumes,Hallucination Pink,,https://www.parfumo.com/Perfumes/ng-perfumes/Hallucination_Pink
115812,NG Perfumes,Heaven's Body,,https://www.parfumo.com/Perfumes/ng-perfumes/Heaven_s_Body
115813,NG Perfumes,Heaven's Smell,,https://www.parfumo.com/Perfumes/ng-perfumes/Heaven_s_Smell
115814,NG Perfumes,Lovely One,,https://www.parfumo.com/Perfumes/ng-perfumes/Lovely_One
115815,NG Perfumes,Madame,,https://www.parfumo.com/Perfumes/ng-perfumes/Madame
115816,NG Perfumes,Massilento,,https://www.parfumo.com/Perfumes/ng-perfumes/Massilento
115817,NG Perfumes,NG - Next Generation for Men,,https://www.parfumo.com/Perfumes/ng-perfumes/NG__Next_Generation_for_Men
115818,NG Perfumes,NG - Next Generation for Women,,https://www.parfumo.com/Perfumes/ng-perfumes/NG__Next_Generation_for_Women
115819,NIASI,Contouré,1970,https://www.fragrantica.com/perfume/NIASI/Contoure-92093.html
115820,NIASI,Contouré Alfazema,1970'ler,https://www.fragrantica.com/perfume/NIASI/Contoure-Alfazema-92094.html
115821,NIASI,Contouré Natureza,1970,https://www.fragrantica.com/perfume/NIASI/Contoure-Natureza-92095.html
115822,Niche,Age Of Oud,2021,https://www.fragrantica.com/perfume/Niche/Age-Of-Oud-69350.html
115823,Niche,Look At Me,2021,https://www.fragrantica.com/perfume/Niche/Look-At-Me-69353.html
115824,Niche,One Night,2021,https://www.fragrantica.com/perfume/Niche/One-Night-69352.html
115825,Niche,Only The Wise,2021,https://www.fragrantica.com/perfume/Niche/Only-The-Wise-69354.html
115826,Niche,Velvet Mood,2021,https://www.fragrantica.com/perfume/Niche/Velvet-Mood-69351.html
115827,Niche 4 All,Agar Oud,2020,https://www.parfumo.com/Perfumes/niche-4-all/agar-oud
115828,Niche 4 All,Almond Vanilla,,https://www.parfumo.com/Perfumes/niche-4-all/almond-vanilla
115829,Niche 4 All,Amalfi Lemon Vetiver,2000,https://www.parfumo.com/Perfumes/niche-4-all/amalfi-lemon-vetiver
115830,Niche 4 All,Amber Saffron,2021,https://www.parfumo.com/Perfumes/niche-4-all/amber-saffron
115831,Niche 4 All,Amber Vetiver,,https://www.parfumo.com/Perfumes/niche-4-all/amber-vetiver
115832,Niche 4 All,Apple Musk,2023,https://www.parfumo.com/Perfumes/niche-4-all/apple-musk
115833,Niche 4 All,Benzo Vanil,,https://www.parfumo.com/Perfumes/niche-4-all/benzo-vanil
115834,Niche 4 All,Blackberry Rum,,https://www.parfumo.com/Perfumes/niche-4-all/blackberry-rum
115835,Niche 4 All,Cardamom Vanilla,2020,https://www.parfumo.com/Perfumes/niche-4-all/cardamom-vanilla
115836,Niche 4 All,Floral Oud,,https://www.parfumo.com/Perfumes/niche-4-all/floral-oud
115837,Niche 4 All,Fruity Musk,2024,https://www.parfumo.com/Perfumes/niche-4-all/fruity-musk
115838,Niche 4 All,Hazel Cognac,2022,https://www.parfumo.com/Perfumes/niche-4-all/hazel-cognac
115839,Niche 4 All,Honey Tobacco,2020,https://www.parfumo.com/Perfumes/niche-4-all/honey-tobacco
115840,Niche 4 All,Juniper Vanilla,2024,https://www.parfumo.com/Perfumes/niche-4-all/juniper-vanilla
115841,Niche 4 All,Lavender Citrus,,https://www.parfumo.com/Perfumes/niche-4-all/lavender-citrus
115842,Niche 4 All,Lemon Mango,2024,https://www.parfumo.com/Perfumes/niche-4-all/lemon-mango
115843,Niche 4 All,Limon Oud,2020,https://www.parfumo.com/Perfumes/niche-4-all/limon-oud
115844,Niche 4 All,Magnolia Violet,2024,https://www.parfumo.com/Perfumes/niche-4-all/magnolia-violet
115845,Niche 4 All,Mandarin Ocean,2023,https://www.parfumo.com/Perfumes/niche-4-all/mandarin-ocean
115846,Niche Avenue,Ameer,2025,https://www.fragrantica.com/perfume/Niche-Avenue/Ameer-136364.html
115847,Niche Avenue,Aser,2025,https://www.fragrantica.com/perfume/Niche-Avenue/Aser-136356.html
115848,Niche Avenue,Atheer,2025,https://www.fragrantica.com/perfume/Niche-Avenue/Atheer-136361.html
115849,Niche Avenue,Dahab,2025,https://www.fragrantica.com/perfume/Niche-Avenue/Dahab-136354.html
115850,Niche Avenue,Enzo Red,2025,https://www.fragrantica.com/perfume/Niche-Avenue/Enzo-Red-136366.html
115851,Niche Avenue,Enzo Titanium,2025,https://www.fragrantica.com/perfume/Niche-Avenue/Enzo-Titanium-136365.html
115852,Niche Avenue,Fahed,2025,https://www.fragrantica.com/perfume/Niche-Avenue/Fahed-136359.html
115853,Niche Avenue,Faris,2025,https://www.fragrantica.com/perfume/Niche-Avenue/Faris-136350.html
115854,Niche Avenue,Hadi,2025,https://www.fragrantica.com/perfume/Niche-Avenue/Hadi-136352.html
115855,Niche Avenue,Haneen,2025,https://www.fragrantica.com/perfume/Niche-Avenue/Haneen-136349.html
115856,Niche Avenue,Hayat,2025,https://www.fragrantica.com/perfume/Niche-Avenue/Hayat-136351.html
115857,Niche Avenue,Kenan,,https://www.fragrantica.com/perfume/Niche-Avenue/Kenan-136360.html
115858,Niche Avenue,Khayal,2025,https://www.fragrantica.com/perfume/Niche-Avenue/Khayal-136358.html
115859,Niche Avenue,Mawj,2025,https://www.fragrantica.com/perfume/Niche-Avenue/Mawj-136357.html
115860,Niche Avenue,Naya,2025,https://www.fragrantica.com/perfume/Niche-Avenue/Naya-136353.html
115861,Niche Avenue,Noor,2025,https://www.fragrantica.com/perfume/Niche-Avenue/Noor-136355.html
115862,Niche Avenue,Sama,2025,https://www.fragrantica.com/perfume/Niche-Avenue/Sama-136362.html
115863,Niche Exclusive,Allegria,2022,https://www.fragrantica.com/perfume/Niche-Exclusive/Allegria-122425.html
115864,Niche Exclusive,Amber Vanilla,2022,https://www.fragrantica.com/perfume/Niche-Exclusive/Amber-Vanilla-122220.html
115865,Niche Exclusive,Black Oud,2021,https://www.fragrantica.com/perfume/Niche-Exclusive/Black-Oud-122244.html
115866,Niche Exclusive,Bronze Tonka,2022,https://www.fragrantica.com/perfume/Niche-Exclusive/Bronze-Tonka-122315.html
115867,Niche Exclusive,Cool Leather,2022,https://www.fragrantica.com/perfume/Niche-Exclusive/Cool-Leather-122239.html
115868,Niche Exclusive,Efendy,2025,https://www.fragrantica.com/perfume/Niche-Exclusive/Efendy-122224.html
115869,Niche Exclusive,Elisa,2025,https://www.fragrantica.com/perfume/Niche-Exclusive/Elisa-122795.html
115870,Niche Exclusive,Elixir,2025,https://www.fragrantica.com/perfume/Niche-Exclusive/Elixir-122243.html
115871,Niche Exclusive,Myra,2021,https://www.fragrantica.com/perfume/Niche-Exclusive/Myra-122223.html
115872,Niche Exclusive,Mystrey,2021,https://www.fragrantica.com/perfume/Niche-Exclusive/Mystrey-122216.html
115873,Niche Exclusive,Paradise,2021,https://www.fragrantica.com/perfume/Niche-Exclusive/Paradise-122527.html
115874,Niche Exclusive,Parla,2025,https://www.fragrantica.com/perfume/Niche-Exclusive/Parla-122531.html
115875,Niche Exclusive,Therapie,2021,https://www.fragrantica.com/perfume/Niche-Exclusive/Therapie-122235.html
115876,Niche Exclusive,Xanthos,2021,https://www.fragrantica.com/perfume/Niche-Exclusive/Xanthos-122231.html
115877,Niche Fragrance,Imperial,2024,https://www.fragrantica.com/perfume/Niche-Fragrance/Imperial-107967.html
115878,Niche House,Ambiance,2024,https://www.fragrantica.com/perfume/Niche-House/Ambiance-97851.html
115879,Niche House,Ambition,2024,https://www.fragrantica.com/perfume/Niche-House/Ambition-97840.html
115880,Niche House,Amour,2024,https://www.fragrantica.com/perfume/Niche-House/Amour-97847.html
115881,Niche House,Ardent,2024,https://www.fragrantica.com/perfume/Niche-House/Ardent-97854.html
115882,Niche House,Attitude,2024,https://www.fragrantica.com/perfume/Niche-House/Attitude-97843.html
115883,Niche House,Beauté,2024,https://www.fragrantica.com/perfume/Niche-House/Beaute-97848.html
115884,Niche House,Bois de Santal,2024,https://www.fragrantica.com/perfume/Niche-House/Bois-de-Santal-97864.html
115885,Niche House,Champs Elyses,2024,https://www.fragrantica.com/perfume/Niche-House/Champs-Elyses-97845.html
115886,Niche House,Cigare,2024,https://www.fragrantica.com/perfume/Niche-House/Cigare-97862.html
115887,Niche House,Désir,2024,https://www.fragrantica.com/perfume/Niche-House/Desir-97855.html
115888,Niche House,Eiffel Paris,2024,https://www.fragrantica.com/perfume/Niche-House/Eiffel-Paris-97844.html
115889,Niche House,Emouvante,2024,https://www.fragrantica.com/perfume/Niche-House/Emouvante-97859.html
115890,Niche House,Hommage,2024,https://www.fragrantica.com/perfume/Niche-House/Hommage-97858.html
115891,Niche House,Indigo,2024,https://www.fragrantica.com/perfume/Niche-House/Indigo-97861.html
115892,Niche House,La Fusion,2024,https://www.fragrantica.com/perfume/Niche-House/La-Fusion-97857.html
115893,Niche House,Louvre,2024,https://www.fragrantica.com/perfume/Niche-House/Louvre-97838.html
115894,Niche House,Minuite,2024,https://www.fragrantica.com/perfume/Niche-House/Minuite-97860.html
115895,Niche House,Mode,2024,https://www.fragrantica.com/perfume/Niche-House/Mode-97842.html
115896,Niche House,MOLÉCULE,2024,https://www.fragrantica.com/perfume/Niche-House/MOLECULE-97856.html
115897,Niche House,Moulin Rouge,2024,https://www.fragrantica.com/perfume/Niche-House/Moulin-Rouge-97850.html
115898,Niche House,Mystique,2024,https://www.fragrantica.com/perfume/Niche-House/Mystique-97852.html
115899,Niche House,Notre Dame,2024,https://www.fragrantica.com/perfume/Niche-House/Notre-Dame-97836.html
115900,Niche House,Opéra Garnier,2024,https://www.fragrantica.com/perfume/Niche-House/Opera-Garnier-97835.html
115901,Niche House,Orage,2024,https://www.fragrantica.com/perfume/Niche-House/Orage-97853.html
115902,Niche House,Oud,2024,https://www.fragrantica.com/perfume/Niche-House/Oud-97863.html
115903,Niche House,Paradis,2024,https://www.fragrantica.com/perfume/Niche-House/Paradis-97846.html
115904,Niche House,Plasir,2024,https://www.fragrantica.com/perfume/Niche-House/Plasir-97849.html
115905,Niche House,Vin Rouge,2024,https://www.fragrantica.com/perfume/Niche-House/Vin-Rouge-97865.html
115906,Niche House,Voir,2024,https://www.fragrantica.com/perfume/Niche-House/Voir-97841.html
115907,Niche4All,Agar Oud,2020,https://www.fragrantica.com/perfume/Niche4All/Agar-Oud-64444.html
115908,Niche4All,Almond Vanilla,2020,https://www.fragrantica.com/perfume/Niche4All/Almond-Vanilla-64443.html
115909,Niche4All,Amber Vetiver,2020,https://www.fragrantica.com/perfume/Niche4All/Amber-Vetiver-64450.html
115910,Niche4All,Benzo Vanil,2020,https://www.fragrantica.com/perfume/Niche4All/Benzo-Vanil-64436.html
115911,Niche4All,Cardamom Vanilla,2020,https://www.fragrantica.com/perfume/Niche4All/Cardamom-Vanilla-64445.html
115912,Niche4All,Floral Oud,2020,https://www.fragrantica.com/perfume/Niche4All/Floral-Oud-64442.html
115913,Niche4All,Honey Tobacco,2020,https://www.fragrantica.com/perfume/Niche4All/Honey-Tobacco-64441.html
115914,Niche4All,Limon Oud,2020,https://www.fragrantica.com/perfume/Niche4All/Limon-Oud-64440.html
115915,Niche4All,Oriental Incense,2020,https://www.fragrantica.com/perfume/Niche4All/Oriental-Incense-64438.html
115916,Niche4All,Patchouli Cedar,2020,https://www.fragrantica.com/perfume/Niche4All/Patchouli-Cedar-64446.html
115917,Niche4All,Patchouli TB,2020,https://www.fragrantica.com/perfume/Niche4All/Patchouli-TB-64449.html
115918,Niche4All,Pineapple Oak,2020,https://www.fragrantica.com/perfume/Niche4All/Pineapple-Oak-64439.html
115919,Niche4All,Rose Oud,2020,https://www.fragrantica.com/perfume/Niche4All/Rose-Oud-64447.html
115920,Niche4All,Sea Mint,2020,https://www.fragrantica.com/perfume/Niche4All/Sea-Mint-64437.html
115921,Niche4All,Tobacco Vanil,2020,https://www.fragrantica.com/perfume/Niche4All/Tobacco-Vanil-64448.html
115922,Nicheend,Asteroid,2022,https://www.fragrantica.com/perfume/Nicheend/Asteroid-78206.html
115923,Nicheend,Astronaut,2022,https://www.fragrantica.com/perfume/Nicheend/Astronaut-78208.html
115924,Nicheend,Black Hole,2022,https://www.fragrantica.com/perfume/Nicheend/Black-Hole-78211.html
115925,Nicheend,Earth,2022,https://www.fragrantica.com/perfume/Nicheend/Earth-78220.html
115926,Nicheend,Gravity,2022,https://www.fragrantica.com/perfume/Nicheend/Gravity-78210.html
115927,Nicheend,Jupiter,2022,https://www.fragrantica.com/perfume/Nicheend/Jupiter-78218.html
115928,Nicheend,Kepler-51D,2024,https://www.fragrantica.com/perfume/Nicheend/Kepler-51D-95709.html
115929,Nicheend,Mars,2022,https://www.fragrantica.com/perfume/Nicheend/Mars-78219.html
115930,Nicheend,Mercury,2022,https://www.fragrantica.com/perfume/Nicheend/Mercury-78222.html
115931,Nicheend,Moon,2022,https://www.fragrantica.com/perfume/Nicheend/Moon-78213.html
115932,Nicheend,Neptune,2022,https://www.fragrantica.com/perfume/Nicheend/Neptune-78215.html
115933,Nicheend,Planet X,2022,https://www.fragrantica.com/perfume/Nicheend/Planet-X-78212.html
115934,Nicheend,Pluto,2022,https://www.fragrantica.com/perfume/Nicheend/Pluto-78214.html
115935,Nicheend,Saturn,2022,https://www.fragrantica.com/perfume/Nicheend/Saturn-78217.html
115936,Nicheend,Space,2022,https://www.fragrantica.com/perfume/Nicheend/Space-78204.html
115937,Nicheend,Sun,2022,https://www.fragrantica.com/perfume/Nicheend/Sun-78223.html
115938,Nicheend,Supernova,2022,https://www.fragrantica.com/perfume/Nicheend/Supernova-78205.html
115939,Nicheend,Uranus,2022,https://www.fragrantica.com/perfume/Nicheend/Uranus-78216.html
115940,Nicheend,Venus,2022,https://www.fragrantica.com/perfume/Nicheend/Venus-78221.html
115941,Nick Ricardo Collection,Desire,2019,https://www.fragrantica.com/perfume/Nick-Ricardo-Collection/Desire-61963.html
115942,Nick Ricardo Collection,Mention,2019,https://www.fragrantica.com/perfume/Nick-Ricardo-Collection/Mention-61964.html
115943,Nick Ricardo Collection,Onyx,2019,https://www.fragrantica.com/perfume/Nick-Ricardo-Collection/Onyx-61965.html
115944,Nick Ricardo Collection,Turbulent,2019,https://www.fragrantica.com/perfume/Nick-Ricardo-Collection/Turbulent-61966.html
115945,Nickel,Calamity Ginger,2008,https://www.fragrantica.com/perfume/Nickel/Calamity-Ginger-9525.html
115946,Nickel,Eau Maximum,2006,https://www.fragrantica.com/perfume/Nickel/Eau-Maximum-9743.html
115947,Nickel,Enemy,2003,https://www.fragrantica.com/perfume/Nickel/Enemy-9522.html
115948,Nickel,Suzy Panty,2008,https://www.fragrantica.com/perfume/Nickel/Suzy-Panty-9524.html
115949,Nickel,Ulla Lala,2008,https://www.fragrantica.com/perfume/Nickel/Ulla-Lala-9523.html
115950,Nicki Minaj,Minajesty Body Mist,,https://www.fragrantica.com/perfume/Nicki-Minaj/Minajesty-Body-Mist-140098.html
115951,Nicki Minaj,Minajesty Exotic Edition (Parfum),2014,https://www.fragrantica.com/perfume/Nicki-Minaj/Minajesty-Exotic-Edition-25912.html
115952,Nicki Minaj,Minajesty (Parfum),2013,https://www.fragrantica.com/perfume/Nicki-Minaj/Minajesty-18900.html
115953,Nicki Minaj,Onika (Parfum),2014,https://www.fragrantica.com/perfume/Nicki-Minaj/Onika-25913.html
115954,Nicki Minaj,Onika Swarovski Edition (Parfum),,https://www.parfumo.com/Perfumes/Nicki_Minaj/Onika_Swarovski_Edition
115955,Nicki Minaj,Pink Friday 2 (Parfum),2023,https://www.fragrantica.com/perfume/Nicki-Minaj/Pink-Friday-2-88380.html
115956,Nicki Minaj,Pink Friday Deluxe Edition (Eau de Parfum),2013,https://www.fragrantica.com/perfume/Nicki-Minaj/Pink-Friday-Deluxe-Edition-22105.html
115957,Nicki Minaj,Pink Friday (Eau de Parfum),2012,https://www.fragrantica.com/perfume/Nicki-Minaj/Pink-Friday-16078.html
115958,Nicki Minaj,Pink Friday Special Edition (Eau de Parfum),2013,https://www.fragrantica.com/perfume/Nicki-Minaj/Pink-Friday-Special-Edition-17829.html
115959,Nicki Minaj,Queen (Parfum),2019,https://www.fragrantica.com/perfume/Nicki-Minaj/Queen-53540.html
115960,Nicki Minaj,The Pinkprint,2015,https://www.fragrantica.com/perfume/Nicki-Minaj/The-Pinkprint-31669.html
115961,Nicki Minaj,Trini Girl (Parfum),2016,https://www.fragrantica.com/perfume/Nicki-Minaj/Trini-Girl-41709.html
115962,Nicky Chini,Lavanda Coldinava,1930,https://www.fragrantica.com/perfume/Nicky-Chini/Lavanda-Coldinava-76860.html
115963,Nicky Verfaillie,Grain de Folie,,https://www.fragrantica.com/perfume/Nicky-Verfaillie/Grain-de-Folie-77578.html
115964,Nicky Verfaillie,Grain de Passion,1980,https://www.fragrantica.com/perfume/Nicky-Verfaillie/Grain-de-Passion-77579.html
115965,Nicky Verfaillie,Grain de Sable,1977,https://www.fragrantica.com/perfume/Nicky-Verfaillie/Grain-de-Sable-77577.html
115966,Nico Uytterhaegen,Nononsense 1,2011,https://www.fragrantica.com/perfume/Nico-Uytterhaegen/Nononsense-1-16016.html
115967,Nico Uytterhaegen,Nononsense 10,2012,https://www.fragrantica.com/perfume/Nico-Uytterhaegen/Nononsense-10-16025.html
115968,Nico Uytterhaegen,Nononsense 2,2011,https://www.fragrantica.com/perfume/Nico-Uytterhaegen/Nononsense-2-16017.html
115969,Nico Uytterhaegen,Nononsense 3,2011,https://www.fragrantica.com/perfume/Nico-Uytterhaegen/Nononsense-3-16018.html
115970,Nico Uytterhaegen,Nononsense 4,2011,https://www.fragrantica.com/perfume/Nico-Uytterhaegen/Nononsense-4-16019.html
115971,Nico Uytterhaegen,Nononsense 5,2011,https://www.fragrantica.com/perfume/Nico-Uytterhaegen/Nononsense-5-16020.html
115972,Nico Uytterhaegen,Nononsense 6,2011,https://www.fragrantica.com/perfume/Nico-Uytterhaegen/Nononsense-6-16021.html
115973,Nico Uytterhaegen,Nononsense 7,2011,https://www.fragrantica.com/perfume/Nico-Uytterhaegen/Nononsense-7-16022.html
115974,Nico Uytterhaegen,Nononsense 8,2011,https://www.fragrantica.com/perfume/Nico-Uytterhaegen/Nononsense-8-16023.html
115975,Nico Uytterhaegen,Nononsense 9,2012,https://www.fragrantica.com/perfume/Nico-Uytterhaegen/Nononsense-9-16024.html
115976,Nico Uytterhaegen,Unisekt Arae,2012,https://www.fragrantica.com/perfume/Nico-Uytterhaegen/Unisekt-Arae-16298.html
115977,Nico Uytterhaegen,Unisekt Vyyr,2012,https://www.fragrantica.com/perfume/Nico-Uytterhaegen/Unisekt-Vyyr-16299.html
115978,Nicolaï,Ballamour Toujours,,https://www.parfumo.com/Perfumes/Nicolai/Ballamour_Toujours
115979,Nicolaï,Carré d'As,,https://www.parfumo.com/Perfumes/Nicolai/Carre_d_As
115980,Nicolaï,Cologne Cédrat Eau de Cologne Cédrat,,https://www.parfumo.com/Perfumes/Nicolai/Cologne_Cedrat_Eau_de_Cologne_Cedrat
115981,Nicolaï,Eau d'Été,,https://www.parfumo.com/Perfumes/Nicolai/Eaux_Fraiches_Eau_d_Ete
115982,Nicolaï,Eau de Cheverny,,https://www.parfumo.com/Perfumes/Nicolai/Eau_de_Cheverny
115983,Nicolaï,Eau De Cologne Cédrat,,https://huggingface.co/datasets/doevent/perfume
115984,Nicolaï,Eau de Cologne pour la Friction,,https://www.parfumo.com/Perfumes/Nicolai/eau-de-cologne-pour-la-friction
115985,Nicolaï,Eau de Lude,,https://www.parfumo.com/Perfumes/Nicolai/Eau_de_Lude
115986,Nicolaï,Eau Exotique,,https://www.parfumo.com/Perfumes/Nicolai/Eaux_Fraiches_Eau_Exotique
115987,Nicolaï,Grandes Vacances,,https://www.parfumo.com/Perfumes/Nicolai/Grandes_Vacances
115988,Nicolaï,Haute Provence (Eau De Provence),,https://huggingface.co/datasets/doevent/perfume
115989,Nicolaï,Kiss Me Intense (Kiss Me Tender),,https://huggingface.co/datasets/doevent/perfume
115990,Nicolaï,L'Eau à la Folie,,https://www.parfumo.com/Perfumes/Nicolai/L_Eau__la_Folie
115991,Nicolaï,L'Eau cHic,,https://www.parfumo.com/Perfumes/Nicolai/L_Eau_cHic
115992,Nicolaï,L'Eau Corail,,https://www.parfumo.com/Perfumes/Nicolai/L_Eau_Corail
115993,Nicolaï,L'Eau de Sport Balle de Match,,https://www.parfumo.com/Perfumes/Nicolai/L_Eau_de_Sport_Balle_de_Match
115994,Nicolaï,L'Eau miXte,,https://www.parfumo.com/Perfumes/Nicolai/L_Eau_miXte
115995,Nicolaï,La Nostalgie,,https://www.parfumo.com/Perfumes/Nicolai/La_Nostalgie
115996,Nicolaï,Le Temps d'Une Fête,,https://www.parfumo.com/Perfumes/Nicolai/Le_Temps_d_Une_Fte
115997,Nicolaï,Le Temps D'Une Fête (2007),2007,https://huggingface.co/datasets/doevent/perfume
115998,Nicolaï,Patchouli Intense Nicolaï / Parfums de Nicolaï Brume pour Cheveux (Body Mist),,https://www.parfumo.com/Perfumes/Nicolai/patchouli-intense-brume-pour-cheveux
115999,Nicolaï,Patchouli Intense Patchouli Homme Nicolaï / Parfums de Nicolaï 2009 Eau de Parfum,2009,https://www.parfumo.com/Perfumes/Nicolai/Patchouli_Intense_Patchouli_Homme
116000,Nicolaï,Poudre de Musc Intense Nicolaï / Parfums de Nicolaï 2022 Brume pour Cheveux (Body Mist),2022,https://www.parfumo.com/Perfumes/Nicolai/poudre-de-musc-intense-brume-pour-cheveux116001,Nicolaï,Poudre de Musc Intense Nicolaï / Parfums de Nicolaï Eau de Parfum,,https://www.parfumo.com/Perfumes/Nicolai/poudre-de-musc-intense-eau-de-parfum
116002,Nicolaï,Sacrebleu Nicolaï / Parfums de Nicolaï 1993 Eau de Parfum,1993,https://www.parfumo.com/Perfumes/Nicolai/Sacrebleu
116003,Nicolaï,Sacrebleu Nicolaï / Parfums de Nicolaï Eau de Toilette,,https://www.parfumo.com/Perfumes/Nicolai/Sacrebleu_Eau_de_Toilette
116004,Nicolaï,Tropical Comores Nicolaï / Parfums de Nicolaï Eau de Parfum,,https://www.parfumo.com/Perfumes/Nicolai/Tropical_Comores_Eau_de_Parfum
116005,Nicolaï,Tropical Comores Nicolaï / Parfums de Nicolaï Extrait,,https://www.parfumo.com/Perfumes/Nicolai/Tropical_Comores_Extrait
116006,Nicolaï,Vie De Château Intense (Cheverny),,https://huggingface.co/datasets/doevent/perfume
116007,Nicolaï,Week-End À Deauville (2009),2009,https://huggingface.co/datasets/doevent/perfume
116008,Nicolaï,Week-End in Normandy Week-End à Deauville,,https://www.parfumo.com/Perfumes/Nicolai/Week_End_in_Normandy_Week_End__Deauville_2011
116009,Nicolaï,Week-End (Week-End À Deauville) 2011,2011,https://huggingface.co/datasets/doevent/perfume
116010,Nicolai Bergmann,"Gardenia, Lilac & White Magnolia",2011,https://www.fragrantica.com/perfume/Nicolai-Bergmann/Gardenia-Lilac-White-Magnolia-14792.html
116011,Nicolai Bergmann,Japanese Quince & Wild Osmanthus,2011,https://www.fragrantica.com/perfume/Nicolai-Bergmann/Japanese-Quince-Wild-Osmanthus-14795.html
116012,Nicolai Bergmann,"Jasmine, Lotus and Green Tea",2011,https://www.fragrantica.com/perfume/Nicolai-Bergmann/Jasmine-Lotus-and-Green-Tea-14794.html
116013,Nicolai Bergmann,Sahara Rose,2011,https://www.fragrantica.com/perfume/Nicolai-Bergmann/Sahara-Rose-14797.html
116014,Nicolai Bergmann,Sweet Orchid & Antique Sandalwood,2011,https://www.fragrantica.com/perfume/Nicolai-Bergmann/Sweet-Orchid-Antique-Sandalwood-14796.html
116015,Nicolai Bergmann,Vintage Peony & Fig Leaf,2011,https://www.fragrantica.com/perfume/Nicolai-Bergmann/Vintage-Peony-Fig-Leaf-14798.html
116016,Nicolai Bergmann,Waterlily and Freesia,2011,https://www.fragrantica.com/perfume/Nicolai-Bergmann/Waterlily-and-Freesia-14793.html
116017,Nicolai Parfumeur Createur,Amber Oud,2013,https://www.fragrantica.com/perfume/Nicolai-Parfumeur-Createur/Amber-Oud-22192.html
116018,Nicolai Parfumeur Createur,Ambre Cashmere Intense,2015,https://www.fragrantica.com/perfume/Nicolai-Parfumeur-Createur/Ambre-Cashmere-Intense-32133.html
116019,Nicolai Parfumeur Createur,Angelys Pear,2020,https://www.fragrantica.com/perfume/Nicolai-Parfumeur-Createur/Angelys-Pear-59190.html
116020,Nicolai Parfumeur Createur,Baikal Leather Intense,2019,https://www.fragrantica.com/perfume/Nicolai-Parfumeur-Createur/Baikal-Leather-Intense-56347.html
116021,Nicolai Parfumeur Createur,Baladin,1994,https://www.fragrantica.com/perfume/Nicolai-Parfumeur-Createur/Baladin-10519.html
116022,Nicolai Parfumeur Createur,Balkis,2003,https://www.fragrantica.com/perfume/Nicolai-Parfumeur-Createur/Balkis-10520.html
116023,Nicolai Parfumeur Createur,Balle de Match,2002,https://www.fragrantica.com/perfume/Nicolai-Parfumeur-Createur/Balle-de-Match-10521.html
116024,Nicolai Parfumeur Createur,Bois Bélize Intense,2020,https://www.fragrantica.com/perfume/Nicolai-Parfumeur-Createur/Bois-Belize-Intense-62906.html
116025,Nicolai Parfumeur Createur,Cap Neroli,2018,https://www.fragrantica.com/perfume/Nicolai-Parfumeur-Createur/Cap-Neroli-48543.html
116026,Nicolai Parfumeur Createur,Caravansérail Intense,2023,https://www.fragrantica.com/perfume/Nicolai-Parfumeur-Createur/Caravanserail-Intense-78924.html
116027,Nicolai Parfumeur Createur,Carre d'As,1995,https://www.fragrantica.com/perfume/Nicolai-Parfumeur-Createur/Carre-d-As-9205.html
116028,Nicolai Parfumeur Createur,Cedrat Intense,2007,https://www.fragrantica.com/perfume/Nicolai-Parfumeur-Createur/Cedrat-Intense-3493.html
116029,Nicolai Parfumeur Createur,Cococabana,2006,https://www.fragrantica.com/perfume/Nicolai-Parfumeur-Createur/Cococabana-10331.html
116030,Nicolai Parfumeur Createur,Cologne Cedrat (Eau de Cologne),2006,https://www.fragrantica.com/perfume/Nicolai-Parfumeur-Createur/Cologne-Cedrat-3492.html
116031,Nicolai Parfumeur Createur,Cologne Sologne (Eau de Cologne),1989,https://www.fragrantica.com/perfume/Nicolai-Parfumeur-Createur/Cologne-Sologne-21357.html
116032,Nicolai Parfumeur Createur,Crème Ébène,2025,https://www.fragrantica.com/perfume/Nicolai-Parfumeur-Createur/Creme-Ebene-103014.html
116033,Nicolai Parfumeur Createur,Cuir Cuba Intense,2014,https://www.fragrantica.com/perfume/Nicolai-Parfumeur-Createur/Cuir-Cuba-Intense-28363.html
116034,Nicolai Parfumeur Createur,Eau d'Ete,1997,https://www.fragrantica.com/perfume/Nicolai-Parfumeur-Createur/Eau-d-Ete-8406.html
116035,Nicolai Parfumeur Createur,Eau de Yuzu,2020,https://www.fragrantica.com/perfume/Nicolai-Parfumeur-Createur/Eau-de-Yuzu-61362.html
116036,Nicolai Parfumeur Createur,Eau Exotique Eau Fraiche,2005,https://www.fragrantica.com/perfume/Nicolai-Parfumeur-Createur/Eau-Exotique-Eau-Fraiche-20020.html
116037,Nicolai Parfumeur Createur,Eau sOleil,2013,https://www.fragrantica.com/perfume/Nicolai-Parfumeur-Createur/Eau-sOleil-18544.html
116038,Nicolai Parfumeur Createur,Eau Turquoise,2008,https://www.fragrantica.com/perfume/Nicolai-Parfumeur-Createur/Eau-Turquoise-3497.html
116039,Nicolai Parfumeur Createur,Eclipse,,https://www.fragrantica.com/perfume/Nicolai-Parfumeur-Createur/Eclipse-27967.html
116040,Nicolai Parfumeur Createur,Fig Tea,2007,https://www.fragrantica.com/perfume/Nicolai-Parfumeur-Createur/Fig-Tea-2037.html
116041,Nicolai Parfumeur Createur,Fig-Tea Intense,2026,https://www.fragrantica.com/perfume/Nicolai-Parfumeur-Createur/Fig-Tea-Intense-126698.html
116042,Nicolai Parfumeur Createur,Fleur d'Oranger,2026,https://www.fragrantica.com/perfume/Nicolai-Parfumeur-Createur/Fleur-d-Oranger-132354.html
116043,Nicolai Parfumeur Createur,Haute Provence,1992,https://www.fragrantica.com/perfume/Nicolai-Parfumeur-Createur/Haute-Provence-71923.html
116044,Nicolai Parfumeur Createur,Incense Oud,2016,https://www.fragrantica.com/perfume/Nicolai-Parfumeur-Createur/Incense-Oud-40712.html
116045,Nicolai Parfumeur Createur,Iris Medicis Intense,2023,https://www.fragrantica.com/perfume/Nicolai-Parfumeur-Createur/Iris-Medicis-Intense-84067.html
116046,Nicolai Parfumeur Createur,Jardin Secret,1990,https://www.fragrantica.com/perfume/Nicolai-Parfumeur-Createur/Jardin-Secret-10089.html
116047,Nicolai Parfumeur Createur,Juste un rêve,,https://www.fragrantica.com/perfume/Nicolai-Parfumeur-Createur/Juste-un-reve-7171.html
116048,Nicolai Parfumeur Createur,Kiss Me Intense,2014,https://www.fragrantica.com/perfume/Nicolai-Parfumeur-Createur/Kiss-Me-Intense-28181.html
116049,Nicolai Parfumeur Createur,Kiss Me Tender,2010,https://www.fragrantica.com/perfume/Nicolai-Parfumeur-Createur/Kiss-Me-Tender-10639.html
116050,Nicolai Parfumeur Createur,L'Eau à la Folie,2012,https://www.fragrantica.com/perfume/Nicolai-Parfumeur-Createur/L-Eau-a-la-Folie-14844.html
116051,Nicolai Parfumeur Createur,L'Eau Chic,2011,https://www.fragrantica.com/perfume/Nicolai-Parfumeur-Createur/L-Eau-Chic-12775.html
116052,Nicolai Parfumeur Createur,L’Eau Corail,2015,https://www.fragrantica.com/perfume/Nicolai-Parfumeur-Createur/L-Eau-Corail-30970.html
116053,Nicolai Parfumeur Createur,L'Eau Mixte,2010,https://www.fragrantica.com/perfume/Nicolai-Parfumeur-Createur/L-Eau-Mixte-8314.html
116054,Nicolai Parfumeur Createur,Le Temps d'une Fête,2007,https://www.fragrantica.com/perfume/Nicolai-Parfumeur-Createur/Le-Temps-d-une-Fete-2038.html
116055,Nicolai Parfumeur Createur,Macaron Bourbon,2024,https://www.fragrantica.com/perfume/Nicolai-Parfumeur-Createur/Macaron-Bourbon-91006.html
116056,Nicolai Parfumeur Createur,Maharadjah,,https://www.fragrantica.com/perfume/Nicolai-Parfumeur-Createur/Maharadjah-7172.html
116057,Nicolai Parfumeur Createur,Maharanih,,https://www.fragrantica.com/perfume/Nicolai-Parfumeur-Createur/Maharanih-7175.html
116058,Nicolai Parfumeur Createur,Maharanih Intense,2008,https://www.fragrantica.com/perfume/Nicolai-Parfumeur-Createur/Maharanih-Intense-3494.html
116059,Nicolai Parfumeur Createur,Mimosaique,1992,https://www.fragrantica.com/perfume/Nicolai-Parfumeur-Createur/Mimosaique-10522.html
116060,Nicolai Parfumeur Createur,Muguet,2025,https://www.fragrantica.com/perfume/Nicolai-Parfumeur-Createur/Muguet-105651.html
116061,Nicolai Parfumeur Createur,Musc Intense,2012,https://www.fragrantica.com/perfume/Nicolai-Parfumeur-Createur/Musc-Intense-16417.html
116062,Nicolai Parfumeur Createur,Musc Monoi,2014,https://www.fragrantica.com/perfume/Nicolai-Parfumeur-Createur/Musc-Monoi-25532.html
116063,Nicolai Parfumeur Createur,Néroli Intense,2018,https://www.fragrantica.com/perfume/Nicolai-Parfumeur-Createur/Neroli-Intense-51514.html
116064,Nicolai Parfumeur Createur,New York,1989,https://www.fragrantica.com/perfume/Nicolai-Parfumeur-Createur/New-York-4874.html
116065,Nicolai Parfumeur Createur,New York Intense,2014,https://www.fragrantica.com/perfume/Nicolai-Parfumeur-Createur/New-York-Intense-28180.html
116066,Nicolai Parfumeur Createur,Nicolaï Pour Homme,,https://www.fragrantica.com/perfume/Nicolai-Parfumeur-Createur/Nicolai-Pour-Homme-9018.html
116067,Nicolai Parfumeur Createur,Number One,1989,https://www.fragrantica.com/perfume/Nicolai-Parfumeur-Createur/Number-One-2039.html
116068,Nicolai Parfumeur Createur,Number One Intense,,https://www.fragrantica.com/perfume/Nicolai-Parfumeur-Createur/Number-One-Intense-21348.html
116069,Nicolai Parfumeur Createur,Odalisque,1989,https://www.fragrantica.com/perfume/Nicolai-Parfumeur-Createur/Odalisque-6379.html
116070,Nicolai Parfumeur Createur,Oud Sublime,2016,https://www.fragrantica.com/perfume/Nicolai-Parfumeur-Createur/Oud-Sublime-38032.html
116071,Nicolai Parfumeur Createur,Patchouli Homme,2009,https://www.fragrantica.com/perfume/Nicolai-Parfumeur-Createur/Patchouli-Homme-6834.html
116072,Nicolai Parfumeur Createur,Patchouli Intense,2009,https://www.fragrantica.com/perfume/Nicolai-Parfumeur-Createur/Patchouli-Intense-21352.html
116073,Nicolai Parfumeur Createur,Patchouli Spirit,2025,https://www.fragrantica.com/perfume/Nicolai-Parfumeur-Createur/Patchouli-Spirit-103456.html
116074,Nicolai Parfumeur Createur,Patchouli Sublime,2017,https://www.fragrantica.com/perfume/Nicolai-Parfumeur-Createur/Patchouli-Sublime-46752.html
116075,Nicolai Parfumeur Createur,Pavlova,2024,https://www.fragrantica.com/perfume/Nicolai-Parfumeur-Createur/Pavlova-91008.html
116076,Nicolai Parfumeur Createur,Petit Ange,,https://www.fragrantica.com/perfume/Nicolai-Parfumeur-Createur/Petit-Ange-15594.html
116077,Nicolai Parfumeur Createur,Petit Ange Eau de Senteur,2026,https://www.fragrantica.com/perfume/Nicolai-Parfumeur-Createur/Petit-Ange-Eau-de-Senteur-135549.html
116078,Nicolai Parfumeur Createur,Petit Ange Eau de Toilette,2026,https://www.fragrantica.com/perfume/Nicolai-Parfumeur-Createur/Petit-Ange-Eau-de-Toilette-141450.html
116079,Nicolai Parfumeur Createur,Poudre de Musc Intense,2021,https://www.fragrantica.com/perfume/Nicolai-Parfumeur-Createur/Poudre-de-Musc-Intense-68610.html
116080,Nicolai Parfumeur Createur,Riviera Verbena,2022,https://www.fragrantica.com/perfume/Nicolai-Parfumeur-Createur/Riviera-Verbena-74677.html
116081,Nicolai Parfumeur Createur,Rose Intense,2008,https://www.fragrantica.com/perfume/Nicolai-Parfumeur-Createur/Rose-Intense-3495.html
116082,Nicolai Parfumeur Createur,Rose Oud,2013,https://www.fragrantica.com/perfume/Nicolai-Parfumeur-Createur/Rose-Oud-22191.html
116083,Nicolai Parfumeur Createur,Rose Pivoine,,https://www.fragrantica.com/perfume/Nicolai-Parfumeur-Createur/Rose-Pivoine-7174.html
116084,Nicolai Parfumeur Createur,Rose Royale,2017,https://www.fragrantica.com/perfume/Nicolai-Parfumeur-Createur/Rose-Royale-43480.html
116085,Nicolai Parfumeur Createur,Sacrebleu,1993,https://www.fragrantica.com/perfume/Nicolai-Parfumeur-Createur/Sacrebleu-6378.html
116086,Nicolai Parfumeur Createur,Sacrebleu Intense,2008,https://www.fragrantica.com/perfume/Nicolai-Parfumeur-Createur/Sacrebleu-Intense-3496.html
116087,Nicolai Parfumeur Createur,Saint Honoré,2024,https://www.fragrantica.com/perfume/Nicolai-Parfumeur-Createur/Saint-Honore-91007.html
116088,Nicolai Parfumeur Createur,Sultan Leather,2026,https://www.fragrantica.com/perfume/Nicolai-Parfumeur-Createur/Sultan-Leather-135671.html
116089,Nicolai Parfumeur Createur,Une Fleur en Mai,2024,https://www.fragrantica.com/perfume/Nicolai-Parfumeur-Createur/Une-Fleur-en-Mai-92644.html
116090,Nicolai Parfumeur Createur,Vanille Intense,1993,https://www.fragrantica.com/perfume/Nicolai-Parfumeur-Createur/Vanille-Intense-10523.html
116091,Nicolai Parfumeur Createur,Vanille Tonka,,https://www.fragrantica.com/perfume/Nicolai-Parfumeur-Createur/Vanille-Tonka-7173.html
116092,Nicolai Parfumeur Createur,Vetyver,,https://www.fragrantica.com/perfume/Nicolai-Parfumeur-Createur/Vetyver-10524.html
116093,Nicolai Parfumeur Createur,Victoire,2024,https://www.fragrantica.com/perfume/Nicolai-Parfumeur-Createur/Victoire-93373.html
116094,Nicolai Parfumeur Createur,Vie de Chateau,1992,https://www.fragrantica.com/perfume/Nicolai-Parfumeur-Createur/Vie-de-Chateau-10257.html
116095,Nicolai Parfumeur Createur,Vie de Chateau Intense,,https://www.fragrantica.com/perfume/Nicolai-Parfumeur-Createur/Vie-de-Chateau-Intense-23199.html
116096,Nicolai Parfumeur Createur,Violette in Love,2009,https://www.fragrantica.com/perfume/Nicolai-Parfumeur-Createur/Violette-in-Love-5994.html
116097,Nicolai Parfumeur Createur,Week End,2011,https://www.fragrantica.com/perfume/Nicolai-Parfumeur-Createur/Week-End-11686.html
116098,Nicolai Parfumeur Createur,Week-end a Deauville,2009,https://www.fragrantica.com/perfume/Nicolai-Parfumeur-Createur/Week-end-a-Deauville-5995.html
116099,Nicolai Parfumeur Createur,Week-end in Normandy,2018,https://www.fragrantica.com/perfume/Nicolai-Parfumeur-Createur/Week-end-in-Normandy-53646.html
116100,Nicolaï / Parfums de Nicolaï,Amber Oud,2013,https://www.parfumo.com/Perfumes/Nicolai/Amber_Oud
116101,Nicolaï / Parfums de Nicolaï,Ambre Cashmere Intense,2015,https://www.parfumo.com/Perfumes/Nicolai/Ambre_Cashmere_Intense
116102,Nicolaï / Parfums de Nicolaï,Angelys Pear,2020,https://www.parfumo.com/Perfumes/Nicolai/angelys-pear
116103,Nicolaï / Parfums de Nicolaï,Baïkal Leather Intense,2019,https://www.parfumo.com/Perfumes/Nicolai/baikal-leather-intense
116104,Nicolaï / Parfums de Nicolaï,Baladin,1994,https://www.parfumo.com/Perfumes/Nicolai/Baladin
116105,Nicolaï / Parfums de Nicolaï,Balkis,2003,https://www.parfumo.com/Perfumes/Nicolai/Balkis
116106,Nicolaï / Parfums de Nicolaï,Ballamour Toujours,,https://www.parfumo.com/Perfumes/Nicolai/Ballamour_Toujours
116107,Nicolaï / Parfums de Nicolaï,Balle de Match,2002,
116108,Nicolaï / Parfums de Nicolaï,Bois Bélize Intense,2020,https://www.parfumo.com/Perfumes/Nicolai/bois-belize-intense
116109,Nicolaï / Parfums de Nicolaï,Cap Néroli,2018,https://www.parfumo.com/Perfumes/Nicolai/Cap_Neroli
116110,Nicolaï / Parfums de Nicolaï,Caravansérail Intense,2023,https://www.parfumo.com/Perfumes/Nicolai/caravanserail-intense
116111,Nicolaï / Parfums de Nicolaï,Carré d'As,1995,https://www.parfumo.com/Perfumes/Nicolai/Carre_d_As
116112,Nicolaï / Parfums de Nicolaï,Cédrat Intense,2008,https://www.parfumo.com/Perfumes/Nicolai/Les_Magnifiques_Cedrat_Intense
116113,Nicolaï / Parfums de Nicolaï,Cococabana,2006,https://www.parfumo.com/Perfumes/Nicolai/Cococabana
116114,Nicolaï / Parfums de Nicolaï,Cologne Cedrat (Eau de Cologne),2006,
116115,Nicolaï / Parfums de Nicolaï,Cologne Cédrat Eau de Cologne Cédrat,2006,https://www.parfumo.com/Perfumes/Nicolai/Cologne_Cedrat_Eau_de_Cologne_Cedrat
116116,Nicolaï / Parfums de Nicolaï,Cologne Sologne (Eau de Cologne),1989,https://www.parfumo.com/Perfumes/Nicolai/Cologne_Sologne
116117,Nicolaï / Parfums de Nicolaï,Crème Ébène,,https://www.parfumo.com/Perfumes/Nicolai/creme-ebene-eau-de-parfum-intense
116118,Nicolaï / Parfums de Nicolaï,Cuir Cuba Intense,2014,https://www.parfumo.com/Perfumes/Nicolai/Cuir_Cuba_Intense
116119,Nicolaï / Parfums de Nicolaï,Eau d'Été,1997,https://www.parfumo.com/Perfumes/Nicolai/Eaux_Fraiches_Eau_d_Ete
116120,Nicolaï / Parfums de Nicolaï,Eau de Cheverny,1992,https://www.parfumo.com/Perfumes/Nicolai/Eau_de_Cheverny
116121,Nicolaï / Parfums de Nicolaï,Eau de Cologne pour la Friction,,https://www.parfumo.com/Perfumes/Nicolai/eau-de-cologne-pour-la-friction
116122,Nicolaï / Parfums de Nicolaï,Eau de Lude,2005,https://www.parfumo.com/Perfumes/Nicolai/Eau_de_Lude
116123,Nicolaï / Parfums de Nicolaï,Eau de Yuzu,2020,https://www.parfumo.com/Perfumes/Nicolai/eau-de-yuzu
116124,Nicolaï / Parfums de Nicolaï,Eau Exotique,,https://www.parfumo.com/Perfumes/Nicolai/Eaux_Fraiches_Eau_Exotique
116125,Nicolaï / Parfums de Nicolaï,Eau Exotique Eau Fraiche,2005,
116126,Nicolaï / Parfums de Nicolaï,Eau sOleil,2013,https://www.parfumo.com/Perfumes/Nicolai/Eau_sOleil
116127,Nicolaï / Parfums de Nicolaï,Eau Turquoise,2008,https://www.parfumo.com/Perfumes/Nicolai/Eaux_Fraiches_Eau_Turquoise
116128,Nicolaï / Parfums de Nicolaï,Eclipse,,https://www.parfumo.com/Perfumes/Nicolai/Eclipse
116129,Nicolaï / Parfums de Nicolaï,Fig-Tea,2000,https://www.parfumo.com/Perfumes/Nicolai/Fig_Tea
116130,Nicolaï / Parfums de Nicolaï,Fleur d'Oranger,,https://www.parfumo.com/Perfumes/Nicolai/fleur-d-oranger
116131,Nicolaï / Parfums de Nicolaï,Grandes Vacances,1992,https://www.parfumo.com/Perfumes/Nicolai/Grandes_Vacances
116132,Nicolaï / Parfums de Nicolaï,Haute Provence,1992,https://www.parfumo.com/Perfumes/Nicolai/Haute_Provence
116133,Nicolaï / Parfums de Nicolaï,Incense Oud,2016,https://www.parfumo.com/Perfumes/Nicolai/Incense_Oud
116134,Nicolaï / Parfums de Nicolaï,Iris Medicis,,https://www.parfumo.com/Perfumes/Nicolai/iris-medicis-iris-medicis-intense
116135,Nicolaï / Parfums de Nicolaï,Iris Medicis Intense,2023,https://www.parfumo.com/Perfumes/Nicolai/iris-medicis-intense
116136,Nicolaï / Parfums de Nicolaï,Jardin Secret,,https://www.parfumo.com/Perfumes/Nicolai/Jardins_Secret
116137,Nicolaï / Parfums de Nicolaï,Juste un r ve,,
116138,Nicolaï / Parfums de Nicolaï,Juste Un Rêve,1996,https://www.parfumo.com/Perfumes/Nicolai/Juste_un_Rve
116139,Nicolaï / Parfums de Nicolaï,Kiss Me Intense,2014,https://www.parfumo.com/Perfumes/Nicolai/Kiss_Me_Intense
116140,Nicolaï / Parfums de Nicolaï,Kiss Me Tender,2010,https://www.parfumo.com/Perfumes/Nicolai/Kiss_Me_Tender
116141,Nicolaï / Parfums de Nicolaï,L'Eau à la Folie,2012,https://www.parfumo.com/Perfumes/Nicolai/L_Eau__la_Folie
116142,Nicolaï / Parfums de Nicolaï,L'Eau cHic,2011,https://www.parfumo.com/Perfumes/Nicolai/L_Eau_cHic
116143,Nicolaï / Parfums de Nicolaï,L'Eau Corail,2015,https://www.parfumo.com/Perfumes/Nicolai/L_Eau_Corail
116144,Nicolaï / Parfums de Nicolaï,L'Eau de Sport Balle de Match,2002,https://www.parfumo.com/Perfumes/Nicolai/L_Eau_de_Sport_Balle_de_Match
116145,Nicolaï / Parfums de Nicolaï,L Eau la Folie,2012,
116146,Nicolaï / Parfums de Nicolaï,L'Eau miXte,2010,https://www.parfumo.com/Perfumes/Nicolai/L_Eau_miXte
116147,Nicolaï / Parfums de Nicolaï,La Nostalgie,2016,https://www.parfumo.com/Perfumes/Nicolai/La_Nostalgie
116148,Nicolaï / Parfums de Nicolaï,Le Temps d une F te,2007,
116149,Nicolaï / Parfums de Nicolaï,Le Temps d'Une Fête,2006,https://www.parfumo.com/Perfumes/Nicolai/Le_Temps_d_Une_Fte
116150,Nicolaï / Parfums de Nicolaï,Macaron Bourbon,,https://www.parfumo.com/Perfumes/Nicolai/macaron-bourbon
116151,Nicolaï / Parfums de Nicolaï,Maharadjah,2006,https://www.parfumo.com/Perfumes/Nicolai/Maharadjah
116152,Nicolaï / Parfums de Nicolaï,Maharanih,2006,https://www.parfumo.com/Perfumes/Nicolai/Maharanih
116153,Nicolaï / Parfums de Nicolaï,Maharanih Intense,2008,https://www.parfumo.com/Perfumes/Nicolai/Les_Magnifiques_Maharanih_Intense
116154,Nicolaï / Parfums de Nicolaï,Mimosaique,1992,https://www.parfumo.com/Perfumes/Nicolai/Mimosaique
116155,Nicolaï / Parfums de Nicolaï,Muguet,,https://www.parfumo.com/Perfumes/Nicolai/muguet-une-fleur-en-mai
116156,Nicolaï / Parfums de Nicolaï,Musc Intense,2012,https://www.parfumo.com/Perfumes/Nicolai/Musc_Intense
116157,Nicolaï / Parfums de Nicolaï,Musc Monoï,2014,https://www.parfumo.com/Perfumes/Nicolai/Musc_Monoi
116158,Nicolaï / Parfums de Nicolaï,Néroli Intense,2003,https://www.parfumo.com/Perfumes/Nicolai/Neroli_Intense
116159,Nicolaï / Parfums de Nicolaï,New-York,1989,https://www.parfumo.com/Perfumes/Nicolai/New_York
116160,Nicolaï / Parfums de Nicolaï,New York Intense,2014,https://www.parfumo.com/Perfumes/Nicolai/New_York_Intense
116161,Nicolaï / Parfums de Nicolaï,Nicola Pour Homme,,
116162,Nicolaï / Parfums de Nicolaï,Nicolaï pour Homme,2003,https://www.parfumo.com/Perfumes/Nicolai/Nicolai_pour_Homme
116163,Nicolaï / Parfums de Nicolaï,Number One,1989,https://www.parfumo.com/Perfumes/Nicolai/Number_One
116164,Nicolaï / Parfums de Nicolaï,Number One Intense,,https://www.parfumo.com/Perfumes/Nicolai/Number_One_Intense
116165,Nicolaï / Parfums de Nicolaï,Odalisque,1989,https://www.parfumo.com/Perfumes/Nicolai/Odalisque
116166,Nicolaï / Parfums de Nicolaï,Oud Sublime,2016,https://www.parfumo.com/Perfumes/Nicolai/Oud_Sublime
116167,Nicolaï / Parfums de Nicolaï,Patchouli Intense Nicolaï / Parfums de Nicolaï Brume pour Cheveux,,https://www.parfumo.com/Perfumes/Nicolai/patchouli-intense-brume-pour-cheveux
116168,Nicolaï / Parfums de Nicolaï,Patchouli Intense (Parfum),,https://www.perfume.com/nicolai/patchouli-intense/women-perfume
116169,Nicolaï / Parfums de Nicolaï,Patchouli Intense Patchouli Homme Nicolaï / Parfums de Nicolaï 2009 Eau de Parfum,2009,https://www.parfumo.com/Perfumes/Nicolai/Patchouli_Intense_Patchouli_Homme
116170,Nicolaï / Parfums de Nicolaï,Patchouli Spirit,,https://www.parfumo.com/Perfumes/Nicolai/patchouli-spirit
116171,Nicolaï / Parfums de Nicolaï,Patchouli Sublime,1997,https://www.parfumo.com/Perfumes/Nicolai/Patchouli_Sublime
116172,Nicolaï / Parfums de Nicolaï,Patchouli Sublime (Parfum),1989,https://www.perfume.com/nicolai/nicolai-patchouli-sublime/women-perfume
116173,Nicolaï / Parfums de Nicolaï,Pavlova,,https://www.parfumo.com/Perfumes/Nicolai/pavlova
116174,Nicolaï / Parfums de Nicolaï,Petit Ange,,https://www.parfumo.com/Perfumes/Nicolai/Petit_Ange
116175,Nicolaï / Parfums de Nicolaï,Poudre de Musc Intense Nicolaï / Parfums de Nicolaï 2022 Brume pour Cheveux,2022,https://www.parfumo.com/Perfumes/Nicolai/poudre-de-musc-intense-brume-pour-cheveux
116176,Nicolaï / Parfums de Nicolaï,Poudre de Musc Intense Nicolaï / Parfums de Nicolaï Eau de Parfum,,https://www.parfumo.com/Perfumes/Nicolai/poudre-de-musc-intense-eau-de-parfum
116177,Nicolaï / Parfums de Nicolaï,Riviera Verbena,2022,https://www.parfumo.com/Perfumes/Nicolai/riviera-verbena
116178,Nicolaï / Parfums de Nicolaï,Rose Intense,2008,https://www.parfumo.com/Perfumes/Nicolai/Rose_Intense
116179,Nicolaï / Parfums de Nicolaï,Rose Oud,2013,https://www.parfumo.com/Perfumes/Nicolai/Rose_Oud
116180,Nicolaï / Parfums de Nicolaï,Rose Pivoine,1998,https://www.parfumo.com/Perfumes/Nicolai/Rose_Pivoine
116181,Nicolaï / Parfums de Nicolaï,Rose Royale,2017,https://www.parfumo.com/Perfumes/Nicolai/Rose_Royale
116182,Nicolaï / Parfums de Nicolaï,Sacrebleu,1993,
116183,Nicolaï / Parfums de Nicolaï,Sacrebleu Intense,2008,https://www.parfumo.com/Perfumes/Nicolai/Les_Magnifiques_Sacrebleu_Intense
116184,Nicolaï / Parfums de Nicolaï,Sacrebleu Nicolaï / Parfums de Nicolaï 1993 Eau de Parfum,1993,https://www.parfumo.com/Perfumes/Nicolai/Sacrebleu
116185,Nicolaï / Parfums de Nicolaï,Sacrebleu Nicolaï / Parfums de Nicolaï Eau de Toilette,,https://www.parfumo.com/Perfumes/Nicolai/Sacrebleu_Eau_de_Toilette
116186,Nicolaï / Parfums de Nicolaï,Saint Honoré,,https://www.parfumo.com/Perfumes/Nicolai/saint-honore
116187,Nicolaï / Parfums de Nicolaï,Sultan Leather,,https://www.parfumo.com/Perfumes/Nicolai/sultan-leather
116188,Nicolaï / Parfums de Nicolaï,Tropical Comores Nicolaï / Parfums de Nicolaï Eau de Parfum,,https://www.parfumo.com/Perfumes/Nicolai/Tropical_Comores_Eau_de_Parfum
116189,Nicolaï / Parfums de Nicolaï,Tropical Comores Nicolaï / Parfums de Nicolaï Extrait,,https://www.parfumo.com/Perfumes/Nicolai/Tropical_Comores_Extrait
116190,Nicolaï / Parfums de Nicolaï,Vanille Intense,2009,https://www.parfumo.com/Perfumes/Nicolai/Les_Magnifiques_Vanille_Intense
116191,Nicolaï / Parfums de Nicolaï,Vanille Tonka,1997,https://www.parfumo.com/Perfumes/Nicolai/Vanille_Tonka
116192,Nicolaï / Parfums de Nicolaï,Vetyver,,https://www.parfumo.com/Perfumes/Nicolai/Vetyver
116193,Nicolaï / Parfums de Nicolaï,Victoire,2024,https://www.parfumo.com/Perfumes/Nicolai/victoire
116194,Nicolaï / Parfums de Nicolaï,Vie de Chateau,1992,https://www.parfumo.com/Perfumes/Nicolai/Eaux_Fraiches_Vie_de_Chateau
116195,Nicolaï / Parfums de Nicolaï,Vie de Château Intense,2008,https://www.parfumo.com/Perfumes/Nicolai/Vie_de_Chateau_Intense
116196,Nicolaï / Parfums de Nicolaï,Violette in Love,2009,https://www.parfumo.com/Perfumes/Nicolai/Violette_in_Love
116197,Nicolaï / Parfums de Nicolaï,Week End,2011,
116198,Nicolaï / Parfums de Nicolaï,Week-End à Deauville,2009,https://www.parfumo.com/Perfumes/Nicolai/WeekEnd__Deauville_2009
116199,Nicolaï / Parfums de Nicolaï,Week-End in Normandy Week-End à Deauville,2011,https://www.parfumo.com/Perfumes/Nicolai/Week_End_in_Normandy_Week_End__Deauville_2011
116200,Nicolas Danila,Aboriginal Gardens,2009,https://www.fragrantica.com/perfume/Nicolas-Danila/Aboriginal-Gardens-6958.html
116201,Nicolas Danila,Amazonian Gardens,2009,https://www.fragrantica.com/perfume/Nicolas-Danila/Amazonian-Gardens-6959.html
116202,Nicolas Danila,Amerindian Gardens,2009,https://www.fragrantica.com/perfume/Nicolas-Danila/Amerindian-Gardens-6962.html
116203,Nicolas Danila,Arabian Gardens,2009,https://www.fragrantica.com/perfume/Nicolas-Danila/Arabian-Gardens-6963.html
116204,Nicolas Danila,Asian Gardens,2009,https://www.fragrantica.com/perfume/Nicolas-Danila/Asian-Gardens-6960.html
116205,Nicolas Danila,European Gardens,2009,https://www.fragrantica.com/perfume/Nicolas-Danila/European-Gardens-6964.html
116206,Nicolas Danila,Polynesian Gardens,2009,https://www.fragrantica.com/perfume/Nicolas-Danila/Polynesian-Gardens-6961.html
116207,Nicole Amy Fragrances,Stiletto,2010,https://www.fragrantica.com/perfume/Nicole-Amy-Fragrances/Stiletto-11089.html
116208,Nicole Farhi,Bleu Azur,2007,https://www.fragrantica.com/perfume/Nicole-Farhi/Bleu-Azur-5080.html
116209,Nicole Farhi,Bleu Intense,2007,https://www.fragrantica.com/perfume/Nicole-Farhi/Bleu-Intense-5082.html
116210,Nicole Farhi,Femme,2005,https://www.fragrantica.com/perfume/Nicole-Farhi/Femme-5086.html
116211,Nicole Farhi,Homme,2005,https://www.fragrantica.com/perfume/Nicole-Farhi/Homme-5087.html
116212,Nicole Miller,All My Love,2024,https://www.fragrantica.com/perfume/Nicole-Miller/All-My-Love-134414.html
116213,Nicole Miller,Amour,2019,https://www.fragrantica.com/perfume/Nicole-Miller/Amour-66940.html
116214,Nicole Miller,Frenzy,2009,https://www.fragrantica.com/perfume/Nicole-Miller/Frenzy-6271.html
116215,Nicole Miller,Gilded Lotus,,https://www.fragrantica.com/perfume/Nicole-Miller/Gilded-Lotus-103363.html
116216,Nicole Miller,Lueur de la Ville,2024,https://www.fragrantica.com/perfume/Nicole-Miller/Lueur-de-la-Ville-92840.html
116217,Nicole Miller,Moments De Passion,2024,https://www.fragrantica.com/perfume/Nicole-Miller/Moments-De-Passion-134415.html
116218,Nicole Miller,Mystique,2024,https://www.fragrantica.com/perfume/Nicole-Miller/Mystique-134416.html
116219,Nicole Miller,Nectar de Pèche,2024,https://www.fragrantica.com/perfume/Nicole-Miller/Nectar-de-Peche-92839.html
116220,Nicole Miller,Nicole,1998,https://www.fragrantica.com/perfume/Nicole-Miller/Nicole-6170.html
116221,Nicole Miller,Nicole Miller,1993,https://www.fragrantica.com/perfume/Nicole-Miller/Nicole-Miller-6171.html
116222,Nicole Miller,Nicole Miller for Men,1994,https://www.fragrantica.com/perfume/Nicole-Miller/Nicole-Miller-for-Men-6172.html
116223,Nicole Miller,Sirene,2023,https://www.fragrantica.com/perfume/Nicole-Miller/Sirene-103902.html
116224,Nicole Polizzi,Snooki,2011,https://www.fragrantica.com/perfume/Nicole-Polizzi/Snooki-13729.html
116225,Nicole Polizzi,Snooki Couture,2012,https://www.fragrantica.com/perfume/Nicole-Polizzi/Snooki-Couture-16988.html
116226,Nicole Polizzi,Snooki Love,2014,https://www.fragrantica.com/perfume/Nicole-Polizzi/Snooki-Love-28845.html
116227,Nicole Richie,Nicole,2012,https://www.fragrantica.com/perfume/Nicole-Richie/Nicole-15450.html
116228,Nicole Richie,No Rules,2014,https://www.fragrantica.com/perfume/Nicole-Richie/No-Rules-24645.html
116229,Nicole Scherzinger,Chosen,2017,https://www.fragrantica.com/perfume/Nicole-Scherzinger/Chosen-46556.html
116230,Nicole Scherzinger,Daring,2019,https://www.fragrantica.com/perfume/Nicole-Scherzinger/Daring-58560.html
116231,Nicole Scherzinger,Day,2018,https://www.fragrantica.com/perfume/Nicole-Scherzinger/Day-52430.html
116232,Nicole Scherzinger,Night,2018,https://www.fragrantica.com/perfume/Nicole-Scherzinger/Night-52431.html
116233,Night De Paris,Amaris,2026,https://www.fragrantica.com/perfume/Night-De-Paris/Amaris-133108.html
116234,Night De Paris,Bali,2026,https://www.fragrantica.com/perfume/Night-De-Paris/Bali-133109.html
116235,Night De Paris,Callisto,2026,https://www.fragrantica.com/perfume/Night-De-Paris/Callisto-133111.html
116236,Night De Paris,Eclair,2026,https://www.fragrantica.com/perfume/Night-De-Paris/Eclair-133112.html
116237,Night De Paris,Imperial,2025,https://www.fragrantica.com/perfume/Night-De-Paris/Imperial-133114.html
116238,Night De Paris,Lost,2025,https://www.fragrantica.com/perfume/Night-De-Paris/Lost-133117.html
116239,Night De Paris,Night De Paris Black,2023,https://www.fragrantica.com/perfume/Night-De-Paris/Night-De-Paris-Black-82542.html
116240,Night De Paris,Night De Paris Blue,2021,https://www.fragrantica.com/perfume/Night-De-Paris/Night-De-Paris-Blue-79833.html
116241,Night De Paris,Night De Paris Diamond,2020,https://www.fragrantica.com/perfume/Night-De-Paris/Night-De-Paris-Diamond-79834.html
116242,Night De Paris,Night De Paris Fiori,2018,https://www.fragrantica.com/perfume/Night-De-Paris/Night-De-Paris-Fiori-79832.html
116243,Night De Paris,Night De Paris Gold,2018,https://www.fragrantica.com/perfume/Night-De-Paris/Night-De-Paris-Gold-79831.html
116244,Night De Paris,Night De Paris Gold (2023),2023,https://www.fragrantica.com/perfume/Night-De-Paris/Night-De-Paris-Gold-2023-82541.html
116245,Night De Paris,Night De Paris Intenso,2023,https://www.fragrantica.com/perfume/Night-De-Paris/Night-De-Paris-Intenso-82540.html
116246,Night De Paris,Night De Paris London,2023,https://www.fragrantica.com/perfume/Night-De-Paris/Night-De-Paris-London-82539.html
116247,Night De Paris,Night de Paris Maldives,2025,https://www.fragrantica.com/perfume/Night-De-Paris/Night-de-Paris-Maldives-115556.html
116248,Night De Paris,Night de Paris Miami,2025,https://www.fragrantica.com/perfume/Night-De-Paris/Night-de-Paris-Miami-115555.html
116249,Night De Paris,Night De Paris Milano,2023,https://www.fragrantica.com/perfume/Night-De-Paris/Night-De-Paris-Milano-82538.html
116250,Night De Paris,Night De Paris Motion,2019,https://www.fragrantica.com/perfume/Night-De-Paris/Night-De-Paris-Motion-79829.html
116251,Night De Paris,Night De Paris New York,2023,https://www.fragrantica.com/perfume/Night-De-Paris/Night-De-Paris-New-York-82534.html
116252,Night De Paris,Night De Paris Ocean,2023,https://www.fragrantica.com/perfume/Night-De-Paris/Night-De-Paris-Ocean-82536.html
116253,Night De Paris,Night De Paris Prive,2023,https://www.fragrantica.com/perfume/Night-De-Paris/Night-De-Paris-Prive-82533.html
116254,Night De Paris,Night De Paris Silver,2023,https://www.fragrantica.com/perfume/Night-De-Paris/Night-De-Paris-Silver-82537.html
116255,Night De Paris,Night De Paris Venice,2023,https://www.fragrantica.com/perfume/Night-De-Paris/Night-De-Paris-Venice-82535.html
116256,Night De Paris,Onyx,2025,https://www.fragrantica.com/perfume/Night-De-Paris/Onyx-133115.html
116257,Night De Paris,Rose Atlantic,2025,https://www.fragrantica.com/perfume/Night-De-Paris/Rose-Atlantic-133116.html
116258,Night De Paris,Sillage Spice Secrets,2025,https://www.fragrantica.com/perfume/Night-De-Paris/Sillage-Spice-Secrets-133119.html
116259,Night De Paris,Titan,2026,https://www.fragrantica.com/perfume/Night-De-Paris/Titan-133110.html
116260,Night De Paris,Veloura,2026,https://www.fragrantica.com/perfume/Night-De-Paris/Veloura-133113.html
116261,Nihan,Black Hair Perfume (Hair Mist),2020,https://www.fragrantica.com/perfume/Nihan/Black-Hair-Perfume-132222.html
116262,Nihan,Elixir Absolu,2020,https://www.fragrantica.com/perfume/Nihan/Elixir-Absolu-132216.html
116263,Nihan,Elixir Absolu Hair Perfume (Hair Mist),2020,https://www.fragrantica.com/perfume/Nihan/Elixir-Absolu-Hair-Perfume-132220.html
116264,Nihan,Hypnotique,2020,https://www.fragrantica.com/perfume/Nihan/Hypnotique-132214.html
116265,Nihan,Hypnotique Hair Perfume (Hair Mist),2020,https://www.fragrantica.com/perfume/Nihan/Hypnotique-Hair-Perfume-132219.html
116266,Nihan,Joli Rouge,2020,https://www.fragrantica.com/perfume/Nihan/Joli-Rouge-132218.html
116267,Nihan,Joli Rouge Hair Perfume (Hair Mist),2020,https://www.fragrantica.com/perfume/Nihan/Joli-Rouge-Hair-Perfume-132221.html
116268,Nihan,L’Amour Infini,2020,https://www.fragrantica.com/perfume/Nihan/L-Amour-Infini-132217.html
116269,Nihan,La Séduction,2020,https://www.fragrantica.com/perfume/Nihan/La-Seduction-132215.html
116270,Nike,5th Element Man,,https://www.fragrantica.com/perfume/Nike/5th-Element-Man-28637.html
116271,Nike,5th Element Women,,https://www.fragrantica.com/perfume/Nike/5th-Element-Women-28636.html
116272,Nike,Blue Fantasy,,https://www.parfumo.com/Perfumes/Nike/150_Blue_Fantasy
116273,Nike,Blue Wave,,https://www.parfumo.com/Perfumes/Nike/150_Blue_Wave
116274,Nike,Cool Paranoia,,https://www.parfumo.com/Perfumes/Nike/150_Cool_Paranoia
116275,Nike,Cool Wind,,https://www.parfumo.com/Perfumes/Nike/150_Cool_Wind
116276,Nike,Fruit Fever,,https://www.parfumo.com/Perfumes/Nike/150_Fruit_Fever
116277,Nike,#Ginger Tonic,2025,https://www.fragrantica.com/perfume/Nike/Ginger-Tonic-110026.html
116278,Nike,Gold Edition Man,2017,https://www.fragrantica.com/perfume/Nike/Gold-Edition-Man-46935.html
116279,Nike,Gold Edition Woman,2017,https://www.fragrantica.com/perfume/Nike/Gold-Edition-Woman-46936.html
116280,Nike,Green Storm,,https://www.parfumo.com/Perfumes/Nike/150_Green_Storm
116281,Nike,Hidden Desire,1995,https://www.parfumo.com/Perfumes/Nike/150_Hidden_Desire
116282,Nike,Hub Man,,https://www.fragrantica.com/perfume/Nike/Hub-Man-46915.html
116283,Nike,Hub Woman,,https://www.fragrantica.com/perfume/Nike/Hub-Woman-46916.html
116284,Nike,Ion Man,,https://www.fragrantica.com/perfume/Nike/Ion-Man-46913.html
116285,Nike,Ion Woman,,https://www.fragrantica.com/perfume/Nike/Ion-Woman-46914.html
116286,Nike,Moonlight,2025,https://www.fragrantica.com/perfume/Nike/Moonlight-139537.html
116287,Nike,Night Mode,2020,https://www.fragrantica.com/perfume/Nike/Night-Mode-106807.html
116288,Nike,Nike A Sparkling Day Woman,2020,https://www.fragrantica.com/perfume/Nike/Nike-A-Sparkling-Day-Woman-67079.html
116289,Nike,Nike A Spicy Attitude Man,2020,https://www.fragrantica.com/perfume/Nike/Nike-A-Spicy-Attitude-Man-67077.html
116290,Nike,Nike Aromatic Addiction Man,2020,https://www.fragrantica.com/perfume/Nike/Nike-Aromatic-Addiction-Man-67076.html
116291,Nike,Nike Azure Woman,2015,https://www.fragrantica.com/perfume/Nike/Nike-Azure-Woman-31857.html
116292,Nike,Nike Basic,,https://www.fragrantica.com/perfume/Nike/Nike-Basic-21440.html
116293,Nike,Nike Blue,2017,https://www.fragrantica.com/perfume/Nike/Nike-Blue-46904.html
116294,Nike,Nike Blush,2017,https://www.fragrantica.com/perfume/Nike/Nike-Blush-46906.html
116295,Nike,Nike Brown Man,,https://www.fragrantica.com/perfume/Nike/Nike-Brown-Man-50151.html
116296,Nike,Nike Casual,,https://www.fragrantica.com/perfume/Nike/Nike-Casual-21427.html
116297,Nike,Nike #CoralCrush,2023,https://www.fragrantica.com/perfume/Nike/Nike-CoralCrush-83517.html
116298,Nike,Nike Extreme,,https://www.fragrantica.com/perfume/Nike/Nike-Extreme-21432.html
116299,Nike,Nike Fission,,https://www.fragrantica.com/perfume/Nike/Nike-Fission-21423.html
116300,Nike,Nike For Woman 'Up Or Down?',,https://huggingface.co/datasets/doevent/perfume
116301,Nike,Nike Gourmand Street,2021,https://www.fragrantica.com/perfume/Nike/Nike-Gourmand-Street-83520.html
116302,Nike,Nike Graphite,2017,https://www.fragrantica.com/perfume/Nike/Nike-Graphite-46903.html
116303,Nike,Nike Green Man,,https://www.fragrantica.com/perfume/Nike/Nike-Green-Man-50152.html
116304,Nike,Nike Green Woman,,https://www.fragrantica.com/perfume/Nike/Nike-Green-Woman-50153.html
116305,Nike,Nike Indigo Man,2015,https://www.fragrantica.com/perfume/Nike/Nike-Indigo-Man-31858.html
116306,Nike,Nike Loving Floral Woman,2020,https://www.fragrantica.com/perfume/Nike/Nike-Loving-Floral-Woman-67080.html
116307,Nike,Nike Mauve,2017,https://www.fragrantica.com/perfume/Nike/Nike-Mauve-46905.html
116308,Nike,Nike N150 Cool Paranoia,,https://www.fragrantica.com/perfume/Nike/Nike-N150-Cool-Paranoia-21439.html
116309,Nike,Nike N150 Cool Wind,,https://www.fragrantica.com/perfume/Nike/Nike-N150-Cool-Wind-21435.html
116310,Nike,Nike N150 Fruit Fever,,https://www.fragrantica.com/perfume/Nike/Nike-N150-Fruit-Fever-21431.html
116311,Nike,Nike N150 Green Storm,,https://www.fragrantica.com/perfume/Nike/Nike-N150-Green-Storm-21425.html
116312,Nike,Nike N150 Hidden Desire,,https://www.fragrantica.com/perfume/Nike/Nike-N150-Hidden-Desire-21447.html
116313,Nike,Nike N150 No Limits,,https://www.fragrantica.com/perfume/Nike/Nike-N150-No-Limits-21448.html
116314,Nike,Nike N150 Pink Paradise,,https://www.fragrantica.com/perfume/Nike/Nike-N150-Pink-Paradise-21444.html
116315,Nike,Nike N150 Scarlet Kiss,,https://www.fragrantica.com/perfume/Nike/Nike-N150-Scarlet-Kiss-21436.html
116316,Nike,Nike N150 Spicy Love,,https://www.fragrantica.com/perfume/Nike/Nike-N150-Spicy-Love-21443.html
116317,Nike,Nike N150 Sweet Emotion,,https://www.fragrantica.com/perfume/Nike/Nike-N150-Sweet-Emotion-21445.html
116318,Nike,Nike On Fire,2021,https://www.fragrantica.com/perfume/Nike/Nike-On-Fire-83523.html
116319,Nike,Nike Oriental Avenue,2021,https://www.fragrantica.com/perfume/Nike/Nike-Oriental-Avenue-83521.html
116320,Nike,Nike Original,1991,https://www.fragrantica.com/perfume/Nike/Nike-Original-21421.html
116321,Nike,Nike Pink Woman,2015,https://www.fragrantica.com/perfume/Nike/Nike-Pink-Woman-31856.html
116322,Nike,Nike Pure,,https://www.fragrantica.com/perfume/Nike/Nike-Pure-21442.html
116323,Nike,Nike Red Man,2015,https://www.fragrantica.com/perfume/Nike/Nike-Red-Man-31859.html
116324,Nike,Nike Ride,,https://www.fragrantica.com/perfume/Nike/Nike-Ride-21438.html
116325,Nike,Nike Spicy Road,2021,https://www.fragrantica.com/perfume/Nike/Nike-Spicy-Road-83522.html
116326,Nike,Nike Sweet Blossom Woman,2020,https://www.fragrantica.com/perfume/Nike/Nike-Sweet-Blossom-Woman-67081.html
116327,Nike,Nike The Perfume Man,2017,https://www.fragrantica.com/perfume/Nike/Nike-The-Perfume-Man-46907.html
116328,Nike,Nike The Perfume Man Intense,2015,https://www.fragrantica.com/perfume/Nike/Nike-The-Perfume-Man-Intense-71451.html
116329,Nike,Nike The Perfume Woman,2017,https://www.fragrantica.com/perfume/Nike/Nike-The-Perfume-Woman-46910.html
116330,Nike,Nike Trendy,,https://www.fragrantica.com/perfume/Nike/Nike-Trendy-21424.html
116331,Nike,Nike Trendy Woman,,https://huggingface.co/datasets/doevent/perfume
116332,Nike,Nike #TrendyPink,2023,https://www.fragrantica.com/perfume/Nike/Nike-TrendyPink-83519.html
116333,Nike,Nike #TurquoiseVibes,2023,https://www.fragrantica.com/perfume/Nike/Nike-TurquoiseVibes-83518.html
116334,Nike,Nike Ultra Blue Man,2020,https://www.fragrantica.com/perfume/Nike/Nike-Ultra-Blue-Man-67072.html
116335,Nike,Nike Ultra Green Man,2020,https://www.fragrantica.com/perfume/Nike/Nike-Ultra-Green-Man-67073.html
116336,Nike,Nike Ultra Pink Woman,2020,https://www.fragrantica.com/perfume/Nike/Nike-Ultra-Pink-Woman-67074.html
116337,Nike,Nike Ultra Purple Woman,2020,https://www.fragrantica.com/perfume/Nike/Nike-Ultra-Purple-Woman-67075.html
116338,Nike,Nike Up or Down,,https://www.fragrantica.com/perfume/Nike/Nike-Up-or-Down-21433.html
116339,Nike,Nike Urban Musk,,https://www.fragrantica.com/perfume/Nike/Nike-Urban-Musk-21428.html
116340,Nike,Nike Urban Wood Man,2020,https://www.fragrantica.com/perfume/Nike/Nike-Urban-Wood-Man-67078.html
116341,Nike,Nike #ViralBlue,2023,https://www.fragrantica.com/perfume/Nike/Nike-ViralBlue-83516.html
116342,Nike,Nike Woman,2000,https://www.fragrantica.com/perfume/Nike/Nike-Woman-21420.html
116343,Nike,NK,1991,https://www.fragrantica.com/perfume/Nike/NK-21422.html
116344,Nike,No Limits,,https://www.parfumo.com/Perfumes/Nike/150_No_Limits
116345,Nike,Pink Paradise,,https://www.parfumo.com/Perfumes/Nike/150_Pink_Paradise
116346,Nike,Scarlet Kiss,,https://www.parfumo.com/Perfumes/Nike/150_Scarlet_Kiss
116347,Nike,Sensaction Woman Passion For Vanilla,,https://www.fragrantica.com/perfume/Nike/Sensaction-Woman-Passion-For-Vanilla-91714.html
116348,Nike,Sensual Touch,,https://www.parfumo.com/Perfumes/Nike/150_Sensual_Touch
116349,Nike,Spicy Love,,https://www.parfumo.com/Perfumes/Nike/150_Spicy_Love
116350,Nike,Sweet Emotion,,https://www.parfumo.com/Perfumes/Nike/150_Sweet_Emotion
116351,Nike,th Element Man,,https://www.parfumo.com/Perfumes/Nike/5th_Element_Man
116352,Nike,th Element Woman,,https://www.parfumo.com/Perfumes/Nike/5th_Element_Woman
116353,Nike,Woody Lane,2019,https://www.fragrantica.com/perfume/Nike/Woody-Lane-71264.html
116354,Nike,#YummyMusk,2024,https://www.fragrantica.com/perfume/Nike/YummyMusk-101123.html
116355,Niki de Saint Phalle,Niki de Saint Phalle,1982,https://www.fragrantica.com/perfume/Niki-de-Saint-Phalle/Niki-de-Saint-Phalle-4906.html
116356,Niki Taylor,Begin,2005,https://www.fragrantica.com/perfume/Niki-Taylor/Begin-31220.html
116357,Nikkos-Oskol Fragrance,Е (Е),2017,https://www.fragrantica.com/perfume/Nikkos-Oskol-Fragrance/E-E-52696.html
116358,Nikkos-Oskol Fragrance,A (A),2017,https://www.fragrantica.com/perfume/Nikkos-Oskol-Fragrance/A-A-52691.html
116359,Nikkos-Oskol Fragrance,Artefact,,https://www.fragrantica.com/perfume/Nikkos-Oskol-Fragrance/Artefact-34743.html
116360,Nikkos-Oskol Fragrance,Б (B),2017,https://www.fragrantica.com/perfume/Nikkos-Oskol-Fragrance/B-B-52692.html
116361,Nikkos-Oskol Fragrance,Ч (CH),2017,https://www.fragrantica.com/perfume/Nikkos-Oskol-Fragrance/C-CH-52772.html
116362,Nikkos-Oskol Fragrance,Д (D),2017,https://www.fragrantica.com/perfume/Nikkos-Oskol-Fragrance/D-D-52695.html
116363,Nikkos-Oskol Fragrance,Ф (F),2017,https://www.fragrantica.com/perfume/Nikkos-Oskol-Fragrance/F-F-52769.html
116364,Nikkos-Oskol Fragrance,Fragrance №01,2011,https://www.fragrantica.com/perfume/Nikkos-Oskol-Fragrance/Fragrance-01-37932.html
116365,Nikkos-Oskol Fragrance,Fragrance №03,2013,https://www.fragrantica.com/perfume/Nikkos-Oskol-Fragrance/Fragrance-03-37933.html
116366,Nikkos-Oskol Fragrance,Fragrance №04,2013,https://www.fragrantica.com/perfume/Nikkos-Oskol-Fragrance/Fragrance-04-37934.html
116367,Nikkos-Oskol Fragrance,Fragrance №05,2011,https://www.fragrantica.com/perfume/Nikkos-Oskol-Fragrance/Fragrance-05-37935.html
116368,Nikkos-Oskol Fragrance,Fragrance №06,2013,https://www.fragrantica.com/perfume/Nikkos-Oskol-Fragrance/Fragrance-06-37936.html
116369,Nikkos-Oskol Fragrance,Fragrance №07,2012,https://www.fragrantica.com/perfume/Nikkos-Oskol-Fragrance/Fragrance-07-37937.html
116370,Nikkos-Oskol Fragrance,Fragrance №10,2012,https://www.fragrantica.com/perfume/Nikkos-Oskol-Fragrance/Fragrance-10-37938.html
116371,Nikkos-Oskol Fragrance,Fragrance №11,2012,https://www.fragrantica.com/perfume/Nikkos-Oskol-Fragrance/Fragrance-11-37939.html
116372,Nikkos-Oskol Fragrance,Fragrance №12,2012,https://www.fragrantica.com/perfume/Nikkos-Oskol-Fragrance/Fragrance-12-37940.html
116373,Nikkos-Oskol Fragrance,Fragrance №13,2012,https://www.fragrantica.com/perfume/Nikkos-Oskol-Fragrance/Fragrance-13-37941.html
116374,Nikkos-Oskol Fragrance,Fragrance №14,2012,https://www.fragrantica.com/perfume/Nikkos-Oskol-Fragrance/Fragrance-14-37942.html
116375,Nikkos-Oskol Fragrance,Fragrance №15,2012,https://www.fragrantica.com/perfume/Nikkos-Oskol-Fragrance/Fragrance-15-37943.html
116376,Nikkos-Oskol Fragrance,Fragrance №16,2013,https://www.fragrantica.com/perfume/Nikkos-Oskol-Fragrance/Fragrance-16-37944.html
116377,Nikkos-Oskol Fragrance,Fragrance №17,2013,https://www.fragrantica.com/perfume/Nikkos-Oskol-Fragrance/Fragrance-17-37945.html
116378,Nikkos-Oskol Fragrance,Fragrance №18,2013,https://www.fragrantica.com/perfume/Nikkos-Oskol-Fragrance/Fragrance-18-37946.html
116379,Nikkos-Oskol Fragrance,Fragrance №19,2013,https://www.fragrantica.com/perfume/Nikkos-Oskol-Fragrance/Fragrance-19-37947.html
116380,Nikkos-Oskol Fragrance,Fragrance №20,2013,https://www.fragrantica.com/perfume/Nikkos-Oskol-Fragrance/Fragrance-20-37948.html
116381,Nikkos-Oskol Fragrance,Fragrance №21,2012,https://www.fragrantica.com/perfume/Nikkos-Oskol-Fragrance/Fragrance-21-37949.html
116382,Nikkos-Oskol Fragrance,Fragrance №22,2013,https://www.fragrantica.com/perfume/Nikkos-Oskol-Fragrance/Fragrance-22-37950.html
116383,Nikkos-Oskol Fragrance,Fragrance №32,2015,https://www.fragrantica.com/perfume/Nikkos-Oskol-Fragrance/Fragrance-32-37951.html
116384,Nikkos-Oskol Fragrance,Г (G),2017,https://www.fragrantica.com/perfume/Nikkos-Oskol-Fragrance/G-G-52694.html
116385,Nikkos-Oskol Fragrance,Х (H),2017,https://www.fragrantica.com/perfume/Nikkos-Oskol-Fragrance/H-H-52770.html
116386,Nikkos-Oskol Fragrance,И (I),2017,https://www.fragrantica.com/perfume/Nikkos-Oskol-Fragrance/I-I-52725.html
116387,Nikkos-Oskol Fragrance,Й (J),2017,https://www.fragrantica.com/perfume/Nikkos-Oskol-Fragrance/J-J-52726.html
116388,Nikkos-Oskol Fragrance,Я (JA/YA),2017,https://www.fragrantica.com/perfume/Nikkos-Oskol-Fragrance/A-JA-YA-52780.html
116389,Nikkos-Oskol Fragrance,Э (JE),2017,https://www.fragrantica.com/perfume/Nikkos-Oskol-Fragrance/E-JE-52778.html
116390,Nikkos-Oskol Fragrance,Ё (JO/YO),2017,https://www.fragrantica.com/perfume/Nikkos-Oskol-Fragrance/E-JO-YO-52697.html
116391,Nikkos-Oskol Fragrance,Ю (JU/YU),2017,https://www.fragrantica.com/perfume/Nikkos-Oskol-Fragrance/U-JU-YU-52779.html
116392,Nikkos-Oskol Fragrance,К (K),2017,https://www.fragrantica.com/perfume/Nikkos-Oskol-Fragrance/K-K-52727.html
116393,Nikkos-Oskol Fragrance,Л (L),2017,https://www.fragrantica.com/perfume/Nikkos-Oskol-Fragrance/L-L-52728.html
116394,Nikkos-Oskol Fragrance,М (M),2017,https://www.fragrantica.com/perfume/Nikkos-Oskol-Fragrance/M-M-52729.html
116395,Nikkos-Oskol Fragrance,Н (N),2017,https://www.fragrantica.com/perfume/Nikkos-Oskol-Fragrance/N-N-52730.html
116396,Nikkos-Oskol Fragrance,О (O),2017,https://www.fragrantica.com/perfume/Nikkos-Oskol-Fragrance/O-O-52731.html
116397,Nikkos-Oskol Fragrance,П (P),2017,https://www.fragrantica.com/perfume/Nikkos-Oskol-Fragrance/P-P-52732.html
116398,Nikkos-Oskol Fragrance,Р (R),2017,https://www.fragrantica.com/perfume/Nikkos-Oskol-Fragrance/R-R-52733.html
116399,Nikkos-Oskol Fragrance,С (S),2017,https://www.fragrantica.com/perfume/Nikkos-Oskol-Fragrance/S-S-52736.html
116400,Nikkos-Oskol Fragrance,Ш (SH),2017,https://www.fragrantica.com/perfume/Nikkos-Oskol-Fragrance/S-SH-52773.html
116401,Nikkos-Oskol Fragrance,Щ (SHH),2017,https://www.fragrantica.com/perfume/Nikkos-Oskol-Fragrance/S-SHH-52774.html
116402,Nikkos-Oskol Fragrance,Т (T),2017,https://www.fragrantica.com/perfume/Nikkos-Oskol-Fragrance/T-T-52737.html
116403,Nikkos-Oskol Fragrance,У (U),2017,https://www.fragrantica.com/perfume/Nikkos-Oskol-Fragrance/U-U-52767.html
116404,Nikkos-Oskol Fragrance,В (V),2017,https://www.fragrantica.com/perfume/Nikkos-Oskol-Fragrance/V-V-52693.html
116405,Nikkos-Oskol Fragrance,Ы (Y),2017,https://www.fragrantica.com/perfume/Nikkos-Oskol-Fragrance/Y-Y-52776.html
116406,Nikkos-Oskol Fragrance,З (Z),2017,https://www.fragrantica.com/perfume/Nikkos-Oskol-Fragrance/Z-Z-52699.html
116407,Nikkos-Oskol Fragrance,Ж (ZH),2017,https://www.fragrantica.com/perfume/Nikkos-Oskol-Fragrance/Z-ZH-52698.html
116408,Nikolai Yarec,Большой Театр,2023,https://www.fragrantica.com/perfume/Nikolai-Yarec/Bol-soj-Teatr-87611.html
116409,Nikolai Yarec,Amarise,2025,https://www.fragrantica.com/perfume/Nikolai-Yarec/Amarise-117181.html
116410,Nikolai Yarec,Belarus',2025,https://www.fragrantica.com/perfume/Nikolai-Yarec/Belarus-117176.html
116411,Nikolai Yarec,Deserve,2025,https://www.fragrantica.com/perfume/Nikolai-Yarec/Deserve-117180.html
116412,Nikolai Yarec,Dramtheatre,2023,https://www.fragrantica.com/perfume/Nikolai-Yarec/Dramtheatre-87610.html
116413,Nikolai Yarec,La Boheme,2023,https://www.fragrantica.com/perfume/Nikolai-Yarec/La-Boheme-87613.html
116414,Nikolai Yarec,Minsk,2025,https://www.fragrantica.com/perfume/Nikolai-Yarec/Minsk-117177.html
116415,Nikolai Yarec,Pacific,2025,https://www.fragrantica.com/perfume/Nikolai-Yarec/Pacific-117179.html
116416,Nikolai Yarec,Photon,2025,https://www.fragrantica.com/perfume/Nikolai-Yarec/Photon-117178.html
116417,Nikos,Nikos,2004,https://www.fragrantica.com/perfume/Nikos/Nikos-926.html
116418,Nikos,Nikos for Men Nikos 2004 After Shave,2004,https://www.parfumo.com/Perfumes/Nikos/Nikos_for_Men_After_Shave
116419,Nikos,Nikos for Men Nikos 2004 Eau de Toilette,2004,https://www.parfumo.com/Perfumes/Nikos/Nikos_for_Men_Eau_de_Toilette
116420,Nikos,Nikos Sculpture Fresh Blue,2008,https://www.fragrantica.com/perfume/Nikos/Nikos-Sculpture-Fresh-Blue-2631.html
116421,Nikos,Sculpture Air de Lune,2024,https://www.fragrantica.com/perfume/Nikos/Sculpture-Air-de-Lune-94741.html
116422,Nikos,Sculpture Blue Breeze,,https://www.fragrantica.com/perfume/Nikos/Sculpture-Blue-Breeze-2482.html
116423,Nikos,Sculpture Delicate Fleur,2010,https://www.fragrantica.com/perfume/Nikos/Sculpture-Delicate-Fleur-9934.html
116424,Nikos,Sculpture (Eau de Parfum),1994,https://www.fragrantica.com/perfume/Nikos/Sculpture-924.html
116425,Nikos,Sculpture Homme (After Shave),1995,https://www.fragrantica.com/perfume/Nikos/Sculpture-Homme-925.html
116426,Nikos,Sculpture Homme God's Night,2016,https://www.fragrantica.com/perfume/Nikos/Sculpture-Homme-God-s-Night-42277.html
116427,Nikos,Sculpture Homme Nikos 1995 Eau de Toilette,1995,https://www.parfumo.com/Perfumes/Nikos/Sculpture_Homme_Eau_de_Toilette
116428,Nikos,Sculpture Morning Feel,2007,https://www.fragrantica.com/perfume/Nikos/Sculpture-Morning-Feel-26759.html
116429,Nikos,Sculpture Mykonos,2023,https://www.parfumo.com/Perfumes/Nikos/sculpture-mykonos
116430,Nikos,Sculpture Mykonos Eau de Parfum Fraiche,2023,https://www.fragrantica.com/perfume/Nikos/Sculpture-Mykonos-Eau-de-Parfum-Fraiche-85286.html
116431,Nikos,Sculpture Ocean Light,2009,https://www.fragrantica.com/perfume/Nikos/Sculpture-Ocean-Light-85369.html
116432,Nikos,Sculpture Parfum,1994,https://www.fragrantica.com/perfume/Nikos/Sculpture-Parfum-138329.html
116433,Nikos,Sculpture Parfum,2022,https://www.fragrantica.com/perfume/Nikos/Sculpture-Parfum-74214.html
116434,Nikos,Sculpture Rêverie,2024,https://www.fragrantica.com/perfume/Nikos/Sculpture-Reverie-94740.html
116435,Nikos,Sculpture Sea Fever,2026,https://www.fragrantica.com/perfume/Nikos/Sculpture-Sea-Fever-137653.html
116436,Nikos,Sculpture Vague d'Or,2025,https://www.fragrantica.com/perfume/Nikos/Sculpture-Vague-d-Or-101799.html
116437,Nikos,Sculpture Voyage en Orient,2024,https://www.fragrantica.com/perfume/Nikos/Sculpture-Voyage-en-Orient-89248.html
116438,Nilafar du Nil,Amasis,2020,https://www.fragrantica.com/perfume/Nilafar-du-Nil/Amasis-60391.html
116439,Nilafar du Nil,Amasis Bleu,2023,https://www.fragrantica.com/perfume/Nilafar-du-Nil/Amasis-Bleu-80519.html
116440,Nilafar du Nil,Amber Borjuwan,2025,https://www.fragrantica.com/perfume/Nilafar-du-Nil/Amber-Borjuwan-118973.html
116441,Nilafar du Nil,Aniska,2021,https://www.fragrantica.com/perfume/Nilafar-du-Nil/Aniska-65632.html
116442,Nilafar du Nil,Avaris,2020,https://www.fragrantica.com/perfume/Nilafar-du-Nil/Avaris-60390.html
116443,Nilafar du Nil,Canino,2021,https://www.fragrantica.com/perfume/Nilafar-du-Nil/Canino-65633.html
116444,Nilafar du Nil,Catamaran (Eau de Parfum),2019,https://www.fragrantica.com/perfume/Nilafar-du-Nil/Catamaran-60396.html
116445,Nilafar du Nil,Catamaran Extrait,2022,https://www.fragrantica.com/perfume/Nilafar-du-Nil/Catamaran-Extrait-77903.html
116446,Nilafar du Nil,CATAMARAN PARFUM,2024,https://www.fragrantica.com/perfume/Nilafar-du-Nil/CATAMARAN-PARFUM-96535.html
116447,Nilafar du Nil,Jardins de la Bargamote,2021,https://www.fragrantica.com/perfume/Nilafar-du-Nil/Jardins-de-la-Bargamote-65634.html
116448,Nilafar du Nil,Jardins de la Bergamote,,https://www.parfumo.com/Perfumes/nilafar-du-nil/jardins-de-la-bergamote
116449,Nilafar du Nil,King Narmar,2024,https://www.fragrantica.com/perfume/Nilafar-du-Nil/King-Narmar-100380.html
116450,Nilafar du Nil,KITHARA,2024,https://www.fragrantica.com/perfume/Nilafar-du-Nil/KITHARA-100378.html
116451,Nilafar du Nil,L’Homme Fort,2019,https://www.fragrantica.com/perfume/Nilafar-du-Nil/L-Homme-Fort-60395.html
116452,Nilafar du Nil,L'Homme Fort Addictive,2025,https://www.fragrantica.com/perfume/Nilafar-du-Nil/L-Homme-Fort-Addictive-118975.html
116453,Nilafar du Nil,L’Homme Fort Extrait,2021,https://www.fragrantica.com/perfume/Nilafar-du-Nil/L-Homme-Fort-Extrait-66588.html
116454,Nilafar du Nil,Lake Mariout,2023,https://www.fragrantica.com/perfume/Nilafar-du-Nil/Lake-Mariout-83793.html
116455,Nilafar du Nil,Malissa,2023,https://www.fragrantica.com/perfume/Nilafar-du-Nil/Malissa-81803.html
116456,Nilafar du Nil,Mansa,2024,https://www.fragrantica.com/perfume/Nilafar-du-Nil/Mansa-91815.html
116457,Nilafar du Nil,Meidum,2021,https://www.fragrantica.com/perfume/Nilafar-du-Nil/Meidum-65635.html
116458,Nilafar du Nil,Merit,2022,https://www.fragrantica.com/perfume/Nilafar-du-Nil/Merit-73005.html
116459,Nilafar du Nil,Monto,2020,https://www.fragrantica.com/perfume/Nilafar-du-Nil/Monto-60392.html
116460,Nilafar du Nil,Monto Lavender Extreme,2021,https://www.fragrantica.com/perfume/Nilafar-du-Nil/Monto-Lavender-Extreme-66589.html
116461,Nilafar du Nil,Narmar (Eau de Parfum),2020,https://www.fragrantica.com/perfume/Nilafar-du-Nil/Narmar-60397.html
116462,Nilafar du Nil,Narmar Extrait De Parfum,2022,https://www.fragrantica.com/perfume/Nilafar-du-Nil/Narmar-Extrait-De-Parfum-74625.html
116463,Nilafar du Nil,Narmar (Extrait du Parfum),,https://www.parfumo.com/Perfumes/nilafar-du-nil/narmar-extrait-du-parfum
116464,Nilafar du Nil,NILUFER Extrait De Parfum,2021,https://www.fragrantica.com/perfume/Nilafar-du-Nil/NILUFER-Extrait-De-Parfum-70411.html
116465,Nilafar du Nil,NILUS,2024,https://www.fragrantica.com/perfume/Nilafar-du-Nil/NILUS-90852.html
116466,Nilafar du Nil,Orion,2020,https://www.fragrantica.com/perfume/Nilafar-du-Nil/Orion-60393.html
116467,Nilafar du Nil,Rasheed,2025,https://www.fragrantica.com/perfume/Nilafar-du-Nil/Rasheed-118974.html
116468,Nilafar du Nil,SETI I,2024,https://www.fragrantica.com/perfume/Nilafar-du-Nil/SETI-I-100379.html
116469,Nilafar du Nil,SHIMOO,2023,https://www.fragrantica.com/perfume/Nilafar-du-Nil/SHIMOO-85366.html
116470,Nilafar du Nil,Sonit,2019,https://www.fragrantica.com/perfume/Nilafar-du-Nil/Sonit-60389.html
116471,Nilafar du Nil,Sonit Intense,2022,https://www.fragrantica.com/perfume/Nilafar-du-Nil/Sonit-Intense-73004.html
116472,Nilafar du Nil,Syriac,2025,https://www.fragrantica.com/perfume/Nilafar-du-Nil/Syriac-118977.html
116473,Nilafar du Nil,TANIS TABAC,2022,https://www.fragrantica.com/perfume/Nilafar-du-Nil/TANIS-TABAC-74576.html
116474,Nilafar du Nil,Tiba,2022,https://www.fragrantica.com/perfume/Nilafar-du-Nil/Tiba-75023.html
116475,Nilafar du Nil,TOWA,2022,https://www.fragrantica.com/perfume/Nilafar-du-Nil/TOWA-74577.html
116476,Nilafar du Nil,Trajan,2019,https://www.fragrantica.com/perfume/Nilafar-du-Nil/Trajan-60394.html
116477,Nilafar du Nil,Trajan Extrait,2021,https://www.fragrantica.com/perfume/Nilafar-du-Nil/Trajan-Extrait-69400.html
116478,Nilafar du Nil,Tuya,2022,https://www.fragrantica.com/perfume/Nilafar-du-Nil/Tuya-72363.html
116479,Nilafar du Nil,Unas,2021,https://www.fragrantica.com/perfume/Nilafar-du-Nil/Unas-65636.html
116480,Nilafar du Nil,Unas Extrait,2021,https://www.fragrantica.com/perfume/Nilafar-du-Nil/Unas-Extrait-69399.html
116481,Nilafar du Nil,Zenia,2019,https://www.fragrantica.com/perfume/Nilafar-du-Nil/Zenia-60398.html
116482,Nile Official,Bachelor,2023,https://www.fragrantica.com/perfume/Nile-Official/Bachelor-103533.html
116483,Nile Official,Cherry Blossom,2023,https://www.fragrantica.com/perfume/Nile-Official/Cherry-Blossom-103527.html
116484,Nile Official,Citrus Homme,2023,https://www.fragrantica.com/perfume/Nile-Official/Citrus-Homme-103534.html
116485,Nile Official,Cork Wood,2023,https://www.fragrantica.com/perfume/Nile-Official/Cork-Wood-103783.html
116486,Nile Official,Diana Oak,2023,https://www.fragrantica.com/perfume/Nile-Official/Diana-Oak-103786.html
116487,Nile Official,Emerald Oasis,2023,https://www.fragrantica.com/perfume/Nile-Official/Emerald-Oasis-103782.html
116488,Nile Official,Flora,2023,https://www.fragrantica.com/perfume/Nile-Official/Flora-103530.html
116489,Nile Official,Green Tea,2023,https://www.fragrantica.com/perfume/Nile-Official/Green-Tea-103538.html
116490,Nile Official,Kinmokusei,2023,https://www.fragrantica.com/perfume/Nile-Official/Kinmokusei-103539.html
116491,Nile Official,Lily Origin,2023,https://www.fragrantica.com/perfume/Nile-Official/Lily-Origin-103789.html
116492,Nile Official,Neroli Jazz,2023,https://www.fragrantica.com/perfume/Nile-Official/Neroli-Jazz-103788.html
116493,Nile Official,Oud Chill,2023,https://www.fragrantica.com/perfume/Nile-Official/Oud-Chill-103787.html
116494,Nile Official,Pear London,2023,https://www.fragrantica.com/perfume/Nile-Official/Pear-London-103536.html
116495,Nile Official,Pixy Geranium,2023,https://www.fragrantica.com/perfume/Nile-Official/Pixy-Geranium-103542.html
116496,Nile Official,Pour Homme,2023,https://www.fragrantica.com/perfume/Nile-Official/Pour-Homme-103531.html
116497,Nile Official,Rose Rain,2023,https://www.fragrantica.com/perfume/Nile-Official/Rose-Rain-103790.html
116498,Nile Official,Rouge Vanille,2023,https://www.fragrantica.com/perfume/Nile-Official/Rouge-Vanille-103541.html
116499,Nile Official,Sapphire Leather,2023,https://www.fragrantica.com/perfume/Nile-Official/Sapphire-Leather-103784.html
116500,Nile Official,Savon Cachemire,2023,https://www.fragrantica.com/perfume/Nile-Official/Savon-Cachemire-103532.html
116501,Nile Official,Savon de Lily,2023,https://www.fragrantica.com/perfume/Nile-Official/Savon-de-Lily-103528.html
116502,Nile Official,Savon Harmony,2023,https://www.fragrantica.com/perfume/Nile-Official/Savon-Harmony-103529.html
116503,Nile Official,Serotonin,2023,https://www.fragrantica.com/perfume/Nile-Official/Serotonin-103540.html
116504,Nile Official,Tobacco,2023,https://www.fragrantica.com/perfume/Nile-Official/Tobacco-103785.html
116505,Nile Official,Vanilla Brandy,2023,https://www.fragrantica.com/perfume/Nile-Official/Vanilla-Brandy-103535.html
116506,Nile Official,Yacht Harbor,2023,https://www.fragrantica.com/perfume/Nile-Official/Yacht-Harbor-103537.html
116507,Nimany,Delilah,2017,https://www.fragrantica.com/perfume/Nimany/Delilah-52566.html
116508,Nimany,Leili,2017,https://www.fragrantica.com/perfume/Nimany/Leili-52565.html
116509,Nimany,Majnoon,2017,https://www.fragrantica.com/perfume/Nimany/Majnoon-52567.html
116510,Nimany,Samson,2017,https://www.fragrantica.com/perfume/Nimany/Samson-52568.html
116511,Nimere Parfums,A Caramel Lover,2000,https://www.parfumo.com/Perfumes/Nimere/A_Caramel_Lover
116512,Nimere Parfums,A Killing Beauty,,https://www.parfumo.com/Perfumes/Nimere/A_Killing_Beauty
116513,Nimere Parfums,A Scent of a Sweet Kiss,,https://www.parfumo.com/Perfumes/Nimere/A_Scent_of_a_Sweet_Kiss
116514,Nimere Parfums,A Trace From a Sweet Kiss,2015,https://www.fragrantica.com/perfume/Nimere-Parfums/A-Trace-From-a-Sweet-Kiss-37516.html
116515,Nimere Parfums,Avowal (Клятва),2018,https://www.fragrantica.com/perfume/Nimere-Parfums/Avowal-Klatva-49966.html
116516,Nimere Parfums,Bali 73° 17' 28'',2017,https://www.parfumo.com/Perfumes/Nimere/Bali_73_17_28_
116517,Nimere Parfums,Cafe Italy,2015,https://www.fragrantica.com/perfume/Nimere-Parfums/Cafe-Italy-37584.html
116518,Nimere Parfums,Caramel Lover,2015,https://www.fragrantica.com/perfume/Nimere-Parfums/Caramel-Lover-37585.html
116519,Nimere Parfums,Carmen,2016,https://www.fragrantica.com/perfume/Nimere-Parfums/Carmen-37597.html
116520,Nimere Parfums,Courtesan's Intrigues,2015,https://www.fragrantica.com/perfume/Nimere-Parfums/Courtesan-s-Intrigues-37521.html
116521,Nimere Parfums,"Djelem, Djelem",2016,https://www.fragrantica.com/perfume/Nimere-Parfums/Djelem-Djelem-37595.html
116522,Nimere Parfums,Dragon Blood (Cuir Vermillion),2018,https://www.fragrantica.com/perfume/Nimere-Parfums/Dragon-Blood-Cuir-Vermillion-48324.html
116523,Nimere Parfums,English Novel,2016,https://www.fragrantica.com/perfume/Nimere-Parfums/English-Novel-42407.html
116524,Nimere Parfums,Eva,2015,https://www.fragrantica.com/perfume/Nimere-Parfums/Eva-37515.html
116525,Nimere Parfums,Eve,,https://www.parfumo.com/Perfumes/Nimere/Eve
116526,Nimere Parfums,Evening Koh Phangan,2017,https://www.parfumo.com/Perfumes/Nimere/Evening_Koh_Phangan
116527,Nimere Parfums,Fig,2015,https://www.fragrantica.com/perfume/Nimere-Parfums/Fig-37588.html
116528,Nimere Parfums,Fig and Blackcurrant,2015,https://www.fragrantica.com/perfume/Nimere-Parfums/Fig-and-Blackcurrant-37591.html
116529,Nimere Parfums,Fig and Nut,,https://www.parfumo.com/Perfumes/Nimere/Fig_and_Nut
116530,Nimere Parfums,Fig and Nut (Royal Fig),2015,https://www.fragrantica.com/perfume/Nimere-Parfums/Fig-and-Nut-Royal-Fig-37592.html
116531,Nimere Parfums,Fig and Peach,2015,https://www.fragrantica.com/perfume/Nimere-Parfums/Fig-and-Peach-37589.html
116532,Nimere Parfums,Fig and Raspberry,2015,https://www.fragrantica.com/perfume/Nimere-Parfums/Fig-and-Raspberry-37590.html
116533,Nimere Parfums,Gardens of the Night Mists,2016,https://www.fragrantica.com/perfume/Nimere-Parfums/Gardens-of-the-Night-Mists-37598.html
116534,Nimere Parfums,Goddess,2015,https://www.fragrantica.com/perfume/Nimere-Parfums/Goddess-37522.html
116535,Nimere Parfums,Gypsy Blood. Romano Rat,2016,https://www.fragrantica.com/perfume/Nimere-Parfums/Gypsy-Blood-Romano-Rat-37594.html
116536,Nimere Parfums,Incubus,2019,https://www.fragrantica.com/perfume/Nimere-Parfums/Incubus-54673.html
116537,Nimere Parfums,Killing Beauty,2015,https://www.fragrantica.com/perfume/Nimere-Parfums/Killing-Beauty-37519.html
116538,Nimere Parfums,Kunashir,2015,https://www.fragrantica.com/perfume/Nimere-Parfums/Kunashir-37528.html
116539,Nimere Parfums,L’Amour Absolu,2022,https://www.fragrantica.com/perfume/Nimere-Parfums/L-Amour-Absolu-79573.html
116540,Nimere Parfums,La Foret Russe,2015,https://www.fragrantica.com/perfume/Nimere-Parfums/La-Foret-Russe-37525.html
116541,Nimere Parfums,La Gitane,2016,https://www.fragrantica.com/perfume/Nimere-Parfums/La-Gitane-37593.html
116542,Nimere Parfums,Lady of the Sonnets,2016,https://www.fragrantica.com/perfume/Nimere-Parfums/Lady-of-the-Sonnets-42406.html
116543,Nimere Parfums,Les Jardins de Paradis,2015,https://www.fragrantica.com/perfume/Nimere-Parfums/Les-Jardins-de-Paradis-37517.html
116544,Nimere Parfums,Mandala of Desires,2015,https://www.fragrantica.com/perfume/Nimere-Parfums/Mandala-of-Desires-37586.html
116545,Nimere Parfums,Marquise,2015,https://www.fragrantica.com/perfume/Nimere-Parfums/Marquise-37520.html
116546,Nimere Parfums,Melancholy. Letters Wallice,2015,https://www.fragrantica.com/perfume/Nimere-Parfums/Melancholy-Letters-Wallice-37530.html
116547,Nimere Parfums,MV,2015,https://www.fragrantica.com/perfume/Nimere-Parfums/MV-37630.html
116548,Nimere Parfums,Nimere' by Nimere' XVI,2016,https://www.fragrantica.com/perfume/Nimere-Parfums/Nimere-by-Nimere-XVI-42408.html
116549,Nimere Parfums,Nomads,2019,https://www.fragrantica.com/perfume/Nimere-Parfums/Nomads-54647.html
116550,Nimere Parfums,Pleasure,2015,https://www.fragrantica.com/perfume/Nimere-Parfums/Pleasure-37518.html
116551,Nimere Parfums,Quantico,2015,https://www.fragrantica.com/perfume/Nimere-Parfums/Quantico-37587.html
116552,Nimere Parfums,Rebel Angel,2019,https://www.fragrantica.com/perfume/Nimere-Parfums/Rebel-Angel-54671.html
116553,Nimere Parfums,Sadko,2015,https://www.fragrantica.com/perfume/Nimere-Parfums/Sadko-37529.html
116554,Nimere Parfums,Savage Beauty,2019,https://www.fragrantica.com/perfume/Nimere-Parfums/Savage-Beauty-54669.html
116555,Nimere Parfums,Shades of Darkness,2015,https://www.fragrantica.com/perfume/Nimere-Parfums/Shades-of-Darkness-37523.html
116556,Nimere Parfums,Single Malt on the Rocks,2015,https://www.fragrantica.com/perfume/Nimere-Parfums/Single-Malt-on-the-Rocks-37531.html
116557,Nimere Parfums,Sonnets of Mary Stuart (Сонеты Марии Стюарт),2018,https://www.fragrantica.com/perfume/Nimere-Parfums/Sonnets-of-Mary-Stuart-Sonety-Marii-Stuart-49967.html
116558,Nimere Parfums,Succubus,2019,https://www.fragrantica.com/perfume/Nimere-Parfums/Succubus-54672.html
116559,Nimere Parfums,Taiga Whispers,2015,https://www.fragrantica.com/perfume/Nimere-Parfums/Taiga-Whispers-37527.html
116560,Nimere Parfums,Temptation of Windsor,2015,https://www.fragrantica.com/perfume/Nimere-Parfums/Temptation-of-Windsor-37524.html
116561,Nimere Parfums,Time Stood Still,2016,https://www.fragrantica.com/perfume/Nimere-Parfums/Time-Stood-Still-37596.html
116562,Nimere Parfums,Voyeurisme,2018,https://www.fragrantica.com/perfume/Nimere-Parfums/Voyeurisme-48325.html
116563,Nimori,Alaya,2025,https://www.fragrantica.com/perfume/Nimori/Alaya-135891.html
116564,Nimori,Ardo,2025,https://www.fragrantica.com/perfume/Nimori/Ardo-135889.html
116565,Nimori,Ayzz,2025,https://www.fragrantica.com/perfume/Nimori/Ayzz-135892.html
116566,Nina Moric,Basic Instinct,2006,https://www.fragrantica.com/perfume/Nina-Moric/Basic-Instinct-27457.html
116567,Nina Ricci,Amour D'Amandier,,https://huggingface.co/datasets/doevent/perfume
116568,Nina Ricci,Amour d'Amandier Almond Amour,1999,https://www.parfumo.com/Perfumes/Nina_Ricci/Les_Belles_de_Ricci_Amour_d_Amandier
116569,Nina Ricci,Bella,2018,https://www.fragrantica.com/perfume/Nina-Ricci/Bella-50026.html
116570,Nina Ricci,Bella Holiday Edition 2019,2019,https://www.fragrantica.com/perfume/Nina-Ricci/Bella-Holiday-Edition-2019-57865.html
116571,Nina Ricci,Bella Kiss The Frog,,https://huggingface.co/datasets/doevent/perfume
116572,Nina Ricci,Belle de Minuit,2000,https://www.parfumo.com/Perfumes/Nina_Ricci/Les_Belles_de_Ricci__Belle_de_Minuit
116573,Nina Ricci,Bigarade,1971,https://www.fragrantica.com/perfume/Nina-Ricci/Bigarade-20361.html
116574,Nina Ricci,Cœur-Joie Nina Ricci 1946 Parfum,1946,https://www.parfumo.com/Perfumes/Nina_Ricci/coeur-joie-parfum
116575,Nina Ricci,Capricci,1960,https://www.fragrantica.com/perfume/Nina-Ricci/Capricci-6180.html
116576,Nina Ricci,Chant d'Extase,2018,https://www.fragrantica.com/perfume/Nina-Ricci/Chant-d-Extase-49004.html
116577,Nina Ricci,Cherry Fantasy,2004,https://www.parfumo.com/Perfumes/Nina_Ricci/Les_Belles_de_Ricci_Cherry_Fantasy
116578,Nina Ricci,Coeur Joie,1946,https://www.fragrantica.com/perfume/Nina-Ricci/Coeur-Joie-2391.html
116579,Nina Ricci,Deci Delà Nina Ricci 1994 Eau de Toilette Concentrée,1994,https://www.parfumo.com/Perfumes/Nina_Ricci/Deci_Del_Eau_de_Toilette_Concentree
116580,Nina Ricci,Deci Delà Nina Ricci 2007 Eau de Toilette,2007,https://www.parfumo.com/Perfumes/Nina_Ricci/Deci_Dela
116581,Nina Ricci,Deci Delà Nina Ricci Eau Hydratante sans Alcool,,https://www.parfumo.com/Perfumes/Nina_Ricci/deci-dela-eau-hydratante-sans-alcool
116582,Nina Ricci,Deci Dela (Parfum),1994,https://www.fragrantica.com/perfume/Nina-Ricci/Deci-Dela-2392.html
116583,Nina Ricci,Délice D'Épices,,https://huggingface.co/datasets/doevent/perfume
116584,Nina Ricci,Délice d'Épices Spicy Delight,1999,https://www.parfumo.com/Perfumes/Nina_Ricci/Les_Belles_de_Ricci_Delice_d_Epices
116585,Nina Ricci,Douce,,https://www.parfumo.com/Perfumes/Nina_Ricci/Douce
116586,Nina Ricci,Eau de Cœur-Joie Nina Ricci 1947 Eau de Toilette,1947,https://www.parfumo.com/Perfumes/Nina_Ricci/eau-de-coeur-joie-eau-de-toilette
116587,Nina Ricci,Eau de Fleurs,1974,https://www.fragrantica.com/perfume/Nina-Ricci/Eau-de-Fleurs-6179.html
116588,Nina Ricci,Eau de Toilette pour Hommes,,https://www.parfumo.com/Perfumes/Nina_Ricci/Eau_de_Toilette_pour_Hommes
116589,Nina Ricci,Farouche (Eau de Parfum),1973,https://www.fragrantica.com/perfume/Nina-Ricci/Farouche-5346.html
116590,Nina Ricci,Farouche Nina Ricci 1973 Eau de Toilette,1973,https://www.parfumo.com/Perfumes/Nina_Ricci/Farouche_Eau_de_Toilette
116591,Nina Ricci,Farouche Nina Ricci 1973 Parfum,1973,https://www.parfumo.com/Perfumes/Nina_Ricci/Farouche
116592,Nina Ricci,Fille d'Eve,1951,https://www.fragrantica.com/perfume/Nina-Ricci/Fille-d-Eve-6178.html
116593,Nina Ricci,Fleur de Fleurs (Eau de Toilette),1982,https://www.fragrantica.com/perfume/Nina-Ricci/Fleur-de-Fleurs-6177.html
116594,Nina Ricci,Fleur de Fleurs Édition Limitée Numérotée,,https://www.parfumo.com/Perfumes/Nina_Ricci/Fleur_de_Fleurs_Edition_Limitee_Numerotee
116595,Nina Ricci,Fleur de Fleurs Nina Ricci 1982 Parfum de Toilette,1982,https://www.parfumo.com/Perfumes/Nina_Ricci/Fleur_de_Fleurs_Parfum_de_Toilette
116596,Nina Ricci,L'Air,2011,https://www.fragrantica.com/perfume/Nina-Ricci/L-Air-11485.html
116597,Nina Ricci,L'Air De Nina,,https://huggingface.co/datasets/doevent/perfume
116598,Nina Ricci,L’Air du Ciel,2019,https://www.fragrantica.com/perfume/Nina-Ricci/L-Air-du-Ciel-53325.html
116599,Nina Ricci,L'Air du Paradis,2018,https://www.fragrantica.com/perfume/Nina-Ricci/L-Air-du-Paradis-49060.html
116600,Nina Ricci,L'Air du Printemps,2009,https://www.parfumo.com/Perfumes/Nina_Ricci/L_Air_du_Printemps
116601,Nina Ricci,L'Air du Temps À Paris chez Antoinette Poisson (Eau de Parfum),2021,https://www.fragrantica.com/perfume/Nina-Ricci/L-Air-du-Temps-A-Paris-chez-Antoinette-Poisson-66212.html
116602,Nina Ricci,L'Air du Temps À Paris Chez Antoinette Poisson Edition Limitee 2022,2022,https://www.fragrantica.com/perfume/Nina-Ricci/L-Air-du-Temps-A-Paris-Chez-Antoinette-Poisson-Edition-Limitee-2022-73224.html
116603,Nina Ricci,L'Air du Temps À Paris chez Antoinette Poisson. Nina Ricci 2022 Eau de Toilette,2022,https://www.parfumo.com/Perfumes/Nina_Ricci/l-air-du-temps-a-paris-chez-antoinette-poisson-eau-de-toilette
116604,Nina Ricci,L'Air du Temps by Olivia Putman,2013,https://www.fragrantica.com/perfume/Nina-Ricci/L-Air-du-Temps-by-Olivia-Putman-17803.html
116605,Nina Ricci,L'Air du Temps by Starck,2010,https://www.fragrantica.com/perfume/Nina-Ricci/L-Air-du-Temps-by-Starck-10171.html
116606,Nina Ricci,L'Air du Temps Colombes Couleur,2006,https://www.fragrantica.com/perfume/Nina-Ricci/L-Air-du-Temps-Colombes-Couleur-2393.html
116607,Nina Ricci,L'Air du Temps Couture Edition,2008,https://www.fragrantica.com/perfume/Nina-Ricci/L-Air-du-Temps-Couture-Edition-2859.html
116608,Nina Ricci,L’Air du Temps Couture Florale,2017,https://www.fragrantica.com/perfume/Nina-Ricci/L-Air-du-Temps-Couture-Florale-47739.html
116609,Nina Ricci,L'Air du Temps Cristal d'Or,2009,https://www.fragrantica.com/perfume/Nina-Ricci/L-Air-du-Temps-Cristal-d-Or-7495.html
116610,Nina Ricci,L'Air du Temps Crystal Pendant Chain,,https://www.parfumo.com/Perfumes/Nina_Ricci/L_Air_du_Temps_Crystal_Pendant_Chain
116611,Nina Ricci,L'Air du Temps Eau de Parfum,1948,https://www.fragrantica.com/perfume/Nina-Ricci/L-Air-du-Temps-Eau-de-Parfum-67111.html
116612,Nina Ricci,L'Air du Temps (Eau de Toilette),1948,https://www.fragrantica.com/perfume/Nina-Ricci/L-Air-du-Temps-1014.html
116613,Nina Ricci,L'Air du Temps Eau Florale,2017,https://www.fragrantica.com/perfume/Nina-Ricci/L-Air-du-Temps-Eau-Florale-44082.html
116614,Nina Ricci,L’Air du Temps Eau Sublime,2016,https://www.fragrantica.com/perfume/Nina-Ricci/L-Air-du-Temps-Eau-Sublime-42190.html
116615,Nina Ricci,L'Air du Temps Édition Colombes Couleur,2006,https://www.parfumo.com/Perfumes/Nina_Ricci/L_Air_du_Temps_Colombes_Couleur
116616,Nina Ricci,L'Air du Temps Fleurs Or,,https://www.parfumo.com/Perfumes/Nina_Ricci/L_Air_du_Temps_Fleurs_Or
116617,Nina Ricci,L'Air du Temps L'Air du Printemps,2009,https://www.fragrantica.com/perfume/Nina-Ricci/L-Air-du-Temps-L-Air-du-Printemps-5569.html
116618,Nina Ricci,L'Air du Temps L'Aube,2016,https://www.fragrantica.com/perfume/Nina-Ricci/L-Air-du-Temps-L-Aube-41791.html
116619,Nina Ricci,L'Air du Temps L'Aurore,2017,https://www.fragrantica.com/perfume/Nina-Ricci/L-Air-du-Temps-L-Aurore-44587.html
116620,Nina Ricci,L'Air du Temps L'Ecrin des Colombes,2015,https://www.fragrantica.com/perfume/Nina-Ricci/L-Air-du-Temps-L-Ecrin-des-Colombes-35860.html
116621,Nina Ricci,L'Air du Temps Le Crépuscule,2016,https://www.fragrantica.com/perfume/Nina-Ricci/L-Air-du-Temps-Le-Crepuscule-41793.html
116622,Nina Ricci,L'Air du Temps Nina Ricci Solid Perfume,,https://www.parfumo.com/Perfumes/Nina_Ricci/L_Air_du_Temps_Solid_Perfume
116623,Nina Ricci,L'Air du Temps Noel,2008,https://www.fragrantica.com/perfume/Nina-Ricci/L-Air-du-Temps-Noel-5343.html
116624,Nina Ricci,L’Air du Temps Nuit Pourpre,2017,https://www.fragrantica.com/perfume/Nina-Ricci/L-Air-du-Temps-Nuit-Pourpre-46536.html
116625,Nina Ricci,L'Air du Temps par Olivia Putman,,https://www.parfumo.com/Perfumes/Nina_Ricci/L_Air_du_Temps_Olivia_Putman
116626,Nina Ricci,L'Air du Temps Parfum,1948,https://www.fragrantica.com/perfume/Nina-Ricci/L-Air-du-Temps-Parfum-67112.html
116627,Nina Ricci,L'Air du Temps White Orchid Edition,2026,https://www.fragrantica.com/perfume/Nina-Ricci/L-Air-du-Temps-White-Orchid-Edition-134038.html
116628,Nina Ricci,L'Air du Temps x Alix D. Reynis Eau de Parfum,2023,https://www.fragrantica.com/perfume/Nina-Ricci/L-Air-du-Temps-x-Alix-D-Reynis-Eau-de-Parfum-80689.html
116629,Nina Ricci,L’Air Du Temps X Anne Brun 2024,2024,https://huggingface.co/datasets/doevent/perfume
116630,Nina Ricci,L'Air Du Temps X Antoinette Poisson 2021,2021,https://huggingface.co/datasets/doevent/perfume
116631,Nina Ricci,L'Air Du Temps X Antoinette Poisson 2022,2022,https://huggingface.co/datasets/doevent/perfume
116632,Nina Ricci,L'Air du Temps x Atelier Anne Brun,2024,https://www.fragrantica.com/perfume/Nina-Ricci/L-Air-du-Temps-x-Atelier-Anne-Brun-91104.html
116633,Nina Ricci,L'Air du Temps Zénith,2016,https://www.fragrantica.com/perfume/Nina-Ricci/L-Air-du-Temps-Zenith-41792.html
116634,Nina Ricci,L'Aurore,,https://huggingface.co/datasets/doevent/perfume
116635,Nina Ricci,L'Eau du Temps,2007,https://www.fragrantica.com/perfume/Nina-Ricci/L-Eau-du-Temps-946.html
116636,Nina Ricci,L’Extase,2015,https://www.fragrantica.com/perfume/Nina-Ricci/L-Extase-29668.html
116637,Nina Ricci,L'Extase Caresse de Roses,2016,https://www.fragrantica.com/perfume/Nina-Ricci/L-Extase-Caresse-de-Roses-35815.html
116638,Nina Ricci,L'Extase Rose,,https://huggingface.co/datasets/doevent/perfume
116639,Nina Ricci,L'Extase Rose Absolue,2017,https://www.fragrantica.com/perfume/Nina-Ricci/L-Extase-Rose-Absolue-43084.html
116640,Nina Ricci,La Tentation de Nina,2014,https://www.fragrantica.com/perfume/Nina-Ricci/La-Tentation-de-Nina-22460.html
116641,Nina Ricci,Le Paradis de Nina,2010,https://www.fragrantica.com/perfume/Nina-Ricci/Le-Paradis-de-Nina-8035.html
116642,Nina Ricci,Les Belles de Nina - Bella,2018,https://www.parfumo.com/Perfumes/Nina_Ricci/Bella
116643,Nina Ricci,Les Belles de Nina - Bella Limited Edition,2007,https://www.parfumo.com/Perfumes/Nina_Ricci/les-belles-de-nina-bella-limited-edition
116644,Nina Ricci,Les Belles de Nina - Les Gourmandises de Luna,2017,https://www.parfumo.com/Perfumes/Nina_Ricci/Les_Gourmandises_de_Luna
116645,Nina Ricci,Les Belles de Nina - Les Gourmandises de Nina,2017,https://www.parfumo.com/Perfumes/Nina_Ricci/Les_Gourmandises_de_Nina
116646,Nina Ricci,Les Belles de Nina - Les Sorbets de Bella,2019,https://www.parfumo.com/Perfumes/Nina_Ricci/Les_Belles_de_Nina__Les_Sorbets_de_Bella
116647,Nina Ricci,Les Belles de Nina - Les Sorbets de Luna,2019,https://www.parfumo.com/Perfumes/Nina_Ricci/Les_Belles_de_Nina__Les_Sorbets_de_Luna
116648,Nina Ricci,Les Belles de Nina - Les Sorbets de Nina,2019,https://www.parfumo.com/Perfumes/Nina_Ricci/Les_Belles_de_Nina__Les_Sorbets_de_Nina
116649,Nina Ricci,Les Belles de Nina - Luna,2016,https://www.parfumo.com/Perfumes/Nina_Ricci/Luna
116650,Nina Ricci,Les Belles de Nina - Luna Blossom,2016,https://www.parfumo.com/Perfumes/Nina_Ricci/Luna_Blossom
116651,Nina Ricci,Les Belles de Nina - Nina,2006,https://www.parfumo.com/Perfumes/Nina_Ricci/Nina
116652,Nina Ricci,Les Belles de Nina - Nina Extra Rouge,2021,https://www.parfumo.com/Perfumes/Nina_Ricci/les-belles-de-nina-nina-extra-rouge
116653,Nina Ricci,Les Belles de Nina - Nina L'Eau,2013,https://www.parfumo.com/Perfumes/Nina_Ricci/Nina_L_Eau
116654,Nina Ricci,Les Belles de Nina - Nina Rose,2020,https://www.parfumo.com/Perfumes/Nina_Ricci/les-belles-de-nina-nina-rose
116655,Nina Ricci,Les Belles de Nina - Nina Rose Garden,2021,https://www.parfumo.com/Perfumes/Nina_Ricci/les-belles-de-nina-nina-rose-garden
116656,Nina Ricci,Les Belles de Nina - Nina Rouge,2019,https://www.parfumo.com/Perfumes/Nina_Ricci/les-belles-de-nina-nina-rouge
116657,Nina Ricci,Les Belles de Nina - Nina Soleil,1998,https://www.parfumo.com/Perfumes/Nina_Ricci/les-belles-de-nina-nina-soleil
116658,Nina Ricci,Les Belles de Ricci,1996,https://www.fragrantica.com/perfume/Nina-Ricci/Les-Belles-de-Ricci-1283.html
116659,Nina Ricci,Les Belles de Ricci Amour d'Amandier,1999,https://www.fragrantica.com/perfume/Nina-Ricci/Les-Belles-de-Ricci-Amour-d-Amandier-1285.html
116660,Nina Ricci,Les Belles de Ricci Belle de Minuit,2000,https://www.fragrantica.com/perfume/Nina-Ricci/Les-Belles-de-Ricci-Belle-de-Minuit-1287.html
116661,Nina Ricci,Les Belles de Ricci Cherry Fantasy,2004,https://www.fragrantica.com/perfume/Nina-Ricci/Les-Belles-de-Ricci-Cherry-Fantasy-1288.html
116662,Nina Ricci,Les Belles de Ricci Delice d'Epices,1999,https://www.fragrantica.com/perfume/Nina-Ricci/Les-Belles-de-Ricci-Delice-d-Epices-1286.html
116663,Nina Ricci,Les Belles de Ricci Liberty Fizz,1996,https://www.fragrantica.com/perfume/Nina-Ricci/Les-Belles-de-Ricci-Liberty-Fizz-1284.html
116664,Nina Ricci,Les Delices de Nina,2015,https://www.fragrantica.com/perfume/Nina-Ricci/Les-Delices-de-Nina-29105.html
116665,Nina Ricci,Les Gourmandises de Luna,2017,https://www.fragrantica.com/perfume/Nina-Ricci/Les-Gourmandises-de-Luna-44426.html
116666,Nina Ricci,Les Gourmandises de Nina,2017,https://www.fragrantica.com/perfume/Nina-Ricci/Les-Gourmandises-de-Nina-44228.html
116667,Nina Ricci,Les Monstres de Nina Ricci Luna,2018,https://www.fragrantica.com/perfume/Nina-Ricci/Les-Monstres-de-Nina-Ricci-Luna-47899.html
116668,Nina Ricci,Les Monstres de Nina Ricci Luna Blossom,2018,https://www.fragrantica.com/perfume/Nina-Ricci/Les-Monstres-de-Nina-Ricci-Luna-Blossom-48116.html
116669,Nina Ricci,Les Monstres de Nina Ricci Nina,2018,https://www.fragrantica.com/perfume/Nina-Ricci/Les-Monstres-de-Nina-Ricci-Nina-47898.html
116670,Nina Ricci,Les Sorbets de Bella,2019,https://www.fragrantica.com/perfume/Nina-Ricci/Les-Sorbets-de-Bella-53577.html
116671,Nina Ricci,Les Sorbets de Luna,2019,https://www.fragrantica.com/perfume/Nina-Ricci/Les-Sorbets-de-Luna-53576.html
116672,Nina Ricci,Les Sorbets de Nina,2019,https://www.fragrantica.com/perfume/Nina-Ricci/Les-Sorbets-de-Nina-53575.html
116673,Nina Ricci,Liberté Acidulée,,https://huggingface.co/datasets/doevent/perfume
116674,Nina Ricci,Liberté Acidulée Liberty Fizz,1996,https://www.parfumo.com/Perfumes/Nina_Ricci/Les_Belles_de_Ricci_Liberte_Acidulee
116675,Nina Ricci,Love by Nina,2009,https://www.fragrantica.com/perfume/Nina-Ricci/Love-by-Nina-5614.html
116676,Nina Ricci,Love Fills L'Air du Temps,2004,https://www.fragrantica.com/perfume/Nina-Ricci/Love-Fills-L-Air-du-Temps-2394.html
116677,Nina Ricci,Love in Paris,2004,https://www.fragrantica.com/perfume/Nina-Ricci/Love-in-Paris-1013.html
116678,Nina Ricci,Love in Paris Christmas 2006,2006,https://www.fragrantica.com/perfume/Nina-Ricci/Love-in-Paris-Christmas-2006-2395.html
116679,Nina Ricci,Love in Paris Fleur de Pivoine,2009,https://www.fragrantica.com/perfume/Nina-Ricci/Love-in-Paris-Fleur-de-Pivoine-1012.html
116680,Nina Ricci,Luna,2016,https://www.fragrantica.com/perfume/Nina-Ricci/Luna-39376.html
116681,Nina Ricci,Luna Blossom,2017,https://www.fragrantica.com/perfume/Nina-Ricci/Luna-Blossom-42796.html
116682,Nina Ricci,Luna Blossom Monster,,https://huggingface.co/datasets/doevent/perfume
116683,Nina Ricci,Luna Holiday Edition 2019,2019,https://www.fragrantica.com/perfume/Nina-Ricci/Luna-Holiday-Edition-2019-57864.html
116684,Nina Ricci,Luna Kiss The Frog,,https://huggingface.co/datasets/doevent/perfume
116685,Nina Ricci,Luna Monster,,https://huggingface.co/datasets/doevent/perfume
116686,Nina Ricci,Mademoiselle Ricci,2012,https://www.fragrantica.com/perfume/Nina-Ricci/Mademoiselle-Ricci-15474.html
116687,Nina Ricci,Mademoiselle Ricci (1967),1967,https://www.fragrantica.com/perfume/Nina-Ricci/Mademoiselle-Ricci-1967-35915.html
116688,Nina Ricci,Mademoiselle Ricci L'Eau,2013,https://www.fragrantica.com/perfume/Nina-Ricci/Mademoiselle-Ricci-L-Eau-18142.html
116689,Nina Ricci,Memoire D'homme (Eau de Toilette),2002,https://www.fragrantica.com/perfume/Nina-Ricci/Memoire-D-homme-2325.html
116690,Nina Ricci,Mémoire d'Homme Nina Ricci Lotion Après-Rasage (After Shave),,https://www.parfumo.com/Perfumes/Nina_Ricci/Memoire_d_Homme_Lotion_Apres_Rasage
116691,Nina Ricci,Nina (1987),1987,https://www.fragrantica.com/perfume/Nina-Ricci/Nina-1987-2174.html
116692,Nina Ricci,Nina Christmas Collector Edition 2022,2022,https://huggingface.co/datasets/doevent/perfume
116693,Nina Ricci,Nina Collector Edition,2022,https://www.fragrantica.com/perfume/Nina-Ricci/Nina-Collector-Edition-76895.html
116694,Nina Ricci,Nina Eau de Parfum,2026,https://www.fragrantica.com/perfume/Nina-Ricci/Nina-Eau-de-Parfum-123422.html
116695,Nina Ricci,Nina (Eau de Toilette),2006,https://www.fragrantica.com/perfume/Nina-Ricci/Nina-147.html
116696,Nina Ricci,Nina Edition d'Or,2015,https://www.fragrantica.com/perfume/Nina-Ricci/Nina-Edition-d-Or-32940.html
116697,Nina Ricci,Nina Edition Or,,https://www.parfumo.com/Perfumes/Nina_Ricci/Nina_Edition_Or
116698,Nina Ricci,Nina Edition Princesse d'un Jour,2012,https://www.parfumo.com/Perfumes/Nina_Ricci/Nina_Princesse_d_un_Jour
116699,Nina Ricci,Nina Extra Rouge,2021,https://www.fragrantica.com/perfume/Nina-Ricci/Nina-Extra-Rouge-67369.html
116700,Nina Ricci,Nina Fantasy,2012,https://www.fragrantica.com/perfume/Nina-Ricci/Nina-Fantasy-14228.html
116701,Nina Ricci,Nina Fleur,2022,https://www.fragrantica.com/perfume/Nina-Ricci/Nina-Fleur-75022.html
116702,Nina Ricci,Nina Gold Edition,2008,https://www.fragrantica.com/perfume/Nina-Ricci/Nina-Gold-Edition-4567.html
116703,Nina Ricci,Nina Holiday Edition 2019,2019,https://www.fragrantica.com/perfume/Nina-Ricci/Nina-Holiday-Edition-2019-57863.html
116704,Nina Ricci,Nina Illusion,2024,https://www.fragrantica.com/perfume/Nina-Ricci/Nina-Illusion-89751.html
116705,Nina Ricci,Nina Kiss The Frog,,https://huggingface.co/datasets/doevent/perfume
116706,Nina Ricci,Nina L’Eau,2013,https://www.fragrantica.com/perfume/Nina-Ricci/Nina-L-Eau-17232.html
116707,Nina Ricci,Nina L'Elixir,2010,https://www.fragrantica.com/perfume/Nina-Ricci/Nina-L-Elixir-9221.html
116708,Nina Ricci,Nina Le Parfum,2023,https://www.fragrantica.com/perfume/Nina-Ricci/Nina-Le-Parfum-83150.html
116709,Nina Ricci,Nina Monster,,https://huggingface.co/datasets/doevent/perfume
116710,Nina Ricci,Nina Nature,2023,https://www.fragrantica.com/perfume/Nina-Ricci/Nina-Nature-78890.html
116711,Nina Ricci,Nina Nina Ricci 1987 Parfum,1987,https://www.parfumo.com/Perfumes/Nina_Ricci/Nina_1987_Parfum
116712,Nina Ricci,Nina Pop,2015,https://www.fragrantica.com/perfume/Nina-Ricci/Nina-Pop-34646.html
116713,Nina Ricci,Nina Pop 10Th Anniversary 2016,2016,https://huggingface.co/datasets/doevent/perfume
116714,Nina Ricci,Nina Precious Edition,2009,https://www.parfumo.com/Perfumes/Nina_Ricci/Nina_Precious_Swarovski_Edition
116715,Nina Ricci,Nina Precious Gold,2024,https://www.fragrantica.com/perfume/Nina-Ricci/Nina-Precious-Gold-95676.html
116716,Nina Ricci,Nina Precious Swarovski Edition,2009,https://www.fragrantica.com/perfume/Nina-Ricci/Nina-Precious-Swarovski-Edition-6836.html
116717,Nina Ricci,Nina Prestige Edition,2007,https://www.fragrantica.com/perfume/Nina-Ricci/Nina-Prestige-Edition-33297.html
116718,Nina Ricci,Nina Princesse d'un Jour,2012,https://www.fragrantica.com/perfume/Nina-Ricci/Nina-Princesse-d-un-Jour-16230.html
116719,Nina Ricci,Nina Rose,2020,https://www.fragrantica.com/perfume/Nina-Ricci/Nina-Rose-61210.html
116720,Nina Ricci,Nina Rose Garden,2021,https://www.fragrantica.com/perfume/Nina-Ricci/Nina-Rose-Garden-64327.html
116721,Nina Ricci,Nina Rouge,2019,https://www.fragrantica.com/perfume/Nina-Ricci/Nina-Rouge-56162.html
116722,Nina Ricci,Nina Rouge Crush,2025,https://www.fragrantica.com/perfume/Nina-Ricci/Nina-Rouge-Crush-104591.html
116723,Nina Ricci,Nina Snow Princess,2011,https://www.fragrantica.com/perfume/Nina-Ricci/Nina-Snow-Princess-12324.html
116724,Nina Ricci,Nina Snow Princess Edition,2011,https://www.parfumo.com/Perfumes/Nina_Ricci/Nina_Snow_Princess
116725,Nina Ricci,Nina Soleil,2022,https://www.fragrantica.com/perfume/Nina-Ricci/Nina-Soleil-71650.html
116726,Nina Ricci,Nuit Pourpre,,https://huggingface.co/datasets/doevent/perfume
116727,Nina Ricci,Phileas (After Shave),1984,https://www.fragrantica.com/perfume/Nina-Ricci/Phileas-6176.html
116728,Nina Ricci,Phileas Nina Ricci 1984 Eau de Toilette,1984,https://www.parfumo.com/Perfumes/Nina_Ricci/Phileas_Eau_de_Toilette
116729,Nina Ricci,Premier Jour,2001,https://www.fragrantica.com/perfume/Nina-Ricci/Premier-Jour-520.html
116730,Nina Ricci,Premier Jour Lucky Day,2005,https://www.fragrantica.com/perfume/Nina-Ricci/Premier-Jour-Lucky-Day-437.html
116731,Nina Ricci,Premier Jour Soleil,2004,https://www.fragrantica.com/perfume/Nina-Ricci/Premier-Jour-Soleil-4058.html
116732,Nina Ricci,Premier Jour Summer Edition,2003,https://www.parfumo.com/Perfumes/Nina_Ricci/Premier_Jour_Summer_Edition
116733,Nina Ricci,Pretty Nina,2009,https://www.fragrantica.com/perfume/Nina-Ricci/Pretty-Nina-2389.html
116734,Nina Ricci,Ricci Club (Eau de Toilette),1989,https://www.fragrantica.com/perfume/Nina-Ricci/Ricci-Club-6175.html
116735,Nina Ricci,Ricci-Club Nina Ricci 1989 After-Shave,1989,https://www.parfumo.com/Perfumes/Nina_Ricci/Ricci_Club_After_Shave
116736,Nina Ricci,Ricci for Men Nina Ricci 1980 After Shave Lotion,1980,https://www.parfumo.com/Perfumes/Nina_Ricci/Ricci_for_Men_After_Shave_Lotion
116737,Nina Ricci,Ricci for Men Nina Ricci 2016 Cologne (Eau de Cologne),2016,https://www.parfumo.com/Perfumes/Nina_Ricci/Ricci_for_Men_Cologne
116738,Nina Ricci,Ricci Ricci,2009,https://www.fragrantica.com/perfume/Nina-Ricci/Ricci-Ricci-6382.html
116739,Nina Ricci,Ricci Ricci Dancing Ribbon,2010,https://www.fragrantica.com/perfume/Nina-Ricci/Ricci-Ricci-Dancing-Ribbon-10687.html
116740,Nina Ricci,Ricci Ricci Reflets Mysterieux,2011,https://www.fragrantica.com/perfume/Nina-Ricci/Ricci-Ricci-Reflets-Mysterieux-13293.html
116741,Nina Ricci,Rose Extase,2017,https://www.fragrantica.com/perfume/Nina-Ricci/Rose-Extase-43676.html
116742,Nina Ricci,Signoricci,1965,https://www.fragrantica.com/perfume/Nina-Ricci/Signoricci-6174.html
116743,Nina Ricci,Signoricci 1 Nina Ricci 1964 After-Shave,1964,https://www.parfumo.com/Perfumes/Nina_Ricci/Signoricci_1_After_Shave
116744,Nina Ricci,Signoricci 1 Nina Ricci 1964 Eau de Toilette,1964,https://www.parfumo.com/Perfumes/Nina_Ricci/Signoricci_1_Eau_de_Toilette
116745,Nina Ricci,Signoricci 2,1975,https://www.fragrantica.com/perfume/Nina-Ricci/Signoricci-2-36729.html
116746,Nina Ricci,Vénus,2024,https://www.fragrantica.com/perfume/Nina-Ricci/Venus-97458.html
116747,Nina Ricci,Vénus de Nina Ricci Eau de Parfum Edition Or Nacrée,2026,https://www.fragrantica.com/perfume/Nina-Ricci/Venus-de-Nina-Ricci-Eau-de-Parfum-Edition-Or-Nacree-132282.html
116748,Nina Ricci,Vénus Eau de Parfum Florale,2026,https://www.fragrantica.com/perfume/Nina-Ricci/Venus-Eau-de-Parfum-Florale-135516.html
116749,Nina Ricci,Vénus Eau de Parfum Intense,2025,https://www.fragrantica.com/perfume/Nina-Ricci/Venus-Eau-de-Parfum-Intense-113802.html
116750,Nina's Nature,Adam & Eve,2010,https://www.fragrantica.com/perfume/Nina-s-Nature/Adam-Eve-18032.html
116751,Nina's Nature,Aino,2012,https://www.fragrantica.com/perfume/Nina-s-Nature/Aino-18034.html
116752,Nina's Nature,Amsterdam,2010,https://www.fragrantica.com/perfume/Nina-s-Nature/Amsterdam-18035.html
116753,Nina's Nature,Anastasia,2012,https://www.fragrantica.com/perfume/Nina-s-Nature/Anastasia-18036.html
116754,Nina's Nature,Another Dimension,2012,https://www.fragrantica.com/perfume/Nina-s-Nature/Another-Dimension-18037.html
116755,Nina's Nature,Carla,2010,https://www.fragrantica.com/perfume/Nina-s-Nature/Carla-18038.html
116756,Nina's Nature,Coco Says No,2012,https://www.fragrantica.com/perfume/Nina-s-Nature/Coco-Says-No-18039.html
116757,Nina's Nature,Laura,2010,https://www.fragrantica.com/perfume/Nina-s-Nature/Laura-18040.html
116758,Nina's Nature,Lempi,2012,https://www.fragrantica.com/perfume/Nina-s-Nature/Lempi-18063.html
116759,Nina's Nature,Mama,2010,https://www.fragrantica.com/perfume/Nina-s-Nature/Mama-18064.html
116760,Nina's Nature,NoNo,2012,https://www.fragrantica.com/perfume/Nina-s-Nature/NoNo-18065.html
116761,Nina's Nature,Nymph,2010,https://www.fragrantica.com/perfume/Nina-s-Nature/Nymph-18066.html
116762,Nina's Nature,Roam,2010,https://www.fragrantica.com/perfume/Nina-s-Nature/Roam-18067.html
116763,Nina's Nature,Sita,2011,https://www.fragrantica.com/perfume/Nina-s-Nature/Sita-18068.html
116764,Nina's Nature,SnifSnif,2012,https://www.fragrantica.com/perfume/Nina-s-Nature/SnifSnif-18069.html
116765,Nina's Nature,Wolf,2013,https://www.fragrantica.com/perfume/Nina-s-Nature/Wolf-18033.html
116766,Nina's Nature,Wood,2010,https://www.fragrantica.com/perfume/Nina-s-Nature/Wood-18071.html
116767,Nine West,Love Fury,2012,https://www.fragrantica.com/perfume/Nine-West/Love-Fury-13627.html
116768,Nine West,Love Fury Kiss,2013,https://www.fragrantica.com/perfume/Nine-West/Love-Fury-Kiss-17831.html
116769,Ninel Perfume,Almond Flower,2014,https://www.fragrantica.com/perfume/Ninel-Perfume/Almond-Flower-45867.html
116770,Ninel Perfume,Business in New York,2016,https://www.fragrantica.com/perfume/Ninel-Perfume/Business-in-New-York-45869.html
116771,Ninel Perfume,Butterfly,2015,https://www.fragrantica.com/perfume/Ninel-Perfume/Butterfly-45901.html
116772,Ninel Perfume,Crystal,2015,https://www.fragrantica.com/perfume/Ninel-Perfume/Crystal-45893.html
116773,Ninel Perfume,Date in Paris,2016,https://www.fragrantica.com/perfume/Ninel-Perfume/Date-in-Paris-45871.html
116774,Ninel Perfume,Dolce Vita,2015,https://www.fragrantica.com/perfume/Ninel-Perfume/Dolce-Vita-45894.html
116775,Ninel Perfume,Evening in Milan,2016,https://www.fragrantica.com/perfume/Ninel-Perfume/Evening-in-Milan-45870.html
116776,Ninel Perfume,Grand Sport Aqua,2015,https://www.fragrantica.com/perfume/Ninel-Perfume/Grand-Sport-Aqua-45905.html
116777,Ninel Perfume,Grand Sport Classic,2015,https://www.fragrantica.com/perfume/Ninel-Perfume/Grand-Sport-Classic-45904.html
116778,Ninel Perfume,Grand Sport Energy,2015,https://www.fragrantica.com/perfume/Ninel-Perfume/Grand-Sport-Energy-45909.html
116779,Ninel Perfume,Grand Sport Extreme,2015,https://www.fragrantica.com/perfume/Ninel-Perfume/Grand-Sport-Extreme-45907.html
116780,Ninel Perfume,Grand Sport Gold,2015,https://www.fragrantica.com/perfume/Ninel-Perfume/Grand-Sport-Gold-45906.html
116781,Ninel Perfume,Grand Sport Platinum,2015,https://www.fragrantica.com/perfume/Ninel-Perfume/Grand-Sport-Platinum-45908.html
116782,Ninel Perfume,Grand Sport Silver,2015,https://www.fragrantica.com/perfume/Ninel-Perfume/Grand-Sport-Silver-45910.html
116783,Ninel Perfume,Green Tea,2015,https://www.fragrantica.com/perfume/Ninel-Perfume/Green-Tea-45895.html
116784,Ninel Perfume,Honeysuckle,2014,https://www.fragrantica.com/perfume/Ninel-Perfume/Honeysuckle-45868.html
116785,Ninel Perfume,Imperatrice,2015,https://www.fragrantica.com/perfume/Ninel-Perfume/Imperatrice-45896.html
116786,Ninel Perfume,Kiss Kiss,2015,https://www.fragrantica.com/perfume/Ninel-Perfume/Kiss-Kiss-45897.html
116787,Ninel Perfume,Ninel No. 1,2014,https://www.fragrantica.com/perfume/Ninel-Perfume/Ninel-No-1-44159.html
116788,Ninel Perfume,Ninel No. 10,2014,https://www.fragrantica.com/perfume/Ninel-Perfume/Ninel-No-10-44193.html
116789,Ninel Perfume,Ninel No. 11,2014,https://www.fragrantica.com/perfume/Ninel-Perfume/Ninel-No-11-44194.html
116790,Ninel Perfume,Ninel No. 12,2014,https://www.fragrantica.com/perfume/Ninel-Perfume/Ninel-No-12-44195.html
116791,Ninel Perfume,Ninel No. 13,2014,https://www.fragrantica.com/perfume/Ninel-Perfume/Ninel-No-13-44196.html
116792,Ninel Perfume,Ninel No. 14,2014,https://www.fragrantica.com/perfume/Ninel-Perfume/Ninel-No-14-44197.html
116793,Ninel Perfume,Ninel No. 15,2014,https://www.fragrantica.com/perfume/Ninel-Perfume/Ninel-No-15-44198.html
116794,Ninel Perfume,Ninel No. 16,2014,https://www.fragrantica.com/perfume/Ninel-Perfume/Ninel-No-16-44199.html
116795,Ninel Perfume,Ninel No. 17,2014,https://www.fragrantica.com/perfume/Ninel-Perfume/Ninel-No-17-44213.html
116796,Ninel Perfume,Ninel No. 18,2014,https://www.fragrantica.com/perfume/Ninel-Perfume/Ninel-No-18-44214.html
116797,Ninel Perfume,Ninel No. 19,2014,https://www.fragrantica.com/perfume/Ninel-Perfume/Ninel-No-19-44215.html
116798,Ninel Perfume,Ninel No. 2,2014,https://www.fragrantica.com/perfume/Ninel-Perfume/Ninel-No-2-44160.html
116799,Ninel Perfume,Ninel No. 20,2014,https://www.fragrantica.com/perfume/Ninel-Perfume/Ninel-No-20-44243.html
116800,Ninel Perfume,Ninel No. 21,2014,https://www.fragrantica.com/perfume/Ninel-Perfume/Ninel-No-21-44244.html
116801,Ninel Perfume,Ninel No. 22,2014,https://www.fragrantica.com/perfume/Ninel-Perfume/Ninel-No-22-44245.html
116802,Ninel Perfume,Ninel No. 23,2014,https://www.fragrantica.com/perfume/Ninel-Perfume/Ninel-No-23-45754.html
116803,Ninel Perfume,Ninel No. 24,2014,https://www.fragrantica.com/perfume/Ninel-Perfume/Ninel-No-24-45774.html
116804,Ninel Perfume,Ninel No. 25,2014,https://www.fragrantica.com/perfume/Ninel-Perfume/Ninel-No-25-45775.html
116805,Ninel Perfume,Ninel No. 26,2014,https://www.fragrantica.com/perfume/Ninel-Perfume/Ninel-No-26-45776.html
116806,Ninel Perfume,Ninel No. 27,2014,https://www.fragrantica.com/perfume/Ninel-Perfume/Ninel-No-27-45777.html
116807,Ninel Perfume,Ninel No. 28,2014,https://www.fragrantica.com/perfume/Ninel-Perfume/Ninel-No-28-45778.html
116808,Ninel Perfume,Ninel No. 29,2014,https://www.fragrantica.com/perfume/Ninel-Perfume/Ninel-No-29-45779.html
116809,Ninel Perfume,Ninel No. 3,2014,https://www.fragrantica.com/perfume/Ninel-Perfume/Ninel-No-3-44182.html
116810,Ninel Perfume,Ninel No. 30,2014,https://www.fragrantica.com/perfume/Ninel-Perfume/Ninel-No-30-45781.html
116811,Ninel Perfume,Ninel No. 4,2014,https://www.fragrantica.com/perfume/Ninel-Perfume/Ninel-No-4-44187.html
116812,Ninel Perfume,Ninel No. 5,2014,https://www.fragrantica.com/perfume/Ninel-Perfume/Ninel-No-5-44188.html
116813,Ninel Perfume,Ninel No. 6,2014,https://www.fragrantica.com/perfume/Ninel-Perfume/Ninel-No-6-44189.html
116814,Ninel Perfume,Ninel No. 7,2014,https://www.fragrantica.com/perfume/Ninel-Perfume/Ninel-No-7-44190.html
116815,Ninel Perfume,Ninel No. 8,2014,https://www.fragrantica.com/perfume/Ninel-Perfume/Ninel-No-8-44191.html
116816,Ninel Perfume,Ninel No. 9,2014,https://www.fragrantica.com/perfume/Ninel-Perfume/Ninel-No-9-44192.html
116817,Ninel Perfume,Ocean,2015,https://www.fragrantica.com/perfume/Ninel-Perfume/Ocean-45898.html
116818,Ninel Perfume,One and Only,2015,https://www.fragrantica.com/perfume/Ninel-Perfume/One-and-Only-45903.html
116819,Ninel Perfume,Sexy,2015,https://www.fragrantica.com/perfume/Ninel-Perfume/Sexy-45899.html
116820,Ninel Perfume,Voyage,2015,https://www.fragrantica.com/perfume/Ninel-Perfume/Voyage-45900.html
116821,Ninel Perfume,Water Lily,2014,https://www.fragrantica.com/perfume/Ninel-Perfume/Water-Lily-45866.html
116822,Ninel Perfume,White Orchid,2014,https://www.fragrantica.com/perfume/Ninel-Perfume/White-Orchid-45864.html
116823,Ninel Perfume,White Rose,2014,https://www.fragrantica.com/perfume/Ninel-Perfume/White-Rose-45865.html
116824,Ningen Parfums,Acharya,2017,https://www.fragrantica.com/perfume/Ningen-Parfums/Acharya-47812.html
116825,Ningen Parfums,Anthomaniac,2017,https://www.fragrantica.com/perfume/Ningen-Parfums/Anthomaniac-47813.html
116826,Ningen Parfums,Montivagant,2017,https://www.fragrantica.com/perfume/Ningen-Parfums/Montivagant-47814.html
116827,Ningen Parfums,Pluviophile,2017,https://www.fragrantica.com/perfume/Ningen-Parfums/Pluviophile-47815.html
116828,Ningen Parfums,Yamato Nadeshiko,2017,https://www.fragrantica.com/perfume/Ningen-Parfums/Yamato-Nadeshiko-47816.html
116829,NINO,Cerulean,2025,https://www.fragrantica.com/perfume/NINO/Cerulean-111636.html
116830,NINO,Emerald,2025,https://www.fragrantica.com/perfume/NINO/Emerald-111635.html
116831,NINO,Greenery,2025,https://www.fragrantica.com/perfume/NINO/Greenery-111633.html
116832,NINO,Illuminating,2025,https://www.fragrantica.com/perfume/NINO/Illuminating-111637.html
116833,NINO,Mimosa,2025,https://www.fragrantica.com/perfume/NINO/Mimosa-111638.html
116834,NINO,Tangerine Tango,2025,https://www.fragrantica.com/perfume/NINO/Tangerine-Tango-111632.html
116835,NINO,Viva Magenta,2025,https://www.fragrantica.com/perfume/NINO/Viva-Magenta-111634.html
116836,Nino Amaddeo,Amber By Nino,2019,https://www.fragrantica.com/perfume/Nino-Amaddeo/Amber-By-Nino-57845.html
116837,Nino Amaddeo,Catch Me If You Can,2019,https://www.fragrantica.com/perfume/Nino-Amaddeo/Catch-Me-If-You-Can-57851.html
116838,Nino Amaddeo,Cuir Superbe,2019,https://www.fragrantica.com/perfume/Nino-Amaddeo/Cuir-Superbe-57849.html
116839,Nino Amaddeo,Fabulous Rose,2019,https://www.fragrantica.com/perfume/Nino-Amaddeo/Fabulous-Rose-57846.html
116840,Nino Amaddeo,For Zoé,2019,https://www.fragrantica.com/perfume/Nino-Amaddeo/For-Zoe-57844.html
116841,Nino Amaddeo,Irresistible Neroli,2019,https://www.fragrantica.com/perfume/Nino-Amaddeo/Irresistible-Neroli-57848.html
116842,Nino Amaddeo,La Vie Rêvée,2019,https://www.fragrantica.com/perfume/Nino-Amaddeo/La-Vie-Revee-57847.html
116843,Nino Amaddeo,Patchouli By Nino,2019,https://www.fragrantica.com/perfume/Nino-Amaddeo/Patchouli-By-Nino-57843.html
116844,Nino Amaddeo,S'Enflammer,2019,https://www.fragrantica.com/perfume/Nino-Amaddeo/S-Enflammer-57852.html
116845,Nino Amaddeo,Terriblamant,2019,https://www.fragrantica.com/perfume/Nino-Amaddeo/Terriblamant-57850.html
116846,Nino Touma,Cristal for Men,2015,https://www.fragrantica.com/perfume/Nino-Touma/Cristal-for-Men-31325.html
116847,Nino Touma,Cristal for Women,2015,https://www.fragrantica.com/perfume/Nino-Touma/Cristal-for-Women-31326.html
116848,Nish Parfum,Akoya,2024,https://www.fragrantica.com/perfume/Nish-Parfum/Akoya-131674.html
116849,Nish Parfum,Althair,2024,https://www.fragrantica.com/perfume/Nish-Parfum/Althair-131679.html
116850,Nish Parfum,Aventus,2024,https://www.fragrantica.com/perfume/Nish-Parfum/Aventus-131736.html
116851,Nish Parfum,Baccarat Rouge,2024,https://www.fragrantica.com/perfume/Nish-Parfum/Baccarat-Rouge-131740.html
116852,Nish Parfum,Erba Pura,2024,https://www.fragrantica.com/perfume/Nish-Parfum/Erba-Pura-131731.html
116853,Nish Parfum,God of Fire,2025,https://www.fragrantica.com/perfume/Nish-Parfum/God-of-Fire-131606.html
116854,Nish Parfum,Guidance,2025,https://www.fragrantica.com/perfume/Nish-Parfum/Guidance-131672.html
116855,Nish Parfum,Imagination,2024,https://www.fragrantica.com/perfume/Nish-Parfum/Imagination-131732.html
116856,Nish Parfum,Imperial Valley,2024,https://www.fragrantica.com/perfume/Nish-Parfum/Imperial-Valley-131745.html
116857,Nish Parfum,Jazz Club,2024,https://www.fragrantica.com/perfume/Nish-Parfum/Jazz-Club-131681.html
116858,Nish Parfum,Megamare,2024,https://www.fragrantica.com/perfume/Nish-Parfum/Megamare-131743.html
116859,Nish Parfum,Ombre Leather,2024,https://www.fragrantica.com/perfume/Nish-Parfum/Ombre-Leather-131676.html
116860,Nish Parfum,Ombre Nomade,2024,https://www.fragrantica.com/perfume/Nish-Parfum/Ombre-Nomade-131682.html
116861,Nish Parfum,Santal,2025,https://www.fragrantica.com/perfume/Nish-Parfum/Santal-131673.html
116862,Nish Parfum,Sauvage,2024,https://www.fragrantica.com/perfume/Nish-Parfum/Sauvage-131738.html
116863,Nish Parfum,Side Effect,2024,https://www.fragrantica.com/perfume/Nish-Parfum/Side-Effect-131680.html
116864,Nish Parfum,Stallion Leather,2025,https://www.fragrantica.com/perfume/Nish-Parfum/Stallion-Leather-131739.html
116865,Nish Parfum,Stronger With You Abs,2024,https://www.fragrantica.com/perfume/Nish-Parfum/Stronger-With-You-Abs-131678.html
116866,Nish Parfum,Tuscan Leather,2024,https://www.fragrantica.com/perfume/Nish-Parfum/Tuscan-Leather-131734.html
116867,Nish Parfum,Vanilla,2025,https://www.fragrantica.com/perfume/Nish-Parfum/Vanilla-131675.html
116868,Nish Parfum,Vanilla Powder,2024,https://www.fragrantica.com/perfume/Nish-Parfum/Vanilla-Powder-131735.html
116869,Nishane,A Date With Oud,2025,https://www.fragrantica.com/perfume/Nishane/A-Date-With-Oud-114860.html
116870,Nishane,Afrika Olifant,2015,https://www.fragrantica.com/perfume/Nishane/Afrika-Olifant-30589.html
116871,Nishane,Ambra Calabria,2015,https://www.fragrantica.com/perfume/Nishane/Ambra-Calabria-30568.html
116872,Nishane,Ani (Extrait de Parfum),2019,https://www.fragrantica.com/perfume/Nishane/Ani-54785.html
116873,Nishane,Ani Nishane 2021 Hair Perfume,2021,https://www.parfumo.com/Perfumes/Nishane/ani-hair-perfume
116874,Nishane,Ani X,2023,https://www.fragrantica.com/perfume/Nishane/Ani-X-80464.html
116875,Nishane,B-612,2018,https://www.fragrantica.com/perfume/Nishane/B-612-49214.html
116876,Nishane,Bosphore,,https://www.parfumo.com/Perfumes/Nishane/Bosphore
116877,Nishane,Boszporusz,2015,https://www.fragrantica.com/perfume/Nishane/Boszporusz-30569.html
116878,Nishane,Cap de Bonne-Espérance,,https://www.parfumo.com/Perfumes/Nishane/Cap_de_Bonne_Esperance
116879,Nishane,Caraïbes,,https://www.parfumo.com/Perfumes/Nishane/Caraibes
116880,Nishane,Colognise,2018,https://www.fragrantica.com/perfume/Nishane/Colognise-49401.html
116881,Nishane,Commerce des Épices,,https://www.parfumo.com/Perfumes/Nishane/Commerce_des_Epices
116882,Nishane,Deziro,2024,https://www.fragrantica.com/perfume/Nishane/Deziro-93684.html
116883,Nishane,Duftblüten,2015,https://www.fragrantica.com/perfume/Nishane/Duftblueten-30582.html
116884,Nishane,Eau Classique,2015,https://www.parfumo.com/Perfumes/Nishane/Eau_Classique
116885,Nishane,Eau Istanbul,2015,https://www.parfumo.com/Perfumes/Nishane/Eau_Istanbul
116886,Nishane,EGE / ΑΙΓΑΙΟ,2020,https://www.fragrantica.com/perfume/Nishane/EGE-AIGAIO-64092.html
116887,Nishane,Ege / Αιgaio,,https://huggingface.co/datasets/doevent/perfume
116888,Nishane,Fan Your Flames,2016,https://www.fragrantica.com/perfume/Nishane/Fan-Your-Flames-37603.html
116889,Nishane,Fan Your Flames X,2023,https://www.fragrantica.com/perfume/Nishane/Fan-Your-Flames-X-80466.html
116890,Nishane,Favonius,2021,https://www.fragrantica.com/perfume/Nishane/Favonius-70388.html
116891,Nishane,Florane,2019,https://www.fragrantica.com/perfume/Nishane/Florane-54789.html
116892,Nishane,Golfe Arabe,2015,https://www.parfumo.com/Perfumes/Nishane/Golfe_Arabe
116893,Nishane,Hacivat,2017,https://www.fragrantica.com/perfume/Nishane/Hacivat-44174.html
116894,Nishane,Hacivat Oud,2023,https://www.fragrantica.com/perfume/Nishane/Hacivat-Oud-80999.html
116895,Nishane,Hacivat : Shadow Play,,https://huggingface.co/datasets/doevent/perfume
116896,Nishane,Hacivat X,2023,https://www.fragrantica.com/perfume/Nishane/Hacivat-X-80462.html
116897,Nishane,Hespéridé Colognisé,2023,https://www.fragrantica.com/perfume/Nishane/Hesperide-Colognise-87331.html
116898,Nishane,Hundred Silent Ways (Extrait de Parfum),2016,https://www.fragrantica.com/perfume/Nishane/Hundred-Silent-Ways-37602.html
116899,Nishane,Hundred Silent Ways Nishane 2021 Hair Perfume,2021,https://www.parfumo.com/Perfumes/Nishane/hundred-silent-ways-hair-perfume
116900,Nishane,Hundred Silent Ways X,2023,https://www.fragrantica.com/perfume/Nishane/Hundred-Silent-Ways-X-80463.html
116901,Nishane,Karagoz,2017,https://www.fragrantica.com/perfume/Nishane/Karagoz-44176.html
116902,Nishane,Karagoz : Shadow Play,,https://huggingface.co/datasets/doevent/perfume
116903,Nishane,Kredo,2022,https://www.fragrantica.com/perfume/Nishane/Kredo-74670.html
116904,Nishane,Mana,2022,https://www.fragrantica.com/perfume/Nishane/Mana-72701.html
116905,Nishane,Meant To Be Seen,2025,https://www.fragrantica.com/perfume/Nishane/Meant-To-Be-Seen-116224.html
116906,Nishane,Méditerranée,2015,https://www.parfumo.com/Perfumes/Nishane/Mediterranee
116907,Nishane,Meltemia,2026,https://www.fragrantica.com/perfume/Nishane/Meltemia-137049.html
116908,Nishane,Munegu,2015,https://www.fragrantica.com/perfume/Nishane/Munegu-30573.html
116909,Nishane,Musiqa Oud,2015,https://www.fragrantica.com/perfume/Nishane/Musiqa-Oud-30588.html
116910,Nishane,Muskane,2019,https://www.fragrantica.com/perfume/Nishane/Muskane-54788.html
116911,Nishane,Nanshe,2020,https://www.fragrantica.com/perfume/Nishane/Nanshe-64093.html
116912,Nishane,Nefs,2019,https://www.fragrantica.com/perfume/Nishane/Nefs-54786.html
116913,Nishane,Oudous Cerasus,2025,https://www.fragrantica.com/perfume/Nishane/Oudous-Cerasus-113630.html
116914,Nishane,Oudous Lux Solis,2025,https://www.fragrantica.com/perfume/Nishane/Oudous-Lux-Solis-111174.html
116915,Nishane,Pachuli Kozha,2015,https://www.fragrantica.com/perfume/Nishane/Pachuli-Kozha-30587.html
116916,Nishane,Papilefiko,2022,https://www.fragrantica.com/perfume/Nishane/Papilefiko-74667.html
116917,Nishane,Pasion Choco,2013,https://www.fragrantica.com/perfume/Nishane/Pasion-Choco-30570.html
116918,Nishane,Rosa Turca,2014,https://www.fragrantica.com/perfume/Nishane/Rosa-Turca-30585.html
116919,Nishane,Safran Colognise,2019,https://www.fragrantica.com/perfume/Nishane/Safran-Colognise-54790.html
116920,Nishane,Santalove,2013,https://www.fragrantica.com/perfume/Nishane/Santalove-30571.html
116921,Nishane,Shem,2021,https://www.fragrantica.com/perfume/Nishane/Shem-66277.html
116922,Nishane,Shinanay,2024,https://www.fragrantica.com/perfume/Nishane/Shinanay-91734.html
116923,Nishane,Spice Bazaar,2015,https://www.fragrantica.com/perfume/Nishane/Spice-Bazaar-30572.html
116924,Nishane,Suede et Safran,2015,https://www.fragrantica.com/perfume/Nishane/Suede-et-Safran-30586.html
116925,Nishane,Sultan Vetiver,2013,https://www.fragrantica.com/perfume/Nishane/Sultan-Vetiver-30574.html
116926,Nishane,Tempfluo,2022,https://www.fragrantica.com/perfume/Nishane/Tempfluo-74668.html
116927,Nishane,Tero,2022,https://www.fragrantica.com/perfume/Nishane/Tero-74669.html
116928,Nishane,Thorns Become Roses,2026,https://www.fragrantica.com/perfume/Nishane/Thorns-Become-Roses-134972.html
116929,Nishane,Tuberoza (Extrait de Parfum),2014,https://www.fragrantica.com/perfume/Nishane/Tuberoza-30581.html
116930,Nishane,Tuberóza Nishane 2021 Hair Perfume,2021,https://www.parfumo.com/Perfumes/Nishane/tuberoza-hair-perfume
116931,Nishane,Tuberóza X,2024,https://www.fragrantica.com/perfume/Nishane/Tuberoza-X-90964.html
116932,Nishane,Unutamam,2019,https://www.fragrantica.com/perfume/Nishane/Unutamam-54787.html
116933,Nishane,Vain & Naïve,2018,https://www.fragrantica.com/perfume/Nishane/Vain-Naive-49215.html
116934,Nishane,Vjola,2014,https://www.fragrantica.com/perfume/Nishane/Vjola-30584.html
116935,Nishane,Wulóng Chá (Extrait de Parfum),2015,https://www.fragrantica.com/perfume/Nishane/Wulong-Cha-30567.html
116936,Nishane,Wūlóng Chá Nishane 2021 Hair Perfume,2021,https://www.parfumo.com/Perfumes/Nishane/wulong-cha-hair-perfume
116937,Nishane,Wulong Cha X,2023,https://www.fragrantica.com/perfume/Nishane/Wulong-Cha-X-80465.html
116938,Nishane,Zenne,2017,https://www.fragrantica.com/perfume/Nishane/Zenne-44175.html
116939,Nishane,Zenne : Shadow Play,,https://huggingface.co/datasets/doevent/perfume
116940,Nishlady,01 VERY BERY (Eau de Toilette),,https://www.trendyol.com/nishlady/01-eau-de-toilette-very-bery-p-975874023
116941,Nishlady,02 SEDUCTIVE (Eau de Toilette),,https://www.trendyol.com/nishlady/02-eau-de-toilette-seductive-p-975874561
116942,Nishlady,03 SEDUCTIVE (Eau de Toilette),,https://www.trendyol.com/nishlady/03-eau-de-toilette-seductive-p-975874828
116943,Nishlady,04 SMOOTHIE (Eau de Toilette),,https://www.trendyol.com/nishlady/04-eau-de-toilette-smoothie-p-975875591
116944,Nishlady,05 IMPULSIVE (Eau de Toilette),,https://www.trendyol.com/nishlady/05-eau-de-toilette-impulsive-p-975876104
116945,Nishlady,06 JAMOCA (Eau de Toilette),,https://www.trendyol.com/nishlady/06-eau-de-toilette-jamoca-p-975876501
116946,Nishlady,Ambition (Body Mist),,https://www.trendyol.com/nishlady/ambition-vucut-spreyi-260-ml-p-354432099
116947,Nishlady,Beach Kiss (Body Mist),,https://www.trendyol.com/nishlady/beach-kiss-vucut-spreyi-260-ml-p-354432005
116948,Nishlady,Beach Kiss / Vücut Ml (Body Mist),,https://www.trendyol.com/nishlady/beach-kiss-body-mist-vucut-spreyi260-ml-p-463250950
116949,Nishlady,Deep Romance (Body Mist),,https://www.trendyol.com/nishlady/deep-romance-vucut-spreyi-260-ml-p-463261191
116950,Nishlady,Feelıngs & Love (Body Mist),,https://www.trendyol.com/nishlady/feelings-love-vucut-spreyi-260-ml-p-356423423
116951,Nishlady,Honey (Body Mist),,https://www.trendyol.com/nishlady/golden-honey-vucut-spreyi-260-ml-p-452271680
116952,Nishlady,İnstigate (Body Mist),,https://www.trendyol.com/nishlady/instigate-vucut-spreyi-260-ml-p-463316005
116953,Nishlady,L'amour Rose / Vücut Vegan (Body Mist),,https://www.trendyol.com/nishlady/l-amour-rose-body-mist-vucut-parfumu-vegan-260-ml-p-463252369
116954,Nishlady,Magic Love / Vücut Vegan (Body Mist),,https://www.trendyol.com/nishlady/magic-love-body-mist-vucut-parfumu-vegan-260-ml-p-463247607
116955,Nishlady,Peaceful (Body Mist),,https://www.trendyol.com/nishlady/peaceful-vucut-spreyi-260-ml-p-356403111
116956,Nishlady,Pearl Beach (Body Mist),,https://www.trendyol.com/nishlady/pearl-beach-vucut-spreyi-260-ml-p-356418353
116957,Nishlady,Pure Charm (Body Mist),,https://www.trendyol.com/nishlady/pure-charm-vucut-spreyi-body-mist-p-463258249
116958,Nishlady,Vanilla Paradise (Body Mist),,https://www.trendyol.com/nishlady/vanilla-paradise-vucut-spreyi-body-mist-p-356227352
116959,Nishman,01 Antarctica,,https://www.parfumo.com/Perfumes/nishman/01-antarctica
116960,Nishman,01 (Eau de Toilette),,https://www.trendyol.com/nishman/01-eau-de-toilette-p-1073366506
116961,Nishman,02 (Eau de Toilette),,https://www.trendyol.com/nishman/02-eau-de-toilette-p-1073366933
116962,Nishman,02 Storm,,https://www.parfumo.com/Perfumes/nishman/02-storm
116963,Nishman,03 (Eau de Toilette),,https://www.trendyol.com/nishman/03-eau-de-toilette-p-1073367491
116964,Nishman,04 (Eau de Toilette),,https://www.trendyol.com/nishman/04-eau-de-toilette-p-1073367863
116965,Nishman,04 Lemon,,https://www.parfumo.com/Perfumes/nishman/04-lemon
116966,Nishman,05 (Eau de Toilette),,https://www.trendyol.com/nishman/05-eau-de-toilette-p-1073368821
116967,Nishman,05 Volcano,,https://www.parfumo.com/Perfumes/nishman/05-volcano
116968,Nishman,06 Aqua d'Asil,,https://www.parfumo.com/Perfumes/nishman/06-aqua-d-asil
116969,Nishman,06 (Eau de Toilette),,https://www.trendyol.com/nishman/06-eau-de-toilette-p-1074217283
116970,Nishman,07 (Eau de Toilette),,https://www.trendyol.com/nishman/07-eau-de-toilette-p-1074219969
116971,Nishman,08 Sun Sense,,https://www.parfumo.com/Perfumes/nishman/08-sun-sense
116972,Nishman,09 Marine,,https://www.parfumo.com/Perfumes/nishman/09-marine
116973,Nishman,10 Amber,,https://www.parfumo.com/Perfumes/nishman/10-amber
116974,Nishman,11 Leader,,https://www.parfumo.com/Perfumes/nishman/11-leader
116975,Nishman,12 Spunk,,https://www.parfumo.com/Perfumes/nishman/12-spunk
116976,Nishman,S9 (Eau de Toilette),,https://www.trendyol.com/nishman/s9-eau-de-toilette-p-1074220192
116977,Nissaba,Andevalo,2026,https://www.fragrantica.com/perfume/Nissaba/Andevalo-140240.html
116978,Nissaba,BERBERA,2024,https://www.fragrantica.com/perfume/Nissaba/BERBERA-90101.html
116979,Nissaba,CHACO,2022,https://www.fragrantica.com/perfume/Nissaba/CHACO-80503.html
116980,Nissaba,GRANDE ILE,2023,https://www.fragrantica.com/perfume/Nissaba/GRANDE-ILE-80505.html
116981,Nissaba,LES ALPES,2025,https://www.fragrantica.com/perfume/Nissaba/LES-ALPES-103463.html
116982,Nissaba,MALLI NADU,2024,https://www.fragrantica.com/perfume/Nissaba/MALLI-NADU-91045.html
116983,Nissaba,PROVENCE,2023,https://www.fragrantica.com/perfume/Nissaba/PROVENCE-80506.html
116984,Nissaba,SULAWESI,2023,https://www.fragrantica.com/perfume/Nissaba/SULAWESI-80504.html
116985,Nissaba,TIERRA MAYA,2023,https://www.fragrantica.com/perfume/Nissaba/TIERRA-MAYA-80507.html
116986,Nissan,Smell My Dust,2024,https://www.fragrantica.com/perfume/Nissan/Smell-My-Dust-93509.html
116987,Nivea,Deep Comfort,2018,https://www.parfumo.com/Perfumes/Nivea/Deep_Comfort
116988,Nivea,Nivea Eau de Toilette,2015,https://www.fragrantica.com/perfume/Nivea/Nivea-Eau-de-Toilette-32132.html
116989,Nivea,Nivea Men,2017,https://www.fragrantica.com/perfume/Nivea/Nivea-Men-47463.html
116990,Nivea,Nivea Men - Paris Saint-Germain,2017,https://www.parfumo.com/Perfumes/Nivea/Nivea_Men__Paris_Saint_Germain
116991,Nivea,Nivea Sun,2019,https://www.fragrantica.com/perfume/Nivea/Nivea-Sun-53859.html
116992,Niven Morgan,Blue Scent,2000,https://www.fragrantica.com/perfume/Niven-Morgan/Blue-Scent-10792.html
116993,Niven Morgan,Gold Scent,2000,https://www.fragrantica.com/perfume/Niven-Morgan/Gold-Scent-10791.html
116994,Niven Morgan,Jean Baptiste 1717,2000,https://www.fragrantica.com/perfume/Niven-Morgan/Jean-Baptiste-1717-10793.html
116995,NIVIRU,11:11 pm,2021,https://www.fragrantica.com/perfume/NIVIRU/11-11-pm-74091.html
116996,NIVIRU,For a Night Gala,2024,https://www.fragrantica.com/perfume/NIVIRU/For-a-Night-Gala-98168.html
116997,NIVIRU,For Attention,2024,https://www.fragrantica.com/perfume/NIVIRU/For-Attention-96187.html
116998,NIVIRU,For Blind Instinct,2025,https://www.fragrantica.com/perfume/NIVIRU/For-Blind-Instinct-107531.html
116999,NIVIRU,For Easy Days,2024,https://www.fragrantica.com/perfume/NIVIRU/For-Easy-Days-98169.html
117000,NIVIRU,For Sundown Soirée,2025,https://www.fragrantica.com/perfume/NIVIRU/For-Sundown-Soiree-107532.html117001,NIVIRU,Kvartal,2025,https://www.fragrantica.com/perfume/NIVIRU/Kvartal-132401.html
117002,NIYO&CO,Ambra,,https://www.fragrantica.com/perfume/NIYO-CO/Ambra-45762.html
117003,NIYO&CO,Fico,,https://www.fragrantica.com/perfume/NIYO-CO/Fico-45767.html
117004,NIYO&CO,Grandi Classici - Patchouly,,https://www.parfumo.com/Perfumes/Niyo_Co/Grandi_Classici__Patchouly
117005,NIYO&CO,L'essenziere Estratto 1,,https://www.fragrantica.com/perfume/NIYO-CO/L-essenziere-Estratto-1-45831.html
117006,NIYO&CO,L'essenziere Estratto 10,,https://www.fragrantica.com/perfume/NIYO-CO/L-essenziere-Estratto-10-45828.html
117007,NIYO&CO,L'essenziere Estratto 11,,https://www.fragrantica.com/perfume/NIYO-CO/L-essenziere-Estratto-11-45829.html
117008,NIYO&CO,L'essenziere Estratto 12,,https://www.fragrantica.com/perfume/NIYO-CO/L-essenziere-Estratto-12-45842.html
117009,NIYO&CO,L'essenziere Estratto 13,,https://www.fragrantica.com/perfume/NIYO-CO/L-essenziere-Estratto-13-45843.html
117010,NIYO&CO,L'essenziere Estratto 14,,https://www.fragrantica.com/perfume/NIYO-CO/L-essenziere-Estratto-14-45844.html
117011,NIYO&CO,L'essenziere Estratto 15,,https://www.fragrantica.com/perfume/NIYO-CO/L-essenziere-Estratto-15-45830.html
117012,NIYO&CO,L'essenziere Estratto 2,,https://www.fragrantica.com/perfume/NIYO-CO/L-essenziere-Estratto-2-45832.html
117013,NIYO&CO,L'essenziere Estratto 3,,https://www.fragrantica.com/perfume/NIYO-CO/L-essenziere-Estratto-3-45840.html
117014,NIYO&CO,L'essenziere Estratto 4,,https://www.fragrantica.com/perfume/NIYO-CO/L-essenziere-Estratto-4-45826.html
117015,NIYO&CO,L'essenziere Estratto 5,,https://www.fragrantica.com/perfume/NIYO-CO/L-essenziere-Estratto-5-45827.html
117016,NIYO&CO,L'essenziere Estratto 6,,https://www.fragrantica.com/perfume/NIYO-CO/L-essenziere-Estratto-6-45841.html
117017,NIYO&CO,L'essenziere Estratto 7,,https://www.fragrantica.com/perfume/NIYO-CO/L-essenziere-Estratto-7-45835.html
117018,NIYO&CO,L'essenziere Estratto 8,,https://www.fragrantica.com/perfume/NIYO-CO/L-essenziere-Estratto-8-45837.html
117019,NIYO&CO,L'essenziere Estratto 9,2017,https://www.fragrantica.com/perfume/NIYO-CO/L-essenziere-Estratto-9-45839.html
117020,NIYO&CO,L'essenziere intenso 01 Velvet Oud,,https://www.fragrantica.com/perfume/NIYO-CO/L-essenziere-intenso-01-Velvet-Oud-45759.html
117021,NIYO&CO,L'essenziere intenso 02 Cashmere Sea,,https://www.fragrantica.com/perfume/NIYO-CO/L-essenziere-intenso-02-Cashmere-Sea-45757.html
117022,NIYO&CO,L'essenziere intenso 03 Damask Wood,,https://www.fragrantica.com/perfume/NIYO-CO/L-essenziere-intenso-03-Damask-Wood-45758.html
117023,NIYO&CO,Magnolia Blumei,,https://www.fragrantica.com/perfume/NIYO-CO/Magnolia-Blumei-45769.html
117024,NIYO&CO,Mirto,,https://www.fragrantica.com/perfume/NIYO-CO/Mirto-45766.html
117025,NIYO&CO,Muschio Bianco,,https://www.fragrantica.com/perfume/NIYO-CO/Muschio-Bianco-45761.html
117026,NIYO&CO,Patchouly,,https://www.fragrantica.com/perfume/NIYO-CO/Patchouly-45760.html
117027,NIYO&CO,Rosa Acquarello,,https://www.fragrantica.com/perfume/NIYO-CO/Rosa-Acquarello-45768.html
117028,NIYO&CO,Tuberosa,,https://www.fragrantica.com/perfume/NIYO-CO/Tuberosa-45764.html
117029,NIYO&CO,Vaniglia,,https://www.fragrantica.com/perfume/NIYO-CO/Vaniglia-45765.html
117030,NIYO&CO,Vetiver,,https://www.fragrantica.com/perfume/NIYO-CO/Vetiver-45763.html
117031,NL Beauty,Sense of Me,2026,https://www.fragrantica.com/perfume/NL-Beauty/Sense-of-Me-135361.html
117032,NLagdameo,Absolem,2019,https://www.fragrantica.com/perfume/NLagdameo/Absolem-134313.html
117033,NLagdameo,Tala,2019,https://www.fragrantica.com/perfume/NLagdameo/Tala-134314.html
117034,No Brainer,Dawn Till Dusk,2024,https://www.fragrantica.com/perfume/No-Brainer/Dawn-Till-Dusk-97902.html
117035,No Brainer,Heavy Heartbeat,2024,https://www.fragrantica.com/perfume/No-Brainer/Heavy-Heartbeat-97904.html
117036,No Brainer,Melt Into Midnight,2024,https://www.fragrantica.com/perfume/No-Brainer/Melt-Into-Midnight-97905.html
117037,No Brainer,Raw So Pure,2024,https://www.fragrantica.com/perfume/No-Brainer/Raw-So-Pure-97903.html
117038,NO-DUPE,I Am Balanced,2025,https://www.fragrantica.com/perfume/NO-DUPE/I-Am-Balanced-107948.html
117039,NO-DUPE,I am Desirable,2025,https://www.fragrantica.com/perfume/NO-DUPE/I-am-Desirable-107952.html
117040,NO-DUPE,I am Fierce,2025,https://www.fragrantica.com/perfume/NO-DUPE/I-am-Fierce-107954.html
117041,NO-DUPE,I Am Safe,2025,https://www.fragrantica.com/perfume/NO-DUPE/I-Am-Safe-107953.html
117042,No Makeup Makeup,No Fragrance Fragrance,2025,https://www.fragrantica.com/perfume/No-Makeup-Makeup/No-Fragrance-Fragrance-119147.html
117043,No Mejora,Asombroso,2021,https://www.fragrantica.com/perfume/No-Mejora/Asombroso-74606.html
117044,No Mejora,Notable Intenso,2021,https://www.fragrantica.com/perfume/No-Mejora/Notable-Intenso-74607.html
117045,No Mejora,Oudh Madera,2021,https://www.fragrantica.com/perfume/No-Mejora/Oudh-Madera-74608.html
117046,No.Nu.,Accidia,2024,https://www.fragrantica.com/perfume/No-Nu/Accidia-93875.html
117047,No.Nu.,Avarizia,2024,https://www.fragrantica.com/perfume/No-Nu/Avarizia-93876.html
117048,No.Nu.,Gola,2024,https://www.fragrantica.com/perfume/No-Nu/Gola-110154.html
117049,No.Nu.,Invidia,2024,https://www.fragrantica.com/perfume/No-Nu/Invidia-110155.html
117050,No.Nu.,Ira,2024,https://www.fragrantica.com/perfume/No-Nu/Ira-93877.html
117051,No.Nu.,Lussuria,2024,https://www.fragrantica.com/perfume/No-Nu/Lussuria-93879.html
117052,No.Nu.,Superbia,2024,https://www.fragrantica.com/perfume/No-Nu/Superbia-93878.html
117053,Nobile 1942,١٠٠١,2017,https://www.parfumo.com/Perfumes/Nobile_1942/1001
117054,Nobile 1942,1001,2017,https://www.fragrantica.com/perfume/Nobile-1942/1001-44132.html
117055,Nobile 1942,A' Grazia,2023,https://www.fragrantica.com/perfume/Nobile-1942/A-Grazia-85344.html
117056,Nobile 1942,Acqua Nobile,1942,https://www.fragrantica.com/perfume/Nobile-1942/Acqua-Nobile-127272.html
117057,Nobile 1942,Acqua Nobile (Eau de Parfum),2008,https://www.fragrantica.com/perfume/Nobile-1942/Acqua-Nobile-4885.html
117058,Nobile 1942,Acqua Nobile Nobile 1942 Hair & Body Mist,1942,https://www.parfumo.com/Perfumes/Nobile_1942/acqua-nobile-hair-body-mist
117059,Nobile 1942,Alla Corte del Re - Bon Bon I: Zucchero Candito,2014,https://www.parfumo.com/Perfumes/Nobile_1942/Alla_Corte_del_Re__Bon_Bon_I_Zucchero_Candito
117060,Nobile 1942,Alla Corte del Re - Bon Bon II: Bon Bon alla Fragola,2014,https://www.parfumo.com/Perfumes/Nobile_1942/Alla_Corte_del_Re__Bon_Bon_II_Bon_Bon_alla_Fragola
117061,Nobile 1942,Alla Corte del Re - Bon Bon III: Altea,2014,https://www.parfumo.com/Perfumes/Nobile_1942/Alla_Corte_del_Re__Bon_Bon_III_Altea
117062,Nobile 1942,Alla Corte del Re - Cedro Atlas I: Superhero,2009,https://www.parfumo.com/Perfumes/Nobile_1942/Cedro_Atlas_I_Superhero
117063,Nobile 1942,Alla Corte del Re - Cedro Atlas II: Cola,2009,https://www.parfumo.com/Perfumes/Nobile_1942/Cedro_Atlas_II_Cola
117064,Nobile 1942,Alla Corte del Re - Cedro Atlas III: Robinson,2009,https://www.parfumo.com/Perfumes/Nobile_1942/Cedro_Atlas_III_Robinson
117065,Nobile 1942,Alla Corte del Re - Le Petit Chocolatier I: Confiture,2012,https://www.parfumo.com/Perfumes/Nobile_1942/Le_Petit_Chocolatier_I_Confiture
117066,Nobile 1942,Alla Corte del Re - Le Petit Chocolatier II: Praline,2012,https://www.parfumo.com/Perfumes/Nobile_1942/Le_Petit_Chocolatier_II_Praline
117067,Nobile 1942,Alla Corte del Re - Le Petit Chocolatier III: Noir Intense,2012,https://www.parfumo.com/Perfumes/Nobile_1942/Le_Petit_Chocolatier_III_Noir_Intense
117068,Nobile 1942,Alla Corte del Re - Piccoli Nobili,,https://www.parfumo.com/Perfumes/Nobile_1942/Alla_Corte_del_Re__Piccoli_Nobili
117069,Nobile 1942,Alla Corte del Re - Rosa Incantevole I: Julie Coeur,2009,https://www.parfumo.com/Perfumes/Nobile_1942/Rosa_Incantevole_I_Julie_Coeur
117070,Nobile 1942,Alla Corte del Re - Rosa Incantevole II: Vanilla,2009,https://www.parfumo.com/Perfumes/Nobile_1942/Rosa_Incantevole_II_Vanilla
117071,Nobile 1942,Alla Corte del Re - Rosa Incantevole III: Rose Iris,2009,https://www.parfumo.com/Perfumes/Nobile_1942/Rosa_Incantevole_III_Rose_Iris
117072,Nobile 1942,Ambra Estratto,2011,https://www.fragrantica.com/perfume/Nobile-1942/Ambra-Estratto-44078.html
117073,Nobile 1942,Ambra Nobile 1942 2011 Estratto,2011,https://www.parfumo.com/Perfumes/Nobile_1942/Ambra_Estratto
117074,Nobile 1942,Ambra Nobile (Eau de Parfum),2000,https://www.fragrantica.com/perfume/Nobile-1942/Ambra-Nobile-10777.html
117075,Nobile 1942,Anonimo Veneziano (Eau de Parfum),2006,https://www.fragrantica.com/perfume/Nobile-1942/Anonimo-Veneziano-10774.html
117076,Nobile 1942,Anonimo Veneziano Estratto,2010,https://www.fragrantica.com/perfume/Nobile-1942/Anonimo-Veneziano-Estratto-34829.html
117077,Nobile 1942,Anonimo Veneziano Nobile 1942 2010 Estratto,2010,https://www.parfumo.com/Perfumes/Nobile_1942/Anonimo_Veneziano_Estratto
117078,Nobile 1942,Anti Malocchio,2022,https://www.fragrantica.com/perfume/Nobile-1942/Anti-Malocchio-79284.html
117079,Nobile 1942,Balkh,2017,https://www.parfumo.com/Perfumes/Nobile_1942/balkh
117080,Nobile 1942,Café Chantant (Eau de Parfum),2013,https://www.fragrantica.com/perfume/Nobile-1942/Cafe-Chantant-18073.html
117081,Nobile 1942,Café Chantant Estratto,2012,https://www.fragrantica.com/perfume/Nobile-1942/Cafe-Chantant-Estratto-44092.html
117082,Nobile 1942,Café Chantant Exceptional Edition,2015,https://www.fragrantica.com/perfume/Nobile-1942/Cafe-Chantant-Exceptional-Edition-44059.html
117083,Nobile 1942,Café Chantant Nobile 1942 2012 Extrait,2012,https://www.parfumo.com/Perfumes/Nobile_1942/Cafe_Chantant_Extrait
117084,Nobile 1942,Casta Diva (Eau de Parfum),2009,https://www.fragrantica.com/perfume/Nobile-1942/Casta-Diva-10775.html
117085,Nobile 1942,Casta Diva Exceptional Edition,2015,https://www.fragrantica.com/perfume/Nobile-1942/Casta-Diva-Exceptional-Edition-44060.html
117086,Nobile 1942,Casta Diva Nobile 1942 2009 Extrait,2009,https://www.parfumo.com/Perfumes/Nobile_1942/Casta_Diva_Extrait
117087,Nobile 1942,Castadiva,,https://huggingface.co/datasets/doevent/perfume
117088,Nobile 1942,Castadiva Estratto,2009,https://www.fragrantica.com/perfume/Nobile-1942/Castadiva-Estratto-34828.html
117089,Nobile 1942,Castelli Di Sabbia,2020,https://www.fragrantica.com/perfume/Nobile-1942/Castelli-Di-Sabbia-66207.html
117090,Nobile 1942,Cedro Atlas I Superhero,,https://huggingface.co/datasets/doevent/perfume
117091,Nobile 1942,Cedro Atlas Ii Cola,,https://huggingface.co/datasets/doevent/perfume
117092,Nobile 1942,Cedro Atlas Iii Robinson,,https://huggingface.co/datasets/doevent/perfume
117093,Nobile 1942,Chypre 1942 (Eau de Parfum),2011,https://www.fragrantica.com/perfume/Nobile-1942/Chypre-1942-11578.html
117094,Nobile 1942,Chypre Estratto,2011,https://www.fragrantica.com/perfume/Nobile-1942/Chypre-Estratto-44093.html
117095,Nobile 1942,Chypre Nobile 1942 2011 Estratto,2011,https://www.parfumo.com/Perfumes/Nobile_1942/Chypre_Estratto
117096,Nobile 1942,Estroverso,2010,https://www.fragrantica.com/perfume/Nobile-1942/Estroverso-10773.html
117097,Nobile 1942,Fougère Nobile,2015,https://www.fragrantica.com/perfume/Nobile-1942/Fougere-Nobile-31034.html
117098,Nobile 1942,Hormuz,2017,https://www.parfumo.com/Perfumes/Nobile_1942/hormuz
117099,Nobile 1942,I Confiture,2011,https://www.fragrantica.com/perfume/Nobile-1942/I-Confiture-17304.html
117100,Nobile 1942,I Jolie Coeur,2009,https://www.fragrantica.com/perfume/Nobile-1942/I-Jolie-Coeur-44072.html
117101,Nobile 1942,I Superhero,2009,https://www.fragrantica.com/perfume/Nobile-1942/I-Superhero-44065.html
117102,Nobile 1942,I Zucchero Candito,2014,https://www.fragrantica.com/perfume/Nobile-1942/I-Zucchero-Candito-34481.html
117103,Nobile 1942,II Bon Bon Alla Fragola,2014,https://www.fragrantica.com/perfume/Nobile-1942/II-Bon-Bon-Alla-Fragola-34482.html
117104,Nobile 1942,II Cola,2009,https://www.fragrantica.com/perfume/Nobile-1942/II-Cola-44067.html
117105,Nobile 1942,II Praline,2011,https://www.fragrantica.com/perfume/Nobile-1942/II-Praline-17305.html
117106,Nobile 1942,II Vanille,2009,https://www.fragrantica.com/perfume/Nobile-1942/II-Vanille-44073.html
117107,Nobile 1942,III Altea,2014,https://www.fragrantica.com/perfume/Nobile-1942/III-Altea-34483.html
117108,Nobile 1942,III Noir Intense,2011,https://www.fragrantica.com/perfume/Nobile-1942/III-Noir-Intense-17306.html
117109,Nobile 1942,III Robinson,2009,https://www.fragrantica.com/perfume/Nobile-1942/III-Robinson-44068.html
117110,Nobile 1942,III Rose Iris,2009,https://www.fragrantica.com/perfume/Nobile-1942/III-Rose-Iris-44075.html
117111,Nobile 1942,Il Capriccio del Maestro,2018,https://www.fragrantica.com/perfume/Nobile-1942/Il-Capriccio-del-Maestro-49195.html
117112,Nobile 1942,Il Colore del Vento,2025,https://www.fragrantica.com/perfume/Nobile-1942/Il-Colore-del-Vento-105114.html
117113,Nobile 1942,Il Giardino Delle Delizie,2020,https://www.fragrantica.com/perfume/Nobile-1942/Il-Giardino-Delle-Delizie-66204.html
117114,Nobile 1942,Il Sentiero degli Dei,2018,https://www.fragrantica.com/perfume/Nobile-1942/Il-Sentiero-degli-Dei-49197.html
117115,Nobile 1942,Infinito,2013,https://www.fragrantica.com/perfume/Nobile-1942/Infinito-18072.html
117116,Nobile 1942,La Danza Delle Libellule,1942,https://www.fragrantica.com/perfume/Nobile-1942/La-Danza-Delle-Libellule-127269.html
117117,Nobile 1942,La Danza delle Libellule (Eau de Parfum),2012,https://www.fragrantica.com/perfume/Nobile-1942/La-Danza-delle-Libellule-14845.html
117118,Nobile 1942,La Danza Delle Libellule Exceptional Edition,2015,https://www.fragrantica.com/perfume/Nobile-1942/La-Danza-Delle-Libellule-Exceptional-Edition-39831.html
117119,Nobile 1942,La Danza delle Libellule Nobile 1942 2015 Extrait,2015,https://www.parfumo.com/Perfumes/Nobile_1942/La_Danza_delle_Libellule_Extrait
117120,Nobile 1942,La Danza delle Libellule Nobile 1942 Hair & Body Mist,1942,https://www.parfumo.com/Perfumes/Nobile_1942/la-danza-delle-libellule-hair-body-mist
117121,Nobile 1942,La Dea Bendata,2024,https://www.fragrantica.com/perfume/Nobile-1942/La-Dea-Bendata-90754.html
117122,Nobile 1942,La Stanza Delle Bambole,1942,https://www.fragrantica.com/perfume/Nobile-1942/La-Stanza-Delle-Bambole-127268.html
117123,Nobile 1942,La Stanza Delle Bambole,2020,https://www.fragrantica.com/perfume/Nobile-1942/La-Stanza-Delle-Bambole-66203.html
117124,Nobile 1942,La Stanza delle Bambole Nobile 1942 2020 Profumo,2020,https://www.parfumo.com/Perfumes/Nobile_1942/la-stanza-delle-bambole-profumo
117125,Nobile 1942,La Stanza delle Bambole Nobile 1942 Hair & Body Mist,1942,https://www.parfumo.com/Perfumes/Nobile_1942/la-stanza-delle-bambole-hair-body-mist
117126,Nobile 1942,Lavanda Nobile,2008,https://www.fragrantica.com/perfume/Nobile-1942/Lavanda-Nobile-4886.html
117127,Nobile 1942,Le Petit Chocolatier I Confiture,,https://huggingface.co/datasets/doevent/perfume
117128,Nobile 1942,Le Petit Chocolatier Ii Praline,,https://huggingface.co/datasets/doevent/perfume
117129,Nobile 1942,Le Petit Chocolatier Iii Noir Intense,,https://huggingface.co/datasets/doevent/perfume
117130,Nobile 1942,Levante,1942,https://www.fragrantica.com/perfume/Nobile-1942/Levante-127271.html
117131,Nobile 1942,Levante (Eau de Parfum),2017,https://www.fragrantica.com/perfume/Nobile-1942/Levante-45140.html
117132,Nobile 1942,Levante Nobile 1942 Hair & Body Mist,1942,https://www.parfumo.com/Perfumes/Nobile_1942/levante-hair-body-mist
117133,Nobile 1942,Malia,2015,https://www.fragrantica.com/perfume/Nobile-1942/Malia-32486.html
117134,Nobile 1942,MALVS,2018,https://www.fragrantica.com/perfume/Nobile-1942/MALVS-49192.html
117135,Nobile 1942,Muschio 20 Nobile,2024,https://www.fragrantica.com/perfume/Nobile-1942/Muschio-20-Nobile-100341.html
117136,Nobile 1942,Muschio Nobile (Eau de Parfum),2011,https://www.fragrantica.com/perfume/Nobile-1942/Muschio-Nobile-11577.html
117137,Nobile 1942,Muschio Nobile Nobile 1942 2011 Eau de Toilette,2011,https://www.parfumo.com/Perfumes/Nobile_1942/Muschio_Nobile
117138,Nobile 1942,Nobile 26,2021,https://www.fragrantica.com/perfume/Nobile-1942/Nobile-26-68628.html
117139,Nobile 1942,Patchouli Estratto,2011,https://www.fragrantica.com/perfume/Nobile-1942/Patchouli-Estratto-44094.html
117140,Nobile 1942,Patchouli Nobile 1942 2011 Estratto,2011,https://www.parfumo.com/Perfumes/Nobile_1942/Patchouli_Estratto
117141,Nobile 1942,Patchouli Nobile (Eau de Parfum),2009,https://www.fragrantica.com/perfume/Nobile-1942/Patchouli-Nobile-10776.html
117142,Nobile 1942,Perdizione,2016,https://www.fragrantica.com/perfume/Nobile-1942/Perdizione-35982.html
117143,Nobile 1942,Petali e Spade,2022,https://www.fragrantica.com/perfume/Nobile-1942/Petali-e-Spade-74679.html
117144,Nobile 1942,Piccoli Nobili,2012,https://www.fragrantica.com/perfume/Nobile-1942/Piccoli-Nobili-44076.html
117145,Nobile 1942,Pontevecchio (Eau de Parfum),2005,https://www.fragrantica.com/perfume/Nobile-1942/Pontevecchio-9442.html
117146,Nobile 1942,Pontevecchio Estratto,2011,https://www.fragrantica.com/perfume/Nobile-1942/Pontevecchio-Estratto-44095.html
117147,Nobile 1942,Pontevecchio Exceptional Edition,2015,https://www.fragrantica.com/perfume/Nobile-1942/Pontevecchio-Exceptional-Edition-44061.html
117148,Nobile 1942,Pontevecchio Nobile 1942 2011 Extrait,2011,https://www.parfumo.com/Perfumes/Nobile_1942/Pontevecchio_Extrait
117149,Nobile 1942,Pontevecchio W (Eau de Parfum),2009,https://www.fragrantica.com/perfume/Nobile-1942/Pontevecchio-W-9441.html
117150,Nobile 1942,Pontevecchio W Estratto,2012,https://www.fragrantica.com/perfume/Nobile-1942/Pontevecchio-W-Estratto-44096.html
117151,Nobile 1942,Pontevecchio W Exceptional Edition,2015,https://www.fragrantica.com/perfume/Nobile-1942/Pontevecchio-W-Exceptional-Edition-44063.html
117152,Nobile 1942,Pontevecchio W Nobile 1942 2012 Extrait,2012,https://www.parfumo.com/Perfumes/Nobile_1942/Pontevecchio_W_Extrait
117153,Nobile 1942,Profumo Imperiale,2010,https://www.fragrantica.com/perfume/Nobile-1942/Profumo-Imperiale-11069.html
117154,Nobile 1942,Rosa Incantevole I Julie Coeur,,https://huggingface.co/datasets/doevent/perfume
117155,Nobile 1942,Rosa Incantevole Ii Vanilla,,https://huggingface.co/datasets/doevent/perfume
117156,Nobile 1942,Rosa Incantevole Iii Rose Iris,,https://huggingface.co/datasets/doevent/perfume
117157,Nobile 1942,Rudis,2014,https://www.fragrantica.com/perfume/Nobile-1942/Rudis-28444.html
117158,Nobile 1942,Sandalo Nobile,2016,https://www.fragrantica.com/perfume/Nobile-1942/Sandalo-Nobile-35981.html
117159,Nobile 1942,Shamal,2018,https://www.fragrantica.com/perfume/Nobile-1942/Shamal-53371.html
117160,Nobile 1942,Sine Gloria,2026,https://www.fragrantica.com/perfume/Nobile-1942/Sine-Gloria-130440.html
117161,Nobile 1942,Tauris,2017,https://www.parfumo.com/Perfumes/Nobile_1942/tauris
117162,Nobile 1942,Vaniglia Estratto,2009,https://www.fragrantica.com/perfume/Nobile-1942/Vaniglia-Estratto-19983.html
117163,Nobile 1942,Vespri Aromatico,2013,https://www.fragrantica.com/perfume/Nobile-1942/Vespri-Aromatico-23065.html
117164,Nobile 1942,Vespri Esperidati,1942,https://www.fragrantica.com/perfume/Nobile-1942/Vespri-Esperidati-3633.html
117165,Nobile 1942,Vespri Esperidati Estratto,2015,https://www.fragrantica.com/perfume/Nobile-1942/Vespri-Esperidati-Estratto-34830.html
117166,Nobile 1942,Vespri Esperidati for Men,2008,https://www.fragrantica.com/perfume/Nobile-1942/Vespri-Esperidati-for-Men-3632.html
117167,Nobile 1942,Vespri Esperidati W Nobile 1942 2006 Eau de Parfum,2006,https://www.parfumo.com/Perfumes/Nobile_1942/Vespri_Esperidati_W
117168,Nobile 1942,Vespri Esperidati W Nobile 1942 2015 Estratto,2015,https://www.parfumo.com/Perfumes/Nobile_1942/Vespri_Esperidati_W_Estratto
117169,Nobile 1942,Vespri Orientale (Eau de Parfum),2013,https://www.fragrantica.com/perfume/Nobile-1942/Vespri-Orientale-23066.html
117170,Nobile 1942,Vespri Orientale Estratto,2013,https://www.fragrantica.com/perfume/Nobile-1942/Vespri-Orientale-Estratto-44097.html
117171,Nobile 1942,Vespri Orientale Nobile 1942 2013 Estratto,2013,https://www.parfumo.com/Perfumes/Nobile_1942/Vespri_Orientale_Estratto
117172,Nobile Royale,Cuir Magnifique,,https://art-parfums.com/collections/noble-royale
117173,Nobile Royale,Fleur de Marbre,,https://art-parfums.com/collections/noble-royale
117174,Nobile Royale,L'imperatrice Gardenia,,https://art-parfums.com/collections/noble-royale
117175,Nobile Royale,Loi d'une femme,,https://art-parfums.com/collections/noble-royale
117176,Nobile Royale,Majesteux Vetiver,,https://art-parfums.com/collections/noble-royale
117177,Nobile Royale,Tobacco Dynasty,,https://art-parfums.com/collections/noble-royale
117178,Nobility Parfums,Aura,2026,https://www.fragrantica.com/perfume/Nobility-Parfums/Aura-134176.html
117179,Nobility Parfums,BSOD (Blue Screen of Death),2025,https://www.fragrantica.com/perfume/Nobility-Parfums/BSOD-Blue-Screen-of-Death-134178.html
117180,Nobility Parfums,Dark Bloom,2026,https://www.fragrantica.com/perfume/Nobility-Parfums/Dark-Bloom-134179.html
117181,Nobility Parfums,"Extra, Extra",2025,https://www.fragrantica.com/perfume/Nobility-Parfums/Extra-Extra-134172.html
117182,Nobility Parfums,Le Nut,2025,https://www.fragrantica.com/perfume/Nobility-Parfums/Le-Nut-134180.html
117183,Nobility Parfums,M6,2026,https://www.fragrantica.com/perfume/Nobility-Parfums/M6-134173.html
117184,Nobility Parfums,Silver Surfer,2025,https://www.fragrantica.com/perfume/Nobility-Parfums/Silver-Surfer-134174.html
117185,Nobility Parfums,Sundown Reserve,2026,https://www.fragrantica.com/perfume/Nobility-Parfums/Sundown-Reserve-134181.html
117186,Nobility Parfums,Sweet Seduction,2026,https://www.fragrantica.com/perfume/Nobility-Parfums/Sweet-Seduction-134177.html
117187,Nobility Parfums,Tropical Dayz,2026,https://www.fragrantica.com/perfume/Nobility-Parfums/Tropical-Dayz-134175.html
117188,Nobl’art Parfums,Mona Lisa – L’Original,2026,https://www.fragrantica.com/perfume/Nobl-art-Parfums/Mona-Lisa-L-Original-129681.html
117189,Noble Heritage,Alba Andaluz,2025,https://www.fragrantica.com/perfume/Noble-Heritage/Alba-Andaluz-120587.html
117190,Noble Heritage,Secret Garden,2025,https://www.fragrantica.com/perfume/Noble-Heritage/Secret-Garden-109084.html
117191,Noble Isle,Fireside,2026,https://www.fragrantica.com/perfume/Noble-Isle/Fireside-135950.html
117192,Noble Isle,Willow Song,2026,https://www.fragrantica.com/perfume/Noble-Isle/Willow-Song-135951.html
117193,Noble Otter,Jungle Warrior Noble Otter Aftershave (After Shave),,https://www.parfumo.com/Perfumes/Noble_Otter/jungle-warrior-aftershave
117194,Noble Otter,Jungle Warrior Noble Otter Eau de Parfum,,https://www.parfumo.com/Perfumes/Noble_Otter/jungle-warrior-eau-de-parfum
117195,Noble Otter,Lonestar Noble Otter Aftershave (After Shave),,https://www.parfumo.com/Perfumes/Noble_Otter/lonestar-aftershave
117196,Noble Otter,Lonestar Noble Otter Eau de Parfum,,https://www.parfumo.com/Perfumes/Noble_Otter/lonestar-eau-de-parfum
117197,Noble Royale,Cuir Magnifique,2018,https://www.fragrantica.com/perfume/Noble-Royale/Cuir-Magnifique-50339.html
117198,Noble Royale,Fleur De Marbre,2018,https://www.fragrantica.com/perfume/Noble-Royale/Fleur-De-Marbre-50338.html
117199,Noble Royale,L’Imperatrice Gardenia,2018,https://www.fragrantica.com/perfume/Noble-Royale/L-Imperatrice-Gardenia-50341.html
117200,Noble Royale,Loi D'Une Femme,2020,https://www.fragrantica.com/perfume/Noble-Royale/Loi-D-Une-Femme-64165.html
117201,Noble Royale,Majestueux Vetiver,2018,https://www.fragrantica.com/perfume/Noble-Royale/Majestueux-Vetiver-50340.html
117202,Noble Royale,Soleil Royal,2023,https://www.fragrantica.com/perfume/Noble-Royale/Soleil-Royal-81661.html
117203,Noble Royale,Tobacco Dynasty,2018,https://www.fragrantica.com/perfume/Noble-Royale/Tobacco-Dynasty-49859.html
117204,Nobody's Child,Gaia,2024,https://www.fragrantica.com/perfume/Nobody-s-Child/Gaia-110530.html
117205,Nobody's Child,Iris,2024,https://www.fragrantica.com/perfume/Nobody-s-Child/Iris-101276.html
117206,Nobody's Child,Rhea,,https://www.fragrantica.com/perfume/Nobody-s-Child/Rhea-110532.html
117207,Nobody's Child,Selene,,https://www.fragrantica.com/perfume/Nobody-s-Child/Selene-110528.html
117208,Nocibé,Celebrate Life,2022,https://www.fragrantica.com/perfume/Nocibe/Celebrate-Life-76024.html
117209,Nocibé,Follow Your Dreams,2022,https://www.fragrantica.com/perfume/Nocibe/Follow-Your-Dreams-76025.html
117210,Nocibé,Funky Flower,2017,https://www.fragrantica.com/perfume/Nocibe/Funky-Flower-43394.html
117211,Nocibé,Happy Juice,2017,https://www.fragrantica.com/perfume/Nocibe/Happy-Juice-43391.html
117212,Nocibé,Home Spa Leilani Bliss Eau de Toilette,2022,https://www.fragrantica.com/perfume/Nocibe/Home-Spa-Leilani-Bliss-Eau-de-Toilette-72867.html
117213,Nocibé,Jazzy Dream,2017,https://www.fragrantica.com/perfume/Nocibe/Jazzy-Dream-43392.html
117214,Nocibé,Live The Moment,2022,https://www.fragrantica.com/perfume/Nocibe/Live-The-Moment-76023.html
117215,Nocibé,Spicy Charm,2017,https://www.fragrantica.com/perfume/Nocibe/Spicy-Charm-43395.html
117216,Nocibé,Sunny Fruit,2017,https://www.fragrantica.com/perfume/Nocibe/Sunny-Fruit-43393.html
117217,Nocibé,Walk In The Sun,2022,https://www.fragrantica.com/perfume/Nocibe/Walk-In-The-Sun-76022.html
117218,Nocibé,Woody Mirage,2017,https://www.fragrantica.com/perfume/Nocibe/Woody-Mirage-43396.html
117219,Noctifera,Aged in Vineyard,2025,https://www.fragrantica.com/perfume/Noctifera/Aged-in-Vineyard-111307.html
117220,Noctifera,Ink of Shadows,,https://www.fragrantica.com/perfume/Noctifera/Ink-of-Shadows-111308.html
117221,Noctifera,MoonFlower,,https://www.fragrantica.com/perfume/Noctifera/MoonFlower-111309.html
117222,Noctifera,Polish May,,https://www.fragrantica.com/perfume/Noctifera/Polish-May-111310.html
117223,Noctifera,Redacted.,2024,https://www.fragrantica.com/perfume/Noctifera/Redacted-111312.html
117224,Noctifera,SolarBreeze,,https://www.fragrantica.com/perfume/Noctifera/SolarBreeze-111313.html
117225,Noctifera,Stuck on the Island,,https://www.fragrantica.com/perfume/Noctifera/Stuck-on-the-Island-111314.html
117226,Noctifera,The Other Human,,https://www.fragrantica.com/perfume/Noctifera/The-Other-Human-111315.html
117227,Noctifera,Vampyre Essence,,https://www.fragrantica.com/perfume/Noctifera/Vampyre-Essence-111306.html
117228,Nocturne Alchemy,Apricot Honey Bee,2020,https://www.parfumo.com/Perfumes/Nocturne_Alchemy/apricot-honey-bee
117229,Nocturne Alchemy,Apricot Kobalt,,https://www.parfumo.com/Perfumes/Nocturne_Alchemy/apricot-kobalt
117230,Nocturne Alchemy,Bastet's Ice Cream - Coffee Liqueur Creme,2019,https://www.parfumo.com/Perfumes/Nocturne_Alchemy/bastet-s-ice-cream-coffee-liqueur-creme
117231,Nocturne Alchemy,Coconut Sorbet,2019,https://www.parfumo.com/Perfumes/Nocturne_Alchemy/coconut-sorbet
117232,Nocturne Alchemy,Michael,2000,https://www.parfumo.com/Perfumes/Nocturne_Alchemy/7__Michael
117233,Nocturne Alchemy,Muguet des Bois Musk,,https://www.fragrantica.com/perfume/Nocturne-Alchemy/Muguet-des-Bois-Musk-135376.html
117234,Nocturne Alchemy,Remiel,2003,https://www.parfumo.com/Perfumes/Nocturne_Alchemy/7__Remiel
117235,Nocturne Alchemy,Uriel,2003,https://www.parfumo.com/Perfumes/Nocturne_Alchemy/7__Uriel
117236,Nodus Perfume House,Amberis,2026,https://www.fragrantica.com/perfume/Nodus-Perfume-House/Amberis-137900.html
117237,Nodus Perfume House,Atratus,2026,https://www.fragrantica.com/perfume/Nodus-Perfume-House/Atratus-137901.html
117238,Nodus Perfume House,Cacaonova,2026,https://www.fragrantica.com/perfume/Nodus-Perfume-House/Cacaonova-137914.html
117239,Nodus Perfume House,Ferus,2026,https://www.fragrantica.com/perfume/Nodus-Perfume-House/Ferus-137899.html
117240,Nodus Perfume House,Flora,2026,https://www.fragrantica.com/perfume/Nodus-Perfume-House/Flora-137905.html
117241,Nodus Perfume House,Fructus,2026,https://www.fragrantica.com/perfume/Nodus-Perfume-House/Fructus-137902.html
117242,Nodus Perfume House,Glaciris,2026,https://www.fragrantica.com/perfume/Nodus-Perfume-House/Glaciris-137907.html
117243,Nodus Perfume House,Herbarius,2026,https://www.fragrantica.com/perfume/Nodus-Perfume-House/Herbarius-137906.html
117244,Nodus Perfume House,Jasmaris,2026,https://www.fragrantica.com/perfume/Nodus-Perfume-House/Jasmaris-137908.html
117245,Nodus Perfume House,Mangaris,2026,https://www.fragrantica.com/perfume/Nodus-Perfume-House/Mangaris-137911.html
117246,Nodus Perfume House,Melcorium,2026,https://www.fragrantica.com/perfume/Nodus-Perfume-House/Melcorium-137913.html
117247,Nodus Perfume House,Osmantha,2026,https://www.fragrantica.com/perfume/Nodus-Perfume-House/Osmantha-137910.html
117248,Nodus Perfume House,Pyraria,2026,https://www.fragrantica.com/perfume/Nodus-Perfume-House/Pyraria-137909.html
117249,Nodus Perfume House,Salambra,2026,https://www.fragrantica.com/perfume/Nodus-Perfume-House/Salambra-137912.html
117250,Nodus Perfume House,Saxum,2026,https://www.fragrantica.com/perfume/Nodus-Perfume-House/Saxum-137903.html
117251,Nodus Perfume House,Viridis,2026,https://www.fragrantica.com/perfume/Nodus-Perfume-House/Viridis-137904.html
117252,Noème,Abysse,2019,https://www.fragrantica.com/perfume/Noeme/Abysse-55322.html
117253,Noème,Altaï,2023,https://www.fragrantica.com/perfume/Noeme/Altai-88643.html
117254,Noème,Aman,2022,https://www.fragrantica.com/perfume/Noeme/Aman-79265.html
117255,Noème,Atitlan,2019,https://www.fragrantica.com/perfume/Noeme/Atitlan-55318.html
117256,Noème,Bleu de Bleu,2026,https://www.fragrantica.com/perfume/Noeme/Bleu-de-Bleu-131938.html
117257,Noème,Divin Part,2019,https://www.fragrantica.com/perfume/Noeme/Divin-Part-55320.html
117258,Noème,Kalahari,2019,https://www.fragrantica.com/perfume/Noeme/Kalahari-55319.html
117259,Noème,Kalahari Extrême,2024,https://www.fragrantica.com/perfume/Noeme/Kalahari-Extreme-102127.html
117260,Noème,Khalil,2022,https://www.fragrantica.com/perfume/Noeme/Khalil-79267.html
117261,Noème,Naïca,2019,https://www.fragrantica.com/perfume/Noeme/Naica-55321.html
117262,Noème,Rouge de Rouge,2025,https://www.fragrantica.com/perfume/Noeme/Rouge-de-Rouge-106617.html
117263,Noème,Soma,2022,https://www.fragrantica.com/perfume/Noeme/Soma-79266.html
117264,Noème,Vanille de Sambava,2024,https://www.fragrantica.com/perfume/Noeme/Vanille-de-Sambava-97671.html
117265,NohoEmani,114,2024,https://www.fragrantica.com/perfume/NohoEmani/114-89739.html
117266,NohoEmani,Art'Lequin,2024,https://www.fragrantica.com/perfume/NohoEmani/Art-Lequin-89741.html
117267,NohoEmani,Mon Paradis Blanc,2024,https://www.fragrantica.com/perfume/NohoEmani/Mon-Paradis-Blanc-89740.html
117268,Noise,DING! 11TH FLOOR,2025,https://www.fragrantica.com/perfume/Noise/DING-11TH-FLOOR-105181.html
117269,Noise,Hidden Vibes,2025,https://www.fragrantica.com/perfume/Noise/Hidden-Vibes-105183.html
117270,Noise,Private Anthem,2025,https://www.fragrantica.com/perfume/Noise/Private-Anthem-105179.html
117271,Noise,Runner’s High,2025,https://www.fragrantica.com/perfume/Noise/Runner-s-High-105187.html
117272,Noise,Silent Conversation,2025,https://www.fragrantica.com/perfume/Noise/Silent-Conversation-105173.html
117273,Noise,Siren Song,2025,https://www.fragrantica.com/perfume/Noise/Siren-Song-105185.html
117274,Nojoum,Antares,2026,https://www.fragrantica.com/perfume/Nojoum/Antares-138069.html
117275,Nojoum,Azura,2026,https://www.fragrantica.com/perfume/Nojoum/Azura-138070.html
117276,Nojoum,Cyra,2026,https://www.fragrantica.com/perfume/Nojoum/Cyra-138071.html
117277,Nojoum,Izar,2026,https://www.fragrantica.com/perfume/Nojoum/Izar-138075.html
117278,Nojoum,Kyro,2026,https://www.fragrantica.com/perfume/Nojoum/Kyro-138072.html
117279,Nojoum,Merak,2026,https://www.fragrantica.com/perfume/Nojoum/Merak-138074.html
117280,Nojoum,Nashira,2026,https://www.fragrantica.com/perfume/Nojoum/Nashira-138073.html
117281,Nojoum,Rigel,2026,https://www.fragrantica.com/perfume/Nojoum/Rigel-138080.html
117282,Nojoum,Sargas,2026,https://www.fragrantica.com/perfume/Nojoum/Sargas-138076.html
117283,Nojoum,Shaula,2026,https://www.fragrantica.com/perfume/Nojoum/Shaula-138077.html
117284,Nojoum,Tara,2026,https://www.fragrantica.com/perfume/Nojoum/Tara-138078.html
117285,Nojoum,Vega,2026,https://www.fragrantica.com/perfume/Nojoum/Vega-138079.html
117286,Nolenca,Rosca Ametlla,2019,https://www.fragrantica.com/perfume/Nolenca/Rosca-Ametlla-102334.html
117287,Noles,14,2024,https://www.fragrantica.com/perfume/Noles/14-132207.html
117288,Noles,Fari Islands,2025,https://www.fragrantica.com/perfume/Noles/Fari-Islands-132206.html
117289,Noma,Body Splash - Absolute Power (Body Mist),,https://www.fragrantica.com/perfume/Noma/Body-Splash-Absolute-Power-133692.html
117290,Noma,Body Splash - After Dark (Body Mist),,https://www.fragrantica.com/perfume/Noma/Body-Splash-After-Dark-133693.html
117291,Noma,Body Splash - Blue Spirit (Body Mist),,https://www.fragrantica.com/perfume/Noma/Body-Splash-Blue-Spirit-133677.html
117292,Noma,Body Splash - Floral Glow (Body Mist),,https://www.fragrantica.com/perfume/Noma/Body-Splash-Floral-Glow-133696.html
117293,Noma,Body Splash - Golden Hour (Body Mist),,https://www.fragrantica.com/perfume/Noma/Body-Splash-Golden-Hour-133694.html
117294,Noma,Body Splash - Intense Noir (Body Mist),,https://www.fragrantica.com/perfume/Noma/Body-Splash-Intense-Noir-133697.html
117295,Noma,Body Splash - Juicy Joy (Body Mist),,https://www.fragrantica.com/perfume/Noma/Body-Splash-Juicy-Joy-133674.html
117296,Noma,Body Splash - Rose Blush (Body Mist),,https://www.fragrantica.com/perfume/Noma/Body-Splash-Rose-Blush-133698.html
117297,Noma,Body Splash - Ruby Bloom (Body Mist),,https://www.fragrantica.com/perfume/Noma/Body-Splash-Ruby-Bloom-133695.html
117298,Noma,Body Splash - Vanilla Caramel (Body Mist),,https://www.fragrantica.com/perfume/Noma/Body-Splash-Vanilla-Caramel-133676.html
117299,Nomad Noé,Elysian Rose,2024,https://www.fragrantica.com/perfume/Nomad-Noe/Elysian-Rose-92692.html
117300,Nomad Noé,Habibi Vanilla,2026,https://www.fragrantica.com/perfume/Nomad-Noe/Habibi-Vanilla-137926.html
117301,Nomad Noé,Meraki Cedar,2024,https://www.fragrantica.com/perfume/Nomad-Noe/Meraki-Cedar-92696.html
117302,Nomad Noé,Moonwake Tuberose,2024,https://www.fragrantica.com/perfume/Nomad-Noe/Moonwake-Tuberose-92694.html
117303,Nomad Noé,Prophetic Saffron,2024,https://www.fragrantica.com/perfume/Nomad-Noe/Prophetic-Saffron-92689.html
117304,Nomad Noé,Untamed Neroli,2024,https://www.fragrantica.com/perfume/Nomad-Noe/Untamed-Neroli-92697.html
117305,Nomade Perfumes,Gentle Oud,2022,https://www.fragrantica.com/perfume/Nomade-Perfumes/Gentle-Oud-81358.html
117306,Nomade Perfumes,Gourmand Dream,2022,https://www.fragrantica.com/perfume/Nomade-Perfumes/Gourmand-Dream-81359.html
117307,Nomade Perfumes,Nomadelicious,2022,https://www.fragrantica.com/perfume/Nomade-Perfumes/Nomadelicious-81360.html
117308,Nomaterra,Boston Tobacco Leaf,2014,https://www.fragrantica.com/perfume/Nomaterra/Boston-Tobacco-Leaf-24736.html
117309,Nomaterra,Brooklyn Violet Leaf,2014,https://www.fragrantica.com/perfume/Nomaterra/Brooklyn-Violet-Leaf-24791.html
117310,Nomaterra,Cape Cod Wild Beach Rose,2015,https://www.fragrantica.com/perfume/Nomaterra/Cape-Cod-Wild-Beach-Rose-31323.html
117311,Nomaterra,DC Cherry Blossom,2013,https://www.fragrantica.com/perfume/Nomaterra/DC-Cherry-Blossom-17383.html
117312,Nomaterra,East Hampton Atlantic White Cedar,2013,https://www.fragrantica.com/perfume/Nomaterra/East-Hampton-Atlantic-White-Cedar-17381.html
117313,Nomaterra,Malibu Honeysuckle,2014,https://www.fragrantica.com/perfume/Nomaterra/Malibu-Honeysuckle-24737.html
117314,Nomaterra,Miami Orange Blossom,2013,https://www.fragrantica.com/perfume/Nomaterra/Miami-Orange-Blossom-17382.html
117315,Nomaterra,New Orleans Datura,2015,https://www.fragrantica.com/perfume/Nomaterra/New-Orleans-Datura-32173.html
117316,Nomaterra,Oahu Gardenia,2014,https://www.fragrantica.com/perfume/Nomaterra/Oahu-Gardenia-24738.html
117317,Nomaterra,Savannah Magnolia,2014,https://www.fragrantica.com/perfume/Nomaterra/Savannah-Magnolia-24739.html
117318,Nomenclature,Adr-ett,2015,https://www.fragrantica.com/perfume/Nomenclature/Adr-ett-32278.html
117319,Nomenclature,Aloeae,2024,https://www.fragrantica.com/perfume/Nomenclature/Aloeae-96855.html
117320,Nomenclature,Efflor-esce,2015,https://www.fragrantica.com/perfume/Nomenclature/Efflor-esce-32279.html
117321,Nomenclature,fluo-ral,2019,https://www.fragrantica.com/perfume/Nomenclature/fluo-ral-54779.html
117322,Nomenclature,Holy-wood,2017,https://www.fragrantica.com/perfume/Nomenclature/Holy-wood-46524.html
117323,Nomenclature,Iri-del,2015,https://www.fragrantica.com/perfume/Nomenclature/Iri-del-32277.html
117324,Nomenclature,Lumen-esce,2016,https://www.fragrantica.com/perfume/Nomenclature/Lumen-esce-41622.html
117325,Nomenclature,Minted,2022,https://www.fragrantica.com/perfume/Nomenclature/Minted-74637.html
117326,Nomenclature,Neo Rose,2022,https://www.fragrantica.com/perfume/Nomenclature/Neo-Rose-74653.html
117327,Nomenclature,Night Serum,2025,https://www.fragrantica.com/perfume/Nomenclature/Night-Serum-102607.html
117328,Nomenclature,Orb-ital,2015,https://www.fragrantica.com/perfume/Nomenclature/Orb-ital-32280.html
117329,Nomenclature,Palmetto,2022,https://www.fragrantica.com/perfume/Nomenclature/Palmetto-74651.html
117330,Nomenclature,Para-iso,2018,https://www.fragrantica.com/perfume/Nomenclature/Para-iso-49368.html
117331,Nomenclature,Pink Ivory,2022,https://www.fragrantica.com/perfume/Nomenclature/Pink-Ivory-74650.html
117332,Nomenclature,psy-cou,2019,https://www.fragrantica.com/perfume/Nomenclature/psy-cou-56945.html
117333,Nomenclature,red-wood,2021,https://www.fragrantica.com/perfume/Nomenclature/red-wood-70777.html
117334,Nomenclature,Shi-sõ,2017,https://www.fragrantica.com/perfume/Nomenclature/Shi-so-44299.html
117335,Nomenclature,Wood Dew,2022,https://www.fragrantica.com/perfume/Nomenclature/Wood-Dew-74652.html
117336,NOMKAMO,Black Magic,2023,https://www.fragrantica.com/perfume/NOMKAMO/Black-Magic-93637.html
117337,NOMKAMO,Clean skin,2023,https://www.fragrantica.com/perfume/NOMKAMO/Clean-skin-93638.html
117338,NOMKAMO,Coffee maniac,2023,https://www.fragrantica.com/perfume/NOMKAMO/Coffee-maniac-93639.html
117339,NOMKAMO,Dark + Spicy,,https://www.fragrantica.com/perfume/NOMKAMO/Dark-Spicy-109059.html
117340,NOMKAMO,Euphoria,,https://www.fragrantica.com/perfume/NOMKAMO/Euphoria-109061.html
117341,NOMKAMO,Femme fatale,2023,https://www.fragrantica.com/perfume/NOMKAMO/Femme-fatale-93640.html
117342,NOMKAMO,"Game, Set & Match",2024,https://www.fragrantica.com/perfume/NOMKAMO/Game-Set-Match-93636.html
117343,NOMKAMO,Guilty Pleasure,2024,https://www.fragrantica.com/perfume/NOMKAMO/Guilty-Pleasure-94358.html
117344,NOMKAMO,Juicy Sunshine,2023,https://www.fragrantica.com/perfume/NOMKAMO/Juicy-Sunshine-108927.html
117345,NOMKAMO,Old money,,https://www.fragrantica.com/perfume/NOMKAMO/Old-money-109062.html
117346,NOMKAMO,Une aura secrete,2024,https://www.fragrantica.com/perfume/NOMKAMO/Une-aura-secrete-93641.html
117347,NOMKAMO,Vacation mood,2024,https://www.fragrantica.com/perfume/NOMKAMO/Vacation-mood-93642.html
117348,NOMR,Evenbloom,2025,https://www.fragrantica.com/perfume/NOMR/Evenbloom-121069.html
117349,NOMR,Holday,2025,https://www.fragrantica.com/perfume/NOMR/Holday-121066.html
117350,NOMR,Honpot,2025,https://www.fragrantica.com/perfume/NOMR/Honpot-121067.html
117351,NOMR,Liquorette,2025,https://www.fragrantica.com/perfume/NOMR/Liquorette-121065.html
117352,NOMR,O’Cha,2025,https://www.fragrantica.com/perfume/NOMR/O-Cha-121068.html
117353,NOMR,Offhold,2025,https://www.fragrantica.com/perfume/NOMR/Offhold-121062.html
117354,NOMR,Silent Trail,2025,https://www.fragrantica.com/perfume/NOMR/Silent-Trail-121061.html
117355,NOMR,Skyfold,2025,https://www.fragrantica.com/perfume/NOMR/Skyfold-121063.html
117356,NOMR,Stilled Time,2025,https://www.fragrantica.com/perfume/NOMR/Stilled-Time-121064.html
117357,non gender specific CA,Flooid,,https://www.fragrantica.com/perfume/non-gender-specific-CA/Flooid-114022.html
117358,Nonchalance,Nonchalance,1960,https://www.fragrantica.com/perfume/Nonchalance/Nonchalance-1754.html
117359,Nonchalance,Nonchalance Élà,1999,https://www.fragrantica.com/perfume/Nonchalance/Nonchalance-Ela-39014.html
117360,Nonfiction,BOIS d'YLANG,2025,https://www.fragrantica.com/perfume/Nonfiction/BOIS-d-YLANG-109995.html
117361,Nonfiction,Dew & Light,2026,https://www.fragrantica.com/perfume/Nonfiction/Dew-Light-135761.html
117362,Nonfiction,FOR REST,2023,https://www.fragrantica.com/perfume/Nonfiction/FOR-REST-84326.html
117363,Nonfiction,Forget Me Not,2020,https://www.fragrantica.com/perfume/Nonfiction/Forget-Me-Not-66900.html
117364,Nonfiction,Gaiac Flower,2020,https://www.fragrantica.com/perfume/Nonfiction/Gaiac-Flower-66898.html
117365,Nonfiction,Gentle Night,2020,https://www.fragrantica.com/perfume/Nonfiction/Gentle-Night-66896.html
117366,Nonfiction,In The Shower,2020,https://www.fragrantica.com/perfume/Nonfiction/In-The-Shower-66902.html
117367,Nonfiction,IRIS CONCRETE,2025,https://www.fragrantica.com/perfume/Nonfiction/IRIS-CONCRETE-109994.html
117368,Nonfiction,NEROLI DREAM,2023,https://www.fragrantica.com/perfume/Nonfiction/NEROLI-DREAM-84324.html
117369,Nonfiction,Odorama Cities,2024,https://www.fragrantica.com/perfume/Nonfiction/Odorama-Cities-128493.html
117370,Nonfiction,Open Arms,2023,https://www.fragrantica.com/perfume/Nonfiction/Open-Arms-83131.html
117371,Nonfiction,Santal Cream,2020,https://www.fragrantica.com/perfume/Nonfiction/Santal-Cream-66895.html
117372,Nonfiction,SIMPLE GARDEN,2022,https://www.fragrantica.com/perfume/Nonfiction/SIMPLE-GARDEN-84325.html
117373,Nonfiction,Tears in Rain,2026,https://www.fragrantica.com/perfume/Nonfiction/Tears-in-Rain-135760.html
117374,Nonfiction,The Beige,2024,https://www.fragrantica.com/perfume/Nonfiction/The-Beige-101250.html
117375,Nonfiction,The Grey,2024,https://www.fragrantica.com/perfume/Nonfiction/The-Grey-101249.html
117376,Nonfiction,THE ROSE,2025,https://www.fragrantica.com/perfume/Nonfiction/THE-ROSE-108141.html
117377,Nonfiction,Young Memories,2025,https://www.fragrantica.com/perfume/Nonfiction/Young-Memories-105937.html
117378,NONO,Banika,2026,https://www.fragrantica.com/perfume/NONO/Banika-137285.html
117379,NONO,Drunk Flower,2026,https://www.fragrantica.com/perfume/NONO/Drunk-Flower-137282.html
117380,NONO,Into Fall,2026,https://www.fragrantica.com/perfume/NONO/Into-Fall-137283.html
117381,NonPlusUltra Parfum,Adamas,2021,https://www.fragrantica.com/perfume/NonPlusUltra-Parfum/Adamas-72340.html
117382,NonPlusUltra Parfum,Aka Suisen,2021,https://www.fragrantica.com/perfume/NonPlusUltra-Parfum/Aka-Suisen-72341.html
117383,NonPlusUltra Parfum,Ambre Nuits,2021,https://www.fragrantica.com/perfume/NonPlusUltra-Parfum/Ambre-Nuits-72342.html
117384,NonPlusUltra Parfum,Amnèsia,2021,https://www.fragrantica.com/perfume/NonPlusUltra-Parfum/Amnesia-72343.html
117385,NonPlusUltra Parfum,Amore Puro,2021,https://www.fragrantica.com/perfume/NonPlusUltra-Parfum/Amore-Puro-72344.html
117386,NonPlusUltra Parfum,Batticuore,2021,https://www.fragrantica.com/perfume/NonPlusUltra-Parfum/Batticuore-72345.html
117387,NonPlusUltra Parfum,Black Bounty,2021,https://www.fragrantica.com/perfume/NonPlusUltra-Parfum/Black-Bounty-72346.html
117388,NonPlusUltra Parfum,Caput Mundi,2021,https://www.fragrantica.com/perfume/NonPlusUltra-Parfum/Caput-Mundi-72347.html
117389,NonPlusUltra Parfum,Coca,2021,https://www.fragrantica.com/perfume/NonPlusUltra-Parfum/Coca-72348.html
117390,NonPlusUltra Parfum,Delirio,2021,https://www.fragrantica.com/perfume/NonPlusUltra-Parfum/Delirio-72349.html
117391,NonPlusUltra Parfum,La Bella Vita,2021,https://www.fragrantica.com/perfume/NonPlusUltra-Parfum/La-Bella-Vita-72350.html
117392,NonPlusUltra Parfum,Littoria,2021,https://www.fragrantica.com/perfume/NonPlusUltra-Parfum/Littoria-72351.html
117393,NonPlusUltra Parfum,Lover,2021,https://www.fragrantica.com/perfume/NonPlusUltra-Parfum/Lover-72352.html
117394,NonPlusUltra Parfum,Ocean,2021,https://www.fragrantica.com/perfume/NonPlusUltra-Parfum/Ocean-72354.html
117395,NonPlusUltra Parfum,Odi et Amo,2021,https://www.fragrantica.com/perfume/NonPlusUltra-Parfum/Odi-et-Amo-72353.html
117396,NonPlusUltra Parfum,Panta Rhei,2021,https://www.fragrantica.com/perfume/NonPlusUltra-Parfum/Panta-Rhei-72355.html
117397,NonPlusUltra Parfum,Pelle d'Angelo,2021,https://www.fragrantica.com/perfume/NonPlusUltra-Parfum/Pelle-d-Angelo-72356.html
117398,NonPlusUltra Parfum,Pietra Nuda,2021,https://www.fragrantica.com/perfume/NonPlusUltra-Parfum/Pietra-Nuda-72357.html
117399,Nooka,Nooka,2009,https://www.fragrantica.com/perfume/Nooka/Nooka-6620.html
117400,NOOR,Accento Pur 15,2024,https://www.fragrantica.com/perfume/NOOR/Accento-Pur-15-94793.html
117401,NOOR,Amethyst Oud 30,2024,https://www.fragrantica.com/perfume/NOOR/Amethyst-Oud-30-94794.html
117402,NOOR,Blue Indigo 14,2024,https://www.fragrantica.com/perfume/NOOR/Blue-Indigo-14-94802.html
117403,NOOR,Eden Green 9,2024,https://www.fragrantica.com/perfume/NOOR/Eden-Green-9-94795.html
117404,NOOR,Glory Oud 22,2024,https://www.fragrantica.com/perfume/NOOR/Glory-Oud-22-94803.html
117405,NOOR,Minerva Pura 10,2024,https://www.fragrantica.com/perfume/NOOR/Minerva-Pura-10-94796.html
117406,NOOR,Night Club 4,2024,https://www.fragrantica.com/perfume/NOOR/Night-Club-4-94804.html
117407,NOOR,Premium Me 17,2024,https://www.fragrantica.com/perfume/NOOR/Premium-Me-17-94797.html
117408,NOOR,Pure Pearl 33,2024,https://www.fragrantica.com/perfume/NOOR/Pure-Pearl-33-94798.html
117409,NOOR,Radiant Rouge 11,2024,https://www.fragrantica.com/perfume/NOOR/Radiant-Rouge-11-94799.html
117410,NOOR,Rosada 21,2024,https://www.fragrantica.com/perfume/NOOR/Rosada-21-94805.html
117411,NOOR,Tobbaco Blend 28,2024,https://www.fragrantica.com/perfume/NOOR/Tobbaco-Blend-28-94800.html
117412,NOOR,Tourmaline 26,2024,https://www.fragrantica.com/perfume/NOOR/Tourmaline-26-94801.html
117413,NOOR,Wild 8,2024,https://www.fragrantica.com/perfume/NOOR/Wild-8-94806.html
117414,Nopalera,Bosque Místico,2024,https://www.fragrantica.com/perfume/Nopalera/Bosque-Mistico-108139.html
117415,Nopalera,Dulce de Cuerpo,2023,https://www.fragrantica.com/perfume/Nopalera/Dulce-de-Cuerpo-106934.html
117416,Nopalera,Flor de Madera,2024,https://www.fragrantica.com/perfume/Nopalera/Flor-de-Madera-108138.html
117417,Noran Pefumes,Rozana Oud,2020,https://www.fragrantica.com/perfume/Noran-Pefumes/Rozana-Oud-104994.html
117418,Norana Perfumes,Arjan Blue,2019,https://www.fragrantica.com/perfume/Norana-Perfumes/Arjan-Blue-120342.html
117419,Norana Perfumes,Arjan Pink,2019,https://www.fragrantica.com/perfume/Norana-Perfumes/Arjan-Pink-120343.html
117420,Norana Perfumes,Arjan Red,2019,https://www.fragrantica.com/perfume/Norana-Perfumes/Arjan-Red-120341.html
117421,Norana Perfumes,Arjan White Musk,2019,https://www.fragrantica.com/perfume/Norana-Perfumes/Arjan-White-Musk-120344.html
117422,Norana Perfumes,Gold Energy,2025,https://www.fragrantica.com/perfume/Norana-Perfumes/Gold-Energy-120351.html
117423,Norana Perfumes,Gold Romance,2025,https://www.fragrantica.com/perfume/Norana-Perfumes/Gold-Romance-120353.html
117424,Norana Perfumes,Gold Roses,2025,https://www.fragrantica.com/perfume/Norana-Perfumes/Gold-Roses-120352.html
117425,Norana Perfumes,Gold Royal,2025,https://www.fragrantica.com/perfume/Norana-Perfumes/Gold-Royal-120354.html
117426,Norana Perfumes,Kador Gold,2022,https://www.fragrantica.com/perfume/Norana-Perfumes/Kador-Gold-120356.html
117427,Norana Perfumes,Kador Perfect,2022,https://www.fragrantica.com/perfume/Norana-Perfumes/Kador-Perfect-120355.html
117428,Norana Perfumes,Kador Privat,2019,https://www.fragrantica.com/perfume/Norana-Perfumes/Kador-Privat-120357.html
117429,Norana Perfumes,Meral,2022,https://www.fragrantica.com/perfume/Norana-Perfumes/Meral-120346.html
117430,Norana Perfumes,Moon Gold,2018,https://www.fragrantica.com/perfume/Norana-Perfumes/Moon-Gold-120349.html
117431,Norana Perfumes,Moon Pink,2018,https://www.fragrantica.com/perfume/Norana-Perfumes/Moon-Pink-120340.html
117432,Norana Perfumes,Moon Platinum,2018,https://www.fragrantica.com/perfume/Norana-Perfumes/Moon-Platinum-120347.html
117433,Norana Perfumes,Moon Red,2018,https://www.fragrantica.com/perfume/Norana-Perfumes/Moon-Red-120348.html
117434,Norana Perfumes,Moon White,2018,https://www.fragrantica.com/perfume/Norana-Perfumes/Moon-White-120339.html
117435,Norana Perfumes,Rozana,2018,https://www.fragrantica.com/perfume/Norana-Perfumes/Rozana-120359.html
117436,Norana Perfumes,Rozana Bouquet,2018,https://www.fragrantica.com/perfume/Norana-Perfumes/Rozana-Bouquet-120360.html
117437,Norana Perfumes,Suzana,2018,https://www.fragrantica.com/perfume/Norana-Perfumes/Suzana-120361.html
117438,NORD,Bonfire,2023,https://www.fragrantica.com/perfume/NORD/Bonfire-88320.html
117439,NORD,Dancing Flowers,2023,https://www.fragrantica.com/perfume/NORD/Dancing-Flowers-88321.html
117440,NORD,Pepper Party,2023,https://www.fragrantica.com/perfume/NORD/Pepper-Party-88318.html
117441,Nordique Fragrances,Arctic Cottage,2026,https://www.fragrantica.com/perfume/Nordique-Fragrances/Arctic-Cottage-135375.html
117442,Nordique Fragrances,Birch Awakening,2026,https://www.fragrantica.com/perfume/Nordique-Fragrances/Birch-Awakening-135366.html
117443,Nordique Fragrances,Harvest Silence,2026,https://www.fragrantica.com/perfume/Nordique-Fragrances/Harvest-Silence-135374.html
117444,Nordique Fragrances,Midsummer Meadow,2026,https://www.fragrantica.com/perfume/Nordique-Fragrances/Midsummer-Meadow-135372.html
117445,Norell,Norell,1968,https://www.fragrantica.com/perfume/Norell/Norell-3824.html
117446,Norell,Norell Blushing,2017,https://www.fragrantica.com/perfume/Norell/Norell-Blushing-46393.html
117447,Norell,Norell Elixir,2016,https://www.fragrantica.com/perfume/Norell/Norell-Elixir-39517.html
117448,Norell,Norell II,1979,https://www.fragrantica.com/perfume/Norell/Norell-II-83884.html
117449,Norell,Norell New York,2015,https://www.fragrantica.com/perfume/Norell/Norell-New-York-31819.html
117450,Norfolk Lavender,Lily of the Valley,,https://www.fragrantica.com/perfume/Norfolk-Lavender/Lily-of-the-Valley-122900.html
117451,Norfolk Lavender,The English Lavender,,https://www.fragrantica.com/perfume/Norfolk-Lavender/The-English-Lavender-122901.html
117452,Norfolk Natural Living,Annotations,2026,https://www.fragrantica.com/perfume/Norfolk-Natural-Living/Annotations-131137.html
117453,Norfolk Natural Living,Autumn 91,,https://www.fragrantica.com/perfume/Norfolk-Natural-Living/Autumn-91-131143.html
117454,Norfolk Natural Living,Basil & Neroli,,https://www.fragrantica.com/perfume/Norfolk-Natural-Living/Basil-Neroli-131147.html
117455,Norfolk Natural Living,Blythe Spirit,,https://www.fragrantica.com/perfume/Norfolk-Natural-Living/Blythe-Spirit-131138.html
117456,Norfolk Natural Living,Coastal Walks,,https://www.fragrantica.com/perfume/Norfolk-Natural-Living/Coastal-Walks-131140.html
117457,Norfolk Natural Living,Columbia Road,,https://www.fragrantica.com/perfume/Norfolk-Natural-Living/Columbia-Road-131139.html
117458,Norfolk Natural Living,En Plein Air,,https://www.fragrantica.com/perfume/Norfolk-Natural-Living/En-Plein-Air-131141.html
117459,Norfolk Natural Living,Eventide,,https://www.fragrantica.com/perfume/Norfolk-Natural-Living/Eventide-131146.html
117460,Norfolk Natural Living,Jasmine & Vanilla,,https://www.fragrantica.com/perfume/Norfolk-Natural-Living/Jasmine-Vanilla-131148.html
117461,Norfolk Natural Living,MidSummer 24,,https://www.fragrantica.com/perfume/Norfolk-Natural-Living/MidSummer-24-131145.html
117462,Norfolk Natural Living,MidWinter 21,,https://www.fragrantica.com/perfume/Norfolk-Natural-Living/MidWinter-21-131142.html
117463,Norfolk Natural Living,Spring 91,,https://www.fragrantica.com/perfume/Norfolk-Natural-Living/Spring-91-131149.html
117464,Norfolk Natural Living,Summer 93,,https://www.fragrantica.com/perfume/Norfolk-Natural-Living/Summer-93-131144.html
117465,Norfolk Natural Living,Wild Fig and Gardenia,2020,https://www.fragrantica.com/perfume/Norfolk-Natural-Living/Wild-Fig-and-Gardenia-132182.html
117466,Norma Kamali,Baby,,https://www.fragrantica.com/perfume/Norma-Kamali/Baby-30198.html
117467,Norma Kamali,Beach,2003,https://www.fragrantica.com/perfume/Norma-Kamali/Beach-8235.html
117468,Norma Kamali,Ceremony,,https://www.fragrantica.com/perfume/Norma-Kamali/Ceremony-8234.html
117469,Norma Kamali,Incense,1985,https://www.fragrantica.com/perfume/Norma-Kamali/Incense-8238.html
117470,Norma Kamali,Jazmin,2003,https://www.fragrantica.com/perfume/Norma-Kamali/Jazmin-8233.html
117471,Norma Kamali,Lavande,2003,https://www.fragrantica.com/perfume/Norma-Kamali/Lavande-8236.html
117472,Norma Kamali,Norma Kamali,1985,https://www.fragrantica.com/perfume/Norma-Kamali/Norma-Kamali-8237.html
117473,Norma Kamali,Olive You,2004,https://www.fragrantica.com/perfume/Norma-Kamali/Olive-You-8240.html
117474,Norma Kamali,SCENT,2021,https://www.fragrantica.com/perfume/Norma-Kamali/SCENT-91927.html
117475,Norma Kamali,Violette,2003,https://www.fragrantica.com/perfume/Norma-Kamali/Violette-8241.html
117476,Norma Kamali,Zagara,2003,https://www.fragrantica.com/perfume/Norma-Kamali/Zagara-8242.html
117477,Normal Estate,007,2022,https://www.fragrantica.com/perfume/Normal-Estate/007-84725.html
117478,Normal Estate,019,2022,https://www.fragrantica.com/perfume/Normal-Estate/019-84726.html
117479,Normal Estate,024,2022,https://www.fragrantica.com/perfume/Normal-Estate/024-84727.html
117480,Normal Estate,Forest in a Vase,2026,https://www.fragrantica.com/perfume/Normal-Estate/Forest-in-a-Vase-142790.html
117481,Normal Estate,M-03,2025,https://www.fragrantica.com/perfume/Normal-Estate/M-03-113989.html
117482,Normal Estate,M-04,2025,https://www.fragrantica.com/perfume/Normal-Estate/M-04-113988.html
117483,Normal Estate,M-08,2025,https://www.fragrantica.com/perfume/Normal-Estate/M-08-113987.html
117484,Normal Estate,Reflection in a Blue Glass,2026,https://www.fragrantica.com/perfume/Normal-Estate/Reflection-in-a-Blue-Glass-142787.html
117485,Norman Hartnell,In Love,1946,https://www.fragrantica.com/perfume/Norman-Hartnell/In-Love-29201.html
117486,Norra Norrland,Arctic Elegance,2018,https://www.fragrantica.com/perfume/Norra-Norrland/Arctic-Elegance-50627.html
117487,Norra Norrland,Scent of Aurora,2015,https://www.fragrantica.com/perfume/Norra-Norrland/Scent-of-Aurora-30985.html
117488,Norra Norrland,The Pearl,2016,https://www.fragrantica.com/perfume/Norra-Norrland/The-Pearl-40081.html
117489,Norra Norrland,Vidder,2023,https://www.fragrantica.com/perfume/Norra-Norrland/Vidder-84373.html
117490,NŌRTEAN,Ashen,2023,https://www.fragrantica.com/perfume/NORTEAN/Ashen-110477.html
117491,NŌRTEAN,Cindence,2026,https://www.fragrantica.com/perfume/NORTEAN/Cindence-133635.html
117492,NŌRTEAN,Ertale,2023,https://www.fragrantica.com/perfume/NORTEAN/Ertale-110476.html
117493,NŌRTEAN,Herbaria,2023,https://www.fragrantica.com/perfume/NORTEAN/Herbaria-110475.html
117494,NŌRTEAN,Liblium,2024,https://www.fragrantica.com/perfume/NORTEAN/Liblium-110474.html
117495,NŌRTEAN,Serpense,2025,https://www.fragrantica.com/perfume/NORTEAN/Serpense-110473.html
117496,North Sails,Ocean,2026,https://www.fragrantica.com/perfume/North-Sails/Ocean-129344.html
117497,North Sails,Wind,2026,https://www.fragrantica.com/perfume/North-Sails/Wind-129345.html
117498,North Stag,Huit VIII,2023,https://www.fragrantica.com/perfume/North-Stag/Huit-VIII-86874.html
117499,North Stag,Hypnotic Oud Quinze XV,2023,https://www.fragrantica.com/perfume/North-Stag/Hypnotic-Oud-Quinze-XV-86872.html
117500,North Stag,Neuf IX77,2023,https://www.fragrantica.com/perfume/North-Stag/Neuf-IX77-86873.html
117501,North Stag,Phenominal Quatorze XIV,2023,https://www.fragrantica.com/perfume/North-Stag/Phenominal-Quatorze-XIV-86871.html
117502,North Stag,Sept VII,2023,https://www.fragrantica.com/perfume/North-Stag/Sept-VII-86875.html
117503,Northfields Tailors,Iliad,2013,https://www.fragrantica.com/perfume/Northfields-Tailors/Iliad-51317.html
117504,Northfields Tailors,Intense,,https://www.fragrantica.com/perfume/Northfields-Tailors/Intense-51318.html
117505,Northfields Tailors,La Femme,,https://www.fragrantica.com/perfume/Northfields-Tailors/La-Femme-51310.html
117506,Northfields Tailors,La Femme Origami,2014,https://www.fragrantica.com/perfume/Northfields-Tailors/La-Femme-Origami-51313.html
117507,Northfields Tailors,Northfields Tailors Pour Homme,,https://www.fragrantica.com/perfume/Northfields-Tailors/Northfields-Tailors-Pour-Homme-28626.html
117508,Northfields Tailors,Nuit Noire,2013,https://www.fragrantica.com/perfume/Northfields-Tailors/Nuit-Noire-51316.html
117509,Northfields Tailors,Oyama,,https://www.fragrantica.com/perfume/Northfields-Tailors/Oyama-51315.html
117510,Northfields Tailors,Revenge,2015,https://www.fragrantica.com/perfume/Northfields-Tailors/Revenge-51314.html
117511,Northiverse,Madz! Tokki,2026,https://www.fragrantica.com/perfume/Northiverse/Madz-Tokki-123164.html
117512,Northiverse,Solar Worshipper,2025,https://www.fragrantica.com/perfume/Northiverse/Solar-Worshipper-122491.html
117513,Nos Republic,Bad Wolf,2023,https://www.fragrantica.com/perfume/Nos-Republic/Bad-Wolf-84149.html
117514,Nos Republic,Cor Serpentis,2025,https://www.fragrantica.com/perfume/Nos-Republic/Cor-Serpentis-114393.html
117515,Nos Republic,Empire T,2023,https://www.fragrantica.com/perfume/Nos-Republic/Empire-T-84148.html
117516,Nos Republic,Moon Child,2023,https://www.fragrantica.com/perfume/Nos-Republic/Moon-Child-84147.html
117517,Nos Republic,Queer de Russie,2023,https://www.fragrantica.com/perfume/Nos-Republic/Queer-de-Russie-84151.html
117518,Nos Republic,Rose Gambit,2023,https://www.fragrantica.com/perfume/Nos-Republic/Rose-Gambit-84145.html
117519,Nos Republic,Tansu Silk,2023,https://www.fragrantica.com/perfume/Nos-Republic/Tansu-Silk-84134.html
117520,Nose Clan,Amazonica,2025,https://www.fragrantica.com/perfume/Nose-Clan/Amazonica-124795.html
117521,Nose Clan,Ottomanica,2025,https://www.fragrantica.com/perfume/Nose-Clan/Ottomanica-124797.html
117522,Nose Clan,Pacifica,2025,https://www.fragrantica.com/perfume/Nose-Clan/Pacifica-124799.html
117523,Nose of Gatsby,Aura,2023,https://www.fragrantica.com/perfume/Nose-of-Gatsby/Aura-140351.html
117524,Nose of Gatsby,Bespoke,2023,https://www.fragrantica.com/perfume/Nose-of-Gatsby/Bespoke-140353.html
117525,Nose of Gatsby,Burning Piano,2023,https://www.fragrantica.com/perfume/Nose-of-Gatsby/Burning-Piano-140349.html
117526,Nose of Gatsby,Double Espresso,2024,https://www.fragrantica.com/perfume/Nose-of-Gatsby/Double-Espresso-140348.html
117527,Nose of Gatsby,Eau de Lynch,2025,https://www.fragrantica.com/perfume/Nose-of-Gatsby/Eau-de-Lynch-140350.html
117528,Nose of Gatsby,Mirage,2025,https://www.fragrantica.com/perfume/Nose-of-Gatsby/Mirage-140352.html
117529,Nose Perfumes,Awake,2018,https://www.fragrantica.com/perfume/Nose-Perfumes/Awake-74783.html
117530,Nose Perfumes,Day Off,2018,https://www.fragrantica.com/perfume/Nose-Perfumes/Day-Off-74781.html
117531,Nose Perfumes,Flacon One,2022,https://www.fragrantica.com/perfume/Nose-Perfumes/Flacon-One-74786.html
117532,Nose Perfumes,Forest #10 Лес #10,2021,https://www.fragrantica.com/perfume/Nose-Perfumes/Forest-10-Les-10-74792.html
117533,Nose Perfumes,Have A Nice Day,2018,https://www.fragrantica.com/perfume/Nose-Perfumes/Have-A-Nice-Day-74780.html
117534,Nose Perfumes,Lumberman,2018,https://www.fragrantica.com/perfume/Nose-Perfumes/Lumberman-74782.html
117535,Nose Perfumes,Meadow Tea,2018,https://www.fragrantica.com/perfume/Nose-Perfumes/Meadow-Tea-74784.html
117536,Nose Perfumes,Morning Rowing,2018,https://www.fragrantica.com/perfume/Nose-Perfumes/Morning-Rowing-74785.html
117537,Nose Perfumes,NB!,2019,https://www.fragrantica.com/perfume/Nose-Perfumes/NB-74787.html
117538,Nose Perfumes,P.S.,2019,https://www.fragrantica.com/perfume/Nose-Perfumes/P-S-74788.html
117539,Nose Perfumes,Sila Сила,2019,https://www.fragrantica.com/perfume/Nose-Perfumes/Sila-Sila-74789.html
117540,Nose Perfumes,Steppe #1 Степь #1,2021,https://www.fragrantica.com/perfume/Nose-Perfumes/Steppe-1-Step-1-74791.html
117541,Nose Perfumes,White Tea,2022,https://www.fragrantica.com/perfume/Nose-Perfumes/White-Tea-74790.html
117542,Nosegasm,Agarwood Rose,2020,https://www.fragrantica.com/perfume/Nosegasm/Agarwood-Rose-62470.html
117543,Nosegasm,Amber Rose,2020,https://www.fragrantica.com/perfume/Nosegasm/Amber-Rose-62417.html
117544,Nosegasm,Ambergris Rose,2020,https://www.fragrantica.com/perfume/Nosegasm/Ambergris-Rose-62460.html
117545,Nosegasm,Bergamot Rose,2020,https://www.fragrantica.com/perfume/Nosegasm/Bergamot-Rose-62440.html
117546,Nosegasm,Blood Rose,2020,https://www.fragrantica.com/perfume/Nosegasm/Blood-Rose-62471.html
117547,Nosegasm,Carnation Rose,2020,https://www.fragrantica.com/perfume/Nosegasm/Carnation-Rose-62407.html
117548,Nosegasm,Cashmere Rose,2020,https://www.fragrantica.com/perfume/Nosegasm/Cashmere-Rose-62408.html
117549,Nosegasm,Chamade Rose,2020,https://www.fragrantica.com/perfume/Nosegasm/Chamade-Rose-62472.html
117550,Nosegasm,Datura Rose,2020,https://www.fragrantica.com/perfume/Nosegasm/Datura-Rose-62409.html
117551,Nosegasm,Emerald Rose,2020,https://www.fragrantica.com/perfume/Nosegasm/Emerald-Rose-62441.html
117552,Nosegasm,Etheral Rose,2020,https://www.fragrantica.com/perfume/Nosegasm/Etheral-Rose-62461.html
117553,Nosegasm,Fatal Rose,2020,https://www.fragrantica.com/perfume/Nosegasm/Fatal-Rose-62418.html
117554,Nosegasm,Fig Rose,2020,https://www.fragrantica.com/perfume/Nosegasm/Fig-Rose-62419.html
117555,Nosegasm,Flokis Rose,2020,https://www.fragrantica.com/perfume/Nosegasm/Flokis-Rose-62445.html
117556,Nosegasm,Forbidden Rose,2020,https://www.fragrantica.com/perfume/Nosegasm/Forbidden-Rose-62473.html
117557,Nosegasm,Freyas Rose,2020,https://www.fragrantica.com/perfume/Nosegasm/Freyas-Rose-62474.html
117558,Nosegasm,Friggas Rose,2020,https://www.fragrantica.com/perfume/Nosegasm/Friggas-Rose-62451.html
117559,Nosegasm,Golden Rose,2020,https://www.fragrantica.com/perfume/Nosegasm/Golden-Rose-62450.html
117560,Nosegasm,Hemp Rose,2020,https://www.fragrantica.com/perfume/Nosegasm/Hemp-Rose-62452.html
117561,Nosegasm,Imperial Rose,2020,https://www.fragrantica.com/perfume/Nosegasm/Imperial-Rose-62453.html
117562,Nosegasm,Incense Rose,2020,https://www.fragrantica.com/perfume/Nosegasm/Incense-Rose-62454.html
117563,Nosegasm,Ivars Rose,2020,https://www.fragrantica.com/perfume/Nosegasm/Ivars-Rose-62420.html
117564,Nosegasm,Ivory Rose,2020,https://www.fragrantica.com/perfume/Nosegasm/Ivory-Rose-62410.html
117565,Nosegasm,Lagerthas Rose,2020,https://www.fragrantica.com/perfume/Nosegasm/Lagerthas-Rose-62455.html
117566,Nosegasm,Leather Rose,2020,https://www.fragrantica.com/perfume/Nosegasm/Leather-Rose-62462.html
117567,Nosegasm,Lily Rose,2020,https://www.fragrantica.com/perfume/Nosegasm/Lily-Rose-62421.html
117568,Nosegasm,Lotus Rose,2020,https://www.fragrantica.com/perfume/Nosegasm/Lotus-Rose-62422.html
117569,Nosegasm,Magnificent Rose,2020,https://www.fragrantica.com/perfume/Nosegasm/Magnificent-Rose-62475.html
117570,Nosegasm,Majestic Rose,2020,https://www.fragrantica.com/perfume/Nosegasm/Majestic-Rose-62442.html
117571,Nosegasm,Moon Rose,2020,https://www.fragrantica.com/perfume/Nosegasm/Moon-Rose-62456.html
117572,Nosegasm,Musk Rose,2020,https://www.fragrantica.com/perfume/Nosegasm/Musk-Rose-62412.html
117573,Nosegasm,Narcissus Rose,2020,https://www.fragrantica.com/perfume/Nosegasm/Narcissus-Rose-62446.html
117574,Nosegasm,Narcotic Rose,2020,https://www.fragrantica.com/perfume/Nosegasm/Narcotic-Rose-62476.html
117575,Nosegasm,Nectar Rose,2020,https://www.fragrantica.com/perfume/Nosegasm/Nectar-Rose-62423.html
117576,Nosegasm,Noble Rose,2020,https://www.fragrantica.com/perfume/Nosegasm/Noble-Rose-62457.html
117577,Nosegasm,Ocean Rose,2020,https://www.fragrantica.com/perfume/Nosegasm/Ocean-Rose-62411.html
117578,Nosegasm,Odins Rose,2020,https://www.fragrantica.com/perfume/Nosegasm/Odins-Rose-62463.html
117579,Nosegasm,Onyx Rose,2020,https://www.fragrantica.com/perfume/Nosegasm/Onyx-Rose-62477.html
117580,Nosegasm,Opium Rose,2020,https://www.fragrantica.com/perfume/Nosegasm/Opium-Rose-62464.html
117581,Nosegasm,Orange Rose,2020,https://www.fragrantica.com/perfume/Nosegasm/Orange-Rose-62424.html
117582,Nosegasm,Patchouli Rose,2020,https://www.fragrantica.com/perfume/Nosegasm/Patchouli-Rose-62447.html
117583,Nosegasm,Platinum Rose,2020,https://www.fragrantica.com/perfume/Nosegasm/Platinum-Rose-62448.html
117584,Nosegasm,Ragnars Rose,2020,https://www.fragrantica.com/perfume/Nosegasm/Ragnars-Rose-62443.html
117585,Nosegasm,Regal Rose,2020,https://www.fragrantica.com/perfume/Nosegasm/Regal-Rose-62478.html
117586,Nosegasm,Sacred Rose,2020,https://www.fragrantica.com/perfume/Nosegasm/Sacred-Rose-62458.html
117587,Nosegasm,Scarlet Rose,2020,https://www.fragrantica.com/perfume/Nosegasm/Scarlet-Rose-62425.html
117588,Nosegasm,Sovereign Rose,2020,https://www.fragrantica.com/perfume/Nosegasm/Sovereign-Rose-62413.html
117589,Nosegasm,Suede Rose,2020,https://www.fragrantica.com/perfume/Nosegasm/Suede-Rose-62414.html
117590,Nosegasm,Tabu Rose,2020,https://www.fragrantica.com/perfume/Nosegasm/Tabu-Rose-62426.html
117591,Nosegasm,Tea Rose,2020,https://www.fragrantica.com/perfume/Nosegasm/Tea-Rose-62415.html
117592,Nosegasm,Tobacco Rose,2020,https://www.fragrantica.com/perfume/Nosegasm/Tobacco-Rose-62465.html
117593,Nosegasm,Truffle Rose,2020,https://www.fragrantica.com/perfume/Nosegasm/Truffle-Rose-62416.html
117594,Nosegasm,Valhalla Rose,2020,https://www.fragrantica.com/perfume/Nosegasm/Valhalla-Rose-62466.html
117595,Nosegasm,Valkyrie Rose,2020,https://www.fragrantica.com/perfume/Nosegasm/Valkyrie-Rose-62467.html
117596,Nosegasm,Vanaheim Rose,2020,https://www.fragrantica.com/perfume/Nosegasm/Vanaheim-Rose-62468.html
117597,Nosegasm,Velvet Rose,2020,https://www.fragrantica.com/perfume/Nosegasm/Velvet-Rose-62449.html
117598,Nosegasm,Venom Rose,2020,https://www.fragrantica.com/perfume/Nosegasm/Venom-Rose-62459.html
117599,Nosegasm,Vetiver Rose,2020,https://www.fragrantica.com/perfume/Nosegasm/Vetiver-Rose-62469.html
117600,Nosegasm,Viking Rose,2020,https://www.fragrantica.com/perfume/Nosegasm/Viking-Rose-62444.html
117601,Nosegasm,Violet Rose,2020,https://www.fragrantica.com/perfume/Nosegasm/Violet-Rose-62479.html
117602,Noses,ANDALUS,2024,https://www.fragrantica.com/perfume/Noses/ANDALUS-90854.html
117603,Noses,AUTHARI,2021,https://www.fragrantica.com/perfume/Noses/AUTHARI-69234.html
117604,Noses,Best Of Youth,2020,https://www.fragrantica.com/perfume/Noses/Best-Of-Youth-69233.html
117605,Noses,Bois De Vert,2020,https://www.fragrantica.com/perfume/Noses/Bois-De-Vert-69991.html
117606,Noses,Canopus,2021,https://www.fragrantica.com/perfume/Noses/Canopus-74123.html
117607,Noses,City of Lights,2023,https://www.fragrantica.com/perfume/Noses/City-of-Lights-88135.html
117608,Noses,Dark,2024,https://www.fragrantica.com/perfume/Noses/Dark-101477.html
117609,Noses,Date,2024,https://www.fragrantica.com/perfume/Noses/Date-101478.html
117610,Noses,Egwene,2024,https://www.fragrantica.com/perfume/Noses/Egwene-101479.html
117611,Noses,Emeralds,2022,https://www.fragrantica.com/perfume/Noses/Emeralds-76037.html
117612,Noses,Eternal Tobacco,2025,https://www.fragrantica.com/perfume/Noses/Eternal-Tobacco-104104.html
117613,Noses,Gazelle,2024,https://www.fragrantica.com/perfume/Noses/Gazelle-101480.html
117614,Noses,Honey Tobacco,2020,https://www.fragrantica.com/perfume/Noses/Honey-Tobacco-69235.html
117615,Noses,Horizon of Lilies,2024,https://www.fragrantica.com/perfume/Noses/Horizon-of-Lilies-101481.html
117616,Noses,Inca,2024,https://www.fragrantica.com/perfume/Noses/Inca-101482.html
117617,Noses,Ironclad,2024,https://www.fragrantica.com/perfume/Noses/Ironclad-101483.html
117618,Noses,Jeremiah,2022,https://www.fragrantica.com/perfume/Noses/Jeremiah-74749.html
117619,Noses,Jurassic,2024,https://www.fragrantica.com/perfume/Noses/Jurassic-101484.html
117620,Noses,Megamarine,2021,https://www.fragrantica.com/perfume/Noses/Megamarine-74124.html
117621,Noses,Meow,2024,https://www.fragrantica.com/perfume/Noses/Meow-101489.html
117622,Noses,Milkyway,2024,https://www.fragrantica.com/perfume/Noses/Milkyway-101488.html
117623,Noses,Montazah,2024,https://www.fragrantica.com/perfume/Noses/Montazah-101490.html
117624,Noses,Northern Lights,2020,https://www.fragrantica.com/perfume/Noses/Northern-Lights-69236.html
117625,Noses,Polyform,2022,https://www.fragrantica.com/perfume/Noses/Polyform-74748.html
117626,Noses,Raaja,2024,https://www.fragrantica.com/perfume/Noses/Raaja-101485.html
117627,Noses,Rafael,2020,https://www.fragrantica.com/perfume/Noses/Rafael-69237.html
117628,Noses,Red Amethyste,2020,https://www.fragrantica.com/perfume/Noses/Red-Amethyste-69238.html
117629,Noses,Rose Oud,2020,https://www.fragrantica.com/perfume/Noses/Rose-Oud-69239.html
117630,Noses,Sirius,2020,https://www.fragrantica.com/perfume/Noses/Sirius-69240.html
117631,Noses,Sparkles of Fire,2023,https://www.fragrantica.com/perfume/Noses/Sparkles-of-Fire-88133.html
117632,Noses,Talisman,2022,https://www.fragrantica.com/perfume/Noses/Talisman-79023.html
117633,Noses,Tribal,2024,https://www.fragrantica.com/perfume/Noses/Tribal-101486.html
117634,Noses,VENOM,2024,https://www.fragrantica.com/perfume/Noses/VENOM-90853.html
117635,Noses,Viva,2024,https://www.fragrantica.com/perfume/Noses/Viva-101487.html
117636,Noses,Vrose,2020,https://www.fragrantica.com/perfume/Noses/Vrose-69241.html
117637,Noses,Yellow Zahra,2021,https://www.fragrantica.com/perfume/Noses/Yellow-Zahra-69242.html
117638,Noseway 迷香人,About Iris 若羽鳶,2026,https://www.fragrantica.com/perfume/Noseway-mi-xiang-ren/About-Iris-ruo-yu-yuan-135065.html
117639,Noseway 迷香人,Anonymous Floral 沿路生花,2026,https://www.fragrantica.com/perfume/Noseway-mi-xiang-ren/Anonymous-Floral-yan-lu-sheng-hua-135082.html
117640,Noseway 迷香人,Banane de Tokyo 東京馥,2026,https://www.fragrantica.com/perfume/Noseway-mi-xiang-ren/Banane-de-Tokyo-dong-jing-fu-135086.html
117641,Noseway 迷香人,Chill Drift 彼方清夢,2026,https://www.fragrantica.com/perfume/Noseway-mi-xiang-ren/Chill-Drift-bi-fang-qing-meng-135060.html
117642,Noseway 迷香人,Cider Fantasy 微醺蘋果夢,2026,https://www.fragrantica.com/perfume/Noseway-mi-xiang-ren/Cider-Fantasy-wei-xun-ping-guo-meng-135087.html
117643,Noseway 迷香人,Crispy Roll 復刻回憶,2026,https://www.fragrantica.com/perfume/Noseway-mi-xiang-ren/Crispy-Roll-fu-ke-hui-yi-135073.html
117644,Noseway 迷香人,Dewy Rose 玫瑰與晨霧,2025,https://www.fragrantica.com/perfume/Noseway-mi-xiang-ren/Dewy-Rose-mei-gui-yu-chen-wu-105991.html
117645,Noseway 迷香人,Echoes of Fall 秋日信,2026,https://www.fragrantica.com/perfume/Noseway-mi-xiang-ren/Echoes-of-Fall-qiu-ri-xin-135144.html
117646,Noseway 迷香人,Embers Alike 寂燼同焚,2026,https://www.fragrantica.com/perfume/Noseway-mi-xiang-ren/Embers-Alike-ji-jin-tong-fen-135070.html
117647,Noseway 迷香人,Embrace Anthesis 不負花期,2026,https://www.fragrantica.com/perfume/Noseway-mi-xiang-ren/Embrace-Anthesis-bu-fu-hua-qi-135083.html
117648,Noseway 迷香人,Faded Fleurs 花已向晚,2026,https://www.fragrantica.com/perfume/Noseway-mi-xiang-ren/Faded-Fleurs-hua-yi-xiang-wan-135084.html
117649,Noseway 迷香人,Falling Jasmine 茉莉飄雪,2026,https://www.fragrantica.com/perfume/Noseway-mi-xiang-ren/Falling-Jasmine-mo-li-piao-xue-135058.html
117650,Noseway 迷香人,Formosa 小小多山的國家,2026,https://www.fragrantica.com/perfume/Noseway-mi-xiang-ren/Formosa-xiao-xiao-duo-shan-de-guo-jia-135076.html
117651,Noseway 迷香人,Green Is Fxxking Gone 草死了,2026,https://www.fragrantica.com/perfume/Noseway-mi-xiang-ren/Green-Is-Fxxking-Gone-cao-si-le-135081.html
117652,Noseway 迷香人,In Green Silence 樹下無事,2026,https://www.fragrantica.com/perfume/Noseway-mi-xiang-ren/In-Green-Silence-shu-xia-wu-shi-135062.html
117653,Noseway 迷香人,Jade Breeze 空山為枕,2025,https://www.fragrantica.com/perfume/Noseway-mi-xiang-ren/Jade-Breeze-kong-shan-wei-zhen-105988.html
117654,Noseway 迷香人,Mandarine Pu'er 青柑凝雨,2026,https://www.fragrantica.com/perfume/Noseway-mi-xiang-ren/Mandarine-Pu-er-qing-gan-ning-yu-135085.html
117655,Noseway 迷香人,Moon Light Bath 梔子沐月,2026,https://www.fragrantica.com/perfume/Noseway-mi-xiang-ren/Moon-Light-Bath-zhi-zi-mu-yue-135057.html
117656,Noseway 迷香人,Nocturnal Rose 玫瑰與夜,2025,https://www.fragrantica.com/perfume/Noseway-mi-xiang-ren/Nocturnal-Rose-mei-gui-yu-ye-105989.html
117657,Noseway 迷香人,Phoenix Chalice 鳳茗逐雲,2026,https://www.fragrantica.com/perfume/Noseway-mi-xiang-ren/Phoenix-Chalice-feng-ming-zhu-yun-135056.html
117658,Noseway 迷香人,Siamo 帶我走,2026,https://www.fragrantica.com/perfume/Noseway-mi-xiang-ren/Siamo-dai-wo-zou-135075.html
117659,Noseway 迷香人,Slow Brew 慢煮茶,2024,https://www.fragrantica.com/perfume/Noseway-mi-xiang-ren/Slow-Brew-man-zhu-cha-105965.html
117660,Noseway 迷香人,Snowing Fire 紅爐點雪,2024,https://www.fragrantica.com/perfume/Noseway-mi-xiang-ren/Snowing-Fire-hong-lu-dian-xue-105964.html
117661,Noseway 迷香人,"Sprouting, Lingering 春芽入喉時",2024,https://www.fragrantica.com/perfume/Noseway-mi-xiang-ren/Sprouting-Lingering-chun-ya-ru-hou-shi-105966.html
117662,Noseway 迷香人,Still Moon 無垢月,2026,https://www.fragrantica.com/perfume/Noseway-mi-xiang-ren/Still-Moon-wu-gou-yue-135069.html
117663,Noseway 迷香人,Sunset Rose 玫瑰與落日,2024,https://www.fragrantica.com/perfume/Noseway-mi-xiang-ren/Sunset-Rose-mei-gui-yu-luo-ri-105968.html
117664,Noseway 迷香人,The Wind She Brings 一城風柔,2026,https://www.fragrantica.com/perfume/Noseway-mi-xiang-ren/The-Wind-She-Brings-yi-cheng-feng-rou-135059.html
117665,Noseway 迷香人,Threaded Sky 空織雲,2026,https://www.fragrantica.com/perfume/Noseway-mi-xiang-ren/Threaded-Sky-kong-zhi-yun-135067.html
117666,Noseway 迷香人,Vintner's Kiss 輕釀玻璃吻,2026,https://www.fragrantica.com/perfume/Noseway-mi-xiang-ren/Vintner-s-Kiss-qing-niang-bo-li-wen-135071.html
117667,Noseway 迷香人,Where The Light Reaches 半夕之間,2024,https://www.fragrantica.com/perfume/Noseway-mi-xiang-ren/Where-The-Light-Reaches-ban-xi-zhi-jian-105967.html
117668,Noseway 迷香人,White Peach 淺吻桃,2024,https://www.fragrantica.com/perfume/Noseway-mi-xiang-ren/White-Peach-qian-wen-tao-105969.html
117669,Noseway 迷香人,Why Blue Like Red 忘本的藍,2026,https://www.fragrantica.com/perfume/Noseway-mi-xiang-ren/Why-Blue-Like-Red-wang-ben-de-lan-135078.html
117670,Noseway 迷香人,Zen Whisper 是聞非煙,2025,https://www.fragrantica.com/perfume/Noseway-mi-xiang-ren/Zen-Whisper-shi-wen-fei-yan-105986.html
117671,Nostalgia Collection,Memoire de l’Amour,,https://www.fragrantica.com/perfume/Nostalgia-Collection/Memoire-de-l-Amour-31863.html
117672,Nostalgia Collection,Memoire du Voyage,,https://www.fragrantica.com/perfume/Nostalgia-Collection/Memoire-du-Voyage-31864.html
117673,nostos,calico,2025,https://www.fragrantica.com/perfume/nostos/calico-121436.html
117674,nostos,shiver,2025,https://www.fragrantica.com/perfume/nostos/shiver-121434.html
117675,nostos,teen,2025,https://www.fragrantica.com/perfume/nostos/teen-121435.html
117676,Nosu,Been Trying To Meet You,2025,https://www.fragrantica.com/perfume/Nosu/Been-Trying-To-Meet-You-103849.html
117677,Nosu,Hides,2025,https://www.fragrantica.com/perfume/Nosu/Hides-103848.html
117678,Nosu,Sain No More,2025,https://www.fragrantica.com/perfume/Nosu/Sain-No-More-103850.html
117679,NOT COMPLIANCE,Darkotic,2026,https://www.fragrantica.com/perfume/NOT-COMPLIANCE/Darkotic-138899.html
117680,NOT COMPLIANCE,eRosion,2025,https://www.fragrantica.com/perfume/NOT-COMPLIANCE/eRosion-123714.html
117681,NOT COMPLIANCE,No Paradise,2025,https://www.fragrantica.com/perfume/NOT-COMPLIANCE/No-Paradise-123713.html
117682,NOT COMPLIANCE,RootNoise,2025,https://www.fragrantica.com/perfume/NOT-COMPLIANCE/RootNoise-123715.html
117683,NOT COMPLIANCE,SeaRoam,2026,https://www.fragrantica.com/perfume/NOT-COMPLIANCE/SeaRoam-138904.html
117684,NOT COMPLIANCE,Shirta,2026,https://www.fragrantica.com/perfume/NOT-COMPLIANCE/Shirta-138902.html
117685,NOT perfumes,Ashka,2018,https://www.fragrantica.com/perfume/NOT-perfumes/Ashka-53082.html
117686,NOT perfumes,Nadir,2018,https://www.fragrantica.com/perfume/NOT-perfumes/Nadir-53080.html
117687,NOT perfumes,Orm,2018,https://www.fragrantica.com/perfume/NOT-perfumes/Orm-53079.html
117688,NOT perfumes,Svaha,2018,https://www.fragrantica.com/perfume/NOT-perfumes/Svaha-53083.html
117689,NOT perfumes,Vaan,2018,https://www.fragrantica.com/perfume/NOT-perfumes/Vaan-53081.html
117690,NotaBané,Nuit Dakaroise,2024,https://www.fragrantica.com/perfume/NotaBane/Nuit-Dakaroise-126262.html
117691,Notas Magicas,Exquisite Potion,2026,https://www.fragrantica.com/perfume/Notas-Magicas/Exquisite-Potion-133729.html
117692,Notas Magicas,Luxurious Potion,2026,https://www.fragrantica.com/perfume/Notas-Magicas/Luxurious-Potion-133727.html
117693,Notas Magicas,Mate Potion,2026,https://www.fragrantica.com/perfume/Notas-Magicas/Mate-Potion-133728.html
117694,Notas Magicas,Occult Potion,2026,https://www.fragrantica.com/perfume/Notas-Magicas/Occult-Potion-133726.html
117695,Note del Chianti,1716,1716,https://www.fragrantica.com/perfume/Note-del-Chianti/1716-108673.html
117696,Note del Chianti,Anima Libera,,https://www.fragrantica.com/perfume/Note-del-Chianti/Anima-Libera-108675.html
117697,Note del Chianti,Dolce Carezza,,https://www.fragrantica.com/perfume/Note-del-Chianti/Dolce-Carezza-108674.html
117698,Note del Chianti,Eden,2025,https://www.fragrantica.com/perfume/Note-del-Chianti/Eden-108671.html
117699,Note del Chianti,Respiro d'Amore,,https://www.fragrantica.com/perfume/Note-del-Chianti/Respiro-d-Amore-108677.html
117700,Note del Chianti,Ricordo Segreto,,https://www.fragrantica.com/perfume/Note-del-Chianti/Ricordo-Segreto-108678.html
117701,Note del Chianti,Sogno Toscano,,https://www.fragrantica.com/perfume/Note-del-Chianti/Sogno-Toscano-108676.html
117702,Note del Chianti,Toscano Intenso,,https://www.fragrantica.com/perfume/Note-del-Chianti/Toscano-Intenso-108672.html
117703,Note di Profumum,Amante,2016,https://www.fragrantica.com/perfume/Note-di-Profumum/Amante-47085.html
117704,Note di Profumum,In-Atomo,2020,https://www.fragrantica.com/perfume/Note-di-Profumum/In-Atomo-70993.html
117705,Note di Profumum,Lvce,2016,https://www.fragrantica.com/perfume/Note-di-Profumum/Lvce-47086.html
117706,Note di Profumum,Lvce Dell'est,2016,https://www.fragrantica.com/perfume/Note-di-Profumum/Lvce-Dell-est-47087.html
117707,Note di Profumum,Meraviglia-re,2016,https://www.fragrantica.com/perfume/Note-di-Profumum/Meraviglia-re-47088.html
117708,Note di Profumum,Mina,2019,https://www.fragrantica.com/perfume/Note-di-Profumum/Mina-70999.html
117709,Note di Profumum,OSA-re,2016,https://www.fragrantica.com/perfume/Note-di-Profumum/OSA-re-47089.html
117710,Note di Profumum,Vet-G16,2016,https://www.fragrantica.com/perfume/Note-di-Profumum/Vet-G16-47090.html
117711,Note di Profumum,Vetta,2018,https://www.fragrantica.com/perfume/Note-di-Profumum/Vetta-51658.html
117712,Note Fragrances,Bergamot Bleu,2016,https://www.fragrantica.com/perfume/Note-Fragrances/Bergamot-Bleu-39395.html
117713,Note Fragrances,Blood Orange Chocolate,2016,https://www.fragrantica.com/perfume/Note-Fragrances/Blood-Orange-Chocolate-41607.html
117714,Note Fragrances,Blue Sage,2025,https://www.fragrantica.com/perfume/Note-Fragrances/Blue-Sage-113324.html
117715,Note Fragrances,Citron Pomelo,2016,https://www.fragrantica.com/perfume/Note-Fragrances/Citron-Pomelo-39026.html
117716,Note Fragrances,Coconut Sugar,2013,https://www.fragrantica.com/perfume/Note-Fragrances/Coconut-Sugar-31546.html
117717,Note Fragrances,Cypress White Cedar,2016,https://www.fragrantica.com/perfume/Note-Fragrances/Cypress-White-Cedar-37679.html
117718,Note Fragrances,Honey Blossom,2013,https://www.fragrantica.com/perfume/Note-Fragrances/Honey-Blossom-31548.html
117719,Note Fragrances,Midnight Leather,2013,https://www.fragrantica.com/perfume/Note-Fragrances/Midnight-Leather-31543.html
117720,Note Fragrances,Orchid Noir,2013,https://www.fragrantica.com/perfume/Note-Fragrances/Orchid-Noir-31549.html
117721,Note Fragrances,Pink Peony,2013,https://www.fragrantica.com/perfume/Note-Fragrances/Pink-Peony-31547.html
117722,Note Fragrances,Santal Woods,2013,https://www.fragrantica.com/perfume/Note-Fragrances/Santal-Woods-31545.html
117723,Note Fragrances,Vanilla Vetiver,2025,https://www.fragrantica.com/perfume/Note-Fragrances/Vanilla-Vetiver-113326.html
117724,Note Fragrances,White Pepper Mandarin,2013,https://www.fragrantica.com/perfume/Note-Fragrances/White-Pepper-Mandarin-31542.html
117725,Note Fragrances,White Tea Jasmine,2025,https://www.fragrantica.com/perfume/Note-Fragrances/White-Tea-Jasmine-113325.html
117726,Note Fragrances,Yuzu Vanilla,2013,https://www.fragrantica.com/perfume/Note-Fragrances/Yuzu-Vanilla-31544.html
117727,NOTE – The Scent Lab,At The Sawmill,2021,https://www.fragrantica.com/perfume/NOTE-The-Scent-Lab/At-The-Sawmill-110072.html
117728,NOTE – The Scent Lab,Dance In The Wind,2022,https://www.fragrantica.com/perfume/NOTE-The-Scent-Lab/Dance-In-The-Wind-110074.html
117729,NOTE – The Scent Lab,Earl Grey Latte,2025,https://www.fragrantica.com/perfume/NOTE-The-Scent-Lab/Earl-Grey-Latte-123149.html
117730,NOTE – The Scent Lab,Her Talisman,2021,https://www.fragrantica.com/perfume/NOTE-The-Scent-Lab/Her-Talisman-110071.html
117731,NOTE - The Scent Lab,Jasmine Osmanthus Tea,,https://www.fragrantica.com/perfume/NOTE-The-Scent-Lab/Jasmine-Osmanthus-Tea-123148.html
117732,NOTE – The Scent Lab,Lemonmelon,2021,https://www.fragrantica.com/perfume/NOTE-The-Scent-Lab/Lemonmelon-110073.html
117733,NOTE – The Scent Lab,Not A Rose,2023,https://www.fragrantica.com/perfume/NOTE-The-Scent-Lab/Not-A-Rose-110075.html
117734,NOTE – The Scent Lab,Rose Sarci,2025,https://www.fragrantica.com/perfume/NOTE-The-Scent-Lab/Rose-Sarci-123150.html
117735,NOTE – The Scent Lab,Tale Of Hinoki,2024,https://www.fragrantica.com/perfume/NOTE-The-Scent-Lab/Tale-Of-Hinoki-110076.html
117736,Note33,Bois d'Iris,2017,https://www.fragrantica.com/perfume/Note33/Bois-d-Iris-46497.html
117737,Note33,Encens Imperial,2017,https://www.fragrantica.com/perfume/Note33/Encens-Imperial-46491.html
117738,Note33,L'Interdit,2017,https://www.fragrantica.com/perfume/Note33/L-Interdit-46492.html
117739,Note33,Le Royal,2017,https://www.fragrantica.com/perfume/Note33/Le-Royal-46496.html
117740,Note33,Mille Et Un Delices,2017,https://www.fragrantica.com/perfume/Note33/Mille-Et-Un-Delices-46500.html
117741,Note33,Mon Precioux,2017,https://www.fragrantica.com/perfume/Note33/Mon-Precioux-46493.html
117742,Note33,Roses de Sables,2017,https://www.fragrantica.com/perfume/Note33/Roses-de-Sables-46499.html
117743,Note33,Supreme d'Orient,2017,https://www.fragrantica.com/perfume/Note33/Supreme-d-Orient-46498.html
117744,Notebook,Bergamot & Sandalwood,2019,https://www.fragrantica.com/perfume/Notebook/Bergamot-Sandalwood-55297.html
117745,Notebook,Cassis & Pink Pepper,2019,https://www.fragrantica.com/perfume/Notebook/Cassis-Pink-Pepper-55293.html
117746,Notebook,Citrus & Green Tea,2019,https://www.fragrantica.com/perfume/Notebook/Citrus-Green-Tea-55292.html
117747,Notebook,Patchouli & Cedarwood,2019,https://www.fragrantica.com/perfume/Notebook/Patchouli-Cedarwood-55294.html
117748,Notebook,Peony & White Musk,2019,https://www.fragrantica.com/perfume/Notebook/Peony-White-Musk-55295.html
117749,Notebook,Rose Musk & Vanilla,2019,https://www.fragrantica.com/perfume/Notebook/Rose-Musk-Vanilla-55291.html
117750,Notebook,White Wood & Vetiver,2019,https://www.fragrantica.com/perfume/Notebook/White-Wood-Vetiver-55296.html
117751,Notefluide,Bluerhum,2023,https://www.fragrantica.com/perfume/Notefluide/Bluerhum-81363.html
117752,Notefluide,Oudverture,2023,https://www.fragrantica.com/perfume/Notefluide/Oudverture-81361.html
117753,Notefluide,Plumeriasuite,2023,https://www.fragrantica.com/perfume/Notefluide/Plumeriasuite-81365.html
117754,Notefluide,Sus Accordo Sospeso,2023,https://www.fragrantica.com/perfume/Notefluide/Sus-Accordo-Sospeso-81364.html
117755,Notefluide,Vetiverdiminuito,2023,https://www.fragrantica.com/perfume/Notefluide/Vetiverdiminuito-81362.html
117756,NoteLab,Carthage,2025,https://www.fragrantica.com/perfume/NoteLab/Carthage-134769.html
117757,NoteLab,Citron Petra,2025,https://www.fragrantica.com/perfume/NoteLab/Citron-Petra-134771.html
117758,NoteLab,Imperial Voyager,2025,https://www.fragrantica.com/perfume/NoteLab/Imperial-Voyager-134768.html
117759,NoteLab,Mycenaean Oud,2025,https://www.fragrantica.com/perfume/NoteLab/Mycenaean-Oud-134770.html
117760,Notes de Bas de Paje,Carambolage,2025,https://www.fragrantica.com/perfume/Notes-de-Bas-de-Paje/Carambolage-122781.html
117761,Notes de Bas de Paje,Olatua,2023,https://www.fragrantica.com/perfume/Notes-de-Bas-de-Paje/Olatua-88388.html
117762,Notes de Bas de Paje,Prolégomènes,2023,https://www.fragrantica.com/perfume/Notes-de-Bas-de-Paje/Prolegomenes-88387.html
117763,Notes de Bas de Paje,Towédé,2023,https://www.fragrantica.com/perfume/Notes-de-Bas-de-Paje/Towede-88389.html
117764,Notes for Later,3 a.m.,,https://www.fragrantica.com/perfume/Notes-for-Later/3-a-m-130820.html
117765,Notes for Later,Abyss Rose,,https://www.fragrantica.com/perfume/Notes-for-Later/Abyss-Rose-130816.html
117766,Notes for Later,Alpine Iris,,https://www.fragrantica.com/perfume/Notes-for-Later/Alpine-Iris-130814.html
117767,Notes for Later,Deep Breath,,https://www.fragrantica.com/perfume/Notes-for-Later/Deep-Breath-130817.html
117768,Notes for Later,Golden Silkwood,,https://www.fragrantica.com/perfume/Notes-for-Later/Golden-Silkwood-130811.html
117769,Notes for Later,Magnolia Shadow,,https://www.fragrantica.com/perfume/Notes-for-Later/Magnolia-Shadow-130813.html
117770,Notes for Later,Musk Moonlight,,https://www.fragrantica.com/perfume/Notes-for-Later/Musk-Moonlight-130812.html
117771,Notes for Later,Rosy Purr,,https://www.fragrantica.com/perfume/Notes-for-Later/Rosy-Purr-130821.html
117772,Notes for Later,Shanghai Nūnu,,https://www.fragrantica.com/perfume/Notes-for-Later/Shanghai-Nunu-130818.html
117773,Notes for Later,Solar Jasmine,,https://www.fragrantica.com/perfume/Notes-for-Later/Solar-Jasmine-130815.html
117774,Notes for Later,Wild Escape,,https://www.fragrantica.com/perfume/Notes-for-Later/Wild-Escape-130819.html
117775,Noteworthy,"Brightside (n,144)",2025,https://www.fragrantica.com/perfume/Noteworthy/Brightside-n-144-111710.html
117776,Noteworthy,"Coco Brûlée (n,686)",2025,https://www.fragrantica.com/perfume/Noteworthy/Coco-Brulee-n-686-111708.html
117777,Noteworthy,"Coco Sol (n,635)",2025,https://www.fragrantica.com/perfume/Noteworthy/Coco-Sol-n-635-111705.html
117778,Noteworthy,"Hyper Violet (n,493)",2025,https://www.fragrantica.com/perfume/Noteworthy/Hyper-Violet-n-493-111703.html
117779,Noteworthy,"n,008",2022,https://www.fragrantica.com/perfume/Noteworthy/n-008-76733.html
117780,Noteworthy,"n,057",2024,https://www.fragrantica.com/perfume/Noteworthy/n-057-93465.html
117781,Noteworthy,"n,144",2022,https://www.fragrantica.com/perfume/Noteworthy/n-144-76734.html
117782,Noteworthy,"n,232",2024,https://www.fragrantica.com/perfume/Noteworthy/n-232-93466.html
117783,Noteworthy,"n,249",2022,https://www.fragrantica.com/perfume/Noteworthy/n-249-76735.html
117784,Noteworthy,"n,271",2022,https://www.fragrantica.com/perfume/Noteworthy/n-271-76736.html
117785,Noteworthy,"n,290",2022,https://www.fragrantica.com/perfume/Noteworthy/n-290-76737.html
117786,Noteworthy,"n,307",2022,https://www.fragrantica.com/perfume/Noteworthy/n-307-76738.html
117787,Noteworthy,"n,345",2022,https://www.fragrantica.com/perfume/Noteworthy/n-345-76739.html
117788,Noteworthy,"n,415",2023,https://www.fragrantica.com/perfume/Noteworthy/n-415-87303.html
117789,Noteworthy,"n,441",2022,https://www.fragrantica.com/perfume/Noteworthy/n-441-76740.html
117790,Noteworthy,"n,551",2022,https://www.fragrantica.com/perfume/Noteworthy/n-551-76741.html
117791,Noteworthy,"n,602 On the Veranda",2023,https://www.fragrantica.com/perfume/Noteworthy/n-602-On-the-Veranda-106764.html
117792,Noteworthy,"n,619",2022,https://www.fragrantica.com/perfume/Noteworthy/n-619-76742.html
117793,Noteworthy,"n,729 Solar Muse",2025,https://www.fragrantica.com/perfume/Noteworthy/n-729-Solar-Muse-116581.html
117794,Noteworthy,"n,743",2022,https://www.fragrantica.com/perfume/Noteworthy/n-743-76743.html
117795,Noteworthy,"n,768 Golden Reign",2024,https://www.fragrantica.com/perfume/Noteworthy/n-768-Golden-Reign-92077.html
117796,Noteworthy,"n,818",2022,https://www.fragrantica.com/perfume/Noteworthy/n-818-76744.html
117797,Noteworthy,"n,841",2022,https://www.fragrantica.com/perfume/Noteworthy/n-841-76745.html
117798,Noteworthy,"n,866",2022,https://www.fragrantica.com/perfume/Noteworthy/n-866-76746.html
117799,Noteworthy,"Sunlit Grove (n,307)",2025,https://www.fragrantica.com/perfume/Noteworthy/Sunlit-Grove-n-307-111711.html
117800,Noteworthy,"Sweet Embrace (n,057)",2025,https://www.fragrantica.com/perfume/Noteworthy/Sweet-Embrace-n-057-111709.html
117801,NOTEWRKS,Clean Getaway,,https://www.fragrantica.com/perfume/NOTEWRKS/Clean-Getaway-123517.html
117802,NOTEWRKS,Double Take,2026,https://www.fragrantica.com/perfume/NOTEWRKS/Double-Take-138186.html
117803,NOTEWRKS,Room for Dessert,2025,https://www.fragrantica.com/perfume/NOTEWRKS/Room-for-Dessert-123519.html
117804,NOTEWRKS,Sunny is a Feeling,2025,https://www.fragrantica.com/perfume/NOTEWRKS/Sunny-is-a-Feeling-123520.html
117805,Notez,Gatsby,,https://www.fragrantica.com/perfume/Notez/Gatsby-122091.html
117806,Notez,Mahogany,,https://www.fragrantica.com/perfume/Notez/Mahogany-122095.html
117807,Notez,Oxford,,https://www.fragrantica.com/perfume/Notez/Oxford-122092.html
117808,Notez,Sakura,,https://www.fragrantica.com/perfume/Notez/Sakura-122093.html
117809,Notez,Shiraz,,https://www.fragrantica.com/perfume/Notez/Shiraz-122094.html
117810,Notez,Wisdom,,https://www.fragrantica.com/perfume/Notez/Wisdom-139176.html
117811,NOTHIN'ELSE,Chicane,2026,https://www.fragrantica.com/perfume/NOTHIN-ELSE/Chicane-127013.html
117812,NOTHIN'ELSE,Last Dance,2026,https://www.fragrantica.com/perfume/NOTHIN-ELSE/Last-Dance-127014.html
117813,NOTHIN'ELSE,Lithe,2026,https://www.fragrantica.com/perfume/NOTHIN-ELSE/Lithe-127015.html
117814,NOTHIN'ELSE,Offline,2026,https://www.fragrantica.com/perfume/NOTHIN-ELSE/Offline-127017.html
117815,NOTHIN'ELSE,Timelapse,2026,https://www.fragrantica.com/perfume/NOTHIN-ELSE/Timelapse-127018.html
117816,NOU,Aqua Splash,2023,https://www.fragrantica.com/perfume/NOU/Aqua-Splash-137818.html
117817,NOU,Avery,2017,https://www.fragrantica.com/perfume/NOU/Avery-73856.html
117818,NOU,Bergamot,2018,https://www.fragrantica.com/perfume/NOU/Bergamot-73862.html
117819,NOU,Cherry Blossom,2018,https://www.fragrantica.com/perfume/NOU/Cherry-Blossom-73863.html
117820,NOU,Eclipse,2019,https://www.fragrantica.com/perfume/NOU/Eclipse-73857.html
117821,NOU,Eternal Fire,2025,https://www.fragrantica.com/perfume/NOU/Eternal-Fire-108667.html
117822,NOU,Fading Forest,2020,https://www.fragrantica.com/perfume/NOU/Fading-Forest-129325.html
117823,NOU,Fierce Jungle,2020,https://www.fragrantica.com/perfume/NOU/Fierce-Jungle-129321.html
117824,NOU,Freesia,2018,https://www.fragrantica.com/perfume/NOU/Freesia-73864.html
117825,NOU,Generations of Freedom,2026,https://www.fragrantica.com/perfume/NOU/Generations-of-Freedom-129317.html
117826,NOU,Generations of Hope,2025,https://www.fragrantica.com/perfume/NOU/Generations-of-Hope-129318.html
117827,NOU,Generations of Love,2025,https://www.fragrantica.com/perfume/NOU/Generations-of-Love-129319.html
117828,NOU,Generations of Peace,2025,https://www.fragrantica.com/perfume/NOU/Generations-of-Peace-129320.html
117829,NOU,Jasmin,2018,https://www.fragrantica.com/perfume/NOU/Jasmin-73865.html
117830,NOU,Midnight Flame,2020,https://www.fragrantica.com/perfume/NOU/Midnight-Flame-129322.html
117831,NOU,Mystique Bloom,2020,https://www.fragrantica.com/perfume/NOU/Mystique-Bloom-129323.html
117832,NOU,Oliban,2017,https://www.fragrantica.com/perfume/NOU/Oliban-73860.html
117833,NOU,Peony,2018,https://www.fragrantica.com/perfume/NOU/Peony-73866.html
117834,NOU,Pixie Dust,,https://www.fragrantica.com/perfume/NOU/Pixie-Dust-130272.html
117835,NOU,Rose Patchouli,2017,https://www.fragrantica.com/perfume/NOU/Rose-Patchouli-73867.html
117836,NOU,Secret Blanc,2017,https://www.fragrantica.com/perfume/NOU/Secret-Blanc-73861.html
117837,NOU,Tuberose,2020,https://www.fragrantica.com/perfume/NOU/Tuberose-73868.html
117838,NOU,Woody,2018,https://www.fragrantica.com/perfume/NOU/Woody-73858.html
117839,Nougat,Cherry Blossom,2000,https://www.fragrantica.com/perfume/Nougat/Cherry-Blossom-16804.html
117840,Nougat,Fig and Pink Cedar,2000,https://www.fragrantica.com/perfume/Nougat/Fig-and-Pink-Cedar-16803.html
117841,Nougat,Peony,2000,https://www.fragrantica.com/perfume/Nougat/Peony-16801.html
117842,Nougat,Tuberose and Jasmine,2000,https://www.fragrantica.com/perfume/Nougat/Tuberose-and-Jasmine-16802.html
117843,Noùmeno,Hansel&Gretel,2026,https://www.fragrantica.com/perfume/Noumeno/Hansel-Gretel-127699.html
117844,Noùmeno,New York Concrete Jungle,2026,https://www.fragrantica.com/perfume/Noumeno/New-York-Concrete-Jungle-127700.html
117845,Noùmeno,Noumeno Royale,2026,https://www.fragrantica.com/perfume/Noumeno/Noumeno-Royale-137620.html
117846,Noùmeno,Rose Heaven,2026,https://www.fragrantica.com/perfume/Noumeno/Rose-Heaven-137665.html
117847,Noùmeno,Synergy,2026,https://www.fragrantica.com/perfume/Noumeno/Synergy-137655.html
117848,Noùmeno,The Benchmark,2026,https://www.fragrantica.com/perfume/Noumeno/The-Benchmark-127698.html
117849,Nous,Nous,2024,https://www.fragrantica.com/perfume/Nous/Nous-101983.html
117850,Nous Parfums,Anima,2024,https://www.fragrantica.com/perfume/Nous-Parfums/Anima-105600.html
117851,Nous Parfums,Dark Twist,2024,https://www.fragrantica.com/perfume/Nous-Parfums/Dark-Twist-105596.html
117852,Nous Parfums,Montever,2024,https://www.fragrantica.com/perfume/Nous-Parfums/Montever-105603.html
117853,Nous Parfums,Radice,2024,https://www.fragrantica.com/perfume/Nous-Parfums/Radice-105591.html
117854,Nous Parfums,Teide,2024,https://www.fragrantica.com/perfume/Nous-Parfums/Teide-105590.html
117855,Nous Tous,Aurora Siciliana,2026,https://www.fragrantica.com/perfume/Nous-Tous/Aurora-Siciliana-138163.html
117856,Nous Tous,Casa di Capri,,https://www.fragrantica.com/perfume/Nous-Tous/Casa-di-Capri-125229.html
117857,Nous Tous,Dominale,,https://www.fragrantica.com/perfume/Nous-Tous/Dominale-125227.html
117858,Nous Tous,Enigmatique,,https://www.fragrantica.com/perfume/Nous-Tous/Enigmatique-125226.html
117859,Nous Tous,Eterno Nero,,https://www.fragrantica.com/perfume/Nous-Tous/Eterno-Nero-125228.html
117860,Nous Tous,Marbre Blanc,2026,https://www.fragrantica.com/perfume/Nous-Tous/Marbre-Blanc-138165.html
117861,Nous Tous,Milano 3AM,2026,https://www.fragrantica.com/perfume/Nous-Tous/Milano-3AM-138161.html
117862,Nous Tous,Sable Noir,,https://www.fragrantica.com/perfume/Nous-Tous/Sable-Noir-125231.html
117863,Nous Tous,Safrano Absolu,2026,https://www.fragrantica.com/perfume/Nous-Tous/Safrano-Absolu-138164.html
117864,Nous Tous,Secco di Como,2026,https://www.fragrantica.com/perfume/Nous-Tous/Secco-di-Como-138162.html
117865,Nous Tous,Sirocco Infini,2026,https://www.fragrantica.com/perfume/Nous-Tous/Sirocco-Infini-142231.html
117866,Nous Tous,Sole di Coco,,https://www.fragrantica.com/perfume/Nous-Tous/Sole-di-Coco-125230.html
117867,Nout,Ambre Chic,2021,https://www.fragrantica.com/perfume/Nout/Ambre-Chic-68704.html
117868,Nout,Davana Sauvage,2021,https://www.fragrantica.com/perfume/Nout/Davana-Sauvage-68771.html
117869,Nout,Esprit Vétiver,2021,https://www.fragrantica.com/perfume/Nout/Esprit-Vetiver-68759.html
117870,Nout,Pure Blanche,2021,https://www.fragrantica.com/perfume/Nout/Pure-Blanche-68906.html
117871,Nout,Sel De Mer,2021,https://www.fragrantica.com/perfume/Nout/Sel-De-Mer-68851.html
117872,Nout,Terre Aromatique,2021,https://www.fragrantica.com/perfume/Nout/Terre-Aromatique-68772.html
117873,Nouveau Paris Perfume,Dumann Azure,,https://www.fragrantica.com/perfume/Nouveau-Paris-Perfume/Dumann-Azure-22004.html
117874,Nouveau Paris Perfume,Dumann Dusk,,https://www.fragrantica.com/perfume/Nouveau-Paris-Perfume/Dumann-Dusk-22003.html
117875,Nouveau Paris Perfume,Dumann Feral,,https://www.fragrantica.com/perfume/Nouveau-Paris-Perfume/Dumann-Feral-22002.html
117876,Nouveau Paris Perfume,Dumann Onyx,,https://www.fragrantica.com/perfume/Nouveau-Paris-Perfume/Dumann-Onyx-22001.html
117877,Nouveau Paris Perfume,Les Fleurs Azure Marine,,https://www.fragrantica.com/perfume/Nouveau-Paris-Perfume/Les-Fleurs-Azure-Marine-21991.html
117878,Nouveau Paris Perfume,Les Fleurs Blue Diamond,,https://www.fragrantica.com/perfume/Nouveau-Paris-Perfume/Les-Fleurs-Blue-Diamond-21989.html
117879,Nouveau Paris Perfume,Les Fleurs Brilliant Garland,,https://www.fragrantica.com/perfume/Nouveau-Paris-Perfume/Les-Fleurs-Brilliant-Garland-21996.html
117880,Nouveau Paris Perfume,Les Fleurs Delightful Citrus,,https://www.fragrantica.com/perfume/Nouveau-Paris-Perfume/Les-Fleurs-Delightful-Citrus-21994.html
117881,Nouveau Paris Perfume,Les Fleurs Feral Forest,,https://www.fragrantica.com/perfume/Nouveau-Paris-Perfume/Les-Fleurs-Feral-Forest-21997.html
117882,Nouveau Paris Perfume,Les Fleurs Moonlight Dusk,,https://www.fragrantica.com/perfume/Nouveau-Paris-Perfume/Les-Fleurs-Moonlight-Dusk-21990.html
117883,Nouveau Paris Perfume,Les Fleurs Pink Burgeon,,https://www.fragrantica.com/perfume/Nouveau-Paris-Perfume/Les-Fleurs-Pink-Burgeon-21992.html
117884,Nouveau Paris Perfume,Les Fleurs Sweet Grass,,https://www.fragrantica.com/perfume/Nouveau-Paris-Perfume/Les-Fleurs-Sweet-Grass-22000.html
117885,Nouveau Paris Perfume,Les Fleurs Tropical Mist,,https://www.fragrantica.com/perfume/Nouveau-Paris-Perfume/Les-Fleurs-Tropical-Mist-21999.html
117886,Nouveau Paris Perfume,Les Fleurs Unspoken Murmur,,https://www.fragrantica.com/perfume/Nouveau-Paris-Perfume/Les-Fleurs-Unspoken-Murmur-21998.html
117887,Nova,Bea No. 3,2014,https://www.fragrantica.com/perfume/Nova/Bea-No-3-28470.html
117888,Nova,Beige Musk,2016,https://www.fragrantica.com/perfume/Nova/Beige-Musk-41130.html
117889,Nova,Chakra,2013,https://www.fragrantica.com/perfume/Nova/Chakra-21944.html
117890,Nova,Giada,2013,https://www.fragrantica.com/perfume/Nova/Giada-21945.html
117891,Nova,Glass Palette,2014,https://www.fragrantica.com/perfume/Nova/Glass-Palette-28476.html
117892,Nova,Green Musk,2016,https://www.fragrantica.com/perfume/Nova/Green-Musk-41131.html
117893,Nova,Hazeline,2014,https://www.fragrantica.com/perfume/Nova/Hazeline-28471.html
117894,Nova,Mineral Musk,2016,https://www.fragrantica.com/perfume/Nova/Mineral-Musk-41132.html
117895,Nova,Moonstone,,https://www.fragrantica.com/perfume/Nova/Moonstone-28472.html
117896,Nova,Pop Palette,2014,https://www.fragrantica.com/perfume/Nova/Pop-Palette-28475.html
117897,Nova,Sport,2017,https://www.fragrantica.com/perfume/Nova/Sport-47031.html
117898,Nova,Sultan,2014,https://www.fragrantica.com/perfume/Nova/Sultan-28469.html
117899,Nova,Tiki Surf Palette,2014,https://www.fragrantica.com/perfume/Nova/Tiki-Surf-Palette-28473.html
117900,Nova,White Musk,2016,https://www.fragrantica.com/perfume/Nova/White-Musk-41133.html
117901,Nova,Wood Palette,2014,https://www.fragrantica.com/perfume/Nova/Wood-Palette-28474.html
117902,Novae Plus,Azure Blue,2013,https://www.fragrantica.com/perfume/Novae-Plus/Azure-Blue-17668.html
117903,Novae Plus,Ballet,,https://www.fragrantica.com/perfume/Novae-Plus/Ballet-4151.html
117904,Novae Plus,Blue,2011,https://www.parfumo.com/Perfumes/Novae_Plus/Blue
117905,Novae Plus,Blue Elis,,https://www.parfumo.com/Perfumes/Novae_Plus/Blue_Elis
117906,Novae Plus,Blue Minou,2006,https://www.fragrantica.com/perfume/Novae-Plus/Blue-Minou-4162.html
117907,Novae Plus,C'est Soiree Light Orange,2011,https://www.fragrantica.com/perfume/Novae-Plus/C-est-Soiree-Light-Orange-13814.html
117908,Novae Plus,C'est Soiree Orchid,2011,https://www.fragrantica.com/perfume/Novae-Plus/C-est-Soiree-Orchid-13815.html
117909,Novae Plus,Candy Pink,2013,https://www.fragrantica.com/perfume/Novae-Plus/Candy-Pink-17669.html
117910,Novae Plus,Chic Blue,2014,https://www.fragrantica.com/perfume/Novae-Plus/Chic-Blue-31187.html
117911,Novae Plus,Chic Pink,2014,https://www.fragrantica.com/perfume/Novae-Plus/Chic-Pink-31186.html
117912,Novae Plus,Dreaming 17 Gift,2014,https://www.fragrantica.com/perfume/Novae-Plus/Dreaming-17-Gift-31183.html
117913,Novae Plus,Dreaming 17 Little Red,2014,https://www.fragrantica.com/perfume/Novae-Plus/Dreaming-17-Little-Red-31182.html
117914,Novae Plus,Dreaming 17 Love,2014,https://www.fragrantica.com/perfume/Novae-Plus/Dreaming-17-Love-31184.html
117915,Novae Plus,Elegant Pink,2014,https://www.fragrantica.com/perfume/Novae-Plus/Elegant-Pink-25380.html
117916,Novae Plus,Enchanting Blue,2014,https://www.fragrantica.com/perfume/Novae-Plus/Enchanting-Blue-31188.html
117917,Novae Plus,Flaming Passion,,https://www.fragrantica.com/perfume/Novae-Plus/Flaming-Passion-36178.html
117918,Novae Plus,Flower Bud,2017,https://www.fragrantica.com/perfume/Novae-Plus/Flower-Bud-45194.html
117919,Novae Plus,Fresh Blue,1999,https://www.fragrantica.com/perfume/Novae-Plus/Fresh-Blue-4157.html
117920,Novae Plus,Garden,2006,https://www.parfumo.com/Perfumes/Novae_Plus/Garden
117921,Novae Plus,Gift,2013,https://www.parfumo.com/Perfumes/Novae_Plus/Gift
117922,Novae Plus,Gorgeous Red,2014,https://www.fragrantica.com/perfume/Novae-Plus/Gorgeous-Red-25381.html
117923,Novae Plus,Graceful Green,1999,https://www.fragrantica.com/perfume/Novae-Plus/Graceful-Green-4158.html
117924,Novae Plus,Green Daphne,,https://www.parfumo.com/Perfumes/Novae_Plus/Green_Daphne
117925,Novae Plus,Joy,,https://www.fragrantica.com/perfume/Novae-Plus/Joy-45205.html
117926,Novae Plus,Lady Pink,,https://www.fragrantica.com/perfume/Novae-Plus/Lady-Pink-10060.html
117927,Novae Plus,Morning Dews,2017,https://www.fragrantica.com/perfume/Novae-Plus/Morning-Dews-45193.html
117928,Novae Plus,Noble Gold,2010,https://www.fragrantica.com/perfume/Novae-Plus/Noble-Gold-10053.html
117929,Novae Plus,Noble Violet,2010,https://www.fragrantica.com/perfume/Novae-Plus/Noble-Violet-10052.html
117930,Novae Plus,Oriental,,https://www.fragrantica.com/perfume/Novae-Plus/Oriental-36179.html
117931,Novae Plus,Papillon,,https://www.fragrantica.com/perfume/Novae-Plus/Papillon-4150.html
117932,Novae Plus,Passionate Red,2014,https://www.fragrantica.com/perfume/Novae-Plus/Passionate-Red-31190.html
117933,Novae Plus,Pearl Blue,2006,https://www.fragrantica.com/perfume/Novae-Plus/Pearl-Blue-4159.html
117934,Novae Plus,Pearl Pink,2006,https://www.fragrantica.com/perfume/Novae-Plus/Pearl-Pink-4163.html
117935,Novae Plus,Pearl Silver,2006,https://www.fragrantica.com/perfume/Novae-Plus/Pearl-Silver-4160.html
117936,Novae Plus,Petal Bath in Sunshine,2014,https://www.fragrantica.com/perfume/Novae-Plus/Petal-Bath-in-Sunshine-25390.html
117937,Novae Plus,Pink,2013,https://www.fragrantica.com/perfume/Novae-Plus/Pink-17787.html
117938,Novae Plus,Pink Garden,2006,https://www.fragrantica.com/perfume/Novae-Plus/Pink-Garden-4156.html
117939,Novae Plus,Pink Minou,2006,https://www.fragrantica.com/perfume/Novae-Plus/Pink-Minou-4161.html
117940,Novae Plus,Pink Miss Caty Cat,2006,https://www.fragrantica.com/perfume/Novae-Plus/Pink-Miss-Caty-Cat-4152.html
117941,Novae Plus,Pretty Fairy,2006,https://www.fragrantica.com/perfume/Novae-Plus/Pretty-Fairy-4154.html
117942,Novae Plus,Provence Purple,2013,https://www.fragrantica.com/perfume/Novae-Plus/Provence-Purple-17675.html
117943,Novae Plus,Real Man Blue,2010,https://www.fragrantica.com/perfume/Novae-Plus/Real-Man-Blue-10063.html
117944,Novae Plus,Real Man Green,2010,https://www.fragrantica.com/perfume/Novae-Plus/Real-Man-Green-10064.html
117945,Novae Plus,Romantic Purple,2014,https://www.fragrantica.com/perfume/Novae-Plus/Romantic-Purple-31189.html
117946,Novae Plus,Rose Green Tea,2014,https://www.fragrantica.com/perfume/Novae-Plus/Rose-Green-Tea-25393.html
117947,Novae Plus,Rose Purple Dress,2014,https://www.fragrantica.com/perfume/Novae-Plus/Rose-Purple-Dress-25391.html
117948,Novae Plus,Shinny Red,2010,https://www.fragrantica.com/perfume/Novae-Plus/Shinny-Red-10055.html
117949,Novae Plus,Shiny Violet,2010,https://www.fragrantica.com/perfume/Novae-Plus/Shiny-Violet-10054.html
117950,Novae Plus,Sky Blue,2010,https://www.fragrantica.com/perfume/Novae-Plus/Sky-Blue-10056.html
117951,Novae Plus,Small Attic,2013,https://www.fragrantica.com/perfume/Novae-Plus/Small-Attic-18270.html
117952,Novae Plus,Sunlight Orange,2013,https://www.fragrantica.com/perfume/Novae-Plus/Sunlight-Orange-17674.html
117953,Novae Plus,Sunny Garden Peach,2011,https://www.fragrantica.com/perfume/Novae-Plus/Sunny-Garden-Peach-12967.html
117954,Novae Plus,Sunny Garden Red,2011,https://www.fragrantica.com/perfume/Novae-Plus/Sunny-Garden-Red-12966.html
117955,Novae Plus,Sunshine,2017,https://www.fragrantica.com/perfume/Novae-Plus/Sunshine-45195.html
117956,Novae Plus,Sweet Charm Blue,2010,https://www.fragrantica.com/perfume/Novae-Plus/Sweet-Charm-Blue-11832.html
117957,Novae Plus,Sweet Charm Pink,2010,https://www.fragrantica.com/perfume/Novae-Plus/Sweet-Charm-Pink-11833.html
117958,Novae Plus,Trevi Fountain,2013,https://www.fragrantica.com/perfume/Novae-Plus/Trevi-Fountain-18271.html
117959,Novae Plus,Violet,2013,https://www.fragrantica.com/perfume/Novae-Plus/Violet-17788.html
117960,Novae Plus,Violet Miss Caty Cat,2006,https://www.fragrantica.com/perfume/Novae-Plus/Violet-Miss-Caty-Cat-4153.html
117961,Novae Plus,White Gold,2006,https://www.fragrantica.com/perfume/Novae-Plus/White-Gold-4155.html
117962,Novalski,Crazy Love,2019,https://www.fragrantica.com/perfume/Novalski/Crazy-Love-122779.html
117963,Novalski,Jour Nuit,2022,https://www.fragrantica.com/perfume/Novalski/Jour-Nuit-122778.html
117964,Novalski,MidNight Silence,2026,https://www.fragrantica.com/perfume/Novalski/MidNight-Silence-123169.html
117965,Novalski,Musk Vanilly,2023,https://www.fragrantica.com/perfume/Novalski/Musk-Vanilly-122777.html
117966,Novalski,Peony Absolute,2024,https://www.fragrantica.com/perfume/Novalski/Peony-Absolute-122780.html
117967,Novalski,Valkyria,2025,https://www.fragrantica.com/perfume/Novalski/Valkyria-122776.html
117968,Novalski,Volupté,2025,https://www.fragrantica.com/perfume/Novalski/Volupte-121005.html
117969,Novellista,Blue Fortune,2020,https://www.fragrantica.com/perfume/Novellista/Blue-Fortune-63899.html
117970,Novellista,Calypso Fountain,2023,https://www.fragrantica.com/perfume/Novellista/Calypso-Fountain-102769.html
117971,Novellista,Citrus Affair,2023,https://www.fragrantica.com/perfume/Novellista/Citrus-Affair-99623.html
117972,Novellista,Couture Chic,2020,https://www.fragrantica.com/perfume/Novellista/Couture-Chic-63904.html
117973,Novellista,Crazy Rich,2020,https://www.fragrantica.com/perfume/Novellista/Crazy-Rich-63900.html
117974,Novellista,Dark Mystery,2025,https://www.fragrantica.com/perfume/Novellista/Dark-Mystery-116564.html
117975,Novellista,Deep Moon,2021,https://www.fragrantica.com/perfume/Novellista/Deep-Moon-67945.html
117976,Novellista,Desert Wood,2022,https://www.fragrantica.com/perfume/Novellista/Desert-Wood-72860.html
117977,Novellista,Eau Blanche,2026,https://www.fragrantica.com/perfume/Novellista/Eau-Blanche-129061.html
117978,Novellista,Golden Yuzu,2026,https://www.fragrantica.com/perfume/Novellista/Golden-Yuzu-129060.html
117979,Novellista,Leather Privilege,2025,https://www.fragrantica.com/perfume/Novellista/Leather-Privilege-116565.html
117980,Novellista,Oud Venture,2020,https://www.fragrantica.com/perfume/Novellista/Oud-Venture-63907.html
117981,Novellista,Rose Chant,2022,https://www.fragrantica.com/perfume/Novellista/Rose-Chant-72859.html
117982,Novellista,Rouge Privé,2020,https://www.fragrantica.com/perfume/Novellista/Rouge-Prive-63903.html
117983,Novellista,Saffron Whisper,2022,https://www.fragrantica.com/perfume/Novellista/Saffron-Whisper-72863.html
117984,Novellista,Silk Destiny,2020,https://www.fragrantica.com/perfume/Novellista/Silk-Destiny-63902.html
117985,Novellista,So Delicious,2024,https://www.fragrantica.com/perfume/Novellista/So-Delicious-100784.html
117986,Novellista,Spiced Blossom,2025,https://www.fragrantica.com/perfume/Novellista/Spiced-Blossom-116566.html
117987,Novellista,Summer Flare,2020,https://www.fragrantica.com/perfume/Novellista/Summer-Flare-63901.html
117988,Novellista,Unique Wood,2020,https://www.fragrantica.com/perfume/Novellista/Unique-Wood-63906.html
117989,Novellista,Vanilla Club,2022,https://www.fragrantica.com/perfume/Novellista/Vanilla-Club-72862.html
117990,Novellista,Velvet Dusk,2020,https://www.fragrantica.com/perfume/Novellista/Velvet-Dusk-63905.html
117991,Novellista,Vetiver Myth,2024,https://www.fragrantica.com/perfume/Novellista/Vetiver-Myth-102770.html
117992,Novellista,Violet Charade,2022,https://www.fragrantica.com/perfume/Novellista/Violet-Charade-72861.html
117993,Noventa Grados,Bella Vista,2008,https://www.fragrantica.com/perfume/Noventa-Grados/Bella-Vista-129103.html
117994,Noventa Grados,Best Legion,2008,https://www.fragrantica.com/perfume/Noventa-Grados/Best-Legion-129112.html
117995,Noventa Grados,Black,2008,https://www.fragrantica.com/perfume/Noventa-Grados/Black-129117.html
117996,Noventa Grados,Blanc,2008,https://www.fragrantica.com/perfume/Noventa-Grados/Blanc-129118.html
117997,Noventa Grados,Blue,2008,https://www.fragrantica.com/perfume/Noventa-Grados/Blue-129113.html
117998,Noventa Grados,Fantasy,2023,https://www.fragrantica.com/perfume/Noventa-Grados/Fantasy-129105.html
117999,Noventa Grados,Fashion Girl,2023,https://www.fragrantica.com/perfume/Noventa-Grados/Fashion-Girl-129102.html
118000,Noventa Grados,For Men,2008,https://www.fragrantica.com/perfume/Noventa-Grados/For-Men-129114.html118001,Noventa Grados,For Women,2023,https://www.fragrantica.com/perfume/Noventa-Grados/For-Women-129106.html
118002,Noventa Grados,Illegal,2023,https://www.fragrantica.com/perfume/Noventa-Grados/Illegal-129119.html
118003,Noventa Grados,Image,2008,https://www.fragrantica.com/perfume/Noventa-Grados/Image-129115.html
118004,Noventa Grados,Joyeuse,2023,https://www.fragrantica.com/perfume/Noventa-Grados/Joyeuse-129108.html
118005,Noventa Grados,Layus,2008,https://www.fragrantica.com/perfume/Noventa-Grados/Layus-129098.html
118006,Noventa Grados,Lolly,2023,https://www.fragrantica.com/perfume/Noventa-Grados/Lolly-129101.html
118007,Noventa Grados,Moonlight,2024,https://www.fragrantica.com/perfume/Noventa-Grados/Moonlight-129095.html
118008,Noventa Grados,Nice Girl,2023,https://www.fragrantica.com/perfume/Noventa-Grados/Nice-Girl-129107.html
118009,Noventa Grados,Noventa Grados Blue,2008,https://www.fragrantica.com/perfume/Noventa-Grados/Noventa-Grados-Blue-129111.html
118010,Noventa Grados,Noventa Grados Red,2008,https://www.fragrantica.com/perfume/Noventa-Grados/Noventa-Grados-Red-129110.html
118011,Noventa Grados,Noventa Grados White,2008,https://www.fragrantica.com/perfume/Noventa-Grados/Noventa-Grados-White-129109.html
118012,Noventa Grados,One,2008,https://www.fragrantica.com/perfume/Noventa-Grados/One-129100.html
118013,Noventa Grados,Oriental,2024,https://www.fragrantica.com/perfume/Noventa-Grados/Oriental-129094.html
118014,Noventa Grados,Pink,2023,https://www.fragrantica.com/perfume/Noventa-Grados/Pink-129104.html
118015,Noventa Grados,Rouge,2024,https://www.fragrantica.com/perfume/Noventa-Grados/Rouge-129096.html
118016,Noventa Grados,Shadow,2023,https://www.fragrantica.com/perfume/Noventa-Grados/Shadow-129121.html
118017,Noventa Grados,Twist,2023,https://www.fragrantica.com/perfume/Noventa-Grados/Twist-129099.html
118018,Noventa Grados,Victory,2023,https://www.fragrantica.com/perfume/Noventa-Grados/Victory-129120.html
118019,Noventa Grados,XXL,2023,https://www.fragrantica.com/perfume/Noventa-Grados/XXL-129116.html
118020,nown unown,Apperance,2025,https://www.fragrantica.com/perfume/nown-unown/Apperance-115358.html
118021,nown unown,Bloom,2025,https://www.fragrantica.com/perfume/nown-unown/Bloom-115356.html
118022,nown unown,Dreams,2025,https://www.fragrantica.com/perfume/nown-unown/Dreams-115359.html
118023,nown unown,Innocent,2025,https://www.fragrantica.com/perfume/nown-unown/Innocent-115360.html
118024,nown unown,Wet Forest,2025,https://www.fragrantica.com/perfume/nown-unown/Wet-Forest-115355.html
118025,nown unown,Zen,2025,https://www.fragrantica.com/perfume/nown-unown/Zen-115357.html
118026,Noyz,12.00,2024,https://www.fragrantica.com/perfume/Noyz/12-00-103321.html
118027,Noyz,Be Her,2026,https://www.fragrantica.com/perfume/Noyz/Be-Her-132834.html
118028,Noyz,Detour,2025,https://www.fragrantica.com/perfume/Noyz/Detour-105452.html
118029,Noyz,Juicy Chaos,2025,https://www.fragrantica.com/perfume/Noyz/Juicy-Chaos-131960.html
118030,Noyz,"Listen, Honey",2025,https://www.fragrantica.com/perfume/Noyz/Listen-Honey-131963.html
118031,Noyz,Lost + Found,2024,https://www.fragrantica.com/perfume/Noyz/Lost-Found-94882.html
118032,Noyz,Love Club,2024,https://www.fragrantica.com/perfume/Noyz/Love-Club-94883.html
118033,Noyz,Monochrome,2024,https://www.fragrantica.com/perfume/Noyz/Monochrome-94884.html
118034,Noyz,Only Human,2025,https://www.fragrantica.com/perfume/Noyz/Only-Human-115414.html
118035,Noyz,Only Human,2026,https://www.fragrantica.com/perfume/Noyz/Only-Human-141415.html
118036,Noyz,Rinse Cycle,2026,https://www.fragrantica.com/perfume/Noyz/Rinse-Cycle-129059.html
118037,Noyz,Salty,2025,https://www.fragrantica.com/perfume/Noyz/Salty-131962.html
118038,Noyz,Sh**ty Day,2024,https://www.fragrantica.com/perfume/Noyz/Sh-ty-Day-94880.html
118039,Noyz,Unmute,2024,https://www.fragrantica.com/perfume/Noyz/Unmute-94881.html
118040,NSHQ,A Man of Shadow,2019,https://www.fragrantica.com/perfume/NSHQ/A-Man-of-Shadow-58989.html
118041,NSHQ,Abstract,2019,https://www.fragrantica.com/perfume/NSHQ/Abstract-59110.html
118042,NSHQ,Agar Star,2019,https://www.fragrantica.com/perfume/NSHQ/Agar-Star-59113.html
118043,NSHQ,Al Astora,2005,https://www.fragrantica.com/perfume/NSHQ/Al-Astora-48971.html
118044,NSHQ,Al Sheyoukh,2005,https://www.fragrantica.com/perfume/NSHQ/Al-Sheyoukh-48756.html
118045,NSHQ,Al Thoraya,2005,https://www.fragrantica.com/perfume/NSHQ/Al-Thoraya-48966.html
118046,NSHQ,Amberoud,2017,https://www.fragrantica.com/perfume/NSHQ/Amberoud-48973.html
118047,NSHQ,Autumn Leaves,2019,https://www.fragrantica.com/perfume/NSHQ/Autumn-Leaves-59111.html
118048,NSHQ,Black Honey,2019,https://www.fragrantica.com/perfume/NSHQ/Black-Honey-59109.html
118049,NSHQ,Deja Vu,2019,https://www.fragrantica.com/perfume/NSHQ/Deja-Vu-58994.html
118050,NSHQ,El Santal,2019,https://www.fragrantica.com/perfume/NSHQ/El-Santal-58996.html
118051,NSHQ,Elegant Crown,2019,https://www.fragrantica.com/perfume/NSHQ/Elegant-Crown-58991.html
118052,NSHQ,Fireworks Of Patchouli,2019,https://www.fragrantica.com/perfume/NSHQ/Fireworks-Of-Patchouli-59096.html
118053,NSHQ,Fly To The East,2019,https://www.fragrantica.com/perfume/NSHQ/Fly-To-The-East-58990.html
118054,NSHQ,I,2019,https://www.fragrantica.com/perfume/NSHQ/I-59098.html
118055,NSHQ,II,2019,https://www.fragrantica.com/perfume/NSHQ/II-59099.html
118056,NSHQ,III,2019,https://www.fragrantica.com/perfume/NSHQ/III-59100.html
118057,NSHQ,IV,2019,https://www.fragrantica.com/perfume/NSHQ/IV-59102.html
118058,NSHQ,KG,2017,https://www.fragrantica.com/perfume/NSHQ/KG-48746.html
118059,NSHQ,l,,https://www.parfumo.com/Perfumes/NSHQ/l
118060,NSHQ,Misky,2013,https://www.fragrantica.com/perfume/NSHQ/Misky-48970.html
118061,NSHQ,Musky,2019,https://www.fragrantica.com/perfume/NSHQ/Musky-59097.html
118062,NSHQ,Neatly Five,2019,https://www.fragrantica.com/perfume/NSHQ/Neatly-Five-59107.html
118063,NSHQ,Nifty Amber,2019,https://www.fragrantica.com/perfume/NSHQ/Nifty-Amber-59104.html
118064,NSHQ,Night In Tuscany,2019,https://www.fragrantica.com/perfume/NSHQ/Night-In-Tuscany-59112.html
118065,NSHQ,Night Rose,2019,https://www.fragrantica.com/perfume/NSHQ/Night-Rose-59108.html
118066,NSHQ,Nile Sprite,2019,https://www.fragrantica.com/perfume/NSHQ/Nile-Sprite-59105.html
118067,NSHQ,No. 25,2013,https://www.fragrantica.com/perfume/NSHQ/No-25-48723.html
118068,NSHQ,No. 45,2017,https://www.fragrantica.com/perfume/NSHQ/No-45-48747.html
118069,NSHQ,No. 55,2012,https://www.fragrantica.com/perfume/NSHQ/No-55-48763.html
118070,NSHQ,No. 75,2013,https://www.fragrantica.com/perfume/NSHQ/No-75-48751.html
118071,NSHQ,No. 95,2016,https://www.fragrantica.com/perfume/NSHQ/No-95-48744.html
118072,NSHQ,Noble Touch,2019,https://www.fragrantica.com/perfume/NSHQ/Noble-Touch-58995.html
118073,NSHQ,Noir,2015,https://www.fragrantica.com/perfume/NSHQ/Noir-48750.html
118074,NSHQ,Noon,2016,https://www.fragrantica.com/perfume/NSHQ/Noon-48724.html
118075,NSHQ,Nora,2018,https://www.fragrantica.com/perfume/NSHQ/Nora-58992.html
118076,NSHQ,Nostalgia,2019,https://www.fragrantica.com/perfume/NSHQ/Nostalgia-59106.html
118077,NSHQ,NSHQ Spray,2010,https://www.fragrantica.com/perfume/NSHQ/NSHQ-Spray-48969.html
118078,NSHQ,Oud Perfume (Parfum),2014,https://www.fragrantica.com/perfume/NSHQ/Oud-Perfume-48757.html
118079,NSHQ,Patchouli Concert,2019,https://www.fragrantica.com/perfume/NSHQ/Patchouli-Concert-58993.html
118080,NSHQ,Powder,2015,https://www.fragrantica.com/perfume/NSHQ/Powder-48758.html
118081,NSHQ,Royal Nouf,2006,https://www.fragrantica.com/perfume/NSHQ/Royal-Nouf-48968.html
118082,NSHQ,Royal Nouf Oud,2009,https://www.fragrantica.com/perfume/NSHQ/Royal-Nouf-Oud-48972.html
118083,NSHQ,Somo,2009,https://www.fragrantica.com/perfume/NSHQ/Somo-48967.html
118084,NSHQ,Summer Snow,2019,https://www.fragrantica.com/perfume/NSHQ/Summer-Snow-58998.html
118085,NSHQ,Taraf,2010,https://www.fragrantica.com/perfume/NSHQ/Taraf-48755.html
118086,NSHQ,Tuscana Rose,2016,https://www.fragrantica.com/perfume/NSHQ/Tuscana-Rose-48749.html
118087,NSHQ,V,2019,https://www.fragrantica.com/perfume/NSHQ/V-59103.html
118088,NSHQ,Wedge,2019,https://www.fragrantica.com/perfume/NSHQ/Wedge-58997.html
118089,Ntrigue,Fleur de Coco,2021,https://www.fragrantica.com/perfume/Ntrigue/Fleur-de-Coco-84729.html
118090,Ntrigue,L'Homme Éthéré,2021,https://www.fragrantica.com/perfume/Ntrigue/L-Homme-Ethere-84731.html
118091,Ntrigue,Nebula,2021,https://www.fragrantica.com/perfume/Ntrigue/Nebula-84728.html
118092,Ntrigue,Radiant Resin,2021,https://www.fragrantica.com/perfume/Ntrigue/Radiant-Resin-84733.html
118093,Ntrigue,Sensuelle,2021,https://www.fragrantica.com/perfume/Ntrigue/Sensuelle-84730.html
118094,Ntrigue,Silver Fields,2021,https://www.fragrantica.com/perfume/Ntrigue/Silver-Fields-84732.html
118095,Nu Parfums,Black is Black For Her,,https://www.fragrantica.com/perfume/Nu-Parfums/Black-is-Black-For-Her-87362.html
118096,Nu Parfums,Black is Black Fresh,,https://www.fragrantica.com/perfume/Nu-Parfums/Black-is-Black-Fresh-87363.html
118097,Nu Parfums,Paradísiac,2012,https://www.fragrantica.com/perfume/Nu-Parfums/Paradisiac-62568.html
118098,Nu Wilds,Bamboo,,https://www.fragrantica.com/perfume/Nu-Wilds/Bamboo-125167.html
118099,Nu Wilds,Blooming Mountain,,https://www.fragrantica.com/perfume/Nu-Wilds/Blooming-Mountain-125168.html
118100,Nu Wilds,Love In A Mist,,https://www.fragrantica.com/perfume/Nu-Wilds/Love-In-A-Mist-125169.html
118101,Nu Wilds,Meditation,,https://www.fragrantica.com/perfume/Nu-Wilds/Meditation-125170.html
118102,Nu Wilds,Michelia Alba,,https://www.fragrantica.com/perfume/Nu-Wilds/Michelia-Alba-125166.html
118103,Nuage Skincare,Cake Me Up,2025,https://www.fragrantica.com/perfume/Nuage-Skincare/Cake-Me-Up-109808.html
118104,Nuage Skincare,Cocoon,2025,https://www.fragrantica.com/perfume/Nuage-Skincare/Cocoon-109807.html
118105,Nuage Skincare,Milk Sugar,2025,https://www.fragrantica.com/perfume/Nuage-Skincare/Milk-Sugar-109754.html
118106,Nuage Skincare,Moonbud,2025,https://www.fragrantica.com/perfume/Nuage-Skincare/Moonbud-109810.html
118107,Nuages,Ciel Tonka,2025,https://www.fragrantica.com/perfume/Nuages/Ciel-Tonka-117246.html
118108,Nuages,Cirrus Oud,2025,https://www.fragrantica.com/perfume/Nuages/Cirrus-Oud-117252.html
118109,Nuages,Crème Vanille,2025,https://www.fragrantica.com/perfume/Nuages/Creme-Vanille-117249.html
118110,Nuages,Éclat Azur,2025,https://www.fragrantica.com/perfume/Nuages/Eclat-Azur-117254.html
118111,Nuages,Neroli 30,2025,https://www.fragrantica.com/perfume/Nuages/Neroli-30-120305.html
118112,Nuance Parfums,Musk Al Layl,2026,https://www.fragrantica.com/perfume/Nuance-Parfums/Musk-Al-Layl-139503.html
118113,Nuance Parfums,Oud Berry,2026,https://www.fragrantica.com/perfume/Nuance-Parfums/Oud-Berry-139502.html
118114,Nuance Parfums,Vanille Ébène,2026,https://www.fragrantica.com/perfume/Nuance-Parfums/Vanille-Ebene-139501.html
118115,Nuancielo,Absoluta,2019,https://www.fragrantica.com/perfume/Nuancielo/Absoluta-60510.html
118116,Nuancielo,Ada,2022,https://www.fragrantica.com/perfume/Nuancielo/Ada-113451.html
118117,Nuancielo,Ágar,2019,https://www.fragrantica.com/perfume/Nuancielo/Agar-60512.html
118118,Nuancielo,Alpha,2020,https://www.fragrantica.com/perfume/Nuancielo/Alpha-63286.html
118119,Nuancielo,Alpha Leggera,2024,https://www.fragrantica.com/perfume/Nuancielo/Alpha-Leggera-113354.html
118120,Nuancielo,Amber Crystal,2025,https://www.fragrantica.com/perfume/Nuancielo/Amber-Crystal-113352.html
118121,Nuancielo,Angels Lux,2026,https://www.fragrantica.com/perfume/Nuancielo/Angels-Lux-142445.html
118122,Nuancielo,Angels Lux Frost,2026,https://www.fragrantica.com/perfume/Nuancielo/Angels-Lux-Frost-142217.html
118123,Nuancielo,Angely,2020,https://www.fragrantica.com/perfume/Nuancielo/Angely-113359.html
118124,Nuancielo,Aura Elite,2025,https://www.fragrantica.com/perfume/Nuancielo/Aura-Elite-116469.html
118125,Nuancielo,Aurora,2022,https://www.fragrantica.com/perfume/Nuancielo/Aurora-75288.html
118126,Nuancielo,Ayael,2024,https://www.fragrantica.com/perfume/Nuancielo/Ayael-98002.html
118127,Nuancielo,Blue Celestia,2025,https://www.fragrantica.com/perfume/Nuancielo/Blue-Celestia-113353.html
118128,Nuancielo,Blue Fresh,2020,https://www.fragrantica.com/perfume/Nuancielo/Blue-Fresh-72067.html
118129,Nuancielo,Butterfly Blue,2023,https://www.fragrantica.com/perfume/Nuancielo/Butterfly-Blue-113366.html
118130,Nuancielo,Butterfly Pink Makeup,2025,https://www.fragrantica.com/perfume/Nuancielo/Butterfly-Pink-Makeup-113365.html
118131,Nuancielo,Candie,2018,https://www.fragrantica.com/perfume/Nuancielo/Candie-60564.html
118132,Nuancielo,Caribbean,2021,https://www.fragrantica.com/perfume/Nuancielo/Caribbean-69119.html
118133,Nuancielo,Citrus Solare,2026,https://www.fragrantica.com/perfume/Nuancielo/Citrus-Solare-142218.html
118134,Nuancielo,Crème Pistachio,2026,https://www.fragrantica.com/perfume/Nuancielo/Creme-Pistachio-131905.html
118135,Nuancielo,D'Hiver,2019,https://www.fragrantica.com/perfume/Nuancielo/D-Hiver-113358.html
118136,Nuancielo,Divinae,2024,https://www.fragrantica.com/perfume/Nuancielo/Divinae-113355.html
118137,Nuancielo,Dolce Bianco,2025,https://www.fragrantica.com/perfume/Nuancielo/Dolce-Bianco-106331.html
118138,Nuancielo,Domini,2022,https://www.fragrantica.com/perfume/Nuancielo/Domini-75357.html
118139,Nuancielo,Domus,2025,https://www.fragrantica.com/perfume/Nuancielo/Domus-129078.html
118140,Nuancielo,Doux,2018,https://www.fragrantica.com/perfume/Nuancielo/Doux-60565.html
118141,Nuancielo,Dream On Infinite,2025,https://www.fragrantica.com/perfume/Nuancielo/Dream-On-Infinite-125456.html
118142,Nuancielo,Éclat Vanille,2025,https://www.fragrantica.com/perfume/Nuancielo/Eclat-Vanille-113363.html
118143,Nuancielo,Edah,2024,https://www.fragrantica.com/perfume/Nuancielo/Edah-102598.html
118144,Nuancielo,Efrate,2019,https://www.fragrantica.com/perfume/Nuancielo/Efrate-71568.html
118145,Nuancielo,Egyptian,2019,https://www.fragrantica.com/perfume/Nuancielo/Egyptian-64710.html
118146,Nuancielo,El Elion,2023,https://www.fragrantica.com/perfume/Nuancielo/El-Elion-113362.html
118147,Nuancielo,El Patrón,2018,https://www.fragrantica.com/perfume/Nuancielo/El-Patron-60544.html
118148,Nuancielo,Eleven Roses by Tassiane Cruz,2025,https://www.fragrantica.com/perfume/Nuancielo/Eleven-Roses-by-Tassiane-Cruz-123626.html
118149,Nuancielo,Eliora,2022,https://www.fragrantica.com/perfume/Nuancielo/Eliora-113450.html
118150,Nuancielo,Enoch,2020,https://www.fragrantica.com/perfume/Nuancielo/Enoch-61577.html
118151,Nuancielo,Essences 01,2019,https://www.fragrantica.com/perfume/Nuancielo/Essences-01-56716.html
118152,Nuancielo,Essences 02,2018,https://www.fragrantica.com/perfume/Nuancielo/Essences-02-56813.html
118153,Nuancielo,Essences 03,2018,https://www.fragrantica.com/perfume/Nuancielo/Essences-03-56725.html
118154,Nuancielo,Essences 04,2018,https://www.fragrantica.com/perfume/Nuancielo/Essences-04-56772.html
118155,Nuancielo,Essences 05,2018,https://www.fragrantica.com/perfume/Nuancielo/Essences-05-56815.html
118156,Nuancielo,Essences 06,2017,https://www.fragrantica.com/perfume/Nuancielo/Essences-06-56718.html
118157,Nuancielo,Essences 07,2018,https://www.fragrantica.com/perfume/Nuancielo/Essences-07-56770.html
118158,Nuancielo,Essences 09,2017,https://www.fragrantica.com/perfume/Nuancielo/Essences-09-56731.html
118159,Nuancielo,Essences 10,2018,https://www.fragrantica.com/perfume/Nuancielo/Essences-10-56816.html
118160,Nuancielo,Essences 11,2018,https://www.fragrantica.com/perfume/Nuancielo/Essences-11-56777.html
118161,Nuancielo,Essences 12,2018,https://www.fragrantica.com/perfume/Nuancielo/Essences-12-56768.html
118162,Nuancielo,Essences 13,2017,https://www.fragrantica.com/perfume/Nuancielo/Essences-13-56733.html
118163,Nuancielo,Essences 14,2018,https://www.fragrantica.com/perfume/Nuancielo/Essences-14-56814.html
118164,Nuancielo,Essences 15,2017,https://www.fragrantica.com/perfume/Nuancielo/Essences-15-56726.html
118165,Nuancielo,Essences 16,2018,https://www.fragrantica.com/perfume/Nuancielo/Essences-16-56774.html
118166,Nuancielo,Essences 17,2018,https://www.fragrantica.com/perfume/Nuancielo/Essences-17-56765.html
118167,Nuancielo,Essences 18,2018,https://www.fragrantica.com/perfume/Nuancielo/Essences-18-56732.html
118168,Nuancielo,Essences 19,2018,https://www.fragrantica.com/perfume/Nuancielo/Essences-19-56730.html
118169,Nuancielo,Essences 20,2018,https://www.fragrantica.com/perfume/Nuancielo/Essences-20-61075.html
118170,Nuancielo,Essences 21,2017,https://www.fragrantica.com/perfume/Nuancielo/Essences-21-61074.html
118171,Nuancielo,Essences 22,2017,https://www.fragrantica.com/perfume/Nuancielo/Essences-22-61073.html
118172,Nuancielo,Essences 23,2017,https://www.fragrantica.com/perfume/Nuancielo/Essences-23-61055.html
118173,Nuancielo,Essences 24,2017,https://www.fragrantica.com/perfume/Nuancielo/Essences-24-61072.html
118174,Nuancielo,Essences 25,2017,https://www.fragrantica.com/perfume/Nuancielo/Essences-25-61070.html
118175,Nuancielo,Essences 26,2017,https://www.fragrantica.com/perfume/Nuancielo/Essences-26-61054.html
118176,Nuancielo,Essences 27,2017,https://www.fragrantica.com/perfume/Nuancielo/Essences-27-61053.html
118177,Nuancielo,Essences 29,2017,https://www.fragrantica.com/perfume/Nuancielo/Essences-29-61068.html
118178,Nuancielo,Essences 30,2018,https://www.fragrantica.com/perfume/Nuancielo/Essences-30-61066.html
118179,Nuancielo,Essences 31,2017,https://www.fragrantica.com/perfume/Nuancielo/Essences-31-61065.html
118180,Nuancielo,Essences 32,2018,https://www.fragrantica.com/perfume/Nuancielo/Essences-32-61064.html
118181,Nuancielo,Essences 35,2018,https://www.fragrantica.com/perfume/Nuancielo/Essences-35-61063.html
118182,Nuancielo,Essences 36,2018,https://www.fragrantica.com/perfume/Nuancielo/Essences-36-61062.html
118183,Nuancielo,Essences 38,2018,https://www.fragrantica.com/perfume/Nuancielo/Essences-38-61059.html
118184,Nuancielo,Essences 39,2018,https://www.fragrantica.com/perfume/Nuancielo/Essences-39-61058.html
118185,Nuancielo,Essences 41,2018,https://www.fragrantica.com/perfume/Nuancielo/Essences-41-61052.html
118186,Nuancielo,Essences 42,2017,https://www.fragrantica.com/perfume/Nuancielo/Essences-42-56767.html
118187,Nuancielo,Essences 44,2017,https://www.fragrantica.com/perfume/Nuancielo/Essences-44-56717.html
118188,Nuancielo,Essences 46,2017,https://www.fragrantica.com/perfume/Nuancielo/Essences-46-61051.html
118189,Nuancielo,Essences 47,2017,https://www.fragrantica.com/perfume/Nuancielo/Essences-47-56719.html
118190,Nuancielo,Essences 49,2017,https://www.fragrantica.com/perfume/Nuancielo/Essences-49-56727.html
118191,Nuancielo,Essences 50,2017,https://www.fragrantica.com/perfume/Nuancielo/Essences-50-56729.html
118192,Nuancielo,Essences 51,2018,https://www.fragrantica.com/perfume/Nuancielo/Essences-51-61056.html
118193,Nuancielo,Essenses 45,2017,https://www.fragrantica.com/perfume/Nuancielo/Essenses-45-56728.html
118194,Nuancielo,Eternal Dance,2026,https://www.fragrantica.com/perfume/Nuancielo/Eternal-Dance-142216.html
118195,Nuancielo,Everest,,https://www.fragrantica.com/perfume/Nuancielo/Everest-135404.html
118196,Nuancielo,Evo,2018,https://www.fragrantica.com/perfume/Nuancielo/Evo-61571.html
118197,Nuancielo,Evodia,2020,https://www.fragrantica.com/perfume/Nuancielo/Evodia-71570.html
118198,Nuancielo,Ezodus,2018,https://www.fragrantica.com/perfume/Nuancielo/Ezodus-61572.html
118199,Nuancielo,Fairy,2019,https://www.fragrantica.com/perfume/Nuancielo/Fairy-59802.html
118200,Nuancielo,Feme Side,2023,https://www.fragrantica.com/perfume/Nuancielo/Feme-Side-93847.html
118201,Nuancielo,Feme Side Exclusif,2026,https://www.fragrantica.com/perfume/Nuancielo/Feme-Side-Exclusif-134011.html
118202,Nuancielo,Fjord,2022,https://www.fragrantica.com/perfume/Nuancielo/Fjord-71567.html
118203,Nuancielo,Flame,2019,https://www.fragrantica.com/perfume/Nuancielo/Flame-56714.html
118204,Nuancielo,Gálata,2022,https://www.fragrantica.com/perfume/Nuancielo/Galata-75532.html
118205,Nuancielo,Ginger Club,2026,https://www.fragrantica.com/perfume/Nuancielo/Ginger-Club-140418.html
118206,Nuancielo,Gladius,2019,https://www.fragrantica.com/perfume/Nuancielo/Gladius-61575.html
118207,Nuancielo,Golden Queen,2021,https://www.fragrantica.com/perfume/Nuancielo/Golden-Queen-96972.html
118208,Nuancielo,Hana,2023,https://www.fragrantica.com/perfume/Nuancielo/Hana-95231.html
118209,Nuancielo,Harmonie,2020,https://www.fragrantica.com/perfume/Nuancielo/Harmonie-64453.html
118210,Nuancielo,Hedone,2018,https://www.fragrantica.com/perfume/Nuancielo/Hedone-64708.html
118211,Nuancielo,Hesed,2023,https://www.fragrantica.com/perfume/Nuancielo/Hesed-113357.html
118212,Nuancielo,Hezron,2021,https://www.fragrantica.com/perfume/Nuancielo/Hezron-71571.html
118213,Nuancielo,Hills,2018,https://www.fragrantica.com/perfume/Nuancielo/Hills-61581.html
118214,Nuancielo,Honey,2019,https://www.fragrantica.com/perfume/Nuancielo/Honey-60513.html
118215,Nuancielo,Honora,2018,https://www.fragrantica.com/perfume/Nuancielo/Honora-60545.html
118216,Nuancielo,Intense Peach,2019,https://www.fragrantica.com/perfume/Nuancielo/Intense-Peach-71566.html
118217,Nuancielo,Italian Soul,2024,https://www.fragrantica.com/perfume/Nuancielo/Italian-Soul-101871.html
118218,Nuancielo,Jocker,2019,https://www.fragrantica.com/perfume/Nuancielo/Jocker-61579.html
118219,Nuancielo,Kairós,2020,https://www.fragrantica.com/perfume/Nuancielo/Kairos-61574.html
118220,Nuancielo,La Hermosa,2021,https://www.fragrantica.com/perfume/Nuancielo/La-Hermosa-127806.html
118221,Nuancielo,La Plata,2021,https://www.fragrantica.com/perfume/Nuancielo/La-Plata-85136.html
118222,Nuancielo,Lemon & Neroli,2019,https://www.fragrantica.com/perfume/Nuancielo/Lemon-Neroli-71573.html
118223,Nuancielo,Letal Poison,2024,https://www.fragrantica.com/perfume/Nuancielo/Letal-Poison-106330.html
118224,Nuancielo,Liberty,2021,https://www.fragrantica.com/perfume/Nuancielo/Liberty-71574.html
118225,Nuancielo,Like A Boss,2022,https://www.fragrantica.com/perfume/Nuancielo/Like-A-Boss-96205.html
118226,Nuancielo,Lince,2019,https://www.fragrantica.com/perfume/Nuancielo/Lince-66322.html
118227,Nuancielo,Lovely,2019,https://www.fragrantica.com/perfume/Nuancielo/Lovely-60509.html
118228,Nuancielo,Lumière,2024,https://www.fragrantica.com/perfume/Nuancielo/Lumiere-106332.html
118229,Nuancielo,Magna,2019,https://www.fragrantica.com/perfume/Nuancielo/Magna-61582.html
118230,Nuancielo,Majesty,2020,https://www.fragrantica.com/perfume/Nuancielo/Majesty-72574.html
118231,Nuancielo,Mare di Luci,2025,https://www.fragrantica.com/perfume/Nuancielo/Mare-di-Luci-113364.html
118232,Nuancielo,Mead,2020,https://www.fragrantica.com/perfume/Nuancielo/Mead-71569.html
118233,Nuancielo,Modern Grace,2019,https://www.fragrantica.com/perfume/Nuancielo/Modern-Grace-113360.html
118234,Nuancielo,Moriah,2019,https://www.fragrantica.com/perfume/Nuancielo/Moriah-59752.html
118235,Nuancielo,Mukhtar,2019,https://www.fragrantica.com/perfume/Nuancielo/Mukhtar-61578.html
118236,Nuancielo,Mystic Fairy,2020,https://www.fragrantica.com/perfume/Nuancielo/Mystic-Fairy-64080.html
118237,Nuancielo,Namoa,2021,https://www.fragrantica.com/perfume/Nuancielo/Namoa-70570.html
118238,Nuancielo,Ner Tamid,2025,https://www.fragrantica.com/perfume/Nuancielo/Ner-Tamid-128392.html
118239,Nuancielo,Noãm,2026,https://www.fragrantica.com/perfume/Nuancielo/Noam-133537.html
118240,Nuancielo,Octano,2023,https://www.fragrantica.com/perfume/Nuancielo/Octano-102599.html
118241,Nuancielo,Ômega,2023,https://www.fragrantica.com/perfume/Nuancielo/Omega-102597.html
118242,Nuancielo,Oud Tropicale,2025,https://www.fragrantica.com/perfume/Nuancielo/Oud-Tropicale-123625.html
118243,Nuancielo,Pear & Vanilla,2020,https://www.fragrantica.com/perfume/Nuancielo/Pear-Vanilla-62736.html
118244,Nuancielo,Phoenix Red,2024,https://www.fragrantica.com/perfume/Nuancielo/Phoenix-Red-113367.html
118245,Nuancielo,Prodige,2020,https://www.fragrantica.com/perfume/Nuancielo/Prodige-61576.html
118246,Nuancielo,Pure Flowers,2017,https://www.fragrantica.com/perfume/Nuancielo/Pure-Flowers-64709.html
118247,Nuancielo,Real King,2024,https://www.fragrantica.com/perfume/Nuancielo/Real-King-110332.html
118248,Nuancielo,Real King Absolu,2025,https://www.fragrantica.com/perfume/Nuancielo/Real-King-Absolu-125455.html
118249,Nuancielo,Rêveur,2025,https://www.fragrantica.com/perfume/Nuancielo/Reveur-123637.html
118250,Nuancielo,Rich Peach,2024,https://www.fragrantica.com/perfume/Nuancielo/Rich-Peach-94411.html
118251,Nuancielo,Rose Fairy,2024,https://www.fragrantica.com/perfume/Nuancielo/Rose-Fairy-89987.html
118252,Nuancielo,Royal Garden,2023,https://www.fragrantica.com/perfume/Nuancielo/Royal-Garden-113449.html
118253,Nuancielo,Safira,2025,https://www.fragrantica.com/perfume/Nuancielo/Safira-113351.html
118254,Nuancielo,Sahara Absolu,2026,https://www.fragrantica.com/perfume/Nuancielo/Sahara-Absolu-142215.html
118255,Nuancielo,Saron,2023,https://www.fragrantica.com/perfume/Nuancielo/Saron-113448.html
118256,Nuancielo,Selene,2025,https://www.fragrantica.com/perfume/Nuancielo/Selene-113356.html
118257,Nuancielo,Sensual Feelings,2024,https://www.fragrantica.com/perfume/Nuancielo/Sensual-Feelings-113361.html
118258,Nuancielo,Shermie,2018,https://www.fragrantica.com/perfume/Nuancielo/Shermie-75734.html
118259,Nuancielo,Shiny,2024,https://www.fragrantica.com/perfume/Nuancielo/Shiny-124387.html
118260,Nuancielo,Sunshine,2025,https://www.fragrantica.com/perfume/Nuancielo/Sunshine-121611.html
118261,Nuancielo,Supremacy,2021,https://www.fragrantica.com/perfume/Nuancielo/Supremacy-69120.html
118262,Nuancielo,Sweet Whisky,2019,https://www.fragrantica.com/perfume/Nuancielo/Sweet-Whisky-71572.html
118263,Nuancielo,Sweet Wine,2019,https://www.fragrantica.com/perfume/Nuancielo/Sweet-Wine-60511.html
118264,Nuancielo,Très Chic,2026,https://www.fragrantica.com/perfume/Nuancielo/Tres-Chic-140326.html
118265,Nuancielo,Tropical Drink,2025,https://www.fragrantica.com/perfume/Nuancielo/Tropical-Drink-116470.html
118266,Nuancielo,Try Me!,2023,https://www.fragrantica.com/perfume/Nuancielo/Try-Me-93710.html
118267,Nuancielo,Vanillie,2019,https://www.fragrantica.com/perfume/Nuancielo/Vanillie-59801.html
118268,Nuancielo,Ville,2017,https://www.fragrantica.com/perfume/Nuancielo/Ville-61580.html
118269,Nuancielo,White Rose,2018,https://www.fragrantica.com/perfume/Nuancielo/White-Rose-60543.html
118270,Nuancielo,Wild,2023,https://www.fragrantica.com/perfume/Nuancielo/Wild-123627.html
118271,Nuancielo,Wild Elixir,2022,https://www.fragrantica.com/perfume/Nuancielo/Wild-Elixir-75735.html
118272,Nude Beauty,Courage,2024,https://www.fragrantica.com/perfume/Nude-Beauty/Courage-134725.html
118273,Nude Beauty,Hopeful,2025,https://www.fragrantica.com/perfume/Nude-Beauty/Hopeful-134727.html
118274,Nude Beauty,Mykonos,2025,https://www.fragrantica.com/perfume/Nude-Beauty/Mykonos-134726.html
118275,Nude Beauty,New York,2022,https://www.fragrantica.com/perfume/Nude-Beauty/New-York-134728.html
118276,Nude Beauty,Saint Germain,2025,https://www.fragrantica.com/perfume/Nude-Beauty/Saint-Germain-134724.html
118277,NUHI,Intense,2020,https://www.fragrantica.com/perfume/NUHI/Intense-68092.html
118278,NUHI,Nuhi,2013,https://www.fragrantica.com/perfume/NUHI/Nuhi-17527.html
118279,NUHI,Nuit,2019,https://www.fragrantica.com/perfume/NUHI/Nuit-68091.html
118280,NUHI,Oud,2020,https://www.fragrantica.com/perfume/NUHI/Oud-68093.html
118281,Nui Cobalt Designs,Achievement Unlocked,2014,https://www.parfumo.com/Perfumes/Nui_Cobalt_Designs/Achievement_Unlocked
118282,Nui Cobalt Designs,Ailurophelia,2020,https://www.parfumo.com/Perfumes/Nui_Cobalt_Designs/ailurophelia
118283,Nui Cobalt Designs,Ain't I a Woman Ain't I a Woman: Sojourner Truth,2018,https://www.parfumo.com/Perfumes/Nui_Cobalt_Designs/ain-t-i-a-woman-ain-t-i-a-woman-sojourner-truth
118284,Nui Cobalt Designs,Anthophilia,2020,https://www.parfumo.com/Perfumes/Nui_Cobalt_Designs/anthophilia
118285,Nui Cobalt Designs,Arctic Fox,2017,https://www.parfumo.com/Perfumes/Nui_Cobalt_Designs/Arctic_Fox
118286,Nui Cobalt Designs,Aziza,2019,https://www.parfumo.com/Perfumes/Nui_Cobalt_Designs/Aziza
118287,Nui Cobalt Designs,Baby Pumpkin,2019,https://www.parfumo.com/Perfumes/Nui_Cobalt_Designs/baby-pumpkin
118288,Numskull,Sonic the Hedgehog: Blue Blur,2021,https://www.fragrantica.com/perfume/Numskull/Sonic-the-Hedgehog-Blue-Blur-134691.html
118289,Nuori,Biennale,2024,https://www.fragrantica.com/perfume/Nuori/Biennale-100531.html
118290,Nuori,Jioni,2024,https://www.fragrantica.com/perfume/Nuori/Jioni-100518.html
118291,Nuori,Midsommer,2024,https://www.fragrantica.com/perfume/Nuori/Midsommer-100517.html
118292,Nuori,Shinrin,2024,https://www.fragrantica.com/perfume/Nuori/Shinrin-100516.html
118293,NŪR Haute Parfumerie Artisanale,Amande Cachemire,,https://www.fragrantica.com/perfume/NUR-Haute-Parfumerie-Artisanale/Amande-Cachemire-127067.html
118294,NŪR Haute Parfumerie Artisanale,Ambre Agrumes,,https://www.fragrantica.com/perfume/NUR-Haute-Parfumerie-Artisanale/Ambre-Agrumes-127065.html
118295,NŪR Haute Parfumerie Artisanale,Ambre Mysore,,https://www.fragrantica.com/perfume/NUR-Haute-Parfumerie-Artisanale/Ambre-Mysore-127074.html
118296,NŪR Haute Parfumerie Artisanale,Caramel Tonka,,https://www.fragrantica.com/perfume/NUR-Haute-Parfumerie-Artisanale/Caramel-Tonka-127066.html
118297,NŪR Haute Parfumerie Artisanale,Musk Ghazal,,https://www.fragrantica.com/perfume/NUR-Haute-Parfumerie-Artisanale/Musk-Ghazal-127072.html
118298,NŪR Haute Parfumerie Artisanale,Oud Burmi,,https://www.fragrantica.com/perfume/NUR-Haute-Parfumerie-Artisanale/Oud-Burmi-127070.html
118299,NŪR Haute Parfumerie Artisanale,Oud Burmi Planifolia,,https://www.fragrantica.com/perfume/NUR-Haute-Parfumerie-Artisanale/Oud-Burmi-Planifolia-127078.html
118300,NŪR Haute Parfumerie Artisanale,Oud Suprême,,https://www.fragrantica.com/perfume/NUR-Haute-Parfumerie-Artisanale/Oud-Supreme-127071.html
118301,NŪR Haute Parfumerie Artisanale,Pistacchio di Bronte,,https://www.fragrantica.com/perfume/NUR-Haute-Parfumerie-Artisanale/Pistacchio-di-Bronte-127068.html
118302,NŪR Haute Parfumerie Artisanale,Rose de Damas,,https://www.fragrantica.com/perfume/NUR-Haute-Parfumerie-Artisanale/Rose-de-Damas-127075.html
118303,NŪR Haute Parfumerie Artisanale,Rose Polka,,https://www.fragrantica.com/perfume/NUR-Haute-Parfumerie-Artisanale/Rose-Polka-127069.html
118304,NŪR Haute Parfumerie Artisanale,Santal Kerala,,https://www.fragrantica.com/perfume/NUR-Haute-Parfumerie-Artisanale/Santal-Kerala-127077.html
118305,NŪR Haute Parfumerie Artisanale,Tonka 75,,https://www.fragrantica.com/perfume/NUR-Haute-Parfumerie-Artisanale/Tonka-75-127076.html
118306,NŪR Haute Parfumerie Artisanale,Vanille Antalaha,,https://www.fragrantica.com/perfume/NUR-Haute-Parfumerie-Artisanale/Vanille-Antalaha-127073.html
118307,NŪR Haute Parfumerie Artisanale,Vanille Rousse,,https://www.fragrantica.com/perfume/NUR-Haute-Parfumerie-Artisanale/Vanille-Rousse-127064.html
118308,Nuroma,Explore Pour,,https://www.fragrantica.com/perfume/Nuroma/Explore-Pour-24439.html
118309,Nuroma,Infinity Rough Tough,,https://www.fragrantica.com/perfume/Nuroma/Infinity-Rough-Tough-24443.html
118310,Nuroma,Infinity Silver Touch,,https://www.fragrantica.com/perfume/Nuroma/Infinity-Silver-Touch-24444.html
118311,Nuroma,Infintiy Pour,,https://www.fragrantica.com/perfume/Nuroma/Infintiy-Pour-24440.html
118312,Nuroma,Men's Fashion Black Label,,https://www.fragrantica.com/perfume/Nuroma/Men-s-Fashion-Black-Label-24441.html
118313,Nuroma,Men's Fashion Blue Label,,https://www.fragrantica.com/perfume/Nuroma/Men-s-Fashion-Blue-Label-24442.html
118314,Nusa Art Of Scent,Archipelago,2024,https://www.fragrantica.com/perfume/Nusa-Art-Of-Scent/Archipelago-101826.html
118315,Nusa Art Of Scent,Cocopan,2024,https://www.fragrantica.com/perfume/Nusa-Art-Of-Scent/Cocopan-101825.html
118316,Nusa Art Of Scent,Highland Rose,2024,https://www.fragrantica.com/perfume/Nusa-Art-Of-Scent/Highland-Rose-101824.html
118317,Nusa Art Of Scent,Meraura,2024,https://www.fragrantica.com/perfume/Nusa-Art-Of-Scent/Meraura-105460.html
118318,Nusuk,Abrar,,https://www.parfumo.com/Perfumes/nusuk/abrar
118319,Nusuk,Agar Noir Intense,,https://www.perfume.com/nusuk/nusuk-agar-noir-intense/men-cologne
118320,Nusuk,Ajwa Roses,2022,https://www.fragrantica.com/perfume/Nusuk/Ajwa-Roses-100849.html
118321,Nusuk,Ajwaa,,https://www.parfumo.com/Perfumes/nusuk/ajwaa
118322,Nusuk,Ajwaa Concentrated (Eau de Parfum),,https://www.perfume.com/nusuk/ajwaa-concentrated/men-cologne
118323,Nusuk,Ajwaa Murakaz Concentrated Red,2021,https://www.fragrantica.com/perfume/Nusuk/Ajwaa-Murakaz-Concentrated-Red-100828.html
118324,Nusuk,Ajwaa Oud,,https://www.parfumo.com/Perfumes/nusuk/ajwaa-oud
118325,Nusuk,Ajwaa Oud Black,2019,https://www.fragrantica.com/perfume/Nusuk/Ajwaa-Oud-Black-105900.html
118326,Nusuk,Ajwaa Roses (Eau de Parfum),,https://www.parfumo.com/Perfumes/nusuk/ajwaa-roses
118327,Nusuk,Ajwaa Turquoise (Parfum),2022,https://www.fragrantica.com/perfume/Nusuk/Ajwaa-Turquoise-115753.html
118328,Nusuk,Al-Fairoz,,https://www.parfumo.com/Perfumes/nusuk/al-fairoz
118329,Nusuk,Al Mukhtalif (Parfum),,https://www.parfumo.com/Perfumes/nusuk/al-mukhtalif
118330,Nusuk,Al Mukhtalif Signature,2024,https://www.fragrantica.com/perfume/Nusuk/Al-Mukhtalif-Signature-100736.html
118331,Nusuk,Al Mukhtalif Women,2024,https://www.fragrantica.com/perfume/Nusuk/Al-Mukhtalif-Women-100737.html
118332,Nusuk,Alwaan (Eau de Parfum),,https://www.parfumo.com/Perfumes/nusuk/alwaan
118333,Nusuk,Amber Oud (Parfum),,https://www.parfumo.com/Perfumes/nusuk/amber-oud
118334,Nusuk,Ana Al Awwai Pink,2021,https://www.fragrantica.com/perfume/Nusuk/Ana-Al-Awwai-Pink-110116.html
118335,Nusuk,Ana Al Awwal Blue,2021,https://www.fragrantica.com/perfume/Nusuk/Ana-Al-Awwal-Blue-105899.html
118336,Nusuk,Ana Al Awwal for Men (Parfum),,https://www.parfumo.com/Perfumes/nusuk/ana-al-awwal-for-men
118337,Nusuk,Ana Al Awwal for Women (Parfum),,https://www.parfumo.com/Perfumes/nusuk/ana-al-awwal-for-women
118338,Nusuk,Ana Al Awwal Golden,2018,https://www.fragrantica.com/perfume/Nusuk/Ana-Al-Awwal-Golden-94021.html
118339,Nusuk,Ana Al Awwal Red (Parfum),2021,https://www.fragrantica.com/perfume/Nusuk/Ana-Al-Awwal-Red-110115.html
118340,Nusuk,Ana Al Awwal Rouge (Eau de Parfum),,https://www.perfume.com/nusuk/ana-al-awwal-rouge/women-perfume
118341,Nusuk,Ana Al Awwal Silver,2018,https://www.fragrantica.com/perfume/Nusuk/Ana-Al-Awwal-Silver-99305.html
118342,Nusuk,Ana Al Awwal Wardi Pink (Parfum),,https://www.parfumo.com/Perfumes/nusuk/ana-al-awwal-wardi-pink
118343,Nusuk,Areej Al Zahoor,2019,https://www.fragrantica.com/perfume/Nusuk/Areej-Al-Zahoor-101200.html
118344,Nusuk,Areeq Al Oud (Eau de Parfum),2024,https://www.fragrantica.com/perfume/Nusuk/Areeq-Al-Oud-100851.html
118345,Nusuk,Ateeq,2025,https://www.fragrantica.com/perfume/Nusuk/Ateeq-115754.html
118346,Nusuk,Aya,,https://www.parfumo.com/Perfumes/nusuk/aya
118347,Nusuk,Azuree (Eau de Parfum),,https://www.parfumo.com/Perfumes/nusuk/azuree
118348,Nusuk,Blossom Rose,,https://www.parfumo.com/Perfumes/nusuk/blossom-rose
118349,Nusuk,Blue Oud (Parfum),2020,https://www.fragrantica.com/perfume/Nusuk/Blue-Oud-68009.html
118350,Nusuk,Eshq,,https://www.parfumo.com/Perfumes/nusuk/eshq
118351,Nusuk,Falak,,https://www.fragrantica.com/perfume/Nusuk/Falak-118092.html
118352,Nusuk,Faris Al Arab (Eau de Parfum),2022,https://www.fragrantica.com/perfume/Nusuk/Faris-Al-Arab-100858.html
118353,Nusuk,Fawah,2023,https://www.fragrantica.com/perfume/Nusuk/Fawah-107804.html
118354,Nusuk,Fawah Midnight,,https://www.parfumo.com/Perfumes/nusuk/fawah-midnight
118355,Nusuk,Fawah Midnight Edition,2025,https://www.fragrantica.com/perfume/Nusuk/Fawah-Midnight-Edition-105186.html
118356,Nusuk,Gladius,2025,https://www.fragrantica.com/perfume/Nusuk/Gladius-131299.html
118357,Nusuk,Hanaan (Parfum),,https://www.parfumo.com/Perfumes/nusuk/hanaan
118358,Nusuk,Ishq Al Ward (Eau de Parfum),2025,https://www.fragrantica.com/perfume/Nusuk/Ishq-Al-Ward-124606.html
118359,Nusuk,Johra,2025,https://www.fragrantica.com/perfume/Nusuk/Johra-115756.html
118360,Nusuk,Joudath Al Oud (Eau de Parfum),,https://www.parfumo.com/Perfumes/nusuk/joudath-al-oud
118361,Nusuk,Khaltat Al Dhahabi (Eau de Parfum),,https://www.parfumo.com/Perfumes/nusuk/khaltat-al-dhahabi
118362,Nusuk,Khumrat Al Musk (Parfum),,https://www.parfumo.com/Perfumes/nusuk/khumrat-al-musk
118363,Nusuk,Khumrat Al Oud,,https://www.parfumo.com/Perfumes/nusuk/khumrat-al-oud
118364,Nusuk,Mahab,2025,https://www.fragrantica.com/perfume/Nusuk/Mahab-111856.html
118365,Nusuk,Maisan (Parfum),,https://www.perfume.com/nusuk/nusuk-maisan/women-perfume
118366,Nusuk,Maktoob (Eau de Parfum),,https://www.parfumo.com/Perfumes/nusuk/maktoob
118367,Nusuk,Malika (Parfum),,https://www.parfumo.com/Perfumes/nusuk/malika
118368,Nusuk,Malikat,,https://www.parfumo.com/Perfumes/nusuk/malikat
118369,Nusuk,Mayar,,https://www.parfumo.com/Perfumes/nusuk/mayar
118370,Nusuk,Meera Gold,,https://www.parfumo.com/Perfumes/nusuk/meera-gold
118371,Nusuk,Meera Rose (Parfum),,https://www.parfumo.com/Perfumes/nusuk/meera-rose
118372,Nusuk,Meraal,,https://www.parfumo.com/Perfumes/nusuk/meraal
118373,Nusuk,Meshal Artic (Parfum),,https://www.parfumo.com/Perfumes/nusuk/meshal-artic
118374,Nusuk,Meshal Noir,,https://www.parfumo.com/Perfumes/nusuk/meshal-noir
118375,Nusuk,Mshari,,https://www.parfumo.com/Perfumes/nusuk/mshari
118376,Nusuk,Muharib,2024,https://www.fragrantica.com/perfume/Nusuk/Muharib-101199.html
118377,Nusuk,Musk Khas (Parfum),,https://www.parfumo.com/Perfumes/nusuk/musk-khas
118378,Nusuk,Musky Rose (Parfum),,https://www.parfumo.com/Perfumes/nusuk/musky-rose
118379,Nusuk,Nardine,,https://www.parfumo.com/Perfumes/nusuk/nardine
118380,Nusuk,Noura (Parfum),,https://www.parfumo.com/Perfumes/nusuk/noura
118381,Nusuk,Nukhbat Al Musk (Eau de Parfum),2020,https://www.fragrantica.com/perfume/Nusuk/Nukhbat-Al-Musk-68014.html
118382,Nusuk,Nukhbat Al Oud (Parfum),2020,https://www.fragrantica.com/perfume/Nusuk/Nukhbat-Al-Oud-68013.html
118383,Nusuk,Orhan,,https://www.parfumo.com/Perfumes/nusuk/orhan
118384,Nusuk,Oud Hindi (Eau de Parfum),2020,https://www.fragrantica.com/perfume/Nusuk/Oud-Hindi-68012.html
118385,Nusuk,Oud Khas (Eau de Parfum),2020,https://www.fragrantica.com/perfume/Nusuk/Oud-Khas-68011.html
118386,Nusuk,Oud Wajaha,2010,https://www.fragrantica.com/perfume/Nusuk/Oud-Wajaha-90594.html
118387,Nusuk,Perfect Oud (Eau de Parfum),,https://www.parfumo.com/Perfumes/nusuk/perfect-oud
118388,Nusuk,Raheeq,2025,https://www.fragrantica.com/perfume/Nusuk/Raheeq-111854.html
118389,Nusuk,Raqm,,https://www.fragrantica.com/perfume/Nusuk/Raqm-137628.html
118390,Nusuk,Safa (Parfum),2025,https://www.fragrantica.com/perfume/Nusuk/Safa-111190.html
118391,Nusuk,Saher (Parfum),2025,https://www.fragrantica.com/perfume/Nusuk/Saher-111855.html
118392,Nusuk,Sama,2025,https://www.fragrantica.com/perfume/Nusuk/Sama-111186.html
118393,Nusuk,Secret Musk,2021,https://www.fragrantica.com/perfume/Nusuk/Secret-Musk-115758.html
118394,Nusuk,Sultan Al Arab (Eau de Parfum),,https://www.parfumo.com/Perfumes/nusuk/sultan-al-arab-1
118395,Nusuk,Swalif Al Lail,,https://www.parfumo.com/Perfumes/nusuk/swalif-al-lail-1
118396,Nusuk,Taj Al Mulook,,https://www.parfumo.com/Perfumes/nusuk/taj-al-mulook-1
118397,Nusuk,Tamim,,https://www.parfumo.com/Perfumes/nusuk/tamim
118398,Nusuk,Taraf Al Oud,2020,https://www.fragrantica.com/perfume/Nusuk/Taraf-Al-Oud-68010.html
118399,Nusuk,Tharaa' (Eau de Parfum),,https://www.parfumo.com/Perfumes/nusuk/tharaa
118400,Nusuk,Vision Pour Femme,2019,https://www.fragrantica.com/perfume/Nusuk/Vision-Pour-Femme-115759.html
118401,Nusuk,Vision Pour Homme,2023,https://www.fragrantica.com/perfume/Nusuk/Vision-Pour-Homme-115761.html
118402,Nusuk,Zahra,,https://www.parfumo.com/Perfumes/nusuk/zahra
118403,Nutriex,Amora Linda,2019,https://www.fragrantica.com/perfume/Nutriex/Amora-Linda-66403.html
118404,Nutriex,Barbie Fashion Teens Pink Fresh,2019,https://www.fragrantica.com/perfume/Nutriex/Barbie-Fashion-Teens-Pink-Fresh-66400.html
118405,Nutriex,Barbie Fashion Teens Pink Sweet,2019,https://www.fragrantica.com/perfume/Nutriex/Barbie-Fashion-Teens-Pink-Sweet-66399.html
118406,Nutriex,Gotinha de Limão,2019,https://www.fragrantica.com/perfume/Nutriex/Gotinha-de-Limao-66402.html
118407,Nutriex,Laranjinha,2019,https://www.fragrantica.com/perfume/Nutriex/Laranjinha-66401.html
118408,Nutriex,Moranguinho,2019,https://www.fragrantica.com/perfume/Nutriex/Moranguinho-66398.html
118409,Nutriex,Toy Story Wood & Buzz,2019,https://www.fragrantica.com/perfume/Nutriex/Toy-Story-Wood-Buzz-66397.html
118410,Nutriex,Unicórnio,2019,https://www.fragrantica.com/perfume/Nutriex/Unicornio-66405.html
118411,Nutriex,Unicórnio Wish,2019,https://www.fragrantica.com/perfume/Nutriex/Unicornio-Wish-66404.html
118412,Nutrimetics,Birth'D,2015,https://www.parfumo.com/Perfumes/Nutrimetics/Birth_D
118413,Nutrimetics,Blanc,2016,https://www.parfumo.com/Perfumes/Nutrimetics/Blanc
118414,Nutrimetics,Buenos Aires,2019,https://www.fragrantica.com/perfume/Nutrimetics/Buenos-Aires-63638.html
118415,Nutrimetics,Cancun,2018,https://www.parfumo.com/Perfumes/Nutrimetics/Cancun
118416,Nutrimetics,Gris,,https://www.parfumo.com/Perfumes/Nutrimetics/Gris
118417,Nutrimetics,Iodescence,,https://www.parfumo.com/Perfumes/Nutrimetics/Iodescence
118418,Nutrimetics,Khantor,2000,https://www.fragrantica.com/perfume/Nutrimetics/Khantor-9976.html
118419,Nutrimetics,London,,https://www.fragrantica.com/perfume/Nutrimetics/London-40738.html
118420,Nutrimetics,Love & Courage,,https://www.parfumo.com/Perfumes/Nutrimetics/Love__Courage
118421,Nutrimetics,Magic Essence - Brume D'Orient (Body Mist),,https://www.parfumo.com/Perfumes/Nutrimetics/Magic_Essence__Brume_D_Orient
118422,Nutrimetics,Magic Essence - Delice Gourmand,,https://www.parfumo.com/Perfumes/Nutrimetics/Magic_Essence__Delice_Gourmand
118423,Nutrimetics,Magic Essence - Ylang Ylang Fruite,,https://www.parfumo.com/Perfumes/Nutrimetics/Magic_Essence__Ylang_Ylang_Fruite
118424,Nutrimetics,Marie-France,,https://www.parfumo.com/Perfumes/Nutrimetics/Marie_France
118425,Nutrimetics,Miami,2015,https://www.fragrantica.com/perfume/Nutrimetics/Miami-40735.html
118426,Nutrimetics,NYC,,https://www.fragrantica.com/perfume/Nutrimetics/NYC-40739.html
118427,Nutrimetics,Ooh La La,2008,https://www.fragrantica.com/perfume/Nutrimetics/Ooh-La-La-3416.html
118428,Nutrimetics,Paris,2015,https://www.fragrantica.com/perfume/Nutrimetics/Paris-40734.html
118429,Nutrimetics,Reserved Room,,https://www.fragrantica.com/perfume/Nutrimetics/Reserved-Room-40740.html
118430,Nutrimetics,Rio,2016,https://www.fragrantica.com/perfume/Nutrimetics/Rio-40733.html
118431,Nutrimetics,Rouge,2015,https://www.fragrantica.com/perfume/Nutrimetics/Rouge-40737.html
118432,Nuxe,Bio Beauté - Cologne Fraîche Méditerranéenne Cédrat & Néroli (Eau de Cologne),2017,https://www.parfumo.com/Perfumes/Nuxe/Bio_Beaute__Cologne_Fraiche_Mediterraneenne_Cedrat__Neroli
118433,Nuxe,Bio Beauté - Eau Fraîche de Parfum Envoûtante et Sensuelle aux Fruits Épicés,2009,https://www.parfumo.com/Perfumes/Nuxe/Bio_Beaute_Eau_Fraiche_de_Parfum_Envoutante_et_Sensuelle_aux_Fruits_Epices
118434,Nuxe,Body - Eau Délassante Parfumante,,https://www.parfumo.com/Perfumes/Nuxe/Body__Eau_Delassante_Parfumante
118435,Nuxe,Happy In Pink,2025,https://www.fragrantica.com/perfume/Nuxe/Happy-In-Pink-106828.html
118436,Nuxe,Le Matin des Possibles,2018,https://www.fragrantica.com/perfume/Nuxe/Le-Matin-des-Possibles-49945.html
118437,Nuxe,Le Soir des Possibles,2018,https://www.fragrantica.com/perfume/Nuxe/Le-Soir-des-Possibles-49946.html
118438,Nuxe,Nuxe Body Exalting Fragrant Water,,https://www.fragrantica.com/perfume/Nuxe/Nuxe-Body-Exalting-Fragrant-Water-142566.html
118439,Nuxe,Nuxe Body Relaxing Fragrance Water,2017,https://www.fragrantica.com/perfume/Nuxe/Nuxe-Body-Relaxing-Fragrance-Water-47746.html
118440,Nuxe,Nuxe Men Le Parfum,2025,https://www.fragrantica.com/perfume/Nuxe/Nuxe-Men-Le-Parfum-120556.html
118441,Nuxe,Prodigieux Absolu de Parfum,2018,https://www.fragrantica.com/perfume/Nuxe/Prodigieux-Absolu-de-Parfum-53564.html
118442,Nuxe,Prodigieux Floral Le Parfum,2021,https://www.fragrantica.com/perfume/Nuxe/Prodigieux-Floral-Le-Parfum-67838.html
118443,Nuxe,Prodigieux Le Parfum,2012,https://www.fragrantica.com/perfume/Nuxe/Prodigieux-Le-Parfum-22992.html
118444,Nuxe,Prodigieux Néroli Le Parfum,2023,https://www.fragrantica.com/perfume/Nuxe/Prodigieux-Neroli-Le-Parfum-82499.html
118445,Nuxe,Rêve de Miel,2021,https://www.fragrantica.com/perfume/Nuxe/Reve-de-Miel-69732.html
118446,Nuxe,Rêve de Miel - Eau Savoureuse Parfumante,2021,https://www.parfumo.com/Perfumes/Nuxe/reve-de-miel-eau-savoureuse-parfumante
118447,Nuxe,Rêve de Thé,2021,https://www.fragrantica.com/perfume/Nuxe/Reve-de-The-67813.html
118448,Nuxe,Sensual Era,2025,https://www.fragrantica.com/perfume/Nuxe/Sensual-Era-106826.html
118449,Nuxe,Sensual Era Gold Hair & Body Mist,2026,https://www.fragrantica.com/perfume/Nuxe/Sensual-Era-Gold-Hair-Body-Mist-139175.html
118450,Nuxe,Sun Eau Delicieuse Parfumante,2016,https://www.fragrantica.com/perfume/Nuxe/Sun-Eau-Delicieuse-Parfumante-37913.html
118451,Nuxe,Sunset Bliss,2025,https://www.fragrantica.com/perfume/Nuxe/Sunset-Bliss-106829.html
118452,Nuxe,Very Rose Eau de Parfum,2023,https://www.fragrantica.com/perfume/Nuxe/Very-Rose-Eau-de-Parfum-88151.html
118453,NVRNAGN,DELUGE,,https://www.fragrantica.com/perfume/NVRNAGN/DELUGE-120065.html
118454,NVRNAGN,FÉSTIVAL,,https://www.fragrantica.com/perfume/NVRNAGN/FESTIVAL-120067.html
118455,NVRNAGN,LÄCKERLI,,https://www.fragrantica.com/perfume/NVRNAGN/LAECKERLI-120064.html
118456,NVRNAGN,PARADIS,,https://www.fragrantica.com/perfume/NVRNAGN/PARADIS-120066.html
118457,NVRNAGN,RÉUNION,,https://www.fragrantica.com/perfume/NVRNAGN/REUNION-120068.html
118458,NVRNAGN,SOLITAIRE,,https://www.fragrantica.com/perfume/NVRNAGN/SOLITAIRE-120063.html
118459,Nwaky Artisan Perfumery,Streambound,2026,https://www.fragrantica.com/perfume/Nwaky-Artisan-Perfumery/Streambound-132521.html
118460,nXn Perfumes,Arabian Sea,2021,https://www.fragrantica.com/perfume/nXn-Perfumes/Arabian-Sea-142742.html
118461,nXn Perfumes,Bengal Tiger,2022,https://www.fragrantica.com/perfume/nXn-Perfumes/Bengal-Tiger-142744.html
118462,nXn Perfumes,Chai Kulfi,2022,https://www.fragrantica.com/perfume/nXn-Perfumes/Chai-Kulfi-142750.html
118463,nXn Perfumes,Green Mango,2022,https://www.fragrantica.com/perfume/nXn-Perfumes/Green-Mango-142740.html
118464,nXn Perfumes,Hakuna Matata,2022,https://www.fragrantica.com/perfume/nXn-Perfumes/Hakuna-Matata-142746.html
118465,nXn Perfumes,One Night in Kashmir,2022,https://www.fragrantica.com/perfume/nXn-Perfumes/One-Night-in-Kashmir-142747.html
118466,nXn Perfumes,Smoud Oud,2021,https://www.fragrantica.com/perfume/nXn-Perfumes/Smoud-Oud-142743.html
118467,nXn Perfumes,Tipsy Tarantula,2022,https://www.fragrantica.com/perfume/nXn-Perfumes/Tipsy-Tarantula-142748.html
118468,nXn Perfumes,Vanilla Volcano,2022,https://www.fragrantica.com/perfume/nXn-Perfumes/Vanilla-Volcano-142749.html
118469,nXn Perfumes,WTH!,2022,https://www.fragrantica.com/perfume/nXn-Perfumes/WTH-142745.html
118470,Nyakio,Safi,2008,https://www.fragrantica.com/perfume/Nyakio/Safi-12110.html
118471,Nych Perfumes,Amber Sahara,2022,https://www.fragrantica.com/perfume/Nych-Perfumes/Amber-Sahara-73048.html
118472,Nych Perfumes,Ambre Gris,2022,https://www.fragrantica.com/perfume/Nych-Perfumes/Ambre-Gris-73039.html
118473,Nych Perfumes,Another Sense,2022,https://www.fragrantica.com/perfume/Nych-Perfumes/Another-Sense-73040.html
118474,Nych Perfumes,Kamar Sahara,2022,https://www.fragrantica.com/perfume/Nych-Perfumes/Kamar-Sahara-73049.html
118475,Nych Perfumes,Musk Bouquet,2022,https://www.fragrantica.com/perfume/Nych-Perfumes/Musk-Bouquet-73041.html
118476,Nych Perfumes,Muskarat 995,2022,https://www.fragrantica.com/perfume/Nych-Perfumes/Muskarat-995-73042.html
118477,Nych Perfumes,Noor Sahara,2022,https://www.fragrantica.com/perfume/Nych-Perfumes/Noor-Sahara-73050.html
118478,Nych Perfumes,Oud Sahara,2022,https://www.fragrantica.com/perfume/Nych-Perfumes/Oud-Sahara-73051.html
118479,Nych Perfumes,Passion Fruite,2022,https://www.fragrantica.com/perfume/Nych-Perfumes/Passion-Fruite-73043.html
118480,Nych Perfumes,Platin Wood,2022,https://www.fragrantica.com/perfume/Nych-Perfumes/Platin-Wood-73044.html
118481,Nych Perfumes,Sable Sahara,2022,https://www.fragrantica.com/perfume/Nych-Perfumes/Sable-Sahara-73052.html
118482,Nych Perfumes,Sarab Sahara,2022,https://www.fragrantica.com/perfume/Nych-Perfumes/Sarab-Sahara-73053.html
118483,Nych Perfumes,Shams Sahara,2022,https://www.fragrantica.com/perfume/Nych-Perfumes/Shams-Sahara-73054.html
118484,Nych Perfumes,Tonka Sahara,2022,https://www.fragrantica.com/perfume/Nych-Perfumes/Tonka-Sahara-73055.html
118485,Nych Perfumes,Tropic Valey,2022,https://www.fragrantica.com/perfume/Nych-Perfumes/Tropic-Valey-73045.html
118486,Nych Perfumes,Vanilia Oud,2022,https://www.fragrantica.com/perfume/Nych-Perfumes/Vanilia-Oud-73046.html
118487,Nych Perfumes,Waha Sahara,2022,https://www.fragrantica.com/perfume/Nych-Perfumes/Waha-Sahara-73056.html
118488,Nych Perfumes,Ward Sahara,2022,https://www.fragrantica.com/perfume/Nych-Perfumes/Ward-Sahara-73057.html
118489,Nych Perfumes,Woody Wood,2022,https://www.fragrantica.com/perfume/Nych-Perfumes/Woody-Wood-73047.html
118490,Nylaa by Rasasi,54 Le Journal,2025,https://www.fragrantica.com/perfume/Nylaa-by-Rasasi/54-Le-Journal-133338.html
118491,Nylaa by Rasasi,72 Le Voyage,2025,https://www.fragrantica.com/perfume/Nylaa-by-Rasasi/72-Le-Voyage-133334.html
118492,Nylaa by Rasasi,Candied Lemon,2025,https://www.fragrantica.com/perfume/Nylaa-by-Rasasi/Candied-Lemon-133335.html
118493,Nylaa by Rasasi,Drunk On Roses,2025,https://www.fragrantica.com/perfume/Nylaa-by-Rasasi/Drunk-On-Roses-133336.html
118494,Nylaa by Rasasi,Elixir Beloved,2025,https://www.fragrantica.com/perfume/Nylaa-by-Rasasi/Elixir-Beloved-133337.html
118495,Nylaa by Rasasi,Elixir Extreme,2025,https://www.fragrantica.com/perfume/Nylaa-by-Rasasi/Elixir-Extreme-133339.html
118496,Nylaa by Rasasi,Layers of Gold,2025,https://www.fragrantica.com/perfume/Nylaa-by-Rasasi/Layers-of-Gold-133333.html
118497,Nylaa by Rasasi,Malik Al Arabia,2025,https://www.fragrantica.com/perfume/Nylaa-by-Rasasi/Malik-Al-Arabia-133342.html
118498,Nylaa by Rasasi,Marina Celestia,2025,https://www.fragrantica.com/perfume/Nylaa-by-Rasasi/Marina-Celestia-133341.html
118499,Nylaa by Rasasi,Milk & Cookies,2025,https://www.fragrantica.com/perfume/Nylaa-by-Rasasi/Milk-Cookies-133340.html
118500,Nylaa by Rasasi,No Excuses Elixir,2025,https://www.fragrantica.com/perfume/Nylaa-by-Rasasi/No-Excuses-Elixir-133332.html
118501,Nylaa by Rasasi,Noir Heritage,2025,https://www.fragrantica.com/perfume/Nylaa-by-Rasasi/Noir-Heritage-133343.html
118502,Nylaa by Rasasi,Untamed Grace,2025,https://www.fragrantica.com/perfume/Nylaa-by-Rasasi/Untamed-Grace-133345.html
118503,Nylaa by Rasasi,Zahab Al Sahara,2025,https://www.fragrantica.com/perfume/Nylaa-by-Rasasi/Zahab-Al-Sahara-133344.html
118504,Nylaa Perfume,Hiya al Wafa,2020,https://www.fragrantica.com/perfume/Nylaa-Perfume/Hiya-al-Wafa-97330.html
118505,Nylaa Perfume,Musk Majnoon,2023,https://www.fragrantica.com/perfume/Nylaa-Perfume/Musk-Majnoon-109937.html
118506,Nyle New York,Jasmine Absolute,2024,https://www.fragrantica.com/perfume/Nyle-New-York/Jasmine-Absolute-122600.html
118507,Nymphæa,Alma Libre,,https://www.fragrantica.com/perfume/Nymphaea/Alma-Libre-115566.html
118508,Nymphæa,Elpis,,https://www.fragrantica.com/perfume/Nymphaea/Elpis-115573.html
118509,Nymphæa,Flora Orientalis,,https://www.fragrantica.com/perfume/Nymphaea/Flora-Orientalis-115571.html
118510,Nymphæa,Hommer,,https://www.fragrantica.com/perfume/Nymphaea/Hommer-115568.html
118511,Nymphæa,Manifest,,https://www.fragrantica.com/perfume/Nymphaea/Manifest-115572.html
118512,Nymphæa,Nama,,https://www.fragrantica.com/perfume/Nymphaea/Nama-115567.html
118513,Nymphæa,Potnia,,https://www.fragrantica.com/perfume/Nymphaea/Potnia-115569.html
118514,Nymphæa,Tyche,,https://www.fragrantica.com/perfume/Nymphaea/Tyche-115565.html
118515,Nymphæa,Vetiver-Buddha wood,,https://www.fragrantica.com/perfume/Nymphaea/Vetiver-Buddha-wood-115576.html
118516,Nysos Parfum,Azur,2023,https://www.fragrantica.com/perfume/Nysos-Parfum/Azur-89745.html
118517,Nysos Parfum,Bacchus,2023,https://www.fragrantica.com/perfume/Nysos-Parfum/Bacchus-89746.html
118518,Nysos Parfum,La Rose des Roses,2023,https://www.fragrantica.com/perfume/Nysos-Parfum/La-Rose-des-Roses-89747.html
118519,Nysos Parfum,Le Jasmin,2024,https://www.fragrantica.com/perfume/Nysos-Parfum/Le-Jasmin-102778.html
118520,Nysos Parfum,Le Musc,2023,https://www.fragrantica.com/perfume/Nysos-Parfum/Le-Musc-89748.html
118521,Nysos Parfum,Le Neroli,2023,https://www.fragrantica.com/perfume/Nysos-Parfum/Le-Neroli-89749.html
118522,Nysos Parfum,Le Oud,2023,https://www.fragrantica.com/perfume/Nysos-Parfum/Le-Oud-89750.html
118523,Nysos Parfum,Vanille Divinity,2024,https://www.fragrantica.com/perfume/Nysos-Parfum/Vanille-Divinity-102779.html
118524,NYX Professional Makeup,Caramelt Mami,2026,https://www.fragrantica.com/perfume/NYX-Professional-Makeup/Caramelt-Mami-131424.html
118525,NYX Professional Makeup,Coconut Cutie,2026,https://www.fragrantica.com/perfume/NYX-Professional-Makeup/Coconut-Cutie-131430.html
118526,NYX Professional Makeup,Juicy Boo,2026,https://www.fragrantica.com/perfume/NYX-Professional-Makeup/Juicy-Boo-131425.html
118527,NYX Professional Makeup,Suga Baddie,2026,https://www.fragrantica.com/perfume/NYX-Professional-Makeup/Suga-Baddie-131427.html
118528,NZA - New Zealand Auckland,Silver Fern,2021,https://www.fragrantica.com/perfume/NZA-New-Zealand-Auckland/Silver-Fern-78944.html
118529,O Boticário,214 African Sunrise,2024,https://www.fragrantica.com/perfume/O-Boticario/214-African-Sunrise-93617.html
118530,O Boticário,214 Arabian Oasis,2026,https://www.fragrantica.com/perfume/O-Boticario/214-Arabian-Oasis-133985.html
118531,O Boticário,214 Black Vanilla,2019,https://www.fragrantica.com/perfume/O-Boticario/214-Black-Vanilla-60497.html
118532,O Boticário,214 Chá Branco,2020,https://www.fragrantica.com/perfume/O-Boticario/214-Cha-Branco-62817.html
118533,O Boticário,214 Golden Gardênia,2019,https://www.fragrantica.com/perfume/O-Boticario/214-Golden-Gardenia-58755.html
118534,O Boticário,214 Jasmim & Patchouli,2019,https://www.fragrantica.com/perfume/O-Boticario/214-Jasmim-Patchouli-54538.html
118535,O Boticário,214 Musk & Cedro,2019,https://www.fragrantica.com/perfume/O-Boticario/214-Musk-Cedro-58756.html
118536,O Boticário,214 Orquídea Tropical,2020,https://www.fragrantica.com/perfume/O-Boticario/214-Orquidea-Tropical-66285.html
118537,O Boticário,214 Peônia & Apricot,2019,https://www.fragrantica.com/perfume/O-Boticario/214-Peonia-Apricot-54537.html
118538,O Boticário,214 Rose Magnifique,2019,https://www.fragrantica.com/perfume/O-Boticario/214-Rose-Magnifique-60496.html
118539,O Boticário,214 Sevilla Dorada,2025,https://www.fragrantica.com/perfume/O-Boticario/214-Sevilla-Dorada-107439.html
118540,O Boticário,214 Spicy Wood,2019,https://www.fragrantica.com/perfume/O-Boticario/214-Spicy-Wood-60499.html
118541,O Boticário,214 Tuberosa Bouquet,2020,https://www.fragrantica.com/perfume/O-Boticario/214-Tuberosa-Bouquet-62816.html
118542,O Boticário,214 Violeta & Sândalo,2019,https://www.fragrantica.com/perfume/O-Boticario/214-Violeta-Sandalo-54539.html
118543,O Boticário,214 White Néroli,2019,https://www.fragrantica.com/perfume/O-Boticario/214-White-Neroli-60500.html
118544,O Boticário,214 Wood & Âmbar,2019,https://www.fragrantica.com/perfume/O-Boticario/214-Wood-Ambar-60498.html
118545,O Boticário,Açaí,2018,https://www.fragrantica.com/perfume/O-Boticario/Acai-56345.html
118546,O Boticário,Accordes,1998,https://www.fragrantica.com/perfume/O-Boticario/Accordes-7273.html
118547,O Boticário,Accordes Celebrare,2009,https://www.fragrantica.com/perfume/O-Boticario/Accordes-Celebrare-41730.html
118548,O Boticário,Accordes Harmonia,2006,https://www.fragrantica.com/perfume/O-Boticario/Accordes-Harmonia-9770.html
118549,O Boticário,Accordes Lumiere Gold,2011,https://www.fragrantica.com/perfume/O-Boticario/Accordes-Lumiere-Gold-12539.html
118550,O Boticário,Accordes Lumiere Silver,2011,https://www.fragrantica.com/perfume/O-Boticario/Accordes-Lumiere-Silver-12538.html
118551,O Boticário,Acqua Banho de Sorte,,https://www.fragrantica.com/perfume/O-Boticario/Acqua-Banho-de-Sorte-19221.html
118552,O Boticário,Acqua Bebê,,https://www.fragrantica.com/perfume/O-Boticario/Acqua-Bebe-19238.html
118553,O Boticário,Acqua Brasilis,1998,https://www.fragrantica.com/perfume/O-Boticario/Acqua-Brasilis-7346.html
118554,O Boticário,Acqua Brasilis For Men,,https://huggingface.co/datasets/doevent/perfume
118555,O Boticário,Acqua Cheiro de Festa,2010,https://www.fragrantica.com/perfume/O-Boticario/Acqua-Cheiro-de-Festa-71087.html
118556,O Boticário,Acqua Cheiros,,https://www.fragrantica.com/perfume/O-Boticario/Acqua-Cheiros-19240.html
118557,O Boticário,Acqua Cheiros do Brasil,,https://www.parfumo.com/Perfumes/O_Boticario/Acqua_Cheiros_do_Brasil
118558,O Boticário,Acqua Cítrico,,https://www.parfumo.com/Perfumes/O_Boticario/Acqua_Ctrico
118559,O Boticário,Acqua di Colonia Citrus,,https://www.fragrantica.com/perfume/O-Boticario/Acqua-di-Colonia-Citrus-7286.html
118560,O Boticário,Acqua di Colonia Floral,,https://www.fragrantica.com/perfume/O-Boticario/Acqua-di-Colonia-Floral-7287.html
118561,O Boticário,Acqua di Colonia Fougere,,https://www.fragrantica.com/perfume/O-Boticario/Acqua-di-Colonia-Fougere-7289.html
118562,O Boticário,Acqua di Colonia Lavanda,,https://www.fragrantica.com/perfume/O-Boticario/Acqua-di-Colonia-Lavanda-7291.html
118563,O Boticário,Acqua Energia da Manhã,,https://www.fragrantica.com/perfume/O-Boticario/Acqua-Energia-da-Manha-19267.html
118564,O Boticário,Acqua Feliz da Vida,,https://www.fragrantica.com/perfume/O-Boticario/Acqua-Feliz-da-Vida-19223.html
118565,O Boticário,Acqua Floral,,https://www.parfumo.com/Perfumes/O_Boticario/Acqua_Floral
118566,O Boticário,Acqua Fougère,,https://www.parfumo.com/Perfumes/O_Boticario/Acqua_Fougere
118567,O Boticário,Acqua Fresca,1979,https://www.fragrantica.com/perfume/O-Boticario/Acqua-Fresca-7292.html
118568,O Boticário,Acqua Fresca de Brasília,2020,https://www.fragrantica.com/perfume/O-Boticario/Acqua-Fresca-de-Brasilia-64717.html
118569,O Boticário,Acqua Frescor das Folhas,,https://www.fragrantica.com/perfume/O-Boticario/Acqua-Frescor-das-Folhas-19237.html
118570,O Boticário,Acqua Frutal,2016,https://www.fragrantica.com/perfume/O-Boticario/Acqua-Frutal-75294.html
118571,O Boticário,Acqua Lavanda,,https://www.parfumo.com/Perfumes/O_Boticario/Acqua_Lavanda
118572,O Boticário,Acqua Lavanda Pop,,https://www.fragrantica.com/perfume/O-Boticario/Acqua-Lavanda-Pop-19245.html
118573,O Boticário,Acqua Lavanda Sedução,,https://www.fragrantica.com/perfume/O-Boticario/Acqua-Lavanda-Seducao-19244.html
118574,O Boticário,Acqua Maçã do Amor,2010,https://www.fragrantica.com/perfume/O-Boticario/Acqua-Maca-do-Amor-71086.html
118575,O Boticário,Acqua Madeira,2016,https://www.fragrantica.com/perfume/O-Boticario/Acqua-Madeira-75295.html
118576,O Boticário,Acqua Magia do Entardecer,,https://www.fragrantica.com/perfume/O-Boticario/Acqua-Magia-do-Entardecer-19242.html
118577,O Boticário,Acqua Musk,,https://www.fragrantica.com/perfume/O-Boticario/Acqua-Musk-19243.html
118578,O Boticário,Acqua Orvalho,,https://www.fragrantica.com/perfume/O-Boticario/Acqua-Orvalho-19241.html
118579,O Boticário,Acqua Que Alegria!,,https://www.fragrantica.com/perfume/O-Boticario/Acqua-Que-Alegria-19246.html
118580,O Boticário,Acqua Sensation,,https://www.parfumo.com/Perfumes/O_Boticario/Acqua_Sensation_for_Men
118581,O Boticário,Acqua Sensation For Men,,https://www.fragrantica.com/perfume/O-Boticario/Acqua-Sensation-For-Men-19270.html
118582,O Boticário,Acqua Sonhos,,https://www.fragrantica.com/perfume/O-Boticario/Acqua-Sonhos-19239.html
118583,O Boticário,Acqua Vanilla,2011,https://www.fragrantica.com/perfume/O-Boticario/Acqua-Vanilla-38453.html
118584,O Boticário,Águas Baunilha de Madagascar,2016,https://www.fragrantica.com/perfume/O-Boticario/Aguas-Baunilha-de-Madagascar-42440.html
118585,O Boticário,Águas de Ameixa,2013,https://www.fragrantica.com/perfume/O-Boticario/Aguas-de-Ameixa-35754.html
118586,O Boticário,Águas de Banho Bem-Vinda Primavera,2015,https://www.fragrantica.com/perfume/O-Boticario/Aguas-de-Banho-Bem-Vinda-Primavera-75732.html
118587,O Boticário,Águas de Banho Qual é a Sua Praia?,2015,https://www.fragrantica.com/perfume/O-Boticario/Aguas-de-Banho-Qual-e-a-Sua-Praia-75733.html
118588,O Boticário,Águas de Baobá e Tamanu,2014,https://www.fragrantica.com/perfume/O-Boticario/Aguas-de-Baoba-e-Tamanu-38253.html
118589,O Boticário,Águas de Castanha de Kukui & Tâmaras,2017,https://www.fragrantica.com/perfume/O-Boticario/Aguas-de-Castanha-de-Kukui-Tamaras-44779.html
118590,O Boticário,Águas de Flor de Lótus,2013,https://www.fragrantica.com/perfume/O-Boticario/Aguas-de-Flor-de-Lotus-75562.html
118591,O Boticário,Águas de Hibisco & Anis,2014,https://www.fragrantica.com/perfume/O-Boticario/Aguas-de-Hibisco-Anis-56891.html
118592,O Boticário,Águas de Kiwi,2013,https://www.fragrantica.com/perfume/O-Boticario/Aguas-de-Kiwi-34266.html
118593,O Boticário,Águas de Lavanda & Lima da Pérsia,2017,https://www.fragrantica.com/perfume/O-Boticario/Aguas-de-Lavanda-Lima-da-Persia-44780.html
118594,O Boticário,Águas De Lavanda E Lima Da Pérsia,,https://huggingface.co/datasets/doevent/perfume
118595,O Boticário,Águas de Lichia,2013,https://www.fragrantica.com/perfume/O-Boticario/Aguas-de-Lichia-40927.html
118596,O Boticário,Águas de Limão & Patchouli,2011,https://www.fragrantica.com/perfume/O-Boticario/Aguas-de-Limao-Patchouli-38251.html
118597,O Boticário,Águas de Melissa & Alecrim,2013,https://www.fragrantica.com/perfume/O-Boticario/Aguas-de-Melissa-Alecrim-38252.html
118598,O Boticário,Águas de Pitaya,2015,https://www.fragrantica.com/perfume/O-Boticario/Aguas-de-Pitaya-34141.html
118599,O Boticário,Águas Terapia do Caviar,2017,https://www.fragrantica.com/perfume/O-Boticario/Aguas-Terapia-do-Caviar-44556.html
118600,O Boticário,Alchemists Iris,2020,https://www.fragrantica.com/perfume/O-Boticario/Alchemists-Iris-66039.html
118601,O Boticário,Alchemists Neroli,2020,https://www.fragrantica.com/perfume/O-Boticario/Alchemists-Neroli-66038.html
118602,O Boticário,Alchemists Oud,2020,https://www.fragrantica.com/perfume/O-Boticario/Alchemists-Oud-66040.html
118603,O Boticário,Alchemists Rose,2020,https://www.fragrantica.com/perfume/O-Boticario/Alchemists-Rose-66037.html
118604,O Boticário,Ameixa,2018,https://www.fragrantica.com/perfume/O-Boticario/Ameixa-65804.html
118605,O Boticário,Ameixa Dourada,2023,https://www.fragrantica.com/perfume/O-Boticario/Ameixa-Dourada-87320.html
118606,O Boticário,Ameixa Intensa,2026,https://www.fragrantica.com/perfume/O-Boticario/Ameixa-Intensa-140327.html
118607,O Boticário,Ameixa Negra,2019,https://www.fragrantica.com/perfume/O-Boticario/Ameixa-Negra-54352.html
118608,O Boticário,Amor no Ar,2017,https://www.fragrantica.com/perfume/O-Boticario/Amor-no-Ar-54533.html
118609,O Boticário,Angelical Touch,1990,https://www.fragrantica.com/perfume/O-Boticario/Angelical-Touch-76016.html
118610,O Boticário,Annete,1984,https://www.fragrantica.com/perfume/O-Boticario/Annete-36653.html
118611,O Boticário,Annete Forever,2005,https://www.fragrantica.com/perfume/O-Boticario/Annete-Forever-58866.html
118612,O Boticário,Anni,2010,https://www.fragrantica.com/perfume/O-Boticario/Anni-15415.html
118613,O Boticário,Anni Sweety,2019,https://www.fragrantica.com/perfume/O-Boticario/Anni-Sweety-58349.html
118614,O Boticário,Arbo,2002,https://www.fragrantica.com/perfume/O-Boticario/Arbo-7347.html
118615,O Boticário,Arbo Atlântica,2025,https://www.fragrantica.com/perfume/O-Boticario/Arbo-Atlantica-106878.html
118616,O Boticário,Arbo Botanic,2021,https://www.fragrantica.com/perfume/O-Boticario/Arbo-Botanic-67268.html
118617,O Boticário,Arbo Female,,https://www.fragrantica.com/perfume/O-Boticario/Arbo-Female-7293.html
118618,O Boticário,Arbo Forest,2022,https://www.fragrantica.com/perfume/O-Boticario/Arbo-Forest-75819.html
118619,O Boticário,Arbo Intenso,2023,https://www.fragrantica.com/perfume/O-Boticario/Arbo-Intenso-79052.html
118620,O Boticário,Arbo Liberté,2015,https://www.fragrantica.com/perfume/O-Boticario/Arbo-Liberte-35051.html
118621,O Boticário,Arbo Man,2002,https://www.parfumo.com/Perfumes/O_Boticario/Arbo_for_Men
118622,O Boticário,Arbo Ocean,2016,https://www.fragrantica.com/perfume/O-Boticario/Arbo-Ocean-42915.html
118623,O Boticário,Arbo Puro,2024,https://www.fragrantica.com/perfume/O-Boticario/Arbo-Puro-89706.html
118624,O Boticário,Arbo Reserva,2019,https://www.fragrantica.com/perfume/O-Boticario/Arbo-Reserva-53751.html
118625,O Boticário,Arbo Woman,2002,https://www.parfumo.com/Perfumes/O_Boticario/Arbo
118626,O Boticário,Aroma & Terapia Calma na Alma,2021,https://www.fragrantica.com/perfume/O-Boticario/Aroma-Terapia-Calma-na-Alma-67529.html
118627,O Boticário,Aroma & Terapia Energia Pro Dia,2021,https://www.fragrantica.com/perfume/O-Boticario/Aroma-Terapia-Energia-Pro-Dia-67530.html
118628,O Boticário,Aroma & Terapia Menos Stress,2021,https://www.fragrantica.com/perfume/O-Boticario/Aroma-Terapia-Menos-Stress-67528.html
118629,O Boticário,"Aroma & Terapia Menos Stress, Por Favor",,https://huggingface.co/datasets/doevent/perfume
118630,O Boticário,Au.Migos Pets Adultos,2025,https://www.fragrantica.com/perfume/O-Boticario/Au-Migos-Pets-Adultos-108370.html
118631,O Boticário,Au.Migos Pets Filhotes,2025,https://www.fragrantica.com/perfume/O-Boticario/Au-Migos-Pets-Filhotes-108368.html
118632,O Boticário,Azul Portinari,2005,https://www.fragrantica.com/perfume/O-Boticario/Azul-Portinari-12100.html
118633,O Boticário,Banho de Sorte,2020,https://www.fragrantica.com/perfume/O-Boticario/Banho-de-Sorte-60981.html
118634,O Boticário,Barolo,2009,https://www.fragrantica.com/perfume/O-Boticario/Barolo-12300.html
118635,O Boticário,Baunilha de Madagascar,2019,https://www.fragrantica.com/perfume/O-Boticario/Baunilha-de-Madagascar-65803.html
118636,O Boticário,Baunilha Real,2019,https://www.fragrantica.com/perfume/O-Boticario/Baunilha-Real-56212.html
118637,O Boticário,Be a Flower,1998,https://www.fragrantica.com/perfume/O-Boticario/Be-a-Flower-38439.html
118638,O Boticário,Belladonna,2025,https://www.fragrantica.com/perfume/O-Boticario/Belladonna-110691.html
118639,O Boticário,Betterave,2024,https://www.fragrantica.com/perfume/O-Boticario/Betterave-91739.html
118640,O Boticário,Blue,,https://huggingface.co/datasets/doevent/perfume
118641,O Boticário,Body Splash Floratta Blue (Body Mist),2021,https://www.fragrantica.com/perfume/O-Boticario/Body-Splash-Floratta-Blue-69534.html
118642,O Boticário,Body Splash Floratta Red (Body Mist),2019,https://www.fragrantica.com/perfume/O-Boticario/Body-Splash-Floratta-Red-83576.html
118643,O Boticário,Body Splash Floratta Rose (Body Mist),2021,https://www.fragrantica.com/perfume/O-Boticario/Body-Splash-Floratta-Rose-69533.html
118644,O Boticário,Bomb Black,,https://huggingface.co/datasets/doevent/perfume
118645,O Boticário,Bomb Purple,,https://huggingface.co/datasets/doevent/perfume
118646,O Boticário,Boti,1999,https://www.fragrantica.com/perfume/O-Boticario/Boti-34625.html
118647,O Boticário,Boti Água de Colônia Menina,,https://www.parfumo.com/Perfumes/O_Boticario/Boti_Agua_de_Colonia_Menina
118648,O Boticário,Boti Água de Colônia Menino,,https://www.parfumo.com/Perfumes/O_Boticario/Boti_Agua_de_Colonia_Menino
118649,O Boticário,Boti Baby,2017,https://www.fragrantica.com/perfume/O-Boticario/Boti-Baby-46540.html
118650,O Boticário,Boti Baby Colônia da Lua,2018,https://www.fragrantica.com/perfume/O-Boticario/Boti-Baby-Colonia-da-Lua-63511.html
118651,O Boticário,Boti Baby Colônia do Sol,2018,https://www.fragrantica.com/perfume/O-Boticario/Boti-Baby-Colonia-do-Sol-63510.html
118652,O Boticário,Boti Baby Colônia Nana Neném,2022,https://www.fragrantica.com/perfume/O-Boticario/Boti-Baby-Colonia-Nana-Nenem-77992.html
118653,O Boticário,Boti Baby Nana Neném 2022,2022,https://huggingface.co/datasets/doevent/perfume
118654,O Boticário,Botica 214 - Black Vanilla,2019,https://www.parfumo.com/Perfumes/O_Boticario/botica-214-black-vanilla
118655,O Boticário,Botica 214 Dark Mint,2020,https://www.fragrantica.com/perfume/O-Boticario/Botica-214-Dark-Mint-62089.html
118656,O Boticário,Botica 214 Fiji Paradise,2023,https://www.fragrantica.com/perfume/O-Boticario/Botica-214-Fiji-Paradise-84213.html
118657,O Boticário,Botica 214 Fiji Paradise For Men,,https://huggingface.co/datasets/doevent/perfume
118658,O Boticário,Botica 214 - Golden Gardênia,2019,https://www.parfumo.com/Perfumes/O_Boticario/botica-214-golden-gardenia
118659,O Boticário,Botica 214 - Jasmim & Patchouli,2018,https://www.parfumo.com/Perfumes/O_Boticario/Botica_214__Jasmim__Patchouli
118660,O Boticário,Botica 214 - Musk & Cedro,2019,https://www.parfumo.com/Perfumes/O_Boticario/botica-214-musk-cedro
118661,O Boticário,Botica 214 - Peônia & Apricot,2018,https://www.parfumo.com/Perfumes/O_Boticario/Botica_214__Peonia__Apricot
118662,O Boticário,Botica 214 - Rose Magnifique,,https://www.parfumo.com/Perfumes/O_Boticario/botica-214-rose-magnifique
118663,O Boticário,Botica 214 Verano en Firenze,2022,https://www.fragrantica.com/perfume/O-Boticario/Botica-214-Verano-en-Firenze-74051.html
118664,O Boticário,Botica 214 Verano En Firenze For Men,,https://huggingface.co/datasets/doevent/perfume
118665,O Boticário,Botica 214 - Violeta & Sândalo,2018,https://www.parfumo.com/Perfumes/O_Boticario/Botica_214__Violeta__Sandalo
118666,O Boticário,Botica 214 Wood & Vetiver,2020,https://www.fragrantica.com/perfume/O-Boticario/Botica-214-Wood-Vetiver-62818.html
118667,O Boticário,Capricho,2001,https://www.fragrantica.com/perfume/O-Boticario/Capricho-33553.html
118668,O Boticário,Capricho #Be Myself,2017,https://www.parfumo.com/Perfumes/O_Boticario/Capricho_Be_Myself
118669,O Boticário,Capricho #BeMyself,2017,https://www.fragrantica.com/perfume/O-Boticario/Capricho-BeMyself-47729.html
118670,O Boticário,Capricho College,2014,https://www.fragrantica.com/perfume/O-Boticario/Capricho-College-72998.html
118671,O Boticário,Capricho Connecting,2020,https://www.fragrantica.com/perfume/O-Boticario/Capricho-Connecting-63893.html
118672,O Boticário,Capricho Dancing,2020,https://www.fragrantica.com/perfume/O-Boticario/Capricho-Dancing-63894.html
118673,O Boticário,Capricho Day,,https://www.fragrantica.com/perfume/O-Boticario/Capricho-Day-19226.html
118674,O Boticário,Capricho Glam,2013,https://www.fragrantica.com/perfume/O-Boticario/Capricho-Glam-56170.html
118675,O Boticário,Capricho Hello Stars,2021,https://www.fragrantica.com/perfume/O-Boticario/Capricho-Hello-Stars-67917.html
118676,O Boticário,Capricho L.O.V.E.,2010,https://www.parfumo.com/Perfumes/O_Boticario/Capricho_L_O_V_E_
118677,O Boticário,Capricho Love,,https://www.fragrantica.com/perfume/O-Boticario/Capricho-Love-19228.html
118678,O Boticário,Capricho Loving,2020,https://www.fragrantica.com/perfume/O-Boticario/Capricho-Loving-63895.html
118679,O Boticário,Capricho Night,,https://www.fragrantica.com/perfume/O-Boticario/Capricho-Night-19227.html
118680,O Boticário,Capricho Rock,2011,https://www.fragrantica.com/perfume/O-Boticario/Capricho-Rock-18996.html
118681,O Boticário,Capricho Street,2013,https://www.fragrantica.com/perfume/O-Boticario/Capricho-Street-136844.html
118682,O Boticário,Capricho Sweet,2011,https://www.fragrantica.com/perfume/O-Boticario/Capricho-Sweet-18995.html
118683,O Boticário,Capricho Tenho Super Poderes,2020,https://www.fragrantica.com/perfume/O-Boticario/Capricho-Tenho-Super-Poderes-69632.html
118684,O Boticário,Capricho Vintage,2012,https://www.fragrantica.com/perfume/O-Boticario/Capricho-Vintage-19225.html
118685,O Boticário,Capricho Wish,2019,https://www.fragrantica.com/perfume/O-Boticario/Capricho-Wish-54376.html
118686,O Boticário,Carotte,2024,https://www.fragrantica.com/perfume/O-Boticario/Carotte-91740.html
118687,O Boticário,Carpe Diem,2000,https://www.fragrantica.com/perfume/O-Boticario/Carpe-Diem-7294.html
118688,O Boticário,Carpe Diem Man,,https://www.parfumo.com/Perfumes/O_Boticario/Carpe_Diem_Man
118689,O Boticário,Carpe Diem Woman,,https://www.parfumo.com/Perfumes/O_Boticario/Carpe_Diem_Woman
118690,O Boticário,Caviar,2017,https://www.fragrantica.com/perfume/O-Boticario/Caviar-56890.html
118691,O Boticário,Cecita,1983,https://www.fragrantica.com/perfume/O-Boticario/Cecita-19236.html
118692,O Boticário,Cecita Blossom,2018,https://www.fragrantica.com/perfume/O-Boticario/Cecita-Blossom-52571.html
118693,O Boticário,Celebre Agora,2023,https://www.fragrantica.com/perfume/O-Boticario/Celebre-Agora-83036.html
118694,O Boticário,Celebre Agora Man,,https://huggingface.co/datasets/doevent/perfume
118695,O Boticário,Celebre Agora Woman,,https://huggingface.co/datasets/doevent/perfume
118696,O Boticário,Celebre Sua Força,2021,https://www.fragrantica.com/perfume/O-Boticario/Celebre-Sua-Forca-69908.html
118697,O Boticário,Celebre Sua Força Feminino,2021,https://www.parfumo.com/Perfumes/O_Boticario/celebre-sua-forca-feminino
118698,O Boticário,Celebre Sua Força Man,,https://huggingface.co/datasets/doevent/perfume
118699,O Boticário,Celebre Sua Força Masculino,2021,https://www.parfumo.com/Perfumes/O_Boticario/celebre-sua-forca-masculino
118700,O Boticário,Celebre Sua Força Woman,,https://huggingface.co/datasets/doevent/perfume
118701,O Boticário,Cereja Rouge,2024,https://www.fragrantica.com/perfume/O-Boticario/Cereja-Rouge-98364.html
118702,O Boticário,Céu de Baunilha,2019,https://www.fragrantica.com/perfume/O-Boticario/Ceu-de-Baunilha-54377.html
118703,O Boticário,Choc,,https://huggingface.co/datasets/doevent/perfume
118704,O Boticário,Choc Berry 2022,2022,https://huggingface.co/datasets/doevent/perfume
118705,O Boticário,Choc Mint,,https://huggingface.co/datasets/doevent/perfume
118706,O Boticário,Clash,2025,https://www.fragrantica.com/perfume/O-Boticario/Clash-103715.html
118707,O Boticário,Classic,2008,https://www.fragrantica.com/perfume/O-Boticario/Classic-34010.html
118708,O Boticário,Clipping,2002,https://www.fragrantica.com/perfume/O-Boticario/Clipping-65589.html
118709,O Boticário,Coffe Lucky Man,2021,https://www.fragrantica.com/perfume/O-Boticario/Coffe-Lucky-Man-67532.html
118710,O Boticário,Coffe Lucky Woman,2021,https://www.fragrantica.com/perfume/O-Boticario/Coffe-Lucky-Woman-67533.html
118711,O Boticário,Coffee,2000,https://www.fragrantica.com/perfume/O-Boticario/Coffee-9777.html
118712,O Boticário,Coffee Addictive Man,2024,https://www.fragrantica.com/perfume/O-Boticario/Coffee-Addictive-Man-95314.html
118713,O Boticário,Coffee Addictive Woman,2024,https://www.fragrantica.com/perfume/O-Boticario/Coffee-Addictive-Woman-95313.html
118714,O Boticário,Coffee Duo Man,2018,https://www.fragrantica.com/perfume/O-Boticario/Coffee-Duo-Man-52572.html
118715,O Boticário,Coffee Duo Woman,2018,https://www.fragrantica.com/perfume/O-Boticario/Coffee-Duo-Woman-52573.html
118716,O Boticário,Coffee Man,2000,https://www.fragrantica.com/perfume/O-Boticario/Coffee-Man-9778.html
118717,O Boticário,Coffee Man Fusion,2019,https://www.fragrantica.com/perfume/O-Boticario/Coffee-Man-Fusion-58292.html
118718,O Boticário,Coffee Man Lucky,,https://huggingface.co/datasets/doevent/perfume
118719,O Boticário,Coffee Man Paradiso,2016,https://www.fragrantica.com/perfume/O-Boticario/Coffee-Man-Paradiso-41724.html
118720,O Boticário,Coffee Man Passione,2013,https://www.fragrantica.com/perfume/O-Boticario/Coffee-Man-Passione-29320.html
118721,O Boticário,Coffee Man Seduction,2011,https://www.fragrantica.com/perfume/O-Boticario/Coffee-Man-Seduction-12798.html
118722,O Boticário,Coffee Man Seduction Touch,2023,https://www.fragrantica.com/perfume/O-Boticario/Coffee-Man-Seduction-Touch-82413.html
118723,O Boticário,Coffee Man Sense,2020,https://www.fragrantica.com/perfume/O-Boticario/Coffee-Man-Sense-61401.html
118724,O Boticário,Coffee Man Unique,2025,https://www.fragrantica.com/perfume/O-Boticario/Coffee-Man-Unique-118162.html
118725,O Boticário,Coffee Woman,2010,https://www.parfumo.com/Perfumes/O_Boticario/Coffee_Woman
118726,O Boticário,Coffee Woman Fusion,2019,https://www.fragrantica.com/perfume/O-Boticario/Coffee-Woman-Fusion-58293.html
118727,O Boticário,Coffee Woman Lucky,,https://huggingface.co/datasets/doevent/perfume
118728,O Boticário,Coffee Woman Paradiso,2016,https://www.fragrantica.com/perfume/O-Boticario/Coffee-Woman-Paradiso-41723.html
118729,O Boticário,Coffee Woman Passione,2013,https://www.fragrantica.com/perfume/O-Boticario/Coffee-Woman-Passione-29319.html
118730,O Boticário,Coffee Woman Seduction,2011,https://www.fragrantica.com/perfume/O-Boticario/Coffee-Woman-Seduction-12799.html
118731,O Boticário,Coffee Woman Seduction Touch,2023,https://www.fragrantica.com/perfume/O-Boticario/Coffee-Woman-Seduction-Touch-82414.html
118732,O Boticário,Coffee Woman Sense,2020,https://www.fragrantica.com/perfume/O-Boticario/Coffee-Woman-Sense-61400.html
118733,O Boticário,Coffee Woman Unique,2025,https://www.fragrantica.com/perfume/O-Boticario/Coffee-Woman-Unique-118163.html
118734,O Boticário,Connexion,1988,https://www.fragrantica.com/perfume/O-Boticario/Connexion-7350.html
118735,O Boticário,Connexion My Way,2013,https://www.fragrantica.com/perfume/O-Boticario/Connexion-My-Way-44555.html
118736,O Boticário,Connexion Urban,2011,https://www.fragrantica.com/perfume/O-Boticario/Connexion-Urban-57169.html
118737,O Boticário,Connexion Woods,,https://www.fragrantica.com/perfume/O-Boticario/Connexion-Woods-7349.html
118738,O Boticário,Crazy Choices,2020,https://www.fragrantica.com/perfume/O-Boticario/Crazy-Choices-59128.html
118739,O Boticário,Crazy Feelings,1994,https://www.fragrantica.com/perfume/O-Boticario/Crazy-Feelings-33696.html
118740,O Boticário,Crystal Essence,2010,https://www.fragrantica.com/perfume/O-Boticario/Crystal-Essence-44776.html
118741,O Boticário,Crystal Fresh,1990,https://www.fragrantica.com/perfume/O-Boticario/Crystal-Fresh-82189.html
118742,O Boticário,Cuide-se Bem Amoruda,2025,https://www.fragrantica.com/perfume/O-Boticario/Cuide-se-Bem-Amoruda-108955.html
118743,O Boticário,Cuide-se Bem Beijinho,2020,https://www.fragrantica.com/perfume/O-Boticario/Cuide-se-Bem-Beijinho-60138.html
118744,O Boticário,Cuide-se Bem Bendito Cacto,2021,https://www.fragrantica.com/perfume/O-Boticario/Cuide-se-Bem-Bendito-Cacto-68758.html
118745,O Boticário,Cuide-se Bem Biscoito ou Bolacha?,2023,https://www.fragrantica.com/perfume/O-Boticario/Cuide-se-Bem-Biscoito-ou-Bolacha-83467.html
118746,O Boticário,Cuide-se Bem Boa Noite,2021,https://www.fragrantica.com/perfume/O-Boticario/Cuide-se-Bem-Boa-Noite-65125.html
118747,O Boticário,Cuide-se Bem Bob Esponja,2024,https://www.fragrantica.com/perfume/O-Boticario/Cuide-se-Bem-Bob-Esponja-95190.html
118748,O Boticário,Cuide-se Bem Bubbaloo Tutti Frutti,2021,https://www.fragrantica.com/perfume/O-Boticario/Cuide-se-Bem-Bubbaloo-Tutti-Frutti-69781.html
118749,O Boticário,Cuide-se Bem Caramelito,2017,https://www.fragrantica.com/perfume/O-Boticario/Cuide-se-Bem-Caramelito-46576.html
118750,O Boticário,Cuide-se Bem Castanhita,2018,https://www.fragrantica.com/perfume/O-Boticario/Cuide-se-Bem-Castanhita-56752.html
118751,O Boticário,Cuide-se Bem Cereja de Fases,2026,https://www.fragrantica.com/perfume/O-Boticario/Cuide-se-Bem-Cereja-de-Fases-125460.html
118752,O Boticário,Cuide-se Bem Cereja Livre,2023,https://www.fragrantica.com/perfume/O-Boticario/Cuide-se-Bem-Cereja-Livre-79051.html
118753,O Boticário,Cuide-Se Bem - Deleite,2019,https://www.parfumo.com/Perfumes/O_Boticario/Cuide_Se_Bem__Deleite
118754,O Boticário,Cuide-Se Bem Deleite Body Mist,,https://huggingface.co/datasets/doevent/perfume
118755,O Boticário,Cuide-se Bem Deleite Caramelizado,2026,https://www.fragrantica.com/perfume/O-Boticario/Cuide-se-Bem-Deleite-Caramelizado-130419.html
118756,O Boticário,Cuide-se Bem Deleite Delight,2019,https://www.fragrantica.com/perfume/O-Boticario/Cuide-se-Bem-Deleite-Delight-54326.html
118757,O Boticário,Cuide-se Bem Doces Delírios Algodão Doce,2025,https://www.fragrantica.com/perfume/O-Boticario/Cuide-se-Bem-Doces-Delirios-Algodao-Doce-114651.html
118758,O Boticário,Cuide-se Bem Doçura na Pessegura,2025,https://www.fragrantica.com/perfume/O-Boticario/Cuide-se-Bem-Docura-na-Pessegura-102825.html
118759,O Boticário,Cuide-se Bem Feira Cachos de Uva,2025,https://www.fragrantica.com/perfume/O-Boticario/Cuide-se-Bem-Feira-Cachos-de-Uva-111588.html
118760,O Boticário,Cuide-se Bem Feira Cachos de Uva Hair,2025,https://www.fragrantica.com/perfume/O-Boticario/Cuide-se-Bem-Feira-Cachos-de-Uva-Hair-111596.html
118761,O Boticário,Cuide-se Bem Jardim de Sol,2018,https://www.fragrantica.com/perfume/O-Boticario/Cuide-se-Bem-Jardim-de-Sol-56346.html
118762,O Boticário,Cuide-se Bem Lavandinha,2018,https://www.fragrantica.com/perfume/O-Boticario/Cuide-se-Bem-Lavandinha-52641.html
118763,O Boticário,Cuide-se Bem Maracujá,2024,https://www.fragrantica.com/perfume/O-Boticario/Cuide-se-Bem-Maracuja-89708.html
118764,O Boticário,Cuide-se Bem Melissa,2023,https://www.fragrantica.com/perfume/O-Boticario/Cuide-se-Bem-Melissa-85367.html
118765,O Boticário,Cuide-Se Bem - Morango & Leite,,https://www.parfumo.com/Perfumes/O_Boticario/Cuide_Se_Bem__Morango__Leite
118766,O Boticário,Cuide-Se Bem Morango & Leite Body Mist,,https://huggingface.co/datasets/doevent/perfume
118767,O Boticário,Cuide-se Bem Morango e Leite,2017,https://www.fragrantica.com/perfume/O-Boticario/Cuide-se-Bem-Morango-e-Leite-46578.html
118768,O Boticário,Cuide-se Bem Nuvem,2017,https://www.fragrantica.com/perfume/O-Boticario/Cuide-se-Bem-Nuvem-46577.html
118769,O Boticário,Cuide-Se Bem Nuvem Body Mist,,https://huggingface.co/datasets/doevent/perfume
118770,O Boticário,Cuide-se Bem Nuvem de Alegria,2025,https://www.fragrantica.com/perfume/O-Boticario/Cuide-se-Bem-Nuvem-de-Alegria-105529.html
118771,O Boticário,Cuide-se Bem Pessegura,2022,https://www.fragrantica.com/perfume/O-Boticario/Cuide-se-Bem-Pessegura-71733.html
118772,O Boticário,Cuide-Se Bem - Rosa & Algodão,,https://www.parfumo.com/Perfumes/O_Boticario/Cuide_Se_Bem__Rosa__Algodo
118773,O Boticário,Cuide-se Bem Rosa e Algodão,2017,https://www.fragrantica.com/perfume/O-Boticario/Cuide-se-Bem-Rosa-e-Algodao-46575.html
118774,O Boticário,Cuide-Se Bem Rosa E Algodão Body Mist,,https://huggingface.co/datasets/doevent/perfume
118775,O Boticário,Cuide-se Bem Show de Banho,2023,https://www.fragrantica.com/perfume/O-Boticario/Cuide-se-Bem-Show-de-Banho-84154.html
118776,O Boticário,Cuide-se Bem Sol e Água Fresca,2019,https://www.fragrantica.com/perfume/O-Boticario/Cuide-se-Bem-Sol-e-Agua-Fresca-56889.html
118777,O Boticário,Daring Chic,2022,https://www.fragrantica.com/perfume/O-Boticario/Daring-Chic-78357.html
118778,O Boticário,Deleite Chocolatudo,2024,https://www.fragrantica.com/perfume/O-Boticario/Deleite-Chocolatudo-100835.html
118779,O Boticário,Delicate Whisper,2021,https://www.fragrantica.com/perfume/O-Boticario/Delicate-Whisper-78351.html
118780,O Boticário,Delights of a Passionate Encounter (Delicias de Um Encontro Apaixonante),2013,https://www.fragrantica.com/perfume/O-Boticario/Delights-of-a-Passionate-Encounter-Delicias-de-Um-Encontro-Apaixonante-25682.html
118781,O Boticário,Dimitri,,https://www.fragrantica.com/perfume/O-Boticario/Dimitri-7351.html
118782,O Boticário,Dimitri On the Rocks,2012,https://www.fragrantica.com/perfume/O-Boticario/Dimitri-On-the-Rocks-18987.html
118783,O Boticário,Dimitri Redvolution,,https://www.fragrantica.com/perfume/O-Boticario/Dimitri-Redvolution-16107.html
118784,O Boticário,Divine Caviar,2019,https://www.fragrantica.com/perfume/O-Boticario/Divine-Caviar-56165.html
118785,O Boticário,Doce Tarde,2019,https://www.fragrantica.com/perfume/O-Boticario/Doce-Tarde-60137.html
118786,O Boticário,Dolce Woman,,https://huggingface.co/datasets/doevent/perfume
118787,O Boticário,Dr. Botica Poção da Amizade,2018,https://www.fragrantica.com/perfume/O-Boticario/Dr-Botica-Pocao-da-Amizade-63417.html
118788,O Boticário,Dr. Botica Poção da Aventura,2021,https://www.fragrantica.com/perfume/O-Boticario/Dr-Botica-Pocao-da-Aventura-69531.html
118789,O Boticário,Dr. Botica Poção da Coragem,2018,https://www.fragrantica.com/perfume/O-Boticario/Dr-Botica-Pocao-da-Coragem-63415.html
118790,O Boticário,Dr. Botica Poção da Criatividade,2024,https://www.fragrantica.com/perfume/O-Boticario/Dr-Botica-Pocao-da-Criatividade-94198.html
118791,O Boticário,Dr. Botica Poção da Força,2020,https://www.fragrantica.com/perfume/O-Boticario/Dr-Botica-Pocao-da-Forca-63418.html
118792,O Boticário,Dr. Botica Poção do Coração,2018,https://www.fragrantica.com/perfume/O-Boticario/Dr-Botica-Pocao-do-Coracao-63416.html
118793,O Boticário,Dream - Amor no Ar,2017,https://www.parfumo.com/Perfumes/O_Boticario/dream-amor-no-ar
118794,O Boticário,Dream Banho De Sorte,,https://huggingface.co/datasets/doevent/perfume
118795,O Boticário,Dream - Céu de Baunilha,2019,https://www.parfumo.com/Perfumes/O_Boticario/Dream__Ceu_de_Baunilha
118796,O Boticário,Dream Doce Tarde 2019,2019,https://huggingface.co/datasets/doevent/perfume
118797,O Boticário,Dream - Espelho Secreto,1998,https://www.parfumo.com/Perfumes/O_Boticario/dream-espelho-secreto
118798,O Boticário,Dream - Filtro dos Sonhos,2017,https://www.parfumo.com/Perfumes/O_Boticario/dream-filtro-dos-sonhos
118799,O Boticário,Dream - Jardim de Mistérios,2017,https://www.parfumo.com/Perfumes/O_Boticario/dream-jardim-de-misterios
118800,O Boticário,Dreams,1991,https://www.fragrantica.com/perfume/O-Boticario/Dreams-38020.html
118801,O Boticário,Duo Malbec Nebbiolo,2011,https://www.fragrantica.com/perfume/O-Boticario/Duo-Malbec-Nebbiolo-15611.html
118802,O Boticário,E.Joy,,https://huggingface.co/datasets/doevent/perfume
118803,O Boticário,Egeo,2002,https://www.fragrantica.com/perfume/O-Boticario/Egeo-7295.html
118804,O Boticário,Egeo Agarre,2015,https://www.fragrantica.com/perfume/O-Boticario/Egeo-Agarre-33437.html
118805,O Boticário,Egeo Atraia,2015,https://www.fragrantica.com/perfume/O-Boticario/Egeo-Atraia-33436.html
118806,O Boticário,Egeo Banana,2024,https://www.fragrantica.com/perfume/O-Boticario/Egeo-Banana-96276.html
118807,O Boticário,Egeo Beat,2021,https://www.fragrantica.com/perfume/O-Boticario/Egeo-Beat-68756.html
118808,O Boticário,Egeo Blue,2018,https://www.fragrantica.com/perfume/O-Boticario/Egeo-Blue-50082.html
118809,O Boticário,Egeo Bomb Black,2019,https://www.fragrantica.com/perfume/O-Boticario/Egeo-Bomb-Black-53323.html
118810,O Boticário,Egeo Bomb For Her Caramel,2017,https://www.fragrantica.com/perfume/O-Boticario/Egeo-Bomb-For-Her-Caramel-46385.html
118811,O Boticário,Egeo Bomb For Him Caramel,2017,https://www.fragrantica.com/perfume/O-Boticario/Egeo-Bomb-For-Him-Caramel-46384.html
118812,O Boticário,Egeo Bomb Purple,2019,https://www.fragrantica.com/perfume/O-Boticario/Egeo-Bomb-Purple-53324.html
118813,O Boticário,Egeo Cherry,2010,https://www.fragrantica.com/perfume/O-Boticario/Egeo-Cherry-38073.html
118814,O Boticário,Egeo Cherry Blast,2022,https://www.fragrantica.com/perfume/O-Boticario/Egeo-Cherry-Blast-71735.html
118815,O Boticário,Egeo Choc,2011,https://www.fragrantica.com/perfume/O-Boticario/Egeo-Choc-12616.html
118816,O Boticário,Egeo Choc Berry,2022,https://www.fragrantica.com/perfume/O-Boticario/Egeo-Choc-Berry-78497.html
118817,O Boticário,Egeo Choc High,2024,https://www.fragrantica.com/perfume/O-Boticario/Egeo-Choc-High-101141.html
118818,O Boticário,Egeo Choc Mint,2022,https://www.fragrantica.com/perfume/O-Boticario/Egeo-Choc-Mint-78498.html
118819,O Boticário,Egeo Cogu,2025,https://www.fragrantica.com/perfume/O-Boticario/Egeo-Cogu-106531.html
118820,O Boticário,Egeo Cogu Mellow,2025,https://www.fragrantica.com/perfume/O-Boticario/Egeo-Cogu-Mellow-113431.html
118821,O Boticário,Egeo Deseje,2015,https://www.fragrantica.com/perfume/O-Boticario/Egeo-Deseje-33441.html
118822,O Boticário,Egeo Desfrute,2015,https://www.fragrantica.com/perfume/O-Boticario/Egeo-Desfrute-33435.html
118823,O Boticário,Egeo Devore,2015,https://www.fragrantica.com/perfume/O-Boticario/Egeo-Devore-33440.html
118824,O Boticário,Egeo Dolce,2007,https://www.fragrantica.com/perfume/O-Boticario/Egeo-Dolce-8621.html
118825,O Boticário,Egeo Dolce Colors,2021,https://www.fragrantica.com/perfume/O-Boticario/Egeo-Dolce-Colors-64935.html
118826,O Boticário,Egeo Dolce Illusion,2025,https://www.fragrantica.com/perfume/O-Boticario/Egeo-Dolce-Illusion-121660.html
118827,O Boticário,Egeo Dolce Man,2007,https://www.parfumo.com/Perfumes/O_Boticario/Egeo_Dolce_Men
118828,O Boticário,Egeo Dolce Woman,,https://www.parfumo.com/Perfumes/O_Boticario/Egeo_Dolce_Woman
118829,O Boticário,Egeo E.Joy,2024,https://www.fragrantica.com/perfume/O-Boticario/Egeo-E-Joy-90225.html
118830,O Boticário,Egeo Free Fire,2023,https://www.fragrantica.com/perfume/O-Boticario/Egeo-Free-Fire-85053.html
118831,O Boticário,Egeo Fresh Meli,2024,https://www.fragrantica.com/perfume/O-Boticario/Egeo-Fresh-Meli-93333.html
118832,O Boticário,Egeo Hit,2021,https://www.fragrantica.com/perfume/O-Boticario/Egeo-Hit-68755.html
118833,O Boticário,Egeo Hot Pepper,2010,https://www.fragrantica.com/perfume/O-Boticario/Egeo-Hot-Pepper-38072.html
118834,O Boticário,Egeo Kiss Me Man,2009,https://www.fragrantica.com/perfume/O-Boticario/Egeo-Kiss-Me-Man-58355.html
118835,O Boticário,Egeo Kiss Me Woman,2009,https://www.fragrantica.com/perfume/O-Boticario/Egeo-Kiss-Me-Woman-58354.html
118836,O Boticário,Egeo Man,,https://www.parfumo.com/Perfumes/O_Boticario/Egeo_Man
118837,O Boticário,Egeo Melancia,2024,https://www.fragrantica.com/perfume/O-Boticario/Egeo-Melancia-96275.html
118838,O Boticário,Egeo On Me,2019,https://www.fragrantica.com/perfume/O-Boticario/Egeo-On-Me-55430.html
118839,O Boticário,Egeo On You,2019,https://www.fragrantica.com/perfume/O-Boticario/Egeo-On-You-55431.html
118840,O Boticário,Egeo Pina Blast,2022,https://www.fragrantica.com/perfume/O-Boticario/Egeo-Pina-Blast-71734.html
118841,O Boticário,Egeo Provoke Man,2012,https://www.fragrantica.com/perfume/O-Boticario/Egeo-Provoke-Man-18990.html
118842,O Boticário,Egeo Provoke Woman,2012,https://www.fragrantica.com/perfume/O-Boticario/Egeo-Provoke-Woman-18999.html
118843,O Boticário,Egeo Provoque,2015,https://www.fragrantica.com/perfume/O-Boticario/Egeo-Provoque-33439.html
118844,O Boticário,Egeo Red,2018,https://www.fragrantica.com/perfume/O-Boticario/Egeo-Red-50083.html
118845,O Boticário,Egeo Seduza,2015,https://www.fragrantica.com/perfume/O-Boticario/Egeo-Seduza-33438.html
118846,O Boticário,Egeo Sex Education,2022,https://www.fragrantica.com/perfume/O-Boticario/Egeo-Sex-Education-77257.html
118847,O Boticário,Egeo Spicy Vibe,2020,https://www.fragrantica.com/perfume/O-Boticario/Egeo-Spicy-Vibe-61037.html
118848,O Boticário,Egeo Sweet Meli,2024,https://www.fragrantica.com/perfume/O-Boticario/Egeo-Sweet-Meli-93332.html
118849,O Boticário,Egeo Vanilla Vibe,2020,https://www.fragrantica.com/perfume/O-Boticario/Egeo-Vanilla-Vibe-61038.html
118850,O Boticário,Egeo Woman,,https://www.parfumo.com/Perfumes/O_Boticario/Egeo_Woman
118851,O Boticário,Elysée,1997,https://www.fragrantica.com/perfume/O-Boticario/Elysee-72165.html
118852,O Boticário,Elysée,2015,https://www.fragrantica.com/perfume/O-Boticario/Elysee-32261.html
118853,O Boticário,Elysée Blanc,2019,https://www.fragrantica.com/perfume/O-Boticario/Elysee-Blanc-55670.html
118854,O Boticário,Elysée Nuit,2017,https://www.fragrantica.com/perfume/O-Boticario/Elysee-Nuit-46545.html
118855,O Boticário,Elysée Splash,2026,https://www.fragrantica.com/perfume/O-Boticario/Elysee-Splash-135195.html
118856,O Boticário,Elysée Succès,2021,https://www.fragrantica.com/perfume/O-Boticario/Elysee-Succes-66821.html
118857,O Boticário,Elysée Succès Splash,2021,https://www.fragrantica.com/perfume/O-Boticario/Elysee-Succes-Splash-84182.html
118858,O Boticário,Eros,1982,https://www.fragrantica.com/perfume/O-Boticario/Eros-34050.html
118859,O Boticário,Espelho Secreto,2017,https://www.fragrantica.com/perfume/O-Boticario/Espelho-Secreto-59751.html
118860,O Boticário,Exubérance,1988,https://www.fragrantica.com/perfume/O-Boticario/Exuberance-58069.html
118861,O Boticário,Felicitá,1996,https://www.fragrantica.com/perfume/O-Boticario/Felicita-61823.html
118862,O Boticário,Felicitá 2025,2025,https://www.fragrantica.com/perfume/O-Boticario/Felicita-2025-116070.html
118863,O Boticário,Femme.com,1999,https://www.fragrantica.com/perfume/O-Boticario/Femme-com-7296.html
118864,O Boticário,Femme.connect,2006,https://www.parfumo.com/Perfumes/O_Boticario/Femme_connect
118865,O Boticário,Filtro dos Sonhos,2017,https://www.fragrantica.com/perfume/O-Boticario/Filtro-dos-Sonhos-54611.html
118866,O Boticário,Fleur,2003,https://www.fragrantica.com/perfume/O-Boticario/Fleur-43618.html
118867,O Boticário,Fleur D'Éclipse,,https://huggingface.co/datasets/doevent/perfume
118868,O Boticário,Flor de Ameixa,2016,https://www.fragrantica.com/perfume/O-Boticario/Flor-de-Ameixa-56342.html
118869,O Boticário,Floratta,1992,https://www.fragrantica.com/perfume/O-Boticario/Floratta-58773.html
118870,O Boticário,Floratta Amor de Lavanda,2017,https://www.fragrantica.com/perfume/O-Boticario/Floratta-Amor-de-Lavanda-49003.html
118871,O Boticário,Floratta Blue,,https://huggingface.co/datasets/doevent/perfume
118872,O Boticário,Floratta Buquê de Flores,2016,https://www.fragrantica.com/perfume/O-Boticario/Floratta-Buque-de-Flores-41729.html
118873,O Boticário,Floratta Cerejeira em Flor,2013,https://www.fragrantica.com/perfume/O-Boticario/Floratta-Cerejeira-em-Flor-18997.html
118874,O Boticário,Floratta Cerejeira em Pétalas,2013,https://www.fragrantica.com/perfume/O-Boticario/Floratta-Cerejeira-em-Petalas-18998.html
118875,O Boticário,Floratta Emerald,2010,https://www.fragrantica.com/perfume/O-Boticario/Floratta-Emerald-9774.html
118876,O Boticário,Floratta Emotion,,https://www.fragrantica.com/perfume/O-Boticario/Floratta-Emotion-7313.html
118877,O Boticário,Floratta Fleur d' Éclipse,2022,https://www.fragrantica.com/perfume/O-Boticario/Floratta-Fleur-d-Eclipse-77256.html
118878,O Boticário,Floratta Fleur Supreme,2020,https://www.fragrantica.com/perfume/O-Boticario/Floratta-Fleur-Supreme-63783.html
118879,O Boticário,Floratta Flores Secretas,2017,https://www.fragrantica.com/perfume/O-Boticario/Floratta-Flores-Secretas-46933.html
118880,O Boticário,Floratta Forever Love,2014,https://www.fragrantica.com/perfume/O-Boticario/Floratta-Forever-Love-31800.html
118881,O Boticário,Floratta in Blue,1998,https://www.fragrantica.com/perfume/O-Boticario/Floratta-in-Blue-7314.html
118882,O Boticário,Floratta in Gold,2001,https://www.fragrantica.com/perfume/O-Boticario/Floratta-in-Gold-7315.html
118883,O Boticário,Floratta in Lilac,2009,https://www.fragrantica.com/perfume/O-Boticario/Floratta-in-Lilac-9771.html
118884,O Boticário,Floratta in Rose,,https://www.fragrantica.com/perfume/O-Boticario/Floratta-in-Rose-7316.html
118885,O Boticário,Floratta in Rose Amour,2011,https://www.fragrantica.com/perfume/O-Boticario/Floratta-in-Rose-Amour-41732.html
118886,O Boticário,Floratta in Rose Belle,2011,https://www.fragrantica.com/perfume/O-Boticario/Floratta-in-Rose-Belle-12640.html
118887,O Boticário,Floratta in Silver,2000,https://www.fragrantica.com/perfume/O-Boticario/Floratta-in-Silver-38438.html
118888,O Boticário,Floratta L'Amore,2018,https://www.fragrantica.com/perfume/O-Boticario/Floratta-L-Amore-53322.html
118889,O Boticário,Floratta Love Flower,2019,https://www.fragrantica.com/perfume/O-Boticario/Floratta-Love-Flower-58777.html
118890,O Boticário,Floratta My Blue,2022,https://www.fragrantica.com/perfume/O-Boticario/Floratta-My-Blue-72260.html
118891,O Boticário,Floratta Red,2019,https://www.fragrantica.com/perfume/O-Boticario/Floratta-Red-54609.html
118892,O Boticário,Floratta Red Blossom,2023,https://www.fragrantica.com/perfume/O-Boticario/Floratta-Red-Blossom-79535.html
118893,O Boticário,Floratta Red Passion,2025,https://www.fragrantica.com/perfume/O-Boticario/Floratta-Red-Passion-102787.html
118894,O Boticário,Floratta Romance de Verão,2023,https://www.fragrantica.com/perfume/O-Boticario/Floratta-Romance-de-Verao-88946.html
118895,O Boticário,Floratta Rose Bouquet,2025,https://www.fragrantica.com/perfume/O-Boticario/Floratta-Rose-Bouquet-117143.html
118896,O Boticário,Floratta Rose Sucrée,2026,https://www.fragrantica.com/perfume/O-Boticario/Floratta-Rose-Sucree-130421.html
118897,O Boticário,Floratta Ruby,2010,https://www.fragrantica.com/perfume/O-Boticario/Floratta-Ruby-9772.html
118898,O Boticário,Floratta Sapphire,2010,https://www.fragrantica.com/perfume/O-Boticario/Floratta-Sapphire-9773.html
118899,O Boticário,Floratta Simple Love,2021,https://www.fragrantica.com/perfume/O-Boticario/Floratta-Simple-Love-66480.html
118900,O Boticário,Forest Wind,2021,https://www.fragrantica.com/perfume/O-Boticario/Forest-Wind-78359.html
118901,O Boticário,Free,1981,https://www.fragrantica.com/perfume/O-Boticario/Free-19268.html
118902,O Boticário,Free Hugs,2020,https://www.fragrantica.com/perfume/O-Boticario/Free-Hugs-63806.html
118903,O Boticário,Fresh Season,2021,https://www.fragrantica.com/perfume/O-Boticario/Fresh-Season-78352.html
118904,O Boticário,Galbe,2000,https://www.fragrantica.com/perfume/O-Boticario/Galbe-15408.html
118905,O Boticário,Garden Collection - Morango & Rosas Brancas,,https://www.parfumo.com/Perfumes/O_Boticario/Garden_Collection__Morango__Rosas_Brancas
118906,O Boticário,Ginseng & Cafeína,2022,https://www.fragrantica.com/perfume/O-Boticario/Ginseng-Cafeina-73118.html
118907,O Boticário,Glamour,2001,https://www.fragrantica.com/perfume/O-Boticario/Glamour-7317.html
118908,O Boticário,Glamour Amour,2015,https://www.fragrantica.com/perfume/O-Boticario/Glamour-Amour-33459.html
118909,O Boticário,Glamour Belle,,https://www.fragrantica.com/perfume/O-Boticario/Glamour-Belle-82160.html
118910,O Boticário,Glamour Diva,2019,https://www.fragrantica.com/perfume/O-Boticario/Glamour-Diva-57676.html
118911,O Boticário,Glamour Exuberance,2013,https://www.fragrantica.com/perfume/O-Boticario/Glamour-Exuberance-23255.html
118912,O Boticário,Glamour Fever,2021,https://www.fragrantica.com/perfume/O-Boticario/Glamour-Fever-65582.html
118913,O Boticário,Glamour Gold Glam,2022,https://www.fragrantica.com/perfume/O-Boticario/Glamour-Gold-Glam-75017.html
118914,O Boticário,Glamour Infinit,2011,https://www.fragrantica.com/perfume/O-Boticario/Glamour-Infinit-75530.html
118915,O Boticário,Glamour Intense,2026,https://www.fragrantica.com/perfume/O-Boticario/Glamour-Intense-139306.html
118916,O Boticário,Glamour Just Shine,2018,https://www.fragrantica.com/perfume/O-Boticario/Glamour-Just-Shine-50892.html
118917,O Boticário,Glamour Love Me,2016,https://www.fragrantica.com/perfume/O-Boticario/Glamour-Love-Me-44777.html
118918,O Boticário,Glamour Midnight,2023,https://www.fragrantica.com/perfume/O-Boticario/Glamour-Midnight-83468.html
118919,O Boticário,Glamour Myriad,2015,https://www.fragrantica.com/perfume/O-Boticario/Glamour-Myriad-41796.html
118920,O Boticário,Glamour Nuit,2013,https://www.fragrantica.com/perfume/O-Boticario/Glamour-Nuit-23254.html
118921,O Boticário,Glamour Secrets Black,2010,https://www.fragrantica.com/perfume/O-Boticario/Glamour-Secrets-Black-8317.html
118922,O Boticário,Glamour Secrets Black Intense,2024,https://www.fragrantica.com/perfume/O-Boticario/Glamour-Secrets-Black-Intense-96973.html
118923,O Boticário,Glamour Secrets Rose,,https://www.fragrantica.com/perfume/O-Boticario/Glamour-Secrets-Rose-8318.html
118924,O Boticário,Goldie,1987,https://www.fragrantica.com/perfume/O-Boticario/Goldie-43619.html
118925,O Boticário,Hadiya,2025,https://www.fragrantica.com/perfume/O-Boticario/Hadiya-119454.html
118926,O Boticário,Her Code,2023,https://www.fragrantica.com/perfume/O-Boticario/Her-Code-85335.html
118927,O Boticário,Her Code Clímax,2025,https://www.fragrantica.com/perfume/O-Boticario/Her-Code-Climax-114367.html
118928,O Boticário,Her Code Splash,2026,https://www.fragrantica.com/perfume/O-Boticario/Her-Code-Splash-133385.html
118929,O Boticário,Her Code Touch,2024,https://www.fragrantica.com/perfume/O-Boticario/Her-Code-Touch-97477.html
118930,O Boticário,Homme.com,,https://www.fragrantica.com/perfume/O-Boticario/Homme-com-7353.html
118931,O Boticário,Homme.connect,2006,https://www.parfumo.com/Perfumes/O_Boticario/Homme_connect
118932,O Boticário,Horizonte,2020,https://www.fragrantica.com/perfume/O-Boticario/Horizonte-63509.html
118933,O Boticário,Innamorata,1988,https://www.fragrantica.com/perfume/O-Boticario/Innamorata-7318.html
118934,O Boticário,Insensatez,1995,https://www.fragrantica.com/perfume/O-Boticario/Insensatez-7319.html
118935,O Boticário,Insensatez 2,2015,https://www.fragrantica.com/perfume/O-Boticario/Insensatez-2-68953.html
118936,O Boticário,Insensatez Louca,2011,https://www.fragrantica.com/perfume/O-Boticario/Insensatez-Louca-68955.html
118937,O Boticário,Insensatez Orgulho,2021,https://www.fragrantica.com/perfume/O-Boticario/Insensatez-Orgulho-67915.html
118938,O Boticário,Insensatez Tropical,2013,https://www.fragrantica.com/perfume/O-Boticario/Insensatez-Tropical-68954.html
118939,O Boticário,Intense,2015,https://www.fragrantica.com/perfume/O-Boticario/Intense-33922.html
118940,O Boticário,Intense Boom!,2021,https://www.fragrantica.com/perfume/O-Boticario/Intense-Boom-65986.html
118941,O Boticário,Intense Cats,2016,https://www.fragrantica.com/perfume/O-Boticario/Intense-Cats-36184.html
118942,O Boticário,Intense Cool!,2021,https://www.fragrantica.com/perfume/O-Boticario/Intense-Cool-67531.html
118943,O Boticário,Intense Gloss!,2021,https://www.fragrantica.com/perfume/O-Boticario/Intense-Gloss-65987.html
118944,O Boticário,Intense Oopss!,2015,https://www.fragrantica.com/perfume/O-Boticario/Intense-Oopss-33923.html
118945,O Boticário,Intense Oopss! 2021,2021,https://www.fragrantica.com/perfume/O-Boticario/Intense-Oopss-2021-65985.html
118946,O Boticário,Intense Spell,2021,https://www.fragrantica.com/perfume/O-Boticario/Intense-Spell-78356.html
118947,O Boticário,Irresistible Vibration Beachfront (Irresistivel Vibracao a Beira-Mar),2013,https://www.fragrantica.com/perfume/O-Boticario/Irresistible-Vibration-Beachfront-Irresistivel-Vibracao-a-Beira-Mar-25684.html
118948,O Boticário,Jardim de Mistérios,2017,https://www.fragrantica.com/perfume/O-Boticario/Jardim-de-Misterios-56213.html
118949,O Boticário,Jasmim Sambac,2021,https://www.fragrantica.com/perfume/O-Boticario/Jasmim-Sambac-66410.html
118950,O Boticário,Kalanit,1992,https://www.fragrantica.com/perfume/O-Boticario/Kalanit-34153.html
118951,O Boticário,Karité,2018,https://www.fragrantica.com/perfume/O-Boticario/Karite-56343.html
118952,O Boticário,L'eau de Lily,2021,https://www.fragrantica.com/perfume/O-Boticario/L-eau-de-Lily-70413.html
118953,O Boticário,L’eau de Lily Blanche,2025,https://www.fragrantica.com/perfume/O-Boticario/L-eau-de-Lily-Blanche-104380.html
118954,O Boticário,L'eau de Lily Soleil,2023,https://www.fragrantica.com/perfume/O-Boticario/L-eau-de-Lily-Soleil-87586.html
118955,O Boticário,Lady Lily,2014,https://www.fragrantica.com/perfume/O-Boticario/Lady-Lily-33499.html
118956,O Boticário,Lavande,1994,https://www.fragrantica.com/perfume/O-Boticario/Lavande-43636.html
118957,O Boticário,Lhotse,2002,https://www.fragrantica.com/perfume/O-Boticario/Lhotse-33552.html
118958,O Boticário,Lhotse Irresistível,2005,https://www.fragrantica.com/perfume/O-Boticario/Lhotse-Irresistivel-33554.html
118959,O Boticário,Lights,1998,https://www.fragrantica.com/perfume/O-Boticario/Lights-34186.html
118960,O Boticário,Lilac,2024,https://www.fragrantica.com/perfume/O-Boticario/Lilac-91518.html
118961,O Boticário,Lily Absolu,2020,https://www.fragrantica.com/perfume/O-Boticario/Lily-Absolu-60561.html
118962,O Boticário,Lily Divine,2012,https://www.fragrantica.com/perfume/O-Boticario/Lily-Divine-19005.html
118963,O Boticário,Lily Eau de Parfum,2017,https://www.fragrantica.com/perfume/O-Boticario/Lily-Eau-de-Parfum-64415.html
118964,O Boticário,Lily Eau de Parfum 2021,2021,https://www.fragrantica.com/perfume/O-Boticario/Lily-Eau-de-Parfum-2021-70412.html
118965,O Boticário,Lily Essence,2006,https://www.fragrantica.com/perfume/O-Boticario/Lily-Essence-3989.html
118966,O Boticário,Lily Gardénia,2024,https://www.fragrantica.com/perfume/O-Boticario/Lily-Gardenia-99439.html
118967,O Boticário,Lily Le Parfum,2022,https://www.fragrantica.com/perfume/O-Boticario/Lily-Le-Parfum-75818.html
118968,O Boticário,Lily Lumière,2022,https://www.fragrantica.com/perfume/O-Boticario/Lily-Lumiere-74072.html
118969,O Boticário,Lily Splash,2021,https://www.fragrantica.com/perfume/O-Boticario/Lily-Splash-70414.html
118970,O Boticário,Lily Unique by Sara Matos,2022,https://www.fragrantica.com/perfume/O-Boticario/Lily-Unique-by-Sara-Matos-77997.html
118971,O Boticário,Limão & Patchouli,2016,https://www.fragrantica.com/perfume/O-Boticario/Limao-Patchouli-62636.html
118972,O Boticário,Linda,2003,https://www.fragrantica.com/perfume/O-Boticario/Linda-7320.html
118973,O Boticário,Linda Brasil,2005,https://www.fragrantica.com/perfume/O-Boticario/Linda-Brasil-33535.html
118974,O Boticário,Linda Fashion,2012,https://www.fragrantica.com/perfume/O-Boticario/Linda-Fashion-19004.html
118975,O Boticário,Linda Felicidade,2019,https://www.fragrantica.com/perfume/O-Boticario/Linda-Felicidade-57680.html
118976,O Boticário,Linda Inspiração,2013,https://www.fragrantica.com/perfume/O-Boticario/Linda-Inspiracao-33549.html
118977,O Boticário,Linda Irresistível,2023,https://www.fragrantica.com/perfume/O-Boticario/Linda-Irresistivel-81509.html
118978,O Boticário,Linda Lindinha,2013,https://www.fragrantica.com/perfume/O-Boticario/Linda-Lindinha-33548.html
118979,O Boticário,Linda Miami Sunset,,https://www.fragrantica.com/perfume/O-Boticario/Linda-Miami-Sunset-19002.html
118980,O Boticário,Linda na Dança,2014,https://www.fragrantica.com/perfume/O-Boticario/Linda-na-Danca-33550.html
118981,O Boticário,Linda Radiance,2012,https://www.fragrantica.com/perfume/O-Boticario/Linda-Radiance-19003.html
118982,O Boticário,Linda Summer,2016,https://www.fragrantica.com/perfume/O-Boticario/Linda-Summer-42916.html
118983,O Boticário,Linked He,,https://www.fragrantica.com/perfume/O-Boticario/Linked-He-7354.html
118984,O Boticário,Linked She,,https://www.fragrantica.com/perfume/O-Boticario/Linked-She-7321.html
118985,O Boticário,Liz,2020,https://www.fragrantica.com/perfume/O-Boticario/Liz-62270.html
118986,O Boticário,Liz Aura,2025,https://www.fragrantica.com/perfume/O-Boticario/Liz-Aura-108371.html
118987,O Boticário,Liz D'Essence,2026,https://www.fragrantica.com/perfume/O-Boticario/Liz-D-Essence-135875.html
118988,O Boticário,Liz Flora,2024,https://www.fragrantica.com/perfume/O-Boticario/Liz-Flora-92293.html
118989,O Boticário,Liz Intenso,2023,https://www.fragrantica.com/perfume/O-Boticario/Liz-Intenso-83841.html
118990,O Boticário,Liz Sublime,2022,https://www.fragrantica.com/perfume/O-Boticario/Liz-Sublime-73715.html
118991,O Boticário,Love Lily,2018,https://www.fragrantica.com/perfume/O-Boticario/Love-Lily-52642.html
118992,O Boticário,Lovely Portrait,2021,https://www.fragrantica.com/perfume/O-Boticario/Lovely-Portrait-78353.html
118993,O Boticário,Ma Chérie,1997,https://www.fragrantica.com/perfume/O-Boticario/Ma-Cherie-8315.html
118994,O Boticário,Ma Chérie Amie,,https://www.fragrantica.com/perfume/O-Boticario/Ma-Cherie-Amie-67795.html
118995,O Boticário,Ma Chérie Jeans,2004,https://www.fragrantica.com/perfume/O-Boticario/Ma-Cherie-Jeans-8316.html
118996,O Boticário,Ma Chérie Star,1998,https://www.fragrantica.com/perfume/O-Boticario/Ma-Cherie-Star-35483.html
118997,O Boticário,Make B. Africanissima,2016,https://www.fragrantica.com/perfume/O-Boticario/Make-B-Africanissima-40901.html
118998,O Boticário,Make B. Barbie Edition,2016,https://www.fragrantica.com/perfume/O-Boticario/Make-B-Barbie-Edition-40918.html
118999,O Boticário,Make B. Barroco Tropical,2014,https://www.fragrantica.com/perfume/O-Boticario/Make-B-Barroco-Tropical-37998.html
119000,O Boticário,Make B. Eau de Parfum,2014,https://www.fragrantica.com/perfume/O-Boticario/Make-B-Eau-de-Parfum-25793.html119001,O Boticário,Make B. Gold,2021,https://www.fragrantica.com/perfume/O-Boticario/Make-B-Gold-66046.html
119002,O Boticário,Make B. Lumina,2015,https://www.fragrantica.com/perfume/O-Boticario/Make-B-Lumina-34755.html
119003,O Boticário,Make B. Modern Asia,2017,https://www.fragrantica.com/perfume/O-Boticario/Make-B-Modern-Asia-44778.html
119004,O Boticário,Make B. Rio Sixties,2014,https://www.fragrantica.com/perfume/O-Boticario/Make-B-Rio-Sixties-25794.html
119005,O Boticário,Make B. Rosé,2021,https://www.fragrantica.com/perfume/O-Boticario/Make-B-Rose-66045.html
119006,O Boticário,Make B. Tropical Colors,2014,https://www.fragrantica.com/perfume/O-Boticario/Make-B-Tropical-Colors-31813.html
119007,O Boticário,make B. Universe,2015,https://www.parfumo.com/Perfumes/O_Boticario/make_B_Universe
119008,O Boticário,Make B. Universe Collection,2015,https://www.fragrantica.com/perfume/O-Boticario/Make-B-Universe-Collection-31781.html
119009,O Boticário,Make B. Urban Ballet,2016,https://www.fragrantica.com/perfume/O-Boticario/Make-B-Urban-Ballet-37997.html
119010,O Boticário,Malbec,2004,https://www.fragrantica.com/perfume/O-Boticario/Malbec-7355.html
119011,O Boticário,Malbec 20,2024,https://www.fragrantica.com/perfume/O-Boticario/Malbec-20-98383.html
119012,O Boticário,Malbec Absoluto,2013,https://www.fragrantica.com/perfume/O-Boticario/Malbec-Absoluto-33915.html
119013,O Boticário,Malbec Black,2019,https://www.fragrantica.com/perfume/O-Boticario/Malbec-Black-55804.html
119014,O Boticário,Malbec Black Legend,2026,https://www.fragrantica.com/perfume/O-Boticario/Malbec-Black-Legend-123579.html
119015,O Boticário,Malbec Bleu,2021,https://www.fragrantica.com/perfume/O-Boticario/Malbec-Bleu-66042.html
119016,O Boticário,Malbec Club Intenso,2018,https://www.fragrantica.com/perfume/O-Boticario/Malbec-Club-Intenso-50525.html
119017,O Boticário,Malbec Duo,2011,https://www.fragrantica.com/perfume/O-Boticario/Malbec-Duo-35252.html
119018,O Boticário,Malbec Duo Nebbiolo,2012,https://www.fragrantica.com/perfume/O-Boticario/Malbec-Duo-Nebbiolo-101320.html
119019,O Boticário,Malbec Eau de Parfum,2026,https://www.fragrantica.com/perfume/O-Boticario/Malbec-Eau-de-Parfum-138022.html
119020,O Boticário,Malbec Elegant,2023,https://www.fragrantica.com/perfume/O-Boticario/Malbec-Elegant-83898.html
119021,O Boticário,Malbec Flame,2020,https://www.fragrantica.com/perfume/O-Boticario/Malbec-Flame-62738.html
119022,O Boticário,Malbec Gold,2016,https://www.fragrantica.com/perfume/O-Boticario/Malbec-Gold-47644.html
119023,O Boticário,Malbec Gold (2020),2020,https://www.fragrantica.com/perfume/O-Boticario/Malbec-Gold-2020-101321.html
119024,O Boticário,Malbec Gran Reserva 2004,2012,https://www.fragrantica.com/perfume/O-Boticario/Malbec-Gran-Reserva-2004-18984.html
119025,O Boticário,Malbec Gran Reserva (2008),2008,https://www.fragrantica.com/perfume/O-Boticario/Malbec-Gran-Reserva-2008-101319.html
119026,O Boticário,Malbec Icon,2024,https://www.fragrantica.com/perfume/O-Boticario/Malbec-Icon-95921.html
119027,O Boticário,Malbec Magnetic,2018,https://www.fragrantica.com/perfume/O-Boticario/Malbec-Magnetic-52711.html
119028,O Boticário,Malbec Noir,2015,https://www.fragrantica.com/perfume/O-Boticario/Malbec-Noir-33432.html
119029,O Boticário,Malbec Noir Intenso,2017,https://www.fragrantica.com/perfume/O-Boticario/Malbec-Noir-Intenso-46537.html
119030,O Boticário,Malbec Play,2017,https://www.fragrantica.com/perfume/O-Boticario/Malbec-Play-46538.html
119031,O Boticário,Malbec Pure Gold,2025,https://www.fragrantica.com/perfume/O-Boticario/Malbec-Pure-Gold-111625.html
119032,O Boticário,Malbec Reserva Especial,2019,https://www.fragrantica.com/perfume/O-Boticario/Malbec-Reserva-Especial-116651.html
119033,O Boticário,Malbec Signature,2018,https://www.fragrantica.com/perfume/O-Boticario/Malbec-Signature-52818.html
119034,O Boticário,Malbec Splash,2026,https://www.fragrantica.com/perfume/O-Boticario/Malbec-Splash-135196.html
119035,O Boticário,Malbec Sport,2016,https://www.fragrantica.com/perfume/O-Boticario/Malbec-Sport-41727.html
119036,O Boticário,Malbec Supremo,2014,https://www.fragrantica.com/perfume/O-Boticario/Malbec-Supremo-35251.html
119037,O Boticário,Malbec Ultra Bleu,2022,https://www.fragrantica.com/perfume/O-Boticario/Malbec-Ultra-Bleu-75487.html
119038,O Boticário,Malbec Vert,2019,https://www.fragrantica.com/perfume/O-Boticario/Malbec-Vert-58230.html
119039,O Boticário,Malbec X,2022,https://www.fragrantica.com/perfume/O-Boticario/Malbec-X-72694.html
119040,O Boticário,Malitzia,1988,https://www.fragrantica.com/perfume/O-Boticario/Malitzia-66366.html
119041,O Boticário,Mamie Bella,,https://www.fragrantica.com/perfume/O-Boticario/Mamie-Bella-19224.html
119042,O Boticário,Matcha,2020,https://www.fragrantica.com/perfume/O-Boticario/Matcha-61435.html
119043,O Boticário,Memórias Divertida-Mente 2,2024,https://www.fragrantica.com/perfume/O-Boticario/Memorias-Divertida-Mente-2-97484.html
119044,O Boticário,Men,2015,https://www.fragrantica.com/perfume/O-Boticario/Men-32149.html
119045,O Boticário,Men 2021,2021,https://www.fragrantica.com/perfume/O-Boticario/Men-2021-65124.html
119046,O Boticário,Men & Brahma,2023,https://www.fragrantica.com/perfume/O-Boticario/Men-Brahma-83897.html
119047,O Boticário,Men Classic,,https://www.parfumo.com/Perfumes/O_Boticario/men-classic
119048,O Boticário,Men Galbe,,https://www.parfumo.com/Perfumes/O_Boticario/Men_Galbe
119049,O Boticário,Men NBA,2025,https://www.fragrantica.com/perfume/O-Boticario/Men-NBA-104619.html
119050,O Boticário,Men Only,2016,https://www.fragrantica.com/perfume/O-Boticario/Men-Only-38547.html
119051,O Boticário,Morango e Rosas Brancas,2011,https://www.fragrantica.com/perfume/O-Boticario/Morango-e-Rosas-Brancas-34156.html
119052,O Boticário,Morango Ruby,2022,https://www.fragrantica.com/perfume/O-Boticario/Morango-Ruby-74601.html
119053,O Boticário,Musk,1994,https://www.fragrantica.com/perfume/O-Boticario/Musk-63336.html
119054,O Boticário,My Lily,2016,https://www.fragrantica.com/perfume/O-Boticario/My-Lily-42111.html
119055,O Boticário,My Love,1983,https://www.fragrantica.com/perfume/O-Boticario/My-Love-38437.html
119056,O Boticário,Myriad,1998,https://www.fragrantica.com/perfume/O-Boticario/Myriad-7322.html
119057,O Boticário,Myriad Blanc,2007,https://www.fragrantica.com/perfume/O-Boticario/Myriad-Blanc-33474.html
119058,O Boticário,Myriad Celebrare,2008,https://www.fragrantica.com/perfume/O-Boticario/Myriad-Celebrare-33475.html
119059,O Boticário,Nativa Spa - Açaí,,https://www.parfumo.com/Perfumes/O_Boticario/nativa-spa-acai
119060,O Boticário,Nativa SPA Açaí Senses,2012,https://www.fragrantica.com/perfume/O-Boticario/Nativa-SPA-Acai-Senses-19234.html
119061,O Boticário,Nativa Spa - Águas de Baobá e Tamanu,,https://www.parfumo.com/Perfumes/O_Boticario/Nativa_Spa__guas_de_Baoba_e_Tamanu
119062,O Boticário,Nativa Spa - Águas de Jabuticaba e Castanha,2013,https://www.parfumo.com/Perfumes/O_Boticario/Nativa_Spa_guas_de_Jabuticaba_e_Castanha
119063,O Boticário,Nativa Spa - Águas de Kiwi,2013,https://www.parfumo.com/Perfumes/O_Boticario/Nativa_Spa__guas_de_Kiwi
119064,O Boticário,Nativa Spa - Águas de Lichia,2013,https://www.parfumo.com/Perfumes/O_Boticario/Nativa_Spa_guas_de_Lichia
119065,O Boticário,Nativa Spa - Águas de Melissa e Alecrim,,https://www.parfumo.com/Perfumes/O_Boticario/Nativa_Spa__guas_de_Melissa_e_Alecrim
119066,O Boticário,Nativa Spa - Águas de Pitanga,2013,https://www.parfumo.com/Perfumes/O_Boticario/Nativa_Spa_guas_de_Pitanga
119067,O Boticário,Nativa Spa - Águas de Pitaya,,https://www.parfumo.com/Perfumes/O_Boticario/Nativa_Spa__guas_de_Pitaya
119068,O Boticário,Nativa Spa - Ameixa Nativa Spa - Águas de Ameixa,2013,https://www.parfumo.com/Perfumes/O_Boticario/nativa-spa-ameixa-nativa-spa-aguas-de-ameixa
119069,O Boticário,Nativa Spa - Ameixa Negra,2019,https://www.parfumo.com/Perfumes/O_Boticario/Nativa_Spa__Ameixa_Negra
119070,O Boticário,Nativa SPA Ameixa Senses,2012,https://www.fragrantica.com/perfume/O-Boticario/Nativa-SPA-Ameixa-Senses-19235.html
119071,O Boticário,Nativa Spa - Baunilha de Madagascar,2016,https://www.parfumo.com/Perfumes/O_Boticario/nativa-spa-baunilha-de-madagascar
119072,O Boticário,Nativa Spa - Baunilha Real,2019,https://www.parfumo.com/Perfumes/O_Boticario/nativa-spa-baunilha-real
119073,O Boticário,Nativa SPA Blueberry Senses,2012,https://www.fragrantica.com/perfume/O-Boticario/Nativa-SPA-Blueberry-Senses-19233.html
119074,O Boticário,Nativa Spa - Caviar,,https://www.parfumo.com/Perfumes/O_Boticario/nativa-spa-caviar
119075,O Boticário,Nativa Spa Celebrando a Delicadeza do Amor,2014,https://www.fragrantica.com/perfume/O-Boticario/Nativa-Spa-Celebrando-a-Delicadeza-do-Amor-40929.html
119076,O Boticário,Nativa Spa Delícias de Um Encontro Apaixonante,2014,https://www.fragrantica.com/perfume/O-Boticario/Nativa-Spa-Delicias-de-Um-Encontro-Apaixonante-40930.html
119077,O Boticário,Nativa Spa - Divine Caviar,2019,https://www.parfumo.com/Perfumes/O_Boticario/nativa-spa-divine-caviar
119078,O Boticário,Nativa Spa - Flor de Ameixa,,https://www.parfumo.com/Perfumes/O_Boticario/nativa-spa-flor-de-ameixa
119079,O Boticário,Nativa Spa Ginseng & Cafeína,,https://huggingface.co/datasets/doevent/perfume
119080,O Boticário,Nativa SPA Guaraná Senses,2012,https://www.fragrantica.com/perfume/O-Boticario/Nativa-SPA-Guarana-Senses-19230.html
119081,O Boticário,Nativa Spa - Karité,2018,https://www.parfumo.com/Perfumes/O_Boticario/nativa-spa-karite
119082,O Boticário,Nativa Spa - Limão & Patchouli Nativa Spa - Águas de Limão e Patchouli,2013,https://www.parfumo.com/Perfumes/O_Boticario/nativa-spa-limao-patchouli-nativa-spa-aguas-de-limao-e-patchouli
119083,O Boticário,Nativa SPA Mandarin + Damask,,https://www.fragrantica.com/perfume/O-Boticario/Nativa-SPA-Mandarin-Damask-7336.html
119084,O Boticário,Nativa Spa - Mandarina + Damasco,2007,https://www.parfumo.com/Perfumes/O_Boticario/Nativa_Spa_Mandarina__Damasco
119085,O Boticário,Nativa Spa - Matcha,2020,https://www.parfumo.com/Perfumes/O_Boticario/nativa-spa-matcha
119086,O Boticário,Nativa Spa Orquídea Noire (Body Mist),,https://huggingface.co/datasets/doevent/perfume
119087,O Boticário,Nativa SPA Petitgrain + Cedar,,https://www.fragrantica.com/perfume/O-Boticario/Nativa-SPA-Petitgrain-Cedar-7337.html
119088,O Boticário,Nativa Spa - Petitgrain + Cedro,2007,https://www.parfumo.com/Perfumes/O_Boticario/Nativa_Spa_Petitgrain__Cedro
119089,O Boticário,Nativa Spa Poder de Uma Noite Fascinante,2014,https://www.fragrantica.com/perfume/O-Boticario/Nativa-Spa-Poder-de-Uma-Noite-Fascinante-40928.html
119090,O Boticário,Nativa Spa - Queen Vanilla,2019,https://www.parfumo.com/Perfumes/O_Boticario/nativa-spa-queen-vanilla
119091,O Boticário,Nativa Spa - Quinoa,2019,https://www.parfumo.com/Perfumes/O_Boticario/nativa-spa-quinoa
119092,O Boticário,Nativa Spa - Rosas + Cassis,2007,https://www.parfumo.com/Perfumes/O_Boticario/Nativa_Spa_Rosas__Cassis
119093,O Boticário,Nativa Spa - Rosé,,https://www.parfumo.com/Perfumes/O_Boticario/nativa-spa-rose
119094,O Boticário,Nativa SPA Rose + Cassis,,https://www.fragrantica.com/perfume/O-Boticario/Nativa-SPA-Rose-Cassis-7338.html
119095,O Boticário,Nativa Spa - Royal Plum,2019,https://www.parfumo.com/Perfumes/O_Boticario/nativa-spa-royal-plum
119096,O Boticário,Nativa Spa Royal Plumm,,https://huggingface.co/datasets/doevent/perfume
119097,O Boticário,Nativa Spa - Senses Delícias de Um Encontro Apaixonante Nativa Spa - Ameixa Senses,,https://www.parfumo.com/Perfumes/O_Boticario/nativa-spa-senses-delicias-de-um-encontro-apaixonante-nativa-spa-ameixa-senses
119098,O Boticário,Nativa Spa - Senses Inesquecível Primavera de Amor Nativa Spa - Violeta Senses,,https://www.parfumo.com/Perfumes/O_Boticario/nativa-spa-senses-inesquecivel-primavera-de-amor-nativa-spa-violeta-senses
119099,O Boticário,Nativa Spa - Senses Irresistível Vibração à Beira-Mar Nativa Spa - Açaí Senses,,https://www.parfumo.com/Perfumes/O_Boticario/nativa-spa-senses-irresistivel-vibracao-a-beira-mar-nativa-spa-acai-senses
119100,O Boticário,Nativa Spa - Verbena,2018,https://www.parfumo.com/Perfumes/O_Boticario/nativa-spa-verbena
119101,O Boticário,Nativa SPA Verbena Senses,2012,https://www.fragrantica.com/perfume/O-Boticario/Nativa-SPA-Verbena-Senses-19232.html
119102,O Boticário,Nativa SPA Violet + White Sandal,,https://www.fragrantica.com/perfume/O-Boticario/Nativa-SPA-Violet-White-Sandal-7339.html
119103,O Boticário,Nativa Spa - Violeta + Sándalo Branco,,https://www.parfumo.com/Perfumes/O_Boticario/Nativa_Spa_Violeta__Sandalo_Branco
119104,O Boticário,Nativa SPA Violeta Senses,,https://www.fragrantica.com/perfume/O-Boticario/Nativa-SPA-Violeta-Senses-19231.html
119105,O Boticário,Netflix Sex Education 2022,2022,https://huggingface.co/datasets/doevent/perfume
119106,O Boticário,New Acqua Fresca,2017,https://www.fragrantica.com/perfume/O-Boticario/New-Acqua-Fresca-48687.html
119107,O Boticário,Next Spider Man,2025,https://www.fragrantica.com/perfume/O-Boticario/Next-Spider-Man-116067.html
119108,O Boticário,North Wind,,https://www.fragrantica.com/perfume/O-Boticario/North-Wind-7356.html
119109,O Boticário,Obsessive Mystery,2021,https://www.fragrantica.com/perfume/O-Boticario/Obsessive-Mystery-78358.html
119110,O Boticário,On Me,,https://huggingface.co/datasets/doevent/perfume
119111,O Boticário,On You,,https://huggingface.co/datasets/doevent/perfume
119112,O Boticário,One of Us,1997,https://www.fragrantica.com/perfume/O-Boticario/One-of-Us-34184.html
119113,O Boticário,One of Us Man,,https://www.parfumo.com/Perfumes/O_Boticario/One_of_Us_Man
119114,O Boticário,One of Us Woman,,https://www.parfumo.com/Perfumes/O_Boticario/One_of_Us_Woman
119115,O Boticário,Oopss! Ops!Fashion,,https://www.parfumo.com/Perfumes/O_Boticario/Oops_OpsFashion
119116,O Boticário,Ops! Casual,2004,https://www.fragrantica.com/perfume/O-Boticario/Ops-Casual-57652.html
119117,O Boticário,Ops! Fashion,,https://www.fragrantica.com/perfume/O-Boticario/Ops-Fashion-7340.html
119118,O Boticário,Ops! In Blue,1996,https://www.fragrantica.com/perfume/O-Boticario/Ops-In-Blue-38465.html
119119,O Boticário,Ops! In Green,1996,https://www.fragrantica.com/perfume/O-Boticario/Ops-In-Green-38463.html
119120,O Boticário,Ops! In Red,1996,https://www.fragrantica.com/perfume/O-Boticario/Ops-In-Red-38469.html
119121,O Boticário,Original,,https://huggingface.co/datasets/doevent/perfume
119122,O Boticário,Orquídea Lumière,2025,https://www.fragrantica.com/perfume/O-Boticario/Orquidea-Lumiere-117142.html
119123,O Boticário,Orquídea Noire,2023,https://www.fragrantica.com/perfume/O-Boticario/Orquidea-Noire-81600.html
119124,O Boticário,Petit Pois,2024,https://www.fragrantica.com/perfume/O-Boticario/Petit-Pois-91741.html
119125,O Boticário,Petit Sophie Fantasy,,https://www.fragrantica.com/perfume/O-Boticario/Petit-Sophie-Fantasy-46542.html
119126,O Boticário,Petit Sophie Jeans,,https://www.fragrantica.com/perfume/O-Boticario/Petit-Sophie-Jeans-46543.html
119127,O Boticário,Petit Sophie Magic,,https://www.fragrantica.com/perfume/O-Boticario/Petit-Sophie-Magic-46541.html
119128,O Boticário,Pleasure Shot,2021,https://www.fragrantica.com/perfume/O-Boticario/Pleasure-Shot-78355.html
119129,O Boticário,Poppy,2025,https://www.fragrantica.com/perfume/O-Boticario/Poppy-110692.html
119130,O Boticário,Portinari,1998,https://www.fragrantica.com/perfume/O-Boticario/Portinari-7357.html
119131,O Boticário,Portinari Absoluto,2023,https://www.fragrantica.com/perfume/O-Boticario/Portinari-Absoluto-87629.html
119132,O Boticário,Portinari Memórias,2014,https://www.fragrantica.com/perfume/O-Boticario/Portinari-Memorias-38074.html
119133,O Boticário,Portinari Memórias 2025,2025,https://www.fragrantica.com/perfume/O-Boticario/Portinari-Memorias-2025-116069.html
119134,O Boticário,Portinari Pipas,2014,https://www.fragrantica.com/perfume/O-Boticario/Portinari-Pipas-38075.html
119135,O Boticário,Quasar,,https://www.parfumo.com/Perfumes/O_Boticario/quasar
119136,O Boticário,Quasar 2019,2019,https://www.fragrantica.com/perfume/O-Boticario/Quasar-2019-61850.html
119137,O Boticário,Quasar Brasil,2014,https://www.fragrantica.com/perfume/O-Boticario/Quasar-Brasil-35250.html
119138,O Boticário,Quasar Brave,2019,https://www.fragrantica.com/perfume/O-Boticario/Quasar-Brave-53752.html
119139,O Boticário,Quasar Classic,1990,https://www.fragrantica.com/perfume/O-Boticario/Quasar-Classic-7359.html
119140,O Boticário,Quasar Deep Blue,2024,https://www.fragrantica.com/perfume/O-Boticario/Quasar-Deep-Blue-98365.html
119141,O Boticário,Quasar Drop XX,2019,https://www.fragrantica.com/perfume/O-Boticario/Quasar-Drop-XX-58296.html
119142,O Boticário,Quasar Drop XY,2019,https://www.fragrantica.com/perfume/O-Boticario/Quasar-Drop-XY-58295.html
119143,O Boticário,Quasar Evolution,2015,https://www.fragrantica.com/perfume/O-Boticario/Quasar-Evolution-34684.html
119144,O Boticário,Quasar Feminino,2020,https://www.fragrantica.com/perfume/O-Boticario/Quasar-Feminino-68715.html
119145,O Boticário,Quasar Fire,2005,https://www.fragrantica.com/perfume/O-Boticario/Quasar-Fire-7358.html
119146,O Boticário,Quasar Fire Feminino,,https://www.parfumo.com/Perfumes/O_Boticario/Quasar_Fire_Feminino
119147,O Boticário,Quasar Forever Energy,2014,https://www.fragrantica.com/perfume/O-Boticario/Quasar-Forever-Energy-35249.html
119148,O Boticário,Quasar Graffiti,2020,https://www.fragrantica.com/perfume/O-Boticario/Quasar-Graffiti-59224.html
119149,O Boticário,Quasar Ice,2021,https://www.fragrantica.com/perfume/O-Boticario/Quasar-Ice-67916.html
119150,O Boticário,Quasar Next,2019,https://www.fragrantica.com/perfume/O-Boticario/Quasar-Next-58757.html
119151,O Boticário,Quasar Next Disney 100 Anos Simba,2023,https://www.fragrantica.com/perfume/O-Boticario/Quasar-Next-Disney-100-Anos-Simba-85354.html
119152,O Boticário,Quasar Next Disney 100 Anos Stitch,2023,https://www.fragrantica.com/perfume/O-Boticario/Quasar-Next-Disney-100-Anos-Stitch-85355.html
119153,O Boticário,Quasar Next Divertida-Mente 2,2024,https://www.fragrantica.com/perfume/O-Boticario/Quasar-Next-Divertida-Mente-2-97483.html
119154,O Boticário,Quasar Next Star Wars The Mandalorian,2021,https://www.fragrantica.com/perfume/O-Boticario/Quasar-Next-Star-Wars-The-Mandalorian-69532.html
119155,O Boticário,Quasar Next Wakanda Forever,2022,https://www.fragrantica.com/perfume/O-Boticario/Quasar-Next-Wakanda-Forever-76529.html
119156,O Boticário,Quasar Onix,2013,https://www.fragrantica.com/perfume/O-Boticario/Quasar-Onix-15342.html
119157,O Boticário,Quasar Oxygen,,https://www.fragrantica.com/perfume/O-Boticario/Quasar-Oxygen-19269.html
119158,O Boticário,Quasar Quest,2013,https://www.fragrantica.com/perfume/O-Boticario/Quasar-Quest-33914.html
119159,O Boticário,Quasar Rush,2021,https://www.fragrantica.com/perfume/O-Boticario/Quasar-Rush-71314.html
119160,O Boticário,Quasar Surf,2017,https://www.fragrantica.com/perfume/O-Boticario/Quasar-Surf-45315.html
119161,O Boticário,Quasar Vision,2023,https://www.fragrantica.com/perfume/O-Boticario/Quasar-Vision-87248.html
119162,O Boticário,Queen Vanilla,2019,https://www.fragrantica.com/perfume/O-Boticario/Queen-Vanilla-54575.html
119163,O Boticário,Quinoa,2019,https://www.fragrantica.com/perfume/O-Boticario/Quinoa-57532.html
119164,O Boticário,Ravel,1992,https://www.fragrantica.com/perfume/O-Boticario/Ravel-72164.html
119165,O Boticário,Red,,https://huggingface.co/datasets/doevent/perfume
119166,O Boticário,Red Blossom,,https://huggingface.co/datasets/doevent/perfume
119167,O Boticário,Rhea,2005,https://www.fragrantica.com/perfume/O-Boticario/Rhea-7341.html
119168,O Boticário,Rio que Anima,2014,https://www.fragrantica.com/perfume/O-Boticario/Rio-que-Anima-33836.html
119169,O Boticário,Rio que Curte,2014,https://www.fragrantica.com/perfume/O-Boticario/Rio-que-Curte-33845.html
119170,O Boticário,Rio que Encanta,2014,https://www.fragrantica.com/perfume/O-Boticario/Rio-que-Encanta-33837.html
119171,O Boticário,Rio que Vibra,2014,https://www.fragrantica.com/perfume/O-Boticario/Rio-que-Vibra-33890.html
119172,O Boticário,Rosas Secretas,2026,https://www.fragrantica.com/perfume/O-Boticario/Rosas-Secretas-128393.html
119173,O Boticário,Rosé,2020,https://www.fragrantica.com/perfume/O-Boticario/Rose-60778.html
119174,O Boticário,Royal Plum,2019,https://www.fragrantica.com/perfume/O-Boticario/Royal-Plum-54576.html
119175,O Boticário,Royalty,,https://www.fragrantica.com/perfume/O-Boticario/Royalty-7342.html
119176,O Boticário,Royalty Celebrare,2009,https://www.fragrantica.com/perfume/O-Boticario/Royalty-Celebrare-40926.html
119177,O Boticário,Samurai,1980,https://www.fragrantica.com/perfume/O-Boticario/Samurai-68952.html
119178,O Boticário,Secret Blooming,2021,https://www.fragrantica.com/perfume/O-Boticario/Secret-Blooming-78354.html
119179,O Boticário,Sensuelle Essence,2000,https://www.fragrantica.com/perfume/O-Boticario/Sensuelle-Essence-9779.html
119180,O Boticário,Shopie Miraculous,2020,https://www.fragrantica.com/perfume/O-Boticario/Shopie-Miraculous-63419.html
119181,O Boticário,Sienna,1988,https://www.fragrantica.com/perfume/O-Boticario/Sienna-36656.html
119182,O Boticário,Sir Seduction,2021,https://www.fragrantica.com/perfume/O-Boticario/Sir-Seduction-78360.html
119183,O Boticário,Sitar,2009,https://www.fragrantica.com/perfume/O-Boticario/Sitar-41728.html
119184,O Boticário,Sophie Candy,2018,https://www.fragrantica.com/perfume/O-Boticario/Sophie-Candy-60482.html
119185,O Boticário,Sophie Disney 100 Anos Mulan,2023,https://www.fragrantica.com/perfume/O-Boticario/Sophie-Disney-100-Anos-Mulan-85357.html
119186,O Boticário,Sophie Disney 100 Anos Tiana,2023,https://www.fragrantica.com/perfume/O-Boticario/Sophie-Disney-100-Anos-Tiana-85356.html
119187,O Boticário,Sophie Disney Wish,2023,https://www.fragrantica.com/perfume/O-Boticario/Sophie-Disney-Wish-88947.html
119188,O Boticário,Sophie Divertida-Mente 2,2024,https://www.fragrantica.com/perfume/O-Boticario/Sophie-Divertida-Mente-2-97482.html
119189,O Boticário,Sophie Happy,2018,https://www.fragrantica.com/perfume/O-Boticario/Sophie-Happy-60479.html
119190,O Boticário,Sophie Hello,2018,https://www.fragrantica.com/perfume/O-Boticario/Sophie-Hello-60480.html
119191,O Boticário,Sophie Like,2018,https://www.fragrantica.com/perfume/O-Boticario/Sophie-Like-60481.html
119192,O Boticário,Sophie Miraculous,,https://huggingface.co/datasets/doevent/perfume
119193,O Boticário,Sophie Moana,2021,https://www.fragrantica.com/perfume/O-Boticario/Sophie-Moana-69451.html
119194,O Boticário,Sophie Spider Gwen,2025,https://www.fragrantica.com/perfume/O-Boticario/Sophie-Spider-Gwen-116068.html
119195,O Boticário,Sophie Teens,2009,https://www.fragrantica.com/perfume/O-Boticario/Sophie-Teens-42917.html
119196,O Boticário,Sophie Toy Story 5 Amizade Iluminada,2026,https://www.fragrantica.com/perfume/O-Boticario/Sophie-Toy-Story-5-Amizade-Iluminada-137152.html
119197,O Boticário,Sophie Toy Story 5 Brilho Intergaláctico,2026,https://www.fragrantica.com/perfume/O-Boticario/Sophie-Toy-Story-5-Brilho-Intergalactico-137153.html
119198,O Boticário,Sophie Toy Story 5 Chapéu Cintilante,2026,https://www.fragrantica.com/perfume/O-Boticario/Sophie-Toy-Story-5-Chapeu-Cintilante-137154.html
119199,O Boticário,Sophie Wakanda Forever,2022,https://www.fragrantica.com/perfume/O-Boticario/Sophie-Wakanda-Forever-76528.html
119200,O Boticário,Speed,,https://www.parfumo.com/Perfumes/O_Boticario/Speed
119201,O Boticário,Speed Man,,https://www.fragrantica.com/perfume/O-Boticario/Speed-Man-7360.html
119202,O Boticário,Spicy Vibe,,https://huggingface.co/datasets/doevent/perfume
119203,O Boticário,Spirit of Flowers,1993,https://www.fragrantica.com/perfume/O-Boticario/Spirit-of-Flowers-38472.html
119204,O Boticário,Spulókis Colônia,2012,https://www.fragrantica.com/perfume/O-Boticario/Spulokis-Colonia-41794.html
119205,O Boticário,Spulókis - Colônia Meninas,,https://www.parfumo.com/Perfumes/O_Boticario/Spulkis_Colonia_Meninas
119206,O Boticário,Spulókis - Colônia Meninos,,https://www.parfumo.com/Perfumes/O_Boticario/Spulkis_Colonia_Meninos
119207,O Boticário,Styletto,1985,https://www.fragrantica.com/perfume/O-Boticario/Styletto-7361.html
119208,O Boticário,Styletto Elegance,,https://www.fragrantica.com/perfume/O-Boticario/Styletto-Elegance-18989.html
119209,O Boticário,Styletto Intense,2012,https://www.fragrantica.com/perfume/O-Boticario/Styletto-Intense-16108.html
119210,O Boticário,Styletto Silver,2010,https://www.fragrantica.com/perfume/O-Boticario/Styletto-Silver-57911.html
119211,O Boticário,Tarsila,2002,https://www.fragrantica.com/perfume/O-Boticario/Tarsila-7343.html
119212,O Boticário,Tarsila Rouge,2006,https://www.fragrantica.com/perfume/O-Boticario/Tarsila-Rouge-34504.html
119213,O Boticário,Tentações - Egeo Agarre,2015,https://www.parfumo.com/Perfumes/O_Boticario/7_Tentaces__Egeo_Agarre
119214,O Boticário,Tentações - Egeo Atraia,,https://www.parfumo.com/Perfumes/O_Boticario/7_Tentaces__Egeo_Atraia
119215,O Boticário,Tentações - Egeo Deseje,2015,https://www.parfumo.com/Perfumes/O_Boticario/7_Tentaces__Egeo_Deseje
119216,O Boticário,Tentações - Egeo Desfrute,,https://www.parfumo.com/Perfumes/O_Boticario/7_Tentaces__Egeo_Desfrute
119217,O Boticário,Tentações - Egeo Devore,,https://www.parfumo.com/Perfumes/O_Boticario/7_Tentaces__Egeo_Devore
119218,O Boticário,Tentações - Egeo Provoque,,https://www.parfumo.com/Perfumes/O_Boticario/7_Tentaces__Egeo_Provoque
119219,O Boticário,Tentações - Egeo Seduza,,https://www.parfumo.com/Perfumes/O_Boticario/7_Tentaces__Egeo_Seduza
119220,O Boticário,Thaty,1980,https://www.fragrantica.com/perfume/O-Boticario/Thaty-7344.html
119221,O Boticário,Thaty Amando,2004,https://www.fragrantica.com/perfume/O-Boticario/Thaty-Amando-57327.html
119222,O Boticário,Thaty Confeti,2010,https://www.fragrantica.com/perfume/O-Boticario/Thaty-Confeti-41731.html
119223,O Boticário,Thaty Kiss,2009,https://www.fragrantica.com/perfume/O-Boticario/Thaty-Kiss-57329.html
119224,O Boticário,Thaty Princess,2010,https://www.fragrantica.com/perfume/O-Boticario/Thaty-Princess-18991.html
119225,O Boticário,Thaty Princess Happy,2012,https://www.fragrantica.com/perfume/O-Boticario/Thaty-Princess-Happy-18992.html
119226,O Boticário,Thaty Princess Midnight,2011,https://www.parfumo.com/Perfumes/O_Boticario/Thaty_Princess_Midnight
119227,O Boticário,The Blend Amber Saffron,2026,https://www.fragrantica.com/perfume/O-Boticario/The-Blend-Amber-Saffron-130968.html
119228,O Boticário,The Blend Bourbon,2019,https://www.fragrantica.com/perfume/O-Boticario/The-Blend-Bourbon-56164.html
119229,O Boticário,The Blend Cardamom,2021,https://www.fragrantica.com/perfume/O-Boticario/The-Blend-Cardamom-70869.html
119230,O Boticário,The Blend Eau de Parfum,2019,https://www.fragrantica.com/perfume/O-Boticario/The-Blend-Eau-de-Parfum-56163.html
119231,O Boticário,The Blend Splash,2020,https://www.fragrantica.com/perfume/O-Boticario/The-Blend-Splash-94402.html
119232,O Boticário,Tobacco,2025,https://www.fragrantica.com/perfume/O-Boticario/Tobacco-110693.html
119233,O Boticário,Tomate,2024,https://www.fragrantica.com/perfume/O-Boticario/Tomate-91738.html
119234,O Boticário,Triumph,2001,https://www.fragrantica.com/perfume/O-Boticario/Triumph-43648.html
119235,O Boticário,Tuareg,1993,https://www.fragrantica.com/perfume/O-Boticario/Tuareg-34049.html
119236,O Boticário,Unforgettable Spring Love (Inesquecivel Primavera de Amor),2013,https://www.fragrantica.com/perfume/O-Boticario/Unforgettable-Spring-Love-Inesquecivel-Primavera-de-Amor-25683.html
119237,O Boticário,Uomini,1996,https://www.fragrantica.com/perfume/O-Boticario/Uomini-7363.html
119238,O Boticário,Uomini Black,2006,https://www.fragrantica.com/perfume/O-Boticario/Uomini-Black-12714.html
119239,O Boticário,Uomini Infinite,2022,https://www.fragrantica.com/perfume/O-Boticario/Uomini-Infinite-74635.html
119240,O Boticário,Uomini Mediterraneo,2011,https://www.fragrantica.com/perfume/O-Boticario/Uomini-Mediterraneo-12715.html
119241,O Boticário,Uomini Moto Soul,2018,https://www.fragrantica.com/perfume/O-Boticario/Uomini-Moto-Soul-50881.html
119242,O Boticário,Uomini Origem,2015,https://www.fragrantica.com/perfume/O-Boticario/Uomini-Origem-34685.html
119243,O Boticário,Uomini Spirit,2024,https://www.fragrantica.com/perfume/O-Boticario/Uomini-Spirit-97155.html
119244,O Boticário,Uomini Sport,,https://www.fragrantica.com/perfume/O-Boticario/Uomini-Sport-7362.html
119245,O Boticário,Uva Merlot,2025,https://www.fragrantica.com/perfume/O-Boticario/Uva-Merlot-104618.html
119246,O Boticário,Vanilla Ubesession,2026,https://www.fragrantica.com/perfume/O-Boticario/Vanilla-Ubesession-139305.html
119247,O Boticário,Vanilla Vibe,,https://huggingface.co/datasets/doevent/perfume
119248,O Boticário,Verbena,2018,https://www.fragrantica.com/perfume/O-Boticario/Verbena-56344.html
119249,O Boticário,Vert,1999,https://www.fragrantica.com/perfume/O-Boticario/Vert-43649.html
119250,O Boticário,Vetiver Brasil,,https://www.fragrantica.com/perfume/O-Boticario/Vetiver-Brasil-7364.html
119251,O Boticário,Viagem Encantada,2019,https://www.fragrantica.com/perfume/O-Boticario/Viagem-Encantada-54610.html
119252,O Boticário,Viva Acqua Fresca,2022,https://www.fragrantica.com/perfume/O-Boticario/Viva-Acqua-Fresca-74752.html
119253,O Boticário,Xtreme,,https://www.fragrantica.com/perfume/O-Boticario/Xtreme-7365.html
119254,O Boticário,Xtreme Freestyle,2012,https://www.parfumo.com/Perfumes/O_Boticario/Xtreme_Freestyle
119255,O Boticário,Xtreme Xplosion,2011,https://www.fragrantica.com/perfume/O-Boticario/Xtreme-Xplosion-12618.html
119256,O Boticário,Yang,1991,https://www.fragrantica.com/perfume/O-Boticario/Yang-34046.html
119257,O Boticário,Zaad,2006,https://www.fragrantica.com/perfume/O-Boticario/Zaad-3990.html
119258,O Boticário,Zaad Amber,2010,https://www.fragrantica.com/perfume/O-Boticario/Zaad-Amber-12987.html
119259,O Boticário,Zaad Arctic,2023,https://www.fragrantica.com/perfume/O-Boticario/Zaad-Arctic-82082.html
119260,O Boticário,Zaad Exclusive,2012,https://www.fragrantica.com/perfume/O-Boticario/Zaad-Exclusive-18985.html
119261,O Boticário,Zaad Expedition,2022,https://www.fragrantica.com/perfume/O-Boticario/Zaad-Expedition-76828.html
119262,O Boticário,Zaad Expedition Splash,2022,https://www.fragrantica.com/perfume/O-Boticario/Zaad-Expedition-Splash-94404.html
119263,O Boticário,Zaad Go,2019,https://www.fragrantica.com/perfume/O-Boticario/Zaad-Go-57089.html
119264,O Boticário,Zaad Infinity,2026,https://www.fragrantica.com/perfume/O-Boticario/Zaad-Infinity-141144.html
119265,O Boticário,Zaad Intense,2025,https://www.fragrantica.com/perfume/O-Boticario/Zaad-Intense-113432.html
119266,O Boticário,Zaad Mondo,2017,https://www.fragrantica.com/perfume/O-Boticario/Zaad-Mondo-46539.html
119267,O Boticário,Zaad Santal,2021,https://www.fragrantica.com/perfume/O-Boticario/Zaad-Santal-68474.html
119268,O Boticário,Zaad Splash,2024,https://www.fragrantica.com/perfume/O-Boticario/Zaad-Splash-94403.html
119269,O Boticário,Zaad Venture,2024,https://www.fragrantica.com/perfume/O-Boticario/Zaad-Venture-93240.html
119270,O Boticário,Zaad Vision,2015,https://www.fragrantica.com/perfume/O-Boticario/Zaad-Vision-32260.html
119271,O Boticário,Zingara,1986,https://www.fragrantica.com/perfume/O-Boticario/Zingara-34155.html
119272,O'Driu,42,2021,https://www.fragrantica.com/perfume/O-Driu/42-96458.html
119273,O'Driu,Allegradonna,2012,https://www.fragrantica.com/perfume/O-Driu/Allegradonna-16438.html
119274,O'Driu,Bellum et Vigor,2015,https://www.parfumo.com/Perfumes/ODriu/Bellum_et_Vigor
119275,O'Driu,Capite,2021,https://www.fragrantica.com/perfume/O-Driu/Capite-96456.html
119276,O'Driu,Captivus,2015,https://www.fragrantica.com/perfume/O-Driu/Captivus-29973.html
119277,O'Driu,Det,2015,https://www.fragrantica.com/perfume/O-Driu/Det-31048.html
119278,O'Driu,Eva Kant,2013,https://www.fragrantica.com/perfume/O-Driu/Eva-Kant-20805.html
119279,O'Driu,Gothic Angel,2016,https://www.fragrantica.com/perfume/O-Driu/Gothic-Angel-36637.html
119280,O'Driu,Gothic Censored Gothic Angel,2016,https://www.parfumo.com/Perfumes/ODriu/Gothic_Censored_Gothic_Angel
119281,O'Driu,GPS,2021,https://www.fragrantica.com/perfume/O-Driu/GPS-96457.html
119282,O'Driu,Hemptity,2018,https://www.parfumo.com/Perfumes/ODriu/Hemptity
119283,O'Driu,Il Vangelo Secondo Gay,2018,https://www.parfumo.com/Perfumes/ODriu/Il_Vangelo_Secondo_Gay
119284,O'Driu,Italian Angel,2015,https://www.fragrantica.com/perfume/O-Driu/Italian-Angel-33074.html
119285,O'Driu,JMT,2012,https://www.fragrantica.com/perfume/O-Driu/JMT-17972.html
119286,O'Driu,Kiss My Ass AngelOrazioPregoni,2016,https://www.fragrantica.com/perfume/O-Driu/Kiss-My-Ass-AngelOrazioPregoni-38279.html
119287,O'Driu,Kiss My Ass BaseNotes,2016,https://www.fragrantica.com/perfume/O-Driu/Kiss-My-Ass-BaseNotes-38281.html
119288,O'Driu,Kiss My Ass ScentAndChemistry,2016,https://www.fragrantica.com/perfume/O-Driu/Kiss-My-Ass-ScentAndChemistry-38280.html
119289,O'Driu,L'Inferno 2,2015,https://www.fragrantica.com/perfume/O-Driu/L-Inferno-2-30475.html
119290,O'Driu,Ladamo,2011,https://www.fragrantica.com/perfume/O-Driu/Ladamo-13352.html
119291,O'Driu,Lafro,2011,https://www.fragrantica.com/perfume/O-Driu/Lafro-13350.html
119292,O'Driu,Lalfeogrigio,2011,https://www.fragrantica.com/perfume/O-Driu/Lalfeogrigio-13348.html
119293,O'Driu,Lalfeorosa,2011,https://www.fragrantica.com/perfume/O-Driu/Lalfeorosa-13347.html
119294,O'Driu,Laltrove 1001,2011,https://www.fragrantica.com/perfume/O-Driu/Laltrove-1001-13346.html
119295,O'Driu,Laltrove 1002,2011,https://www.fragrantica.com/perfume/O-Driu/Laltrove-1002-13345.html
119296,O'Driu,Laurhum,2012,https://www.fragrantica.com/perfume/O-Driu/Laurhum-17973.html
119297,O'Driu,Leva,2011,https://www.fragrantica.com/perfume/O-Driu/Leva-13351.html
119298,O'Driu,Linfedele 1003,2011,https://www.fragrantica.com/perfume/O-Driu/Linfedele-1003-13344.html
119299,O'Driu,Linfedele 1004,2011,https://www.fragrantica.com/perfume/O-Driu/Linfedele-1004-13343.html
119300,O'Driu,Linfedele Haiku,2014,https://www.fragrantica.com/perfume/O-Driu/Linfedele-Haiku-26391.html
119301,O'Driu,Londa 1005,2011,https://www.fragrantica.com/perfume/O-Driu/Londa-1005-13342.html
119302,O'Driu,Londa 1006,2011,https://www.fragrantica.com/perfume/O-Driu/Londa-1006-13341.html
119303,O'Driu,Madonnina,2021,https://www.fragrantica.com/perfume/O-Driu/Madonnina-96459.html
119304,O'Driu,Pathetique,2014,https://www.fragrantica.com/perfume/O-Driu/Pathetique-28171.html
119305,O'Driu,Peety,2013,https://www.fragrantica.com/perfume/O-Driu/Peety-20806.html
119306,O'Driu,Satyricon,2015,https://www.fragrantica.com/perfume/O-Driu/Satyricon-30474.html
119307,O'Driu,Sea Angel,2017,https://www.fragrantica.com/perfume/O-Driu/Sea-Angel-43057.html
119308,O'Driu,Supercilium,2012,https://www.fragrantica.com/perfume/O-Driu/Supercilium-16440.html
119309,O'Driu,Ta,2015,https://www.fragrantica.com/perfume/O-Driu/Ta-31049.html
119310,O'Driu,Ven,2015,https://www.fragrantica.com/perfume/O-Driu/Ven-31047.html
119311,O'Driu,Vis et Honor,2011,https://www.fragrantica.com/perfume/O-Driu/Vis-et-Honor-13349.html
119312,O'Driu,Xvert,2012,https://www.fragrantica.com/perfume/O-Driu/Xvert-16439.html
119313,O.J Perrin,O.J Perrin,2001,https://www.fragrantica.com/perfume/O-J-Perrin/O-J-Perrin-22051.html
119314,O.J Perrin,O.J Perrin,2003,https://www.fragrantica.com/perfume/O-J-Perrin/O-J-Perrin-22052.html
119315,O'Livia Inspiração Botânica,Amêndoas,2022,https://www.fragrantica.com/perfume/O-Livia-Inspiracao-Botanica/Amendoas-72527.html
119316,O'Livia Inspiração Botânica,Bergamota,2022,https://www.fragrantica.com/perfume/O-Livia-Inspiracao-Botanica/Bergamota-72528.html
119317,O'Livia Inspiração Botânica,Camélia,2022,https://www.fragrantica.com/perfume/O-Livia-Inspiracao-Botanica/Camelia-72529.html
119318,O'Livia Inspiração Botânica,Cedro Branco,2022,https://www.fragrantica.com/perfume/O-Livia-Inspiracao-Botanica/Cedro-Branco-72545.html
119319,O'Livia Inspiração Botânica,Cedro Wood,2022,https://www.fragrantica.com/perfume/O-Livia-Inspiracao-Botanica/Cedro-Wood-72543.html
119320,O'Livia Inspiração Botânica,Cereja,2022,https://www.fragrantica.com/perfume/O-Livia-Inspiracao-Botanica/Cereja-72532.html
119321,O'Livia Inspiração Botânica,Fava Tonka,2022,https://www.fragrantica.com/perfume/O-Livia-Inspiracao-Botanica/Fava-Tonka-72547.html
119322,O'Livia Inspiração Botânica,Figo,2022,https://www.fragrantica.com/perfume/O-Livia-Inspiracao-Botanica/Figo-72530.html
119323,O'Livia Inspiração Botânica,Flor de Pitanga,2022,https://www.fragrantica.com/perfume/O-Livia-Inspiracao-Botanica/Flor-de-Pitanga-72531.html
119324,O'Livia Inspiração Botânica,Folha de Figo,2022,https://www.fragrantica.com/perfume/O-Livia-Inspiracao-Botanica/Folha-de-Figo-72553.html
119325,O'Livia Inspiração Botânica,Imortelle,2024,https://www.fragrantica.com/perfume/O-Livia-Inspiracao-Botanica/Imortelle-126244.html
119326,O'Livia Inspiração Botânica,íris,2022,https://www.fragrantica.com/perfume/O-Livia-Inspiracao-Botanica/iris-72549.html
119327,O'Livia Inspiração Botânica,Jasmim,2022,https://www.fragrantica.com/perfume/O-Livia-Inspiracao-Botanica/Jasmim-72538.html
119328,O'Livia Inspiração Botânica,Lavanda,2022,https://www.fragrantica.com/perfume/O-Livia-Inspiracao-Botanica/Lavanda-72533.html
119329,O'Livia Inspiração Botânica,Lavanda Oud,2022,https://www.fragrantica.com/perfume/O-Livia-Inspiracao-Botanica/Lavanda-Oud-72542.html
119330,O'Livia Inspiração Botânica,Mirra,2024,https://www.fragrantica.com/perfume/O-Livia-Inspiracao-Botanica/Mirra-123633.html
119331,O'Livia Inspiração Botânica,Olívia,2022,https://www.fragrantica.com/perfume/O-Livia-Inspiracao-Botanica/Olivia-72534.html
119332,O'Livia Inspiração Botânica,Olívia,2024,https://www.fragrantica.com/perfume/O-Livia-Inspiracao-Botanica/Olivia-126245.html
119333,O'Livia Inspiração Botânica,Olivier,2022,https://www.fragrantica.com/perfume/O-Livia-Inspiracao-Botanica/Olivier-72537.html
119334,O'Livia Inspiração Botânica,Patchouli,2022,https://www.fragrantica.com/perfume/O-Livia-Inspiracao-Botanica/Patchouli-72550.html
119335,O'Livia Inspiração Botânica,Rosa,2022,https://www.fragrantica.com/perfume/O-Livia-Inspiracao-Botanica/Rosa-72540.html
119336,O'Livia Inspiração Botânica,Sândalo,2022,https://www.fragrantica.com/perfume/O-Livia-Inspiracao-Botanica/Sandalo-72552.html
119337,O'Livia Inspiração Botânica,Vetiver,2022,https://www.fragrantica.com/perfume/O-Livia-Inspiracao-Botanica/Vetiver-72551.html
119338,Ô Médina Perfumery,Ambre D'Arabie,2025,https://www.fragrantica.com/perfume/O-Medina-Perfumery/Ambre-D-Arabie-103751.html
119339,Ô Médina Perfumery,Ambre Nocturne,2025,https://www.fragrantica.com/perfume/O-Medina-Perfumery/Ambre-Nocturne-103950.html
119340,Ô Médina Perfumery,Attar Al Jadeed (Perfume Oil),2021,https://www.fragrantica.com/perfume/O-Medina-Perfumery/Attar-Al-Jadeed-70397.html
119341,Ô Médina Perfumery,Attar Floral Subtile (Perfume Oil),2022,https://www.fragrantica.com/perfume/O-Medina-Perfumery/Attar-Floral-Subtile-71406.html
119342,Ô Médina Perfumery,Attar Zuhur (Perfume Oil),2022,https://www.fragrantica.com/perfume/O-Medina-Perfumery/Attar-Zuhur-71438.html
119343,Ô Médina Perfumery,Banana Chic,2024,https://www.fragrantica.com/perfume/O-Medina-Perfumery/Banana-Chic-93464.html
119344,Ô Médina Perfumery,Banana Colada,2025,https://www.fragrantica.com/perfume/O-Medina-Perfumery/Banana-Colada-109818.html
119345,Ô Médina Perfumery,Caffè Alla Nocciola,2025,https://www.fragrantica.com/perfume/O-Medina-Perfumery/Caffe-Alla-Nocciola-117054.html
119346,Ô Médina Perfumery,Caramelo,2024,https://www.fragrantica.com/perfume/O-Medina-Perfumery/Caramelo-98654.html
119347,Ô Médina Perfumery,Cimes De Grenoble,2026,https://www.fragrantica.com/perfume/O-Medina-Perfumery/Cimes-De-Grenoble-135190.html
119348,Ô Médina Perfumery,Coco Thaï,2024,https://www.fragrantica.com/perfume/O-Medina-Perfumery/Coco-Thai-98653.html
119349,Ô Médina Perfumery,Crème de Litchi,2026,https://www.fragrantica.com/perfume/O-Medina-Perfumery/Creme-de-Litchi-121689.html
119350,Ô Médina Perfumery,Crimsonwood,2025,https://www.fragrantica.com/perfume/O-Medina-Perfumery/Crimsonwood-121099.html
119351,Ô Médina Perfumery,Douceur Lactée,2024,https://www.fragrantica.com/perfume/O-Medina-Perfumery/Douceur-Lactee-99030.html
119352,Ô Médina Perfumery,Éclat de Nougat,2026,https://www.fragrantica.com/perfume/O-Medina-Perfumery/Eclat-de-Nougat-123004.html
119353,Ô Médina Perfumery,Encens Nocturne,2025,https://www.fragrantica.com/perfume/O-Medina-Perfumery/Encens-Nocturne-103949.html
119354,Ô Médina Perfumery,Kannauj,2023,https://www.fragrantica.com/perfume/O-Medina-Perfumery/Kannauj-79646.html
119355,Ô Médina Perfumery,L'ambre,2022,https://www.fragrantica.com/perfume/O-Medina-Perfumery/L-ambre-78361.html
119356,Ô Médina Perfumery,Loukoum,2024,https://www.fragrantica.com/perfume/O-Medina-Perfumery/Loukoum-98652.html
119357,Ô Médina Perfumery,Ma Cherry,2024,https://www.fragrantica.com/perfume/O-Medina-Perfumery/Ma-Cherry-92253.html
119358,Ô Médina Perfumery,Ma Cherry Intense,2026,https://www.fragrantica.com/perfume/O-Medina-Perfumery/Ma-Cherry-Intense-135189.html
119359,Ô Médina Perfumery,Malik,2025,https://www.fragrantica.com/perfume/O-Medina-Perfumery/Malik-103750.html
119360,Ô Médina Perfumery,Malikati,2024,https://www.fragrantica.com/perfume/O-Medina-Perfumery/Malikati-101138.html
119361,Ô Médina Perfumery,Malmousque,2025,https://www.fragrantica.com/perfume/O-Medina-Perfumery/Malmousque-104563.html
119362,Ô Médina Perfumery,Marshmallow,2024,https://www.fragrantica.com/perfume/O-Medina-Perfumery/Marshmallow-98651.html
119363,Ô Médina Perfumery,Mint Pop,2025,https://www.fragrantica.com/perfume/O-Medina-Perfumery/Mint-Pop-109822.html
119364,Ô Médina Perfumery,Mukhallat Al Médina,2022,https://www.fragrantica.com/perfume/O-Medina-Perfumery/Mukhallat-Al-Medina-76856.html
119365,Ô Médina Perfumery,Mukhallat Makkah,2024,https://www.fragrantica.com/perfume/O-Medina-Perfumery/Mukhallat-Makkah-90209.html
119366,Ô Médina Perfumery,Oud Romantic,2024,https://www.fragrantica.com/perfume/O-Medina-Perfumery/Oud-Romantic-100236.html
119367,Ô Médina Perfumery,Palais Royal,2024,https://www.fragrantica.com/perfume/O-Medina-Perfumery/Palais-Royal-98369.html
119368,Ô Médina Perfumery,Palmier D'Arabie,2024,https://www.fragrantica.com/perfume/O-Medina-Perfumery/Palmier-D-Arabie-90883.html
119369,Ô Médina Perfumery,Pasteis de Nata,2025,https://www.fragrantica.com/perfume/O-Medina-Perfumery/Pasteis-de-Nata-116346.html
119370,Ô Médina Perfumery,Petit Café,2023,https://www.fragrantica.com/perfume/O-Medina-Perfumery/Petit-Cafe-88412.html
119371,Ô Médina Perfumery,Popcorn,2024,https://www.fragrantica.com/perfume/O-Medina-Perfumery/Popcorn-101663.html
119372,Ô Médina Perfumery,Poudre de Tokyo,2025,https://www.fragrantica.com/perfume/O-Medina-Perfumery/Poudre-de-Tokyo-116347.html
119373,Ô Médina Perfumery,Spécial Mukhallat,2025,https://www.fragrantica.com/perfume/O-Medina-Perfumery/Special-Mukhallat-101717.html
119374,Ô Médina Perfumery,Tabac Miellé,2024,https://www.fragrantica.com/perfume/O-Medina-Perfumery/Tabac-Mielle-90882.html
119375,Ô Médina Perfumery,Trianon,2022,https://www.fragrantica.com/perfume/O-Medina-Perfumery/Trianon-73520.html
119376,Ô Médina Perfumery,Vanille des îles,2023,https://www.fragrantica.com/perfume/O-Medina-Perfumery/Vanille-des-iles-85300.html
119377,Ô Médina Perfumery,Vanille des Îles Extrême,2024,https://www.fragrantica.com/perfume/O-Medina-Perfumery/Vanille-des-Iles-Extreme-90881.html
119378,O'nera,Destiny Calls,2024,https://www.fragrantica.com/perfume/O-nera/Destiny-Calls-101842.html
119379,O'nera,Welcome Home,2023,https://www.fragrantica.com/perfume/O-nera/Welcome-Home-101841.html
119380,O.P.S.O.,Araia,2013,https://www.fragrantica.com/perfume/O-P-S-O/Araia-18114.html
119381,O.P.S.O.,Baiana,2013,https://www.fragrantica.com/perfume/O-P-S-O/Baiana-18115.html
119382,O.P.S.O.,Carminia,2013,https://www.fragrantica.com/perfume/O-P-S-O/Carminia-18118.html
119383,O.P.S.O.,Dalila,2013,https://www.fragrantica.com/perfume/O-P-S-O/Dalila-18117.html
119384,O.P.S.O.,Edgar,2013,https://www.fragrantica.com/perfume/O-P-S-O/Edgar-18116.html
119385,O Te Rā,Te Pō,2026,https://www.fragrantica.com/perfume/O-Te-Ra/Te-Po-142628.html
119386,O Te Rā,Te Poupoutanga,2026,https://www.fragrantica.com/perfume/O-Te-Ra/Te-Poupoutanga-142637.html
119387,O Te Rā,Te Tōnga,2026,https://www.fragrantica.com/perfume/O-Te-Ra/Te-Tonga-142641.html
119388,O Te Rā,Te Whitinga,2026,https://www.fragrantica.com/perfume/O-Te-Ra/Te-Whitinga-142629.html
119389,O-Twist,By Night,2016,https://www.fragrantica.com/perfume/O-Twist/By-Night-45577.html
119390,O-Twist,Flower Explosion,2016,https://www.fragrantica.com/perfume/O-Twist/Flower-Explosion-45576.html
119391,O-Twist,Lovely Notes,2017,https://www.fragrantica.com/perfume/O-Twist/Lovely-Notes-45579.html
119392,O-Twist,Vanilla Kiss,2016,https://www.fragrantica.com/perfume/O-Twist/Vanilla-Kiss-45578.html
119393,O.U.i Original Unique Individual,Désir Parisien 750,2026,https://www.fragrantica.com/perfume/O-U-i-Original-Unique-Individual/Desir-Parisien-750-133538.html
119394,O.U.i Original Unique Individual,Élégance Royale 115,2022,https://www.fragrantica.com/perfume/O-U-i-Original-Unique-Individual/Elegance-Royale-115-76530.html
119395,O.U.i Original Unique Individual,Hôtel de Ville 193,2021,https://www.fragrantica.com/perfume/O-U-i-Original-Unique-Individual/Hotel-de-Ville-193-66476.html
119396,O.U.i Original Unique Individual,Iconique 001,2021,https://www.fragrantica.com/perfume/O-U-i-Original-Unique-Individual/Iconique-001-66475.html
119397,O.U.i Original Unique Individual,Iconique 001 Intense,2023,https://www.fragrantica.com/perfume/O-U-i-Original-Unique-Individual/Iconique-001-Intense-83238.html
119398,O.U.i Original Unique Individual,Jardin de Grasse,2021,https://www.fragrantica.com/perfume/O-U-i-Original-Unique-Individual/Jardin-de-Grasse-66477.html
119399,O.U.i Original Unique Individual,Jardin de Grasse Rose,2023,https://www.fragrantica.com/perfume/O-U-i-Original-Unique-Individual/Jardin-de-Grasse-Rose-87492.html
119400,O.U.i Original Unique Individual,Jardin de Grasse Sauge Blanche,2025,https://www.fragrantica.com/perfume/O-U-i-Original-Unique-Individual/Jardin-de-Grasse-Sauge-Blanche-107630.html
119401,O.U.i Original Unique Individual,L’Amour-Esse 142,2021,https://www.fragrantica.com/perfume/O-U-i-Original-Unique-Individual/L-Amour-Esse-142-66471.html
119402,O.U.i Original Unique Individual,L’Expérience 706,2021,https://www.fragrantica.com/perfume/O-U-i-Original-Unique-Individual/L-Experience-706-66474.html
119403,O.U.i Original Unique Individual,L’Hysope,2022,https://www.fragrantica.com/perfume/O-U-i-Original-Unique-Individual/L-Hysope-77898.html
119404,O.U.i Original Unique Individual,L’Or de Méditerranée Pour Femme,2024,https://www.fragrantica.com/perfume/O-U-i-Original-Unique-Individual/L-Or-de-Mediterranee-Pour-Femme-99154.html
119405,O.U.i Original Unique Individual,L’Or de Méditerranée Pour Homme,2024,https://www.fragrantica.com/perfume/O-U-i-Original-Unique-Individual/L-Or-de-Mediterranee-Pour-Homme-99153.html
119406,O.U.i Original Unique Individual,La Jonquille,2022,https://www.fragrantica.com/perfume/O-U-i-Original-Unique-Individual/La-Jonquille-77900.html
119407,O.U.i Original Unique Individual,La Villette 470,2021,https://www.fragrantica.com/perfume/O-U-i-Original-Unique-Individual/La-Villette-470-66473.html
119408,O.U.i Original Unique Individual,La Violette,2022,https://www.fragrantica.com/perfume/O-U-i-Original-Unique-Individual/La-Violette-77901.html
119409,O.U.i Original Unique Individual,Le Charmeur 250,2025,https://www.fragrantica.com/perfume/O-U-i-Original-Unique-Individual/Le-Charmeur-250-114366.html
119410,O.U.i Original Unique Individual,Le Flâneur 020,2024,https://www.fragrantica.com/perfume/O-U-i-Original-Unique-Individual/Le-Flaneur-020-96203.html
119411,O.U.i Original Unique Individual,Madeleine 862,2021,https://www.fragrantica.com/perfume/O-U-i-Original-Unique-Individual/Madeleine-862-66472.html
119412,O.U.i Original Unique Individual,Madeleine 862 La Pistacherie,2025,https://www.fragrantica.com/perfume/O-U-i-Original-Unique-Individual/Madeleine-862-La-Pistacherie-104379.html
119413,O.U.i Original Unique Individual,Mon Amie 037,2026,https://www.fragrantica.com/perfume/O-U-i-Original-Unique-Individual/Mon-Amie-037-127215.html
119414,O.U.i Original Unique Individual,Mystère Royal 084,2022,https://www.fragrantica.com/perfume/O-U-i-Original-Unique-Individual/Mystere-Royal-084-76531.html
119415,O.U.i Original Unique Individual,Paradis Rouge,2021,https://www.fragrantica.com/perfume/O-U-i-Original-Unique-Individual/Paradis-Rouge-72276.html
119416,O.U.i Original Unique Individual,Rivière Bleue,2021,https://www.fragrantica.com/perfume/O-U-i-Original-Unique-Individual/Riviere-Bleue-72277.html
119417,O.U.i Original Unique Individual,Scapin 245,2021,https://www.fragrantica.com/perfume/O-U-i-Original-Unique-Individual/Scapin-245-66470.html
119418,O.U.i Original Unique Individual,Scapin 245 Intense,2023,https://www.fragrantica.com/perfume/O-U-i-Original-Unique-Individual/Scapin-245-Intense-81510.html
119419,Oak Essentials,Cuir Rose,2024,https://www.fragrantica.com/perfume/Oak-Essentials/Cuir-Rose-116552.html
119420,Oak Essentials,Santo Wood,,https://www.fragrantica.com/perfume/Oak-Essentials/Santo-Wood-116555.html
119421,Oak Essentials,Violet Santal,2021,https://www.fragrantica.com/perfume/Oak-Essentials/Violet-Santal-116554.html
119422,Oakcha,Aged Tobacco,,https://www.fragrantica.com/perfume/Oakcha/Aged-Tobacco-92962.html
119423,Oakcha,Akimbo,,https://www.fragrantica.com/perfume/Oakcha/Akimbo-92963.html
119424,Oakcha,Almost Nude,,https://www.fragrantica.com/perfume/Oakcha/Almost-Nude-92964.html
119425,Oakcha,Amber Aura,,https://www.fragrantica.com/perfume/Oakcha/Amber-Aura-92965.html
119426,Oakcha,Amore Oudh,,https://www.fragrantica.com/perfume/Oakcha/Amore-Oudh-92966.html
119427,Oakcha,Athena,,https://www.fragrantica.com/perfume/Oakcha/Athena-92967.html
119428,Oakcha,Banana Crêpe,2025,https://www.fragrantica.com/perfume/Oakcha/Banana-Crepe-117764.html
119429,Oakcha,Bare Confection,2026,https://www.fragrantica.com/perfume/Oakcha/Bare-Confection-142602.html
119430,Oakcha,Beach Wave,,https://www.fragrantica.com/perfume/Oakcha/Beach-Wave-92968.html
119431,Oakcha,Berry Bonbon,2024,https://www.fragrantica.com/perfume/Oakcha/Berry-Bonbon-102080.html
119432,Oakcha,Blessed,,https://www.fragrantica.com/perfume/Oakcha/Blessed-92969.html
119433,Oakcha,Blu Mist,,https://www.fragrantica.com/perfume/Oakcha/Blu-Mist-92970.html
119434,Oakcha,Blue Smoke,,https://www.fragrantica.com/perfume/Oakcha/Blue-Smoke-92971.html
119435,Oakcha,Blue Velvet,,https://www.fragrantica.com/perfume/Oakcha/Blue-Velvet-92972.html
119436,Oakcha,Blush Creme,2020,https://www.fragrantica.com/perfume/Oakcha/Blush-Creme-132816.html
119437,Oakcha,Body Scent,,https://www.fragrantica.com/perfume/Oakcha/Body-Scent-92973.html
119438,Oakcha,Bronze Summer,,https://www.fragrantica.com/perfume/Oakcha/Bronze-Summer-92974.html
119439,Oakcha,Brooklyn Fresh,,https://www.fragrantica.com/perfume/Oakcha/Brooklyn-Fresh-92975.html
119440,Oakcha,Busker Nuit,,https://www.fragrantica.com/perfume/Oakcha/Busker-Nuit-92976.html
119441,Oakcha,Cafe Culture,2023,https://www.fragrantica.com/perfume/Oakcha/Cafe-Culture-92977.html
119442,Oakcha,Caramel Brew,2025,https://www.fragrantica.com/perfume/Oakcha/Caramel-Brew-106885.html
119443,Oakcha,Celebrity,2025,https://www.fragrantica.com/perfume/Oakcha/Celebrity-137169.html
119444,Oakcha,Choco Break,,https://www.fragrantica.com/perfume/Oakcha/Choco-Break-92978.html
119445,Oakcha,Cocaigne,,https://www.fragrantica.com/perfume/Oakcha/Cocaigne-92979.html
119446,Oakcha,Colaroma,,https://www.fragrantica.com/perfume/Oakcha/Colaroma-92980.html
119447,Oakcha,Cosmic Fusion,,https://www.fragrantica.com/perfume/Oakcha/Cosmic-Fusion-92981.html
119448,Oakcha,Cotton Clouds,,https://www.fragrantica.com/perfume/Oakcha/Cotton-Clouds-110342.html
119449,Oakcha,Crazy Good,,https://www.fragrantica.com/perfume/Oakcha/Crazy-Good-92982.html
119450,Oakcha,Desert Glass,,https://www.fragrantica.com/perfume/Oakcha/Desert-Glass-92983.html
119451,Oakcha,Desiree,,https://www.fragrantica.com/perfume/Oakcha/Desiree-92984.html
119452,Oakcha,Diamond 15,,https://www.fragrantica.com/perfume/Oakcha/Diamond-15-92985.html
119453,Oakcha,Doctor Queen,2025,https://www.fragrantica.com/perfume/Oakcha/Doctor-Queen-109287.html
119454,Oakcha,Dream Fuel,,https://www.fragrantica.com/perfume/Oakcha/Dream-Fuel-92986.html
119455,Oakcha,Dubai Cocoa Pista,2025,https://www.fragrantica.com/perfume/Oakcha/Dubai-Cocoa-Pista-124088.html
119456,Oakcha,Dune Dance,,https://www.fragrantica.com/perfume/Oakcha/Dune-Dance-92987.html
119457,Oakcha,Dusk,,https://www.fragrantica.com/perfume/Oakcha/Dusk-92988.html
119458,Oakcha,Emerald 13,,https://www.fragrantica.com/perfume/Oakcha/Emerald-13-92989.html
119459,Oakcha,English Royal,,https://www.fragrantica.com/perfume/Oakcha/English-Royal-92990.html
119460,Oakcha,Femme Fatale,,https://www.fragrantica.com/perfume/Oakcha/Femme-Fatale-92991.html
119461,Oakcha,Forbidden Grass,,https://www.fragrantica.com/perfume/Oakcha/Forbidden-Grass-92992.html
119462,Oakcha,Forever Young,,https://www.fragrantica.com/perfume/Oakcha/Forever-Young-92993.html
119463,Oakcha,Friday Music,,https://www.fragrantica.com/perfume/Oakcha/Friday-Music-92994.html
119464,Oakcha,Garden of Lusail,,https://www.fragrantica.com/perfume/Oakcha/Garden-of-Lusail-92995.html
119465,Oakcha,Gold Gem,,https://www.fragrantica.com/perfume/Oakcha/Gold-Gem-92996.html
119466,Oakcha,Green Haze,,https://www.fragrantica.com/perfume/Oakcha/Green-Haze-92997.html
119467,Oakcha,Grey Santal,,https://www.fragrantica.com/perfume/Oakcha/Grey-Santal-92998.html
119468,Oakcha,Gulf Pearl,,https://www.fragrantica.com/perfume/Oakcha/Gulf-Pearl-92999.html
119469,Oakcha,Gypsy Beats,,https://www.fragrantica.com/perfume/Oakcha/Gypsy-Beats-93000.html
119470,Oakcha,Heavens Speak,,https://www.fragrantica.com/perfume/Oakcha/Heavens-Speak-93001.html
119471,Oakcha,Honey Kush,,https://www.fragrantica.com/perfume/Oakcha/Honey-Kush-93002.html
119472,Oakcha,Ineffable,,https://www.fragrantica.com/perfume/Oakcha/Ineffable-93003.html
119473,Oakcha,Infinite,,https://www.fragrantica.com/perfume/Oakcha/Infinite-93004.html
119474,Oakcha,Italian Cello,,https://www.fragrantica.com/perfume/Oakcha/Italian-Cello-93005.html
119475,Oakcha,Jade Garden,,https://www.fragrantica.com/perfume/Oakcha/Jade-Garden-93006.html
119476,Oakcha,Jasmine Blossom,,https://www.fragrantica.com/perfume/Oakcha/Jasmine-Blossom-93007.html
119477,Oakcha,Jazzed Skyline,,https://www.fragrantica.com/perfume/Oakcha/Jazzed-Skyline-93008.html
119478,Oakcha,Kalon,,https://www.fragrantica.com/perfume/Oakcha/Kalon-93009.html
119479,Oakcha,Kissed Glow,,https://www.fragrantica.com/perfume/Oakcha/Kissed-Glow-93010.html
119480,Oakcha,Lavender Stem,2026,https://www.fragrantica.com/perfume/Oakcha/Lavender-Stem-135670.html
119481,Oakcha,Lemon Cake,2022,https://www.fragrantica.com/perfume/Oakcha/Lemon-Cake-105578.html
119482,Oakcha,Libra Elixir,,https://www.fragrantica.com/perfume/Oakcha/Libra-Elixir-93011.html
119483,Oakcha,London Leather,,https://www.fragrantica.com/perfume/Oakcha/London-Leather-93012.html
119484,Oakcha,Lost in Ink,,https://www.fragrantica.com/perfume/Oakcha/Lost-in-Ink-93013.html
119485,Oakcha,Love in Rome,,https://www.fragrantica.com/perfume/Oakcha/Love-in-Rome-93014.html
119486,Oakcha,Lovesick,,https://www.fragrantica.com/perfume/Oakcha/Lovesick-93015.html
119487,Oakcha,Madame Rose,,https://www.fragrantica.com/perfume/Oakcha/Madame-Rose-93016.html
119488,Oakcha,Mango Hour | Viral Vanilla,2025,https://www.fragrantica.com/perfume/Oakcha/Mango-Hour-Viral-Vanilla-115782.html
119489,Oakcha,Mango Mousse,2025,https://www.fragrantica.com/perfume/Oakcha/Mango-Mousse-110639.html
119490,Oakcha,Marshmallow Mist,2024,https://www.fragrantica.com/perfume/Oakcha/Marshmallow-Mist-102079.html
119491,Oakcha,Matcha Ritual,2026,https://www.fragrantica.com/perfume/Oakcha/Matcha-Ritual-135668.html
119492,Oakcha,Melting Embers,,https://www.fragrantica.com/perfume/Oakcha/Melting-Embers-93017.html
119493,Oakcha,Midnight Nymph,,https://www.fragrantica.com/perfume/Oakcha/Midnight-Nymph-93018.html
119494,Oakcha,Milk Skin,,https://www.fragrantica.com/perfume/Oakcha/Milk-Skin-124085.html
119495,Oakcha,Milky Bloom,2025,https://www.fragrantica.com/perfume/Oakcha/Milky-Bloom-124087.html
119496,Oakcha,Mind's Mirror,,https://www.fragrantica.com/perfume/Oakcha/Mind-s-Mirror-93019.html
119497,Oakcha,Mint Squeeze,,https://www.fragrantica.com/perfume/Oakcha/Mint-Squeeze-93020.html
119498,Oakcha,Miss Girl,,https://www.fragrantica.com/perfume/Oakcha/Miss-Girl-93021.html
119499,Oakcha,Moira,,https://www.fragrantica.com/perfume/Oakcha/Moira-93022.html
119500,Oakcha,Moonlit,,https://www.fragrantica.com/perfume/Oakcha/Moonlit-93023.html
119501,Oakcha,Moontide,,https://www.fragrantica.com/perfume/Oakcha/Moontide-93024.html
119502,Oakcha,Morning Rain,,https://www.fragrantica.com/perfume/Oakcha/Morning-Rain-93025.html
119503,Oakcha,Muse of Rumi,,https://www.fragrantica.com/perfume/Oakcha/Muse-of-Rumi-93026.html
119504,Oakcha,Mystical Oud,,https://www.fragrantica.com/perfume/Oakcha/Mystical-Oud-93027.html
119505,Oakcha,Nebula,,https://www.fragrantica.com/perfume/Oakcha/Nebula-93028.html
119506,Oakcha,Nectar Whirl,2024,https://www.fragrantica.com/perfume/Oakcha/Nectar-Whirl-102078.html
119507,Oakcha,Night Whispers,,https://www.fragrantica.com/perfume/Oakcha/Night-Whispers-93029.html
119508,Oakcha,Ocean of Gold,,https://www.fragrantica.com/perfume/Oakcha/Ocean-of-Gold-93030.html
119509,Oakcha,Only Mine,,https://www.fragrantica.com/perfume/Oakcha/Only-Mine-93031.html
119510,Oakcha,Orchid Water,,https://www.fragrantica.com/perfume/Oakcha/Orchid-Water-93032.html
119511,Oakcha,Orphic,,https://www.fragrantica.com/perfume/Oakcha/Orphic-93033.html
119512,Oakcha,Parallel,,https://www.fragrantica.com/perfume/Oakcha/Parallel-93034.html
119513,Oakcha,Paris Bloom,,https://www.fragrantica.com/perfume/Oakcha/Paris-Bloom-93035.html
119514,Oakcha,Parisian Mint,,https://www.fragrantica.com/perfume/Oakcha/Parisian-Mint-93036.html
119515,Oakcha,Peach Rings,,https://www.fragrantica.com/perfume/Oakcha/Peach-Rings-93037.html
119516,Oakcha,Pearl 22,,https://www.fragrantica.com/perfume/Oakcha/Pearl-22-93038.html
119517,Oakcha,Pearl Earring,,https://www.fragrantica.com/perfume/Oakcha/Pearl-Earring-93039.html
119518,Oakcha,Pink Euphoria,,https://www.fragrantica.com/perfume/Oakcha/Pink-Euphoria-93040.html
119519,Oakcha,Plus One,,https://www.fragrantica.com/perfume/Oakcha/Plus-One-93041.html
119520,Oakcha,Pool Party,,https://www.fragrantica.com/perfume/Oakcha/Pool-Party-93042.html
119521,Oakcha,Praise The Perfume (Parfum),,https://www.fragrantica.com/perfume/Oakcha/Praise-The-Perfume-93043.html
119522,Oakcha,Rainbow Nights,,https://www.fragrantica.com/perfume/Oakcha/Rainbow-Nights-93044.html
119523,Oakcha,Reborn Lust,,https://www.fragrantica.com/perfume/Oakcha/Reborn-Lust-93045.html
119524,Oakcha,Recharged,,https://www.fragrantica.com/perfume/Oakcha/Recharged-93046.html
119525,Oakcha,Red Katara,,https://www.fragrantica.com/perfume/Oakcha/Red-Katara-93047.html
119526,Oakcha,Roman Vetiver,,https://www.fragrantica.com/perfume/Oakcha/Roman-Vetiver-93048.html
119527,Oakcha,Rooibos Reserve,2026,https://www.fragrantica.com/perfume/Oakcha/Rooibos-Reserve-135667.html
119528,Oakcha,Rosalina,,https://www.fragrantica.com/perfume/Oakcha/Rosalina-93049.html
119529,Oakcha,Ruby 34,,https://www.fragrantica.com/perfume/Oakcha/Ruby-34-93050.html
119530,Oakcha,Ruhe,,https://www.fragrantica.com/perfume/Oakcha/Ruhe-93051.html
119531,Oakcha,Sand & Sea,,https://www.fragrantica.com/perfume/Oakcha/Sand-Sea-93053.html
119532,Oakcha,Sand Crystal,,https://www.fragrantica.com/perfume/Oakcha/Sand-Crystal-93052.html
119533,Oakcha,Santorini Sails,,https://www.fragrantica.com/perfume/Oakcha/Santorini-Sails-93054.html
119534,Oakcha,Sapphire 7,,https://www.fragrantica.com/perfume/Oakcha/Sapphire-7-93055.html
119535,Oakcha,Sarang,,https://www.fragrantica.com/perfume/Oakcha/Sarang-93056.html
119536,Oakcha,Secret Duchess,,https://www.fragrantica.com/perfume/Oakcha/Secret-Duchess-93057.html
119537,Oakcha,Secret Lagoon,,https://www.fragrantica.com/perfume/Oakcha/Secret-Lagoon-93058.html
119538,Oakcha,Senora,,https://www.fragrantica.com/perfume/Oakcha/Senora-93059.html
119539,Oakcha,Seven Skies,,https://www.fragrantica.com/perfume/Oakcha/Seven-Skies-93060.html
119540,Oakcha,Sinful,,https://www.fragrantica.com/perfume/Oakcha/Sinful-93061.html
119541,Oakcha,Sinful Smoke,,https://www.fragrantica.com/perfume/Oakcha/Sinful-Smoke-93062.html
119542,Oakcha,Snowy Sun,,https://www.fragrantica.com/perfume/Oakcha/Snowy-Sun-93063.html
119543,Oakcha,Sorcery,,https://www.fragrantica.com/perfume/Oakcha/Sorcery-93064.html
119544,Oakcha,Sorrelle,2025,https://www.fragrantica.com/perfume/Oakcha/Sorrelle-113754.html
119545,Oakcha,Southern Heat,,https://www.fragrantica.com/perfume/Oakcha/Southern-Heat-93065.html
119546,Oakcha,Speakeasy,,https://www.fragrantica.com/perfume/Oakcha/Speakeasy-93066.html
119547,Oakcha,Steamed Milk,,https://www.fragrantica.com/perfume/Oakcha/Steamed-Milk-124086.html
119548,Oakcha,Stitched Leather,,https://www.fragrantica.com/perfume/Oakcha/Stitched-Leather-93067.html
119549,Oakcha,Strawberry Sensation,2025,https://www.fragrantica.com/perfume/Oakcha/Strawberry-Sensation-113755.html
119550,Oakcha,Street Art,2024,https://www.fragrantica.com/perfume/Oakcha/Street-Art-120652.html
119551,Oakcha,Sugar Rush,,https://www.fragrantica.com/perfume/Oakcha/Sugar-Rush-93068.html
119552,Oakcha,Sunkissed,,https://www.fragrantica.com/perfume/Oakcha/Sunkissed-93069.html
119553,Oakcha,Sunrise Blush,,https://www.fragrantica.com/perfume/Oakcha/Sunrise-Blush-93070.html
119554,Oakcha,Sweet Addict,,https://www.fragrantica.com/perfume/Oakcha/Sweet-Addict-93071.html
119555,Oakcha,Sweven,,https://www.fragrantica.com/perfume/Oakcha/Sweven-93072.html
119556,Oakcha,Tango Noir,2026,https://www.fragrantica.com/perfume/Oakcha/Tango-Noir-133518.html
119557,Oakcha,That Girl | Viral Vanilla,2024,https://www.fragrantica.com/perfume/Oakcha/That-Girl-Viral-Vanilla-93680.html
119558,Oakcha,The Beekeeper,2024,https://www.fragrantica.com/perfume/Oakcha/The-Beekeeper-93073.html
119559,Oakcha,Torrid Day,,https://www.fragrantica.com/perfume/Oakcha/Torrid-Day-93074.html
119560,Oakcha,Ukiyo,,https://www.fragrantica.com/perfume/Oakcha/Ukiyo-93075.html
119561,Oakcha,Vanilla Gelato,2024,https://www.fragrantica.com/perfume/Oakcha/Vanilla-Gelato-102077.html
119562,Oakcha,Vanilla Glaze,2025,https://www.fragrantica.com/perfume/Oakcha/Vanilla-Glaze-124084.html
119563,Oakcha,Vanilla Vacay,,https://www.fragrantica.com/perfume/Oakcha/Vanilla-Vacay-93076.html
119564,Oakcha,Verse 22,,https://www.fragrantica.com/perfume/Oakcha/Verse-22-93077.html
119565,Oakcha,Watermelon Jam,,https://www.fragrantica.com/perfume/Oakcha/Watermelon-Jam-93078.html
119566,Oakcha,White Fig,,https://www.fragrantica.com/perfume/Oakcha/White-Fig-93079.html
119567,Oakcha,White Tea House,2026,https://www.fragrantica.com/perfume/Oakcha/White-Tea-House-135669.html
119568,Oakcha,Why,,https://www.fragrantica.com/perfume/Oakcha/Why-93080.html
119569,Oakcha,Zen Escape,,https://www.fragrantica.com/perfume/Oakcha/Zen-Escape-93081.html
119570,Oaken Lab,Batavia Barber,2018,https://www.fragrantica.com/perfume/Oaken-Lab/Batavia-Barber-82651.html
119571,Oaken Lab,Before Moonrise,2018,https://www.fragrantica.com/perfume/Oaken-Lab/Before-Moonrise-82660.html
119572,Oaken Lab,Conservatory,2018,https://www.fragrantica.com/perfume/Oaken-Lab/Conservatory-82652.html
119573,Oaken Lab,Earth of Mankind,2018,https://www.fragrantica.com/perfume/Oaken-Lab/Earth-of-Mankind-82653.html
119574,Oaken Lab,Far Afield,2018,https://www.fragrantica.com/perfume/Oaken-Lab/Far-Afield-82650.html
119575,Oaken Lab,Plein Air,2018,https://www.fragrantica.com/perfume/Oaken-Lab/Plein-Air-82655.html
119576,Oaken Lab,Sanctum,2018,https://www.fragrantica.com/perfume/Oaken-Lab/Sanctum-82649.html
119577,Oaken Lab,Serious Moonlight,2018,https://www.fragrantica.com/perfume/Oaken-Lab/Serious-Moonlight-82657.html
119578,Oásis,Blue Ocean,2025,https://www.fragrantica.com/perfume/Oasis/Blue-Ocean-123171.html
119579,Oásis,Chic,2025,https://www.fragrantica.com/perfume/Oasis/Chic-123172.html
119580,Oásis,Dualite,2025,https://www.fragrantica.com/perfume/Oasis/Dualite-123176.html
119581,Oásis,Imperador Oud,2025,https://www.fragrantica.com/perfume/Oasis/Imperador-Oud-123173.html
119582,Oásis,íris Man L'eau,2025,https://www.fragrantica.com/perfume/Oasis/iris-Man-L-eau-123174.html
119583,Oásis,Rouge Royal,2025,https://www.fragrantica.com/perfume/Oasis/Rouge-Royal-123175.html
119584,Obey Clothing,Obey Nº1,2021,https://www.fragrantica.com/perfume/Obey-Clothing/Obey-No1-72053.html
119585,Oblaká Perfumes,Autumn Gardens,2024,https://www.fragrantica.com/perfume/Oblaka-Perfumes/Autumn-Gardens-130155.html
119586,Oblaká Perfumes,Barocco,2024,https://www.fragrantica.com/perfume/Oblaka-Perfumes/Barocco-130158.html
119587,Oblaká Perfumes,Blue Velvet,2025,https://www.fragrantica.com/perfume/Oblaka-Perfumes/Blue-Velvet-130162.html
119588,Oblaká Perfumes,Coffee and Rose,2024,https://www.fragrantica.com/perfume/Oblaka-Perfumes/Coffee-and-Rose-130161.html
119589,Oblaká Perfumes,Granada,2024,https://www.fragrantica.com/perfume/Oblaka-Perfumes/Granada-130157.html
119590,Oblaká Perfumes,Leather Plum,2024,https://www.fragrantica.com/perfume/Oblaka-Perfumes/Leather-Plum-130153.html
119591,Oblaká Perfumes,Lorien,2024,https://www.fragrantica.com/perfume/Oblaka-Perfumes/Lorien-130149.html
119592,Oblaká Perfumes,Mountain Retreat,2024,https://www.fragrantica.com/perfume/Oblaka-Perfumes/Mountain-Retreat-130160.html
119593,Oblaká Perfumes,Night Flower,2025,https://www.fragrantica.com/perfume/Oblaka-Perfumes/Night-Flower-130151.html
119594,Oblaká Perfumes,Orsha,2025,https://www.fragrantica.com/perfume/Oblaka-Perfumes/Orsha-130156.html
119595,Oblaká Perfumes,Sherwood,2026,https://www.fragrantica.com/perfume/Oblaka-Perfumes/Sherwood-130159.html
119596,Oblaká Perfumes,White Flowers,2024,https://www.fragrantica.com/perfume/Oblaka-Perfumes/White-Flowers-130150.html
119597,Oblaká Perfumes,White on White,2025,https://www.fragrantica.com/perfume/Oblaka-Perfumes/White-on-White-130152.html
119598,Oblaká Perfumes,Wind in the Steppe,2024,https://www.fragrantica.com/perfume/Oblaka-Perfumes/Wind-in-the-Steppe-130154.html
119599,Obscurum Grimoire,Deluge,2026,https://www.fragrantica.com/perfume/Obscurum-Grimoire/Deluge-131605.html
119600,Obvious,Dulce de Leche,2025,https://www.fragrantica.com/perfume/Obvious/Dulce-de-Leche-108058.html
119601,Obvious,Floridita's Night,2026,https://www.fragrantica.com/perfume/Obvious/Floridita-s-Night-125420.html
119602,Obvious,Frida's Thorns,2024,https://www.fragrantica.com/perfume/Obvious/Frida-s-Thorns-96609.html
119603,Obvious,Himalayan Spell,2024,https://www.fragrantica.com/perfume/Obvious/Himalayan-Spell-96608.html
119604,Obvious,Kakigori - Dulce de Leche,,https://www.parfumo.com/Perfumes/obvious/kakigori-dulce-de-leche
119605,Obvious,Kakigori - Plum Cream,,https://www.parfumo.com/Perfumes/obvious/kakigori-plum-cream
119606,Obvious,Kakigori - White Crush,,https://www.parfumo.com/Perfumes/obvious/kakigori-white-crush
119607,Obvious,Malfa Walls,2024,https://www.fragrantica.com/perfume/Obvious/Malfa-Walls-96607.html
119608,Obvious,Milk & Matcha,2025,https://www.fragrantica.com/perfume/Obvious/Milk-Matcha-103407.html
119609,Obvious,Plum Cream,2025,https://www.fragrantica.com/perfume/Obvious/Plum-Cream-108057.html
119610,Obvious,Scoville,2024,https://www.fragrantica.com/perfume/Obvious/Scoville-90577.html
119611,Obvious,Un Bois,2020,https://www.fragrantica.com/perfume/Obvious/Un-Bois-66309.html
119612,Obvious,Un Été,2023,https://www.fragrantica.com/perfume/Obvious/Un-Ete-80115.html
119613,Obvious,Un Musc,2020,https://www.fragrantica.com/perfume/Obvious/Un-Musc-66310.html
119614,Obvious,Un Oud,2022,https://www.fragrantica.com/perfume/Obvious/Un-Oud-77571.html
119615,Obvious,Un Patchouli,2020,https://www.fragrantica.com/perfume/Obvious/Un-Patchouli-66311.html
119616,Obvious,Un Poivre,2020,https://www.fragrantica.com/perfume/Obvious/Un-Poivre-66312.html
119617,Obvious,Une Amande,2026,https://www.fragrantica.com/perfume/Obvious/Une-Amande-141433.html
119618,Obvious,Une Figue,2022,https://www.fragrantica.com/perfume/Obvious/Une-Figue-74877.html
119619,Obvious,Une Fleur d'Oranger,2020,https://www.fragrantica.com/perfume/Obvious/Une-Fleur-d-Oranger-66313.html
119620,Obvious,Une Pistache,2023,https://www.fragrantica.com/perfume/Obvious/Une-Pistache-84607.html
119621,Obvious,Une Rose,2020,https://www.fragrantica.com/perfume/Obvious/Une-Rose-66314.html
119622,Obvious,Une Vanille,2020,https://www.fragrantica.com/perfume/Obvious/Une-Vanille-66315.html
119623,Obvious,Une Verveine,2021,https://www.fragrantica.com/perfume/Obvious/Une-Verveine-74879.html
119624,Obvious,White Crush,2025,https://www.fragrantica.com/perfume/Obvious/White-Crush-108059.html
119625,Ocean Laguna,Sand,2020,https://www.fragrantica.com/perfume/Ocean-Laguna/Sand-59422.html
119626,Ocean Laguna,Sky,2020,https://www.fragrantica.com/perfume/Ocean-Laguna/Sky-59423.html
119627,Ocean Laguna,Starlight,2020,https://www.fragrantica.com/perfume/Ocean-Laguna/Starlight-59425.html
119628,Ocean Laguna,Sunrise,2020,https://www.fragrantica.com/perfume/Ocean-Laguna/Sunrise-59420.html
119629,Ocean Laguna,Sunset,2020,https://www.fragrantica.com/perfume/Ocean-Laguna/Sunset-59424.html
119630,Ocean Laguna,Surf,2020,https://www.fragrantica.com/perfume/Ocean-Laguna/Surf-59421.html
119631,Ocean Pacific,Endless for Men,2005,https://www.parfumo.com/Perfumes/Ocean_Pacific/endless-for-men
119632,Ocean Pacific,Endless for Women,2005,https://www.parfumo.com/Perfumes/Ocean_Pacific/endless-for-women
119633,Ocean Pacific,Endless Ocean Pacific,,https://www.fragrantica.com/perfume/Ocean-Pacific/Endless-Ocean-Pacific-6449.html
119634,Ocean Pacific,Endless Ocean Pacific for Men,,https://www.fragrantica.com/perfume/Ocean-Pacific/Endless-Ocean-Pacific-for-Men-6450.html
119635,Ocean Pacific,Ocean Pacific for Men,2003,https://www.fragrantica.com/perfume/Ocean-Pacific/Ocean-Pacific-for-Men-6451.html
119636,Ocean Pacific,Ocean Pacific for Women,2004,https://www.fragrantica.com/perfume/Ocean-Pacific/Ocean-Pacific-for-Women-6452.html
119637,Ocean Pacific,OP Beach Paradise,,https://www.parfumo.com/Perfumes/Ocean_Pacific/OP_Beach_Paradise
119638,Ocean Pacific,OP Berry Blush,,https://www.parfumo.com/Perfumes/Ocean_Pacific/op-berry-blush
119639,Ocean Pacific,OP Black,,https://www.parfumo.com/Perfumes/Ocean_Pacific/OP_Black_for_Him
119640,Ocean Pacific,OP Blend,2002,https://www.fragrantica.com/perfume/Ocean-Pacific/OP-Blend-6453.html
119641,Ocean Pacific,OP Blend for Men,2002,https://www.parfumo.com/Perfumes/Ocean_Pacific/OP_Blend
119642,Ocean Pacific,OP Blend for Women,2003,https://www.fragrantica.com/perfume/Ocean-Pacific/OP-Blend-for-Women-6454.html
119643,Ocean Pacific,OP Blue,,https://www.parfumo.com/Perfumes/Ocean_Pacific/OP_Blue_for_Him
119644,Ocean Pacific,OP Driftwood,,https://www.fragrantica.com/perfume/Ocean-Pacific/OP-Driftwood-125284.html
119645,Ocean Pacific,OP Gold,,https://www.parfumo.com/Perfumes/Ocean_Pacific/OP_Gold_for_Him
119646,Ocean Pacific,OP Juice,2001,https://www.fragrantica.com/perfume/Ocean-Pacific/OP-Juice-6455.html
119647,Ocean Pacific,OP Juice for Men,2001,https://www.parfumo.com/Perfumes/Ocean_Pacific/OP_Juice
119648,Ocean Pacific,OP Juice for Women,2001,https://www.fragrantica.com/perfume/Ocean-Pacific/OP-Juice-for-Women-6456.html
119649,Ocean Pacific,OP Stoked,,https://www.fragrantica.com/perfume/Ocean-Pacific/OP-Stoked-125280.html
119650,Ocean Pacific,OP Storm,,https://www.fragrantica.com/perfume/Ocean-Pacific/OP-Storm-125282.html
119651,Ocean Pacific,OP Summer Breeze,2017,https://www.fragrantica.com/perfume/Ocean-Pacific/OP-Summer-Breeze-66625.html
119652,OCO,Dawn,2023,https://www.fragrantica.com/perfume/OCO/Dawn-128814.html
119653,OCO,Dhyana,2023,https://www.fragrantica.com/perfume/OCO/Dhyana-128815.html
119654,OCO,Lava,2023,https://www.fragrantica.com/perfume/OCO/Lava-128821.html
119655,OCO,Lyvn,2023,https://www.fragrantica.com/perfume/OCO/Lyvn-128818.html
119656,OCO,Mnesis,2023,https://www.fragrantica.com/perfume/OCO/Mnesis-128813.html
119657,OCO,Rif,2023,https://www.fragrantica.com/perfume/OCO/Rif-128816.html
119658,OCO,Unmei,2023,https://www.fragrantica.com/perfume/OCO/Unmei-128819.html
119659,OCO,Zaie,2023,https://www.fragrantica.com/perfume/OCO/Zaie-128817.html
119660,Octavia Morgan Los Angeles,Casablanca,2024,https://www.fragrantica.com/perfume/Octavia-Morgan-Los-Angeles/Casablanca-104278.html
119661,Octavia Morgan Los Angeles,CIEL,2025,https://www.fragrantica.com/perfume/Octavia-Morgan-Los-Angeles/CIEL-104279.html
119662,Octavia Morgan Los Angeles,Dark Rose,2025,https://www.fragrantica.com/perfume/Octavia-Morgan-Los-Angeles/Dark-Rose-104276.html
119663,Octavia Morgan Los Angeles,L'AFFAIRE,2025,https://www.fragrantica.com/perfume/Octavia-Morgan-Los-Angeles/L-AFFAIRE-104280.html
119664,Octavia Morgan Los Angeles,Legendary,2025,https://www.fragrantica.com/perfume/Octavia-Morgan-Los-Angeles/Legendary-104277.html
119665,Octavia Morgan Los Angeles,Marine Layer,2025,https://www.fragrantica.com/perfume/Octavia-Morgan-Los-Angeles/Marine-Layer-104281.html
119666,Octavia Morgan Los Angeles,Midnight Orchard,2025,https://www.fragrantica.com/perfume/Octavia-Morgan-Los-Angeles/Midnight-Orchard-104282.html
119667,Octavia Morgan Los Angeles,Oud Noir,2025,https://www.fragrantica.com/perfume/Octavia-Morgan-Los-Angeles/Oud-Noir-104283.html
119668,Octavia Morgan Los Angeles,Room 33,2026,https://www.fragrantica.com/perfume/Octavia-Morgan-Los-Angeles/Room-33-138982.html
119669,Octavia Morgan Los Angeles,Summer Fleur,2025,https://www.fragrantica.com/perfume/Octavia-Morgan-Los-Angeles/Summer-Fleur-104284.html
119670,Octavia Morgan Los Angeles,Vanillin Supreme,2025,https://www.fragrantica.com/perfume/Octavia-Morgan-Los-Angeles/Vanillin-Supreme-113191.html
119671,Ocyana,Adora,2012,https://www.fragrantica.com/perfume/Ocyana/Adora-106443.html
119672,Ocyana,Avrelle,2016,https://www.fragrantica.com/perfume/Ocyana/Avrelle-106444.html
119673,Ocyana,Beryl,2012,https://www.fragrantica.com/perfume/Ocyana/Beryl-106445.html
119674,Ocyana,Crystal,2013,https://www.fragrantica.com/perfume/Ocyana/Crystal-106446.html
119675,Ocyana,Diamond,2013,https://www.fragrantica.com/perfume/Ocyana/Diamond-106447.html
119676,Ocyana,Emerald,2012,https://www.fragrantica.com/perfume/Ocyana/Emerald-106448.html
119677,Ocyana,Floriva,2013,https://www.fragrantica.com/perfume/Ocyana/Floriva-106449.html
119678,Ocyana,Hestia,2012,https://www.fragrantica.com/perfume/Ocyana/Hestia-106450.html
119679,Ocyana,Jasper,2013,https://www.fragrantica.com/perfume/Ocyana/Jasper-106451.html
119680,Ocyana,Jewel,2012,https://www.fragrantica.com/perfume/Ocyana/Jewel-106452.html
119681,Ocyana,Lelio,2013,https://www.fragrantica.com/perfume/Ocyana/Lelio-106453.html
119682,Ocyana,Lovania,2013,https://www.fragrantica.com/perfume/Ocyana/Lovania-106454.html
119683,Ocyana,Olentra,2012,https://www.fragrantica.com/perfume/Ocyana/Olentra-106442.html
119684,Ocyana,Onyx,2013,https://www.fragrantica.com/perfume/Ocyana/Onyx-106455.html
119685,Ocyana,Pearl,2013,https://www.fragrantica.com/perfume/Ocyana/Pearl-106456.html
119686,Ocyana,Quartz,2013,https://www.fragrantica.com/perfume/Ocyana/Quartz-106457.html
119687,Ocyana,Ruby,2013,https://www.fragrantica.com/perfume/Ocyana/Ruby-106458.html
119688,Ocyana,Sapphire,2018,https://www.fragrantica.com/perfume/Ocyana/Sapphire-106459.html
119689,Ocyana,Scentezia,2013,https://www.fragrantica.com/perfume/Ocyana/Scentezia-106460.html
119690,Ocyana,Semporia,2012,https://www.fragrantica.com/perfume/Ocyana/Semporia-106461.html
119691,Ocyana,Sweet Oud,2012,https://www.fragrantica.com/perfume/Ocyana/Sweet-Oud-106462.html
119692,Ocyana,Topaz,2013,https://www.fragrantica.com/perfume/Ocyana/Topaz-106463.html
119693,Ocyana,Turquoise,2013,https://www.fragrantica.com/perfume/Ocyana/Turquoise-106464.html
119694,Ocyana,Valor,2013,https://www.fragrantica.com/perfume/Ocyana/Valor-106465.html
119695,Ocyana,Vivian,2012,https://www.fragrantica.com/perfume/Ocyana/Vivian-106466.html
119696,Ocyana,Zahra,2012,https://www.fragrantica.com/perfume/Ocyana/Zahra-106467.html
119697,.Oddity,Dead Air,2022,https://www.fragrantica.com/perfume/Oddity/Dead-Air-77568.html
119698,.Oddity,Delulu,2025,https://www.fragrantica.com/perfume/Oddity/Delulu-105313.html
119699,.Oddity,Naked Dance,2021,https://www.fragrantica.com/perfume/Oddity/Naked-Dance-75617.html
119700,.Oddity,Resonant,2022,https://www.fragrantica.com/perfume/Oddity/Resonant-77569.html
119701,Ode Ona,Carte Blanche,2023,https://www.fragrantica.com/perfume/Ode-Ona/Carte-Blanche-101020.html
119702,Ode Ona,Dawn Earth,,https://www.fragrantica.com/perfume/Ode-Ona/Dawn-Earth-101022.html
119703,Ode Ona,Eden Bond,2025,https://www.fragrantica.com/perfume/Ode-Ona/Eden-Bond-115678.html
119704,Ode Ona,Everjet,2023,https://www.fragrantica.com/perfume/Ode-Ona/Everjet-101021.html
119705,Ode Ona,Moonkissed Rhapsody,2025,https://www.fragrantica.com/perfume/Ode-Ona/Moonkissed-Rhapsody-110399.html
119706,Ode Ona,Teapot Sonder,2026,https://www.fragrantica.com/perfume/Ode-Ona/Teapot-Sonder-115673.html
119707,Ode Paris,Bohemian Rose ODE / 80 Acres 1998 Perfume Oil,1998,https://www.parfumo.com/Perfumes/ode/Bohemian_Rose_Perfume_Oil
119708,Ode Paris,Love Potion 4,,https://www.fragrantica.com/perfume/Ode-Paris/Love-Potion-4-87360.html
119709,ODE TO SÉLF,Ardour,2024,https://www.fragrantica.com/perfume/ODE-TO-SELF/Ardour-128812.html
119710,ODE TO SÉLF,Ethereal,2025,https://www.fragrantica.com/perfume/ODE-TO-SELF/Ethereal-128820.html
119711,ODE TO SÉLF,Unfurl,2023,https://www.fragrantica.com/perfume/ODE-TO-SELF/Unfurl-128822.html
119712,Odeaur,22 Dèbutè,,https://www.fragrantica.com/perfume/Odeaur/22-Debute-121261.html
119713,Odeaur,FR. 00:00 Oud,,https://www.fragrantica.com/perfume/Odeaur/FR-00-00-Oud-121260.html
119714,Odeaur,Matinée,,https://www.fragrantica.com/perfume/Odeaur/Matinee-121258.html
119715,Odeaur,Mo. Bergamotto,,https://www.fragrantica.com/perfume/Odeaur/Mo-Bergamotto-121265.html
119716,Odeaur,Sa. Dusk,,https://www.fragrantica.com/perfume/Odeaur/Sa-Dusk-121263.html
119717,Odeaur,Su. W52,,https://www.fragrantica.com/perfume/Odeaur/Su-W52-121262.html
119718,Odeaur,Th. Ride,,https://www.fragrantica.com/perfume/Odeaur/Th-Ride-121267.html
119719,Odeaur,Tu. Dawn,,https://www.fragrantica.com/perfume/Odeaur/Tu-Dawn-121264.html
119720,Odeaur,We. Pa-chou-li,,https://www.fragrantica.com/perfume/Odeaur/We-Pa-chou-li-121259.html
119721,Odecla,Black Amber,2016,https://www.fragrantica.com/perfume/Odecla/Black-Amber-61998.html
119722,Odecla,Blue Oud,2016,https://www.fragrantica.com/perfume/Odecla/Blue-Oud-62004.html
119723,Odecla,Charm,2021,https://www.fragrantica.com/perfume/Odecla/Charm-67697.html
119724,Odecla,Citrus Oud,2022,https://www.fragrantica.com/perfume/Odecla/Citrus-Oud-78719.html
119725,Odecla,Desire,2021,https://www.fragrantica.com/perfume/Odecla/Desire-67682.html
119726,Odecla,Dreams,2016,https://www.fragrantica.com/perfume/Odecla/Dreams-62026.html
119727,Odecla,Emotion,,https://www.parfumo.com/Perfumes/odecla/emotion
119728,Odecla,Frozen Vetiver,2022,https://www.fragrantica.com/perfume/Odecla/Frozen-Vetiver-78720.html
119729,Odecla,Glamour,2016,https://www.fragrantica.com/perfume/Odecla/Glamour-62005.html
119730,Odecla,Golden Tobacco,2022,https://www.fragrantica.com/perfume/Odecla/Golden-Tobacco-78721.html
119731,Odecla,Gorgeous,2021,https://www.fragrantica.com/perfume/Odecla/Gorgeous-67684.html
119732,Odecla,Guilty,2020,https://www.fragrantica.com/perfume/Odecla/Guilty-63423.html
119733,Odecla,Hair Mist,,https://www.parfumo.com/Perfumes/odecla/hair-mist
119734,Odecla,Innocent,2020,https://www.fragrantica.com/perfume/Odecla/Innocent-63424.html
119735,Odecla,Le Musc,2016,https://www.fragrantica.com/perfume/Odecla/Le-Musc-62001.html
119736,Odecla,Le Oud,2016,https://www.fragrantica.com/perfume/Odecla/Le-Oud-61999.html
119737,Odecla,Legacy,2016,https://www.fragrantica.com/perfume/Odecla/Legacy-62029.html
119738,Odecla,Night,2016,https://www.fragrantica.com/perfume/Odecla/Night-61997.html
119739,Odecla,Obsession,,https://www.parfumo.com/Perfumes/odecla/obsession
119740,Odecla,Passion,2021,https://www.fragrantica.com/perfume/Odecla/Passion-67696.html
119741,Odecla,Rhythm,2016,https://www.fragrantica.com/perfume/Odecla/Rhythm-62027.html
119742,Odecla,Rose,2016,https://www.fragrantica.com/perfume/Odecla/Rose-62000.html
119743,Odecla,Spanish Cedar,2022,https://www.fragrantica.com/perfume/Odecla/Spanish-Cedar-78718.html
119744,Odecla,The Choice,2020,https://www.fragrantica.com/perfume/Odecla/The-Choice-63422.html
119745,ODEÉ,Rotterdam Men,,https://www.fragrantica.com/perfume/ODEE/Rotterdam-Men-121756.html
119746,ODEÉ,Rotterdam Women,,https://www.fragrantica.com/perfume/ODEE/Rotterdam-Women-121755.html
119747,Odette Parfum Co,Amants Maudits,2025,https://www.fragrantica.com/perfume/Odette-Parfum-Co/Amants-Maudits-103120.html
119748,Odette Parfum Co,Arabesque,2026,https://www.fragrantica.com/perfume/Odette-Parfum-Co/Arabesque-138625.html
119749,Odette Parfum Co,Coup de Cœur,2025,https://www.fragrantica.com/perfume/Odette-Parfum-Co/Coup-de-Coeur-116348.html
119750,Odette Parfum Co,Coup de Pied,2024,https://www.fragrantica.com/perfume/Odette-Parfum-Co/Coup-de-Pied-91893.html
119751,Odette Parfum Co,Fantôme de Forêt,2024,https://www.fragrantica.com/perfume/Odette-Parfum-Co/Fantome-de-Foret-98171.html
119752,Odette Parfum Co,Fée du Lilas,2026,https://www.fragrantica.com/perfume/Odette-Parfum-Co/Fee-du-Lilas-135346.html
119753,Odette Parfum Co,Fée du Sucre,2024,https://www.fragrantica.com/perfume/Odette-Parfum-Co/Fee-du-Sucre-100733.html
119754,Odette Parfum Co,Grand Battement,2024,https://www.fragrantica.com/perfume/Odette-Parfum-Co/Grand-Battement-92464.html
119755,Odette Parfum Co,Lapinou,2025,https://www.fragrantica.com/perfume/Odette-Parfum-Co/Lapinou-118920.html
119756,Odette Parfum Co,Madeleine,2024,https://www.fragrantica.com/perfume/Odette-Parfum-Co/Madeleine-95187.html
119757,Odette Parfum Co,Moulin Rose,2024,https://www.fragrantica.com/perfume/Odette-Parfum-Co/Moulin-Rose-94429.html
119758,Odette Parfum Co,Nuit D'été,2024,https://www.fragrantica.com/perfume/Odette-Parfum-Co/Nuit-D-ete-95074.html
119759,Odette Parfum Co,Pain Au Chocolat,2025,https://www.fragrantica.com/perfume/Odette-Parfum-Co/Pain-Au-Chocolat-110405.html
119760,Odette Parfum Co,Pas de Chat,2023,https://www.fragrantica.com/perfume/Odette-Parfum-Co/Pas-de-Chat-89644.html
119761,Odette Parfum Co,Petit Gâteau,2023,https://www.fragrantica.com/perfume/Odette-Parfum-Co/Petit-Gateau-89645.html
119762,Odette Parfum Co,Prima Rose,2026,https://www.fragrantica.com/perfume/Odette-Parfum-Co/Prima-Rose-133121.html
119763,Odette Parfum Co,Reine des Cygnes,2026,https://www.fragrantica.com/perfume/Odette-Parfum-Co/Reine-des-Cygnes-122763.html
119764,Odette Parfum Co,Rose Adage,2024,https://www.fragrantica.com/perfume/Odette-Parfum-Co/Rose-Adage-90770.html
119765,Odette Parfum Co,Temps de Flèche,2025,https://www.fragrantica.com/perfume/Odette-Parfum-Co/Temps-de-Fleche-105277.html
119766,Odetu,Air Powdre,2021,https://www.fragrantica.com/perfume/Odetu/Air-Powdre-65484.html
119767,Odetu,Berry Berissimo,2022,https://www.fragrantica.com/perfume/Odetu/Berry-Berissimo-77911.html
119768,Odetu,Black Beard,2018,https://www.fragrantica.com/perfume/Odetu/Black-Beard-65462.html
119769,Odetu,Black Coffee,2020,https://www.fragrantica.com/perfume/Odetu/Black-Coffee-65466.html
119770,Odetu,Blue Beard,2018,https://www.fragrantica.com/perfume/Odetu/Blue-Beard-65463.html
119771,Odetu,Citrine Chypre,2019,https://www.fragrantica.com/perfume/Odetu/Citrine-Chypre-65472.html
119772,Odetu,Dessert Royal,2022,https://www.fragrantica.com/perfume/Odetu/Dessert-Royal-74346.html
119773,Odetu,Di Pralinator,2020,https://www.fragrantica.com/perfume/Odetu/Di-Pralinator-65467.html
119774,Odetu,Di Vanilator,2022,https://www.fragrantica.com/perfume/Odetu/Di-Vanilator-77913.html
119775,Odetu,Diamond Fougere,2017,https://www.fragrantica.com/perfume/Odetu/Diamond-Fougere-65473.html
119776,Odetu,Diva Aphrodite,2019,https://www.fragrantica.com/perfume/Odetu/Diva-Aphrodite-65476.html
119777,Odetu,Diva Cleopatra,2019,https://www.fragrantica.com/perfume/Odetu/Diva-Cleopatra-65477.html
119778,Odetu,Diva Eva,2019,https://www.fragrantica.com/perfume/Odetu/Diva-Eva-65478.html
119779,Odetu,Diva Godiva,2025,https://www.fragrantica.com/perfume/Odetu/Diva-Godiva-105423.html
119780,Odetu,Diva Magdalina,2019,https://www.fragrantica.com/perfume/Odetu/Diva-Magdalina-65479.html
119781,Odetu,Emerald Chypre,2017,https://www.fragrantica.com/perfume/Odetu/Emerald-Chypre-65474.html
119782,Odetu,Flower & Knife,2020,https://www.fragrantica.com/perfume/Odetu/Flower-Knife-65480.html
119783,Odetu,Gray Beard,2021,https://www.fragrantica.com/perfume/Odetu/Gray-Beard-67128.html
119784,Odetu,Green Beard,2021,https://www.fragrantica.com/perfume/Odetu/Green-Beard-67129.html
119785,Odetu,Hot Tea,2022,https://www.fragrantica.com/perfume/Odetu/Hot-Tea-74347.html
119786,Odetu,Ice Tea,2020,https://www.fragrantica.com/perfume/Odetu/Ice-Tea-65468.html
119787,Odetu,Kiss Me Red,2020,https://www.fragrantica.com/perfume/Odetu/Kiss-Me-Red-65481.html
119788,Odetu,Merry Mandarino,2022,https://www.fragrantica.com/perfume/Odetu/Merry-Mandarino-77912.html
119789,Odetu,Mia Confessione,2023,https://www.fragrantica.com/perfume/Odetu/Mia-Confessione-87285.html
119790,Odetu,Mia Costa,2023,https://www.fragrantica.com/perfume/Odetu/Mia-Costa-87283.html
119791,Odetu,Mia Terra,2023,https://www.fragrantica.com/perfume/Odetu/Mia-Terra-87287.html
119792,Odetu,Mineral Water,2020,https://www.fragrantica.com/perfume/Odetu/Mineral-Water-65469.html
119793,Odetu,Mio Eden,2023,https://www.fragrantica.com/perfume/Odetu/Mio-Eden-87286.html
119794,Odetu,Mio Oro,2026,https://www.fragrantica.com/perfume/Odetu/Mio-Oro-130046.html
119795,Odetu,Oriental Powdre,2021,https://www.fragrantica.com/perfume/Odetu/Oriental-Powdre-65485.html
119796,Odetu,Red Beard,2018,https://www.fragrantica.com/perfume/Odetu/Red-Beard-65464.html
119797,Odetu,Roco Chosa,2022,https://www.fragrantica.com/perfume/Odetu/Roco-Chosa-74349.html
119798,Odetu,Rosa Astigold,2023,https://www.fragrantica.com/perfume/Odetu/Rosa-Astigold-87281.html
119799,Odetu,Rosa Kirroyal,2024,https://www.fragrantica.com/perfume/Odetu/Rosa-Kirroyal-97872.html
119800,Odetu,Rose Beard,2024,https://www.fragrantica.com/perfume/Odetu/Rose-Beard-97870.html
119801,Odetu,Ruby Fougere,2019,https://www.fragrantica.com/perfume/Odetu/Ruby-Fougere-65475.html
119802,Odetu,Sharp Leather,2020,https://www.fragrantica.com/perfume/Odetu/Sharp-Leather-65482.html
119803,Odetu,Silver Beard,2018,https://www.fragrantica.com/perfume/Odetu/Silver-Beard-65465.html
119804,Odetu,Splash Mojito,2023,https://www.fragrantica.com/perfume/Odetu/Splash-Mojito-87282.html
119805,Odetu,Sweet Leather,2020,https://www.fragrantica.com/perfume/Odetu/Sweet-Leather-65483.html
119806,Odetu,Sweet Powdre,2021,https://www.fragrantica.com/perfume/Odetu/Sweet-Powdre-65486.html
119807,Odetu,Theatre Powdre,2021,https://www.fragrantica.com/perfume/Odetu/Theatre-Powdre-65487.html
119808,Odetu,Turquoise Beard,2024,https://www.fragrantica.com/perfume/Odetu/Turquoise-Beard-97871.html
119809,Odetu,Vincher Blanc,2020,https://www.fragrantica.com/perfume/Odetu/Vincher-Blanc-65470.html
119810,Odetu,Vincher Rouge,2020,https://www.fragrantica.com/perfume/Odetu/Vincher-Rouge-65471.html
119811,Odetu,White Coffee,2022,https://www.fragrantica.com/perfume/Odetu/White-Coffee-74348.html
119812,Odict,Dusk,2017,https://www.fragrantica.com/perfume/Odict/Dusk-87361.html
119813,Odin,00 Auriel,2015,https://www.fragrantica.com/perfume/Odin/00-Auriel-34581.html
119814,Odin,01 Nomad,2009,https://www.fragrantica.com/perfume/Odin/01-Nomad-71924.html
119815,Odin,01 Sunda,2009,https://www.fragrantica.com/perfume/Odin/01-Sunda-9670.html
119816,Odin,02 Owari,2009,https://www.fragrantica.com/perfume/Odin/02-Owari-9671.html
119817,Odin,03 Century,2009,https://www.fragrantica.com/perfume/Odin/03-Century-9672.html
119818,Odin,04 Petrana,2010,https://www.fragrantica.com/perfume/Odin/04-Petrana-9673.html
119819,Odin,06 Amanu,2011,https://www.fragrantica.com/perfume/Odin/06-Amanu-12720.html
119820,Odin,07 Tanoke,2011,https://www.fragrantica.com/perfume/Odin/07-Tanoke-14127.html
119821,Odin,08 Seylon,2012,https://www.fragrantica.com/perfume/Odin/08-Seylon-16511.html
119822,Odin,11 Semma,2013,https://www.fragrantica.com/perfume/Odin/11-Semma-21772.html
119823,Odin,12 Lacha,2015,https://www.fragrantica.com/perfume/Odin/12-Lacha-31895.html
119824,Odin,Amanu,2011,https://www.parfumo.com/Perfumes/Odin_New_York/06_Amanu
119825,Odin,Auriel,2015,https://www.parfumo.com/Perfumes/Odin_New_York/00_Auriel
119826,Odin,Century,2009,https://www.parfumo.com/Perfumes/Odin_New_York/03_Century
119827,Odin,Efflora,2014,https://www.fragrantica.com/perfume/Odin/Efflora-28347.html
119828,Odin,Lacha,2015,https://www.parfumo.com/Perfumes/Odin_New_York/12_Lacha
119829,Odin,Milieu Rosa,2014,https://www.fragrantica.com/perfume/Odin/Milieu-Rosa-28348.html
119830,Odin,No 10 Roam,2013,https://www.fragrantica.com/perfume/Odin/No-10-Roam-18359.html
119831,Odin,No 9 Posala Odin,2012,https://www.fragrantica.com/perfume/Odin/No-9-Posala-Odin-17090.html
119832,Odin,Owari,2009,https://www.parfumo.com/Perfumes/Odin_New_York/02_Owari
119833,Odin,Petrana,2010,https://www.parfumo.com/Perfumes/Odin_New_York/04_Petrana
119834,Odin,Posala,2012,https://www.parfumo.com/Perfumes/Odin_New_York/09-posala
119835,Odin,Roam,2013,https://www.parfumo.com/Perfumes/Odin_New_York/10_Roam
119836,Odin,Semma,2013,https://www.parfumo.com/Perfumes/Odin_New_York/11_Semma
119837,Odin,Seylon,2012,https://www.parfumo.com/Perfumes/Odin_New_York/08_Seylon
119838,Odin,Sunda 01 Nomad,2009,https://www.parfumo.com/Perfumes/Odin_New_York/01_Sunda_01_Nomad
119839,Odin,Tanoke,2011,https://www.parfumo.com/Perfumes/Odin_New_York/07_Tanoke
119840,Odin,Vert Reseda,2014,https://www.fragrantica.com/perfume/Odin/Vert-Reseda-28349.html
119841,Odorable Perfumes,Green Tea,,https://www.fragrantica.com/perfume/Odorable-Perfumes/Green-Tea-96962.html
119842,Odorable Perfumes,Queen Of Sheba,,https://www.fragrantica.com/perfume/Odorable-Perfumes/Queen-Of-Sheba-96940.html
119843,Odorable Perfumes,Queen Of Sheba Edition 2023,2023,https://www.fragrantica.com/perfume/Odorable-Perfumes/Queen-Of-Sheba-Edition-2023-96941.html
119844,Odorable Perfumes,Spicy Champ,2023,https://www.fragrantica.com/perfume/Odorable-Perfumes/Spicy-Champ-96943.html
119845,Odorable Perfumes,Sweet Day Dream,,https://www.fragrantica.com/perfume/Odorable-Perfumes/Sweet-Day-Dream-96999.html
119846,Odorable Perfumes,Weekend,,https://www.fragrantica.com/perfume/Odorable-Perfumes/Weekend-96938.html
119847,Odorata,Absoluto,2014,https://www.fragrantica.com/perfume/Odorata/Absoluto-71398.html
119848,Odorata,Absoluto Extreme,2016,https://www.fragrantica.com/perfume/Odorata/Absoluto-Extreme-71399.html
119849,Odorata,Absoluto Live,2016,https://www.fragrantica.com/perfume/Odorata/Absoluto-Live-71400.html
119850,Odorata,Água Perfumada Maracujá,2021,https://www.fragrantica.com/perfume/Odorata/Agua-Perfumada-Maracuja-113034.html
119851,Odorata,Água Perfumada Pitanga,2021,https://www.fragrantica.com/perfume/Odorata/Agua-Perfumada-Pitanga-113032.html
119852,Odorata,Água Perfumada Pitaya,2021,https://www.fragrantica.com/perfume/Odorata/Agua-Perfumada-Pitaya-113033.html
119853,Odorata,Aimée,2019,https://www.fragrantica.com/perfume/Odorata/Aimee-70613.html
119854,Odorata,Anne,2022,https://www.fragrantica.com/perfume/Odorata/Anne-74054.html
119855,Odorata,Argus,2018,https://www.fragrantica.com/perfume/Odorata/Argus-71389.html
119856,Odorata,Argus Acqua,2018,https://www.fragrantica.com/perfume/Odorata/Argus-Acqua-71390.html
119857,Odorata,Authentique Femme,2020,https://www.fragrantica.com/perfume/Odorata/Authentique-Femme-71401.html
119858,Odorata,Authentique Homme,2020,https://www.fragrantica.com/perfume/Odorata/Authentique-Homme-70865.html
119859,Odorata,Black City,2018,https://www.fragrantica.com/perfume/Odorata/Black-City-71393.html
119860,Odorata,Black Crystal,2018,https://www.fragrantica.com/perfume/Odorata/Black-Crystal-70438.html
119861,Odorata,Black Deep Man,2021,https://www.fragrantica.com/perfume/Odorata/Black-Deep-Man-71394.html
119862,Odorata,Black Deep Woman,2021,https://www.fragrantica.com/perfume/Odorata/Black-Deep-Woman-71395.html
119863,Odorata,Black Gold,2016,https://www.fragrantica.com/perfume/Odorata/Black-Gold-71391.html
119864,Odorata,Black Night,2018,https://www.fragrantica.com/perfume/Odorata/Black-Night-70437.html
119865,Odorata,Black Sport,2016,https://www.fragrantica.com/perfume/Odorata/Black-Sport-71392.html
119866,Odorata,Black Uomo,2013,https://www.fragrantica.com/perfume/Odorata/Black-Uomo-123809.html
119867,Odorata,Botanicals Bergamota e Frésia,2025,https://www.fragrantica.com/perfume/Odorata/Botanicals-Bergamota-e-Fresia-119923.html
119868,Odorata,Botanicals Camomila,2022,https://www.fragrantica.com/perfume/Odorata/Botanicals-Camomila-113037.html
119869,Odorata,Botanicals Cumaru,2022,https://www.fragrantica.com/perfume/Odorata/Botanicals-Cumaru-113039.html
119870,Odorata,Botanicals Flor de Cerejeira,2022,https://www.fragrantica.com/perfume/Odorata/Botanicals-Flor-de-Cerejeira-113040.html
119871,Odorata,Botanicals Flor de Ipê,2022,https://www.fragrantica.com/perfume/Odorata/Botanicals-Flor-de-Ipe-113042.html
119872,Odorata,Botanicals Flor de Laranjeira,2022,https://www.fragrantica.com/perfume/Odorata/Botanicals-Flor-de-Laranjeira-113036.html
119873,Odorata,Botanicals Flor de Lótus,2022,https://www.fragrantica.com/perfume/Odorata/Botanicals-Flor-de-Lotus-113035.html
119874,Odorata,Botanicals Lavanda,2022,https://www.fragrantica.com/perfume/Odorata/Botanicals-Lavanda-113038.html
119875,Odorata,Botanicals Lavanda e Peônia,2025,https://www.fragrantica.com/perfume/Odorata/Botanicals-Lavanda-e-Peonia-119924.html
119876,Odorata,Botanicals Morango e Framboesa,2025,https://www.fragrantica.com/perfume/Odorata/Botanicals-Morango-e-Framboesa-119925.html
119877,Odorata,Botanicals Nectarina e Hibisco,2025,https://www.fragrantica.com/perfume/Odorata/Botanicals-Nectarina-e-Hibisco-119926.html
119878,Odorata,Botanicals Orquídea e Blueberry,2025,https://www.fragrantica.com/perfume/Odorata/Botanicals-Orquidea-e-Blueberry-119927.html
119879,Odorata,Botanicals Rosa e Baunilha,2025,https://www.fragrantica.com/perfume/Odorata/Botanicals-Rosa-e-Baunilha-119922.html
119880,Odorata,Botanicals Verbena,2022,https://www.fragrantica.com/perfume/Odorata/Botanicals-Verbena-113041.html
119881,Odorata,By Loving Men,2015,https://www.fragrantica.com/perfume/Odorata/By-Loving-Men-123807.html
119882,Odorata,By Loving Woman,2015,https://www.fragrantica.com/perfume/Odorata/By-Loving-Woman-123806.html
119883,Odorata,Candy Charm,2022,https://www.fragrantica.com/perfume/Odorata/Candy-Charm-79969.html
119884,Odorata,Candy Girl,2017,https://www.fragrantica.com/perfume/Odorata/Candy-Girl-70440.html
119885,Odorata,Capital,2020,https://www.fragrantica.com/perfume/Odorata/Capital-71396.html
119886,Odorata,Capital Fever,2021,https://www.fragrantica.com/perfume/Odorata/Capital-Fever-71397.html
119887,Odorata,Ceci,2017,https://www.fragrantica.com/perfume/Odorata/Ceci-70618.html
119888,Odorata,Cler,2018,https://www.fragrantica.com/perfume/Odorata/Cler-70610.html
119889,Odorata,Coliseu,2022,https://www.fragrantica.com/perfume/Odorata/Coliseu-79967.html
119890,Odorata,Dom Homme,2017,https://www.fragrantica.com/perfume/Odorata/Dom-Homme-71384.html
119891,Odorata,Donna Fatale,2020,https://www.fragrantica.com/perfume/Odorata/Donna-Fatale-70615.html
119892,Odorata,Duchesse Femme,2017,https://www.fragrantica.com/perfume/Odorata/Duchesse-Femme-70612.html
119893,Odorata,Elegance Femme,2017,https://www.fragrantica.com/perfume/Odorata/Elegance-Femme-70442.html
119894,Odorata,Elegance Homme,2017,https://www.fragrantica.com/perfume/Odorata/Elegance-Homme-70441.html
119895,Odorata,Eternity Ruby,2016,https://www.fragrantica.com/perfume/Odorata/Eternity-Ruby-123811.html
119896,Odorata,Flor em Flor Jasmine,2016,https://www.fragrantica.com/perfume/Odorata/Flor-em-Flor-Jasmine-123814.html
119897,Odorata,Flor em Flor Lis,2016,https://www.fragrantica.com/perfume/Odorata/Flor-em-Flor-Lis-123813.html
119898,Odorata,Flor em Flor Rosée,2016,https://www.fragrantica.com/perfume/Odorata/Flor-em-Flor-Rosee-123816.html
119899,Odorata,Flori,2015,https://www.fragrantica.com/perfume/Odorata/Flori-123812.html
119900,Odorata,ID,2019,https://www.fragrantica.com/perfume/Odorata/ID-70436.html
119901,Odorata,Íman,2022,https://www.fragrantica.com/perfume/Odorata/Iman-79970.html
119902,Odorata,Inevitável Ela,2020,https://www.fragrantica.com/perfume/Odorata/Inevitavel-Ela-68634.html
119903,Odorata,Inevitável Ela VIP,2021,https://www.fragrantica.com/perfume/Odorata/Inevitavel-Ela-VIP-70580.html
119904,Odorata,Inevitável Ele,2020,https://www.fragrantica.com/perfume/Odorata/Inevitavel-Ele-68635.html
119905,Odorata,Inevitável Ele VIP,2021,https://www.fragrantica.com/perfume/Odorata/Inevitavel-Ele-VIP-70579.html
119906,Odorata,Ísis,2017,https://www.fragrantica.com/perfume/Odorata/Isis-71385.html
119907,Odorata,Ísis Intense,2020,https://www.fragrantica.com/perfume/Odorata/Isis-Intense-71386.html
119908,Odorata,Linda Rock,2013,https://www.fragrantica.com/perfume/Odorata/Linda-Rock-123817.html
119909,Odorata,Lord,2016,https://www.fragrantica.com/perfume/Odorata/Lord-71381.html
119910,Odorata,Louise,2018,https://www.fragrantica.com/perfume/Odorata/Louise-70611.html
119911,Odorata,Lyra,2020,https://www.fragrantica.com/perfume/Odorata/Lyra-70609.html
119912,Odorata,Marco,2018,https://www.fragrantica.com/perfume/Odorata/Marco-71387.html
119913,Odorata,Marco Explorer,2020,https://www.fragrantica.com/perfume/Odorata/Marco-Explorer-71388.html
119914,Odorata,Marco Gamer,2022,https://www.fragrantica.com/perfume/Odorata/Marco-Gamer-79968.html
119915,Odorata,Merlot,2013,https://www.fragrantica.com/perfume/Odorata/Merlot-123821.html
119916,Odorata,Merlot Intense,2013,https://www.fragrantica.com/perfume/Odorata/Merlot-Intense-123820.html
119917,Odorata,Modern Classic,2015,https://www.fragrantica.com/perfume/Odorata/Modern-Classic-70443.html
119918,Odorata,Musa Femme,2022,https://www.fragrantica.com/perfume/Odorata/Musa-Femme-79971.html
119919,Odorata,Namur Femme,2019,https://www.fragrantica.com/perfume/Odorata/Namur-Femme-70446.html
119920,Odorata,Namur Homme,2019,https://www.fragrantica.com/perfume/Odorata/Namur-Homme-70445.html
119921,Odorata,One Man,2017,https://www.fragrantica.com/perfume/Odorata/One-Man-71382.html
119922,Odorata,One Man Silver,2017,https://www.fragrantica.com/perfume/Odorata/One-Man-Silver-71383.html
119923,Odorata,Only Femme,2017,https://www.fragrantica.com/perfume/Odorata/Only-Femme-70617.html
119924,Odorata,Orient Woody,2013,https://www.fragrantica.com/perfume/Odorata/Orient-Woody-123818.html
119925,Odorata,Orient Woody Classic,2013,https://www.fragrantica.com/perfume/Odorata/Orient-Woody-Classic-123819.html
119926,Odorata,Player,2017,https://www.fragrantica.com/perfume/Odorata/Player-70439.html
119927,Odorata,Poesia,2021,https://www.fragrantica.com/perfume/Odorata/Poesia-70616.html
119928,Odorata,Secret Charming,2013,https://www.fragrantica.com/perfume/Odorata/Secret-Charming-123808.html
119929,Odorata,Seduce,2015,https://www.fragrantica.com/perfume/Odorata/Seduce-70444.html
119930,Odorata,Sinta-se Bem Ameixa Negra e Champagne,2020,https://www.fragrantica.com/perfume/Odorata/Sinta-se-Bem-Ameixa-Negra-e-Champagne-70578.html
119931,Odorata,Sinta-se Bem Maçã e Baunilha,2020,https://www.fragrantica.com/perfume/Odorata/Sinta-se-Bem-Maca-e-Baunilha-70577.html
119932,Odorata,Sua Essência,2019,https://www.fragrantica.com/perfume/Odorata/Sua-Essencia-71403.html
119933,Odorata,Sua Essência Spring,2021,https://www.fragrantica.com/perfume/Odorata/Sua-Essencia-Spring-71405.html
119934,Odorata,Sua Essência Summer,2019,https://www.fragrantica.com/perfume/Odorata/Sua-Essencia-Summer-71404.html
119935,Odorata,Urban Teen,2013,https://www.fragrantica.com/perfume/Odorata/Urban-Teen-123822.html
119936,Odorata,Viva Luxo,2018,https://www.fragrantica.com/perfume/Odorata/Viva-Luxo-70614.html
119937,Odorata,Zane,2019,https://www.fragrantica.com/perfume/Odorata/Zane-71380.html
119938,Odorata,Zenit Acqua,2021,https://www.fragrantica.com/perfume/Odorata/Zenit-Acqua-70447.html
119939,Odorata,Zenit Fire,2021,https://www.fragrantica.com/perfume/Odorata/Zenit-Fire-70449.html
119940,Odorata,Zenit Forest,2023,https://www.fragrantica.com/perfume/Odorata/Zenit-Forest-93891.html
119941,Odorata,Zenit Rustic,2021,https://www.fragrantica.com/perfume/Odorata/Zenit-Rustic-70448.html
119942,Odorata,Zenit Urban,2023,https://www.fragrantica.com/perfume/Odorata/Zenit-Urban-93888.html
119943,Odoratika,101,2019,https://www.fragrantica.com/perfume/Odoratika/101-54527.html
119944,Odoratika,9 Chrysanthemums (9 Хризантем),2017,https://www.fragrantica.com/perfume/Odoratika/9-Chrysanthemums-9-Hrizantem-48574.html
119945,Odoratika,Apollo and Daphne (Аполлон и Дафна),2017,https://www.fragrantica.com/perfume/Odoratika/Apollo-and-Daphne-Apollon-i-Dafna-48570.html
119946,Odoratika,Apollon i Dafna Аполлон и Дафна,2017,https://www.parfumo.com/Perfumes/Odoratika/Apollon_i_Dafna___
119947,Odoratika,Aspasia,2017,https://www.fragrantica.com/perfume/Odoratika/Aspasia-51137.html
119948,Odoratika,Belaya Luna Белая Луна,2017,https://www.parfumo.com/Perfumes/Odoratika/Belaya_Luna__
119949,Odoratika,Bûche de Noël (Рождественское Полено),2018,https://www.fragrantica.com/perfume/Odoratika/Buche-de-Noel-Rozdestvenskoe-Poleno-51139.html
119950,Odoratika,Cvety Cveta Luny Цветы Цвета Луны,2016,https://www.parfumo.com/Perfumes/Odoratika/Cvety_Cveta_Luny___
119951,Odoratika,Dragon's Well (Колодец Дракона),2017,https://www.fragrantica.com/perfume/Odoratika/Dragon-s-Well-Kolodec-Drakona-48550.html
119952,Odoratika,Dryad's Dreams (Сны Дриады),2017,https://www.fragrantica.com/perfume/Odoratika/Dryad-s-Dreams-Sny-Driady-48572.html
119953,Odoratika,Erato (Эрато),2018,https://www.fragrantica.com/perfume/Odoratika/Erato-Erato-51136.html
119954,Odoratika,Fioletovyj Barxat Фиолетовый Бархат,2016,https://www.parfumo.com/Perfumes/Odoratika/Fioletovyj_Barxat__
119955,Odoratika,Florissantia,2018,https://www.fragrantica.com/perfume/Odoratika/Florissantia-49783.html
119956,Odoratika,Full Moon (Полнолуние),2026,https://www.fragrantica.com/perfume/Odoratika/Full-Moon-Polnolunie-128202.html
119957,Odoratika,Garden Of The Sun Сад Солнца,2018,https://www.fragrantica.com/perfume/Odoratika/Garden-Of-The-Sun-Sad-Solnca-52624.html
119958,Odoratika,Gorodskaya Vesna Городская Весна,2016,https://www.parfumo.com/Perfumes/Odoratika/Gorodskaya_Vesna__
119959,Odoratika,Honey Linden Blossom (Медовая Липа),2017,https://www.fragrantica.com/perfume/Odoratika/Honey-Linden-Blossom-Medovaa-Lipa-48551.html
119960,Odoratika,Irisium,2019,https://www.fragrantica.com/perfume/Odoratika/Irisium-61749.html
119961,Odoratika,Irisium For Men,2019,https://www.fragrantica.com/perfume/Odoratika/Irisium-For-Men-61751.html
119962,Odoratika,Lepestki v Trave Лепестки в Траве,2017,https://www.parfumo.com/Perfumes/Odoratika/Lepestki_v_Trave___
119963,Odoratika,Lunnaya Deva Лунная Дева,2019,https://www.parfumo.com/Perfumes/Odoratika/lunnaya-deva
119964,Odoratika,Lunnyj Dozhd' Лунный Дождь,2019,https://www.parfumo.com/Perfumes/Odoratika/lunnyj-dozhd
119965,Odoratika,M,2019,https://www.fragrantica.com/perfume/Odoratika/M-58700.html
119966,Odoratika,Marrakech (Марракеш),2017,https://www.fragrantica.com/perfume/Odoratika/Marrakech-Marrakes-48571.html
119967,Odoratika,Marrakesh Марракеш,2017,https://www.parfumo.com/Perfumes/Odoratika/Marrakesh_
119968,Odoratika,Medovaya Lipa Медовая Липа,2017,https://www.parfumo.com/Perfumes/Odoratika/Medovaya_Lipa__
119969,Odoratika,Moon Color Flowers (Цветы цвета Луны),2017,https://www.fragrantica.com/perfume/Odoratika/Moon-Color-Flowers-Cvety-cveta-Luny-48546.html
119970,Odoratika,Moon Maiden (Лунная Дева),2019,https://www.fragrantica.com/perfume/Odoratika/Moon-Maiden-Lunnaa-Deva-54529.html
119971,Odoratika,Moon Rain (Лунный Дождь),2019,https://www.fragrantica.com/perfume/Odoratika/Moon-Rain-Lunnyj-Dozd-54528.html
119972,Odoratika,Na berega Nila... На берега Нила…,2016,https://www.parfumo.com/Perfumes/Odoratika/Na_berega_Nila____
119973,Odoratika,Narva Bay (Нарвская Бухта),2007,https://www.fragrantica.com/perfume/Odoratika/Narva-Bay-Narvskaa-Buhta-51140.html
119974,Odoratika,Narva Bay (Нарвская Бухта) Edition 2020,2020,https://www.fragrantica.com/perfume/Odoratika/Narva-Bay-Narvskaa-Buhta-Edition-2020-64188.html
119975,Odoratika,Narvskaya Buxta Нарвская Бухта,2017,https://www.parfumo.com/Perfumes/Odoratika/Narvskaya_Buxta__
119976,Odoratika,O Fortuna!,2015,https://www.fragrantica.com/perfume/Odoratika/O-Fortuna-51142.html
119977,Odoratika,Odoratika,2019,https://www.parfumo.com/Perfumes/Odoratika/101
119978,Odoratika,On The Banks Of The Nile (На Берега Нила...),2017,https://www.fragrantica.com/perfume/Odoratika/On-The-Banks-Of-The-Nile-Na-Berega-Nila-48552.html
119979,Odoratika,Palau Flores,2019,https://www.fragrantica.com/perfume/Odoratika/Palau-Flores-56821.html
119980,Odoratika,Paleo Hunters,2018,https://www.fragrantica.com/perfume/Odoratika/Paleo-Hunters-52781.html
119981,Odoratika,Petals In The Grass (Лепестки B Траве),2017,https://www.fragrantica.com/perfume/Odoratika/Petals-In-The-Grass-Lepestki-B-Trave-48776.html
119982,Odoratika,Princess Jeddah ( Принцесса Джидда),2017,https://www.fragrantica.com/perfume/Odoratika/Princess-Jeddah-Princessa-Dzidda-49705.html
119983,Odoratika,Purple Velvet (Фиолетовый Бархат),2017,https://www.fragrantica.com/perfume/Odoratika/Purple-Velvet-Fioletovyj-Barhat-48573.html
119984,Odoratika,Reflection (Отражение),2016,https://www.fragrantica.com/perfume/Odoratika/Reflection-Otrazenie-51138.html
119985,Odoratika,Rose Lace (Розовые Кружева),2017,https://www.fragrantica.com/perfume/Odoratika/Rose-Lace-Rozovye-Kruzeva-48553.html
119986,Odoratika,Sonnet About White Rose (Сонет О Белой Розе),2016,https://www.fragrantica.com/perfume/Odoratika/Sonnet-About-White-Rose-Sonet-O-Beloj-Roze-49784.html
119987,Odoratika,Spring In The City (Городская Весна),2017,https://www.fragrantica.com/perfume/Odoratika/Spring-In-The-City-Gorodskaa-Vesna-48547.html
119988,Odoratika,Sweta Santala,2017,https://www.fragrantica.com/perfume/Odoratika/Sweta-Santala-48548.html
119989,Odoratika,Tangalunga,2017,https://www.fragrantica.com/perfume/Odoratika/Tangalunga-48777.html
119990,Odoratika,Tangalunga 2018 Edition,2018,https://www.fragrantica.com/perfume/Odoratika/Tangalunga-2018-Edition-52212.html
119991,Odoratika,The Dark River (Тёмная Река),2016,https://www.fragrantica.com/perfume/Odoratika/The-Dark-River-Temnaa-Reka-51141.html
119992,Odoratika,Tobacco Garden,2017,https://www.fragrantica.com/perfume/Odoratika/Tobacco-Garden-48549.html
119993,Odoratika,Way Of Love,2019,https://www.fragrantica.com/perfume/Odoratika/Way-Of-Love-61750.html
119994,Odoratika,White Moon (Белая Луна),2017,https://www.fragrantica.com/perfume/Odoratika/White-Moon-Belaa-Luna-49234.html
119995,Odoratika,Xrizantem 9 Хризантем,2017,https://www.parfumo.com/Perfumes/Odoratika/9_Xrizantem_9_
119996,Odore Mio,Avatar,,https://www.parfumo.com/Perfumes/Odore_Mio/Avatar
119997,Odore Mio,Babylon,,https://www.parfumo.com/Perfumes/Odore_Mio/Babylon
119998,Odore Mio,Bay Blossom,,https://www.parfumo.com/Perfumes/Odore_Mio/bay-blossom
119999,Odore Mio,Black Tea Musk,2019,https://www.parfumo.com/Perfumes/Odore_Mio/Black_Tea_Musk
120000,Odore Mio,Coral Reef,,https://www.parfumo.com/Perfumes/Odore_Mio/Coral_Reef